player_id,player_name,team_id,team_name,position,rival,es_local,partidos_historicos,partidos_club_ultimos_3,participaciones_ultimos_3,activo_ultimos_3,titulares_ultimos_3,titular_2_de_3,weighted_recent,promedio,p90,std,minimo,maximo,confianza,estabilidad,factor_confianza,factor_contexto,score_base,score_contextual,matchup_arq,matchup_def,matchup_vol,matchup_del,matchup_score,matchup_variables_usadas,starter_fecha10,prediccion_modelo_c,prom_ultimos_5_minutes_played,prom_ultimos_5_participacion,prom_ultimos_5_area_rival,prom_ultimos_5_ultimo_tercio,prom_ultimos_5_carreras_progresivas,prom_ultimos_5_duelos,prom_ultimos_5_perdidas,prom_ultimos_5_regates_fallidos,prom_ultimos_5_exceso_perdidas,prom_ultimos_5_pases,prom_ultimos_5_peligro_creado,prom_ultimos_5_defensa,prom_ultimos_5_arquero,prom_ultimos_5_accurate_passes,prom_ultimos_5_passes,prom_ultimos_5_progressive_passes,prom_ultimos_5_precision_pases,prom_ultimos_5_passes_into_final_third,prom_ultimos_5_long_balls_accurate,prom_ultimos_5_accurate_crosses,prom_ultimos_5_progressive_carries,prom_ultimos_5_take_ons,prom_ultimos_5_take_ons_won,prom_ultimos_5_failed_dribbles,prom_ultimos_5_miscontrols,prom_ultimos_5_dispossessed,prom_ultimos_5_duels_won,prom_ultimos_5_duels_lost,prom_ultimos_5_tackles,prom_ultimos_5_interceptions,prom_ultimos_5_recoveries,prom_ultimos_5_clearances,prom_ultimos_5_blocks,prom_ultimos_5_dribbled_past,prom_ultimos_5_shots_on_target,prom_ultimos_5_goals,prom_ultimos_5_assists,prom_ultimos_5_chances_created,prom_ultimos_5_saves,prom_ultimos_5_saved_penalties,prom_ultimos_5_goals_conceded,minutos_promedio_historico,partidos_historicos_minutos,minutos_promedio_ultimos_5,historico_ballPossession,historico_totalShotsOnGoal,historico_shotsOnGoal,historico_shotsOffGoal,historico_totalShotsInsideBox,historico_totalShotsOutsideBox,historico_expectedGoals,historico_expectedGoalsOnTarget,historico_bigChanceCreated,historico_bigChanceMissed,historico_touchesInOppBox,historico_finalThirdEntries,historico_fouledFinalThird,historico_cornerKicks,historico_fouls,historico_passes,historico_accuratePasses,historico_accurateCross,historico_accurateLongBalls,historico_duelWonPercent,historico_dispossessed,historico_groundDuelsPercentage,historico_aerialDuelsPercentage,historico_dribblesPercentage,historico_wonTacklePercent,historico_totalTackle,historico_interceptionWon,historico_ballRecovery,historico_totalClearance,historico_goalkeeperSaves,historico_freeKicks,historico_offsides,historico_yellowCards,historico_blockedScoringAttempt,rival_historico_ballPossession,rival_historico_totalShotsOnGoal,rival_historico_shotsOnGoal,rival_historico_shotsOffGoal,rival_historico_totalShotsInsideBox,rival_historico_totalShotsOutsideBox,rival_historico_expectedGoals,rival_historico_expectedGoalsOnTarget,rival_historico_bigChanceCreated,rival_historico_bigChanceMissed,rival_historico_touchesInOppBox,rival_historico_finalThirdEntries,rival_historico_fouledFinalThird,rival_historico_cornerKicks,rival_historico_fouls,rival_historico_passes,rival_historico_accuratePasses,rival_historico_accurateCross,rival_historico_accurateLongBalls,rival_historico_duelWonPercent,rival_historico_dispossessed,rival_historico_groundDuelsPercentage,rival_historico_aerialDuelsPercentage,rival_historico_dribblesPercentage,rival_historico_wonTacklePercent,rival_historico_totalTackle,rival_historico_interceptionWon,rival_historico_ballRecovery,rival_historico_totalClearance,rival_historico_goalkeeperSaves,rival_historico_freeKicks,rival_historico_offsides,rival_historico_yellowCards,rival_historico_blockedScoringAttempt,matchup_diferencia_ballPossession,matchup_ratio_ballPossession,matchup_diferencia_totalShotsOnGoal,matchup_ratio_totalShotsOnGoal,matchup_diferencia_shotsOnGoal,matchup_ratio_shotsOnGoal,matchup_diferencia_shotsOffGoal,matchup_ratio_shotsOffGoal,matchup_diferencia_totalShotsInsideBox,matchup_ratio_totalShotsInsideBox,matchup_diferencia_totalShotsOutsideBox,matchup_ratio_totalShotsOutsideBox,matchup_diferencia_expectedGoals,matchup_ratio_expectedGoals,matchup_diferencia_expectedGoalsOnTarget,matchup_ratio_expectedGoalsOnTarget,matchup_diferencia_bigChanceCreated,matchup_ratio_bigChanceCreated,matchup_diferencia_bigChanceMissed,matchup_ratio_bigChanceMissed,matchup_diferencia_touchesInOppBox,matchup_ratio_touchesInOppBox,matchup_diferencia_finalThirdEntries,matchup_ratio_finalThirdEntries,matchup_diferencia_fouledFinalThird,matchup_ratio_fouledFinalThird,matchup_diferencia_cornerKicks,matchup_ratio_cornerKicks,matchup_diferencia_fouls,matchup_ratio_fouls,matchup_diferencia_passes,matchup_ratio_passes,matchup_diferencia_accuratePasses,matchup_ratio_accuratePasses,matchup_diferencia_accurateCross,matchup_ratio_accurateCross,matchup_diferencia_accurateLongBalls,matchup_ratio_accurateLongBalls,matchup_diferencia_duelWonPercent,matchup_ratio_duelWonPercent,matchup_diferencia_dispossessed,matchup_ratio_dispossessed,matchup_diferencia_groundDuelsPercentage,matchup_ratio_groundDuelsPercentage,matchup_diferencia_aerialDuelsPercentage,matchup_ratio_aerialDuelsPercentage,matchup_diferencia_dribblesPercentage,matchup_ratio_dribblesPercentage,matchup_diferencia_wonTacklePercent,matchup_ratio_wonTacklePercent,matchup_diferencia_totalTackle,matchup_ratio_totalTackle,matchup_diferencia_interceptionWon,matchup_ratio_interceptionWon,matchup_diferencia_ballRecovery,matchup_ratio_ballRecovery,matchup_diferencia_totalClearance,matchup_ratio_totalClearance,matchup_diferencia_goalkeeperSaves,matchup_ratio_goalkeeperSaves,matchup_diferencia_freeKicks,matchup_ratio_freeKicks,matchup_diferencia_offsides,matchup_ratio_offsides,matchup_diferencia_yellowCards,matchup_ratio_yellowCards,matchup_diferencia_blockedScoringAttempt,matchup_ratio_blockedScoringAttempt,matchup_ataque_xg_diferencia,matchup_ataque_xg_ratio,matchup_ataque_tiros_arco_diferencia,matchup_ataque_tiros_arco_ratio,matchup_pases_precisos_diferencia,matchup_pases_precisos_ratio,matchup_posesion_diferencia,matchup_posesion_ratio,matchup_fouls_diferencia,matchup_fouls_ratio,matchup_freeKicks_diferencia,matchup_freeKicks_ratio
p_3lQo2d,Marcos Ledesma,t_2rXlDo,Instituto,ARQ,Talleres,True,11,3,3,True,3,True,7.73978,9.13271818181818,12.0676,3.29324555592752,3.0985,13.0368,0.9132514700268816,0.2329240168010745,0.9913251470026881,1.1110000000000002,9.378910272727271,10.329577610973226,,,,,,,True,7.5205623530242764,,,,,,,,,,,,,,,,,,,,,,,,,,,,,,,,,,,,,,,,,,,,,,,,,,,,,,,,,,,,,,,,,,,,,,,,,,,,,,,,,,,,,,,,,,,,,,,,,,,,,,,,,,,,,,,,,,,,,,,,,,,,,,,,,,,,,,,,,,,,,,,,,,,,,,,,,,,,,,,,,,,,,,,,,,,,,,,,,,,,,,,,,,,,,,,,
p_1xKto7,Jonathan Galván,t_2rXlDo,Instituto,DEF,Talleres,True,24,3,3,True,3,True,9.385986666666666,7.976179166666667,11.15829,3.3017326983398023,2.12,14.8087,1.0,0.2324644672566329,1.0,1.1110000000000002,9.2651395,10.293569984500001,,,,,,,True,6.218483552578269,,,,,,,,,,,,,,,,,,,,,,,,,,,,,,,,,,,,,,,,,,,,,,,,,,,,,,,,,,,,,,,,,,,,,,,,,,,,,,,,,,,,,,,,,,,,,,,,,,,,,,,,,,,,,,,,,,,,,,,,,,,,,,,,,,,,,,,,,,,,,,,,,,,,,,,,,,,,,,,,,,,,,,,,,,,,,,,,,,,,,,,,,,,,,,,,
p_3x6Yqh,Leonel Mosevich,t_2rXlDo,Instituto,DEF,Talleres,True,27,3,3,True,3,True,14.902793333333333,9.078025925925926,13.462160000000003,4.454724671936924,2.9167,19.3028,1.0,0.18332730983558682,1.0,1.1110000000000002,12.212728037037039,13.568340849148152,,,,,,,True,6.218483552578269,,,,,,,,,,,,,,,,,,,,,,,,,,,,,,,,,,,,,,,,,,,,,,,,,,,,,,,,,,,,,,,,,,,,,,,,,,,,,,,,,,,,,,,,,,,,,,,,,,,,,,,,,,,,,,,,,,,,,,,,,,,,,,,,,,,,,,,,,,,,,,,,,,,,,,,,,,,,,,,,,,,,,,,,,,,,,,,,,,,,,,,,,,,,,,,,
p_1qCu0J,Fernando Alarcón,t_2rXlDo,Instituto,DEF,Talleres,True,24,3,3,True,3,True,11.180393333333335,9.447570833333334,14.92038,4.710561042877752,0.583,16.7971,1.0,0.1751141424619226,1.0,1.1110000000000002,11.422261,12.690131971000003,,,,,,,True,6.218483552578269,,,,,,,,,,,,,,,,,,,,,,,,,,,,,,,,,,,,,,,,,,,,,,,,,,,,,,,,,,,,,,,,,,,,,,,,,,,,,,,,,,,,,,,,,,,,,,,,,,,,,,,,,,,,,,,,,,,,,,,,,,,,,,,,,,,,,,,,,,,,,,,,,,,,,,,,,,,,,,,,,,,,,,,,,,,,,,,,,,,,,,,,,,,,,,,,
p_3I0XnJ,Giuliano Cerato,t_2rXlDo,Instituto,VOL,Talleres,True,27,3,3,True,3,True,17.326826666666662,12.716240740740739,18.983600000000003,5.037066083946644,3.3454,24.22,1.0,0.16564337479411267,1.0,1.1110000000000002,15.896785629629628,17.66132883451852,,,,,,,True,6.15386449878545,,,,,,,,,,,,,,,,,,,,,,,,,,,,,,,,,,,,,,,,,,,,,,,,,,,,,,,,,,,,,,,,,,,,,,,,,,,,,,,,,,,,,,,,,,,,,,,,,,,,,,,,,,,,,,,,,,,,,,,,,,,,,,,,,,,,,,,,,,,,,,,,,,,,,,,,,,,,,,,,,,,,,,,,,,,,,,,,,,,,,,,,,,,,,,,,
p_287xJj,Gustavo Abregú,t_2rXlDo,Instituto,VOL,Talleres,True,25,3,3,True,3,True,10.689293333333334,8.617592,12.491120000000002,3.630899179601842,2.4712,16.18,1.0,0.21594078411484194,1.0,1.1110000000000002,10.311069466666668,11.45559817746667,,,,,,,True,6.15386449878545,,,,,,,,,,,,,,,,,,,,,,,,,,,,,,,,,,,,,,,,,,,,,,,,,,,,,,,,,,,,,,,,,,,,,,,,,,,,,,,,,,,,,,,,,,,,,,,,,,,,,,,,,,,,,,,,,,,,,,,,,,,,,,,,,,,,,,,,,,,,,,,,,,,,,,,,,,,,,,,,,,,,,,,,,,,,,,,,,,,,,,,,,,,,,,,,
p_0s5hPU,Matías Gallardo,t_2rXlDo,Instituto,VOL,Talleres,True,18,3,1,True,1,False,11.87666,7.508344444444443,13.139360000000002,5.326530445434795,1.286,17.3511,1.0,0.15806452029668125,1.0,1.1110000000000002,10.445008777777778,11.604404752111114,,,,,,,True,6.15386449878545,,,,,,,,,,,,,,,,,,,,,,,,,,,,,,,,,,,,,,,,,,,,,,,,,,,,,,,,,,,,,,,,,,,,,,,,,,,,,,,,,,,,,,,,,,,,,,,,,,,,,,,,,,,,,,,,,,,,,,,,,,,,,,,,,,,,,,,,,,,,,,,,,,,,,,,,,,,,,,,,,,,,,,,,,,,,,,,,,,,,,,,,,,,,,,,,
p_39c8jY,Diego Sosa,t_2rXlDo,Instituto,DEF,Talleres,True,27,3,3,True,3,True,13.375166666666667,11.18444074074074,16.00606,4.0768917626110195,4.0545,18.764,1.0,0.196970911880482,1.0,1.1110000000000002,13.156599629629628,14.61698218851852,,,,,,,True,6.218483552578269,,,,,,,,,,,,,,,,,,,,,,,,,,,,,,,,,,,,,,,,,,,,,,,,,,,,,,,,,,,,,,,,,,,,,,,,,,,,,,,,,,,,,,,,,,,,,,,,,,,,,,,,,,,,,,,,,,,,,,,,,,,,,,,,,,,,,,,,,,,,,,,,,,,,,,,,,,,,,,,,,,,,,,,,,,,,,,,,,,,,,,,,,,,,,,,,
p_28dMyW,Jeremías Lázaro,t_2rXlDo,Instituto,VOL,Talleres,True,22,3,3,True,3,True,7.974233333333333,6.234227272727273,12.862449999999999,5.3808313793087885,0.246,21.9371,1.0,0.15671938977148245,1.0,1.1110000000000002,8.500285075757576,9.44381671916667,,,,,,,True,6.15386449878545,,,,,,,,,,,,,,,,,,,,,,,,,,,,,,,,,,,,,,,,,,,,,,,,,,,,,,,,,,,,,,,,,,,,,,,,,,,,,,,,,,,,,,,,,,,,,,,,,,,,,,,,,,,,,,,,,,,,,,,,,,,,,,,,,,,,,,,,,,,,,,,,,,,,,,,,,,,,,,,,,,,,,,,,,,,,,,,,,,,,,,,,,,,,,,,,
p_4Dwu6c,Matías Tissera,t_2rXlDo,Instituto,DEL,Talleres,True,17,3,3,True,3,True,3.9146599999999996,4.146182352941177,9.237580000000001,4.000928671607896,-0.1371,13.8412,1.0,0.19996286003385058,1.0,1.1110000000000002,5.337998941176471,5.93051682364706,,,,,,,True,5.577128809735925,,,,,,,,,,,,,,,,,,,,,,,,,,,,,,,,,,,,,,,,,,,,,,,,,,,,,,,,,,,,,,,,,,,,,,,,,,,,,,,,,,,,,,,,,,,,,,,,,,,,,,,,,,,,,,,,,,,,,,,,,,,,,,,,,,,,,,,,,,,,,,,,,,,,,,,,,,,,,,,,,,,,,,,,,,,,,,,,,,,,,,,,,,,,,,,,
p_0t17ZI,Alex Luna,t_2rXlDo,Instituto,DEL,Talleres,True,25,3,3,True,3,True,11.201466666666667,8.30208,14.2901,4.716211749027673,-0.99,14.8326,1.0,0.17494103506051886,1.0,1.1110000000000002,10.813870333333334,12.014209940333336,,,,,,,True,5.577128809735925,,,,,,,,,,,,,,,,,,,,,,,,,,,,,,,,,,,,,,,,,,,,,,,,,,,,,,,,,,,,,,,,,,,,,,,,,,,,,,,,,,,,,,,,,,,,,,,,,,,,,,,,,,,,,,,,,,,,,,,,,,,,,,,,,,,,,,,,,,,,,,,,,,,,,,,,,,,,,,,,,,,,,,,,,,,,,,,,,,,,,,,,,,,,,,,,
p_12xt1i,Facundo Suárez,t_2rXlDo,Instituto,DEL,Talleres,True,7,3,3,True,0,False,3.968046666666667,4.130271428571428,8.952160000000003,4.381104108066172,-0.44,11.6254,0.7705004269229564,0.1858354679481148,0.9770500426922957,1.1110000000000002,5.278964904761906,5.730330115866883,,,,,,,False,5.577128809735925,,,,,,,,,,,,,,,,,,,,,,,,,,,,,,,,,,,,,,,,,,,,,,,,,,,,,,,,,,,,,,,,,,,,,,,,,,,,,,,,,,,,,,,,,,,,,,,,,,,,,,,,,,,,,,,,,,,,,,,,,,,,,,,,,,,,,,,,,,,,,,,,,,,,,,,,,,,,,,,,,,,,,,,,,,,,,,,,,,,,,,,,,,,,,,,,
p_2AQDyY,Jhon Córdoba,t_2rXlDo,Instituto,VOL,Talleres,True,23,3,3,True,0,False,4.694273333333333,6.787108695652174,10.672320000000001,4.128971924419955,2.6246,22.3478,1.0,0.1949708469330512,1.0,1.1110000000000002,7.025919144927537,7.805796170014495,,,,,,,False,6.15386449878545,,,,,,,,,,,,,,,,,,,,,,,,,,,,,,,,,,,,,,,,,,,,,,,,,,,,,,,,,,,,,,,,,,,,,,,,,,,,,,,,,,,,,,,,,,,,,,,,,,,,,,,,,,,,,,,,,,,,,,,,,,,,,,,,,,,,,,,,,,,,,,,,,,,,,,,,,,,,,,,,,,,,,,,,,,,,,,,,,,,,,,,,,,,,,,,,
p_0kjymf,Agustín Massaccesi,t_2rXlDo,Instituto,DEF,Talleres,True,11,3,3,True,0,False,4.043746666666666,6.421254545454546,12.4167,3.668279168864779,2.68,13.4838,0.9095090059453255,0.2142116963932938,0.9909509005945326,1.1110000000000002,7.087988151515152,7.80349539702567,,,,,,,False,6.218483552578269,,,,,,,,,,,,,,,,,,,,,,,,,,,,,,,,,,,,,,,,,,,,,,,,,,,,,,,,,,,,,,,,,,,,,,,,,,,,,,,,,,,,,,,,,,,,,,,,,,,,,,,,,,,,,,,,,,,,,,,,,,,,,,,,,,,,,,,,,,,,,,,,,,,,,,,,,,,,,,,,,,,,,,,,,,,,,,,,,,,,,,,,,,,,,,,,
p_1JEoJq,Jonás Acevedo,t_2rXlDo,Instituto,VOL,Talleres,True,13,3,3,True,0,False,5.2491200000000005,4.207661538461538,6.27,2.0004022260279144,0.3271,7.1725,0.9999910628420766,0.3332886475437165,0.9999991062842077,1.1110000000000002,5.087756615384615,5.652492547965938,,,,,,,False,6.15386449878545,,,,,,,,,,,,,,,,,,,,,,,,,,,,,,,,,,,,,,,,,,,,,,,,,,,,,,,,,,,,,,,,,,,,,,,,,,,,,,,,,,,,,,,,,,,,,,,,,,,,,,,,,,,,,,,,,,,,,,,,,,,,,,,,,,,,,,,,,,,,,,,,,,,,,,,,,,,,,,,,,,,,,,,,,,,,,,,,,,,,,,,,,,,,,,,,
p_4T6aUk,Ignacio Méndez,t_2rXlDo,Instituto,VOL,Talleres,True,21,3,3,True,2,True,7.18996,5.0304666666666655,11.8252,3.4411354517561983,1.218,13.658,1.0,0.2251676425686501,1.0,1.1110000000000002,7.484972666666666,8.315804632666667,,,,,,,False,6.15386449878545,,,,,,,,,,,,,,,,,,,,,,,,,,,,,,,,,,,,,,,,,,,,,,,,,,,,,,,,,,,,,,,,,,,,,,,,,,,,,,,,,,,,,,,,,,,,,,,,,,,,,,,,,,,,,,,,,,,,,,,,,,,,,,,,,,,,,,,,,,,,,,,,,,,,,,,,,,,,,,,,,,,,,,,,,,,,,,,,,,,,,,,,,,,,,,,,
p_0Hy7kK,Agustín Bravo,t_2rXlDo,Instituto,DEF,Talleres,True,2,3,3,True,0,False,2.6628333333333334,3.53925,5.64265,3.7183210088694603,0.91,6.1685,0.6090546262022815,0.21193979767807414,0.9609054626202281,1.1110000000000002,3.758354166666667,4.012291007673972,,,,,,,False,6.218483552578269,,,,,,,,,,,,,,,,,,,,,,,,,,,,,,,,,,,,,,,,,,,,,,,,,,,,,,,,,,,,,,,,,,,,,,,,,,,,,,,,,,,,,,,,,,,,,,,,,,,,,,,,,,,,,,,,,,,,,,,,,,,,,,,,,,,,,,,,,,,,,,,,,,,,,,,,,,,,,,,,,,,,,,,,,,,,,,,,,,,,,,,,,,,,,,,,
p_2YgDN7,Hernán de la Fuente,t_2rXlDo,Instituto,DEF,Talleres,True,3,3,3,True,0,False,5.1817,4.405633333333333,6.43266,2.434684645561583,2.4886,7.145,0.65822950885999,0.29114754429995027,0.965822950885999,1.1110000000000002,5.184013333333333,5.562598190140957,,,,,,,False,6.218483552578269,,,,,,,,,,,,,,,,,,,,,,,,,,,,,,,,,,,,,,,,,,,,,,,,,,,,,,,,,,,,,,,,,,,,,,,,,,,,,,,,,,,,,,,,,,,,,,,,,,,,,,,,,,,,,,,,,,,,,,,,,,,,,,,,,,,,,,,,,,,,,,,,,,,,,,,,,,,,,,,,,,,,,,,,,,,,,,,,,,,,,,,,,,,,,,,,
p_0Gnu2O,Nicolás Guerra,t_2rXlDo,Instituto,DEL,Talleres,True,20,3,3,True,0,False,3.1574066666666663,2.7737449999999995,5.948110000000004,3.176156445748292,-1.43,11.7618,1.0,0.23945463082880697,1.0,1.1110000000000002,3.7016178333333336,4.112497412833334,,,,,,,False,5.577128809735925,,,,,,,,,,,,,,,,,,,,,,,,,,,,,,,,,,,,,,,,,,,,,,,,,,,,,,,,,,,,,,,,,,,,,,,,,,,,,,,,,,,,,,,,,,,,,,,,,,,,,,,,,,,,,,,,,,,,,,,,,,,,,,,,,,,,,,,,,,,,,,,,,,,,,,,,,,,,,,,,,,,,,,,,,,,,,,,,,,,,,,,,,,,,,,,,
p_3PzK4u,Matías Fonseca,t_2rXlDo,Instituto,DEL,Talleres,True,17,3,3,True,0,False,2.7291799999999995,3.2603470588235295,6.36328,3.032381207507898,-0.5643,12.4559,1.0,0.24799242644472655,1.0,1.1110000000000002,3.8501718235294113,4.2775408959411765,,,,,,,False,5.577128809735925,,,,,,,,,,,,,,,,,,,,,,,,,,,,,,,,,,,,,,,,,,,,,,,,,,,,,,,,,,,,,,,,,,,,,,,,,,,,,,,,,,,,,,,,,,,,,,,,,,,,,,,,,,,,,,,,,,,,,,,,,,,,,,,,,,,,,,,,,,,,,,,,,,,,,,,,,,,,,,,,,,,,,,,,,,,,,,,,,,,,,,,,,,,,,,,,
p_2HsKZ1,Ezequiel Unsain,t_02LuKO,Talleres,ARQ,Instituto,False,9,3,3,True,3,True,4.563486666666666,5.342822222222222,8.98552,3.646690439555357,-1.9673,10.25,0.8430413866819022,0.21520693340951075,0.9843041386681902,0.85,5.980729222222221,5.003828046834051,,,,,,,True,7.5205623530242764,,,,,,,,,,,,,,,,,,,,,,,,,,,,,,,,,,,,,,,,,,,,,,,,,,,,,,,,,,,,,,,,,,,,,,,,,,,,,,,,,,,,,,,,,,,,,,,,,,,,,,,,,,,,,,,,,,,,,,,,,,,,,,,,,,,,,,,,,,,,,,,,,,,,,,,,,,,,,,,,,,,,,,,,,,,,,,,,,,,,,,,,,,,,,,,,
p_3mV8zU,Román Riquelme,t_02LuKO,Talleres,DEF,Instituto,False,5,3,2,True,2,True,5.779093333333333,5.12014,7.67798,2.305628289208822,3.1006,8.6489,0.7271695370749631,0.3025143520414822,0.9727169537074963,0.85,5.990233666666667,4.952781567600673,,,,,,,True,6.218483552578269,,,,,,,,,,,,,,,,,,,,,,,,,,,,,,,,,,,,,,,,,,,,,,,,,,,,,,,,,,,,,,,,,,,,,,,,,,,,,,,,,,,,,,,,,,,,,,,,,,,,,,,,,,,,,,,,,,,,,,,,,,,,,,,,,,,,,,,,,,,,,,,,,,,,,,,,,,,,,,,,,,,,,,,,,,,,,,,,,,,,,,,,,,,,,,,,
p_43mFql,Matías Catalán,t_02LuKO,Talleres,DEF,Instituto,False,21,3,3,True,3,True,9.202566666666666,8.749690476190477,13.32,3.595758317643827,2.4012,16.6184,1.0,0.21759194693960415,1.0,0.85,10.050774523809524,8.543158345238096,,,,,,,True,6.218483552578269,,,,,,,,,,,,,,,,,,,,,,,,,,,,,,,,,,,,,,,,,,,,,,,,,,,,,,,,,,,,,,,,,,,,,,,,,,,,,,,,,,,,,,,,,,,,,,,,,,,,,,,,,,,,,,,,,,,,,,,,,,,,,,,,,,,,,,,,,,,,,,,,,,,,,,,,,,,,,,,,,,,,,,,,,,,,,,,,,,,,,,,,,,,,,,,,
p_2nrS5l,Valentín Fascendini,t_02LuKO,Talleres,DEF,Instituto,False,7,3,3,True,2,True,3.9062266666666665,4.7116428571428575,7.09856,2.7163684941830843,-0.2938,7.2035,0.7871493099548775,0.26907988310772063,0.9787149309954878,0.85,5.026476476190476,4.181564440913424,,,,,,,True,6.218483552578269,,,,,,,,,,,,,,,,,,,,,,,,,,,,,,,,,,,,,,,,,,,,,,,,,,,,,,,,,,,,,,,,,,,,,,,,,,,,,,,,,,,,,,,,,,,,,,,,,,,,,,,,,,,,,,,,,,,,,,,,,,,,,,,,,,,,,,,,,,,,,,,,,,,,,,,,,,,,,,,,,,,,,,,,,,,,,,,,,,,,,,,,,,,,,,,,
p_23S3AO,Augusto Schott,t_02LuKO,Talleres,DEF,Instituto,False,25,3,3,True,3,True,7.26444,7.788024,13.190940000000005,3.966078238877796,-0.0984,15.0041,1.0,0.2013661388117747,1.0,0.85,8.9554986,7.61217381,,,,,,,True,6.218483552578269,,,,,,,,,,,,,,,,,,,,,,,,,,,,,,,,,,,,,,,,,,,,,,,,,,,,,,,,,,,,,,,,,,,,,,,,,,,,,,,,,,,,,,,,,,,,,,,,,,,,,,,,,,,,,,,,,,,,,,,,,,,,,,,,,,,,,,,,,,,,,,,,,,,,,,,,,,,,,,,,,,,,,,,,,,,,,,,,,,,,,,,,,,,,,,,,
p_3GiPCr,Rick,t_02LuKO,Talleres,DEL,Instituto,False,24,3,3,True,3,True,5.532653333333333,6.345420833333333,11.0388,3.4418629957801947,0.85,14.7832,1.0,0.22513076178846758,1.0,0.85,7.234297,6.14915245,,,,,,,True,5.577128809735925,,,,,,,,,,,,,,,,,,,,,,,,,,,,,,,,,,,,,,,,,,,,,,,,,,,,,,,,,,,,,,,,,,,,,,,,,,,,,,,,,,,,,,,,,,,,,,,,,,,,,,,,,,,,,,,,,,,,,,,,,,,,,,,,,,,,,,,,,,,,,,,,,,,,,,,,,,,,,,,,,,,,,,,,,,,,,,,,,,,,,,,,,,,,,,,,
p_3mEDPS,Federico Fattori,t_02LuKO,Talleres,VOL,Instituto,False,7,3,2,True,2,True,6.263000000000001,6.231485714285715,9.588360000000002,3.5837816332418897,2.5629,13.3206,0.7769654292755979,0.21816047971132252,0.9776965429275598,0.85,7.081734285714287,5.885219059713266,,,,,,,True,6.15386449878545,,,,,,,,,,,,,,,,,,,,,,,,,,,,,,,,,,,,,,,,,,,,,,,,,,,,,,,,,,,,,,,,,,,,,,,,,,,,,,,,,,,,,,,,,,,,,,,,,,,,,,,,,,,,,,,,,,,,,,,,,,,,,,,,,,,,,,,,,,,,,,,,,,,,,,,,,,,,,,,,,,,,,,,,,,,,,,,,,,,,,,,,,,,,,,,,
p_0tQtiw,Juan Sforza,t_02LuKO,Talleres,VOL,Instituto,False,20,3,3,True,3,True,8.6767,7.151365,10.726720000000002,3.1413176389391957,2.9151,13.6203,1.0,0.24146904130158714,1.0,0.85,8.579071,7.29221035,,,,,,,True,6.15386449878545,,,,,,,,,,,,,,,,,,,,,,,,,,,,,,,,,,,,,,,,,,,,,,,,,,,,,,,,,,,,,,,,,,,,,,,,,,,,,,,,,,,,,,,,,,,,,,,,,,,,,,,,,,,,,,,,,,,,,,,,,,,,,,,,,,,,,,,,,,,,,,,,,,,,,,,,,,,,,,,,,,,,,,,,,,,,,,,,,,,,,,,,,,,,,,,,
p_2usscp,Gabriel Báez,t_02LuKO,Talleres,DEF,Instituto,False,14,3,3,True,3,True,6.864073333333334,7.103307142857143,11.847800000000003,3.85544051747543,0.0538,12.4278,1.0,0.2059545362363839,1.0,0.85,8.205698523809524,6.974843745238095,,,,,,,True,6.218483552578269,,,,,,,,,,,,,,,,,,,,,,,,,,,,,,,,,,,,,,,,,,,,,,,,,,,,,,,,,,,,,,,,,,,,,,,,,,,,,,,,,,,,,,,,,,,,,,,,,,,,,,,,,,,,,,,,,,,,,,,,,,,,,,,,,,,,,,,,,,,,,,,,,,,,,,,,,,,,,,,,,,,,,,,,,,,,,,,,,,,,,,,,,,,,,,,,
p_3weO8u,Franco Cristaldo,t_02LuKO,Talleres,VOL,Instituto,False,18,3,3,True,3,True,5.842420000000001,7.161983333333333,14.55259,5.290915053989187,-1.3488,19.9656,1.0,0.15895938689648673,1.0,0.85,8.547787833333334,7.265619658333334,,,,,,,True,6.15386449878545,,,,,,,,,,,,,,,,,,,,,,,,,,,,,,,,,,,,,,,,,,,,,,,,,,,,,,,,,,,,,,,,,,,,,,,,,,,,,,,,,,,,,,,,,,,,,,,,,,,,,,,,,,,,,,,,,,,,,,,,,,,,,,,,,,,,,,,,,,,,,,,,,,,,,,,,,,,,,,,,,,,,,,,,,,,,,,,,,,,,,,,,,,,,,,,,
p_14TOcz,Agustín Álvarez,t_02LuKO,Talleres,DEL,Instituto,False,5,3,3,True,3,True,5.6491733333333345,6.3135,15.284120000000001,8.541275576575199,-3.2033,19.3088,0.687628224520736,0.10480778927034679,0.9687628224520737,0.85,8.323640666666668,6.854088581519332,,,,,,,True,5.577128809735925,,,,,,,,,,,,,,,,,,,,,,,,,,,,,,,,,,,,,,,,,,,,,,,,,,,,,,,,,,,,,,,,,,,,,,,,,,,,,,,,,,,,,,,,,,,,,,,,,,,,,,,,,,,,,,,,,,,,,,,,,,,,,,,,,,,,,,,,,,,,,,,,,,,,,,,,,,,,,,,,,,,,,,,,,,,,,,,,,,,,,,,,,,,,,,,,
p_0zKhoP,Matías Galarza,t_02LuKO,Talleres,VOL,Instituto,False,25,3,2,True,1,False,6.391306666666666,8.822124,12.3718,3.1453164686138235,2.0219,13.8774,1.0,0.24123610527000267,1.0,0.85,8.858756933333334,7.529943393333333,,,,,,,False,6.15386449878545,,,,,,,,,,,,,,,,,,,,,,,,,,,,,,,,,,,,,,,,,,,,,,,,,,,,,,,,,,,,,,,,,,,,,,,,,,,,,,,,,,,,,,,,,,,,,,,,,,,,,,,,,,,,,,,,,,,,,,,,,,,,,,,,,,,,,,,,,,,,,,,,,,,,,,,,,,,,,,,,,,,,,,,,,,,,,,,,,,,,,,,,,,,,,,,,
p_0rvVb2,Alexandro Maidana,t_02LuKO,Talleres,DEF,Instituto,False,13,3,3,True,0,False,3.352726666666667,7.055238461538464,13.234420000000002,5.657668284953096,0.362,20.5267,0.9633738807802552,0.15020273723460903,0.9963373880780255,0.85,7.30415471794872,6.185792068728992,,,,,,,False,6.218483552578269,,,,,,,,,,,,,,,,,,,,,,,,,,,,,,,,,,,,,,,,,,,,,,,,,,,,,,,,,,,,,,,,,,,,,,,,,,,,,,,,,,,,,,,,,,,,,,,,,,,,,,,,,,,,,,,,,,,,,,,,,,,,,,,,,,,,,,,,,,,,,,,,,,,,,,,,,,,,,,,,,,,,,,,,,,,,,,,,,,,,,,,,,,,,,,,,
p_209otm,Giovanni Baroni,t_02LuKO,Talleres,VOL,Instituto,False,19,3,3,True,0,False,2.803786666666667,5.165,10.700719999999999,4.182631541399638,0.2624,14.2352,1.0,0.1929521695709699,1.0,0.85,5.722505333333333,4.864129533333333,,,,,,,False,6.15386449878545,,,,,,,,,,,,,,,,,,,,,,,,,,,,,,,,,,,,,,,,,,,,,,,,,,,,,,,,,,,,,,,,,,,,,,,,,,,,,,,,,,,,,,,,,,,,,,,,,,,,,,,,,,,,,,,,,,,,,,,,,,,,,,,,,,,,,,,,,,,,,,,,,,,,,,,,,,,,,,,,,,,,,,,,,,,,,,,,,,,,,,,,,,,,,,,,
p_1baCzH,Valentín Depietri,t_02LuKO,Talleres,DEL,Instituto,False,19,3,3,True,2,True,8.738473333333333,5.802278947368421,11.740519999999997,5.244431837204838,-0.5443,19.545,1.0,0.1601426720749705,1.0,0.85,8.314507245614035,7.067331158771929,,,,,,,False,5.577128809735925,,,,,,,,,,,,,,,,,,,,,,,,,,,,,,,,,,,,,,,,,,,,,,,,,,,,,,,,,,,,,,,,,,,,,,,,,,,,,,,,,,,,,,,,,,,,,,,,,,,,,,,,,,,,,,,,,,,,,,,,,,,,,,,,,,,,,,,,,,,,,,,,,,,,,,,,,,,,,,,,,,,,,,,,,,,,,,,,,,,,,,,,,,,,,,,,
p_4PWmyN,Timoteo Chamorro,t_02LuKO,Talleres,DEF,Instituto,False,9,3,3,True,0,False,7.88442,6.171766666666667,10.57712,4.61477019850393,-0.6575,13.01,0.8356203358159325,0.17810167907966254,0.9835620335815933,0.85,7.872533666666667,6.581656439232291,,,,,,,False,6.218483552578269,,,,,,,,,,,,,,,,,,,,,,,,,,,,,,,,,,,,,,,,,,,,,,,,,,,,,,,,,,,,,,,,,,,,,,,,,,,,,,,,,,,,,,,,,,,,,,,,,,,,,,,,,,,,,,,,,,,,,,,,,,,,,,,,,,,,,,,,,,,,,,,,,,,,,,,,,,,,,,,,,,,,,,,,,,,,,,,,,,,,,,,,,,,,,,,,
p_0V59vw,Santiago Fernández,t_02LuKO,Talleres,DEF,Instituto,False,18,3,3,True,0,False,6.50888,8.066227777777778,11.811810000000001,3.2113121730396155,1.7987,12.6706,1.0,0.23745568101122885,1.0,0.85,8.45755161111111,7.188918869444444,,,,,,,False,6.218483552578269,,,,,,,,,,,,,,,,,,,,,,,,,,,,,,,,,,,,,,,,,,,,,,,,,,,,,,,,,,,,,,,,,,,,,,,,,,,,,,,,,,,,,,,,,,,,,,,,,,,,,,,,,,,,,,,,,,,,,,,,,,,,,,,,,,,,,,,,,,,,,,,,,,,,,,,,,,,,,,,,,,,,,,,,,,,,,,,,,,,,,,,,,,,,,,,,
p_2l1GSH,Lautaro Ortíz,t_02LuKO,Talleres,VOL,Instituto,False,2,3,3,True,0,False,6.78,8.275,11.863,6.342747827243331,3.79,12.76,0.5939044262500685,0.13618879791700916,0.9593904426250068,0.85,8.64875,7.052898877055073,,,,,,,False,6.15386449878545,,,,,,,,,,,,,,,,,,,,,,,,,,,,,,,,,,,,,,,,,,,,,,,,,,,,,,,,,,,,,,,,,,,,,,,,,,,,,,,,,,,,,,,,,,,,,,,,,,,,,,,,,,,,,,,,,,,,,,,,,,,,,,,,,,,,,,,,,,,,,,,,,,,,,,,,,,,,,,,,,,,,,,,,,,,,,,,,,,,,,,,,,,,,,,,,
p_2mFTYm,Valentín Dávila,t_02LuKO,Talleres,DEL,Instituto,False,24,3,3,True,0,False,2.64666,3.6686416666666664,10.066059999999997,4.769246204765138,-0.51,18.4613,1.0,0.17333286958251928,1.0,0.85,4.910302666666666,4.173757266666666,,,,,,,False,5.577128809735925,,,,,,,,,,,,,,,,,,,,,,,,,,,,,,,,,,,,,,,,,,,,,,,,,,,,,,,,,,,,,,,,,,,,,,,,,,,,,,,,,,,,,,,,,,,,,,,,,,,,,,,,,,,,,,,,,,,,,,,,,,,,,,,,,,,,,,,,,,,,,,,,,,,,,,,,,,,,,,,,,,,,,,,,,,,,,,,,,,,,,,,,,,,,,,,,
p_05SKXO,Emiliano Chiavassa,t_02LuKO,Talleres,DEL,Instituto,False,9,3,3,True,0,False,1.8573066666666667,1.041611111111111,3.0780000000000007,2.24897106386701,-0.9782,6.03,0.8615579505229434,0.30778975261471675,0.9861557950522943,0.85,1.8362017777777777,1.5391638704347486,,,,,,,False,5.577128809735925,,,,,,,,,,,,,,,,,,,,,,,,,,,,,,,,,,,,,,,,,,,,,,,,,,,,,,,,,,,,,,,,,,,,,,,,,,,,,,,,,,,,,,,,,,,,,,,,,,,,,,,,,,,,,,,,,,,,,,,,,,,,,,,,,,,,,,,,,,,,,,,,,,,,,,,,,,,,,,,,,,,,,,,,,,,,,,,,,,,,,,,,,,,,,,,,
p_3tsAcU,Diego Valoyes,t_02LuKO,Talleres,DEL,Instituto,False,10,3,3,True,0,False,4.473,4.710769999999999,9.08445,3.445845684959725,-0.6086,9.975,0.8783191502447477,0.22492908455707208,0.9878319150244748,0.85,5.7209705,4.8036536580914975,,,,,,,False,5.577128809735925,,,,,,,,,,,,,,,,,,,,,,,,,,,,,,,,,,,,,,,,,,,,,,,,,,,,,,,,,,,,,,,,,,,,,,,,,,,,,,,,,,,,,,,,,,,,,,,,,,,,,,,,,,,,,,,,,,,,,,,,,,,,,,,,,,,,,,,,,,,,,,,,,,,,,,,,,,,,,,,,,,,,,,,,,,,,,,,,,,,,,,,,,,,,,,,,
p_1NnBUf,Lucas Acosta,t_2rD0OF,Aldosivi,ARQ,Atlético Tucumán,True,7,3,3,True,3,True,9.283166666666666,8.258685714285715,13.03902,3.892771223018623,4.1806,13.7532,0.7742099635463048,0.20438315106485694,0.9774209963546305,1.084,9.81233761904762,10.396410736400462,,,,,,,True,7.5205623530242764,,,,,,,,,,,,,,,,,,,,,,,,,,,,,,,,,,,,,,,,,,,,,,,,,,,,,,,,,,,,,,,,,,,,,,,,,,,,,,,,,,,,,,,,,,,,,,,,,,,,,,,,,,,,,,,,,,,,,,,,,,,,,,,,,,,,,,,,,,,,,,,,,,,,,,,,,,,,,,,,,,,,,,,,,,,,,,,,,,,,,,,,,,,,,,,,
p_4NR58s,Elías López,t_2rD0OF,Aldosivi,DEF,Atlético Tucumán,True,8,3,3,True,3,True,7.028873333333333,6.359287500000001,11.825859999999999,3.889161651284429,1.2,13.0251,0.8075734752904842,0.20453404311908782,0.9807573475290484,1.084,7.960285666666667,8.462905783118638,,,,,,,True,6.218483552578269,,,,,,,,,,,,,,,,,,,,,,,,,,,,,,,,,,,,,,,,,,,,,,,,,,,,,,,,,,,,,,,,,,,,,,,,,,,,,,,,,,,,,,,,,,,,,,,,,,,,,,,,,,,,,,,,,,,,,,,,,,,,,,,,,,,,,,,,,,,,,,,,,,,,,,,,,,,,,,,,,,,,,,,,,,,,,,,,,,,,,,,,,,,,,,,,
p_4F04Gf,Néstor Breitenbruch,t_2rD0OF,Aldosivi,DEF,Atlético Tucumán,True,10,3,3,True,3,True,7.813673333333335,7.364750000000001,10.56783,3.1590866469246737,1.885,11.9415,0.881420814306562,0.2404374048661437,0.9881420814306563,1.084,8.322643166666667,8.914766072818658,,,,,,,True,6.218483552578269,,,,,,,,,,,,,,,,,,,,,,,,,,,,,,,,,,,,,,,,,,,,,,,,,,,,,,,,,,,,,,,,,,,,,,,,,,,,,,,,,,,,,,,,,,,,,,,,,,,,,,,,,,,,,,,,,,,,,,,,,,,,,,,,,,,,,,,,,,,,,,,,,,,,,,,,,,,,,,,,,,,,,,,,,,,,,,,,,,,,,,,,,,,,,,,,
p_4GXUEa,Joaquín Pombo,t_2rD0OF,Aldosivi,DEF,Atlético Tucumán,True,10,3,3,True,3,True,9.83562,6.956049999999999,11.24714,3.7934577678038157,2.2333,12.2717,0.8750568677187489,0.208617671927078,0.9875056867718749,1.084,9.036672000000001,9.673361248609517,,,,,,,True,6.218483552578269,,,,,,,,,,,,,,,,,,,,,,,,,,,,,,,,,,,,,,,,,,,,,,,,,,,,,,,,,,,,,,,,,,,,,,,,,,,,,,,,,,,,,,,,,,,,,,,,,,,,,,,,,,,,,,,,,,,,,,,,,,,,,,,,,,,,,,,,,,,,,,,,,,,,,,,,,,,,,,,,,,,,,,,,,,,,,,,,,,,,,,,,,,,,,,,,
p_1RFvBi,Braian Cufré,t_2rD0OF,Aldosivi,DEF,Atlético Tucumán,True,3,3,1,True,1,False,10.037366666666667,9.791033333333333,11.1564,1.7595989893533508,7.9471,11.452,0.6724742981757887,0.3623714908789437,0.9672474298175789,1.084,10.218591666666667,10.714154674117513,,,,,,,True,6.218483552578269,,,,,,,,,,,,,,,,,,,,,,,,,,,,,,,,,,,,,,,,,,,,,,,,,,,,,,,,,,,,,,,,,,,,,,,,,,,,,,,,,,,,,,,,,,,,,,,,,,,,,,,,,,,,,,,,,,,,,,,,,,,,,,,,,,,,,,,,,,,,,,,,,,,,,,,,,,,,,,,,,,,,,,,,,,,,,,,,,,,,,,,,,,,,,,,,
p_16FDGx,Nicolás Linares,t_2rD0OF,Aldosivi,VOL,Atlético Tucumán,True,2,3,1,True,1,False,7.0576333333333325,6.189,8.27372,3.6852991221880487,3.5831,8.7949,0.6093533756225293,0.21343354477931326,0.9609353375622529,1.084,7.014201666666667,7.306370562976246,,,,,,,True,6.15386449878545,,,,,,,,,,,,,,,,,,,,,,,,,,,,,,,,,,,,,,,,,,,,,,,,,,,,,,,,,,,,,,,,,,,,,,,,,,,,,,,,,,,,,,,,,,,,,,,,,,,,,,,,,,,,,,,,,,,,,,,,,,,,,,,,,,,,,,,,,,,,,,,,,,,,,,,,,,,,,,,,,,,,,,,,,,,,,,,,,,,,,,,,,,,,,,,,
p_3GGul9,Martín García,t_2rD0OF,Aldosivi,VOL,Atlético Tucumán,True,18,3,3,True,3,True,8.270613333333333,4.4467888888888885,7.3436900000000005,4.033212446657042,-0.04,17.8595,1.0,0.19868026843654887,1.0,1.084,6.509352722222221,7.056138350888888,,,,,,,True,6.15386449878545,,,,,,,,,,,,,,,,,,,,,,,,,,,,,,,,,,,,,,,,,,,,,,,,,,,,,,,,,,,,,,,,,,,,,,,,,,,,,,,,,,,,,,,,,,,,,,,,,,,,,,,,,,,,,,,,,,,,,,,,,,,,,,,,,,,,,,,,,,,,,,,,,,,,,,,,,,,,,,,,,,,,,,,,,,,,,,,,,,,,,,,,,,,,,,,,
p_0VZwYw,Lucas Nahuel Castro,t_2rD0OF,Aldosivi,VOL,Atlético Tucumán,True,10,3,3,True,3,True,11.512726666666667,8.4978,13.78689,3.741205475660367,4.9433,15.9144,0.8755166980971528,0.21091682381909793,0.9875516698097153,1.084,10.875296833333334,11.642070621419155,,,,,,,True,6.15386449878545,,,,,,,,,,,,,,,,,,,,,,,,,,,,,,,,,,,,,,,,,,,,,,,,,,,,,,,,,,,,,,,,,,,,,,,,,,,,,,,,,,,,,,,,,,,,,,,,,,,,,,,,,,,,,,,,,,,,,,,,,,,,,,,,,,,,,,,,,,,,,,,,,,,,,,,,,,,,,,,,,,,,,,,,,,,,,,,,,,,,,,,,,,,,,,,,
p_3SLFiW,Nicolás Gaitán,t_2rD0OF,Aldosivi,VOL,Atlético Tucumán,True,8,3,3,True,3,True,12.7971,8.59805,15.13626,5.730186400358817,0.4067,15.3954,0.7963835256216187,0.14858429477476068,0.9796383525621619,1.084,11.70227,12.426967874376771,,,,,,,True,6.15386449878545,,,,,,,,,,,,,,,,,,,,,,,,,,,,,,,,,,,,,,,,,,,,,,,,,,,,,,,,,,,,,,,,,,,,,,,,,,,,,,,,,,,,,,,,,,,,,,,,,,,,,,,,,,,,,,,,,,,,,,,,,,,,,,,,,,,,,,,,,,,,,,,,,,,,,,,,,,,,,,,,,,,,,,,,,,,,,,,,,,,,,,,,,,,,,,,,
p_4D2pMD,Nicolás Cordero,t_2rD0OF,Aldosivi,DEL,Atlético Tucumán,True,21,3,3,True,2,True,2.4999866666666666,3.657595238095238,5.5054,3.16002521832915,0.33,14.14,1.0,0.24038315815826816,1.0,1.084,3.7143834285714283,4.026391636571429,,,,,,,True,5.577128809735925,,,,,,,,,,,,,,,,,,,,,,,,,,,,,,,,,,,,,,,,,,,,,,,,,,,,,,,,,,,,,,,,,,,,,,,,,,,,,,,,,,,,,,,,,,,,,,,,,,,,,,,,,,,,,,,,,,,,,,,,,,,,,,,,,,,,,,,,,,,,,,,,,,,,,,,,,,,,,,,,,,,,,,,,,,,,,,,,,,,,,,,,,,,,,,,,
p_4IA6aI,Tomás Fernández,t_2rD0OF,Aldosivi,VOL,Atlético Tucumán,True,16,3,3,True,2,True,12.5786,5.92011875,12.80665,5.6221424370926725,-1.3,18.7785,1.0,0.15100853077377044,1.0,1.084,9.97222,10.809886480000001,,,,,,,True,6.15386449878545,,,,,,,,,,,,,,,,,,,,,,,,,,,,,,,,,,,,,,,,,,,,,,,,,,,,,,,,,,,,,,,,,,,,,,,,,,,,,,,,,,,,,,,,,,,,,,,,,,,,,,,,,,,,,,,,,,,,,,,,,,,,,,,,,,,,,,,,,,,,,,,,,,,,,,,,,,,,,,,,,,,,,,,,,,,,,,,,,,,,,,,,,,,,,,,,
p_2grDqL,Leonardo Sigali,t_2rD0OF,Aldosivi,DEF,Atlético Tucumán,True,4,3,1,True,0,False,7.984309999999999,6.6358999999999995,10.804400000000001,4.413099339466539,1.764,12.2963,0.6702807432102985,0.18473704938482619,0.9670280743210299,1.084,8.1499685,8.543273205255947,,,,,,,False,6.218483552578269,,,,,,,,,,,,,,,,,,,,,,,,,,,,,,,,,,,,,,,,,,,,,,,,,,,,,,,,,,,,,,,,,,,,,,,,,,,,,,,,,,,,,,,,,,,,,,,,,,,,,,,,,,,,,,,,,,,,,,,,,,,,,,,,,,,,,,,,,,,,,,,,,,,,,,,,,,,,,,,,,,,,,,,,,,,,,,,,,,,,,,,,,,,,,,,,
p_3CbNXk,Santiago Moya,t_2rD0OF,Aldosivi,DEF,Atlético Tucumán,True,10,3,3,True,0,False,7.989153333333333,7.19038,12.574469999999998,3.9741000579586148,1.488,15.0123,0.8735416117494454,0.20104139208056118,0.9873541611749446,1.084,8.815973166666666,9.435664765351845,,,,,,,False,6.218483552578269,,,,,,,,,,,,,,,,,,,,,,,,,,,,,,,,,,,,,,,,,,,,,,,,,,,,,,,,,,,,,,,,,,,,,,,,,,,,,,,,,,,,,,,,,,,,,,,,,,,,,,,,,,,,,,,,,,,,,,,,,,,,,,,,,,,,,,,,,,,,,,,,,,,,,,,,,,,,,,,,,,,,,,,,,,,,,,,,,,,,,,,,,,,,,,,,
p_3J8Smm,Agustín Palavecino,t_2rD0OF,Aldosivi,VOL,Atlético Tucumán,True,19,3,2,True,0,False,3.7947600000000006,3.8357263157894734,6.305419999999999,2.373766425334806,-0.2433,8.5567,1.0,0.29640463325814326,1.0,1.084,4.4388115263157895,4.811671694526316,,,,,,,False,6.15386449878545,,,,,,,,,,,,,,,,,,,,,,,,,,,,,,,,,,,,,,,,,,,,,,,,,,,,,,,,,,,,,,,,,,,,,,,,,,,,,,,,,,,,,,,,,,,,,,,,,,,,,,,,,,,,,,,,,,,,,,,,,,,,,,,,,,,,,,,,,,,,,,,,,,,,,,,,,,,,,,,,,,,,,,,,,,,,,,,,,,,,,,,,,,,,,,,,
p_3hKw89,Francisco Perruzzi,t_2rD0OF,Aldosivi,VOL,Atlético Tucumán,True,5,3,3,True,0,False,2.435553333333333,1.9398399999999998,3.3952,1.308130965538237,0.7878,3.58,0.7533168624251043,0.4332509787921883,0.9753316862425104,1.084,2.4771796666666663,2.619021854414575,,,,,,,False,6.15386449878545,,,,,,,,,,,,,,,,,,,,,,,,,,,,,,,,,,,,,,,,,,,,,,,,,,,,,,,,,,,,,,,,,,,,,,,,,,,,,,,,,,,,,,,,,,,,,,,,,,,,,,,,,,,,,,,,,,,,,,,,,,,,,,,,,,,,,,,,,,,,,,,,,,,,,,,,,,,,,,,,,,,,,,,,,,,,,,,,,,,,,,,,,,,,,,,,
p_3NXY1t,Felipe Anso,t_2rD0OF,Aldosivi,VOL,Atlético Tucumán,True,7,3,3,True,2,True,5.861653333333334,5.887114285714285,11.69936,4.336810641638458,0.7638,12.275,0.7708088994400967,0.1873778305338166,0.9770808899440097,1.084,7.33126438095238,7.764950345119256,,,,,,,False,6.15386449878545,,,,,,,,,,,,,,,,,,,,,,,,,,,,,,,,,,,,,,,,,,,,,,,,,,,,,,,,,,,,,,,,,,,,,,,,,,,,,,,,,,,,,,,,,,,,,,,,,,,,,,,,,,,,,,,,,,,,,,,,,,,,,,,,,,,,,,,,,,,,,,,,,,,,,,,,,,,,,,,,,,,,,,,,,,,,,,,,,,,,,,,,,,,,,,,,
p_47ig4s,Ignacio Chicco,t_2rD0OF,Aldosivi,ARQ,Atlético Tucumán,True,4,3,3,True,0,False,5.833969999999999,6.31635,7.42519,1.253093485472386,4.742,7.6564,0.7221001782465917,0.44383422456629174,0.9722100178246592,1.084,6.424727,6.770863403088409,,,,,,,False,7.5205623530242764,,,,,,,,,,,,,,,,,,,,,,,,,,,,,,,,,,,,,,,,,,,,,,,,,,,,,,,,,,,,,,,,,,,,,,,,,,,,,,,,,,,,,,,,,,,,,,,,,,,,,,,,,,,,,,,,,,,,,,,,,,,,,,,,,,,,,,,,,,,,,,,,,,,,,,,,,,,,,,,,,,,,,,,,,,,,,,,,,,,,,,,,,,,,,,,,
p_0a8sV7,Nicolás Zalazar,t_2rD0OF,Aldosivi,DEF,Atlético Tucumán,True,20,3,3,True,0,False,5.4184,7.38749,10.39381,3.118593331666665,1.0464,13.6133,1.0,0.24280134489396932,1.0,1.084,7.4498885,8.075679134000001,,,,,,,False,6.218483552578269,,,,,,,,,,,,,,,,,,,,,,,,,,,,,,,,,,,,,,,,,,,,,,,,,,,,,,,,,,,,,,,,,,,,,,,,,,,,,,,,,,,,,,,,,,,,,,,,,,,,,,,,,,,,,,,,,,,,,,,,,,,,,,,,,,,,,,,,,,,,,,,,,,,,,,,,,,,,,,,,,,,,,,,,,,,,,,,,,,,,,,,,,,,,,,,,
p_1Apn7T,Federico Laurelli,t_2rD0OF,Aldosivi,DEF,Atlético Tucumán,True,4,3,1,True,0,False,3.0589800000000005,3.84345,6.09058,2.4524934651628874,1.0557,6.4525,0.6912624799104621,0.28964573288564366,0.9691262479910462,1.084,4.130668,4.33940243810176,,,,,,,False,6.218483552578269,,,,,,,,,,,,,,,,,,,,,,,,,,,,,,,,,,,,,,,,,,,,,,,,,,,,,,,,,,,,,,,,,,,,,,,,,,,,,,,,,,,,,,,,,,,,,,,,,,,,,,,,,,,,,,,,,,,,,,,,,,,,,,,,,,,,,,,,,,,,,,,,,,,,,,,,,,,,,,,,,,,,,,,,,,,,,,,,,,,,,,,,,,,,,,,,
p_3No7F7,Rodrigo González,t_2rD0OF,Aldosivi,DEF,Atlético Tucumán,True,20,3,3,True,0,False,2.1957600000000004,6.059745,10.62885,3.4777827177785197,-0.06,10.928,1.0,0.2233248156570026,1.0,1.084,5.8496265,6.340995126000001,,,,,,,False,6.218483552578269,,,,,,,,,,,,,,,,,,,,,,,,,,,,,,,,,,,,,,,,,,,,,,,,,,,,,,,,,,,,,,,,,,,,,,,,,,,,,,,,,,,,,,,,,,,,,,,,,,,,,,,,,,,,,,,,,,,,,,,,,,,,,,,,,,,,,,,,,,,,,,,,,,,,,,,,,,,,,,,,,,,,,,,,,,,,,,,,,,,,,,,,,,,,,,,,
p_1vLyyJ,Natanael Guzmán,t_2rD0OF,Aldosivi,DEL,Atlético Tucumán,True,13,3,3,True,0,False,1.4685066666666666,1.9539076923076923,3.8278000000000008,1.7016435219426043,-1.11,4.9582,1.0,0.37014505869410724,1.0,1.084,2.2524904102564105,2.4416996047179493,,,,,,,False,5.577128809735925,,,,,,,,,,,,,,,,,,,,,,,,,,,,,,,,,,,,,,,,,,,,,,,,,,,,,,,,,,,,,,,,,,,,,,,,,,,,,,,,,,,,,,,,,,,,,,,,,,,,,,,,,,,,,,,,,,,,,,,,,,,,,,,,,,,,,,,,,,,,,,,,,,,,,,,,,,,,,,,,,,,,,,,,,,,,,,,,,,,,,,,,,,,,,,,,
p_1E6fsW,Bautista Dadín,t_2rD0OF,Aldosivi,DEL,Atlético Tucumán,True,6,3,3,True,1,False,4.9333133333333326,3.53065,7.4161,3.818949299872937,-0.61,10.3531,0.7415028230334927,0.20751411516746343,0.9741502823033493,1.084,4.992944666666666,5.272444246909236,,,,,,,False,5.577128809735925,,,,,,,,,,,,,,,,,,,,,,,,,,,,,,,,,,,,,,,,,,,,,,,,,,,,,,,,,,,,,,,,,,,,,,,,,,,,,,,,,,,,,,,,,,,,,,,,,,,,,,,,,,,,,,,,,,,,,,,,,,,,,,,,,,,,,,,,,,,,,,,,,,,,,,,,,,,,,,,,,,,,,,,,,,,,,,,,,,,,,,,,,,,,,,,,
p_2hGCoi,Luis Ingolotti,t_45vTPl,Atlético Tucumán,ARQ,Aldosivi,False,26,3,3,True,3,True,8.641693333333334,8.864315384615384,13.07565,3.994257276309807,1.4122,18.3753,1.0,0.2002299730819809,1.0,0.85,9.83923132051282,8.363346622435897,,,,,,,True,7.5205623530242764,,,,,,,,,,,,,,,,,,,,,,,,,,,,,,,,,,,,,,,,,,,,,,,,,,,,,,,,,,,,,,,,,,,,,,,,,,,,,,,,,,,,,,,,,,,,,,,,,,,,,,,,,,,,,,,,,,,,,,,,,,,,,,,,,,,,,,,,,,,,,,,,,,,,,,,,,,,,,,,,,,,,,,,,,,,,,,,,,,,,,,,,,,,,,,,,
p_1fdtGl,Leonel Di Plácido,t_45vTPl,Atlético Tucumán,DEF,Aldosivi,False,15,3,3,True,3,True,8.535166666666667,7.060426666666666,13.05222,5.430141479012792,-1.03,18.0932,1.0,0.15551757348790532,1.0,0.85,9.074534,7.7133538999999995,,,,,,,True,6.218483552578269,,,,,,,,,,,,,,,,,,,,,,,,,,,,,,,,,,,,,,,,,,,,,,,,,,,,,,,,,,,,,,,,,,,,,,,,,,,,,,,,,,,,,,,,,,,,,,,,,,,,,,,,,,,,,,,,,,,,,,,,,,,,,,,,,,,,,,,,,,,,,,,,,,,,,,,,,,,,,,,,,,,,,,,,,,,,,,,,,,,,,,,,,,,,,,,,
p_0Ubl4U,Gianluca Ferrari,t_45vTPl,Atlético Tucumán,DEF,Aldosivi,False,10,3,3,True,1,False,4.731386666666666,5.7971699999999995,9.285639999999999,3.0794710945766863,2.775,12.1507,0.8823592965926105,0.24512981629638605,0.9882359296592611,0.85,6.296263333333332,5.288864601306757,,,,,,,True,6.218483552578269,,,,,,,,,,,,,,,,,,,,,,,,,,,,,,,,,,,,,,,,,,,,,,,,,,,,,,,,,,,,,,,,,,,,,,,,,,,,,,,,,,,,,,,,,,,,,,,,,,,,,,,,,,,,,,,,,,,,,,,,,,,,,,,,,,,,,,,,,,,,,,,,,,,,,,,,,,,,,,,,,,,,,,,,,,,,,,,,,,,,,,,,,,,,,,,,
p_3kuGSc,Luciano Vallejo,t_45vTPl,Atlético Tucumán,DEF,Aldosivi,False,16,3,3,True,3,True,8.772166666666665,7.351581250000001,11.266300000000001,3.429561234175348,0.52,12.8354,1.0,0.22575599413429717,1.0,0.85,8.827465833333333,7.503345958333333,,,,,,,True,6.218483552578269,,,,,,,,,,,,,,,,,,,,,,,,,,,,,,,,,,,,,,,,,,,,,,,,,,,,,,,,,,,,,,,,,,,,,,,,,,,,,,,,,,,,,,,,,,,,,,,,,,,,,,,,,,,,,,,,,,,,,,,,,,,,,,,,,,,,,,,,,,,,,,,,,,,,,,,,,,,,,,,,,,,,,,,,,,,,,,,,,,,,,,,,,,,,,,,,
p_39r0cc,Ignacio Galván,t_45vTPl,Atlético Tucumán,DEF,Aldosivi,False,21,3,3,True,3,True,6.038546666666666,6.3511428571428565,10.7488,3.8871136273038673,-0.8633,15.9174,1.0,0.20461975641677113,1.0,0.85,7.341148476190476,6.239976204761905,,,,,,,True,6.218483552578269,,,,,,,,,,,,,,,,,,,,,,,,,,,,,,,,,,,,,,,,,,,,,,,,,,,,,,,,,,,,,,,,,,,,,,,,,,,,,,,,,,,,,,,,,,,,,,,,,,,,,,,,,,,,,,,,,,,,,,,,,,,,,,,,,,,,,,,,,,,,,,,,,,,,,,,,,,,,,,,,,,,,,,,,,,,,,,,,,,,,,,,,,,,,,,,,
p_4XgYNg,Leonel Vega,t_45vTPl,Atlético Tucumán,VOL,Aldosivi,False,14,3,3,True,3,True,7.509533333333334,7.953278571428571,12.19466,3.888199410282461,0.28,12.746,1.0,0.20457430560145987,1.0,0.85,8.858313095238096,7.529566130952381,,,,,,,True,6.15386449878545,,,,,,,,,,,,,,,,,,,,,,,,,,,,,,,,,,,,,,,,,,,,,,,,,,,,,,,,,,,,,,,,,,,,,,,,,,,,,,,,,,,,,,,,,,,,,,,,,,,,,,,,,,,,,,,,,,,,,,,,,,,,,,,,,,,,,,,,,,,,,,,,,,,,,,,,,,,,,,,,,,,,,,,,,,,,,,,,,,,,,,,,,,,,,,,,
p_0LQUK3,Renzo Tesuri,t_45vTPl,Atlético Tucumán,VOL,Aldosivi,False,26,3,3,True,3,True,4.391993333333334,5.824111538461538,8.71875,3.9105930075452155,0.54,17.775,1.0,0.2036413928956201,1.0,0.85,6.046529782051282,5.139550314743589,,,,,,,True,6.15386449878545,,,,,,,,,,,,,,,,,,,,,,,,,,,,,,,,,,,,,,,,,,,,,,,,,,,,,,,,,,,,,,,,,,,,,,,,,,,,,,,,,,,,,,,,,,,,,,,,,,,,,,,,,,,,,,,,,,,,,,,,,,,,,,,,,,,,,,,,,,,,,,,,,,,,,,,,,,,,,,,,,,,,,,,,,,,,,,,,,,,,,,,,,,,,,,,,
p_0tg63O,Julián Fernández,t_45vTPl,Atlético Tucumán,VOL,Aldosivi,False,7,3,3,True,1,False,4.448013333333334,4.235828571428572,6.565320000000001,2.1275726800858337,1.415,7.9533,0.7972806881856949,0.31973677426180735,0.9797280688185696,0.85,4.892466095238095,4.074293405360755,,,,,,,True,6.15386449878545,,,,,,,,,,,,,,,,,,,,,,,,,,,,,,,,,,,,,,,,,,,,,,,,,,,,,,,,,,,,,,,,,,,,,,,,,,,,,,,,,,,,,,,,,,,,,,,,,,,,,,,,,,,,,,,,,,,,,,,,,,,,,,,,,,,,,,,,,,,,,,,,,,,,,,,,,,,,,,,,,,,,,,,,,,,,,,,,,,,,,,,,,,,,,,,,
p_2F62xT,Lautaro Godoy,t_45vTPl,Atlético Tucumán,VOL,Aldosivi,False,23,3,3,True,3,True,13.960253333333332,7.48571304347826,15.28838,6.010202583811838,-0.32,19.78,1.0,0.14264922989661225,1.0,0.85,11.702468884057971,9.947098551449276,,,,,,,True,6.15386449878545,,,,,,,,,,,,,,,,,,,,,,,,,,,,,,,,,,,,,,,,,,,,,,,,,,,,,,,,,,,,,,,,,,,,,,,,,,,,,,,,,,,,,,,,,,,,,,,,,,,,,,,,,,,,,,,,,,,,,,,,,,,,,,,,,,,,,,,,,,,,,,,,,,,,,,,,,,,,,,,,,,,,,,,,,,,,,,,,,,,,,,,,,,,,,,,,
p_0cCrOD,Nicolás Laméndola,t_45vTPl,Atlético Tucumán,VOL,Aldosivi,False,24,3,3,True,3,True,6.068740000000001,7.187704166666666,13.856479999999998,5.0598195768210825,1.8429,19.6878,1.0,0.16502141480004087,1.0,0.85,8.463260666666667,7.193771566666666,,,,,,,True,6.15386449878545,,,,,,,,,,,,,,,,,,,,,,,,,,,,,,,,,,,,,,,,,,,,,,,,,,,,,,,,,,,,,,,,,,,,,,,,,,,,,,,,,,,,,,,,,,,,,,,,,,,,,,,,,,,,,,,,,,,,,,,,,,,,,,,,,,,,,,,,,,,,,,,,,,,,,,,,,,,,,,,,,,,,,,,,,,,,,,,,,,,,,,,,,,,,,,,,
p_0ji027,Leandro Díaz,t_45vTPl,Atlético Tucumán,DEL,Aldosivi,False,21,3,3,True,3,True,1.3851733333333334,4.9886380952380955,8.9464,6.142965855389089,-3.636,21.1625,1.0,0.1399978692668031,1.0,0.85,4.716865904761905,4.009336019047619,,,,,,,True,5.577128809735925,,,,,,,,,,,,,,,,,,,,,,,,,,,,,,,,,,,,,,,,,,,,,,,,,,,,,,,,,,,,,,,,,,,,,,,,,,,,,,,,,,,,,,,,,,,,,,,,,,,,,,,,,,,,,,,,,,,,,,,,,,,,,,,,,,,,,,,,,,,,,,,,,,,,,,,,,,,,,,,,,,,,,,,,,,,,,,,,,,,,,,,,,,,,,,,,
p_34z7Nj,Ramiro Ruíz,t_45vTPl,Atlético Tucumán,DEL,Aldosivi,False,14,3,3,True,0,False,4.022853333333334,3.5560928571428576,9.398220000000004,3.94935461903184,-0.42,13.1274,1.0,0.20204654484741957,1.0,0.85,5.179990809523812,4.40299218809524,,,,,,,False,5.577128809735925,,,,,,,,,,,,,,,,,,,,,,,,,,,,,,,,,,,,,,,,,,,,,,,,,,,,,,,,,,,,,,,,,,,,,,,,,,,,,,,,,,,,,,,,,,,,,,,,,,,,,,,,,,,,,,,,,,,,,,,,,,,,,,,,,,,,,,,,,,,,,,,,,,,,,,,,,,,,,,,,,,,,,,,,,,,,,,,,,,,,,,,,,,,,,,,,
p_4UVSic,Pedro Canelo,t_45vTPl,Atlético Tucumán,DEL,Aldosivi,False,5,3,3,True,0,False,2.0,1.97,3.48,1.4317821063276355,0.42,3.62,0.74891087739574,0.41122105364536693,0.974891087739574,0.85,2.358,1.9539742071564283,,,,,,,False,5.577128809735925,,,,,,,,,,,,,,,,,,,,,,,,,,,,,,,,,,,,,,,,,,,,,,,,,,,,,,,,,,,,,,,,,,,,,,,,,,,,,,,,,,,,,,,,,,,,,,,,,,,,,,,,,,,,,,,,,,,,,,,,,,,,,,,,,,,,,,,,,,,,,,,,,,,,,,,,,,,,,,,,,,,,,,,,,,,,,,,,,,,,,,,,,,,,,,,,
p_2TWCei,Juan Infante,t_45vTPl,Atlético Tucumán,DEF,Aldosivi,False,4,3,3,True,0,False,3.79764,4.31705,6.424740000000001,2.383744703192857,1.35,7.1382,0.6924394472819662,0.2955305697431645,0.9692439447281966,0.85,4.662179,3.840970450240615,,,,,,,False,6.218483552578269,,,,,,,,,,,,,,,,,,,,,,,,,,,,,,,,,,,,,,,,,,,,,,,,,,,,,,,,,,,,,,,,,,,,,,,,,,,,,,,,,,,,,,,,,,,,,,,,,,,,,,,,,,,,,,,,,,,,,,,,,,,,,,,,,,,,,,,,,,,,,,,,,,,,,,,,,,,,,,,,,,,,,,,,,,,,,,,,,,,,,,,,,,,,,,,,
p_05GdkR,Rodrigo Granillo,t_45vTPl,Atlético Tucumán,VOL,Aldosivi,False,4,3,3,True,0,False,2.92215,3.16685,5.080010000000001,2.118990961912454,0.6767,5.84,0.6974566355301973,0.3206165109843203,0.9697456635530197,0.85,3.559495,2.9340341145853577,,,,,,,False,6.15386449878545,,,,,,,,,,,,,,,,,,,,,,,,,,,,,,,,,,,,,,,,,,,,,,,,,,,,,,,,,,,,,,,,,,,,,,,,,,,,,,,,,,,,,,,,,,,,,,,,,,,,,,,,,,,,,,,,,,,,,,,,,,,,,,,,,,,,,,,,,,,,,,,,,,,,,,,,,,,,,,,,,,,,,,,,,,,,,,,,,,,,,,,,,,,,,,,,
p_33Honj,Gabriel Compagnucci,t_45vTPl,Atlético Tucumán,VOL,Aldosivi,False,16,3,3,True,0,False,3.35396,4.27213125,8.2188,3.154911021401132,-0.39,10.5,1.0,0.24067904098287451,1.0,0.85,4.9374385,4.196822725,,,,,,,False,6.15386449878545,,,,,,,,,,,,,,,,,,,,,,,,,,,,,,,,,,,,,,,,,,,,,,,,,,,,,,,,,,,,,,,,,,,,,,,,,,,,,,,,,,,,,,,,,,,,,,,,,,,,,,,,,,,,,,,,,,,,,,,,,,,,,,,,,,,,,,,,,,,,,,,,,,,,,,,,,,,,,,,,,,,,,,,,,,,,,,,,,,,,,,,,,,,,,,,,
p_1187qF,Maximiliano Villa,t_45vTPl,Atlético Tucumán,DEF,Aldosivi,False,16,3,3,True,0,False,7.497613333333333,8.4726125,11.527899999999999,3.257515308508414,2.7594,15.82,1.0,0.2348787796491428,1.0,0.85,8.895184666666665,7.560906966666665,,,,,,,False,6.218483552578269,,,,,,,,,,,,,,,,,,,,,,,,,,,,,,,,,,,,,,,,,,,,,,,,,,,,,,,,,,,,,,,,,,,,,,,,,,,,,,,,,,,,,,,,,,,,,,,,,,,,,,,,,,,,,,,,,,,,,,,,,,,,,,,,,,,,,,,,,,,,,,,,,,,,,,,,,,,,,,,,,,,,,,,,,,,,,,,,,,,,,,,,,,,,,,,,
p_1OO5Lc,Ezequiel Ham,t_45vTPl,Atlético Tucumán,VOL,Aldosivi,False,16,3,3,True,0,False,2.623906666666667,4.815725,8.9632,4.126335458894894,-0.85,15.3472,1.0,0.19507112010488176,1.0,0.85,5.085457333333333,4.322638733333333,,,,,,,False,6.15386449878545,,,,,,,,,,,,,,,,,,,,,,,,,,,,,,,,,,,,,,,,,,,,,,,,,,,,,,,,,,,,,,,,,,,,,,,,,,,,,,,,,,,,,,,,,,,,,,,,,,,,,,,,,,,,,,,,,,,,,,,,,,,,,,,,,,,,,,,,,,,,,,,,,,,,,,,,,,,,,,,,,,,,,,,,,,,,,,,,,,,,,,,,,,,,,,,,
p_0uIte1,Facundo Pimienta,t_45vTPl,Atlético Tucumán,VOL,Aldosivi,False,1,3,3,True,0,False,1.926,1.926,1.926,0.0,1.926,1.926,0.7333333333333334,1.0,0.9733333333333334,0.85,1.926,1.593444,,,,,,,False,6.15386449878545,,,,,,,,,,,,,,,,,,,,,,,,,,,,,,,,,,,,,,,,,,,,,,,,,,,,,,,,,,,,,,,,,,,,,,,,,,,,,,,,,,,,,,,,,,,,,,,,,,,,,,,,,,,,,,,,,,,,,,,,,,,,,,,,,,,,,,,,,,,,,,,,,,,,,,,,,,,,,,,,,,,,,,,,,,,,,,,,,,,,,,,,,,,,,,,,
p_0O6mnx,Manuel Brondo,t_45vTPl,Atlético Tucumán,DEL,Aldosivi,False,12,3,3,True,0,False,2.7934666666666668,1.9597083333333332,4.0554499999999996,1.927882852654851,-2.104,4.682,0.9683087439166668,0.34154371958333385,0.9968308743916667,0.85,2.775459166666667,2.351663879754695,,,,,,,False,5.577128809735925,,,,,,,,,,,,,,,,,,,,,,,,,,,,,,,,,,,,,,,,,,,,,,,,,,,,,,,,,,,,,,,,,,,,,,,,,,,,,,,,,,,,,,,,,,,,,,,,,,,,,,,,,,,,,,,,,,,,,,,,,,,,,,,,,,,,,,,,,,,,,,,,,,,,,,,,,,,,,,,,,,,,,,,,,,,,,,,,,,,,,,,,,,,,,,,,
p_0kRKnI,Tomás Marchiori,t_2eRs85,Vélez Sarsfield,ARQ,Tigre,True,9,3,3,True,3,True,11.043913333333334,10.46821111111111,13.32072,3.0483430435420336,5.4012,13.7988,0.8494029280248477,0.24701464012423857,0.9849402928024849,1.081,11.38283411111111,12.1195363312678,,,,,,,True,7.5205623530242764,,,,,,,,,,,,,,,,,,,,,,,,,,,,,,,,,,,,,,,,,,,,,,,,,,,,,,,,,,,,,,,,,,,,,,,,,,,,,,,,,,,,,,,,,,,,,,,,,,,,,,,,,,,,,,,,,,,,,,,,,,,,,,,,,,,,,,,,,,,,,,,,,,,,,,,,,,,,,,,,,,,,,,,,,,,,,,,,,,,,,,,,,,,,,,,,
p_4HmUN6,Joaquín García,t_2eRs85,Vélez Sarsfield,DEF,Tigre,True,22,3,3,True,3,True,11.742686666666666,9.79715909090909,13.98,4.086359210215546,2.4972,17.8905,1.0,0.19660428189805781,1.0,1.081,11.52380396969697,12.457232091242425,,,,,,,True,6.218483552578269,,,,,,,,,,,,,,,,,,,,,,,,,,,,,,,,,,,,,,,,,,,,,,,,,,,,,,,,,,,,,,,,,,,,,,,,,,,,,,,,,,,,,,,,,,,,,,,,,,,,,,,,,,,,,,,,,,,,,,,,,,,,,,,,,,,,,,,,,,,,,,,,,,,,,,,,,,,,,,,,,,,,,,,,,,,,,,,,,,,,,,,,,,,,,,,,
p_0ZUeue,Thiago Silvero,t_2eRs85,Vélez Sarsfield,DEF,Tigre,True,13,3,3,True,3,True,12.053859999999998,10.093223076923076,17.15556,5.622876733066128,0.5,17.7508,0.9635316909445293,0.1509917880559797,0.9963531690944529,1.081,12.54503023076923,13.51172235758446,,,,,,,True,6.218483552578269,,,,,,,,,,,,,,,,,,,,,,,,,,,,,,,,,,,,,,,,,,,,,,,,,,,,,,,,,,,,,,,,,,,,,,,,,,,,,,,,,,,,,,,,,,,,,,,,,,,,,,,,,,,,,,,,,,,,,,,,,,,,,,,,,,,,,,,,,,,,,,,,,,,,,,,,,,,,,,,,,,,,,,,,,,,,,,,,,,,,,,,,,,,,,,,,
p_1O1XFB,Lisandro Magallán,t_2eRs85,Vélez Sarsfield,DEF,Tigre,True,21,3,3,True,1,False,8.134786666666667,9.168619047619048,12.685,3.268551129876822,2.38,15.31,1.0,0.23427152904429588,1.0,1.081,9.685872952380953,10.47042866152381,,,,,,,True,6.218483552578269,,,,,,,,,,,,,,,,,,,,,,,,,,,,,,,,,,,,,,,,,,,,,,,,,,,,,,,,,,,,,,,,,,,,,,,,,,,,,,,,,,,,,,,,,,,,,,,,,,,,,,,,,,,,,,,,,,,,,,,,,,,,,,,,,,,,,,,,,,,,,,,,,,,,,,,,,,,,,,,,,,,,,,,,,,,,,,,,,,,,,,,,,,,,,,,,
p_4filjU,Elías Gómez,t_2eRs85,Vélez Sarsfield,DEF,Tigre,True,25,3,3,True,3,True,11.82388,10.167816,13.959620000000001,3.283472716332511,3.83,16.0387,1.0,0.2334554381978637,1.0,1.081,11.6953894,12.642715941399999,,,,,,,True,6.218483552578269,,,,,,,,,,,,,,,,,,,,,,,,,,,,,,,,,,,,,,,,,,,,,,,,,,,,,,,,,,,,,,,,,,,,,,,,,,,,,,,,,,,,,,,,,,,,,,,,,,,,,,,,,,,,,,,,,,,,,,,,,,,,,,,,,,,,,,,,,,,,,,,,,,,,,,,,,,,,,,,,,,,,,,,,,,,,,,,,,,,,,,,,,,,,,,,,
p_2n95ER,Rodrigo Aliendro,t_2eRs85,Vélez Sarsfield,VOL,Tigre,True,26,3,3,True,3,True,12.566326666666665,7.510346153846154,13.70315,5.02780849016593,0.0492,17.7675,1.0,0.16589777223869176,1.0,1.081,10.828140294871794,11.705219658756409,,,,,,,True,6.15386449878545,,,,,,,,,,,,,,,,,,,,,,,,,,,,,,,,,,,,,,,,,,,,,,,,,,,,,,,,,,,,,,,,,,,,,,,,,,,,,,,,,,,,,,,,,,,,,,,,,,,,,,,,,,,,,,,,,,,,,,,,,,,,,,,,,,,,,,,,,,,,,,,,,,,,,,,,,,,,,,,,,,,,,,,,,,,,,,,,,,,,,,,,,,,,,,,,
p_2D7OBP,Lucas Robertone,t_2eRs85,Vélez Sarsfield,VOL,Tigre,True,24,3,3,True,3,True,10.021753333333333,7.653925,13.072199999999999,3.956333400934232,2.572,17.4286,1.0,0.20176205253091073,1.0,1.081,9.837233666666666,10.634049593666665,,,,,,,True,6.15386449878545,,,,,,,,,,,,,,,,,,,,,,,,,,,,,,,,,,,,,,,,,,,,,,,,,,,,,,,,,,,,,,,,,,,,,,,,,,,,,,,,,,,,,,,,,,,,,,,,,,,,,,,,,,,,,,,,,,,,,,,,,,,,,,,,,,,,,,,,,,,,,,,,,,,,,,,,,,,,,,,,,,,,,,,,,,,,,,,,,,,,,,,,,,,,,,,,
p_3XUbmT,Matías Pellegrini,t_2eRs85,Vélez Sarsfield,VOL,Tigre,True,20,3,2,True,2,True,11.356,8.947594999999998,16.894200000000005,5.637396986149492,1.3871,24.9365,1.0,0.15066147197263294,1.0,1.081,11.777188,12.731140228000001,,,,,,,True,6.15386449878545,,,,,,,,,,,,,,,,,,,,,,,,,,,,,,,,,,,,,,,,,,,,,,,,,,,,,,,,,,,,,,,,,,,,,,,,,,,,,,,,,,,,,,,,,,,,,,,,,,,,,,,,,,,,,,,,,,,,,,,,,,,,,,,,,,,,,,,,,,,,,,,,,,,,,,,,,,,,,,,,,,,,,,,,,,,,,,,,,,,,,,,,,,,,,,,,
p_1UNG97,Manuel Lanzini,t_2eRs85,Vélez Sarsfield,VOL,Tigre,True,26,3,3,True,2,True,9.076793333333335,10.191038461538461,17.155700000000003,4.69847220939547,3.07,18.0397,1.0,0.17548563250887317,1.0,1.081,11.542218051282052,12.477137713435898,,,,,,,True,6.15386449878545,,,,,,,,,,,,,,,,,,,,,,,,,,,,,,,,,,,,,,,,,,,,,,,,,,,,,,,,,,,,,,,,,,,,,,,,,,,,,,,,,,,,,,,,,,,,,,,,,,,,,,,,,,,,,,,,,,,,,,,,,,,,,,,,,,,,,,,,,,,,,,,,,,,,,,,,,,,,,,,,,,,,,,,,,,,,,,,,,,,,,,,,,,,,,,,,
p_0Ndsjk,Juan Policella,t_2eRs85,Vélez Sarsfield,VOL,Tigre,True,4,3,3,True,3,True,10.437880000000002,7.822825,14.584780000000002,7.239043492237079,0.83,17.9692,0.657607995821575,0.1213733124412089,0.9657607995821575,1.081,10.428583,10.887309505772595,,,,,,,True,6.15386449878545,,,,,,,,,,,,,,,,,,,,,,,,,,,,,,,,,,,,,,,,,,,,,,,,,,,,,,,,,,,,,,,,,,,,,,,,,,,,,,,,,,,,,,,,,,,,,,,,,,,,,,,,,,,,,,,,,,,,,,,,,,,,,,,,,,,,,,,,,,,,,,,,,,,,,,,,,,,,,,,,,,,,,,,,,,,,,,,,,,,,,,,,,,,,,,,,
p_4bqyr6,Ronaldo Martínez,t_2eRs85,Vélez Sarsfield,DEL,Tigre,True,3,3,3,True,3,True,16.485249999999997,15.353266666666665,20.139319999999998,5.847645535028036,9.8563,21.4977,0.629207119290409,0.1460355964520447,0.9629207119290409,1.081,16.945974166666666,17.639357499118525,,,,,,,True,5.577128809735925,,,,,,,,,,,,,,,,,,,,,,,,,,,,,,,,,,,,,,,,,,,,,,,,,,,,,,,,,,,,,,,,,,,,,,,,,,,,,,,,,,,,,,,,,,,,,,,,,,,,,,,,,,,,,,,,,,,,,,,,,,,,,,,,,,,,,,,,,,,,,,,,,,,,,,,,,,,,,,,,,,,,,,,,,,,,,,,,,,,,,,,,,,,,,,,,
p_2f7maD,Simón Escobar,t_2eRs85,Vélez Sarsfield,DEF,Tigre,True,7,3,3,True,2,True,4.284466666666666,5.243571428571428,9.14494,3.0063386500937677,2.125,10.2859,0.7832542255662751,0.24960446116470839,0.9783254225566276,1.081,5.883226904761905,6.221922993853125,,,,,,,False,6.218483552578269,,,,,,,,,,,,,,,,,,,,,,,,,,,,,,,,,,,,,,,,,,,,,,,,,,,,,,,,,,,,,,,,,,,,,,,,,,,,,,,,,,,,,,,,,,,,,,,,,,,,,,,,,,,,,,,,,,,,,,,,,,,,,,,,,,,,,,,,,,,,,,,,,,,,,,,,,,,,,,,,,,,,,,,,,,,,,,,,,,,,,,,,,,,,,,,,
p_3H23k2,Diego Valdés,t_2eRs85,Vélez Sarsfield,VOL,Tigre,True,19,3,1,True,0,False,9.64362,8.662368421052632,13.10004,5.115042488153352,0.0814,21.4323,1.0,0.16353116138396356,1.0,1.081,10.115224368421053,10.934557542263159,,,,,,,False,6.15386449878545,,,,,,,,,,,,,,,,,,,,,,,,,,,,,,,,,,,,,,,,,,,,,,,,,,,,,,,,,,,,,,,,,,,,,,,,,,,,,,,,,,,,,,,,,,,,,,,,,,,,,,,,,,,,,,,,,,,,,,,,,,,,,,,,,,,,,,,,,,,,,,,,,,,,,,,,,,,,,,,,,,,,,,,,,,,,,,,,,,,,,,,,,,,,,,,,
p_34RQqa,Luca Feler,t_2eRs85,Vélez Sarsfield,VOL,Tigre,True,11,3,3,True,0,False,3.738113333333333,3.251354545454546,5.75,2.1308895768498357,0.73,6.7578,0.9305462750306357,0.31939804181984477,0.9930546275030636,1.081,4.046381484848485,4.343758364683398,,,,,,,False,6.15386449878545,,,,,,,,,,,,,,,,,,,,,,,,,,,,,,,,,,,,,,,,,,,,,,,,,,,,,,,,,,,,,,,,,,,,,,,,,,,,,,,,,,,,,,,,,,,,,,,,,,,,,,,,,,,,,,,,,,,,,,,,,,,,,,,,,,,,,,,,,,,,,,,,,,,,,,,,,,,,,,,,,,,,,,,,,,,,,,,,,,,,,,,,,,,,,,,,
p_4U4fDQ,Dilan Godoy,t_2eRs85,Vélez Sarsfield,DEL,Tigre,True,20,3,3,True,0,False,2.6621866666666665,3.966335,7.176590000000005,3.5006685730277596,-0.305,14.2247,1.0,0.2221892111747443,1.0,1.081,4.312446833333334,4.661755026833334,,,,,,,False,5.577128809735925,,,,,,,,,,,,,,,,,,,,,,,,,,,,,,,,,,,,,,,,,,,,,,,,,,,,,,,,,,,,,,,,,,,,,,,,,,,,,,,,,,,,,,,,,,,,,,,,,,,,,,,,,,,,,,,,,,,,,,,,,,,,,,,,,,,,,,,,,,,,,,,,,,,,,,,,,,,,,,,,,,,,,,,,,,,,,,,,,,,,,,,,,,,,,,,,
p_0CoGTg,Claudio Baeza,t_2eRs85,Vélez Sarsfield,VOL,Tigre,True,20,3,3,True,0,False,3.692713333333333,7.158205000000001,11.923670000000001,3.7783459921359075,1.294,12.5771,1.0,0.20927743651166683,1.0,1.081,7.136649166666667,7.714717749166667,,,,,,,False,6.15386449878545,,,,,,,,,,,,,,,,,,,,,,,,,,,,,,,,,,,,,,,,,,,,,,,,,,,,,,,,,,,,,,,,,,,,,,,,,,,,,,,,,,,,,,,,,,,,,,,,,,,,,,,,,,,,,,,,,,,,,,,,,,,,,,,,,,,,,,,,,,,,,,,,,,,,,,,,,,,,,,,,,,,,,,,,,,,,,,,,,,,,,,,,,,,,,,,,
p_3mxeOn,Thiago Aguirre,t_2eRs85,Vélez Sarsfield,DEL,Tigre,True,6,3,2,True,0,False,2.0372866666666667,2.8986666666666667,6.47165,3.5946523368285095,-0.16,9.75,0.7435288647188595,0.21764432359429764,0.974352886471886,1.081,3.4904295000000003,3.6763837730781037,,,,,,,False,5.577128809735925,,,,,,,,,,,,,,,,,,,,,,,,,,,,,,,,,,,,,,,,,,,,,,,,,,,,,,,,,,,,,,,,,,,,,,,,,,,,,,,,,,,,,,,,,,,,,,,,,,,,,,,,,,,,,,,,,,,,,,,,,,,,,,,,,,,,,,,,,,,,,,,,,,,,,,,,,,,,,,,,,,,,,,,,,,,,,,,,,,,,,,,,,,,,,,,,
p_2x4DpJ,Lautaro Piola,t_2eRs85,Vélez Sarsfield,ARQ,Tigre,True,1,3,3,True,0,False,0.03,0.03,0.03,0.0,0.03,0.03,0.7333333333333334,1.0,0.9733333333333334,1.081,0.03,0.0315652,,,,,,,False,7.5205623530242764,,,,,,,,,,,,,,,,,,,,,,,,,,,,,,,,,,,,,,,,,,,,,,,,,,,,,,,,,,,,,,,,,,,,,,,,,,,,,,,,,,,,,,,,,,,,,,,,,,,,,,,,,,,,,,,,,,,,,,,,,,,,,,,,,,,,,,,,,,,,,,,,,,,,,,,,,,,,,,,,,,,,,,,,,,,,,,,,,,,,,,,,,,,,,,,,
p_4LvJZA,Matías Arias,t_2eRs85,Vélez Sarsfield,DEL,Tigre,True,6,3,3,True,0,False,2.3662133333333335,3.464116666666667,5.9832,2.7492388098647713,-0.18,8.3364,0.7533441613465037,0.2667208067325187,0.9753344161346504,1.081,3.7096213333333337,3.9111891871627225,,,,,,,False,5.577128809735925,,,,,,,,,,,,,,,,,,,,,,,,,,,,,,,,,,,,,,,,,,,,,,,,,,,,,,,,,,,,,,,,,,,,,,,,,,,,,,,,,,,,,,,,,,,,,,,,,,,,,,,,,,,,,,,,,,,,,,,,,,,,,,,,,,,,,,,,,,,,,,,,,,,,,,,,,,,,,,,,,,,,,,,,,,,,,,,,,,,,,,,,,,,,,,,,
p_1JUF3l,Felipe Zenobio,t_1L8FaD,Tigre,ARQ,Vélez Sarsfield,False,24,3,3,True,3,True,7.004966666666666,8.303620833333333,12.30223,3.2434222205644843,2.8746,13.9833,1.0,0.23565884986740118,1.0,0.85,8.848744166666666,7.521432541666666,,,,,,,True,7.5205623530242764,,,,,,,,,,,,,,,,,,,,,,,,,,,,,,,,,,,,,,,,,,,,,,,,,,,,,,,,,,,,,,,,,,,,,,,,,,,,,,,,,,,,,,,,,,,,,,,,,,,,,,,,,,,,,,,,,,,,,,,,,,,,,,,,,,,,,,,,,,,,,,,,,,,,,,,,,,,,,,,,,,,,,,,,,,,,,,,,,,,,,,,,,,,,,,,,
p_4NFYc4,Valentín Moreno,t_1L8FaD,Tigre,DEF,Vélez Sarsfield,False,17,3,3,True,3,True,6.32936,8.549211764705882,12.67114,4.0463245576823095,2.3367,16.58,1.0,0.19816402781260722,1.0,0.85,8.802745705882353,7.48233385,,,,,,,True,6.218483552578269,,,,,,,,,,,,,,,,,,,,,,,,,,,,,,,,,,,,,,,,,,,,,,,,,,,,,,,,,,,,,,,,,,,,,,,,,,,,,,,,,,,,,,,,,,,,,,,,,,,,,,,,,,,,,,,,,,,,,,,,,,,,,,,,,,,,,,,,,,,,,,,,,,,,,,,,,,,,,,,,,,,,,,,,,,,,,,,,,,,,,,,,,,,,,,,,
p_1IquRb,Alan Barrionuevo,t_1L8FaD,Tigre,DEF,Vélez Sarsfield,False,25,3,3,True,3,True,6.1353,9.516904,13.78268,3.585893707115889,4.1326,18.0761,1.0,0.21806000397442907,1.0,0.85,9.399786599999999,7.989818609999999,,,,,,,True,6.218483552578269,,,,,,,,,,,,,,,,,,,,,,,,,,,,,,,,,,,,,,,,,,,,,,,,,,,,,,,,,,,,,,,,,,,,,,,,,,,,,,,,,,,,,,,,,,,,,,,,,,,,,,,,,,,,,,,,,,,,,,,,,,,,,,,,,,,,,,,,,,,,,,,,,,,,,,,,,,,,,,,,,,,,,,,,,,,,,,,,,,,,,,,,,,,,,,,,
p_35Wzc1,Juan Villalba,t_1L8FaD,Tigre,DEF,Vélez Sarsfield,False,9,3,3,True,3,True,7.98286,7.063833333333333,11.546660000000001,3.614497162123661,1.8583,13.9081,0.8433416671358309,0.21670833567915448,0.9843341667135831,0.85,8.506199333333333,7.117001237774857,,,,,,,True,6.218483552578269,,,,,,,,,,,,,,,,,,,,,,,,,,,,,,,,,,,,,,,,,,,,,,,,,,,,,,,,,,,,,,,,,,,,,,,,,,,,,,,,,,,,,,,,,,,,,,,,,,,,,,,,,,,,,,,,,,,,,,,,,,,,,,,,,,,,,,,,,,,,,,,,,,,,,,,,,,,,,,,,,,,,,,,,,,,,,,,,,,,,,,,,,,,,,,,,
p_3NzaGf,Nahuel Banegas,t_1L8FaD,Tigre,DEF,Vélez Sarsfield,False,13,3,3,True,3,True,5.84962,7.1100153846153855,11.841120000000002,4.257879717035651,0.412,13.98,0.9713714800318962,0.19019073349281404,0.9971371480031896,0.85,7.851653153846154,6.654798777995943,,,,,,,True,6.218483552578269,,,,,,,,,,,,,,,,,,,,,,,,,,,,,,,,,,,,,,,,,,,,,,,,,,,,,,,,,,,,,,,,,,,,,,,,,,,,,,,,,,,,,,,,,,,,,,,,,,,,,,,,,,,,,,,,,,,,,,,,,,,,,,,,,,,,,,,,,,,,,,,,,,,,,,,,,,,,,,,,,,,,,,,,,,,,,,,,,,,,,,,,,,,,,,,,
p_1dEFgX,Jabes Saralegui,t_1L8FaD,Tigre,VOL,Vélez Sarsfield,False,18,3,3,True,3,True,9.65918,7.324650000000001,13.20496,4.1084473034225475,0.49,14.5333,1.0,0.19575419703948438,1.0,0.85,9.611813,8.17004105,,,,,,,True,6.15386449878545,,,,,,,,,,,,,,,,,,,,,,,,,,,,,,,,,,,,,,,,,,,,,,,,,,,,,,,,,,,,,,,,,,,,,,,,,,,,,,,,,,,,,,,,,,,,,,,,,,,,,,,,,,,,,,,,,,,,,,,,,,,,,,,,,,,,,,,,,,,,,,,,,,,,,,,,,,,,,,,,,,,,,,,,,,,,,,,,,,,,,,,,,,,,,,,,
p_2OigHb,Bruno Leyes,t_1L8FaD,Tigre,VOL,Vélez Sarsfield,False,20,3,3,True,2,True,4.495513333333333,7.572239999999999,11.488950000000003,3.7310072707119275,1.3429,16.2174,1.0,0.21137147816082702,1.0,0.85,7.474563166666667,6.353378691666666,,,,,,,True,6.15386449878545,,,,,,,,,,,,,,,,,,,,,,,,,,,,,,,,,,,,,,,,,,,,,,,,,,,,,,,,,,,,,,,,,,,,,,,,,,,,,,,,,,,,,,,,,,,,,,,,,,,,,,,,,,,,,,,,,,,,,,,,,,,,,,,,,,,,,,,,,,,,,,,,,,,,,,,,,,,,,,,,,,,,,,,,,,,,,,,,,,,,,,,,,,,,,,,,
p_4OfzNB,Tiago Serrago,t_1L8FaD,Tigre,VOL,Vélez Sarsfield,False,20,3,3,True,2,True,3.1469066666666663,4.741855,7.1626400000000015,4.568898788603223,-0.3106,20.9259,1.0,0.1795687151015394,1.0,0.85,4.7888193333333335,4.070496433333333,,,,,,,True,6.15386449878545,,,,,,,,,,,,,,,,,,,,,,,,,,,,,,,,,,,,,,,,,,,,,,,,,,,,,,,,,,,,,,,,,,,,,,,,,,,,,,,,,,,,,,,,,,,,,,,,,,,,,,,,,,,,,,,,,,,,,,,,,,,,,,,,,,,,,,,,,,,,,,,,,,,,,,,,,,,,,,,,,,,,,,,,,,,,,,,,,,,,,,,,,,,,,,,,
p_1QJBGG,Gonzalo Martínez,t_1L8FaD,Tigre,VOL,Vélez Sarsfield,False,16,3,1,True,1,False,7.82428,6.98399375,12.8789,5.908790209788435,0.01,23.7,1.0,0.14474314165498775,1.0,0.85,8.751820500000001,7.439047425000001,,,,,,,True,6.15386449878545,,,,,,,,,,,,,,,,,,,,,,,,,,,,,,,,,,,,,,,,,,,,,,,,,,,,,,,,,,,,,,,,,,,,,,,,,,,,,,,,,,,,,,,,,,,,,,,,,,,,,,,,,,,,,,,,,,,,,,,,,,,,,,,,,,,,,,,,,,,,,,,,,,,,,,,,,,,,,,,,,,,,,,,,,,,,,,,,,,,,,,,,,,,,,,,,
p_1hfCZH,Santiago López,t_1L8FaD,Tigre,DEL,Vélez Sarsfield,False,25,3,3,True,3,True,5.586673333333334,6.396611999999999,12.88238,4.2841033433030065,0.02,15.2257,1.0,0.1892468665033558,1.0,0.85,7.734575466666666,6.5743891466666655,,,,,,,True,5.577128809735925,,,,,,,,,,,,,,,,,,,,,,,,,,,,,,,,,,,,,,,,,,,,,,,,,,,,,,,,,,,,,,,,,,,,,,,,,,,,,,,,,,,,,,,,,,,,,,,,,,,,,,,,,,,,,,,,,,,,,,,,,,,,,,,,,,,,,,,,,,,,,,,,,,,,,,,,,,,,,,,,,,,,,,,,,,,,,,,,,,,,,,,,,,,,,,,,
p_36ULM2,Ignacio Russo,t_1L8FaD,Tigre,DEL,Vélez Sarsfield,False,26,3,3,True,3,True,7.521406666666667,7.7294,15.80165,6.606577639776892,0.2314,28.2763,1.0,0.13146516703789682,1.0,0.85,9.674664833333333,8.223465108333333,,,,,,,True,5.577128809735925,,,,,,,,,,,,,,,,,,,,,,,,,,,,,,,,,,,,,,,,,,,,,,,,,,,,,,,,,,,,,,,,,,,,,,,,,,,,,,,,,,,,,,,,,,,,,,,,,,,,,,,,,,,,,,,,,,,,,,,,,,,,,,,,,,,,,,,,,,,,,,,,,,,,,,,,,,,,,,,,,,,,,,,,,,,,,,,,,,,,,,,,,,,,,,,,
p_422Dh0,Federico Álvarez,t_1L8FaD,Tigre,DEF,Vélez Sarsfield,False,20,3,3,True,0,False,5.70328,8.798675,13.460840000000001,4.010152530485986,0.805,16.275,1.0,0.1995947217006185,1.0,0.85,8.880828000000001,7.548703800000001,,,,,,,False,6.218483552578269,,,,,,,,,,,,,,,,,,,,,,,,,,,,,,,,,,,,,,,,,,,,,,,,,,,,,,,,,,,,,,,,,,,,,,,,,,,,,,,,,,,,,,,,,,,,,,,,,,,,,,,,,,,,,,,,,,,,,,,,,,,,,,,,,,,,,,,,,,,,,,,,,,,,,,,,,,,,,,,,,,,,,,,,,,,,,,,,,,,,,,,,,,,,,,,,
p_1Sh6eR,Martín Garay,t_1L8FaD,Tigre,DEF,Vélez Sarsfield,False,19,3,3,True,1,False,5.119673333333334,6.865347368421053,11.608959999999998,4.1577229740926995,1.77,15.9908,1.0,0.19388400754034507,1.0,0.85,7.440264614035087,6.324224921929823,,,,,,,False,6.218483552578269,,,,,,,,,,,,,,,,,,,,,,,,,,,,,,,,,,,,,,,,,,,,,,,,,,,,,,,,,,,,,,,,,,,,,,,,,,,,,,,,,,,,,,,,,,,,,,,,,,,,,,,,,,,,,,,,,,,,,,,,,,,,,,,,,,,,,,,,,,,,,,,,,,,,,,,,,,,,,,,,,,,,,,,,,,,,,,,,,,,,,,,,,,,,,,,,
p_0Dmkk5,Jerónimo Dómina,t_1L8FaD,Tigre,DEL,Vélez Sarsfield,False,2,3,2,True,0,False,4.026666666666666,3.0949999999999998,5.3309999999999995,3.9527269068328006,0.3,5.89,0.6070484611330805,0.20190897233206948,0.9607048461133081,0.85,3.980083333333333,3.2501325443279208,,,,,,,False,5.577128809735925,,,,,,,,,,,,,,,,,,,,,,,,,,,,,,,,,,,,,,,,,,,,,,,,,,,,,,,,,,,,,,,,,,,,,,,,,,,,,,,,,,,,,,,,,,,,,,,,,,,,,,,,,,,,,,,,,,,,,,,,,,,,,,,,,,,,,,,,,,,,,,,,,,,,,,,,,,,,,,,,,,,,,,,,,,,,,,,,,,,,,,,,,,,,,,,,
p_3il4tl,Santiago González,t_1L8FaD,Tigre,VOL,Vélez Sarsfield,False,10,3,3,True,2,True,7.140213333333333,6.563339999999999,9.144499999999999,2.2323630186667915,3.27,10.4828,0.8952075717295178,0.30937119198092305,0.9895207571729518,0.85,7.410535666666666,6.232947034346591,,,,,,,False,6.15386449878545,,,,,,,,,,,,,,,,,,,,,,,,,,,,,,,,,,,,,,,,,,,,,,,,,,,,,,,,,,,,,,,,,,,,,,,,,,,,,,,,,,,,,,,,,,,,,,,,,,,,,,,,,,,,,,,,,,,,,,,,,,,,,,,,,,,,,,,,,,,,,,,,,,,,,,,,,,,,,,,,,,,,,,,,,,,,,,,,,,,,,,,,,,,,,,,,
p_0lZVBC,Lautaro Morales,t_1L8FaD,Tigre,ARQ,Vélez Sarsfield,False,1,3,3,True,0,False,10.29,10.29,10.29,0.0,10.29,10.29,0.7333333333333334,1.0,0.9733333333333334,0.85,10.29,8.513259999999999,,,,,,,False,7.5205623530242764,,,,,,,,,,,,,,,,,,,,,,,,,,,,,,,,,,,,,,,,,,,,,,,,,,,,,,,,,,,,,,,,,,,,,,,,,,,,,,,,,,,,,,,,,,,,,,,,,,,,,,,,,,,,,,,,,,,,,,,,,,,,,,,,,,,,,,,,,,,,,,,,,,,,,,,,,,,,,,,,,,,,,,,,,,,,,,,,,,,,,,,,,,,,,,,,
p_34Y0Ej,Guillermo Soto,t_1L8FaD,Tigre,DEF,Vélez Sarsfield,False,6,3,3,True,0,False,4.560033333333333,5.965583333333334,10.817450000000001,5.286846606595152,0.2025,15.2194,0.7318124510609487,0.15906225530474377,0.9731812451060949,0.85,6.686607500000001,5.53118886052789,,,,,,,False,6.218483552578269,,,,,,,,,,,,,,,,,,,,,,,,,,,,,,,,,,,,,,,,,,,,,,,,,,,,,,,,,,,,,,,,,,,,,,,,,,,,,,,,,,,,,,,,,,,,,,,,,,,,,,,,,,,,,,,,,,,,,,,,,,,,,,,,,,,,,,,,,,,,,,,,,,,,,,,,,,,,,,,,,,,,,,,,,,,,,,,,,,,,,,,,,,,,,,,,
p_0HLKx2,Gonzalo Requena,t_1L8FaD,Tigre,DEF,Vélez Sarsfield,False,2,3,3,True,0,False,5.571133333333333,4.853350000000001,6.57603,3.045296774536104,2.7,7.0067,0.6161067970568369,0.24720065195085109,0.9616106797056837,0.85,5.535244166666667,4.524337419628465,,,,,,,False,6.218483552578269,,,,,,,,,,,,,,,,,,,,,,,,,,,,,,,,,,,,,,,,,,,,,,,,,,,,,,,,,,,,,,,,,,,,,,,,,,,,,,,,,,,,,,,,,,,,,,,,,,,,,,,,,,,,,,,,,,,,,,,,,,,,,,,,,,,,,,,,,,,,,,,,,,,,,,,,,,,,,,,,,,,,,,,,,,,,,,,,,,,,,,,,,,,,,,,,
p_0AvvFI,Alfio Oviedo,t_1L8FaD,Tigre,DEL,Vélez Sarsfield,False,13,3,2,True,0,False,-0.5074533333333334,1.6371846153846152,3.8680000000000003,2.815036145370711,-4.344,7.9844,0.9857574762192891,0.26212071442977875,0.9985757476219289,0.85,1.4442651794871795,1.22587695416512,,,,,,,False,5.577128809735925,,,,,,,,,,,,,,,,,,,,,,,,,,,,,,,,,,,,,,,,,,,,,,,,,,,,,,,,,,,,,,,,,,,,,,,,,,,,,,,,,,,,,,,,,,,,,,,,,,,,,,,,,,,,,,,,,,,,,,,,,,,,,,,,,,,,,,,,,,,,,,,,,,,,,,,,,,,,,,,,,,,,,,,,,,,,,,,,,,,,,,,,,,,,,,,,
p_34bboz,Ignacio Peluffo,t_1L8FaD,Tigre,DEF,Vélez Sarsfield,False,5,3,3,True,0,False,2.2101,2.5794200000000003,6.72592,3.9048440176273362,-0.69,8.8688,0.7074426830458272,0.20388008189580284,0.9707442683045827,0.85,3.4867830000000004,2.877058420261079,,,,,,,False,6.218483552578269,,,,,,,,,,,,,,,,,,,,,,,,,,,,,,,,,,,,,,,,,,,,,,,,,,,,,,,,,,,,,,,,,,,,,,,,,,,,,,,,,,,,,,,,,,,,,,,,,,,,,,,,,,,,,,,,,,,,,,,,,,,,,,,,,,,,,,,,,,,,,,,,,,,,,,,,,,,,,,,,,,,,,,,,,,,,,,,,,,,,,,,,,,,,,,,,
p_1HgyrD,Manuel Fernández,t_1L8FaD,Tigre,DEL,Vélez Sarsfield,False,6,3,1,True,0,False,2.2625866666666665,2.057166666666667,3.80035,1.646280572280031,0.15,4.8367,0.7755777758772118,0.37788887938605903,0.9775577775877212,0.85,2.5648595,2.1312035997480407,,,,,,,False,5.577128809735925,,,,,,,,,,,,,,,,,,,,,,,,,,,,,,,,,,,,,,,,,,,,,,,,,,,,,,,,,,,,,,,,,,,,,,,,,,,,,,,,,,,,,,,,,,,,,,,,,,,,,,,,,,,,,,,,,,,,,,,,,,,,,,,,,,,,,,,,,,,,,,,,,,,,,,,,,,,,,,,,,,,,,,,,,,,,,,,,,,,,,,,,,,,,,,,,
p_4W6aiW,Nahuel Losada,t_0rsFNq,Lanús,ARQ,Estudiantes,True,26,3,3,True,3,True,14.327806666666667,9.051388461538462,16.02205,5.0470234662681674,1.412,18.0864,1.0,0.1653706167304053,1.0,1.08,12.640800217948717,13.652064235384616,,,,,,,True,7.5205623530242764,,,,,,,,,,,,,,,,,,,,,,,,,,,,,,,,,,,,,,,,,,,,,,,,,,,,,,,,,,,,,,,,,,,,,,,,,,,,,,,,,,,,,,,,,,,,,,,,,,,,,,,,,,,,,,,,,,,,,,,,,,,,,,,,,,,,,,,,,,,,,,,,,,,,,,,,,,,,,,,,,,,,,,,,,,,,,,,,,,,,,,,,,,,,,,,,
p_1Zygll,Tomás Ezequiel Guidara,t_0rsFNq,Lanús,DEF,Estudiantes,True,22,3,3,True,1,False,12.10632,8.505504545454544,14.395070000000002,4.505399114763495,0.33,15.9453,1.0,0.1816398737229351,1.0,1.08,11.238181318181818,12.137235823636363,,,,,,,True,6.218483552578269,,,,,,,,,,,,,,,,,,,,,,,,,,,,,,,,,,,,,,,,,,,,,,,,,,,,,,,,,,,,,,,,,,,,,,,,,,,,,,,,,,,,,,,,,,,,,,,,,,,,,,,,,,,,,,,,,,,,,,,,,,,,,,,,,,,,,,,,,,,,,,,,,,,,,,,,,,,,,,,,,,,,,,,,,,,,,,,,,,,,,,,,,,,,,,,,
p_0pxwpN,Carlos Izquierdoz,t_0rsFNq,Lanús,DEF,Estudiantes,True,24,3,3,True,3,True,13.449326666666666,10.4486625,15.948509999999999,4.805989452467437,0.5936,20.9225,1.0,0.17223593122013314,1.0,1.08,12.873856833333331,13.90376538,,,,,,,True,6.218483552578269,,,,,,,,,,,,,,,,,,,,,,,,,,,,,,,,,,,,,,,,,,,,,,,,,,,,,,,,,,,,,,,,,,,,,,,,,,,,,,,,,,,,,,,,,,,,,,,,,,,,,,,,,,,,,,,,,,,,,,,,,,,,,,,,,,,,,,,,,,,,,,,,,,,,,,,,,,,,,,,,,,,,,,,,,,,,,,,,,,,,,,,,,,,,,,,,
p_37cT31,Ronaldo Dejesús,t_0rsFNq,Lanús,DEF,Estudiantes,True,18,3,3,True,1,False,6.476100000000001,6.8201833333333335,12.11372,4.081623106393713,-0.17,14.0243,1.0,0.1967875182915075,1.0,1.08,8.023138333333334,8.664989400000001,,,,,,,True,6.218483552578269,,,,,,,,,,,,,,,,,,,,,,,,,,,,,,,,,,,,,,,,,,,,,,,,,,,,,,,,,,,,,,,,,,,,,,,,,,,,,,,,,,,,,,,,,,,,,,,,,,,,,,,,,,,,,,,,,,,,,,,,,,,,,,,,,,,,,,,,,,,,,,,,,,,,,,,,,,,,,,,,,,,,,,,,,,,,,,,,,,,,,,,,,,,,,,,,
p_0YK7Rt,Sasha Marcich,t_0rsFNq,Lanús,DEF,Estudiantes,True,27,3,3,True,3,True,13.315880000000002,9.983814814814814,16.438440000000003,5.1814654794909805,1.7877,22.458,1.0,0.16177393586000355,1.0,1.08,12.763693925925928,13.784789440000003,,,,,,,True,6.218483552578269,,,,,,,,,,,,,,,,,,,,,,,,,,,,,,,,,,,,,,,,,,,,,,,,,,,,,,,,,,,,,,,,,,,,,,,,,,,,,,,,,,,,,,,,,,,,,,,,,,,,,,,,,,,,,,,,,,,,,,,,,,,,,,,,,,,,,,,,,,,,,,,,,,,,,,,,,,,,,,,,,,,,,,,,,,,,,,,,,,,,,,,,,,,,,,,,
p_4NdBtx,Felipe Peña Biafore,t_0rsFNq,Lanús,VOL,Estudiantes,True,27,3,3,True,3,True,12.00238,7.354162962962963,12.33636,4.4670579329428675,0.905,16.934,1.0,0.18291373756518967,1.0,1.08,10.226588185185186,11.044715240000002,,,,,,,True,6.15386449878545,,,,,,,,,,,,,,,,,,,,,,,,,,,,,,,,,,,,,,,,,,,,,,,,,,,,,,,,,,,,,,,,,,,,,,,,,,,,,,,,,,,,,,,,,,,,,,,,,,,,,,,,,,,,,,,,,,,,,,,,,,,,,,,,,,,,,,,,,,,,,,,,,,,,,,,,,,,,,,,,,,,,,,,,,,,,,,,,,,,,,,,,,,,,,,,,
p_3xub3o,Agustín Cardozo,t_0rsFNq,Lanús,VOL,Estudiantes,True,24,3,3,True,3,True,12.617826666666668,9.778954166666667,13.33465,3.3749640321406025,3.0545,16.2784,1.0,0.22857330772402154,1.0,1.08,11.6614835,12.59440218,,,,,,,True,6.15386449878545,,,,,,,,,,,,,,,,,,,,,,,,,,,,,,,,,,,,,,,,,,,,,,,,,,,,,,,,,,,,,,,,,,,,,,,,,,,,,,,,,,,,,,,,,,,,,,,,,,,,,,,,,,,,,,,,,,,,,,,,,,,,,,,,,,,,,,,,,,,,,,,,,,,,,,,,,,,,,,,,,,,,,,,,,,,,,,,,,,,,,,,,,,,,,,,,
p_0MwF8F,Lucas Besozzi,t_0rsFNq,Lanús,VOL,Estudiantes,True,24,3,3,True,3,True,11.827760000000001,5.0645083333333325,9.71163,4.5160865416975176,-1.17,16.412,1.0,0.18128794616269028,1.0,1.08,8.593426833333332,9.28090098,,,,,,,True,6.15386449878545,,,,,,,,,,,,,,,,,,,,,,,,,,,,,,,,,,,,,,,,,,,,,,,,,,,,,,,,,,,,,,,,,,,,,,,,,,,,,,,,,,,,,,,,,,,,,,,,,,,,,,,,,,,,,,,,,,,,,,,,,,,,,,,,,,,,,,,,,,,,,,,,,,,,,,,,,,,,,,,,,,,,,,,,,,,,,,,,,,,,,,,,,,,,,,,,
p_1Dr7TL,Eduardo Salvio,t_0rsFNq,Lanús,VOL,Estudiantes,True,27,3,3,True,3,True,17.672866666666664,8.609137037037037,18.63078,6.193292876860863,-0.566,21.4751,1.0,0.13901839075908692,1.0,1.08,14.286853148148147,15.429801399999999,,,,,,,True,6.15386449878545,,,,,,,,,,,,,,,,,,,,,,,,,,,,,,,,,,,,,,,,,,,,,,,,,,,,,,,,,,,,,,,,,,,,,,,,,,,,,,,,,,,,,,,,,,,,,,,,,,,,,,,,,,,,,,,,,,,,,,,,,,,,,,,,,,,,,,,,,,,,,,,,,,,,,,,,,,,,,,,,,,,,,,,,,,,,,,,,,,,,,,,,,,,,,,,,
p_0Hiw2z,Gonzalo Lobos,t_0rsFNq,Lanús,DEL,Estudiantes,True,4,3,3,True,1,False,7.76282,6.0733250000000005,12.374310000000001,6.557100595728267,2.025,15.7533,0.6597985096885418,0.13232588177604263,0.9659798509688542,1.08,8.2398945,8.596337825997807,,,,,,,True,5.577128809735925,,,,,,,,,,,,,,,,,,,,,,,,,,,,,,,,,,,,,,,,,,,,,,,,,,,,,,,,,,,,,,,,,,,,,,,,,,,,,,,,,,,,,,,,,,,,,,,,,,,,,,,,,,,,,,,,,,,,,,,,,,,,,,,,,,,,,,,,,,,,,,,,,,,,,,,,,,,,,,,,,,,,,,,,,,,,,,,,,,,,,,,,,,,,,,,,
p_0nbgqX,Allan Wlk,t_0rsFNq,Lanús,DEL,Estudiantes,True,11,3,3,True,3,True,12.402326666666664,7.700072727272727,21.177,7.388312375920622,0.5586,21.177,0.8905093648206026,0.11921349076967934,0.9890509364820603,1.08,12.715093424242422,13.581945063400164,,,,,,,True,5.577128809735925,,,,,,,,,,,,,,,,,,,,,,,,,,,,,,,,,,,,,,,,,,,,,,,,,,,,,,,,,,,,,,,,,,,,,,,,,,,,,,,,,,,,,,,,,,,,,,,,,,,,,,,,,,,,,,,,,,,,,,,,,,,,,,,,,,,,,,,,,,,,,,,,,,,,,,,,,,,,,,,,,,,,,,,,,,,,,,,,,,,,,,,,,,,,,,,,
p_3dgI1a,Agustín Medina,t_0rsFNq,Lanús,VOL,Estudiantes,True,22,3,3,True,0,False,4.829833333333332,5.398604545454544,12.045890000000004,4.07592511818188,-0.45,12.9,1.0,0.19700842244855357,1.0,1.08,6.861355984848485,7.410264463636365,,,,,,,False,6.15386449878545,,,,,,,,,,,,,,,,,,,,,,,,,,,,,,,,,,,,,,,,,,,,,,,,,,,,,,,,,,,,,,,,,,,,,,,,,,,,,,,,,,,,,,,,,,,,,,,,,,,,,,,,,,,,,,,,,,,,,,,,,,,,,,,,,,,,,,,,,,,,,,,,,,,,,,,,,,,,,,,,,,,,,,,,,,,,,,,,,,,,,,,,,,,,,,,,
p_1va0ir,Gonzalo Pérez,t_0rsFNq,Lanús,DEF,Estudiantes,True,14,3,3,True,2,True,8.49892,7.4059,13.4329,4.971152262651139,2.39,17.1247,1.0,0.16747186405794462,1.0,1.08,9.295207000000001,10.038823560000003,,,,,,,False,6.218483552578269,,,,,,,,,,,,,,,,,,,,,,,,,,,,,,,,,,,,,,,,,,,,,,,,,,,,,,,,,,,,,,,,,,,,,,,,,,,,,,,,,,,,,,,,,,,,,,,,,,,,,,,,,,,,,,,,,,,,,,,,,,,,,,,,,,,,,,,,,,,,,,,,,,,,,,,,,,,,,,,,,,,,,,,,,,,,,,,,,,,,,,,,,,,,,,,,
p_105dCk,Yoshan Valois,t_0rsFNq,Lanús,DEL,Estudiantes,True,20,3,3,True,0,False,2.80166,4.18023,11.557340000000002,5.35583808588446,-0.1033,22.545,1.0,0.15733566313164551,1.0,1.08,5.542008000000001,5.985368640000002,,,,,,,False,5.577128809735925,,,,,,,,,,,,,,,,,,,,,,,,,,,,,,,,,,,,,,,,,,,,,,,,,,,,,,,,,,,,,,,,,,,,,,,,,,,,,,,,,,,,,,,,,,,,,,,,,,,,,,,,,,,,,,,,,,,,,,,,,,,,,,,,,,,,,,,,,,,,,,,,,,,,,,,,,,,,,,,,,,,,,,,,,,,,,,,,,,,,,,,,,,,,,,,,
p_2GJUhU,Thiago Laplace,t_0rsFNq,Lanús,VOL,Estudiantes,True,2,3,3,True,0,False,2.53,2.225,2.9570000000000003,1.294005409571382,1.31,3.14,0.6538504192269401,0.435918762801367,0.965385041922694,1.08,2.5147500000000003,2.621918196909103,,,,,,,False,6.15386449878545,,,,,,,,,,,,,,,,,,,,,,,,,,,,,,,,,,,,,,,,,,,,,,,,,,,,,,,,,,,,,,,,,,,,,,,,,,,,,,,,,,,,,,,,,,,,,,,,,,,,,,,,,,,,,,,,,,,,,,,,,,,,,,,,,,,,,,,,,,,,,,,,,,,,,,,,,,,,,,,,,,,,,,,,,,,,,,,,,,,,,,,,,,,,,,,,
p_32gEeN,Marcelino Moreno,t_0rsFNq,Lanús,VOL,Estudiantes,True,10,3,1,True,0,False,4.732566666666667,9.44674,18.79929,6.604374315423242,1.556,21.3129,0.8596339849983043,0.13150325832485565,0.9859633984998305,1.08,10.134916833333333,10.792069608066992,,,,,,,False,6.15386449878545,,,,,,,,,,,,,,,,,,,,,,,,,,,,,,,,,,,,,,,,,,,,,,,,,,,,,,,,,,,,,,,,,,,,,,,,,,,,,,,,,,,,,,,,,,,,,,,,,,,,,,,,,,,,,,,,,,,,,,,,,,,,,,,,,,,,,,,,,,,,,,,,,,,,,,,,,,,,,,,,,,,,,,,,,,,,,,,,,,,,,,,,,,,,,,,,
p_3QfGtH,Franco Petroli,t_0rsFNq,Lanús,ARQ,Estudiantes,True,2,3,3,True,0,False,9.4325,9.32415,9.584190000000001,0.45969011844937463,8.9991,9.6492,0.7036820492277678,0.6850769128055053,0.9703682049227768,1.08,9.4270825,9.879560413038638,,,,,,,False,7.5205623530242764,,,,,,,,,,,,,,,,,,,,,,,,,,,,,,,,,,,,,,,,,,,,,,,,,,,,,,,,,,,,,,,,,,,,,,,,,,,,,,,,,,,,,,,,,,,,,,,,,,,,,,,,,,,,,,,,,,,,,,,,,,,,,,,,,,,,,,,,,,,,,,,,,,,,,,,,,,,,,,,,,,,,,,,,,,,,,,,,,,,,,,,,,,,,,,,,
p_2ITZER,Facundo Sánchez,t_0rsFNq,Lanús,VOL,Estudiantes,True,4,3,3,True,0,False,3.54636,4.02905,5.55572,2.0260891021867717,1.27,5.5652,0.6994252404934602,0.3304595358006347,0.969942524049346,1.08,4.241776,4.443421233483294,,,,,,,False,6.15386449878545,,,,,,,,,,,,,,,,,,,,,,,,,,,,,,,,,,,,,,,,,,,,,,,,,,,,,,,,,,,,,,,,,,,,,,,,,,,,,,,,,,,,,,,,,,,,,,,,,,,,,,,,,,,,,,,,,,,,,,,,,,,,,,,,,,,,,,,,,,,,,,,,,,,,,,,,,,,,,,,,,,,,,,,,,,,,,,,,,,,,,,,,,,,,,,,,
p_2waho1,Nicolás Morgantini,t_0rsFNq,Lanús,DEF,Estudiantes,True,4,3,3,True,0,False,3.8717600000000005,4.313574999999999,8.56099,4.661502000696771,-1.2433,10.0303,0.6686596477946521,0.1766315723065943,0.9668659647794653,1.08,5.2207935,5.451632147835211,,,,,,,False,6.218483552578269,,,,,,,,,,,,,,,,,,,,,,,,,,,,,,,,,,,,,,,,,,,,,,,,,,,,,,,,,,,,,,,,,,,,,,,,,,,,,,,,,,,,,,,,,,,,,,,,,,,,,,,,,,,,,,,,,,,,,,,,,,,,,,,,,,,,,,,,,,,,,,,,,,,,,,,,,,,,,,,,,,,,,,,,,,,,,,,,,,,,,,,,,,,,,,,,
p_45uQz6,Franco Watson,t_0rsFNq,Lanús,VOL,Estudiantes,True,18,3,3,True,0,False,6.155973333333333,4.515361111111111,6.551340000000001,2.080641696586696,0.4175,7.53,1.0,0.3246076949188816,1.0,1.08,5.598570111111111,6.04645572,,,,,,,False,6.15386449878545,,,,,,,,,,,,,,,,,,,,,,,,,,,,,,,,,,,,,,,,,,,,,,,,,,,,,,,,,,,,,,,,,,,,,,,,,,,,,,,,,,,,,,,,,,,,,,,,,,,,,,,,,,,,,,,,,,,,,,,,,,,,,,,,,,,,,,,,,,,,,,,,,,,,,,,,,,,,,,,,,,,,,,,,,,,,,,,,,,,,,,,,,,,,,,,,
p_4MmWJY,Benjamín Acosta,t_0rsFNq,Lanús,VOL,Estudiantes,True,3,3,3,True,0,False,0.025083333333333346,0.05283333333333332,0.9692,1.5029850575881762,-1.68,1.0025,0.6799045920764368,0.3995229603821842,0.9679904592076437,1.08,0.27221249999999997,0.28457903110722554,,,,,,,False,6.15386449878545,,,,,,,,,,,,,,,,,,,,,,,,,,,,,,,,,,,,,,,,,,,,,,,,,,,,,,,,,,,,,,,,,,,,,,,,,,,,,,,,,,,,,,,,,,,,,,,,,,,,,,,,,,,,,,,,,,,,,,,,,,,,,,,,,,,,,,,,,,,,,,,,,,,,,,,,,,,,,,,,,,,,,,,,,,,,,,,,,,,,,,,,,,,,,,,,
p_43Wo3u,Fernando Muslera,t_1HsET8,Estudiantes,ARQ,Lanús,False,19,3,3,True,2,True,5.7301400000000005,8.76803157894737,14.035319999999999,4.952764403739327,2.7538,21.264,1.0,0.16798917816600192,1.0,0.85,9.021591631578948,7.668352886842106,,,,,,,True,7.5205623530242764,,,,,,,,,,,,,,,,,,,,,,,,,,,,,,,,,,,,,,,,,,,,,,,,,,,,,,,,,,,,,,,,,,,,,,,,,,,,,,,,,,,,,,,,,,,,,,,,,,,,,,,,,,,,,,,,,,,,,,,,,,,,,,,,,,,,,,,,,,,,,,,,,,,,,,,,,,,,,,,,,,,,,,,,,,,,,,,,,,,,,,,,,,,,,,,,
p_2DQVsu,Eric Meza,t_1HsET8,Estudiantes,DEF,Lanús,False,21,3,3,True,3,True,7.9118466666666665,8.514390476190476,13.4833,3.674564908925241,2.1567,16.0559,1.0,0.21392365267849417,1.0,0.85,9.545727523809523,8.113868395238095,,,,,,,True,6.218483552578269,,,,,,,,,,,,,,,,,,,,,,,,,,,,,,,,,,,,,,,,,,,,,,,,,,,,,,,,,,,,,,,,,,,,,,,,,,,,,,,,,,,,,,,,,,,,,,,,,,,,,,,,,,,,,,,,,,,,,,,,,,,,,,,,,,,,,,,,,,,,,,,,,,,,,,,,,,,,,,,,,,,,,,,,,,,,,,,,,,,,,,,,,,,,,,,,
p_2ffBRo,Santiago Núñez,t_1HsET8,Estudiantes,DEF,Lanús,False,19,3,3,True,2,True,8.26458,8.943021052631579,16.498639999999998,6.000701571629302,-1.1737,18.98,1.0,0.1428428265036394,1.0,0.85,10.594471421052631,9.005300707894737,,,,,,,True,6.218483552578269,,,,,,,,,,,,,,,,,,,,,,,,,,,,,,,,,,,,,,,,,,,,,,,,,,,,,,,,,,,,,,,,,,,,,,,,,,,,,,,,,,,,,,,,,,,,,,,,,,,,,,,,,,,,,,,,,,,,,,,,,,,,,,,,,,,,,,,,,,,,,,,,,,,,,,,,,,,,,,,,,,,,,,,,,,,,,,,,,,,,,,,,,,,,,,,,
p_10iCWI,Leandro González Pírez,t_1HsET8,Estudiantes,DEF,Lanús,False,19,3,3,True,2,True,7.896966666666667,8.89043157894737,13.37104,3.7107228488758888,3.744,17.2214,1.0,0.2122816459555943,1.0,0.85,9.662870964912281,8.213440320175438,,,,,,,True,6.218483552578269,,,,,,,,,,,,,,,,,,,,,,,,,,,,,,,,,,,,,,,,,,,,,,,,,,,,,,,,,,,,,,,,,,,,,,,,,,,,,,,,,,,,,,,,,,,,,,,,,,,,,,,,,,,,,,,,,,,,,,,,,,,,,,,,,,,,,,,,,,,,,,,,,,,,,,,,,,,,,,,,,,,,,,,,,,,,,,,,,,,,,,,,,,,,,,,,
p_4LoI3o,Gastón Benedetti,t_1HsET8,Estudiantes,DEF,Lanús,False,21,3,3,True,3,True,10.358533333333332,10.113380952380952,15.4174,4.5672808317005265,-0.43,16.1904,1.0,0.1796209011598486,1.0,0.85,11.525189047619047,9.79641069047619,,,,,,,True,6.218483552578269,,,,,,,,,,,,,,,,,,,,,,,,,,,,,,,,,,,,,,,,,,,,,,,,,,,,,,,,,,,,,,,,,,,,,,,,,,,,,,,,,,,,,,,,,,,,,,,,,,,,,,,,,,,,,,,,,,,,,,,,,,,,,,,,,,,,,,,,,,,,,,,,,,,,,,,,,,,,,,,,,,,,,,,,,,,,,,,,,,,,,,,,,,,,,,,,
p_1E7ljC,Gabriel Neves,t_1HsET8,Estudiantes,VOL,Lanús,False,19,3,3,True,3,True,11.598933333333331,7.323589473684209,13.112119999999999,4.572131134249315,1.3252,16.6621,1.0,0.17946454882467897,1.0,0.85,10.267092456140348,8.727028587719296,,,,,,,True,6.15386449878545,,,,,,,,,,,,,,,,,,,,,,,,,,,,,,,,,,,,,,,,,,,,,,,,,,,,,,,,,,,,,,,,,,,,,,,,,,,,,,,,,,,,,,,,,,,,,,,,,,,,,,,,,,,,,,,,,,,,,,,,,,,,,,,,,,,,,,,,,,,,,,,,,,,,,,,,,,,,,,,,,,,,,,,,,,,,,,,,,,,,,,,,,,,,,,,,
p_4drKzY,Ezequiel Piovi,t_1HsET8,Estudiantes,VOL,Lanús,False,23,3,3,True,1,False,6.19112,9.078834782608695,13.84568,4.858434486503267,2.277,25.1819,1.0,0.17069406550569308,1.0,0.85,9.259845913043478,7.870869026086956,,,,,,,True,6.15386449878545,,,,,,,,,,,,,,,,,,,,,,,,,,,,,,,,,,,,,,,,,,,,,,,,,,,,,,,,,,,,,,,,,,,,,,,,,,,,,,,,,,,,,,,,,,,,,,,,,,,,,,,,,,,,,,,,,,,,,,,,,,,,,,,,,,,,,,,,,,,,,,,,,,,,,,,,,,,,,,,,,,,,,,,,,,,,,,,,,,,,,,,,,,,,,,,,
p_0UPCHl,Fabricio Pérez,t_1HsET8,Estudiantes,VOL,Lanús,False,22,3,3,True,2,True,5.07124,6.259040909090908,11.730310000000001,4.755086982896677,-0.85,17.7073,1.0,0.1737593198802836,1.0,0.85,7.211127863636364,6.129458684090909,,,,,,,True,6.15386449878545,,,,,,,,,,,,,,,,,,,,,,,,,,,,,,,,,,,,,,,,,,,,,,,,,,,,,,,,,,,,,,,,,,,,,,,,,,,,,,,,,,,,,,,,,,,,,,,,,,,,,,,,,,,,,,,,,,,,,,,,,,,,,,,,,,,,,,,,,,,,,,,,,,,,,,,,,,,,,,,,,,,,,,,,,,,,,,,,,,,,,,,,,,,,,,,,
p_4FAIfZ,Alexis Castro,t_1HsET8,Estudiantes,VOL,Lanús,False,25,3,3,True,2,True,4.9016866666666665,7.18196,15.99848,6.561577178036797,-0.19,27.36,1.0,0.13224754260322563,1.0,0.85,8.587994333333334,7.299795183333334,,,,,,,True,6.15386449878545,,,,,,,,,,,,,,,,,,,,,,,,,,,,,,,,,,,,,,,,,,,,,,,,,,,,,,,,,,,,,,,,,,,,,,,,,,,,,,,,,,,,,,,,,,,,,,,,,,,,,,,,,,,,,,,,,,,,,,,,,,,,,,,,,,,,,,,,,,,,,,,,,,,,,,,,,,,,,,,,,,,,,,,,,,,,,,,,,,,,,,,,,,,,,,,,
p_0mUgM6,Joaquín Tobio Burgos,t_1HsET8,Estudiantes,DEL,Lanús,False,18,3,3,True,1,False,4.248033333333333,6.997744444444445,15.042750000000003,5.836656832490791,0.819,21.4351,1.0,0.1462703225423809,1.0,0.85,8.046596944444445,6.839607402777778,,,,,,,True,5.577128809735925,,,,,,,,,,,,,,,,,,,,,,,,,,,,,,,,,,,,,,,,,,,,,,,,,,,,,,,,,,,,,,,,,,,,,,,,,,,,,,,,,,,,,,,,,,,,,,,,,,,,,,,,,,,,,,,,,,,,,,,,,,,,,,,,,,,,,,,,,,,,,,,,,,,,,,,,,,,,,,,,,,,,,,,,,,,,,,,,,,,,,,,,,,,,,,,,
p_1eezYL,Adolfo Gaich,t_1HsET8,Estudiantes,DEL,Lanús,False,16,3,3,True,3,True,6.68562,5.5256,12.006599999999999,6.731554161410275,-1.6,25.24,1.0,0.1293401015013513,1.0,0.85,7.551857,6.41907845,,,,,,,True,5.577128809735925,,,,,,,,,,,,,,,,,,,,,,,,,,,,,,,,,,,,,,,,,,,,,,,,,,,,,,,,,,,,,,,,,,,,,,,,,,,,,,,,,,,,,,,,,,,,,,,,,,,,,,,,,,,,,,,,,,,,,,,,,,,,,,,,,,,,,,,,,,,,,,,,,,,,,,,,,,,,,,,,,,,,,,,,,,,,,,,,,,,,,,,,,,,,,,,,
p_0lXOYJ,Baltasar Rodríguez,t_1HsET8,Estudiantes,VOL,Lanús,False,4,3,2,True,1,False,5.41306,6.044475,7.81364,2.1624740944498426,3.18,7.9892,0.6965749580950985,0.3162081238088258,0.9696574958095099,0.85,6.265771,5.164304044599471,,,,,,,False,6.15386449878545,,,,,,,,,,,,,,,,,,,,,,,,,,,,,,,,,,,,,,,,,,,,,,,,,,,,,,,,,,,,,,,,,,,,,,,,,,,,,,,,,,,,,,,,,,,,,,,,,,,,,,,,,,,,,,,,,,,,,,,,,,,,,,,,,,,,,,,,,,,,,,,,,,,,,,,,,,,,,,,,,,,,,,,,,,,,,,,,,,,,,,,,,,,,,,,,
p_1SE1Bg,Edwuin Cetré,t_1HsET8,Estudiantes,DEL,Lanús,False,22,3,3,True,2,True,5.884553333333333,5.618204545454546,8.82753,4.159526422274223,0.055,16.756,1.0,0.19381623780099155,1.0,0.85,6.513757984848485,5.536694287121212,,,,,,,False,5.577128809735925,,,,,,,,,,,,,,,,,,,,,,,,,,,,,,,,,,,,,,,,,,,,,,,,,,,,,,,,,,,,,,,,,,,,,,,,,,,,,,,,,,,,,,,,,,,,,,,,,,,,,,,,,,,,,,,,,,,,,,,,,,,,,,,,,,,,,,,,,,,,,,,,,,,,,,,,,,,,,,,,,,,,,,,,,,,,,,,,,,,,,,,,,,,,,,,,
p_444eWh,Jalil Elías,t_1HsET8,Estudiantes,VOL,Lanús,False,2,3,3,True,1,False,4.521100000000001,5.791650000000001,8.84097,5.390487125019408,1.98,9.6033,0.5979631853963546,0.15648259364844005,0.9597963185396354,0.85,6.109287500000001,4.984120903690182,,,,,,,False,6.15386449878545,,,,,,,,,,,,,,,,,,,,,,,,,,,,,,,,,,,,,,,,,,,,,,,,,,,,,,,,,,,,,,,,,,,,,,,,,,,,,,,,,,,,,,,,,,,,,,,,,,,,,,,,,,,,,,,,,,,,,,,,,,,,,,,,,,,,,,,,,,,,,,,,,,,,,,,,,,,,,,,,,,,,,,,,,,,,,,,,,,,,,,,,,,,,,,,,
p_3BQAaS,Guido Carrillo,t_1HsET8,Estudiantes,DEL,Lanús,False,21,3,3,True,0,False,3.79712,6.122076190476191,13.3867,5.252069612724565,-1.389,19.7237,1.0,0.15994703545282726,1.0,0.85,7.124497476190476,6.055822854761905,,,,,,,False,5.577128809735925,,,,,,,,,,,,,,,,,,,,,,,,,,,,,,,,,,,,,,,,,,,,,,,,,,,,,,,,,,,,,,,,,,,,,,,,,,,,,,,,,,,,,,,,,,,,,,,,,,,,,,,,,,,,,,,,,,,,,,,,,,,,,,,,,,,,,,,,,,,,,,,,,,,,,,,,,,,,,,,,,,,,,,,,,,,,,,,,,,,,,,,,,,,,,,,,
p_3NKnXO,Brian Aguirre,t_1HsET8,Estudiantes,VOL,Lanús,False,18,3,3,True,1,False,2.886433333333333,4.580516666666667,11.516510000000002,4.208158615503376,0.77,13.9525,1.0,0.19200644101415265,1.0,0.85,5.721585833333334,4.863347958333334,,,,,,,False,6.15386449878545,,,,,,,,,,,,,,,,,,,,,,,,,,,,,,,,,,,,,,,,,,,,,,,,,,,,,,,,,,,,,,,,,,,,,,,,,,,,,,,,,,,,,,,,,,,,,,,,,,,,,,,,,,,,,,,,,,,,,,,,,,,,,,,,,,,,,,,,,,,,,,,,,,,,,,,,,,,,,,,,,,,,,,,,,,,,,,,,,,,,,,,,,,,,,,,,
p_0wvzBl,Fabricio Iacovich,t_1HsET8,Estudiantes,ARQ,Lanús,False,9,3,3,True,1,False,7.10122,8.561866666666667,15.045060000000001,4.99429410928111,2.63,15.9277,0.8333650629004565,0.1668253145022824,0.9833365062900457,0.85,9.671438666666667,8.083736902886688,,,,,,,False,7.5205623530242764,,,,,,,,,,,,,,,,,,,,,,,,,,,,,,,,,,,,,,,,,,,,,,,,,,,,,,,,,,,,,,,,,,,,,,,,,,,,,,,,,,,,,,,,,,,,,,,,,,,,,,,,,,,,,,,,,,,,,,,,,,,,,,,,,,,,,,,,,,,,,,,,,,,,,,,,,,,,,,,,,,,,,,,,,,,,,,,,,,,,,,,,,,,,,,,,
p_375sV8,Eros Mancuso,t_1HsET8,Estudiantes,DEF,Lanús,False,19,3,3,True,0,False,8.778426666666666,7.133505263157894,11.961919999999997,5.08210461373738,1.7323,22.7271,1.0,0.16441677075750133,1.0,0.85,8.91633143859649,7.578881722807017,,,,,,,False,6.218483552578269,,,,,,,,,,,,,,,,,,,,,,,,,,,,,,,,,,,,,,,,,,,,,,,,,,,,,,,,,,,,,,,,,,,,,,,,,,,,,,,,,,,,,,,,,,,,,,,,,,,,,,,,,,,,,,,,,,,,,,,,,,,,,,,,,,,,,,,,,,,,,,,,,,,,,,,,,,,,,,,,,,,,,,,,,,,,,,,,,,,,,,,,,,,,,,,,
p_1TPSrY,Tomás Palacios,t_1HsET8,Estudiantes,DEF,Lanús,False,18,3,2,True,1,False,9.28036666666667,9.52543888888889,14.028020000000001,4.321811512771942,0.24,18.7252,1.0,0.18790594097518792,1.0,0.85,10.56530888888889,8.980512555555556,,,,,,,False,6.218483552578269,,,,,,,,,,,,,,,,,,,,,,,,,,,,,,,,,,,,,,,,,,,,,,,,,,,,,,,,,,,,,,,,,,,,,,,,,,,,,,,,,,,,,,,,,,,,,,,,,,,,,,,,,,,,,,,,,,,,,,,,,,,,,,,,,,,,,,,,,,,,,,,,,,,,,,,,,,,,,,,,,,,,,,,,,,,,,,,,,,,,,,,,,,,,,,,,
p_3zPSfN,Ramiro Funes Mori,t_1HsET8,Estudiantes,DEF,Lanús,False,6,3,1,True,0,False,6.25346,8.0876,11.7208,3.638644724619319,4.0436,11.8693,0.7431160418340539,0.21558020917026954,0.9743116041834055,0.85,8.353950999999999,6.918448690067628,,,,,,,False,6.218483552578269,,,,,,,,,,,,,,,,,,,,,,,,,,,,,,,,,,,,,,,,,,,,,,,,,,,,,,,,,,,,,,,,,,,,,,,,,,,,,,,,,,,,,,,,,,,,,,,,,,,,,,,,,,,,,,,,,,,,,,,,,,,,,,,,,,,,,,,,,,,,,,,,,,,,,,,,,,,,,,,,,,,,,,,,,,,,,,,,,,,,,,,,,,,,,,,,
p_3j26Fw,José Sosa,t_1HsET8,Estudiantes,VOL,Lanús,False,12,3,3,True,1,False,6.567260000000001,5.942208333333332,10.1895,3.471778816912248,0.782,10.9671,0.944724931216097,0.22362465608048507,0.9944724931216098,0.85,7.2227993333333345,6.105443971286537,,,,,,,False,6.15386449878545,,,,,,,,,,,,,,,,,,,,,,,,,,,,,,,,,,,,,,,,,,,,,,,,,,,,,,,,,,,,,,,,,,,,,,,,,,,,,,,,,,,,,,,,,,,,,,,,,,,,,,,,,,,,,,,,,,,,,,,,,,,,,,,,,,,,,,,,,,,,,,,,,,,,,,,,,,,,,,,,,,,,,,,,,,,,,,,,,,,,,,,,,,,,,,,,
p_4duo4k,Marcelo Miño,t_3FROV0,Barracas Central,ARQ,Independiente Rivadavia,True,21,3,3,True,3,True,8.592113333333334,10.317642857142856,16.2912,4.2347748897162685,3.6015,17.419,1.0,0.1910301820169007,1.0,0.8869999999999999,11.207096809523808,9.940694870047617,,,,,,,True,7.5205623530242764,,,,,,,,,,,,,,,,,,,,,,,,,,,,,,,,,,,,,,,,,,,,,,,,,,,,,,,,,,,,,,,,,,,,,,,,,,,,,,,,,,,,,,,,,,,,,,,,,,,,,,,,,,,,,,,,,,,,,,,,,,,,,,,,,,,,,,,,,,,,,,,,,,,,,,,,,,,,,,,,,,,,,,,,,,,,,,,,,,,,,,,,,,,,,,,,
p_4YkG7y,Rafael Barrios,t_3FROV0,Barracas Central,DEF,Independiente Rivadavia,True,18,3,2,True,0,False,5.787000000000001,5.978838888888889,10.812240000000001,3.6998452177702674,-2.04,11.6994,1.0,0.21277296456891123,1.0,0.8869999999999999,7.120045555555556,6.315480407777778,,,,,,,True,6.218483552578269,,,,,,,,,,,,,,,,,,,,,,,,,,,,,,,,,,,,,,,,,,,,,,,,,,,,,,,,,,,,,,,,,,,,,,,,,,,,,,,,,,,,,,,,,,,,,,,,,,,,,,,,,,,,,,,,,,,,,,,,,,,,,,,,,,,,,,,,,,,,,,,,,,,,,,,,,,,,,,,,,,,,,,,,,,,,,,,,,,,,,,,,,,,,,,,,
p_3WKRk7,Yonatthan Rak,t_3FROV0,Barracas Central,DEF,Independiente Rivadavia,True,12,3,3,True,3,True,9.628033333333333,8.074516666666666,11.35984,4.037625525621651,0.254,12.5362,0.9397012439655923,0.19850621982796118,0.9939701243965593,0.8869999999999999,9.439578333333333,8.322418400157911,,,,,,,True,6.218483552578269,,,,,,,,,,,,,,,,,,,,,,,,,,,,,,,,,,,,,,,,,,,,,,,,,,,,,,,,,,,,,,,,,,,,,,,,,,,,,,,,,,,,,,,,,,,,,,,,,,,,,,,,,,,,,,,,,,,,,,,,,,,,,,,,,,,,,,,,,,,,,,,,,,,,,,,,,,,,,,,,,,,,,,,,,,,,,,,,,,,,,,,,,,,,,,,,
p_3ZKy4R,Nicolás Demartini,t_3FROV0,Barracas Central,DEF,Independiente Rivadavia,True,19,3,3,True,3,True,8.166553333333335,7.796084210526317,10.79572,2.8457935456980787,3.14,13.685,1.0,0.26002435859267703,1.0,0.8869999999999999,8.675657350877195,7.695308070228071,,,,,,,True,6.218483552578269,,,,,,,,,,,,,,,,,,,,,,,,,,,,,,,,,,,,,,,,,,,,,,,,,,,,,,,,,,,,,,,,,,,,,,,,,,,,,,,,,,,,,,,,,,,,,,,,,,,,,,,,,,,,,,,,,,,,,,,,,,,,,,,,,,,,,,,,,,,,,,,,,,,,,,,,,,,,,,,,,,,,,,,,,,,,,,,,,,,,,,,,,,,,,,,,
p_2j4Vzq,Elías Pereyra,t_3FROV0,Barracas Central,DEF,Independiente Rivadavia,True,7,3,3,True,3,True,4.3496,3.689628571428572,8.320500000000001,3.6828809102450784,-1.4167,9.7107,0.7760420854526635,0.21354376059665053,0.9776042085452664,0.8869999999999999,5.078336428571429,4.403602918637407,,,,,,,True,6.218483552578269,,,,,,,,,,,,,,,,,,,,,,,,,,,,,,,,,,,,,,,,,,,,,,,,,,,,,,,,,,,,,,,,,,,,,,,,,,,,,,,,,,,,,,,,,,,,,,,,,,,,,,,,,,,,,,,,,,,,,,,,,,,,,,,,,,,,,,,,,,,,,,,,,,,,,,,,,,,,,,,,,,,,,,,,,,,,,,,,,,,,,,,,,,,,,,,,
p_0lnkFp,Dardo Federico Miloc,t_3FROV0,Barracas Central,VOL,Independiente Rivadavia,True,24,3,3,True,3,True,5.597326666666667,6.532408333333334,10.030050000000001,3.0785859057460083,1.4378,10.9583,1.0,0.24518301762166547,1.0,0.8869999999999999,7.079540166666668,6.279552127833334,,,,,,,True,6.15386449878545,,,,,,,,,,,,,,,,,,,,,,,,,,,,,,,,,,,,,,,,,,,,,,,,,,,,,,,,,,,,,,,,,,,,,,,,,,,,,,,,,,,,,,,,,,,,,,,,,,,,,,,,,,,,,,,,,,,,,,,,,,,,,,,,,,,,,,,,,,,,,,,,,,,,,,,,,,,,,,,,,,,,,,,,,,,,,,,,,,,,,,,,,,,,,,,,
p_1uaYbk,Rodrigo Bogarín,t_3FROV0,Barracas Central,VOL,Independiente Rivadavia,True,7,3,3,True,0,False,4.543173333333333,4.241457142857143,9.134640000000001,3.8934683059611275,-0.44,9.2742,0.7742041406003108,0.20435403633488738,0.9774204140600311,0.8869999999999999,5.570353523809524,4.829340018712258,,,,,,,True,6.15386449878545,,,,,,,,,,,,,,,,,,,,,,,,,,,,,,,,,,,,,,,,,,,,,,,,,,,,,,,,,,,,,,,,,,,,,,,,,,,,,,,,,,,,,,,,,,,,,,,,,,,,,,,,,,,,,,,,,,,,,,,,,,,,,,,,,,,,,,,,,,,,,,,,,,,,,,,,,,,,,,,,,,,,,,,,,,,,,,,,,,,,,,,,,,,,,,,,
p_2lDCQ8,Esteban Rolón,t_3FROV0,Barracas Central,VOL,Independiente Rivadavia,True,3,3,3,True,0,False,5.571466666666667,6.231433333333334,8.198680000000001,2.77468923365002,3.1292,8.4761,0.6529844942510951,0.2649224712554754,0.9652984494251096,0.8869999999999999,6.492256666666668,5.558798215426006,,,,,,,True,6.15386449878545,,,,,,,,,,,,,,,,,,,,,,,,,,,,,,,,,,,,,,,,,,,,,,,,,,,,,,,,,,,,,,,,,,,,,,,,,,,,,,,,,,,,,,,,,,,,,,,,,,,,,,,,,,,,,,,,,,,,,,,,,,,,,,,,,,,,,,,,,,,,,,,,,,,,,,,,,,,,,,,,,,,,,,,,,,,,,,,,,,,,,,,,,,,,,,,,
p_2N9XHp,Iván Tapia,t_3FROV0,Barracas Central,VOL,Independiente Rivadavia,True,26,3,3,True,3,True,9.11336,7.651642307692308,12.40245,3.5306186379356324,2.5729,16.5158,1.0,0.22072040926747438,1.0,0.8869999999999999,9.350945423076924,8.29428859026923,,,,,,,True,6.15386449878545,,,,,,,,,,,,,,,,,,,,,,,,,,,,,,,,,,,,,,,,,,,,,,,,,,,,,,,,,,,,,,,,,,,,,,,,,,,,,,,,,,,,,,,,,,,,,,,,,,,,,,,,,,,,,,,,,,,,,,,,,,,,,,,,,,,,,,,,,,,,,,,,,,,,,,,,,,,,,,,,,,,,,,,,,,,,,,,,,,,,,,,,,,,,,,,,
p_2TqnnA,Norberto Briasco,t_3FROV0,Barracas Central,DEL,Independiente Rivadavia,True,17,3,3,True,3,True,3.1268533333333335,3.7970294117647065,6.75756,2.750305948154838,0.11,11.1567,1.0,0.26664491212830327,1.0,0.8869999999999999,4.30260043137255,3.8164065826274514,,,,,,,True,5.577128809735925,,,,,,,,,,,,,,,,,,,,,,,,,,,,,,,,,,,,,,,,,,,,,,,,,,,,,,,,,,,,,,,,,,,,,,,,,,,,,,,,,,,,,,,,,,,,,,,,,,,,,,,,,,,,,,,,,,,,,,,,,,,,,,,,,,,,,,,,,,,,,,,,,,,,,,,,,,,,,,,,,,,,,,,,,,,,,,,,,,,,,,,,,,,,,,,,
p_3WxKBx,Jhonatan Candia,t_3FROV0,Barracas Central,DEL,Independiente Rivadavia,True,23,3,3,True,0,False,1.4128866666666666,3.6060304347826087,8.647400000000001,3.54545931124135,-0.3844,12.3513,1.0,0.2199997693361605,1.0,0.8869999999999999,4.098772507246377,3.6356112139275356,,,,,,,True,5.577128809735925,,,,,,,,,,,,,,,,,,,,,,,,,,,,,,,,,,,,,,,,,,,,,,,,,,,,,,,,,,,,,,,,,,,,,,,,,,,,,,,,,,,,,,,,,,,,,,,,,,,,,,,,,,,,,,,,,,,,,,,,,,,,,,,,,,,,,,,,,,,,,,,,,,,,,,,,,,,,,,,,,,,,,,,,,,,,,,,,,,,,,,,,,,,,,,,,
p_1Uzxie,Gonzalo Maroni,t_3FROV0,Barracas Central,VOL,Independiente Rivadavia,True,20,3,3,True,3,True,5.458373333333332,4.852670000000001,8.748890000000006,3.814185257292489,-0.3,12.7973,1.0,0.20771946789650608,1.0,0.8869999999999999,6.038721166666669,5.356345674833334,,,,,,,False,6.15386449878545,,,,,,,,,,,,,,,,,,,,,,,,,,,,,,,,,,,,,,,,,,,,,,,,,,,,,,,,,,,,,,,,,,,,,,,,,,,,,,,,,,,,,,,,,,,,,,,,,,,,,,,,,,,,,,,,,,,,,,,,,,,,,,,,,,,,,,,,,,,,,,,,,,,,,,,,,,,,,,,,,,,,,,,,,,,,,,,,,,,,,,,,,,,,,,,,
p_0QeOVx,Rodrigo Insúa,t_3FROV0,Barracas Central,VOL,Independiente Rivadavia,True,25,3,3,True,0,False,3.930613333333333,7.9601440000000006,13.128200000000001,3.76168206292965,1.79,14.5156,1.0,0.2100098214841217,1.0,0.8869999999999999,7.841822266666668,6.955696350533334,,,,,,,False,6.15386449878545,,,,,,,,,,,,,,,,,,,,,,,,,,,,,,,,,,,,,,,,,,,,,,,,,,,,,,,,,,,,,,,,,,,,,,,,,,,,,,,,,,,,,,,,,,,,,,,,,,,,,,,,,,,,,,,,,,,,,,,,,,,,,,,,,,,,,,,,,,,,,,,,,,,,,,,,,,,,,,,,,,,,,,,,,,,,,,,,,,,,,,,,,,,,,,,,
p_4M9q4h,Enzo Taborda,t_3FROV0,Barracas Central,VOL,Independiente Rivadavia,True,10,3,3,True,0,False,3.20476,2.8872499999999994,5.110709999999999,2.0072545856633797,-0.3,5.5671,0.8998391758893539,0.3325292127801035,0.9899839175889354,0.8869999999999999,3.5542434999999997,3.1210371430209727,,,,,,,False,6.15386449878545,,,,,,,,,,,,,,,,,,,,,,,,,,,,,,,,,,,,,,,,,,,,,,,,,,,,,,,,,,,,,,,,,,,,,,,,,,,,,,,,,,,,,,,,,,,,,,,,,,,,,,,,,,,,,,,,,,,,,,,,,,,,,,,,,,,,,,,,,,,,,,,,,,,,,,,,,,,,,,,,,,,,,,,,,,,,,,,,,,,,,,,,,,,,,,,,
p_4KHTxx,Damián Martínez,t_3FROV0,Barracas Central,DEF,Independiente Rivadavia,True,14,3,3,True,3,True,3.229306666666667,5.1609,8.36955,3.642007410966988,0.3969,12.8418,1.0,0.2154240421153674,1.0,0.8869999999999999,5.2870048333333335,4.689573287166667,,,,,,,False,6.218483552578269,,,,,,,,,,,,,,,,,,,,,,,,,,,,,,,,,,,,,,,,,,,,,,,,,,,,,,,,,,,,,,,,,,,,,,,,,,,,,,,,,,,,,,,,,,,,,,,,,,,,,,,,,,,,,,,,,,,,,,,,,,,,,,,,,,,,,,,,,,,,,,,,,,,,,,,,,,,,,,,,,,,,,,,,,,,,,,,,,,,,,,,,,,,,,,,,
p_4GYgI9,Facundo Bruera,t_3FROV0,Barracas Central,DEL,Independiente Rivadavia,True,21,3,3,True,0,False,1.23932,3.0829952380952386,6.145,3.2565685993812856,-1.0175,13.6167,1.0,0.23493101935332492,1.0,0.8869999999999999,3.203210095238095,2.84124735447619,,,,,,,False,5.577128809735925,,,,,,,,,,,,,,,,,,,,,,,,,,,,,,,,,,,,,,,,,,,,,,,,,,,,,,,,,,,,,,,,,,,,,,,,,,,,,,,,,,,,,,,,,,,,,,,,,,,,,,,,,,,,,,,,,,,,,,,,,,,,,,,,,,,,,,,,,,,,,,,,,,,,,,,,,,,,,,,,,,,,,,,,,,,,,,,,,,,,,,,,,,,,,,,,
p_3NlPl1,Nicolás Capraro,t_3FROV0,Barracas Central,DEF,Independiente Rivadavia,True,19,3,3,True,0,False,1.9220533333333332,5.8725578947368415,12.06406,4.025294706852846,0.9335,13.2593,1.0,0.19899330453920036,1.0,0.8869999999999999,6.037756824561403,5.355490303385964,,,,,,,False,6.218483552578269,,,,,,,,,,,,,,,,,,,,,,,,,,,,,,,,,,,,,,,,,,,,,,,,,,,,,,,,,,,,,,,,,,,,,,,,,,,,,,,,,,,,,,,,,,,,,,,,,,,,,,,,,,,,,,,,,,,,,,,,,,,,,,,,,,,,,,,,,,,,,,,,,,,,,,,,,,,,,,,,,,,,,,,,,,,,,,,,,,,,,,,,,,,,,,,,
p_3f89Le,Gastón Campi,t_3FROV0,Barracas Central,DEF,Independiente Rivadavia,True,9,3,3,True,0,False,4.587953333333333,6.522177777777779,10.427640000000002,3.833869290539839,-0.17,13.6946,0.8413747223971099,0.20687361198554904,0.984137472239711,0.8869999999999999,6.821564777777779,5.95474811768692,,,,,,,False,6.218483552578269,,,,,,,,,,,,,,,,,,,,,,,,,,,,,,,,,,,,,,,,,,,,,,,,,,,,,,,,,,,,,,,,,,,,,,,,,,,,,,,,,,,,,,,,,,,,,,,,,,,,,,,,,,,,,,,,,,,,,,,,,,,,,,,,,,,,,,,,,,,,,,,,,,,,,,,,,,,,,,,,,,,,,,,,,,,,,,,,,,,,,,,,,,,,,,,,
p_3oLDhv,Iván Guaraz,t_3FROV0,Barracas Central,VOL,Independiente Rivadavia,True,11,3,3,True,0,False,3.377593333333333,4.499509090909091,9.0025,3.268221556888255,-0.254,9.4187,0.9135245903555695,0.2342896184445143,0.991352459035557,0.8869999999999999,5.232586303030303,4.6011681838802545,,,,,,,False,6.15386449878545,,,,,,,,,,,,,,,,,,,,,,,,,,,,,,,,,,,,,,,,,,,,,,,,,,,,,,,,,,,,,,,,,,,,,,,,,,,,,,,,,,,,,,,,,,,,,,,,,,,,,,,,,,,,,,,,,,,,,,,,,,,,,,,,,,,,,,,,,,,,,,,,,,,,,,,,,,,,,,,,,,,,,,,,,,,,,,,,,,,,,,,,,,,,,,,,
p_0gsu1O,Nicolás Bolcato,t_0SmVI4,Independiente Rivadavia,ARQ,Barracas Central,False,23,3,3,True,3,True,10.447586666666666,10.190760869565217,14.18862,3.578385305583706,3.97,18.261,1.0,0.21841761521915168,1.0,0.9869999999999999,11.28011468115942,11.133473190304345,,,,,,,True,7.5205623530242764,,,,,,,,,,,,,,,,,,,,,,,,,,,,,,,,,,,,,,,,,,,,,,,,,,,,,,,,,,,,,,,,,,,,,,,,,,,,,,,,,,,,,,,,,,,,,,,,,,,,,,,,,,,,,,,,,,,,,,,,,,,,,,,,,,,,,,,,,,,,,,,,,,,,,,,,,,,,,,,,,,,,,,,,,,,,,,,,,,,,,,,,,,,,,,,,
p_0IAs6W,Leonard Costa,t_0SmVI4,Independiente Rivadavia,DEF,Barracas Central,False,23,3,3,True,3,True,7.20716,7.323686956521739,12.352200000000002,4.437279466612638,-1.0533,20.6838,1.0,0.18391550519712177,1.0,0.9869999999999999,8.540030782608696,8.429010382434782,,,,,,,True,6.218483552578269,,,,,,,,,,,,,,,,,,,,,,,,,,,,,,,,,,,,,,,,,,,,,,,,,,,,,,,,,,,,,,,,,,,,,,,,,,,,,,,,,,,,,,,,,,,,,,,,,,,,,,,,,,,,,,,,,,,,,,,,,,,,,,,,,,,,,,,,,,,,,,,,,,,,,,,,,,,,,,,,,,,,,,,,,,,,,,,,,,,,,,,,,,,,,,,,
p_0rDLh7,Iván Villalba,t_0SmVI4,Independiente Rivadavia,DEF,Barracas Central,False,22,3,3,True,3,True,8.497813333333333,7.200218181818181,10.703579999999999,3.0379003566273424,0.4112,12.0281,1.0,0.24765346137348726,1.0,0.9869999999999999,8.530216939393938,8.419324119181816,,,,,,,True,6.218483552578269,,,,,,,,,,,,,,,,,,,,,,,,,,,,,,,,,,,,,,,,,,,,,,,,,,,,,,,,,,,,,,,,,,,,,,,,,,,,,,,,,,,,,,,,,,,,,,,,,,,,,,,,,,,,,,,,,,,,,,,,,,,,,,,,,,,,,,,,,,,,,,,,,,,,,,,,,,,,,,,,,,,,,,,,,,,,,,,,,,,,,,,,,,,,,,,,
p_2R7VhN,Sheyko Studer,t_0SmVI4,Independiente Rivadavia,DEF,Barracas Central,False,19,3,1,True,1,False,8.266966666666667,9.944678947368422,13.824639999999999,3.363866417379948,3.0,14.88,1.0,0.22915458548806747,1.0,0.9869999999999999,10.327469912280701,10.193212803421051,,,,,,,True,6.218483552578269,,,,,,,,,,,,,,,,,,,,,,,,,,,,,,,,,,,,,,,,,,,,,,,,,,,,,,,,,,,,,,,,,,,,,,,,,,,,,,,,,,,,,,,,,,,,,,,,,,,,,,,,,,,,,,,,,,,,,,,,,,,,,,,,,,,,,,,,,,,,,,,,,,,,,,,,,,,,,,,,,,,,,,,,,,,,,,,,,,,,,,,,,,,,,,,,
p_3SmwDm,José Florentín,t_0SmVI4,Independiente Rivadavia,VOL,Barracas Central,False,24,3,3,True,3,True,13.280533333333333,11.068654166666667,17.036530000000003,4.362755944601508,5.161,20.29,1.0,0.1864712864672993,1.0,0.9869999999999999,13.334780833333333,13.161428682499999,,,,,,,True,6.15386449878545,,,,,,,,,,,,,,,,,,,,,,,,,,,,,,,,,,,,,,,,,,,,,,,,,,,,,,,,,,,,,,,,,,,,,,,,,,,,,,,,,,,,,,,,,,,,,,,,,,,,,,,,,,,,,,,,,,,,,,,,,,,,,,,,,,,,,,,,,,,,,,,,,,,,,,,,,,,,,,,,,,,,,,,,,,,,,,,,,,,,,,,,,,,,,,,,
p_4DVJGJ,Matías Fernández,t_0SmVI4,Independiente Rivadavia,VOL,Barracas Central,False,22,3,3,True,2,True,8.16844,9.143245454545456,15.59482,5.2024271104687525,2.2841,21.7643,1.0,0.1612272070577262,1.0,0.9869999999999999,10.414957181818183,10.279562738454546,,,,,,,True,6.15386449878545,,,,,,,,,,,,,,,,,,,,,,,,,,,,,,,,,,,,,,,,,,,,,,,,,,,,,,,,,,,,,,,,,,,,,,,,,,,,,,,,,,,,,,,,,,,,,,,,,,,,,,,,,,,,,,,,,,,,,,,,,,,,,,,,,,,,,,,,,,,,,,,,,,,,,,,,,,,,,,,,,,,,,,,,,,,,,,,,,,,,,,,,,,,,,,,,
p_2uz4qA,Luis Sequeira,t_0SmVI4,Independiente Rivadavia,VOL,Barracas Central,False,6,3,3,True,0,False,3.1940933333333335,3.2895333333333334,5.45265,1.8458529038541143,1.29,5.762,0.7702777011872756,0.35138850593637805,0.9770277701187275,0.9869999999999999,3.7969085000000002,3.6614591395135445,,,,,,,True,6.15386449878545,,,,,,,,,,,,,,,,,,,,,,,,,,,,,,,,,,,,,,,,,,,,,,,,,,,,,,,,,,,,,,,,,,,,,,,,,,,,,,,,,,,,,,,,,,,,,,,,,,,,,,,,,,,,,,,,,,,,,,,,,,,,,,,,,,,,,,,,,,,,,,,,,,,,,,,,,,,,,,,,,,,,,,,,,,,,,,,,,,,,,,,,,,,,,,,,
p_2qOlGo,Juan Elordi,t_0SmVI4,Independiente Rivadavia,DEF,Barracas Central,False,23,3,3,True,2,True,8.64302,9.118978260869566,13.52232,3.921428413793363,4.0011,20.7897,1.0,0.20319303989006213,1.0,0.9869999999999999,10.053228304347826,9.922536336391303,,,,,,,True,6.218483552578269,,,,,,,,,,,,,,,,,,,,,,,,,,,,,,,,,,,,,,,,,,,,,,,,,,,,,,,,,,,,,,,,,,,,,,,,,,,,,,,,,,,,,,,,,,,,,,,,,,,,,,,,,,,,,,,,,,,,,,,,,,,,,,,,,,,,,,,,,,,,,,,,,,,,,,,,,,,,,,,,,,,,,,,,,,,,,,,,,,,,,,,,,,,,,,,,
p_44aH5B,Fabrizio Sartori,t_0SmVI4,Independiente Rivadavia,DEL,Barracas Central,False,22,3,3,True,2,True,5.638780000000001,7.339431818181819,13.622550000000002,5.344804946539999,0.7033,20.76,1.0,0.15760925803484757,1.0,0.9869999999999999,8.314983227272728,8.206888445318182,,,,,,,True,5.577128809735925,,,,,,,,,,,,,,,,,,,,,,,,,,,,,,,,,,,,,,,,,,,,,,,,,,,,,,,,,,,,,,,,,,,,,,,,,,,,,,,,,,,,,,,,,,,,,,,,,,,,,,,,,,,,,,,,,,,,,,,,,,,,,,,,,,,,,,,,,,,,,,,,,,,,,,,,,,,,,,,,,,,,,,,,,,,,,,,,,,,,,,,,,,,,,,,,
p_2cIE4k,Maximiliano Salas,t_0SmVI4,Independiente Rivadavia,DEL,Barracas Central,False,5,3,2,True,2,True,9.379306666666668,8.562259999999998,12.091880000000002,4.0192701785274405,2.4486,13.1498,0.7065130971010363,0.19923215217184845,0.9706513097101036,0.9869999999999999,9.730631333333333,9.32226439738209,,,,,,,True,5.577128809735925,,,,,,,,,,,,,,,,,,,,,,,,,,,,,,,,,,,,,,,,,,,,,,,,,,,,,,,,,,,,,,,,,,,,,,,,,,,,,,,,,,,,,,,,,,,,,,,,,,,,,,,,,,,,,,,,,,,,,,,,,,,,,,,,,,,,,,,,,,,,,,,,,,,,,,,,,,,,,,,,,,,,,,,,,,,,,,,,,,,,,,,,,,,,,,,,
p_1F6yoe,Leonel Bucca,t_0SmVI4,Independiente Rivadavia,VOL,Barracas Central,False,13,3,3,True,1,False,5.075819999999999,7.330546153846153,13.507100000000001,4.616498243368629,1.83,15.83,0.9689427097336801,0.17804688200173388,0.996894270973368,0.9869999999999999,8.085530461538461,7.955633547954794,,,,,,,False,6.15386449878545,,,,,,,,,,,,,,,,,,,,,,,,,,,,,,,,,,,,,,,,,,,,,,,,,,,,,,,,,,,,,,,,,,,,,,,,,,,,,,,,,,,,,,,,,,,,,,,,,,,,,,,,,,,,,,,,,,,,,,,,,,,,,,,,,,,,,,,,,,,,,,,,,,,,,,,,,,,,,,,,,,,,,,,,,,,,,,,,,,,,,,,,,,,,,,,,
p_4PBWTZ,Tomás Bottari,t_0SmVI4,Independiente Rivadavia,VOL,Barracas Central,False,19,3,3,True,3,True,9.095806666666666,8.26491052631579,13.13298,4.658805861769818,-2.8,14.79,1.0,0.17671572844650396,1.0,0.9869999999999999,9.772741543859649,9.645695903789472,,,,,,,False,6.15386449878545,,,,,,,,,,,,,,,,,,,,,,,,,,,,,,,,,,,,,,,,,,,,,,,,,,,,,,,,,,,,,,,,,,,,,,,,,,,,,,,,,,,,,,,,,,,,,,,,,,,,,,,,,,,,,,,,,,,,,,,,,,,,,,,,,,,,,,,,,,,,,,,,,,,,,,,,,,,,,,,,,,,,,,,,,,,,,,,,,,,,,,,,,,,,,,,,
p_0wgKrv,Luis Díaz,t_0SmVI4,Independiente Rivadavia,DEL,Barracas Central,False,2,3,3,True,0,False,2.4647666666666663,2.39215,2.56643,0.3080864245629786,2.1743,2.61,0.7195617630795955,0.7644754820646442,0.9719561763079596,0.9869999999999999,2.461135833333333,2.3610186636799346,,,,,,,False,5.577128809735925,,,,,,,,,,,,,,,,,,,,,,,,,,,,,,,,,,,,,,,,,,,,,,,,,,,,,,,,,,,,,,,,,,,,,,,,,,,,,,,,,,,,,,,,,,,,,,,,,,,,,,,,,,,,,,,,,,,,,,,,,,,,,,,,,,,,,,,,,,,,,,,,,,,,,,,,,,,,,,,,,,,,,,,,,,,,,,,,,,,,,,,,,,,,,,,,
p_3WvG1h,Alex Vigo,t_0SmVI4,Independiente Rivadavia,DEF,Barracas Central,False,5,3,3,True,1,False,6.76106,5.863519999999999,11.76728,5.436808444023018,0.6344,12.4994,0.6977379657024042,0.15535649517868796,0.9697737965702404,0.9869999999999999,7.653599,7.325770382780664,,,,,,,False,6.218483552578269,,,,,,,,,,,,,,,,,,,,,,,,,,,,,,,,,,,,,,,,,,,,,,,,,,,,,,,,,,,,,,,,,,,,,,,,,,,,,,,,,,,,,,,,,,,,,,,,,,,,,,,,,,,,,,,,,,,,,,,,,,,,,,,,,,,,,,,,,,,,,,,,,,,,,,,,,,,,,,,,,,,,,,,,,,,,,,,,,,,,,,,,,,,,,,,,
p_4RJnnl,Gonzalo Ríos,t_0SmVI4,Independiente Rivadavia,VOL,Barracas Central,False,24,3,3,True,3,True,10.812833333333334,7.0869,14.27436,5.573863237429244,-1.46,21.4616,1.0,0.15211755460721407,1.0,0.9869999999999999,10.187841666666667,10.055399725,,,,,,,False,6.15386449878545,,,,,,,,,,,,,,,,,,,,,,,,,,,,,,,,,,,,,,,,,,,,,,,,,,,,,,,,,,,,,,,,,,,,,,,,,,,,,,,,,,,,,,,,,,,,,,,,,,,,,,,,,,,,,,,,,,,,,,,,,,,,,,,,,,,,,,,,,,,,,,,,,,,,,,,,,,,,,,,,,,,,,,,,,,,,,,,,,,,,,,,,,,,,,,,,
p_2AgfXH,Emmanuel Gómez,t_0SmVI4,Independiente Rivadavia,ARQ,Barracas Central,False,2,3,3,True,0,False,4.580766666666666,5.6433,8.19338,4.507947151420478,2.4557,8.8309,0.6029778356923936,0.18155584512863454,0.9602977835692393,0.9869999999999999,5.908933333333334,5.6005692206760385,,,,,,,False,7.5205623530242764,,,,,,,,,,,,,,,,,,,,,,,,,,,,,,,,,,,,,,,,,,,,,,,,,,,,,,,,,,,,,,,,,,,,,,,,,,,,,,,,,,,,,,,,,,,,,,,,,,,,,,,,,,,,,,,,,,,,,,,,,,,,,,,,,,,,,,,,,,,,,,,,,,,,,,,,,,,,,,,,,,,,,,,,,,,,,,,,,,,,,,,,,,,,,,,,
p_4Iz6rB,Alejo Osella,t_0SmVI4,Independiente Rivadavia,DEF,Barracas Central,False,18,3,3,True,1,False,3.5734866666666663,7.552844444444444,16.81429,5.440013791312776,0.1835,18.1412,1.0,0.15527917057397378,1.0,0.9869999999999999,8.475430611111111,8.365250013166666,,,,,,,False,6.218483552578269,,,,,,,,,,,,,,,,,,,,,,,,,,,,,,,,,,,,,,,,,,,,,,,,,,,,,,,,,,,,,,,,,,,,,,,,,,,,,,,,,,,,,,,,,,,,,,,,,,,,,,,,,,,,,,,,,,,,,,,,,,,,,,,,,,,,,,,,,,,,,,,,,,,,,,,,,,,,,,,,,,,,,,,,,,,,,,,,,,,,,,,,,,,,,,,,
p_0SXASP,Stéfano Moreyra,t_0SmVI4,Independiente Rivadavia,VOL,Barracas Central,False,7,3,3,True,0,False,3.824993333333333,3.632957142857143,5.114400000000001,1.543182180708792,1.3933,5.865,0.8119749664483702,0.39320816557518395,0.981197496644837,0.9869999999999999,4.0705305238095235,3.9420724332985833,,,,,,,False,6.15386449878545,,,,,,,,,,,,,,,,,,,,,,,,,,,,,,,,,,,,,,,,,,,,,,,,,,,,,,,,,,,,,,,,,,,,,,,,,,,,,,,,,,,,,,,,,,,,,,,,,,,,,,,,,,,,,,,,,,,,,,,,,,,,,,,,,,,,,,,,,,,,,,,,,,,,,,,,,,,,,,,,,,,,,,,,,,,,,,,,,,,,,,,,,,,,,,,,
p_2VmVcx,Diego Crego,t_0SmVI4,Independiente Rivadavia,VOL,Barracas Central,False,10,3,2,True,0,False,3.25056,4.03292,5.237999999999999,1.621310221737688,2.35,8.01,0.909631055877374,0.3814886127202036,0.9909631055877375,0.9869999999999999,4.060364,3.9713631973063115,,,,,,,False,6.15386449878545,,,,,,,,,,,,,,,,,,,,,,,,,,,,,,,,,,,,,,,,,,,,,,,,,,,,,,,,,,,,,,,,,,,,,,,,,,,,,,,,,,,,,,,,,,,,,,,,,,,,,,,,,,,,,,,,,,,,,,,,,,,,,,,,,,,,,,,,,,,,,,,,,,,,,,,,,,,,,,,,,,,,,,,,,,,,,,,,,,,,,,,,,,,,,,,,
p_1voGzb,Kevin Vázquez,t_0SmVI4,Independiente Rivadavia,VOL,Barracas Central,False,6,3,3,True,0,False,5.048559999999999,4.76015,8.27935,2.783371135691394,2.43,8.88,0.752862907927073,0.26431453963536533,0.9752862907927073,0.9869999999999999,5.7408935,5.526227535994101,,,,,,,False,6.15386449878545,,,,,,,,,,,,,,,,,,,,,,,,,,,,,,,,,,,,,,,,,,,,,,,,,,,,,,,,,,,,,,,,,,,,,,,,,,,,,,,,,,,,,,,,,,,,,,,,,,,,,,,,,,,,,,,,,,,,,,,,,,,,,,,,,,,,,,,,,,,,,,,,,,,,,,,,,,,,,,,,,,,,,,,,,,,,,,,,,,,,,,,,,,,,,,,,
p_15Ftki,Rodrigo Atencio,t_0SmVI4,Independiente Rivadavia,VOL,Barracas Central,False,19,3,3,True,0,False,4.542353333333334,6.735226315789474,13.973319999999998,5.251597884966072,0.61,18.9067,1.0,0.15995910460025167,1.0,0.9869999999999999,7.777244192982455,7.676140018473682,,,,,,,False,6.15386449878545,,,,,,,,,,,,,,,,,,,,,,,,,,,,,,,,,,,,,,,,,,,,,,,,,,,,,,,,,,,,,,,,,,,,,,,,,,,,,,,,,,,,,,,,,,,,,,,,,,,,,,,,,,,,,,,,,,,,,,,,,,,,,,,,,,,,,,,,,,,,,,,,,,,,,,,,,,,,,,,,,,,,,,,,,,,,,,,,,,,,,,,,,,,,,,,,
p_3fPo7i,Victorio Gabriel Ramis,t_0SmVI4,Independiente Rivadavia,DEL,Barracas Central,False,5,3,3,True,0,False,2.227706666666667,2.80378,4.978,2.4170559451531113,-0.37,5.31,0.7251965834166947,0.2926495837501402,0.9725196583416695,0.9869999999999999,3.1457093333333335,3.0194937319362922,,,,,,,False,5.577128809735925,,,,,,,,,,,,,,,,,,,,,,,,,,,,,,,,,,,,,,,,,,,,,,,,,,,,,,,,,,,,,,,,,,,,,,,,,,,,,,,,,,,,,,,,,,,,,,,,,,,,,,,,,,,,,,,,,,,,,,,,,,,,,,,,,,,,,,,,,,,,,,,,,,,,,,,,,,,,,,,,,,,,,,,,,,,,,,,,,,,,,,,,,,,,,,,,
p_2tK1WJ,Axel Werner,t_1rEb7t,Rosario Central,ARQ,Argentinos Juniors,True,2,3,3,True,1,False,14.606666666666667,14.895,15.587,1.2232947314527276,14.03,15.76,0.6566232509964993,0.4497829216491634,0.96566232509965,1.088,14.967083333333335,15.725025558890056,,,,,,,True,7.5205623530242764,,,,,,,,,,,,,,,,,,,,,,,,,,,,,,,,,,,,,,,,,,,,,,,,,,,,,,,,,,,,,,,,,,,,,,,,,,,,,,,,,,,,,,,,,,,,,,,,,,,,,,,,,,,,,,,,,,,,,,,,,,,,,,,,,,,,,,,,,,,,,,,,,,,,,,,,,,,,,,,,,,,,,,,,,,,,,,,,,,,,,,,,,,,,,,,,
p_33jhYq,Elías Verón,t_1rEb7t,Rosario Central,DEF,Argentinos Juniors,True,8,3,3,True,1,False,9.166626666666666,8.1049,13.47104,5.465454578924402,-2.55,13.5997,0.7976002998023698,0.1546681656785161,0.979760029980237,1.088,9.818039333333333,10.465822892592309,,,,,,,True,6.218483552578269,,,,,,,,,,,,,,,,,,,,,,,,,,,,,,,,,,,,,,,,,,,,,,,,,,,,,,,,,,,,,,,,,,,,,,,,,,,,,,,,,,,,,,,,,,,,,,,,,,,,,,,,,,,,,,,,,,,,,,,,,,,,,,,,,,,,,,,,,,,,,,,,,,,,,,,,,,,,,,,,,,,,,,,,,,,,,,,,,,,,,,,,,,,,,,,,
p_3FvFpo,Ignacio Ovando,t_1rEb7t,Rosario Central,DEF,Argentinos Juniors,True,24,3,3,True,3,True,10.726966666666666,9.346591666666667,12.74258,3.8479340707671974,0.5231,16.7217,1.0,0.20627343222960695,1.0,1.088,10.678719999999998,11.61844736,,,,,,,True,6.218483552578269,,,,,,,,,,,,,,,,,,,,,,,,,,,,,,,,,,,,,,,,,,,,,,,,,,,,,,,,,,,,,,,,,,,,,,,,,,,,,,,,,,,,,,,,,,,,,,,,,,,,,,,,,,,,,,,,,,,,,,,,,,,,,,,,,,,,,,,,,,,,,,,,,,,,,,,,,,,,,,,,,,,,,,,,,,,,,,,,,,,,,,,,,,,,,,,,
p_3lGmY0,Gastón Ávila,t_1rEb7t,Rosario Central,DEF,Argentinos Juniors,True,22,3,3,True,3,True,10.46489333333333,10.429581818181818,15.31088,5.0104472048897,0.6984,21.0486,1.0,0.1663769709492609,1.0,1.088,11.662265393939393,12.688544748606061,,,,,,,True,6.218483552578269,,,,,,,,,,,,,,,,,,,,,,,,,,,,,,,,,,,,,,,,,,,,,,,,,,,,,,,,,,,,,,,,,,,,,,,,,,,,,,,,,,,,,,,,,,,,,,,,,,,,,,,,,,,,,,,,,,,,,,,,,,,,,,,,,,,,,,,,,,,,,,,,,,,,,,,,,,,,,,,,,,,,,,,,,,,,,,,,,,,,,,,,,,,,,,,,
p_2d8zml,Agustín Sández,t_1rEb7t,Rosario Central,DEF,Argentinos Juniors,True,23,3,3,True,3,True,10.382893333333334,7.694060869565219,13.370420000000001,4.449889577663608,2.36,19.0924,1.0,0.1834899562182881,1.0,1.088,10.054242014492756,10.939015311768118,,,,,,,True,6.218483552578269,,,,,,,,,,,,,,,,,,,,,,,,,,,,,,,,,,,,,,,,,,,,,,,,,,,,,,,,,,,,,,,,,,,,,,,,,,,,,,,,,,,,,,,,,,,,,,,,,,,,,,,,,,,,,,,,,,,,,,,,,,,,,,,,,,,,,,,,,,,,,,,,,,,,,,,,,,,,,,,,,,,,,,,,,,,,,,,,,,,,,,,,,,,,,,,,
p_4PWEjP,Franco Ibarra,t_1rEb7t,Rosario Central,VOL,Argentinos Juniors,True,26,3,3,True,3,True,10.62084,11.529,17.409799999999997,4.349200647843233,2.2223,19.5764,1.0,0.1869438194290196,1.0,1.088,12.681344,13.797302272,,,,,,,True,6.15386449878545,,,,,,,,,,,,,,,,,,,,,,,,,,,,,,,,,,,,,,,,,,,,,,,,,,,,,,,,,,,,,,,,,,,,,,,,,,,,,,,,,,,,,,,,,,,,,,,,,,,,,,,,,,,,,,,,,,,,,,,,,,,,,,,,,,,,,,,,,,,,,,,,,,,,,,,,,,,,,,,,,,,,,,,,,,,,,,,,,,,,,,,,,,,,,,,,
p_3i9lqe,Vicente Pizarro,t_1rEb7t,Rosario Central,VOL,Argentinos Juniors,True,28,3,3,True,3,True,9.813333333333334,9.474267857142857,14.841180000000001,4.597160128218738,3.29,20.8298,1.0,0.17866203165394232,1.0,1.088,10.93466880952381,11.896919664761906,,,,,,,True,6.15386449878545,,,,,,,,,,,,,,,,,,,,,,,,,,,,,,,,,,,,,,,,,,,,,,,,,,,,,,,,,,,,,,,,,,,,,,,,,,,,,,,,,,,,,,,,,,,,,,,,,,,,,,,,,,,,,,,,,,,,,,,,,,,,,,,,,,,,,,,,,,,,,,,,,,,,,,,,,,,,,,,,,,,,,,,,,,,,,,,,,,,,,,,,,,,,,,,,
p_49POtu,Alan Rodríguez,t_1rEb7t,Rosario Central,VOL,Argentinos Juniors,True,5,3,2,True,2,True,6.438513333333333,7.5727400000000005,14.112380000000002,6.483874961625958,0.5292,18.0529,0.6933907903359573,0.1336206183464533,0.9693390790335957,1.088,8.810670666666667,9.292093799988143,,,,,,,True,6.15386449878545,,,,,,,,,,,,,,,,,,,,,,,,,,,,,,,,,,,,,,,,,,,,,,,,,,,,,,,,,,,,,,,,,,,,,,,,,,,,,,,,,,,,,,,,,,,,,,,,,,,,,,,,,,,,,,,,,,,,,,,,,,,,,,,,,,,,,,,,,,,,,,,,,,,,,,,,,,,,,,,,,,,,,,,,,,,,,,,,,,,,,,,,,,,,,,,,
p_1vKOON,Ángel Di Maria,t_1rEb7t,Rosario Central,VOL,Argentinos Juniors,True,23,3,3,True,3,True,11.83222,12.945878260869568,24.797040000000006,6.542855422100195,4.2073,27.52,1.0,0.132575787820359,1.0,1.088,15.51888830434783,16.88455047513044,,,,,,,True,6.15386449878545,,,,,,,,,,,,,,,,,,,,,,,,,,,,,,,,,,,,,,,,,,,,,,,,,,,,,,,,,,,,,,,,,,,,,,,,,,,,,,,,,,,,,,,,,,,,,,,,,,,,,,,,,,,,,,,,,,,,,,,,,,,,,,,,,,,,,,,,,,,,,,,,,,,,,,,,,,,,,,,,,,,,,,,,,,,,,,,,,,,,,,,,,,,,,,,,
p_47jtXa,Jáminton Campaz,t_1rEb7t,Rosario Central,VOL,Argentinos Juniors,True,21,3,3,True,3,True,11.220153333333334,10.732076190476192,19.2987,6.258222543095185,-0.3444,24.2041,1.0,0.13777477806206279,1.0,1.088,13.044559142857143,14.192480347428573,,,,,,,True,6.15386449878545,,,,,,,,,,,,,,,,,,,,,,,,,,,,,,,,,,,,,,,,,,,,,,,,,,,,,,,,,,,,,,,,,,,,,,,,,,,,,,,,,,,,,,,,,,,,,,,,,,,,,,,,,,,,,,,,,,,,,,,,,,,,,,,,,,,,,,,,,,,,,,,,,,,,,,,,,,,,,,,,,,,,,,,,,,,,,,,,,,,,,,,,,,,,,,,,
p_2TtuTI,Enzo Copetti,t_1rEb7t,Rosario Central,DEL,Argentinos Juniors,True,25,3,3,True,3,True,7.1451,5.691876000000001,11.76998,3.940480588951048,0.02,13.1833,1.0,0.20240945835035004,1.0,1.088,7.720030400000001,8.3993930752,,,,,,,True,5.577128809735925,,,,,,,,,,,,,,,,,,,,,,,,,,,,,,,,,,,,,,,,,,,,,,,,,,,,,,,,,,,,,,,,,,,,,,,,,,,,,,,,,,,,,,,,,,,,,,,,,,,,,,,,,,,,,,,,,,,,,,,,,,,,,,,,,,,,,,,,,,,,,,,,,,,,,,,,,,,,,,,,,,,,,,,,,,,,,,,,,,,,,,,,,,,,,,,,
p_3SDFp7,Federico Navarro,t_1rEb7t,Rosario Central,VOL,Argentinos Juniors,True,21,3,3,True,0,False,3.1936733333333334,3.8443619047619055,5.73,2.3579236672284773,-0.79,10.6709,1.0,0.29780307687141916,1.0,1.088,4.088030428571429,4.447777106285715,,,,,,,False,6.15386449878545,,,,,,,,,,,,,,,,,,,,,,,,,,,,,,,,,,,,,,,,,,,,,,,,,,,,,,,,,,,,,,,,,,,,,,,,,,,,,,,,,,,,,,,,,,,,,,,,,,,,,,,,,,,,,,,,,,,,,,,,,,,,,,,,,,,,,,,,,,,,,,,,,,,,,,,,,,,,,,,,,,,,,,,,,,,,,,,,,,,,,,,,,,,,,,,,
p_0oAo40,Giovanni Cantizano,t_1rEb7t,Rosario Central,VOL,Argentinos Juniors,True,11,3,3,True,0,False,4.51778,6.97400909090909,12.0034,5.603189227476535,1.6456,19.8433,0.896955061124269,0.15144197228801187,0.989695506112427,1.088,7.371676636363636,7.937738180601093,,,,,,,False,6.15386449878545,,,,,,,,,,,,,,,,,,,,,,,,,,,,,,,,,,,,,,,,,,,,,,,,,,,,,,,,,,,,,,,,,,,,,,,,,,,,,,,,,,,,,,,,,,,,,,,,,,,,,,,,,,,,,,,,,,,,,,,,,,,,,,,,,,,,,,,,,,,,,,,,,,,,,,,,,,,,,,,,,,,,,,,,,,,,,,,,,,,,,,,,,,,,,,,,
p_2tyvWq,Facundo Mallo,t_1rEb7t,Rosario Central,DEF,Argentinos Juniors,True,14,3,3,True,0,False,5.114506666666667,5.454464285714286,9.58798,3.7697786018661508,0.9418,13.9631,1.0,0.20965333686740834,1.0,1.088,6.368858047619048,6.929317555809525,,,,,,,False,6.218483552578269,,,,,,,,,,,,,,,,,,,,,,,,,,,,,,,,,,,,,,,,,,,,,,,,,,,,,,,,,,,,,,,,,,,,,,,,,,,,,,,,,,,,,,,,,,,,,,,,,,,,,,,,,,,,,,,,,,,,,,,,,,,,,,,,,,,,,,,,,,,,,,,,,,,,,,,,,,,,,,,,,,,,,,,,,,,,,,,,,,,,,,,,,,,,,,,,
p_1lykSO,Gaspar Duarte,t_1rEb7t,Rosario Central,VOL,Argentinos Juniors,True,13,3,2,True,0,False,3.5715399999999997,4.10216923076923,6.17354,2.148496133882417,0.7033,8.5878,0.9968557235461425,0.31761195106404594,0.9996855723546143,1.088,4.434291692307692,4.822992402112177,,,,,,,False,6.15386449878545,,,,,,,,,,,,,,,,,,,,,,,,,,,,,,,,,,,,,,,,,,,,,,,,,,,,,,,,,,,,,,,,,,,,,,,,,,,,,,,,,,,,,,,,,,,,,,,,,,,,,,,,,,,,,,,,,,,,,,,,,,,,,,,,,,,,,,,,,,,,,,,,,,,,,,,,,,,,,,,,,,,,,,,,,,,,,,,,,,,,,,,,,,,,,,,,
p_235aQ1,Jeremías Ledesma,t_1rEb7t,Rosario Central,ARQ,Argentinos Juniors,True,23,3,3,True,2,True,6.53944,8.86415652173913,13.791480000000002,4.4683808073889475,-3.4387,16.1,1.0,0.18286948828596336,1.0,1.088,9.282336608695653,10.09918223026087,,,,,,,False,7.5205623530242764,,,,,,,,,,,,,,,,,,,,,,,,,,,,,,,,,,,,,,,,,,,,,,,,,,,,,,,,,,,,,,,,,,,,,,,,,,,,,,,,,,,,,,,,,,,,,,,,,,,,,,,,,,,,,,,,,,,,,,,,,,,,,,,,,,,,,,,,,,,,,,,,,,,,,,,,,,,,,,,,,,,,,,,,,,,,,,,,,,,,,,,,,,,,,,,,
p_43U0bn,Alexis Soto,t_1rEb7t,Rosario Central,DEF,Argentinos Juniors,True,21,3,3,True,0,False,6.1344666666666665,7.561628571428573,13.5446,4.289169808382836,0.16,17.2096,1.0,0.1890655880276512,1.0,1.088,8.557864761904764,9.310956860952384,,,,,,,False,6.218483552578269,,,,,,,,,,,,,,,,,,,,,,,,,,,,,,,,,,,,,,,,,,,,,,,,,,,,,,,,,,,,,,,,,,,,,,,,,,,,,,,,,,,,,,,,,,,,,,,,,,,,,,,,,,,,,,,,,,,,,,,,,,,,,,,,,,,,,,,,,,,,,,,,,,,,,,,,,,,,,,,,,,,,,,,,,,,,,,,,,,,,,,,,,,,,,,,,
p_15HxSV,Sebastián Zaracho,t_1rEb7t,Rosario Central,DEF,Argentinos Juniors,True,2,3,3,True,0,False,6.830000000000001,9.93,17.37,13.152186130069783,0.63,19.23,0.5807987589216612,0.07066046127497258,0.9580798758921661,1.088,10.705000000000002,11.158794637711097,,,,,,,False,6.218483552578269,,,,,,,,,,,,,,,,,,,,,,,,,,,,,,,,,,,,,,,,,,,,,,,,,,,,,,,,,,,,,,,,,,,,,,,,,,,,,,,,,,,,,,,,,,,,,,,,,,,,,,,,,,,,,,,,,,,,,,,,,,,,,,,,,,,,,,,,,,,,,,,,,,,,,,,,,,,,,,,,,,,,,,,,,,,,,,,,,,,,,,,,,,,,,,,,
p_0kqzA5,Juan Giménez,t_1rEb7t,Rosario Central,DEF,Argentinos Juniors,True,1,3,3,True,0,False,8.3077,8.3077,8.3077,0.0,8.3077,8.3077,0.7333333333333334,1.0,0.9733333333333334,1.088,8.3077,8.797743530666668,,,,,,,False,6.218483552578269,,,,,,,,,,,,,,,,,,,,,,,,,,,,,,,,,,,,,,,,,,,,,,,,,,,,,,,,,,,,,,,,,,,,,,,,,,,,,,,,,,,,,,,,,,,,,,,,,,,,,,,,,,,,,,,,,,,,,,,,,,,,,,,,,,,,,,,,,,,,,,,,,,,,,,,,,,,,,,,,,,,,,,,,,,,,,,,,,,,,,,,,,,,,,,,,
p_0wjNc4,Franco Cervi,t_1rEb7t,Rosario Central,VOL,Argentinos Juniors,True,1,3,3,True,0,False,1.0867,1.0867,1.0867,0.0,1.0867,1.0867,0.7333333333333334,1.0,0.9733333333333334,1.088,1.0867,1.1508008106666667,,,,,,,False,6.15386449878545,,,,,,,,,,,,,,,,,,,,,,,,,,,,,,,,,,,,,,,,,,,,,,,,,,,,,,,,,,,,,,,,,,,,,,,,,,,,,,,,,,,,,,,,,,,,,,,,,,,,,,,,,,,,,,,,,,,,,,,,,,,,,,,,,,,,,,,,,,,,,,,,,,,,,,,,,,,,,,,,,,,,,,,,,,,,,,,,,,,,,,,,,,,,,,,,
p_13K9bt,Tomás Badaloni,t_1rEb7t,Rosario Central,DEL,Argentinos Juniors,True,6,3,3,True,0,False,3.714,3.1870333333333334,4.405,1.1802091368340895,1.5822,5.03,0.7917343187958668,0.4586715939793341,0.9791734318795867,1.088,3.6759633333333337,3.916153328229116,,,,,,,False,5.577128809735925,,,,,,,,,,,,,,,,,,,,,,,,,,,,,,,,,,,,,,,,,,,,,,,,,,,,,,,,,,,,,,,,,,,,,,,,,,,,,,,,,,,,,,,,,,,,,,,,,,,,,,,,,,,,,,,,,,,,,,,,,,,,,,,,,,,,,,,,,,,,,,,,,,,,,,,,,,,,,,,,,,,,,,,,,,,,,,,,,,,,,,,,,,,,,,,,
p_34rw4C,Marcelo Cabrera,t_1rEb7t,Rosario Central,DEF,Argentinos Juniors,True,2,3,1,True,0,False,2.9133333333333336,3.3325,4.3385,1.7783735546841668,2.075,4.59,0.6386512274406534,0.35992280386993375,0.9638651227440653,1.088,3.437291666666667,3.604637082968316,,,,,,,False,6.218483552578269,,,,,,,,,,,,,,,,,,,,,,,,,,,,,,,,,,,,,,,,,,,,,,,,,,,,,,,,,,,,,,,,,,,,,,,,,,,,,,,,,,,,,,,,,,,,,,,,,,,,,,,,,,,,,,,,,,,,,,,,,,,,,,,,,,,,,,,,,,,,,,,,,,,,,,,,,,,,,,,,,,,,,,,,,,,,,,,,,,,,,,,,,,,,,,,,
p_3A7aMk,Marco Ruben,t_1rEb7t,Rosario Central,DEL,Argentinos Juniors,True,3,3,2,True,0,False,1.3274,1.9632333333333334,3.38694,1.9582530131046225,-0.2,3.615,0.6676074693794039,0.33803734689701936,0.9667607469379405,1.088,2.0966183333333337,2.2052979969030995,,,,,,,False,5.577128809735925,,,,,,,,,,,,,,,,,,,,,,,,,,,,,,,,,,,,,,,,,,,,,,,,,,,,,,,,,,,,,,,,,,,,,,,,,,,,,,,,,,,,,,,,,,,,,,,,,,,,,,,,,,,,,,,,,,,,,,,,,,,,,,,,,,,,,,,,,,,,,,,,,,,,,,,,,,,,,,,,,,,,,,,,,,,,,,,,,,,,,,,,,,,,,,,,
p_173wGq,Brayan Cortés,t_3XuEvf,Argentinos Juniors,ARQ,Rosario Central,False,29,3,3,True,3,True,7.712233333333333,9.461824137931034,13.92562,3.803022593811324,1.6238,16.6921,1.0,0.20820222692445714,1.0,0.85,9.965416321839081,8.470603873563219,,,,,,,True,7.5205623530242764,,,,,,,,,,,,,,,,,,,,,,,,,,,,,,,,,,,,,,,,,,,,,,,,,,,,,,,,,,,,,,,,,,,,,,,,,,,,,,,,,,,,,,,,,,,,,,,,,,,,,,,,,,,,,,,,,,,,,,,,,,,,,,,,,,,,,,,,,,,,,,,,,,,,,,,,,,,,,,,,,,,,,,,,,,,,,,,,,,,,,,,,,,,,,,,,
p_4AgEmZ,Franco Paredes,t_3XuEvf,Argentinos Juniors,DEF,Rosario Central,False,4,3,3,True,1,False,5.734520000000001,6.472,9.205850000000002,2.8397624395947862,4.565,10.6532,0.6854198889852257,0.26043277825946204,0.9685419888985226,0.85,6.897344500000001,5.678312596126044,,,,,,,True,6.218483552578269,,,,,,,,,,,,,,,,,,,,,,,,,,,,,,,,,,,,,,,,,,,,,,,,,,,,,,,,,,,,,,,,,,,,,,,,,,,,,,,,,,,,,,,,,,,,,,,,,,,,,,,,,,,,,,,,,,,,,,,,,,,,,,,,,,,,,,,,,,,,,,,,,,,,,,,,,,,,,,,,,,,,,,,,,,,,,,,,,,,,,,,,,,,,,,,,
p_0pvncd,Francisco Álvarez,t_3XuEvf,Argentinos Juniors,DEF,Rosario Central,False,28,3,3,True,3,True,9.45346,11.208867857142854,16.070600000000002,4.057964060503244,4.5658,21.4467,1.0,0.1977080082100276,1.0,0.85,11.809908142857143,10.038421921428572,,,,,,,True,6.218483552578269,,,,,,,,,,,,,,,,,,,,,,,,,,,,,,,,,,,,,,,,,,,,,,,,,,,,,,,,,,,,,,,,,,,,,,,,,,,,,,,,,,,,,,,,,,,,,,,,,,,,,,,,,,,,,,,,,,,,,,,,,,,,,,,,,,,,,,,,,,,,,,,,,,,,,,,,,,,,,,,,,,,,,,,,,,,,,,,,,,,,,,,,,,,,,,,,
p_2suVlP,Franco Vázquez,t_3XuEvf,Argentinos Juniors,DEF,Rosario Central,False,8,3,3,True,3,True,9.006940000000002,9.1241,11.0252,1.94984516235081,5.9607,11.9058,0.8344668354865835,0.33900084409958436,0.9834466835486584,0.85,9.558369,7.990124349206661,,,,,,,True,6.218483552578269,,,,,,,,,,,,,,,,,,,,,,,,,,,,,,,,,,,,,,,,,,,,,,,,,,,,,,,,,,,,,,,,,,,,,,,,,,,,,,,,,,,,,,,,,,,,,,,,,,,,,,,,,,,,,,,,,,,,,,,,,,,,,,,,,,,,,,,,,,,,,,,,,,,,,,,,,,,,,,,,,,,,,,,,,,,,,,,,,,,,,,,,,,,,,,,,
p_0NulPm,Claudio Bravo,t_3XuEvf,Argentinos Juniors,DEF,Rosario Central,False,10,3,3,True,1,False,9.015666666666668,6.38657,9.791999999999998,3.176968069664325,0.95,12.33,0.8812149538447567,0.2394081025571171,0.9881214953844757,0.85,8.158111333333334,6.852024394675417,,,,,,,True,6.218483552578269,,,,,,,,,,,,,,,,,,,,,,,,,,,,,,,,,,,,,,,,,,,,,,,,,,,,,,,,,,,,,,,,,,,,,,,,,,,,,,,,,,,,,,,,,,,,,,,,,,,,,,,,,,,,,,,,,,,,,,,,,,,,,,,,,,,,,,,,,,,,,,,,,,,,,,,,,,,,,,,,,,,,,,,,,,,,,,,,,,,,,,,,,,,,,,,,
p_4dX0F7,Emiliano Viveros,t_3XuEvf,Argentinos Juniors,VOL,Rosario Central,False,18,3,3,True,2,True,5.55354,6.439605555555556,11.99883,3.7948271355610985,0.8216,13.5183,1.0,0.2085580922372457,1.0,0.85,7.519288722222223,6.3913954138888895,,,,,,,True,6.15386449878545,,,,,,,,,,,,,,,,,,,,,,,,,,,,,,,,,,,,,,,,,,,,,,,,,,,,,,,,,,,,,,,,,,,,,,,,,,,,,,,,,,,,,,,,,,,,,,,,,,,,,,,,,,,,,,,,,,,,,,,,,,,,,,,,,,,,,,,,,,,,,,,,,,,,,,,,,,,,,,,,,,,,,,,,,,,,,,,,,,,,,,,,,,,,,,,,
p_3naRvD,Kevin Gutiérrez,t_3XuEvf,Argentinos Juniors,VOL,Rosario Central,False,10,3,3,True,3,True,10.60914,11.57373,16.314230000000002,4.443645790976895,2.1429,17.1713,0.8700734166671,0.183700416668834,0.98700734166671,0.85,12.4212485,10.42088394284162,,,,,,,True,6.15386449878545,,,,,,,,,,,,,,,,,,,,,,,,,,,,,,,,,,,,,,,,,,,,,,,,,,,,,,,,,,,,,,,,,,,,,,,,,,,,,,,,,,,,,,,,,,,,,,,,,,,,,,,,,,,,,,,,,,,,,,,,,,,,,,,,,,,,,,,,,,,,,,,,,,,,,,,,,,,,,,,,,,,,,,,,,,,,,,,,,,,,,,,,,,,,,,,,
p_4ek1bV,Hernán López,t_3XuEvf,Argentinos Juniors,VOL,Rosario Central,False,24,3,3,True,3,True,7.449186666666667,7.670462499999999,16.54396,5.367853026952898,-3.356,17.1329,1.0,0.15703880032521939,1.0,0.85,9.811390333333332,8.339681783333331,,,,,,,True,6.15386449878545,,,,,,,,,,,,,,,,,,,,,,,,,,,,,,,,,,,,,,,,,,,,,,,,,,,,,,,,,,,,,,,,,,,,,,,,,,,,,,,,,,,,,,,,,,,,,,,,,,,,,,,,,,,,,,,,,,,,,,,,,,,,,,,,,,,,,,,,,,,,,,,,,,,,,,,,,,,,,,,,,,,,,,,,,,,,,,,,,,,,,,,,,,,,,,,,
p_2OHkn8,Nicolás Oroz,t_3XuEvf,Argentinos Juniors,VOL,Rosario Central,False,28,3,3,True,3,True,9.335373333333333,10.309210714285713,15.43046,4.872339699230316,1.5288,22.61,1.0,0.17028987613422117,1.0,0.85,11.248679952380954,9.56137795952381,,,,,,,True,6.15386449878545,,,,,,,,,,,,,,,,,,,,,,,,,,,,,,,,,,,,,,,,,,,,,,,,,,,,,,,,,,,,,,,,,,,,,,,,,,,,,,,,,,,,,,,,,,,,,,,,,,,,,,,,,,,,,,,,,,,,,,,,,,,,,,,,,,,,,,,,,,,,,,,,,,,,,,,,,,,,,,,,,,,,,,,,,,,,,,,,,,,,,,,,,,,,,,,,
p_4SnNiA,Tomás Molina,t_3XuEvf,Argentinos Juniors,DEL,Rosario Central,False,24,3,3,True,3,True,4.540413333333333,6.475016666666666,12.85139,4.826345200330538,-2.68,15.1927,1.0,0.17163418328582186,1.0,0.85,7.391998833333334,6.283199008333334,,,,,,,True,5.577128809735925,,,,,,,,,,,,,,,,,,,,,,,,,,,,,,,,,,,,,,,,,,,,,,,,,,,,,,,,,,,,,,,,,,,,,,,,,,,,,,,,,,,,,,,,,,,,,,,,,,,,,,,,,,,,,,,,,,,,,,,,,,,,,,,,,,,,,,,,,,,,,,,,,,,,,,,,,,,,,,,,,,,,,,,,,,,,,,,,,,,,,,,,,,,,,,,,
p_3ohM6R,Gastón Verón,t_3XuEvf,Argentinos Juniors,DEL,Rosario Central,False,10,3,3,True,3,True,6.42478,7.51443,14.74137,4.899983914950924,1.29,15.7842,0.8672317308345854,0.16949198750626052,0.9867231730834586,0.85,8.939787500000001,7.4979311653880645,,,,,,,True,5.577128809735925,,,,,,,,,,,,,,,,,,,,,,,,,,,,,,,,,,,,,,,,,,,,,,,,,,,,,,,,,,,,,,,,,,,,,,,,,,,,,,,,,,,,,,,,,,,,,,,,,,,,,,,,,,,,,,,,,,,,,,,,,,,,,,,,,,,,,,,,,,,,,,,,,,,,,,,,,,,,,,,,,,,,,,,,,,,,,,,,,,,,,,,,,,,,,,,,
p_1E2OCn,Alan Alcaraz,t_3XuEvf,Argentinos Juniors,VOL,Rosario Central,False,3,3,3,True,0,False,3.3983333333333334,3.891666666666667,4.999,1.5167756371109515,2.22,5.18,0.679466757803482,0.39733378901740984,0.9679466757803482,0.85,3.9958333333333336,3.2875905531764618,,,,,,,False,6.15386449878545,,,,,,,,,,,,,,,,,,,,,,,,,,,,,,,,,,,,,,,,,,,,,,,,,,,,,,,,,,,,,,,,,,,,,,,,,,,,,,,,,,,,,,,,,,,,,,,,,,,,,,,,,,,,,,,,,,,,,,,,,,,,,,,,,,,,,,,,,,,,,,,,,,,,,,,,,,,,,,,,,,,,,,,,,,,,,,,,,,,,,,,,,,,,,,,,
p_4BEGB2,Kevin Coronel,t_3XuEvf,Argentinos Juniors,DEF,Rosario Central,False,17,3,3,True,2,True,5.724333333333333,9.129852941176472,14.1843,4.309274953678061,1.3089,16.4478,1.0,0.18834963506782382,1.0,0.85,9.201532843137255,7.821302916666666,,,,,,,False,6.218483552578269,,,,,,,,,,,,,,,,,,,,,,,,,,,,,,,,,,,,,,,,,,,,,,,,,,,,,,,,,,,,,,,,,,,,,,,,,,,,,,,,,,,,,,,,,,,,,,,,,,,,,,,,,,,,,,,,,,,,,,,,,,,,,,,,,,,,,,,,,,,,,,,,,,,,,,,,,,,,,,,,,,,,,,,,,,,,,,,,,,,,,,,,,,,,,,,,
p_2HueRI,Gabriel Florentín,t_3XuEvf,Argentinos Juniors,VOL,Rosario Central,False,13,3,3,True,1,False,2.981273333333333,4.466276923076923,6.4507,3.198841287912924,1.04,13.7208,0.9809655219030071,0.23816094284836856,0.9980965521903007,0.85,4.442631435897436,3.7690488509982543,,,,,,,False,6.15386449878545,,,,,,,,,,,,,,,,,,,,,,,,,,,,,,,,,,,,,,,,,,,,,,,,,,,,,,,,,,,,,,,,,,,,,,,,,,,,,,,,,,,,,,,,,,,,,,,,,,,,,,,,,,,,,,,,,,,,,,,,,,,,,,,,,,,,,,,,,,,,,,,,,,,,,,,,,,,,,,,,,,,,,,,,,,,,,,,,,,,,,,,,,,,,,,,,
p_05b1pn,Matías Giménez,t_3XuEvf,Argentinos Juniors,DEL,Rosario Central,False,9,3,3,True,0,False,2.135946666666667,3.7850555555555556,9.173360000000002,4.683237727019394,-0.96,14.3964,0.8351912078302048,0.17595603915102379,0.9835191207830205,0.85,4.554943555555557,3.8078929688298433,,,,,,,False,5.577128809735925,,,,,,,,,,,,,,,,,,,,,,,,,,,,,,,,,,,,,,,,,,,,,,,,,,,,,,,,,,,,,,,,,,,,,,,,,,,,,,,,,,,,,,,,,,,,,,,,,,,,,,,,,,,,,,,,,,,,,,,,,,,,,,,,,,,,,,,,,,,,,,,,,,,,,,,,,,,,,,,,,,,,,,,,,,,,,,,,,,,,,,,,,,,,,,,,
p_4EUErB,Diego Porcel,t_3XuEvf,Argentinos Juniors,DEL,Rosario Central,False,23,3,3,True,0,False,0.9449866666666668,3.0346,5.88468,2.6987562758358967,-1.79,9.6,1.0,0.27036114991761817,1.0,0.85,3.015755333333334,2.5633920333333338,,,,,,,False,5.577128809735925,,,,,,,,,,,,,,,,,,,,,,,,,,,,,,,,,,,,,,,,,,,,,,,,,,,,,,,,,,,,,,,,,,,,,,,,,,,,,,,,,,,,,,,,,,,,,,,,,,,,,,,,,,,,,,,,,,,,,,,,,,,,,,,,,,,,,,,,,,,,,,,,,,,,,,,,,,,,,,,,,,,,,,,,,,,,,,,,,,,,,,,,,,,,,,,,
p_2e2fKS,Érik Godoy,t_3XuEvf,Argentinos Juniors,DEF,Rosario Central,False,14,3,3,True,0,False,4.266966666666667,5.605164285714285,11.57653,3.4997055633531278,2.42,11.7788,1.0,0.22223676325497432,1.0,0.85,6.6296365476190475,5.6351910654761905,,,,,,,False,6.218483552578269,,,,,,,,,,,,,,,,,,,,,,,,,,,,,,,,,,,,,,,,,,,,,,,,,,,,,,,,,,,,,,,,,,,,,,,,,,,,,,,,,,,,,,,,,,,,,,,,,,,,,,,,,,,,,,,,,,,,,,,,,,,,,,,,,,,,,,,,,,,,,,,,,,,,,,,,,,,,,,,,,,,,,,,,,,,,,,,,,,,,,,,,,,,,,,,,
p_0ICZI3,Gino Infantino,t_3XuEvf,Argentinos Juniors,VOL,Rosario Central,False,2,3,2,True,0,False,3.9142333333333337,3.5345500000000003,4.445790000000001,1.610859958221074,2.3955,4.6736,0.643269779510862,0.38301556422097655,0.9643269779510862,0.85,3.8952491666666673,3.192849778669431,,,,,,,False,6.15386449878545,,,,,,,,,,,,,,,,,,,,,,,,,,,,,,,,,,,,,,,,,,,,,,,,,,,,,,,,,,,,,,,,,,,,,,,,,,,,,,,,,,,,,,,,,,,,,,,,,,,,,,,,,,,,,,,,,,,,,,,,,,,,,,,,,,,,,,,,,,,,,,,,,,,,,,,,,,,,,,,,,,,,,,,,,,,,,,,,,,,,,,,,,,,,,,,,
p_4HjiAr,Santiago Beltrán,t_1Fzy5s,River Plate,ARQ,Huracán,True,29,3,3,True,3,True,9.81328,8.425224137931034,13.49356,4.2431754432142625,1.2779,14.6509,1.0,0.1907241157253671,1.0,1.086,10.178127655172414,11.053446633517243,,,,,,,True,7.5205623530242764,,,,,,,,,,,,,,,,,,,,,,,,,,,,,,,,,,,,,,,,,,,,,,,,,,,,,,,,,,,,,,,,,,,,,,,,,,,,,,,,,,,,,,,,,,,,,,,,,,,,,,,,,,,,,,,,,,,,,,,,,,,,,,,,,,,,,,,,,,,,,,,,,,,,,,,,,,,,,,,,,,,,,,,,,,,,,,,,,,,,,,,,,,,,,,,,
p_2VOvJj,Gonzalo Montiel,t_1Fzy5s,River Plate,DEF,Huracán,True,24,3,3,True,3,True,14.652646666666666,11.039225000000002,17.59967,5.124238402817832,0.8691,19.17,1.0,0.16328560944653767,1.0,1.086,13.944033833333332,15.143220743,,,,,,,True,6.218483552578269,,,,,,,,,,,,,,,,,,,,,,,,,,,,,,,,,,,,,,,,,,,,,,,,,,,,,,,,,,,,,,,,,,,,,,,,,,,,,,,,,,,,,,,,,,,,,,,,,,,,,,,,,,,,,,,,,,,,,,,,,,,,,,,,,,,,,,,,,,,,,,,,,,,,,,,,,,,,,,,,,,,,,,,,,,,,,,,,,,,,,,,,,,,,,,,,
p_2ho6O3,Lucas Martínez Quarta,t_1Fzy5s,River Plate,DEF,Huracán,True,28,3,3,True,3,True,12.245233333333333,10.862717857142856,16.65921,4.05884527421774,4.1867,18.2425,1.0,0.19767356892618784,1.0,1.086,12.79572130952381,13.896153342142858,,,,,,,True,6.218483552578269,,,,,,,,,,,,,,,,,,,,,,,,,,,,,,,,,,,,,,,,,,,,,,,,,,,,,,,,,,,,,,,,,,,,,,,,,,,,,,,,,,,,,,,,,,,,,,,,,,,,,,,,,,,,,,,,,,,,,,,,,,,,,,,,,,,,,,,,,,,,,,,,,,,,,,,,,,,,,,,,,,,,,,,,,,,,,,,,,,,,,,,,,,,,,,,,
p_2PLJzH,Nicolás Otamendi,t_1Fzy5s,River Plate,DEF,Huracán,True,9,3,3,True,3,True,10.374866666666668,8.0706,12.21386,4.551625199585309,-1.2029,13.6361,0.8360254867376385,0.18012743368819228,0.9836025486737638,1.086,9.912908333333334,10.588893024959562,,,,,,,True,6.218483552578269,,,,,,,,,,,,,,,,,,,,,,,,,,,,,,,,,,,,,,,,,,,,,,,,,,,,,,,,,,,,,,,,,,,,,,,,,,,,,,,,,,,,,,,,,,,,,,,,,,,,,,,,,,,,,,,,,,,,,,,,,,,,,,,,,,,,,,,,,,,,,,,,,,,,,,,,,,,,,,,,,,,,,,,,,,,,,,,,,,,,,,,,,,,,,,,,
p_21gmQu,Marcos Acuña,t_1Fzy5s,River Plate,DEF,Huracán,True,20,3,3,True,3,True,12.88734,10.532,18.227240000000002,5.782553184955768,1.2036,19.21,1.0,0.14743710410086838,1.0,1.086,13.280179,14.422274394000002,,,,,,,True,6.218483552578269,,,,,,,,,,,,,,,,,,,,,,,,,,,,,,,,,,,,,,,,,,,,,,,,,,,,,,,,,,,,,,,,,,,,,,,,,,,,,,,,,,,,,,,,,,,,,,,,,,,,,,,,,,,,,,,,,,,,,,,,,,,,,,,,,,,,,,,,,,,,,,,,,,,,,,,,,,,,,,,,,,,,,,,,,,,,,,,,,,,,,,,,,,,,,,,,
p_22Hl59,Fausto Vera,t_1Fzy5s,River Plate,VOL,Huracán,True,23,3,3,True,3,True,10.076093333333334,9.232121739130434,12.632560000000002,3.6559905639370625,3.0456,14.6759,1.0,0.21477706757945172,1.0,1.086,10.377621362318841,11.270096799478262,,,,,,,True,6.15386449878545,,,,,,,,,,,,,,,,,,,,,,,,,,,,,,,,,,,,,,,,,,,,,,,,,,,,,,,,,,,,,,,,,,,,,,,,,,,,,,,,,,,,,,,,,,,,,,,,,,,,,,,,,,,,,,,,,,,,,,,,,,,,,,,,,,,,,,,,,,,,,,,,,,,,,,,,,,,,,,,,,,,,,,,,,,,,,,,,,,,,,,,,,,,,,,,,
p_0Vhadv,Thiago Almada,t_1Fzy5s,River Plate,VOL,Huracán,True,5,3,3,True,3,True,17.856766666666665,16.2947,20.40322,4.063268416558276,12.4173,22.2991,0.706166843932787,0.19750088633060137,0.9706166843932788,1.086,17.868553333333335,18.835058366556655,,,,,,,True,6.15386449878545,,,,,,,,,,,,,,,,,,,,,,,,,,,,,,,,,,,,,,,,,,,,,,,,,,,,,,,,,,,,,,,,,,,,,,,,,,,,,,,,,,,,,,,,,,,,,,,,,,,,,,,,,,,,,,,,,,,,,,,,,,,,,,,,,,,,,,,,,,,,,,,,,,,,,,,,,,,,,,,,,,,,,,,,,,,,,,,,,,,,,,,,,,,,,,,,
p_0QZ5qI,Tobías Andrada,t_1Fzy5s,River Plate,VOL,Huracán,True,6,3,3,True,3,True,13.650686666666667,11.6779,15.004549999999998,3.6199873038451384,6.7468,17.9227,0.743290162255109,0.2164508112755454,0.9743290162255109,1.086,13.200037833333333,13.967241345652234,,,,,,,True,6.15386449878545,,,,,,,,,,,,,,,,,,,,,,,,,,,,,,,,,,,,,,,,,,,,,,,,,,,,,,,,,,,,,,,,,,,,,,,,,,,,,,,,,,,,,,,,,,,,,,,,,,,,,,,,,,,,,,,,,,,,,,,,,,,,,,,,,,,,,,,,,,,,,,,,,,,,,,,,,,,,,,,,,,,,,,,,,,,,,,,,,,,,,,,,,,,,,,,,
p_3TyKvJ,Ángel Correa,t_1Fzy5s,River Plate,VOL,Huracán,True,8,3,3,True,3,True,16.20536,11.8420875,17.913149999999998,6.411899543914424,1.7,21.4457,0.7936503027528048,0.13491818043069065,0.9793650302752805,1.086,14.8869985,15.833669030013365,,,,,,,True,6.15386449878545,,,,,,,,,,,,,,,,,,,,,,,,,,,,,,,,,,,,,,,,,,,,,,,,,,,,,,,,,,,,,,,,,,,,,,,,,,,,,,,,,,,,,,,,,,,,,,,,,,,,,,,,,,,,,,,,,,,,,,,,,,,,,,,,,,,,,,,,,,,,,,,,,,,,,,,,,,,,,,,,,,,,,,,,,,,,,,,,,,,,,,,,,,,,,,,,
p_4fbCCX,Tomás Galván,t_1Fzy5s,River Plate,VOL,Huracán,True,28,3,3,True,3,True,14.3586,9.355,17.94862,7.159480052453634,1.7929,29.2425,1.0,0.12255682881402355,1.0,1.086,13.254665,14.39456619,,,,,,,True,6.15386449878545,,,,,,,,,,,,,,,,,,,,,,,,,,,,,,,,,,,,,,,,,,,,,,,,,,,,,,,,,,,,,,,,,,,,,,,,,,,,,,,,,,,,,,,,,,,,,,,,,,,,,,,,,,,,,,,,,,,,,,,,,,,,,,,,,,,,,,,,,,,,,,,,,,,,,,,,,,,,,,,,,,,,,,,,,,,,,,,,,,,,,,,,,,,,,,,,
p_2aHbDR,Sebastián Driussi,t_1Fzy5s,River Plate,DEL,Huracán,True,19,3,3,True,3,True,6.83306,8.477626315789474,15.704939999999999,5.622367048459424,-0.315,21.1385,1.0,0.1510034090050373,1.0,1.086,9.70885652631579,10.543818187578948,,,,,,,True,5.577128809735925,,,,,,,,,,,,,,,,,,,,,,,,,,,,,,,,,,,,,,,,,,,,,,,,,,,,,,,,,,,,,,,,,,,,,,,,,,,,,,,,,,,,,,,,,,,,,,,,,,,,,,,,,,,,,,,,,,,,,,,,,,,,,,,,,,,,,,,,,,,,,,,,,,,,,,,,,,,,,,,,,,,,,,,,,,,,,,,,,,,,,,,,,,,,,,,,
p_4d2ONx,Francisco Ortega,t_1Fzy5s,River Plate,DEF,Huracán,True,5,3,3,True,0,False,5.207006666666667,6.04344,10.65442,4.165629709059604,2.68,12.4771,0.7053841147348539,0.19358724034093583,0.9705384114734854,1.086,6.903433333333334,7.276251282056436,,,,,,,False,6.218483552578269,,,,,,,,,,,,,,,,,,,,,,,,,,,,,,,,,,,,,,,,,,,,,,,,,,,,,,,,,,,,,,,,,,,,,,,,,,,,,,,,,,,,,,,,,,,,,,,,,,,,,,,,,,,,,,,,,,,,,,,,,,,,,,,,,,,,,,,,,,,,,,,,,,,,,,,,,,,,,,,,,,,,,,,,,,,,,,,,,,,,,,,,,,,,,,,,
p_2rVKv4,Giovanni González,t_1Fzy5s,River Plate,DEF,Huracán,True,3,3,3,True,0,False,6.976216666666666,7.8821666666666665,10.5567,3.786452965947594,3.6422,10.9264,0.6417845952781456,0.20892297639072815,0.9641784595278146,1.086,8.2337175,8.621507538096209,,,,,,,False,6.218483552578269,,,,,,,,,,,,,,,,,,,,,,,,,,,,,,,,,,,,,,,,,,,,,,,,,,,,,,,,,,,,,,,,,,,,,,,,,,,,,,,,,,,,,,,,,,,,,,,,,,,,,,,,,,,,,,,,,,,,,,,,,,,,,,,,,,,,,,,,,,,,,,,,,,,,,,,,,,,,,,,,,,,,,,,,,,,,,,,,,,,,,,,,,,,,,,,,
p_3PsjP7,Lautaro Rivero,t_1Fzy5s,River Plate,DEF,Huracán,True,21,3,3,True,0,False,4.201499999999999,9.134185714285715,13.0362,4.139469177839801,1.9,15.5068,1.0,0.19457262324128105,1.0,1.086,8.383249285714285,9.104208724285714,,,,,,,False,6.218483552578269,,,,,,,,,,,,,,,,,,,,,,,,,,,,,,,,,,,,,,,,,,,,,,,,,,,,,,,,,,,,,,,,,,,,,,,,,,,,,,,,,,,,,,,,,,,,,,,,,,,,,,,,,,,,,,,,,,,,,,,,,,,,,,,,,,,,,,,,,,,,,,,,,,,,,,,,,,,,,,,,,,,,,,,,,,,,,,,,,,,,,,,,,,,,,,,,
p_1AQvrE,Tobías Ramírez,t_1Fzy5s,River Plate,DEF,Huracán,True,1,3,2,True,0,False,9.5024,9.5024,9.5024,0.0,9.5024,9.5024,0.7333333333333334,1.0,0.9733333333333334,1.086,9.5024,10.044416896,,,,,,,False,6.218483552578269,,,,,,,,,,,,,,,,,,,,,,,,,,,,,,,,,,,,,,,,,,,,,,,,,,,,,,,,,,,,,,,,,,,,,,,,,,,,,,,,,,,,,,,,,,,,,,,,,,,,,,,,,,,,,,,,,,,,,,,,,,,,,,,,,,,,,,,,,,,,,,,,,,,,,,,,,,,,,,,,,,,,,,,,,,,,,,,,,,,,,,,,,,,,,,,,
p_1qKkWG,Lautaro Pereyra,t_1Fzy5s,River Plate,VOL,Huracán,True,8,3,3,True,0,False,0.7137666666666665,3.0057625,8.33348,3.5473273572961133,-0.68,8.3591,0.8106485453143746,0.21990939323853956,0.9810648545314375,1.086,3.535493333333333,3.766843402501198,,,,,,,False,6.15386449878545,,,,,,,,,,,,,,,,,,,,,,,,,,,,,,,,,,,,,,,,,,,,,,,,,,,,,,,,,,,,,,,,,,,,,,,,,,,,,,,,,,,,,,,,,,,,,,,,,,,,,,,,,,,,,,,,,,,,,,,,,,,,,,,,,,,,,,,,,,,,,,,,,,,,,,,,,,,,,,,,,,,,,,,,,,,,,,,,,,,,,,,,,,,,,,,,
p_14QNqn,Lucas Silva,t_1Fzy5s,River Plate,VOL,Huracán,True,4,3,3,True,0,False,5.22496,5.4418500000000005,6.279,0.8592650095672849,4.6074,6.6,0.740902721758788,0.5378469421272735,0.9740902721758788,1.086,5.575226,5.897819925195292,,,,,,,False,6.15386449878545,,,,,,,,,,,,,,,,,,,,,,,,,,,,,,,,,,,,,,,,,,,,,,,,,,,,,,,,,,,,,,,,,,,,,,,,,,,,,,,,,,,,,,,,,,,,,,,,,,,,,,,,,,,,,,,,,,,,,,,,,,,,,,,,,,,,,,,,,,,,,,,,,,,,,,,,,,,,,,,,,,,,,,,,,,,,,,,,,,,,,,,,,,,,,,,,
p_0sc7Zk,Mauro Arambarri,t_1Fzy5s,River Plate,VOL,Huracán,True,5,3,3,True,0,False,3.6830866666666666,3.10872,4.71356,1.556385597144872,1.115,5.2112,0.7449021254422803,0.39117729387806804,0.9744902125442281,1.086,3.710958333333333,3.9272937364421527,,,,,,,False,6.15386449878545,,,,,,,,,,,,,,,,,,,,,,,,,,,,,,,,,,,,,,,,,,,,,,,,,,,,,,,,,,,,,,,,,,,,,,,,,,,,,,,,,,,,,,,,,,,,,,,,,,,,,,,,,,,,,,,,,,,,,,,,,,,,,,,,,,,,,,,,,,,,,,,,,,,,,,,,,,,,,,,,,,,,,,,,,,,,,,,,,,,,,,,,,,,,,,,,
p_0LQkv7,Valentín Lucero,t_1Fzy5s,River Plate,VOL,Huracán,True,1,3,2,True,0,False,1.185,1.185,1.185,0.0,1.185,1.185,0.7333333333333334,1.0,0.9733333333333334,1.086,1.185,1.2525924000000004,,,,,,,False,6.15386449878545,,,,,,,,,,,,,,,,,,,,,,,,,,,,,,,,,,,,,,,,,,,,,,,,,,,,,,,,,,,,,,,,,,,,,,,,,,,,,,,,,,,,,,,,,,,,,,,,,,,,,,,,,,,,,,,,,,,,,,,,,,,,,,,,,,,,,,,,,,,,,,,,,,,,,,,,,,,,,,,,,,,,,,,,,,,,,,,,,,,,,,,,,,,,,,,,
p_1JvZlr,Juan Meza,t_1Fzy5s,River Plate,VOL,Huracán,True,10,3,3,True,0,False,5.718866666666666,7.154680000000001,10.566999999999998,3.2642589690974786,2.94,13.96,0.8802348000241167,0.23450733345391728,0.9880234800024117,1.086,7.505225333333334,8.053057993317895,,,,,,,False,6.15386449878545,,,,,,,,,,,,,,,,,,,,,,,,,,,,,,,,,,,,,,,,,,,,,,,,,,,,,,,,,,,,,,,,,,,,,,,,,,,,,,,,,,,,,,,,,,,,,,,,,,,,,,,,,,,,,,,,,,,,,,,,,,,,,,,,,,,,,,,,,,,,,,,,,,,,,,,,,,,,,,,,,,,,,,,,,,,,,,,,,,,,,,,,,,,,,,,,
p_4SEGlt,Lucas Beltrán,t_1Fzy5s,River Plate,DEL,Huracán,True,9,3,3,True,0,False,7.491053333333334,4.334733333333333,8.07564,3.6883728505941478,-0.1079,9.885,0.8426587232657178,0.21329361632858876,0.9842658723265718,1.086,6.374672,6.8139680972070895,,,,,,,False,5.577128809735925,,,,,,,,,,,,,,,,,,,,,,,,,,,,,,,,,,,,,,,,,,,,,,,,,,,,,,,,,,,,,,,,,,,,,,,,,,,,,,,,,,,,,,,,,,,,,,,,,,,,,,,,,,,,,,,,,,,,,,,,,,,,,,,,,,,,,,,,,,,,,,,,,,,,,,,,,,,,,,,,,,,,,,,,,,,,,,,,,,,,,,,,,,,,,,,,
p_42zcz2,Rafael Borré,t_1Fzy5s,River Plate,DEL,Huracán,True,8,3,3,True,0,False,2.40622,2.4678375,5.4411499999999995,2.1980777621351018,-0.2011,5.858,0.8292042329410013,0.3126878313716736,0.9829204232941001,1.086,3.1895995,3.404743024877014,,,,,,,False,5.577128809735925,,,,,,,,,,,,,,,,,,,,,,,,,,,,,,,,,,,,,,,,,,,,,,,,,,,,,,,,,,,,,,,,,,,,,,,,,,,,,,,,,,,,,,,,,,,,,,,,,,,,,,,,,,,,,,,,,,,,,,,,,,,,,,,,,,,,,,,,,,,,,,,,,,,,,,,,,,,,,,,,,,,,,,,,,,,,,,,,,,,,,,,,,,,,,,,,
p_1HS5gG,Hernán Galindez,t_2qXAzu,Huracán,ARQ,River Plate,False,27,3,3,True,3,True,9.727293333333334,9.220633333333332,14.737240000000003,3.9392716959630225,2.5064,17.1077,1.0,0.20245899832101208,1.0,1.015,10.777116,10.93877274,,,,,,,True,7.5205623530242764,,,,,,,,,,,,,,,,,,,,,,,,,,,,,,,,,,,,,,,,,,,,,,,,,,,,,,,,,,,,,,,,,,,,,,,,,,,,,,,,,,,,,,,,,,,,,,,,,,,,,,,,,,,,,,,,,,,,,,,,,,,,,,,,,,,,,,,,,,,,,,,,,,,,,,,,,,,,,,,,,,,,,,,,,,,,,,,,,,,,,,,,,,,,,,,,
p_3mDkwx,Lucas Blondel,t_2qXAzu,Huracán,DEF,River Plate,False,20,3,3,True,3,True,13.684586666666666,9.291630000000001,15.9719,4.790544540534207,1.32,19.1529,1.0,0.17269532994693879,1.0,1.015,12.499232333333334,12.686720818333333,,,,,,,True,6.218483552578269,,,,,,,,,,,,,,,,,,,,,,,,,,,,,,,,,,,,,,,,,,,,,,,,,,,,,,,,,,,,,,,,,,,,,,,,,,,,,,,,,,,,,,,,,,,,,,,,,,,,,,,,,,,,,,,,,,,,,,,,,,,,,,,,,,,,,,,,,,,,,,,,,,,,,,,,,,,,,,,,,,,,,,,,,,,,,,,,,,,,,,,,,,,,,,,,
p_2CcRpn,Fabio Pereyra,t_2qXAzu,Huracán,DEF,River Plate,False,21,3,3,True,2,True,7.084213333333334,7.939466666666665,13.0386,4.0100910250683,1.1918,14.83,1.0,0.1995971719867839,1.0,1.015,8.914911333333334,9.048635003333333,,,,,,,True,6.218483552578269,,,,,,,,,,,,,,,,,,,,,,,,,,,,,,,,,,,,,,,,,,,,,,,,,,,,,,,,,,,,,,,,,,,,,,,,,,,,,,,,,,,,,,,,,,,,,,,,,,,,,,,,,,,,,,,,,,,,,,,,,,,,,,,,,,,,,,,,,,,,,,,,,,,,,,,,,,,,,,,,,,,,,,,,,,,,,,,,,,,,,,,,,,,,,,,,
p_2gVM0e,Máximo Palazzo,t_2qXAzu,Huracán,DEF,River Plate,False,17,3,3,True,3,True,8.88734,8.157676470588237,13.2216,4.131961029512714,-0.36,14.4217,1.0,0.19485728637634478,1.0,1.015,9.679039588235295,9.824225182058823,,,,,,,True,6.218483552578269,,,,,,,,,,,,,,,,,,,,,,,,,,,,,,,,,,,,,,,,,,,,,,,,,,,,,,,,,,,,,,,,,,,,,,,,,,,,,,,,,,,,,,,,,,,,,,,,,,,,,,,,,,,,,,,,,,,,,,,,,,,,,,,,,,,,,,,,,,,,,,,,,,,,,,,,,,,,,,,,,,,,,,,,,,,,,,,,,,,,,,,,,,,,,,,,
p_1u5P1L,César Ibáñez,t_2qXAzu,Huracán,DEF,River Plate,False,23,3,3,True,3,True,13.138306666666667,9.619791304347826,15.253280000000002,4.160794642516461,1.4733,15.5072,1.0,0.1937686091520954,1.0,1.015,12.259643855072465,12.44353851289855,,,,,,,True,6.218483552578269,,,,,,,,,,,,,,,,,,,,,,,,,,,,,,,,,,,,,,,,,,,,,,,,,,,,,,,,,,,,,,,,,,,,,,,,,,,,,,,,,,,,,,,,,,,,,,,,,,,,,,,,,,,,,,,,,,,,,,,,,,,,,,,,,,,,,,,,,,,,,,,,,,,,,,,,,,,,,,,,,,,,,,,,,,,,,,,,,,,,,,,,,,,,,,,,
p_2U6bg5,Facundo Waller,t_2qXAzu,Huracán,VOL,River Plate,False,23,3,3,True,3,True,14.634693333333333,9.756417391304348,15.478100000000001,4.825720563685252,3.7633,20.54,1.0,0.1716525859879927,1.0,1.015,12.894234623188407,13.087648142536231,,,,,,,True,6.15386449878545,,,,,,,,,,,,,,,,,,,,,,,,,,,,,,,,,,,,,,,,,,,,,,,,,,,,,,,,,,,,,,,,,,,,,,,,,,,,,,,,,,,,,,,,,,,,,,,,,,,,,,,,,,,,,,,,,,,,,,,,,,,,,,,,,,,,,,,,,,,,,,,,,,,,,,,,,,,,,,,,,,,,,,,,,,,,,,,,,,,,,,,,,,,,,,,,
p_4L0APC,Rodrigo Fernández,t_2qXAzu,Huracán,VOL,River Plate,False,7,3,3,True,3,True,12.763946666666667,11.030357142857142,13.907,2.5540950973271292,7.6619,13.907,0.7896064477332296,0.2813655719994813,0.978960644773323,1.015,12.356274190476189,12.277750740732106,,,,,,,True,6.15386449878545,,,,,,,,,,,,,,,,,,,,,,,,,,,,,,,,,,,,,,,,,,,,,,,,,,,,,,,,,,,,,,,,,,,,,,,,,,,,,,,,,,,,,,,,,,,,,,,,,,,,,,,,,,,,,,,,,,,,,,,,,,,,,,,,,,,,,,,,,,,,,,,,,,,,,,,,,,,,,,,,,,,,,,,,,,,,,,,,,,,,,,,,,,,,,,,,
p_2w9GwT,Oscar Cortés,t_2qXAzu,Huracán,DEL,River Plate,False,26,3,3,True,3,True,11.074373333333334,8.918099999999999,14.919799999999999,5.14995663492422,0.765,22.7258,1.0,0.1626027725661064,1.0,1.015,11.173220666666666,11.340818976666664,,,,,,,True,5.577128809735925,,,,,,,,,,,,,,,,,,,,,,,,,,,,,,,,,,,,,,,,,,,,,,,,,,,,,,,,,,,,,,,,,,,,,,,,,,,,,,,,,,,,,,,,,,,,,,,,,,,,,,,,,,,,,,,,,,,,,,,,,,,,,,,,,,,,,,,,,,,,,,,,,,,,,,,,,,,,,,,,,,,,,,,,,,,,,,,,,,,,,,,,,,,,,,,,
p_1WFkRF,Juan Bisanz,t_2qXAzu,Huracán,DEL,River Plate,False,24,3,3,True,2,True,6.001293333333333,5.569620833333333,10.882859999999999,4.551011112114601,0.122,18.6186,1.0,0.18014736050835614,1.0,1.015,7.049016,7.1547512399999995,,,,,,,True,5.577128809735925,,,,,,,,,,,,,,,,,,,,,,,,,,,,,,,,,,,,,,,,,,,,,,,,,,,,,,,,,,,,,,,,,,,,,,,,,,,,,,,,,,,,,,,,,,,,,,,,,,,,,,,,,,,,,,,,,,,,,,,,,,,,,,,,,,,,,,,,,,,,,,,,,,,,,,,,,,,,,,,,,,,,,,,,,,,,,,,,,,,,,,,,,,,,,,,,
p_2yRMOn,Facundo Kalinger,t_2qXAzu,Huracán,VOL,River Plate,False,16,3,3,True,3,True,6.872966666666667,5.5372,9.3512,4.005830413285116,0.9411,16.37,1.0,0.19976705510160142,1.0,1.015,6.958218333333333,7.062591608333332,,,,,,,True,6.15386449878545,,,,,,,,,,,,,,,,,,,,,,,,,,,,,,,,,,,,,,,,,,,,,,,,,,,,,,,,,,,,,,,,,,,,,,,,,,,,,,,,,,,,,,,,,,,,,,,,,,,,,,,,,,,,,,,,,,,,,,,,,,,,,,,,,,,,,,,,,,,,,,,,,,,,,,,,,,,,,,,,,,,,,,,,,,,,,,,,,,,,,,,,,,,,,,,,
p_46Ymcl,Jordy Caicedo,t_2qXAzu,Huracán,DEL,River Plate,False,25,3,3,True,3,True,10.868733333333333,7.13078,13.41548,5.41375990955762,-1.8175,18.8056,1.0,0.1559147854146872,1.0,1.015,10.010238666666666,10.160392246666666,,,,,,,True,5.577128809735925,,,,,,,,,,,,,,,,,,,,,,,,,,,,,,,,,,,,,,,,,,,,,,,,,,,,,,,,,,,,,,,,,,,,,,,,,,,,,,,,,,,,,,,,,,,,,,,,,,,,,,,,,,,,,,,,,,,,,,,,,,,,,,,,,,,,,,,,,,,,,,,,,,,,,,,,,,,,,,,,,,,,,,,,,,,,,,,,,,,,,,,,,,,,,,,,
p_1xk50a,Sebastián Meza,t_2qXAzu,Huracán,ARQ,River Plate,False,1,3,3,True,0,False,7.3222,7.3222,7.3222,0.0,7.3222,7.3222,0.7333333333333334,1.0,0.9733333333333334,1.015,7.3222,7.233845453333332,,,,,,,False,7.5205623530242764,,,,,,,,,,,,,,,,,,,,,,,,,,,,,,,,,,,,,,,,,,,,,,,,,,,,,,,,,,,,,,,,,,,,,,,,,,,,,,,,,,,,,,,,,,,,,,,,,,,,,,,,,,,,,,,,,,,,,,,,,,,,,,,,,,,,,,,,,,,,,,,,,,,,,,,,,,,,,,,,,,,,,,,,,,,,,,,,,,,,,,,,,,,,,,,,
p_2xZbaM,Federico Vera,t_2qXAzu,Huracán,DEF,River Plate,False,6,3,3,True,0,False,8.733113333333334,7.933399999999999,13.0276,4.254885086579895,4.5211,15.0852,0.7380598237078041,0.1902991185390208,0.9738059823707804,1.015,9.486849666666666,9.376926223641027,,,,,,,False,6.218483552578269,,,,,,,,,,,,,,,,,,,,,,,,,,,,,,,,,,,,,,,,,,,,,,,,,,,,,,,,,,,,,,,,,,,,,,,,,,,,,,,,,,,,,,,,,,,,,,,,,,,,,,,,,,,,,,,,,,,,,,,,,,,,,,,,,,,,,,,,,,,,,,,,,,,,,,,,,,,,,,,,,,,,,,,,,,,,,,,,,,,,,,,,,,,,,,,,
p_3IPD6d,Ignacio Campo,t_2qXAzu,Huracán,DEF,River Plate,False,12,3,3,True,0,False,3.6223066666666672,6.588541666666667,14.662360000000001,5.0359014752183215,0.5522,16.3427,0.933135067035329,0.16567533517664476,0.9933135067035329,1.015,7.5688140000000015,7.630978253565696,,,,,,,False,6.218483552578269,,,,,,,,,,,,,,,,,,,,,,,,,,,,,,,,,,,,,,,,,,,,,,,,,,,,,,,,,,,,,,,,,,,,,,,,,,,,,,,,,,,,,,,,,,,,,,,,,,,,,,,,,,,,,,,,,,,,,,,,,,,,,,,,,,,,,,,,,,,,,,,,,,,,,,,,,,,,,,,,,,,,,,,,,,,,,,,,,,,,,,,,,,,,,,,,
p_2BQd7q,Leandro Lescano,t_2qXAzu,Huracán,DEF,River Plate,False,8,3,3,True,0,False,1.5380533333333333,1.978425,5.433129999999999,3.947380226265806,-4.1243,6.675,0.8070921021199987,0.2021271772666606,0.9807092102119999,1.015,2.6879711666666664,2.6756598511333083,,,,,,,False,6.218483552578269,,,,,,,,,,,,,,,,,,,,,,,,,,,,,,,,,,,,,,,,,,,,,,,,,,,,,,,,,,,,,,,,,,,,,,,,,,,,,,,,,,,,,,,,,,,,,,,,,,,,,,,,,,,,,,,,,,,,,,,,,,,,,,,,,,,,,,,,,,,,,,,,,,,,,,,,,,,,,,,,,,,,,,,,,,,,,,,,,,,,,,,,,,,,,,,,
p_12oUPV,Hugo Nervo,t_2qXAzu,Huracán,DEF,River Plate,False,18,3,3,True,1,False,5.686653333333334,6.7261944444444435,11.07704,3.399963398154582,1.8,12.7847,1.0,0.22727461787964343,1.0,1.015,7.450066444444444,7.561817441111111,,,,,,,False,6.218483552578269,,,,,,,,,,,,,,,,,,,,,,,,,,,,,,,,,,,,,,,,,,,,,,,,,,,,,,,,,,,,,,,,,,,,,,,,,,,,,,,,,,,,,,,,,,,,,,,,,,,,,,,,,,,,,,,,,,,,,,,,,,,,,,,,,,,,,,,,,,,,,,,,,,,,,,,,,,,,,,,,,,,,,,,,,,,,,,,,,,,,,,,,,,,,,,,,
p_3NPNrM,Emmanuel Ojeda,t_2qXAzu,Huracán,VOL,River Plate,False,19,3,3,True,0,False,6.291513333333333,7.9172052631578955,12.690719999999997,3.683595821035274,2.83,15.4675,1.0,0.21351116497045586,1.0,1.015,8.541591771929824,8.66971564850877,,,,,,,False,6.15386449878545,,,,,,,,,,,,,,,,,,,,,,,,,,,,,,,,,,,,,,,,,,,,,,,,,,,,,,,,,,,,,,,,,,,,,,,,,,,,,,,,,,,,,,,,,,,,,,,,,,,,,,,,,,,,,,,,,,,,,,,,,,,,,,,,,,,,,,,,,,,,,,,,,,,,,,,,,,,,,,,,,,,,,,,,,,,,,,,,,,,,,,,,,,,,,,,,
p_2DN8Ao,Lautaro Mora,t_2qXAzu,Huracán,VOL,River Plate,False,10,3,3,True,0,False,4.045393333333333,2.97288,4.298029999999999,1.9837788540504655,0.5169,6.92,0.9003624295843845,0.3351454812552562,0.9900362429584385,1.015,3.679547166666666,3.6975283284651583,,,,,,,False,6.15386449878545,,,,,,,,,,,,,,,,,,,,,,,,,,,,,,,,,,,,,,,,,,,,,,,,,,,,,,,,,,,,,,,,,,,,,,,,,,,,,,,,,,,,,,,,,,,,,,,,,,,,,,,,,,,,,,,,,,,,,,,,,,,,,,,,,,,,,,,,,,,,,,,,,,,,,,,,,,,,,,,,,,,,,,,,,,,,,,,,,,,,,,,,,,,,,,,,
p_0iuC7I,Leonardo Gil,t_2qXAzu,Huracán,VOL,River Plate,False,27,3,3,True,1,False,3.2911266666666665,9.071325925925926,15.940940000000005,5.114600483201355,1.09,19.2573,1.0,0.16354298252965185,1.0,1.015,8.765659703703705,8.89714459925926,,,,,,,False,6.15386449878545,,,,,,,,,,,,,,,,,,,,,,,,,,,,,,,,,,,,,,,,,,,,,,,,,,,,,,,,,,,,,,,,,,,,,,,,,,,,,,,,,,,,,,,,,,,,,,,,,,,,,,,,,,,,,,,,,,,,,,,,,,,,,,,,,,,,,,,,,,,,,,,,,,,,,,,,,,,,,,,,,,,,,,,,,,,,,,,,,,,,,,,,,,,,,,,,
p_3w1HcK,Óscar Romero,t_2qXAzu,Huracán,VOL,River Plate,False,17,3,3,True,0,False,4.043853333333334,5.858952941176471,11.721200000000001,4.69899695136069,1.1783,16.5971,1.0,0.1754694744592275,1.0,1.015,6.689229843137255,6.789568290784313,,,,,,,False,6.15386449878545,,,,,,,,,,,,,,,,,,,,,,,,,,,,,,,,,,,,,,,,,,,,,,,,,,,,,,,,,,,,,,,,,,,,,,,,,,,,,,,,,,,,,,,,,,,,,,,,,,,,,,,,,,,,,,,,,,,,,,,,,,,,,,,,,,,,,,,,,,,,,,,,,,,,,,,,,,,,,,,,,,,,,,,,,,,,,,,,,,,,,,,,,,,,,,,,
p_1bbvOc,Bruno Barticciotto,t_2qXAzu,Huracán,DEL,River Plate,False,3,3,3,True,0,False,4.714583333333334,4.273666666666666,5.1555,1.527380137141155,2.51,5.1555,0.6791333274567196,0.39566663728359813,0.9679133327456719,1.015,4.648445833333334,4.566782089108839,,,,,,,False,5.577128809735925,,,,,,,,,,,,,,,,,,,,,,,,,,,,,,,,,,,,,,,,,,,,,,,,,,,,,,,,,,,,,,,,,,,,,,,,,,,,,,,,,,,,,,,,,,,,,,,,,,,,,,,,,,,,,,,,,,,,,,,,,,,,,,,,,,,,,,,,,,,,,,,,,,,,,,,,,,,,,,,,,,,,,,,,,,,,,,,,,,,,,,,,,,,,,,,,
p_23dnxW,Martín Soto,t_2qXAzu,Huracán,DEF,River Plate,False,2,3,2,True,0,False,0.9363,1.26945,2.06901,1.4134357449137898,0.27,2.2689,0.6495360782188454,0.41434705776089387,0.9649536078218846,1.015,1.3527375,1.3249088650268708,,,,,,,False,6.218483552578269,,,,,,,,,,,,,,,,,,,,,,,,,,,,,,,,,,,,,,,,,,,,,,,,,,,,,,,,,,,,,,,,,,,,,,,,,,,,,,,,,,,,,,,,,,,,,,,,,,,,,,,,,,,,,,,,,,,,,,,,,,,,,,,,,,,,,,,,,,,,,,,,,,,,,,,,,,,,,,,,,,,,,,,,,,,,,,,,,,,,,,,,,,,,,,,,
p_2XJ5dS,Thaiel Peralta,t_2qXAzu,Huracán,VOL,River Plate,False,16,3,3,True,0,False,6.898846666666667,4.582125,10.644,6.460213957499137,0.4011,25.6829,1.0,0.13404441289445626,1.0,1.015,6.908446333333334,7.012073028333333,,,,,,,False,6.15386449878545,,,,,,,,,,,,,,,,,,,,,,,,,,,,,,,,,,,,,,,,,,,,,,,,,,,,,,,,,,,,,,,,,,,,,,,,,,,,,,,,,,,,,,,,,,,,,,,,,,,,,,,,,,,,,,,,,,,,,,,,,,,,,,,,,,,,,,,,,,,,,,,,,,,,,,,,,,,,,,,,,,,,,,,,,,,,,,,,,,,,,,,,,,,,,,,,
p_0yyPLQ,Matías Mansilla,t_0oa5Fc,Unión,ARQ,Independiente,True,28,3,3,True,3,True,7.931373333333332,7.854685714285715,13.526299999999999,4.4302929204816515,-2.98,14.8938,1.0,0.18415212855797525,1.0,0.85,9.299429952380951,7.904515459523808,,,,,,,True,7.5205623530242764,,,,,,,,,,,,,,,,,,,,,,,,,,,,,,,,,,,,,,,,,,,,,,,,,,,,,,,,,,,,,,,,,,,,,,,,,,,,,,,,,,,,,,,,,,,,,,,,,,,,,,,,,,,,,,,,,,,,,,,,,,,,,,,,,,,,,,,,,,,,,,,,,,,,,,,,,,,,,,,,,,,,,,,,,,,,,,,,,,,,,,,,,,,,,,,,
p_4P8OoY,Juan Pintado,t_0oa5Fc,Unión,DEF,Independiente,True,9,3,3,True,3,True,9.809966666666666,7.518333333333334,15.842039999999999,6.047961842017523,-0.63,16.395,0.8283769981284049,0.1418849906420242,0.9828376998128405,0.85,10.401331666666666,8.689397756718556,,,,,,,True,6.218483552578269,,,,,,,,,,,,,,,,,,,,,,,,,,,,,,,,,,,,,,,,,,,,,,,,,,,,,,,,,,,,,,,,,,,,,,,,,,,,,,,,,,,,,,,,,,,,,,,,,,,,,,,,,,,,,,,,,,,,,,,,,,,,,,,,,,,,,,,,,,,,,,,,,,,,,,,,,,,,,,,,,,,,,,,,,,,,,,,,,,,,,,,,,,,,,,,,
p_0vA7J1,Matías Rocha,t_0oa5Fc,Unión,DEF,Independiente,True,2,3,3,True,1,False,3.3496666666666663,3.14475,3.63655,0.8693877874688604,2.53,3.7595,0.6736535643776005,0.5349344885546694,0.9673653564377601,0.85,3.3394208333333335,2.7458740210232047,,,,,,,True,6.218483552578269,,,,,,,,,,,,,,,,,,,,,,,,,,,,,,,,,,,,,,,,,,,,,,,,,,,,,,,,,,,,,,,,,,,,,,,,,,,,,,,,,,,,,,,,,,,,,,,,,,,,,,,,,,,,,,,,,,,,,,,,,,,,,,,,,,,,,,,,,,,,,,,,,,,,,,,,,,,,,,,,,,,,,,,,,,,,,,,,,,,,,,,,,,,,,,,,
p_3c6pcI,Juan Pablo Ludueña,t_0oa5Fc,Unión,DEF,Independiente,True,27,3,3,True,3,True,8.327953333333333,8.575511111111112,14.710800000000003,4.843601592690913,0.6314,20.3675,1.0,0.17112734058577583,1.0,0.85,10.022688111111112,8.519284894444445,,,,,,,True,6.218483552578269,,,,,,,,,,,,,,,,,,,,,,,,,,,,,,,,,,,,,,,,,,,,,,,,,,,,,,,,,,,,,,,,,,,,,,,,,,,,,,,,,,,,,,,,,,,,,,,,,,,,,,,,,,,,,,,,,,,,,,,,,,,,,,,,,,,,,,,,,,,,,,,,,,,,,,,,,,,,,,,,,,,,,,,,,,,,,,,,,,,,,,,,,,,,,,,,
p_2P4QLN,Lucas Ayala,t_0oa5Fc,Unión,DEF,Independiente,True,8,3,3,True,3,True,8.599099999999998,8.770800000000001,13.39987,3.4468718712976347,4.0957,13.9563,0.8116421023860768,0.22487717859705086,0.9811642102386077,0.85,9.8679725,8.22978622792598,,,,,,,True,6.218483552578269,,,,,,,,,,,,,,,,,,,,,,,,,,,,,,,,,,,,,,,,,,,,,,,,,,,,,,,,,,,,,,,,,,,,,,,,,,,,,,,,,,,,,,,,,,,,,,,,,,,,,,,,,,,,,,,,,,,,,,,,,,,,,,,,,,,,,,,,,,,,,,,,,,,,,,,,,,,,,,,,,,,,,,,,,,,,,,,,,,,,,,,,,,,,,,,,
p_1h4yOi,Julián Palacios,t_0oa5Fc,Unión,VOL,Independiente,True,25,3,2,True,2,True,7.95962,10.048588,17.041180000000004,4.5947492197906366,2.57,19.2456,1.0,0.17873902130637795,1.0,0.85,11.065597200000001,9.405757620000001,,,,,,,True,6.15386449878545,,,,,,,,,,,,,,,,,,,,,,,,,,,,,,,,,,,,,,,,,,,,,,,,,,,,,,,,,,,,,,,,,,,,,,,,,,,,,,,,,,,,,,,,,,,,,,,,,,,,,,,,,,,,,,,,,,,,,,,,,,,,,,,,,,,,,,,,,,,,,,,,,,,,,,,,,,,,,,,,,,,,,,,,,,,,,,,,,,,,,,,,,,,,,,,,
p_3BCNLl,Joaquín Mosqueira,t_0oa5Fc,Unión,VOL,Independiente,True,6,3,3,True,1,False,6.200666666666667,6.943383333333333,14.6003,7.244780353997398,0.9214,20.71,0.7242577717553181,0.1212888587765907,0.9724257771755318,0.85,8.597661666666667,7.10649965388552,,,,,,,True,6.15386449878545,,,,,,,,,,,,,,,,,,,,,,,,,,,,,,,,,,,,,,,,,,,,,,,,,,,,,,,,,,,,,,,,,,,,,,,,,,,,,,,,,,,,,,,,,,,,,,,,,,,,,,,,,,,,,,,,,,,,,,,,,,,,,,,,,,,,,,,,,,,,,,,,,,,,,,,,,,,,,,,,,,,,,,,,,,,,,,,,,,,,,,,,,,,,,,,,
p_0ZgxsX,Lucas Menossi,t_0oa5Fc,Unión,VOL,Independiente,True,15,3,3,True,3,True,10.502873333333334,8.62404,16.36904,5.582589681935897,0.1413,17.403,1.0,0.15191589455199137,1.0,0.85,11.217881666666667,9.535199416666666,,,,,,,True,6.15386449878545,,,,,,,,,,,,,,,,,,,,,,,,,,,,,,,,,,,,,,,,,,,,,,,,,,,,,,,,,,,,,,,,,,,,,,,,,,,,,,,,,,,,,,,,,,,,,,,,,,,,,,,,,,,,,,,,,,,,,,,,,,,,,,,,,,,,,,,,,,,,,,,,,,,,,,,,,,,,,,,,,,,,,,,,,,,,,,,,,,,,,,,,,,,,,,,,
p_43YxGe,Brahian Cuello,t_0oa5Fc,Unión,VOL,Independiente,True,21,3,3,True,3,True,8.538133333333333,6.727485714285714,17.5471,5.740323077430897,0.49,18.4542,1.0,0.14836084094371843,1.0,0.85,10.066115952380953,8.556198559523809,,,,,,,True,6.15386449878545,,,,,,,,,,,,,,,,,,,,,,,,,,,,,,,,,,,,,,,,,,,,,,,,,,,,,,,,,,,,,,,,,,,,,,,,,,,,,,,,,,,,,,,,,,,,,,,,,,,,,,,,,,,,,,,,,,,,,,,,,,,,,,,,,,,,,,,,,,,,,,,,,,,,,,,,,,,,,,,,,,,,,,,,,,,,,,,,,,,,,,,,,,,,,,,,
p_3ybBVT,Marcelo Estigarribia,t_0oa5Fc,Unión,DEL,Independiente,True,26,3,3,True,3,True,8.39076,6.860976923076922,13.87045,4.8376090043994004,-0.9527,17.992,1.0,0.17130301108662288,1.0,0.85,9.148769269230769,7.776453878846153,,,,,,,True,5.577128809735925,,,,,,,,,,,,,,,,,,,,,,,,,,,,,,,,,,,,,,,,,,,,,,,,,,,,,,,,,,,,,,,,,,,,,,,,,,,,,,,,,,,,,,,,,,,,,,,,,,,,,,,,,,,,,,,,,,,,,,,,,,,,,,,,,,,,,,,,,,,,,,,,,,,,,,,,,,,,,,,,,,,,,,,,,,,,,,,,,,,,,,,,,,,,,,,,
p_3woyik,Cristian Alberto Tarragona,t_0oa5Fc,Unión,DEL,Independiente,True,27,3,2,True,2,True,10.467279999999999,9.032696296296296,16.119880000000002,5.811318627569788,0.3224,20.0412,1.0,0.14681445028167625,1.0,0.85,11.306596518518518,9.61060704074074,,,,,,,True,5.577128809735925,,,,,,,,,,,,,,,,,,,,,,,,,,,,,,,,,,,,,,,,,,,,,,,,,,,,,,,,,,,,,,,,,,,,,,,,,,,,,,,,,,,,,,,,,,,,,,,,,,,,,,,,,,,,,,,,,,,,,,,,,,,,,,,,,,,,,,,,,,,,,,,,,,,,,,,,,,,,,,,,,,,,,,,,,,,,,,,,,,,,,,,,,,,,,,,,
p_47bCwf,Ignacio Malcorra,t_0oa5Fc,Unión,VOL,Independiente,True,8,3,3,True,2,True,8.986333333333334,9.331949999999999,14.818399999999999,6.461551332525119,1.1014,22.258,0.7934707441415738,0.13402038737453578,0.9793470744141575,0.85,10.582596666666666,8.809429822424262,,,,,,,False,6.15386449878545,,,,,,,,,,,,,,,,,,,,,,,,,,,,,,,,,,,,,,,,,,,,,,,,,,,,,,,,,,,,,,,,,,,,,,,,,,,,,,,,,,,,,,,,,,,,,,,,,,,,,,,,,,,,,,,,,,,,,,,,,,,,,,,,,,,,,,,,,,,,,,,,,,,,,,,,,,,,,,,,,,,,,,,,,,,,,,,,,,,,,,,,,,,,,,,,
p_2N5L7Q,Mauro Luna Diale,t_0oa5Fc,Unión,VOL,Independiente,True,7,3,2,True,0,False,6.034433333333334,6.173042857142859,11.094580000000004,5.737473620812894,2.4423,18.8521,0.7630180506704336,0.14842358668550118,0.9763018050670433,0.85,7.354913809523811,6.103523284098028,,,,,,,False,6.15386449878545,,,,,,,,,,,,,,,,,,,,,,,,,,,,,,,,,,,,,,,,,,,,,,,,,,,,,,,,,,,,,,,,,,,,,,,,,,,,,,,,,,,,,,,,,,,,,,,,,,,,,,,,,,,,,,,,,,,,,,,,,,,,,,,,,,,,,,,,,,,,,,,,,,,,,,,,,,,,,,,,,,,,,,,,,,,,,,,,,,,,,,,,,,,,,,,,
p_1NZkbt,Eric Ramírez,t_0oa5Fc,Unión,VOL,Independiente,True,8,3,3,True,0,False,4.930233333333334,3.7633375,8.347,3.920857336617483,0.6,11.84,0.8073099908516097,0.20321662092471546,0.980730999085161,0.85,5.317666666666667,4.432920461381579,,,,,,,False,6.15386449878545,,,,,,,,,,,,,,,,,,,,,,,,,,,,,,,,,,,,,,,,,,,,,,,,,,,,,,,,,,,,,,,,,,,,,,,,,,,,,,,,,,,,,,,,,,,,,,,,,,,,,,,,,,,,,,,,,,,,,,,,,,,,,,,,,,,,,,,,,,,,,,,,,,,,,,,,,,,,,,,,,,,,,,,,,,,,,,,,,,,,,,,,,,,,,,,,
p_2msaJ0,Bruno Pittón,t_0oa5Fc,Unión,DEF,Independiente,True,17,3,3,True,0,False,3.4615333333333336,3.526305882352941,7.36442,3.1499751017806843,-0.5143,9.7661,1.0,0.24096530111009987,1.0,0.85,4.463164019607843,3.7936894166666666,,,,,,,False,6.218483552578269,,,,,,,,,,,,,,,,,,,,,,,,,,,,,,,,,,,,,,,,,,,,,,,,,,,,,,,,,,,,,,,,,,,,,,,,,,,,,,,,,,,,,,,,,,,,,,,,,,,,,,,,,,,,,,,,,,,,,,,,,,,,,,,,,,,,,,,,,,,,,,,,,,,,,,,,,,,,,,,,,,,,,,,,,,,,,,,,,,,,,,,,,,,,,,,,
p_11jmli,Misael Aguirre,t_0oa5Fc,Unión,VOL,Independiente,True,18,3,3,True,0,False,4.051773333333333,3.2612055555555557,6.8838,3.2003722321137844,-0.1936,11.4,1.0,0.23807413837148492,1.0,0.85,4.443552888888889,3.7770199555555557,,,,,,,False,6.15386449878545,,,,,,,,,,,,,,,,,,,,,,,,,,,,,,,,,,,,,,,,,,,,,,,,,,,,,,,,,,,,,,,,,,,,,,,,,,,,,,,,,,,,,,,,,,,,,,,,,,,,,,,,,,,,,,,,,,,,,,,,,,,,,,,,,,,,,,,,,,,,,,,,,,,,,,,,,,,,,,,,,,,,,,,,,,,,,,,,,,,,,,,,,,,,,,,,
p_2fE7Zw,Tomas Fagioli,t_0oa5Fc,Unión,DEF,Independiente,True,4,3,3,True,2,True,5.5612200000000005,5.182,8.05864,2.9919040292094934,2.0211,8.8603,0.6834347382109465,0.2505070243880656,0.9683434738210946,0.85,6.033887000000001,4.966443833490353,,,,,,,False,6.218483552578269,,,,,,,,,,,,,,,,,,,,,,,,,,,,,,,,,,,,,,,,,,,,,,,,,,,,,,,,,,,,,,,,,,,,,,,,,,,,,,,,,,,,,,,,,,,,,,,,,,,,,,,,,,,,,,,,,,,,,,,,,,,,,,,,,,,,,,,,,,,,,,,,,,,,,,,,,,,,,,,,,,,,,,,,,,,,,,,,,,,,,,,,,,,,,,,,
p_3rkznN,Mateo Peresutti,t_0oa5Fc,Unión,VOL,Independiente,True,3,3,3,True,0,False,3.774433333333333,3.3877666666666664,5.29664,2.3768750415899724,1.03,5.7833,0.6592263549988606,0.2961317749943032,0.9659226354998861,0.85,4.000318333333333,3.284398323266068,,,,,,,False,6.15386449878545,,,,,,,,,,,,,,,,,,,,,,,,,,,,,,,,,,,,,,,,,,,,,,,,,,,,,,,,,,,,,,,,,,,,,,,,,,,,,,,,,,,,,,,,,,,,,,,,,,,,,,,,,,,,,,,,,,,,,,,,,,,,,,,,,,,,,,,,,,,,,,,,,,,,,,,,,,,,,,,,,,,,,,,,,,,,,,,,,,,,,,,,,,,,,,,,
p_0CHQCV,Emilio Giaccone,t_0oa5Fc,Unión,VOL,Independiente,True,9,3,3,True,2,True,7.73356,6.6256,14.44752,5.16136502317943,1.778,16.0368,0.8324603394292641,0.16230169714632053,0.9832460339429264,0.85,8.968866,7.495811634945725,,,,,,,False,6.15386449878545,,,,,,,,,,,,,,,,,,,,,,,,,,,,,,,,,,,,,,,,,,,,,,,,,,,,,,,,,,,,,,,,,,,,,,,,,,,,,,,,,,,,,,,,,,,,,,,,,,,,,,,,,,,,,,,,,,,,,,,,,,,,,,,,,,,,,,,,,,,,,,,,,,,,,,,,,,,,,,,,,,,,,,,,,,,,,,,,,,,,,,,,,,,,,,,,
p_2yQG0l,Valentín Cerrudo,t_0oa5Fc,Unión,DEL,Independiente,True,2,3,3,True,0,False,2.5233333333333334,2.5,2.556,0.09899494936611643,2.43,2.57,0.7486511244800141,0.9099222890667376,0.9748651124480014,0.85,2.5221666666666667,2.0899564474457106,,,,,,,False,5.577128809735925,,,,,,,,,,,,,,,,,,,,,,,,,,,,,,,,,,,,,,,,,,,,,,,,,,,,,,,,,,,,,,,,,,,,,,,,,,,,,,,,,,,,,,,,,,,,,,,,,,,,,,,,,,,,,,,,,,,,,,,,,,,,,,,,,,,,,,,,,,,,,,,,,,,,,,,,,,,,,,,,,,,,,,,,,,,,,,,,,,,,,,,,,,,,,,,,
p_3KLwFI,Rodrigo Rey,t_1XZg6T,Independiente,ARQ,Unión,False,26,3,3,True,3,True,8.917286666666666,8.84346923076923,13.4128,4.506114045229591,0.3667,19.585,1.0,0.18161628905350843,1.0,1.088,10.011638025641027,10.892662171897438,,,,,,,True,7.5205623530242764,,,,,,,,,,,,,,,,,,,,,,,,,,,,,,,,,,,,,,,,,,,,,,,,,,,,,,,,,,,,,,,,,,,,,,,,,,,,,,,,,,,,,,,,,,,,,,,,,,,,,,,,,,,,,,,,,,,,,,,,,,,,,,,,,,,,,,,,,,,,,,,,,,,,,,,,,,,,,,,,,,,,,,,,,,,,,,,,,,,,,,,,,,,,,,,,
p_2Y5BPH,Leonardo Godoy,t_1XZg6T,Independiente,DEF,Unión,False,16,3,3,True,3,True,10.141573333333332,7.181968749999999,11.38435,5.9753375994687525,-1.534,19.8922,1.0,0.1433622367003657,1.0,1.088,9.268425666666666,10.084047125333333,,,,,,,True,6.218483552578269,,,,,,,,,,,,,,,,,,,,,,,,,,,,,,,,,,,,,,,,,,,,,,,,,,,,,,,,,,,,,,,,,,,,,,,,,,,,,,,,,,,,,,,,,,,,,,,,,,,,,,,,,,,,,,,,,,,,,,,,,,,,,,,,,,,,,,,,,,,,,,,,,,,,,,,,,,,,,,,,,,,,,,,,,,,,,,,,,,,,,,,,,,,,,,,,
p_1HqLta,Juan Fedorco,t_1XZg6T,Independiente,DEF,Unión,False,17,3,3,True,3,True,7.76472,7.068429411764705,12.34454,4.870121470734163,-0.912,13.8863,1.0,0.17035422605572287,1.0,1.088,8.631158764705882,9.390700736,,,,,,,True,6.218483552578269,,,,,,,,,,,,,,,,,,,,,,,,,,,,,,,,,,,,,,,,,,,,,,,,,,,,,,,,,,,,,,,,,,,,,,,,,,,,,,,,,,,,,,,,,,,,,,,,,,,,,,,,,,,,,,,,,,,,,,,,,,,,,,,,,,,,,,,,,,,,,,,,,,,,,,,,,,,,,,,,,,,,,,,,,,,,,,,,,,,,,,,,,,,,,,,,
p_1OwbCC,Juan Miguel Arrayago,t_1XZg6T,Independiente,DEF,Unión,False,6,3,3,True,3,True,10.500413333333334,9.655183333333333,12.2456,3.3682087229960476,3.9279,12.5512,0.7457853579539635,0.22892678976981767,0.9745785357953963,1.088,10.598618,11.23815394574147,,,,,,,True,6.218483552578269,,,,,,,,,,,,,,,,,,,,,,,,,,,,,,,,,,,,,,,,,,,,,,,,,,,,,,,,,,,,,,,,,,,,,,,,,,,,,,,,,,,,,,,,,,,,,,,,,,,,,,,,,,,,,,,,,,,,,,,,,,,,,,,,,,,,,,,,,,,,,,,,,,,,,,,,,,,,,,,,,,,,,,,,,,,,,,,,,,,,,,,,,,,,,,,,
p_2ralsZ,Facundo Zabala,t_1XZg6T,Independiente,DEF,Unión,False,24,3,3,True,3,True,7.824926666666667,9.753741666666667,15.90488,5.170112100787578,-2.72,18.75,1.0,0.16207160966692258,1.0,1.088,10.616441,11.550687808000001,,,,,,,True,6.218483552578269,,,,,,,,,,,,,,,,,,,,,,,,,,,,,,,,,,,,,,,,,,,,,,,,,,,,,,,,,,,,,,,,,,,,,,,,,,,,,,,,,,,,,,,,,,,,,,,,,,,,,,,,,,,,,,,,,,,,,,,,,,,,,,,,,,,,,,,,,,,,,,,,,,,,,,,,,,,,,,,,,,,,,,,,,,,,,,,,,,,,,,,,,,,,,,,,
p_4eK1TZ,Mateo Pérez Curci,t_1XZg6T,Independiente,VOL,Unión,False,16,3,3,True,3,True,8.265566666666667,5.704218750000001,10.5861,4.480012852097451,-1.42,16.3323,1.0,0.1824813238562487,1.0,1.088,7.821160833333334,8.509422986666667,,,,,,,True,6.15386449878545,,,,,,,,,,,,,,,,,,,,,,,,,,,,,,,,,,,,,,,,,,,,,,,,,,,,,,,,,,,,,,,,,,,,,,,,,,,,,,,,,,,,,,,,,,,,,,,,,,,,,,,,,,,,,,,,,,,,,,,,,,,,,,,,,,,,,,,,,,,,,,,,,,,,,,,,,,,,,,,,,,,,,,,,,,,,,,,,,,,,,,,,,,,,,,,,
p_477cm1,Iván Marcone,t_1XZg6T,Independiente,VOL,Unión,False,24,3,3,True,3,True,10.712086666666668,10.002108333333332,14.500309999999999,4.772151945986183,-0.04,21.9418,1.0,0.17324561261686403,1.0,1.088,11.375151166666667,12.376164469333334,,,,,,,True,6.15386449878545,,,,,,,,,,,,,,,,,,,,,,,,,,,,,,,,,,,,,,,,,,,,,,,,,,,,,,,,,,,,,,,,,,,,,,,,,,,,,,,,,,,,,,,,,,,,,,,,,,,,,,,,,,,,,,,,,,,,,,,,,,,,,,,,,,,,,,,,,,,,,,,,,,,,,,,,,,,,,,,,,,,,,,,,,,,,,,,,,,,,,,,,,,,,,,,,
p_2BSeTF,Maximiliano Meza,t_1XZg6T,Independiente,VOL,Unión,False,9,3,3,True,3,True,10.33196,6.4359,12.162,4.976656097722647,-0.6,15.118,0.8334635282221121,0.16731764111056036,0.9833463528222113,1.088,9.231046000000001,9.87611917351546,,,,,,,True,6.15386449878545,,,,,,,,,,,,,,,,,,,,,,,,,,,,,,,,,,,,,,,,,,,,,,,,,,,,,,,,,,,,,,,,,,,,,,,,,,,,,,,,,,,,,,,,,,,,,,,,,,,,,,,,,,,,,,,,,,,,,,,,,,,,,,,,,,,,,,,,,,,,,,,,,,,,,,,,,,,,,,,,,,,,,,,,,,,,,,,,,,,,,,,,,,,,,,,,
p_2c9Jkj,Santiago Gabriel Montiel,t_1XZg6T,Independiente,VOL,Unión,False,21,3,3,True,3,True,14.036053333333333,9.601933333333331,18.77,6.601064641050967,-0.94,22.56,1.0,0.1315605177989559,1.0,1.088,13.445891999999997,14.629130495999998,,,,,,,True,6.15386449878545,,,,,,,,,,,,,,,,,,,,,,,,,,,,,,,,,,,,,,,,,,,,,,,,,,,,,,,,,,,,,,,,,,,,,,,,,,,,,,,,,,,,,,,,,,,,,,,,,,,,,,,,,,,,,,,,,,,,,,,,,,,,,,,,,,,,,,,,,,,,,,,,,,,,,,,,,,,,,,,,,,,,,,,,,,,,,,,,,,,,,,,,,,,,,,,,
p_1GfCUr,Ezequiel Ávila,t_1XZg6T,Independiente,DEL,Unión,False,3,3,3,True,2,True,3.9263333333333335,3.7630000000000003,4.8592,1.3286109287522816,2.56,5.189,0.6858881136090709,0.42944056804535435,0.9685888113609071,1.088,4.094216666666667,4.314586350627303,,,,,,,True,5.577128809735925,,,,,,,,,,,,,,,,,,,,,,,,,,,,,,,,,,,,,,,,,,,,,,,,,,,,,,,,,,,,,,,,,,,,,,,,,,,,,,,,,,,,,,,,,,,,,,,,,,,,,,,,,,,,,,,,,,,,,,,,,,,,,,,,,,,,,,,,,,,,,,,,,,,,,,,,,,,,,,,,,,,,,,,,,,,,,,,,,,,,,,,,,,,,,,,,
p_3BqvxS,Josias Palais,t_1XZg6T,Independiente,VOL,Unión,False,6,3,3,True,1,False,3.0133400000000004,4.049666666666667,6.29635,2.305949310515447,0.544,7.4932,0.7604969953301604,0.302484976650802,0.9760496995330161,1.088,4.2486231666666665,4.511791693396365,,,,,,,True,6.15386449878545,,,,,,,,,,,,,,,,,,,,,,,,,,,,,,,,,,,,,,,,,,,,,,,,,,,,,,,,,,,,,,,,,,,,,,,,,,,,,,,,,,,,,,,,,,,,,,,,,,,,,,,,,,,,,,,,,,,,,,,,,,,,,,,,,,,,,,,,,,,,,,,,,,,,,,,,,,,,,,,,,,,,,,,,,,,,,,,,,,,,,,,,,,,,,,,,
p_1OPWAY,Iván Morales,t_1XZg6T,Independiente,DEL,Unión,False,2,3,2,True,0,False,4.347666666666666,3.47575,5.56835,3.6992291257774235,0.86,6.0915,0.6092268386963531,0.21280086014843205,0.9609226838696353,1.088,4.304070833333333,4.499836674844072,,,,,,,False,5.577128809735925,,,,,,,,,,,,,,,,,,,,,,,,,,,,,,,,,,,,,,,,,,,,,,,,,,,,,,,,,,,,,,,,,,,,,,,,,,,,,,,,,,,,,,,,,,,,,,,,,,,,,,,,,,,,,,,,,,,,,,,,,,,,,,,,,,,,,,,,,,,,,,,,,,,,,,,,,,,,,,,,,,,,,,,,,,,,,,,,,,,,,,,,,,,,,,,,
p_0HtrYt,Ramiro Martino,t_1XZg6T,Independiente,DEF,Unión,False,3,3,3,True,0,False,3.6973,2.673133333333333,4.872879999999999,3.269676352994793,-1.045,5.1,0.6468419579061814,0.23420978953090676,0.9646841957906181,1.088,3.581528333333333,3.7590876325779616,,,,,,,False,6.218483552578269,,,,,,,,,,,,,,,,,,,,,,,,,,,,,,,,,,,,,,,,,,,,,,,,,,,,,,,,,,,,,,,,,,,,,,,,,,,,,,,,,,,,,,,,,,,,,,,,,,,,,,,,,,,,,,,,,,,,,,,,,,,,,,,,,,,,,,,,,,,,,,,,,,,,,,,,,,,,,,,,,,,,,,,,,,,,,,,,,,,,,,,,,,,,,,,,
p_2l6eDm,Matías Abaldo,t_1XZg6T,Independiente,DEL,Unión,False,25,3,3,True,2,True,6.060580000000001,7.3357079999999995,13.063420000000002,5.0314155099832485,1.2185,21.7431,1.0,0.16579855895266904,1.0,1.088,8.3213412,9.053619225600002,,,,,,,False,5.577128809735925,,,,,,,,,,,,,,,,,,,,,,,,,,,,,,,,,,,,,,,,,,,,,,,,,,,,,,,,,,,,,,,,,,,,,,,,,,,,,,,,,,,,,,,,,,,,,,,,,,,,,,,,,,,,,,,,,,,,,,,,,,,,,,,,,,,,,,,,,,,,,,,,,,,,,,,,,,,,,,,,,,,,,,,,,,,,,,,,,,,,,,,,,,,,,,,,
p_4QT6ls,David Martínez,t_1XZg6T,Independiente,VOL,Unión,False,6,3,3,True,0,False,3.6317733333333333,3.9585500000000007,4.6968499999999995,0.6762607241293848,3.1676,4.9612,0.819313181488444,0.5965659074422205,0.9819313181488445,1.088,4.028753166666666,4.304083291296169,,,,,,,False,6.15386449878545,,,,,,,,,,,,,,,,,,,,,,,,,,,,,,,,,,,,,,,,,,,,,,,,,,,,,,,,,,,,,,,,,,,,,,,,,,,,,,,,,,,,,,,,,,,,,,,,,,,,,,,,,,,,,,,,,,,,,,,,,,,,,,,,,,,,,,,,,,,,,,,,,,,,,,,,,,,,,,,,,,,,,,,,,,,,,,,,,,,,,,,,,,,,,,,,
p_2GcFwZ,Lautaro Millán,t_1XZg6T,Independiente,VOL,Unión,False,21,3,3,True,0,False,5.890586666666667,6.459042857142857,12.8146,5.1402741145362505,-0.2667,21.69,1.0,0.1628591788162418,1.0,1.088,7.848972476190477,8.53968205409524,,,,,,,False,6.15386449878545,,,,,,,,,,,,,,,,,,,,,,,,,,,,,,,,,,,,,,,,,,,,,,,,,,,,,,,,,,,,,,,,,,,,,,,,,,,,,,,,,,,,,,,,,,,,,,,,,,,,,,,,,,,,,,,,,,,,,,,,,,,,,,,,,,,,,,,,,,,,,,,,,,,,,,,,,,,,,,,,,,,,,,,,,,,,,,,,,,,,,,,,,,,,,,,,
p_4KU2ay,Franco Calderón,t_1XZg6T,Independiente,DEF,Unión,False,1,3,3,True,0,False,3.3244,3.3244,3.3244,0.0,3.3244,3.3244,0.7333333333333334,1.0,0.9733333333333334,1.088,3.3244,3.520495274666667,,,,,,,False,6.218483552578269,,,,,,,,,,,,,,,,,,,,,,,,,,,,,,,,,,,,,,,,,,,,,,,,,,,,,,,,,,,,,,,,,,,,,,,,,,,,,,,,,,,,,,,,,,,,,,,,,,,,,,,,,,,,,,,,,,,,,,,,,,,,,,,,,,,,,,,,,,,,,,,,,,,,,,,,,,,,,,,,,,,,,,,,,,,,,,,,,,,,,,,,,,,,,,,,
p_4RoV0i,Santiago Arias,t_1XZg6T,Independiente,DEF,Unión,False,18,3,2,True,0,False,8.596506666666667,8.15871111111111,12.90705,3.5845950275636422,3.2967,15.1202,1.0,0.21812177389448129,1.0,1.088,9.499024277777776,10.334938414222222,,,,,,,False,6.218483552578269,,,,,,,,,,,,,,,,,,,,,,,,,,,,,,,,,,,,,,,,,,,,,,,,,,,,,,,,,,,,,,,,,,,,,,,,,,,,,,,,,,,,,,,,,,,,,,,,,,,,,,,,,,,,,,,,,,,,,,,,,,,,,,,,,,,,,,,,,,,,,,,,,,,,,,,,,,,,,,,,,,,,,,,,,,,,,,,,,,,,,,,,,,,,,,,,
p_4UoYBc,Sebastián Valdéz,t_1XZg6T,Independiente,DEF,Unión,False,16,3,1,True,0,False,10.766213333333333,8.17180625,12.9408,3.563549953528317,3.2422,15.6719,1.0,0.21912765504557438,1.0,1.088,10.272097166666665,11.176041717333332,,,,,,,False,6.218483552578269,,,,,,,,,,,,,,,,,,,,,,,,,,,,,,,,,,,,,,,,,,,,,,,,,,,,,,,,,,,,,,,,,,,,,,,,,,,,,,,,,,,,,,,,,,,,,,,,,,,,,,,,,,,,,,,,,,,,,,,,,,,,,,,,,,,,,,,,,,,,,,,,,,,,,,,,,,,,,,,,,,,,,,,,,,,,,,,,,,,,,,,,,,,,,,,,
p_1vDFZe,Luciano Cabral,t_1XZg6T,Independiente,VOL,Unión,False,12,3,2,True,0,False,1.9687733333333335,3.125766666666667,7.878300000000001,3.0681831628190093,-0.6,9.0013,0.9491619949238992,0.2458099746194956,0.99491619949239,1.088,3.908952333333334,4.231319039430879,,,,,,,False,6.15386449878545,,,,,,,,,,,,,,,,,,,,,,,,,,,,,,,,,,,,,,,,,,,,,,,,,,,,,,,,,,,,,,,,,,,,,,,,,,,,,,,,,,,,,,,,,,,,,,,,,,,,,,,,,,,,,,,,,,,,,,,,,,,,,,,,,,,,,,,,,,,,,,,,,,,,,,,,,,,,,,,,,,,,,,,,,,,,,,,,,,,,,,,,,,,,,,,,
p_0nB8to,Felipe Tempone,t_1XZg6T,Independiente,DEL,Unión,False,8,3,3,True,1,False,3.4761733333333336,3.3297749999999997,8.044049999999999,3.3383781031042172,-0.47,9.17,0.8127668440248583,0.23050088679095884,0.9812766844024858,1.088,4.559583166666666,4.867943365423931,,,,,,,False,5.577128809735925,,,,,,,,,,,,,,,,,,,,,,,,,,,,,,,,,,,,,,,,,,,,,,,,,,,,,,,,,,,,,,,,,,,,,,,,,,,,,,,,,,,,,,,,,,,,,,,,,,,,,,,,,,,,,,,,,,,,,,,,,,,,,,,,,,,,,,,,,,,,,,,,,,,,,,,,,,,,,,,,,,,,,,,,,,,,,,,,,,,,,,,,,,,,,,,,
p_0Nf4Z8,Facundo Cambeses,t_2RmaMX,Racing Club,ARQ,Sarmiento,True,28,3,3,True,3,True,6.3664266666666665,8.569167857142858,14.817910000000001,4.045467194834748,2.231,15.9991,1.0,0.1981977012998402,1.0,0.85,9.360393976190476,7.956334879761904,,,,,,,True,7.5205623530242764,,,,,,,,,,,,,,,,,,,,,,,,,,,,,,,,,,,,,,,,,,,,,,,,,,,,,,,,,,,,,,,,,,,,,,,,,,,,,,,,,,,,,,,,,,,,,,,,,,,,,,,,,,,,,,,,,,,,,,,,,,,,,,,,,,,,,,,,,,,,,,,,,,,,,,,,,,,,,,,,,,,,,,,,,,,,,,,,,,,,,,,,,,,,,,,,
p_11I8XF,Ezequiel Cannavo,t_2RmaMX,Racing Club,DEF,Sarmiento,True,23,3,3,True,3,True,3.6733,7.607834782608694,11.912680000000002,3.988963277778131,0.1443,15.2586,1.0,0.20044244551853202,1.0,0.85,7.306958913043478,6.210915076086956,,,,,,,True,6.218483552578269,,,,,,,,,,,,,,,,,,,,,,,,,,,,,,,,,,,,,,,,,,,,,,,,,,,,,,,,,,,,,,,,,,,,,,,,,,,,,,,,,,,,,,,,,,,,,,,,,,,,,,,,,,,,,,,,,,,,,,,,,,,,,,,,,,,,,,,,,,,,,,,,,,,,,,,,,,,,,,,,,,,,,,,,,,,,,,,,,,,,,,,,,,,,,,,,
p_0qf9Rl,Matías Pérez,t_2RmaMX,Racing Club,DEF,Sarmiento,True,3,3,3,True,3,True,8.170050000000002,7.900500000000001,8.4396,0.9337485903603818,6.8223,8.4396,0.7034260611730955,0.5171303058654774,0.9703426061173096,0.85,8.1296175,6.705237096933854,,,,,,,True,6.218483552578269,,,,,,,,,,,,,,,,,,,,,,,,,,,,,,,,,,,,,,,,,,,,,,,,,,,,,,,,,,,,,,,,,,,,,,,,,,,,,,,,,,,,,,,,,,,,,,,,,,,,,,,,,,,,,,,,,,,,,,,,,,,,,,,,,,,,,,,,,,,,,,,,,,,,,,,,,,,,,,,,,,,,,,,,,,,,,,,,,,,,,,,,,,,,,,,,
p_1YM31q,Marcos Rojo,t_2RmaMX,Racing Club,DEF,Sarmiento,True,17,3,3,True,3,True,9.89636,8.05754117647059,12.09826,3.0436809355734926,1.5067,12.7117,1.0,0.24729943235696356,1.0,0.85,9.711307470588235,8.25461135,,,,,,,True,6.218483552578269,,,,,,,,,,,,,,,,,,,,,,,,,,,,,,,,,,,,,,,,,,,,,,,,,,,,,,,,,,,,,,,,,,,,,,,,,,,,,,,,,,,,,,,,,,,,,,,,,,,,,,,,,,,,,,,,,,,,,,,,,,,,,,,,,,,,,,,,,,,,,,,,,,,,,,,,,,,,,,,,,,,,,,,,,,,,,,,,,,,,,,,,,,,,,,,,
p_0fwM0U,Ignacio Rodríguez,t_2RmaMX,Racing Club,VOL,Sarmiento,True,11,3,3,True,3,True,9.639006666666667,8.280163636363637,11.7422,3.897308059743989,3.03,16.0518,0.9075054290153141,0.20419381174323673,0.9907505429015314,0.85,9.62126778787879,8.102434841605637,,,,,,,True,6.15386449878545,,,,,,,,,,,,,,,,,,,,,,,,,,,,,,,,,,,,,,,,,,,,,,,,,,,,,,,,,,,,,,,,,,,,,,,,,,,,,,,,,,,,,,,,,,,,,,,,,,,,,,,,,,,,,,,,,,,,,,,,,,,,,,,,,,,,,,,,,,,,,,,,,,,,,,,,,,,,,,,,,,,,,,,,,,,,,,,,,,,,,,,,,,,,,,,,
p_4UBC0A,Leonel Pérez,t_2RmaMX,Racing Club,VOL,Sarmiento,True,6,3,3,True,3,True,7.603113333333335,6.800583333333333,10.85715,3.7636572837688966,1.7322,12.9936,0.7419845484437882,0.20992274221894125,0.9741984548443788,0.85,8.0956105,6.703721554103639,,,,,,,True,6.15386449878545,,,,,,,,,,,,,,,,,,,,,,,,,,,,,,,,,,,,,,,,,,,,,,,,,,,,,,,,,,,,,,,,,,,,,,,,,,,,,,,,,,,,,,,,,,,,,,,,,,,,,,,,,,,,,,,,,,,,,,,,,,,,,,,,,,,,,,,,,,,,,,,,,,,,,,,,,,,,,,,,,,,,,,,,,,,,,,,,,,,,,,,,,,,,,,,,
p_0GThAu,Matías Zaracho,t_2RmaMX,Racing Club,VOL,Sarmiento,True,24,3,3,True,2,True,6.3096000000000005,5.491541666666667,10.89591,4.069457807055603,-0.56,14.1896,1.0,0.19725975401318332,1.0,0.85,7.1289541666666665,6.059611041666666,,,,,,,True,6.15386449878545,,,,,,,,,,,,,,,,,,,,,,,,,,,,,,,,,,,,,,,,,,,,,,,,,,,,,,,,,,,,,,,,,,,,,,,,,,,,,,,,,,,,,,,,,,,,,,,,,,,,,,,,,,,,,,,,,,,,,,,,,,,,,,,,,,,,,,,,,,,,,,,,,,,,,,,,,,,,,,,,,,,,,,,,,,,,,,,,,,,,,,,,,,,,,,,,
p_2lzqTc,Ulises Ortegoza,t_2RmaMX,Racing Club,VOL,Sarmiento,True,10,3,3,True,3,True,8.253493333333333,6.821709999999999,11.1596,3.8025182005408524,-0.2367,11.1596,0.8749781520822714,0.20822409374469034,0.9874978152082272,0.85,8.407306666666665,7.05686742035106,,,,,,,True,6.15386449878545,,,,,,,,,,,,,,,,,,,,,,,,,,,,,,,,,,,,,,,,,,,,,,,,,,,,,,,,,,,,,,,,,,,,,,,,,,,,,,,,,,,,,,,,,,,,,,,,,,,,,,,,,,,,,,,,,,,,,,,,,,,,,,,,,,,,,,,,,,,,,,,,,,,,,,,,,,,,,,,,,,,,,,,,,,,,,,,,,,,,,,,,,,,,,,,,
p_0afatN,Gastón Lodico,t_2RmaMX,Racing Club,VOL,Sarmiento,True,5,3,3,True,2,True,8.188793333333333,6.96048,9.7828,3.115685519592759,2.218,9.7828,0.7152612444224009,0.24297288877867143,0.9715261244422401,0.85,8.095969666666667,6.68562912877981,,,,,,,True,6.15386449878545,,,,,,,,,,,,,,,,,,,,,,,,,,,,,,,,,,,,,,,,,,,,,,,,,,,,,,,,,,,,,,,,,,,,,,,,,,,,,,,,,,,,,,,,,,,,,,,,,,,,,,,,,,,,,,,,,,,,,,,,,,,,,,,,,,,,,,,,,,,,,,,,,,,,,,,,,,,,,,,,,,,,,,,,,,,,,,,,,,,,,,,,,,,,,,,,
p_1qZR7t,Lautaro Díaz,t_2RmaMX,Racing Club,DEL,Sarmiento,True,8,3,3,True,3,True,4.197773333333333,5.040850000000001,7.23637,2.666841108877693,-0.19,9.0143,0.8212095263274752,0.2727142983040433,0.9821209526327476,0.85,5.294653166666667,4.419991340120662,,,,,,,True,5.577128809735925,,,,,,,,,,,,,,,,,,,,,,,,,,,,,,,,,,,,,,,,,,,,,,,,,,,,,,,,,,,,,,,,,,,,,,,,,,,,,,,,,,,,,,,,,,,,,,,,,,,,,,,,,,,,,,,,,,,,,,,,,,,,,,,,,,,,,,,,,,,,,,,,,,,,,,,,,,,,,,,,,,,,,,,,,,,,,,,,,,,,,,,,,,,,,,,,
p_1wbURI,Adrián Martínez,t_2RmaMX,Racing Club,DEL,Sarmiento,True,22,3,3,True,3,True,2.941126666666667,3.9224318181818187,11.629910000000013,5.485254720515666,-3.306,21.498,1.0,0.15419594805375453,1.0,0.85,5.505844560606064,4.679967876515154,,,,,,,True,5.577128809735925,,,,,,,,,,,,,,,,,,,,,,,,,,,,,,,,,,,,,,,,,,,,,,,,,,,,,,,,,,,,,,,,,,,,,,,,,,,,,,,,,,,,,,,,,,,,,,,,,,,,,,,,,,,,,,,,,,,,,,,,,,,,,,,,,,,,,,,,,,,,,,,,,,,,,,,,,,,,,,,,,,,,,,,,,,,,,,,,,,,,,,,,,,,,,,,,
p_155U4Y,Pacha Espino,t_2RmaMX,Racing Club,DEF,Sarmiento,True,3,3,3,True,0,False,4.4184,4.7738000000000005,6.36542,1.9634467830832594,2.87,6.7919,0.6674889797723697,0.33744489886184825,0.966748897977237,0.85,5.047315,4.1475632818948815,,,,,,,False,6.218483552578269,,,,,,,,,,,,,,,,,,,,,,,,,,,,,,,,,,,,,,,,,,,,,,,,,,,,,,,,,,,,,,,,,,,,,,,,,,,,,,,,,,,,,,,,,,,,,,,,,,,,,,,,,,,,,,,,,,,,,,,,,,,,,,,,,,,,,,,,,,,,,,,,,,,,,,,,,,,,,,,,,,,,,,,,,,,,,,,,,,,,,,,,,,,,,,,,
p_12I3Qr,Gonzalo Escudero,t_2RmaMX,Racing Club,DEF,Sarmiento,True,3,3,3,True,0,False,6.005916666666667,7.3595,12.4157,6.089249604836379,2.12,14.04,0.6282117305988997,0.14105865299449843,0.96282117305989,0.85,8.149795833333334,6.669776586781314,,,,,,,False,6.218483552578269,,,,,,,,,,,,,,,,,,,,,,,,,,,,,,,,,,,,,,,,,,,,,,,,,,,,,,,,,,,,,,,,,,,,,,,,,,,,,,,,,,,,,,,,,,,,,,,,,,,,,,,,,,,,,,,,,,,,,,,,,,,,,,,,,,,,,,,,,,,,,,,,,,,,,,,,,,,,,,,,,,,,,,,,,,,,,,,,,,,,,,,,,,,,,,,,
p_0mTgY4,Juan Barinaga,t_2RmaMX,Racing Club,DEF,Sarmiento,True,2,3,3,True,0,False,4.102233333333333,4.05335,4.17067,0.20739441892201463,3.9067,4.2,0.7323126203547448,0.8282297684403904,0.9732312620354745,0.85,4.099789166666667,3.391536537041211,,,,,,,False,6.218483552578269,,,,,,,,,,,,,,,,,,,,,,,,,,,,,,,,,,,,,,,,,,,,,,,,,,,,,,,,,,,,,,,,,,,,,,,,,,,,,,,,,,,,,,,,,,,,,,,,,,,,,,,,,,,,,,,,,,,,,,,,,,,,,,,,,,,,,,,,,,,,,,,,,,,,,,,,,,,,,,,,,,,,,,,,,,,,,,,,,,,,,,,,,,,,,,,,
p_0CkNz5,Mateo Martínez,t_2RmaMX,Racing Club,DEF,Sarmiento,True,3,3,3,True,0,False,5.30075,5.623633333333333,6.30128,1.0562656973192555,4.4118,6.3491,0.6972636951833312,0.4863184759166559,0.9697263695183331,0.85,5.680035833333333,4.681868448283517,,,,,,,False,6.218483552578269,,,,,,,,,,,,,,,,,,,,,,,,,,,,,,,,,,,,,,,,,,,,,,,,,,,,,,,,,,,,,,,,,,,,,,,,,,,,,,,,,,,,,,,,,,,,,,,,,,,,,,,,,,,,,,,,,,,,,,,,,,,,,,,,,,,,,,,,,,,,,,,,,,,,,,,,,,,,,,,,,,,,,,,,,,,,,,,,,,,,,,,,,,,,,,,,
p_1RHzae,Adrián Fernández,t_2RmaMX,Racing Club,VOL,Sarmiento,True,18,3,3,True,0,False,1.5446866666666668,5.495561111111112,12.826420000000002,4.9111564878752025,-1.52,15.245,1.0,0.1691716336813569,1.0,0.85,5.945469777777779,5.053649311111112,,,,,,,False,6.15386449878545,,,,,,,,,,,,,,,,,,,,,,,,,,,,,,,,,,,,,,,,,,,,,,,,,,,,,,,,,,,,,,,,,,,,,,,,,,,,,,,,,,,,,,,,,,,,,,,,,,,,,,,,,,,,,,,,,,,,,,,,,,,,,,,,,,,,,,,,,,,,,,,,,,,,,,,,,,,,,,,,,,,,,,,,,,,,,,,,,,,,,,,,,,,,,,,,
p_1xBOI8,Alejandro Tello,t_2RmaMX,Racing Club,VOL,Sarmiento,True,5,3,2,True,0,False,5.373480000000001,5.35824,9.29634,3.787393379093331,1.0171,10.8933,0.7084430539745084,0.2088819365392085,0.9708443053974508,0.85,6.348099,5.238563399611865,,,,,,,False,6.15386449878545,,,,,,,,,,,,,,,,,,,,,,,,,,,,,,,,,,,,,,,,,,,,,,,,,,,,,,,,,,,,,,,,,,,,,,,,,,,,,,,,,,,,,,,,,,,,,,,,,,,,,,,,,,,,,,,,,,,,,,,,,,,,,,,,,,,,,,,,,,,,,,,,,,,,,,,,,,,,,,,,,,,,,,,,,,,,,,,,,,,,,,,,,,,,,,,,
p_4LMZIq,Matías Kranevitter,t_2RmaMX,Racing Club,VOL,Sarmiento,True,5,3,3,True,0,False,3.6990866666666666,3.8224000000000005,7.05668,3.1800254393636544,1.188,9.1478,0.7145132654257514,0.2392329937954241,0.9714513265425752,0.85,4.5878103333333335,3.7883092691060405,,,,,,,False,6.15386449878545,,,,,,,,,,,,,,,,,,,,,,,,,,,,,,,,,,,,,,,,,,,,,,,,,,,,,,,,,,,,,,,,,,,,,,,,,,,,,,,,,,,,,,,,,,,,,,,,,,,,,,,,,,,,,,,,,,,,,,,,,,,,,,,,,,,,,,,,,,,,,,,,,,,,,,,,,,,,,,,,,,,,,,,,,,,,,,,,,,,,,,,,,,,,,,,,
p_13nKVT,Matko Miljevic,t_2RmaMX,Racing Club,VOL,Sarmiento,True,24,3,3,True,1,False,2.99182,5.7791999999999994,12.87168,5.617156226279876,-0.5944,23.89,1.0,0.15112231989151534,1.0,0.85,6.576737,5.590226449999999,,,,,,,False,6.15386449878545,,,,,,,,,,,,,,,,,,,,,,,,,,,,,,,,,,,,,,,,,,,,,,,,,,,,,,,,,,,,,,,,,,,,,,,,,,,,,,,,,,,,,,,,,,,,,,,,,,,,,,,,,,,,,,,,,,,,,,,,,,,,,,,,,,,,,,,,,,,,,,,,,,,,,,,,,,,,,,,,,,,,,,,,,,,,,,,,,,,,,,,,,,,,,,,,
p_3EIBrG,Duván Vergara,t_2RmaMX,Racing Club,DEL,Sarmiento,True,20,3,3,True,0,False,1.8618466666666669,3.8988150000000004,8.78336,5.011121568678908,-0.9871,21.1869,1.0,0.16635830577949443,1.0,0.85,4.407012333333334,3.745960483333334,,,,,,,False,5.577128809735925,,,,,,,,,,,,,,,,,,,,,,,,,,,,,,,,,,,,,,,,,,,,,,,,,,,,,,,,,,,,,,,,,,,,,,,,,,,,,,,,,,,,,,,,,,,,,,,,,,,,,,,,,,,,,,,,,,,,,,,,,,,,,,,,,,,,,,,,,,,,,,,,,,,,,,,,,,,,,,,,,,,,,,,,,,,,,,,,,,,,,,,,,,,,,,,,
p_3zS0SB,Elías Torres,t_2RmaMX,Racing Club,DEL,Sarmiento,True,8,3,3,True,0,False,0.9970666666666668,1.0956625,1.8047999999999997,0.8987552009585257,-0.15,2.88,0.8719988337090723,0.5266608352120284,0.9871998833709072,0.85,1.2384383333333333,1.0391982514944182,,,,,,,False,5.577128809735925,,,,,,,,,,,,,,,,,,,,,,,,,,,,,,,,,,,,,,,,,,,,,,,,,,,,,,,,,,,,,,,,,,,,,,,,,,,,,,,,,,,,,,,,,,,,,,,,,,,,,,,,,,,,,,,,,,,,,,,,,,,,,,,,,,,,,,,,,,,,,,,,,,,,,,,,,,,,,,,,,,,,,,,,,,,,,,,,,,,,,,,,,,,,,,,,
p_3BbL1n,Tomás Conechny,t_2RmaMX,Racing Club,DEL,Sarmiento,True,24,3,3,True,1,False,3.2274133333333332,4.751762499999999,9.58865,3.5751488856577103,-0.09,11.5209,1.0,0.21857212191166603,1.0,0.85,5.4274621666666665,4.613342841666666,,,,,,,False,5.577128809735925,,,,,,,,,,,,,,,,,,,,,,,,,,,,,,,,,,,,,,,,,,,,,,,,,,,,,,,,,,,,,,,,,,,,,,,,,,,,,,,,,,,,,,,,,,,,,,,,,,,,,,,,,,,,,,,,,,,,,,,,,,,,,,,,,,,,,,,,,,,,,,,,,,,,,,,,,,,,,,,,,,,,,,,,,,,,,,,,,,,,,,,,,,,,,,,,
p_1vpaON,Thyago Ayala,t_3qkV0m,Sarmiento,ARQ,Racing Club,False,6,3,3,True,3,True,11.282866666666667,11.871883333333335,16.4,5.103349571964149,2.7871,16.9,0.7327688915147026,0.1638444575735132,0.9732768891514703,0.959,12.797756666666666,11.945074603988138,,,,,,,True,7.5205623530242764,,,,,,,,,,,,,,,,,,,,,,,,,,,,,,,,,,,,,,,,,,,,,,,,,,,,,,,,,,,,,,,,,,,,,,,,,,,,,,,,,,,,,,,,,,,,,,,,,,,,,,,,,,,,,,,,,,,,,,,,,,,,,,,,,,,,,,,,,,,,,,,,,,,,,,,,,,,,,,,,,,,,,,,,,,,,,,,,,,,,,,,,,,,,,,,,
p_1EQeWa,Santiago Salle,t_3qkV0m,Sarmiento,DEF,Racing Club,False,23,3,3,True,3,True,6.171046666666666,5.291634782608695,11.85066,4.933575040254895,-1.684,16.848,1.0,0.16853246031536528,1.0,0.959,7.239185246376811,6.942378651275362,,,,,,,True,6.218483552578269,,,,,,,,,,,,,,,,,,,,,,,,,,,,,,,,,,,,,,,,,,,,,,,,,,,,,,,,,,,,,,,,,,,,,,,,,,,,,,,,,,,,,,,,,,,,,,,,,,,,,,,,,,,,,,,,,,,,,,,,,,,,,,,,,,,,,,,,,,,,,,,,,,,,,,,,,,,,,,,,,,,,,,,,,,,,,,,,,,,,,,,,,,,,,,,,
p_40Zv7r,Renzo Orihuela,t_3qkV0m,Sarmiento,DEF,Racing Club,False,14,3,3,True,3,True,9.60346,7.882485714285714,12.428670000000002,3.6784445345317325,1.0962,12.9582,1.0,0.2137462553246002,1.0,0.959,9.621372785714286,9.226896501499999,,,,,,,True,6.218483552578269,,,,,,,,,,,,,,,,,,,,,,,,,,,,,,,,,,,,,,,,,,,,,,,,,,,,,,,,,,,,,,,,,,,,,,,,,,,,,,,,,,,,,,,,,,,,,,,,,,,,,,,,,,,,,,,,,,,,,,,,,,,,,,,,,,,,,,,,,,,,,,,,,,,,,,,,,,,,,,,,,,,,,,,,,,,,,,,,,,,,,,,,,,,,,,,,
p_0E6fVC,Juan Manuel Insaurralde,t_3qkV0m,Sarmiento,DEF,Racing Club,False,21,3,3,True,3,True,8.18146,7.121814285714286,13.3567,4.113916446196461,-0.9711,14.9636,1.0,0.19554484523183058,1.0,0.959,9.051411714285713,8.680303833999998,,,,,,,True,6.218483552578269,,,,,,,,,,,,,,,,,,,,,,,,,,,,,,,,,,,,,,,,,,,,,,,,,,,,,,,,,,,,,,,,,,,,,,,,,,,,,,,,,,,,,,,,,,,,,,,,,,,,,,,,,,,,,,,,,,,,,,,,,,,,,,,,,,,,,,,,,,,,,,,,,,,,,,,,,,,,,,,,,,,,,,,,,,,,,,,,,,,,,,,,,,,,,,,,
p_1iOyfJ,Nicolás Pasquini,t_3qkV0m,Sarmiento,DEF,Racing Club,False,7,3,3,True,1,False,7.107453333333333,7.007557142857142,13.26378,6.08669581268774,-0.215,16.9884,0.7615552304326738,0.14110948549670208,0.9761555230432675,0.959,8.606576523809522,8.05690156267453,,,,,,,True,6.218483552578269,,,,,,,,,,,,,,,,,,,,,,,,,,,,,,,,,,,,,,,,,,,,,,,,,,,,,,,,,,,,,,,,,,,,,,,,,,,,,,,,,,,,,,,,,,,,,,,,,,,,,,,,,,,,,,,,,,,,,,,,,,,,,,,,,,,,,,,,,,,,,,,,,,,,,,,,,,,,,,,,,,,,,,,,,,,,,,,,,,,,,,,,,,,,,,,,
p_2skQe1,Julián Contrera,t_3qkV0m,Sarmiento,VOL,Racing Club,False,20,3,2,True,2,True,5.124586666666667,5.506435,9.910520000000004,4.085809020612815,-1.814,12.3027,1.0,0.19662555081148228,1.0,0.959,6.4738093333333335,6.208383150666666,,,,,,,True,6.15386449878545,,,,,,,,,,,,,,,,,,,,,,,,,,,,,,,,,,,,,,,,,,,,,,,,,,,,,,,,,,,,,,,,,,,,,,,,,,,,,,,,,,,,,,,,,,,,,,,,,,,,,,,,,,,,,,,,,,,,,,,,,,,,,,,,,,,,,,,,,,,,,,,,,,,,,,,,,,,,,,,,,,,,,,,,,,,,,,,,,,,,,,,,,,,,,,,,
p_0m4kQE,Mauricio Martínez,t_3qkV0m,Sarmiento,VOL,Racing Club,False,19,3,3,True,3,True,11.029873333333335,8.194710526315788,12.959419999999996,4.160294632581092,2.5253,17.64,1.0,0.19378738448114868,1.0,0.959,10.37819487719298,9.952688887228067,,,,,,,True,6.15386449878545,,,,,,,,,,,,,,,,,,,,,,,,,,,,,,,,,,,,,,,,,,,,,,,,,,,,,,,,,,,,,,,,,,,,,,,,,,,,,,,,,,,,,,,,,,,,,,,,,,,,,,,,,,,,,,,,,,,,,,,,,,,,,,,,,,,,,,,,,,,,,,,,,,,,,,,,,,,,,,,,,,,,,,,,,,,,,,,,,,,,,,,,,,,,,,,,
p_0jbZo9,Cristian Zabala,t_3qkV0m,Sarmiento,VOL,Racing Club,False,23,3,3,True,3,True,10.702106666666664,9.959317391304348,14.409640000000001,4.280774006335789,2.759,19.3811,1.0,0.18936617980625867,1.0,0.959,11.331874289855072,10.867267443971015,,,,,,,True,6.15386449878545,,,,,,,,,,,,,,,,,,,,,,,,,,,,,,,,,,,,,,,,,,,,,,,,,,,,,,,,,,,,,,,,,,,,,,,,,,,,,,,,,,,,,,,,,,,,,,,,,,,,,,,,,,,,,,,,,,,,,,,,,,,,,,,,,,,,,,,,,,,,,,,,,,,,,,,,,,,,,,,,,,,,,,,,,,,,,,,,,,,,,,,,,,,,,,,,
p_1aur1M,Julián Mavilla,t_3qkV0m,Sarmiento,VOL,Racing Club,False,7,3,3,True,3,True,11.5955,11.830514285714285,18.090940000000003,6.192906007529522,1.9567,22.1824,0.7611385069016575,0.13902586784162085,0.9761138506901658,0.959,13.313365714285716,12.462550885424127,,,,,,,True,6.15386449878545,,,,,,,,,,,,,,,,,,,,,,,,,,,,,,,,,,,,,,,,,,,,,,,,,,,,,,,,,,,,,,,,,,,,,,,,,,,,,,,,,,,,,,,,,,,,,,,,,,,,,,,,,,,,,,,,,,,,,,,,,,,,,,,,,,,,,,,,,,,,,,,,,,,,,,,,,,,,,,,,,,,,,,,,,,,,,,,,,,,,,,,,,,,,,,,,
p_1ymuBP,Junior Marabel,t_3qkV0m,Sarmiento,DEL,Racing Club,False,24,3,3,True,3,True,7.106166666666667,7.107175000000001,12.792429999999998,4.945841416105138,-0.202,17.3859,1.0,0.16818477487330238,1.0,0.959,8.528135833333334,8.178482264166666,,,,,,,True,5.577128809735925,,,,,,,,,,,,,,,,,,,,,,,,,,,,,,,,,,,,,,,,,,,,,,,,,,,,,,,,,,,,,,,,,,,,,,,,,,,,,,,,,,,,,,,,,,,,,,,,,,,,,,,,,,,,,,,,,,,,,,,,,,,,,,,,,,,,,,,,,,,,,,,,,,,,,,,,,,,,,,,,,,,,,,,,,,,,,,,,,,,,,,,,,,,,,,,,
p_4RjjYt,Jonathan Herrera,t_3qkV0m,Sarmiento,DEL,Racing Club,False,8,3,3,True,3,True,5.350533333333333,5.194912499999999,10.14466,4.129521755581562,-0.49,10.2456,0.8056566562855575,0.19494994809445437,0.9805656656285557,0.959,6.486816666666666,6.099958964755431,,,,,,,True,5.577128809735925,,,,,,,,,,,,,,,,,,,,,,,,,,,,,,,,,,,,,,,,,,,,,,,,,,,,,,,,,,,,,,,,,,,,,,,,,,,,,,,,,,,,,,,,,,,,,,,,,,,,,,,,,,,,,,,,,,,,,,,,,,,,,,,,,,,,,,,,,,,,,,,,,,,,,,,,,,,,,,,,,,,,,,,,,,,,,,,,,,,,,,,,,,,,,,,,
p_3JhFbV,Iván Arboleda,t_3qkV0m,Sarmiento,ARQ,Racing Club,False,2,3,3,True,0,False,5.320766666666667,5.5245,6.01346,0.864367329322436,4.9133,6.1357,0.6739416638490543,0.5363749859119384,0.9673941663849055,0.959,5.575433333333333,5.172502372783495,,,,,,,False,7.5205623530242764,,,,,,,,,,,,,,,,,,,,,,,,,,,,,,,,,,,,,,,,,,,,,,,,,,,,,,,,,,,,,,,,,,,,,,,,,,,,,,,,,,,,,,,,,,,,,,,,,,,,,,,,,,,,,,,,,,,,,,,,,,,,,,,,,,,,,,,,,,,,,,,,,,,,,,,,,,,,,,,,,,,,,,,,,,,,,,,,,,,,,,,,,,,,,,,,
p_0PsDow,Gastón Arturia,t_3qkV0m,Sarmiento,DEF,Racing Club,False,11,3,3,True,0,False,2.455173333333333,4.388563636363636,9.9075,3.895673829075717,-1.08,11.0556,0.9075190614508509,0.2042619739209211,0.9907519061450851,0.959,5.091611121212122,4.8376979633191155,,,,,,,False,6.218483552578269,,,,,,,,,,,,,,,,,,,,,,,,,,,,,,,,,,,,,,,,,,,,,,,,,,,,,,,,,,,,,,,,,,,,,,,,,,,,,,,,,,,,,,,,,,,,,,,,,,,,,,,,,,,,,,,,,,,,,,,,,,,,,,,,,,,,,,,,,,,,,,,,,,,,,,,,,,,,,,,,,,,,,,,,,,,,,,,,,,,,,,,,,,,,,,,,
p_2izVhL,Thiago Santamaría,t_3qkV0m,Sarmiento,DEF,Racing Club,False,16,3,3,True,0,False,2.609566666666667,6.4482125,12.69925,4.947209444508422,0.1041,15.5902,1.0,0.16814608756101357,1.0,0.959,6.667445833333334,6.394080554166667,,,,,,,False,6.218483552578269,,,,,,,,,,,,,,,,,,,,,,,,,,,,,,,,,,,,,,,,,,,,,,,,,,,,,,,,,,,,,,,,,,,,,,,,,,,,,,,,,,,,,,,,,,,,,,,,,,,,,,,,,,,,,,,,,,,,,,,,,,,,,,,,,,,,,,,,,,,,,,,,,,,,,,,,,,,,,,,,,,,,,,,,,,,,,,,,,,,,,,,,,,,,,,,,
p_3Gmw4T,Ulises Giménez,t_3qkV0m,Sarmiento,DEF,Racing Club,False,5,3,3,True,1,False,6.519606666666666,6.50346,7.38306,1.0809442090135826,5.1767,7.4947,0.7627768839102154,0.4805510862177434,0.9762776883910216,0.959,6.729011333333333,6.300038900847443,,,,,,,False,6.218483552578269,,,,,,,,,,,,,,,,,,,,,,,,,,,,,,,,,,,,,,,,,,,,,,,,,,,,,,,,,,,,,,,,,,,,,,,,,,,,,,,,,,,,,,,,,,,,,,,,,,,,,,,,,,,,,,,,,,,,,,,,,,,,,,,,,,,,,,,,,,,,,,,,,,,,,,,,,,,,,,,,,,,,,,,,,,,,,,,,,,,,,,,,,,,,,,,,
p_1Au20E,Agustín Nadruz,t_3qkV0m,Sarmiento,VOL,Racing Club,False,1,3,3,True,0,False,3.29,3.29,3.29,0.0,3.29,3.29,0.7333333333333334,1.0,0.9733333333333334,0.959,3.29,3.0709737333333336,,,,,,,False,6.15386449878545,,,,,,,,,,,,,,,,,,,,,,,,,,,,,,,,,,,,,,,,,,,,,,,,,,,,,,,,,,,,,,,,,,,,,,,,,,,,,,,,,,,,,,,,,,,,,,,,,,,,,,,,,,,,,,,,,,,,,,,,,,,,,,,,,,,,,,,,,,,,,,,,,,,,,,,,,,,,,,,,,,,,,,,,,,,,,,,,,,,,,,,,,,,,,,,,
p_4USU0R,Elián Giménez,t_3qkV0m,Sarmiento,VOL,Racing Club,False,6,3,3,True,0,False,3.2324266666666666,3.9879833333333337,7.255,3.250851667127657,0.09,8.75,0.7470493951945263,0.2352469759726314,0.9747049395194527,0.959,4.540292666666667,4.244002415812326,,,,,,,False,6.15386449878545,,,,,,,,,,,,,,,,,,,,,,,,,,,,,,,,,,,,,,,,,,,,,,,,,,,,,,,,,,,,,,,,,,,,,,,,,,,,,,,,,,,,,,,,,,,,,,,,,,,,,,,,,,,,,,,,,,,,,,,,,,,,,,,,,,,,,,,,,,,,,,,,,,,,,,,,,,,,,,,,,,,,,,,,,,,,,,,,,,,,,,,,,,,,,,,,
p_2IanNl,Gabriel Díaz,t_3qkV0m,Sarmiento,VOL,Racing Club,False,10,3,3,True,0,False,5.859326666666667,4.62212,8.1777,3.337900597281671,-2.18,9.1767,0.879438585289851,0.23052625978258845,0.9879438585289851,0.959,5.944037333333334,5.631607796021992,,,,,,,False,6.15386449878545,,,,,,,,,,,,,,,,,,,,,,,,,,,,,,,,,,,,,,,,,,,,,,,,,,,,,,,,,,,,,,,,,,,,,,,,,,,,,,,,,,,,,,,,,,,,,,,,,,,,,,,,,,,,,,,,,,,,,,,,,,,,,,,,,,,,,,,,,,,,,,,,,,,,,,,,,,,,,,,,,,,,,,,,,,,,,,,,,,,,,,,,,,,,,,,,
p_0cTrXS,Gastón González,t_3qkV0m,Sarmiento,VOL,Racing Club,False,8,3,3,True,0,False,4.255920000000001,4.039087499999999,8.43649,3.920865105501044,0.15,10.466,0.8073099266854019,0.20321630009367628,0.9807309926685402,0.959,5.2143295,4.9041865102237825,,,,,,,False,6.15386449878545,,,,,,,,,,,,,,,,,,,,,,,,,,,,,,,,,,,,,,,,,,,,,,,,,,,,,,,,,,,,,,,,,,,,,,,,,,,,,,,,,,,,,,,,,,,,,,,,,,,,,,,,,,,,,,,,,,,,,,,,,,,,,,,,,,,,,,,,,,,,,,,,,,,,,,,,,,,,,,,,,,,,,,,,,,,,,,,,,,,,,,,,,,,,,,,,
p_4KUy2b,Jhon Rentería,t_3qkV0m,Sarmiento,VOL,Racing Club,False,9,3,2,True,0,False,3.012993333333333,4.1682,11.07098,4.347521726800224,-0.92,12.0697,0.8374005025538575,0.18700251276928728,0.9837400502553858,0.959,5.489572666666666,5.17889967885678,,,,,,,False,6.15386449878545,,,,,,,,,,,,,,,,,,,,,,,,,,,,,,,,,,,,,,,,,,,,,,,,,,,,,,,,,,,,,,,,,,,,,,,,,,,,,,,,,,,,,,,,,,,,,,,,,,,,,,,,,,,,,,,,,,,,,,,,,,,,,,,,,,,,,,,,,,,,,,,,,,,,,,,,,,,,,,,,,,,,,,,,,,,,,,,,,,,,,,,,,,,,,,,,
p_03caFD,Manuel García,t_3qkV0m,Sarmiento,VOL,Racing Club,False,14,3,3,True,0,False,3.0539733333333334,5.0359428571428575,10.32318,4.5437212993001985,-0.54,14.9417,1.0,0.1803842484156325,1.0,0.959,5.66406280952381,5.431836234333334,,,,,,,False,6.15386449878545,,,,,,,,,,,,,,,,,,,,,,,,,,,,,,,,,,,,,,,,,,,,,,,,,,,,,,,,,,,,,,,,,,,,,,,,,,,,,,,,,,,,,,,,,,,,,,,,,,,,,,,,,,,,,,,,,,,,,,,,,,,,,,,,,,,,,,,,,,,,,,,,,,,,,,,,,,,,,,,,,,,,,,,,,,,,,,,,,,,,,,,,,,,,,,,,
p_3i5iMO,Diego Churín,t_3qkV0m,Sarmiento,DEL,Racing Club,False,20,3,3,True,0,False,3.085666666666667,3.89771,8.204900000000004,3.7948835557892946,-0.592,15.4814,1.0,0.20855563818491693,1.0,0.959,4.690292333333334,4.497990347666667,,,,,,,False,5.577128809735925,,,,,,,,,,,,,,,,,,,,,,,,,,,,,,,,,,,,,,,,,,,,,,,,,,,,,,,,,,,,,,,,,,,,,,,,,,,,,,,,,,,,,,,,,,,,,,,,,,,,,,,,,,,,,,,,,,,,,,,,,,,,,,,,,,,,,,,,,,,,,,,,,,,,,,,,,,,,,,,,,,,,,,,,,,,,,,,,,,,,,,,,,,,,,,,,
p_1TrZ51,Pablo Magnín,t_3qkV0m,Sarmiento,DEL,Racing Club,False,9,3,3,True,0,False,2.5511733333333333,3.4730444444444446,6.6075800000000005,2.8230139196039716,0.2757,8.1447,0.8523147454353811,0.26157372717690514,0.9852314745435381,0.959,3.9340234444444446,3.717010846577436,,,,,,,False,5.577128809735925,,,,,,,,,,,,,,,,,,,,,,,,,,,,,,,,,,,,,,,,,,,,,,,,,,,,,,,,,,,,,,,,,,,,,,,,,,,,,,,,,,,,,,,,,,,,,,,,,,,,,,,,,,,,,,,,,,,,,,,,,,,,,,,,,,,,,,,,,,,,,,,,,,,,,,,,,,,,,,,,,,,,,,,,,,,,,,,,,,,,,,,,,,,,,,,,
p_1CvIxl,Nelson Insfrán,t_0rGDE4,Gimnasia LP,ARQ,Banfield,True,26,3,3,True,3,True,9.277046666666667,8.73368076923077,13.9206,4.3687298147648574,0.9878,15.1481,1.0,0.18626379693197478,1.0,0.8909999999999999,10.22058864102564,9.106544479153845,,,,,,,True,7.5205623530242764,,,,,,,,,,,,,,,,,,,,,,,,,,,,,,,,,,,,,,,,,,,,,,,,,,,,,,,,,,,,,,,,,,,,,,,,,,,,,,,,,,,,,,,,,,,,,,,,,,,,,,,,,,,,,,,,,,,,,,,,,,,,,,,,,,,,,,,,,,,,,,,,,,,,,,,,,,,,,,,,,,,,,,,,,,,,,,,,,,,,,,,,,,,,,,,,
p_0xdX07,Bautista Barros Schelotto,t_0rGDE4,Gimnasia LP,DEF,Banfield,True,13,3,3,True,3,True,7.644613333333334,6.913553846153845,11.955160000000001,3.7257346831677336,1.0118,12.4025,0.9756547951607115,0.21160730913689055,0.9975654795160712,0.8909999999999999,8.429826205128204,7.492689525915271,,,,,,,True,6.218483552578269,,,,,,,,,,,,,,,,,,,,,,,,,,,,,,,,,,,,,,,,,,,,,,,,,,,,,,,,,,,,,,,,,,,,,,,,,,,,,,,,,,,,,,,,,,,,,,,,,,,,,,,,,,,,,,,,,,,,,,,,,,,,,,,,,,,,,,,,,,,,,,,,,,,,,,,,,,,,,,,,,,,,,,,,,,,,,,,,,,,,,,,,,,,,,,,,
p_3mGP60,Germán Conti,t_0rGDE4,Gimnasia LP,DEF,Banfield,True,10,3,3,True,3,True,10.073366666666667,8.386660000000001,13.84024,5.803807246052656,-4.8867,14.7559,0.8627286399267164,0.14697653296691596,0.9862728639926717,0.8909999999999999,10.340402333333333,9.086826277702654,,,,,,,True,6.218483552578269,,,,,,,,,,,,,,,,,,,,,,,,,,,,,,,,,,,,,,,,,,,,,,,,,,,,,,,,,,,,,,,,,,,,,,,,,,,,,,,,,,,,,,,,,,,,,,,,,,,,,,,,,,,,,,,,,,,,,,,,,,,,,,,,,,,,,,,,,,,,,,,,,,,,,,,,,,,,,,,,,,,,,,,,,,,,,,,,,,,,,,,,,,,,,,,,
p_40ubcR,Enzo Martínez,t_0rGDE4,Gimnasia LP,DEF,Banfield,True,25,3,3,True,3,True,9.443073333333333,9.378852,13.167720000000001,3.4879232318004556,2.3927,15.65,1.0,0.22282021067433055,1.0,0.8909999999999999,10.348546466666667,9.2205549018,,,,,,,True,6.218483552578269,,,,,,,,,,,,,,,,,,,,,,,,,,,,,,,,,,,,,,,,,,,,,,,,,,,,,,,,,,,,,,,,,,,,,,,,,,,,,,,,,,,,,,,,,,,,,,,,,,,,,,,,,,,,,,,,,,,,,,,,,,,,,,,,,,,,,,,,,,,,,,,,,,,,,,,,,,,,,,,,,,,,,,,,,,,,,,,,,,,,,,,,,,,,,,,,
p_2ZvpgZ,Pedro Silva Torrejón,t_0rGDE4,Gimnasia LP,DEF,Banfield,True,28,3,3,True,3,True,10.752093333333333,9.726267857142858,15.42875,4.337733536891901,1.9655,17.1433,1.0,0.18734543286742789,1.0,0.8909999999999999,11.51092730952381,10.256236232785714,,,,,,,True,6.218483552578269,,,,,,,,,,,,,,,,,,,,,,,,,,,,,,,,,,,,,,,,,,,,,,,,,,,,,,,,,,,,,,,,,,,,,,,,,,,,,,,,,,,,,,,,,,,,,,,,,,,,,,,,,,,,,,,,,,,,,,,,,,,,,,,,,,,,,,,,,,,,,,,,,,,,,,,,,,,,,,,,,,,,,,,,,,,,,,,,,,,,,,,,,,,,,,,,
p_21agZ1,Mateo Seoane,t_0rGDE4,Gimnasia LP,VOL,Banfield,True,14,3,3,True,3,True,8.456,7.322092857142858,9.54761,3.070331082990208,3.14,14.48,1.0,0.24568026030584345,1.0,0.8909999999999999,8.275339642857142,7.373327621785713,,,,,,,True,6.15386449878545,,,,,,,,,,,,,,,,,,,,,,,,,,,,,,,,,,,,,,,,,,,,,,,,,,,,,,,,,,,,,,,,,,,,,,,,,,,,,,,,,,,,,,,,,,,,,,,,,,,,,,,,,,,,,,,,,,,,,,,,,,,,,,,,,,,,,,,,,,,,,,,,,,,,,,,,,,,,,,,,,,,,,,,,,,,,,,,,,,,,,,,,,,,,,,,,
p_0naJM3,Nicolás Barros Schelotto,t_0rGDE4,Gimnasia LP,VOL,Banfield,True,22,3,3,True,1,False,10.239700000000001,10.35134090909091,17.876160000000002,5.6052100925460495,1.308,21.0989,1.0,0.15139563859270663,1.0,0.8909999999999999,12.193471363636364,10.864382984999999,,,,,,,True,6.15386449878545,,,,,,,,,,,,,,,,,,,,,,,,,,,,,,,,,,,,,,,,,,,,,,,,,,,,,,,,,,,,,,,,,,,,,,,,,,,,,,,,,,,,,,,,,,,,,,,,,,,,,,,,,,,,,,,,,,,,,,,,,,,,,,,,,,,,,,,,,,,,,,,,,,,,,,,,,,,,,,,,,,,,,,,,,,,,,,,,,,,,,,,,,,,,,,,,
p_3Dg55W,Maximiliano Zalazar,t_0rGDE4,Gimnasia LP,DEL,Banfield,True,13,3,3,True,3,True,9.175373333333335,6.5682230769230765,10.57608,3.4037931983190575,1.9633,12.486,0.9787487266075545,0.22707696637110555,0.9978748726607555,0.8909999999999999,8.482689897435897,7.542014823191049,,,,,,,True,5.577128809735925,,,,,,,,,,,,,,,,,,,,,,,,,,,,,,,,,,,,,,,,,,,,,,,,,,,,,,,,,,,,,,,,,,,,,,,,,,,,,,,,,,,,,,,,,,,,,,,,,,,,,,,,,,,,,,,,,,,,,,,,,,,,,,,,,,,,,,,,,,,,,,,,,,,,,,,,,,,,,,,,,,,,,,,,,,,,,,,,,,,,,,,,,,,,,,,,
p_15wJtA,Ignacio Fernández,t_0rGDE4,Gimnasia LP,VOL,Banfield,True,26,3,3,True,3,True,13.207913333333332,9.92518076923077,14.7246,3.9468010297981055,2.0329,17.1825,1.0,0.2021508433382074,1.0,0.8909999999999999,12.273991974358974,10.936126849153846,,,,,,,True,6.15386449878545,,,,,,,,,,,,,,,,,,,,,,,,,,,,,,,,,,,,,,,,,,,,,,,,,,,,,,,,,,,,,,,,,,,,,,,,,,,,,,,,,,,,,,,,,,,,,,,,,,,,,,,,,,,,,,,,,,,,,,,,,,,,,,,,,,,,,,,,,,,,,,,,,,,,,,,,,,,,,,,,,,,,,,,,,,,,,,,,,,,,,,,,,,,,,,,,
p_32Pavy,Lucas Janson,t_0rGDE4,Gimnasia LP,DEL,Banfield,True,7,3,3,True,3,True,3.70802,5.433714285714286,9.6174,3.726298826104607,-0.53,10.86,0.7756497435643892,0.211582051155279,0.977564974356439,0.8909999999999999,5.875642714285714,5.117745864712615,,,,,,,True,5.577128809735925,,,,,,,,,,,,,,,,,,,,,,,,,,,,,,,,,,,,,,,,,,,,,,,,,,,,,,,,,,,,,,,,,,,,,,,,,,,,,,,,,,,,,,,,,,,,,,,,,,,,,,,,,,,,,,,,,,,,,,,,,,,,,,,,,,,,,,,,,,,,,,,,,,,,,,,,,,,,,,,,,,,,,,,,,,,,,,,,,,,,,,,,,,,,,,,,
p_4bCUcN,Agustín Auzmendi,t_0rGDE4,Gimnasia LP,DEL,Banfield,True,28,3,3,True,3,True,12.399673333333332,6.305417857142858,13.65306,5.5817485536645215,-0.38,18.2443,1.0,0.15193530896029595,1.0,0.8909999999999999,10.27531780952381,9.155308168285712,,,,,,,True,5.577128809735925,,,,,,,,,,,,,,,,,,,,,,,,,,,,,,,,,,,,,,,,,,,,,,,,,,,,,,,,,,,,,,,,,,,,,,,,,,,,,,,,,,,,,,,,,,,,,,,,,,,,,,,,,,,,,,,,,,,,,,,,,,,,,,,,,,,,,,,,,,,,,,,,,,,,,,,,,,,,,,,,,,,,,,,,,,,,,,,,,,,,,,,,,,,,,,,,
p_1bUOsk,Alexis Steimbach,t_0rGDE4,Gimnasia LP,DEF,Banfield,True,25,3,3,True,0,False,2.970406666666667,10.071124,16.49234,6.323673028409465,-5.682,19.6571,1.0,0.13654350707914895,1.0,0.8909999999999999,9.191176933333333,8.189338647599998,,,,,,,False,6.218483552578269,,,,,,,,,,,,,,,,,,,,,,,,,,,,,,,,,,,,,,,,,,,,,,,,,,,,,,,,,,,,,,,,,,,,,,,,,,,,,,,,,,,,,,,,,,,,,,,,,,,,,,,,,,,,,,,,,,,,,,,,,,,,,,,,,,,,,,,,,,,,,,,,,,,,,,,,,,,,,,,,,,,,,,,,,,,,,,,,,,,,,,,,,,,,,,,,
p_3rOLlc,Agustín Colazo,t_0rGDE4,Gimnasia LP,DEL,Banfield,True,7,3,3,True,0,False,2.74176,5.873342857142858,11.85228,4.400181317422099,1.2,12.0816,0.7703691268084077,0.18517896737537196,0.9770369126808408,0.8909999999999999,6.272023142857144,5.4600463318340955,,,,,,,False,5.577128809735925,,,,,,,,,,,,,,,,,,,,,,,,,,,,,,,,,,,,,,,,,,,,,,,,,,,,,,,,,,,,,,,,,,,,,,,,,,,,,,,,,,,,,,,,,,,,,,,,,,,,,,,,,,,,,,,,,,,,,,,,,,,,,,,,,,,,,,,,,,,,,,,,,,,,,,,,,,,,,,,,,,,,,,,,,,,,,,,,,,,,,,,,,,,,,,,,
p_2h5dHt,Manuel Panaro,t_0rGDE4,Gimnasia LP,VOL,Banfield,True,21,3,3,True,0,False,1.7626666666666666,3.940709523809523,8.264,4.28415878241047,-3.29,15.5016,1.0,0.18924488100712047,1.0,0.8909999999999999,4.259217142857143,3.7949624742857138,,,,,,,False,6.15386449878545,,,,,,,,,,,,,,,,,,,,,,,,,,,,,,,,,,,,,,,,,,,,,,,,,,,,,,,,,,,,,,,,,,,,,,,,,,,,,,,,,,,,,,,,,,,,,,,,,,,,,,,,,,,,,,,,,,,,,,,,,,,,,,,,,,,,,,,,,,,,,,,,,,,,,,,,,,,,,,,,,,,,,,,,,,,,,,,,,,,,,,,,,,,,,,,,
p_0URNSN,Renzo Giampaoli,t_0rGDE4,Gimnasia LP,DEF,Banfield,True,22,3,3,True,0,False,2.37926,7.117204545454545,11.535370000000002,4.254186070826763,-0.0667,13.8509,1.0,0.190324435891675,1.0,0.8909999999999999,6.5634653181818186,5.8480475985,,,,,,,False,6.218483552578269,,,,,,,,,,,,,,,,,,,,,,,,,,,,,,,,,,,,,,,,,,,,,,,,,,,,,,,,,,,,,,,,,,,,,,,,,,,,,,,,,,,,,,,,,,,,,,,,,,,,,,,,,,,,,,,,,,,,,,,,,,,,,,,,,,,,,,,,,,,,,,,,,,,,,,,,,,,,,,,,,,,,,,,,,,,,,,,,,,,,,,,,,,,,,,,,
p_042eAN,Marcelo Torres,t_0rGDE4,Gimnasia LP,DEL,Banfield,True,22,3,3,True,0,False,2.1670466666666663,6.190727272727273,12.12467,4.576067379746793,-2.618,12.7211,1.0,0.1793378615961792,1.0,0.8909999999999999,6.265924742424243,5.5829389455,,,,,,,False,5.577128809735925,,,,,,,,,,,,,,,,,,,,,,,,,,,,,,,,,,,,,,,,,,,,,,,,,,,,,,,,,,,,,,,,,,,,,,,,,,,,,,,,,,,,,,,,,,,,,,,,,,,,,,,,,,,,,,,,,,,,,,,,,,,,,,,,,,,,,,,,,,,,,,,,,,,,,,,,,,,,,,,,,,,,,,,,,,,,,,,,,,,,,,,,,,,,,,,,
p_2AGsdf,Julián Kadijevic,t_0rGDE4,Gimnasia LP,ARQ,Banfield,True,2,3,3,True,0,False,5.709966666666666,7.062099999999999,10.30722,5.736615894410223,3.0057,11.1185,0.5963551635521656,0.14844248442749428,0.9596355163552166,0.8909999999999999,7.400133333333333,6.327374818235827,,,,,,,False,7.5205623530242764,,,,,,,,,,,,,,,,,,,,,,,,,,,,,,,,,,,,,,,,,,,,,,,,,,,,,,,,,,,,,,,,,,,,,,,,,,,,,,,,,,,,,,,,,,,,,,,,,,,,,,,,,,,,,,,,,,,,,,,,,,,,,,,,,,,,,,,,,,,,,,,,,,,,,,,,,,,,,,,,,,,,,,,,,,,,,,,,,,,,,,,,,,,,,,,,
p_3BlplQ,Matías Melluso,t_0rGDE4,Gimnasia LP,DEF,Banfield,True,5,3,3,True,0,False,2.8733866666666668,2.3131,7.49062,4.822514748033437,-2.31,7.5355,0.701016085887554,0.17174709610443692,0.9701016085887554,0.8909999999999999,3.8035803333333336,3.2876647251890296,,,,,,,False,6.218483552578269,,,,,,,,,,,,,,,,,,,,,,,,,,,,,,,,,,,,,,,,,,,,,,,,,,,,,,,,,,,,,,,,,,,,,,,,,,,,,,,,,,,,,,,,,,,,,,,,,,,,,,,,,,,,,,,,,,,,,,,,,,,,,,,,,,,,,,,,,,,,,,,,,,,,,,,,,,,,,,,,,,,,,,,,,,,,,,,,,,,,,,,,,,,,,,,,
p_1jWnXm,Lucas Lamella,t_0rGDE4,Gimnasia LP,DEF,Banfield,True,1,3,1,True,0,False,2.71,2.71,2.71,0.0,2.71,2.71,0.7333333333333334,1.0,0.9733333333333334,0.8909999999999999,2.71,2.3502204,,,,,,,False,6.218483552578269,,,,,,,,,,,,,,,,,,,,,,,,,,,,,,,,,,,,,,,,,,,,,,,,,,,,,,,,,,,,,,,,,,,,,,,,,,,,,,,,,,,,,,,,,,,,,,,,,,,,,,,,,,,,,,,,,,,,,,,,,,,,,,,,,,,,,,,,,,,,,,,,,,,,,,,,,,,,,,,,,,,,,,,,,,,,,,,,,,,,,,,,,,,,,,,,
p_3s2VQn,Juan Pérez,t_0rGDE4,Gimnasia LP,VOL,Banfield,True,5,3,3,True,0,False,2.2132266666666665,2.6897999999999995,4.7014000000000005,1.9465676869813697,1.2133,6.0,0.7345422498014601,0.33937791567396725,0.973454224980146,0.8909999999999999,3.0258993333333333,2.6245068709445647,,,,,,,False,6.15386449878545,,,,,,,,,,,,,,,,,,,,,,,,,,,,,,,,,,,,,,,,,,,,,,,,,,,,,,,,,,,,,,,,,,,,,,,,,,,,,,,,,,,,,,,,,,,,,,,,,,,,,,,,,,,,,,,,,,,,,,,,,,,,,,,,,,,,,,,,,,,,,,,,,,,,,,,,,,,,,,,,,,,,,,,,,,,,,,,,,,,,,,,,,,,,,,,,
p_0AsvjF,Augusto Max,t_0rGDE4,Gimnasia LP,VOL,Banfield,True,21,3,3,True,0,False,5.101519999999999,7.88297619047619,12.074,3.9868204511746903,1.298,16.1994,1.0,0.20052857522962172,1.0,0.8909999999999999,7.957222476190475,7.089885226285713,,,,,,,False,6.15386449878545,,,,,,,,,,,,,,,,,,,,,,,,,,,,,,,,,,,,,,,,,,,,,,,,,,,,,,,,,,,,,,,,,,,,,,,,,,,,,,,,,,,,,,,,,,,,,,,,,,,,,,,,,,,,,,,,,,,,,,,,,,,,,,,,,,,,,,,,,,,,,,,,,,,,,,,,,,,,,,,,,,,,,,,,,,,,,,,,,,,,,,,,,,,,,,,,
p_3AOI3O,Pablo Aguiar,t_0rGDE4,Gimnasia LP,VOL,Banfield,True,5,3,3,True,0,False,3.1847266666666667,3.21656,4.44874,1.2741783011023222,1.7687,5.2679,0.7546105186957962,0.43971926014564805,0.9754610518695797,0.8909999999999999,3.513463333333333,3.0536767552051325,,,,,,,False,6.15386449878545,,,,,,,,,,,,,,,,,,,,,,,,,,,,,,,,,,,,,,,,,,,,,,,,,,,,,,,,,,,,,,,,,,,,,,,,,,,,,,,,,,,,,,,,,,,,,,,,,,,,,,,,,,,,,,,,,,,,,,,,,,,,,,,,,,,,,,,,,,,,,,,,,,,,,,,,,,,,,,,,,,,,,,,,,,,,,,,,,,,,,,,,,,,,,,,,
p_1OBnRG,Franco Torres,t_0rGDE4,Gimnasia LP,DEL,Banfield,True,22,3,3,True,0,False,4.937126666666667,4.740672727272727,10.636680000000002,4.838351820529464,-0.362,19.7726,1.0,0.17128121612741604,1.0,0.8909999999999999,6.283433424242425,5.598539181,,,,,,,False,5.577128809735925,,,,,,,,,,,,,,,,,,,,,,,,,,,,,,,,,,,,,,,,,,,,,,,,,,,,,,,,,,,,,,,,,,,,,,,,,,,,,,,,,,,,,,,,,,,,,,,,,,,,,,,,,,,,,,,,,,,,,,,,,,,,,,,,,,,,,,,,,,,,,,,,,,,,,,,,,,,,,,,,,,,,,,,,,,,,,,,,,,,,,,,,,,,,,,,,
p_1I81cW,Diego Rodríguez,t_0bW0AU,Banfield,ARQ,Gimnasia LP,False,5,3,3,True,3,True,7.8134533333333325,6.7512,9.36334,2.6948325532396256,3.97,11.0435,0.7207963185840831,0.2706482595870822,0.9720796318584083,0.8869999999999999,7.776023666666667,6.70475691599224,,,,,,,True,7.5205623530242764,,,,,,,,,,,,,,,,,,,,,,,,,,,,,,,,,,,,,,,,,,,,,,,,,,,,,,,,,,,,,,,,,,,,,,,,,,,,,,,,,,,,,,,,,,,,,,,,,,,,,,,,,,,,,,,,,,,,,,,,,,,,,,,,,,,,,,,,,,,,,,,,,,,,,,,,,,,,,,,,,,,,,,,,,,,,,,,,,,,,,,,,,,,,,,,,
p_26xhDF,Brandon Oviedo,t_0bW0AU,Banfield,DEF,Gimnasia LP,False,10,3,3,True,3,True,5.196553333333335,6.608079999999999,10.396419999999999,3.2880895343986944,1.74,10.69,0.879974150507419,0.23320408587042876,0.9879974150507419,0.8869999999999999,7.061130666666667,6.188048036403941,,,,,,,True,6.218483552578269,,,,,,,,,,,,,,,,,,,,,,,,,,,,,,,,,,,,,,,,,,,,,,,,,,,,,,,,,,,,,,,,,,,,,,,,,,,,,,,,,,,,,,,,,,,,,,,,,,,,,,,,,,,,,,,,,,,,,,,,,,,,,,,,,,,,,,,,,,,,,,,,,,,,,,,,,,,,,,,,,,,,,,,,,,,,,,,,,,,,,,,,,,,,,,,,
p_4RakHP,Santiago Daniele,t_0bW0AU,Banfield,DEF,Gimnasia LP,False,12,3,3,True,3,True,7.245033333333334,7.199441666666668,8.393870000000001,1.2978011140935364,5.1371,10.0967,0.9870397349767577,0.43519867488378855,0.9987039734976758,0.8869999999999999,7.514005833333334,6.656285257096992,,,,,,,True,6.218483552578269,,,,,,,,,,,,,,,,,,,,,,,,,,,,,,,,,,,,,,,,,,,,,,,,,,,,,,,,,,,,,,,,,,,,,,,,,,,,,,,,,,,,,,,,,,,,,,,,,,,,,,,,,,,,,,,,,,,,,,,,,,,,,,,,,,,,,,,,,,,,,,,,,,,,,,,,,,,,,,,,,,,,,,,,,,,,,,,,,,,,,,,,,,,,,,,,
p_1EJPD1,Nicolás Meriano,t_0bW0AU,Banfield,DEF,Gimnasia LP,False,23,3,3,True,3,True,7.351406666666667,7.012604347826085,11.5151,3.635819297124635,-0.982,13.04,1.0,0.21571160045436835,1.0,0.8869999999999999,8.256809072463767,7.323789647275361,,,,,,,True,6.218483552578269,,,,,,,,,,,,,,,,,,,,,,,,,,,,,,,,,,,,,,,,,,,,,,,,,,,,,,,,,,,,,,,,,,,,,,,,,,,,,,,,,,,,,,,,,,,,,,,,,,,,,,,,,,,,,,,,,,,,,,,,,,,,,,,,,,,,,,,,,,,,,,,,,,,,,,,,,,,,,,,,,,,,,,,,,,,,,,,,,,,,,,,,,,,,,,,,
p_0A4RLJ,Marcos López,t_0bW0AU,Banfield,DEF,Gimnasia LP,False,2,3,1,True,1,False,2.6766666666666663,1.8175,3.8794999999999997,3.645135457016652,-0.76,4.395,0.6097224616699948,0.21527897501664076,0.9609722461669995,0.8869999999999999,2.6337083333333333,2.244926583582053,,,,,,,True,6.218483552578269,,,,,,,,,,,,,,,,,,,,,,,,,,,,,,,,,,,,,,,,,,,,,,,,,,,,,,,,,,,,,,,,,,,,,,,,,,,,,,,,,,,,,,,,,,,,,,,,,,,,,,,,,,,,,,,,,,,,,,,,,,,,,,,,,,,,,,,,,,,,,,,,,,,,,,,,,,,,,,,,,,,,,,,,,,,,,,,,,,,,,,,,,,,,,,,,
p_0yKkMd,Santiago Esquivel,t_0bW0AU,Banfield,VOL,Gimnasia LP,False,17,3,3,True,3,True,9.334280000000001,5.283664705882353,11.574200000000001,4.518487402735175,-0.0929,12.1324,1.0,0.18120907542605993,1.0,0.8869999999999999,8.274013882352943,7.33905031364706,,,,,,,True,6.15386449878545,,,,,,,,,,,,,,,,,,,,,,,,,,,,,,,,,,,,,,,,,,,,,,,,,,,,,,,,,,,,,,,,,,,,,,,,,,,,,,,,,,,,,,,,,,,,,,,,,,,,,,,,,,,,,,,,,,,,,,,,,,,,,,,,,,,,,,,,,,,,,,,,,,,,,,,,,,,,,,,,,,,,,,,,,,,,,,,,,,,,,,,,,,,,,,,,
p_4OjYAE,Favio Álvarez,t_0bW0AU,Banfield,VOL,Gimnasia LP,False,8,3,3,True,1,False,4.405413333333333,3.83955,10.58557,4.611616460635035,-0.39,11.5893,0.8023070211711095,0.1782017725222147,0.9802307021171109,0.8869999999999999,5.724107166666666,4.976908735647049,,,,,,,True,6.15386449878545,,,,,,,,,,,,,,,,,,,,,,,,,,,,,,,,,,,,,,,,,,,,,,,,,,,,,,,,,,,,,,,,,,,,,,,,,,,,,,,,,,,,,,,,,,,,,,,,,,,,,,,,,,,,,,,,,,,,,,,,,,,,,,,,,,,,,,,,,,,,,,,,,,,,,,,,,,,,,,,,,,,,,,,,,,,,,,,,,,,,,,,,,,,,,,,,
p_0GQIIZ,Ignacio Abraham,t_0bW0AU,Banfield,DEF,Gimnasia LP,False,26,3,3,True,3,True,8.541266666666665,9.30456923076923,13.20795,4.051792298405162,4.3315,19.8394,1.0,0.19794954759238567,1.0,0.8869999999999999,10.013258525641024,8.881760312243587,,,,,,,True,6.218483552578269,,,,,,,,,,,,,,,,,,,,,,,,,,,,,,,,,,,,,,,,,,,,,,,,,,,,,,,,,,,,,,,,,,,,,,,,,,,,,,,,,,,,,,,,,,,,,,,,,,,,,,,,,,,,,,,,,,,,,,,,,,,,,,,,,,,,,,,,,,,,,,,,,,,,,,,,,,,,,,,,,,,,,,,,,,,,,,,,,,,,,,,,,,,,,,,,
p_0FsNVe,Lautaro Gómez,t_0bW0AU,Banfield,VOL,Gimnasia LP,False,25,3,3,True,3,True,10.793919999999998,5.4345799999999995,13.084,6.029564743481351,-3.6143,23.6667,1.0,0.14225631834848937,1.0,0.8869999999999999,9.222704,8.180538448,,,,,,,True,6.15386449878545,,,,,,,,,,,,,,,,,,,,,,,,,,,,,,,,,,,,,,,,,,,,,,,,,,,,,,,,,,,,,,,,,,,,,,,,,,,,,,,,,,,,,,,,,,,,,,,,,,,,,,,,,,,,,,,,,,,,,,,,,,,,,,,,,,,,,,,,,,,,,,,,,,,,,,,,,,,,,,,,,,,,,,,,,,,,,,,,,,,,,,,,,,,,,,,,
p_2Dzb5G,Alexander Machado,t_0bW0AU,Banfield,DEL,Gimnasia LP,False,7,3,3,True,3,True,3.5347466666666674,4.620414285714285,8.365140000000002,3.9252250026499844,1.4714,12.7329,0.7739406152123118,0.20303640939489195,0.9773940615212312,0.8869999999999999,5.176612047619049,4.487856218364059,,,,,,,True,5.577128809735925,,,,,,,,,,,,,,,,,,,,,,,,,,,,,,,,,,,,,,,,,,,,,,,,,,,,,,,,,,,,,,,,,,,,,,,,,,,,,,,,,,,,,,,,,,,,,,,,,,,,,,,,,,,,,,,,,,,,,,,,,,,,,,,,,,,,,,,,,,,,,,,,,,,,,,,,,,,,,,,,,,,,,,,,,,,,,,,,,,,,,,,,,,,,,,,,
p_1S7dIi,Adrián Balboa,t_0bW0AU,Banfield,DEL,Gimnasia LP,False,3,3,3,True,3,True,7.73845,7.5946,7.99738,0.4983110173375661,7.3069,8.17,0.7334836343627715,0.6674181718138579,0.9733483634362772,0.8869999999999999,7.7456425,6.687277896158939,,,,,,,True,5.577128809735925,,,,,,,,,,,,,,,,,,,,,,,,,,,,,,,,,,,,,,,,,,,,,,,,,,,,,,,,,,,,,,,,,,,,,,,,,,,,,,,,,,,,,,,,,,,,,,,,,,,,,,,,,,,,,,,,,,,,,,,,,,,,,,,,,,,,,,,,,,,,,,,,,,,,,,,,,,,,,,,,,,,,,,,,,,,,,,,,,,,,,,,,,,,,,,,,
p_0GbFtW,Renzo Malanca,t_0bW0AU,Banfield,DEF,Gimnasia LP,False,3,3,3,True,0,False,3.5164000000000004,3.253966666666667,6.2961800000000006,4.520173821141542,-1.8857,6.6111,0.6362307431758808,0.1811537158794042,0.9636230743175881,0.8869999999999999,4.106371666666667,3.5098541123851628,,,,,,,False,6.218483552578269,,,,,,,,,,,,,,,,,,,,,,,,,,,,,,,,,,,,,,,,,,,,,,,,,,,,,,,,,,,,,,,,,,,,,,,,,,,,,,,,,,,,,,,,,,,,,,,,,,,,,,,,,,,,,,,,,,,,,,,,,,,,,,,,,,,,,,,,,,,,,,,,,,,,,,,,,,,,,,,,,,,,,,,,,,,,,,,,,,,,,,,,,,,,,,,,
p_2Qz55f,Santiago López,t_0bW0AU,Banfield,DEF,Gimnasia LP,False,27,3,3,True,2,True,6.963626666666666,8.694137037037038,15.294620000000013,5.131139428801976,0.2004,20.9996,1.0,0.16310182007969762,1.0,0.8869999999999999,9.738579148148151,8.638119704407409,,,,,,,False,6.218483552578269,,,,,,,,,,,,,,,,,,,,,,,,,,,,,,,,,,,,,,,,,,,,,,,,,,,,,,,,,,,,,,,,,,,,,,,,,,,,,,,,,,,,,,,,,,,,,,,,,,,,,,,,,,,,,,,,,,,,,,,,,,,,,,,,,,,,,,,,,,,,,,,,,,,,,,,,,,,,,,,,,,,,,,,,,,,,,,,,,,,,,,,,,,,,,,,,
p_3HFTSS,Matías Hernández,t_0bW0AU,Banfield,DEL,Gimnasia LP,False,6,3,3,True,0,False,2.379806666666667,2.518966666666667,5.4395500000000006,2.876339808622526,0.3533,8.1011,0.7515950638680128,0.25797531934006435,0.9751595063868013,0.8869999999999999,3.2004065000000006,2.7682443518032973,,,,,,,False,5.577128809735925,,,,,,,,,,,,,,,,,,,,,,,,,,,,,,,,,,,,,,,,,,,,,,,,,,,,,,,,,,,,,,,,,,,,,,,,,,,,,,,,,,,,,,,,,,,,,,,,,,,,,,,,,,,,,,,,,,,,,,,,,,,,,,,,,,,,,,,,,,,,,,,,,,,,,,,,,,,,,,,,,,,,,,,,,,,,,,,,,,,,,,,,,,,,,,,,
p_0jI613,David Zalazar,t_0bW0AU,Banfield,VOL,Gimnasia LP,False,20,3,3,True,0,False,6.14314,8.374664999999998,15.239580000000002,5.489917708449976,1.2864,20.2138,1.0,0.15408515869130113,1.0,0.8869999999999999,9.30986,8.25784582,,,,,,,False,6.15386449878545,,,,,,,,,,,,,,,,,,,,,,,,,,,,,,,,,,,,,,,,,,,,,,,,,,,,,,,,,,,,,,,,,,,,,,,,,,,,,,,,,,,,,,,,,,,,,,,,,,,,,,,,,,,,,,,,,,,,,,,,,,,,,,,,,,,,,,,,,,,,,,,,,,,,,,,,,,,,,,,,,,,,,,,,,,,,,,,,,,,,,,,,,,,,,,,,
p_0Ppa0V,Lisandro Piñero,t_0bW0AU,Banfield,VOL,Gimnasia LP,False,21,3,3,True,0,False,1.87012,3.4336190476190476,7.2514,2.7027988267015077,-0.85,8.4267,1.0,0.270065981653886,1.0,0.8869999999999999,3.8408396190476193,3.406824742095238,,,,,,,False,6.15386449878545,,,,,,,,,,,,,,,,,,,,,,,,,,,,,,,,,,,,,,,,,,,,,,,,,,,,,,,,,,,,,,,,,,,,,,,,,,,,,,,,,,,,,,,,,,,,,,,,,,,,,,,,,,,,,,,,,,,,,,,,,,,,,,,,,,,,,,,,,,,,,,,,,,,,,,,,,,,,,,,,,,,,,,,,,,,,,,,,,,,,,,,,,,,,,,,,
p_2M9PCX,Gino Santilli,t_0bW0AU,Banfield,ARQ,Gimnasia LP,False,2,3,3,True,0,False,8.715233333333332,10.402149999999999,14.45075,7.156981285779641,5.3414,15.4629,0.591185541112127,0.12259437222730131,0.9591185541112127,0.8869999999999999,10.823879166666666,9.208287019216328,,,,,,,False,7.5205623530242764,,,,,,,,,,,,,,,,,,,,,,,,,,,,,,,,,,,,,,,,,,,,,,,,,,,,,,,,,,,,,,,,,,,,,,,,,,,,,,,,,,,,,,,,,,,,,,,,,,,,,,,,,,,,,,,,,,,,,,,,,,,,,,,,,,,,,,,,,,,,,,,,,,,,,,,,,,,,,,,,,,,,,,,,,,,,,,,,,,,,,,,,,,,,,,,,
p_3qc7bM,Lautaro Cano,t_0bW0AU,Banfield,DEF,Gimnasia LP,False,3,3,3,True,0,False,1.2580166666666666,2.8990333333333336,7.3864,5.466825441088579,-0.6517,9.1944,0.6309270757069226,0.1546353785346133,0.9630927075706923,0.8869999999999999,3.4465191666666666,2.944234601140406,,,,,,,False,6.218483552578269,,,,,,,,,,,,,,,,,,,,,,,,,,,,,,,,,,,,,,,,,,,,,,,,,,,,,,,,,,,,,,,,,,,,,,,,,,,,,,,,,,,,,,,,,,,,,,,,,,,,,,,,,,,,,,,,,,,,,,,,,,,,,,,,,,,,,,,,,,,,,,,,,,,,,,,,,,,,,,,,,,,,,,,,,,,,,,,,,,,,,,,,,,,,,,,,
p_0LtJFs,Lautaro Villegas,t_0bW0AU,Banfield,VOL,Gimnasia LP,False,18,3,3,True,0,False,6.083006666666666,5.498533333333333,7.61003,2.111384703430986,2.686,11.087,1.0,0.32140030736066805,1.0,0.8869999999999999,6.230973166666667,5.526873198833333,,,,,,,False,6.15386449878545,,,,,,,,,,,,,,,,,,,,,,,,,,,,,,,,,,,,,,,,,,,,,,,,,,,,,,,,,,,,,,,,,,,,,,,,,,,,,,,,,,,,,,,,,,,,,,,,,,,,,,,,,,,,,,,,,,,,,,,,,,,,,,,,,,,,,,,,,,,,,,,,,,,,,,,,,,,,,,,,,,,,,,,,,,,,,,,,,,,,,,,,,,,,,,,,
p_0AqJh0,Federico Medina,t_0bW0AU,Banfield,VOL,Gimnasia LP,False,7,3,3,True,0,False,2.532626666666667,3.3375285714285714,5.999400000000001,2.425623213880154,1.1744,8.0256,0.7917168704338609,0.2919176855026372,0.9791716870433861,0.8869999999999999,3.7212807619047625,3.232026439535992,,,,,,,False,6.15386449878545,,,,,,,,,,,,,,,,,,,,,,,,,,,,,,,,,,,,,,,,,,,,,,,,,,,,,,,,,,,,,,,,,,,,,,,,,,,,,,,,,,,,,,,,,,,,,,,,,,,,,,,,,,,,,,,,,,,,,,,,,,,,,,,,,,,,,,,,,,,,,,,,,,,,,,,,,,,,,,,,,,,,,,,,,,,,,,,,,,,,,,,,,,,,,,,,
p_4OP2tz,Nacho Pais,t_0bW0AU,Banfield,VOL,Gimnasia LP,False,19,3,3,True,0,False,5.1369,7.4486842105263165,14.42958,4.525000758779943,1.8116,16.1581,1.0,0.18099545025597874,1.0,0.8869999999999999,8.384783684210527,7.437303127894737,,,,,,,False,6.15386449878545,,,,,,,,,,,,,,,,,,,,,,,,,,,,,,,,,,,,,,,,,,,,,,,,,,,,,,,,,,,,,,,,,,,,,,,,,,,,,,,,,,,,,,,,,,,,,,,,,,,,,,,,,,,,,,,,,,,,,,,,,,,,,,,,,,,,,,,,,,,,,,,,,,,,,,,,,,,,,,,,,,,,,,,,,,,,,,,,,,,,,,,,,,,,,,,,
p_0CLSyZ,Federico Anselmo,t_0bW0AU,Banfield,DEL,Gimnasia LP,False,9,3,3,True,0,False,0.9242333333333335,1.3579666666666668,2.866,1.1265130203419753,-0.11,3.13,0.8940506820728693,0.4702534103643461,0.989405068207287,0.8869999999999999,1.5831683333333335,1.3893921634960265,,,,,,,False,5.577128809735925,,,,,,,,,,,,,,,,,,,,,,,,,,,,,,,,,,,,,,,,,,,,,,,,,,,,,,,,,,,,,,,,,,,,,,,,,,,,,,,,,,,,,,,,,,,,,,,,,,,,,,,,,,,,,,,,,,,,,,,,,,,,,,,,,,,,,,,,,,,,,,,,,,,,,,,,,,,,,,,,,,,,,,,,,,,,,,,,,,,,,,,,,,,,,,,,
p_43Olsv,Alan Aguerre,t_2M7cot,Central Córdoba de Santiago,ARQ,Defensa y Justicia,True,23,3,3,True,3,True,4.823486666666667,7.16511304347826,13.3995,5.35719411083692,-2.21,18.5542,1.0,0.1573021025573735,1.0,0.85,7.904140550724637,6.718519468115941,,,,,,,True,7.5205623530242764,,,,,,,,,,,,,,,,,,,,,,,,,,,,,,,,,,,,,,,,,,,,,,,,,,,,,,,,,,,,,,,,,,,,,,,,,,,,,,,,,,,,,,,,,,,,,,,,,,,,,,,,,,,,,,,,,,,,,,,,,,,,,,,,,,,,,,,,,,,,,,,,,,,,,,,,,,,,,,,,,,,,,,,,,,,,,,,,,,,,,,,,,,,,,,,,
p_3cMYiv,Santiago Moyano,t_2M7cot,Central Córdoba de Santiago,DEF,Defensa y Justicia,True,23,3,3,True,3,True,4.585253333333333,6.192404347826087,11.52586,4.640601477128335,-0.644,17.2595,1.0,0.17728605788847648,1.0,0.85,6.963265405797101,5.918775594927536,,,,,,,True,6.218483552578269,,,,,,,,,,,,,,,,,,,,,,,,,,,,,,,,,,,,,,,,,,,,,,,,,,,,,,,,,,,,,,,,,,,,,,,,,,,,,,,,,,,,,,,,,,,,,,,,,,,,,,,,,,,,,,,,,,,,,,,,,,,,,,,,,,,,,,,,,,,,,,,,,,,,,,,,,,,,,,,,,,,,,,,,,,,,,,,,,,,,,,,,,,,,,,,,
p_2StpFV,Alejandro Maciel,t_2M7cot,Central Córdoba de Santiago,DEF,Defensa y Justicia,True,23,3,3,True,3,True,7.916600000000001,8.614217391304349,13.22762,4.25182638378681,-1.55,19.294,1.0,0.19040995016270013,1.0,0.85,9.52340195652174,8.094891663043478,,,,,,,True,6.218483552578269,,,,,,,,,,,,,,,,,,,,,,,,,,,,,,,,,,,,,,,,,,,,,,,,,,,,,,,,,,,,,,,,,,,,,,,,,,,,,,,,,,,,,,,,,,,,,,,,,,,,,,,,,,,,,,,,,,,,,,,,,,,,,,,,,,,,,,,,,,,,,,,,,,,,,,,,,,,,,,,,,,,,,,,,,,,,,,,,,,,,,,,,,,,,,,,,
p_1KfXQ1,Facundo Mansilla Zahir,t_2M7cot,Central Córdoba de Santiago,DEF,Defensa y Justicia,True,20,3,3,True,3,True,8.52174,8.211860000000001,14.827580000000001,4.376997512041909,-0.2889,15.8375,1.0,0.18597739682052616,1.0,0.85,9.974248,8.4781108,,,,,,,True,6.218483552578269,,,,,,,,,,,,,,,,,,,,,,,,,,,,,,,,,,,,,,,,,,,,,,,,,,,,,,,,,,,,,,,,,,,,,,,,,,,,,,,,,,,,,,,,,,,,,,,,,,,,,,,,,,,,,,,,,,,,,,,,,,,,,,,,,,,,,,,,,,,,,,,,,,,,,,,,,,,,,,,,,,,,,,,,,,,,,,,,,,,,,,,,,,,,,,,,
p_16mEjs,Darío Cáceres,t_2M7cot,Central Córdoba de Santiago,DEF,Defensa y Justicia,True,6,3,3,True,3,True,8.188113333333334,9.389666666666665,14.043800000000001,4.1696690404235515,3.91,14.6191,0.7386871961118063,0.19343598055903205,0.9738687196111806,0.85,10.132656333333333,8.387695492162935,,,,,,,True,6.218483552578269,,,,,,,,,,,,,,,,,,,,,,,,,,,,,,,,,,,,,,,,,,,,,,,,,,,,,,,,,,,,,,,,,,,,,,,,,,,,,,,,,,,,,,,,,,,,,,,,,,,,,,,,,,,,,,,,,,,,,,,,,,,,,,,,,,,,,,,,,,,,,,,,,,,,,,,,,,,,,,,,,,,,,,,,,,,,,,,,,,,,,,,,,,,,,,,,
p_1K6Fr9,Fernando Martínez,t_2M7cot,Central Córdoba de Santiago,DEF,Defensa y Justicia,True,23,3,3,True,3,True,8.190660000000001,4.958808695652174,9.9456,4.64359882554988,-3.23,17.1255,1.0,0.1771919002238019,1.0,0.85,7.33665447826087,6.23615630652174,,,,,,,True,6.218483552578269,,,,,,,,,,,,,,,,,,,,,,,,,,,,,,,,,,,,,,,,,,,,,,,,,,,,,,,,,,,,,,,,,,,,,,,,,,,,,,,,,,,,,,,,,,,,,,,,,,,,,,,,,,,,,,,,,,,,,,,,,,,,,,,,,,,,,,,,,,,,,,,,,,,,,,,,,,,,,,,,,,,,,,,,,,,,,,,,,,,,,,,,,,,,,,,,
p_3XD5Nu,Matías Vera,t_2M7cot,Central Córdoba de Santiago,VOL,Defensa y Justicia,True,24,3,3,True,3,True,5.2009,7.2600250000000015,10.87678,3.429171935188867,0.5386,15.9154,1.0,0.22577583680037439,1.0,0.85,7.44352,6.326992,,,,,,,True,6.15386449878545,,,,,,,,,,,,,,,,,,,,,,,,,,,,,,,,,,,,,,,,,,,,,,,,,,,,,,,,,,,,,,,,,,,,,,,,,,,,,,,,,,,,,,,,,,,,,,,,,,,,,,,,,,,,,,,,,,,,,,,,,,,,,,,,,,,,,,,,,,,,,,,,,,,,,,,,,,,,,,,,,,,,,,,,,,,,,,,,,,,,,,,,,,,,,,,,
p_0veUmD,Lucas González,t_2M7cot,Central Córdoba de Santiago,VOL,Defensa y Justicia,True,23,3,3,True,3,True,7.17898,5.9378652173913045,9.69884,2.665176212766956,1.016,10.35,1.0,0.27283817801629484,1.0,0.85,7.312499086956522,6.215624223913044,,,,,,,True,6.15386449878545,,,,,,,,,,,,,,,,,,,,,,,,,,,,,,,,,,,,,,,,,,,,,,,,,,,,,,,,,,,,,,,,,,,,,,,,,,,,,,,,,,,,,,,,,,,,,,,,,,,,,,,,,,,,,,,,,,,,,,,,,,,,,,,,,,,,,,,,,,,,,,,,,,,,,,,,,,,,,,,,,,,,,,,,,,,,,,,,,,,,,,,,,,,,,,,,
p_0ciPTe,Diego Barrera,t_2M7cot,Central Córdoba de Santiago,VOL,Defensa y Justicia,True,24,3,3,True,3,True,2.8255533333333336,6.041362500000001,10.667279999999998,4.013549574044802,1.1453,15.6767,1.0,0.19945948179649212,1.0,0.85,6.072308666666666,5.161462366666666,,,,,,,True,6.15386449878545,,,,,,,,,,,,,,,,,,,,,,,,,,,,,,,,,,,,,,,,,,,,,,,,,,,,,,,,,,,,,,,,,,,,,,,,,,,,,,,,,,,,,,,,,,,,,,,,,,,,,,,,,,,,,,,,,,,,,,,,,,,,,,,,,,,,,,,,,,,,,,,,,,,,,,,,,,,,,,,,,,,,,,,,,,,,,,,,,,,,,,,,,,,,,,,,
p_2nfEM8,Marco Iacobellis,t_2M7cot,Central Córdoba de Santiago,VOL,Defensa y Justicia,True,20,3,3,True,3,True,8.349426666666666,5.0596000000000005,12.795120000000002,4.723667139215597,-0.62,14.85,1.0,0.17471316477307336,1.0,0.85,8.144919333333334,6.923181433333334,,,,,,,True,6.15386449878545,,,,,,,,,,,,,,,,,,,,,,,,,,,,,,,,,,,,,,,,,,,,,,,,,,,,,,,,,,,,,,,,,,,,,,,,,,,,,,,,,,,,,,,,,,,,,,,,,,,,,,,,,,,,,,,,,,,,,,,,,,,,,,,,,,,,,,,,,,,,,,,,,,,,,,,,,,,,,,,,,,,,,,,,,,,,,,,,,,,,,,,,,,,,,,,,
p_4aWnwm,Leonardo Sequeira,t_2M7cot,Central Córdoba de Santiago,DEL,Defensa y Justicia,True,5,3,3,True,1,False,1.4780533333333332,2.91034,6.958960000000001,4.183150567216055,-0.23,10.24,0.7052532362456058,0.19293284789469553,0.9705253236245606,0.85,3.421194666666667,2.8223026518918943,,,,,,,True,5.577128809735925,,,,,,,,,,,,,,,,,,,,,,,,,,,,,,,,,,,,,,,,,,,,,,,,,,,,,,,,,,,,,,,,,,,,,,,,,,,,,,,,,,,,,,,,,,,,,,,,,,,,,,,,,,,,,,,,,,,,,,,,,,,,,,,,,,,,,,,,,,,,,,,,,,,,,,,,,,,,,,,,,,,,,,,,,,,,,,,,,,,,,,,,,,,,,,,,
p_3lI7ex,Javier Vallejos,t_2M7cot,Central Córdoba de Santiago,DEF,Defensa y Justicia,True,4,3,3,True,0,False,7.28091,6.209675000000001,9.4252,3.3193765362137913,2.882,10.6423,0.6796363120903816,0.23151489378524143,0.9679636312090382,0.85,7.3884885,6.079019933965287,,,,,,,False,6.218483552578269,,,,,,,,,,,,,,,,,,,,,,,,,,,,,,,,,,,,,,,,,,,,,,,,,,,,,,,,,,,,,,,,,,,,,,,,,,,,,,,,,,,,,,,,,,,,,,,,,,,,,,,,,,,,,,,,,,,,,,,,,,,,,,,,,,,,,,,,,,,,,,,,,,,,,,,,,,,,,,,,,,,,,,,,,,,,,,,,,,,,,,,,,,,,,,,,
p_4beE3s,Leonardo Marchi,t_2M7cot,Central Córdoba de Santiago,DEF,Defensa y Justicia,True,7,3,3,True,0,False,2.502286666666667,3.2140142857142857,5.859020000000002,2.729187030007637,1.1738,8.7926,0.7869643253942465,0.2681549603045659,0.9786964325394247,0.85,3.626161047619048,3.0165742489504574,,,,,,,False,6.218483552578269,,,,,,,,,,,,,,,,,,,,,,,,,,,,,,,,,,,,,,,,,,,,,,,,,,,,,,,,,,,,,,,,,,,,,,,,,,,,,,,,,,,,,,,,,,,,,,,,,,,,,,,,,,,,,,,,,,,,,,,,,,,,,,,,,,,,,,,,,,,,,,,,,,,,,,,,,,,,,,,,,,,,,,,,,,,,,,,,,,,,,,,,,,,,,,,,
p_42f4P8,Martín Cuitiño,t_2M7cot,Central Córdoba de Santiago,DEF,Defensa y Justicia,True,2,3,3,True,0,False,4.65,3.6925000000000003,5.990500000000001,4.062328457916716,0.82,6.565,0.6061741782125107,0.1975375577292207,0.9606174178212511,0.85,4.602125000000001,3.757749218892032,,,,,,,False,6.218483552578269,,,,,,,,,,,,,,,,,,,,,,,,,,,,,,,,,,,,,,,,,,,,,,,,,,,,,,,,,,,,,,,,,,,,,,,,,,,,,,,,,,,,,,,,,,,,,,,,,,,,,,,,,,,,,,,,,,,,,,,,,,,,,,,,,,,,,,,,,,,,,,,,,,,,,,,,,,,,,,,,,,,,,,,,,,,,,,,,,,,,,,,,,,,,,,,,
p_4Pokti,Yuri Casermeiro,t_2M7cot,Central Córdoba de Santiago,DEF,Defensa y Justicia,True,11,3,3,True,0,False,4.3095533333333345,5.550881818181818,8.5511,2.6715855677174862,2.7944,11.3674,0.9211390455098851,0.27236189421609197,0.9921139045509886,0.85,5.866471393939394,4.947176664491209,,,,,,,False,6.218483552578269,,,,,,,,,,,,,,,,,,,,,,,,,,,,,,,,,,,,,,,,,,,,,,,,,,,,,,,,,,,,,,,,,,,,,,,,,,,,,,,,,,,,,,,,,,,,,,,,,,,,,,,,,,,,,,,,,,,,,,,,,,,,,,,,,,,,,,,,,,,,,,,,,,,,,,,,,,,,,,,,,,,,,,,,,,,,,,,,,,,,,,,,,,,,,,,,
p_1Xc1ly,Federico Rodríguez,t_2M7cot,Central Córdoba de Santiago,VOL,Defensa y Justicia,True,1,3,3,True,0,False,-0.54,-0.54,-0.54,0.0,-0.54,-0.54,0.7333333333333334,1.0,0.9733333333333334,0.85,-0.54,-0.44676000000000005,,,,,,,False,6.15386449878545,,,,,,,,,,,,,,,,,,,,,,,,,,,,,,,,,,,,,,,,,,,,,,,,,,,,,,,,,,,,,,,,,,,,,,,,,,,,,,,,,,,,,,,,,,,,,,,,,,,,,,,,,,,,,,,,,,,,,,,,,,,,,,,,,,,,,,,,,,,,,,,,,,,,,,,,,,,,,,,,,,,,,,,,,,,,,,,,,,,,,,,,,,,,,,,,
p_1PTJbZ,Juan Cardozo,t_2M7cot,Central Córdoba de Santiago,VOL,Defensa y Justicia,True,10,3,1,True,0,False,3.323393333333333,4.90087,8.826509999999999,2.6785571356609137,1.09,10.1046,0.8877024766208322,0.27184571643749483,0.9887702476620832,0.85,5.330163166666667,4.4797607412266665,,,,,,,False,6.15386449878545,,,,,,,,,,,,,,,,,,,,,,,,,,,,,,,,,,,,,,,,,,,,,,,,,,,,,,,,,,,,,,,,,,,,,,,,,,,,,,,,,,,,,,,,,,,,,,,,,,,,,,,,,,,,,,,,,,,,,,,,,,,,,,,,,,,,,,,,,,,,,,,,,,,,,,,,,,,,,,,,,,,,,,,,,,,,,,,,,,,,,,,,,,,,,,,,
p_0VScM6,Tiago Cravero,t_2M7cot,Central Córdoba de Santiago,VOL,Defensa y Justicia,True,17,3,3,True,0,False,3.417753333333333,4.839964705882353,9.21854,3.5311656389819026,0.49,12.562,1.0,0.22069376396151516,1.0,0.85,5.436834549019608,4.621309366666666,,,,,,,False,6.15386449878545,,,,,,,,,,,,,,,,,,,,,,,,,,,,,,,,,,,,,,,,,,,,,,,,,,,,,,,,,,,,,,,,,,,,,,,,,,,,,,,,,,,,,,,,,,,,,,,,,,,,,,,,,,,,,,,,,,,,,,,,,,,,,,,,,,,,,,,,,,,,,,,,,,,,,,,,,,,,,,,,,,,,,,,,,,,,,,,,,,,,,,,,,,,,,,,,
p_0RVLhG,Ezequiel Naya,t_2M7cot,Central Córdoba de Santiago,DEL,Defensa y Justicia,True,18,3,3,True,2,True,1.5088266666666668,2.9549055555555555,6.9217700000000075,4.23096586142639,-0.13,14.3042,1.0,0.19116928431402877,1.0,0.85,3.440494055555557,2.9244199472222236,,,,,,,False,5.577128809735925,,,,,,,,,,,,,,,,,,,,,,,,,,,,,,,,,,,,,,,,,,,,,,,,,,,,,,,,,,,,,,,,,,,,,,,,,,,,,,,,,,,,,,,,,,,,,,,,,,,,,,,,,,,,,,,,,,,,,,,,,,,,,,,,,,,,,,,,,,,,,,,,,,,,,,,,,,,,,,,,,,,,,,,,,,,,,,,,,,,,,,,,,,,,,,,,
p_444jRY,Horacio Tijanovich,t_2M7cot,Central Córdoba de Santiago,VOL,Defensa y Justicia,True,20,3,3,True,0,False,2.3371133333333334,3.9776499999999997,8.851130000000001,3.1210988079436652,0.038,10.07,1.0,0.2426537306197172,1.0,0.85,4.621832166666667,3.9285573416666666,,,,,,,False,6.15386449878545,,,,,,,,,,,,,,,,,,,,,,,,,,,,,,,,,,,,,,,,,,,,,,,,,,,,,,,,,,,,,,,,,,,,,,,,,,,,,,,,,,,,,,,,,,,,,,,,,,,,,,,,,,,,,,,,,,,,,,,,,,,,,,,,,,,,,,,,,,,,,,,,,,,,,,,,,,,,,,,,,,,,,,,,,,,,,,,,,,,,,,,,,,,,,,,,
p_4ax8kI,Joaquín Flores,t_2M7cot,Central Córdoba de Santiago,DEL,Defensa y Justicia,True,7,3,3,True,0,False,1.2395,1.2358571428571428,1.90494,0.6416563198918427,0.1,1.9314,0.8551615123356088,0.6091408950113767,0.9855161512335608,0.85,1.404402857142857,1.176452443769918,,,,,,,False,5.577128809735925,,,,,,,,,,,,,,,,,,,,,,,,,,,,,,,,,,,,,,,,,,,,,,,,,,,,,,,,,,,,,,,,,,,,,,,,,,,,,,,,,,,,,,,,,,,,,,,,,,,,,,,,,,,,,,,,,,,,,,,,,,,,,,,,,,,,,,,,,,,,,,,,,,,,,,,,,,,,,,,,,,,,,,,,,,,,,,,,,,,,,,,,,,,,,,,,
p_1JcSyH,Lucas Varaldo,t_2M7cot,Central Córdoba de Santiago,DEL,Defensa y Justicia,True,14,3,1,True,0,False,1.5035666666666667,1.7800928571428571,3.5085000000000006,1.539189209873565,-0.4333,4.82,1.0,0.39382650025115434,1.0,0.85,2.115410476190476,1.7980989047619047,,,,,,,False,5.577128809735925,,,,,,,,,,,,,,,,,,,,,,,,,,,,,,,,,,,,,,,,,,,,,,,,,,,,,,,,,,,,,,,,,,,,,,,,,,,,,,,,,,,,,,,,,,,,,,,,,,,,,,,,,,,,,,,,,,,,,,,,,,,,,,,,,,,,,,,,,,,,,,,,,,,,,,,,,,,,,,,,,,,,,,,,,,,,,,,,,,,,,,,,,,,,,,,,
p_1JQZ6o,Matías Borgogno,t_1DVMAZ,Defensa y Justicia,ARQ,Central Córdoba de Santiago,False,9,3,3,True,3,True,10.71614,9.280322222222221,13.408900000000001,3.707586776050487,3.8207,13.4845,0.8424846125019906,0.21242306250995285,0.984248461250199,0.999,10.81500288888889,10.634005301853541,,,,,,,True,7.5205623530242764,,,,,,,,,,,,,,,,,,,,,,,,,,,,,,,,,,,,,,,,,,,,,,,,,,,,,,,,,,,,,,,,,,,,,,,,,,,,,,,,,,,,,,,,,,,,,,,,,,,,,,,,,,,,,,,,,,,,,,,,,,,,,,,,,,,,,,,,,,,,,,,,,,,,,,,,,,,,,,,,,,,,,,,,,,,,,,,,,,,,,,,,,,,,,,,,
p_3yWzng,Valentín Loza,t_1DVMAZ,Defensa y Justicia,DEF,Central Córdoba de Santiago,False,7,3,3,True,3,True,11.0504,8.972657142857143,15.29584,5.035114317423568,2.57,15.4303,0.7664727221635654,0.16569694415116015,0.9766472722163566,0.999,11.280662857142858,11.006211379612722,,,,,,,True,6.218483552578269,,,,,,,,,,,,,,,,,,,,,,,,,,,,,,,,,,,,,,,,,,,,,,,,,,,,,,,,,,,,,,,,,,,,,,,,,,,,,,,,,,,,,,,,,,,,,,,,,,,,,,,,,,,,,,,,,,,,,,,,,,,,,,,,,,,,,,,,,,,,,,,,,,,,,,,,,,,,,,,,,,,,,,,,,,,,,,,,,,,,,,,,,,,,,,,,
p_1Bugui,Damián Fernández,t_1DVMAZ,Defensa y Justicia,DEF,Central Córdoba de Santiago,False,21,3,3,True,3,True,12.789019999999999,8.990928571428574,12.5983,4.520022707149031,2.04,21.7119,1.0,0.18115867507300124,1.0,0.999,11.22210342857143,11.210881325142859,,,,,,,True,6.218483552578269,,,,,,,,,,,,,,,,,,,,,,,,,,,,,,,,,,,,,,,,,,,,,,,,,,,,,,,,,,,,,,,,,,,,,,,,,,,,,,,,,,,,,,,,,,,,,,,,,,,,,,,,,,,,,,,,,,,,,,,,,,,,,,,,,,,,,,,,,,,,,,,,,,,,,,,,,,,,,,,,,,,,,,,,,,,,,,,,,,,,,,,,,,,,,,,,
p_1CLF1j,David Martínez,t_1DVMAZ,Defensa y Justicia,DEF,Central Córdoba de Santiago,False,19,3,3,True,3,True,13.928779999999998,10.132368421052632,15.095899999999997,4.505007595511247,1.1376,17.9273,1.0,0.18165279205343776,1.0,0.999,12.701995368421052,12.689293373052632,,,,,,,True,6.218483552578269,,,,,,,,,,,,,,,,,,,,,,,,,,,,,,,,,,,,,,,,,,,,,,,,,,,,,,,,,,,,,,,,,,,,,,,,,,,,,,,,,,,,,,,,,,,,,,,,,,,,,,,,,,,,,,,,,,,,,,,,,,,,,,,,,,,,,,,,,,,,,,,,,,,,,,,,,,,,,,,,,,,,,,,,,,,,,,,,,,,,,,,,,,,,,,,,
p_2A29Ip,Fernando Román,t_1DVMAZ,Defensa y Justicia,DEF,Central Córdoba de Santiago,False,9,3,3,True,3,True,11.722626666666667,8.438155555555557,15.73228,6.115819597795358,0.566,17.2638,0.8281063898896432,0.14053194944821573,0.9828106389889644,0.999,11.411251555555555,11.20388433354639,,,,,,,True,6.218483552578269,,,,,,,,,,,,,,,,,,,,,,,,,,,,,,,,,,,,,,,,,,,,,,,,,,,,,,,,,,,,,,,,,,,,,,,,,,,,,,,,,,,,,,,,,,,,,,,,,,,,,,,,,,,,,,,,,,,,,,,,,,,,,,,,,,,,,,,,,,,,,,,,,,,,,,,,,,,,,,,,,,,,,,,,,,,,,,,,,,,,,,,,,,,,,,,,
p_4FS6tr,Santiago Sosa,t_1DVMAZ,Defensa y Justicia,VOL,Central Córdoba de Santiago,False,24,3,3,True,3,True,10.122320000000002,7.978208333333334,12.61862,3.80572159950922,1.6345,17.4567,1.0,0.20808529568215606,1.0,0.999,9.888750333333334,9.878861583,,,,,,,True,6.15386449878545,,,,,,,,,,,,,,,,,,,,,,,,,,,,,,,,,,,,,,,,,,,,,,,,,,,,,,,,,,,,,,,,,,,,,,,,,,,,,,,,,,,,,,,,,,,,,,,,,,,,,,,,,,,,,,,,,,,,,,,,,,,,,,,,,,,,,,,,,,,,,,,,,,,,,,,,,,,,,,,,,,,,,,,,,,,,,,,,,,,,,,,,,,,,,,,,
p_0pUbCv,César Pérez,t_1DVMAZ,Defensa y Justicia,VOL,Central Córdoba de Santiago,False,12,3,3,True,3,True,12.357166666666666,9.126874999999998,17.65809,6.0127309369559585,0.2516,19.0128,0.9285195598972766,0.14259779948638293,0.9928519559897278,0.999,12.390280833333332,12.289412846076395,,,,,,,True,6.15386449878545,,,,,,,,,,,,,,,,,,,,,,,,,,,,,,,,,,,,,,,,,,,,,,,,,,,,,,,,,,,,,,,,,,,,,,,,,,,,,,,,,,,,,,,,,,,,,,,,,,,,,,,,,,,,,,,,,,,,,,,,,,,,,,,,,,,,,,,,,,,,,,,,,,,,,,,,,,,,,,,,,,,,,,,,,,,,,,,,,,,,,,,,,,,,,,,,
p_22qheS,Jeremías Lucco,t_1DVMAZ,Defensa y Justicia,DEL,Central Córdoba de Santiago,False,5,3,3,True,1,False,8.054493333333333,6.6729199999999995,12.43654,5.8889539853865385,1.8471,16.7133,0.6956986503936966,0.14515991863514968,0.9695698650393697,0.999,8.597375666666666,8.327420608457937,,,,,,,True,5.577128809735925,,,,,,,,,,,,,,,,,,,,,,,,,,,,,,,,,,,,,,,,,,,,,,,,,,,,,,,,,,,,,,,,,,,,,,,,,,,,,,,,,,,,,,,,,,,,,,,,,,,,,,,,,,,,,,,,,,,,,,,,,,,,,,,,,,,,,,,,,,,,,,,,,,,,,,,,,,,,,,,,,,,,,,,,,,,,,,,,,,,,,,,,,,,,,,,,
p_2Wjg0N,David Barbona,t_1DVMAZ,Defensa y Justicia,VOL,Central Córdoba de Santiago,False,18,3,3,True,3,True,12.032626666666665,7.857005555555555,16.18194,6.679797488430162,0.7657,22.12,1.0,0.13021176684756716,1.0,0.999,11.399706555555555,11.388306849,,,,,,,True,6.15386449878545,,,,,,,,,,,,,,,,,,,,,,,,,,,,,,,,,,,,,,,,,,,,,,,,,,,,,,,,,,,,,,,,,,,,,,,,,,,,,,,,,,,,,,,,,,,,,,,,,,,,,,,,,,,,,,,,,,,,,,,,,,,,,,,,,,,,,,,,,,,,,,,,,,,,,,,,,,,,,,,,,,,,,,,,,,,,,,,,,,,,,,,,,,,,,,,,
p_3lcFKJ,Juan Gutiérrez,t_1DVMAZ,Defensa y Justicia,DEL,Central Córdoba de Santiago,False,25,3,3,True,3,True,11.28342,8.173876,16.3094,6.124021613509649,0.406,21.6373,1.0,0.14037015245765797,1.0,0.999,11.2960974,11.2848013026,,,,,,,True,5.577128809735925,,,,,,,,,,,,,,,,,,,,,,,,,,,,,,,,,,,,,,,,,,,,,,,,,,,,,,,,,,,,,,,,,,,,,,,,,,,,,,,,,,,,,,,,,,,,,,,,,,,,,,,,,,,,,,,,,,,,,,,,,,,,,,,,,,,,,,,,,,,,,,,,,,,,,,,,,,,,,,,,,,,,,,,,,,,,,,,,,,,,,,,,,,,,,,,,
p_4SyM9C,Leandro Fernández,t_1DVMAZ,Defensa y Justicia,DEL,Central Córdoba de Santiago,False,9,3,3,True,2,True,9.632200000000001,8.623,14.068620000000001,4.810630772570267,2.7289,16.1939,0.8344196710870225,0.17209835543511248,0.9834419671087022,0.999,10.337625000000001,10.156287810966866,,,,,,,True,5.577128809735925,,,,,,,,,,,,,,,,,,,,,,,,,,,,,,,,,,,,,,,,,,,,,,,,,,,,,,,,,,,,,,,,,,,,,,,,,,,,,,,,,,,,,,,,,,,,,,,,,,,,,,,,,,,,,,,,,,,,,,,,,,,,,,,,,,,,,,,,,,,,,,,,,,,,,,,,,,,,,,,,,,,,,,,,,,,,,,,,,,,,,,,,,,,,,,,,
p_1xgZEc,Ayrton Portillo,t_1DVMAZ,Defensa y Justicia,DEF,Central Córdoba de Santiago,False,16,3,3,True,0,False,4.155773333333333,6.129975,11.0725,4.865524345501385,-0.46,19.2631,1.0,0.17048774177656578,1.0,0.999,6.674635666666667,6.667961031000001,,,,,,,False,6.218483552578269,,,,,,,,,,,,,,,,,,,,,,,,,,,,,,,,,,,,,,,,,,,,,,,,,,,,,,,,,,,,,,,,,,,,,,,,,,,,,,,,,,,,,,,,,,,,,,,,,,,,,,,,,,,,,,,,,,,,,,,,,,,,,,,,,,,,,,,,,,,,,,,,,,,,,,,,,,,,,,,,,,,,,,,,,,,,,,,,,,,,,,,,,,,,,,,,
p_4CJWAD,Demián Domínguez,t_1DVMAZ,Defensa y Justicia,DEF,Central Córdoba de Santiago,False,1,3,3,True,0,False,7.36,7.36,7.36,0.0,7.36,7.36,0.7333333333333334,1.0,0.9733333333333334,0.999,7.36,7.1565696,,,,,,,False,6.218483552578269,,,,,,,,,,,,,,,,,,,,,,,,,,,,,,,,,,,,,,,,,,,,,,,,,,,,,,,,,,,,,,,,,,,,,,,,,,,,,,,,,,,,,,,,,,,,,,,,,,,,,,,,,,,,,,,,,,,,,,,,,,,,,,,,,,,,,,,,,,,,,,,,,,,,,,,,,,,,,,,,,,,,,,,,,,,,,,,,,,,,,,,,,,,,,,,,
p_24ceIP,Ezequiel Burdín,t_1DVMAZ,Defensa y Justicia,DEF,Central Córdoba de Santiago,False,3,3,3,True,0,False,3.570933333333333,3.2696333333333336,4.03846,0.9253139052955668,2.48,4.2878,0.7038791645611144,0.519395822805572,0.9703879164561114,0.999,3.5672949999999997,3.4581983024718697,,,,,,,False,6.218483552578269,,,,,,,,,,,,,,,,,,,,,,,,,,,,,,,,,,,,,,,,,,,,,,,,,,,,,,,,,,,,,,,,,,,,,,,,,,,,,,,,,,,,,,,,,,,,,,,,,,,,,,,,,,,,,,,,,,,,,,,,,,,,,,,,,,,,,,,,,,,,,,,,,,,,,,,,,,,,,,,,,,,,,,,,,,,,,,,,,,,,,,,,,,,,,,,,
p_0ZcWJC,Nazareno Roselli,t_1DVMAZ,Defensa y Justicia,DEF,Central Córdoba de Santiago,False,3,3,1,True,0,False,2.0177666666666667,1.9277666666666666,2.7611000000000003,1.0012658654589865,1.1011,3.0411,0.6999367467620952,0.499683733810476,0.9699936746762096,0.999,2.1676,2.100455730938924,,,,,,,False,6.218483552578269,,,,,,,,,,,,,,,,,,,,,,,,,,,,,,,,,,,,,,,,,,,,,,,,,,,,,,,,,,,,,,,,,,,,,,,,,,,,,,,,,,,,,,,,,,,,,,,,,,,,,,,,,,,,,,,,,,,,,,,,,,,,,,,,,,,,,,,,,,,,,,,,,,,,,,,,,,,,,,,,,,,,,,,,,,,,,,,,,,,,,,,,,,,,,,,,
p_2EGkZh,Domingo Blanco,t_1DVMAZ,Defensa y Justicia,VOL,Central Córdoba de Santiago,False,7,3,3,True,0,False,2.551553333333333,3.124685714285714,6.252380000000002,3.1603284842078105,-0.606,9.2978,0.7814064604335563,0.24036563550111478,0.9781406460433557,0.999,3.706012952380953,3.6213769015834623,,,,,,,False,6.15386449878545,,,,,,,,,,,,,,,,,,,,,,,,,,,,,,,,,,,,,,,,,,,,,,,,,,,,,,,,,,,,,,,,,,,,,,,,,,,,,,,,,,,,,,,,,,,,,,,,,,,,,,,,,,,,,,,,,,,,,,,,,,,,,,,,,,,,,,,,,,,,,,,,,,,,,,,,,,,,,,,,,,,,,,,,,,,,,,,,,,,,,,,,,,,,,,,,
p_3sHKHi,Julián López,t_1DVMAZ,Defensa y Justicia,VOL,Central Córdoba de Santiago,False,7,3,1,True,0,False,6.56056,5.1547857142857145,8.454,2.6778800759982833,2.53,9.84,0.78771248541749,0.2718957604207829,0.978771248541749,0.999,6.471610285714286,6.327891853344773,,,,,,,False,6.15386449878545,,,,,,,,,,,,,,,,,,,,,,,,,,,,,,,,,,,,,,,,,,,,,,,,,,,,,,,,,,,,,,,,,,,,,,,,,,,,,,,,,,,,,,,,,,,,,,,,,,,,,,,,,,,,,,,,,,,,,,,,,,,,,,,,,,,,,,,,,,,,,,,,,,,,,,,,,,,,,,,,,,,,,,,,,,,,,,,,,,,,,,,,,,,,,,,,
p_3Ul7eT,Maximiliano Porcel,t_1DVMAZ,Defensa y Justicia,VOL,Central Córdoba de Santiago,False,5,3,3,True,0,False,3.2079999999999997,2.8,4.704,1.8663868837944613,0.86,5.6,0.7364409184017444,0.34887125867538915,0.9736440918401744,0.999,3.4188,3.3253657267620054,,,,,,,False,6.15386449878545,,,,,,,,,,,,,,,,,,,,,,,,,,,,,,,,,,,,,,,,,,,,,,,,,,,,,,,,,,,,,,,,,,,,,,,,,,,,,,,,,,,,,,,,,,,,,,,,,,,,,,,,,,,,,,,,,,,,,,,,,,,,,,,,,,,,,,,,,,,,,,,,,,,,,,,,,,,,,,,,,,,,,,,,,,,,,,,,,,,,,,,,,,,,,,,,
p_1BSzUv,Thiago Martínez,t_1DVMAZ,Defensa y Justicia,VOL,Central Córdoba de Santiago,False,1,3,3,True,0,False,6.882,6.882,6.882,0.0,6.882,6.882,0.7333333333333334,1.0,0.9733333333333334,0.999,6.882,6.69178152,,,,,,,False,6.15386449878545,,,,,,,,,,,,,,,,,,,,,,,,,,,,,,,,,,,,,,,,,,,,,,,,,,,,,,,,,,,,,,,,,,,,,,,,,,,,,,,,,,,,,,,,,,,,,,,,,,,,,,,,,,,,,,,,,,,,,,,,,,,,,,,,,,,,,,,,,,,,,,,,,,,,,,,,,,,,,,,,,,,,,,,,,,,,,,,,,,,,,,,,,,,,,,,,
p_2a5j21,Agustín Hausch,t_1DVMAZ,Defensa y Justicia,DEF,Central Córdoba de Santiago,False,21,3,3,True,1,False,5.63516,4.999947619047619,9.6309,4.412889707959972,-1.9843,15.455,1.0,0.1847442039192931,1.0,0.999,6.380010047619048,6.373630037571429,,,,,,,False,6.218483552578269,,,,,,,,,,,,,,,,,,,,,,,,,,,,,,,,,,,,,,,,,,,,,,,,,,,,,,,,,,,,,,,,,,,,,,,,,,,,,,,,,,,,,,,,,,,,,,,,,,,,,,,,,,,,,,,,,,,,,,,,,,,,,,,,,,,,,,,,,,,,,,,,,,,,,,,,,,,,,,,,,,,,,,,,,,,,,,,,,,,,,,,,,,,,,,,,
p_2ZqXdL,Tiziano Perrotta,t_1DVMAZ,Defensa y Justicia,DEL,Central Córdoba de Santiago,False,4,3,3,True,2,True,4.84362,6.212524999999999,9.970460000000001,4.1239079899006805,2.6491,10.2779,0.6723660404768269,0.19516353571746778,0.9672366040476827,0.999,6.672892000000001,6.447811131859694,,,,,,,False,5.577128809735925,,,,,,,,,,,,,,,,,,,,,,,,,,,,,,,,,,,,,,,,,,,,,,,,,,,,,,,,,,,,,,,,,,,,,,,,,,,,,,,,,,,,,,,,,,,,,,,,,,,,,,,,,,,,,,,,,,,,,,,,,,,,,,,,,,,,,,,,,,,,,,,,,,,,,,,,,,,,,,,,,,,,,,,,,,,,,,,,,,,,,,,,,,,,,,,,
p_0EHXR1,Tomás Pérez,t_1DVMAZ,Defensa y Justicia,DEL,Central Córdoba de Santiago,False,5,3,3,True,0,False,2.5357599999999993,3.38414,7.14942,3.9082041205648403,0.01,10.0757,0.7074147682303367,0.2037405078183503,0.9707414768230337,0.999,4.0285269999999995,3.9067475911520635,,,,,,,False,5.577128809735925,,,,,,,,,,,,,,,,,,,,,,,,,,,,,,,,,,,,,,,,,,,,,,,,,,,,,,,,,,,,,,,,,,,,,,,,,,,,,,,,,,,,,,,,,,,,,,,,,,,,,,,,,,,,,,,,,,,,,,,,,,,,,,,,,,,,,,,,,,,,,,,,,,,,,,,,,,,,,,,,,,,,,,,,,,,,,,,,,,,,,,,,,,,,,,,,
