perfil,simulacion,puntos
SEGURO,1,145.35005905082056
SEGURO,2,146.80476644984662
SEGURO,3,148.82094361743086
SEGURO,4,141.73537908295097
SEGURO,5,133.57346789599268
SEGURO,6,146.399063850918
SEGURO,7,151.82918590822797
SEGURO,8,148.19525503070122
SEGURO,9,147.03801386286744
SEGURO,10,156.33931640377162
SEGURO,11,170.784328145017
SEGURO,12,149.4405856905341
SEGURO,13,159.08251840218233
SEGURO,14,147.67757295710194
SEGURO,15,146.00120868643822
SEGURO,16,164.62721981932935
SEGURO,17,150.70136675911763
SEGURO,18,137.39822802022456
SEGURO,19,151.86573581113373
SEGURO,20,142.62164529940185
SEGURO,21,143.50521676863204
SEGURO,22,163.60839875492334
SEGURO,23,144.54373318058907
SEGURO,24,162.10123997228615
SEGURO,25,159.1143803451811
SEGURO,26,139.68565439416523
SEGURO,27,176.20071614599493
SEGURO,28,161.33913786510428
SEGURO,29,157.39829696362813
SEGURO,30,163.72638905666304
SEGURO,31,141.80877026754825
SEGURO,32,143.7915024181504
SEGURO,33,169.49363590618924
SEGURO,34,158.3038151430596
SEGURO,35,162.69265631596602
SEGURO,36,136.240165417605
SEGURO,37,164.37117210678983
SEGURO,38,152.24596422911858
SEGURO,39,152.667888123957
SEGURO,40,159.61640754541781
SEGURO,41,144.88952509141248
SEGURO,42,160.1216882700966
SEGURO,43,164.92039877579555
SEGURO,44,167.41465608337444
SEGURO,45,145.53924303870642
SEGURO,46,130.00938472830094
SEGURO,47,149.33064981931753
SEGURO,48,161.30316967865122
SEGURO,49,148.71444950022553
SEGURO,50,151.5090728960296
SEGURO,51,158.01604227673022
SEGURO,52,145.24844070634472
SEGURO,53,155.7436330907349
SEGURO,54,174.01093463285608
SEGURO,55,147.16363554904788
SEGURO,56,140.0055125562435
SEGURO,57,152.8185357646475
SEGURO,58,141.4531641075713
SEGURO,59,147.71220907529482
SEGURO,60,157.88990256382874
SEGURO,61,151.3492583043986
SEGURO,62,147.27695054249025
SEGURO,63,156.85249452571196
SEGURO,64,149.41245088305965
SEGURO,65,152.44989503969802
SEGURO,66,152.605980315744
SEGURO,67,127.45440163289157
SEGURO,68,144.72327017783675
SEGURO,69,135.8518624173896
SEGURO,70,144.119546789392
SEGURO,71,136.2012677151196
SEGURO,72,131.69479069637356
SEGURO,73,157.98415013422348
SEGURO,74,159.40202645936682
SEGURO,75,149.73588708251384
SEGURO,76,149.48164989695434
SEGURO,77,152.07866193406667
SEGURO,78,144.50683291420185
SEGURO,79,143.26201217450773
SEGURO,80,162.16035223362297
SEGURO,81,149.59504561188731
SEGURO,82,142.86861729092956
SEGURO,83,143.66087280323978
SEGURO,84,172.9274377883732
SEGURO,85,162.40899557162948
SEGURO,86,154.36158496374628
SEGURO,87,166.0365566990764
SEGURO,88,154.96360002242275
SEGURO,89,153.21612153361556
SEGURO,90,156.1942780163995
SEGURO,91,154.05875537717998
SEGURO,92,151.35755765639098
SEGURO,93,147.54787771211267
SEGURO,94,146.7167551494525
SEGURO,95,155.20267104065755
SEGURO,96,152.0416186937436
SEGURO,97,168.5895642377571
SEGURO,98,154.42732394837026
SEGURO,99,145.94057557495967
SEGURO,100,159.31307808684463
SEGURO,101,140.24082268056904
SEGURO,102,139.93145442981483
SEGURO,103,157.242558233015
SEGURO,104,146.75791555540974
SEGURO,105,153.65782467561377
SEGURO,106,148.74193130145224
SEGURO,107,165.36976035999896
SEGURO,108,140.1201244534955
SEGURO,109,151.6441210912696
SEGURO,110,154.01269701574626
SEGURO,111,139.9049869541757
SEGURO,112,146.64402004893392
SEGURO,113,158.18932647793204
SEGURO,114,148.92080401270397
SEGURO,115,162.36722324533403
SEGURO,116,173.48896519356475
SEGURO,117,158.7010969605566
SEGURO,118,147.40069113927024
SEGURO,119,151.67969644266861
SEGURO,120,156.761707049118
SEGURO,121,149.98835929998168
SEGURO,122,155.96596704454038
SEGURO,123,138.88418943545543
SEGURO,124,163.2956708782254
SEGURO,125,168.27374656670548
SEGURO,126,151.9965918154254
SEGURO,127,143.51552084819508
SEGURO,128,146.18106658403104
SEGURO,129,137.05203758763582
SEGURO,130,152.5185337662434
SEGURO,131,142.89975779240075
SEGURO,132,156.95420478327992
SEGURO,133,139.54737401961515
SEGURO,134,156.07665303792749
SEGURO,135,143.5942684330758
SEGURO,136,151.64061425608898
SEGURO,137,153.88589518849216
SEGURO,138,141.44070254811086
SEGURO,139,154.9779344291108
SEGURO,140,139.19869104116418
SEGURO,141,162.40643677645951
SEGURO,142,143.44284128124636
SEGURO,143,158.13915168273175
SEGURO,144,162.06996207331832
SEGURO,145,160.60043602941596
SEGURO,146,143.84965720556144
SEGURO,147,162.00987656359592
SEGURO,148,147.0888635502882
SEGURO,149,155.98932810331414
SEGURO,150,167.7731852855419
SEGURO,151,152.99341260738595
SEGURO,152,149.55895076724778
SEGURO,153,141.6550293834276
SEGURO,154,157.25913673045903
SEGURO,155,155.36227616814247
SEGURO,156,140.31376205392826
SEGURO,157,162.02741920371443
SEGURO,158,162.026579045642
SEGURO,159,160.36316503135572
SEGURO,160,131.51415731915668
SEGURO,161,133.88607821417463
SEGURO,162,157.10327620822753
SEGURO,163,154.19680819601354
SEGURO,164,157.17826844108816
SEGURO,165,154.08613318667034
SEGURO,166,171.56734168421423
SEGURO,167,165.3321444894027
SEGURO,168,159.81448806036857
SEGURO,169,155.5869253441853
SEGURO,170,144.33643362977287
SEGURO,171,156.6290183880269
SEGURO,172,153.9594645535922
SEGURO,173,154.80129242170798
SEGURO,174,164.65548043265426
SEGURO,175,171.0450746538478
SEGURO,176,141.6767601343521
SEGURO,177,156.21446860132008
SEGURO,178,144.93463536128135
SEGURO,179,143.60216090905507
SEGURO,180,168.92168787136345
SEGURO,181,156.56540836424307
SEGURO,182,164.1651767219691
SEGURO,183,179.45664766513846
SEGURO,184,152.7972968257831
SEGURO,185,163.4609515628655
SEGURO,186,135.8985628243385
SEGURO,187,150.67397793986515
SEGURO,188,154.44516294982367
SEGURO,189,155.31696359340916
SEGURO,190,170.26107555438057
SEGURO,191,167.80111432232493
SEGURO,192,158.14357241588513
SEGURO,193,154.94046127950259
SEGURO,194,152.29879785438786
SEGURO,195,152.1384126187786
SEGURO,196,163.9479948170565
SEGURO,197,161.25616471735484
SEGURO,198,147.11283981887613
SEGURO,199,154.37437467708907
SEGURO,200,148.28865511652808
SEGURO,201,152.1897343958893
SEGURO,202,144.9415275582614
SEGURO,203,145.313844016279
SEGURO,204,156.89756597326274
SEGURO,205,172.38309680844594
SEGURO,206,144.83086669939945
SEGURO,207,154.51242192034468
SEGURO,208,163.0393793104238
SEGURO,209,136.861571091806
SEGURO,210,153.19737815767354
SEGURO,211,163.33659794373642
SEGURO,212,145.26740384446086
SEGURO,213,143.56877812690303
SEGURO,214,162.78687681196584
SEGURO,215,157.6644486364118
SEGURO,216,147.55958948660071
SEGURO,217,157.15346138862975
SEGURO,218,152.98813425158716
SEGURO,219,163.0089991777191
SEGURO,220,145.27568531248457
SEGURO,221,162.92654381583782
SEGURO,222,167.09558492706375
SEGURO,223,152.85889258496684
SEGURO,224,158.79090122657672
SEGURO,225,158.1029661326661
SEGURO,226,145.71793702720495
SEGURO,227,175.08402926905066
SEGURO,228,161.0417919022296
SEGURO,229,155.11462533762713
SEGURO,230,141.32094332919462
SEGURO,231,151.99992851808406
SEGURO,232,150.55719056262333
SEGURO,233,151.06039077710506
SEGURO,234,162.89432851171463
SEGURO,235,154.83044651014592
SEGURO,236,161.81236780968658
SEGURO,237,145.6923488255694
SEGURO,238,149.81318418846686
SEGURO,239,159.4796940603536
SEGURO,240,153.12288510107322
SEGURO,241,152.33908491316524
SEGURO,242,162.44722031551944
SEGURO,243,120.67680879085742
SEGURO,244,155.2385743613145
SEGURO,245,166.05406978924876
SEGURO,246,161.0528998137594
SEGURO,247,146.60540294514826
SEGURO,248,146.0160803647463
SEGURO,249,152.9210233024505
SEGURO,250,154.15341979379536
SEGURO,251,156.53236313104452
SEGURO,252,156.38559685329696
SEGURO,253,155.36252676721884
SEGURO,254,147.19368647496117
SEGURO,255,151.88967431416913
SEGURO,256,161.21643695497335
SEGURO,257,161.82378260409052
SEGURO,258,146.97179485488886
SEGURO,259,153.60947377737688
SEGURO,260,160.63013505319776
SEGURO,261,154.0157943559384
SEGURO,262,138.85408988828712
SEGURO,263,162.55218875426857
SEGURO,264,153.88533650941773
SEGURO,265,148.1818475475465
SEGURO,266,154.74632594591668
SEGURO,267,147.55447540427699
SEGURO,268,137.95763021121556
SEGURO,269,154.7120455655116
SEGURO,270,171.8332588335349
SEGURO,271,154.8588581187502
SEGURO,272,144.96686267399224
SEGURO,273,163.482002536574
SEGURO,274,146.57392697764078
SEGURO,275,162.96763122677018
SEGURO,276,141.63242584416292
SEGURO,277,159.047425223124
SEGURO,278,157.18784494383956
SEGURO,279,154.36197012106
SEGURO,280,165.00273235547655
SEGURO,281,122.12839703778992
SEGURO,282,149.60479334906933
SEGURO,283,160.33815315559397
SEGURO,284,146.00911785091412
SEGURO,285,152.23728644344646
SEGURO,286,163.70307314352834
SEGURO,287,154.5531015129867
SEGURO,288,171.16920733495868
SEGURO,289,155.64383842430016
SEGURO,290,156.46548136108325
SEGURO,291,148.91358186548064
SEGURO,292,136.08229949130572
SEGURO,293,136.0810660473555
SEGURO,294,169.40960440240667
SEGURO,295,143.7654988809897
SEGURO,296,139.27960286527045
SEGURO,297,145.42619757464598
SEGURO,298,156.2122132273638
SEGURO,299,163.08904754922307
SEGURO,300,144.8186860934012
SEGURO,301,149.10455931196597
SEGURO,302,156.5042922795242
SEGURO,303,151.67627892618953
SEGURO,304,156.78932250647517
SEGURO,305,153.52940226437096
SEGURO,306,140.032480563007
SEGURO,307,153.10115537008193
SEGURO,308,142.01872507140843
SEGURO,309,166.81050783301484
SEGURO,310,159.56026389383294
SEGURO,311,145.4691604009969
SEGURO,312,144.11680176920987
SEGURO,313,139.2473346793925
SEGURO,314,149.34057964168167
SEGURO,315,149.7316286480974
SEGURO,316,149.4830859803933
SEGURO,317,155.53373619918133
SEGURO,318,156.50958424832703
SEGURO,319,154.24977806893094
SEGURO,320,136.2013086482219
SEGURO,321,156.43170002596642
SEGURO,322,154.76654875476197
SEGURO,323,164.52023591302898
SEGURO,324,151.77858135948043
SEGURO,325,164.57100224588515
SEGURO,326,139.6493620005788
SEGURO,327,144.96681235796407
SEGURO,328,158.7794600286431
SEGURO,329,147.87316419306984
SEGURO,330,153.3206681493013
SEGURO,331,162.76333533290577
SEGURO,332,147.1875063724434
SEGURO,333,141.03421273009477
SEGURO,334,152.88206164821725
SEGURO,335,154.61703167135647
SEGURO,336,163.15131692907767
SEGURO,337,145.27978363593894
SEGURO,338,151.12592648262728
SEGURO,339,141.01716801245635
SEGURO,340,161.20260774326428
SEGURO,341,161.12720608592943
SEGURO,342,154.87930606248008
SEGURO,343,146.38600357054307
SEGURO,344,149.67056013390453
SEGURO,345,161.83341284752427
SEGURO,346,163.3526610622465
SEGURO,347,162.61772035445642
SEGURO,348,160.3299301610245
SEGURO,349,153.7379534594168
SEGURO,350,149.27794026716103
SEGURO,351,157.4225507508115
SEGURO,352,149.43612849334014
SEGURO,353,146.84687642459798
SEGURO,354,147.4721765450753
SEGURO,355,159.82810647536363
SEGURO,356,128.93665389623936
SEGURO,357,136.9313167808231
SEGURO,358,150.10061283737733
SEGURO,359,157.55850685110553
SEGURO,360,161.57222877782604
SEGURO,361,157.39585047387172
SEGURO,362,177.01668334599884
SEGURO,363,150.87794593203128
SEGURO,364,158.0059753551339
SEGURO,365,161.65669628362312
SEGURO,366,147.26004778479137
SEGURO,367,158.01321821787207
SEGURO,368,157.772039525944
SEGURO,369,158.4116963287679
SEGURO,370,154.6871698159783
SEGURO,371,146.45457631737366
SEGURO,372,151.71156449801035
SEGURO,373,141.15712121031464
SEGURO,374,154.7842814052611
SEGURO,375,144.70053936602622
SEGURO,376,153.93286385134653
SEGURO,377,130.28526264834483
SEGURO,378,166.34569803419765
SEGURO,379,170.07596587756504
SEGURO,380,151.95841803903215
SEGURO,381,151.8318856398032
SEGURO,382,137.62696083019028
SEGURO,383,144.98907906506003
SEGURO,384,137.0694989163336
SEGURO,385,156.25281504078183
SEGURO,386,146.69486580595287
SEGURO,387,141.0819477974489
SEGURO,388,140.5396382765869
SEGURO,389,143.7610469630558
SEGURO,390,131.5512498360821
SEGURO,391,154.93643824386604
SEGURO,392,146.97731761113138
SEGURO,393,165.65737650659983
SEGURO,394,152.92728993497352
SEGURO,395,148.5477062870957
SEGURO,396,164.78957911982377
SEGURO,397,142.16561326399952
SEGURO,398,158.49158111236025
SEGURO,399,154.876908764344
SEGURO,400,160.9454846179053
SEGURO,401,162.91936018178882
SEGURO,402,151.79866205505638
SEGURO,403,143.22170598309987
SEGURO,404,155.77002956120006
SEGURO,405,158.08620287894362
SEGURO,406,142.33170564349922
SEGURO,407,148.69585377283357
SEGURO,408,142.86367315222913
SEGURO,409,157.20344520853826
SEGURO,410,160.3551572134551
SEGURO,411,141.83934562305444
SEGURO,412,146.65211186527722
SEGURO,413,143.1975171410863
SEGURO,414,146.02160634593605
SEGURO,415,142.795837564195
SEGURO,416,161.93151903305085
SEGURO,417,172.60415870731836
SEGURO,418,141.7561743521673
SEGURO,419,162.07960107136878
SEGURO,420,158.9505573394164
SEGURO,421,158.35298061719243
SEGURO,422,141.41297219165764
SEGURO,423,161.32186159813315
SEGURO,424,159.52047860400694
SEGURO,425,143.03884301477007
SEGURO,426,149.23507577439685
SEGURO,427,151.76189720899336
SEGURO,428,168.5029076455081
SEGURO,429,144.30244391570648
SEGURO,430,158.53838020631537
SEGURO,431,149.86553732087347
SEGURO,432,156.18584294417528
SEGURO,433,157.50020574725755
SEGURO,434,135.66344190006484
SEGURO,435,162.64235801340155
SEGURO,436,154.3884780815738
SEGURO,437,158.07268326663566
SEGURO,438,140.42693151261685
SEGURO,439,157.33126225591752
SEGURO,440,172.39460137917717
SEGURO,441,144.7978056094478
SEGURO,442,151.62883188435376
SEGURO,443,152.36810664946637
SEGURO,444,143.77619963019848
SEGURO,445,155.2842269051773
SEGURO,446,131.10822603275366
SEGURO,447,162.5761440013703
SEGURO,448,162.51459591670252
SEGURO,449,165.02869099852484
SEGURO,450,151.0836622880481
SEGURO,451,145.39435930493502
SEGURO,452,161.0859752717827
SEGURO,453,154.46813398680268
SEGURO,454,146.16890834099596
SEGURO,455,151.61054634972385
SEGURO,456,155.08630261958518
SEGURO,457,168.89005252981326
SEGURO,458,167.76235639223526
SEGURO,459,168.69357696624664
SEGURO,460,149.4740242995974
SEGURO,461,149.55939601161003
SEGURO,462,160.4670510656988
SEGURO,463,161.31791570716348
SEGURO,464,165.59172598140722
SEGURO,465,137.56211650653856
SEGURO,466,150.5112357368518
SEGURO,467,151.93347521087026
SEGURO,468,147.52833477117497
SEGURO,469,161.27797545890843
SEGURO,470,150.00106351951788
SEGURO,471,155.87844096396265
SEGURO,472,175.9168503701835
SEGURO,473,163.3916405404323
SEGURO,474,147.9316036057194
SEGURO,475,153.26364571195018
SEGURO,476,142.5087679068198
SEGURO,477,154.78863517096593
SEGURO,478,146.37923966284967
SEGURO,479,131.41659376203413
SEGURO,480,141.86129641632067
SEGURO,481,150.96079390018224
SEGURO,482,127.82518991449484
SEGURO,483,163.75628876846977
SEGURO,484,155.66309929142682
SEGURO,485,162.5808122395513
SEGURO,486,159.73188405849146
SEGURO,487,135.01628562325513
SEGURO,488,166.4621253311397
SEGURO,489,155.37562051483346
SEGURO,490,153.61855714217168
SEGURO,491,153.18720562496475
SEGURO,492,133.68541039526153
SEGURO,493,132.70141353860424
SEGURO,494,170.43908332675477
SEGURO,495,153.89697625388234
SEGURO,496,152.58042593997553
SEGURO,497,154.93066713148485
SEGURO,498,160.5229936631992
SEGURO,499,142.95582755989813
SEGURO,500,157.26376677302596
SEGURO,501,144.32562251040838
SEGURO,502,155.39407348376037
SEGURO,503,146.49307694758002
SEGURO,504,164.8246482952745
SEGURO,505,174.82374108453598
SEGURO,506,158.5071608620851
SEGURO,507,147.1536526486067
SEGURO,508,148.2249948837409
SEGURO,509,159.12365074088794
SEGURO,510,141.0314838844266
SEGURO,511,173.6030748829274
SEGURO,512,140.26060318508425
SEGURO,513,145.94977190642652
SEGURO,514,152.64054062493904
SEGURO,515,144.88933854793763
SEGURO,516,151.08361347368967
SEGURO,517,152.63349018222766
SEGURO,518,159.80856045083047
SEGURO,519,156.15828636038918
SEGURO,520,158.63548073890718
SEGURO,521,149.46768604176998
SEGURO,522,142.38065153289205
SEGURO,523,156.5407642937614
SEGURO,524,156.03012218939247
SEGURO,525,137.88429851555034
SEGURO,526,140.1007072608666
SEGURO,527,151.2335817734298
SEGURO,528,155.96417536775652
SEGURO,529,151.03989707685452
SEGURO,530,152.46369133703055
SEGURO,531,139.7564865585274
SEGURO,532,134.0614035717511
SEGURO,533,161.3476676440063
SEGURO,534,145.01535868614917
SEGURO,535,156.6179716642692
SEGURO,536,162.86841040244178
SEGURO,537,154.83788357482254
SEGURO,538,149.31170139838372
SEGURO,539,159.57781020834727
SEGURO,540,159.09115883555523
SEGURO,541,153.71725910223407
SEGURO,542,141.10026627587877
SEGURO,543,161.47837048079316
SEGURO,544,160.71793784779103
SEGURO,545,135.70605359920916
SEGURO,546,160.81833102202398
SEGURO,547,160.19956247310935
SEGURO,548,144.97111293021356
SEGURO,549,155.67661504732413
SEGURO,550,149.55642977973338
SEGURO,551,154.96061197106616
SEGURO,552,146.17169910779447
SEGURO,553,168.9145001100518
SEGURO,554,180.80139390182998
SEGURO,555,132.10747241942917
SEGURO,556,154.3077727668692
SEGURO,557,138.4909264779503
SEGURO,558,170.23179333586103
SEGURO,559,149.6227077094244
SEGURO,560,154.04711625477137
SEGURO,561,157.85904280484954
SEGURO,562,138.46671678261416
SEGURO,563,157.49076430369186
SEGURO,564,169.43039292798716
SEGURO,565,149.93548447651875
SEGURO,566,156.54676365467503
SEGURO,567,168.23313119256667
SEGURO,568,165.70730108133938
SEGURO,569,155.3347348137713
SEGURO,570,141.7207588769859
SEGURO,571,148.08636207051572
SEGURO,572,148.0836863095895
SEGURO,573,152.08612435907384
SEGURO,574,146.21060878727278
SEGURO,575,141.91064180985344
SEGURO,576,153.36979971568815
SEGURO,577,160.78645170924742
SEGURO,578,155.24729475264476
SEGURO,579,154.01658527210776
SEGURO,580,151.91031602743456
SEGURO,581,136.53142096309395
SEGURO,582,156.50297749964125
SEGURO,583,147.97769273894116
SEGURO,584,173.5117483275838
SEGURO,585,166.00530978276493
SEGURO,586,142.64931726751436
SEGURO,587,158.07181318966627
SEGURO,588,130.4061015065976
SEGURO,589,131.31088197977832
SEGURO,590,177.89303156044363
SEGURO,591,152.46735158700574
SEGURO,592,172.06909909618233
SEGURO,593,154.05907648788238
SEGURO,594,161.6375243887833
SEGURO,595,138.30655136053713
SEGURO,596,153.79903675940784
SEGURO,597,149.8278950511265
SEGURO,598,153.99738013953174
SEGURO,599,135.3626438923003
SEGURO,600,159.610211975487
SEGURO,601,149.07045133784013
SEGURO,602,156.8987579276535
SEGURO,603,157.37294600657506
SEGURO,604,151.9755969325665
SEGURO,605,147.52634634497167
SEGURO,606,156.475310671446
SEGURO,607,161.70750914073756
SEGURO,608,161.8108012605679
SEGURO,609,164.4578153457885
SEGURO,610,153.95757530106562
SEGURO,611,150.49773724267814
SEGURO,612,142.61073654765528
SEGURO,613,147.35512478887125
SEGURO,614,160.17973211554772
SEGURO,615,157.52325816149877
SEGURO,616,165.96472594397684
SEGURO,617,153.59389815186887
SEGURO,618,159.44111246319213
SEGURO,619,138.97860416439443
SEGURO,620,149.76650110687973
SEGURO,621,148.6633307124218
SEGURO,622,167.98938711641335
SEGURO,623,148.1971010118206
SEGURO,624,147.10879027566747
SEGURO,625,143.8949175389897
SEGURO,626,144.46936040108935
SEGURO,627,146.55810664855832
SEGURO,628,156.85068672737208
SEGURO,629,158.34913821388147
SEGURO,630,135.83626516936826
SEGURO,631,150.04850590400136
SEGURO,632,165.94109164951362
SEGURO,633,159.72917668211682
SEGURO,634,138.87294700403115
SEGURO,635,138.1576596108592
SEGURO,636,137.02390587282062
SEGURO,637,144.98161396808248
SEGURO,638,154.73472318704665
SEGURO,639,169.62420674130448
SEGURO,640,148.79999538349725
SEGURO,641,161.12589147599672
SEGURO,642,177.07413537348904
SEGURO,643,150.18622917575328
SEGURO,644,152.86465086762993
SEGURO,645,153.40647348940698
SEGURO,646,149.7685683396983
SEGURO,647,155.9983289846549
SEGURO,648,167.91889398259235
SEGURO,649,152.20341843628427
SEGURO,650,152.3576402013539
SEGURO,651,142.9707507062349
SEGURO,652,156.8232773721455
SEGURO,653,143.28246974886045
SEGURO,654,153.9909313532858
SEGURO,655,160.2373124074303
SEGURO,656,162.44867161933826
SEGURO,657,149.8115619922062
SEGURO,658,150.80339781262137
SEGURO,659,167.70848977300778
SEGURO,660,163.7152516444599
SEGURO,661,151.4168224809405
SEGURO,662,155.13685040086386
SEGURO,663,157.08778487330179
SEGURO,664,160.82717535371472
SEGURO,665,157.65006580606962
SEGURO,666,158.16864434144264
SEGURO,667,136.21731428857424
SEGURO,668,151.9608178676347
SEGURO,669,156.7214528139489
SEGURO,670,154.99748382341448
SEGURO,671,160.2073369306461
SEGURO,672,160.7590511781445
SEGURO,673,141.43956983396708
SEGURO,674,159.19102135382587
SEGURO,675,153.02086238314965
SEGURO,676,173.22699332343117
SEGURO,677,159.38680967385812
SEGURO,678,157.63311994308975
SEGURO,679,150.03152725165208
SEGURO,680,158.40319215791882
SEGURO,681,145.08336793038632
SEGURO,682,150.93774366241655
SEGURO,683,150.78310596497272
SEGURO,684,131.34341806840783
SEGURO,685,151.64448981011228
SEGURO,686,155.34841435560205
SEGURO,687,154.497928359689
SEGURO,688,156.95493395030624
SEGURO,689,137.21100153369056
SEGURO,690,167.95001392786912
SEGURO,691,150.18655641826575
SEGURO,692,174.5433930862793
SEGURO,693,154.27128696830744
SEGURO,694,146.533448511132
SEGURO,695,149.8577269627237
SEGURO,696,155.27190711257313
SEGURO,697,146.73606291038294
SEGURO,698,165.20299630403233
SEGURO,699,139.01149750695834
SEGURO,700,165.3782454397216
SEGURO,701,142.38474943595327
SEGURO,702,143.98195615448768
SEGURO,703,150.22996196180836
SEGURO,704,170.8060929930099
SEGURO,705,140.68160035088925
SEGURO,706,137.4773594460867
SEGURO,707,143.09891587827707
SEGURO,708,170.98439167581947
SEGURO,709,153.17634029700338
SEGURO,710,157.5183217371516
SEGURO,711,151.61984582380862
SEGURO,712,153.63787636674328
SEGURO,713,147.9572889321536
SEGURO,714,136.64983777341533
SEGURO,715,172.56381115109443
SEGURO,716,173.0072157707003
SEGURO,717,139.25681428494912
SEGURO,718,153.73042963197878
SEGURO,719,148.88537937943255
SEGURO,720,154.78129921453746
SEGURO,721,163.36895560587058
SEGURO,722,156.4816775542682
SEGURO,723,140.94464192380016
SEGURO,724,154.49128339559687
SEGURO,725,175.93223430374903
SEGURO,726,145.63936288579978
SEGURO,727,164.0635854205795
SEGURO,728,148.92945841258833
SEGURO,729,138.9912335662339
SEGURO,730,158.4648009524913
SEGURO,731,149.5419913139128
SEGURO,732,157.6190570840204
SEGURO,733,158.7604233439419
SEGURO,734,170.4167068680731
SEGURO,735,148.10866735715464
SEGURO,736,168.86094698643134
SEGURO,737,159.71631247184308
SEGURO,738,158.22235817138048
SEGURO,739,152.0047692663995
SEGURO,740,155.91566441800256
SEGURO,741,145.4523949542425
SEGURO,742,160.04329044279606
SEGURO,743,153.35591633919395
SEGURO,744,147.90380057023077
SEGURO,745,159.11695234974957
SEGURO,746,130.85913047891626
SEGURO,747,161.2446273258098
SEGURO,748,142.97946948197378
SEGURO,749,151.7924253872375
SEGURO,750,148.39384264979134
SEGURO,751,151.96708879549004
SEGURO,752,155.80899191642732
SEGURO,753,163.9269552069947
SEGURO,754,134.65417384308205
SEGURO,755,148.97425253062084
SEGURO,756,133.93971569569686
SEGURO,757,156.34358537356894
SEGURO,758,152.708633310177
SEGURO,759,149.7440369809285
SEGURO,760,172.41752152470852
SEGURO,761,166.82974307542554
SEGURO,762,143.91335544971216
SEGURO,763,139.24017476243785
SEGURO,764,147.28051775128606
SEGURO,765,145.70293723997764
SEGURO,766,169.3889257994461
SEGURO,767,148.89714588301376
SEGURO,768,165.02617630793043
SEGURO,769,146.27069546718135
SEGURO,770,140.96244074978102
SEGURO,771,152.43288522286446
SEGURO,772,162.47725930227486
SEGURO,773,126.25183524126044
SEGURO,774,151.29893335499796
SEGURO,775,141.87240805976455
SEGURO,776,169.5517593968765
SEGURO,777,151.5195950746003
SEGURO,778,163.8678528192091
SEGURO,779,134.21538543875198
SEGURO,780,140.04815801253136
SEGURO,781,152.25783443166517
SEGURO,782,141.07475132701592
SEGURO,783,155.84910831841313
SEGURO,784,155.1400707777874
SEGURO,785,148.5977161431135
SEGURO,786,142.88346670400247
SEGURO,787,137.4576426409609
SEGURO,788,150.49445499193348
SEGURO,789,155.3065227862526
SEGURO,790,160.91146177117804
SEGURO,791,167.27056134772695
SEGURO,792,151.50445900703653
SEGURO,793,167.24924749283616
SEGURO,794,152.97322757885127
SEGURO,795,166.5934486124826
SEGURO,796,164.19286694281288
SEGURO,797,166.48113947373173
SEGURO,798,149.36673132374472
SEGURO,799,175.22332406816767
SEGURO,800,166.15530912913067
SEGURO,801,155.16632554177875
SEGURO,802,159.68969927005588
SEGURO,803,154.0777460671427
SEGURO,804,143.98603915088734
SEGURO,805,135.74049046803896
SEGURO,806,160.99914288745055
SEGURO,807,131.86906785004578
SEGURO,808,163.65527786867116
SEGURO,809,147.83402890488088
SEGURO,810,152.55653147888626
SEGURO,811,164.5880395268547
SEGURO,812,157.9810840195897
SEGURO,813,163.10457734893617
SEGURO,814,165.57757793750267
SEGURO,815,163.9695553774504
SEGURO,816,140.2144695356743
SEGURO,817,154.2710347852222
SEGURO,818,143.46314005190837
SEGURO,819,159.4477640599
SEGURO,820,140.6252932224825
SEGURO,821,147.58199859248458
SEGURO,822,147.10478304465676
SEGURO,823,162.0071461368292
SEGURO,824,159.19955574124398
SEGURO,825,153.1819272083311
SEGURO,826,140.8539013557672
SEGURO,827,150.67603407228913
SEGURO,828,148.21547962008074
SEGURO,829,158.07235343505033
SEGURO,830,165.32282857567392
SEGURO,831,155.56441048592376
SEGURO,832,140.98487930249848
SEGURO,833,149.7442293129616
SEGURO,834,151.4350183570648
SEGURO,835,155.8561390666839
SEGURO,836,132.72224277281333
SEGURO,837,145.70063719690904
SEGURO,838,153.86782707345336
SEGURO,839,153.9536099429387
SEGURO,840,154.37036645872823
SEGURO,841,151.37926250676685
SEGURO,842,177.6685039151308
SEGURO,843,163.23320681759188
SEGURO,844,150.1178041090524
SEGURO,845,146.5518974603906
SEGURO,846,155.09934295117085
SEGURO,847,152.9699375953271
SEGURO,848,143.83917746133815
SEGURO,849,150.30999350223965
SEGURO,850,145.65266473674907
SEGURO,851,151.39844785710986
SEGURO,852,154.54602219315032
SEGURO,853,159.55583034377753
SEGURO,854,157.33410319987803
SEGURO,855,148.83379735961213
SEGURO,856,172.04570885888208
SEGURO,857,156.13430427248946
SEGURO,858,163.5727882516697
SEGURO,859,173.96804869759728
SEGURO,860,167.49915796141647
SEGURO,861,154.1437833521507
SEGURO,862,134.57654290624427
SEGURO,863,157.52690837564944
SEGURO,864,150.3885285371336
SEGURO,865,152.11871338840052
SEGURO,866,159.27329209441731
SEGURO,867,156.26991811916744
SEGURO,868,152.04081668291377
SEGURO,869,152.3054673912402
SEGURO,870,136.83091455777364
SEGURO,871,141.71474175317397
SEGURO,872,166.4188802883318
SEGURO,873,142.5437424562651
SEGURO,874,161.03602313523982
SEGURO,875,156.65544883682293
SEGURO,876,158.6566219011159
SEGURO,877,139.50247747413962
SEGURO,878,144.53778038774539
SEGURO,879,161.0472856582179
SEGURO,880,155.76059290069006
SEGURO,881,137.4513071817995
SEGURO,882,161.01798336625114
SEGURO,883,167.2491569576323
SEGURO,884,173.6205892021261
SEGURO,885,163.20995436920114
SEGURO,886,159.0297784186373
SEGURO,887,157.79007681500377
SEGURO,888,154.09698380182905
SEGURO,889,152.4929772259026
SEGURO,890,144.77887228951934
SEGURO,891,162.27350267002777
SEGURO,892,147.58432968701547
SEGURO,893,142.78364929048143
SEGURO,894,160.19620912390056
SEGURO,895,152.7478566885145
SEGURO,896,154.09977848714365
SEGURO,897,142.2880379127541
SEGURO,898,150.92534269124874
SEGURO,899,149.78945175819703
SEGURO,900,160.0508127937767
SEGURO,901,133.2038719194225
SEGURO,902,145.89835229295244
SEGURO,903,163.6688790018817
SEGURO,904,157.2320378793649
SEGURO,905,142.85006608187547
SEGURO,906,150.2713079760185
SEGURO,907,149.91450074879896
SEGURO,908,143.48523152803568
SEGURO,909,151.70119275477091
SEGURO,910,158.87627525838894
SEGURO,911,141.8950860758151
SEGURO,912,160.10649291163668
SEGURO,913,158.32850995636448
SEGURO,914,158.4975989729633
SEGURO,915,160.72572124073287
SEGURO,916,154.63154566358872
SEGURO,917,150.1077683264181
SEGURO,918,148.05964312207433
SEGURO,919,154.45432891062748
SEGURO,920,160.28377954319245
SEGURO,921,129.90020132971756
SEGURO,922,157.34162560424792
SEGURO,923,158.5810669211404
SEGURO,924,149.63593578395108
SEGURO,925,143.34994725847068
SEGURO,926,162.3689296791328
SEGURO,927,161.13998857623156
SEGURO,928,157.21330238305956
SEGURO,929,161.15133211350144
SEGURO,930,143.84293911378955
SEGURO,931,143.16019928564688
SEGURO,932,177.77669855954647
SEGURO,933,159.39716359543831
SEGURO,934,145.11583462734689
SEGURO,935,143.7788071027158
SEGURO,936,168.72951414909338
SEGURO,937,160.64038361583866
SEGURO,938,148.3171057767933
SEGURO,939,157.97446162814603
SEGURO,940,151.27614252209077
SEGURO,941,144.8626023092412
SEGURO,942,146.52400789375037
SEGURO,943,154.51331154359582
SEGURO,944,154.45689807347182
SEGURO,945,164.99209857300403
SEGURO,946,151.076592765556
SEGURO,947,137.0136332715112
SEGURO,948,152.13852161185227
SEGURO,949,149.45159427784264
SEGURO,950,144.41870345189656
SEGURO,951,162.2449779082505
SEGURO,952,150.8882151328148
SEGURO,953,142.23910716900548
SEGURO,954,146.1161092808554
SEGURO,955,147.1754311504706
SEGURO,956,139.3393026903217
SEGURO,957,151.47460561494063
SEGURO,958,140.71292117285256
SEGURO,959,137.6807590354508
SEGURO,960,144.15678334024895
SEGURO,961,146.2721795967986
SEGURO,962,164.22712787528317
SEGURO,963,125.67261307982861
SEGURO,964,150.20250010186982
SEGURO,965,148.9081671994605
SEGURO,966,162.14586103997445
SEGURO,967,160.0779006640339
SEGURO,968,155.4559644566824
SEGURO,969,152.22075713948203
SEGURO,970,146.205094891042
SEGURO,971,150.13480012911782
SEGURO,972,145.24175741183168
SEGURO,973,139.46520828827698
SEGURO,974,161.01175774530168
SEGURO,975,141.027801755858
SEGURO,976,150.776909406638
SEGURO,977,146.2768338470747
SEGURO,978,153.88160089043578
SEGURO,979,147.6367434126097
SEGURO,980,167.66582554817506
SEGURO,981,164.91576355270269
SEGURO,982,161.86443462509618
SEGURO,983,159.70968442443424
SEGURO,984,164.00386459286233
SEGURO,985,152.2335517106346
SEGURO,986,148.31362459412617
SEGURO,987,145.90851066038707
SEGURO,988,141.59651541825875
SEGURO,989,159.7417055774705
SEGURO,990,142.64124087343282
SEGURO,991,154.02675517534766
SEGURO,992,156.18493258031805
SEGURO,993,154.8666163341057
SEGURO,994,141.32043027371458
SEGURO,995,145.7726785731908
SEGURO,996,142.103273467094
SEGURO,997,148.79104065839988
SEGURO,998,157.13113967944543
SEGURO,999,161.50992998465057
SEGURO,1000,137.62374712632402
SEGURO,1001,155.76592503099383
SEGURO,1002,138.95451557042765
SEGURO,1003,146.87131772841514
SEGURO,1004,158.9085361102691
SEGURO,1005,156.02418631249995
SEGURO,1006,137.2089531375214
SEGURO,1007,146.72737368351608
SEGURO,1008,158.12480293067722
SEGURO,1009,135.66730172432128
SEGURO,1010,151.24167056424668
SEGURO,1011,172.42116180862286
SEGURO,1012,158.7979610040195
SEGURO,1013,175.28927386590652
SEGURO,1014,156.78557993207176
SEGURO,1015,140.88762270396063
SEGURO,1016,151.06343400051134
SEGURO,1017,147.2490129134625
SEGURO,1018,144.22421303033343
SEGURO,1019,159.1906022344159
SEGURO,1020,166.2678778444493
SEGURO,1021,155.4772845621845
SEGURO,1022,139.41233368519948
SEGURO,1023,157.993691501131
SEGURO,1024,153.90945320689178
SEGURO,1025,153.3028621413818
SEGURO,1026,166.74907176708206
SEGURO,1027,150.67784618543325
SEGURO,1028,153.08203166180786
SEGURO,1029,171.53637862582337
SEGURO,1030,151.21408158915756
SEGURO,1031,160.98042301478895
SEGURO,1032,167.4998611559496
SEGURO,1033,164.12480978315762
SEGURO,1034,159.97243521184413
SEGURO,1035,157.7635435174662
SEGURO,1036,137.18469221549864
SEGURO,1037,141.82472122573859
SEGURO,1038,139.31986066948627
SEGURO,1039,158.75259415941832
SEGURO,1040,137.35108183176476
SEGURO,1041,156.40123065478423
SEGURO,1042,154.35236310812684
SEGURO,1043,145.1227619413218
SEGURO,1044,142.24079454741099
SEGURO,1045,142.7303723990935
SEGURO,1046,145.34553681813938
SEGURO,1047,156.11809846768094
SEGURO,1048,156.79697729868394
SEGURO,1049,146.86713338412792
SEGURO,1050,149.7512631994038
SEGURO,1051,131.2118103390588
SEGURO,1052,148.90814279691958
SEGURO,1053,148.94608071371917
SEGURO,1054,135.67522859711428
SEGURO,1055,150.18520018779606
SEGURO,1056,144.28982149024947
SEGURO,1057,161.03208671821596
SEGURO,1058,158.0585682591935
SEGURO,1059,155.85826291502212
SEGURO,1060,152.77971559875115
SEGURO,1061,142.67809881422923
SEGURO,1062,172.13990404904658
SEGURO,1063,167.22283790704336
SEGURO,1064,169.7084494560201
SEGURO,1065,157.92580735229774
SEGURO,1066,168.77862629481226
SEGURO,1067,157.34463045277266
SEGURO,1068,148.05746281686592
SEGURO,1069,155.61769343193984
SEGURO,1070,161.0307549762973
SEGURO,1071,137.91313348118115
SEGURO,1072,166.58103424623363
SEGURO,1073,162.75940744322247
SEGURO,1074,152.02941105488472
SEGURO,1075,155.8884659417866
SEGURO,1076,154.74902735856986
SEGURO,1077,157.90122621643235
SEGURO,1078,163.0100655019565
SEGURO,1079,166.3971682952062
SEGURO,1080,155.9948244611843
SEGURO,1081,154.32541275554587
SEGURO,1082,157.93382626519562
SEGURO,1083,164.02892226692595
SEGURO,1084,153.80900434985412
SEGURO,1085,151.63806719681173
SEGURO,1086,171.90321390478226
SEGURO,1087,150.44300533797067
SEGURO,1088,149.03874400550694
SEGURO,1089,145.94489478646472
SEGURO,1090,161.7326404472767
SEGURO,1091,148.25058097086293
SEGURO,1092,147.30097708398557
SEGURO,1093,146.85988639577675
SEGURO,1094,149.00311385358887
SEGURO,1095,147.01656709912461
SEGURO,1096,155.6816397587698
SEGURO,1097,164.51575570000307
SEGURO,1098,182.6288799649504
SEGURO,1099,159.18525603534775
SEGURO,1100,168.9640905871369
SEGURO,1101,141.74683413971508
SEGURO,1102,150.12940238746427
SEGURO,1103,138.29573126426766
SEGURO,1104,173.56088534393683
SEGURO,1105,143.17911165083356
SEGURO,1106,131.47030112439882
SEGURO,1107,149.16070126736727
SEGURO,1108,152.00560986656942
SEGURO,1109,155.71444721694743
SEGURO,1110,159.70757524174564
SEGURO,1111,156.5866438381093
SEGURO,1112,138.45817283368314
SEGURO,1113,163.64254627780954
SEGURO,1114,138.1258561153888
SEGURO,1115,166.4489805582978
SEGURO,1116,149.82873849758445
SEGURO,1117,153.31193808819052
SEGURO,1118,141.65637679232464
SEGURO,1119,156.08256847245912
SEGURO,1120,158.48022533075348
SEGURO,1121,147.77829794482062
SEGURO,1122,146.218179200594
SEGURO,1123,145.8724633957512
SEGURO,1124,153.69836845437266
SEGURO,1125,153.71458436581491
SEGURO,1126,142.99653755448952
SEGURO,1127,147.80444619326155
SEGURO,1128,154.4290441954149
SEGURO,1129,143.0911588016562
SEGURO,1130,165.76634428828214
SEGURO,1131,158.23004518965206
SEGURO,1132,166.88461620688153
SEGURO,1133,149.72236998904427
SEGURO,1134,150.34081814924764
SEGURO,1135,152.45936561433885
SEGURO,1136,156.88026665822122
SEGURO,1137,156.96039560250358
SEGURO,1138,158.68294015254875
SEGURO,1139,156.79902465472134
SEGURO,1140,145.13763994932987
SEGURO,1141,162.68802446434844
SEGURO,1142,136.36263156069668
SEGURO,1143,164.58447500004698
SEGURO,1144,149.06656399818152
SEGURO,1145,152.4537561355566
SEGURO,1146,176.379479868823
SEGURO,1147,142.85891070379628
SEGURO,1148,139.47999909817239
SEGURO,1149,160.67280692317942
SEGURO,1150,159.85414902119928
SEGURO,1151,142.1862915058078
SEGURO,1152,146.25120064360422
SEGURO,1153,168.7800997079302
SEGURO,1154,140.06948424206752
SEGURO,1155,169.43401494630234
SEGURO,1156,152.6967457452167
SEGURO,1157,156.62820594728316
SEGURO,1158,156.81624026411828
SEGURO,1159,163.79140622103586
SEGURO,1160,150.6672862544345
SEGURO,1161,155.96842661021708
SEGURO,1162,160.1454807008845
SEGURO,1163,138.96204773774116
SEGURO,1164,159.33464758158564
SEGURO,1165,165.76990617164205
SEGURO,1166,146.76193731921364
SEGURO,1167,135.5047717203677
SEGURO,1168,143.1612656239245
SEGURO,1169,135.0711446110679
SEGURO,1170,143.31535093842683
SEGURO,1171,146.0644800965324
SEGURO,1172,148.38235020579108
SEGURO,1173,166.10231756275917
SEGURO,1174,151.9460574472676
SEGURO,1175,167.1949431954001
SEGURO,1176,152.67725783696397
SEGURO,1177,137.52455569531742
SEGURO,1178,163.27703771809885
SEGURO,1179,153.45481664361677
SEGURO,1180,136.13490836870287
SEGURO,1181,160.62867300052227
SEGURO,1182,149.7409526686558
SEGURO,1183,140.85146746717118
SEGURO,1184,144.90717291272952
SEGURO,1185,156.1197411689261
SEGURO,1186,155.12968041312033
SEGURO,1187,140.42664145598258
SEGURO,1188,151.31350450066324
SEGURO,1189,154.5288178336368
SEGURO,1190,164.58794076963278
SEGURO,1191,153.6319400862768
SEGURO,1192,148.1307035971709
SEGURO,1193,140.36905586683645
SEGURO,1194,146.04222609311563
SEGURO,1195,155.61516610676634
SEGURO,1196,157.2208520822575
SEGURO,1197,149.89702541197212
SEGURO,1198,163.0821263979589
SEGURO,1199,154.296975055978
SEGURO,1200,149.58763144217758
SEGURO,1201,155.57991272610792
SEGURO,1202,164.38455185260696
SEGURO,1203,151.1838164982669
SEGURO,1204,143.51043238008856
SEGURO,1205,142.22572895072813
SEGURO,1206,169.9997808607142
SEGURO,1207,160.11416936407605
SEGURO,1208,155.22220091457635
SEGURO,1209,157.2820276202644
SEGURO,1210,161.02495011396903
SEGURO,1211,140.8861966355554
SEGURO,1212,148.70790893764894
SEGURO,1213,163.24480576513605
SEGURO,1214,160.53555700037518
SEGURO,1215,144.09692608200862
SEGURO,1216,153.9078247875005
SEGURO,1217,153.86987047486537
SEGURO,1218,167.05291042931387
SEGURO,1219,165.44562891311028
SEGURO,1220,168.5171131745268
SEGURO,1221,160.1055926917947
SEGURO,1222,162.07343660569805
SEGURO,1223,164.8717322576959
SEGURO,1224,151.56189855728343
SEGURO,1225,154.73849167895474
SEGURO,1226,162.75184756993445
SEGURO,1227,160.50134054587886
SEGURO,1228,159.0680856913384
SEGURO,1229,150.7794325386897
SEGURO,1230,153.49971135939
SEGURO,1231,158.62136608467873
SEGURO,1232,148.48867684489937
SEGURO,1233,148.4825618777799
SEGURO,1234,169.9681846350957
SEGURO,1235,150.2119762324346
SEGURO,1236,150.86802454903335
SEGURO,1237,163.48604203891017
SEGURO,1238,168.16660272039874
SEGURO,1239,163.83740580952875
SEGURO,1240,148.40083549518204
SEGURO,1241,146.15640963795553
SEGURO,1242,158.34111419289937
SEGURO,1243,153.83487160945273
SEGURO,1244,157.60219663969002
SEGURO,1245,159.0357591183718
SEGURO,1246,164.74841860936849
SEGURO,1247,150.9645125758054
SEGURO,1248,167.401018943734
SEGURO,1249,143.19365242008192
SEGURO,1250,144.5219872834743
SEGURO,1251,150.423164359439
SEGURO,1252,144.18160440326056
SEGURO,1253,168.80317705026147
SEGURO,1254,143.06899388800915
SEGURO,1255,168.1296536756547
SEGURO,1256,156.9400925312016
SEGURO,1257,151.1689883827457
SEGURO,1258,149.4717270331005
SEGURO,1259,150.51610492843776
SEGURO,1260,146.4938243824642
SEGURO,1261,165.46390022471098
SEGURO,1262,164.64116861913942
SEGURO,1263,136.90078208573902
SEGURO,1264,154.0531893951601
SEGURO,1265,149.62628560377732
SEGURO,1266,151.45458812654329
SEGURO,1267,162.09719577679755
SEGURO,1268,153.66787016802684
SEGURO,1269,160.91415844220774
SEGURO,1270,164.63919173511798
SEGURO,1271,163.14858851471783
SEGURO,1272,149.9911753251992
SEGURO,1273,160.04537383949756
SEGURO,1274,144.26476464363066
SEGURO,1275,135.71349503873225
SEGURO,1276,149.17773331376932
SEGURO,1277,166.3770884877044
SEGURO,1278,150.1627902696482
SEGURO,1279,149.66193697476078
SEGURO,1280,166.96110118642662
SEGURO,1281,150.2960436406743
SEGURO,1282,138.68142845112857
SEGURO,1283,136.4511292838318
SEGURO,1284,155.17371810602165
SEGURO,1285,152.58394206805414
SEGURO,1286,148.42285967673703
SEGURO,1287,146.04921290141885
SEGURO,1288,145.73257091081166
SEGURO,1289,152.09817951588508
SEGURO,1290,153.29544037031005
SEGURO,1291,156.16153245220573
SEGURO,1292,151.90202187627165
SEGURO,1293,169.74504213268418
SEGURO,1294,153.06941813478244
SEGURO,1295,143.33057944749817
SEGURO,1296,157.34479383388617
SEGURO,1297,142.47360036305813
SEGURO,1298,155.14891764150366
SEGURO,1299,159.08074935017876
SEGURO,1300,154.4455366438038
SEGURO,1301,141.99140290664843
SEGURO,1302,163.06545356174084
SEGURO,1303,160.73967931786692
SEGURO,1304,155.8325764737759
SEGURO,1305,157.03041361352876
SEGURO,1306,159.5652753700274
SEGURO,1307,157.02509788720096
SEGURO,1308,152.68544089962683
SEGURO,1309,151.57460851260637
SEGURO,1310,159.2902752254343
SEGURO,1311,146.4179276990285
SEGURO,1312,150.53809556541702
SEGURO,1313,153.06410783889964
SEGURO,1314,157.79613627069148
SEGURO,1315,172.82034945350085
SEGURO,1316,166.3013794135881
SEGURO,1317,145.35512783990873
SEGURO,1318,173.72490532296925
SEGURO,1319,152.66426078774336
SEGURO,1320,158.573422860904
SEGURO,1321,155.96523896544733
SEGURO,1322,144.15649155462174
SEGURO,1323,145.7024010422325
SEGURO,1324,149.21800049304065
SEGURO,1325,154.64061756223816
SEGURO,1326,156.78081011495422
SEGURO,1327,158.099578876218
SEGURO,1328,152.1603618089008
SEGURO,1329,144.89089344754976
SEGURO,1330,167.33170304735822
SEGURO,1331,146.9843292402173
SEGURO,1332,151.57670392549795
SEGURO,1333,128.5156993671661
SEGURO,1334,153.11549146061472
SEGURO,1335,157.94434285488285
SEGURO,1336,146.58921619080215
SEGURO,1337,151.574815250547
SEGURO,1338,169.220599046734
SEGURO,1339,134.45638360503855
SEGURO,1340,146.8477463591497
SEGURO,1341,150.69239302775662
SEGURO,1342,152.46841808646255
SEGURO,1343,160.10514406497643
SEGURO,1344,151.0361906653759
SEGURO,1345,164.29679053686255
SEGURO,1346,150.8096755702361
SEGURO,1347,146.71814758252071
SEGURO,1348,150.88319980304928
SEGURO,1349,148.35073057805275
SEGURO,1350,151.25943421387566
SEGURO,1351,144.1276785582813
SEGURO,1352,151.94970729739225
SEGURO,1353,143.12387392522004
SEGURO,1354,156.48003722281226
SEGURO,1355,139.27519920163567
SEGURO,1356,160.43379679201038
SEGURO,1357,151.69081329906834
SEGURO,1358,150.57195658318724
SEGURO,1359,148.09104032437565
SEGURO,1360,167.93267074084943
SEGURO,1361,145.26859798873198
SEGURO,1362,160.57057675797452
SEGURO,1363,155.70737188546116
SEGURO,1364,139.8617937228993
SEGURO,1365,148.64658150673154
SEGURO,1366,162.74277249496583
SEGURO,1367,154.35687989586907
SEGURO,1368,141.37138423828867
SEGURO,1369,162.80265923415678
SEGURO,1370,167.39791860961054
SEGURO,1371,150.38470601791104
SEGURO,1372,148.2031868920425
SEGURO,1373,147.6730150878941
SEGURO,1374,145.28465695476524
SEGURO,1375,162.6025851888926
SEGURO,1376,147.4499053101726
SEGURO,1377,159.00527759963046
SEGURO,1378,154.04929867746247
SEGURO,1379,152.44661921010888
SEGURO,1380,159.94467438441438
SEGURO,1381,170.3787732260208
SEGURO,1382,163.14627413405438
SEGURO,1383,159.19220062132518
SEGURO,1384,126.85427042997964
SEGURO,1385,146.5188522266642
SEGURO,1386,142.88651780846286
SEGURO,1387,157.44552062122844
SEGURO,1388,155.4006863586934
SEGURO,1389,154.90066430936716
SEGURO,1390,168.84558236441399
SEGURO,1391,153.13357079767528
SEGURO,1392,152.08099675240803
SEGURO,1393,147.0352078704518
SEGURO,1394,150.86428698145943
SEGURO,1395,155.08226190448121
SEGURO,1396,138.27411498229475
SEGURO,1397,155.8357327383804
SEGURO,1398,151.81431567080546
SEGURO,1399,160.6664291649595
SEGURO,1400,138.0545625955784
SEGURO,1401,156.83211938004152
SEGURO,1402,149.92945683089974
SEGURO,1403,159.06237061587294
SEGURO,1404,148.45503586220653
SEGURO,1405,144.64662019364317
SEGURO,1406,176.52920728324492
SEGURO,1407,148.38797959044336
SEGURO,1408,150.28210350185415
SEGURO,1409,149.10879364298148
SEGURO,1410,139.6588043846755
SEGURO,1411,150.52912679469642
SEGURO,1412,156.97958796073377
SEGURO,1413,158.08800417634666
SEGURO,1414,155.3723995312844
SEGURO,1415,140.99993332863875
SEGURO,1416,151.95715781936184
SEGURO,1417,153.63558640947295
SEGURO,1418,156.74823395786927
SEGURO,1419,159.92154676118238
SEGURO,1420,155.5465374223804
SEGURO,1421,153.06831690015815
SEGURO,1422,150.73199295972918
SEGURO,1423,140.02552470901944
SEGURO,1424,172.58613879506754
SEGURO,1425,157.4630760378833
SEGURO,1426,161.02269294149826
SEGURO,1427,154.93818867970288
SEGURO,1428,156.80003432472571
SEGURO,1429,163.76650885493552
SEGURO,1430,137.78168668976173
SEGURO,1431,172.21982061977167
SEGURO,1432,156.2817019678537
SEGURO,1433,158.20968622160856
SEGURO,1434,161.54234518715378
SEGURO,1435,141.20811507080833
SEGURO,1436,158.08086788633446
SEGURO,1437,167.2497963035286
SEGURO,1438,147.10031923747667
SEGURO,1439,177.60726910253354
SEGURO,1440,146.43731134302564
SEGURO,1441,150.78932289141923
SEGURO,1442,142.9477697971868
SEGURO,1443,150.63327989377044
SEGURO,1444,146.47025148655024
SEGURO,1445,154.75236513707534
SEGURO,1446,155.67149210673898
SEGURO,1447,146.66126725923232
SEGURO,1448,155.95947498171145
SEGURO,1449,170.8955891286014
SEGURO,1450,141.53189915776923
SEGURO,1451,158.28511463015317
SEGURO,1452,150.2359586426947
SEGURO,1453,154.99064257809025
SEGURO,1454,156.77539809137866
SEGURO,1455,152.70061552607268
SEGURO,1456,158.680942114748
SEGURO,1457,163.2593207571315
SEGURO,1458,161.72060976591132
SEGURO,1459,164.152414142953
SEGURO,1460,147.3135249856352
SEGURO,1461,145.93935203533226
SEGURO,1462,150.5418281923707
SEGURO,1463,137.61687129592838
SEGURO,1464,135.85977601850843
SEGURO,1465,161.01711799224523
SEGURO,1466,140.74730249858618
SEGURO,1467,158.3632128601613
SEGURO,1468,154.9161040789489
SEGURO,1469,152.17076125132036
SEGURO,1470,157.37001354242483
SEGURO,1471,140.5917034996515
SEGURO,1472,156.6993302858219
SEGURO,1473,150.01841843449424
SEGURO,1474,145.25194050599816
SEGURO,1475,152.37690928813294
SEGURO,1476,151.3853538179945
SEGURO,1477,140.90121759607223
SEGURO,1478,143.51981923287642
SEGURO,1479,158.15579088070257
SEGURO,1480,148.98799002808246
SEGURO,1481,149.26162073955487
SEGURO,1482,156.81542772808416
SEGURO,1483,151.2465697113708
SEGURO,1484,154.74476674259557
SEGURO,1485,135.91103180098384
SEGURO,1486,149.32587871339155
SEGURO,1487,154.33205898475669
SEGURO,1488,149.61077598088022
SEGURO,1489,134.41211492912439
SEGURO,1490,161.3299817775713
SEGURO,1491,162.4076703903943
SEGURO,1492,141.91584718448698
SEGURO,1493,153.9453730109427
SEGURO,1494,162.87722893765022
SEGURO,1495,146.33350453867206
SEGURO,1496,153.26287228546417
SEGURO,1497,151.50029464988313
SEGURO,1498,145.47114963181787
SEGURO,1499,141.59048547039436
SEGURO,1500,142.98669981466554
SEGURO,1501,147.3981569713057
SEGURO,1502,152.97690576167162
SEGURO,1503,134.38310316430167
SEGURO,1504,157.44277630323268
SEGURO,1505,156.44040043634192
SEGURO,1506,159.39888365809023
SEGURO,1507,167.83760036819635
SEGURO,1508,161.08707768502896
SEGURO,1509,141.37268685001413
SEGURO,1510,160.15348816593215
SEGURO,1511,174.36611312315398
SEGURO,1512,141.30739199188372
SEGURO,1513,144.81328764220888
SEGURO,1514,146.96022403381951
SEGURO,1515,153.6059496936632
SEGURO,1516,163.20465638744025
SEGURO,1517,166.85248549796296
SEGURO,1518,165.2529252131736
SEGURO,1519,160.80383485679934
SEGURO,1520,152.63081684234717
SEGURO,1521,160.11859775293465
SEGURO,1522,155.1421268798324
SEGURO,1523,150.04269613706256
SEGURO,1524,148.05745188030673
SEGURO,1525,143.5380134878879
SEGURO,1526,151.03368156199173
SEGURO,1527,156.4011021274116
SEGURO,1528,140.76861393683274
SEGURO,1529,146.02393568734297
SEGURO,1530,153.89898381697677
SEGURO,1531,150.328563191897
SEGURO,1532,141.13962107839274
SEGURO,1533,151.25378668637407
SEGURO,1534,139.9812785026631
SEGURO,1535,168.6255032670753
SEGURO,1536,143.63603217337385
SEGURO,1537,157.51672845833636
SEGURO,1538,160.64080466740566
SEGURO,1539,145.17664127511685
SEGURO,1540,162.78460347641223
SEGURO,1541,142.32311183045636
SEGURO,1542,142.63861982566021
SEGURO,1543,163.98046379840738
SEGURO,1544,142.6303007792362
SEGURO,1545,148.34876036116404
SEGURO,1546,146.4374546217307
SEGURO,1547,150.17704881912164
SEGURO,1548,160.658546409476
SEGURO,1549,159.2272970462172
SEGURO,1550,164.05039469751196
SEGURO,1551,136.64084898799078
SEGURO,1552,146.2429448469527
SEGURO,1553,156.03914170519187
SEGURO,1554,147.95119281431218
SEGURO,1555,144.79644765167401
SEGURO,1556,163.40384193959653
SEGURO,1557,146.17519006955516
SEGURO,1558,155.55555142701348
SEGURO,1559,143.5564986965634
SEGURO,1560,172.16617253656557
SEGURO,1561,164.18904156502833
SEGURO,1562,148.5757643532275
SEGURO,1563,149.42529748203978
SEGURO,1564,162.81641456848845
SEGURO,1565,145.41089471770584
SEGURO,1566,144.42019959258997
SEGURO,1567,134.58946760424692
SEGURO,1568,145.7506974893323
SEGURO,1569,155.9933417599214
SEGURO,1570,143.87989931253728
SEGURO,1571,149.94529981995444
SEGURO,1572,135.75245191639056
SEGURO,1573,175.10466381954828
SEGURO,1574,155.32521287045952
SEGURO,1575,158.79587612251257
SEGURO,1576,171.38383885291387
SEGURO,1577,163.7034317406857
SEGURO,1578,142.37309205294133
SEGURO,1579,165.6272238011455
SEGURO,1580,169.34122445208484
SEGURO,1581,180.43256720654517
SEGURO,1582,141.82398923694396
SEGURO,1583,136.60209508144285
SEGURO,1584,164.03074753785233
SEGURO,1585,151.37539828683256
SEGURO,1586,170.67499752857455
SEGURO,1587,147.58810698873592
SEGURO,1588,153.25518439906676
SEGURO,1589,149.94061820156116
SEGURO,1590,128.604013907136
SEGURO,1591,149.5125495681953
SEGURO,1592,145.04990642397877
SEGURO,1593,136.15735940423752
SEGURO,1594,152.03132745935451
SEGURO,1595,145.1806147658966
SEGURO,1596,157.52587597805427
SEGURO,1597,157.80146012096714
SEGURO,1598,164.57008587588467
SEGURO,1599,167.8283808037866
SEGURO,1600,164.7316649396713
SEGURO,1601,161.30770254048352
SEGURO,1602,158.89689985444977
SEGURO,1603,156.53048898344056
SEGURO,1604,131.4709311563006
SEGURO,1605,151.3732988655771
SEGURO,1606,151.31012925235072
SEGURO,1607,146.17479147750132
SEGURO,1608,142.75973232689378
SEGURO,1609,143.4845094276371
SEGURO,1610,146.84359364287116
SEGURO,1611,174.40183346590305
SEGURO,1612,149.4753736787435
SEGURO,1613,138.94415874273471
SEGURO,1614,151.65263786992827
SEGURO,1615,138.34923874806447
SEGURO,1616,152.76908723047146
SEGURO,1617,157.508403630422
SEGURO,1618,149.49101936209476
SEGURO,1619,155.71502742860494
SEGURO,1620,147.11403059979796
SEGURO,1621,150.28399952367747
SEGURO,1622,163.2587646463212
SEGURO,1623,153.86699838111653
SEGURO,1624,145.26308199046798
SEGURO,1625,141.6189914882499
SEGURO,1626,156.55373716770515
SEGURO,1627,143.97773917773833
SEGURO,1628,163.71535218137393
SEGURO,1629,159.99775393210822
SEGURO,1630,149.66824261451484
SEGURO,1631,127.29535929772413
SEGURO,1632,164.80076202162385
SEGURO,1633,149.61194511201356
SEGURO,1634,149.98124982044345
SEGURO,1635,159.71310167505817
SEGURO,1636,150.97452346862912
SEGURO,1637,139.69924991655103
SEGURO,1638,163.62617830036143
SEGURO,1639,161.2153254400154
SEGURO,1640,173.4885038966417
SEGURO,1641,150.93462391532165
SEGURO,1642,139.637872720329
SEGURO,1643,153.61528130131208
SEGURO,1644,153.8851756514185
SEGURO,1645,159.37226308325882
SEGURO,1646,151.03747740569528
SEGURO,1647,145.92260871071943
SEGURO,1648,150.66829341489532
SEGURO,1649,143.32535758924226
SEGURO,1650,155.8942791059145
SEGURO,1651,159.6273794444987
SEGURO,1652,144.28778782670466
SEGURO,1653,160.63101893078112
SEGURO,1654,150.57297519255562
SEGURO,1655,164.2960527164025
SEGURO,1656,149.43946466175623
SEGURO,1657,147.967140113322
SEGURO,1658,153.45351151849357
SEGURO,1659,135.76081587356526
SEGURO,1660,150.39301290261295
SEGURO,1661,135.96259531153277
SEGURO,1662,164.429539936678
SEGURO,1663,146.23565233379685
SEGURO,1664,169.73419465631878
SEGURO,1665,150.9152329606658
SEGURO,1666,154.57520892232148
SEGURO,1667,136.3335626055796
SEGURO,1668,152.45947168734966
SEGURO,1669,160.70193309803255
SEGURO,1670,163.69243248104576
SEGURO,1671,148.72392705463426
SEGURO,1672,153.30086016787948
SEGURO,1673,169.4498395450838
SEGURO,1674,152.83950091879686
SEGURO,1675,141.34733102137966
SEGURO,1676,160.7230935685896
SEGURO,1677,153.20037046875072
SEGURO,1678,151.00330026921552
SEGURO,1679,156.95617154541296
SEGURO,1680,156.5806482868092
SEGURO,1681,137.04804682587897
SEGURO,1682,157.58010848619597
SEGURO,1683,154.45538751172924
SEGURO,1684,154.70892239350846
SEGURO,1685,148.15197564863618
SEGURO,1686,154.07696320182302
SEGURO,1687,149.8702735126879
SEGURO,1688,154.81532899600452
SEGURO,1689,155.60038663818943
SEGURO,1690,153.52683453380297
SEGURO,1691,146.11258093911235
SEGURO,1692,152.4465378895249
SEGURO,1693,152.29324155613446
SEGURO,1694,153.92700137923694
SEGURO,1695,150.28097931581377
SEGURO,1696,145.93530878598727
SEGURO,1697,154.413294525013
SEGURO,1698,161.2627289949926
SEGURO,1699,158.6679133992133
SEGURO,1700,162.8493277976517
SEGURO,1701,162.82828615598842
SEGURO,1702,173.1612906059242
SEGURO,1703,150.30172399711572
SEGURO,1704,143.78734491635663
SEGURO,1705,159.36792731961822
SEGURO,1706,159.7131918406137
SEGURO,1707,170.13751336868484
SEGURO,1708,150.43196950270573
SEGURO,1709,156.90963871053998
SEGURO,1710,155.9705251513535
SEGURO,1711,148.7462703869995
SEGURO,1712,160.29856839117596
SEGURO,1713,151.29710741338673
SEGURO,1714,162.1350943103582
SEGURO,1715,138.694096096056
SEGURO,1716,146.16524629352008
SEGURO,1717,148.6560271818932
SEGURO,1718,166.1750694867657
SEGURO,1719,174.71082727473163
SEGURO,1720,141.7989370069259
SEGURO,1721,163.15883723401507
SEGURO,1722,133.3943314462895
SEGURO,1723,150.5840859915482
SEGURO,1724,139.59237514954805
SEGURO,1725,170.41118215338588
SEGURO,1726,148.86199289874676
SEGURO,1727,151.0128625271738
SEGURO,1728,136.92787605496278
SEGURO,1729,144.32858140922383
SEGURO,1730,161.66102457565339
SEGURO,1731,164.74632543360497
SEGURO,1732,154.51787815583322
SEGURO,1733,154.16669337643623
SEGURO,1734,149.97749851342056
SEGURO,1735,172.43977468700052
SEGURO,1736,142.0707374613351
SEGURO,1737,168.13565821237617
SEGURO,1738,150.54491703479965
SEGURO,1739,129.50735390502902
SEGURO,1740,139.2573861158251
SEGURO,1741,166.58497785727636
SEGURO,1742,142.0775784220652
SEGURO,1743,157.19666231364758
SEGURO,1744,154.38549324464478
SEGURO,1745,156.98276447681815
SEGURO,1746,150.75083492367455
SEGURO,1747,161.13551039505512
SEGURO,1748,149.69657131080862
SEGURO,1749,148.38989310377409
SEGURO,1750,138.36592714384662
SEGURO,1751,158.8837635847462
SEGURO,1752,128.73941876967803
SEGURO,1753,162.0897122542803
SEGURO,1754,147.59302174004964
SEGURO,1755,141.26991321525335
SEGURO,1756,161.63386020656137
SEGURO,1757,166.74268021897197
SEGURO,1758,156.052614771957
SEGURO,1759,139.2006787236981
SEGURO,1760,163.6396771492999
SEGURO,1761,146.60862854231655
SEGURO,1762,158.63535955031637
SEGURO,1763,144.78660054076474
SEGURO,1764,147.54136956183876
SEGURO,1765,153.35262772392008
SEGURO,1766,136.57928836637788
SEGURO,1767,146.54863468737324
SEGURO,1768,160.17939414441884
SEGURO,1769,155.46569277914344
SEGURO,1770,147.9131464205717
SEGURO,1771,154.36388599148125
SEGURO,1772,160.67864882404902
SEGURO,1773,153.5873734521293
SEGURO,1774,155.00702603690152
SEGURO,1775,143.76200494902523
SEGURO,1776,144.10717580522814
SEGURO,1777,141.54817102015537
SEGURO,1778,138.59540459392372
SEGURO,1779,162.11181784738446
SEGURO,1780,156.6353527734128
SEGURO,1781,149.4633223202597
SEGURO,1782,165.82149296672517
SEGURO,1783,149.32497824001317
SEGURO,1784,169.52050534852998
SEGURO,1785,155.46219192729333
SEGURO,1786,144.97431014115375
SEGURO,1787,140.19214143419944
SEGURO,1788,131.22796248128924
SEGURO,1789,161.26560422872234
SEGURO,1790,152.31011984988672
SEGURO,1791,160.42367309355512
SEGURO,1792,170.49909319813133
SEGURO,1793,154.77949484429013
SEGURO,1794,153.92548760938513
SEGURO,1795,154.11588824787182
SEGURO,1796,161.01127616163706
SEGURO,1797,155.71003372983103
SEGURO,1798,154.69411147497993
SEGURO,1799,147.50517530694827
SEGURO,1800,154.25023613695163
SEGURO,1801,151.4407721404523
SEGURO,1802,147.2608043933382
SEGURO,1803,150.30501932551627
SEGURO,1804,143.1836957497177
SEGURO,1805,141.83144933395937
SEGURO,1806,143.31644369649624
SEGURO,1807,164.6490251842045
SEGURO,1808,148.57866164734864
SEGURO,1809,152.35176968293405
SEGURO,1810,154.12437288471665
SEGURO,1811,148.1708317454604
SEGURO,1812,155.99825022519792
SEGURO,1813,141.62665679907388
SEGURO,1814,142.05911877950462
SEGURO,1815,153.14541925764564
SEGURO,1816,162.22622822114343
SEGURO,1817,156.10572191458715
SEGURO,1818,150.26163461701537
SEGURO,1819,150.14445761913052
SEGURO,1820,141.60732948123828
SEGURO,1821,152.71284988660028
SEGURO,1822,143.9863917093615
SEGURO,1823,168.47246096707002
SEGURO,1824,145.46335775306318
SEGURO,1825,158.9477360282488
SEGURO,1826,156.5046393111418
SEGURO,1827,143.73187020735676
SEGURO,1828,156.31684132828485
SEGURO,1829,157.68271720693008
SEGURO,1830,164.83223790952232
SEGURO,1831,155.02793272616114
SEGURO,1832,151.03419475330753
SEGURO,1833,158.07226090209352
SEGURO,1834,137.4845422112913
SEGURO,1835,161.04532744790788
SEGURO,1836,149.54077187802528
SEGURO,1837,151.62468511548914
SEGURO,1838,149.13877490792095
SEGURO,1839,155.67378574593147
SEGURO,1840,152.2126043071472
SEGURO,1841,168.65135452884482
SEGURO,1842,129.67491689355552
SEGURO,1843,149.11815664823592
SEGURO,1844,149.3892075246758
SEGURO,1845,148.27784172596282
SEGURO,1846,141.35279181327707
SEGURO,1847,145.92846647356237
SEGURO,1848,151.1862040093493
SEGURO,1849,154.66616164214633
SEGURO,1850,156.7863723130852
SEGURO,1851,138.4216033697713
SEGURO,1852,154.1325258460157
SEGURO,1853,151.9275551201172
SEGURO,1854,139.06243986448902
SEGURO,1855,155.76512626580458
SEGURO,1856,151.21386129877214
SEGURO,1857,152.47067480731005
SEGURO,1858,146.46776268343757
SEGURO,1859,156.42427800873236
SEGURO,1860,156.80744041941236
SEGURO,1861,155.38952623289939
SEGURO,1862,168.2251939262063
SEGURO,1863,155.64752355820698
SEGURO,1864,165.75483110390135
SEGURO,1865,163.02583592918361
SEGURO,1866,146.04847367834626
SEGURO,1867,160.06769614030898
SEGURO,1868,149.85128112021306
SEGURO,1869,158.36358690008467
SEGURO,1870,156.62356666952738
SEGURO,1871,155.75131760160843
SEGURO,1872,162.34566329732334
SEGURO,1873,155.29096218392056
SEGURO,1874,152.5369426111484
SEGURO,1875,154.3647618114481
SEGURO,1876,136.43753622808072
SEGURO,1877,166.88618918094016
SEGURO,1878,146.29251239779538
SEGURO,1879,162.42810932042093
SEGURO,1880,139.31872405072514
SEGURO,1881,154.4070620184886
SEGURO,1882,151.1151008604576
SEGURO,1883,148.66870128709692
SEGURO,1884,159.04359457133515
SEGURO,1885,164.8662943065051
SEGURO,1886,153.0461581053864
SEGURO,1887,164.30799279327533
SEGURO,1888,142.54421867989225
SEGURO,1889,164.77328607530578
SEGURO,1890,142.73980238005683
SEGURO,1891,163.7075113474165
SEGURO,1892,166.6434995431208
SEGURO,1893,168.8073939555724
SEGURO,1894,171.4079740715348
SEGURO,1895,161.84146081738075
SEGURO,1896,147.5440606999423
SEGURO,1897,141.85420557659043
SEGURO,1898,155.26862649874144
SEGURO,1899,145.75178717686828
SEGURO,1900,162.0895408277067
SEGURO,1901,133.25099434161706
SEGURO,1902,146.89165604548634
SEGURO,1903,152.91170137041178
SEGURO,1904,150.3698561088385
SEGURO,1905,164.51831093218723
SEGURO,1906,149.81833394407965
SEGURO,1907,142.23725169208979
SEGURO,1908,159.48459240602043
SEGURO,1909,168.4558840290723
SEGURO,1910,156.33126383264954
SEGURO,1911,156.21675311052746
SEGURO,1912,152.7162812954434
SEGURO,1913,158.3686682125318
SEGURO,1914,148.43833838787103
SEGURO,1915,157.1321801660883
SEGURO,1916,150.49888663605896
SEGURO,1917,158.13933692546166
SEGURO,1918,147.02292085609585
SEGURO,1919,163.3817792452321
SEGURO,1920,159.64494803202706
SEGURO,1921,152.89893379679967
SEGURO,1922,155.75688703844568
SEGURO,1923,154.53289478444853
SEGURO,1924,155.95873575787502
SEGURO,1925,152.81071456060153
SEGURO,1926,165.63843113807343
SEGURO,1927,142.9270968391512
SEGURO,1928,148.9800664365304
SEGURO,1929,164.74662402665516
SEGURO,1930,160.13606820373818
SEGURO,1931,151.1246098848066
SEGURO,1932,167.55878945535284
SEGURO,1933,176.7191030985002
SEGURO,1934,162.7693116628783
SEGURO,1935,155.78099719991957
SEGURO,1936,176.86522012866558
SEGURO,1937,182.00427231921606
SEGURO,1938,159.43401675504256
SEGURO,1939,163.02951751217253
SEGURO,1940,159.91597361014425
SEGURO,1941,154.7440340998841
SEGURO,1942,157.75249883705132
SEGURO,1943,162.44373902966603
SEGURO,1944,173.54760447243055
SEGURO,1945,153.35525572579823
SEGURO,1946,166.45502147048248
SEGURO,1947,153.7759769977501
SEGURO,1948,167.3822976905977
SEGURO,1949,160.86096799786358
SEGURO,1950,156.74779693497783
SEGURO,1951,164.22348382468
SEGURO,1952,154.8328441325242
SEGURO,1953,154.4149213379285
SEGURO,1954,157.65144759104763
SEGURO,1955,154.75185425411252
SEGURO,1956,171.12852364152195
SEGURO,1957,166.51710686466294
SEGURO,1958,158.73718721032023
SEGURO,1959,136.1675481465899
SEGURO,1960,143.01525554614526
SEGURO,1961,155.37799546772658
SEGURO,1962,157.3779486197454
SEGURO,1963,144.5138928818003
SEGURO,1964,143.1488187106123
SEGURO,1965,146.2501566170117
SEGURO,1966,154.8429369793724
SEGURO,1967,159.18281334633724
SEGURO,1968,156.0998365988549
SEGURO,1969,172.2375424411781
SEGURO,1970,153.70132323341613
SEGURO,1971,124.68361160301309
SEGURO,1972,157.3873460504644
SEGURO,1973,153.62364038379332
SEGURO,1974,155.40988294817168
SEGURO,1975,158.21549448152552
SEGURO,1976,142.1814584691409
SEGURO,1977,145.90465506251303
SEGURO,1978,158.01820214632926
SEGURO,1979,144.40282760671056
SEGURO,1980,159.10014978982366
SEGURO,1981,145.2937750101399
SEGURO,1982,152.1344999655469
SEGURO,1983,155.4306486155187
SEGURO,1984,168.75326068456147
SEGURO,1985,141.32714447506584
SEGURO,1986,148.96870265908026
SEGURO,1987,144.4225732601975
SEGURO,1988,148.01639285557602
SEGURO,1989,161.08569735824543
SEGURO,1990,155.0972368067773
SEGURO,1991,150.53482726668554
SEGURO,1992,162.930071276741
SEGURO,1993,153.7568474311359
SEGURO,1994,156.39014360119234
SEGURO,1995,156.3469362697021
SEGURO,1996,161.73651173626865
SEGURO,1997,167.14777297072595
SEGURO,1998,157.47549653246062
SEGURO,1999,147.138772566593
SEGURO,2000,141.11878972848183
SEGURO,2001,161.6036015639647
SEGURO,2002,119.35247176908742
SEGURO,2003,153.55975180762587
SEGURO,2004,168.74602338694396
SEGURO,2005,153.44899858743148
SEGURO,2006,161.6531504907476
SEGURO,2007,143.85649096935887
SEGURO,2008,164.50699671539067
SEGURO,2009,160.723449144835
SEGURO,2010,150.9446773943996
SEGURO,2011,145.76835004700735
SEGURO,2012,147.32629739271684
SEGURO,2013,168.02289331925562
SEGURO,2014,143.94375615732895
SEGURO,2015,158.735481721043
SEGURO,2016,160.63580663464614
SEGURO,2017,171.3682724557492
SEGURO,2018,168.56827289352884
SEGURO,2019,151.76270601147638
SEGURO,2020,164.83673427616344
SEGURO,2021,157.65654877774764
SEGURO,2022,151.51497813780878
SEGURO,2023,149.1295781325166
SEGURO,2024,146.49531328317448
SEGURO,2025,166.5601516680756
SEGURO,2026,155.98596056153005
SEGURO,2027,151.76611365998326
SEGURO,2028,167.12877653932148
SEGURO,2029,141.00405998267058
SEGURO,2030,136.9189076396369
SEGURO,2031,167.35870657844816
SEGURO,2032,159.67238545406468
SEGURO,2033,148.77672889271133
SEGURO,2034,139.47094295007767
SEGURO,2035,164.9744518743389
SEGURO,2036,135.1599012453584
SEGURO,2037,154.40641414022087
SEGURO,2038,149.56443846345664
SEGURO,2039,154.58872413071208
SEGURO,2040,137.90810363299545
SEGURO,2041,159.20554164738084
SEGURO,2042,158.08151859168078
SEGURO,2043,147.71057285539285
SEGURO,2044,160.5729060184697
SEGURO,2045,146.01241062102736
SEGURO,2046,141.65260173292964
SEGURO,2047,129.28647050683588
SEGURO,2048,156.10525293428492
SEGURO,2049,145.63990860571604
SEGURO,2050,168.6056053418172
SEGURO,2051,151.0916615686937
SEGURO,2052,143.96827672687886
SEGURO,2053,139.64302301227738
SEGURO,2054,148.4620341975466
SEGURO,2055,158.5860988678095
SEGURO,2056,151.80666747349872
SEGURO,2057,147.78886674875142
SEGURO,2058,156.10888088032863
SEGURO,2059,157.55557682934324
SEGURO,2060,148.40045596298694
SEGURO,2061,152.8996313574634
SEGURO,2062,167.2271890872999
SEGURO,2063,142.8230979825066
SEGURO,2064,165.70770273112046
SEGURO,2065,152.1979887970786
SEGURO,2066,141.65906195108548
SEGURO,2067,128.74172723664313
SEGURO,2068,145.93655324834265
SEGURO,2069,139.04078393513336
SEGURO,2070,144.34817414885683
SEGURO,2071,157.478556209304
SEGURO,2072,161.67037279489844
SEGURO,2073,145.62186440925106
SEGURO,2074,152.4151108868691
SEGURO,2075,155.85992246364918
SEGURO,2076,149.36738034041534
SEGURO,2077,149.23553669862673
SEGURO,2078,167.20394483884374
SEGURO,2079,157.90228801081656
SEGURO,2080,146.49088127144745
SEGURO,2081,146.0778007235347
SEGURO,2082,162.34144484300796
SEGURO,2083,154.07073672720364
SEGURO,2084,154.0570408155859
SEGURO,2085,161.8657490442063
SEGURO,2086,134.65113641590145
SEGURO,2087,133.19669578410497
SEGURO,2088,149.11691731877076
SEGURO,2089,146.79549398162328
SEGURO,2090,150.86675997905917
SEGURO,2091,161.91981799072798
SEGURO,2092,167.77886485039835
SEGURO,2093,151.76115132960314
SEGURO,2094,149.98139991655358
SEGURO,2095,159.08382171334196
SEGURO,2096,159.66593692346558
SEGURO,2097,148.95737797417448
SEGURO,2098,122.74572753262757
SEGURO,2099,153.3296605625617
SEGURO,2100,156.9858251070243
SEGURO,2101,153.55338493609682
SEGURO,2102,146.51877588318484
SEGURO,2103,145.3311780900716
SEGURO,2104,151.50765021619483
SEGURO,2105,161.8817480575882
SEGURO,2106,149.6332793950292
SEGURO,2107,146.24305475045807
SEGURO,2108,139.97866039088487
SEGURO,2109,155.90900634915002
SEGURO,2110,153.66374378585607
SEGURO,2111,173.1598793642397
SEGURO,2112,157.54440698708288
SEGURO,2113,146.35526104697445
SEGURO,2114,146.80585263173157
SEGURO,2115,169.40615317155786
SEGURO,2116,175.1398917697264
SEGURO,2117,135.61119267384692
SEGURO,2118,150.72463509062322
SEGURO,2119,148.31924047246383
SEGURO,2120,149.90374733963608
SEGURO,2121,152.40474828248173
SEGURO,2122,152.78791123152354
SEGURO,2123,142.72353621885304
SEGURO,2124,157.22570743491414
SEGURO,2125,139.24064192314415
SEGURO,2126,134.37633648936122
SEGURO,2127,145.59316780387064
SEGURO,2128,154.69947419134942
SEGURO,2129,145.48914002887784
SEGURO,2130,152.119888148243
SEGURO,2131,157.77758838840256
SEGURO,2132,149.61717559193448
SEGURO,2133,157.26754319708175
SEGURO,2134,169.23656287328893
SEGURO,2135,146.9430869697887
SEGURO,2136,160.54958245560496
SEGURO,2137,158.12469606322952
SEGURO,2138,154.44576056578018
SEGURO,2139,146.87225173373554
SEGURO,2140,165.93706142003327
SEGURO,2141,147.66880236013557
SEGURO,2142,148.59258026308936
SEGURO,2143,156.46902979346038
SEGURO,2144,143.80707217254368
SEGURO,2145,169.35474915273508
SEGURO,2146,126.87171037545473
SEGURO,2147,150.41757721790094
SEGURO,2148,129.62476216256852
SEGURO,2149,165.7252605203646
SEGURO,2150,147.8496125000912
SEGURO,2151,143.3996750757568
SEGURO,2152,147.8291144942122
SEGURO,2153,159.28339503908148
SEGURO,2154,137.0613870853365
SEGURO,2155,144.68187910938016
SEGURO,2156,179.25368711774144
SEGURO,2157,164.04151910594464
SEGURO,2158,149.46847640869146
SEGURO,2159,153.97365879355053
SEGURO,2160,154.4322867614021
SEGURO,2161,137.3261483923989
SEGURO,2162,151.8588781497907
SEGURO,2163,156.77834074040456
SEGURO,2164,146.97816095648218
SEGURO,2165,156.06418636312338
SEGURO,2166,151.69291477329156
SEGURO,2167,130.7669881326771
SEGURO,2168,128.34848974702942
SEGURO,2169,144.745675133907
SEGURO,2170,138.09338689705788
SEGURO,2171,136.17573291973846
SEGURO,2172,141.03716694367466
SEGURO,2173,143.9188002924346
SEGURO,2174,164.32127193979915
SEGURO,2175,158.05406513411234
SEGURO,2176,150.45149903748364
SEGURO,2177,144.18511832849032
SEGURO,2178,152.21263577488713
SEGURO,2179,159.1489902868704
SEGURO,2180,140.90842314334702
SEGURO,2181,160.46677327388548
SEGURO,2182,138.14870688926325
SEGURO,2183,149.37046913705814
SEGURO,2184,146.76168081412752
SEGURO,2185,155.99864146823373
SEGURO,2186,156.14540405859088
SEGURO,2187,158.75125498961347
SEGURO,2188,156.7461271378249
SEGURO,2189,153.73298603173492
SEGURO,2190,159.61715102171533
SEGURO,2191,151.61526310887604
SEGURO,2192,155.74869313047623
SEGURO,2193,155.56509940189923
SEGURO,2194,145.877675323084
SEGURO,2195,136.14200514294373
SEGURO,2196,146.2417887011796
SEGURO,2197,157.02242098965357
SEGURO,2198,158.74549210577945
SEGURO,2199,156.81185497505138
SEGURO,2200,151.16140287146357
SEGURO,2201,155.6091646956796
SEGURO,2202,158.24681831478188
SEGURO,2203,152.93777078146928
SEGURO,2204,151.249588240479
SEGURO,2205,144.61567059570737
SEGURO,2206,154.03336494474954
SEGURO,2207,143.6195757472123
SEGURO,2208,170.84127563026829
SEGURO,2209,158.10468599989107
SEGURO,2210,152.9576978250445
SEGURO,2211,151.14601718851114
SEGURO,2212,151.53481101622148
SEGURO,2213,146.33778189367223
SEGURO,2214,151.5580147491145
SEGURO,2215,142.3595034151834
SEGURO,2216,153.21384939907338
SEGURO,2217,155.31200728776003
SEGURO,2218,157.88852778509943
SEGURO,2219,156.59501153982055
SEGURO,2220,149.80049092649028
SEGURO,2221,168.5192211656499
SEGURO,2222,149.16981347153126
SEGURO,2223,156.99885474600987
SEGURO,2224,160.5267249779904
SEGURO,2225,150.13963782040946
SEGURO,2226,166.87705554105486
SEGURO,2227,149.89769039820578
SEGURO,2228,157.7433868175146
SEGURO,2229,148.27909761267398
SEGURO,2230,148.8204804957556
SEGURO,2231,157.2680662851887
SEGURO,2232,153.22388442915116
SEGURO,2233,139.16840659444628
SEGURO,2234,149.7730954100754
SEGURO,2235,147.6651817995429
SEGURO,2236,156.38686034241357
SEGURO,2237,151.94970244394278
SEGURO,2238,150.96145194764506
SEGURO,2239,163.14741200987243
SEGURO,2240,126.09858773584962
SEGURO,2241,151.9276133855541
SEGURO,2242,141.78447865743107
SEGURO,2243,162.37346756425754
SEGURO,2244,151.9952878642336
SEGURO,2245,143.22942754838726
SEGURO,2246,145.08742432251242
SEGURO,2247,149.42619976684935
SEGURO,2248,151.74640759381447
SEGURO,2249,163.2498885447026
SEGURO,2250,175.6040216545558
SEGURO,2251,151.56156355066105
SEGURO,2252,149.35937619215028
SEGURO,2253,150.4433134371247
SEGURO,2254,157.34250844678948
SEGURO,2255,147.21331942846155
SEGURO,2256,155.9419502864672
SEGURO,2257,149.2578535790596
SEGURO,2258,143.5142206523132
SEGURO,2259,154.38195992503995
SEGURO,2260,161.69391765975146
SEGURO,2261,148.73199275667082
SEGURO,2262,159.20293841121975
SEGURO,2263,140.50020266538064
SEGURO,2264,157.67323227465187
SEGURO,2265,156.55737469614604
SEGURO,2266,147.99931182842803
SEGURO,2267,162.33782349745928
SEGURO,2268,149.02510678749275
SEGURO,2269,151.82107722596982
SEGURO,2270,145.11123603590138
SEGURO,2271,146.0488640813947
SEGURO,2272,147.06552278314336
SEGURO,2273,160.28925907319797
SEGURO,2274,141.59695709304395
SEGURO,2275,145.27864623256147
SEGURO,2276,153.89854154079848
SEGURO,2277,158.7323706545069
SEGURO,2278,148.85539343152956
SEGURO,2279,146.58892683854833
SEGURO,2280,159.31141257150207
SEGURO,2281,157.48029382404872
SEGURO,2282,162.72157494721154
SEGURO,2283,143.6283876686728
SEGURO,2284,172.1081100435627
SEGURO,2285,164.7871375336789
SEGURO,2286,141.3339185153503
SEGURO,2287,146.2172005118158
SEGURO,2288,167.33193344827757
SEGURO,2289,135.22854624261964
SEGURO,2290,160.3490326806159
SEGURO,2291,170.2963217980219
SEGURO,2292,160.18558444114265
SEGURO,2293,154.09462551670572
SEGURO,2294,150.98140377469002
SEGURO,2295,165.64803905603486
SEGURO,2296,152.53294339437386
SEGURO,2297,138.8053650669532
SEGURO,2298,139.0594084389395
SEGURO,2299,153.55172535946684
SEGURO,2300,141.17515193596154
SEGURO,2301,154.3754151937033
SEGURO,2302,168.73054979324414
SEGURO,2303,147.22686894334151
SEGURO,2304,165.33364578431105
SEGURO,2305,152.64772942961451
SEGURO,2306,146.8559500003883
SEGURO,2307,168.19713229856544
SEGURO,2308,159.6484967929951
SEGURO,2309,147.11341261929434
SEGURO,2310,148.23720422196666
SEGURO,2311,148.68056060429905
SEGURO,2312,136.96158646920188
SEGURO,2313,154.8328997123085
SEGURO,2314,144.2478301523784
SEGURO,2315,149.35994563317348
SEGURO,2316,159.0571203493877
SEGURO,2317,167.23412587001712
SEGURO,2318,151.2930670081353
SEGURO,2319,144.6884033163946
SEGURO,2320,143.12632428168328
SEGURO,2321,147.6163142912901
SEGURO,2322,155.9724590810933
SEGURO,2323,138.53526923016943
SEGURO,2324,148.44862251314112
SEGURO,2325,159.3865514681108
SEGURO,2326,160.15917424631596
SEGURO,2327,149.89909698378523
SEGURO,2328,145.63932323180862
SEGURO,2329,128.76568211199094
SEGURO,2330,156.0984662189017
SEGURO,2331,162.21876575891466
SEGURO,2332,154.2490189228054
SEGURO,2333,147.0905754797359
SEGURO,2334,137.5457032082828
SEGURO,2335,147.68661144672734
SEGURO,2336,156.1186602166029
SEGURO,2337,152.94610782744516
SEGURO,2338,163.060521429126
SEGURO,2339,140.01445632657604
SEGURO,2340,156.10530798834938
SEGURO,2341,166.22626675895737
SEGURO,2342,145.33371292983438
SEGURO,2343,150.9411938646092
SEGURO,2344,149.29346298399753
SEGURO,2345,148.72218314522166
SEGURO,2346,144.5882868500551
SEGURO,2347,137.09309206051395
SEGURO,2348,149.9975937985908
SEGURO,2349,155.1488436110899
SEGURO,2350,167.8530243413046
SEGURO,2351,151.20882141376583
SEGURO,2352,158.66360297182638
SEGURO,2353,157.11422194296688
SEGURO,2354,162.56940369676474
SEGURO,2355,158.08315345481327
SEGURO,2356,174.42297254159672
SEGURO,2357,157.48160768173238
SEGURO,2358,158.7997904268628
SEGURO,2359,149.76937347659776
SEGURO,2360,163.91308879681335
SEGURO,2361,155.29716320801992
SEGURO,2362,155.51411526680639
SEGURO,2363,137.86182454744045
SEGURO,2364,151.1468199734618
SEGURO,2365,141.03931170140172
SEGURO,2366,144.50714554448112
SEGURO,2367,162.53921964279112
SEGURO,2368,153.77616184670995
SEGURO,2369,139.16927576532692
SEGURO,2370,160.86126386033243
SEGURO,2371,171.71600827265814
SEGURO,2372,156.89641595443632
SEGURO,2373,166.82590256581804
SEGURO,2374,149.426569116346
SEGURO,2375,162.78287875170494
SEGURO,2376,164.16017494904798
SEGURO,2377,166.38712194040573
SEGURO,2378,171.71366280181525
SEGURO,2379,152.31450368840686
SEGURO,2380,168.59336833539453
SEGURO,2381,176.30593471741176
SEGURO,2382,141.62131804193265
SEGURO,2383,159.79664776292665
SEGURO,2384,157.3743696005228
SEGURO,2385,155.49139270465093
SEGURO,2386,152.43979685635693
SEGURO,2387,157.7282649835609
SEGURO,2388,150.32370186867055
SEGURO,2389,152.25511077271642
SEGURO,2390,150.61369743597766
SEGURO,2391,151.15385723746073
SEGURO,2392,166.13874611097518
SEGURO,2393,162.96608998283435
SEGURO,2394,146.44052825944013
SEGURO,2395,153.2996016304765
SEGURO,2396,155.40190670277272
SEGURO,2397,153.38376380510394
SEGURO,2398,150.8911920052466
SEGURO,2399,156.8240161898615
SEGURO,2400,159.95116006220064
SEGURO,2401,141.92802009682134
SEGURO,2402,162.91706847282265
SEGURO,2403,146.72577574623537
SEGURO,2404,169.9909902528773
SEGURO,2405,150.89352121388353
SEGURO,2406,163.70749778582032
SEGURO,2407,169.0613630383329
SEGURO,2408,149.80589639805947
SEGURO,2409,174.03224076679732
SEGURO,2410,164.6628734031118
SEGURO,2411,142.9688279247756
SEGURO,2412,147.2847138544051
SEGURO,2413,155.137283566468
SEGURO,2414,155.20974617899174
SEGURO,2415,161.66077340827928
SEGURO,2416,137.21350140054614
SEGURO,2417,155.43276239046315
SEGURO,2418,159.00140671590475
SEGURO,2419,176.4021714700315
SEGURO,2420,149.62069172543866
SEGURO,2421,148.0267089740936
SEGURO,2422,154.08794447088462
SEGURO,2423,154.2437473988481
SEGURO,2424,155.30209707426567
SEGURO,2425,159.15106828442384
SEGURO,2426,157.14807119651448
SEGURO,2427,159.82860128058348
SEGURO,2428,154.5229772700414
SEGURO,2429,152.54044612318998
SEGURO,2430,143.6717431906962
SEGURO,2431,153.43556988512842
SEGURO,2432,138.1775097466531
SEGURO,2433,154.32198647647715
SEGURO,2434,145.5079797442548
SEGURO,2435,151.71626904973164
SEGURO,2436,161.0214309603545
SEGURO,2437,140.2942642243924
SEGURO,2438,161.36608042594264
SEGURO,2439,145.7365826163398
SEGURO,2440,146.03301245513342
SEGURO,2441,159.50244162048511
SEGURO,2442,156.06331332368237
SEGURO,2443,154.4680991006683
SEGURO,2444,156.87994154578794
SEGURO,2445,130.72075224389414
SEGURO,2446,157.7918371520243
SEGURO,2447,164.93631855820357
SEGURO,2448,160.86440669073892
SEGURO,2449,155.55994767507323
SEGURO,2450,149.1194887829544
SEGURO,2451,168.68455017741903
SEGURO,2452,144.6163105648039
SEGURO,2453,147.7993192373479
SEGURO,2454,152.04752315859182
SEGURO,2455,140.49295102208623
SEGURO,2456,152.10490632570986
SEGURO,2457,158.76667263386054
SEGURO,2458,162.65286458292096
SEGURO,2459,160.7808847517356
SEGURO,2460,157.58769029268785
SEGURO,2461,161.7483450077303
SEGURO,2462,159.4542346860269
SEGURO,2463,151.67571496713393
SEGURO,2464,169.9593338491849
SEGURO,2465,152.1216498869034
SEGURO,2466,158.55048774595235
SEGURO,2467,174.8045895278107
SEGURO,2468,155.95285750065113
SEGURO,2469,162.8408060487764
SEGURO,2470,149.32093318736278
SEGURO,2471,158.95481209101453
SEGURO,2472,160.66925441643994
SEGURO,2473,171.933141711926
SEGURO,2474,168.43469253422353
SEGURO,2475,150.6155839403405
SEGURO,2476,146.18741384148336
SEGURO,2477,139.89511431862442
SEGURO,2478,151.98233989906623
SEGURO,2479,153.14808359569727
SEGURO,2480,145.43956185092063
SEGURO,2481,164.3831124309591
SEGURO,2482,153.3474688290894
SEGURO,2483,152.30847989690187
SEGURO,2484,154.78681211641435
SEGURO,2485,136.72687126567817
SEGURO,2486,160.18630221772727
SEGURO,2487,143.61710215549203
SEGURO,2488,167.89541632467404
SEGURO,2489,168.3540038365993
SEGURO,2490,160.9115381128281
SEGURO,2491,162.84014919638201
SEGURO,2492,144.392114230752
SEGURO,2493,150.5632725635678
SEGURO,2494,158.14252957806846
SEGURO,2495,148.11755795300604
SEGURO,2496,156.2452632771109
SEGURO,2497,164.17323388281443
SEGURO,2498,162.39606658179414
SEGURO,2499,170.0664607773009
SEGURO,2500,153.95201691267252
SEGURO,2501,158.59844986365158
SEGURO,2502,149.6120923941182
SEGURO,2503,145.46899637985186
SEGURO,2504,147.87777745830957
SEGURO,2505,161.98650969537405
SEGURO,2506,156.75940366592837
SEGURO,2507,141.62957161002706
SEGURO,2508,147.1860059737441
SEGURO,2509,153.99642626569545
SEGURO,2510,157.9785847967171
SEGURO,2511,159.29099731548138
SEGURO,2512,154.01248593890557
SEGURO,2513,145.07478755842095
SEGURO,2514,153.12602488042205
SEGURO,2515,156.5199575611645
SEGURO,2516,145.2441577112259
SEGURO,2517,155.20647489386712
SEGURO,2518,144.13111258750249
SEGURO,2519,142.20678332782813
SEGURO,2520,146.89693018615682
SEGURO,2521,150.03694780319577
SEGURO,2522,154.27050221932245
SEGURO,2523,150.04652840477206
SEGURO,2524,162.27831628539585
SEGURO,2525,165.3311904162132
SEGURO,2526,144.24795774483
SEGURO,2527,140.83097457422537
SEGURO,2528,149.76326823247425
SEGURO,2529,151.61927883070308
SEGURO,2530,164.77858352166734
SEGURO,2531,162.87101199150334
SEGURO,2532,156.8536992462361
SEGURO,2533,155.0231678300719
SEGURO,2534,154.0069500388315
SEGURO,2535,148.54538036009396
SEGURO,2536,149.56589372526892
SEGURO,2537,165.68607609867843
SEGURO,2538,165.22953666147217
SEGURO,2539,152.9559251090326
SEGURO,2540,158.95543300613795
SEGURO,2541,153.50469326398397
SEGURO,2542,152.0551756909378
SEGURO,2543,149.1035956150919
SEGURO,2544,149.46073405547546
SEGURO,2545,158.41888039564665
SEGURO,2546,157.28870524656435
SEGURO,2547,154.0376686065717
SEGURO,2548,141.61923834433415
SEGURO,2549,142.9602281868174
SEGURO,2550,137.86106610193485
SEGURO,2551,134.44628411836783
SEGURO,2552,147.7402363966571
SEGURO,2553,133.7450457739698
SEGURO,2554,156.12719707594798
SEGURO,2555,164.89922242940662
SEGURO,2556,133.36669257276716
SEGURO,2557,146.31861495743163
SEGURO,2558,171.94727609799372
SEGURO,2559,155.57821771210428
SEGURO,2560,145.2768720952392
SEGURO,2561,165.8275080212519
SEGURO,2562,142.395982430288
SEGURO,2563,147.85351909550184
SEGURO,2564,169.37120139896825
SEGURO,2565,163.50532365560187
SEGURO,2566,145.27650007873305
SEGURO,2567,165.3482799627321
SEGURO,2568,165.7646846750602
SEGURO,2569,137.35321190929375
SEGURO,2570,151.03368976950975
SEGURO,2571,151.61693619261237
SEGURO,2572,161.03111408879442
SEGURO,2573,160.07085920232308
SEGURO,2574,157.44044500247924
SEGURO,2575,142.44911926040308
SEGURO,2576,160.99802345064523
SEGURO,2577,164.1799715985087
SEGURO,2578,153.249827430324
SEGURO,2579,158.58746628641313
SEGURO,2580,157.18380713371457
SEGURO,2581,163.297628457961
SEGURO,2582,158.9090765447757
SEGURO,2583,145.5063381000073
SEGURO,2584,175.0820074939843
SEGURO,2585,140.28371001592703
SEGURO,2586,149.11797610172715
SEGURO,2587,141.3423683497259
SEGURO,2588,166.4008160784573
SEGURO,2589,174.26161882550588
SEGURO,2590,151.86191070604306
SEGURO,2591,154.56621437173598
SEGURO,2592,146.4127390849947
SEGURO,2593,165.32048654734302
SEGURO,2594,164.19804940379288
SEGURO,2595,135.3045164819285
SEGURO,2596,153.26300323562856
SEGURO,2597,173.2755506200185
SEGURO,2598,151.78009659714664
SEGURO,2599,134.0071933133853
SEGURO,2600,144.88349991426935
SEGURO,2601,151.61145012756947
SEGURO,2602,162.5538014215574
SEGURO,2603,156.78780402879954
SEGURO,2604,155.99865583292737
SEGURO,2605,161.5124176813849
SEGURO,2606,149.51179531696056
SEGURO,2607,165.22641389413775
SEGURO,2608,136.47141777465197
SEGURO,2609,137.07622448517398
SEGURO,2610,155.90343878261262
SEGURO,2611,144.75005764350965
SEGURO,2612,152.6648746234458
SEGURO,2613,153.1454631252996
SEGURO,2614,135.80281697990281
SEGURO,2615,142.06083551796726
SEGURO,2616,139.5483608009622
SEGURO,2617,149.76957381236662
SEGURO,2618,157.17718502026122
SEGURO,2619,145.16820750540677
SEGURO,2620,159.84199157570532
SEGURO,2621,157.0107057459766
SEGURO,2622,162.57708297583102
SEGURO,2623,151.44981914952427
SEGURO,2624,148.5794354708182
SEGURO,2625,146.29190969785958
SEGURO,2626,157.71295731924852
SEGURO,2627,159.24382982037187
SEGURO,2628,163.57513077046292
SEGURO,2629,138.14200953588048
SEGURO,2630,146.2418385542253
SEGURO,2631,175.97451189372197
SEGURO,2632,153.05416231804338
SEGURO,2633,152.73144733077612
SEGURO,2634,166.19592365108048
SEGURO,2635,161.8748753143436
SEGURO,2636,157.53125641136882
SEGURO,2637,154.05469139472936
SEGURO,2638,157.048153304173
SEGURO,2639,158.11151562760017
SEGURO,2640,155.7920999016107
SEGURO,2641,147.13420364213488
SEGURO,2642,149.9949131465159
SEGURO,2643,149.97754292254103
SEGURO,2644,146.2461271169596
SEGURO,2645,152.54224961194413
SEGURO,2646,144.2498061291282
SEGURO,2647,159.63171195323133
SEGURO,2648,146.933201159874
SEGURO,2649,159.0546795001018
SEGURO,2650,163.0754923266812
SEGURO,2651,160.0875549460585
SEGURO,2652,151.5532517024338
SEGURO,2653,139.46644885318977
SEGURO,2654,148.7332160608832
SEGURO,2655,139.59727591628223
SEGURO,2656,171.9008223457068
SEGURO,2657,150.80871457263618
SEGURO,2658,168.98307963469892
SEGURO,2659,134.2391169053925
SEGURO,2660,162.4536564666654
SEGURO,2661,146.36394224423324
SEGURO,2662,153.5224801305412
SEGURO,2663,155.1739084798144
SEGURO,2664,153.70422718066152
SEGURO,2665,172.0785929980885
SEGURO,2666,149.68196419429503
SEGURO,2667,155.63769003655196
SEGURO,2668,148.39408357029748
SEGURO,2669,142.3237905509501
SEGURO,2670,177.1208037058843
SEGURO,2671,160.40861248148178
SEGURO,2672,147.27164286636932
SEGURO,2673,145.3826731605112
SEGURO,2674,152.9470848718283
SEGURO,2675,140.53036297755406
SEGURO,2676,150.8479139452564
SEGURO,2677,149.59107315434258
SEGURO,2678,147.98820019054273
SEGURO,2679,151.90988755911548
SEGURO,2680,158.0802950180718
SEGURO,2681,173.24490746816028
SEGURO,2682,150.63292002793258
SEGURO,2683,168.29363459590036
SEGURO,2684,160.720488410757
SEGURO,2685,154.48845009758801
SEGURO,2686,151.9961487505813
SEGURO,2687,152.70128444166406
SEGURO,2688,151.2877308855803
SEGURO,2689,164.75723836878538
SEGURO,2690,144.69478287293475
SEGURO,2691,152.56970732903196
SEGURO,2692,138.9234253842892
SEGURO,2693,147.34926869782655
SEGURO,2694,145.17924040154827
SEGURO,2695,148.6918762017533
SEGURO,2696,157.95069502677535
SEGURO,2697,152.8211532719033
SEGURO,2698,158.11124123963563
SEGURO,2699,159.76330446497587
SEGURO,2700,141.31741614869873
SEGURO,2701,172.35266351166607
SEGURO,2702,174.98052791856202
SEGURO,2703,163.51390144640243
SEGURO,2704,149.0263070829534
SEGURO,2705,160.9813788608988
SEGURO,2706,147.79541797059815
SEGURO,2707,137.86194570484523
SEGURO,2708,152.64043171917888
SEGURO,2709,139.41490960807863
SEGURO,2710,147.48732244491092
SEGURO,2711,154.39339722033074
SEGURO,2712,130.65933640756268
SEGURO,2713,140.93737121235787
SEGURO,2714,140.4025855821569
SEGURO,2715,145.73445216585776
SEGURO,2716,155.7580048850308
SEGURO,2717,158.9519335062432
SEGURO,2718,147.93330559963653
SEGURO,2719,143.72536330295333
SEGURO,2720,149.48048716888897
SEGURO,2721,145.56963264715841
SEGURO,2722,164.31209738753228
SEGURO,2723,164.58938761126456
SEGURO,2724,165.59356218538971
SEGURO,2725,149.63226706860743
SEGURO,2726,151.03982242866462
SEGURO,2727,140.2210112452357
SEGURO,2728,152.8327132648976
SEGURO,2729,143.31830542820026
SEGURO,2730,170.50891388523723
SEGURO,2731,161.64284315255426
SEGURO,2732,147.97529197841536
SEGURO,2733,158.2151281385386
SEGURO,2734,149.94633374652068
SEGURO,2735,168.76576764201155
SEGURO,2736,158.5034304937575
SEGURO,2737,162.3996194114098
SEGURO,2738,155.46433480271696
SEGURO,2739,150.3901247826827
SEGURO,2740,168.35557250691826
SEGURO,2741,149.37902106691007
SEGURO,2742,151.81876489471662
SEGURO,2743,158.62222558798481
SEGURO,2744,167.1560725742733
SEGURO,2745,155.5318772572347
SEGURO,2746,164.78530046133497
SEGURO,2747,165.7960302419694
SEGURO,2748,158.54390689236646
SEGURO,2749,144.1572537147127
SEGURO,2750,148.2586122315626
SEGURO,2751,152.5636462474799
SEGURO,2752,148.6758085326129
SEGURO,2753,141.94465213474987
SEGURO,2754,165.70131917735782
SEGURO,2755,150.37770710407614
SEGURO,2756,144.97107535074028
SEGURO,2757,142.2183098955201
SEGURO,2758,144.03065076953146
SEGURO,2759,155.16943482577764
SEGURO,2760,161.3852539881086
SEGURO,2761,149.66614467682842
SEGURO,2762,167.67879079165698
SEGURO,2763,149.6610304567514
SEGURO,2764,144.03972731522222
SEGURO,2765,161.45137748511027
SEGURO,2766,145.48830592388947
SEGURO,2767,159.82796131525345
SEGURO,2768,160.86061557780852
SEGURO,2769,158.20573694179063
SEGURO,2770,158.05222290995707
SEGURO,2771,157.17213361386675
SEGURO,2772,154.48620682899266
SEGURO,2773,147.5236252104839
SEGURO,2774,159.58931261769217
SEGURO,2775,153.76728689810608
SEGURO,2776,139.94886849814876
SEGURO,2777,152.80341745794402
SEGURO,2778,146.64577308647213
SEGURO,2779,155.73198176975973
SEGURO,2780,164.74707708480364
SEGURO,2781,158.0452569574415
SEGURO,2782,150.93244532657357
SEGURO,2783,155.33078043306236
SEGURO,2784,152.18848594607365
SEGURO,2785,153.93859765162122
SEGURO,2786,155.46006114949958
SEGURO,2787,148.86920320158268
SEGURO,2788,162.02955536241535
SEGURO,2789,168.15941682119552
SEGURO,2790,160.55228814466489
SEGURO,2791,158.27938505107437
SEGURO,2792,148.8252389493953
SEGURO,2793,159.0997582342406
SEGURO,2794,155.94467126294902
SEGURO,2795,135.21135444068437
SEGURO,2796,145.46734801627346
SEGURO,2797,144.47945918769437
SEGURO,2798,155.34236796397317
SEGURO,2799,166.95149411860132
SEGURO,2800,146.52494103050213
SEGURO,2801,150.29565290847535
SEGURO,2802,142.54119115832665
SEGURO,2803,141.25805406684705
SEGURO,2804,154.16082627440773
SEGURO,2805,165.18490845987097
SEGURO,2806,163.06294828514137
SEGURO,2807,150.26718106284625
SEGURO,2808,146.59229654670324
SEGURO,2809,148.73610265148184
SEGURO,2810,148.10933195751602
SEGURO,2811,163.00083080807178
SEGURO,2812,135.04192854810736
SEGURO,2813,143.91985603735714
SEGURO,2814,154.23072640808186
SEGURO,2815,147.75959182354381
SEGURO,2816,148.6717811398634
SEGURO,2817,145.8656130425087
SEGURO,2818,162.25826598272755
SEGURO,2819,147.11775834460695
SEGURO,2820,154.99640878835066
SEGURO,2821,157.0886745905365
SEGURO,2822,148.89202229056127
SEGURO,2823,153.88021616755145
SEGURO,2824,137.37955346300396
SEGURO,2825,170.09047780302808
SEGURO,2826,165.57089470711605
SEGURO,2827,150.11264797778236
SEGURO,2828,147.8010972592631
SEGURO,2829,142.85258325980286
SEGURO,2830,163.5247307471722
SEGURO,2831,160.15568717078884
SEGURO,2832,149.81506368141368
SEGURO,2833,143.5679489871154
SEGURO,2834,150.64124890974577
SEGURO,2835,162.8380839757486
SEGURO,2836,154.5568126952692
SEGURO,2837,161.31652278849236
SEGURO,2838,151.28659653793477
SEGURO,2839,161.25654771810213
SEGURO,2840,165.8407336455233
SEGURO,2841,153.33692682723125
SEGURO,2842,169.39202687694006
SEGURO,2843,149.9919905116934
SEGURO,2844,141.5455542568692
SEGURO,2845,139.2114223413736
SEGURO,2846,157.61987822954336
SEGURO,2847,147.4821625783735
SEGURO,2848,145.16628687887942
SEGURO,2849,156.56350771862185
SEGURO,2850,165.89513908363264
SEGURO,2851,154.8306485546638
SEGURO,2852,126.78199375816234
SEGURO,2853,167.283219036207
SEGURO,2854,146.04273075748023
SEGURO,2855,152.20735192414236
SEGURO,2856,161.45635779437242
SEGURO,2857,157.1237043978602
SEGURO,2858,167.65689898288278
SEGURO,2859,170.2612465831445
SEGURO,2860,164.07993152949956
SEGURO,2861,160.0229845779051
SEGURO,2862,130.70074145823386
SEGURO,2863,152.3996032348163
SEGURO,2864,151.93314101877587
SEGURO,2865,148.41190653580568
SEGURO,2866,158.084196233852
SEGURO,2867,150.9664334250611
SEGURO,2868,150.85407127563252
SEGURO,2869,157.96967643596656
SEGURO,2870,146.11467873293887
SEGURO,2871,147.67315490008107
SEGURO,2872,154.16868277437834
SEGURO,2873,166.96672941134514
SEGURO,2874,141.09349142948926
SEGURO,2875,149.50351102194492
SEGURO,2876,164.33825156751152
SEGURO,2877,146.8983009927961
SEGURO,2878,154.79104217728562
SEGURO,2879,144.6092602829908
SEGURO,2880,141.8462464875268
SEGURO,2881,145.78443819770828
SEGURO,2882,143.84694215119828
SEGURO,2883,150.42681821427522
SEGURO,2884,160.01870814712208
SEGURO,2885,149.89352433339215
SEGURO,2886,141.1620766341251
SEGURO,2887,160.997476059084
SEGURO,2888,161.90935158445515
SEGURO,2889,146.02323033935642
SEGURO,2890,156.39265705622518
SEGURO,2891,151.1372329540402
SEGURO,2892,154.0565314648368
SEGURO,2893,158.86077531302266
SEGURO,2894,156.1206345861517
SEGURO,2895,156.53714211222365
SEGURO,2896,143.8274208523036
SEGURO,2897,166.42242293807178
SEGURO,2898,159.15077196211263
SEGURO,2899,136.81907352032124
SEGURO,2900,133.6050669557247
SEGURO,2901,140.91540455133804
SEGURO,2902,152.25970105356143
SEGURO,2903,156.65774544285242
SEGURO,2904,144.7058889468892
SEGURO,2905,149.15039181942578
SEGURO,2906,151.87848558182338
SEGURO,2907,151.69584873580965
SEGURO,2908,141.3126793096608
SEGURO,2909,153.75320985976077
SEGURO,2910,143.9744349648803
SEGURO,2911,156.2011464752711
SEGURO,2912,157.8525794426039
SEGURO,2913,162.37865226693617
SEGURO,2914,139.8762249847164
SEGURO,2915,143.48607388916272
SEGURO,2916,156.7704773903347
SEGURO,2917,159.63816573280351
SEGURO,2918,138.33936139127854
SEGURO,2919,127.17609795529755
SEGURO,2920,132.93740222078776
SEGURO,2921,163.54958216900255
SEGURO,2922,132.51010086686532
SEGURO,2923,149.9109022714876
SEGURO,2924,149.81233772572344
SEGURO,2925,158.50892120770024
SEGURO,2926,155.65395157493526
SEGURO,2927,157.5711375309084
SEGURO,2928,164.33928545867377
SEGURO,2929,152.04370019290488
SEGURO,2930,150.59214825107262
SEGURO,2931,166.87057933364034
SEGURO,2932,148.8328923207032
SEGURO,2933,153.00754676793247
SEGURO,2934,168.34134256662787
SEGURO,2935,147.33849276683137
SEGURO,2936,160.2439764013105
SEGURO,2937,171.4040491581397
SEGURO,2938,161.6067035265277
SEGURO,2939,146.51216528723728
SEGURO,2940,153.09170877137473
SEGURO,2941,149.0280565637257
SEGURO,2942,149.0748376812359
SEGURO,2943,147.2406584820954
SEGURO,2944,155.3862511629365
SEGURO,2945,163.6209716363512
SEGURO,2946,141.98713185014896
SEGURO,2947,167.48354758837786
SEGURO,2948,176.36995643888963
SEGURO,2949,146.52770318630945
SEGURO,2950,157.4362416480294
SEGURO,2951,161.0564407111149
SEGURO,2952,160.40230582268157
SEGURO,2953,158.17170403201746
SEGURO,2954,169.74331115554858
SEGURO,2955,141.797112661197
SEGURO,2956,157.31615106777144
SEGURO,2957,148.97849191168999
SEGURO,2958,140.85698237694123
SEGURO,2959,166.13899986476198
SEGURO,2960,149.8001440520252
SEGURO,2961,148.22206942390181
SEGURO,2962,145.82516090589837
SEGURO,2963,139.9315022548958
SEGURO,2964,169.36556447900267
SEGURO,2965,151.94437476472515
SEGURO,2966,155.6780183816877
SEGURO,2967,148.37949705790544
SEGURO,2968,158.19456875209468
SEGURO,2969,160.37680015964443
SEGURO,2970,140.06277998179354
SEGURO,2971,160.50799476005116
SEGURO,2972,174.41243335358567
SEGURO,2973,159.92010122545352
SEGURO,2974,165.26311500706686
SEGURO,2975,171.38958549856093
SEGURO,2976,148.1815505643682
SEGURO,2977,168.6663394715676
SEGURO,2978,147.47514671809495
SEGURO,2979,149.46104844082117
SEGURO,2980,168.797370431593
SEGURO,2981,156.87342930627463
SEGURO,2982,149.7138706546589
SEGURO,2983,161.91467630574817
SEGURO,2984,164.3517204174803
SEGURO,2985,147.70917659300113
SEGURO,2986,152.15464121007082
SEGURO,2987,163.52196883435477
SEGURO,2988,159.68174960764645
SEGURO,2989,152.23958670024606
SEGURO,2990,151.04177992838746
SEGURO,2991,144.22050095427875
SEGURO,2992,172.83453908704962
SEGURO,2993,145.12491005223168
SEGURO,2994,154.28860689332768
SEGURO,2995,152.1851162548433
SEGURO,2996,155.71682781094256
SEGURO,2997,167.63624851728036
SEGURO,2998,145.8587484757104
SEGURO,2999,146.64526054233343
SEGURO,3000,158.74981807374562
SEGURO,3001,150.1011313012028
SEGURO,3002,168.35841184538168
SEGURO,3003,139.41972818408775
SEGURO,3004,164.47168707952264
SEGURO,3005,168.1860436123123
SEGURO,3006,170.14683150859776
SEGURO,3007,156.28184250900588
SEGURO,3008,168.50246365693909
SEGURO,3009,153.3185472607737
SEGURO,3010,160.84875087171366
SEGURO,3011,134.56653601644072
SEGURO,3012,144.02901778863793
SEGURO,3013,131.73452746976804
SEGURO,3014,144.81839590233886
SEGURO,3015,162.851246761215
SEGURO,3016,154.06029577436817
SEGURO,3017,146.0999504546178
SEGURO,3018,134.79038267119836
SEGURO,3019,156.9286692312359
SEGURO,3020,157.48824439943462
SEGURO,3021,142.1266656881282
SEGURO,3022,137.22652706539645
SEGURO,3023,141.89087662911888
SEGURO,3024,152.60496653313325
SEGURO,3025,121.4883340850181
SEGURO,3026,153.81942643653744
SEGURO,3027,160.09177488121838
SEGURO,3028,134.93139169952943
SEGURO,3029,153.0689786054893
SEGURO,3030,145.59601464489546
SEGURO,3031,129.34437090609316
SEGURO,3032,168.8817384234785
SEGURO,3033,155.22758276544033
SEGURO,3034,151.31068730350543
SEGURO,3035,155.87440531196822
SEGURO,3036,154.92938385946576
SEGURO,3037,151.24466060420593
SEGURO,3038,154.14551991530914
SEGURO,3039,161.57361929148172
SEGURO,3040,156.42867031173364
SEGURO,3041,158.85456530548072
SEGURO,3042,160.8787895158484
SEGURO,3043,156.0347170971404
SEGURO,3044,159.20223816733673
SEGURO,3045,147.0366324518762
SEGURO,3046,152.43649735831252
SEGURO,3047,142.97951540312016
SEGURO,3048,151.00601587459298
SEGURO,3049,145.74715109065815
SEGURO,3050,142.84566726739538
SEGURO,3051,147.54611962473223
SEGURO,3052,156.1833157190127
SEGURO,3053,152.54053936393444
SEGURO,3054,139.20317663333304
SEGURO,3055,154.3806743842691
SEGURO,3056,157.8819245878437
SEGURO,3057,147.9839970468635
SEGURO,3058,152.8854663764708
SEGURO,3059,156.33344807352427
SEGURO,3060,154.19073298290468
SEGURO,3061,165.21964061223272
SEGURO,3062,153.33130544368765
SEGURO,3063,145.13089443886247
SEGURO,3064,160.94782597625448
SEGURO,3065,146.01740670782226
SEGURO,3066,139.5466659906402
SEGURO,3067,156.54801193734744
SEGURO,3068,146.3813455033116
SEGURO,3069,157.9048240042252
SEGURO,3070,147.79512561584272
SEGURO,3071,146.60615186978688
SEGURO,3072,157.62977134936392
SEGURO,3073,162.71293679404215
SEGURO,3074,148.3974034018035
SEGURO,3075,157.04733507012094
SEGURO,3076,163.75866341924143
SEGURO,3077,146.15238178317065
SEGURO,3078,143.5978831396313
SEGURO,3079,137.32630891344354
SEGURO,3080,149.0812348873244
SEGURO,3081,147.81212065501725
SEGURO,3082,156.06806190780887
SEGURO,3083,155.09647552071797
SEGURO,3084,154.48510521872365
SEGURO,3085,151.4932708595888
SEGURO,3086,168.18638638805692
SEGURO,3087,152.77829272847256
SEGURO,3088,156.21146857497752
SEGURO,3089,154.15399097227512
SEGURO,3090,145.99506464832922
SEGURO,3091,149.05875596112156
SEGURO,3092,150.43918154239944
SEGURO,3093,136.98086291441734
SEGURO,3094,157.48936381387412
SEGURO,3095,152.40398807279604
SEGURO,3096,160.12778125176544
SEGURO,3097,161.85107656343766
SEGURO,3098,156.32575690988912
SEGURO,3099,155.10056478244874
SEGURO,3100,164.19711795919835
SEGURO,3101,164.22513285749068
SEGURO,3102,147.83374089812006
SEGURO,3103,153.93053944697243
SEGURO,3104,153.03139932711264
SEGURO,3105,157.94837918054773
SEGURO,3106,154.16175706412835
SEGURO,3107,161.93802058912217
SEGURO,3108,150.41090424831552
SEGURO,3109,151.3564577086955
SEGURO,3110,159.38004027195657
SEGURO,3111,149.98679901729787
SEGURO,3112,168.60712140120555
SEGURO,3113,154.09757585288057
SEGURO,3114,156.61480813108608
SEGURO,3115,141.70416153724983
SEGURO,3116,155.4405083997541
SEGURO,3117,158.67749133063515
SEGURO,3118,152.66720490302558
SEGURO,3119,147.03412997061432
SEGURO,3120,156.40721199208818
SEGURO,3121,158.91783183287575
SEGURO,3122,155.82337490763862
SEGURO,3123,153.7123089567771
SEGURO,3124,166.10864779066085
SEGURO,3125,156.21454059180448
SEGURO,3126,154.33963416771815
SEGURO,3127,156.40015014602452
SEGURO,3128,142.7763313403917
SEGURO,3129,147.20619741772094
SEGURO,3130,172.76238936586768
SEGURO,3131,163.69494841141574
SEGURO,3132,141.6619519306931
SEGURO,3133,157.57252536146737
SEGURO,3134,138.12532389767028
SEGURO,3135,140.1310891190523
SEGURO,3136,167.74970585493958
SEGURO,3137,157.9643003246145
SEGURO,3138,147.52741893246483
SEGURO,3139,152.77374199083195
SEGURO,3140,145.21438201781402
SEGURO,3141,148.13003055111224
SEGURO,3142,141.34683057864484
SEGURO,3143,146.17410417709442
SEGURO,3144,153.45537247462207
SEGURO,3145,152.79862090846046
SEGURO,3146,145.65563447626124
SEGURO,3147,148.23483776409924
SEGURO,3148,159.42880556676954
SEGURO,3149,158.19715486236313
SEGURO,3150,153.42598519147165
SEGURO,3151,145.40344925754368
SEGURO,3152,169.00542094739225
SEGURO,3153,161.6428715978042
SEGURO,3154,144.98454046524466
SEGURO,3155,163.76556591551758
SEGURO,3156,151.44927120192358
SEGURO,3157,158.76897523600041
SEGURO,3158,149.6708091851077
SEGURO,3159,163.66091357756267
SEGURO,3160,159.32562359906518
SEGURO,3161,154.12801285633776
SEGURO,3162,162.26094841718822
SEGURO,3163,166.12017388006123
SEGURO,3164,158.19480340777042
SEGURO,3165,165.7779159007921
SEGURO,3166,151.89506400995947
SEGURO,3167,145.03419401737676
SEGURO,3168,144.39859135499216
SEGURO,3169,157.12069574511528
SEGURO,3170,163.3375170907722
SEGURO,3171,147.45838769242116
SEGURO,3172,152.5034648052802
SEGURO,3173,169.2275571242553
SEGURO,3174,161.00152971877895
SEGURO,3175,152.4590549037648
SEGURO,3176,145.98886407352512
SEGURO,3177,163.10880401934017
SEGURO,3178,156.3575850963848
SEGURO,3179,148.11999756524744
SEGURO,3180,146.27495166847197
SEGURO,3181,158.3862006319694
SEGURO,3182,144.9239866042499
SEGURO,3183,137.77203906786517
SEGURO,3184,148.45751697102378
SEGURO,3185,143.92124159704048
SEGURO,3186,146.6891715941079
SEGURO,3187,156.31142825629817
SEGURO,3188,140.92268098799133
SEGURO,3189,152.5966222104929
SEGURO,3190,131.3299042238468
SEGURO,3191,142.22962310019554
SEGURO,3192,158.71648332421063
SEGURO,3193,156.6063902309266
SEGURO,3194,144.9572261020294
SEGURO,3195,154.50422250209
SEGURO,3196,151.51146692653955
SEGURO,3197,153.26341471595182
SEGURO,3198,154.01148847418105
SEGURO,3199,150.96138822103012
SEGURO,3200,141.0883910587745
SEGURO,3201,149.78128029364782
SEGURO,3202,156.57112403251142
SEGURO,3203,160.25627513277243
SEGURO,3204,152.95683482646731
SEGURO,3205,156.52457551008786
SEGURO,3206,165.9608133649165
SEGURO,3207,161.56756715639304
SEGURO,3208,152.5289302475528
SEGURO,3209,142.88734440530942
SEGURO,3210,139.2023678931832
SEGURO,3211,139.4072456998491
SEGURO,3212,163.80248070237522
SEGURO,3213,147.05318487458095
SEGURO,3214,158.84289583379717
SEGURO,3215,154.30215201975196
SEGURO,3216,150.93050746412857
SEGURO,3217,132.75454960141823
SEGURO,3218,152.79764343847734
SEGURO,3219,150.66889410147252
SEGURO,3220,158.92135484872568
SEGURO,3221,157.8859409818701
SEGURO,3222,157.5980849636906
SEGURO,3223,156.27232964495474
SEGURO,3224,165.54142196851507
SEGURO,3225,162.77980440905526
SEGURO,3226,146.44157455120143
SEGURO,3227,147.4125993441873
SEGURO,3228,156.76853132461324
SEGURO,3229,167.239755642307
SEGURO,3230,166.22611866922372
SEGURO,3231,158.3061724920467
SEGURO,3232,137.933514980227
SEGURO,3233,154.358770995943
SEGURO,3234,149.65232576344795
SEGURO,3235,145.34748103365058
SEGURO,3236,148.80878023643353
SEGURO,3237,146.83124684296746
SEGURO,3238,153.86350250167825
SEGURO,3239,160.41571743964568
SEGURO,3240,166.28444393285235
SEGURO,3241,157.58388522818944
SEGURO,3242,142.66833576235118
SEGURO,3243,149.09562425880648
SEGURO,3244,133.62510249738855
SEGURO,3245,145.93085918160028
SEGURO,3246,138.6349065960378
SEGURO,3247,143.18945047012164
SEGURO,3248,141.76270801315246
SEGURO,3249,133.68985799112306
SEGURO,3250,153.23127601133515
SEGURO,3251,169.5873572593667
SEGURO,3252,142.53419587830845
SEGURO,3253,162.41510504885628
SEGURO,3254,145.661481050933
SEGURO,3255,153.0848825071343
SEGURO,3256,156.04323698026724
SEGURO,3257,162.4324416909088
SEGURO,3258,154.17951255132834
SEGURO,3259,159.3044485188489
SEGURO,3260,136.11864265527117
SEGURO,3261,157.24201982440462
SEGURO,3262,156.88801558867482
SEGURO,3263,147.54030708810564
SEGURO,3264,157.9167200373535
SEGURO,3265,156.05827089654218
SEGURO,3266,160.87339494919456
SEGURO,3267,155.13950132573524
SEGURO,3268,143.4346050451875
SEGURO,3269,144.67377282512015
SEGURO,3270,149.66372377521043
SEGURO,3271,147.71346975925098
SEGURO,3272,156.69285181825467
SEGURO,3273,151.00222684845625
SEGURO,3274,141.86050915705258
SEGURO,3275,161.7299486023452
SEGURO,3276,151.48934523469921
SEGURO,3277,160.15408671260192
SEGURO,3278,160.61737559378275
SEGURO,3279,144.71479770987034
SEGURO,3280,169.501915749529
SEGURO,3281,165.91141329870388
SEGURO,3282,146.32198698291097
SEGURO,3283,160.89148740376817
SEGURO,3284,141.9007384286141
SEGURO,3285,157.82798065426132
SEGURO,3286,166.5643728258825
SEGURO,3287,152.40061577659665
SEGURO,3288,154.41526739173904
SEGURO,3289,167.88320859793023
SEGURO,3290,151.72093701056758
SEGURO,3291,157.98664714954643
SEGURO,3292,154.3450201622928
SEGURO,3293,142.64523102627751
SEGURO,3294,157.3916020367323
SEGURO,3295,153.32395587653795
SEGURO,3296,173.5855530498703
SEGURO,3297,157.71035706660837
SEGURO,3298,163.46144899375102
SEGURO,3299,145.61888539945204
SEGURO,3300,151.44170863260243
SEGURO,3301,157.9875467108957
SEGURO,3302,144.6234552199629
SEGURO,3303,149.47173056546066
SEGURO,3304,163.73205175077308
SEGURO,3305,161.4517713370005
SEGURO,3306,149.8997648013446
SEGURO,3307,142.24948670125335
SEGURO,3308,154.68231262427437
SEGURO,3309,151.61550304919086
SEGURO,3310,172.26285117787447
SEGURO,3311,148.41891678913254
SEGURO,3312,168.15932694009092
SEGURO,3313,135.6612951172096
SEGURO,3314,149.80014917129444
SEGURO,3315,139.96192863569738
SEGURO,3316,138.57468582554145
SEGURO,3317,156.40824766300057
SEGURO,3318,147.88823108765087
SEGURO,3319,162.38875749088035
SEGURO,3320,156.4551746591589
SEGURO,3321,145.78013338407195
SEGURO,3322,146.73860413320426
SEGURO,3323,159.09626093259143
SEGURO,3324,146.41092653511726
SEGURO,3325,155.7807778908016
SEGURO,3326,146.87550316327656
SEGURO,3327,139.57748912079322
SEGURO,3328,147.42198374772826
SEGURO,3329,146.5679606804347
SEGURO,3330,140.3834488193986
SEGURO,3331,158.19257631804442
SEGURO,3332,143.76674970468488
SEGURO,3333,142.9159144455216
SEGURO,3334,129.9701600649745
SEGURO,3335,156.9115369597871
SEGURO,3336,144.24916414193868
SEGURO,3337,153.34783747583455
SEGURO,3338,158.36867068581648
SEGURO,3339,165.43774142314157
SEGURO,3340,152.9617209269918
SEGURO,3341,137.01738922810472
SEGURO,3342,143.7959139829925
SEGURO,3343,155.2091733865353
SEGURO,3344,143.19598476187844
SEGURO,3345,145.22255786504624
SEGURO,3346,147.63339543046365
SEGURO,3347,163.04166241942778
SEGURO,3348,171.8251822310609
SEGURO,3349,152.9546434326266
SEGURO,3350,154.44961623072967
SEGURO,3351,142.42985311458386
SEGURO,3352,149.5022901466021
SEGURO,3353,138.70313022376735
SEGURO,3354,167.00371900950347
SEGURO,3355,174.7749547325742
SEGURO,3356,149.59491803730626
SEGURO,3357,156.00324324309685
SEGURO,3358,155.08869927823764
SEGURO,3359,151.8599192897202
SEGURO,3360,156.06942451165898
SEGURO,3361,153.0025073033885
SEGURO,3362,174.4283817497196
SEGURO,3363,155.2217567443247
SEGURO,3364,158.06165535158212
SEGURO,3365,169.41824434743657
SEGURO,3366,171.72479567328378
SEGURO,3367,157.0186860796006
SEGURO,3368,156.05191317637394
SEGURO,3369,156.64563098851494
SEGURO,3370,155.32052006727602
SEGURO,3371,151.74023724723745
SEGURO,3372,149.65691289288637
SEGURO,3373,160.37116417163466
SEGURO,3374,169.5409950039921
SEGURO,3375,153.36995535903816
SEGURO,3376,171.27985639437253
SEGURO,3377,153.87229194914218
SEGURO,3378,142.9375390210377
SEGURO,3379,151.0192171503817
SEGURO,3380,142.33266736364217
SEGURO,3381,153.18263744095168
SEGURO,3382,143.16035314742265
SEGURO,3383,151.89789525695846
SEGURO,3384,160.09273408436806
SEGURO,3385,150.9590759136604
SEGURO,3386,144.98209194917266
SEGURO,3387,141.98174908320885
SEGURO,3388,148.4485600607563
SEGURO,3389,160.4093130009658
SEGURO,3390,144.4609125032527
SEGURO,3391,156.06600542149786
SEGURO,3392,159.44585149674805
SEGURO,3393,141.89438396339608
SEGURO,3394,158.1995264140942
SEGURO,3395,154.63731739922747
SEGURO,3396,150.2828057976514
SEGURO,3397,150.9633910419306
SEGURO,3398,166.20181188108918
SEGURO,3399,135.34734233754943
SEGURO,3400,146.2953220969513
SEGURO,3401,150.77118358147254
SEGURO,3402,163.15536687490402
SEGURO,3403,163.1558507142405
SEGURO,3404,146.91663615667244
SEGURO,3405,147.90867171165303
SEGURO,3406,138.40458350443095
SEGURO,3407,152.4575795114219
SEGURO,3408,154.81500160312342
SEGURO,3409,161.43348522401877
SEGURO,3410,153.41070130185665
SEGURO,3411,145.272237747478
SEGURO,3412,165.79355852339836
SEGURO,3413,153.73036818190906
SEGURO,3414,151.8212377984269
SEGURO,3415,145.6290536432678
SEGURO,3416,140.93787597983237
SEGURO,3417,153.40712144087888
SEGURO,3418,152.98184853584985
SEGURO,3419,135.48252498994654
SEGURO,3420,148.8328279335643
SEGURO,3421,158.7609638344858
SEGURO,3422,129.33305619944213
SEGURO,3423,149.07935651058233
SEGURO,3424,153.29164535779216
SEGURO,3425,163.25212033714914
SEGURO,3426,163.91547462782088
SEGURO,3427,137.43039857140047
SEGURO,3428,147.49313151606194
SEGURO,3429,151.59258673266527
SEGURO,3430,138.36660797477884
SEGURO,3431,144.83542005851578
SEGURO,3432,164.20654842324453
SEGURO,3433,155.87526658119717
SEGURO,3434,153.08944430685153
SEGURO,3435,155.47746174159258
SEGURO,3436,143.8778611013676
SEGURO,3437,157.91230644907188
SEGURO,3438,146.41644492187106
SEGURO,3439,172.2940399355679
SEGURO,3440,146.0279513740598
SEGURO,3441,144.9583892525406
SEGURO,3442,156.41910757612575
SEGURO,3443,149.8099866090683
SEGURO,3444,149.16867812008672
SEGURO,3445,160.14853990796965
SEGURO,3446,160.49988108117472
SEGURO,3447,157.09350137658652
SEGURO,3448,154.7546317222922
SEGURO,3449,149.95643309070417
SEGURO,3450,137.69042138683656
SEGURO,3451,158.72567710900643
SEGURO,3452,151.6117040339126
SEGURO,3453,153.37348519600428
SEGURO,3454,164.9407805426884
SEGURO,3455,166.8229986237702
SEGURO,3456,143.48264327553628
SEGURO,3457,161.34076607652784
SEGURO,3458,151.92771420026173
SEGURO,3459,146.52862582752647
SEGURO,3460,143.87876771437774
SEGURO,3461,154.30975499574058
SEGURO,3462,139.28222210824754
SEGURO,3463,157.499158461934
SEGURO,3464,160.8927253734835
SEGURO,3465,163.53781166506948
SEGURO,3466,157.6056339685008
SEGURO,3467,133.71842646391963
SEGURO,3468,153.40495608948285
SEGURO,3469,153.0979771490513
SEGURO,3470,141.2551563220153
SEGURO,3471,153.3093228841683
SEGURO,3472,146.94037473585638
SEGURO,3473,132.12814355301876
SEGURO,3474,136.80557162308267
SEGURO,3475,146.7878814908465
SEGURO,3476,156.03142939326446
SEGURO,3477,152.99301952772657
SEGURO,3478,166.0373728597387
SEGURO,3479,141.47770620855013
SEGURO,3480,136.86679338406088
SEGURO,3481,155.06670102331088
SEGURO,3482,147.39089238919212
SEGURO,3483,163.83705042620736
SEGURO,3484,166.26577717558945
SEGURO,3485,155.70881526647295
SEGURO,3486,154.0838181352792
SEGURO,3487,146.19558637908
SEGURO,3488,165.4633624576844
SEGURO,3489,155.05904450968853
SEGURO,3490,157.14166311823553
SEGURO,3491,153.05353439627575
SEGURO,3492,164.37252540822607
SEGURO,3493,151.3801638406276
SEGURO,3494,132.35789731902597
SEGURO,3495,156.34107240140932
SEGURO,3496,162.48987552922023
SEGURO,3497,167.65477292464644
SEGURO,3498,148.5306816044421
SEGURO,3499,151.5516856029576
SEGURO,3500,142.88755548924627
SEGURO,3501,141.09329590920356
SEGURO,3502,174.30596583050902
SEGURO,3503,177.63478565812972
SEGURO,3504,164.38006783053953
SEGURO,3505,145.7930812098573
SEGURO,3506,155.7554169546877
SEGURO,3507,154.71614975642908
SEGURO,3508,172.93719845767072
SEGURO,3509,149.45408680382798
SEGURO,3510,143.57376878310086
SEGURO,3511,154.14949019203104
SEGURO,3512,161.6214981278885
SEGURO,3513,149.31025562484984
SEGURO,3514,147.96195486758194
SEGURO,3515,151.7476977102378
SEGURO,3516,149.19329040755335
SEGURO,3517,152.14312569507084
SEGURO,3518,162.31257172498402
SEGURO,3519,161.97018127396197
SEGURO,3520,148.03553127027942
SEGURO,3521,145.1497952283174
SEGURO,3522,151.1478940388223
SEGURO,3523,172.25502954868693
SEGURO,3524,155.18321594779982
SEGURO,3525,136.22168350557385
SEGURO,3526,140.9214403565083
SEGURO,3527,152.28169400187375
SEGURO,3528,153.58118055487878
SEGURO,3529,166.46996298840787
SEGURO,3530,149.87024192349833
SEGURO,3531,144.18983484113144
SEGURO,3532,160.9101649784037
SEGURO,3533,145.32220536863065
SEGURO,3534,152.53204161763952
SEGURO,3535,162.55799995924679
SEGURO,3536,134.9279229687587
SEGURO,3537,160.23088486651486
SEGURO,3538,149.41623305447558
SEGURO,3539,153.80579570736603
SEGURO,3540,169.40358564535043
SEGURO,3541,164.72574320669997
SEGURO,3542,147.03853878872545
SEGURO,3543,144.8468256036517
SEGURO,3544,142.51149576063077
SEGURO,3545,148.33219108049795
SEGURO,3546,148.67325317040923
SEGURO,3547,157.2809717640047
SEGURO,3548,153.57535049370767
SEGURO,3549,159.29365258981213
SEGURO,3550,142.772661216992
SEGURO,3551,159.16276443586548
SEGURO,3552,158.18717267976513
SEGURO,3553,158.91770497548896
SEGURO,3554,162.52956649314484
SEGURO,3555,162.57530160228572
SEGURO,3556,154.65065409935454
SEGURO,3557,153.69823371439136
SEGURO,3558,150.54592020153783
SEGURO,3559,162.4410194465027
SEGURO,3560,150.24038224445775
SEGURO,3561,165.1013372437592
SEGURO,3562,148.5377507552494
SEGURO,3563,157.160646519421
SEGURO,3564,145.94032124694215
SEGURO,3565,154.29818213061316
SEGURO,3566,155.95638312319366
SEGURO,3567,143.35462985965208
SEGURO,3568,159.62337021346178
SEGURO,3569,162.16515887324977
SEGURO,3570,162.7767880488182
SEGURO,3571,138.6399437949285
SEGURO,3572,166.8047105108182
SEGURO,3573,146.59034900135623
SEGURO,3574,161.19998487390674
SEGURO,3575,156.25491641336436
SEGURO,3576,139.78378901013008
SEGURO,3577,163.86028298803294
SEGURO,3578,149.1361500101147
SEGURO,3579,148.13389676215513
SEGURO,3580,165.64963815061182
SEGURO,3581,153.7826679640942
SEGURO,3582,159.9270798855807
SEGURO,3583,159.90003024675772
SEGURO,3584,153.7722547269029
SEGURO,3585,139.2485646240111
SEGURO,3586,136.689651722497
SEGURO,3587,166.44709296791484
SEGURO,3588,156.73381862410147
SEGURO,3589,146.87448748891546
SEGURO,3590,162.60408172720275
SEGURO,3591,155.16786099581014
SEGURO,3592,153.2147065953221
SEGURO,3593,150.6723644645374
SEGURO,3594,163.73600653973676
SEGURO,3595,159.40496615866468
SEGURO,3596,151.4240512107492
SEGURO,3597,162.52829587715803
SEGURO,3598,144.1780861893431
SEGURO,3599,149.68820559847995
SEGURO,3600,155.07094437008936
SEGURO,3601,146.97535918180313
SEGURO,3602,164.43169624165722
SEGURO,3603,163.8805996190827
SEGURO,3604,150.3373401359127
SEGURO,3605,141.14516969233003
SEGURO,3606,165.7626419441387
SEGURO,3607,148.74551139108735
SEGURO,3608,163.533848165076
SEGURO,3609,163.99262377621824
SEGURO,3610,142.72976661742152
SEGURO,3611,145.53213858722737
SEGURO,3612,159.42597752609805
SEGURO,3613,146.54256013353427
SEGURO,3614,162.21984616335166
SEGURO,3615,147.64101512531505
SEGURO,3616,137.30593885731795
SEGURO,3617,140.75303875498653
SEGURO,3618,155.26099317429595
SEGURO,3619,155.74453909855802
SEGURO,3620,147.11675834511522
SEGURO,3621,150.73595392424315
SEGURO,3622,137.18074061782468
SEGURO,3623,153.02149081469227
SEGURO,3624,165.15319502974333
SEGURO,3625,147.0604938574374
SEGURO,3626,160.70345218003092
SEGURO,3627,148.2248393938384
SEGURO,3628,145.35648352500206
SEGURO,3629,152.9346770787951
SEGURO,3630,161.75454131892965
SEGURO,3631,159.4071458922916
SEGURO,3632,159.78931019181704
SEGURO,3633,147.81765291363192
SEGURO,3634,154.84332871229435
SEGURO,3635,153.76972762711426
SEGURO,3636,143.4592734027621
SEGURO,3637,167.66775167511818
SEGURO,3638,145.35799449863418
SEGURO,3639,157.79484840391945
SEGURO,3640,139.49820108312502
SEGURO,3641,147.99133304026458
SEGURO,3642,156.03323889267602
SEGURO,3643,153.11998610881537
SEGURO,3644,153.57126270090833
SEGURO,3645,156.49247593029997
SEGURO,3646,136.2386294426757
SEGURO,3647,154.72497839830294
SEGURO,3648,148.2925075729249
SEGURO,3649,151.3631582748025
SEGURO,3650,165.61552181870445
SEGURO,3651,157.58603915103382
SEGURO,3652,151.21014584753843
SEGURO,3653,162.39591965410216
SEGURO,3654,171.75140117543052
SEGURO,3655,149.38772625249976
SEGURO,3656,151.07672821750222
SEGURO,3657,137.45877851500472
SEGURO,3658,145.6530098295134
SEGURO,3659,170.2346077665631
SEGURO,3660,161.88297689295536
SEGURO,3661,160.7021540073092
SEGURO,3662,161.06339611101396
SEGURO,3663,142.29936104434265
SEGURO,3664,156.72656356279774
SEGURO,3665,142.00121677848654
SEGURO,3666,136.65175215770896
SEGURO,3667,149.46698549396586
SEGURO,3668,147.11581175442825
SEGURO,3669,155.19937285889372
SEGURO,3670,170.6940143858026
SEGURO,3671,158.01486199878582
SEGURO,3672,158.6244078619331
SEGURO,3673,159.88242899008702
SEGURO,3674,156.71966631926432
SEGURO,3675,151.84973825389434
SEGURO,3676,153.63191954791205
SEGURO,3677,150.5763169460287
SEGURO,3678,143.00200759830304
SEGURO,3679,149.91444990152308
SEGURO,3680,151.38872278119874
SEGURO,3681,149.49241117127073
SEGURO,3682,181.46840102826147
SEGURO,3683,162.38921420471098
SEGURO,3684,148.19916391875228
SEGURO,3685,149.90040635574124
SEGURO,3686,125.99656577537753
SEGURO,3687,149.8056721888355
SEGURO,3688,157.91664013881424
SEGURO,3689,153.14394996370388
SEGURO,3690,143.44410879354012
SEGURO,3691,155.9320993426665
SEGURO,3692,144.06794403345776
SEGURO,3693,169.81938916697433
SEGURO,3694,153.74431682107027
SEGURO,3695,171.29807489414048
SEGURO,3696,164.5305514705708
SEGURO,3697,145.7586106462565
SEGURO,3698,158.03344206225378
SEGURO,3699,141.5343283261943
SEGURO,3700,156.4339621623843
SEGURO,3701,156.2890111267289
SEGURO,3702,148.6067946507768
SEGURO,3703,143.76404773518112
SEGURO,3704,146.06110439634048
SEGURO,3705,148.73509259668248
SEGURO,3706,165.38420261399662
SEGURO,3707,133.08436616704478
SEGURO,3708,128.53199555536983
SEGURO,3709,155.26488779976043
SEGURO,3710,146.86463961328283
SEGURO,3711,172.73672431766562
SEGURO,3712,139.27193641487295
SEGURO,3713,159.44060156540357
SEGURO,3714,141.89365894020156
SEGURO,3715,160.05891896075576
SEGURO,3716,146.8340024750684
SEGURO,3717,147.81754774953487
SEGURO,3718,147.4455484326556
SEGURO,3719,162.5497664584022
SEGURO,3720,147.05837410188184
SEGURO,3721,161.53734842777536
SEGURO,3722,157.1422699948208
SEGURO,3723,152.96303804498262
SEGURO,3724,154.11555547149368
SEGURO,3725,153.78221307091832
SEGURO,3726,148.52533074022188
SEGURO,3727,162.48650693381018
SEGURO,3728,151.6740465942373
SEGURO,3729,148.57936826936648
SEGURO,3730,150.7176565532801
SEGURO,3731,154.947313807524
SEGURO,3732,153.67624416893983
SEGURO,3733,155.976829878632
SEGURO,3734,149.5212037238281
SEGURO,3735,164.94700645190431
SEGURO,3736,155.69735054016698
SEGURO,3737,140.26737129991605
SEGURO,3738,159.97696703920616
SEGURO,3739,159.8910544634566
SEGURO,3740,161.45105681595393
SEGURO,3741,146.45048557002582
SEGURO,3742,156.8126045215698
SEGURO,3743,140.48010398369482
SEGURO,3744,144.7249015102724
SEGURO,3745,162.74166621011315
SEGURO,3746,140.6076477705654
SEGURO,3747,154.87674737558459
SEGURO,3748,144.5114873095527
SEGURO,3749,158.0899482733349
SEGURO,3750,156.40454785922316
SEGURO,3751,154.05536929774135
SEGURO,3752,139.0011402166828
SEGURO,3753,160.35679107878522
SEGURO,3754,141.38366735472016
SEGURO,3755,173.06141797011534
SEGURO,3756,166.8280118527906
SEGURO,3757,165.2339008622621
SEGURO,3758,145.00848450549512
SEGURO,3759,159.86317874536414
SEGURO,3760,163.14764519003162
SEGURO,3761,175.38340297092745
SEGURO,3762,143.65522788856939
SEGURO,3763,161.31356114902343
SEGURO,3764,151.89799240685284
SEGURO,3765,141.16054364101808
SEGURO,3766,163.2790312103182
SEGURO,3767,159.3267687760915
SEGURO,3768,150.63558213168065
SEGURO,3769,163.82165988796692
SEGURO,3770,159.63515247282888
SEGURO,3771,155.32747985574713
SEGURO,3772,163.7523987545194
SEGURO,3773,139.97071437199097
SEGURO,3774,151.42896946637137
SEGURO,3775,148.84836634836975
SEGURO,3776,142.57704153699012
SEGURO,3777,140.3865355917919
SEGURO,3778,165.03932227962835
SEGURO,3779,148.2247725058724
SEGURO,3780,156.41503910207734
SEGURO,3781,144.94420216977423
SEGURO,3782,149.35118124460118
SEGURO,3783,145.47525167764982
SEGURO,3784,146.72338840714602
SEGURO,3785,167.84235685203717
SEGURO,3786,152.06235147154445
SEGURO,3787,156.68711444800397
SEGURO,3788,132.7071099824425
SEGURO,3789,159.07707913844334
SEGURO,3790,141.24011545385596
SEGURO,3791,146.7682587719809
SEGURO,3792,144.37835466920893
SEGURO,3793,149.89877480932643
SEGURO,3794,141.50311933467754
SEGURO,3795,163.3950934223493
SEGURO,3796,163.9323781185254
SEGURO,3797,178.28288163135187
SEGURO,3798,160.39442163890283
SEGURO,3799,153.22169445650462
SEGURO,3800,155.50218469300168
SEGURO,3801,149.62762677238993
SEGURO,3802,155.5212804664882
SEGURO,3803,158.85321626141555
SEGURO,3804,150.61603366217776
SEGURO,3805,155.02911819713887
SEGURO,3806,129.94988323873085
SEGURO,3807,158.54594437131848
SEGURO,3808,152.3709727202745
SEGURO,3809,151.8420656129868
SEGURO,3810,155.08447670426315
SEGURO,3811,152.04778347648798
SEGURO,3812,160.67998015236822
SEGURO,3813,140.05698032491418
SEGURO,3814,153.10799084765853
SEGURO,3815,159.51850844360567
SEGURO,3816,145.07035005168822
SEGURO,3817,161.05100359687606
SEGURO,3818,149.1619880802228
SEGURO,3819,157.03683991296433
SEGURO,3820,169.4859380047397
SEGURO,3821,162.01934339256422
SEGURO,3822,159.56994585002676
SEGURO,3823,156.17536224336425
SEGURO,3824,137.70612400180843
SEGURO,3825,151.8810918363923
SEGURO,3826,153.366243192295
SEGURO,3827,156.31821113324088
SEGURO,3828,162.68675260192862
SEGURO,3829,157.87490342116757
SEGURO,3830,165.56887772270923
SEGURO,3831,164.30959584237286
SEGURO,3832,158.03770680426683
SEGURO,3833,168.66464901686595
SEGURO,3834,157.1878682792903
SEGURO,3835,142.93544660281333
SEGURO,3836,148.5618253059355
SEGURO,3837,168.5452767575438
SEGURO,3838,163.75779182603
SEGURO,3839,150.66522526319764
SEGURO,3840,150.15461815232126
SEGURO,3841,144.92943888270753
SEGURO,3842,153.8780254980251
SEGURO,3843,151.55556736845773
SEGURO,3844,129.70908780742408
SEGURO,3845,158.36388643326828
SEGURO,3846,144.87626227898932
SEGURO,3847,153.2953428011977
SEGURO,3848,145.1723193487331
SEGURO,3849,136.98249297696853
SEGURO,3850,164.97918112690036
SEGURO,3851,143.3665550676929
SEGURO,3852,167.99288327145584
SEGURO,3853,139.39542076607898
SEGURO,3854,146.8157002129111
SEGURO,3855,163.01920319036486
SEGURO,3856,142.0829786331833
SEGURO,3857,126.94461106856262
SEGURO,3858,126.3394058894943
SEGURO,3859,160.16446524217616
SEGURO,3860,168.71979181681974
SEGURO,3861,163.70850259624714
SEGURO,3862,150.72318412432668
SEGURO,3863,163.89114732030575
SEGURO,3864,149.19825834525057
SEGURO,3865,157.4320238934535
SEGURO,3866,149.6819167353028
SEGURO,3867,156.42633772664556
SEGURO,3868,156.47986858087762
SEGURO,3869,153.87700137571767
SEGURO,3870,163.5596704353872
SEGURO,3871,163.94077548600507
SEGURO,3872,142.30336502021171
SEGURO,3873,141.94515506262246
SEGURO,3874,147.40603581181423
SEGURO,3875,158.5216540376942
SEGURO,3876,155.164791937153
SEGURO,3877,159.2176082622218
SEGURO,3878,151.78167714647358
SEGURO,3879,143.1750742026333
SEGURO,3880,146.5429071702246
SEGURO,3881,189.20904925757873
SEGURO,3882,149.39113420087745
SEGURO,3883,152.6900635091898
SEGURO,3884,146.80803914915901
SEGURO,3885,148.277222223782
SEGURO,3886,148.3227055328193
SEGURO,3887,151.63173642174567
SEGURO,3888,147.65982624159062
SEGURO,3889,164.94775461688852
SEGURO,3890,150.74081954818593
SEGURO,3891,143.0038270432435
SEGURO,3892,150.8038999539729
SEGURO,3893,162.91736983414148
SEGURO,3894,154.77240248779108
SEGURO,3895,138.84969657460147
SEGURO,3896,160.07821287143472
SEGURO,3897,159.63155864885073
SEGURO,3898,146.94196087949652
SEGURO,3899,151.39782692999998
SEGURO,3900,151.58374123527125
SEGURO,3901,157.26429425967558
SEGURO,3902,159.6750067337278
SEGURO,3903,148.74099942876398
SEGURO,3904,140.14796299636663
SEGURO,3905,158.23893442691062
SEGURO,3906,165.1975198895771
SEGURO,3907,142.78808866456367
SEGURO,3908,160.33974228768164
SEGURO,3909,143.21416738112606
SEGURO,3910,151.68248398567923
SEGURO,3911,154.23510915665173
SEGURO,3912,163.05404469033817
SEGURO,3913,157.52812702902997
SEGURO,3914,146.114163514458
SEGURO,3915,153.79932353158375
SEGURO,3916,167.30694808508875
SEGURO,3917,149.9755122912432
SEGURO,3918,140.52975676826318
SEGURO,3919,141.71129875935955
SEGURO,3920,158.162817270031
SEGURO,3921,150.8158966429197
SEGURO,3922,147.02169176643395
SEGURO,3923,171.1319460797083
SEGURO,3924,152.2522810134245
SEGURO,3925,151.5674436138776
SEGURO,3926,144.548865963138
SEGURO,3927,158.04608587355918
SEGURO,3928,132.91653841924565
SEGURO,3929,159.3002274659879
SEGURO,3930,153.3755679023888
SEGURO,3931,147.1875487502677
SEGURO,3932,135.31251726486005
SEGURO,3933,140.9492319472268
SEGURO,3934,145.99380107356353
SEGURO,3935,166.09504112383343
SEGURO,3936,159.30255981936781
SEGURO,3937,173.05242168392238
SEGURO,3938,146.42146155408994
SEGURO,3939,131.17518313495717
SEGURO,3940,155.5698337242277
SEGURO,3941,157.3744868463777
SEGURO,3942,148.30656953227924
SEGURO,3943,153.1483832491139
SEGURO,3944,174.7583577214516
SEGURO,3945,144.21255666191135
SEGURO,3946,153.64384204968783
SEGURO,3947,135.5395754989618
SEGURO,3948,163.16101049423614
SEGURO,3949,164.93711164079383
SEGURO,3950,134.56004817979817
SEGURO,3951,161.02778495317307
SEGURO,3952,145.5582382170799
SEGURO,3953,157.65808593095983
SEGURO,3954,150.7658354314482
SEGURO,3955,154.5065026860196
SEGURO,3956,152.09878183686433
SEGURO,3957,158.97484334070603
SEGURO,3958,170.87943103617178
SEGURO,3959,155.06605176312215
SEGURO,3960,141.65534969886883
SEGURO,3961,157.64247062106645
SEGURO,3962,141.01403704150573
SEGURO,3963,155.65810411723768
SEGURO,3964,150.20951321872064
SEGURO,3965,158.83411726565336
SEGURO,3966,155.85575751430852
SEGURO,3967,137.982146196027
SEGURO,3968,148.59513699911741
SEGURO,3969,144.51512142615962
SEGURO,3970,148.7679318724054
SEGURO,3971,143.24124066701205
SEGURO,3972,158.76172034962826
SEGURO,3973,161.75423154769754
SEGURO,3974,151.2650544611839
SEGURO,3975,157.89314394828756
SEGURO,3976,158.06264866131318
SEGURO,3977,149.72484146078466
SEGURO,3978,140.9222082074433
SEGURO,3979,166.7459449650675
SEGURO,3980,146.1316476388523
SEGURO,3981,139.32233500943119
SEGURO,3982,156.84012981145466
SEGURO,3983,155.73929792449482
SEGURO,3984,143.53716825581063
SEGURO,3985,160.81198492118693
SEGURO,3986,147.01021572429875
SEGURO,3987,147.55578870316702
SEGURO,3988,154.41974256139815
SEGURO,3989,162.70604623699933
SEGURO,3990,139.94896993210088
SEGURO,3991,161.27117313459127
SEGURO,3992,156.45476402619255
SEGURO,3993,161.49305534713682
SEGURO,3994,146.61606458249403
SEGURO,3995,158.41222469691397
SEGURO,3996,146.086485895882
SEGURO,3997,157.87260284723834
SEGURO,3998,142.5070757277967
SEGURO,3999,152.63920145956075
SEGURO,4000,150.7963666929934
SEGURO,4001,167.68118333793444
SEGURO,4002,138.39912444174777
SEGURO,4003,142.79701234042687
SEGURO,4004,156.3626575415483
SEGURO,4005,159.80528490052487
SEGURO,4006,160.95728084909746
SEGURO,4007,156.16845005405253
SEGURO,4008,153.58787371137515
SEGURO,4009,148.66261019295013
SEGURO,4010,154.86185922185555
SEGURO,4011,154.2601877436442
SEGURO,4012,156.01366877314956
SEGURO,4013,160.26056489194897
SEGURO,4014,159.11167862840406
SEGURO,4015,154.42020784154232
SEGURO,4016,150.96405812032936
SEGURO,4017,161.5508286502237
SEGURO,4018,152.45843122379947
SEGURO,4019,152.1773142181829
SEGURO,4020,137.02278909156547
SEGURO,4021,160.15169407591674
SEGURO,4022,135.14901568344743
SEGURO,4023,149.44715498826778
SEGURO,4024,157.60528348308156
SEGURO,4025,167.2260731472078
SEGURO,4026,148.565719266485
SEGURO,4027,135.64489428090363
SEGURO,4028,172.91526316947395
SEGURO,4029,140.58102681211307
SEGURO,4030,133.17467693753392
SEGURO,4031,145.35534742496202
SEGURO,4032,163.90101145981396
SEGURO,4033,143.99363649050358
SEGURO,4034,154.21344222590173
SEGURO,4035,148.63643442631417
SEGURO,4036,171.7898371437165
SEGURO,4037,164.1576610552408
SEGURO,4038,162.53502896849807
SEGURO,4039,159.56831890523097
SEGURO,4040,133.5816163784592
SEGURO,4041,170.64080919003044
SEGURO,4042,146.28591886268921
SEGURO,4043,158.25330622633976
SEGURO,4044,145.5828843288159
SEGURO,4045,160.6431661238375
SEGURO,4046,158.37168684958485
SEGURO,4047,152.09821723438657
SEGURO,4048,169.03890124452312
SEGURO,4049,161.0130307625285
SEGURO,4050,159.7985443144128
SEGURO,4051,127.68069621394284
SEGURO,4052,168.76088863073335
SEGURO,4053,163.82123167075846
SEGURO,4054,136.99632607070248
SEGURO,4055,138.9419622744551
SEGURO,4056,151.7544765065607
SEGURO,4057,155.0304143180745
SEGURO,4058,145.87902166306336
SEGURO,4059,162.4243515983475
SEGURO,4060,139.54637190771297
SEGURO,4061,147.15586733404348
SEGURO,4062,155.2754312494861
SEGURO,4063,152.69491702039957
SEGURO,4064,159.03317872791254
SEGURO,4065,150.43083253556716
SEGURO,4066,158.48990384674042
SEGURO,4067,157.02922370744787
SEGURO,4068,165.61921780695926
SEGURO,4069,158.17686860896112
SEGURO,4070,159.67450587589957
SEGURO,4071,149.4919590122226
SEGURO,4072,143.80032852720063
SEGURO,4073,149.2465199760334
SEGURO,4074,154.65845399929754
SEGURO,4075,138.54232534638072
SEGURO,4076,143.17028263239075
SEGURO,4077,142.86587356490875
SEGURO,4078,148.24120077799938
SEGURO,4079,151.87816349527495
SEGURO,4080,139.8424147912668
SEGURO,4081,144.62060842518687
SEGURO,4082,143.80209728459099
SEGURO,4083,143.5426764665837
SEGURO,4084,148.99305254578272
SEGURO,4085,147.5963105251429
SEGURO,4086,149.51835718844086
SEGURO,4087,162.34620940221757
SEGURO,4088,167.04516216850945
SEGURO,4089,152.60415357359426
SEGURO,4090,155.26554005014094
SEGURO,4091,146.353029377906
SEGURO,4092,143.4190465540569
SEGURO,4093,160.44267230770882
SEGURO,4094,137.2369916451691
SEGURO,4095,148.9705393976357
SEGURO,4096,159.80752889113793
SEGURO,4097,156.8606476913845
SEGURO,4098,156.79846268146954
SEGURO,4099,173.7382735675052
SEGURO,4100,158.34590332756312
SEGURO,4101,153.1099782113263
SEGURO,4102,157.04013252401887
SEGURO,4103,152.88678281808026
SEGURO,4104,151.26200952636677
SEGURO,4105,134.46071403742445
SEGURO,4106,155.54171449080735
SEGURO,4107,147.14354795665398
SEGURO,4108,135.29125185615007
SEGURO,4109,153.2433874892873
SEGURO,4110,147.63069901893394
SEGURO,4111,142.79890059724661
SEGURO,4112,152.38595632994898
SEGURO,4113,146.97345708291382
SEGURO,4114,162.19864603617202
SEGURO,4115,129.16587348416755
SEGURO,4116,161.1888532125814
SEGURO,4117,143.62741053264637
SEGURO,4118,141.70921225320657
SEGURO,4119,158.0695550865134
SEGURO,4120,155.37538363937145
SEGURO,4121,155.55060838279684
SEGURO,4122,176.7591294193702
SEGURO,4123,158.35053136979994
SEGURO,4124,144.70919590954819
SEGURO,4125,141.41866832226646
SEGURO,4126,149.95495280796882
SEGURO,4127,157.71733602382125
SEGURO,4128,161.0871535307522
SEGURO,4129,150.39257520381585
SEGURO,4130,148.10430255478593
SEGURO,4131,142.3636462908077
SEGURO,4132,157.76829356467883
SEGURO,4133,161.65813312770186
SEGURO,4134,148.95408916685798
SEGURO,4135,148.5040818025689
SEGURO,4136,143.90260652533323
SEGURO,4137,149.32707528127054
SEGURO,4138,142.0809039285136
SEGURO,4139,165.2252765752338
SEGURO,4140,163.83782206859803
SEGURO,4141,139.44700509831273
SEGURO,4142,165.75596007058948
SEGURO,4143,146.5004594350256
SEGURO,4144,148.5852965622663
SEGURO,4145,157.89404687155834
SEGURO,4146,149.3034360108955
SEGURO,4147,167.00457811445324
SEGURO,4148,152.7369715297003
SEGURO,4149,139.6149094664812
SEGURO,4150,140.49613708550288
SEGURO,4151,154.20921963634495
SEGURO,4152,140.2974453782757
SEGURO,4153,155.65516016814058
SEGURO,4154,137.13558939876162
SEGURO,4155,153.5757771772307
SEGURO,4156,144.9365119110365
SEGURO,4157,162.38723852578914
SEGURO,4158,168.8532834680241
SEGURO,4159,150.64786231194918
SEGURO,4160,145.80891920008162
SEGURO,4161,162.28700289890276
SEGURO,4162,144.21397573846028
SEGURO,4163,145.00636461747413
SEGURO,4164,143.64162134749174
SEGURO,4165,142.66793400125502
SEGURO,4166,168.17830890776946
SEGURO,4167,173.32237303018945
SEGURO,4168,157.03687390395973
SEGURO,4169,151.3774113732556
SEGURO,4170,155.20123245887078
SEGURO,4171,151.7136625553223
SEGURO,4172,165.0385190202278
SEGURO,4173,155.6571456453086
SEGURO,4174,146.49906352299246
SEGURO,4175,148.45681850304445
SEGURO,4176,170.7495470974197
SEGURO,4177,146.7645735952532
SEGURO,4178,157.87334029614243
SEGURO,4179,157.86391575530746
SEGURO,4180,156.77453545559086
SEGURO,4181,149.73956390143343
SEGURO,4182,145.6985255231315
SEGURO,4183,152.5650857115592
SEGURO,4184,137.62593857926004
SEGURO,4185,142.0089781300727
SEGURO,4186,163.29369949917086
SEGURO,4187,155.90473675133936
SEGURO,4188,154.15586078830907
SEGURO,4189,145.27499313291895
SEGURO,4190,156.82704880470735
SEGURO,4191,153.50733837342216
SEGURO,4192,158.67709127815226
SEGURO,4193,162.77122414933416
SEGURO,4194,151.85667397740906
SEGURO,4195,160.67486267317642
SEGURO,4196,138.54516533587557
SEGURO,4197,162.70893886738355
SEGURO,4198,164.70321488858926
SEGURO,4199,160.25966232296707
SEGURO,4200,152.58541967177558
SEGURO,4201,162.4568820854661
SEGURO,4202,161.50736254497411
SEGURO,4203,129.24344115981125
SEGURO,4204,150.51089370163538
SEGURO,4205,148.4049459909577
SEGURO,4206,159.40494543437427
SEGURO,4207,141.08355755087075
SEGURO,4208,140.9632656543735
SEGURO,4209,155.98176815991627
SEGURO,4210,150.6610051722621
SEGURO,4211,150.95319239826037
SEGURO,4212,153.2663963150318
SEGURO,4213,163.97090644926544
SEGURO,4214,150.59282756315326
SEGURO,4215,155.84627287988766
SEGURO,4216,167.9147632520945
SEGURO,4217,152.07300639736667
SEGURO,4218,167.17353152152174
SEGURO,4219,150.5574934964938
SEGURO,4220,149.05997148282583
SEGURO,4221,157.8536463041347
SEGURO,4222,151.73766757286924
SEGURO,4223,149.19404553402384
SEGURO,4224,155.88526940889184
SEGURO,4225,168.60123688946692
SEGURO,4226,160.11977285931374
SEGURO,4227,143.07441040507254
SEGURO,4228,143.78800730991392
SEGURO,4229,172.43638532960082
SEGURO,4230,133.8802899944339
SEGURO,4231,146.8528511877846
SEGURO,4232,170.1484811208076
SEGURO,4233,136.2377173829185
SEGURO,4234,144.96448949016136
SEGURO,4235,156.4959623942812
SEGURO,4236,161.59041846369564
SEGURO,4237,153.19769552771365
SEGURO,4238,159.41839896256863
SEGURO,4239,149.77567784291654
SEGURO,4240,154.68745309971968
SEGURO,4241,152.9310058126749
SEGURO,4242,160.1847941157594
SEGURO,4243,150.08541398370167
SEGURO,4244,155.75508420470203
SEGURO,4245,140.8686849923241
SEGURO,4246,154.6924917224833
SEGURO,4247,161.11202210461104
SEGURO,4248,169.65302683887668
SEGURO,4249,143.00358228555774
SEGURO,4250,147.58405438064776
SEGURO,4251,141.51192289971422
SEGURO,4252,143.02684804159995
SEGURO,4253,142.18506342881776
SEGURO,4254,162.5223541510306
SEGURO,4255,159.49732876372656
SEGURO,4256,155.1144527530672
SEGURO,4257,165.69207919718485
SEGURO,4258,156.2764055853844
SEGURO,4259,151.2888382601748
SEGURO,4260,147.0582245142302
SEGURO,4261,137.488320874187
SEGURO,4262,170.68343891256964
SEGURO,4263,146.6333640607572
SEGURO,4264,136.93691873383406
SEGURO,4265,154.3652562599462
SEGURO,4266,152.6055530308001
SEGURO,4267,157.80369206247912
SEGURO,4268,160.83152047857374
SEGURO,4269,147.6585567145964
SEGURO,4270,151.09931046915145
SEGURO,4271,158.67064635649908
SEGURO,4272,160.41715329898798
SEGURO,4273,166.11598787086226
SEGURO,4274,147.72667063863494
SEGURO,4275,151.90155204578826
SEGURO,4276,150.83217302942674
SEGURO,4277,151.21886151940294
SEGURO,4278,147.37059892196507
SEGURO,4279,160.60186798050006
SEGURO,4280,155.59890175081424
SEGURO,4281,145.49212548573124
SEGURO,4282,146.07106099965523
SEGURO,4283,163.38830500261756
SEGURO,4284,142.63267290364513
SEGURO,4285,139.56379976525344
SEGURO,4286,174.03498668723142
SEGURO,4287,160.31442252688663
SEGURO,4288,157.1856028151467
SEGURO,4289,141.33339412033547
SEGURO,4290,145.3995649225638
SEGURO,4291,146.5285623680652
SEGURO,4292,142.95963931778311
SEGURO,4293,161.4388858696283
SEGURO,4294,157.134049359373
SEGURO,4295,140.69949139389394
SEGURO,4296,152.47930760536158
SEGURO,4297,145.02993693738426
SEGURO,4298,159.00694381751674
SEGURO,4299,147.7294322576723
SEGURO,4300,150.38178256122538
SEGURO,4301,151.32698575663386
SEGURO,4302,150.42205829534421
SEGURO,4303,146.42861166428125
SEGURO,4304,161.29948683775805
SEGURO,4305,159.25730460846506
SEGURO,4306,155.8295017860871
SEGURO,4307,148.41831937989068
SEGURO,4308,149.0889310497176
SEGURO,4309,157.36568827528484
SEGURO,4310,145.80777961295593
SEGURO,4311,165.78678388772596
SEGURO,4312,157.7827958317032
SEGURO,4313,147.84313302073843
SEGURO,4314,142.68632224676142
SEGURO,4315,160.5878360289772
SEGURO,4316,132.60838737046902
SEGURO,4317,155.64531789785556
SEGURO,4318,150.04884442914738
SEGURO,4319,148.40490730588377
SEGURO,4320,159.6814152003975
SEGURO,4321,149.8614770684632
SEGURO,4322,145.8690452920905
SEGURO,4323,145.09432782719557
SEGURO,4324,153.78377576857847
SEGURO,4325,150.07291357331312
SEGURO,4326,156.36534484813987
SEGURO,4327,166.33369757646093
SEGURO,4328,129.19960244997287
SEGURO,4329,153.05225431974208
SEGURO,4330,140.73673169033233
SEGURO,4331,153.9381218336699
SEGURO,4332,153.42268527134388
SEGURO,4333,164.80769618167633
SEGURO,4334,156.41967760959398
SEGURO,4335,158.91032151353957
SEGURO,4336,153.43999553627538
SEGURO,4337,151.82108952815858
SEGURO,4338,161.4625708489456
SEGURO,4339,157.6437172873639
SEGURO,4340,148.25524781830887
SEGURO,4341,145.3562000431766
SEGURO,4342,157.66728860906954
SEGURO,4343,161.49468013411047
SEGURO,4344,126.78503921015626
SEGURO,4345,154.29836196476452
SEGURO,4346,169.48468368859523
SEGURO,4347,152.81425134626562
SEGURO,4348,149.74546676578666
SEGURO,4349,150.72749074548096
SEGURO,4350,142.22413808387148
SEGURO,4351,156.23345326561213
SEGURO,4352,153.51037049362745
SEGURO,4353,149.69706827598375
SEGURO,4354,146.97477220834807
SEGURO,4355,162.91159224440065
SEGURO,4356,150.70132659934063
SEGURO,4357,170.74742918748143
SEGURO,4358,149.09104695888334
SEGURO,4359,141.9148458466954
SEGURO,4360,153.94558858156375
SEGURO,4361,162.07645311032064
SEGURO,4362,155.11527198914075
SEGURO,4363,165.0264432553947
SEGURO,4364,152.46537460360554
SEGURO,4365,144.27225703549016
SEGURO,4366,142.4197564362
SEGURO,4367,154.77364705850508
SEGURO,4368,155.68228944284806
SEGURO,4369,153.21224803262103
SEGURO,4370,166.01575640951663
SEGURO,4371,148.78539335391082
SEGURO,4372,149.9181573907083
SEGURO,4373,147.95691247434183
SEGURO,4374,160.84271354245755
SEGURO,4375,139.8780162639472
SEGURO,4376,156.13016914833986
SEGURO,4377,150.33413566682984
SEGURO,4378,147.24671336489916
SEGURO,4379,148.46164136891247
SEGURO,4380,155.90824894624956
SEGURO,4381,147.8960362161463
SEGURO,4382,142.19663040507277
SEGURO,4383,145.96273215479368
SEGURO,4384,152.31052098176556
SEGURO,4385,157.12076301197465
SEGURO,4386,150.56067490845382
SEGURO,4387,160.08051602946
SEGURO,4388,152.75779722204092
SEGURO,4389,135.37901948222336
SEGURO,4390,147.47029114998836
SEGURO,4391,156.8039058221245
SEGURO,4392,148.33384155808378
SEGURO,4393,151.78815296885898
SEGURO,4394,148.82327271540052
SEGURO,4395,152.219494336866
SEGURO,4396,155.80123701949748
SEGURO,4397,154.86717828218906
SEGURO,4398,154.16368678517753
SEGURO,4399,153.3926522706023
SEGURO,4400,149.7769229971548
SEGURO,4401,143.48124219323572
SEGURO,4402,144.67966611426172
SEGURO,4403,137.02723194674377
SEGURO,4404,155.2035147330805
SEGURO,4405,147.19559425149183
SEGURO,4406,154.05460122094703
SEGURO,4407,163.62864931130085
SEGURO,4408,155.32021037412446
SEGURO,4409,158.76122026771554
SEGURO,4410,161.57207624490587
SEGURO,4411,140.641850824788
SEGURO,4412,157.7188038755549
SEGURO,4413,150.87889374817573
SEGURO,4414,142.71348838100653
SEGURO,4415,153.32440454136912
SEGURO,4416,151.7047963205419
SEGURO,4417,155.9507479374927
SEGURO,4418,168.76186306955213
SEGURO,4419,153.74586002961993
SEGURO,4420,148.22547510411664
SEGURO,4421,139.12816585643026
SEGURO,4422,164.92719066473947
SEGURO,4423,180.81344232513993
SEGURO,4424,150.55811185843444
SEGURO,4425,162.9786317886718
SEGURO,4426,151.5331887102112
SEGURO,4427,157.66461704337794
SEGURO,4428,142.83424520539376
SEGURO,4429,149.07141105764535
SEGURO,4430,156.73369706495512
SEGURO,4431,141.94179042491862
SEGURO,4432,144.4298889009977
SEGURO,4433,155.85283621219727
SEGURO,4434,149.73468906494563
SEGURO,4435,145.06061418066
SEGURO,4436,169.44930909635636
SEGURO,4437,161.89017655887025
SEGURO,4438,128.64111232507247
SEGURO,4439,134.7790178729142
SEGURO,4440,149.22518569599
SEGURO,4441,148.5002432157745
SEGURO,4442,157.22669091502044
SEGURO,4443,147.58112872877925
SEGURO,4444,162.7480332442596
SEGURO,4445,143.5905702427382
SEGURO,4446,164.40411082485502
SEGURO,4447,149.75311145341198
SEGURO,4448,145.39806748439446
SEGURO,4449,164.9576641283412
SEGURO,4450,155.11866684721628
SEGURO,4451,155.87246482713743
SEGURO,4452,160.45343233826932
SEGURO,4453,158.51132443719757
SEGURO,4454,151.62966973102172
SEGURO,4455,156.38828593268465
SEGURO,4456,141.8368091095648
SEGURO,4457,142.35467683304216
SEGURO,4458,142.08837233685963
SEGURO,4459,155.8197365710124
SEGURO,4460,144.87994530405427
SEGURO,4461,161.30311781327063
SEGURO,4462,149.51735623728675
SEGURO,4463,146.35293302357024
SEGURO,4464,161.30995539194814
SEGURO,4465,159.37596852895751
SEGURO,4466,139.92683997489735
SEGURO,4467,150.37527794323276
SEGURO,4468,156.00847575835098
SEGURO,4469,147.4261929123361
SEGURO,4470,153.7387392275831
SEGURO,4471,144.44975844735228
SEGURO,4472,146.32831822542664
SEGURO,4473,168.0469478404453
SEGURO,4474,129.2966859558564
SEGURO,4475,146.54497409725707
SEGURO,4476,163.83485989300837
SEGURO,4477,165.17397186735434
SEGURO,4478,158.5006375479983
SEGURO,4479,154.38279353861182
SEGURO,4480,144.8755238136504
SEGURO,4481,158.23075361373495
SEGURO,4482,146.18574557469339
SEGURO,4483,146.3564120510064
SEGURO,4484,156.65060604181727
SEGURO,4485,147.7154905015419
SEGURO,4486,145.11863622969418
SEGURO,4487,141.4791884069463
SEGURO,4488,139.42540935261295
SEGURO,4489,159.6846852727652
SEGURO,4490,166.56815113654787
SEGURO,4491,162.52752316280285
SEGURO,4492,145.30765320646043
SEGURO,4493,156.04420860086543
SEGURO,4494,164.40116859784843
SEGURO,4495,162.2243105394223
SEGURO,4496,152.7102674164535
SEGURO,4497,158.73411315304614
SEGURO,4498,150.63664154228158
SEGURO,4499,152.11152341905563
SEGURO,4500,152.27111421354886
SEGURO,4501,150.47974884111403
SEGURO,4502,154.47756976578034
SEGURO,4503,147.33583260376443
SEGURO,4504,142.82257789622136
SEGURO,4505,142.76572297342415
SEGURO,4506,153.01265240972674
SEGURO,4507,165.80206953666593
SEGURO,4508,150.42025782329534
SEGURO,4509,159.32387402075085
SEGURO,4510,143.82696851078867
SEGURO,4511,139.50131119858753
SEGURO,4512,159.33515386731395
SEGURO,4513,162.13741792756045
SEGURO,4514,165.30864908117914
SEGURO,4515,148.97852029773748
SEGURO,4516,165.66545523993778
SEGURO,4517,158.55712461773797
SEGURO,4518,152.02733697665698
SEGURO,4519,168.04598890871563
SEGURO,4520,145.48857363083545
SEGURO,4521,139.43566285292974
SEGURO,4522,150.25322654506982
SEGURO,4523,160.45294857688657
SEGURO,4524,157.44850537355708
SEGURO,4525,165.55273792580442
SEGURO,4526,152.01239319582612
SEGURO,4527,154.88598000027883
SEGURO,4528,156.52758032619397
SEGURO,4529,154.00113611545234
SEGURO,4530,153.24892412298598
SEGURO,4531,165.54309358513646
SEGURO,4532,151.05013520798258
SEGURO,4533,137.65130950858946
SEGURO,4534,152.7000520558634
SEGURO,4535,149.60185430258804
SEGURO,4536,151.69158020606264
SEGURO,4537,163.63232786445323
SEGURO,4538,160.49522915806938
SEGURO,4539,152.610003366208
SEGURO,4540,174.94039249088843
SEGURO,4541,147.0629000423179
SEGURO,4542,144.97983097823698
SEGURO,4543,156.25361805365793
SEGURO,4544,149.24811836259823
SEGURO,4545,143.9483262190156
SEGURO,4546,149.65517824411566
SEGURO,4547,169.37511930393904
SEGURO,4548,152.89692131859312
SEGURO,4549,170.01833703371938
SEGURO,4550,127.62236805192111
SEGURO,4551,152.88266917154476
SEGURO,4552,151.66866548508048
SEGURO,4553,151.06030394259218
SEGURO,4554,161.06977476889656
SEGURO,4555,152.0437902222018
SEGURO,4556,153.04745510782067
SEGURO,4557,160.16386736285952
SEGURO,4558,151.67255886175957
SEGURO,4559,160.77090845625813
SEGURO,4560,153.76739964895157
SEGURO,4561,176.02110871252484
SEGURO,4562,155.6358556865372
SEGURO,4563,164.28441942821289
SEGURO,4564,150.2817269962049
SEGURO,4565,151.42750308472367
SEGURO,4566,149.37677412067254
SEGURO,4567,147.1543148241089
SEGURO,4568,157.61129577873623
SEGURO,4569,163.14107458604522
SEGURO,4570,153.51476353511117
SEGURO,4571,159.43900650087846
SEGURO,4572,150.42914511801925
SEGURO,4573,146.8512701998394
SEGURO,4574,156.63859331657943
SEGURO,4575,147.96939903025793
SEGURO,4576,149.15445896357048
SEGURO,4577,152.7030283297702
SEGURO,4578,156.7773717343991
SEGURO,4579,137.23162203776877
SEGURO,4580,142.84805905215518
SEGURO,4581,161.41368638866825
SEGURO,4582,151.44534259467875
SEGURO,4583,150.03252625234975
SEGURO,4584,148.51477291299108
SEGURO,4585,160.73677351420343
SEGURO,4586,157.62037756090783
SEGURO,4587,146.96908524843124
SEGURO,4588,162.69625230092458
SEGURO,4589,146.82592832934947
SEGURO,4590,148.17127094213558
SEGURO,4591,145.4409081068644
SEGURO,4592,140.48430957780363
SEGURO,4593,161.30304546323364
SEGURO,4594,142.6409674514709
SEGURO,4595,165.80966795209855
SEGURO,4596,155.89979790580418
SEGURO,4597,163.82108858972643
SEGURO,4598,148.61801493031732
SEGURO,4599,166.97440377502724
SEGURO,4600,151.36362337404807
SEGURO,4601,149.5714314300322
SEGURO,4602,160.42345928787213
SEGURO,4603,165.88070041077302
SEGURO,4604,144.4362061968266
SEGURO,4605,160.79533784189528
SEGURO,4606,152.89991846448916
SEGURO,4607,153.19230324072706
SEGURO,4608,148.31210510400084
SEGURO,4609,146.40057521064708
SEGURO,4610,144.21261454229244
SEGURO,4611,162.90043047983667
SEGURO,4612,181.23729885784377
SEGURO,4613,129.50956594510996
SEGURO,4614,138.31110505572832
SEGURO,4615,142.08116171139235
SEGURO,4616,154.388218523973
SEGURO,4617,156.5146891038883
SEGURO,4618,146.98212653650148
SEGURO,4619,165.1169025855094
SEGURO,4620,155.68984307317947
SEGURO,4621,150.49742112716928
SEGURO,4622,147.4928899600914
SEGURO,4623,150.21728226402485
SEGURO,4624,151.74915627429294
SEGURO,4625,141.6319410940529
SEGURO,4626,173.75194074997188
SEGURO,4627,144.60405080225866
SEGURO,4628,138.20321979814884
SEGURO,4629,156.63537113604045
SEGURO,4630,163.49529202846836
SEGURO,4631,157.22402278072843
SEGURO,4632,147.10633633292537
SEGURO,4633,169.4519677854966
SEGURO,4634,134.8721250215802
SEGURO,4635,165.05134477783844
SEGURO,4636,148.00818753405542
SEGURO,4637,169.77211238353016
SEGURO,4638,146.09571827244167
SEGURO,4639,143.78065757921794
SEGURO,4640,158.78121677126336
SEGURO,4641,149.2918673391666
SEGURO,4642,165.89190903928352
SEGURO,4643,158.1205386376318
SEGURO,4644,153.56495475841876
SEGURO,4645,158.99652871141058
SEGURO,4646,153.2577051870868
SEGURO,4647,148.39540945053562
SEGURO,4648,145.43653995612013
SEGURO,4649,147.19208551304777
SEGURO,4650,167.3721281045057
SEGURO,4651,144.6405781272752
SEGURO,4652,131.07243577768756
SEGURO,4653,145.2403470910638
SEGURO,4654,152.5875441310315
SEGURO,4655,156.5233358985882
SEGURO,4656,141.93371185564433
SEGURO,4657,154.48512917738984
SEGURO,4658,159.20368093964075
SEGURO,4659,159.4420043906208
SEGURO,4660,162.26261934152572
SEGURO,4661,149.12816699889538
SEGURO,4662,133.37902156162366
SEGURO,4663,157.75091742849133
SEGURO,4664,149.82238326841897
SEGURO,4665,167.26729771003832
SEGURO,4666,150.14606147108418
SEGURO,4667,145.46967166636273
SEGURO,4668,163.90121662958555
SEGURO,4669,146.78251631296484
SEGURO,4670,149.5224780346022
SEGURO,4671,164.76253111161003
SEGURO,4672,142.51732903677686
SEGURO,4673,130.5893219973587
SEGURO,4674,133.74187725644785
SEGURO,4675,146.6921882732404
SEGURO,4676,165.95000411136476
SEGURO,4677,156.68856313735853
SEGURO,4678,154.45866412308118
SEGURO,4679,153.02725606847147
SEGURO,4680,136.5179632351157
SEGURO,4681,147.4994440947768
SEGURO,4682,164.976967971218
SEGURO,4683,155.09127558152494
SEGURO,4684,154.16342975529705
SEGURO,4685,140.7470377091461
SEGURO,4686,163.0234172378862
SEGURO,4687,155.97519983815627
SEGURO,4688,161.01126716674304
SEGURO,4689,151.97144438770817
SEGURO,4690,181.31632933226874
SEGURO,4691,134.92493313254974
SEGURO,4692,157.9336580805253
SEGURO,4693,168.3046464322198
SEGURO,4694,149.27622586202835
SEGURO,4695,153.04073955928985
SEGURO,4696,158.64503247919671
SEGURO,4697,132.8265399801496
SEGURO,4698,156.33115822973795
SEGURO,4699,148.12480588612084
SEGURO,4700,165.4438090168532
SEGURO,4701,153.30863461484245
SEGURO,4702,143.79986670489842
SEGURO,4703,150.82281117123702
SEGURO,4704,152.41509304486274
SEGURO,4705,163.75620746134638
SEGURO,4706,161.66410738280473
SEGURO,4707,142.98375134220265
SEGURO,4708,161.29203199183198
SEGURO,4709,146.26023321386057
SEGURO,4710,155.35015629238967
SEGURO,4711,160.75083522679006
SEGURO,4712,141.63381822291115
SEGURO,4713,146.22062854343113
SEGURO,4714,149.5474121430582
SEGURO,4715,169.91292041681535
SEGURO,4716,144.3237684185021
SEGURO,4717,170.9922441983218
SEGURO,4718,152.4346137263332
SEGURO,4719,162.05953020017654
SEGURO,4720,162.75828495049248
SEGURO,4721,162.04421360330412
SEGURO,4722,152.7786090768424
SEGURO,4723,153.68559764208612
SEGURO,4724,156.4406690178048
SEGURO,4725,152.62712397855904
SEGURO,4726,152.28552390806212
SEGURO,4727,141.79774530148708
SEGURO,4728,151.5827757673916
SEGURO,4729,148.59608249884553
SEGURO,4730,153.30365725065263
SEGURO,4731,148.76557270172276
SEGURO,4732,140.7353055045314
SEGURO,4733,143.4558581334492
SEGURO,4734,155.7753083009745
SEGURO,4735,151.56162511889104
SEGURO,4736,166.8244619383306
SEGURO,4737,143.60124804369744
SEGURO,4738,146.84710414035496
SEGURO,4739,166.60720293986435
SEGURO,4740,164.8357304038133
SEGURO,4741,156.98393762875762
SEGURO,4742,152.37604913037808
SEGURO,4743,156.00264686426004
SEGURO,4744,166.96364725391038
SEGURO,4745,153.14647054810058
SEGURO,4746,155.54313910128045
SEGURO,4747,145.76692053652448
SEGURO,4748,131.56527574717353
SEGURO,4749,135.36120501037777
SEGURO,4750,136.62753327223197
SEGURO,4751,172.01454862164144
SEGURO,4752,153.00201115916312
SEGURO,4753,145.0117038726748
SEGURO,4754,147.59683356711417
SEGURO,4755,152.71894262300611
SEGURO,4756,163.42934789157925
SEGURO,4757,161.07508772209144
SEGURO,4758,150.04464669497062
SEGURO,4759,161.38407780579328
SEGURO,4760,167.18361217046416
SEGURO,4761,136.42445047229634
SEGURO,4762,142.50085089502477
SEGURO,4763,140.54100788692378
SEGURO,4764,138.51897864212478
SEGURO,4765,151.82859744585323
SEGURO,4766,163.26927642504194
SEGURO,4767,158.34711772958565
SEGURO,4768,150.56572458504482
SEGURO,4769,142.48764747914012
SEGURO,4770,161.59077708189616
SEGURO,4771,146.29126352030636
SEGURO,4772,147.4296474236306
SEGURO,4773,160.74623411744614
SEGURO,4774,163.31806359801186
SEGURO,4775,160.40432225036614
SEGURO,4776,154.687523898368
SEGURO,4777,146.96231717401545
SEGURO,4778,143.35832130483692
SEGURO,4779,167.0552811365546
SEGURO,4780,157.26210308955964
SEGURO,4781,146.85104647744757
SEGURO,4782,146.323134336413
SEGURO,4783,148.1069381321987
SEGURO,4784,141.12104077834655
SEGURO,4785,164.6988537038208
SEGURO,4786,168.41100816312363
SEGURO,4787,153.76326325937663
SEGURO,4788,165.82109060234094
SEGURO,4789,156.2276962736524
SEGURO,4790,151.46121825769296
SEGURO,4791,159.29252518206366
SEGURO,4792,161.31118177528154
SEGURO,4793,145.16249741183526
SEGURO,4794,156.4656445740568
SEGURO,4795,155.40896979437437
SEGURO,4796,161.66300785555504
SEGURO,4797,139.73892666105502
SEGURO,4798,163.47500474774566
SEGURO,4799,146.7640832331829
SEGURO,4800,143.89536802777357
SEGURO,4801,149.11858409875333
SEGURO,4802,152.50659511788083
SEGURO,4803,144.46045727162564
SEGURO,4804,138.55865633315915
SEGURO,4805,166.52892968263035
SEGURO,4806,166.29116307666933
SEGURO,4807,159.30416212542454
SEGURO,4808,159.613345581862
SEGURO,4809,136.55152805284274
SEGURO,4810,155.46307947987498
SEGURO,4811,144.21753508083836
SEGURO,4812,174.79881468640934
SEGURO,4813,162.0373512966249
SEGURO,4814,143.49399924028583
SEGURO,4815,161.5675072290223
SEGURO,4816,156.28901448516444
SEGURO,4817,135.38002140742674
SEGURO,4818,145.98495185911213
SEGURO,4819,158.6868959548016
SEGURO,4820,151.27626742328928
SEGURO,4821,145.49953249579053
SEGURO,4822,151.47365491417366
SEGURO,4823,149.43135288646417
SEGURO,4824,147.62297149721968
SEGURO,4825,179.66992946132345
SEGURO,4826,151.55424797890834
SEGURO,4827,152.97403370449013
SEGURO,4828,151.1058441014343
SEGURO,4829,160.0500956471046
SEGURO,4830,143.99472210765913
SEGURO,4831,158.3952584572561
SEGURO,4832,176.064529788059
SEGURO,4833,151.35210696704632
SEGURO,4834,137.16095284607843
SEGURO,4835,155.56072793757093
SEGURO,4836,136.4754014749842
SEGURO,4837,153.5844354151298
SEGURO,4838,150.9371460363333
SEGURO,4839,144.66610502718748
SEGURO,4840,158.37393461082627
SEGURO,4841,156.15714209073766
SEGURO,4842,156.90615971939354
SEGURO,4843,127.61146856911581
SEGURO,4844,144.17661410183482
SEGURO,4845,143.13578177090292
SEGURO,4846,154.27186198476457
SEGURO,4847,162.24880682205364
SEGURO,4848,127.24947487048107
SEGURO,4849,171.18397231825816
SEGURO,4850,158.62454276634898
SEGURO,4851,149.89178397624718
SEGURO,4852,155.5154086476529
SEGURO,4853,135.34853854204425
SEGURO,4854,165.56602885227568
SEGURO,4855,140.11041292968278
SEGURO,4856,148.88356525302757
SEGURO,4857,138.21177174513173
SEGURO,4858,152.0357207229245
SEGURO,4859,148.6985522554371
SEGURO,4860,145.32674502211293
SEGURO,4861,164.4201560395766
SEGURO,4862,145.33765942882525
SEGURO,4863,152.71959804720495
SEGURO,4864,169.06318576357086
SEGURO,4865,159.6220807916185
SEGURO,4866,165.7832198680445
SEGURO,4867,146.895230770956
SEGURO,4868,144.89551707447077
SEGURO,4869,127.51943621024901
SEGURO,4870,160.64710398249156
SEGURO,4871,162.8016692583365
SEGURO,4872,158.59088442209386
SEGURO,4873,142.54430937483883
SEGURO,4874,148.60117556173807
SEGURO,4875,166.14467211078542
SEGURO,4876,163.13629536065585
SEGURO,4877,142.02570728489388
SEGURO,4878,146.48227420848303
SEGURO,4879,160.74129219454417
SEGURO,4880,157.01000152951516
SEGURO,4881,155.70664267874105
SEGURO,4882,172.51280122995917
SEGURO,4883,148.208477644246
SEGURO,4884,161.11881362823
SEGURO,4885,148.13386896460838
SEGURO,4886,154.59223148604255
SEGURO,4887,154.37843600775793
SEGURO,4888,151.73890873345863
SEGURO,4889,163.9589342729268
SEGURO,4890,151.36039932599465
SEGURO,4891,159.2999161402748
SEGURO,4892,163.40642211109562
SEGURO,4893,152.27734683432527
SEGURO,4894,159.82157650340184
SEGURO,4895,172.26092483020398
SEGURO,4896,164.7102088508509
SEGURO,4897,158.33341752824666
SEGURO,4898,155.590516850948
SEGURO,4899,148.71356966885153
SEGURO,4900,146.6113174433454
SEGURO,4901,142.40673446283705
SEGURO,4902,141.0246960124751
SEGURO,4903,156.68692675847603
SEGURO,4904,157.66111589615124
SEGURO,4905,135.79398572083406
SEGURO,4906,144.67096637047908
SEGURO,4907,155.77596188282882
SEGURO,4908,151.69420242816653
SEGURO,4909,136.77905325160768
SEGURO,4910,146.15544234122567
SEGURO,4911,147.59021892135118
SEGURO,4912,151.22399344988716
SEGURO,4913,170.6917772322038
SEGURO,4914,149.45816985478726
SEGURO,4915,148.7083029750604
SEGURO,4916,142.41806969656386
SEGURO,4917,147.14812295531215
SEGURO,4918,156.31544683782315
SEGURO,4919,155.99189491449977
SEGURO,4920,170.7542568382033
SEGURO,4921,142.41927233190424
SEGURO,4922,149.56639286725095
SEGURO,4923,131.32513729298222
SEGURO,4924,144.53122536107645
SEGURO,4925,146.06668407601208
SEGURO,4926,166.9291657837255
SEGURO,4927,131.9076149970153
SEGURO,4928,148.90998373142224
SEGURO,4929,152.82424278898793
SEGURO,4930,146.50019345407412
SEGURO,4931,153.13980515674194
SEGURO,4932,159.81154460870022
SEGURO,4933,156.40584759099576
SEGURO,4934,143.8201266040031
SEGURO,4935,141.64722928914372
SEGURO,4936,158.8300765370438
SEGURO,4937,162.48760655584843
SEGURO,4938,139.21381724654813
SEGURO,4939,150.03027382703144
SEGURO,4940,139.50917993854128
SEGURO,4941,143.48819741329325
SEGURO,4942,156.44906060180276
SEGURO,4943,158.56079301284612
SEGURO,4944,153.73473074183266
SEGURO,4945,140.65805992571555
SEGURO,4946,149.6265655934713
SEGURO,4947,140.04681248121653
SEGURO,4948,156.82737933943844
SEGURO,4949,153.10708076236125
SEGURO,4950,136.90197196011158
SEGURO,4951,161.3819434693062
SEGURO,4952,157.4016463475774
SEGURO,4953,131.39880426590915
SEGURO,4954,145.71438940208313
SEGURO,4955,162.06337685190508
SEGURO,4956,159.55653249118484
SEGURO,4957,144.24941147287495
SEGURO,4958,147.97202204827707
SEGURO,4959,140.27962303260333
SEGURO,4960,160.44500713695027
SEGURO,4961,150.41588603079185
SEGURO,4962,159.52863542176178
SEGURO,4963,150.06627543753723
SEGURO,4964,148.17381237051922
SEGURO,4965,151.50346267792648
SEGURO,4966,150.22198276269353
SEGURO,4967,162.7184077873897
SEGURO,4968,162.56393194844546
SEGURO,4969,153.01057698437896
SEGURO,4970,152.31179073665473
SEGURO,4971,163.1411439768818
SEGURO,4972,159.60355907347636
SEGURO,4973,151.8658291200406
SEGURO,4974,164.05150036949865
SEGURO,4975,153.90249681221593
SEGURO,4976,152.73128099385383
SEGURO,4977,146.79691452054783
SEGURO,4978,160.5929579452881
SEGURO,4979,162.04241706281178
SEGURO,4980,156.35673346633143
SEGURO,4981,153.15433458530953
SEGURO,4982,156.9504840818972
SEGURO,4983,166.73262501603634
SEGURO,4984,158.06558898146818
SEGURO,4985,132.3536073851862
SEGURO,4986,170.9067497173811
SEGURO,4987,155.20525355157594
SEGURO,4988,147.203070849049
SEGURO,4989,146.089272263349
SEGURO,4990,146.01267665901807
SEGURO,4991,146.98292381742425
SEGURO,4992,164.00595985087827
SEGURO,4993,134.55071283740577
SEGURO,4994,162.52684127491256
SEGURO,4995,160.74627122720614
SEGURO,4996,155.97645375498422
SEGURO,4997,147.31451865165894
SEGURO,4998,157.3961258519286
SEGURO,4999,154.4598702806076
SEGURO,5000,148.3517387288529
SEGURO,5001,138.25347468157156
SEGURO,5002,160.69791323275535
SEGURO,5003,148.23130541632244
SEGURO,5004,155.77829756049346
SEGURO,5005,154.51978558584045
SEGURO,5006,152.3326705855445
SEGURO,5007,157.12113381174697
SEGURO,5008,162.95081571007682
SEGURO,5009,151.57866099902395
SEGURO,5010,162.0302835201553
SEGURO,5011,168.15017346166616
SEGURO,5012,150.75643025665144
SEGURO,5013,156.22353960308203
SEGURO,5014,149.31167233031508
SEGURO,5015,156.32969925547994
SEGURO,5016,155.61977522367738
SEGURO,5017,154.35378234644284
SEGURO,5018,157.15356344283396
SEGURO,5019,166.4277391238316
SEGURO,5020,146.27117861052474
SEGURO,5021,152.11621074958208
SEGURO,5022,154.7020176989587
SEGURO,5023,149.47182780481748
SEGURO,5024,150.12962906725875
SEGURO,5025,151.0184097296266
SEGURO,5026,152.41726206831797
SEGURO,5027,163.01535112066247
SEGURO,5028,141.85593307324982
SEGURO,5029,158.0841845815327
SEGURO,5030,153.87886663198623
SEGURO,5031,145.43844017740147
SEGURO,5032,148.09913259545877
SEGURO,5033,160.37897546177237
SEGURO,5034,148.05652849931582
SEGURO,5035,153.36471282791348
SEGURO,5036,160.87172459502926
SEGURO,5037,141.73732862905348
SEGURO,5038,166.15920299119426
SEGURO,5039,159.6607715699903
SEGURO,5040,149.37870250518785
SEGURO,5041,160.0149910872956
SEGURO,5042,142.32488967843946
SEGURO,5043,146.00026326018997
SEGURO,5044,152.02455207251305
SEGURO,5045,146.09522391806874
SEGURO,5046,156.62492900396023
SEGURO,5047,144.9319341620463
SEGURO,5048,153.29835514358874
SEGURO,5049,170.72860602727266
SEGURO,5050,150.9121800174923
SEGURO,5051,157.22836098755775
SEGURO,5052,144.79581437510393
SEGURO,5053,150.14394318986618
SEGURO,5054,167.74856092543877
SEGURO,5055,155.29080858837688
SEGURO,5056,155.03586075922007
SEGURO,5057,161.63954666436175
SEGURO,5058,163.34853780786403
SEGURO,5059,145.1640467821076
SEGURO,5060,156.7122575928074
SEGURO,5061,157.2671679808161
SEGURO,5062,167.02921375326574
SEGURO,5063,164.4606549569512
SEGURO,5064,142.48365353237006
SEGURO,5065,134.72537888819528
SEGURO,5066,135.91236481132776
SEGURO,5067,154.4466978936206
SEGURO,5068,150.18088517354096
SEGURO,5069,143.99619522551046
SEGURO,5070,159.006325109125
SEGURO,5071,152.69971594764485
SEGURO,5072,146.16374899952143
SEGURO,5073,155.91147978638043
SEGURO,5074,159.2352228061
SEGURO,5075,145.35653647962022
SEGURO,5076,164.5195748373324
SEGURO,5077,157.4470354305371
SEGURO,5078,160.4740933891665
SEGURO,5079,173.17440165361785
SEGURO,5080,159.60199493648346
SEGURO,5081,143.52378874873835
SEGURO,5082,159.9111275385749
SEGURO,5083,176.4966285619792
SEGURO,5084,159.52426665388433
SEGURO,5085,151.15384916691872
SEGURO,5086,147.6460407029832
SEGURO,5087,150.53450370532448
SEGURO,5088,157.08996384688425
SEGURO,5089,155.70009612490242
SEGURO,5090,158.7716938383315
SEGURO,5091,159.41664898987852
SEGURO,5092,156.66904587110312
SEGURO,5093,155.50270895368956
SEGURO,5094,146.11236515013118
SEGURO,5095,151.26895347053795
SEGURO,5096,147.24501588133145
SEGURO,5097,148.96372356755182
SEGURO,5098,149.00426876276768
SEGURO,5099,164.1070722214591
SEGURO,5100,149.5311312708257
SEGURO,5101,156.21692941116606
SEGURO,5102,137.25468969959798
SEGURO,5103,130.8493160302579
SEGURO,5104,149.02165281334533
SEGURO,5105,147.72359784022984
SEGURO,5106,146.50704695120953
SEGURO,5107,157.31623947734602
SEGURO,5108,142.05608613878863
SEGURO,5109,156.66236328269372
SEGURO,5110,143.03876493348855
SEGURO,5111,151.92712276358333
SEGURO,5112,143.72216701574882
SEGURO,5113,151.7751399540644
SEGURO,5114,147.21831578022935
SEGURO,5115,148.39062244907765
SEGURO,5116,149.21284674761318
SEGURO,5117,147.1990404732987
SEGURO,5118,165.36334667609694
SEGURO,5119,129.45173223641194
SEGURO,5120,152.02780460810374
SEGURO,5121,131.53372752538527
SEGURO,5122,153.33402162006126
SEGURO,5123,155.34501729415697
SEGURO,5124,146.49540043592603
SEGURO,5125,145.30233542732782
SEGURO,5126,148.9533575875504
SEGURO,5127,151.96279519587435
SEGURO,5128,142.7326839559339
SEGURO,5129,161.90263186341852
SEGURO,5130,149.52016883259557
SEGURO,5131,151.98915797133677
SEGURO,5132,156.66865363052136
SEGURO,5133,141.45481298322102
SEGURO,5134,145.81878964467597
SEGURO,5135,147.87843997960152
SEGURO,5136,154.3511033531113
SEGURO,5137,144.36953722731204
SEGURO,5138,163.61534530750853
SEGURO,5139,146.40498147249014
SEGURO,5140,146.77444029731078
SEGURO,5141,153.74556074914048
SEGURO,5142,137.11014103444901
SEGURO,5143,145.02736912956095
SEGURO,5144,148.94881278025105
SEGURO,5145,154.29915885496322
SEGURO,5146,152.11894825523208
SEGURO,5147,158.81073253991596
SEGURO,5148,168.1118787889621
SEGURO,5149,147.06802555076138
SEGURO,5150,151.91119256941568
SEGURO,5151,149.70756298057648
SEGURO,5152,150.9532499573407
SEGURO,5153,158.75232391830752
SEGURO,5154,146.52009185855633
SEGURO,5155,152.72208938328416
SEGURO,5156,146.4657841008589
SEGURO,5157,167.93279070671528
SEGURO,5158,150.21265133333776
SEGURO,5159,145.50426227520833
SEGURO,5160,150.01050277834443
SEGURO,5161,173.21965394447997
SEGURO,5162,148.6701336807621
SEGURO,5163,148.38606223212778
SEGURO,5164,144.70652240655264
SEGURO,5165,146.42275531063552
SEGURO,5166,163.18143125608927
SEGURO,5167,158.27763074368877
SEGURO,5168,160.4337688188476
SEGURO,5169,145.64312182253786
SEGURO,5170,152.54078192086436
SEGURO,5171,149.01556789605286
SEGURO,5172,153.219113087301
SEGURO,5173,155.43652014961572
SEGURO,5174,163.45025358252906
SEGURO,5175,148.2274198713543
SEGURO,5176,144.33307346357233
SEGURO,5177,165.87226886302406
SEGURO,5178,149.08708949453558
SEGURO,5179,146.87338953910674
SEGURO,5180,143.61475359256602
SEGURO,5181,157.3092232435679
SEGURO,5182,145.45248781153109
SEGURO,5183,140.52831379300406
SEGURO,5184,143.31458669899033
SEGURO,5185,144.25101752683807
SEGURO,5186,151.99308757285564
SEGURO,5187,145.62823856286082
SEGURO,5188,142.0635998420548
SEGURO,5189,136.61921807289565
SEGURO,5190,164.82020940319146
SEGURO,5191,153.2275919858486
SEGURO,5192,151.58522765658546
SEGURO,5193,153.5832283456317
SEGURO,5194,153.121267149878
SEGURO,5195,163.63540955658098
SEGURO,5196,153.83341217607315
SEGURO,5197,148.00687618394184
SEGURO,5198,154.01347359722052
SEGURO,5199,145.49156153090283
SEGURO,5200,161.92712178793766
SEGURO,5201,143.2006508912132
SEGURO,5202,149.06890465164867
SEGURO,5203,139.67477117676927
SEGURO,5204,153.02960940133082
SEGURO,5205,165.57812281617723
SEGURO,5206,167.49815404127932
SEGURO,5207,138.4730963913842
SEGURO,5208,161.45664523419782
SEGURO,5209,160.2861174496706
SEGURO,5210,151.52719300549003
SEGURO,5211,168.89979653546294
SEGURO,5212,151.6398735245179
SEGURO,5213,151.17142381943242
SEGURO,5214,137.65361252118396
SEGURO,5215,169.7614182238072
SEGURO,5216,157.52503218318222
SEGURO,5217,153.77148254610108
SEGURO,5218,170.89801819230115
SEGURO,5219,154.68803961972327
SEGURO,5220,152.92248828044728
SEGURO,5221,156.90342804778908
SEGURO,5222,166.62633550196554
SEGURO,5223,156.6449931350245
SEGURO,5224,153.10552015339263
SEGURO,5225,137.40887916016692
SEGURO,5226,150.48305281911576
SEGURO,5227,146.5374818520358
SEGURO,5228,164.326165492774
SEGURO,5229,153.3254550284127
SEGURO,5230,151.9723630036132
SEGURO,5231,165.83131513454845
SEGURO,5232,150.11561455977377
SEGURO,5233,143.8793955157305
SEGURO,5234,158.1165065194633
SEGURO,5235,142.99378293739548
SEGURO,5236,152.96003181243395
SEGURO,5237,150.41609442137826
SEGURO,5238,155.5743476547457
SEGURO,5239,143.83943238635723
SEGURO,5240,150.5271668376124
SEGURO,5241,143.17298752670894
SEGURO,5242,145.7035043242418
SEGURO,5243,144.7787624165087
SEGURO,5244,146.68692784001405
SEGURO,5245,157.08612775076813
SEGURO,5246,155.6882453428063
SEGURO,5247,146.33748144586414
SEGURO,5248,147.51571912407334
SEGURO,5249,147.14278703917563
SEGURO,5250,166.41577280995241
SEGURO,5251,166.1551132587664
SEGURO,5252,146.38568492324106
SEGURO,5253,158.2816713696503
SEGURO,5254,144.6043927812706
SEGURO,5255,147.35449151910075
SEGURO,5256,151.66510275098213
SEGURO,5257,162.58394151646417
SEGURO,5258,149.98305791504984
SEGURO,5259,155.58219468609875
SEGURO,5260,148.0454487741697
SEGURO,5261,155.2693432370564
SEGURO,5262,142.99260594357384
SEGURO,5263,163.81825932458565
SEGURO,5264,162.95231602793888
SEGURO,5265,171.34022263911618
SEGURO,5266,145.6896154351813
SEGURO,5267,136.79639334254196
SEGURO,5268,155.6940090151205
SEGURO,5269,161.06519500619189
SEGURO,5270,146.29195103332393
SEGURO,5271,153.08608257807776
SEGURO,5272,165.40292331176522
SEGURO,5273,167.7781054276285
SEGURO,5274,143.0461742447098
SEGURO,5275,156.58732340500765
SEGURO,5276,148.2969365830588
SEGURO,5277,139.5721940124752
SEGURO,5278,169.11853315355106
SEGURO,5279,145.41996524972828
SEGURO,5280,150.8137608160851
SEGURO,5281,155.24424476888476
SEGURO,5282,145.63876364783152
SEGURO,5283,146.71402415836604
SEGURO,5284,134.52068493538778
SEGURO,5285,144.82270243158635
SEGURO,5286,158.28787368208694
SEGURO,5287,150.69225837609594
SEGURO,5288,157.44654040772315
SEGURO,5289,157.081223851891
SEGURO,5290,157.94882582681
SEGURO,5291,151.58605372505
SEGURO,5292,149.30501291231894
SEGURO,5293,165.8193124317279
SEGURO,5294,140.34830058987933
SEGURO,5295,156.4166549905806
SEGURO,5296,156.96171553219233
SEGURO,5297,147.9227526938593
SEGURO,5298,151.7205475327486
SEGURO,5299,169.35247676536244
SEGURO,5300,173.01602646744746
SEGURO,5301,149.06142665281783
SEGURO,5302,150.7120221497162
SEGURO,5303,141.95663433520102
SEGURO,5304,150.55838619424213
SEGURO,5305,144.8982891337726
SEGURO,5306,153.7087262160466
SEGURO,5307,162.04779754326745
SEGURO,5308,145.481445931135
SEGURO,5309,156.92668929955025
SEGURO,5310,146.03668425043205
SEGURO,5311,148.18786652279653
SEGURO,5312,150.37896347113085
SEGURO,5313,157.85342162671415
SEGURO,5314,157.3160072642598
SEGURO,5315,159.40092454090293
SEGURO,5316,156.4680807245559
SEGURO,5317,163.0562937832426
SEGURO,5318,161.60518564492463
SEGURO,5319,158.99916981626706
SEGURO,5320,155.25998915065415
SEGURO,5321,163.4298086807903
SEGURO,5322,160.73412551918045
SEGURO,5323,142.83091621426118
SEGURO,5324,153.52839556820476
SEGURO,5325,167.2203611906058
SEGURO,5326,143.58955143235795
SEGURO,5327,152.88475955129334
SEGURO,5328,149.027823280923
SEGURO,5329,169.91614668656075
SEGURO,5330,147.54518817215032
SEGURO,5331,147.26430898895137
SEGURO,5332,148.55678112130553
SEGURO,5333,152.47965595233399
SEGURO,5334,171.0815667755565
SEGURO,5335,156.8676137458736
SEGURO,5336,154.93665547406601
SEGURO,5337,161.81597529111147
SEGURO,5338,148.32697762720588
SEGURO,5339,138.3384398370466
SEGURO,5340,159.36261715590214
SEGURO,5341,154.72255287736243
SEGURO,5342,169.52143156067297
SEGURO,5343,143.83680392340767
SEGURO,5344,151.31203294844988
SEGURO,5345,145.44899995605766
SEGURO,5346,150.08313756435308
SEGURO,5347,138.15814856511082
SEGURO,5348,155.6731585691911
SEGURO,5349,164.70602107032403
SEGURO,5350,145.47867289974533
SEGURO,5351,156.93140900953512
SEGURO,5352,170.75536755997447
SEGURO,5353,158.28916844659824
SEGURO,5354,166.8002902580825
SEGURO,5355,142.18416834635147
SEGURO,5356,160.39645357609112
SEGURO,5357,163.50252371362922
SEGURO,5358,149.54653433919754
SEGURO,5359,166.38439961527507
SEGURO,5360,136.61563085219333
SEGURO,5361,132.72343604687168
SEGURO,5362,163.0482817473463
SEGURO,5363,150.8013156757043
SEGURO,5364,142.743905202079
SEGURO,5365,150.98954873188222
SEGURO,5366,130.18309546800205
SEGURO,5367,157.50676637305682
SEGURO,5368,149.94091566601023
SEGURO,5369,147.63798100398614
SEGURO,5370,144.20887416525525
SEGURO,5371,154.86479964133576
SEGURO,5372,137.42281709855806
SEGURO,5373,145.818827302567
SEGURO,5374,144.552264917108
SEGURO,5375,167.62644779689313
SEGURO,5376,153.95808839186526
SEGURO,5377,168.5946116294125
SEGURO,5378,157.57773209213514
SEGURO,5379,161.09170571137477
SEGURO,5380,151.2256292668446
SEGURO,5381,157.6165404852095
SEGURO,5382,148.17593691662807
SEGURO,5383,143.26030724724345
SEGURO,5384,160.07640530057515
SEGURO,5385,146.28916072361423
SEGURO,5386,152.7386345448279
SEGURO,5387,151.06393454830504
SEGURO,5388,145.97131236891371
SEGURO,5389,149.6152362114833
SEGURO,5390,165.18589857125698
SEGURO,5391,163.21252281855877
SEGURO,5392,152.50060498443665
SEGURO,5393,163.9753130095155
SEGURO,5394,149.90966255390848
SEGURO,5395,162.5686505206825
SEGURO,5396,136.912545741592
SEGURO,5397,163.25539504932698
SEGURO,5398,166.6459962737376
SEGURO,5399,147.56824420677927
SEGURO,5400,175.151649249623
SEGURO,5401,146.25553097620715
SEGURO,5402,152.21063560524587
SEGURO,5403,135.15603123389712
SEGURO,5404,157.08045072810975
SEGURO,5405,163.18057073067177
SEGURO,5406,149.3344410661026
SEGURO,5407,152.6100985622629
SEGURO,5408,154.12979643375968
SEGURO,5409,150.20245759569883
SEGURO,5410,135.74639831604546
SEGURO,5411,166.04025514137933
SEGURO,5412,138.0367822300303
SEGURO,5413,145.33627900489802
SEGURO,5414,154.23277318235395
SEGURO,5415,149.77991361721647
SEGURO,5416,146.3677922938396
SEGURO,5417,153.98766267728828
SEGURO,5418,166.03157771490388
SEGURO,5419,160.5659509389527
SEGURO,5420,148.66850619353912
SEGURO,5421,147.53881117659444
SEGURO,5422,160.00368485937602
SEGURO,5423,150.41041158513025
SEGURO,5424,146.85599867914536
SEGURO,5425,131.96937450494585
SEGURO,5426,158.19530606892695
SEGURO,5427,141.13967483371113
SEGURO,5428,156.50843776415002
SEGURO,5429,149.97215416832444
SEGURO,5430,154.76737247886277
SEGURO,5431,156.3643603765219
SEGURO,5432,160.52350244877056
SEGURO,5433,143.82087933430037
SEGURO,5434,143.78765761412865
SEGURO,5435,166.01235476484075
SEGURO,5436,160.819947178372
SEGURO,5437,153.10736481252926
SEGURO,5438,168.56859294867522
SEGURO,5439,162.05848752334086
SEGURO,5440,146.15871323117574
SEGURO,5441,169.36846534721502
SEGURO,5442,159.01880578807547
SEGURO,5443,144.29742789525662
SEGURO,5444,148.83161396478286
SEGURO,5445,162.64806585481227
SEGURO,5446,133.7969675081915
SEGURO,5447,157.65591916516885
SEGURO,5448,149.9536328707414
SEGURO,5449,155.66489548095052
SEGURO,5450,144.1900945581665
SEGURO,5451,162.6796935546668
SEGURO,5452,158.62715390532327
SEGURO,5453,152.27274545520578
SEGURO,5454,151.18360920340214
SEGURO,5455,162.79545037518946
SEGURO,5456,147.71097900032984
SEGURO,5457,158.26390104213453
SEGURO,5458,158.83035751094175
SEGURO,5459,151.95895813118338
SEGURO,5460,150.60952701880817
SEGURO,5461,152.2102475757307
SEGURO,5462,151.43547855565177
SEGURO,5463,159.9134512542383
SEGURO,5464,170.16344730402844
SEGURO,5465,141.52743832778918
SEGURO,5466,158.76042715370008
SEGURO,5467,151.9102573043189
SEGURO,5468,164.70433424344054
SEGURO,5469,178.45080656445842
SEGURO,5470,148.17795604685145
SEGURO,5471,154.58175586196026
SEGURO,5472,143.85923173799455
SEGURO,5473,142.18055687011636
SEGURO,5474,143.3093764753696
SEGURO,5475,169.2191186358926
SEGURO,5476,150.59206148303468
SEGURO,5477,166.43371965772883
SEGURO,5478,149.45853123999748
SEGURO,5479,141.98756179893184
SEGURO,5480,153.62899565814422
SEGURO,5481,161.26071909663233
SEGURO,5482,145.03413492801678
SEGURO,5483,153.53228298699608
SEGURO,5484,152.3322455533057
SEGURO,5485,167.3689023207529
SEGURO,5486,143.6907429919934
SEGURO,5487,147.128498184419
SEGURO,5488,153.66392032084394
SEGURO,5489,158.27866979153137
SEGURO,5490,155.05428494767625
SEGURO,5491,160.72415142851742
SEGURO,5492,153.40101870449956
SEGURO,5493,158.00158510547257
SEGURO,5494,165.64243876814103
SEGURO,5495,148.1904632426147
SEGURO,5496,149.21412854542396
SEGURO,5497,140.8339585858106
SEGURO,5498,143.2682127233041
SEGURO,5499,152.70153516094555
SEGURO,5500,129.91383573339783
SEGURO,5501,141.59479070967683
SEGURO,5502,157.62512862679534
SEGURO,5503,155.38556615527773
SEGURO,5504,170.3193895068763
SEGURO,5505,152.58875877600062
SEGURO,5506,143.6449717798906
SEGURO,5507,151.33289861428042
SEGURO,5508,155.144173002219
SEGURO,5509,155.77426704899256
SEGURO,5510,145.88330349440233
SEGURO,5511,159.11214714459186
SEGURO,5512,136.63133199741753
SEGURO,5513,166.29217677730432
SEGURO,5514,148.48606106581354
SEGURO,5515,154.51472906428364
SEGURO,5516,157.12488564089313
SEGURO,5517,146.89801922718772
SEGURO,5518,148.27569215829385
SEGURO,5519,143.19261755289972
SEGURO,5520,169.4198687058908
SEGURO,5521,156.15086028643225
SEGURO,5522,153.71196865329676
SEGURO,5523,147.25421367250425
SEGURO,5524,153.7608298219242
SEGURO,5525,149.0418190633605
SEGURO,5526,131.9138783276245
SEGURO,5527,145.0589202806248
SEGURO,5528,162.02016216808963
SEGURO,5529,160.8311265077502
SEGURO,5530,139.07597234387734
SEGURO,5531,151.15121214603553
SEGURO,5532,156.82790571452296
SEGURO,5533,158.44405390505585
SEGURO,5534,166.8868238298021
SEGURO,5535,151.7868584180895
SEGURO,5536,147.34770163840986
SEGURO,5537,150.74906045455296
SEGURO,5538,170.51872506251573
SEGURO,5539,156.43709695484057
SEGURO,5540,150.9724630762757
SEGURO,5541,154.28978025267833
SEGURO,5542,172.95551959181637
SEGURO,5543,155.0431980510732
SEGURO,5544,144.22833712654494
SEGURO,5545,160.07426289203013
SEGURO,5546,154.39363732783548
SEGURO,5547,148.01073640661764
SEGURO,5548,174.45420335953574
SEGURO,5549,161.2704710255902
SEGURO,5550,146.22705022185536
SEGURO,5551,163.26265204994704
SEGURO,5552,149.68510264089582
SEGURO,5553,135.1618120580576
SEGURO,5554,158.0079091829387
SEGURO,5555,161.23013043344568
SEGURO,5556,158.80441975347577
SEGURO,5557,164.54127615569567
SEGURO,5558,151.01192957353686
SEGURO,5559,144.27648467058154
SEGURO,5560,140.36758023161713
SEGURO,5561,138.6750870327953
SEGURO,5562,157.29319547470882
SEGURO,5563,152.500313655071
SEGURO,5564,156.6306821484333
SEGURO,5565,156.3880711834096
SEGURO,5566,151.79049901483847
SEGURO,5567,135.42619942629025
SEGURO,5568,145.91079889774377
SEGURO,5569,133.57207713869508
SEGURO,5570,158.3494100586664
SEGURO,5571,166.06250570071262
SEGURO,5572,157.38545892551895
SEGURO,5573,150.59596539498662
SEGURO,5574,128.23705610227006
SEGURO,5575,140.95452831439937
SEGURO,5576,158.36984224673324
SEGURO,5577,151.71910524338946
SEGURO,5578,165.57241125549834
SEGURO,5579,141.1431483167051
SEGURO,5580,161.11997101836073
SEGURO,5581,174.86895955782427
SEGURO,5582,142.23752151767297
SEGURO,5583,156.5014007632108
SEGURO,5584,168.58681807480465
SEGURO,5585,137.39164918003192
SEGURO,5586,141.39669986644998
SEGURO,5587,151.36304730420468
SEGURO,5588,165.0188354994139
SEGURO,5589,158.64565543543725
SEGURO,5590,145.4074334738219
SEGURO,5591,149.15599348725715
SEGURO,5592,147.12551637292455
SEGURO,5593,171.5203116136939
SEGURO,5594,159.26901055713327
SEGURO,5595,151.64618720854804
SEGURO,5596,158.09547730550136
SEGURO,5597,146.937402807228
SEGURO,5598,135.70040370038353
SEGURO,5599,151.51780511167436
SEGURO,5600,153.13195344983626
SEGURO,5601,135.83449743764282
SEGURO,5602,142.8705630383433
SEGURO,5603,143.98289887261873
SEGURO,5604,171.9796669996544
SEGURO,5605,158.53809363850536
SEGURO,5606,152.34271717302352
SEGURO,5607,158.12972204939516
SEGURO,5608,143.35968347359028
SEGURO,5609,138.66454828278782
SEGURO,5610,156.39092610668644
SEGURO,5611,159.3076773954894
SEGURO,5612,155.19140010953043
SEGURO,5613,150.95548561792432
SEGURO,5614,124.50418553167914
SEGURO,5615,144.0364730043005
SEGURO,5616,131.0878929583175
SEGURO,5617,153.62558250757104
SEGURO,5618,162.60758302847478
SEGURO,5619,156.03875583060992
SEGURO,5620,158.7247236308311
SEGURO,5621,154.67166389590204
SEGURO,5622,154.32291784104683
SEGURO,5623,145.33368085699078
SEGURO,5624,161.3472783201376
SEGURO,5625,151.21350464581909
SEGURO,5626,160.16373581762318
SEGURO,5627,151.3518134981396
SEGURO,5628,152.08725008043177
SEGURO,5629,169.7079978697854
SEGURO,5630,156.64289670101772
SEGURO,5631,148.34578745580725
SEGURO,5632,156.21448119934865
SEGURO,5633,166.60535411078308
SEGURO,5634,155.49433530839124
SEGURO,5635,162.01162111778558
SEGURO,5636,162.22043334260866
SEGURO,5637,149.31494496285734
SEGURO,5638,131.83327110175864
SEGURO,5639,150.78698665171063
SEGURO,5640,149.15962049772997
SEGURO,5641,156.9668578702363
SEGURO,5642,151.38759843966818
SEGURO,5643,156.98173102425204
SEGURO,5644,158.8252569510869
SEGURO,5645,152.01689027727105
SEGURO,5646,157.7389394282538
SEGURO,5647,138.69255751263614
SEGURO,5648,161.77161602298133
SEGURO,5649,161.94790027079048
SEGURO,5650,135.77684361349424
SEGURO,5651,144.9928493145057
SEGURO,5652,163.28741865413545
SEGURO,5653,141.89388171746646
SEGURO,5654,160.19335250551183
SEGURO,5655,155.69309368008678
SEGURO,5656,146.03951830492954
SEGURO,5657,151.6976182538156
SEGURO,5658,144.16653247018
SEGURO,5659,146.89942797860223
SEGURO,5660,156.76582844889842
SEGURO,5661,148.4329621056352
SEGURO,5662,138.65124626430102
SEGURO,5663,148.1060624690776
SEGURO,5664,150.1472434857778
SEGURO,5665,149.42047022959832
SEGURO,5666,156.67824531158968
SEGURO,5667,151.41864281790802
SEGURO,5668,165.83953505198565
SEGURO,5669,150.3070017383111
SEGURO,5670,160.26158340649735
SEGURO,5671,151.92600656610102
SEGURO,5672,151.0444964585976
SEGURO,5673,159.8792009559068
SEGURO,5674,154.59682314618033
SEGURO,5675,143.0117601879577
SEGURO,5676,164.39226275832704
SEGURO,5677,156.93700577945702
SEGURO,5678,139.94862315093766
SEGURO,5679,146.15755758916097
SEGURO,5680,135.24004025657226
SEGURO,5681,152.56318337428397
SEGURO,5682,145.51454478269324
SEGURO,5683,146.5156658259893
SEGURO,5684,157.91071094092786
SEGURO,5685,150.00020529215888
SEGURO,5686,143.58094937195742
SEGURO,5687,151.85973000869942
SEGURO,5688,156.38569588628064
SEGURO,5689,155.898409049872
SEGURO,5690,145.35968924459786
SEGURO,5691,148.28532846947752
SEGURO,5692,150.26377232700844
SEGURO,5693,162.0591943123448
SEGURO,5694,148.07203624188975
SEGURO,5695,157.16765007502883
SEGURO,5696,158.95040020532247
SEGURO,5697,146.9918016832704
SEGURO,5698,160.98973514647872
SEGURO,5699,154.22589404306032
SEGURO,5700,154.18136211789044
SEGURO,5701,150.17660501259184
SEGURO,5702,148.0277364530542
SEGURO,5703,150.62507379467974
SEGURO,5704,152.50922920654932
SEGURO,5705,148.15980826802115
SEGURO,5706,136.99139236007585
SEGURO,5707,139.74410202012479
SEGURO,5708,150.25514154100782
SEGURO,5709,158.8583061467738
SEGURO,5710,147.72765833218304
SEGURO,5711,127.96109616275632
SEGURO,5712,162.78700554869002
SEGURO,5713,141.26556137270978
SEGURO,5714,136.99238202374084
SEGURO,5715,156.06478069825516
SEGURO,5716,140.20948435870062
SEGURO,5717,152.26494173271857
SEGURO,5718,150.56260860043233
SEGURO,5719,152.7722827957931
SEGURO,5720,156.02187353667802
SEGURO,5721,151.25316093979225
SEGURO,5722,164.89056114182512
SEGURO,5723,163.50512259918722
SEGURO,5724,147.87323573777587
SEGURO,5725,161.2612725002943
SEGURO,5726,157.8356524503214
SEGURO,5727,159.98753659718437
SEGURO,5728,148.71578275396018
SEGURO,5729,152.86778601988667
SEGURO,5730,144.12211106245593
SEGURO,5731,137.212357629515
SEGURO,5732,152.76922800593906
SEGURO,5733,153.69356800128216
SEGURO,5734,157.82685174011556
SEGURO,5735,168.473113008069
SEGURO,5736,153.43003399630666
SEGURO,5737,155.42074329689174
SEGURO,5738,159.06495019244326
SEGURO,5739,151.8342669286483
SEGURO,5740,149.75862140689293
SEGURO,5741,162.50654435811654
SEGURO,5742,159.36666034551143
SEGURO,5743,151.66413580814034
SEGURO,5744,154.13486770366475
SEGURO,5745,149.55276486965812
SEGURO,5746,158.42729514955795
SEGURO,5747,152.84470278202022
SEGURO,5748,157.56647137716365
SEGURO,5749,162.23246122181047
SEGURO,5750,143.70891398382375
SEGURO,5751,149.43009724368497
SEGURO,5752,161.292146566222
SEGURO,5753,150.0925343935025
SEGURO,5754,161.45162944145872
SEGURO,5755,155.68301880508756
SEGURO,5756,152.95497503174195
SEGURO,5757,156.6135058513075
SEGURO,5758,150.67666042113405
SEGURO,5759,127.57945269273868
SEGURO,5760,141.61442786015334
SEGURO,5761,150.85908072969607
SEGURO,5762,154.56592563421725
SEGURO,5763,160.14178785902592
SEGURO,5764,148.37024743205814
SEGURO,5765,158.3739837049491
SEGURO,5766,152.23833017313265
SEGURO,5767,150.1713728449403
SEGURO,5768,148.0168010700334
SEGURO,5769,152.72005550591575
SEGURO,5770,148.17636391234012
SEGURO,5771,150.05777944102772
SEGURO,5772,141.9040064016968
SEGURO,5773,154.20446946057268
SEGURO,5774,152.090813358099
SEGURO,5775,159.8124380958343
SEGURO,5776,165.97877537470114
SEGURO,5777,151.75078069339463
SEGURO,5778,165.971077262689
SEGURO,5779,162.06932415793483
SEGURO,5780,137.55128803362913
SEGURO,5781,141.7085820537143
SEGURO,5782,147.27728850765348
SEGURO,5783,154.77128908720957
SEGURO,5784,142.02520663741456
SEGURO,5785,155.4027135665693
SEGURO,5786,157.7810903590328
SEGURO,5787,148.276962096029
SEGURO,5788,144.4983434724931
SEGURO,5789,149.17709814455827
SEGURO,5790,149.0292763715507
SEGURO,5791,146.61670914752938
SEGURO,5792,152.09966458023015
SEGURO,5793,151.58045679477408
SEGURO,5794,158.95159035095682
SEGURO,5795,140.19809492918966
SEGURO,5796,145.4233317372408
SEGURO,5797,154.69203173376857
SEGURO,5798,143.16616596706086
SEGURO,5799,143.72187276252703
SEGURO,5800,148.1389323557757
SEGURO,5801,151.67757014887874
SEGURO,5802,147.67545125860113
SEGURO,5803,146.68128375989642
SEGURO,5804,156.14381009232383
SEGURO,5805,161.1468894895936
SEGURO,5806,146.66241234915083
SEGURO,5807,158.72200936337478
SEGURO,5808,154.26585864904064
SEGURO,5809,156.6668572474863
SEGURO,5810,151.7285547064791
SEGURO,5811,150.12429090092186
SEGURO,5812,147.6877365002159
SEGURO,5813,140.55210377942964
SEGURO,5814,127.38317960486337
SEGURO,5815,149.3643861930306
SEGURO,5816,178.6870548238944
SEGURO,5817,148.2004681185684
SEGURO,5818,150.9069191105365
SEGURO,5819,142.65313022261554
SEGURO,5820,135.38647271460806
SEGURO,5821,146.2088505523571
SEGURO,5822,171.4437192808567
SEGURO,5823,133.9789436714468
SEGURO,5824,163.085300300425
SEGURO,5825,153.90154829222715
SEGURO,5826,160.6640960201825
SEGURO,5827,133.4471283018917
SEGURO,5828,138.35362647657794
SEGURO,5829,158.5158232248631
SEGURO,5830,156.95068102638493
SEGURO,5831,137.5786422369013
SEGURO,5832,132.95570803985618
SEGURO,5833,170.19054897014297
SEGURO,5834,159.51079232646214
SEGURO,5835,153.44372212654596
SEGURO,5836,162.03944025317622
SEGURO,5837,156.53781601372395
SEGURO,5838,152.1415931080876
SEGURO,5839,162.7592232768706
SEGURO,5840,157.9226182801399
SEGURO,5841,147.70981006522277
SEGURO,5842,153.5856452999166
SEGURO,5843,166.5607989163361
SEGURO,5844,143.63773736942744
SEGURO,5845,162.82131055118248
SEGURO,5846,148.1654800982421
SEGURO,5847,154.33535826077224
SEGURO,5848,152.0601292930755
SEGURO,5849,142.6079135498469
SEGURO,5850,146.62353445225133
SEGURO,5851,167.99839820916074
SEGURO,5852,151.362051102931
SEGURO,5853,146.20751923434986
SEGURO,5854,156.0394054222338
SEGURO,5855,180.3051272722506
SEGURO,5856,157.7090437510162
SEGURO,5857,150.40648337673068
SEGURO,5858,144.68799511403287
SEGURO,5859,156.58169284101206
SEGURO,5860,140.908922380927
SEGURO,5861,153.5376811886879
SEGURO,5862,134.0808892568718
SEGURO,5863,140.5097148488729
SEGURO,5864,149.39829101896487
SEGURO,5865,143.57125777642912
SEGURO,5866,163.5862903890839
SEGURO,5867,156.12357950454088
SEGURO,5868,155.1730315441571
SEGURO,5869,157.43953023472906
SEGURO,5870,154.10965447895384
SEGURO,5871,150.75667299578245
SEGURO,5872,164.7415086972576
SEGURO,5873,151.80806151836785
SEGURO,5874,159.96494470843788
SEGURO,5875,137.83845665282144
SEGURO,5876,170.077741923146
SEGURO,5877,168.11402852659592
SEGURO,5878,154.03020236753224
SEGURO,5879,147.92119992270096
SEGURO,5880,146.90181666733073
SEGURO,5881,145.4750973367391
SEGURO,5882,134.73902442372219
SEGURO,5883,162.90072555748787
SEGURO,5884,137.77662771504473
SEGURO,5885,154.85760477679878
SEGURO,5886,176.45851598402112
SEGURO,5887,131.5777663921695
SEGURO,5888,146.44595541616923
SEGURO,5889,148.31922377246394
SEGURO,5890,144.9459992028936
SEGURO,5891,152.5769701920665
SEGURO,5892,148.34357814351588
SEGURO,5893,143.1335723958475
SEGURO,5894,151.43475111249032
SEGURO,5895,144.68248586895126
SEGURO,5896,162.7009103969188
SEGURO,5897,151.01318699031592
SEGURO,5898,157.7154587216237
SEGURO,5899,151.9517810759595
SEGURO,5900,153.52613422648832
SEGURO,5901,163.39498123191686
SEGURO,5902,154.5811739867319
SEGURO,5903,155.05055639341063
SEGURO,5904,159.95211678650813
SEGURO,5905,148.7662361769656
SEGURO,5906,133.51599001238088
SEGURO,5907,153.97093943491294
SEGURO,5908,150.92546618111035
SEGURO,5909,150.71815349890642
SEGURO,5910,154.07190899421406
SEGURO,5911,158.86983819210863
SEGURO,5912,163.9058144940304
SEGURO,5913,146.1212712628999
SEGURO,5914,153.28337277362564
SEGURO,5915,146.8129432551654
SEGURO,5916,158.8077050980514
SEGURO,5917,166.03645831420505
SEGURO,5918,152.6498400956113
SEGURO,5919,160.49240232362183
SEGURO,5920,148.48687282781057
SEGURO,5921,141.7784984024286
SEGURO,5922,147.0695451996164
SEGURO,5923,157.08744662720466
SEGURO,5924,155.45179819270092
SEGURO,5925,142.84135822320437
SEGURO,5926,145.32411321447975
SEGURO,5927,151.2956257918556
SEGURO,5928,145.63652718139204
SEGURO,5929,149.41095128230393
SEGURO,5930,163.32185118602277
SEGURO,5931,150.94622203363653
SEGURO,5932,163.35973950468235
SEGURO,5933,153.24017306427322
SEGURO,5934,143.19454831288718
SEGURO,5935,146.3577000483541
SEGURO,5936,160.05134269546804
SEGURO,5937,153.6966796567786
SEGURO,5938,166.8069409450909
SEGURO,5939,155.6997419308335
SEGURO,5940,148.75034160499408
SEGURO,5941,155.42210255768308
SEGURO,5942,150.47271310019173
SEGURO,5943,155.35414931247155
SEGURO,5944,165.49645884173256
SEGURO,5945,158.40527593806485
SEGURO,5946,143.1306980233939
SEGURO,5947,148.15940974704222
SEGURO,5948,149.81979345522373
SEGURO,5949,149.16782506058615
SEGURO,5950,130.3138816984674
SEGURO,5951,153.7136507066553
SEGURO,5952,132.2231503850386
SEGURO,5953,168.96995825300985
SEGURO,5954,149.24243658976556
SEGURO,5955,152.14984371958394
SEGURO,5956,139.5665530939804
SEGURO,5957,158.78568638318998
SEGURO,5958,148.78093482360322
SEGURO,5959,141.73885558919042
SEGURO,5960,149.0560563768046
SEGURO,5961,148.65507112093394
SEGURO,5962,164.68227518672313
SEGURO,5963,160.80298421573636
SEGURO,5964,187.13929148230636
SEGURO,5965,146.09669136814583
SEGURO,5966,162.9291596003853
SEGURO,5967,145.55919535699036
SEGURO,5968,144.76572084149817
SEGURO,5969,166.15710805205654
SEGURO,5970,135.86496353390484
SEGURO,5971,156.85620952150813
SEGURO,5972,157.04103217172036
SEGURO,5973,167.6910747856113
SEGURO,5974,165.56777702577727
SEGURO,5975,137.4612078255321
SEGURO,5976,151.1228288827629
SEGURO,5977,165.01648497665934
SEGURO,5978,148.5335526940057
SEGURO,5979,161.86373211611365
SEGURO,5980,151.56434239271545
SEGURO,5981,154.8416423872149
SEGURO,5982,170.52019585673725
SEGURO,5983,152.3666742681748
SEGURO,5984,154.21646595345342
SEGURO,5985,158.4373492155752
SEGURO,5986,152.63467905806073
SEGURO,5987,156.48701447743116
SEGURO,5988,153.90724289455272
SEGURO,5989,147.24790138413184
SEGURO,5990,150.59747360379893
SEGURO,5991,148.12437433882343
SEGURO,5992,150.54130073905011
SEGURO,5993,150.04234092038527
SEGURO,5994,153.9546353941934
SEGURO,5995,149.48736181696165
SEGURO,5996,156.42454513725974
SEGURO,5997,148.67318061037687
SEGURO,5998,157.84396805992964
SEGURO,5999,159.28243828130474
SEGURO,6000,161.8717841602258
SEGURO,6001,147.2997314128822
SEGURO,6002,148.72780451844497
SEGURO,6003,157.01492216544858
SEGURO,6004,161.23999395723817
SEGURO,6005,148.8646180672287
SEGURO,6006,155.51941019707633
SEGURO,6007,152.7976561765524
SEGURO,6008,157.61842582475452
SEGURO,6009,146.91363820159617
SEGURO,6010,157.53708676116023
SEGURO,6011,160.03303105708966
SEGURO,6012,155.0252100163564
SEGURO,6013,154.70303083697988
SEGURO,6014,138.21125918912193
SEGURO,6015,147.11114892488914
SEGURO,6016,148.20094652749293
SEGURO,6017,134.13665482760322
SEGURO,6018,140.5922892116195
SEGURO,6019,143.80446822866335
SEGURO,6020,153.80423798494311
SEGURO,6021,166.53427735248346
SEGURO,6022,159.36105831658722
SEGURO,6023,151.70030501206836
SEGURO,6024,163.46827103253278
SEGURO,6025,147.15514451620237
SEGURO,6026,167.04626660434477
SEGURO,6027,143.7364333317577
SEGURO,6028,139.98175597467278
SEGURO,6029,149.21384462794774
SEGURO,6030,142.63542340905042
SEGURO,6031,152.39202146271757
SEGURO,6032,169.2466783013124
SEGURO,6033,149.43073906935695
SEGURO,6034,145.347744972306
SEGURO,6035,149.5141404211479
SEGURO,6036,146.4565607514763
SEGURO,6037,177.52133847798757
SEGURO,6038,140.49501744346063
SEGURO,6039,164.88125369032355
SEGURO,6040,159.52667132833727
SEGURO,6041,157.28325517700497
SEGURO,6042,130.51149568419783
SEGURO,6043,145.37036045584088
SEGURO,6044,167.3713946602589
SEGURO,6045,163.53837080200435
SEGURO,6046,153.8105770131926
SEGURO,6047,153.45592109509664
SEGURO,6048,146.28649904892106
SEGURO,6049,143.0583764565795
SEGURO,6050,154.95070465479552
SEGURO,6051,165.47104086112327
SEGURO,6052,162.67035948658898
SEGURO,6053,147.57569533578857
SEGURO,6054,145.63557747401023
SEGURO,6055,151.73803621237542
SEGURO,6056,168.0445243637994
SEGURO,6057,153.00875057979562
SEGURO,6058,143.21241863006756
SEGURO,6059,164.47198421882288
SEGURO,6060,149.16089639785258
SEGURO,6061,155.96628248591782
SEGURO,6062,158.744229734596
SEGURO,6063,160.43360989370328
SEGURO,6064,143.04730709456868
SEGURO,6065,156.57138114737995
SEGURO,6066,159.90809734349827
SEGURO,6067,144.20154476970922
SEGURO,6068,158.24069190641046
SEGURO,6069,133.21030963609772
SEGURO,6070,152.3438842940129
SEGURO,6071,156.9139283969623
SEGURO,6072,157.20086538565178
SEGURO,6073,170.80170214378344
SEGURO,6074,141.56447395705723
SEGURO,6075,158.17353276226007
SEGURO,6076,156.83148253391266
SEGURO,6077,147.36238953716753
SEGURO,6078,162.55307475453822
SEGURO,6079,143.13316317708927
SEGURO,6080,147.9013002583616
SEGURO,6081,159.1231783939221
SEGURO,6082,162.90053633043854
SEGURO,6083,152.93615186909437
SEGURO,6084,129.19458252591375
SEGURO,6085,162.62522302413464
SEGURO,6086,153.31034974887797
SEGURO,6087,164.06887336256858
SEGURO,6088,150.61954644224377
SEGURO,6089,150.54866587324003
SEGURO,6090,130.042655483661
SEGURO,6091,158.65256013023858
SEGURO,6092,145.12339867664897
SEGURO,6093,152.71213741415983
SEGURO,6094,162.22975983753625
SEGURO,6095,158.8425831851027
SEGURO,6096,144.23459360968775
SEGURO,6097,162.93244754121858
SEGURO,6098,144.22531405727233
SEGURO,6099,157.58625260998653
SEGURO,6100,133.44705659252563
SEGURO,6101,152.33625000245274
SEGURO,6102,144.35014190583775
SEGURO,6103,158.4163262842598
SEGURO,6104,135.6886077092302
SEGURO,6105,156.08988601278048
SEGURO,6106,162.25857248661373
SEGURO,6107,168.3444837934441
SEGURO,6108,165.53663553170296
SEGURO,6109,129.57276355094103
SEGURO,6110,162.72404708478933
SEGURO,6111,134.98825873731894
SEGURO,6112,138.20697305859662
SEGURO,6113,148.7165558423633
SEGURO,6114,157.26560827335197
SEGURO,6115,161.47609383748843
SEGURO,6116,148.3731438160894
SEGURO,6117,153.5509163904909
SEGURO,6118,157.57693342311887
SEGURO,6119,158.71415135021613
SEGURO,6120,149.2567507970922
SEGURO,6121,148.34229598967735
SEGURO,6122,165.73514452705274
SEGURO,6123,148.4850317390359
SEGURO,6124,160.78360797019974
SEGURO,6125,152.15624891012848
SEGURO,6126,152.53580851420486
SEGURO,6127,148.61996667704287
SEGURO,6128,160.71067384496456
SEGURO,6129,148.49007392978865
SEGURO,6130,158.76113517512826
SEGURO,6131,163.76612493931307
SEGURO,6132,149.89383232763032
SEGURO,6133,160.69001000241414
SEGURO,6134,159.98525437306276
SEGURO,6135,133.59999241935446
SEGURO,6136,134.76637047338664
SEGURO,6137,158.15855257268035
SEGURO,6138,165.6964446163874
SEGURO,6139,157.32349801869785
SEGURO,6140,142.97137131200503
SEGURO,6141,147.70336534465162
SEGURO,6142,144.99915910535742
SEGURO,6143,156.95805233715961
SEGURO,6144,172.80679772135835
SEGURO,6145,150.3070582698479
SEGURO,6146,151.58812783902422
SEGURO,6147,143.2830321930615
SEGURO,6148,139.03445413205742
SEGURO,6149,149.10701017382544
SEGURO,6150,157.33590164373487
SEGURO,6151,165.4291622633305
SEGURO,6152,165.50628225690735
SEGURO,6153,135.41846993643873
SEGURO,6154,158.34503082283015
SEGURO,6155,165.83331716077328
SEGURO,6156,144.8393231144088
SEGURO,6157,162.13196836480387
SEGURO,6158,143.1792010473114
SEGURO,6159,145.6950362971968
SEGURO,6160,145.74583327468133
SEGURO,6161,151.20698062627088
SEGURO,6162,161.34899057675068
SEGURO,6163,155.80387398180227
SEGURO,6164,151.87664955735016
SEGURO,6165,140.6667928309614
SEGURO,6166,158.40784306866976
SEGURO,6167,164.0507605965216
SEGURO,6168,151.29708461769022
SEGURO,6169,154.34102321380814
SEGURO,6170,156.56257441652662
SEGURO,6171,151.5426383881983
SEGURO,6172,165.3877296472776
SEGURO,6173,155.19029432714058
SEGURO,6174,149.47216740970006
SEGURO,6175,145.44622856870248
SEGURO,6176,135.69860623014256
SEGURO,6177,166.17646086398946
SEGURO,6178,152.8529255195593
SEGURO,6179,162.06651597277565
SEGURO,6180,147.1287279933437
SEGURO,6181,168.84992098824506
SEGURO,6182,131.6038265993003
SEGURO,6183,150.52967730199757
SEGURO,6184,154.5706575051224
SEGURO,6185,147.11445159007943
SEGURO,6186,164.35895077575867
SEGURO,6187,147.27305304050964
SEGURO,6188,156.21050008216213
SEGURO,6189,148.83098094301727
SEGURO,6190,158.81160159801152
SEGURO,6191,141.15515523425634
SEGURO,6192,146.13411954608875
SEGURO,6193,145.1107622541752
SEGURO,6194,148.80367527118722
SEGURO,6195,157.2649565533438
SEGURO,6196,149.29886641220628
SEGURO,6197,157.33216378043824
SEGURO,6198,152.0300772989704
SEGURO,6199,153.64108397798776
SEGURO,6200,154.94190948679497
SEGURO,6201,145.5730637109098
SEGURO,6202,158.7661072465745
SEGURO,6203,158.29140146715014
SEGURO,6204,151.86293914362446
SEGURO,6205,152.06844163819918
SEGURO,6206,158.71378777308914
SEGURO,6207,153.9342194086082
SEGURO,6208,135.40922076135504
SEGURO,6209,155.45150490572726
SEGURO,6210,152.10859877926117
SEGURO,6211,150.7096653186931
SEGURO,6212,155.41348176080623
SEGURO,6213,156.8148530883823
SEGURO,6214,168.5328687748888
SEGURO,6215,149.30219601307164
SEGURO,6216,139.03902093946502
SEGURO,6217,145.91051162069903
SEGURO,6218,152.579984782976
SEGURO,6219,165.76024826383994
SEGURO,6220,148.97159988039468
SEGURO,6221,154.659057184587
SEGURO,6222,150.1808362130311
SEGURO,6223,144.9665179336007
SEGURO,6224,135.02108379306424
SEGURO,6225,166.2951826866988
SEGURO,6226,151.61886344229217
SEGURO,6227,153.99748226991784
SEGURO,6228,152.7376900335708
SEGURO,6229,148.07536855855642
SEGURO,6230,133.75655434693306
SEGURO,6231,135.5841311597144
SEGURO,6232,151.55049497587592
SEGURO,6233,168.06034148032052
SEGURO,6234,160.93925459914482
SEGURO,6235,155.50612116712074
SEGURO,6236,158.92944990971532
SEGURO,6237,163.86678436256653
SEGURO,6238,152.67325647423374
SEGURO,6239,132.5218072259242
SEGURO,6240,164.26004416565
SEGURO,6241,152.31307745252053
SEGURO,6242,158.6057320306842
SEGURO,6243,156.92083343788235
SEGURO,6244,161.11074422963185
SEGURO,6245,169.8450232694963
SEGURO,6246,155.50426869643044
SEGURO,6247,146.40067854161182
SEGURO,6248,147.73882232618323
SEGURO,6249,150.57762492809346
SEGURO,6250,145.28262713639427
SEGURO,6251,165.6963270022928
SEGURO,6252,146.6527075740966
SEGURO,6253,140.19122300236313
SEGURO,6254,154.23211374313885
SEGURO,6255,147.72009899307625
SEGURO,6256,140.85171082243357
SEGURO,6257,161.31361171422563
SEGURO,6258,153.1886280909689
SEGURO,6259,170.00703366491618
SEGURO,6260,157.82655924045142
SEGURO,6261,144.38094784230609
SEGURO,6262,178.6503928368568
SEGURO,6263,136.0949758174355
SEGURO,6264,162.0079877312162
SEGURO,6265,168.5515618192112
SEGURO,6266,167.92774234935703
SEGURO,6267,156.47362319159868
SEGURO,6268,144.1325532100326
SEGURO,6269,150.90371198171238
SEGURO,6270,149.57448349847743
SEGURO,6271,152.63462326634595
SEGURO,6272,164.1297650650481
SEGURO,6273,154.54061606008545
SEGURO,6274,166.77957658930328
SEGURO,6275,161.8524382783286
SEGURO,6276,150.09169124446194
SEGURO,6277,167.85464321071524
SEGURO,6278,141.54887331981985
SEGURO,6279,158.4596762716057
SEGURO,6280,157.38263850927007
SEGURO,6281,141.1018535785751
SEGURO,6282,160.94710233010892
SEGURO,6283,152.31042176733337
SEGURO,6284,141.33196664415527
SEGURO,6285,145.98643635840895
SEGURO,6286,147.08879354489736
SEGURO,6287,163.4726073095938
SEGURO,6288,166.2028024297814
SEGURO,6289,148.04214788888322
SEGURO,6290,150.0598219146323
SEGURO,6291,162.66921392676218
SEGURO,6292,150.78170416380573
SEGURO,6293,144.80389520641694
SEGURO,6294,155.43296644742256
SEGURO,6295,148.4652115269558
SEGURO,6296,160.48998789698246
SEGURO,6297,158.52873253950528
SEGURO,6298,162.62723929348212
SEGURO,6299,155.12120634212692
SEGURO,6300,164.74820416918482
SEGURO,6301,147.89010241270088
SEGURO,6302,161.03713766496088
SEGURO,6303,178.40583856976397
SEGURO,6304,149.73530451632612
SEGURO,6305,158.28018261998108
SEGURO,6306,139.38847545288513
SEGURO,6307,165.7327224139851
SEGURO,6308,151.1070202054531
SEGURO,6309,146.75692692102004
SEGURO,6310,167.08826422026
SEGURO,6311,151.60194424107718
SEGURO,6312,157.3282560350872
SEGURO,6313,165.13912068030444
SEGURO,6314,170.58499918995545
SEGURO,6315,157.50303104979065
SEGURO,6316,162.4989128956046
SEGURO,6317,148.77472882925284
SEGURO,6318,157.0627469211196
SEGURO,6319,140.85603932888202
SEGURO,6320,148.2450364551016
SEGURO,6321,174.54035341769026
SEGURO,6322,142.0890759261045
SEGURO,6323,151.76056312936885
SEGURO,6324,164.71228034201476
SEGURO,6325,145.52177546533648
SEGURO,6326,156.40053970555837
SEGURO,6327,147.39522482134151
SEGURO,6328,131.4549604948728
SEGURO,6329,153.44293323481108
SEGURO,6330,150.11883940595422
SEGURO,6331,144.56491416968774
SEGURO,6332,171.49697690964805
SEGURO,6333,140.24783049011467
SEGURO,6334,156.78236948934492
SEGURO,6335,154.49178590249468
SEGURO,6336,140.89492813450752
SEGURO,6337,149.91665490041677
SEGURO,6338,145.6637091384705
SEGURO,6339,149.41155247925937
SEGURO,6340,137.23744622567975
SEGURO,6341,154.02383689004037
SEGURO,6342,148.80333959826902
SEGURO,6343,159.8456683657428
SEGURO,6344,151.24050340695413
SEGURO,6345,150.4611759299217
SEGURO,6346,164.27840737136881
SEGURO,6347,155.56531025129067
SEGURO,6348,163.39465651441256
SEGURO,6349,155.37230115343758
SEGURO,6350,150.11182987920708
SEGURO,6351,165.10045541932607
SEGURO,6352,159.6613713203405
SEGURO,6353,157.74078215135168
SEGURO,6354,168.0226663411151
SEGURO,6355,153.00247934970307
SEGURO,6356,157.9889493556556
SEGURO,6357,142.24876827707345
SEGURO,6358,153.7119945675929
SEGURO,6359,153.52369752003318
SEGURO,6360,160.73788394622488
SEGURO,6361,150.89963862204755
SEGURO,6362,155.1988513307167
SEGURO,6363,149.16312293294678
SEGURO,6364,157.07778518589467
SEGURO,6365,165.29925435811955
SEGURO,6366,155.82497857899347
SEGURO,6367,158.18556636632252
SEGURO,6368,151.0292017932077
SEGURO,6369,146.13273607011317
SEGURO,6370,135.59873215500076
SEGURO,6371,153.76069486069377
SEGURO,6372,165.91390240422473
SEGURO,6373,137.84633349720738
SEGURO,6374,132.5614447304253
SEGURO,6375,160.45778871908112
SEGURO,6376,165.178584784993
SEGURO,6377,154.3745975038132
SEGURO,6378,149.9249167059083
SEGURO,6379,159.20009053913208
SEGURO,6380,168.6539753192344
SEGURO,6381,152.18064447214107
SEGURO,6382,151.02233064228608
SEGURO,6383,139.9646380552678
SEGURO,6384,157.36685070636292
SEGURO,6385,167.73140110333736
SEGURO,6386,167.48077529355567
SEGURO,6387,142.8140592970096
SEGURO,6388,152.16035293598244
SEGURO,6389,153.6768613962235
SEGURO,6390,152.69299927313358
SEGURO,6391,150.34288652157613
SEGURO,6392,160.1567055562921
SEGURO,6393,146.4142387951249
SEGURO,6394,153.9673761906578
SEGURO,6395,144.80494134636683
SEGURO,6396,149.86097630285906
SEGURO,6397,151.05898156307856
SEGURO,6398,151.51578956308407
SEGURO,6399,156.34219409683482
SEGURO,6400,162.0713408000261
SEGURO,6401,150.4482746431959
SEGURO,6402,141.60207256846422
SEGURO,6403,168.91897925613364
SEGURO,6404,155.9030749292423
SEGURO,6405,150.36714504039801
SEGURO,6406,141.34469840420445
SEGURO,6407,150.93805058466646
SEGURO,6408,158.23762480366406
SEGURO,6409,164.28450221768247
SEGURO,6410,157.98679583011258
SEGURO,6411,144.67282105955397
SEGURO,6412,140.62216799702446
SEGURO,6413,157.6437179354221
SEGURO,6414,159.07013340324883
SEGURO,6415,165.03716504778126
SEGURO,6416,163.3934148937728
SEGURO,6417,151.0758668533808
SEGURO,6418,163.98753989795927
SEGURO,6419,150.05750042667074
SEGURO,6420,173.47253618571008
SEGURO,6421,170.10396207364568
SEGURO,6422,152.28952684762066
SEGURO,6423,149.24231346496936
SEGURO,6424,158.82998514002577
SEGURO,6425,159.67744053704183
SEGURO,6426,160.10096722597933
SEGURO,6427,153.87267795045892
SEGURO,6428,151.50406107853505
SEGURO,6429,174.61455191766623
SEGURO,6430,150.16351023892275
SEGURO,6431,143.9027835682301
SEGURO,6432,164.75925825624847
SEGURO,6433,154.6858214949963
SEGURO,6434,147.91112705822195
SEGURO,6435,154.03618479833077
SEGURO,6436,153.8070073692903
SEGURO,6437,152.52048222966147
SEGURO,6438,147.24202533918185
SEGURO,6439,132.89825374373265
SEGURO,6440,151.90655970767492
SEGURO,6441,139.55528562083475
SEGURO,6442,144.327130092168
SEGURO,6443,154.6420505678051
SEGURO,6444,133.2936701149875
SEGURO,6445,164.82707267526362
SEGURO,6446,165.4462585068956
SEGURO,6447,146.756933020011
SEGURO,6448,150.07490676870546
SEGURO,6449,173.5761953804608
SEGURO,6450,146.115306594043
SEGURO,6451,158.9028496756389
SEGURO,6452,145.3134522125223
SEGURO,6453,167.38684565934676
SEGURO,6454,145.13205276927496
SEGURO,6455,155.1102166192127
SEGURO,6456,150.16772341147993
SEGURO,6457,141.2104227145666
SEGURO,6458,160.8538693844255
SEGURO,6459,154.1946097654391
SEGURO,6460,146.85477557270994
SEGURO,6461,154.99232317215368
SEGURO,6462,153.5488915454049
SEGURO,6463,140.50687151498923
SEGURO,6464,156.89103109700184
SEGURO,6465,161.55806626725533
SEGURO,6466,152.41182547453627
SEGURO,6467,149.18893376767994
SEGURO,6468,157.04502327052919
SEGURO,6469,136.49547420034014
SEGURO,6470,168.31661976353217
SEGURO,6471,153.93629501455973
SEGURO,6472,163.08500955850616
SEGURO,6473,147.49616404268812
SEGURO,6474,149.53709875775908
SEGURO,6475,158.5681856130746
SEGURO,6476,160.79746654626882
SEGURO,6477,183.07333118205827
SEGURO,6478,148.69737773200828
SEGURO,6479,156.49045700762974
SEGURO,6480,144.50852161002757
SEGURO,6481,147.1074031182324
SEGURO,6482,147.4026816117162
SEGURO,6483,166.69100626282804
SEGURO,6484,171.67616698776737
SEGURO,6485,142.2472248573549
SEGURO,6486,162.33896931666507
SEGURO,6487,159.25358658412733
SEGURO,6488,149.95986575846524
SEGURO,6489,150.30335663805383
SEGURO,6490,162.9847657235841
SEGURO,6491,135.56730535542482
SEGURO,6492,148.1129103393343
SEGURO,6493,148.03376665093103
SEGURO,6494,134.39485574845992
SEGURO,6495,143.65350734928822
SEGURO,6496,168.37656468659304
SEGURO,6497,154.07586232072563
SEGURO,6498,147.08640970132646
SEGURO,6499,148.1572444413153
SEGURO,6500,150.3264015864853
SEGURO,6501,150.30620158485405
SEGURO,6502,151.99079260520585
SEGURO,6503,153.073570901188
SEGURO,6504,147.0037138804083
SEGURO,6505,162.26351304195825
SEGURO,6506,144.6309303396083
SEGURO,6507,145.40685271775794
SEGURO,6508,160.77122079296814
SEGURO,6509,165.47998060719596
SEGURO,6510,147.42927024803345
SEGURO,6511,149.78193364251786
SEGURO,6512,155.0982293924542
SEGURO,6513,157.64055711628816
SEGURO,6514,150.91276654893528
SEGURO,6515,145.88494707986527
SEGURO,6516,154.35772350877153
SEGURO,6517,169.0477471039715
SEGURO,6518,148.5598728646488
SEGURO,6519,136.44804148730938
SEGURO,6520,141.34584238118887
SEGURO,6521,156.61791024238454
SEGURO,6522,147.7332696332522
SEGURO,6523,160.019470969346
SEGURO,6524,165.79733861382437
SEGURO,6525,161.02147531917544
SEGURO,6526,153.6053232208181
SEGURO,6527,148.34483633039173
SEGURO,6528,163.7320998535634
SEGURO,6529,142.31325963072746
SEGURO,6530,144.58353436683913
SEGURO,6531,161.63680401062567
SEGURO,6532,146.67679659775175
SEGURO,6533,160.9239957896007
SEGURO,6534,157.76155499300756
SEGURO,6535,143.62097663034206
SEGURO,6536,152.11049228884195
SEGURO,6537,154.22466406954734
SEGURO,6538,139.28812694413932
SEGURO,6539,147.41299604272683
SEGURO,6540,158.19799087171987
SEGURO,6541,131.75099043708903
SEGURO,6542,136.92745801257385
SEGURO,6543,150.47327134271308
SEGURO,6544,160.46822257452195
SEGURO,6545,153.14579370599424
SEGURO,6546,157.60699732724657
SEGURO,6547,148.12686929268475
SEGURO,6548,162.63667835933842
SEGURO,6549,157.60712565843366
SEGURO,6550,156.17514196010842
SEGURO,6551,164.505377794863
SEGURO,6552,150.00299772022052
SEGURO,6553,147.52288377777467
SEGURO,6554,145.921313101335
SEGURO,6555,130.12758543180547
SEGURO,6556,166.72951729809284
SEGURO,6557,164.73861995137366
SEGURO,6558,156.54254109339598
SEGURO,6559,151.63569182224245
SEGURO,6560,156.5432741124395
SEGURO,6561,152.30460335324298
SEGURO,6562,162.1717357319162
SEGURO,6563,148.80117213174807
SEGURO,6564,169.31452482882062
SEGURO,6565,146.85757532870176
SEGURO,6566,139.80624954825703
SEGURO,6567,151.17641033996614
SEGURO,6568,142.96925888943642
SEGURO,6569,165.4149802335478
SEGURO,6570,174.9882432128462
SEGURO,6571,146.96194157037684
SEGURO,6572,154.46182284108954
SEGURO,6573,160.91289956922895
SEGURO,6574,152.53627284774677
SEGURO,6575,143.7031006547501
SEGURO,6576,153.0902224075018
SEGURO,6577,148.09725265595964
SEGURO,6578,163.76928934310882
SEGURO,6579,157.71974451941657
SEGURO,6580,163.4995671048263
SEGURO,6581,153.1959547461169
SEGURO,6582,159.83757973646902
SEGURO,6583,160.64928288278844
SEGURO,6584,182.46967198573515
SEGURO,6585,144.64334584655322
SEGURO,6586,165.25653487469083
SEGURO,6587,159.22363003405084
SEGURO,6588,146.60412622265238
SEGURO,6589,147.54167406412316
SEGURO,6590,150.85862238309815
SEGURO,6591,134.5503918828584
SEGURO,6592,148.81269561083553
SEGURO,6593,138.1698627081991
SEGURO,6594,148.89071620329094
SEGURO,6595,144.51965501312463
SEGURO,6596,148.44591366434932
SEGURO,6597,141.486303059529
SEGURO,6598,165.446425282077
SEGURO,6599,152.17235394323737
SEGURO,6600,163.45775037106176
SEGURO,6601,137.27274839483349
SEGURO,6602,168.84671817901122
SEGURO,6603,144.01628795090707
SEGURO,6604,150.27138032916335
SEGURO,6605,146.0059182668841
SEGURO,6606,160.9539342885875
SEGURO,6607,160.9029096075683
SEGURO,6608,165.14312779586905
SEGURO,6609,162.96561260175528
SEGURO,6610,155.490690265435
SEGURO,6611,153.88926423532422
SEGURO,6612,156.3136911890025
SEGURO,6613,147.48008646989015
SEGURO,6614,154.09461292997486
SEGURO,6615,146.25665750034392
SEGURO,6616,151.99983422961432
SEGURO,6617,144.1743655657619
SEGURO,6618,147.77826910135022
SEGURO,6619,141.60742755480686
SEGURO,6620,144.21744737396702
SEGURO,6621,151.00487025247642
SEGURO,6622,153.55763301797205
SEGURO,6623,169.66873767805893
SEGURO,6624,139.3854420586938
SEGURO,6625,137.31273892801434
SEGURO,6626,149.63582632714193
SEGURO,6627,143.6038469170154
SEGURO,6628,154.61306379145262
SEGURO,6629,154.06149534523618
SEGURO,6630,151.2550107741423
SEGURO,6631,153.40147720315122
SEGURO,6632,143.76861534922367
SEGURO,6633,156.06595210047675
SEGURO,6634,170.40098186522914
SEGURO,6635,158.2584239331929
SEGURO,6636,132.64889312095823
SEGURO,6637,159.21339494155063
SEGURO,6638,159.8992141327158
SEGURO,6639,148.88114787879118
SEGURO,6640,150.44947261714557
SEGURO,6641,157.4269639923792
SEGURO,6642,152.43163662419224
SEGURO,6643,146.3429242249486
SEGURO,6644,156.39553769863653
SEGURO,6645,148.5089030294667
SEGURO,6646,158.37790683767008
SEGURO,6647,149.0110290542439
SEGURO,6648,149.39885266468667
SEGURO,6649,144.40879156388874
SEGURO,6650,149.57565247626204
SEGURO,6651,142.3043691505696
SEGURO,6652,142.1051219588799
SEGURO,6653,166.45781784772507
SEGURO,6654,168.0128379923523
SEGURO,6655,152.1542016702178
SEGURO,6656,165.68967162631057
SEGURO,6657,157.47639269715586
SEGURO,6658,147.51377803564264
SEGURO,6659,142.67222287145535
SEGURO,6660,145.19823083159758
SEGURO,6661,159.47400499537224
SEGURO,6662,153.496262676622
SEGURO,6663,166.6122843619783
SEGURO,6664,130.04143913589274
SEGURO,6665,153.83812640818005
SEGURO,6666,149.92672314426963
SEGURO,6667,157.61809999300448
SEGURO,6668,146.1555514668403
SEGURO,6669,152.57485788256332
SEGURO,6670,156.93914416529125
SEGURO,6671,147.56239763608133
SEGURO,6672,134.1615865036931
SEGURO,6673,138.69658849727568
SEGURO,6674,146.88630983463767
SEGURO,6675,156.13379096867797
SEGURO,6676,161.50391370328646
SEGURO,6677,141.30173218095013
SEGURO,6678,159.77744007487883
SEGURO,6679,146.75199077365852
SEGURO,6680,153.66503399736118
SEGURO,6681,142.25315289492352
SEGURO,6682,144.75768318806783
SEGURO,6683,145.87065388360784
SEGURO,6684,154.0926670381121
SEGURO,6685,146.83903635954385
SEGURO,6686,137.2421503345961
SEGURO,6687,154.6371317281922
SEGURO,6688,156.4581146835816
SEGURO,6689,156.8480862497033
SEGURO,6690,146.85727465592092
SEGURO,6691,152.99322880187242
SEGURO,6692,157.45378337244742
SEGURO,6693,152.15356217031226
SEGURO,6694,152.58733851780883
SEGURO,6695,154.53825338095783
SEGURO,6696,157.0269153362933
SEGURO,6697,161.94809573542474
SEGURO,6698,146.85125946416395
SEGURO,6699,173.77360365316736
SEGURO,6700,137.62897907104093
SEGURO,6701,144.33410649194388
SEGURO,6702,147.84136540384011
SEGURO,6703,158.40142607754885
SEGURO,6704,148.93147525901796
SEGURO,6705,157.22312667680052
SEGURO,6706,166.29930379565664
SEGURO,6707,154.42357114484912
SEGURO,6708,170.59335709822034
SEGURO,6709,138.52301612992457
SEGURO,6710,135.89094172346134
SEGURO,6711,144.53904266346177
SEGURO,6712,171.65892724466988
SEGURO,6713,152.9534271086403
SEGURO,6714,164.5039065301954
SEGURO,6715,165.315006948812
SEGURO,6716,141.24985267214424
SEGURO,6717,167.1076928069311
SEGURO,6718,149.75721374038469
SEGURO,6719,141.0336982925603
SEGURO,6720,168.44041280041657
SEGURO,6721,148.14093481393223
SEGURO,6722,156.34588405121977
SEGURO,6723,158.9456264839621
SEGURO,6724,149.79716096376782
SEGURO,6725,136.55959706229368
SEGURO,6726,155.14177992368025
SEGURO,6727,134.43328059537808
SEGURO,6728,133.5986799474423
SEGURO,6729,143.1835524584237
SEGURO,6730,153.81384356599696
SEGURO,6731,151.05647108782313
SEGURO,6732,143.02676937029048
SEGURO,6733,164.78892771764504
SEGURO,6734,141.37270479860138
SEGURO,6735,162.74670687073205
SEGURO,6736,140.36551893780995
SEGURO,6737,146.6577596938321
SEGURO,6738,158.5991336125099
SEGURO,6739,142.46677516874692
SEGURO,6740,145.42133974735407
SEGURO,6741,148.17902631362813
SEGURO,6742,163.2122944273509
SEGURO,6743,142.2998404694518
SEGURO,6744,150.16363514117322
SEGURO,6745,148.5908050472012
SEGURO,6746,143.5171037124324
SEGURO,6747,156.6270832080086
SEGURO,6748,143.07434066629136
SEGURO,6749,150.45630616153755
SEGURO,6750,152.40858570245024
SEGURO,6751,169.2668328379126
SEGURO,6752,163.13811423152177
SEGURO,6753,148.483819467906
SEGURO,6754,139.5707323282589
SEGURO,6755,158.23292646920189
SEGURO,6756,159.23581073493074
SEGURO,6757,154.86676037199203
SEGURO,6758,158.54215614485318
SEGURO,6759,165.7203087613866
SEGURO,6760,150.5557789571642
SEGURO,6761,153.2535422871327
SEGURO,6762,139.9497243425068
SEGURO,6763,161.37463982447412
SEGURO,6764,143.82083518623335
SEGURO,6765,169.6757001221471
SEGURO,6766,155.6225131157283
SEGURO,6767,156.92820719556357
SEGURO,6768,151.34891369822708
SEGURO,6769,154.89231343365077
SEGURO,6770,157.3026776033273
SEGURO,6771,156.40045605033373
SEGURO,6772,176.81438278273424
SEGURO,6773,155.54859678798425
SEGURO,6774,138.6469617558545
SEGURO,6775,142.98003308413615
SEGURO,6776,150.3676941375113
SEGURO,6777,140.65931268961066
SEGURO,6778,161.98161134099615
SEGURO,6779,151.3083522829081
SEGURO,6780,139.0284229020122
SEGURO,6781,163.27309294258887
SEGURO,6782,150.15115427306182
SEGURO,6783,162.06399769573687
SEGURO,6784,147.10038874357892
SEGURO,6785,159.15076749539793
SEGURO,6786,150.3941835976094
SEGURO,6787,168.07478358865168
SEGURO,6788,136.86612127149425
SEGURO,6789,145.20374433842952
SEGURO,6790,149.79012763935856
SEGURO,6791,151.27774622356645
SEGURO,6792,144.84357845861678
SEGURO,6793,161.47789617651443
SEGURO,6794,147.87470419321733
SEGURO,6795,152.69823838769506
SEGURO,6796,159.0789470686278
SEGURO,6797,149.43698833244667
SEGURO,6798,166.5619183213466
SEGURO,6799,149.06288887807167
SEGURO,6800,153.47406096341345
SEGURO,6801,149.2440885081444
SEGURO,6802,159.52838017562388
SEGURO,6803,147.10906291905073
SEGURO,6804,145.734616247666
SEGURO,6805,154.2975007681368
SEGURO,6806,150.5192419806329
SEGURO,6807,155.86911973061333
SEGURO,6808,156.85251261839193
SEGURO,6809,162.39294851993498
SEGURO,6810,149.04549167449875
SEGURO,6811,147.8218070326366
SEGURO,6812,176.75054638604985
SEGURO,6813,143.31336173898475
SEGURO,6814,162.5287170283203
SEGURO,6815,165.28699358521385
SEGURO,6816,163.66703721033943
SEGURO,6817,154.81625249250376
SEGURO,6818,146.87809845887045
SEGURO,6819,135.3482812461254
SEGURO,6820,154.87510823185556
SEGURO,6821,158.03698899588682
SEGURO,6822,141.88919512348943
SEGURO,6823,166.28515311867392
SEGURO,6824,155.48292598381454
SEGURO,6825,163.16006474374052
SEGURO,6826,155.7474054663305
SEGURO,6827,156.61923074912224
SEGURO,6828,152.62935172416528
SEGURO,6829,166.15901653671273
SEGURO,6830,139.02339649079465
SEGURO,6831,161.5269439746799
SEGURO,6832,145.88665894667457
SEGURO,6833,154.54101913072753
SEGURO,6834,157.5045021847188
SEGURO,6835,166.3211854527676
SEGURO,6836,157.69118599290323
SEGURO,6837,142.58861769377958
SEGURO,6838,139.64090565338873
SEGURO,6839,145.98186717500474
SEGURO,6840,146.5160155318243
SEGURO,6841,147.77337406725636
SEGURO,6842,149.63941672609067
SEGURO,6843,142.52796087875976
SEGURO,6844,151.15898352397738
SEGURO,6845,148.7608037913338
SEGURO,6846,151.84176747126253
SEGURO,6847,149.50406979765387
SEGURO,6848,170.58481145819107
SEGURO,6849,145.18030085154285
SEGURO,6850,134.669895411705
SEGURO,6851,133.37194664686388
SEGURO,6852,152.1254625270617
SEGURO,6853,166.0303474767464
SEGURO,6854,141.8183140395092
SEGURO,6855,169.7161950135853
SEGURO,6856,149.26158515299798
SEGURO,6857,153.42297309624425
SEGURO,6858,139.91089523642145
SEGURO,6859,141.4522695134238
SEGURO,6860,158.22779919745196
SEGURO,6861,142.1814731607612
SEGURO,6862,159.17065678282228
SEGURO,6863,144.17773389151208
SEGURO,6864,145.78483750978822
SEGURO,6865,157.92188136788747
SEGURO,6866,161.62202345613036
SEGURO,6867,144.10830837530227
SEGURO,6868,153.30251454705245
SEGURO,6869,161.72489577213844
SEGURO,6870,143.01738418661074
SEGURO,6871,138.64085763329624
SEGURO,6872,146.14993557175703
SEGURO,6873,147.94861440655436
SEGURO,6874,152.29752334867493
SEGURO,6875,151.31447789765085
SEGURO,6876,150.65094987539402
SEGURO,6877,157.63629306424826
SEGURO,6878,151.37221271780777
SEGURO,6879,170.57638888319704
SEGURO,6880,155.5296137690094
SEGURO,6881,159.07510015355518
SEGURO,6882,163.05838744062663
SEGURO,6883,145.7073468496299
SEGURO,6884,153.99929167661418
SEGURO,6885,147.60021971283655
SEGURO,6886,137.17423842387953
SEGURO,6887,148.08281842118947
SEGURO,6888,147.3744364290052
SEGURO,6889,151.85880989274727
SEGURO,6890,159.12587547631693
SEGURO,6891,164.1070118945003
SEGURO,6892,156.67828127589314
SEGURO,6893,149.92944701920908
SEGURO,6894,136.88325090085928
SEGURO,6895,156.67830732467547
SEGURO,6896,150.2427240356803
SEGURO,6897,142.6748538943069
SEGURO,6898,155.66314059120936
SEGURO,6899,158.3050516676795
SEGURO,6900,146.04119612652565
SEGURO,6901,154.94743980928342
SEGURO,6902,159.05827475248313
SEGURO,6903,145.87915209753987
SEGURO,6904,142.53966743731618
SEGURO,6905,167.05534730670365
SEGURO,6906,133.64857571412674
SEGURO,6907,171.44084717884908
SEGURO,6908,159.7243293214782
SEGURO,6909,163.00602790504112
SEGURO,6910,135.3642210926452
SEGURO,6911,134.49548698657176
SEGURO,6912,139.52834644253
SEGURO,6913,159.8110991511286
SEGURO,6914,143.4285876840776
SEGURO,6915,157.06495453859787
SEGURO,6916,148.07919322304355
SEGURO,6917,151.89048254956754
SEGURO,6918,161.01326582230985
SEGURO,6919,148.3608442530191
SEGURO,6920,159.90372427387462
SEGURO,6921,150.49048165162986
SEGURO,6922,144.41238517888485
SEGURO,6923,162.12448218315419
SEGURO,6924,147.5773609324094
SEGURO,6925,152.96535560257917
SEGURO,6926,149.93239210654878
SEGURO,6927,160.19915621753967
SEGURO,6928,159.7133189338415
SEGURO,6929,150.3022554405561
SEGURO,6930,154.45661198002264
SEGURO,6931,150.74473464099697
SEGURO,6932,162.82940375447043
SEGURO,6933,156.54612903659887
SEGURO,6934,153.44230667425813
SEGURO,6935,146.7111044434985
SEGURO,6936,139.4878509666907
SEGURO,6937,154.6782599570816
SEGURO,6938,161.9242386861442
SEGURO,6939,159.92869536086454
SEGURO,6940,152.53822997609112
SEGURO,6941,135.4171459705677
SEGURO,6942,158.981410087572
SEGURO,6943,157.86885441958154
SEGURO,6944,152.74734038862542
SEGURO,6945,150.3594358557425
SEGURO,6946,141.26762701016904
SEGURO,6947,128.52562952126954
SEGURO,6948,155.31283655847406
SEGURO,6949,133.2127015156013
SEGURO,6950,156.66323099777372
SEGURO,6951,154.86464102641781
SEGURO,6952,152.4644537679428
SEGURO,6953,142.18437343520998
SEGURO,6954,148.15286765873446
SEGURO,6955,154.14082948336792
SEGURO,6956,152.21681764984314
SEGURO,6957,163.2071595743629
SEGURO,6958,159.19280345652945
SEGURO,6959,160.1253722490548
SEGURO,6960,156.49455117760658
SEGURO,6961,148.98358737137102
SEGURO,6962,167.5224623816637
SEGURO,6963,156.67024136996196
SEGURO,6964,168.5681166810561
SEGURO,6965,179.34209438417716
SEGURO,6966,157.4358605611208
SEGURO,6967,141.60751665899755
SEGURO,6968,165.38999349657962
SEGURO,6969,161.37225930571088
SEGURO,6970,149.32291078940827
SEGURO,6971,141.92226766849683
SEGURO,6972,148.77381459329507
SEGURO,6973,145.50298473658506
SEGURO,6974,156.6131900103238
SEGURO,6975,138.05511134983328
SEGURO,6976,160.3950740593144
SEGURO,6977,164.5676894759053
SEGURO,6978,161.2658098777737
SEGURO,6979,156.73927054297414
SEGURO,6980,165.85432587635287
SEGURO,6981,146.1258265458327
SEGURO,6982,143.51174141286145
SEGURO,6983,142.57231138184034
SEGURO,6984,126.39706465514215
SEGURO,6985,162.64600857602716
SEGURO,6986,142.89062305271372
SEGURO,6987,139.43672131443464
SEGURO,6988,140.58579136755864
SEGURO,6989,140.08582209204502
SEGURO,6990,158.3819022440245
SEGURO,6991,141.94464216600252
SEGURO,6992,149.01322886307548
SEGURO,6993,155.5942299525383
SEGURO,6994,136.61976242494305
SEGURO,6995,141.2362214935067
SEGURO,6996,143.5635982451139
SEGURO,6997,149.29529321810728
SEGURO,6998,136.01242191140594
SEGURO,6999,165.4012902862267
SEGURO,7000,171.07636939367308
SEGURO,7001,160.70120328857072
SEGURO,7002,152.8394784882093
SEGURO,7003,139.46331859444498
SEGURO,7004,151.6147391053253
SEGURO,7005,147.9295014487606
SEGURO,7006,155.67533436971104
SEGURO,7007,159.12900326013337
SEGURO,7008,148.1175486990397
SEGURO,7009,162.067370487213
SEGURO,7010,155.02913018749413
SEGURO,7011,157.48223954638763
SEGURO,7012,161.47532278265587
SEGURO,7013,162.0988872707673
SEGURO,7014,143.56562670647142
SEGURO,7015,130.11534963561294
SEGURO,7016,162.5625065906557
SEGURO,7017,150.04519944587238
SEGURO,7018,145.74977723055733
SEGURO,7019,150.6904842057742
SEGURO,7020,169.5197467407598
SEGURO,7021,157.67855176477875
SEGURO,7022,158.05058139989606
SEGURO,7023,157.64082235081122
SEGURO,7024,167.6085447863046
SEGURO,7025,155.79778789930418
SEGURO,7026,151.73251720494224
SEGURO,7027,143.14755634715505
SEGURO,7028,161.61218139453172
SEGURO,7029,171.25468808218574
SEGURO,7030,152.9015359235862
SEGURO,7031,148.32642299523394
SEGURO,7032,139.86540785880436
SEGURO,7033,165.38988389472289
SEGURO,7034,143.42390632719344
SEGURO,7035,152.82540035063
SEGURO,7036,142.52541791471023
SEGURO,7037,140.40420660707167
SEGURO,7038,160.08245565055688
SEGURO,7039,144.71445267635096
SEGURO,7040,143.97081558795
SEGURO,7041,169.29247458365126
SEGURO,7042,144.38257225928047
SEGURO,7043,153.59640936273848
SEGURO,7044,134.60887283894226
SEGURO,7045,137.28962967101657
SEGURO,7046,155.03540674290306
SEGURO,7047,153.33870697386047
SEGURO,7048,164.1619626056601
SEGURO,7049,146.79068555555972
SEGURO,7050,156.5545654932365
SEGURO,7051,146.8118978932757
SEGURO,7052,146.21232342448943
SEGURO,7053,153.2101233241159
SEGURO,7054,157.79065160178308
SEGURO,7055,152.3336692751118
SEGURO,7056,151.41670092247406
SEGURO,7057,155.3588351913312
SEGURO,7058,144.4609218615289
SEGURO,7059,144.39253231483968
SEGURO,7060,153.33913245823047
SEGURO,7061,162.35320377822276
SEGURO,7062,141.40384122724845
SEGURO,7063,156.68241990388836
SEGURO,7064,139.16455303500678
SEGURO,7065,151.09714007637984
SEGURO,7066,153.26958215896227
SEGURO,7067,148.29694010052995
SEGURO,7068,149.24771370996805
SEGURO,7069,163.23017467077455
SEGURO,7070,150.45632267743298
SEGURO,7071,146.96035218872777
SEGURO,7072,162.02570899423918
SEGURO,7073,152.58565051112464
SEGURO,7074,158.66737026063137
SEGURO,7075,144.92287991423103
SEGURO,7076,152.470620001933
SEGURO,7077,161.14018961218383
SEGURO,7078,153.89451163004878
SEGURO,7079,160.38682072430214
SEGURO,7080,146.87517314062362
SEGURO,7081,150.74435043713103
SEGURO,7082,158.8995948265805
SEGURO,7083,155.52835797687254
SEGURO,7084,154.0445098333903
SEGURO,7085,140.4375826680698
SEGURO,7086,141.55638096394205
SEGURO,7087,161.59326126686767
SEGURO,7088,154.3267384351133
SEGURO,7089,161.72252939096504
SEGURO,7090,155.3806913578492
SEGURO,7091,169.6325930037199
SEGURO,7092,178.62994818024305
SEGURO,7093,152.5667929360222
SEGURO,7094,157.04065498023797
SEGURO,7095,155.7374097066836
SEGURO,7096,154.71481429706424
SEGURO,7097,157.49149134000317
SEGURO,7098,149.6809195930844
SEGURO,7099,152.27209002208423
SEGURO,7100,149.28750428892758
SEGURO,7101,149.09612078204924
SEGURO,7102,157.54550542967527
SEGURO,7103,162.59957021484803
SEGURO,7104,150.35828608718958
SEGURO,7105,152.2282976810608
SEGURO,7106,156.91911419260578
SEGURO,7107,145.6845427762101
SEGURO,7108,155.94068594863973
SEGURO,7109,158.91705779328834
SEGURO,7110,157.91893204413716
SEGURO,7111,151.49449720654962
SEGURO,7112,143.80668526565938
SEGURO,7113,148.0758412187086
SEGURO,7114,153.18583947022287
SEGURO,7115,150.62148980380456
SEGURO,7116,172.59874575047868
SEGURO,7117,148.89788658323027
SEGURO,7118,145.11322045931513
SEGURO,7119,144.7994921535266
SEGURO,7120,160.93647226546062
SEGURO,7121,141.5516274749496
SEGURO,7122,154.44055637454434
SEGURO,7123,153.83652397535838
SEGURO,7124,155.17670170297637
SEGURO,7125,164.02258181376206
SEGURO,7126,160.04889767692796
SEGURO,7127,153.56188343751654
SEGURO,7128,145.52607988853623
SEGURO,7129,143.72140509607084
SEGURO,7130,153.85029179256694
SEGURO,7131,148.87092740358767
SEGURO,7132,151.66391859856412
SEGURO,7133,143.61305942456713
SEGURO,7134,152.236580978413
SEGURO,7135,132.73375423604884
SEGURO,7136,145.4470688882356
SEGURO,7137,160.61860238516786
SEGURO,7138,159.479174839231
SEGURO,7139,142.42290593506368
SEGURO,7140,152.4692909671813
SEGURO,7141,159.20158623172125
SEGURO,7142,151.19412407129332
SEGURO,7143,138.0208078592659
SEGURO,7144,160.0722738135421
SEGURO,7145,156.88272437897217
SEGURO,7146,174.58550151558634
SEGURO,7147,146.86313626313873
SEGURO,7148,144.3401208098672
SEGURO,7149,146.64542193733672
SEGURO,7150,158.53503472387436
SEGURO,7151,148.47794630583616
SEGURO,7152,147.632991767889
SEGURO,7153,154.15256936214564
SEGURO,7154,142.95779860457228
SEGURO,7155,149.1521390656119
SEGURO,7156,155.66369150303734
SEGURO,7157,151.44872116545744
SEGURO,7158,169.24570608030515
SEGURO,7159,148.6672163945122
SEGURO,7160,177.69690637646136
SEGURO,7161,157.43800206647467
SEGURO,7162,148.34185887196512
SEGURO,7163,155.44568745536068
SEGURO,7164,151.36981732669565
SEGURO,7165,144.56347189921988
SEGURO,7166,144.88861580532867
SEGURO,7167,169.16803208638746
SEGURO,7168,144.76299400765123
SEGURO,7169,176.6562274170994
SEGURO,7170,149.33735992181963
SEGURO,7171,158.2062061695835
SEGURO,7172,165.05918029886672
SEGURO,7173,148.6662787616411
SEGURO,7174,158.91431617385066
SEGURO,7175,159.80092457641803
SEGURO,7176,157.88423549100233
SEGURO,7177,151.24402977310456
SEGURO,7178,148.94520482832655
SEGURO,7179,154.86758647051815
SEGURO,7180,138.84385325523584
SEGURO,7181,171.3748949323935
SEGURO,7182,169.36026082581031
SEGURO,7183,156.29659999395733
SEGURO,7184,158.94511318313005
SEGURO,7185,135.79636623318282
SEGURO,7186,169.63737344534016
SEGURO,7187,147.77048601115592
SEGURO,7188,138.02951109801845
SEGURO,7189,138.67260132703603
SEGURO,7190,145.8756418345888
SEGURO,7191,150.97531749955397
SEGURO,7192,155.08789747679685
SEGURO,7193,163.37478551012427
SEGURO,7194,167.1734818593466
SEGURO,7195,159.96681106814444
SEGURO,7196,164.1211098294916
SEGURO,7197,145.1072146130498
SEGURO,7198,149.6713649651003
SEGURO,7199,166.58376146368508
SEGURO,7200,150.85578083238642
SEGURO,7201,165.3756982581722
SEGURO,7202,152.51323127463286
SEGURO,7203,161.3089856282728
SEGURO,7204,158.07779916825336
SEGURO,7205,165.55105495632006
SEGURO,7206,172.93468602418207
SEGURO,7207,161.86307024069737
SEGURO,7208,158.23210610524276
SEGURO,7209,149.65606503166543
SEGURO,7210,151.43035330843435
SEGURO,7211,161.26718543276354
SEGURO,7212,149.6454023257395
SEGURO,7213,152.2815534542416
SEGURO,7214,144.4824098410296
SEGURO,7215,154.33876639420336
SEGURO,7216,148.1736815474465
SEGURO,7217,142.4282552933384
SEGURO,7218,145.4910526862526
SEGURO,7219,162.48374749013442
SEGURO,7220,147.62529546039815
SEGURO,7221,145.1640355694512
SEGURO,7222,147.86642878638602
SEGURO,7223,138.64776606822812
SEGURO,7224,158.86821871673175
SEGURO,7225,159.8744142859124
SEGURO,7226,146.51488465861678
SEGURO,7227,154.41241587015375
SEGURO,7228,137.80851762730555
SEGURO,7229,132.4694879468761
SEGURO,7230,149.13757912496905
SEGURO,7231,162.6118990734357
SEGURO,7232,157.87001998982558
SEGURO,7233,141.95833414984415
SEGURO,7234,154.41387726117935
SEGURO,7235,144.61453925340066
SEGURO,7236,147.24225527325862
SEGURO,7237,142.92740957859814
SEGURO,7238,164.42977408724894
SEGURO,7239,152.7604069175237
SEGURO,7240,176.02785469719706
SEGURO,7241,167.7936620093832
SEGURO,7242,159.46536600947564
SEGURO,7243,151.76038133743333
SEGURO,7244,145.59045176590013
SEGURO,7245,162.692423087639
SEGURO,7246,149.33272369962884
SEGURO,7247,153.58163487083584
SEGURO,7248,162.7054415328309
SEGURO,7249,156.46208954474045
SEGURO,7250,145.4760040843928
SEGURO,7251,147.6409745462952
SEGURO,7252,149.68396166182276
SEGURO,7253,163.17183971009865
SEGURO,7254,140.90516750055323
SEGURO,7255,144.37932904337052
SEGURO,7256,148.81409590522125
SEGURO,7257,149.71530382390205
SEGURO,7258,143.49763780113057
SEGURO,7259,142.60882356490436
SEGURO,7260,156.5187657973293
SEGURO,7261,157.29698764649868
SEGURO,7262,149.659118880923
SEGURO,7263,152.56030245062684
SEGURO,7264,161.03938825233286
SEGURO,7265,155.82829423339504
SEGURO,7266,153.05360096950693
SEGURO,7267,166.56217316127703
SEGURO,7268,154.618389146895
SEGURO,7269,148.73842268674838
SEGURO,7270,162.37866923213278
SEGURO,7271,162.30302606343133
SEGURO,7272,158.96095454342924
SEGURO,7273,153.18460306107858
SEGURO,7274,161.80724944470853
SEGURO,7275,163.97969334391502
SEGURO,7276,159.3572244050895
SEGURO,7277,166.37056649149991
SEGURO,7278,148.8365775546407
SEGURO,7279,145.73096244966737
SEGURO,7280,167.54161036047572
SEGURO,7281,163.50526790987936
SEGURO,7282,149.93673899711584
SEGURO,7283,158.02308753042573
SEGURO,7284,152.46743560053756
SEGURO,7285,154.83488860329945
SEGURO,7286,149.6472397548788
SEGURO,7287,163.61897752019146
SEGURO,7288,142.44446559933309
SEGURO,7289,148.85212934863816
SEGURO,7290,152.5359115108321
SEGURO,7291,168.5814440957737
SEGURO,7292,156.3100024009477
SEGURO,7293,157.87782557832793
SEGURO,7294,161.27019159348032
SEGURO,7295,150.12107791016237
SEGURO,7296,160.09481258145664
SEGURO,7297,153.08158211172378
SEGURO,7298,127.47130321953941
SEGURO,7299,142.53280252634494
SEGURO,7300,158.77788177370707
SEGURO,7301,156.9024116084065
SEGURO,7302,172.1092408228205
SEGURO,7303,145.1576005373675
SEGURO,7304,148.2597110805228
SEGURO,7305,146.7178136647435
SEGURO,7306,159.70332804175746
SEGURO,7307,140.30809221514818
SEGURO,7308,145.30073895754722
SEGURO,7309,147.22070120897908
SEGURO,7310,160.07861211766334
SEGURO,7311,148.18497163373578
SEGURO,7312,151.22867349057867
SEGURO,7313,158.50772284943088
SEGURO,7314,159.44692427924366
SEGURO,7315,183.37396209654008
SEGURO,7316,167.13021581864953
SEGURO,7317,146.1492911669341
SEGURO,7318,155.72763982406806
SEGURO,7319,150.04156463275126
SEGURO,7320,143.63701072803983
SEGURO,7321,145.29641614101124
SEGURO,7322,157.76644093558943
SEGURO,7323,162.64338103527916
SEGURO,7324,150.29360358676485
SEGURO,7325,153.3688833821117
SEGURO,7326,142.4193786488154
SEGURO,7327,148.85669914998283
SEGURO,7328,160.15679226450413
SEGURO,7329,167.17421076237918
SEGURO,7330,163.25254509125497
SEGURO,7331,155.60394872993797
SEGURO,7332,150.7288328542508
SEGURO,7333,153.51214212958288
SEGURO,7334,144.2800663802718
SEGURO,7335,165.26399907122
SEGURO,7336,149.76595987029864
SEGURO,7337,155.3099537243247
SEGURO,7338,151.96428119236901
SEGURO,7339,163.20121377927592
SEGURO,7340,166.04528959182682
SEGURO,7341,155.68491742121807
SEGURO,7342,160.04364510609335
SEGURO,7343,155.65915825492547
SEGURO,7344,167.6918333910308
SEGURO,7345,155.68474964508073
SEGURO,7346,156.05463958446313
SEGURO,7347,162.64242702455823
SEGURO,7348,138.77984661580817
SEGURO,7349,148.73933660865134
SEGURO,7350,156.76475931483589
SEGURO,7351,156.82869161613453
SEGURO,7352,149.28704639632178
SEGURO,7353,141.396102445175
SEGURO,7354,158.49801192446327
SEGURO,7355,138.20247158288927
SEGURO,7356,156.77991114666378
SEGURO,7357,160.90019310934943
SEGURO,7358,148.1008193087485
SEGURO,7359,156.94750076225966
SEGURO,7360,151.64471226944065
SEGURO,7361,155.89403533841764
SEGURO,7362,146.55653733082104
SEGURO,7363,174.99616577372592
SEGURO,7364,149.73165229277203
SEGURO,7365,134.0280192335924
SEGURO,7366,164.01067106500548
SEGURO,7367,153.40510365755168
SEGURO,7368,140.81347488444047
SEGURO,7369,148.82795310027046
SEGURO,7370,161.4827986569105
SEGURO,7371,157.45826222491567
SEGURO,7372,149.41422954822784
SEGURO,7373,148.7340651750754
SEGURO,7374,153.7877233574594
SEGURO,7375,150.87284212670724
SEGURO,7376,157.4908439315043
SEGURO,7377,147.06146724035398
SEGURO,7378,158.27065668519174
SEGURO,7379,165.06593467508208
SEGURO,7380,146.55555816409307
SEGURO,7381,147.74232445059957
SEGURO,7382,139.8725227114467
SEGURO,7383,157.08926802218753
SEGURO,7384,142.49985871494033
SEGURO,7385,151.9337049268601
SEGURO,7386,173.53035138408598
SEGURO,7387,148.5865541752588
SEGURO,7388,170.53076007664805
SEGURO,7389,155.5064310031445
SEGURO,7390,145.2902924759763
SEGURO,7391,165.81395082773895
SEGURO,7392,147.10250090929406
SEGURO,7393,152.83186048061816
SEGURO,7394,167.74726176965882
SEGURO,7395,156.71959163146335
SEGURO,7396,161.52467277427198
SEGURO,7397,155.81879317554908
SEGURO,7398,144.20077414292322
SEGURO,7399,157.25459041557176
SEGURO,7400,136.26056095277616
SEGURO,7401,148.49123315559606
SEGURO,7402,155.80702752155503
SEGURO,7403,158.39854090677508
SEGURO,7404,141.60992974184984
SEGURO,7405,158.94526794057631
SEGURO,7406,155.03176383954968
SEGURO,7407,147.33005465779956
SEGURO,7408,147.4881650760787
SEGURO,7409,158.64807291458752
SEGURO,7410,164.54067168142424
SEGURO,7411,151.3474580730457
SEGURO,7412,147.85143646356403
SEGURO,7413,152.29910857745912
SEGURO,7414,155.4359461271938
SEGURO,7415,158.7916252362502
SEGURO,7416,137.7205712926621
SEGURO,7417,153.66456679753227
SEGURO,7418,143.27420614803776
SEGURO,7419,152.98184537771647
SEGURO,7420,161.1359854750493
SEGURO,7421,163.68145228897242
SEGURO,7422,139.0157589899481
SEGURO,7423,144.82274493373123
SEGURO,7424,144.58670750940027
SEGURO,7425,157.61123428840372
SEGURO,7426,170.62548064356233
SEGURO,7427,163.00684524234572
SEGURO,7428,141.72634616742866
SEGURO,7429,152.0068157339808
SEGURO,7430,160.27964843140748
SEGURO,7431,146.47723136105063
SEGURO,7432,158.7494473924474
SEGURO,7433,158.41466825416668
SEGURO,7434,149.3634442021169
SEGURO,7435,143.65852136860616
SEGURO,7436,143.5891196915322
SEGURO,7437,155.99401161586206
SEGURO,7438,149.12764743676001
SEGURO,7439,151.0202355451363
SEGURO,7440,155.4649265772305
SEGURO,7441,153.1660189426867
SEGURO,7442,155.15345221893836
SEGURO,7443,148.2465225816739
SEGURO,7444,161.98819964990582
SEGURO,7445,142.7428976897984
SEGURO,7446,146.26567171529132
SEGURO,7447,160.1304901904991
SEGURO,7448,151.18113505037445
SEGURO,7449,148.36213455591363
SEGURO,7450,142.66889179645457
SEGURO,7451,153.81160561977103
SEGURO,7452,154.9692714443105
SEGURO,7453,166.70381934205363
SEGURO,7454,152.04095588550052
SEGURO,7455,155.93724130787268
SEGURO,7456,159.05322564789026
SEGURO,7457,147.05239090460498
SEGURO,7458,162.11079474354958
SEGURO,7459,175.06950447450026
SEGURO,7460,150.02420604745916
SEGURO,7461,152.7807446774559
SEGURO,7462,142.79519914425438
SEGURO,7463,142.99368553022893
SEGURO,7464,160.75540958431964
SEGURO,7465,154.62354671352608
SEGURO,7466,155.23347047663958
SEGURO,7467,163.27862220233388
SEGURO,7468,144.47104034889446
SEGURO,7469,145.63441340208834
SEGURO,7470,159.34383893199134
SEGURO,7471,148.0496116191958
SEGURO,7472,166.24723389637262
SEGURO,7473,146.2992923192444
SEGURO,7474,161.68509711344439
SEGURO,7475,151.06506404916877
SEGURO,7476,144.92475420217912
SEGURO,7477,156.18523521165054
SEGURO,7478,162.71472853021118
SEGURO,7479,163.77773000716803
SEGURO,7480,146.88166901815143
SEGURO,7481,166.8041420243819
SEGURO,7482,161.7695077415383
SEGURO,7483,159.1646632568576
SEGURO,7484,143.60784401510517
SEGURO,7485,150.23431917280536
SEGURO,7486,163.529815481997
SEGURO,7487,140.61813305955158
SEGURO,7488,146.9245380789279
SEGURO,7489,159.18275531136288
SEGURO,7490,152.58608383397421
SEGURO,7491,144.05971613065435
SEGURO,7492,138.7623611053162
SEGURO,7493,143.84793190585663
SEGURO,7494,160.96977387546838
SEGURO,7495,153.87713705891295
SEGURO,7496,155.30939589437762
SEGURO,7497,156.36603771056107
SEGURO,7498,157.7029041898288
SEGURO,7499,164.70373648386808
SEGURO,7500,140.91222164429612
SEGURO,7501,160.85651355978248
SEGURO,7502,146.59745025161962
SEGURO,7503,145.41032456338522
SEGURO,7504,173.96460597052783
SEGURO,7505,156.67227907955504
SEGURO,7506,160.36104252104934
SEGURO,7507,161.21756383823197
SEGURO,7508,168.16992915012617
SEGURO,7509,138.7524379541677
SEGURO,7510,136.78864987084037
SEGURO,7511,143.39861124670162
SEGURO,7512,156.40596808011432
SEGURO,7513,167.97997727463712
SEGURO,7514,166.23012604625964
SEGURO,7515,143.4227209447203
SEGURO,7516,163.12180029532527
SEGURO,7517,160.14560480904169
SEGURO,7518,152.14519535470086
SEGURO,7519,138.9782701724832
SEGURO,7520,159.88439152586423
SEGURO,7521,143.35374082429382
SEGURO,7522,144.93287886764517
SEGURO,7523,146.61416476653574
SEGURO,7524,165.46667830804967
SEGURO,7525,167.34342296241232
SEGURO,7526,157.2658057926945
SEGURO,7527,144.6954180672578
SEGURO,7528,154.5595068229853
SEGURO,7529,147.7107546599314
SEGURO,7530,161.7224713418435
SEGURO,7531,151.20032908962517
SEGURO,7532,137.0383020096595
SEGURO,7533,166.00633849529194
SEGURO,7534,164.21878584863467
SEGURO,7535,136.16117555915628
SEGURO,7536,161.26758200196147
SEGURO,7537,149.76410199862292
SEGURO,7538,158.85517192370406
SEGURO,7539,158.69652465926592
SEGURO,7540,154.53083197121694
SEGURO,7541,139.64139835318997
SEGURO,7542,157.14977932695342
SEGURO,7543,150.02377874876282
SEGURO,7544,148.07813987046916
SEGURO,7545,158.298662258851
SEGURO,7546,166.22497181512142
SEGURO,7547,167.79179367473134
SEGURO,7548,152.95793242262732
SEGURO,7549,140.55043766145855
SEGURO,7550,156.61781913278116
SEGURO,7551,157.26343030861696
SEGURO,7552,155.39142642391246
SEGURO,7553,137.0230808343122
SEGURO,7554,156.64186218307628
SEGURO,7555,147.32214390127132
SEGURO,7556,176.3065951572544
SEGURO,7557,160.32391613887458
SEGURO,7558,165.5468359094812
SEGURO,7559,145.48507301773455
SEGURO,7560,152.8213047535102
SEGURO,7561,149.31589302898516
SEGURO,7562,147.2768478630583
SEGURO,7563,147.65668398495106
SEGURO,7564,141.33738321332567
SEGURO,7565,155.50803440639683
SEGURO,7566,168.47176838186542
SEGURO,7567,153.93027880778416
SEGURO,7568,144.90882588117896
SEGURO,7569,158.7590659906973
SEGURO,7570,149.49129197937862
SEGURO,7571,160.5870601621517
SEGURO,7572,145.59076119267465
SEGURO,7573,147.36858052815273
SEGURO,7574,160.53546505793926
SEGURO,7575,167.5439740540585
SEGURO,7576,170.25573950642314
SEGURO,7577,169.96812415226162
SEGURO,7578,137.89863189026002
SEGURO,7579,140.55678916634324
SEGURO,7580,150.4103011784862
SEGURO,7581,150.0202052826018
SEGURO,7582,154.13773700011322
SEGURO,7583,153.41548299891636
SEGURO,7584,154.22066457269597
SEGURO,7585,150.16675364195368
SEGURO,7586,153.07546786001586
SEGURO,7587,157.4161485371865
SEGURO,7588,144.68997583084436
SEGURO,7589,152.65457953601558
SEGURO,7590,149.779702140475
SEGURO,7591,157.7871302579217
SEGURO,7592,155.2324359206319
SEGURO,7593,147.7936046857009
SEGURO,7594,156.4005647294885
SEGURO,7595,160.40090099078273
SEGURO,7596,165.62265620068533
SEGURO,7597,156.71114599008843
SEGURO,7598,144.71203038635753
SEGURO,7599,147.3709844814281
SEGURO,7600,136.6136849256219
SEGURO,7601,164.51222505213525
SEGURO,7602,153.61557385146497
SEGURO,7603,167.3647303804062
SEGURO,7604,147.18082698146347
SEGURO,7605,153.43039542585527
SEGURO,7606,166.32482245351957
SEGURO,7607,161.51995127014268
SEGURO,7608,166.60331796106593
SEGURO,7609,143.9654101087486
SEGURO,7610,137.3253641177783
SEGURO,7611,160.54264111030358
SEGURO,7612,154.09646957924906
SEGURO,7613,151.95784507322946
SEGURO,7614,160.1207907154589
SEGURO,7615,148.02733710921777
SEGURO,7616,142.52343932337297
SEGURO,7617,159.45018532030565
SEGURO,7618,146.81522481697212
SEGURO,7619,168.84212214453356
SEGURO,7620,148.5714853697829
SEGURO,7621,156.53734113244056
SEGURO,7622,149.26523228563795
SEGURO,7623,129.28913541641808
SEGURO,7624,151.5443173636158
SEGURO,7625,147.14277317871495
SEGURO,7626,150.5645443432324
SEGURO,7627,156.97346607248508
SEGURO,7628,155.4259254836394
SEGURO,7629,138.46366117036948
SEGURO,7630,153.9767986344337
SEGURO,7631,145.5791689796169
SEGURO,7632,156.6881171443012
SEGURO,7633,150.36859345885225
SEGURO,7634,162.56961126787792
SEGURO,7635,152.99969566149204
SEGURO,7636,161.8755701563157
SEGURO,7637,160.12583116130887
SEGURO,7638,164.68550613646073
SEGURO,7639,162.56298600239035
SEGURO,7640,162.57988414249192
SEGURO,7641,166.64135978186877
SEGURO,7642,151.24321532492115
SEGURO,7643,146.62704260913122
SEGURO,7644,171.5967299151041
SEGURO,7645,150.53159010338126
SEGURO,7646,143.14067760258334
SEGURO,7647,162.58253086451413
SEGURO,7648,169.31311786642166
SEGURO,7649,158.41452292264103
SEGURO,7650,153.57152205303618
SEGURO,7651,144.40462657208843
SEGURO,7652,148.6590482372973
SEGURO,7653,159.48114849930553
SEGURO,7654,139.46905913195474
SEGURO,7655,162.68050149073215
SEGURO,7656,165.17216041068338
SEGURO,7657,170.38751704105877
SEGURO,7658,159.69992214531757
SEGURO,7659,169.72006124255466
SEGURO,7660,164.68871074037764
SEGURO,7661,157.8816202876454
SEGURO,7662,159.30328316827988
SEGURO,7663,159.3996033898332
SEGURO,7664,165.90776602570094
SEGURO,7665,154.3694940613925
SEGURO,7666,152.80923004745685
SEGURO,7667,160.21752969307295
SEGURO,7668,159.18086613317388
SEGURO,7669,161.85874297704115
SEGURO,7670,147.54565451886685
SEGURO,7671,147.8357128537551
SEGURO,7672,143.78076321980063
SEGURO,7673,152.1921437917276
SEGURO,7674,139.0959399379768
SEGURO,7675,150.22836667970319
SEGURO,7676,169.7990550917698
SEGURO,7677,153.85522256898832
SEGURO,7678,146.58862988325404
SEGURO,7679,148.2838571879525
SEGURO,7680,158.09375274717792
SEGURO,7681,151.10834115641617
SEGURO,7682,158.50707663957903
SEGURO,7683,146.52841531823404
SEGURO,7684,136.63588719913625
SEGURO,7685,139.9324679465848
SEGURO,7686,148.78489405545372
SEGURO,7687,137.65585688944844
SEGURO,7688,147.45367981589868
SEGURO,7689,154.5106442858681
SEGURO,7690,140.5030958120482
SEGURO,7691,141.35603731947023
SEGURO,7692,138.09588161116528
SEGURO,7693,152.70681296793836
SEGURO,7694,136.29633282748696
SEGURO,7695,158.0145313918134
SEGURO,7696,153.64269998942675
SEGURO,7697,153.1451242033191
SEGURO,7698,134.2159364328967
SEGURO,7699,160.11586900828817
SEGURO,7700,163.89463257723446
SEGURO,7701,159.261144806633
SEGURO,7702,157.3010532156116
SEGURO,7703,152.88676499741948
SEGURO,7704,142.25814899729525
SEGURO,7705,149.33856474451207
SEGURO,7706,130.22293212643822
SEGURO,7707,158.30242000390473
SEGURO,7708,146.9492518457995
SEGURO,7709,140.93881804912365
SEGURO,7710,151.26696294234924
SEGURO,7711,154.18699663123326
SEGURO,7712,146.69626461808923
SEGURO,7713,147.20687687709585
SEGURO,7714,148.07442578567372
SEGURO,7715,136.48484164107276
SEGURO,7716,149.77737453016064
SEGURO,7717,164.0502131485527
SEGURO,7718,153.124969857816
SEGURO,7719,151.12486424297714
SEGURO,7720,146.00261586626044
SEGURO,7721,152.16914864675908
SEGURO,7722,134.8646063167361
SEGURO,7723,148.4303931545277
SEGURO,7724,144.28255313161486
SEGURO,7725,154.15465051633953
SEGURO,7726,160.55359390530134
SEGURO,7727,150.81029490862267
SEGURO,7728,139.42911953030685
SEGURO,7729,150.38809839935303
SEGURO,7730,159.9024535061837
SEGURO,7731,151.20942252855633
SEGURO,7732,149.09202985297463
SEGURO,7733,143.81477282148057
SEGURO,7734,171.85479069991058
SEGURO,7735,164.90188516609476
SEGURO,7736,139.22120443290797
SEGURO,7737,155.99278617202506
SEGURO,7738,153.38683694875766
SEGURO,7739,150.98951058135208
SEGURO,7740,151.9574234467254
SEGURO,7741,163.67898111637086
SEGURO,7742,147.97379745172395
SEGURO,7743,152.90630388622972
SEGURO,7744,155.5820227599195
SEGURO,7745,157.78881440121188
SEGURO,7746,145.94111178621554
SEGURO,7747,137.63759532020458
SEGURO,7748,155.38355373923906
SEGURO,7749,150.013647697241
SEGURO,7750,141.02372919859775
SEGURO,7751,149.18986622699094
SEGURO,7752,161.92568400431588
SEGURO,7753,140.184975655493
SEGURO,7754,165.8379824483917
SEGURO,7755,132.98451782963622
SEGURO,7756,151.28773998327412
SEGURO,7757,148.9236637058652
SEGURO,7758,151.21409207792718
SEGURO,7759,162.9157729695996
SEGURO,7760,142.78942561099143
SEGURO,7761,162.48983709091212
SEGURO,7762,168.73491482746238
SEGURO,7763,147.32860571279303
SEGURO,7764,155.66274911956393
SEGURO,7765,159.20992974417132
SEGURO,7766,154.76158091876565
SEGURO,7767,150.9876593612508
SEGURO,7768,136.09492819052406
SEGURO,7769,138.98782303475255
SEGURO,7770,141.4242548718249
SEGURO,7771,151.90923139348607
SEGURO,7772,131.70314135955357
SEGURO,7773,152.13269001733664
SEGURO,7774,171.81489705364322
SEGURO,7775,171.7847970389352
SEGURO,7776,158.02255595040805
SEGURO,7777,144.99259950794595
SEGURO,7778,150.65669196970643
SEGURO,7779,175.97640257149766
SEGURO,7780,161.5295990885634
SEGURO,7781,156.0194784064921
SEGURO,7782,144.6992204861531
SEGURO,7783,168.61104763478892
SEGURO,7784,154.79124683049005
SEGURO,7785,154.1496509627153
SEGURO,7786,148.6548934247476
SEGURO,7787,145.322670820789
SEGURO,7788,154.72434918640286
SEGURO,7789,153.98052966698376
SEGURO,7790,151.39702176440935
SEGURO,7791,160.2256399571092
SEGURO,7792,151.88760186934962
SEGURO,7793,154.85874522821175
SEGURO,7794,160.139302241341
SEGURO,7795,163.8251732277053
SEGURO,7796,152.65683575510775
SEGURO,7797,167.28260159435098
SEGURO,7798,162.36391270396538
SEGURO,7799,160.9380946097778
SEGURO,7800,147.8712636675185
SEGURO,7801,157.79801994506346
SEGURO,7802,151.2357410363664
SEGURO,7803,173.1186211165315
SEGURO,7804,155.13986053569255
SEGURO,7805,157.14816752622664
SEGURO,7806,162.34876327542773
SEGURO,7807,144.6627818415772
SEGURO,7808,143.07908988049164
SEGURO,7809,155.88112241712426
SEGURO,7810,156.87108083552357
SEGURO,7811,134.9963849883731
SEGURO,7812,166.24510957953643
SEGURO,7813,157.00900064643508
SEGURO,7814,149.34772884511472
SEGURO,7815,147.77220156133603
SEGURO,7816,144.50083327279037
SEGURO,7817,158.57996496520784
SEGURO,7818,167.30698164653296
SEGURO,7819,137.11211758480084
SEGURO,7820,154.34621367987262
SEGURO,7821,159.73595866457708
SEGURO,7822,156.5980718713736
SEGURO,7823,140.76493230826327
SEGURO,7824,154.8464115356846
SEGURO,7825,142.88871168743367
SEGURO,7826,153.81604677640857
SEGURO,7827,155.6674366045104
SEGURO,7828,150.47620215740204
SEGURO,7829,150.83092628328706
SEGURO,7830,141.10987433994504
SEGURO,7831,155.78446522542154
SEGURO,7832,138.90904929308473
SEGURO,7833,169.0010347129761
SEGURO,7834,146.76492176445083
SEGURO,7835,151.46996935546355
SEGURO,7836,162.47139234139962
SEGURO,7837,161.60487744590395
SEGURO,7838,171.89913088075792
SEGURO,7839,162.0815246638144
SEGURO,7840,143.963995337933
SEGURO,7841,144.5422140258006
SEGURO,7842,163.72958302587972
SEGURO,7843,146.94649920261938
SEGURO,7844,159.30065341276682
SEGURO,7845,131.03278108982198
SEGURO,7846,151.6872895582566
SEGURO,7847,150.59306050664762
SEGURO,7848,159.25387018552567
SEGURO,7849,159.54602424694946
SEGURO,7850,173.85271837853415
SEGURO,7851,153.9939672808831
SEGURO,7852,153.74503821898583
SEGURO,7853,151.04740427802585
SEGURO,7854,159.62498411108257
SEGURO,7855,158.20890539654607
SEGURO,7856,162.361410646155
SEGURO,7857,151.33813968266526
SEGURO,7858,150.53541325108364
SEGURO,7859,139.24008689898957
SEGURO,7860,172.02979823399374
SEGURO,7861,140.95541974209002
SEGURO,7862,164.42389866096292
SEGURO,7863,153.1921522076258
SEGURO,7864,157.52198810823154
SEGURO,7865,148.966575598331
SEGURO,7866,148.09613994303015
SEGURO,7867,161.33686291921958
SEGURO,7868,165.3025796233578
SEGURO,7869,154.79692735294444
SEGURO,7870,150.51769078259434
SEGURO,7871,155.01598261347894
SEGURO,7872,144.25145967587818
SEGURO,7873,145.64910916396462
SEGURO,7874,152.87303812692863
SEGURO,7875,139.29573589673896
SEGURO,7876,154.56650324380217
SEGURO,7877,150.85274733168012
SEGURO,7878,160.34990048099712
SEGURO,7879,158.5084217773606
SEGURO,7880,165.89614596429783
SEGURO,7881,155.66528712916283
SEGURO,7882,152.03388861128323
SEGURO,7883,148.44562584787016
SEGURO,7884,151.75310038168703
SEGURO,7885,172.42569095666147
SEGURO,7886,147.32874186074793
SEGURO,7887,162.15221866304125
SEGURO,7888,157.3510901727926
SEGURO,7889,151.7474574023861
SEGURO,7890,150.0401559068263
SEGURO,7891,145.66459472851514
SEGURO,7892,147.35346078034735
SEGURO,7893,159.62470180892032
SEGURO,7894,146.5587027051178
SEGURO,7895,148.73841015389826
SEGURO,7896,150.9091365787586
SEGURO,7897,151.63517460461375
SEGURO,7898,145.08381375373952
SEGURO,7899,152.87753334620143
SEGURO,7900,156.0042702949687
SEGURO,7901,155.87003563664044
SEGURO,7902,157.16049057228886
SEGURO,7903,157.23503289583573
SEGURO,7904,145.63799554563576
SEGURO,7905,170.11348544869188
SEGURO,7906,140.8917381865758
SEGURO,7907,157.7950139877177
SEGURO,7908,164.0504371887539
SEGURO,7909,156.48888271064175
SEGURO,7910,152.74226128499495
SEGURO,7911,150.30123838754434
SEGURO,7912,156.36098050176653
SEGURO,7913,143.76104748522596
SEGURO,7914,152.57952374189415
SEGURO,7915,138.90563699819262
SEGURO,7916,151.89285153422125
SEGURO,7917,158.42483285327717
SEGURO,7918,138.5962099810537
SEGURO,7919,154.15274178081205
SEGURO,7920,171.08152819051432
SEGURO,7921,152.48761888508082
SEGURO,7922,148.14174892086433
SEGURO,7923,147.03529472949333
SEGURO,7924,149.24394164287725
SEGURO,7925,149.340435892729
SEGURO,7926,150.15949524000294
SEGURO,7927,158.8294564034971
SEGURO,7928,146.6316507068908
SEGURO,7929,154.13229022238608
SEGURO,7930,138.25624075344086
SEGURO,7931,139.840168408115
SEGURO,7932,151.08006694590736
SEGURO,7933,145.6884419924939
SEGURO,7934,156.07987962332803
SEGURO,7935,160.99413372396288
SEGURO,7936,137.31048672709622
SEGURO,7937,140.10241551111704
SEGURO,7938,160.4457735241221
SEGURO,7939,145.60780637784396
SEGURO,7940,161.75798398000506
SEGURO,7941,153.31887346816197
SEGURO,7942,128.98683490022606
SEGURO,7943,166.1836666064768
SEGURO,7944,140.72155589135392
SEGURO,7945,161.08773607138966
SEGURO,7946,147.9560379850619
SEGURO,7947,150.48843755895444
SEGURO,7948,151.66584470967234
SEGURO,7949,140.277276649445
SEGURO,7950,151.83859742494403
SEGURO,7951,147.2191128650461
SEGURO,7952,137.13888455644667
SEGURO,7953,140.32283428260746
SEGURO,7954,157.64659063246302
SEGURO,7955,161.00501824739206
SEGURO,7956,153.99064572965872
SEGURO,7957,157.16878862312933
SEGURO,7958,151.11044469860215
SEGURO,7959,150.02309493235384
SEGURO,7960,153.37863114685192
SEGURO,7961,142.18758939680197
SEGURO,7962,141.83916215796836
SEGURO,7963,153.42409842772256
SEGURO,7964,150.92578500183416
SEGURO,7965,148.28086680815395
SEGURO,7966,161.89910541538657
SEGURO,7967,157.17009731076305
SEGURO,7968,147.20450198763413
SEGURO,7969,153.57047688114818
SEGURO,7970,149.4959184413799
SEGURO,7971,149.2085006064164
SEGURO,7972,157.41489498424014
SEGURO,7973,159.3950233760855
SEGURO,7974,158.86639089819164
SEGURO,7975,155.05443008586815
SEGURO,7976,154.5648316720316
SEGURO,7977,146.57446836897526
SEGURO,7978,130.7450218744752
SEGURO,7979,159.4254458511351
SEGURO,7980,145.9865802744798
SEGURO,7981,143.4968156590187
SEGURO,7982,160.01856466635166
SEGURO,7983,162.44973275387568
SEGURO,7984,155.05313149498645
SEGURO,7985,141.60194446471414
SEGURO,7986,146.50957365304671
SEGURO,7987,153.62125519915412
SEGURO,7988,149.5530368678206
SEGURO,7989,165.79711871233678
SEGURO,7990,173.34584822665573
SEGURO,7991,163.3462338932687
SEGURO,7992,153.6205659336222
SEGURO,7993,149.88255958378218
SEGURO,7994,148.97782035949245
SEGURO,7995,169.9786310888981
SEGURO,7996,140.05056027524162
SEGURO,7997,146.86411750720157
SEGURO,7998,159.96651333390832
SEGURO,7999,147.2170350830076
SEGURO,8000,125.78974954986684
SEGURO,8001,160.50958241309348
SEGURO,8002,156.23105330998754
SEGURO,8003,154.0299555205525
SEGURO,8004,146.57147862698093
SEGURO,8005,152.00246250310508
SEGURO,8006,144.8053413530311
SEGURO,8007,157.49778962259347
SEGURO,8008,169.97040480569189
SEGURO,8009,152.57831138952
SEGURO,8010,150.96116320893915
SEGURO,8011,160.47473387815978
SEGURO,8012,150.28961369893398
SEGURO,8013,139.24298210489047
SEGURO,8014,167.88188071655784
SEGURO,8015,161.80141134783094
SEGURO,8016,146.2760567348642
SEGURO,8017,142.39548399661163
SEGURO,8018,147.60242499515599
SEGURO,8019,159.29989876118654
SEGURO,8020,162.49603876756453
SEGURO,8021,150.9207643732963
SEGURO,8022,156.73570596824555
SEGURO,8023,168.29344683727913
SEGURO,8024,167.1543537753929
SEGURO,8025,156.47730947488307
SEGURO,8026,136.34228303466864
SEGURO,8027,143.9557026487468
SEGURO,8028,146.24516587301022
SEGURO,8029,154.20820080481653
SEGURO,8030,159.35618519302355
SEGURO,8031,134.56256215879424
SEGURO,8032,139.27207726788123
SEGURO,8033,144.92628045570711
SEGURO,8034,148.73274130958117
SEGURO,8035,148.9416279327778
SEGURO,8036,170.55523478636755
SEGURO,8037,157.0776778928285
SEGURO,8038,133.10355381700086
SEGURO,8039,146.72037124884883
SEGURO,8040,134.569216287631
SEGURO,8041,162.4769545664962
SEGURO,8042,153.8249701065417
SEGURO,8043,150.76958227907068
SEGURO,8044,133.54483169385728
SEGURO,8045,157.5852843371607
SEGURO,8046,148.4515266338616
SEGURO,8047,142.3515018435401
SEGURO,8048,143.72753804619867
SEGURO,8049,151.26537244183825
SEGURO,8050,127.222111716313
SEGURO,8051,154.9367221649938
SEGURO,8052,152.73977595340895
SEGURO,8053,167.74506509555474
SEGURO,8054,151.20139494494668
SEGURO,8055,153.9074090910342
SEGURO,8056,160.03778349621635
SEGURO,8057,154.7577003818063
SEGURO,8058,163.37627426102497
SEGURO,8059,166.72994971625198
SEGURO,8060,150.3047476485583
SEGURO,8061,138.04002352511066
SEGURO,8062,148.93666876519967
SEGURO,8063,160.30804187550893
SEGURO,8064,152.954117831627
SEGURO,8065,134.04736669135644
SEGURO,8066,164.8163522183214
SEGURO,8067,141.98789375055514
SEGURO,8068,164.16674866419143
SEGURO,8069,157.0303209789552
SEGURO,8070,154.99085473639124
SEGURO,8071,139.54192002566904
SEGURO,8072,164.42655147118776
SEGURO,8073,143.87781527285352
SEGURO,8074,151.4046171729808
SEGURO,8075,150.5003366961007
SEGURO,8076,144.3740857466821
SEGURO,8077,150.48074926149428
SEGURO,8078,154.44330204663493
SEGURO,8079,156.26907454583218
SEGURO,8080,136.28359615804087
SEGURO,8081,159.7012364520532
SEGURO,8082,156.8259658607723
SEGURO,8083,154.56866622726756
SEGURO,8084,151.02187343140332
SEGURO,8085,151.0932114857158
SEGURO,8086,143.5565706154746
SEGURO,8087,150.6449589931809
SEGURO,8088,154.1843581573863
SEGURO,8089,150.1441202535628
SEGURO,8090,151.4055189019779
SEGURO,8091,151.36521801236609
SEGURO,8092,157.22158904322143
SEGURO,8093,143.59157077975306
SEGURO,8094,154.32511755474786
SEGURO,8095,156.60778769378325
SEGURO,8096,150.9378629023182
SEGURO,8097,154.52648301996064
SEGURO,8098,141.3274932883564
SEGURO,8099,164.73277567910566
SEGURO,8100,165.7127169860667
SEGURO,8101,148.6673231242833
SEGURO,8102,139.49969656159476
SEGURO,8103,131.08396577894965
SEGURO,8104,163.19445205336658
SEGURO,8105,150.93393017345076
SEGURO,8106,153.66431681749523
SEGURO,8107,148.51207857493873
SEGURO,8108,145.2567907779713
SEGURO,8109,152.5333549900393
SEGURO,8110,159.45590817826024
SEGURO,8111,143.39881020749445
SEGURO,8112,154.91216716269574
SEGURO,8113,161.3463318338322
SEGURO,8114,165.86603797358583
SEGURO,8115,158.9217359779425
SEGURO,8116,148.1630019782542
SEGURO,8117,148.0299113646007
SEGURO,8118,159.8053128373598
SEGURO,8119,157.82919381435357
SEGURO,8120,143.70995503173972
SEGURO,8121,156.60811435358028
SEGURO,8122,137.3323718112805
SEGURO,8123,153.39145751859655
SEGURO,8124,147.72498540300862
SEGURO,8125,158.04270814850852
SEGURO,8126,165.65822513544197
SEGURO,8127,146.9065683521374
SEGURO,8128,161.89900008556157
SEGURO,8129,149.2856053244927
SEGURO,8130,158.7837773735079
SEGURO,8131,148.02202515712196
SEGURO,8132,150.71813903092252
SEGURO,8133,162.73222492615315
SEGURO,8134,170.05226992926174
SEGURO,8135,154.88098034349642
SEGURO,8136,144.31046882820456
SEGURO,8137,157.1897473599993
SEGURO,8138,144.1805135443377
SEGURO,8139,151.33384080589087
SEGURO,8140,157.86960827486473
SEGURO,8141,158.58934163297818
SEGURO,8142,152.73208915159643
SEGURO,8143,157.77361290971965
SEGURO,8144,148.20821022941652
SEGURO,8145,159.42913143943602
SEGURO,8146,161.21330466235145
SEGURO,8147,143.7360273037029
SEGURO,8148,156.23401483060533
SEGURO,8149,166.48569179241474
SEGURO,8150,151.94704620170836
SEGURO,8151,149.510212658633
SEGURO,8152,156.6854059094127
SEGURO,8153,148.5366965035642
SEGURO,8154,144.36454351557794
SEGURO,8155,170.17248867270715
SEGURO,8156,146.12229038202315
SEGURO,8157,166.1217476832424
SEGURO,8158,139.9805582210343
SEGURO,8159,159.75857224558032
SEGURO,8160,153.71237632268316
SEGURO,8161,140.41661179726356
SEGURO,8162,165.82119545385945
SEGURO,8163,142.26076908953124
SEGURO,8164,150.3831825229943
SEGURO,8165,165.17588470875813
SEGURO,8166,144.48661369427106
SEGURO,8167,144.78152873484186
SEGURO,8168,141.61325997612727
SEGURO,8169,159.94781875119656
SEGURO,8170,166.98615658910344
SEGURO,8171,156.49726250858336
SEGURO,8172,151.37759972474598
SEGURO,8173,151.94752579712534
SEGURO,8174,165.8287605101952
SEGURO,8175,156.70234785556264
SEGURO,8176,178.20741946334215
SEGURO,8177,160.36907497969347
SEGURO,8178,159.24622030766253
SEGURO,8179,154.10755894421715
SEGURO,8180,133.34281490668673
SEGURO,8181,143.18772644474691
SEGURO,8182,142.65445190566166
SEGURO,8183,155.48626450434955
SEGURO,8184,152.34075141816243
SEGURO,8185,153.80517631729754
SEGURO,8186,144.27130546300447
SEGURO,8187,155.85939435738888
SEGURO,8188,171.61168496784467
SEGURO,8189,153.7428988146728
SEGURO,8190,149.04215938234518
SEGURO,8191,149.72951804896013
SEGURO,8192,156.3500447090703
SEGURO,8193,152.454570759096
SEGURO,8194,153.51716055468256
SEGURO,8195,164.7469794020456
SEGURO,8196,150.462863895695
SEGURO,8197,153.56108767538188
SEGURO,8198,150.50080631276805
SEGURO,8199,151.2869187621261
SEGURO,8200,147.04421112169044
SEGURO,8201,161.61482355414884
SEGURO,8202,147.2388310494892
SEGURO,8203,148.56485007693124
SEGURO,8204,143.56862418073112
SEGURO,8205,158.797552565609
SEGURO,8206,148.59866832505736
SEGURO,8207,164.27918523959352
SEGURO,8208,130.35100854783119
SEGURO,8209,167.0201474166437
SEGURO,8210,152.12830298409287
SEGURO,8211,154.4797398478817
SEGURO,8212,154.0882340127925
SEGURO,8213,162.96167594542806
SEGURO,8214,162.84352154762934
SEGURO,8215,149.52167766787733
SEGURO,8216,127.77375017314897
SEGURO,8217,149.33503088994388
SEGURO,8218,157.35109090148782
SEGURO,8219,162.3114959362786
SEGURO,8220,154.07478169898891
SEGURO,8221,149.36903754843124
SEGURO,8222,137.6495983055522
SEGURO,8223,167.95446645938443
SEGURO,8224,170.2994501137582
SEGURO,8225,157.69965654400696
SEGURO,8226,166.270172452638
SEGURO,8227,157.31653381623244
SEGURO,8228,154.7213641710957
SEGURO,8229,171.86275712196323
SEGURO,8230,161.46014933677958
SEGURO,8231,157.37756706222788
SEGURO,8232,131.62017620114784
SEGURO,8233,151.87313901915508
SEGURO,8234,156.54519482170383
SEGURO,8235,148.1270141865243
SEGURO,8236,162.34735913209278
SEGURO,8237,151.91918072062052
SEGURO,8238,158.83192862009852
SEGURO,8239,155.17753456442708
SEGURO,8240,145.38775117311744
SEGURO,8241,152.9792919432277
SEGURO,8242,164.0886798492223
SEGURO,8243,156.7431253750114
SEGURO,8244,155.41452305809014
SEGURO,8245,160.78197110825423
SEGURO,8246,133.25017237694271
SEGURO,8247,150.05921903640547
SEGURO,8248,172.17491009613758
SEGURO,8249,137.9624409437864
SEGURO,8250,132.17912407991636
SEGURO,8251,147.13082617916956
SEGURO,8252,154.81267336009498
SEGURO,8253,141.42381430183545
SEGURO,8254,134.32764388089095
SEGURO,8255,164.67640695786062
SEGURO,8256,143.72094519596988
SEGURO,8257,140.88591758861963
SEGURO,8258,144.6606300433625
SEGURO,8259,161.50193537183023
SEGURO,8260,162.641704234213
SEGURO,8261,168.54473759383052
SEGURO,8262,169.67890252268992
SEGURO,8263,147.36071706203052
SEGURO,8264,148.82870256764153
SEGURO,8265,144.86976287686474
SEGURO,8266,156.8209657737033
SEGURO,8267,134.1413963944523
SEGURO,8268,146.84444813790097
SEGURO,8269,146.62931903836932
SEGURO,8270,152.6095498934985
SEGURO,8271,155.11595762841318
SEGURO,8272,156.90399285181553
SEGURO,8273,156.73433188493695
SEGURO,8274,145.9023451141265
SEGURO,8275,155.63078710379574
SEGURO,8276,160.3038829150624
SEGURO,8277,140.65739922750242
SEGURO,8278,150.89068722555112
SEGURO,8279,151.38619015603632
SEGURO,8280,152.55497818830472
SEGURO,8281,160.86289314307183
SEGURO,8282,157.72586578291123
SEGURO,8283,147.49661713527965
SEGURO,8284,146.83762841130715
SEGURO,8285,155.0376011787384
SEGURO,8286,153.05539427159934
SEGURO,8287,161.014912219392
SEGURO,8288,140.04284962569065
SEGURO,8289,156.91207645235468
SEGURO,8290,154.98908414864565
SEGURO,8291,153.94018430055422
SEGURO,8292,165.30915472473473
SEGURO,8293,150.04073751562416
SEGURO,8294,173.23243743196517
SEGURO,8295,144.90839399151517
SEGURO,8296,146.8152855084846
SEGURO,8297,156.5011515915932
SEGURO,8298,146.67583997588594
SEGURO,8299,158.66465755730107
SEGURO,8300,165.8368047597433
SEGURO,8301,133.6790578737509
SEGURO,8302,145.9775696167618
SEGURO,8303,150.47204054584404
SEGURO,8304,145.98007999265403
SEGURO,8305,150.29118989248255
SEGURO,8306,167.19181556483346
SEGURO,8307,144.97936253965145
SEGURO,8308,143.65488737559448
SEGURO,8309,140.1139457210555
SEGURO,8310,171.79162681383346
SEGURO,8311,164.7350027000957
SEGURO,8312,162.3073008923578
SEGURO,8313,156.15280075954135
SEGURO,8314,138.1035693238505
SEGURO,8315,142.31082369048673
SEGURO,8316,145.6097022119696
SEGURO,8317,148.79501824431344
SEGURO,8318,144.2018256141067
SEGURO,8319,138.0416598902245
SEGURO,8320,144.53008995966658
SEGURO,8321,140.38466171884755
SEGURO,8322,154.99360215579202
SEGURO,8323,162.4333263229052
SEGURO,8324,149.1499628497169
SEGURO,8325,160.3470534870824
SEGURO,8326,150.49133950250504
SEGURO,8327,146.97836222598988
SEGURO,8328,141.33476162114954
SEGURO,8329,147.23270668785358
SEGURO,8330,170.51455670361076
SEGURO,8331,128.78380783420482
SEGURO,8332,161.1395738321346
SEGURO,8333,152.69145492031353
SEGURO,8334,163.68308954843775
SEGURO,8335,143.9865142200653
SEGURO,8336,129.97051492148415
SEGURO,8337,154.729416565725
SEGURO,8338,156.19126476370644
SEGURO,8339,149.62813612948597
SEGURO,8340,153.40120818232083
SEGURO,8341,167.3656132473011
SEGURO,8342,147.49378268328485
SEGURO,8343,141.9824489851811
SEGURO,8344,158.85111919988324
SEGURO,8345,161.92531425707588
SEGURO,8346,156.2266222697289
SEGURO,8347,158.47384192681344
SEGURO,8348,158.74093296129917
SEGURO,8349,148.48872156248908
SEGURO,8350,162.32409807189438
SEGURO,8351,145.69823255298692
SEGURO,8352,141.7913812310081
SEGURO,8353,157.33022245759454
SEGURO,8354,151.97124041989557
SEGURO,8355,163.64488635284494
SEGURO,8356,162.65970241566168
SEGURO,8357,145.99732048519252
SEGURO,8358,157.4494163935463
SEGURO,8359,154.7969020472711
SEGURO,8360,162.20731324953937
SEGURO,8361,154.70642940896533
SEGURO,8362,151.13100738338105
SEGURO,8363,149.9341382526746
SEGURO,8364,145.27844993685562
SEGURO,8365,144.4854672901496
SEGURO,8366,157.83579348459804
SEGURO,8367,154.42587855807778
SEGURO,8368,145.91428289028022
SEGURO,8369,149.15656987684076
SEGURO,8370,143.20854930977615
SEGURO,8371,143.65958069497734
SEGURO,8372,156.8859080392098
SEGURO,8373,166.12630898642516
SEGURO,8374,166.1616486447185
SEGURO,8375,143.02595168309756
SEGURO,8376,162.75385203925316
SEGURO,8377,163.78301029140414
SEGURO,8378,141.19909599519704
SEGURO,8379,153.763378067753
SEGURO,8380,135.9481206367881
SEGURO,8381,163.19358026238513
SEGURO,8382,153.10580114612674
SEGURO,8383,147.52198131811588
SEGURO,8384,164.35392303338713
SEGURO,8385,159.6472901603062
SEGURO,8386,145.386382618525
SEGURO,8387,154.96030070593918
SEGURO,8388,148.11105682129028
SEGURO,8389,157.81257817966545
SEGURO,8390,156.86002919014447
SEGURO,8391,143.3815872861463
SEGURO,8392,164.05686485482215
SEGURO,8393,148.41028752264805
SEGURO,8394,147.42024202075055
SEGURO,8395,135.9416650006331
SEGURO,8396,152.6733133586192
SEGURO,8397,154.0270788535027
SEGURO,8398,163.11736292283175
SEGURO,8399,153.60147335415496
SEGURO,8400,138.51770110777412
SEGURO,8401,156.64880116935967
SEGURO,8402,157.00201523222472
SEGURO,8403,172.93429865139777
SEGURO,8404,157.2903464155592
SEGURO,8405,150.2580731185229
SEGURO,8406,155.44113282816247
SEGURO,8407,142.4438410329624
SEGURO,8408,156.76086900025166
SEGURO,8409,149.277198055164
SEGURO,8410,153.61511588771074
SEGURO,8411,154.51377649053165
SEGURO,8412,145.07724367892453
SEGURO,8413,149.28068364774776
SEGURO,8414,173.26455455200963
SEGURO,8415,155.85836682324617
SEGURO,8416,158.19385780306615
SEGURO,8417,132.82539045187158
SEGURO,8418,136.52933277802668
SEGURO,8419,151.09540049605482
SEGURO,8420,162.21339034357177
SEGURO,8421,144.7560806213257
SEGURO,8422,141.85420693553502
SEGURO,8423,143.8129347228738
SEGURO,8424,158.17391388493846
SEGURO,8425,161.8481669849551
SEGURO,8426,167.0444257598161
SEGURO,8427,140.25128117921585
SEGURO,8428,165.2117188836071
SEGURO,8429,147.80274477429646
SEGURO,8430,140.8843835148941
SEGURO,8431,159.50172085031346
SEGURO,8432,155.65645025747213
SEGURO,8433,156.15907290409154
SEGURO,8434,171.77801026316078
SEGURO,8435,158.02238244272345
SEGURO,8436,156.38103338164103
SEGURO,8437,149.09808215976597
SEGURO,8438,161.34408284535945
SEGURO,8439,149.3130181986757
SEGURO,8440,153.46767579738662
SEGURO,8441,167.7886284738592
SEGURO,8442,159.49773173603558
SEGURO,8443,170.34966996794083
SEGURO,8444,151.05700210608148
SEGURO,8445,143.34492652108884
SEGURO,8446,156.03463791525036
SEGURO,8447,163.769994648933
SEGURO,8448,158.03591192088462
SEGURO,8449,144.28602314759922
SEGURO,8450,167.22716204605464
SEGURO,8451,160.80770295933945
SEGURO,8452,154.63988208254986
SEGURO,8453,164.58638384574382
SEGURO,8454,149.6331810156209
SEGURO,8455,151.9167512977299
SEGURO,8456,157.16490816025006
SEGURO,8457,152.66799429002558
SEGURO,8458,147.19252355161092
SEGURO,8459,129.63954243403634
SEGURO,8460,142.8268146276319
SEGURO,8461,141.46417407445722
SEGURO,8462,153.1559686298939
SEGURO,8463,157.66595138834685
SEGURO,8464,149.0090083114864
SEGURO,8465,143.60284147819027
SEGURO,8466,146.12909336316437
SEGURO,8467,156.97256159813824
SEGURO,8468,155.17147916124767
SEGURO,8469,157.65940309426182
SEGURO,8470,158.28491890177997
SEGURO,8471,147.53491415099202
SEGURO,8472,140.61092406539564
SEGURO,8473,150.72517435006384
SEGURO,8474,144.58373933828122
SEGURO,8475,162.38124419535453
SEGURO,8476,146.5237654623019
SEGURO,8477,170.9725357350392
SEGURO,8478,156.4720385839076
SEGURO,8479,150.00366037639645
SEGURO,8480,149.2764321565165
SEGURO,8481,157.8502183201759
SEGURO,8482,165.41190404084912
SEGURO,8483,138.58778235569474
SEGURO,8484,161.04292808578214
SEGURO,8485,162.74600967773955
SEGURO,8486,157.73735350279117
SEGURO,8487,156.5473866412025
SEGURO,8488,162.7791762642195
SEGURO,8489,156.18635429291194
SEGURO,8490,148.6679006503592
SEGURO,8491,156.18394580476422
SEGURO,8492,149.05462537769196
SEGURO,8493,144.30915801832046
SEGURO,8494,147.3974072124012
SEGURO,8495,131.54462077687842
SEGURO,8496,144.8279247519107
SEGURO,8497,163.45609867889203
SEGURO,8498,166.02259730046393
SEGURO,8499,164.75249292492992
SEGURO,8500,136.72321654614436
SEGURO,8501,161.1637797143587
SEGURO,8502,135.8985725103267
SEGURO,8503,148.71224664397164
SEGURO,8504,157.62657187966178
SEGURO,8505,156.80224489029962
SEGURO,8506,164.87627171404276
SEGURO,8507,153.56505794397805
SEGURO,8508,156.43429821662136
SEGURO,8509,142.3349124440985
SEGURO,8510,127.76788033781263
SEGURO,8511,161.85567328421712
SEGURO,8512,171.4482721817544
SEGURO,8513,151.39583495426183
SEGURO,8514,143.15868138144452
SEGURO,8515,147.32336882105636
SEGURO,8516,160.0399207195085
SEGURO,8517,157.79754400201972
SEGURO,8518,157.28331379345263
SEGURO,8519,155.7473511662149
SEGURO,8520,141.9977658314953
SEGURO,8521,138.81486826989894
SEGURO,8522,163.2099472608325
SEGURO,8523,156.81881430719096
SEGURO,8524,149.66529377024932
SEGURO,8525,159.29238735782135
SEGURO,8526,150.89790997779548
SEGURO,8527,153.707055532055
SEGURO,8528,159.298873924214
SEGURO,8529,139.16240435600977
SEGURO,8530,162.41187669595223
SEGURO,8531,156.81783242166185
SEGURO,8532,146.64333011050746
SEGURO,8533,149.9464539052445
SEGURO,8534,142.26633513597918
SEGURO,8535,173.0415643156473
SEGURO,8536,134.23158904370194
SEGURO,8537,146.99004317062517
SEGURO,8538,159.70254738944388
SEGURO,8539,146.78132623642307
SEGURO,8540,144.26448488857622
SEGURO,8541,159.80722220542594
SEGURO,8542,148.76373819958204
SEGURO,8543,159.8170277464237
SEGURO,8544,146.4861224383008
SEGURO,8545,149.26012775948539
SEGURO,8546,151.36632552439323
SEGURO,8547,155.4662767199643
SEGURO,8548,152.81172776040486
SEGURO,8549,159.21490875521795
SEGURO,8550,141.55899709561106
SEGURO,8551,159.7461553026478
SEGURO,8552,148.47941214440323
SEGURO,8553,160.47998286701744
SEGURO,8554,164.3750564087817
SEGURO,8555,157.93162427085656
SEGURO,8556,158.67400742381915
SEGURO,8557,163.4895966039333
SEGURO,8558,148.5175126447418
SEGURO,8559,155.75153646783897
SEGURO,8560,165.6051879786092
SEGURO,8561,155.20136920069365
SEGURO,8562,152.70561586534274
SEGURO,8563,137.84535300105196
SEGURO,8564,163.40737228666978
SEGURO,8565,164.23563269387057
SEGURO,8566,151.31691572626025
SEGURO,8567,146.23119044826362
SEGURO,8568,152.3796277892594
SEGURO,8569,161.5095217826132
SEGURO,8570,140.72373854805818
SEGURO,8571,154.4592898440732
SEGURO,8572,164.66562204730528
SEGURO,8573,155.83704268142577
SEGURO,8574,156.62176665892514
SEGURO,8575,154.86292578633942
SEGURO,8576,147.06108772985064
SEGURO,8577,160.61152650994012
SEGURO,8578,167.14738573703065
SEGURO,8579,146.4606343424958
SEGURO,8580,157.5654306662081
SEGURO,8581,155.9779431619528
SEGURO,8582,173.46456639564715
SEGURO,8583,143.73229754142298
SEGURO,8584,170.8877112595555
SEGURO,8585,173.1792011519242
SEGURO,8586,159.61244027886883
SEGURO,8587,152.62568980330218
SEGURO,8588,152.2227520686625
SEGURO,8589,164.97262737536354
SEGURO,8590,165.44334013820836
SEGURO,8591,133.48179855686018
SEGURO,8592,146.6559980749891
SEGURO,8593,158.71154515162783
SEGURO,8594,151.2660630740069
SEGURO,8595,146.4288592938015
SEGURO,8596,139.37083549265304
SEGURO,8597,145.93019273421203
SEGURO,8598,145.99002743156473
SEGURO,8599,151.26404995576758
SEGURO,8600,145.6302787803955
SEGURO,8601,153.72647858168938
SEGURO,8602,141.956945264477
SEGURO,8603,160.24158506373365
SEGURO,8604,151.70440570009862
SEGURO,8605,170.19783171121887
SEGURO,8606,147.92738561860315
SEGURO,8607,155.83094167579787
SEGURO,8608,138.68633787722013
SEGURO,8609,139.8144467812346
SEGURO,8610,151.5805016219958
SEGURO,8611,147.9605666037645
SEGURO,8612,150.36414182506704
SEGURO,8613,141.7581138848759
SEGURO,8614,150.51827412484707
SEGURO,8615,150.42875859286679
SEGURO,8616,143.8864835979231
SEGURO,8617,141.3965116293778
SEGURO,8618,145.49540374374402
SEGURO,8619,132.6423814441294
SEGURO,8620,162.72026014686514
SEGURO,8621,152.02761163145811
SEGURO,8622,149.38679543344006
SEGURO,8623,148.83327110414578
SEGURO,8624,149.48427974232146
SEGURO,8625,146.76505412033612
SEGURO,8626,153.23021828853683
SEGURO,8627,138.56480046865664
SEGURO,8628,153.66130209550101
SEGURO,8629,141.21894368759547
SEGURO,8630,150.15566861699787
SEGURO,8631,152.5868153889618
SEGURO,8632,150.37354290898008
SEGURO,8633,157.26685107543832
SEGURO,8634,150.11698058795358
SEGURO,8635,142.47949560728293
SEGURO,8636,161.69846723132505
SEGURO,8637,137.82242060619276
SEGURO,8638,150.29472196371853
SEGURO,8639,147.1312698493715
SEGURO,8640,160.56065891401863
SEGURO,8641,160.1095691517269
SEGURO,8642,137.13511752825556
SEGURO,8643,167.11278399234
SEGURO,8644,138.25496819671253
SEGURO,8645,161.47931664521766
SEGURO,8646,136.75441011323508
SEGURO,8647,158.98564106470164
SEGURO,8648,158.5198370606961
SEGURO,8649,148.59496930474407
SEGURO,8650,157.48302634775914
SEGURO,8651,149.93475440731277
SEGURO,8652,155.2715776265048
SEGURO,8653,150.53201226837132
SEGURO,8654,163.68673997761354
SEGURO,8655,143.60627165234757
SEGURO,8656,132.28338599701178
SEGURO,8657,171.7605856772053
SEGURO,8658,153.39683258552407
SEGURO,8659,132.47156662294174
SEGURO,8660,156.55395813034366
SEGURO,8661,151.60518106012518
SEGURO,8662,149.36813298963452
SEGURO,8663,155.43945277931837
SEGURO,8664,154.15541414288873
SEGURO,8665,148.79836546434242
SEGURO,8666,159.64248740902963
SEGURO,8667,165.12716433721258
SEGURO,8668,153.15235834852123
SEGURO,8669,157.89627488722385
SEGURO,8670,139.03167838841972
SEGURO,8671,147.76958318281237
SEGURO,8672,154.37150052773126
SEGURO,8673,161.5261669933699
SEGURO,8674,160.59343642716485
SEGURO,8675,148.64761902635564
SEGURO,8676,142.57054842598947
SEGURO,8677,165.0598503355115
SEGURO,8678,166.65343578376252
SEGURO,8679,155.19346170594508
SEGURO,8680,158.12185125106748
SEGURO,8681,155.76065754584968
SEGURO,8682,157.48416616976553
SEGURO,8683,147.7085713788358
SEGURO,8684,151.83589424834847
SEGURO,8685,152.22933422823795
SEGURO,8686,164.27381566526049
SEGURO,8687,136.7913035170406
SEGURO,8688,148.65805964338026
SEGURO,8689,149.42504327115176
SEGURO,8690,149.28308393223932
SEGURO,8691,156.5992676268356
SEGURO,8692,143.74382152104204
SEGURO,8693,172.57509991509664
SEGURO,8694,146.0660711454381
SEGURO,8695,161.13742398409627
SEGURO,8696,150.18146531129926
SEGURO,8697,137.07923881992684
SEGURO,8698,162.1958337300922
SEGURO,8699,151.8568230567427
SEGURO,8700,150.4282051032033
SEGURO,8701,146.2897139696072
SEGURO,8702,162.1119437246569
SEGURO,8703,160.36761535132183
SEGURO,8704,149.5415232779329
SEGURO,8705,152.2465542461597
SEGURO,8706,169.70911203614028
SEGURO,8707,152.51395379126038
SEGURO,8708,141.95940801521766
SEGURO,8709,148.8273760420169
SEGURO,8710,150.17421364842585
SEGURO,8711,152.7762189113458
SEGURO,8712,168.31776232840485
SEGURO,8713,134.59247532300674
SEGURO,8714,163.52823342032875
SEGURO,8715,161.0834253488043
SEGURO,8716,162.85950908876742
SEGURO,8717,145.9283365095513
SEGURO,8718,165.66373780260133
SEGURO,8719,162.30127901860521
SEGURO,8720,157.91570725164172
SEGURO,8721,138.1805972292284
SEGURO,8722,157.0240354005048
SEGURO,8723,152.7350518074551
SEGURO,8724,151.6724469516779
SEGURO,8725,141.3221332300288
SEGURO,8726,137.4109204780967
SEGURO,8727,154.26804928038604
SEGURO,8728,149.16941083690955
SEGURO,8729,150.4397343159596
SEGURO,8730,149.2459119321776
SEGURO,8731,153.14038821035837
SEGURO,8732,163.30739541085302
SEGURO,8733,139.79365150954155
SEGURO,8734,150.20578179116558
SEGURO,8735,166.52675056589104
SEGURO,8736,129.96870497016968
SEGURO,8737,153.32302157542267
SEGURO,8738,155.35134157928286
SEGURO,8739,145.60994088796483
SEGURO,8740,153.1339323769747
SEGURO,8741,168.79159012346148
SEGURO,8742,149.04212086025012
SEGURO,8743,171.71793960413873
SEGURO,8744,167.84306580993768
SEGURO,8745,158.3267679067869
SEGURO,8746,143.12749362095596
SEGURO,8747,165.48477402156115
SEGURO,8748,152.53998937562906
SEGURO,8749,145.67976839246012
SEGURO,8750,159.4333145949413
SEGURO,8751,144.2905456005173
SEGURO,8752,164.32035665409614
SEGURO,8753,140.30198350820334
SEGURO,8754,137.51046666563556
SEGURO,8755,148.6607345794587
SEGURO,8756,169.05803155528665
SEGURO,8757,142.70054676939543
SEGURO,8758,156.51697928536555
SEGURO,8759,156.04861385482513
SEGURO,8760,157.5592043610569
SEGURO,8761,148.15242107857506
SEGURO,8762,167.21819699257884
SEGURO,8763,154.28814521763366
SEGURO,8764,154.74579583021082
SEGURO,8765,155.45380805436136
SEGURO,8766,144.98812075538416
SEGURO,8767,154.45055854584007
SEGURO,8768,143.24727823000939
SEGURO,8769,150.70543263874362
SEGURO,8770,171.42916954144707
SEGURO,8771,139.00864060575378
SEGURO,8772,156.36555895377683
SEGURO,8773,171.17540923641005
SEGURO,8774,163.17180406075403
SEGURO,8775,160.92934599072575
SEGURO,8776,158.60931578860456
SEGURO,8777,155.04878096319504
SEGURO,8778,152.3895661901491
SEGURO,8779,152.59556803510867
SEGURO,8780,148.9337209371435
SEGURO,8781,141.7439980553488
SEGURO,8782,168.66457267615456
SEGURO,8783,131.31026131541327
SEGURO,8784,155.44036103646354
SEGURO,8785,143.99882830272986
SEGURO,8786,145.7114611698289
SEGURO,8787,132.03539610854992
SEGURO,8788,148.62946764383852
SEGURO,8789,154.99339264127892
SEGURO,8790,144.20270105611306
SEGURO,8791,160.36893874108029
SEGURO,8792,155.72676875115212
SEGURO,8793,149.02538958195535
SEGURO,8794,161.19091965390814
SEGURO,8795,145.52705132048933
SEGURO,8796,122.52671372752667
SEGURO,8797,162.03072383418626
SEGURO,8798,143.18653546463312
SEGURO,8799,162.80588986617178
SEGURO,8800,158.30065036057562
SEGURO,8801,158.93538210242744
SEGURO,8802,155.48820121348422
SEGURO,8803,145.54271600515014
SEGURO,8804,170.0644376840247
SEGURO,8805,154.58701302688314
SEGURO,8806,148.25729348876126
SEGURO,8807,150.61889335502605
SEGURO,8808,158.09867528806421
SEGURO,8809,145.92746512147085
SEGURO,8810,147.8778984272182
SEGURO,8811,147.23053168373627
SEGURO,8812,156.16485808233588
SEGURO,8813,163.9463280313173
SEGURO,8814,146.50496440336377
SEGURO,8815,155.96847005404538
SEGURO,8816,145.3012477468933
SEGURO,8817,159.9272024459645
SEGURO,8818,143.25118388567694
SEGURO,8819,156.82928588119046
SEGURO,8820,159.45616447160327
SEGURO,8821,155.89796989886335
SEGURO,8822,142.15888150620816
SEGURO,8823,158.37499423828092
SEGURO,8824,168.34955439936948
SEGURO,8825,154.20846379790208
SEGURO,8826,146.07572327822265
SEGURO,8827,153.62655384004523
SEGURO,8828,145.42751055666983
SEGURO,8829,144.78426149287614
SEGURO,8830,147.67131284714338
SEGURO,8831,158.14897345577012
SEGURO,8832,164.50925804795145
SEGURO,8833,143.80817008721775
SEGURO,8834,152.37031026960184
SEGURO,8835,161.41523416013538
SEGURO,8836,162.21378298659857
SEGURO,8837,157.02411473701142
SEGURO,8838,147.2034484812828
SEGURO,8839,148.26251553051773
SEGURO,8840,152.78759198656815
SEGURO,8841,154.15807649976327
SEGURO,8842,139.71471384174663
SEGURO,8843,145.39629036106484
SEGURO,8844,157.42805923388775
SEGURO,8845,168.36837889420994
SEGURO,8846,151.78899811654097
SEGURO,8847,149.30359063572445
SEGURO,8848,162.73500693981458
SEGURO,8849,168.52094595002708
SEGURO,8850,159.8302382763716
SEGURO,8851,146.03830804036292
SEGURO,8852,158.7033350975945
SEGURO,8853,142.86265449064092
SEGURO,8854,163.0460807459549
SEGURO,8855,154.80474271796203
SEGURO,8856,144.45562530676148
SEGURO,8857,145.60122506871826
SEGURO,8858,159.63191847716953
SEGURO,8859,142.2305312315747
SEGURO,8860,161.32969875076117
SEGURO,8861,147.2759466153604
SEGURO,8862,157.28025385612
SEGURO,8863,153.5428921074014
SEGURO,8864,160.3529580087869
SEGURO,8865,140.91470972436395
SEGURO,8866,155.35703283351037
SEGURO,8867,154.7359011305132
SEGURO,8868,175.4765175006132
SEGURO,8869,149.1159534837013
SEGURO,8870,147.28602870479517
SEGURO,8871,156.00311959325475
SEGURO,8872,146.637875669205
SEGURO,8873,137.57916039917063
SEGURO,8874,165.58189235771977
SEGURO,8875,156.1231730056711
SEGURO,8876,150.4488464405507
SEGURO,8877,143.22963761343584
SEGURO,8878,168.36071966519356
SEGURO,8879,136.37229786854098
SEGURO,8880,149.79065300313252
SEGURO,8881,164.52470084309078
SEGURO,8882,151.5701140054257
SEGURO,8883,153.26012416124294
SEGURO,8884,175.28903803577768
SEGURO,8885,158.17051992849684
SEGURO,8886,162.12529097150323
SEGURO,8887,154.52538838763107
SEGURO,8888,149.58988643957758
SEGURO,8889,143.5305159477618
SEGURO,8890,146.75584793679235
SEGURO,8891,150.10665042760473
SEGURO,8892,160.2198458326469
SEGURO,8893,150.01854911543066
SEGURO,8894,149.36427933643313
SEGURO,8895,161.65905836393893
SEGURO,8896,154.4795496825588
SEGURO,8897,159.9889187695312
SEGURO,8898,156.1592255421089
SEGURO,8899,151.9476698393412
SEGURO,8900,159.08296406218824
SEGURO,8901,143.0119352881918
SEGURO,8902,154.07298067715078
SEGURO,8903,149.53191381152854
SEGURO,8904,162.0577909076239
SEGURO,8905,158.01951733353084
SEGURO,8906,164.536795914995
SEGURO,8907,154.6396838696524
SEGURO,8908,168.08699882660994
SEGURO,8909,159.2066517875905
SEGURO,8910,150.21797812690414
SEGURO,8911,160.59957004822445
SEGURO,8912,159.7987100511948
SEGURO,8913,152.2879199038562
SEGURO,8914,150.79518694122277
SEGURO,8915,158.3655453920106
SEGURO,8916,157.78520116348008
SEGURO,8917,146.95140191879636
SEGURO,8918,156.68303057619266
SEGURO,8919,139.88679768014381
SEGURO,8920,145.75987691131292
SEGURO,8921,141.38152321303676
SEGURO,8922,155.23828527387633
SEGURO,8923,154.24019617315548
SEGURO,8924,164.55508840724917
SEGURO,8925,149.1038455002324
SEGURO,8926,154.2687925410112
SEGURO,8927,162.63485884814958
SEGURO,8928,158.35644060261063
SEGURO,8929,149.1558443592191
SEGURO,8930,155.81279871141933
SEGURO,8931,160.8566082433539
SEGURO,8932,179.2438065524916
SEGURO,8933,162.37459901181106
SEGURO,8934,149.23800455009868
SEGURO,8935,163.67403347789624
SEGURO,8936,128.38666418188046
SEGURO,8937,153.76416438862475
SEGURO,8938,168.21382044504088
SEGURO,8939,156.48576867491397
SEGURO,8940,180.7165183536071
SEGURO,8941,156.22818824249092
SEGURO,8942,153.2583722005244
SEGURO,8943,149.11901522649057
SEGURO,8944,149.5929896623864
SEGURO,8945,130.15245195681956
SEGURO,8946,154.58606261728877
SEGURO,8947,154.9894146927385
SEGURO,8948,154.17758650384943
SEGURO,8949,136.61584228892573
SEGURO,8950,148.1193079664071
SEGURO,8951,143.21178121627565
SEGURO,8952,157.1333473888384
SEGURO,8953,158.5071395730497
SEGURO,8954,156.96433990101357
SEGURO,8955,144.01940095292116
SEGURO,8956,161.49016406000703
SEGURO,8957,136.30361609955006
SEGURO,8958,157.63554184174015
SEGURO,8959,152.13405489214912
SEGURO,8960,140.12121038448964
SEGURO,8961,156.27781467316993
SEGURO,8962,148.55187261883364
SEGURO,8963,151.17910331149028
SEGURO,8964,150.57203246013788
SEGURO,8965,145.22944760998263
SEGURO,8966,133.72012268845435
SEGURO,8967,158.0595693425867
SEGURO,8968,150.28912846733593
SEGURO,8969,137.41785890593079
SEGURO,8970,156.7889581387086
SEGURO,8971,157.86525815637592
SEGURO,8972,146.00357596541346
SEGURO,8973,162.74920956391622
SEGURO,8974,163.4614044811019
SEGURO,8975,145.73354197434773
SEGURO,8976,159.03418780170395
SEGURO,8977,148.26234846237736
SEGURO,8978,141.80789328356917
SEGURO,8979,139.0741021535071
SEGURO,8980,158.20900768163347
SEGURO,8981,134.88213675244742
SEGURO,8982,142.33517900898295
SEGURO,8983,142.13326943325018
SEGURO,8984,148.97207565973864
SEGURO,8985,169.27957843053417
SEGURO,8986,145.7471469879446
SEGURO,8987,151.84018742313302
SEGURO,8988,134.68260980587155
SEGURO,8989,136.03378725354503
SEGURO,8990,157.39739100936742
SEGURO,8991,144.53196495505767
SEGURO,8992,165.8253539451423
SEGURO,8993,146.21336364435734
SEGURO,8994,151.44856348817547
SEGURO,8995,167.45275616434108
SEGURO,8996,155.53426656863633
SEGURO,8997,143.36729801288982
SEGURO,8998,152.97589141638014
SEGURO,8999,156.42123298333425
SEGURO,9000,144.71848280079374
SEGURO,9001,135.91500535388866
SEGURO,9002,154.41675619113477
SEGURO,9003,154.30559162752263
SEGURO,9004,157.49360342576057
SEGURO,9005,146.56974993747536
SEGURO,9006,162.94506882511777
SEGURO,9007,155.1863236226226
SEGURO,9008,152.5934680985795
SEGURO,9009,132.32314400188153
SEGURO,9010,159.56076091218642
SEGURO,9011,142.98556781350158
SEGURO,9012,153.07134753916762
SEGURO,9013,135.78849874712424
SEGURO,9014,171.9792189920085
SEGURO,9015,151.74364709487196
SEGURO,9016,160.6979541458444
SEGURO,9017,146.64871366305263
SEGURO,9018,138.4660254028973
SEGURO,9019,148.60219885485913
SEGURO,9020,157.96363889853572
SEGURO,9021,162.27215063684034
SEGURO,9022,149.19268863235897
SEGURO,9023,157.04561371819435
SEGURO,9024,155.9388595788531
SEGURO,9025,155.60619555608605
SEGURO,9026,151.08397354307317
SEGURO,9027,151.4552271166986
SEGURO,9028,146.52227887652492
SEGURO,9029,157.0207444140799
SEGURO,9030,151.7213285850476
SEGURO,9031,151.48948649185436
SEGURO,9032,150.35016394356836
SEGURO,9033,158.76518094997886
SEGURO,9034,152.43555626370636
SEGURO,9035,143.8323081712208
SEGURO,9036,172.88764730582338
SEGURO,9037,142.93088624901472
SEGURO,9038,159.71438997653078
SEGURO,9039,148.10775833992366
SEGURO,9040,148.9740876997994
SEGURO,9041,137.24620144385685
SEGURO,9042,131.56916611060785
SEGURO,9043,156.6949774486252
SEGURO,9044,149.7951847392998
SEGURO,9045,137.00055219749115
SEGURO,9046,143.20166526755347
SEGURO,9047,148.8172751006745
SEGURO,9048,165.0315736037619
SEGURO,9049,154.88704134466062
SEGURO,9050,170.87074837516758
SEGURO,9051,154.03677436394912
SEGURO,9052,158.71978858274417
SEGURO,9053,155.92024240611906
SEGURO,9054,147.904230156453
SEGURO,9055,156.6548442931783
SEGURO,9056,134.81154555811304
SEGURO,9057,164.9805105643365
SEGURO,9058,156.00281534213642
SEGURO,9059,160.95945513223796
SEGURO,9060,152.06144520905582
SEGURO,9061,176.87389383314718
SEGURO,9062,150.90813943887093
SEGURO,9063,171.21509999247425
SEGURO,9064,138.38422764422947
SEGURO,9065,157.75455407193903
SEGURO,9066,147.32176288637908
SEGURO,9067,151.144997199704
SEGURO,9068,164.78831423752024
SEGURO,9069,153.9761083321591
SEGURO,9070,150.41043910764836
SEGURO,9071,174.13347284887467
SEGURO,9072,154.54306579645367
SEGURO,9073,141.20734447957955
SEGURO,9074,175.19739348973926
SEGURO,9075,162.61403255249635
SEGURO,9076,158.75899293706829
SEGURO,9077,165.40669194420053
SEGURO,9078,143.74466103320302
SEGURO,9079,156.74982554384323
SEGURO,9080,143.91631299254178
SEGURO,9081,178.65436313379905
SEGURO,9082,153.35962199310984
SEGURO,9083,146.08452865455826
SEGURO,9084,153.23629539032336
SEGURO,9085,155.847624930884
SEGURO,9086,150.76565575432144
SEGURO,9087,153.88531579489234
SEGURO,9088,169.69605139192117
SEGURO,9089,147.1208459488943
SEGURO,9090,149.80691582864898
SEGURO,9091,136.92247967972935
SEGURO,9092,158.97372947540836
SEGURO,9093,155.06084906884988
SEGURO,9094,149.14027232883245
SEGURO,9095,144.26259221963895
SEGURO,9096,149.45449218015483
SEGURO,9097,138.39837420721867
SEGURO,9098,143.5074769669554
SEGURO,9099,153.36502792074856
SEGURO,9100,160.998105612667
SEGURO,9101,151.32008760901232
SEGURO,9102,151.44912963321656
SEGURO,9103,141.35296864156425
SEGURO,9104,157.86513909941044
SEGURO,9105,139.0615424684703
SEGURO,9106,153.05333016950667
SEGURO,9107,159.10229887515328
SEGURO,9108,155.4949201695414
SEGURO,9109,162.30155452940954
SEGURO,9110,165.80332211119804
SEGURO,9111,147.06207909014876
SEGURO,9112,154.46213795285433
SEGURO,9113,163.16684938343317
SEGURO,9114,154.33062865815617
SEGURO,9115,161.55719741351135
SEGURO,9116,139.71898457622618
SEGURO,9117,139.58288862986487
SEGURO,9118,150.08916723257738
SEGURO,9119,162.43218179561944
SEGURO,9120,160.9876938879395
SEGURO,9121,163.34989582506157
SEGURO,9122,153.82950857293352
SEGURO,9123,152.08454245568453
SEGURO,9124,167.5180503536549
SEGURO,9125,162.72601176944968
SEGURO,9126,154.64341700111095
SEGURO,9127,159.85866170950763
SEGURO,9128,163.72874047533855
SEGURO,9129,168.48979924872174
SEGURO,9130,148.9016346006916
SEGURO,9131,166.3190415355039
SEGURO,9132,153.8784302903413
SEGURO,9133,135.2571886551857
SEGURO,9134,158.31867923268007
SEGURO,9135,161.69799133903754
SEGURO,9136,157.5278189139317
SEGURO,9137,152.97480578958488
SEGURO,9138,167.48912461029863
SEGURO,9139,144.9754957547558
SEGURO,9140,155.70206645525062
SEGURO,9141,156.755913774412
SEGURO,9142,168.16668548186533
SEGURO,9143,157.9962372106206
SEGURO,9144,171.1779735906053
SEGURO,9145,147.708628896851
SEGURO,9146,166.1841316928016
SEGURO,9147,145.89911212210836
SEGURO,9148,150.25653139336555
SEGURO,9149,163.86315291723588
SEGURO,9150,166.57101926808647
SEGURO,9151,149.47283251772953
SEGURO,9152,149.82394384198125
SEGURO,9153,140.1039889860732
SEGURO,9154,163.30776509378163
SEGURO,9155,168.5756484316945
SEGURO,9156,157.75481414541895
SEGURO,9157,165.73569371163862
SEGURO,9158,147.4033173376378
SEGURO,9159,150.78031473620985
SEGURO,9160,160.60120118690222
SEGURO,9161,137.1176471060855
SEGURO,9162,141.60331380074504
SEGURO,9163,140.90764959258908
SEGURO,9164,146.51652501438986
SEGURO,9165,151.773894332639
SEGURO,9166,153.36311479012383
SEGURO,9167,167.84631591166678
SEGURO,9168,154.92196705186421
SEGURO,9169,158.33118473344382
SEGURO,9170,151.92815148757475
SEGURO,9171,146.12728860238937
SEGURO,9172,154.71565823628669
SEGURO,9173,155.74303068170158
SEGURO,9174,149.73069465094028
SEGURO,9175,164.14210126160108
SEGURO,9176,154.30649852868265
SEGURO,9177,154.53704168030683
SEGURO,9178,147.25984966899344
SEGURO,9179,145.3265578146323
SEGURO,9180,157.80146317395597
SEGURO,9181,155.59701372796368
SEGURO,9182,161.92574811704407
SEGURO,9183,163.58961625237254
SEGURO,9184,154.2680628268895
SEGURO,9185,151.87354746794065
SEGURO,9186,140.32434563137295
SEGURO,9187,161.72944237265176
SEGURO,9188,156.1474174449615
SEGURO,9189,137.1206377722204
SEGURO,9190,146.17574954305303
SEGURO,9191,144.96468594949985
SEGURO,9192,143.45833312295483
SEGURO,9193,163.33304848759013
SEGURO,9194,160.22307108796136
SEGURO,9195,143.0234097220307
SEGURO,9196,148.18649888394697
SEGURO,9197,142.85622991185718
SEGURO,9198,153.58555652524248
SEGURO,9199,165.04832212591228
SEGURO,9200,158.35176610361682
SEGURO,9201,155.22525909653567
SEGURO,9202,153.2128107407133
SEGURO,9203,143.86866788677528
SEGURO,9204,161.78434985000047
SEGURO,9205,158.29211818231684
SEGURO,9206,140.68536191605293
SEGURO,9207,169.53668886202507
SEGURO,9208,163.75095264983983
SEGURO,9209,156.06638410247444
SEGURO,9210,150.33895022107265
SEGURO,9211,141.23025360896483
SEGURO,9212,171.5484971715351
SEGURO,9213,155.9892807759829
SEGURO,9214,137.14063408582828
SEGURO,9215,162.89899995726716
SEGURO,9216,148.75117132373552
SEGURO,9217,159.79374287623483
SEGURO,9218,162.77527963337144
SEGURO,9219,144.58913250672168
SEGURO,9220,139.52231169099454
SEGURO,9221,151.2555966356986
SEGURO,9222,152.70107384902903
SEGURO,9223,153.2871193234498
SEGURO,9224,139.0457542309529
SEGURO,9225,150.7000639795036
SEGURO,9226,149.01947076233833
SEGURO,9227,156.58861165815216
SEGURO,9228,143.51334004765326
SEGURO,9229,142.14840458379646
SEGURO,9230,156.77866625842637
SEGURO,9231,167.00012654225952
SEGURO,9232,148.9323617786758
SEGURO,9233,161.56207054345722
SEGURO,9234,152.343222211995
SEGURO,9235,143.0919882897753
SEGURO,9236,152.90909976528275
SEGURO,9237,132.0006682621917
SEGURO,9238,144.43948962120118
SEGURO,9239,160.02353720977956
SEGURO,9240,140.98640633431407
SEGURO,9241,143.79272996403387
SEGURO,9242,167.48337827605218
SEGURO,9243,143.971573846027
SEGURO,9244,158.11517314320267
SEGURO,9245,151.48926883390018
SEGURO,9246,161.40469108767127
SEGURO,9247,153.14306759132901
SEGURO,9248,136.5251230574496
SEGURO,9249,142.3008169493645
SEGURO,9250,167.543967925284
SEGURO,9251,152.4709110771118
SEGURO,9252,143.77097426072552
SEGURO,9253,138.3653124224638
SEGURO,9254,148.83802657577425
SEGURO,9255,153.86342596561298
SEGURO,9256,150.04277032137435
SEGURO,9257,147.7994300781139
SEGURO,9258,137.60982354419713
SEGURO,9259,159.89645577307758
SEGURO,9260,165.10852594644115
SEGURO,9261,146.36138107486295
SEGURO,9262,152.1295352120605
SEGURO,9263,142.19871357981347
SEGURO,9264,160.77949680919164
SEGURO,9265,151.50876718956695
SEGURO,9266,136.21368346539933
SEGURO,9267,148.65156393899002
SEGURO,9268,144.6819123558322
SEGURO,9269,151.91024375919886
SEGURO,9270,149.2301199029559
SEGURO,9271,166.14640917783586
SEGURO,9272,165.31036255048747
SEGURO,9273,170.83942639061524
SEGURO,9274,148.354322178159
SEGURO,9275,146.3458714774861
SEGURO,9276,150.52511031936893
SEGURO,9277,143.9628440096082
SEGURO,9278,152.47897805693762
SEGURO,9279,159.95905472952384
SEGURO,9280,153.57694611235135
SEGURO,9281,143.56742787016762
SEGURO,9282,137.28105620540072
SEGURO,9283,167.3657245114352
SEGURO,9284,164.9604915869395
SEGURO,9285,162.46569272867163
SEGURO,9286,148.36882462063735
SEGURO,9287,140.7758153997801
SEGURO,9288,140.30831519553772
SEGURO,9289,147.44062185304912
SEGURO,9290,152.88347709249166
SEGURO,9291,163.48294606561794
SEGURO,9292,151.080236733853
SEGURO,9293,150.98080048910327
SEGURO,9294,145.08560599455302
SEGURO,9295,140.15660563992392
SEGURO,9296,133.7013634619272
SEGURO,9297,164.27462838973656
SEGURO,9298,152.92785788360789
SEGURO,9299,148.53626759168094
SEGURO,9300,154.36808324459088
SEGURO,9301,157.47510192537106
SEGURO,9302,144.8612731184491
SEGURO,9303,159.70973256022833
SEGURO,9304,159.806471156108
SEGURO,9305,158.4506539083487
SEGURO,9306,157.2955042759238
SEGURO,9307,147.24932197738102
SEGURO,9308,157.289695717536
SEGURO,9309,140.69132113568318
SEGURO,9310,135.41936974294163
SEGURO,9311,157.0339216906359
SEGURO,9312,147.10123415047627
SEGURO,9313,160.94942326363005
SEGURO,9314,166.60626151510374
SEGURO,9315,139.98056969727645
SEGURO,9316,156.1345514382712
SEGURO,9317,145.3283262130571
SEGURO,9318,170.39506016194403
SEGURO,9319,152.97937531663686
SEGURO,9320,138.29803878832823
SEGURO,9321,163.67424759638263
SEGURO,9322,155.01594312650013
SEGURO,9323,171.27363510009516
SEGURO,9324,181.89440500848178
SEGURO,9325,155.84508240368086
SEGURO,9326,149.7673033768328
SEGURO,9327,147.16359904830344
SEGURO,9328,164.54270244961722
SEGURO,9329,153.13431986772875
SEGURO,9330,151.6348603714521
SEGURO,9331,166.9038078609143
SEGURO,9332,131.26960585853624
SEGURO,9333,154.28272539808071
SEGURO,9334,154.8230411080205
SEGURO,9335,144.77060130742987
SEGURO,9336,153.0920711099863
SEGURO,9337,150.74287160945806
SEGURO,9338,149.25069559340253
SEGURO,9339,146.04833239366852
SEGURO,9340,162.75653499990554
SEGURO,9341,156.27889003966212
SEGURO,9342,127.02953588003038
SEGURO,9343,152.36197433602788
SEGURO,9344,148.5750705853539
SEGURO,9345,161.58900314897903
SEGURO,9346,148.10846742101478
SEGURO,9347,145.94121217327833
SEGURO,9348,149.6809733571316
SEGURO,9349,135.026540688466
SEGURO,9350,151.59855951103322
SEGURO,9351,162.24040281785202
SEGURO,9352,124.44615837172883
SEGURO,9353,159.99716508003542
SEGURO,9354,154.92440256619227
SEGURO,9355,142.78828739834447
SEGURO,9356,162.10803083892844
SEGURO,9357,155.90561586758903
SEGURO,9358,162.4241758608802
SEGURO,9359,134.66005805400124
SEGURO,9360,145.77152000987385
SEGURO,9361,163.05374997331853
SEGURO,9362,168.06009068134043
SEGURO,9363,137.55307402508944
SEGURO,9364,151.43211571919406
SEGURO,9365,157.7152775809791
SEGURO,9366,147.04693620610644
SEGURO,9367,151.17583961120755
SEGURO,9368,155.9252224352798
SEGURO,9369,142.64327053245145
SEGURO,9370,155.1544406746425
SEGURO,9371,145.92709092452424
SEGURO,9372,153.8018255035116
SEGURO,9373,166.9485788947593
SEGURO,9374,139.14568395850168
SEGURO,9375,164.9434591628673
SEGURO,9376,165.31617964315956
SEGURO,9377,164.42705557040776
SEGURO,9378,151.93941731504358
SEGURO,9379,146.77531320089025
SEGURO,9380,145.58728423211429
SEGURO,9381,160.7430289615225
SEGURO,9382,152.68449814455946
SEGURO,9383,142.61219277270894
SEGURO,9384,144.8559114886142
SEGURO,9385,151.3875823980775
SEGURO,9386,153.39299084733122
SEGURO,9387,167.28085276251022
SEGURO,9388,155.72787640000774
SEGURO,9389,138.48396652322316
SEGURO,9390,151.99254588576542
SEGURO,9391,161.55132040837066
SEGURO,9392,142.52912614786993
SEGURO,9393,141.2041789552413
SEGURO,9394,153.82949095799594
SEGURO,9395,163.19686617340847
SEGURO,9396,151.1966092073557
SEGURO,9397,145.1440640444352
SEGURO,9398,139.9331255283583
SEGURO,9399,164.98691660204318
SEGURO,9400,160.6615552120575
SEGURO,9401,149.43349122467689
SEGURO,9402,134.68620832354918
SEGURO,9403,142.46862489401468
SEGURO,9404,145.85014257416555
SEGURO,9405,149.86284585274487
SEGURO,9406,161.66463778148741
SEGURO,9407,159.54158297404894
SEGURO,9408,143.95664637894393
SEGURO,9409,146.21004151060674
SEGURO,9410,159.7853495476826
SEGURO,9411,153.65523992427327
SEGURO,9412,153.0821790361481
SEGURO,9413,162.41561374460088
SEGURO,9414,161.05524570749768
SEGURO,9415,170.5928445487499
SEGURO,9416,151.81607000682732
SEGURO,9417,156.15922503289227
SEGURO,9418,157.57035206446534
SEGURO,9419,166.43121067920796
SEGURO,9420,162.5180931740399
SEGURO,9421,149.09178227159364
SEGURO,9422,164.98696384170856
SEGURO,9423,145.6648686586844
SEGURO,9424,147.76585419076852
SEGURO,9425,158.54463272409836
SEGURO,9426,160.53467175897345
SEGURO,9427,155.59306973166858
SEGURO,9428,152.51974626333293
SEGURO,9429,143.41740611480358
SEGURO,9430,172.261207728297
SEGURO,9431,163.69323514438057
SEGURO,9432,147.81909570553205
SEGURO,9433,143.31181636440664
SEGURO,9434,146.5879703900338
SEGURO,9435,156.4472533849401
SEGURO,9436,151.13456235799316
SEGURO,9437,159.17280505619374
SEGURO,9438,147.5917844771642
SEGURO,9439,153.82819449101314
SEGURO,9440,155.93711301739802
SEGURO,9441,154.01782860224694
SEGURO,9442,145.63697421526655
SEGURO,9443,146.99907891018086
SEGURO,9444,150.97570477471336
SEGURO,9445,160.19485457291432
SEGURO,9446,141.19886840682028
SEGURO,9447,169.77432175505308
SEGURO,9448,144.79845887160633
SEGURO,9449,131.53544965824278
SEGURO,9450,153.62018038981816
SEGURO,9451,170.01715998943425
SEGURO,9452,143.0523556980069
SEGURO,9453,155.22043087879297
SEGURO,9454,171.8370060417283
SEGURO,9455,164.9903649710431
SEGURO,9456,158.54951520514993
SEGURO,9457,153.0386902804742
SEGURO,9458,157.10772710838143
SEGURO,9459,155.43344476649898
SEGURO,9460,154.50769938842214
SEGURO,9461,149.31005796199616
SEGURO,9462,140.3214399053536
SEGURO,9463,156.18942136470062
SEGURO,9464,154.295273587606
SEGURO,9465,151.79902803823444
SEGURO,9466,148.42882210150194
SEGURO,9467,143.30744899979504
SEGURO,9468,153.1630386088844
SEGURO,9469,142.59169616786846
SEGURO,9470,155.54395373327287
SEGURO,9471,150.07631194948738
SEGURO,9472,145.36426939352856
SEGURO,9473,154.8553599192775
SEGURO,9474,160.54786715743236
SEGURO,9475,139.34756165048904
SEGURO,9476,145.0474668355346
SEGURO,9477,139.34266167855557
SEGURO,9478,149.84015874719898
SEGURO,9479,148.8030589264333
SEGURO,9480,165.85758999551254
SEGURO,9481,132.90048326214915
SEGURO,9482,161.70704004813138
SEGURO,9483,149.7746875573568
SEGURO,9484,164.44275356542687
SEGURO,9485,154.06134695139127
SEGURO,9486,164.51662366688026
SEGURO,9487,147.64752448498143
SEGURO,9488,161.70243582516824
SEGURO,9489,160.55428231283628
SEGURO,9490,147.29346920611235
SEGURO,9491,150.3207226346008
SEGURO,9492,147.3573696448334
SEGURO,9493,157.29184342476339
SEGURO,9494,164.01353677581534
SEGURO,9495,172.64125981622075
SEGURO,9496,155.98807284734784
SEGURO,9497,157.3477608169129
SEGURO,9498,156.71556320703064
SEGURO,9499,160.91145547610483
SEGURO,9500,162.63474156697364
SEGURO,9501,133.78178652017505
SEGURO,9502,165.6412177234765
SEGURO,9503,153.6038646806563
SEGURO,9504,144.48765787662984
SEGURO,9505,169.39922263543065
SEGURO,9506,156.2285225840779
SEGURO,9507,155.89997481121424
SEGURO,9508,168.75561134418857
SEGURO,9509,139.122011249563
SEGURO,9510,171.41330624209974
SEGURO,9511,163.91063745398696
SEGURO,9512,142.8340964988991
SEGURO,9513,153.16997404856852
SEGURO,9514,134.2838008499213
SEGURO,9515,143.44273067455867
SEGURO,9516,144.23783940218837
SEGURO,9517,153.17399609874548
SEGURO,9518,159.71499556207894
SEGURO,9519,151.8445951710606
SEGURO,9520,147.51275413547387
SEGURO,9521,123.94983192828721
SEGURO,9522,153.0068159536644
SEGURO,9523,160.92421966482038
SEGURO,9524,156.6016854566452
SEGURO,9525,151.2331375509473
SEGURO,9526,168.2539948734166
SEGURO,9527,152.66832287653637
SEGURO,9528,165.11015017480656
SEGURO,9529,136.77565794901196
SEGURO,9530,154.10056859132712
SEGURO,9531,145.57568965889703
SEGURO,9532,156.83323060798494
SEGURO,9533,158.09500967242172
SEGURO,9534,167.16262576390773
SEGURO,9535,151.49330145794056
SEGURO,9536,153.44450511320625
SEGURO,9537,149.4556237782527
SEGURO,9538,160.67047839957607
SEGURO,9539,144.65432060114293
SEGURO,9540,150.15171779083158
SEGURO,9541,141.46608246490138
SEGURO,9542,160.86958623392243
SEGURO,9543,149.1540903577714
SEGURO,9544,143.4537843572953
SEGURO,9545,154.96268970594605
SEGURO,9546,147.24421906973885
SEGURO,9547,157.562800753163
SEGURO,9548,129.58060515605453
SEGURO,9549,148.21531524200304
SEGURO,9550,155.2184458691721
SEGURO,9551,146.04065407591042
SEGURO,9552,167.0163549832743
SEGURO,9553,141.87117754612066
SEGURO,9554,153.48390327371055
SEGURO,9555,148.8133133774843
SEGURO,9556,154.2549777651247
SEGURO,9557,144.85318812768537
SEGURO,9558,175.21962881081495
SEGURO,9559,139.44702189831338
SEGURO,9560,158.01468559686433
SEGURO,9561,155.63792308718928
SEGURO,9562,164.37178849801154
SEGURO,9563,152.4254031479997
SEGURO,9564,149.67359020413812
SEGURO,9565,152.68188638542586
SEGURO,9566,146.88079218081708
SEGURO,9567,141.52272000582886
SEGURO,9568,136.07650196735716
SEGURO,9569,140.84813519780033
SEGURO,9570,161.52518547230355
SEGURO,9571,168.17248326964673
SEGURO,9572,146.15699461771118
SEGURO,9573,142.80223984715622
SEGURO,9574,161.66011230855875
SEGURO,9575,156.45544795534423
SEGURO,9576,165.02175463747648
SEGURO,9577,145.3729433029749
SEGURO,9578,155.87531581741388
SEGURO,9579,147.37464125689124
SEGURO,9580,156.94345518298587
SEGURO,9581,160.08405053601908
SEGURO,9582,151.7035699994995
SEGURO,9583,159.71420242150742
SEGURO,9584,161.42390921382315
SEGURO,9585,136.84983788386631
SEGURO,9586,156.72801011151006
SEGURO,9587,149.71636731914919
SEGURO,9588,155.23116341783924
SEGURO,9589,151.1082189303368
SEGURO,9590,175.45153998502408
SEGURO,9591,153.48181285953893
SEGURO,9592,154.49489008532845
SEGURO,9593,123.47957508710917
SEGURO,9594,156.02495628274633
SEGURO,9595,151.7180046404834
SEGURO,9596,147.1520786928975
SEGURO,9597,140.5040462260956
SEGURO,9598,146.7959114161799
SEGURO,9599,152.36586761000927
SEGURO,9600,143.15173111053554
SEGURO,9601,163.43779331270724
SEGURO,9602,154.41058980661376
SEGURO,9603,167.11309016937153
SEGURO,9604,151.8045614787287
SEGURO,9605,154.6330149370217
SEGURO,9606,155.9197645655754
SEGURO,9607,145.28081424388986
SEGURO,9608,125.15062297721111
SEGURO,9609,150.16729232863526
SEGURO,9610,152.8165006527943
SEGURO,9611,144.5347322941898
SEGURO,9612,142.71804101891138
SEGURO,9613,160.54214938992928
SEGURO,9614,174.32931140811303
SEGURO,9615,135.1170955764875
SEGURO,9616,158.31808385936964
SEGURO,9617,152.8293051859246
SEGURO,9618,159.18709084168972
SEGURO,9619,154.89698630747034
SEGURO,9620,159.2886594377248
SEGURO,9621,141.20845805778833
SEGURO,9622,158.7313698883896
SEGURO,9623,147.99126573365248
SEGURO,9624,157.1832951665627
SEGURO,9625,175.31074358471415
SEGURO,9626,145.5510058720112
SEGURO,9627,139.64090972277316
SEGURO,9628,155.05577944613117
SEGURO,9629,141.86886569010431
SEGURO,9630,161.6616946539463
SEGURO,9631,155.65425140732805
SEGURO,9632,153.1160781995949
SEGURO,9633,153.1142666210646
SEGURO,9634,156.06204056095612
SEGURO,9635,144.22214426627428
SEGURO,9636,154.33644799279867
SEGURO,9637,151.53000864663244
SEGURO,9638,147.8171280195786
SEGURO,9639,154.8470141534016
SEGURO,9640,159.92932510952144
SEGURO,9641,166.59188313523345
SEGURO,9642,147.2557422027071
SEGURO,9643,167.83664274405106
SEGURO,9644,157.00710602918522
SEGURO,9645,147.31568142264723
SEGURO,9646,141.77623485004307
SEGURO,9647,173.27833529569483
SEGURO,9648,165.34134152988267
SEGURO,9649,148.64250887999088
SEGURO,9650,150.9123893592182
SEGURO,9651,174.31039211779387
SEGURO,9652,160.19288575332234
SEGURO,9653,156.07426260989772
SEGURO,9654,149.49084151307238
SEGURO,9655,137.83778188718014
SEGURO,9656,154.9025152136501
SEGURO,9657,144.17262779278084
SEGURO,9658,149.09241996251401
SEGURO,9659,152.43012264933657
SEGURO,9660,158.03271770445104
SEGURO,9661,148.39725170310433
SEGURO,9662,155.08509714403664
SEGURO,9663,150.76936283652873
SEGURO,9664,171.3066642032626
SEGURO,9665,152.54345377628303
SEGURO,9666,150.52665710415488
SEGURO,9667,165.60853723952087
SEGURO,9668,170.13336745362594
SEGURO,9669,136.139825425896
SEGURO,9670,160.36552804440464
SEGURO,9671,136.66857720198507
SEGURO,9672,147.7889520371526
SEGURO,9673,164.50848339501854
SEGURO,9674,153.14129968963238
SEGURO,9675,153.83366884767426
SEGURO,9676,148.6135107836675
SEGURO,9677,145.21825222672413
SEGURO,9678,158.9739800795681
SEGURO,9679,153.93869760588976
SEGURO,9680,154.26628332744318
SEGURO,9681,168.59306281232776
SEGURO,9682,168.49803700633507
SEGURO,9683,139.90613128774126
SEGURO,9684,154.57862284313686
SEGURO,9685,144.46021549543335
SEGURO,9686,150.98860887834314
SEGURO,9687,146.11616581983176
SEGURO,9688,159.545237980915
SEGURO,9689,172.21146230241993
SEGURO,9690,162.11326550176923
SEGURO,9691,154.42651436950746
SEGURO,9692,159.77365054113164
SEGURO,9693,153.17027696514944
SEGURO,9694,159.15519278259882
SEGURO,9695,148.91662701305734
SEGURO,9696,141.27312060441562
SEGURO,9697,155.21123095511973
SEGURO,9698,161.12297289128648
SEGURO,9699,162.86680045641157
SEGURO,9700,151.19517568416325
SEGURO,9701,156.83294847167295
SEGURO,9702,147.01371283436964
SEGURO,9703,166.17398547330896
SEGURO,9704,133.3843745518411
SEGURO,9705,169.02026129941808
SEGURO,9706,150.14236083038747
SEGURO,9707,155.2130790830509
SEGURO,9708,133.9425313604956
SEGURO,9709,158.43695233432118
SEGURO,9710,152.39739648569022
SEGURO,9711,155.69489875506926
SEGURO,9712,133.53375343187898
SEGURO,9713,145.62383655119217
SEGURO,9714,154.2168103895745
SEGURO,9715,160.68259613992382
SEGURO,9716,155.37607638841632
SEGURO,9717,148.1959077199984
SEGURO,9718,142.20153814026366
SEGURO,9719,145.03022957955335
SEGURO,9720,150.35899302719037
SEGURO,9721,162.62251565232148
SEGURO,9722,145.85850426779757
SEGURO,9723,160.29614971132614
SEGURO,9724,148.12859407650004
SEGURO,9725,151.55902448311974
SEGURO,9726,157.64283316284892
SEGURO,9727,162.7335799123144
SEGURO,9728,154.5020500401074
SEGURO,9729,176.03095561195022
SEGURO,9730,163.34317613494082
SEGURO,9731,151.77519072930988
SEGURO,9732,166.86118012873365
SEGURO,9733,150.53430420882003
SEGURO,9734,157.18759823282073
SEGURO,9735,158.10578839913535
SEGURO,9736,162.52372998587708
SEGURO,9737,148.2714718815824
SEGURO,9738,157.5188298289813
SEGURO,9739,133.41495204360052
SEGURO,9740,141.25484132878523
SEGURO,9741,158.6395146917905
SEGURO,9742,138.57687860777838
SEGURO,9743,156.07238191167176
SEGURO,9744,142.05806852557882
SEGURO,9745,158.70092184600207
SEGURO,9746,146.7130960968416
SEGURO,9747,154.71440790283756
SEGURO,9748,153.63991616590627
SEGURO,9749,141.5761350849369
SEGURO,9750,153.33973947540946
SEGURO,9751,162.35694332046404
SEGURO,9752,146.14984413370834
SEGURO,9753,169.5031123494348
SEGURO,9754,144.72986614662085
SEGURO,9755,163.10945874109657
SEGURO,9756,143.18193975712362
SEGURO,9757,155.08774543565008
SEGURO,9758,152.69399921407376
SEGURO,9759,159.5833301594816
SEGURO,9760,147.9528190518953
SEGURO,9761,177.44409132184006
SEGURO,9762,138.5878646213664
SEGURO,9763,149.4862972337945
SEGURO,9764,171.57540679138143
SEGURO,9765,139.55320401601975
SEGURO,9766,146.99815208842452
SEGURO,9767,151.86486502628446
SEGURO,9768,149.4413180492507
SEGURO,9769,159.66414955796566
SEGURO,9770,145.6788708404629
SEGURO,9771,153.33749598998176
SEGURO,9772,155.20208459062235
SEGURO,9773,159.559588292247
SEGURO,9774,160.05937685123416
SEGURO,9775,149.62324151371158
SEGURO,9776,152.82515555375412
SEGURO,9777,148.92189616587967
SEGURO,9778,153.80308508067753
SEGURO,9779,154.43751278400404
SEGURO,9780,163.54989252555131
SEGURO,9781,160.17877010887392
SEGURO,9782,164.6446466994055
SEGURO,9783,151.94898352942633
SEGURO,9784,145.718786674196
SEGURO,9785,157.91904686589604
SEGURO,9786,153.54863245436786
SEGURO,9787,144.74427150972735
SEGURO,9788,169.47201436844648
SEGURO,9789,159.6560192886552
SEGURO,9790,160.8513012568832
SEGURO,9791,143.56320470537688
SEGURO,9792,164.33558826070754
SEGURO,9793,148.97717327192566
SEGURO,9794,154.85523810841252
SEGURO,9795,147.604931188828
SEGURO,9796,154.78793883328757
SEGURO,9797,151.85653778782572
SEGURO,9798,159.5918718642248
SEGURO,9799,152.03956927972132
SEGURO,9800,139.34883785594937
SEGURO,9801,157.52264127666515
SEGURO,9802,158.75077141919223
SEGURO,9803,158.56180251547158
SEGURO,9804,133.1104802741093
SEGURO,9805,144.01924505589352
SEGURO,9806,143.91832739824187
SEGURO,9807,160.26566742036488
SEGURO,9808,149.95181753201456
SEGURO,9809,160.946584181894
SEGURO,9810,141.34031003845428
SEGURO,9811,138.24746181377
SEGURO,9812,166.42446753740643
SEGURO,9813,147.68481079648916
SEGURO,9814,163.1209292538662
SEGURO,9815,150.32358600917397
SEGURO,9816,133.23075745093712
SEGURO,9817,144.99188495610255
SEGURO,9818,157.35550754597
SEGURO,9819,165.97037414914374
SEGURO,9820,138.0923579312304
SEGURO,9821,163.398892830757
SEGURO,9822,161.79213962836613
SEGURO,9823,149.90315057522716
SEGURO,9824,138.28338243259273
SEGURO,9825,155.24456799041067
SEGURO,9826,153.43656848290976
SEGURO,9827,154.2122364020232
SEGURO,9828,156.4828334282804
SEGURO,9829,155.53070340734368
SEGURO,9830,152.418301182791
SEGURO,9831,142.53144896537538
SEGURO,9832,155.99399342905065
SEGURO,9833,142.2810385223843
SEGURO,9834,146.51711783261194
SEGURO,9835,150.3648835311358
SEGURO,9836,149.92639220230427
SEGURO,9837,146.22294367275873
SEGURO,9838,140.03620581638052
SEGURO,9839,148.19649771677544
SEGURO,9840,154.85555312303373
SEGURO,9841,142.90626223830415
SEGURO,9842,156.48761147560822
SEGURO,9843,157.02394514581135
SEGURO,9844,144.20880431071535
SEGURO,9845,158.86181062984892
SEGURO,9846,166.3683874810411
SEGURO,9847,141.71602054020985
SEGURO,9848,154.1886817599077
SEGURO,9849,145.33984550014344
SEGURO,9850,173.17674434427823
SEGURO,9851,164.42326381650764
SEGURO,9852,154.56836956453
SEGURO,9853,146.75386510371547
SEGURO,9854,154.17074176629612
SEGURO,9855,165.60389564669927
SEGURO,9856,155.58772828185383
SEGURO,9857,158.45552089630377
SEGURO,9858,168.27864810053924
SEGURO,9859,145.43074361924633
SEGURO,9860,152.2395891491753
SEGURO,9861,147.1692498698147
SEGURO,9862,135.2191984706436
SEGURO,9863,143.58973791649498
SEGURO,9864,143.13936438475164
SEGURO,9865,151.91294154152394
SEGURO,9866,150.2057369480011
SEGURO,9867,158.22819119869337
SEGURO,9868,146.746929812436
SEGURO,9869,143.71242533635098
SEGURO,9870,150.06077836487074
SEGURO,9871,141.89490053558976
SEGURO,9872,140.7564406339515
SEGURO,9873,139.0754703898139
SEGURO,9874,145.85976461522156
SEGURO,9875,151.06322598106254
SEGURO,9876,156.05173746530647
SEGURO,9877,153.47428146577744
SEGURO,9878,141.58026902805375
SEGURO,9879,155.13866813847721
SEGURO,9880,153.88532435034915
SEGURO,9881,152.06021529543068
SEGURO,9882,153.44732713468053
SEGURO,9883,147.7757713508919
SEGURO,9884,147.89780886801697
SEGURO,9885,157.89586190640907
SEGURO,9886,147.65807808724392
SEGURO,9887,152.08712079763228
SEGURO,9888,136.99891107254598
SEGURO,9889,150.90420853864168
SEGURO,9890,148.9726883344425
SEGURO,9891,168.15570260898218
SEGURO,9892,148.4530979427098
SEGURO,9893,169.9600205886578
SEGURO,9894,164.30788527405247
SEGURO,9895,136.07850328291084
SEGURO,9896,157.22773596434826
SEGURO,9897,174.1067479771683
SEGURO,9898,175.43531172117892
SEGURO,9899,139.36536166002327
SEGURO,9900,165.6716885837324
SEGURO,9901,156.81348933207948
SEGURO,9902,150.835195098237
SEGURO,9903,158.09072904740313
SEGURO,9904,151.1202434537018
SEGURO,9905,151.38151477721004
SEGURO,9906,150.92604595560059
SEGURO,9907,154.76081871221044
SEGURO,9908,143.62593478377897
SEGURO,9909,159.83072293309937
SEGURO,9910,163.43636711990646
SEGURO,9911,163.16579643318232
SEGURO,9912,151.17239690829575
SEGURO,9913,165.87687816987503
SEGURO,9914,152.61837616468472
SEGURO,9915,165.11367287027616
SEGURO,9916,165.32900255722706
SEGURO,9917,158.80061791867277
SEGURO,9918,148.04468868201474
SEGURO,9919,141.4066502830322
SEGURO,9920,162.55407926418812
SEGURO,9921,160.2354302468403
SEGURO,9922,162.63298150891194
SEGURO,9923,168.76160687119975
SEGURO,9924,157.13703788466836
SEGURO,9925,146.60634503262898
SEGURO,9926,139.82985042379113
SEGURO,9927,151.468737869662
SEGURO,9928,153.9602647697277
SEGURO,9929,153.05775071976635
SEGURO,9930,154.160789651839
SEGURO,9931,151.83700382587983
SEGURO,9932,155.39967708208874
SEGURO,9933,158.1157374041894
SEGURO,9934,158.34168020661602
SEGURO,9935,148.16242537739453
SEGURO,9936,150.1911351498703
SEGURO,9937,169.28818421075513
SEGURO,9938,141.4909537468243
SEGURO,9939,156.2612535146396
SEGURO,9940,148.99125471083872
SEGURO,9941,140.03104508556865
SEGURO,9942,160.99973846846564
SEGURO,9943,151.42231322679964
SEGURO,9944,152.96985531301243
SEGURO,9945,163.53567580340024
SEGURO,9946,157.12070432703618
SEGURO,9947,163.43228478762347
SEGURO,9948,167.45046733157847
SEGURO,9949,158.93446510037248
SEGURO,9950,155.51224306064623
SEGURO,9951,149.05047572826214
SEGURO,9952,157.1861192726907
SEGURO,9953,147.56492432084895
SEGURO,9954,140.22454188636613
SEGURO,9955,153.7375626495135
SEGURO,9956,163.85806848068415
SEGURO,9957,145.1256801283685
SEGURO,9958,153.58612097847444
SEGURO,9959,166.82961245067466
SEGURO,9960,172.21456247555074
SEGURO,9961,140.48039752513924
SEGURO,9962,159.84724214245915
SEGURO,9963,154.39720259514425
SEGURO,9964,149.07572096886872
SEGURO,9965,159.43153316096667
SEGURO,9966,153.49514223702474
SEGURO,9967,159.84963256729307
SEGURO,9968,157.74303159708447
SEGURO,9969,166.80179730513166
SEGURO,9970,161.07478924530625
SEGURO,9971,150.63601687450736
SEGURO,9972,141.74195560690956
SEGURO,9973,130.58158941076755
SEGURO,9974,162.23984567137373
SEGURO,9975,151.38209701070855
SEGURO,9976,146.60830003311304
SEGURO,9977,151.47562922444715
SEGURO,9978,145.52437019109703
SEGURO,9979,145.34876210791708
SEGURO,9980,157.06613027168046
SEGURO,9981,156.38993683082967
SEGURO,9982,161.77371543539087
SEGURO,9983,151.09918906275672
SEGURO,9984,139.06266398487378
SEGURO,9985,172.69749510173244
SEGURO,9986,156.4869920744849
SEGURO,9987,157.30582742662912
SEGURO,9988,144.5025842432558
SEGURO,9989,151.93874833174493
SEGURO,9990,149.45739025557785
SEGURO,9991,158.3992514649191
SEGURO,9992,154.6349821828095
SEGURO,9993,151.01558331437832
SEGURO,9994,141.18880914104986
SEGURO,9995,155.170394068837
SEGURO,9996,170.85082833916226
SEGURO,9997,170.5883127406862
SEGURO,9998,168.77099975766114
SEGURO,9999,148.9008861731832
SEGURO,10000,161.22309505309101
INTERMEDIO,1,131.27389321294683
INTERMEDIO,2,129.42641519208485
INTERMEDIO,3,126.9257087921958
INTERMEDIO,4,128.0607034194095
INTERMEDIO,5,127.55125542052023
INTERMEDIO,6,143.59304967184082
INTERMEDIO,7,128.5372598080519
INTERMEDIO,8,146.4619213139276
INTERMEDIO,9,125.73526187886706
INTERMEDIO,10,152.2647879210738
INTERMEDIO,11,139.8333245811334
INTERMEDIO,12,131.33611754633571
INTERMEDIO,13,139.9667108830203
INTERMEDIO,14,142.4275593924715
INTERMEDIO,15,105.73024566064082
INTERMEDIO,16,144.7767353294024
INTERMEDIO,17,123.6384253714257
INTERMEDIO,18,143.74812468392741
INTERMEDIO,19,160.22891898734588
INTERMEDIO,20,141.2553152147969
INTERMEDIO,21,143.2067739242329
INTERMEDIO,22,145.93202426823845
INTERMEDIO,23,141.10366812899883
INTERMEDIO,24,124.26954109777293
INTERMEDIO,25,135.20500622091944
INTERMEDIO,26,160.2189651988999
INTERMEDIO,27,167.62221429105378
INTERMEDIO,28,124.64969982608315
INTERMEDIO,29,114.62257600831057
INTERMEDIO,30,151.09990129838556
INTERMEDIO,31,149.98276470694668
INTERMEDIO,32,133.94023748393178
INTERMEDIO,33,133.7189792934679
INTERMEDIO,34,142.92080743126976
INTERMEDIO,35,133.19764614063914
INTERMEDIO,36,140.43437439767774
INTERMEDIO,37,135.69105544113043
INTERMEDIO,38,138.31772858820958
INTERMEDIO,39,125.73721384731306
INTERMEDIO,40,129.9617237701688
INTERMEDIO,41,112.98107152498929
INTERMEDIO,42,127.1899736056162
INTERMEDIO,43,128.98958171960112
INTERMEDIO,44,128.65646449646957
INTERMEDIO,45,139.09075072343379
INTERMEDIO,46,118.23452613603268
INTERMEDIO,47,115.57888729337361
INTERMEDIO,48,137.44944435366529
INTERMEDIO,49,132.9570159951063
INTERMEDIO,50,142.95247570193206
INTERMEDIO,51,128.20379681095483
INTERMEDIO,52,132.6654696808526
INTERMEDIO,53,136.02910596652305
INTERMEDIO,54,122.69724544045677
INTERMEDIO,55,156.99414465473313
INTERMEDIO,56,133.41441589703322
INTERMEDIO,57,144.16016985392244
INTERMEDIO,58,169.27275830915755
INTERMEDIO,59,150.31216583425632
INTERMEDIO,60,118.46668678075171
INTERMEDIO,61,153.30080414026432
INTERMEDIO,62,162.6536125267017
INTERMEDIO,63,119.50962126651646
INTERMEDIO,64,145.66415786819408
INTERMEDIO,65,159.07305531836877
INTERMEDIO,66,125.52276780661691
INTERMEDIO,67,122.57620712105818
INTERMEDIO,68,112.77426378570816
INTERMEDIO,69,170.71799635814318
INTERMEDIO,70,146.1791544220922
INTERMEDIO,71,131.57404890818418
INTERMEDIO,72,126.28432703406662
INTERMEDIO,73,120.85305019873091
INTERMEDIO,74,149.58255171773766
INTERMEDIO,75,151.37605603143658
INTERMEDIO,76,121.80883174138519
INTERMEDIO,77,147.3829087897989
INTERMEDIO,78,131.27906212662577
INTERMEDIO,79,150.63037324148462
INTERMEDIO,80,139.69352894337763
INTERMEDIO,81,157.37023941291918
INTERMEDIO,82,154.98113015346007
INTERMEDIO,83,148.70112476626582
INTERMEDIO,84,162.55809821662123
INTERMEDIO,85,133.54787071548984
INTERMEDIO,86,154.0199488959818
INTERMEDIO,87,125.11446018181623
INTERMEDIO,88,144.10688368974456
INTERMEDIO,89,129.70283358217128
INTERMEDIO,90,137.49018812880732
INTERMEDIO,91,153.19254868858377
INTERMEDIO,92,140.78170420221022
INTERMEDIO,93,148.03900950378946
INTERMEDIO,94,118.14402312154056
INTERMEDIO,95,142.33119943222604
INTERMEDIO,96,114.94940319825895
INTERMEDIO,97,149.8202471349803
INTERMEDIO,98,143.5518490907291
INTERMEDIO,99,140.6076292409485
INTERMEDIO,100,133.32678709380724
INTERMEDIO,101,124.62903565659752
INTERMEDIO,102,110.51604494001182
INTERMEDIO,103,159.1683602635666
INTERMEDIO,104,145.72218487087034
INTERMEDIO,105,142.77260804710912
INTERMEDIO,106,153.02610948413218
INTERMEDIO,107,126.26511792249296
INTERMEDIO,108,141.68988295741954
INTERMEDIO,109,114.3074095736465
INTERMEDIO,110,139.5707778456882
INTERMEDIO,111,111.59439540435395
INTERMEDIO,112,144.58176462547308
INTERMEDIO,113,96.2446968071435
INTERMEDIO,114,113.29986756354143
INTERMEDIO,115,126.81793078043239
INTERMEDIO,116,161.51370028254163
INTERMEDIO,117,157.29699308720987
INTERMEDIO,118,150.32836437704825
INTERMEDIO,119,138.7779322044287
INTERMEDIO,120,118.69740425487254
INTERMEDIO,121,125.13822091017119
INTERMEDIO,122,118.6828608974673
INTERMEDIO,123,160.02720083740653
INTERMEDIO,124,115.05208722132983
INTERMEDIO,125,135.92758120414868
INTERMEDIO,126,143.95602378586844
INTERMEDIO,127,113.63386815378121
INTERMEDIO,128,136.54434535514136
INTERMEDIO,129,146.52056287567515
INTERMEDIO,130,116.64699425606767
INTERMEDIO,131,138.90974074548248
INTERMEDIO,132,140.8681023627947
INTERMEDIO,133,141.23067429554996
INTERMEDIO,134,146.7750588116762
INTERMEDIO,135,138.13438744221122
INTERMEDIO,136,133.95891051300174
INTERMEDIO,137,153.1674400373626
INTERMEDIO,138,108.68455833964866
INTERMEDIO,139,147.3704944994148
INTERMEDIO,140,117.02240240243201
INTERMEDIO,141,134.37619520301945
INTERMEDIO,142,139.71601160472443
INTERMEDIO,143,157.28553857610814
INTERMEDIO,144,140.4006666167761
INTERMEDIO,145,117.49800348032849
INTERMEDIO,146,138.90699302656375
INTERMEDIO,147,115.53260649938066
INTERMEDIO,148,149.98398892197278
INTERMEDIO,149,132.23041400245916
INTERMEDIO,150,157.81110940103272
INTERMEDIO,151,129.2004363583298
INTERMEDIO,152,143.46428479399196
INTERMEDIO,153,112.60289461897331
INTERMEDIO,154,134.5065326957359
INTERMEDIO,155,124.25473357010702
INTERMEDIO,156,153.00330413046441
INTERMEDIO,157,148.6283558593998
INTERMEDIO,158,145.9763328780922
INTERMEDIO,159,152.0275705201266
INTERMEDIO,160,137.10616222073565
INTERMEDIO,161,126.47740232574714
INTERMEDIO,162,123.42661892363489
INTERMEDIO,163,163.8951998801956
INTERMEDIO,164,139.61068132046555
INTERMEDIO,165,125.25740222043119
INTERMEDIO,166,157.6386573907569
INTERMEDIO,167,129.3110291273954
INTERMEDIO,168,136.46263013121413
INTERMEDIO,169,99.04109726409219
INTERMEDIO,170,140.23251268810992
INTERMEDIO,171,136.61156790801104
INTERMEDIO,172,150.26119772905184
INTERMEDIO,173,120.11745679873474
INTERMEDIO,174,156.3849270716275
INTERMEDIO,175,153.39254376661287
INTERMEDIO,176,156.0672618273471
INTERMEDIO,177,121.09184060894555
INTERMEDIO,178,125.31141421261036
INTERMEDIO,179,140.83737466108144
INTERMEDIO,180,154.3239795616272
INTERMEDIO,181,146.5737495451591
INTERMEDIO,182,150.24809366195916
INTERMEDIO,183,157.4070514176102
INTERMEDIO,184,125.78514525201153
INTERMEDIO,185,132.82627453822263
INTERMEDIO,186,131.42677964455726
INTERMEDIO,187,150.42541632797895
INTERMEDIO,188,161.479738474416
INTERMEDIO,189,133.7825561088159
INTERMEDIO,190,142.45881700115623
INTERMEDIO,191,125.88672981590335
INTERMEDIO,192,155.43005984520207
INTERMEDIO,193,131.2458766959573
INTERMEDIO,194,128.75034472378402
INTERMEDIO,195,125.38501588410216
INTERMEDIO,196,147.05309230979762
INTERMEDIO,197,124.41899899651483
INTERMEDIO,198,151.51148990361213
INTERMEDIO,199,134.07625840543813
INTERMEDIO,200,142.2967901942833
INTERMEDIO,201,138.91759192792205
INTERMEDIO,202,137.54863727557793
INTERMEDIO,203,138.33118403188402
INTERMEDIO,204,161.67592952212974
INTERMEDIO,205,135.7717901976692
INTERMEDIO,206,153.44926692873048
INTERMEDIO,207,123.24160275706093
INTERMEDIO,208,114.58259589331496
INTERMEDIO,209,111.29933960776154
INTERMEDIO,210,146.23536207927927
INTERMEDIO,211,119.00778389290963
INTERMEDIO,212,153.6042980049608
INTERMEDIO,213,139.337324125612
INTERMEDIO,214,152.63586366360536
INTERMEDIO,215,136.08192376071355
INTERMEDIO,216,105.02557249173906
INTERMEDIO,217,150.99182835573856
INTERMEDIO,218,133.1198382904296
INTERMEDIO,219,149.6685357947419
INTERMEDIO,220,138.5931322392926
INTERMEDIO,221,153.05536692347874
INTERMEDIO,222,166.21650166097217
INTERMEDIO,223,121.07477470627762
INTERMEDIO,224,136.80799344570016
INTERMEDIO,225,144.71325943969
INTERMEDIO,226,140.79176371322274
INTERMEDIO,227,159.11278760024314
INTERMEDIO,228,141.50439433983286
INTERMEDIO,229,138.9665342130041
INTERMEDIO,230,131.31446306840948
INTERMEDIO,231,168.73123764537036
INTERMEDIO,232,155.14270129247478
INTERMEDIO,233,134.35896957733289
INTERMEDIO,234,146.57473449863198
INTERMEDIO,235,143.6611282799291
INTERMEDIO,236,149.05373419739388
INTERMEDIO,237,134.0958500665723
INTERMEDIO,238,120.32526434855613
INTERMEDIO,239,142.2766638248157
INTERMEDIO,240,143.6773182772854
INTERMEDIO,241,125.39551241740142
INTERMEDIO,242,116.05135280649665
INTERMEDIO,243,142.2380371699086
INTERMEDIO,244,140.84535952409308
INTERMEDIO,245,139.1084264825021
INTERMEDIO,246,124.07998338444206
INTERMEDIO,247,140.47156301973138
INTERMEDIO,248,135.2658023060817
INTERMEDIO,249,132.88421130518913
INTERMEDIO,250,169.37265165506028
INTERMEDIO,251,145.78463776163292
INTERMEDIO,252,122.57963870429334
INTERMEDIO,253,182.96783315525676
INTERMEDIO,254,151.24785169342871
INTERMEDIO,255,136.51032452341173
INTERMEDIO,256,136.35747219634965
INTERMEDIO,257,122.79267948625439
INTERMEDIO,258,118.2007140613462
INTERMEDIO,259,138.6493699258743
INTERMEDIO,260,139.34160666128233
INTERMEDIO,261,138.68591551003067
INTERMEDIO,262,139.8938309596402
INTERMEDIO,263,140.23321479011466
INTERMEDIO,264,129.31801711314404
INTERMEDIO,265,135.82924239513858
INTERMEDIO,266,151.90117761106544
INTERMEDIO,267,141.22319010548665
INTERMEDIO,268,113.30250856841542
INTERMEDIO,269,129.42644873382852
INTERMEDIO,270,110.57811830129651
INTERMEDIO,271,138.00837033096698
INTERMEDIO,272,121.8277034667162
INTERMEDIO,273,123.29070146382557
INTERMEDIO,274,119.17957935336887
INTERMEDIO,275,110.16372201804194
INTERMEDIO,276,150.63394704077905
INTERMEDIO,277,151.03194256425044
INTERMEDIO,278,137.9987637274742
INTERMEDIO,279,132.33101517777567
INTERMEDIO,280,137.64855023195642
INTERMEDIO,281,136.84641620512684
INTERMEDIO,282,133.82020834075462
INTERMEDIO,283,128.51540610015414
INTERMEDIO,284,128.1709233931553
INTERMEDIO,285,132.99964957790777
INTERMEDIO,286,114.35259026442407
INTERMEDIO,287,147.82525078331014
INTERMEDIO,288,151.01423419475657
INTERMEDIO,289,154.52004522921288
INTERMEDIO,290,150.6898735513598
INTERMEDIO,291,127.40129351236047
INTERMEDIO,292,174.5501570758765
INTERMEDIO,293,146.36738194795055
INTERMEDIO,294,137.07100109218712
INTERMEDIO,295,111.07625225527379
INTERMEDIO,296,114.79104781408552
INTERMEDIO,297,138.35494285664376
INTERMEDIO,298,124.5290977070579
INTERMEDIO,299,158.14104732085622
INTERMEDIO,300,153.14312176784975
INTERMEDIO,301,151.45920038157993
INTERMEDIO,302,149.5634724171191
INTERMEDIO,303,148.4972935307134
INTERMEDIO,304,131.61046864428263
INTERMEDIO,305,127.74651243873274
INTERMEDIO,306,115.93632872470535
INTERMEDIO,307,124.02955184352818
INTERMEDIO,308,168.17394996129298
INTERMEDIO,309,124.725177845173
INTERMEDIO,310,129.9657391708875
INTERMEDIO,311,138.24472584483027
INTERMEDIO,312,135.3939387231845
INTERMEDIO,313,114.94205663837806
INTERMEDIO,314,152.64632186857605
INTERMEDIO,315,124.17320940741716
INTERMEDIO,316,143.43774899582743
INTERMEDIO,317,127.03288618634404
INTERMEDIO,318,146.49078329320542
INTERMEDIO,319,154.0517655637113
INTERMEDIO,320,153.602920902866
INTERMEDIO,321,122.821931824052
INTERMEDIO,322,127.89609441072542
INTERMEDIO,323,100.98658144807757
INTERMEDIO,324,143.82432669999568
INTERMEDIO,325,134.09038446119405
INTERMEDIO,326,136.11561571107936
INTERMEDIO,327,149.8513709447825
INTERMEDIO,328,109.67238657430107
INTERMEDIO,329,123.08815753845204
INTERMEDIO,330,122.44171960245689
INTERMEDIO,331,132.36290306829798
INTERMEDIO,332,161.13297399456016
INTERMEDIO,333,143.61331013235983
INTERMEDIO,334,155.5034977798382
INTERMEDIO,335,138.76663089334988
INTERMEDIO,336,135.8892185111167
INTERMEDIO,337,150.0417364628556
INTERMEDIO,338,150.39109898522887
INTERMEDIO,339,123.14924324757243
INTERMEDIO,340,136.66732430033323
INTERMEDIO,341,141.55647626114322
INTERMEDIO,342,100.17205318669401
INTERMEDIO,343,149.80571213144933
INTERMEDIO,344,121.6664200062869
INTERMEDIO,345,145.88170838062672
INTERMEDIO,346,166.1522855137544
INTERMEDIO,347,96.32510628616583
INTERMEDIO,348,116.24833425422732
INTERMEDIO,349,152.0847584062934
INTERMEDIO,350,126.40792275250169
INTERMEDIO,351,143.95932809791
INTERMEDIO,352,130.7460623462856
INTERMEDIO,353,146.95010174561452
INTERMEDIO,354,149.25638250084455
INTERMEDIO,355,124.68960998905024
INTERMEDIO,356,152.2269149268883
INTERMEDIO,357,120.03935607301014
INTERMEDIO,358,132.3282745742354
INTERMEDIO,359,130.94553641163827
INTERMEDIO,360,139.8244535078
INTERMEDIO,361,105.26686650645487
INTERMEDIO,362,123.8958820045676
INTERMEDIO,363,152.58211819968386
INTERMEDIO,364,137.89002596562594
INTERMEDIO,365,134.93570669068598
INTERMEDIO,366,141.63185924086775
INTERMEDIO,367,123.43542537814737
INTERMEDIO,368,112.71906136995233
INTERMEDIO,369,122.40228060517694
INTERMEDIO,370,144.2006798156784
INTERMEDIO,371,152.89476435883583
INTERMEDIO,372,136.48142558092542
INTERMEDIO,373,133.53511602291653
INTERMEDIO,374,139.80977743090324
INTERMEDIO,375,138.3209101674303
INTERMEDIO,376,151.83770579774838
INTERMEDIO,377,124.97224217036587
INTERMEDIO,378,172.61813455565945
INTERMEDIO,379,161.13637283342615
INTERMEDIO,380,119.9247648366588
INTERMEDIO,381,146.40187443069107
INTERMEDIO,382,156.17836319013725
INTERMEDIO,383,143.47448588262898
INTERMEDIO,384,127.38041287165213
INTERMEDIO,385,155.5596521459845
INTERMEDIO,386,121.58991897511501
INTERMEDIO,387,140.4231619608161
INTERMEDIO,388,148.6153602326498
INTERMEDIO,389,146.83077296467079
INTERMEDIO,390,151.56571609648577
INTERMEDIO,391,140.22089102915984
INTERMEDIO,392,160.30166818111314
INTERMEDIO,393,116.3801719791987
INTERMEDIO,394,145.7882682268309
INTERMEDIO,395,146.40929503613953
INTERMEDIO,396,151.79371728115916
INTERMEDIO,397,119.97544179836589
INTERMEDIO,398,112.22949845576451
INTERMEDIO,399,158.51837978846436
INTERMEDIO,400,123.42764690608091
INTERMEDIO,401,142.50130663925353
INTERMEDIO,402,132.36834800005343
INTERMEDIO,403,137.22420813231253
INTERMEDIO,404,122.42293762695294
INTERMEDIO,405,149.2994063033656
INTERMEDIO,406,140.81138739698113
INTERMEDIO,407,126.5625650301434
INTERMEDIO,408,142.82022164332773
INTERMEDIO,409,154.7036342559757
INTERMEDIO,410,137.23861210365504
INTERMEDIO,411,124.491193889245
INTERMEDIO,412,147.4204766343406
INTERMEDIO,413,125.76706993825107
INTERMEDIO,414,135.8065577941826
INTERMEDIO,415,140.8455907584028
INTERMEDIO,416,142.84042750246553
INTERMEDIO,417,155.94391735359076
INTERMEDIO,418,135.88787067795633
INTERMEDIO,419,131.527909001912
INTERMEDIO,420,146.8599111353584
INTERMEDIO,421,142.2328821319249
INTERMEDIO,422,143.951791039658
INTERMEDIO,423,128.55363261825528
INTERMEDIO,424,134.5715389999273
INTERMEDIO,425,125.51469644902645
INTERMEDIO,426,109.0665304763462
INTERMEDIO,427,129.1561525861889
INTERMEDIO,428,160.6014724767611
INTERMEDIO,429,155.2511012001432
INTERMEDIO,430,123.07897441725684
INTERMEDIO,431,134.08688868396828
INTERMEDIO,432,120.96434990585486
INTERMEDIO,433,140.79411315274393
INTERMEDIO,434,141.57680684606532
INTERMEDIO,435,140.9729444164044
INTERMEDIO,436,116.2387290332341
INTERMEDIO,437,131.99928647983924
INTERMEDIO,438,109.19259683904508
INTERMEDIO,439,136.9121452386852
INTERMEDIO,440,141.5797781197501
INTERMEDIO,441,138.96665925808568
INTERMEDIO,442,154.92144002346245
INTERMEDIO,443,138.76698959513672
INTERMEDIO,444,157.58213226149934
INTERMEDIO,445,140.23547693984702
INTERMEDIO,446,140.06842779873344
INTERMEDIO,447,123.26289266759807
INTERMEDIO,448,137.91091514774837
INTERMEDIO,449,132.6127746816601
INTERMEDIO,450,117.28595518985756
INTERMEDIO,451,121.58866172773489
INTERMEDIO,452,107.28495666200783
INTERMEDIO,453,153.70082846762202
INTERMEDIO,454,122.04546153636555
INTERMEDIO,455,130.62918824218704
INTERMEDIO,456,146.78085905106948
INTERMEDIO,457,114.71913883785653
INTERMEDIO,458,144.0562200376949
INTERMEDIO,459,145.00610900078814
INTERMEDIO,460,134.17718248479954
INTERMEDIO,461,137.53724924930623
INTERMEDIO,462,161.06100363339664
INTERMEDIO,463,168.9822550003658
INTERMEDIO,464,128.14559068235616
INTERMEDIO,465,125.89368954755741
INTERMEDIO,466,140.6164555922562
INTERMEDIO,467,118.5105732237651
INTERMEDIO,468,141.62863087739152
INTERMEDIO,469,133.05302723193267
INTERMEDIO,470,134.80739138608598
INTERMEDIO,471,129.00610921514115
INTERMEDIO,472,145.2343044393008
INTERMEDIO,473,138.06190878860687
INTERMEDIO,474,132.55913442423665
INTERMEDIO,475,136.0343386024392
INTERMEDIO,476,156.21097811605074
INTERMEDIO,477,149.37557257370102
INTERMEDIO,478,158.05970697207937
INTERMEDIO,479,134.91788943856108
INTERMEDIO,480,159.6055662783229
INTERMEDIO,481,121.33485347933299
INTERMEDIO,482,141.82539821720158
INTERMEDIO,483,110.39931186423375
INTERMEDIO,484,131.83182793065134
INTERMEDIO,485,143.95384836067933
INTERMEDIO,486,139.15640842541512
INTERMEDIO,487,152.01706831105946
INTERMEDIO,488,133.2780008850392
INTERMEDIO,489,150.7876992144814
INTERMEDIO,490,123.0103727554644
INTERMEDIO,491,138.39131474302667
INTERMEDIO,492,109.7262279824813
INTERMEDIO,493,130.17147499906196
INTERMEDIO,494,142.66222934628743
INTERMEDIO,495,107.78008559122128
INTERMEDIO,496,146.42631291058808
INTERMEDIO,497,148.4009473176451
INTERMEDIO,498,116.69793675248656
INTERMEDIO,499,142.63808049545833
INTERMEDIO,500,146.6406121391219
INTERMEDIO,501,136.16974746245333
INTERMEDIO,502,122.82494707604357
INTERMEDIO,503,127.06324435509592
INTERMEDIO,504,153.6168410364679
INTERMEDIO,505,127.76771323711851
INTERMEDIO,506,127.20417639592608
INTERMEDIO,507,145.67223315623997
INTERMEDIO,508,109.08739324212308
INTERMEDIO,509,123.21611613044563
INTERMEDIO,510,177.35092635757292
INTERMEDIO,511,137.281168342118
INTERMEDIO,512,144.32076656674556
INTERMEDIO,513,125.71457277966329
INTERMEDIO,514,113.78381783609133
INTERMEDIO,515,141.48941105276242
INTERMEDIO,516,140.04032775471086
INTERMEDIO,517,112.0930349051223
INTERMEDIO,518,147.71146768109588
INTERMEDIO,519,126.23592656229215
INTERMEDIO,520,136.4991288715112
INTERMEDIO,521,152.12895902886544
INTERMEDIO,522,142.43500258605204
INTERMEDIO,523,157.31891444459478
INTERMEDIO,524,144.23853614060675
INTERMEDIO,525,127.9975137242363
INTERMEDIO,526,153.38761438339623
INTERMEDIO,527,140.0118051279583
INTERMEDIO,528,155.70120379041364
INTERMEDIO,529,164.3986746588816
INTERMEDIO,530,152.1435174789542
INTERMEDIO,531,103.6527508151295
INTERMEDIO,532,122.90083657129746
INTERMEDIO,533,137.91238402635466
INTERMEDIO,534,149.12154169346584
INTERMEDIO,535,132.14400466691322
INTERMEDIO,536,146.1525224378639
INTERMEDIO,537,133.8110422834516
INTERMEDIO,538,151.55714526781614
INTERMEDIO,539,168.2575461501795
INTERMEDIO,540,142.85377591805909
INTERMEDIO,541,137.49511764864081
INTERMEDIO,542,121.11344201592485
INTERMEDIO,543,138.044185377949
INTERMEDIO,544,125.90517460960129
INTERMEDIO,545,118.5970205758838
INTERMEDIO,546,133.44447721719885
INTERMEDIO,547,143.64625760135837
INTERMEDIO,548,135.9631478831903
INTERMEDIO,549,158.26792200301924
INTERMEDIO,550,156.71155659645544
INTERMEDIO,551,130.07080007187568
INTERMEDIO,552,131.31433215283698
INTERMEDIO,553,148.44669716258565
INTERMEDIO,554,101.31051077304058
INTERMEDIO,555,117.65527080781301
INTERMEDIO,556,150.8827719552798
INTERMEDIO,557,138.93332790058295
INTERMEDIO,558,106.12970775802566
INTERMEDIO,559,105.43104364804594
INTERMEDIO,560,153.13118510058774
INTERMEDIO,561,131.44040141009015
INTERMEDIO,562,113.70161865433688
INTERMEDIO,563,137.10762968005398
INTERMEDIO,564,133.68838342766858
INTERMEDIO,565,129.85149655066178
INTERMEDIO,566,126.50328468393508
INTERMEDIO,567,147.97479124691426
INTERMEDIO,568,140.44948483243613
INTERMEDIO,569,143.37822474826334
INTERMEDIO,570,133.76182771641328
INTERMEDIO,571,152.00153590642776
INTERMEDIO,572,118.80345220993583
INTERMEDIO,573,140.38801260019318
INTERMEDIO,574,123.54416328429765
INTERMEDIO,575,127.12876867399119
INTERMEDIO,576,134.90065623278716
INTERMEDIO,577,144.49524125982083
INTERMEDIO,578,125.30656616157364
INTERMEDIO,579,147.89312469651986
INTERMEDIO,580,121.56903199400419
INTERMEDIO,581,134.4658807972644
INTERMEDIO,582,133.96457431559799
INTERMEDIO,583,127.9765225946126
INTERMEDIO,584,122.15993923217727
INTERMEDIO,585,142.1450437410227
INTERMEDIO,586,145.04296337127911
INTERMEDIO,587,143.17686687569878
INTERMEDIO,588,149.57953602841113
INTERMEDIO,589,151.91843018090177
INTERMEDIO,590,143.83245941533522
INTERMEDIO,591,124.86580978692675
INTERMEDIO,592,120.25999090845617
INTERMEDIO,593,127.0556168900699
INTERMEDIO,594,151.18731651839857
INTERMEDIO,595,130.28453642722206
INTERMEDIO,596,146.38928380772745
INTERMEDIO,597,152.71264228057873
INTERMEDIO,598,143.08169309296258
INTERMEDIO,599,145.14617061105236
INTERMEDIO,600,143.63929472101833
INTERMEDIO,601,138.64590752486782
INTERMEDIO,602,136.33748826740378
INTERMEDIO,603,134.64928171829658
INTERMEDIO,604,112.8638377363727
INTERMEDIO,605,123.09433706447936
INTERMEDIO,606,128.26046253749863
INTERMEDIO,607,155.20590437360855
INTERMEDIO,608,137.9800545318157
INTERMEDIO,609,120.75196935626097
INTERMEDIO,610,131.2019646308181
INTERMEDIO,611,153.91290423019785
INTERMEDIO,612,146.44535392638292
INTERMEDIO,613,120.30617004264637
INTERMEDIO,614,142.11322012469336
INTERMEDIO,615,128.28879266947672
INTERMEDIO,616,157.0655840680723
INTERMEDIO,617,118.09732901918032
INTERMEDIO,618,143.8695971737538
INTERMEDIO,619,127.92195173127081
INTERMEDIO,620,120.76822505831002
INTERMEDIO,621,131.75144126417936
INTERMEDIO,622,168.40022681888235
INTERMEDIO,623,118.14714944046611
INTERMEDIO,624,133.5794409634722
INTERMEDIO,625,136.36739420252002
INTERMEDIO,626,152.05160667228543
INTERMEDIO,627,139.52007948741982
INTERMEDIO,628,149.0218959907838
INTERMEDIO,629,145.1994430978115
INTERMEDIO,630,128.40944040502904
INTERMEDIO,631,136.76228922122525
INTERMEDIO,632,121.60184587774714
INTERMEDIO,633,139.3496261576102
INTERMEDIO,634,119.38021282861367
INTERMEDIO,635,137.26716840180188
INTERMEDIO,636,108.30018587756351
INTERMEDIO,637,127.83300587512394
INTERMEDIO,638,146.06285238474462
INTERMEDIO,639,138.6364758936206
INTERMEDIO,640,165.57396875471062
INTERMEDIO,641,158.27990228373733
INTERMEDIO,642,152.2683089529081
INTERMEDIO,643,141.71057994916515
INTERMEDIO,644,146.9092403908168
INTERMEDIO,645,138.74596465673335
INTERMEDIO,646,133.66924650192215
INTERMEDIO,647,143.14994956504125
INTERMEDIO,648,147.01710538915526
INTERMEDIO,649,127.02324730351849
INTERMEDIO,650,144.21471323776234
INTERMEDIO,651,139.66164701196098
INTERMEDIO,652,122.26113979330401
INTERMEDIO,653,162.64081731583698
INTERMEDIO,654,153.60292780212205
INTERMEDIO,655,124.94833270883683
INTERMEDIO,656,139.77270330338325
INTERMEDIO,657,124.46009075421222
INTERMEDIO,658,159.41038626291692
INTERMEDIO,659,114.69006364578736
INTERMEDIO,660,156.99441441344953
INTERMEDIO,661,125.70344332247099
INTERMEDIO,662,149.37689316439335
INTERMEDIO,663,120.40367760785432
INTERMEDIO,664,166.2631215658213
INTERMEDIO,665,144.10530177895754
INTERMEDIO,666,140.5063700163988
INTERMEDIO,667,126.7963252042848
INTERMEDIO,668,141.4363858165006
INTERMEDIO,669,149.46345900710588
INTERMEDIO,670,135.0330689777118
INTERMEDIO,671,134.69526656003632
INTERMEDIO,672,145.90457775806783
INTERMEDIO,673,125.99300105769642
INTERMEDIO,674,134.2607108250118
INTERMEDIO,675,112.17261997581481
INTERMEDIO,676,130.4132857367792
INTERMEDIO,677,139.0190722916416
INTERMEDIO,678,138.09752296303964
INTERMEDIO,679,150.69741978916488
INTERMEDIO,680,135.64738765183463
INTERMEDIO,681,160.27844382213885
INTERMEDIO,682,149.2565706733855
INTERMEDIO,683,157.20773797883206
INTERMEDIO,684,111.11356378625369
INTERMEDIO,685,143.6566694475704
INTERMEDIO,686,137.41786058267533
INTERMEDIO,687,140.0625987308623
INTERMEDIO,688,173.85769059083972
INTERMEDIO,689,143.14884819192062
INTERMEDIO,690,125.35506841019767
INTERMEDIO,691,122.4087805307916
INTERMEDIO,692,128.24015452783644
INTERMEDIO,693,114.55583761475472
INTERMEDIO,694,120.332724458353
INTERMEDIO,695,109.42653834154385
INTERMEDIO,696,123.45424375639911
INTERMEDIO,697,142.839324746496
INTERMEDIO,698,165.10209778177017
INTERMEDIO,699,130.5129020993002
INTERMEDIO,700,136.07162338177977
INTERMEDIO,701,129.10873313399753
INTERMEDIO,702,145.89621770716698
INTERMEDIO,703,152.828383176282
INTERMEDIO,704,149.45114182086326
INTERMEDIO,705,122.19602645554782
INTERMEDIO,706,136.9616928547531
INTERMEDIO,707,130.81257334196857
INTERMEDIO,708,99.63769816460677
INTERMEDIO,709,109.53959095073162
INTERMEDIO,710,133.9446025366445
INTERMEDIO,711,150.50394880822716
INTERMEDIO,712,129.54782204154054
INTERMEDIO,713,142.168834905937
INTERMEDIO,714,145.17531271339254
INTERMEDIO,715,140.4064002428583
INTERMEDIO,716,116.04897569627906
INTERMEDIO,717,144.89939138350178
INTERMEDIO,718,131.30530167912985
INTERMEDIO,719,145.08991777706817
INTERMEDIO,720,150.83887099271877
INTERMEDIO,721,155.9993140671258
INTERMEDIO,722,127.24351725597298
INTERMEDIO,723,120.15143495606964
INTERMEDIO,724,110.8547816901261
INTERMEDIO,725,128.58463226143647
INTERMEDIO,726,140.25433983181293
INTERMEDIO,727,108.32701200984138
INTERMEDIO,728,151.75846469846982
INTERMEDIO,729,140.25913690097536
INTERMEDIO,730,124.67428363021695
INTERMEDIO,731,133.53883404929195
INTERMEDIO,732,125.26498170656396
INTERMEDIO,733,143.31267865049162
INTERMEDIO,734,142.88980430832044
INTERMEDIO,735,130.4109928742747
INTERMEDIO,736,144.11581960601958
INTERMEDIO,737,172.033330018194
INTERMEDIO,738,143.7096752079971
INTERMEDIO,739,142.51854139090133
INTERMEDIO,740,130.64424015406928
INTERMEDIO,741,151.12478996662898
INTERMEDIO,742,128.83853633502866
INTERMEDIO,743,121.67865698304865
INTERMEDIO,744,155.3874397828629
INTERMEDIO,745,171.37103011110332
INTERMEDIO,746,132.62200814991658
INTERMEDIO,747,139.07393775825426
INTERMEDIO,748,103.3230249954553
INTERMEDIO,749,134.5248015693879
INTERMEDIO,750,132.02251174812682
INTERMEDIO,751,143.37263716626163
INTERMEDIO,752,123.21596397195098
INTERMEDIO,753,154.79307092914723
INTERMEDIO,754,125.14540532132403
INTERMEDIO,755,116.24823429026
INTERMEDIO,756,144.8192651751903
INTERMEDIO,757,145.02276585426014
INTERMEDIO,758,156.55798568800293
INTERMEDIO,759,122.88289601872073
INTERMEDIO,760,145.37586235934913
INTERMEDIO,761,109.95186170915062
INTERMEDIO,762,158.16535832865736
INTERMEDIO,763,162.21896145351116
INTERMEDIO,764,134.26462693893723
INTERMEDIO,765,150.75581337892083
INTERMEDIO,766,139.5044793429391
INTERMEDIO,767,140.52403075930084
INTERMEDIO,768,155.9574585420407
INTERMEDIO,769,131.78068494922678
INTERMEDIO,770,137.9759351531546
INTERMEDIO,771,130.94796185550257
INTERMEDIO,772,133.97385899273021
INTERMEDIO,773,113.7786994700796
INTERMEDIO,774,141.7337587098221
INTERMEDIO,775,139.29404115103245
INTERMEDIO,776,131.61898773535762
INTERMEDIO,777,147.45500602435655
INTERMEDIO,778,136.59601977268386
INTERMEDIO,779,151.08214058667977
INTERMEDIO,780,127.64514783782333
INTERMEDIO,781,129.00574990831063
INTERMEDIO,782,133.41631118250456
INTERMEDIO,783,169.0836293622637
INTERMEDIO,784,135.23686938389486
INTERMEDIO,785,128.69967299361917
INTERMEDIO,786,157.59954786962834
INTERMEDIO,787,129.4540684593613
INTERMEDIO,788,132.19960141503614
INTERMEDIO,789,130.34672425091227
INTERMEDIO,790,137.8021087482295
INTERMEDIO,791,126.70785578780408
INTERMEDIO,792,150.56606423309546
INTERMEDIO,793,126.80620292432913
INTERMEDIO,794,159.3757457623923
INTERMEDIO,795,139.3700500809904
INTERMEDIO,796,138.57897452834257
INTERMEDIO,797,133.85822620496663
INTERMEDIO,798,117.58923152559971
INTERMEDIO,799,122.18810661744222
INTERMEDIO,800,146.06943480585238
INTERMEDIO,801,163.12259753898687
INTERMEDIO,802,129.6992429821839
INTERMEDIO,803,173.1797339474688
INTERMEDIO,804,144.14589718370368
INTERMEDIO,805,136.31085339537447
INTERMEDIO,806,127.06369120896585
INTERMEDIO,807,138.72247301021469
INTERMEDIO,808,115.50926063778864
INTERMEDIO,809,160.7421445850103
INTERMEDIO,810,154.65901520830093
INTERMEDIO,811,148.90302706310013
INTERMEDIO,812,158.103128886082
INTERMEDIO,813,149.97751959428507
INTERMEDIO,814,146.06644390407536
INTERMEDIO,815,155.44098662057687
INTERMEDIO,816,139.53396840891045
INTERMEDIO,817,158.2946514672855
INTERMEDIO,818,131.97756806205564
INTERMEDIO,819,127.19027685199131
INTERMEDIO,820,131.67053190461644
INTERMEDIO,821,136.13339011604901
INTERMEDIO,822,137.76491130048146
INTERMEDIO,823,151.39137538222437
INTERMEDIO,824,155.60261169397512
INTERMEDIO,825,132.15195755805
INTERMEDIO,826,130.446086074482
INTERMEDIO,827,127.04500040455292
INTERMEDIO,828,140.04047536947945
INTERMEDIO,829,118.01242258272646
INTERMEDIO,830,147.81297884177835
INTERMEDIO,831,112.69168931891868
INTERMEDIO,832,135.20577548590788
INTERMEDIO,833,147.91655059529498
INTERMEDIO,834,136.41226735472964
INTERMEDIO,835,126.2706197664002
INTERMEDIO,836,131.96512284644086
INTERMEDIO,837,161.57179909929886
INTERMEDIO,838,163.88008947170837
INTERMEDIO,839,159.92053335061968
INTERMEDIO,840,134.93974572424474
INTERMEDIO,841,137.11236723923776
INTERMEDIO,842,121.0408509807314
INTERMEDIO,843,124.44667406280197
INTERMEDIO,844,124.86883969887283
INTERMEDIO,845,180.1853208871309
INTERMEDIO,846,116.46405936117682
INTERMEDIO,847,135.8430598500994
INTERMEDIO,848,141.29133652614303
INTERMEDIO,849,158.4505560294866
INTERMEDIO,850,129.13547293013093
INTERMEDIO,851,171.35158088607722
INTERMEDIO,852,146.8569470142716
INTERMEDIO,853,147.5538855300918
INTERMEDIO,854,110.93340591627644
INTERMEDIO,855,146.86479021445615
INTERMEDIO,856,132.8761404338991
INTERMEDIO,857,144.36674214800763
INTERMEDIO,858,130.53117334593094
INTERMEDIO,859,168.3033787962251
INTERMEDIO,860,141.36702682353214
INTERMEDIO,861,139.27658395061007
INTERMEDIO,862,129.51301348752847
INTERMEDIO,863,126.02587950980455
INTERMEDIO,864,135.18259036985006
INTERMEDIO,865,158.16502166746483
INTERMEDIO,866,117.49734414458297
INTERMEDIO,867,162.95708526123835
INTERMEDIO,868,130.59217546746748
INTERMEDIO,869,165.02976901294156
INTERMEDIO,870,137.97689398400607
INTERMEDIO,871,135.4341513782551
INTERMEDIO,872,117.58975079495221
INTERMEDIO,873,122.9106780045382
INTERMEDIO,874,144.1879478364027
INTERMEDIO,875,133.8099100304843
INTERMEDIO,876,146.43105883130406
INTERMEDIO,877,123.58063423639453
INTERMEDIO,878,139.9887918110933
INTERMEDIO,879,150.6612252201776
INTERMEDIO,880,141.73057101359885
INTERMEDIO,881,131.56642745027224
INTERMEDIO,882,124.98599706640435
INTERMEDIO,883,131.05889309540058
INTERMEDIO,884,130.2439651075422
INTERMEDIO,885,130.94575484591272
INTERMEDIO,886,146.28427058471735
INTERMEDIO,887,161.48662598372343
INTERMEDIO,888,138.6480705201033
INTERMEDIO,889,138.43004162495353
INTERMEDIO,890,145.6685088649037
INTERMEDIO,891,121.91645960824019
INTERMEDIO,892,138.9399894655448
INTERMEDIO,893,148.54232127505742
INTERMEDIO,894,131.29032065218155
INTERMEDIO,895,131.66929624897912
INTERMEDIO,896,139.33717541384647
INTERMEDIO,897,157.8888083895399
INTERMEDIO,898,146.04074493376925
INTERMEDIO,899,153.3410097050788
INTERMEDIO,900,159.7413783846963
INTERMEDIO,901,138.6075337793487
INTERMEDIO,902,110.66044681420412
INTERMEDIO,903,136.38693386946832
INTERMEDIO,904,150.3889993228205
INTERMEDIO,905,143.98870043515652
INTERMEDIO,906,124.98706967117789
INTERMEDIO,907,163.54387849250907
INTERMEDIO,908,128.38800892562472
INTERMEDIO,909,115.33100770776606
INTERMEDIO,910,122.54394335386704
INTERMEDIO,911,142.36210848497703
INTERMEDIO,912,125.1009644088871
INTERMEDIO,913,148.629673029128
INTERMEDIO,914,123.93187111460567
INTERMEDIO,915,145.0664790851922
INTERMEDIO,916,125.94870480651312
INTERMEDIO,917,142.82648783715507
INTERMEDIO,918,128.96966996536972
INTERMEDIO,919,131.19422216788146
INTERMEDIO,920,141.6622487512118
INTERMEDIO,921,161.37289632135267
INTERMEDIO,922,163.2576907945638
INTERMEDIO,923,140.09913531613134
INTERMEDIO,924,155.78757771902016
INTERMEDIO,925,149.15662389488196
INTERMEDIO,926,156.18090867181888
INTERMEDIO,927,135.75636846133943
INTERMEDIO,928,148.45316630218954
INTERMEDIO,929,122.22791972733248
INTERMEDIO,930,145.00774893133888
INTERMEDIO,931,126.91732407504432
INTERMEDIO,932,139.52448874912787
INTERMEDIO,933,140.23833656441283
INTERMEDIO,934,160.40915509229325
INTERMEDIO,935,133.53040473549405
INTERMEDIO,936,158.73416145489287
INTERMEDIO,937,107.10892708970687
INTERMEDIO,938,141.1662023631108
INTERMEDIO,939,136.96891119007077
INTERMEDIO,940,140.5008455797001
INTERMEDIO,941,141.69715680683922
INTERMEDIO,942,120.78528316059833
INTERMEDIO,943,138.49620973177275
INTERMEDIO,944,131.4966739864553
INTERMEDIO,945,153.5070656057018
INTERMEDIO,946,113.04839546279668
INTERMEDIO,947,129.8412741735
INTERMEDIO,948,139.06675899942627
INTERMEDIO,949,152.58790552907595
INTERMEDIO,950,137.4029300309969
INTERMEDIO,951,139.77306319024652
INTERMEDIO,952,126.63727848465068
INTERMEDIO,953,112.3512574286737
INTERMEDIO,954,121.55528809343863
INTERMEDIO,955,136.88659801285297
INTERMEDIO,956,145.29427601815044
INTERMEDIO,957,134.08253288990272
INTERMEDIO,958,144.37139920581342
INTERMEDIO,959,143.45859779322257
INTERMEDIO,960,129.49506004295986
INTERMEDIO,961,145.88422199944904
INTERMEDIO,962,127.80873591995103
INTERMEDIO,963,148.59471699133383
INTERMEDIO,964,121.96273864790328
INTERMEDIO,965,147.41282289488618
INTERMEDIO,966,153.18250960450194
INTERMEDIO,967,131.46828923465978
INTERMEDIO,968,142.97760034165748
INTERMEDIO,969,168.56898107924678
INTERMEDIO,970,133.96477812089287
INTERMEDIO,971,157.3952643128974
INTERMEDIO,972,143.3852746000364
INTERMEDIO,973,126.12579325381837
INTERMEDIO,974,137.23511773638117
INTERMEDIO,975,155.24654113055198
INTERMEDIO,976,140.90036843426236
INTERMEDIO,977,147.76038147151976
INTERMEDIO,978,129.09645975436533
INTERMEDIO,979,117.78178111566342
INTERMEDIO,980,139.41293925871125
INTERMEDIO,981,148.87932719433974
INTERMEDIO,982,152.1101849667772
INTERMEDIO,983,133.73788962220672
INTERMEDIO,984,142.77002219360736
INTERMEDIO,985,142.57733017539138
INTERMEDIO,986,128.75217512090097
INTERMEDIO,987,142.84042163518077
INTERMEDIO,988,124.32756227922873
INTERMEDIO,989,123.8310024437656
INTERMEDIO,990,129.01544794817772
INTERMEDIO,991,129.56754392708183
INTERMEDIO,992,132.5268979353346
INTERMEDIO,993,130.8140474089481
INTERMEDIO,994,147.73753907918024
INTERMEDIO,995,166.94602245359323
INTERMEDIO,996,148.61835630458722
INTERMEDIO,997,145.6379664208584
INTERMEDIO,998,155.6605556412322
INTERMEDIO,999,111.47770309070764
INTERMEDIO,1000,157.86456070072487
INTERMEDIO,1001,137.186028673386
INTERMEDIO,1002,129.2068536306304
INTERMEDIO,1003,141.52192009961806
INTERMEDIO,1004,131.55657011014122
INTERMEDIO,1005,152.92000784212533
INTERMEDIO,1006,133.51701295207667
INTERMEDIO,1007,158.99216031445846
INTERMEDIO,1008,127.5331676844692
INTERMEDIO,1009,131.94127259058985
INTERMEDIO,1010,129.7106141020639
INTERMEDIO,1011,183.3478306304969
INTERMEDIO,1012,127.717872065233
INTERMEDIO,1013,163.70674823568424
INTERMEDIO,1014,141.93207740366265
INTERMEDIO,1015,147.21371224502894
INTERMEDIO,1016,144.7032380932353
INTERMEDIO,1017,154.47169663750756
INTERMEDIO,1018,144.14528933528135
INTERMEDIO,1019,125.72903437588275
INTERMEDIO,1020,119.35181037640974
INTERMEDIO,1021,146.4700671835966
INTERMEDIO,1022,136.98387426645402
INTERMEDIO,1023,138.44163107817906
INTERMEDIO,1024,142.54387458413711
INTERMEDIO,1025,130.41470469788675
INTERMEDIO,1026,150.02709636560218
INTERMEDIO,1027,158.3435404144998
INTERMEDIO,1028,145.51740208025203
INTERMEDIO,1029,140.41891655746147
INTERMEDIO,1030,134.22052644293814
INTERMEDIO,1031,127.3399565799844
INTERMEDIO,1032,155.78086705745466
INTERMEDIO,1033,133.8103676445395
INTERMEDIO,1034,142.98023966076653
INTERMEDIO,1035,149.5482256726839
INTERMEDIO,1036,132.30997472855552
INTERMEDIO,1037,170.44049429524057
INTERMEDIO,1038,148.31858337760588
INTERMEDIO,1039,115.69274160387376
INTERMEDIO,1040,115.10582126419018
INTERMEDIO,1041,158.8482120799751
INTERMEDIO,1042,152.51008961115798
INTERMEDIO,1043,144.54248737761372
INTERMEDIO,1044,139.27608059394862
INTERMEDIO,1045,131.24634948308616
INTERMEDIO,1046,145.53689334724533
INTERMEDIO,1047,123.05847003882037
INTERMEDIO,1048,166.93171632819954
INTERMEDIO,1049,115.02230000380636
INTERMEDIO,1050,156.53015666746802
INTERMEDIO,1051,142.3144084092909
INTERMEDIO,1052,166.4941911191963
INTERMEDIO,1053,150.181552555294
INTERMEDIO,1054,130.99779654827805
INTERMEDIO,1055,147.4443954377787
INTERMEDIO,1056,145.53170875803025
INTERMEDIO,1057,125.4885629349111
INTERMEDIO,1058,137.11044641809042
INTERMEDIO,1059,156.52336088100648
INTERMEDIO,1060,135.32713746358303
INTERMEDIO,1061,134.07560638476872
INTERMEDIO,1062,134.6470645628022
INTERMEDIO,1063,138.01675937523214
INTERMEDIO,1064,151.73743679883904
INTERMEDIO,1065,126.66845615443212
INTERMEDIO,1066,131.67761301470887
INTERMEDIO,1067,136.86590207724163
INTERMEDIO,1068,125.46283968506808
INTERMEDIO,1069,137.09698033239417
INTERMEDIO,1070,147.6282316298062
INTERMEDIO,1071,111.33977074071885
INTERMEDIO,1072,136.40657452025337
INTERMEDIO,1073,153.9773589625412
INTERMEDIO,1074,129.84231281707505
INTERMEDIO,1075,136.72876013871527
INTERMEDIO,1076,159.53152899165732
INTERMEDIO,1077,149.63726707361127
INTERMEDIO,1078,135.21642396940237
INTERMEDIO,1079,156.38028609946883
INTERMEDIO,1080,147.31299385093442
INTERMEDIO,1081,118.52209632782142
INTERMEDIO,1082,141.97105113270402
INTERMEDIO,1083,114.94357408568969
INTERMEDIO,1084,141.05927720507893
INTERMEDIO,1085,142.9631164844975
INTERMEDIO,1086,137.5754227941278
INTERMEDIO,1087,155.56373633518882
INTERMEDIO,1088,145.71074685887714
INTERMEDIO,1089,163.43301585574812
INTERMEDIO,1090,126.64113381572845
INTERMEDIO,1091,113.62161264039456
INTERMEDIO,1092,136.43798861947047
INTERMEDIO,1093,114.99382167209572
INTERMEDIO,1094,144.88465933913926
INTERMEDIO,1095,130.85264832548805
INTERMEDIO,1096,147.62598718213692
INTERMEDIO,1097,125.55497324466344
INTERMEDIO,1098,135.42553181366688
INTERMEDIO,1099,126.96619519435511
INTERMEDIO,1100,120.7239945374391
INTERMEDIO,1101,160.25122466835526
INTERMEDIO,1102,150.2981928624617
INTERMEDIO,1103,127.54558749890103
INTERMEDIO,1104,141.6569441969114
INTERMEDIO,1105,116.22182096275638
INTERMEDIO,1106,142.32163018011084
INTERMEDIO,1107,156.37078900820515
INTERMEDIO,1108,116.84496234901746
INTERMEDIO,1109,142.1199843482186
INTERMEDIO,1110,137.58324172262277
INTERMEDIO,1111,134.85598932405526
INTERMEDIO,1112,147.3842447666965
INTERMEDIO,1113,119.91322695071732
INTERMEDIO,1114,112.0415381580483
INTERMEDIO,1115,138.17347512876216
INTERMEDIO,1116,128.62682029137446
INTERMEDIO,1117,131.5954167729912
INTERMEDIO,1118,126.72926141891861
INTERMEDIO,1119,153.32015996771594
INTERMEDIO,1120,146.11849555495817
INTERMEDIO,1121,150.78002014847925
INTERMEDIO,1122,141.9937444025586
INTERMEDIO,1123,123.7871776084711
INTERMEDIO,1124,141.98747610831737
INTERMEDIO,1125,122.12110035945851
INTERMEDIO,1126,143.91735709453638
INTERMEDIO,1127,119.19947102197835
INTERMEDIO,1128,110.13708288619176
INTERMEDIO,1129,152.51828349856453
INTERMEDIO,1130,133.730803388722
INTERMEDIO,1131,133.9847503094391
INTERMEDIO,1132,121.74710012506584
INTERMEDIO,1133,131.835595090133
INTERMEDIO,1134,153.8842904128995
INTERMEDIO,1135,115.08777707834702
INTERMEDIO,1136,138.6788629009735
INTERMEDIO,1137,118.5592111449762
INTERMEDIO,1138,152.0776576236906
INTERMEDIO,1139,132.71258510894518
INTERMEDIO,1140,134.19675457849527
INTERMEDIO,1141,148.6819485511881
INTERMEDIO,1142,133.0648592248226
INTERMEDIO,1143,127.87716559369753
INTERMEDIO,1144,124.26537958612836
INTERMEDIO,1145,133.44046686595664
INTERMEDIO,1146,136.81452109501762
INTERMEDIO,1147,151.31065324043468
INTERMEDIO,1148,146.37696438454986
INTERMEDIO,1149,140.93196699079726
INTERMEDIO,1150,153.06961010807925
INTERMEDIO,1151,145.09029706071743
INTERMEDIO,1152,140.03607405596549
INTERMEDIO,1153,119.3087083601653
INTERMEDIO,1154,138.36030857373495
INTERMEDIO,1155,124.40663507393774
INTERMEDIO,1156,160.10112332379353
INTERMEDIO,1157,116.68831129542667
INTERMEDIO,1158,182.96154726674783
INTERMEDIO,1159,149.16426571862468
INTERMEDIO,1160,139.58791641443358
INTERMEDIO,1161,146.25960046679216
INTERMEDIO,1162,164.92786464497925
INTERMEDIO,1163,139.0322065113035
INTERMEDIO,1164,130.66250046477737
INTERMEDIO,1165,132.0616420374768
INTERMEDIO,1166,117.10659546804271
INTERMEDIO,1167,144.4434795973645
INTERMEDIO,1168,140.81360962951067
INTERMEDIO,1169,144.41602676576036
INTERMEDIO,1170,151.33698002817846
INTERMEDIO,1171,133.43916490211203
INTERMEDIO,1172,138.2719727963092
INTERMEDIO,1173,128.41601776530933
INTERMEDIO,1174,134.4887905594371
INTERMEDIO,1175,133.2615317441095
INTERMEDIO,1176,136.9074768986559
INTERMEDIO,1177,152.53737858267135
INTERMEDIO,1178,118.80486459363118
INTERMEDIO,1179,124.01483856695839
INTERMEDIO,1180,123.11105600326304
INTERMEDIO,1181,123.66988843622306
INTERMEDIO,1182,150.91770234645864
INTERMEDIO,1183,120.46836636821043
INTERMEDIO,1184,148.62517966753632
INTERMEDIO,1185,134.66602147473836
INTERMEDIO,1186,129.87257481189977
INTERMEDIO,1187,148.96369294382455
INTERMEDIO,1188,137.26977783864572
INTERMEDIO,1189,133.62480933671603
INTERMEDIO,1190,133.4992281725528
INTERMEDIO,1191,138.76598714889184
INTERMEDIO,1192,148.77303414991422
INTERMEDIO,1193,138.55457907096286
INTERMEDIO,1194,143.47050749619262
INTERMEDIO,1195,117.56954908442682
INTERMEDIO,1196,128.4855022211433
INTERMEDIO,1197,140.80988886792096
INTERMEDIO,1198,121.95105741834767
INTERMEDIO,1199,156.92484014674662
INTERMEDIO,1200,154.95313751230466
INTERMEDIO,1201,116.79812958969356
INTERMEDIO,1202,133.09681319246152
INTERMEDIO,1203,144.65698178082332
INTERMEDIO,1204,145.65140946263108
INTERMEDIO,1205,128.95311048019084
INTERMEDIO,1206,120.0617938957527
INTERMEDIO,1207,131.7357404105212
INTERMEDIO,1208,144.60473832565376
INTERMEDIO,1209,158.25754922323088
INTERMEDIO,1210,146.16772370915658
INTERMEDIO,1211,136.00919542038835
INTERMEDIO,1212,142.08357670901748
INTERMEDIO,1213,133.3976557641749
INTERMEDIO,1214,136.5935027057423
INTERMEDIO,1215,130.14403977271206
INTERMEDIO,1216,147.45284534381327
INTERMEDIO,1217,134.61425901331003
INTERMEDIO,1218,149.39680967960652
INTERMEDIO,1219,109.72741546601858
INTERMEDIO,1220,171.1229652004953
INTERMEDIO,1221,140.05122970365318
INTERMEDIO,1222,102.07902512810163
INTERMEDIO,1223,150.94922329245094
INTERMEDIO,1224,140.6612076852259
INTERMEDIO,1225,131.36383235839696
INTERMEDIO,1226,127.60659553160527
INTERMEDIO,1227,124.63302310447152
INTERMEDIO,1228,160.74980021728715
INTERMEDIO,1229,147.16482269202973
INTERMEDIO,1230,146.6648515656279
INTERMEDIO,1231,152.69701840921292
INTERMEDIO,1232,140.0551649562284
INTERMEDIO,1233,140.98801264568908
INTERMEDIO,1234,136.23457870517515
INTERMEDIO,1235,139.8849752551845
INTERMEDIO,1236,164.48923710810044
INTERMEDIO,1237,119.11716821923093
INTERMEDIO,1238,116.33782302247941
INTERMEDIO,1239,127.9997536657843
INTERMEDIO,1240,133.77254091685273
INTERMEDIO,1241,128.72622892464926
INTERMEDIO,1242,161.00049744923516
INTERMEDIO,1243,157.1738726714309
INTERMEDIO,1244,135.32592988134016
INTERMEDIO,1245,131.19289492303585
INTERMEDIO,1246,130.98339617874166
INTERMEDIO,1247,123.57258403837099
INTERMEDIO,1248,136.14765422526216
INTERMEDIO,1249,123.08381959839903
INTERMEDIO,1250,133.24800720776096
INTERMEDIO,1251,127.19279965417823
INTERMEDIO,1252,153.91013893823316
INTERMEDIO,1253,108.66121598401028
INTERMEDIO,1254,128.03725867447446
INTERMEDIO,1255,145.21422419583757
INTERMEDIO,1256,125.16457895712192
INTERMEDIO,1257,108.40667760433016
INTERMEDIO,1258,98.9359608687014
INTERMEDIO,1259,155.07850112586482
INTERMEDIO,1260,113.49937509040333
INTERMEDIO,1261,145.05162850523274
INTERMEDIO,1262,133.4231793093968
INTERMEDIO,1263,121.5613746350461
INTERMEDIO,1264,135.78885131300083
INTERMEDIO,1265,118.92746333848785
INTERMEDIO,1266,138.70245765681003
INTERMEDIO,1267,131.78997681801206
INTERMEDIO,1268,103.75509536401614
INTERMEDIO,1269,125.45505677628326
INTERMEDIO,1270,129.26782529844965
INTERMEDIO,1271,115.31756506209756
INTERMEDIO,1272,138.58996343139677
INTERMEDIO,1273,123.13246322738392
INTERMEDIO,1274,148.66015869442927
INTERMEDIO,1275,136.761496981836
INTERMEDIO,1276,150.82245625728817
INTERMEDIO,1277,139.79046063516722
INTERMEDIO,1278,113.24744755923655
INTERMEDIO,1279,149.97084283119804
INTERMEDIO,1280,143.02911805836226
INTERMEDIO,1281,158.8139532408707
INTERMEDIO,1282,141.38020256621317
INTERMEDIO,1283,127.45153009509376
INTERMEDIO,1284,129.35599339197728
INTERMEDIO,1285,128.86491045956973
INTERMEDIO,1286,142.1306466894428
INTERMEDIO,1287,157.60281828293395
INTERMEDIO,1288,132.4574122117884
INTERMEDIO,1289,159.69194066114846
INTERMEDIO,1290,130.11009823671387
INTERMEDIO,1291,115.75882677541563
INTERMEDIO,1292,149.4566877643797
INTERMEDIO,1293,139.03029237226195
INTERMEDIO,1294,131.26607345606925
INTERMEDIO,1295,128.26167483250393
INTERMEDIO,1296,145.06850188586
INTERMEDIO,1297,151.3366642259083
INTERMEDIO,1298,135.00099968669755
INTERMEDIO,1299,117.96894960803726
INTERMEDIO,1300,144.1171485633035
INTERMEDIO,1301,116.73997203446089
INTERMEDIO,1302,156.6816379438087
INTERMEDIO,1303,141.15667081941217
INTERMEDIO,1304,116.68270282734079
INTERMEDIO,1305,152.80943363611846
INTERMEDIO,1306,155.29379935008905
INTERMEDIO,1307,124.28210505870115
INTERMEDIO,1308,141.73634562699561
INTERMEDIO,1309,139.01291137992374
INTERMEDIO,1310,149.4577694933988
INTERMEDIO,1311,140.76475402200316
INTERMEDIO,1312,131.08250995999109
INTERMEDIO,1313,159.3019015406834
INTERMEDIO,1314,153.64242613790447
INTERMEDIO,1315,134.6607504139761
INTERMEDIO,1316,121.30523708267748
INTERMEDIO,1317,132.17156025544253
INTERMEDIO,1318,148.13340409843693
INTERMEDIO,1319,142.31156999413156
INTERMEDIO,1320,127.33702305334499
INTERMEDIO,1321,122.68228023795949
INTERMEDIO,1322,139.31669705012987
INTERMEDIO,1323,136.01524942224074
INTERMEDIO,1324,117.81065143847239
INTERMEDIO,1325,170.8643901583316
INTERMEDIO,1326,125.27326524779052
INTERMEDIO,1327,128.51289556169354
INTERMEDIO,1328,120.1272988738458
INTERMEDIO,1329,128.91771832459284
INTERMEDIO,1330,145.77828620677846
INTERMEDIO,1331,126.59478881489784
INTERMEDIO,1332,147.4246364697432
INTERMEDIO,1333,127.55922854808848
INTERMEDIO,1334,145.35187876485955
INTERMEDIO,1335,181.3244948461039
INTERMEDIO,1336,133.68369057805404
INTERMEDIO,1337,137.2275750565592
INTERMEDIO,1338,165.77150401522997
INTERMEDIO,1339,147.15788241293092
INTERMEDIO,1340,126.38083574622986
INTERMEDIO,1341,134.9966881859778
INTERMEDIO,1342,141.18301663042587
INTERMEDIO,1343,144.47879985890557
INTERMEDIO,1344,157.0805623454646
INTERMEDIO,1345,152.2456371306614
INTERMEDIO,1346,118.81441938773119
INTERMEDIO,1347,126.96903640430529
INTERMEDIO,1348,145.1936305651929
INTERMEDIO,1349,134.33169794197187
INTERMEDIO,1350,136.3100866308438
INTERMEDIO,1351,122.55879832726615
INTERMEDIO,1352,128.45377342690225
INTERMEDIO,1353,129.1709692677145
INTERMEDIO,1354,104.30596847782414
INTERMEDIO,1355,141.3721355014184
INTERMEDIO,1356,149.4726104260844
INTERMEDIO,1357,129.99969717353866
INTERMEDIO,1358,141.65963395739274
INTERMEDIO,1359,125.98983620029878
INTERMEDIO,1360,147.3765619506251
INTERMEDIO,1361,130.63814375136775
INTERMEDIO,1362,127.13671233504857
INTERMEDIO,1363,150.1989164792326
INTERMEDIO,1364,134.8566236325956
INTERMEDIO,1365,147.5075743356716
INTERMEDIO,1366,116.19042964583096
INTERMEDIO,1367,135.64280462542962
INTERMEDIO,1368,148.44050710263429
INTERMEDIO,1369,149.10184518849218
INTERMEDIO,1370,132.19003793131316
INTERMEDIO,1371,150.30456663900193
INTERMEDIO,1372,139.2251401418751
INTERMEDIO,1373,141.5305809619644
INTERMEDIO,1374,134.4738909363755
INTERMEDIO,1375,123.4452246511853
INTERMEDIO,1376,133.37950939446782
INTERMEDIO,1377,121.96808502125464
INTERMEDIO,1378,134.26409053905215
INTERMEDIO,1379,132.36094448957266
INTERMEDIO,1380,157.12362274431422
INTERMEDIO,1381,125.12095617357089
INTERMEDIO,1382,135.58840161001214
INTERMEDIO,1383,151.42485945182653
INTERMEDIO,1384,142.85211810215895
INTERMEDIO,1385,155.11907335960728
INTERMEDIO,1386,125.970282134705
INTERMEDIO,1387,151.43371635595753
INTERMEDIO,1388,130.5931359941684
INTERMEDIO,1389,138.67228374915518
INTERMEDIO,1390,122.21632732141765
INTERMEDIO,1391,131.79037241848962
INTERMEDIO,1392,159.54143066016678
INTERMEDIO,1393,133.58868284505007
INTERMEDIO,1394,134.20788314553045
INTERMEDIO,1395,106.05860848999579
INTERMEDIO,1396,124.12686915786735
INTERMEDIO,1397,153.10957949450057
INTERMEDIO,1398,140.46943185452608
INTERMEDIO,1399,140.10636836420707
INTERMEDIO,1400,140.10842757588262
INTERMEDIO,1401,149.29004955721487
INTERMEDIO,1402,148.39737271531044
INTERMEDIO,1403,139.08456284628963
INTERMEDIO,1404,120.34889367520023
INTERMEDIO,1405,140.10392252893791
INTERMEDIO,1406,145.90925727940296
INTERMEDIO,1407,144.41715400541378
INTERMEDIO,1408,127.97092378917787
INTERMEDIO,1409,116.77257719894558
INTERMEDIO,1410,141.44935265491512
INTERMEDIO,1411,140.65687860005943
INTERMEDIO,1412,157.47180322842416
INTERMEDIO,1413,137.98265786888845
INTERMEDIO,1414,158.366777848135
INTERMEDIO,1415,141.70596734527692
INTERMEDIO,1416,122.27069752920366
INTERMEDIO,1417,148.3331287694846
INTERMEDIO,1418,169.13675065331006
INTERMEDIO,1419,133.94058686769776
INTERMEDIO,1420,131.26328350318673
INTERMEDIO,1421,129.54902594442433
INTERMEDIO,1422,109.53533481399505
INTERMEDIO,1423,154.1296083863707
INTERMEDIO,1424,146.41625446184779
INTERMEDIO,1425,138.92755012828664
INTERMEDIO,1426,136.02054125227875
INTERMEDIO,1427,125.40485060084112
INTERMEDIO,1428,120.2784734430242
INTERMEDIO,1429,132.50701804766337
INTERMEDIO,1430,150.1453288531028
INTERMEDIO,1431,140.00578357537543
INTERMEDIO,1432,122.41588381147864
INTERMEDIO,1433,141.40024755001198
INTERMEDIO,1434,130.5450051858355
INTERMEDIO,1435,99.21285895557236
INTERMEDIO,1436,142.53286429523985
INTERMEDIO,1437,142.21547492355955
INTERMEDIO,1438,113.24127379540062
INTERMEDIO,1439,162.11632228716633
INTERMEDIO,1440,159.43806389724284
INTERMEDIO,1441,138.8138814626305
INTERMEDIO,1442,154.7203606128865
INTERMEDIO,1443,137.38901953547656
INTERMEDIO,1444,156.22003754584276
INTERMEDIO,1445,136.4595025462125
INTERMEDIO,1446,145.34563272782404
INTERMEDIO,1447,138.9406690258824
INTERMEDIO,1448,137.83365415648274
INTERMEDIO,1449,125.15401955710885
INTERMEDIO,1450,129.0728207941669
INTERMEDIO,1451,115.9340748543407
INTERMEDIO,1452,125.81000537015781
INTERMEDIO,1453,139.5543196747673
INTERMEDIO,1454,100.38818621322099
INTERMEDIO,1455,116.3159801394691
INTERMEDIO,1456,163.6783068559695
INTERMEDIO,1457,153.03528943335903
INTERMEDIO,1458,170.75683538067656
INTERMEDIO,1459,149.05812938760874
INTERMEDIO,1460,129.83963327098974
INTERMEDIO,1461,130.47063417385436
INTERMEDIO,1462,128.47019991948235
INTERMEDIO,1463,136.9729225988391
INTERMEDIO,1464,125.46319249800924
INTERMEDIO,1465,148.4467615055563
INTERMEDIO,1466,135.50983030041414
INTERMEDIO,1467,148.10207313593844
INTERMEDIO,1468,132.85724408783736
INTERMEDIO,1469,130.79352807344054
INTERMEDIO,1470,139.30157105603692
INTERMEDIO,1471,132.65183490718806
INTERMEDIO,1472,123.68278025216782
INTERMEDIO,1473,138.3907733264131
INTERMEDIO,1474,125.27367647515607
INTERMEDIO,1475,114.9219469601891
INTERMEDIO,1476,156.440532648297
INTERMEDIO,1477,135.68179135417168
INTERMEDIO,1478,154.81583620469607
INTERMEDIO,1479,130.75970870972262
INTERMEDIO,1480,145.96244128459844
INTERMEDIO,1481,128.3645454950895
INTERMEDIO,1482,140.45234680790378
INTERMEDIO,1483,102.79696004864304
INTERMEDIO,1484,126.5089337894701
INTERMEDIO,1485,169.15042910850354
INTERMEDIO,1486,153.29675470701483
INTERMEDIO,1487,172.08760520162787
INTERMEDIO,1488,145.83517421246268
INTERMEDIO,1489,126.63333645653535
INTERMEDIO,1490,122.4203806901116
INTERMEDIO,1491,151.819962808583
INTERMEDIO,1492,140.80362138543728
INTERMEDIO,1493,139.6490767591563
INTERMEDIO,1494,146.6632025140393
INTERMEDIO,1495,157.72268449736916
INTERMEDIO,1496,129.93645576134196
INTERMEDIO,1497,135.48147269657414
INTERMEDIO,1498,151.91286313211512
INTERMEDIO,1499,113.65226944628382
INTERMEDIO,1500,154.39939541106665
INTERMEDIO,1501,115.35170528100497
INTERMEDIO,1502,137.7301746340424
INTERMEDIO,1503,149.15995328379157
INTERMEDIO,1504,158.11277431911304
INTERMEDIO,1505,132.01742171403316
INTERMEDIO,1506,140.6880907360364
INTERMEDIO,1507,160.21221133848667
INTERMEDIO,1508,136.83006844499084
INTERMEDIO,1509,131.74114165780696
INTERMEDIO,1510,162.0645465835591
INTERMEDIO,1511,138.94938956980354
INTERMEDIO,1512,144.39940506561322
INTERMEDIO,1513,142.7484923996738
INTERMEDIO,1514,132.5053647232429
INTERMEDIO,1515,126.62954596716972
INTERMEDIO,1516,126.27912690913858
INTERMEDIO,1517,151.89918182502714
INTERMEDIO,1518,128.24109551340052
INTERMEDIO,1519,153.93761945244196
INTERMEDIO,1520,115.69915668239554
INTERMEDIO,1521,119.020538407281
INTERMEDIO,1522,113.7517781664474
INTERMEDIO,1523,161.44239030807032
INTERMEDIO,1524,123.27934495728331
INTERMEDIO,1525,135.8499051312974
INTERMEDIO,1526,100.73654214915321
INTERMEDIO,1527,154.04836664702216
INTERMEDIO,1528,132.24467875742516
INTERMEDIO,1529,133.6215880987919
INTERMEDIO,1530,125.44240664829452
INTERMEDIO,1531,173.3464599008979
INTERMEDIO,1532,112.24260967371072
INTERMEDIO,1533,116.7893472146233
INTERMEDIO,1534,107.42142275224167
INTERMEDIO,1535,141.16385423341745
INTERMEDIO,1536,150.39669967768376
INTERMEDIO,1537,145.78882768424123
INTERMEDIO,1538,139.94708276537008
INTERMEDIO,1539,152.2518985087995
INTERMEDIO,1540,142.8017924721393
INTERMEDIO,1541,132.85364335834936
INTERMEDIO,1542,137.7516781140952
INTERMEDIO,1543,136.44002638675676
INTERMEDIO,1544,141.88508152870688
INTERMEDIO,1545,148.53488818137984
INTERMEDIO,1546,160.0657840189292
INTERMEDIO,1547,155.33762180331829
INTERMEDIO,1548,132.00979706234122
INTERMEDIO,1549,125.42910302595445
INTERMEDIO,1550,152.23024291699414
INTERMEDIO,1551,143.14588257872722
INTERMEDIO,1552,112.89557084834388
INTERMEDIO,1553,145.33898053149395
INTERMEDIO,1554,132.2223766423543
INTERMEDIO,1555,146.819012252384
INTERMEDIO,1556,130.70315277339301
INTERMEDIO,1557,136.0485180302914
INTERMEDIO,1558,131.70383149928918
INTERMEDIO,1559,135.7519102064542
INTERMEDIO,1560,124.86943186584395
INTERMEDIO,1561,139.03607521484696
INTERMEDIO,1562,139.56891330379972
INTERMEDIO,1563,142.98873367665
INTERMEDIO,1564,151.08903989001715
INTERMEDIO,1565,143.28195490161815
INTERMEDIO,1566,127.70851161478211
INTERMEDIO,1567,145.35248404127276
INTERMEDIO,1568,138.14747073474075
INTERMEDIO,1569,143.74729359974546
INTERMEDIO,1570,135.96051309866118
INTERMEDIO,1571,129.96565514757287
INTERMEDIO,1572,135.6217597706828
INTERMEDIO,1573,128.0399389049157
INTERMEDIO,1574,159.77525673039293
INTERMEDIO,1575,141.45835952218937
INTERMEDIO,1576,114.37560401759809
INTERMEDIO,1577,128.8077471241057
INTERMEDIO,1578,125.66978663340538
INTERMEDIO,1579,158.36594953811428
INTERMEDIO,1580,117.40118085871283
INTERMEDIO,1581,125.7369707138756
INTERMEDIO,1582,125.80526947605743
INTERMEDIO,1583,139.08969103277212
INTERMEDIO,1584,145.23553529923748
INTERMEDIO,1585,137.99223369783093
INTERMEDIO,1586,149.52139707084754
INTERMEDIO,1587,144.6873680045797
INTERMEDIO,1588,137.3072897303313
INTERMEDIO,1589,143.31553494029365
INTERMEDIO,1590,124.7367019012156
INTERMEDIO,1591,139.4070416283762
INTERMEDIO,1592,164.49292274853997
INTERMEDIO,1593,127.61664666657975
INTERMEDIO,1594,138.9125216845991
INTERMEDIO,1595,116.71759215323489
INTERMEDIO,1596,141.00887686636378
INTERMEDIO,1597,125.91417452630694
INTERMEDIO,1598,148.85777508037046
INTERMEDIO,1599,146.2231739037518
INTERMEDIO,1600,174.7957076197703
INTERMEDIO,1601,105.36589533303841
INTERMEDIO,1602,119.29083311684329
INTERMEDIO,1603,127.97125698771343
INTERMEDIO,1604,137.30039343391746
INTERMEDIO,1605,130.8964067095633
INTERMEDIO,1606,152.50164079013
INTERMEDIO,1607,165.0337933678861
INTERMEDIO,1608,108.77469614132572
INTERMEDIO,1609,147.13886348387172
INTERMEDIO,1610,118.31227534201909
INTERMEDIO,1611,141.29642680042915
INTERMEDIO,1612,133.63927501579747
INTERMEDIO,1613,116.60985610627924
INTERMEDIO,1614,138.52351765421352
INTERMEDIO,1615,142.95363392723456
INTERMEDIO,1616,157.7369488880257
INTERMEDIO,1617,153.44617922419198
INTERMEDIO,1618,149.90780428206367
INTERMEDIO,1619,141.72929270206564
INTERMEDIO,1620,154.65425383013581
INTERMEDIO,1621,139.03885021324706
INTERMEDIO,1622,137.66068298323273
INTERMEDIO,1623,137.78957511236473
INTERMEDIO,1624,130.42309903960725
INTERMEDIO,1625,135.86445311592172
INTERMEDIO,1626,161.1981490596034
INTERMEDIO,1627,155.02389887141166
INTERMEDIO,1628,157.54107339149311
INTERMEDIO,1629,152.92048075431396
INTERMEDIO,1630,148.31295969464043
INTERMEDIO,1631,160.0206227230634
INTERMEDIO,1632,127.84329950522228
INTERMEDIO,1633,148.91602115348638
INTERMEDIO,1634,130.6248153532541
INTERMEDIO,1635,154.40675290025692
INTERMEDIO,1636,151.5196176561678
INTERMEDIO,1637,119.37623323905454
INTERMEDIO,1638,131.16984138235983
INTERMEDIO,1639,166.6881367726977
INTERMEDIO,1640,111.9942881447189
INTERMEDIO,1641,130.37033484100846
INTERMEDIO,1642,131.54489301243473
INTERMEDIO,1643,133.84935905995053
INTERMEDIO,1644,115.65214620151411
INTERMEDIO,1645,124.0875335771639
INTERMEDIO,1646,149.47148348669504
INTERMEDIO,1647,133.28657445170603
INTERMEDIO,1648,137.1025647149835
INTERMEDIO,1649,136.09339999800474
INTERMEDIO,1650,156.21593521016976
INTERMEDIO,1651,153.47764093249262
INTERMEDIO,1652,121.02465175015158
INTERMEDIO,1653,157.5124877111769
INTERMEDIO,1654,137.6130036926975
INTERMEDIO,1655,149.15919680691047
INTERMEDIO,1656,138.77836928627843
INTERMEDIO,1657,125.39015983342318
INTERMEDIO,1658,134.7398424929508
INTERMEDIO,1659,112.91763575910957
INTERMEDIO,1660,137.2632199225468
INTERMEDIO,1661,141.08238524265326
INTERMEDIO,1662,136.74743364954662
INTERMEDIO,1663,122.25148506983214
INTERMEDIO,1664,129.4787417335235
INTERMEDIO,1665,174.21099590691927
INTERMEDIO,1666,141.05459986183115
INTERMEDIO,1667,161.25800168277613
INTERMEDIO,1668,147.8345037321155
INTERMEDIO,1669,162.1532069034576
INTERMEDIO,1670,122.58592501288766
INTERMEDIO,1671,151.87143432564102
INTERMEDIO,1672,124.14773888235987
INTERMEDIO,1673,131.38843500333886
INTERMEDIO,1674,157.21048669770352
INTERMEDIO,1675,128.74813693327548
INTERMEDIO,1676,142.61710572562134
INTERMEDIO,1677,126.69126515463199
INTERMEDIO,1678,123.51801830533981
INTERMEDIO,1679,128.14689412220216
INTERMEDIO,1680,137.59261505894142
INTERMEDIO,1681,137.06562324502187
INTERMEDIO,1682,123.93817293796458
INTERMEDIO,1683,131.38464799673267
INTERMEDIO,1684,161.11040324677742
INTERMEDIO,1685,134.6513547432693
INTERMEDIO,1686,133.37815173856157
INTERMEDIO,1687,102.68814308635548
INTERMEDIO,1688,144.5332131323575
INTERMEDIO,1689,137.56036982421293
INTERMEDIO,1690,127.51864075680345
INTERMEDIO,1691,115.111753115417
INTERMEDIO,1692,138.31195457309897
INTERMEDIO,1693,137.78389629190633
INTERMEDIO,1694,128.00208568203743
INTERMEDIO,1695,135.2916446096737
INTERMEDIO,1696,125.39797771550545
INTERMEDIO,1697,134.22886511098343
INTERMEDIO,1698,138.52500546219875
INTERMEDIO,1699,140.14877694988974
INTERMEDIO,1700,128.08439496346392
INTERMEDIO,1701,145.25999823625867
INTERMEDIO,1702,133.7795333968341
INTERMEDIO,1703,123.9158718706217
INTERMEDIO,1704,156.45012068305738
INTERMEDIO,1705,124.4787783839169
INTERMEDIO,1706,136.53608643144753
INTERMEDIO,1707,129.50606462662196
INTERMEDIO,1708,134.82079847811576
INTERMEDIO,1709,149.17608506706463
INTERMEDIO,1710,135.71100881932279
INTERMEDIO,1711,139.0123129925056
INTERMEDIO,1712,152.60300324378656
INTERMEDIO,1713,158.38761406430714
INTERMEDIO,1714,108.7327214814247
INTERMEDIO,1715,124.33898585689005
INTERMEDIO,1716,135.5011936977399
INTERMEDIO,1717,151.74263831532627
INTERMEDIO,1718,124.30579450180177
INTERMEDIO,1719,162.4089386269905
INTERMEDIO,1720,132.64031995475796
INTERMEDIO,1721,158.0035931121458
INTERMEDIO,1722,137.84527643057783
INTERMEDIO,1723,129.607602953367
INTERMEDIO,1724,141.9060664559936
INTERMEDIO,1725,134.55187612734625
INTERMEDIO,1726,137.55967917961564
INTERMEDIO,1727,126.59586629055265
INTERMEDIO,1728,112.65611011625683
INTERMEDIO,1729,128.42015427508244
INTERMEDIO,1730,170.125992879584
INTERMEDIO,1731,153.80074820239687
INTERMEDIO,1732,142.3758427667874
INTERMEDIO,1733,132.01532679709211
INTERMEDIO,1734,162.27816099681604
INTERMEDIO,1735,128.04021095934507
INTERMEDIO,1736,140.65739067121606
INTERMEDIO,1737,131.4931645791213
INTERMEDIO,1738,121.42806303138266
INTERMEDIO,1739,155.05047020276265
INTERMEDIO,1740,147.34567822645954
INTERMEDIO,1741,124.76745417588815
INTERMEDIO,1742,128.49322291181832
INTERMEDIO,1743,140.57993900649856
INTERMEDIO,1744,130.91871998107845
INTERMEDIO,1745,135.2775750188515
INTERMEDIO,1746,157.15859284802377
INTERMEDIO,1747,148.49807119303532
INTERMEDIO,1748,132.49157739758837
INTERMEDIO,1749,149.98954322704523
INTERMEDIO,1750,139.56884995808946
INTERMEDIO,1751,144.2485015257921
INTERMEDIO,1752,153.13271404758444
INTERMEDIO,1753,141.3124257082805
INTERMEDIO,1754,130.0867365122728
INTERMEDIO,1755,132.3923484767418
INTERMEDIO,1756,138.13029878952327
INTERMEDIO,1757,145.26473942664833
INTERMEDIO,1758,122.22946317343246
INTERMEDIO,1759,149.86856659376977
INTERMEDIO,1760,153.13919201666334
INTERMEDIO,1761,141.7863698076196
INTERMEDIO,1762,109.38519354297284
INTERMEDIO,1763,116.41248598573635
INTERMEDIO,1764,144.4349201341048
INTERMEDIO,1765,131.50637100553158
INTERMEDIO,1766,119.01180203356945
INTERMEDIO,1767,131.08888678050118
INTERMEDIO,1768,146.32696892495244
INTERMEDIO,1769,155.5882517381198
INTERMEDIO,1770,155.2803215981881
INTERMEDIO,1771,160.0107002413829
INTERMEDIO,1772,164.41048176575674
INTERMEDIO,1773,130.4431343431648
INTERMEDIO,1774,151.1539813338315
INTERMEDIO,1775,144.8403371711342
INTERMEDIO,1776,167.94558429500697
INTERMEDIO,1777,127.1546317638649
INTERMEDIO,1778,142.36369365512328
INTERMEDIO,1779,157.3612128233113
INTERMEDIO,1780,148.4274473565019
INTERMEDIO,1781,125.8642556608561
INTERMEDIO,1782,147.39155466593525
INTERMEDIO,1783,138.1253390519469
INTERMEDIO,1784,151.35679976699086
INTERMEDIO,1785,143.7919884764584
INTERMEDIO,1786,129.1497543315346
INTERMEDIO,1787,122.09666034618589
INTERMEDIO,1788,144.22660844363298
INTERMEDIO,1789,151.78696217747716
INTERMEDIO,1790,126.96179687280532
INTERMEDIO,1791,140.23432363582825
INTERMEDIO,1792,147.07820667575223
INTERMEDIO,1793,129.3341650136056
INTERMEDIO,1794,123.58950951995844
INTERMEDIO,1795,117.15802736754154
INTERMEDIO,1796,138.84678530225392
INTERMEDIO,1797,119.996968230339
INTERMEDIO,1798,145.42643772016203
INTERMEDIO,1799,122.38576904005099
INTERMEDIO,1800,158.04900881184554
INTERMEDIO,1801,145.5300645612732
INTERMEDIO,1802,119.29744513724327
INTERMEDIO,1803,148.9762147247743
INTERMEDIO,1804,152.39991007366075
INTERMEDIO,1805,128.91380515367103
INTERMEDIO,1806,127.56045121077611
INTERMEDIO,1807,144.43924402318473
INTERMEDIO,1808,142.57716634132478
INTERMEDIO,1809,138.9731940299143
INTERMEDIO,1810,142.78562363035698
INTERMEDIO,1811,116.45711107119945
INTERMEDIO,1812,149.79816712711548
INTERMEDIO,1813,152.79285750484294
INTERMEDIO,1814,133.9206879436487
INTERMEDIO,1815,138.9930454977117
INTERMEDIO,1816,142.15159238379528
INTERMEDIO,1817,148.4420216583699
INTERMEDIO,1818,133.9084646208134
INTERMEDIO,1819,140.3360647913114
INTERMEDIO,1820,139.33195574149744
INTERMEDIO,1821,167.95180585844733
INTERMEDIO,1822,147.27350215172544
INTERMEDIO,1823,148.63058540838557
INTERMEDIO,1824,129.39699724205815
INTERMEDIO,1825,132.19521742689798
INTERMEDIO,1826,150.16836460348046
INTERMEDIO,1827,143.45919911639763
INTERMEDIO,1828,129.53486470228603
INTERMEDIO,1829,157.9209203881423
INTERMEDIO,1830,154.98996863845437
INTERMEDIO,1831,141.61963499410385
INTERMEDIO,1832,121.00088486218195
INTERMEDIO,1833,108.8809741514747
INTERMEDIO,1834,144.59210873933895
INTERMEDIO,1835,152.42366580096115
INTERMEDIO,1836,147.09118844573152
INTERMEDIO,1837,130.2534344509947
INTERMEDIO,1838,128.9838989381088
INTERMEDIO,1839,126.31234794913426
INTERMEDIO,1840,125.77049635929089
INTERMEDIO,1841,140.98266460869758
INTERMEDIO,1842,142.96280412420106
INTERMEDIO,1843,134.932307077394
INTERMEDIO,1844,145.35906348306355
INTERMEDIO,1845,147.4811359982721
INTERMEDIO,1846,135.8926852888698
INTERMEDIO,1847,134.82409048581366
INTERMEDIO,1848,118.48472927389409
INTERMEDIO,1849,136.5206830828449
INTERMEDIO,1850,176.39224016687083
INTERMEDIO,1851,129.12819977465847
INTERMEDIO,1852,141.68801677678974
INTERMEDIO,1853,133.5844206982691
INTERMEDIO,1854,158.75946085237712
INTERMEDIO,1855,147.59009197350937
INTERMEDIO,1856,131.51899485960803
INTERMEDIO,1857,138.00158431617493
INTERMEDIO,1858,136.4105972510774
INTERMEDIO,1859,134.5610467198096
INTERMEDIO,1860,142.75538109237988
INTERMEDIO,1861,161.00150851402907
INTERMEDIO,1862,132.26252280105433
INTERMEDIO,1863,131.9434492295336
INTERMEDIO,1864,150.3480018115829
INTERMEDIO,1865,151.1550060023082
INTERMEDIO,1866,171.74788975285765
INTERMEDIO,1867,129.18199904142244
INTERMEDIO,1868,133.37316837039333
INTERMEDIO,1869,123.65387926535217
INTERMEDIO,1870,150.92305846154346
INTERMEDIO,1871,146.1858225960737
INTERMEDIO,1872,137.35282403029905
INTERMEDIO,1873,118.50427693722753
INTERMEDIO,1874,137.66623845157966
INTERMEDIO,1875,114.99388364286071
INTERMEDIO,1876,158.85615252652894
INTERMEDIO,1877,143.29604722084727
INTERMEDIO,1878,140.65948070947346
INTERMEDIO,1879,124.97018180512106
INTERMEDIO,1880,160.21030772023076
INTERMEDIO,1881,125.92109982023692
INTERMEDIO,1882,158.64883088773448
INTERMEDIO,1883,132.15153305649648
INTERMEDIO,1884,134.74162953493263
INTERMEDIO,1885,143.80705395796627
INTERMEDIO,1886,110.98122197271621
INTERMEDIO,1887,130.49441884924232
INTERMEDIO,1888,139.08888587979925
INTERMEDIO,1889,130.9802275927959
INTERMEDIO,1890,140.70349850353585
INTERMEDIO,1891,135.35297004416964
INTERMEDIO,1892,144.3425211876677
INTERMEDIO,1893,135.45239015372061
INTERMEDIO,1894,124.75343689809293
INTERMEDIO,1895,109.97230697811148
INTERMEDIO,1896,153.03693050149877
INTERMEDIO,1897,152.98768405021127
INTERMEDIO,1898,131.97136226019694
INTERMEDIO,1899,138.3826803530804
INTERMEDIO,1900,141.22922902042
INTERMEDIO,1901,160.10507194806073
INTERMEDIO,1902,144.58931268700593
INTERMEDIO,1903,122.73965741079584
INTERMEDIO,1904,168.5328618026536
INTERMEDIO,1905,158.55998717223974
INTERMEDIO,1906,123.94209201501457
INTERMEDIO,1907,150.23240137509893
INTERMEDIO,1908,155.27031953735758
INTERMEDIO,1909,179.44263300401835
INTERMEDIO,1910,156.80438374783466
INTERMEDIO,1911,137.48614266976574
INTERMEDIO,1912,129.7789972486301
INTERMEDIO,1913,139.0497647049715
INTERMEDIO,1914,131.14365478145467
INTERMEDIO,1915,142.0567429684171
INTERMEDIO,1916,157.42910465445422
INTERMEDIO,1917,136.64480896343218
INTERMEDIO,1918,127.11687450021469
INTERMEDIO,1919,151.1617453204119
INTERMEDIO,1920,108.04140628686011
INTERMEDIO,1921,137.41809112839246
INTERMEDIO,1922,128.8249627138641
INTERMEDIO,1923,118.57526025972352
INTERMEDIO,1924,132.33020999131242
INTERMEDIO,1925,135.11451913747916
INTERMEDIO,1926,154.0345340131392
INTERMEDIO,1927,167.28007888180667
INTERMEDIO,1928,149.0759892967161
INTERMEDIO,1929,164.71631328657148
INTERMEDIO,1930,129.39252833218873
INTERMEDIO,1931,141.448028525851
INTERMEDIO,1932,135.70114414844383
INTERMEDIO,1933,153.35200482272208
INTERMEDIO,1934,146.7330185059944
INTERMEDIO,1935,148.71138949836475
INTERMEDIO,1936,141.95384821620533
INTERMEDIO,1937,125.55425638165372
INTERMEDIO,1938,121.32325978800962
INTERMEDIO,1939,146.05706882616602
INTERMEDIO,1940,127.39604067769042
INTERMEDIO,1941,164.45914536771173
INTERMEDIO,1942,129.22154327255808
INTERMEDIO,1943,137.2366035836867
INTERMEDIO,1944,167.97442082816121
INTERMEDIO,1945,132.5868921941471
INTERMEDIO,1946,149.3768891004263
INTERMEDIO,1947,117.79974784368501
INTERMEDIO,1948,128.54896001733192
INTERMEDIO,1949,155.15020638947132
INTERMEDIO,1950,139.87664860285332
INTERMEDIO,1951,138.72048370533412
INTERMEDIO,1952,143.2728541538725
INTERMEDIO,1953,163.1273768307691
INTERMEDIO,1954,133.04562960554492
INTERMEDIO,1955,136.86478474741295
INTERMEDIO,1956,172.51857643103267
INTERMEDIO,1957,131.3868460232903
INTERMEDIO,1958,146.80183732723458
INTERMEDIO,1959,152.5805721026034
INTERMEDIO,1960,148.2794022584255
INTERMEDIO,1961,120.97182911404825
INTERMEDIO,1962,145.04099758892409
INTERMEDIO,1963,138.34967798431734
INTERMEDIO,1964,146.59171814468417
INTERMEDIO,1965,125.63220759896646
INTERMEDIO,1966,160.5715467323009
INTERMEDIO,1967,131.23937240772025
INTERMEDIO,1968,154.94963999623732
INTERMEDIO,1969,145.5144779844208
INTERMEDIO,1970,157.66613002408337
INTERMEDIO,1971,144.52271464175254
INTERMEDIO,1972,125.31216482870094
INTERMEDIO,1973,142.4476349120958
INTERMEDIO,1974,142.58541758940677
INTERMEDIO,1975,145.11574537382407
INTERMEDIO,1976,140.22071855172385
INTERMEDIO,1977,138.21003277821103
INTERMEDIO,1978,139.15100932422223
INTERMEDIO,1979,147.57505817893013
INTERMEDIO,1980,133.9675903829823
INTERMEDIO,1981,125.26644476686299
INTERMEDIO,1982,164.13371507114456
INTERMEDIO,1983,129.85865473668744
INTERMEDIO,1984,142.96057621865592
INTERMEDIO,1985,151.56211892469102
INTERMEDIO,1986,126.45532756745018
INTERMEDIO,1987,145.00103150341113
INTERMEDIO,1988,138.4030541656139
INTERMEDIO,1989,138.8691465061944
INTERMEDIO,1990,143.49316056596098
INTERMEDIO,1991,155.85016608824535
INTERMEDIO,1992,154.60090864779133
INTERMEDIO,1993,146.78771981614221
INTERMEDIO,1994,142.88301991050167
INTERMEDIO,1995,136.42403487655605
INTERMEDIO,1996,133.36835414631207
INTERMEDIO,1997,113.1736814181938
INTERMEDIO,1998,133.1857643298361
INTERMEDIO,1999,139.66857704243773
INTERMEDIO,2000,127.10106378044034
INTERMEDIO,2001,145.34157078511828
INTERMEDIO,2002,146.8329371121994
INTERMEDIO,2003,150.17559822602044
INTERMEDIO,2004,118.81594473082717
INTERMEDIO,2005,118.41208013139435
INTERMEDIO,2006,145.52822568359187
INTERMEDIO,2007,149.46143169794456
INTERMEDIO,2008,121.33384955675565
INTERMEDIO,2009,157.07964857183407
INTERMEDIO,2010,130.457151838857
INTERMEDIO,2011,126.32147060479625
INTERMEDIO,2012,131.14973703037268
INTERMEDIO,2013,170.36914050406205
INTERMEDIO,2014,176.90481749438132
INTERMEDIO,2015,135.7041784792499
INTERMEDIO,2016,152.80688337953364
INTERMEDIO,2017,120.88836547372972
INTERMEDIO,2018,123.87280822004962
INTERMEDIO,2019,119.54360893077566
INTERMEDIO,2020,128.3167180135465
INTERMEDIO,2021,126.10105778213511
INTERMEDIO,2022,144.49843816902788
INTERMEDIO,2023,157.64375131989658
INTERMEDIO,2024,117.23306051082224
INTERMEDIO,2025,136.10983702379957
INTERMEDIO,2026,130.52917045475235
INTERMEDIO,2027,128.86453426601176
INTERMEDIO,2028,123.57736007863603
INTERMEDIO,2029,144.47182732491007
INTERMEDIO,2030,120.23691618381278
INTERMEDIO,2031,137.24452046686378
INTERMEDIO,2032,102.44351096052999
INTERMEDIO,2033,119.39787882962693
INTERMEDIO,2034,136.64937900300174
INTERMEDIO,2035,168.74332442298277
INTERMEDIO,2036,126.22151404817234
INTERMEDIO,2037,174.5696437946195
INTERMEDIO,2038,109.72894059179181
INTERMEDIO,2039,162.8471977156534
INTERMEDIO,2040,135.0058463052527
INTERMEDIO,2041,138.7336623415806
INTERMEDIO,2042,132.5004487683341
INTERMEDIO,2043,123.285563934152
INTERMEDIO,2044,135.25265888517774
INTERMEDIO,2045,118.67332256292448
INTERMEDIO,2046,162.81271086015064
INTERMEDIO,2047,114.1390683351066
INTERMEDIO,2048,136.7783250898199
INTERMEDIO,2049,114.847316956844
INTERMEDIO,2050,145.37350600201063
INTERMEDIO,2051,152.2871782693345
INTERMEDIO,2052,137.82409064317707
INTERMEDIO,2053,160.23891230726122
INTERMEDIO,2054,138.2763510927546
INTERMEDIO,2055,141.53652396050038
INTERMEDIO,2056,178.85598225072255
INTERMEDIO,2057,140.49133647945655
INTERMEDIO,2058,122.72589292675883
INTERMEDIO,2059,120.36321841086513
INTERMEDIO,2060,143.9714855746537
INTERMEDIO,2061,139.58393657743636
INTERMEDIO,2062,133.2457753703297
INTERMEDIO,2063,151.36013139825283
INTERMEDIO,2064,147.82695397621416
INTERMEDIO,2065,137.006005244998
INTERMEDIO,2066,135.1208449497496
INTERMEDIO,2067,177.45915177808686
INTERMEDIO,2068,154.9414226351732
INTERMEDIO,2069,131.1015324192414
INTERMEDIO,2070,171.39129807590137
INTERMEDIO,2071,125.48458669273612
INTERMEDIO,2072,133.23732457143282
INTERMEDIO,2073,141.08085752045062
INTERMEDIO,2074,141.76373454635495
INTERMEDIO,2075,150.10567583514833
INTERMEDIO,2076,135.13599957314383
INTERMEDIO,2077,133.59542491235004
INTERMEDIO,2078,123.1911988210105
INTERMEDIO,2079,128.1953236919339
INTERMEDIO,2080,118.39339181717115
INTERMEDIO,2081,122.59320276459786
INTERMEDIO,2082,163.57192830764933
INTERMEDIO,2083,129.26776749179072
INTERMEDIO,2084,137.97947028011913
INTERMEDIO,2085,141.92373164084415
INTERMEDIO,2086,135.86955916458862
INTERMEDIO,2087,129.77950137536368
INTERMEDIO,2088,146.64009516558502
INTERMEDIO,2089,154.73080768592504
INTERMEDIO,2090,126.4727319854419
INTERMEDIO,2091,158.52697107060567
INTERMEDIO,2092,126.27839670768279
INTERMEDIO,2093,171.35927726423316
INTERMEDIO,2094,162.91007885852065
INTERMEDIO,2095,145.82115965284706
INTERMEDIO,2096,134.8022205187794
INTERMEDIO,2097,146.88873712704276
INTERMEDIO,2098,163.54811626413957
INTERMEDIO,2099,102.77757320763571
INTERMEDIO,2100,139.33631849387967
INTERMEDIO,2101,108.66927018800368
INTERMEDIO,2102,151.73241131294827
INTERMEDIO,2103,125.93172033129247
INTERMEDIO,2104,131.15645637937777
INTERMEDIO,2105,147.24018099227382
INTERMEDIO,2106,136.57561141256394
INTERMEDIO,2107,109.5096703063455
INTERMEDIO,2108,147.8051033566927
INTERMEDIO,2109,124.95809890360162
INTERMEDIO,2110,131.32591328514388
INTERMEDIO,2111,122.97825603169966
INTERMEDIO,2112,119.32004859825518
INTERMEDIO,2113,132.4697239701937
INTERMEDIO,2114,145.273876589936
INTERMEDIO,2115,127.64526966137072
INTERMEDIO,2116,137.00955674461963
INTERMEDIO,2117,126.89242577696977
INTERMEDIO,2118,129.6701663498647
INTERMEDIO,2119,136.63317164462396
INTERMEDIO,2120,138.48178697008726
INTERMEDIO,2121,145.22868236634736
INTERMEDIO,2122,153.67935990165714
INTERMEDIO,2123,138.79700708478276
INTERMEDIO,2124,131.66234823984672
INTERMEDIO,2125,146.0414118556485
INTERMEDIO,2126,138.39939604090625
INTERMEDIO,2127,143.3926206470946
INTERMEDIO,2128,148.85211341984615
INTERMEDIO,2129,113.2738330676832
INTERMEDIO,2130,119.29977389794402
INTERMEDIO,2131,146.36598977375252
INTERMEDIO,2132,134.0841638000134
INTERMEDIO,2133,154.2857618887833
INTERMEDIO,2134,138.49052018827368
INTERMEDIO,2135,126.41125568253513
INTERMEDIO,2136,125.28124054504379
INTERMEDIO,2137,130.81117981843659
INTERMEDIO,2138,135.45181234384003
INTERMEDIO,2139,115.81398500186584
INTERMEDIO,2140,150.91185580987658
INTERMEDIO,2141,147.85445360813668
INTERMEDIO,2142,142.52311466373197
INTERMEDIO,2143,120.84756927336544
INTERMEDIO,2144,152.61885106239114
INTERMEDIO,2145,138.98011409292394
INTERMEDIO,2146,146.51401155383036
INTERMEDIO,2147,141.23126936486057
INTERMEDIO,2148,152.38896742612394
INTERMEDIO,2149,145.76782538051393
INTERMEDIO,2150,142.36170598667977
INTERMEDIO,2151,140.02491236528522
INTERMEDIO,2152,131.6342020687234
INTERMEDIO,2153,125.85975875589618
INTERMEDIO,2154,110.44646155241328
INTERMEDIO,2155,165.89510666571167
INTERMEDIO,2156,123.94122662959904
INTERMEDIO,2157,145.18097266805853
INTERMEDIO,2158,115.86425011152126
INTERMEDIO,2159,128.83472670813416
INTERMEDIO,2160,136.44017317102615
INTERMEDIO,2161,140.59534747968144
INTERMEDIO,2162,127.79130196691672
INTERMEDIO,2163,130.32994542559013
INTERMEDIO,2164,153.16890572259828
INTERMEDIO,2165,138.41960109985925
INTERMEDIO,2166,142.8946987147049
INTERMEDIO,2167,135.74169608926056
INTERMEDIO,2168,156.44568696822049
INTERMEDIO,2169,139.13047513643144
INTERMEDIO,2170,112.05499510788476
INTERMEDIO,2171,156.89268216320545
INTERMEDIO,2172,130.122064397652
INTERMEDIO,2173,140.7679533756958
INTERMEDIO,2174,135.50745046385526
INTERMEDIO,2175,133.6461933731604
INTERMEDIO,2176,125.44258047756485
INTERMEDIO,2177,150.06097792438166
INTERMEDIO,2178,140.88575590777438
INTERMEDIO,2179,148.78476783096022
INTERMEDIO,2180,137.49323704313505
INTERMEDIO,2181,141.26998691089648
INTERMEDIO,2182,130.62389208260305
INTERMEDIO,2183,152.45046240869277
INTERMEDIO,2184,139.86588834394374
INTERMEDIO,2185,154.73421687528534
INTERMEDIO,2186,139.267963889437
INTERMEDIO,2187,126.8354503882175
INTERMEDIO,2188,163.4264382454918
INTERMEDIO,2189,150.85820121173708
INTERMEDIO,2190,141.34226782822708
INTERMEDIO,2191,122.40882030311943
INTERMEDIO,2192,157.62792028623835
INTERMEDIO,2193,152.0648244796035
INTERMEDIO,2194,113.50971890776901
INTERMEDIO,2195,124.67585128115448
INTERMEDIO,2196,113.56477349749795
INTERMEDIO,2197,140.67274177288888
INTERMEDIO,2198,124.3044230373038
INTERMEDIO,2199,150.74412892152424
INTERMEDIO,2200,139.67679155768192
INTERMEDIO,2201,165.07578023634545
INTERMEDIO,2202,120.17233933670207
INTERMEDIO,2203,156.34589320809857
INTERMEDIO,2204,150.81220657812054
INTERMEDIO,2205,157.47463683061164
INTERMEDIO,2206,135.24986384732085
INTERMEDIO,2207,117.46989475155242
INTERMEDIO,2208,136.42494311344245
INTERMEDIO,2209,151.36820812323802
INTERMEDIO,2210,134.2895583244925
INTERMEDIO,2211,126.91434453166778
INTERMEDIO,2212,121.06149307614695
INTERMEDIO,2213,153.28718304957553
INTERMEDIO,2214,121.65865570252966
INTERMEDIO,2215,140.86920259867046
INTERMEDIO,2216,172.15398835871503
INTERMEDIO,2217,137.80330919515183
INTERMEDIO,2218,144.71258061300304
INTERMEDIO,2219,143.16991517503553
INTERMEDIO,2220,141.540325834022
INTERMEDIO,2221,132.46910496069742
INTERMEDIO,2222,124.18684298858396
INTERMEDIO,2223,157.49706193843363
INTERMEDIO,2224,138.55979406070563
INTERMEDIO,2225,133.97498729224904
INTERMEDIO,2226,150.14274771746884
INTERMEDIO,2227,129.5749172898109
INTERMEDIO,2228,154.38648918426995
INTERMEDIO,2229,139.3952177123361
INTERMEDIO,2230,155.05525636117866
INTERMEDIO,2231,126.94954914988426
INTERMEDIO,2232,131.35328601963934
INTERMEDIO,2233,126.62039743738605
INTERMEDIO,2234,128.95130739291145
INTERMEDIO,2235,141.27125645729143
INTERMEDIO,2236,170.3514713518141
INTERMEDIO,2237,127.91918612660979
INTERMEDIO,2238,114.53002926599441
INTERMEDIO,2239,142.06080933022358
INTERMEDIO,2240,145.90577561011193
INTERMEDIO,2241,149.52826113931383
INTERMEDIO,2242,131.2589522596628
INTERMEDIO,2243,118.8807869629309
INTERMEDIO,2244,148.92256308802928
INTERMEDIO,2245,152.74430510403047
INTERMEDIO,2246,139.76271198917323
INTERMEDIO,2247,144.16704907117943
INTERMEDIO,2248,115.92073498496339
INTERMEDIO,2249,156.0099098330735
INTERMEDIO,2250,149.51890287524753
INTERMEDIO,2251,134.95923871772592
INTERMEDIO,2252,127.02530625923528
INTERMEDIO,2253,142.30632890652652
INTERMEDIO,2254,123.73474563688394
INTERMEDIO,2255,112.12720520385109
INTERMEDIO,2256,145.59746365830503
INTERMEDIO,2257,141.10638559842596
INTERMEDIO,2258,123.61791161061315
INTERMEDIO,2259,136.77706648978173
INTERMEDIO,2260,129.56772894082502
INTERMEDIO,2261,132.2614562748761
INTERMEDIO,2262,131.7231746716602
INTERMEDIO,2263,137.92572340058032
INTERMEDIO,2264,135.82367951956434
INTERMEDIO,2265,134.28375358718083
INTERMEDIO,2266,131.62520420611682
INTERMEDIO,2267,127.75703469908444
INTERMEDIO,2268,124.70374914273128
INTERMEDIO,2269,174.83002297143943
INTERMEDIO,2270,190.26569418663044
INTERMEDIO,2271,154.21421830871597
INTERMEDIO,2272,164.789772730726
INTERMEDIO,2273,158.0305924388462
INTERMEDIO,2274,147.50782786824394
INTERMEDIO,2275,124.0606823616785
INTERMEDIO,2276,153.70797937766818
INTERMEDIO,2277,138.10525498599208
INTERMEDIO,2278,130.4655384517303
INTERMEDIO,2279,138.58494135067414
INTERMEDIO,2280,162.5777603469187
INTERMEDIO,2281,159.15514394816455
INTERMEDIO,2282,132.76633935384604
INTERMEDIO,2283,154.2413476893457
INTERMEDIO,2284,106.60429889538969
INTERMEDIO,2285,134.0637240520187
INTERMEDIO,2286,128.63880228124341
INTERMEDIO,2287,141.06312406529847
INTERMEDIO,2288,143.26773858147902
INTERMEDIO,2289,133.63327547795816
INTERMEDIO,2290,132.41873618540387
INTERMEDIO,2291,127.5448992612355
INTERMEDIO,2292,123.55426493486553
INTERMEDIO,2293,162.7419979206337
INTERMEDIO,2294,142.36202148365885
INTERMEDIO,2295,132.00313971084861
INTERMEDIO,2296,149.82417430487226
INTERMEDIO,2297,168.8031129680467
INTERMEDIO,2298,127.86606954425592
INTERMEDIO,2299,133.8145817626687
INTERMEDIO,2300,157.10167093696924
INTERMEDIO,2301,151.6387644942526
INTERMEDIO,2302,139.38411471887574
INTERMEDIO,2303,170.78109630330576
INTERMEDIO,2304,151.04115492003476
INTERMEDIO,2305,135.17021761600955
INTERMEDIO,2306,137.7840078958381
INTERMEDIO,2307,137.4962435400999
INTERMEDIO,2308,141.10238207994686
INTERMEDIO,2309,151.85318637376417
INTERMEDIO,2310,129.78706781626184
INTERMEDIO,2311,149.41361097607134
INTERMEDIO,2312,140.0438363995334
INTERMEDIO,2313,134.15073226246432
INTERMEDIO,2314,116.21796055062603
INTERMEDIO,2315,125.21231371866452
INTERMEDIO,2316,122.1077527190207
INTERMEDIO,2317,126.84396735221759
INTERMEDIO,2318,113.48466701587559
INTERMEDIO,2319,125.186062435273
INTERMEDIO,2320,135.56967069634317
INTERMEDIO,2321,146.56901340357643
INTERMEDIO,2322,131.10333310145236
INTERMEDIO,2323,140.2737302471238
INTERMEDIO,2324,142.45710111712555
INTERMEDIO,2325,127.39677061664176
INTERMEDIO,2326,108.14129909862096
INTERMEDIO,2327,158.03365191073178
INTERMEDIO,2328,142.92839858662379
INTERMEDIO,2329,144.38795108482617
INTERMEDIO,2330,115.761789392364
INTERMEDIO,2331,129.6717963176774
INTERMEDIO,2332,142.65291558310068
INTERMEDIO,2333,125.26485694891642
INTERMEDIO,2334,124.50124006661123
INTERMEDIO,2335,133.66173271805792
INTERMEDIO,2336,139.69542034992529
INTERMEDIO,2337,121.94606191556261
INTERMEDIO,2338,131.29533406482489
INTERMEDIO,2339,135.46945710409352
INTERMEDIO,2340,128.38323868671495
INTERMEDIO,2341,150.39424187173168
INTERMEDIO,2342,150.7040400080276
INTERMEDIO,2343,107.33643222650716
INTERMEDIO,2344,154.81861991694075
INTERMEDIO,2345,140.98041304382528
INTERMEDIO,2346,148.01270386383376
INTERMEDIO,2347,145.2067861631226
INTERMEDIO,2348,141.91741973209542
INTERMEDIO,2349,112.812312183791
INTERMEDIO,2350,109.33291729382061
INTERMEDIO,2351,136.60093486718108
INTERMEDIO,2352,125.07040514620594
INTERMEDIO,2353,112.6302970766575
INTERMEDIO,2354,128.73268779893564
INTERMEDIO,2355,131.12290548740495
INTERMEDIO,2356,109.29323472432765
INTERMEDIO,2357,138.91885971698875
INTERMEDIO,2358,135.77510678456508
INTERMEDIO,2359,175.44354264284706
INTERMEDIO,2360,125.94729688840802
INTERMEDIO,2361,148.47616750535713
INTERMEDIO,2362,135.47919782562042
INTERMEDIO,2363,120.52030161052568
INTERMEDIO,2364,135.033142487821
INTERMEDIO,2365,131.04704523550475
INTERMEDIO,2366,137.3965300553205
INTERMEDIO,2367,129.7184511854579
INTERMEDIO,2368,123.21580710424816
INTERMEDIO,2369,142.03552310135623
INTERMEDIO,2370,133.29367484937256
INTERMEDIO,2371,155.83129106662747
INTERMEDIO,2372,138.5126316987699
INTERMEDIO,2373,136.227711245935
INTERMEDIO,2374,120.93012867788283
INTERMEDIO,2375,170.41835681343335
INTERMEDIO,2376,149.5274064736119
INTERMEDIO,2377,98.44207221309345
INTERMEDIO,2378,155.6512329877933
INTERMEDIO,2379,154.86402563991635
INTERMEDIO,2380,143.08396770725844
INTERMEDIO,2381,121.41181487766686
INTERMEDIO,2382,120.32516053969728
INTERMEDIO,2383,124.53290089542449
INTERMEDIO,2384,103.74088536665252
INTERMEDIO,2385,111.90725777748028
INTERMEDIO,2386,150.78013178183585
INTERMEDIO,2387,142.00932620387857
INTERMEDIO,2388,115.0341445190235
INTERMEDIO,2389,135.49983023376342
INTERMEDIO,2390,132.1998103318273
INTERMEDIO,2391,153.99489798546784
INTERMEDIO,2392,138.9099926333501
INTERMEDIO,2393,178.89551205560605
INTERMEDIO,2394,145.6372676603827
INTERMEDIO,2395,160.72441123312376
INTERMEDIO,2396,147.0325524949727
INTERMEDIO,2397,160.61609681763903
INTERMEDIO,2398,136.46096929105335
INTERMEDIO,2399,140.58950772110796
INTERMEDIO,2400,111.41295651856153
INTERMEDIO,2401,140.0491400531746
INTERMEDIO,2402,138.42205143376412
INTERMEDIO,2403,159.77394492836248
INTERMEDIO,2404,144.5492708230537
INTERMEDIO,2405,138.45081877212675
INTERMEDIO,2406,149.1047725546007
INTERMEDIO,2407,138.46429539374964
INTERMEDIO,2408,176.01023874919832
INTERMEDIO,2409,170.64065827464307
INTERMEDIO,2410,162.06047114887298
INTERMEDIO,2411,145.06983890171415
INTERMEDIO,2412,131.03399482778661
INTERMEDIO,2413,149.20730586121906
INTERMEDIO,2414,147.87961048319983
INTERMEDIO,2415,159.36752192492304
INTERMEDIO,2416,134.27218416550156
INTERMEDIO,2417,143.17105961405355
INTERMEDIO,2418,122.54702670088525
INTERMEDIO,2419,129.0871733592861
INTERMEDIO,2420,118.91638486585448
INTERMEDIO,2421,127.24360926388597
INTERMEDIO,2422,142.41738604193628
INTERMEDIO,2423,134.11057352288432
INTERMEDIO,2424,146.6807605733561
INTERMEDIO,2425,138.45135137537895
INTERMEDIO,2426,127.40991368533513
INTERMEDIO,2427,124.448196155152
INTERMEDIO,2428,138.5990946722526
INTERMEDIO,2429,129.0932892713475
INTERMEDIO,2430,139.73777356982743
INTERMEDIO,2431,118.21330744266582
INTERMEDIO,2432,128.52302143676485
INTERMEDIO,2433,174.79826888098015
INTERMEDIO,2434,126.36955907515502
INTERMEDIO,2435,113.87367577631005
INTERMEDIO,2436,125.21333199885603
INTERMEDIO,2437,167.83656663787457
INTERMEDIO,2438,142.49271477164365
INTERMEDIO,2439,175.49569577481836
INTERMEDIO,2440,131.4491856760198
INTERMEDIO,2441,132.6642806367166
INTERMEDIO,2442,156.7416561841511
INTERMEDIO,2443,150.1641379778555
INTERMEDIO,2444,129.9885514183323
INTERMEDIO,2445,135.0291285063067
INTERMEDIO,2446,127.69021528109954
INTERMEDIO,2447,111.45280692305356
INTERMEDIO,2448,151.1048697219949
INTERMEDIO,2449,143.49820024603764
INTERMEDIO,2450,154.00037173966248
INTERMEDIO,2451,145.7061805712526
INTERMEDIO,2452,147.2479896928949
INTERMEDIO,2453,129.19102622478835
INTERMEDIO,2454,144.069141630825
INTERMEDIO,2455,109.86904711027239
INTERMEDIO,2456,148.77610595060165
INTERMEDIO,2457,132.16845841609796
INTERMEDIO,2458,149.87878273574063
INTERMEDIO,2459,140.01944443802893
INTERMEDIO,2460,169.92476681394868
INTERMEDIO,2461,148.16425362577058
INTERMEDIO,2462,139.92144311056174
INTERMEDIO,2463,117.68391722449599
INTERMEDIO,2464,142.13213041659125
INTERMEDIO,2465,131.415433485486
INTERMEDIO,2466,141.30539064906642
INTERMEDIO,2467,154.99450576258795
INTERMEDIO,2468,150.95346443709553
INTERMEDIO,2469,138.36418522152852
INTERMEDIO,2470,132.92431092270596
INTERMEDIO,2471,148.80837341041502
INTERMEDIO,2472,135.1691727028783
INTERMEDIO,2473,124.80907097043651
INTERMEDIO,2474,121.1227902280777
INTERMEDIO,2475,130.31328306573567
INTERMEDIO,2476,147.9012256723474
INTERMEDIO,2477,155.70605518640102
INTERMEDIO,2478,151.55701881177197
INTERMEDIO,2479,126.5471789064501
INTERMEDIO,2480,156.27159060352542
INTERMEDIO,2481,133.5727987279454
INTERMEDIO,2482,141.4806701804475
INTERMEDIO,2483,126.74569890246431
INTERMEDIO,2484,125.32580194981877
INTERMEDIO,2485,137.80384908433862
INTERMEDIO,2486,139.34365562412262
INTERMEDIO,2487,149.02732668131546
INTERMEDIO,2488,146.68921085161227
INTERMEDIO,2489,140.52618764991706
INTERMEDIO,2490,151.1783836918918
INTERMEDIO,2491,152.68041344215794
INTERMEDIO,2492,150.41853893479043
INTERMEDIO,2493,137.94966331482817
INTERMEDIO,2494,127.86527315153339
INTERMEDIO,2495,140.15020258328462
INTERMEDIO,2496,152.60418876072524
INTERMEDIO,2497,118.4013233108205
INTERMEDIO,2498,129.22852493740857
INTERMEDIO,2499,147.60730965763972
INTERMEDIO,2500,124.79049727506985
INTERMEDIO,2501,150.92895641735032
INTERMEDIO,2502,128.86982430780927
INTERMEDIO,2503,117.3841641246017
INTERMEDIO,2504,141.448066283282
INTERMEDIO,2505,126.30821843517673
INTERMEDIO,2506,142.76662292282586
INTERMEDIO,2507,154.43625622321932
INTERMEDIO,2508,136.05164472759262
INTERMEDIO,2509,118.8180637989534
INTERMEDIO,2510,139.26129762870437
INTERMEDIO,2511,151.0950828541899
INTERMEDIO,2512,113.62964330186082
INTERMEDIO,2513,144.6146504094715
INTERMEDIO,2514,122.08854277628332
INTERMEDIO,2515,134.0501828863241
INTERMEDIO,2516,131.20869047593766
INTERMEDIO,2517,121.99896561267774
INTERMEDIO,2518,148.3353395072325
INTERMEDIO,2519,155.58948450364835
INTERMEDIO,2520,173.61326473379393
INTERMEDIO,2521,149.32111177835287
INTERMEDIO,2522,131.2581882737524
INTERMEDIO,2523,160.80625210319718
INTERMEDIO,2524,166.2764210601658
INTERMEDIO,2525,136.1047348706282
INTERMEDIO,2526,132.29069104633524
INTERMEDIO,2527,110.31152716368723
INTERMEDIO,2528,136.3668309455818
INTERMEDIO,2529,143.49865941929892
INTERMEDIO,2530,143.59015281517793
INTERMEDIO,2531,169.01748360596355
INTERMEDIO,2532,121.93062507695014
INTERMEDIO,2533,129.26769773387855
INTERMEDIO,2534,127.86909158496672
INTERMEDIO,2535,155.39618216594204
INTERMEDIO,2536,140.57278821967108
INTERMEDIO,2537,120.97427403405261
INTERMEDIO,2538,136.4325890470114
INTERMEDIO,2539,153.9101375869475
INTERMEDIO,2540,149.25867663143896
INTERMEDIO,2541,139.1888339119059
INTERMEDIO,2542,132.19379983698533
INTERMEDIO,2543,126.16928807040959
INTERMEDIO,2544,123.78906483203694
INTERMEDIO,2545,165.52499339308446
INTERMEDIO,2546,136.84258852415402
INTERMEDIO,2547,151.44901820060943
INTERMEDIO,2548,133.55349014760336
INTERMEDIO,2549,139.760878721837
INTERMEDIO,2550,161.07801911826624
INTERMEDIO,2551,137.26374484503114
INTERMEDIO,2552,134.53791595479015
INTERMEDIO,2553,153.36871460989772
INTERMEDIO,2554,155.31466967242096
INTERMEDIO,2555,158.75352529528894
INTERMEDIO,2556,156.19600802077318
INTERMEDIO,2557,131.5285631319728
INTERMEDIO,2558,152.80495538374694
INTERMEDIO,2559,138.99313270951387
INTERMEDIO,2560,133.72565020172254
INTERMEDIO,2561,114.40115064708519
INTERMEDIO,2562,126.37077873385552
INTERMEDIO,2563,126.38439090661615
INTERMEDIO,2564,116.01944007755597
INTERMEDIO,2565,130.9435861611639
INTERMEDIO,2566,124.06584335576056
INTERMEDIO,2567,117.64653401887035
INTERMEDIO,2568,162.79804342629436
INTERMEDIO,2569,137.6522717301741
INTERMEDIO,2570,139.26493512099108
INTERMEDIO,2571,130.60713087297182
INTERMEDIO,2572,128.31398257366635
INTERMEDIO,2573,131.66568566485452
INTERMEDIO,2574,156.13835610705226
INTERMEDIO,2575,179.06910588554916
INTERMEDIO,2576,106.42706142093355
INTERMEDIO,2577,121.46898882798804
INTERMEDIO,2578,132.3690323934404
INTERMEDIO,2579,131.38260919446643
INTERMEDIO,2580,119.88090312392012
INTERMEDIO,2581,136.6496550927414
INTERMEDIO,2582,144.51225626441337
INTERMEDIO,2583,145.5072194244137
INTERMEDIO,2584,112.16391141825366
INTERMEDIO,2585,161.57190167740697
INTERMEDIO,2586,146.7621091084498
INTERMEDIO,2587,147.6465845740903
INTERMEDIO,2588,137.60722512856896
INTERMEDIO,2589,116.19771570645611
INTERMEDIO,2590,122.15080142408401
INTERMEDIO,2591,145.86947011185148
INTERMEDIO,2592,162.23044651253696
INTERMEDIO,2593,153.30138679795385
INTERMEDIO,2594,134.7880418379768
INTERMEDIO,2595,126.33402237124639
INTERMEDIO,2596,146.93740783021255
INTERMEDIO,2597,123.41070413926425
INTERMEDIO,2598,125.67923115043207
INTERMEDIO,2599,157.2263829613993
INTERMEDIO,2600,132.89144104028517
INTERMEDIO,2601,145.7950256080459
INTERMEDIO,2602,134.1231567827154
INTERMEDIO,2603,105.12665327619646
INTERMEDIO,2604,115.70831358270424
INTERMEDIO,2605,132.49628690692887
INTERMEDIO,2606,170.5157406069432
INTERMEDIO,2607,145.81540031843952
INTERMEDIO,2608,139.61511698873528
INTERMEDIO,2609,124.55717925143863
INTERMEDIO,2610,129.13974857591455
INTERMEDIO,2611,123.86097585507542
INTERMEDIO,2612,150.46093025834205
INTERMEDIO,2613,142.42128244719504
INTERMEDIO,2614,134.58361718215585
INTERMEDIO,2615,128.98199362182126
INTERMEDIO,2616,146.96773629176425
INTERMEDIO,2617,124.88897742752718
INTERMEDIO,2618,128.91248855125434
INTERMEDIO,2619,128.9141386359491
INTERMEDIO,2620,132.18992706940026
INTERMEDIO,2621,151.2392593939332
INTERMEDIO,2622,128.11055647345916
INTERMEDIO,2623,125.52464775178446
INTERMEDIO,2624,141.8991251635616
INTERMEDIO,2625,139.67915125383993
INTERMEDIO,2626,135.51321402735798
INTERMEDIO,2627,130.71416848432747
INTERMEDIO,2628,155.3725885060606
INTERMEDIO,2629,129.49186060202658
INTERMEDIO,2630,135.27994162387066
INTERMEDIO,2631,139.04511964933283
INTERMEDIO,2632,146.32575610226948
INTERMEDIO,2633,139.38460240671802
INTERMEDIO,2634,136.11710834639163
INTERMEDIO,2635,142.25539977586942
INTERMEDIO,2636,129.1656822102824
INTERMEDIO,2637,125.01519323033429
INTERMEDIO,2638,157.68237248441446
INTERMEDIO,2639,137.0199781327561
INTERMEDIO,2640,139.60748468800125
INTERMEDIO,2641,136.6218801084418
INTERMEDIO,2642,144.8520166797538
INTERMEDIO,2643,148.02651131872568
INTERMEDIO,2644,124.91253553667113
INTERMEDIO,2645,134.05835812784062
INTERMEDIO,2646,139.7426503895592
INTERMEDIO,2647,133.92961222758035
INTERMEDIO,2648,135.04809944740308
INTERMEDIO,2649,136.86673716821488
INTERMEDIO,2650,124.94932362107475
INTERMEDIO,2651,128.48829705288563
INTERMEDIO,2652,159.30786353380333
INTERMEDIO,2653,137.9726237265448
INTERMEDIO,2654,141.8224260552212
INTERMEDIO,2655,123.1831781094027
INTERMEDIO,2656,141.49504746793377
INTERMEDIO,2657,129.90574223260325
INTERMEDIO,2658,145.54793641613455
INTERMEDIO,2659,147.92983310506074
INTERMEDIO,2660,118.89961849246521
INTERMEDIO,2661,147.80987482927324
INTERMEDIO,2662,115.1445941350656
INTERMEDIO,2663,141.73981559019043
INTERMEDIO,2664,123.82684897668659
INTERMEDIO,2665,153.0280777571499
INTERMEDIO,2666,139.68392008809641
INTERMEDIO,2667,124.51606257866098
INTERMEDIO,2668,137.21580776653917
INTERMEDIO,2669,133.8454494733806
INTERMEDIO,2670,129.32671575970662
INTERMEDIO,2671,125.2486938719873
INTERMEDIO,2672,170.75208000839282
INTERMEDIO,2673,123.27800781750696
INTERMEDIO,2674,146.99734287918517
INTERMEDIO,2675,138.3708424579336
INTERMEDIO,2676,103.78915255236319
INTERMEDIO,2677,126.17067360739442
INTERMEDIO,2678,130.61222133608052
INTERMEDIO,2679,156.91189520910774
INTERMEDIO,2680,146.7151732128182
INTERMEDIO,2681,109.39550653129143
INTERMEDIO,2682,153.60952212140256
INTERMEDIO,2683,140.81130021319558
INTERMEDIO,2684,126.44767544998513
INTERMEDIO,2685,138.37362596632454
INTERMEDIO,2686,147.1538897340331
INTERMEDIO,2687,141.2281276749173
INTERMEDIO,2688,130.85654629908655
INTERMEDIO,2689,148.87500769356842
INTERMEDIO,2690,144.576393795524
INTERMEDIO,2691,155.04234942028802
INTERMEDIO,2692,149.35029347325732
INTERMEDIO,2693,147.58495972178977
INTERMEDIO,2694,121.48916705693344
INTERMEDIO,2695,128.78071201213254
INTERMEDIO,2696,143.3524392161379
INTERMEDIO,2697,159.93353612727813
INTERMEDIO,2698,159.99143943215938
INTERMEDIO,2699,122.32243286940935
INTERMEDIO,2700,124.30056547829486
INTERMEDIO,2701,139.1385887532074
INTERMEDIO,2702,158.72745231762445
INTERMEDIO,2703,126.38532619458356
INTERMEDIO,2704,138.3688570510035
INTERMEDIO,2705,126.60855670480029
INTERMEDIO,2706,154.14631895324564
INTERMEDIO,2707,133.9786023432669
INTERMEDIO,2708,121.51658061334936
INTERMEDIO,2709,144.48934421167775
INTERMEDIO,2710,150.30323861492502
INTERMEDIO,2711,160.63867931301453
INTERMEDIO,2712,122.46197272508026
INTERMEDIO,2713,164.29441786638174
INTERMEDIO,2714,136.30257623528234
INTERMEDIO,2715,129.20729371854404
INTERMEDIO,2716,132.42467025602664
INTERMEDIO,2717,134.03051637777918
INTERMEDIO,2718,134.64272722597212
INTERMEDIO,2719,137.53078243302295
INTERMEDIO,2720,161.50307845366564
INTERMEDIO,2721,136.28411558348253
INTERMEDIO,2722,121.13827223741075
INTERMEDIO,2723,145.33549134873982
INTERMEDIO,2724,151.1354268354096
INTERMEDIO,2725,137.5596627439682
INTERMEDIO,2726,139.20206914705955
INTERMEDIO,2727,140.153370368438
INTERMEDIO,2728,128.3619986014404
INTERMEDIO,2729,139.26339740416242
INTERMEDIO,2730,165.87014781217232
INTERMEDIO,2731,150.43087204893158
INTERMEDIO,2732,137.21038329211427
INTERMEDIO,2733,151.34082641687982
INTERMEDIO,2734,133.28680067849027
INTERMEDIO,2735,117.43278452174962
INTERMEDIO,2736,142.53270588889023
INTERMEDIO,2737,126.24405956522469
INTERMEDIO,2738,135.38774612755205
INTERMEDIO,2739,108.71817358882326
INTERMEDIO,2740,141.26975334948682
INTERMEDIO,2741,155.33966589223752
INTERMEDIO,2742,132.2143438863182
INTERMEDIO,2743,113.92373397937367
INTERMEDIO,2744,124.88364181638073
INTERMEDIO,2745,122.27772022059321
INTERMEDIO,2746,136.60875853219443
INTERMEDIO,2747,150.4682585513134
INTERMEDIO,2748,144.8015744206467
INTERMEDIO,2749,129.15896594793244
INTERMEDIO,2750,145.32636489485736
INTERMEDIO,2751,116.56946249464164
INTERMEDIO,2752,148.29918913308575
INTERMEDIO,2753,150.4953573248866
INTERMEDIO,2754,127.41648649688229
INTERMEDIO,2755,125.12950855109962
INTERMEDIO,2756,126.64710228431488
INTERMEDIO,2757,133.66078127845722
INTERMEDIO,2758,129.21815978466623
INTERMEDIO,2759,117.6371424636665
INTERMEDIO,2760,159.5264244934269
INTERMEDIO,2761,155.59050677384477
INTERMEDIO,2762,150.5620584148529
INTERMEDIO,2763,138.92428481688785
INTERMEDIO,2764,125.88354468135167
INTERMEDIO,2765,131.83699460996203
INTERMEDIO,2766,125.50470440186503
INTERMEDIO,2767,158.48966532925033
INTERMEDIO,2768,130.54114524931987
INTERMEDIO,2769,151.7025757024
INTERMEDIO,2770,123.21630815811567
INTERMEDIO,2771,140.40446384144965
INTERMEDIO,2772,131.56691836871167
INTERMEDIO,2773,150.01292239537128
INTERMEDIO,2774,123.20155679975403
INTERMEDIO,2775,146.74633685850546
INTERMEDIO,2776,150.43283023175104
INTERMEDIO,2777,154.7969348383292
INTERMEDIO,2778,139.3764988717185
INTERMEDIO,2779,152.21382539467473
INTERMEDIO,2780,149.41200195563795
INTERMEDIO,2781,147.1078010348305
INTERMEDIO,2782,133.28447699788643
INTERMEDIO,2783,140.1693408910937
INTERMEDIO,2784,144.4288733590661
INTERMEDIO,2785,144.1939556681497
INTERMEDIO,2786,138.06437502057287
INTERMEDIO,2787,147.17695619883054
INTERMEDIO,2788,119.09610907161965
INTERMEDIO,2789,147.08434093007511
INTERMEDIO,2790,141.42158209545983
INTERMEDIO,2791,145.00567359460712
INTERMEDIO,2792,143.068647417036
INTERMEDIO,2793,142.79682310579048
INTERMEDIO,2794,127.43939752333176
INTERMEDIO,2795,141.51125185167416
INTERMEDIO,2796,125.1220934449693
INTERMEDIO,2797,139.93432680974954
INTERMEDIO,2798,125.9791478939894
INTERMEDIO,2799,128.27824998375647
INTERMEDIO,2800,153.6293136728166
INTERMEDIO,2801,113.86668983122892
INTERMEDIO,2802,110.54760425404032
INTERMEDIO,2803,143.49633062399485
INTERMEDIO,2804,146.2800429136142
INTERMEDIO,2805,148.3211388000392
INTERMEDIO,2806,133.6394308730621
INTERMEDIO,2807,141.55022399481933
INTERMEDIO,2808,141.0213045493899
INTERMEDIO,2809,128.6487301890137
INTERMEDIO,2810,127.34603130116047
INTERMEDIO,2811,160.5848943126673
INTERMEDIO,2812,139.7074040760178
INTERMEDIO,2813,137.82132334146513
INTERMEDIO,2814,158.94455200260413
INTERMEDIO,2815,149.20731605380968
INTERMEDIO,2816,170.1575612069153
INTERMEDIO,2817,148.21208288509348
INTERMEDIO,2818,114.19775274554306
INTERMEDIO,2819,147.27618565058043
INTERMEDIO,2820,139.60977605525787
INTERMEDIO,2821,136.6589008286948
INTERMEDIO,2822,154.679369105827
INTERMEDIO,2823,140.91015583030753
INTERMEDIO,2824,135.60611456620913
INTERMEDIO,2825,122.33614086122225
INTERMEDIO,2826,150.45783628601168
INTERMEDIO,2827,141.8742000924925
INTERMEDIO,2828,135.65200177819293
INTERMEDIO,2829,138.85622101816818
INTERMEDIO,2830,150.23583404589402
INTERMEDIO,2831,155.61779282775825
INTERMEDIO,2832,131.45643551710333
INTERMEDIO,2833,149.7942187162646
INTERMEDIO,2834,119.43012939247454
INTERMEDIO,2835,163.86174053324075
INTERMEDIO,2836,137.5245062284864
INTERMEDIO,2837,131.56646380291596
INTERMEDIO,2838,130.3359763643057
INTERMEDIO,2839,125.78395527580611
INTERMEDIO,2840,130.36157060967923
INTERMEDIO,2841,126.81345081394147
INTERMEDIO,2842,142.9825187580965
INTERMEDIO,2843,127.14607388369654
INTERMEDIO,2844,131.8523765064709
INTERMEDIO,2845,158.01319727427133
INTERMEDIO,2846,131.67777206760857
INTERMEDIO,2847,142.32665714949044
INTERMEDIO,2848,146.52300695008307
INTERMEDIO,2849,147.43687486176682
INTERMEDIO,2850,125.90402723306875
INTERMEDIO,2851,153.25479179989344
INTERMEDIO,2852,141.20292563190216
INTERMEDIO,2853,144.4062000460726
INTERMEDIO,2854,144.85677001726265
INTERMEDIO,2855,142.34358863226691
INTERMEDIO,2856,128.52946522855956
INTERMEDIO,2857,141.10107579630636
INTERMEDIO,2858,159.26846361338207
INTERMEDIO,2859,144.20194083289854
INTERMEDIO,2860,156.74374311465675
INTERMEDIO,2861,156.2562114941304
INTERMEDIO,2862,132.9405735895573
INTERMEDIO,2863,113.45245064884
INTERMEDIO,2864,153.83590065209617
INTERMEDIO,2865,144.12645680020162
INTERMEDIO,2866,153.91094907548475
INTERMEDIO,2867,126.77752880470956
INTERMEDIO,2868,112.57876475861693
INTERMEDIO,2869,145.36414267956772
INTERMEDIO,2870,124.64457129565048
INTERMEDIO,2871,145.34736617596505
INTERMEDIO,2872,129.9158043427498
INTERMEDIO,2873,134.1543056327997
INTERMEDIO,2874,136.40866348370736
INTERMEDIO,2875,152.94923200917918
INTERMEDIO,2876,150.04517343490335
INTERMEDIO,2877,143.67109988035034
INTERMEDIO,2878,156.40109338613638
INTERMEDIO,2879,159.72313349299043
INTERMEDIO,2880,149.5693906246825
INTERMEDIO,2881,127.67592559309813
INTERMEDIO,2882,140.614334345035
INTERMEDIO,2883,136.96966601802535
INTERMEDIO,2884,145.46402577445465
INTERMEDIO,2885,138.50246592527623
INTERMEDIO,2886,127.65166936230246
INTERMEDIO,2887,134.3734446108078
INTERMEDIO,2888,155.11387820645737
INTERMEDIO,2889,137.87285229359043
INTERMEDIO,2890,159.4542957582463
INTERMEDIO,2891,141.38606166427775
INTERMEDIO,2892,139.24356214318493
INTERMEDIO,2893,141.84042975503863
INTERMEDIO,2894,169.7219969919271
INTERMEDIO,2895,127.7312748090333
INTERMEDIO,2896,126.82069171368164
INTERMEDIO,2897,145.38633087314403
INTERMEDIO,2898,145.2976261121976
INTERMEDIO,2899,128.6996148451516
INTERMEDIO,2900,141.2104654578107
INTERMEDIO,2901,155.50894960813955
INTERMEDIO,2902,134.2717926887088
INTERMEDIO,2903,150.1256646486944
INTERMEDIO,2904,126.08713778674516
INTERMEDIO,2905,163.65673726313773
INTERMEDIO,2906,141.13144627054285
INTERMEDIO,2907,125.62879829493917
INTERMEDIO,2908,126.80072071324827
INTERMEDIO,2909,124.83311831152344
INTERMEDIO,2910,150.9728207456739
INTERMEDIO,2911,136.9752127057668
INTERMEDIO,2912,137.1922786938805
INTERMEDIO,2913,134.4781134269215
INTERMEDIO,2914,119.26051178225768
INTERMEDIO,2915,132.1501245715283
INTERMEDIO,2916,132.9276312473531
INTERMEDIO,2917,141.576704897818
INTERMEDIO,2918,132.2972519281696
INTERMEDIO,2919,150.71447364600007
INTERMEDIO,2920,147.79962375317217
INTERMEDIO,2921,123.93208744259167
INTERMEDIO,2922,156.2984587026864
INTERMEDIO,2923,131.83643162976782
INTERMEDIO,2924,142.07261421552917
INTERMEDIO,2925,152.51265986847196
INTERMEDIO,2926,140.81416970232166
INTERMEDIO,2927,133.1927630595776
INTERMEDIO,2928,134.72222707062926
INTERMEDIO,2929,164.71896259041867
INTERMEDIO,2930,158.25388253522704
INTERMEDIO,2931,135.0159912751285
INTERMEDIO,2932,136.19713392432405
INTERMEDIO,2933,144.7829967731022
INTERMEDIO,2934,138.63238524556198
INTERMEDIO,2935,126.68437981185627
INTERMEDIO,2936,157.2914435582824
INTERMEDIO,2937,147.64869310873732
INTERMEDIO,2938,126.46510746151783
INTERMEDIO,2939,150.7871788171559
INTERMEDIO,2940,116.2455403875257
INTERMEDIO,2941,123.8948074210654
INTERMEDIO,2942,124.51663185047602
INTERMEDIO,2943,146.68198561887533
INTERMEDIO,2944,152.85174235785547
INTERMEDIO,2945,129.734446337308
INTERMEDIO,2946,117.58614566019232
INTERMEDIO,2947,130.35304647280117
INTERMEDIO,2948,162.04355818280558
INTERMEDIO,2949,153.10047986927862
INTERMEDIO,2950,172.19568684974212
INTERMEDIO,2951,147.63899455773492
INTERMEDIO,2952,144.91716394331397
INTERMEDIO,2953,135.16464896756906
INTERMEDIO,2954,129.09390576404263
INTERMEDIO,2955,124.08525679623833
INTERMEDIO,2956,151.4207176812316
INTERMEDIO,2957,131.61515198184716
INTERMEDIO,2958,140.72269111858236
INTERMEDIO,2959,156.9622591730905
INTERMEDIO,2960,140.47436138231978
INTERMEDIO,2961,137.5937630144887
INTERMEDIO,2962,139.72809848205003
INTERMEDIO,2963,155.8098496534024
INTERMEDIO,2964,141.87241518942085
INTERMEDIO,2965,125.5745281355201
INTERMEDIO,2966,152.64402319843592
INTERMEDIO,2967,162.50041572460853
INTERMEDIO,2968,150.2875838856769
INTERMEDIO,2969,146.98284921014124
INTERMEDIO,2970,170.26776236379442
INTERMEDIO,2971,112.10901916294351
INTERMEDIO,2972,148.90885027576098
INTERMEDIO,2973,151.69297350484428
INTERMEDIO,2974,144.35676040870186
INTERMEDIO,2975,126.0390099167556
INTERMEDIO,2976,150.2600310621198
INTERMEDIO,2977,119.72826830622606
INTERMEDIO,2978,132.51381157499284
INTERMEDIO,2979,123.6384355204778
INTERMEDIO,2980,135.0472444110098
INTERMEDIO,2981,144.75629316727438
INTERMEDIO,2982,137.35514788968834
INTERMEDIO,2983,132.15249765004504
INTERMEDIO,2984,126.04389784684923
INTERMEDIO,2985,130.67686867540536
INTERMEDIO,2986,134.4861142604934
INTERMEDIO,2987,154.19367788602028
INTERMEDIO,2988,163.79334882930866
INTERMEDIO,2989,136.36809438883907
INTERMEDIO,2990,135.79737350031584
INTERMEDIO,2991,133.743702833476
INTERMEDIO,2992,122.7815940529972
INTERMEDIO,2993,142.05872089118
INTERMEDIO,2994,141.66230261720943
INTERMEDIO,2995,144.1353238681991
INTERMEDIO,2996,137.03767044619184
INTERMEDIO,2997,132.00101008101404
INTERMEDIO,2998,113.30515702603721
INTERMEDIO,2999,126.45462944676873
INTERMEDIO,3000,150.54201465355058
INTERMEDIO,3001,140.70083855715836
INTERMEDIO,3002,123.89923792007548
INTERMEDIO,3003,154.75687096746904
INTERMEDIO,3004,130.74995655488988
INTERMEDIO,3005,145.67682029027478
INTERMEDIO,3006,153.5792299162722
INTERMEDIO,3007,102.39090959129133
INTERMEDIO,3008,133.78403060538733
INTERMEDIO,3009,151.1380163313543
INTERMEDIO,3010,144.24343952310167
INTERMEDIO,3011,137.631903558593
INTERMEDIO,3012,130.85861902947548
INTERMEDIO,3013,129.77922135132584
INTERMEDIO,3014,147.23585641774827
INTERMEDIO,3015,138.47696331490633
INTERMEDIO,3016,114.43544628006671
INTERMEDIO,3017,160.7667063954636
INTERMEDIO,3018,136.90876750532044
INTERMEDIO,3019,169.70130057373333
INTERMEDIO,3020,144.58826390863808
INTERMEDIO,3021,126.72339264660812
INTERMEDIO,3022,120.2776497632967
INTERMEDIO,3023,156.78552502577466
INTERMEDIO,3024,150.0736099839483
INTERMEDIO,3025,154.77606158831404
INTERMEDIO,3026,153.96748345391862
INTERMEDIO,3027,143.7007670273121
INTERMEDIO,3028,143.47066390761955
INTERMEDIO,3029,148.2757311007136
INTERMEDIO,3030,143.8167061298244
INTERMEDIO,3031,116.06255414544493
INTERMEDIO,3032,137.4099318644381
INTERMEDIO,3033,142.89400872428504
INTERMEDIO,3034,150.73457452783038
INTERMEDIO,3035,142.74241463428254
INTERMEDIO,3036,150.58578237916072
INTERMEDIO,3037,146.00756185008325
INTERMEDIO,3038,137.81522235343644
INTERMEDIO,3039,167.03507947680424
INTERMEDIO,3040,116.44785689469612
INTERMEDIO,3041,139.20005619952948
INTERMEDIO,3042,141.21166374588486
INTERMEDIO,3043,136.28528227948394
INTERMEDIO,3044,145.38096036424184
INTERMEDIO,3045,136.36052771111468
INTERMEDIO,3046,171.61453839681639
INTERMEDIO,3047,138.23076865801514
INTERMEDIO,3048,141.31481955727696
INTERMEDIO,3049,125.54518049410675
INTERMEDIO,3050,135.20781001012722
INTERMEDIO,3051,143.20574814814972
INTERMEDIO,3052,149.7353422647699
INTERMEDIO,3053,119.80821829902001
INTERMEDIO,3054,149.96311063955346
INTERMEDIO,3055,136.03746902512466
INTERMEDIO,3056,99.12640112663563
INTERMEDIO,3057,133.2048688139641
INTERMEDIO,3058,143.34074445564838
INTERMEDIO,3059,126.00575477509204
INTERMEDIO,3060,155.77957600782003
INTERMEDIO,3061,141.6754652232984
INTERMEDIO,3062,133.4535139849159
INTERMEDIO,3063,141.39953708534654
INTERMEDIO,3064,160.22503189652718
INTERMEDIO,3065,135.536122817545
INTERMEDIO,3066,130.61874131311896
INTERMEDIO,3067,124.77859333780151
INTERMEDIO,3068,153.1881375691985
INTERMEDIO,3069,152.88747645567324
INTERMEDIO,3070,128.86792109994755
INTERMEDIO,3071,116.81227471315307
INTERMEDIO,3072,144.46565634529034
INTERMEDIO,3073,128.94690210706287
INTERMEDIO,3074,150.11468037023673
INTERMEDIO,3075,127.21677589960747
INTERMEDIO,3076,129.93615329165533
INTERMEDIO,3077,123.97856132276334
INTERMEDIO,3078,143.0675649367484
INTERMEDIO,3079,113.12021899368713
INTERMEDIO,3080,146.03664852833884
INTERMEDIO,3081,124.68275609763117
INTERMEDIO,3082,135.76195096106076
INTERMEDIO,3083,105.05649202947656
INTERMEDIO,3084,109.95683989252551
INTERMEDIO,3085,180.19750912306802
INTERMEDIO,3086,125.66756956633705
INTERMEDIO,3087,112.86372587105677
INTERMEDIO,3088,129.14857594601344
INTERMEDIO,3089,170.3283418923057
INTERMEDIO,3090,141.62580540435093
INTERMEDIO,3091,137.3175623394269
INTERMEDIO,3092,147.5548239929168
INTERMEDIO,3093,131.91949038893827
INTERMEDIO,3094,135.35386507654445
INTERMEDIO,3095,131.53868177267924
INTERMEDIO,3096,147.5745285845185
INTERMEDIO,3097,139.55910488748958
INTERMEDIO,3098,134.0964000433308
INTERMEDIO,3099,136.3674866009029
INTERMEDIO,3100,149.2597425118522
INTERMEDIO,3101,124.1045813202588
INTERMEDIO,3102,136.10372242453542
INTERMEDIO,3103,121.34877102024575
INTERMEDIO,3104,116.75746620523435
INTERMEDIO,3105,141.9557077999607
INTERMEDIO,3106,147.00450152865676
INTERMEDIO,3107,152.1800762574282
INTERMEDIO,3108,133.12026632827767
INTERMEDIO,3109,144.1471988394855
INTERMEDIO,3110,154.65854420015276
INTERMEDIO,3111,125.39780440722274
INTERMEDIO,3112,149.25403335256559
INTERMEDIO,3113,164.47836370059161
INTERMEDIO,3114,123.60572484177564
INTERMEDIO,3115,136.71252280772657
INTERMEDIO,3116,121.40138101065126
INTERMEDIO,3117,102.04481643100355
INTERMEDIO,3118,157.1638475076616
INTERMEDIO,3119,145.20313730152327
INTERMEDIO,3120,142.09465775081114
INTERMEDIO,3121,148.77070730034887
INTERMEDIO,3122,140.65357896183374
INTERMEDIO,3123,115.51493657244677
INTERMEDIO,3124,128.05803268286132
INTERMEDIO,3125,124.57740339711235
INTERMEDIO,3126,137.68859407594732
INTERMEDIO,3127,146.05190709905867
INTERMEDIO,3128,168.5984879796856
INTERMEDIO,3129,143.00833222428213
INTERMEDIO,3130,140.1807741167666
INTERMEDIO,3131,151.8552300931641
INTERMEDIO,3132,111.58935585923936
INTERMEDIO,3133,130.70100260211922
INTERMEDIO,3134,113.66986350343853
INTERMEDIO,3135,160.38896433245648
INTERMEDIO,3136,131.4674815037183
INTERMEDIO,3137,158.40538492032138
INTERMEDIO,3138,124.2101149259916
INTERMEDIO,3139,119.83155626096725
INTERMEDIO,3140,142.50643088048196
INTERMEDIO,3141,125.85618016697224
INTERMEDIO,3142,146.9434703792765
INTERMEDIO,3143,120.44617009153231
INTERMEDIO,3144,115.41030446994657
INTERMEDIO,3145,106.66482359955293
INTERMEDIO,3146,156.76748958291148
INTERMEDIO,3147,139.7698129732695
INTERMEDIO,3148,150.15770480632645
INTERMEDIO,3149,144.22140717419194
INTERMEDIO,3150,139.66932244208445
INTERMEDIO,3151,122.12709143240701
INTERMEDIO,3152,149.6282783956803
INTERMEDIO,3153,138.92884011494561
INTERMEDIO,3154,128.87513359309852
INTERMEDIO,3155,129.57153402514484
INTERMEDIO,3156,137.08405059848735
INTERMEDIO,3157,150.70839322685762
INTERMEDIO,3158,140.41680030769933
INTERMEDIO,3159,141.61744504262492
INTERMEDIO,3160,170.322019809633
INTERMEDIO,3161,122.05215503452621
INTERMEDIO,3162,142.5441435079306
INTERMEDIO,3163,147.59216970073646
INTERMEDIO,3164,127.87929898104183
INTERMEDIO,3165,150.84360368513143
INTERMEDIO,3166,139.36951089997473
INTERMEDIO,3167,98.51649465019274
INTERMEDIO,3168,137.24594701614984
INTERMEDIO,3169,149.81774923217714
INTERMEDIO,3170,150.6949664319811
INTERMEDIO,3171,130.92948729321142
INTERMEDIO,3172,118.23090101932289
INTERMEDIO,3173,147.19590931631834
INTERMEDIO,3174,143.6888537300748
INTERMEDIO,3175,129.11293457359642
INTERMEDIO,3176,156.095422894449
INTERMEDIO,3177,155.72490851637
INTERMEDIO,3178,162.5185373640096
INTERMEDIO,3179,146.69895529441976
INTERMEDIO,3180,133.44642953262627
INTERMEDIO,3181,137.67499304196016
INTERMEDIO,3182,124.710133215926
INTERMEDIO,3183,140.92776962989421
INTERMEDIO,3184,133.02250657319502
INTERMEDIO,3185,162.13234420382622
INTERMEDIO,3186,146.7956098974076
INTERMEDIO,3187,145.46258563518546
INTERMEDIO,3188,127.41313127998271
INTERMEDIO,3189,129.24467058758268
INTERMEDIO,3190,141.20454446157854
INTERMEDIO,3191,131.97681181808497
INTERMEDIO,3192,165.8705475126325
INTERMEDIO,3193,139.57675654953064
INTERMEDIO,3194,129.9365529332946
INTERMEDIO,3195,137.50111492406467
INTERMEDIO,3196,158.388762386832
INTERMEDIO,3197,120.81527949556289
INTERMEDIO,3198,145.51753701833172
INTERMEDIO,3199,132.30000411169289
INTERMEDIO,3200,146.05573560823873
INTERMEDIO,3201,138.28040771705344
INTERMEDIO,3202,116.75525208844175
INTERMEDIO,3203,112.1047491843353
INTERMEDIO,3204,153.19379141194548
INTERMEDIO,3205,127.85084745307873
INTERMEDIO,3206,134.2714509920235
INTERMEDIO,3207,149.22995755761127
INTERMEDIO,3208,122.40381912077342
INTERMEDIO,3209,155.21544370973774
INTERMEDIO,3210,162.23574694957782
INTERMEDIO,3211,147.40659824167693
INTERMEDIO,3212,129.93446478587228
INTERMEDIO,3213,116.98539681486477
INTERMEDIO,3214,136.50323000164528
INTERMEDIO,3215,164.16695586990335
INTERMEDIO,3216,158.9690090661578
INTERMEDIO,3217,125.01578048105156
INTERMEDIO,3218,162.935051426641
INTERMEDIO,3219,134.81777788557875
INTERMEDIO,3220,121.84742240185577
INTERMEDIO,3221,147.30377954708177
INTERMEDIO,3222,148.57809934443472
INTERMEDIO,3223,132.47110387114668
INTERMEDIO,3224,136.26984368612776
INTERMEDIO,3225,152.8069478499996
INTERMEDIO,3226,116.81023784404766
INTERMEDIO,3227,132.11676518101436
INTERMEDIO,3228,142.03096084276535
INTERMEDIO,3229,94.60317577050228
INTERMEDIO,3230,143.29456056335005
INTERMEDIO,3231,159.88288170340746
INTERMEDIO,3232,145.98197416986295
INTERMEDIO,3233,121.16346440700971
INTERMEDIO,3234,135.07053349885888
INTERMEDIO,3235,138.731292666704
INTERMEDIO,3236,134.6566902966985
INTERMEDIO,3237,124.60774604815713
INTERMEDIO,3238,133.82467981921155
INTERMEDIO,3239,142.2280655458842
INTERMEDIO,3240,127.8305693313068
INTERMEDIO,3241,136.02986171640862
INTERMEDIO,3242,168.49363987166805
INTERMEDIO,3243,117.85576881273549
INTERMEDIO,3244,157.91431748924566
INTERMEDIO,3245,156.68665768186565
INTERMEDIO,3246,119.82151406992375
INTERMEDIO,3247,177.8112525066954
INTERMEDIO,3248,147.57826667987496
INTERMEDIO,3249,99.28112199909269
INTERMEDIO,3250,122.87802241420202
INTERMEDIO,3251,135.26127097534928
INTERMEDIO,3252,126.65744871200977
INTERMEDIO,3253,121.87530360297853
INTERMEDIO,3254,136.5497737485789
INTERMEDIO,3255,142.70628287297427
INTERMEDIO,3256,142.64619009118695
INTERMEDIO,3257,134.18585688625373
INTERMEDIO,3258,118.79006614712813
INTERMEDIO,3259,128.54306297328972
INTERMEDIO,3260,165.28132574979767
INTERMEDIO,3261,131.74380567218992
INTERMEDIO,3262,136.07528530211056
INTERMEDIO,3263,129.79908556044825
INTERMEDIO,3264,114.46941795412896
INTERMEDIO,3265,137.8281252330206
INTERMEDIO,3266,149.50249193347202
INTERMEDIO,3267,139.80126360202203
INTERMEDIO,3268,134.6656421782608
INTERMEDIO,3269,167.2033507587553
INTERMEDIO,3270,133.2366631147243
INTERMEDIO,3271,143.44771289690038
INTERMEDIO,3272,123.29964953985058
INTERMEDIO,3273,119.16225933704304
INTERMEDIO,3274,119.56880048135586
INTERMEDIO,3275,148.89807314769138
INTERMEDIO,3276,130.6010392966918
INTERMEDIO,3277,106.06034011913975
INTERMEDIO,3278,112.63338359224633
INTERMEDIO,3279,140.48923937086911
INTERMEDIO,3280,151.4068483450647
INTERMEDIO,3281,136.87788712352653
INTERMEDIO,3282,116.60141878890903
INTERMEDIO,3283,140.44030214644172
INTERMEDIO,3284,123.46728138786897
INTERMEDIO,3285,149.10073553969227
INTERMEDIO,3286,141.2765853108488
INTERMEDIO,3287,125.22874433366371
INTERMEDIO,3288,131.78022099475288
INTERMEDIO,3289,146.2782368753451
INTERMEDIO,3290,131.99653809255832
INTERMEDIO,3291,140.58267277676393
INTERMEDIO,3292,106.9436932164194
INTERMEDIO,3293,185.7227655990764
INTERMEDIO,3294,140.97657998660986
INTERMEDIO,3295,136.75385777780494
INTERMEDIO,3296,148.42796565139201
INTERMEDIO,3297,142.85765678565576
INTERMEDIO,3298,130.7646763172624
INTERMEDIO,3299,148.4142077714888
INTERMEDIO,3300,139.06448861214375
INTERMEDIO,3301,127.74630326608303
INTERMEDIO,3302,122.47411975291796
INTERMEDIO,3303,139.11307175875694
INTERMEDIO,3304,136.7757628891939
INTERMEDIO,3305,122.75262516655346
INTERMEDIO,3306,152.70435492132677
INTERMEDIO,3307,133.97515469845789
INTERMEDIO,3308,127.70009757875371
INTERMEDIO,3309,139.32331720955
INTERMEDIO,3310,129.05814664224204
INTERMEDIO,3311,132.60663079375948
INTERMEDIO,3312,121.37494469908206
INTERMEDIO,3313,142.31491797507695
INTERMEDIO,3314,134.0764255048086
INTERMEDIO,3315,146.58020835622727
INTERMEDIO,3316,122.68137880296355
INTERMEDIO,3317,151.76011402285874
INTERMEDIO,3318,125.2720384173183
INTERMEDIO,3319,128.37919874174585
INTERMEDIO,3320,142.82957690268825
INTERMEDIO,3321,144.818230601673
INTERMEDIO,3322,138.3219467236329
INTERMEDIO,3323,134.4548211971842
INTERMEDIO,3324,137.43009259298825
INTERMEDIO,3325,131.52364325297737
INTERMEDIO,3326,161.03327012058276
INTERMEDIO,3327,137.1467698792108
INTERMEDIO,3328,116.557177000599
INTERMEDIO,3329,157.6501938465642
INTERMEDIO,3330,102.37747892824727
INTERMEDIO,3331,124.71915272545658
INTERMEDIO,3332,138.15893995221822
INTERMEDIO,3333,128.64570572407933
INTERMEDIO,3334,142.65071088073233
INTERMEDIO,3335,136.72326702699982
INTERMEDIO,3336,141.35438659622707
INTERMEDIO,3337,137.8906542326866
INTERMEDIO,3338,135.40978740955848
INTERMEDIO,3339,151.05324768605203
INTERMEDIO,3340,158.5509088995446
INTERMEDIO,3341,144.32419813781712
INTERMEDIO,3342,159.17576021526787
INTERMEDIO,3343,151.9809414234755
INTERMEDIO,3344,139.99605170738008
INTERMEDIO,3345,136.18661018508772
INTERMEDIO,3346,126.72126059088524
INTERMEDIO,3347,152.11253511481445
INTERMEDIO,3348,141.7127149813877
INTERMEDIO,3349,128.82636727482267
INTERMEDIO,3350,140.76632881040297
INTERMEDIO,3351,143.25791238559435
INTERMEDIO,3352,134.6614958808152
INTERMEDIO,3353,155.11964982650406
INTERMEDIO,3354,110.91354476294113
INTERMEDIO,3355,149.19885027013055
INTERMEDIO,3356,110.21522240050007
INTERMEDIO,3357,127.51489158241486
INTERMEDIO,3358,150.00232479789008
INTERMEDIO,3359,129.39678755835612
INTERMEDIO,3360,153.9420872310848
INTERMEDIO,3361,119.26221391889013
INTERMEDIO,3362,118.19875132700051
INTERMEDIO,3363,113.52260208450363
INTERMEDIO,3364,163.49702625067098
INTERMEDIO,3365,156.5506991760627
INTERMEDIO,3366,144.30361304748251
INTERMEDIO,3367,139.94721466529234
INTERMEDIO,3368,143.97605465804597
INTERMEDIO,3369,134.04938402373133
INTERMEDIO,3370,132.7666614989669
INTERMEDIO,3371,166.59950082820598
INTERMEDIO,3372,148.43730577291933
INTERMEDIO,3373,151.25923022963866
INTERMEDIO,3374,136.70346932516404
INTERMEDIO,3375,144.61279672366317
INTERMEDIO,3376,158.51140253126712
INTERMEDIO,3377,114.27313772154982
INTERMEDIO,3378,143.2245346615895
INTERMEDIO,3379,127.13119033910033
INTERMEDIO,3380,117.4543505558617
INTERMEDIO,3381,144.82912171171574
INTERMEDIO,3382,123.73705251095119
INTERMEDIO,3383,138.8909128437504
INTERMEDIO,3384,151.7628565557142
INTERMEDIO,3385,135.05394652068568
INTERMEDIO,3386,131.47483767343005
INTERMEDIO,3387,142.3343907675329
INTERMEDIO,3388,124.70062771796113
INTERMEDIO,3389,118.24352278308277
INTERMEDIO,3390,127.84756588325205
INTERMEDIO,3391,153.1055708502338
INTERMEDIO,3392,134.53683233066286
INTERMEDIO,3393,150.778878138258
INTERMEDIO,3394,142.41063481505125
INTERMEDIO,3395,137.72050666950184
INTERMEDIO,3396,130.31747257929308
INTERMEDIO,3397,141.36241566348204
INTERMEDIO,3398,148.74608921406713
INTERMEDIO,3399,155.52538811481884
INTERMEDIO,3400,150.5588705190756
INTERMEDIO,3401,141.9931602284977
INTERMEDIO,3402,138.71065014236342
INTERMEDIO,3403,160.37654132157758
INTERMEDIO,3404,160.95743597084368
INTERMEDIO,3405,155.54929415982213
INTERMEDIO,3406,150.34258117098307
INTERMEDIO,3407,139.70821953527934
INTERMEDIO,3408,152.01192864434017
INTERMEDIO,3409,145.41245279248167
INTERMEDIO,3410,156.29247874023048
INTERMEDIO,3411,152.5305197715713
INTERMEDIO,3412,135.13009098723373
INTERMEDIO,3413,121.94230862602747
INTERMEDIO,3414,173.94241750167802
INTERMEDIO,3415,117.0971964319387
INTERMEDIO,3416,142.49626695649022
INTERMEDIO,3417,126.2617004142161
INTERMEDIO,3418,148.6095674021632
INTERMEDIO,3419,112.09125362391046
INTERMEDIO,3420,130.91026210312683
INTERMEDIO,3421,130.40897648595
INTERMEDIO,3422,112.7383597489325
INTERMEDIO,3423,155.08256735218646
INTERMEDIO,3424,151.2770090650911
INTERMEDIO,3425,146.74180220530775
INTERMEDIO,3426,122.50460932240973
INTERMEDIO,3427,116.9179932768388
INTERMEDIO,3428,121.49590672689776
INTERMEDIO,3429,131.74120249145437
INTERMEDIO,3430,142.55661516229583
INTERMEDIO,3431,119.8947802074164
INTERMEDIO,3432,146.71948316958577
INTERMEDIO,3433,132.12229500920816
INTERMEDIO,3434,145.8165635465857
INTERMEDIO,3435,136.73161717715266
INTERMEDIO,3436,121.88521032667315
INTERMEDIO,3437,163.2445843009139
INTERMEDIO,3438,103.97344787895584
INTERMEDIO,3439,170.10408781813032
INTERMEDIO,3440,147.48451467297267
INTERMEDIO,3441,127.34927411466495
INTERMEDIO,3442,129.90441737199097
INTERMEDIO,3443,138.2835941217156
INTERMEDIO,3444,140.4227983735953
INTERMEDIO,3445,142.81054838667367
INTERMEDIO,3446,146.90158152503201
INTERMEDIO,3447,130.37077814411055
INTERMEDIO,3448,133.72251616470888
INTERMEDIO,3449,137.3679469362483
INTERMEDIO,3450,157.25438885704898
INTERMEDIO,3451,120.01591380996726
INTERMEDIO,3452,131.29981949114352
INTERMEDIO,3453,138.7066280416327
INTERMEDIO,3454,130.3281228167305
INTERMEDIO,3455,129.2115950256469
INTERMEDIO,3456,143.87823323747023
INTERMEDIO,3457,180.50032408706952
INTERMEDIO,3458,168.49679204785855
INTERMEDIO,3459,143.77955536815563
INTERMEDIO,3460,139.2117492995394
INTERMEDIO,3461,156.21830662518894
INTERMEDIO,3462,128.13989115821727
INTERMEDIO,3463,127.3811796175907
INTERMEDIO,3464,134.54955719709517
INTERMEDIO,3465,127.88564694056528
INTERMEDIO,3466,108.97755396927127
INTERMEDIO,3467,143.1067481154308
INTERMEDIO,3468,126.23485370586889
INTERMEDIO,3469,149.79150257306782
INTERMEDIO,3470,130.71752654830476
INTERMEDIO,3471,139.46707784081775
INTERMEDIO,3472,171.8221218371584
INTERMEDIO,3473,135.05246973113404
INTERMEDIO,3474,131.85855173780686
INTERMEDIO,3475,121.30382859487598
INTERMEDIO,3476,143.33891884059747
INTERMEDIO,3477,118.21015875307108
INTERMEDIO,3478,140.98343351300045
INTERMEDIO,3479,125.31684640487411
INTERMEDIO,3480,149.25550440205353
INTERMEDIO,3481,126.44905137257909
INTERMEDIO,3482,145.82850246579818
INTERMEDIO,3483,129.91799446867958
INTERMEDIO,3484,139.39958805714556
INTERMEDIO,3485,133.40483389641915
INTERMEDIO,3486,140.99738305779087
INTERMEDIO,3487,128.11381083585462
INTERMEDIO,3488,113.35042069499667
INTERMEDIO,3489,124.75672053907647
INTERMEDIO,3490,131.54899876330833
INTERMEDIO,3491,133.05231104427108
INTERMEDIO,3492,153.80360947148696
INTERMEDIO,3493,160.2842814701321
INTERMEDIO,3494,158.18208662182704
INTERMEDIO,3495,170.37121900496385
INTERMEDIO,3496,135.56517349435197
INTERMEDIO,3497,124.64143668656463
INTERMEDIO,3498,107.07778503894984
INTERMEDIO,3499,133.9022061562626
INTERMEDIO,3500,172.07446496519265
INTERMEDIO,3501,141.77982349231488
INTERMEDIO,3502,143.42863187063645
INTERMEDIO,3503,130.25336364005761
INTERMEDIO,3504,140.73267117865763
INTERMEDIO,3505,137.45637361369376
INTERMEDIO,3506,116.56744005449848
INTERMEDIO,3507,120.0967206716366
INTERMEDIO,3508,148.2481961796958
INTERMEDIO,3509,156.20653226933774
INTERMEDIO,3510,122.59803753784436
INTERMEDIO,3511,136.2533559084159
INTERMEDIO,3512,143.56816981149353
INTERMEDIO,3513,131.2975889014461
INTERMEDIO,3514,139.4203945876351
INTERMEDIO,3515,136.26824961445544
INTERMEDIO,3516,141.42941892406688
INTERMEDIO,3517,171.83357591408168
INTERMEDIO,3518,129.84369281382538
INTERMEDIO,3519,140.58442016072982
INTERMEDIO,3520,133.35379262949422
INTERMEDIO,3521,127.94732934237001
INTERMEDIO,3522,148.21396035365615
INTERMEDIO,3523,141.785824401872
INTERMEDIO,3524,141.66954570669813
INTERMEDIO,3525,139.8831819097161
INTERMEDIO,3526,146.50201901587138
INTERMEDIO,3527,151.84276125033162
INTERMEDIO,3528,141.9379364925743
INTERMEDIO,3529,137.18927789304803
INTERMEDIO,3530,162.24002146198998
INTERMEDIO,3531,111.6894882037046
INTERMEDIO,3532,128.2124107834447
INTERMEDIO,3533,125.3643619894994
INTERMEDIO,3534,140.06909202299258
INTERMEDIO,3535,152.84066014841264
INTERMEDIO,3536,167.17447555828988
INTERMEDIO,3537,134.2757901948943
INTERMEDIO,3538,137.1080924891661
INTERMEDIO,3539,135.23555024111008
INTERMEDIO,3540,150.38202398770488
INTERMEDIO,3541,168.03485350402443
INTERMEDIO,3542,173.4478811127237
INTERMEDIO,3543,147.01151783464618
INTERMEDIO,3544,165.22095786256855
INTERMEDIO,3545,143.97737348451176
INTERMEDIO,3546,152.17894242535604
INTERMEDIO,3547,135.50937649325454
INTERMEDIO,3548,136.15452906068037
INTERMEDIO,3549,143.45610845190848
INTERMEDIO,3550,123.53408023618591
INTERMEDIO,3551,131.15170551219853
INTERMEDIO,3552,122.47355995271968
INTERMEDIO,3553,168.50310975054492
INTERMEDIO,3554,151.56981120311286
INTERMEDIO,3555,117.10787095889907
INTERMEDIO,3556,143.8631752927961
INTERMEDIO,3557,152.78813270113898
INTERMEDIO,3558,125.81096965435115
INTERMEDIO,3559,143.6714830704186
INTERMEDIO,3560,139.4709818665521
INTERMEDIO,3561,140.35694918918668
INTERMEDIO,3562,150.18055957417585
INTERMEDIO,3563,128.2007758859351
INTERMEDIO,3564,160.1477442841722
INTERMEDIO,3565,133.9392351307338
INTERMEDIO,3566,148.23326954432488
INTERMEDIO,3567,138.60880929885394
INTERMEDIO,3568,139.30882411126967
INTERMEDIO,3569,157.35161520205125
INTERMEDIO,3570,130.650792179135
INTERMEDIO,3571,157.4577767169546
INTERMEDIO,3572,156.19071695905672
INTERMEDIO,3573,148.02303930231926
INTERMEDIO,3574,155.02638273450128
INTERMEDIO,3575,130.69669252007887
INTERMEDIO,3576,136.4208820414695
INTERMEDIO,3577,161.02556987466482
INTERMEDIO,3578,155.80116077367
INTERMEDIO,3579,128.10468896043523
INTERMEDIO,3580,130.37321384885232
INTERMEDIO,3581,111.15352831252751
INTERMEDIO,3582,144.59634958539925
INTERMEDIO,3583,115.99028737277263
INTERMEDIO,3584,144.68628602757528
INTERMEDIO,3585,113.27793371944787
INTERMEDIO,3586,122.80411646912975
INTERMEDIO,3587,140.37164795826234
INTERMEDIO,3588,127.78455013789412
INTERMEDIO,3589,130.94275841635027
INTERMEDIO,3590,133.177631499652
INTERMEDIO,3591,122.13083364769311
INTERMEDIO,3592,124.52459502179262
INTERMEDIO,3593,154.4331615338963
INTERMEDIO,3594,105.54832422959572
INTERMEDIO,3595,131.78409936914915
INTERMEDIO,3596,127.27554848814347
INTERMEDIO,3597,142.74536262925477
INTERMEDIO,3598,122.35601245789229
INTERMEDIO,3599,126.36986734470597
INTERMEDIO,3600,120.57073277350202
INTERMEDIO,3601,140.32620517046385
INTERMEDIO,3602,175.72616732010133
INTERMEDIO,3603,110.51092724319422
INTERMEDIO,3604,125.93234055710421
INTERMEDIO,3605,134.36055597724913
INTERMEDIO,3606,146.20444759280394
INTERMEDIO,3607,126.15766041512425
INTERMEDIO,3608,112.0931613344897
INTERMEDIO,3609,140.963448176842
INTERMEDIO,3610,142.309065833867
INTERMEDIO,3611,147.32570534375103
INTERMEDIO,3612,131.48967508713622
INTERMEDIO,3613,161.17749633965968
INTERMEDIO,3614,142.4036014945385
INTERMEDIO,3615,138.7174734768762
INTERMEDIO,3616,142.01673067650708
INTERMEDIO,3617,141.04283483951204
INTERMEDIO,3618,129.31718778082137
INTERMEDIO,3619,131.15789210865088
INTERMEDIO,3620,151.99012045021254
INTERMEDIO,3621,146.8638518760527
INTERMEDIO,3622,144.70161190174076
INTERMEDIO,3623,113.74173699645449
INTERMEDIO,3624,140.0035538735029
INTERMEDIO,3625,120.73263915232528
INTERMEDIO,3626,122.35124405979934
INTERMEDIO,3627,142.94171973733754
INTERMEDIO,3628,155.15424622966344
INTERMEDIO,3629,156.34983665061506
INTERMEDIO,3630,148.929116132085
INTERMEDIO,3631,143.5883934969752
INTERMEDIO,3632,138.28129136451972
INTERMEDIO,3633,137.16746770268426
INTERMEDIO,3634,109.38556526244842
INTERMEDIO,3635,143.26784647187185
INTERMEDIO,3636,150.57825984740973
INTERMEDIO,3637,147.0271307611046
INTERMEDIO,3638,139.663123217295
INTERMEDIO,3639,115.28280017922842
INTERMEDIO,3640,152.444949543901
INTERMEDIO,3641,144.0290571829147
INTERMEDIO,3642,158.439290795834
INTERMEDIO,3643,142.89675667793915
INTERMEDIO,3644,131.46293022926974
INTERMEDIO,3645,123.62263225060504
INTERMEDIO,3646,118.14812511039857
INTERMEDIO,3647,119.6273362791338
INTERMEDIO,3648,141.1519031149584
INTERMEDIO,3649,133.22167088739417
INTERMEDIO,3650,141.51721974190525
INTERMEDIO,3651,116.9034947338527
INTERMEDIO,3652,159.37077933589495
INTERMEDIO,3653,140.97034943738294
INTERMEDIO,3654,144.74431620888697
INTERMEDIO,3655,130.1675633131518
INTERMEDIO,3656,153.3736117448391
INTERMEDIO,3657,125.68550907990972
INTERMEDIO,3658,121.01681125842589
INTERMEDIO,3659,155.1215840157249
INTERMEDIO,3660,159.36160047003963
INTERMEDIO,3661,112.90892834660733
INTERMEDIO,3662,148.11783276124976
INTERMEDIO,3663,144.65111380197854
INTERMEDIO,3664,149.80649316371972
INTERMEDIO,3665,153.5690106226654
INTERMEDIO,3666,149.8272626397975
INTERMEDIO,3667,129.22995740801053
INTERMEDIO,3668,141.04392722148802
INTERMEDIO,3669,104.75946156882497
INTERMEDIO,3670,124.69927899383597
INTERMEDIO,3671,137.15191269245977
INTERMEDIO,3672,142.1147414160472
INTERMEDIO,3673,119.42177018641226
INTERMEDIO,3674,136.6742301474567
INTERMEDIO,3675,150.3952475761581
INTERMEDIO,3676,129.70148533426368
INTERMEDIO,3677,147.51972047683782
INTERMEDIO,3678,155.06699667307413
INTERMEDIO,3679,174.93571529365042
INTERMEDIO,3680,130.944136872728
INTERMEDIO,3681,173.92655287977846
INTERMEDIO,3682,139.55256427664426
INTERMEDIO,3683,137.7511977546588
INTERMEDIO,3684,147.10538031745875
INTERMEDIO,3685,130.79386019900485
INTERMEDIO,3686,117.50368826714855
INTERMEDIO,3687,130.33586803531426
INTERMEDIO,3688,117.13551980150302
INTERMEDIO,3689,150.19885763450228
INTERMEDIO,3690,148.5168925176315
INTERMEDIO,3691,145.45625965904418
INTERMEDIO,3692,122.2682604979747
INTERMEDIO,3693,137.17393407800984
INTERMEDIO,3694,144.37049572583973
INTERMEDIO,3695,119.60284501570251
INTERMEDIO,3696,113.06498970832084
INTERMEDIO,3697,132.6252132312055
INTERMEDIO,3698,139.11483159292578
INTERMEDIO,3699,142.54248346792713
INTERMEDIO,3700,111.71492872009841
INTERMEDIO,3701,119.96765947447973
INTERMEDIO,3702,135.051990373544
INTERMEDIO,3703,112.9320432438511
INTERMEDIO,3704,136.07892794227217
INTERMEDIO,3705,108.3628834220332
INTERMEDIO,3706,119.94911510492616
INTERMEDIO,3707,121.78545623750776
INTERMEDIO,3708,136.81173887238793
INTERMEDIO,3709,142.50577947160303
INTERMEDIO,3710,132.42775695779838
INTERMEDIO,3711,130.7058842995977
INTERMEDIO,3712,152.66306535496182
INTERMEDIO,3713,126.71713602317757
INTERMEDIO,3714,143.4833429841347
INTERMEDIO,3715,121.53887853443038
INTERMEDIO,3716,143.57660387676384
INTERMEDIO,3717,127.4639766762898
INTERMEDIO,3718,136.7756781076791
INTERMEDIO,3719,123.54656388553545
INTERMEDIO,3720,108.4234617027238
INTERMEDIO,3721,172.20232056522775
INTERMEDIO,3722,136.89547270860973
INTERMEDIO,3723,148.2850529069798
INTERMEDIO,3724,117.73219851617444
INTERMEDIO,3725,148.00350713261298
INTERMEDIO,3726,119.07760430543102
INTERMEDIO,3727,125.96028669056373
INTERMEDIO,3728,161.7373285125158
INTERMEDIO,3729,122.73729729886475
INTERMEDIO,3730,124.47927174403078
INTERMEDIO,3731,160.78637319178705
INTERMEDIO,3732,130.82194044780934
INTERMEDIO,3733,143.8995759857085
INTERMEDIO,3734,151.41037444779084
INTERMEDIO,3735,123.85756451283089
INTERMEDIO,3736,129.92786010384114
INTERMEDIO,3737,127.36304522659566
INTERMEDIO,3738,145.45554800621562
INTERMEDIO,3739,160.68401658595783
INTERMEDIO,3740,154.7175591746887
INTERMEDIO,3741,134.27485786165335
INTERMEDIO,3742,128.05084997541059
INTERMEDIO,3743,135.36749568661205
INTERMEDIO,3744,125.47934091733853
INTERMEDIO,3745,134.38986020538977
INTERMEDIO,3746,147.5208433445383
INTERMEDIO,3747,155.83625597760133
INTERMEDIO,3748,147.122055759238
INTERMEDIO,3749,140.1537383018314
INTERMEDIO,3750,144.68618687201962
INTERMEDIO,3751,152.34435914290083
INTERMEDIO,3752,156.60796219203715
INTERMEDIO,3753,114.24134128605515
INTERMEDIO,3754,135.7869600211801
INTERMEDIO,3755,141.31716552845296
INTERMEDIO,3756,140.78001881663573
INTERMEDIO,3757,142.40663964975968
INTERMEDIO,3758,148.0209804240489
INTERMEDIO,3759,137.14864135966573
INTERMEDIO,3760,115.17410232132804
INTERMEDIO,3761,133.34104696178758
INTERMEDIO,3762,118.74173214396454
INTERMEDIO,3763,136.69782756331819
INTERMEDIO,3764,108.98482843828107
INTERMEDIO,3765,165.1104191678019
INTERMEDIO,3766,155.3459199214158
INTERMEDIO,3767,136.89623685845785
INTERMEDIO,3768,145.90202449138644
INTERMEDIO,3769,131.6548529431363
INTERMEDIO,3770,130.44342368745401
INTERMEDIO,3771,182.86194902860467
INTERMEDIO,3772,139.4360265374814
INTERMEDIO,3773,166.65700959118922
INTERMEDIO,3774,147.85410526757278
INTERMEDIO,3775,143.63860343866708
INTERMEDIO,3776,119.24306845819314
INTERMEDIO,3777,140.5263326835365
INTERMEDIO,3778,158.32528593445358
INTERMEDIO,3779,134.6832594326354
INTERMEDIO,3780,160.5187178199511
INTERMEDIO,3781,130.29132595187738
INTERMEDIO,3782,157.19060939637203
INTERMEDIO,3783,152.24887306974472
INTERMEDIO,3784,125.92543985660701
INTERMEDIO,3785,132.97420435488766
INTERMEDIO,3786,121.47386757387832
INTERMEDIO,3787,141.07269181063648
INTERMEDIO,3788,140.3934827012916
INTERMEDIO,3789,126.89717672270106
INTERMEDIO,3790,134.5765542560166
INTERMEDIO,3791,142.01924836247565
INTERMEDIO,3792,126.64053549836186
INTERMEDIO,3793,115.91263180759577
INTERMEDIO,3794,149.4393839279787
INTERMEDIO,3795,101.16085981214641
INTERMEDIO,3796,133.46811141688565
INTERMEDIO,3797,152.35679954822945
INTERMEDIO,3798,119.97156916516872
INTERMEDIO,3799,109.84372338153203
INTERMEDIO,3800,127.84723931795489
INTERMEDIO,3801,134.62873473185857
INTERMEDIO,3802,134.31371576615504
INTERMEDIO,3803,117.69644288155783
INTERMEDIO,3804,109.72195407791193
INTERMEDIO,3805,153.47432148780894
INTERMEDIO,3806,157.2431956118719
INTERMEDIO,3807,151.4841155698414
INTERMEDIO,3808,135.6815914671108
INTERMEDIO,3809,109.52264363893897
INTERMEDIO,3810,147.91701238323995
INTERMEDIO,3811,158.36884913426402
INTERMEDIO,3812,116.46719068002982
INTERMEDIO,3813,147.2119447564703
INTERMEDIO,3814,116.71923696903826
INTERMEDIO,3815,148.7872271413199
INTERMEDIO,3816,158.64166570889228
INTERMEDIO,3817,148.82836321415766
INTERMEDIO,3818,148.3769400765398
INTERMEDIO,3819,128.16345163584654
INTERMEDIO,3820,137.87212562315335
INTERMEDIO,3821,140.0732272867453
INTERMEDIO,3822,136.6514213424146
INTERMEDIO,3823,119.39670688133948
INTERMEDIO,3824,132.3027541981178
INTERMEDIO,3825,113.30102453721369
INTERMEDIO,3826,141.4142841515406
INTERMEDIO,3827,163.0045083010388
INTERMEDIO,3828,132.2598665320849
INTERMEDIO,3829,120.61635568867312
INTERMEDIO,3830,146.8564767907622
INTERMEDIO,3831,158.9921760082305
INTERMEDIO,3832,148.7844170711848
INTERMEDIO,3833,136.83734079407077
INTERMEDIO,3834,145.66282601263532
INTERMEDIO,3835,138.46457170910037
INTERMEDIO,3836,117.90680447328643
INTERMEDIO,3837,114.13901516630798
INTERMEDIO,3838,134.91815604756164
INTERMEDIO,3839,146.16321288371893
INTERMEDIO,3840,144.3767105651142
INTERMEDIO,3841,146.93503592725946
INTERMEDIO,3842,161.34569378556796
INTERMEDIO,3843,148.19855276809102
INTERMEDIO,3844,153.7544736083215
INTERMEDIO,3845,157.85133464651443
INTERMEDIO,3846,117.25170471687014
INTERMEDIO,3847,126.08839402941854
INTERMEDIO,3848,155.03386901399205
INTERMEDIO,3849,152.02398601659743
INTERMEDIO,3850,130.8469408773285
INTERMEDIO,3851,143.48497144379195
INTERMEDIO,3852,143.96510005567217
INTERMEDIO,3853,120.38972177383191
INTERMEDIO,3854,132.57838625857744
INTERMEDIO,3855,125.36139806514062
INTERMEDIO,3856,134.55079420071655
INTERMEDIO,3857,134.18706270098744
INTERMEDIO,3858,137.8622778186153
INTERMEDIO,3859,133.88462465555668
INTERMEDIO,3860,118.81547205336344
INTERMEDIO,3861,148.5433466103023
INTERMEDIO,3862,132.0817426141138
INTERMEDIO,3863,146.75752400706946
INTERMEDIO,3864,147.759589094754
INTERMEDIO,3865,135.72810132843298
INTERMEDIO,3866,113.37259257339603
INTERMEDIO,3867,140.82455066538677
INTERMEDIO,3868,122.25397701783666
INTERMEDIO,3869,137.32488008507693
INTERMEDIO,3870,150.92544556341485
INTERMEDIO,3871,159.31566616647098
INTERMEDIO,3872,133.54393371360186
INTERMEDIO,3873,100.1886974468835
INTERMEDIO,3874,151.5190912375228
INTERMEDIO,3875,144.6071262082176
INTERMEDIO,3876,161.85010074259822
INTERMEDIO,3877,106.06749023865287
INTERMEDIO,3878,125.93164742345192
INTERMEDIO,3879,138.42842406120428
INTERMEDIO,3880,139.68895987827335
INTERMEDIO,3881,136.5593875461846
INTERMEDIO,3882,116.54569336784581
INTERMEDIO,3883,125.92465673299058
INTERMEDIO,3884,126.31044785683497
INTERMEDIO,3885,136.73535128351375
INTERMEDIO,3886,134.30669019261734
INTERMEDIO,3887,137.41846871286788
INTERMEDIO,3888,142.8534875470115
INTERMEDIO,3889,148.19094430678905
INTERMEDIO,3890,139.1484403661033
INTERMEDIO,3891,133.769841877461
INTERMEDIO,3892,164.92894145073763
INTERMEDIO,3893,136.99342607712128
INTERMEDIO,3894,133.558223804138
INTERMEDIO,3895,123.73645026953304
INTERMEDIO,3896,158.69733856966008
INTERMEDIO,3897,147.26813820257405
INTERMEDIO,3898,110.3550127898009
INTERMEDIO,3899,115.24359996137296
INTERMEDIO,3900,128.57862336020102
INTERMEDIO,3901,142.45217416303947
INTERMEDIO,3902,159.22104863347937
INTERMEDIO,3903,135.21193411310549
INTERMEDIO,3904,108.93285041995628
INTERMEDIO,3905,130.33284352984487
INTERMEDIO,3906,124.99741708603298
INTERMEDIO,3907,144.75362902652424
INTERMEDIO,3908,164.44399775594258
INTERMEDIO,3909,145.46310534054743
INTERMEDIO,3910,148.9157054389348
INTERMEDIO,3911,141.9657762439715
INTERMEDIO,3912,146.11417798155108
INTERMEDIO,3913,141.91177015908403
INTERMEDIO,3914,134.02816697046725
INTERMEDIO,3915,124.63596416095139
INTERMEDIO,3916,107.0293085235886
INTERMEDIO,3917,121.6874241570262
INTERMEDIO,3918,142.08994796476483
INTERMEDIO,3919,147.7619743971796
INTERMEDIO,3920,122.82473392283212
INTERMEDIO,3921,138.7733430548772
INTERMEDIO,3922,135.91989744772025
INTERMEDIO,3923,147.92879879489544
INTERMEDIO,3924,146.88664874432152
INTERMEDIO,3925,145.74393251227278
INTERMEDIO,3926,137.60801535423803
INTERMEDIO,3927,138.74986245426024
INTERMEDIO,3928,125.49461460982019
INTERMEDIO,3929,109.04863387911102
INTERMEDIO,3930,161.51173235443784
INTERMEDIO,3931,144.27158231306905
INTERMEDIO,3932,133.62703525820834
INTERMEDIO,3933,160.05114198131653
INTERMEDIO,3934,157.73890898086415
INTERMEDIO,3935,131.75160474301697
INTERMEDIO,3936,143.58255841381177
INTERMEDIO,3937,145.99068607518205
INTERMEDIO,3938,140.61541253861122
INTERMEDIO,3939,100.27952739654646
INTERMEDIO,3940,149.37041409521723
INTERMEDIO,3941,123.35018169782339
INTERMEDIO,3942,107.39747698225788
INTERMEDIO,3943,144.02045763729242
INTERMEDIO,3944,135.1309111288582
INTERMEDIO,3945,171.8665296406443
INTERMEDIO,3946,147.4985994612073
INTERMEDIO,3947,125.00102803154721
INTERMEDIO,3948,131.32134681894144
INTERMEDIO,3949,114.54863732583169
INTERMEDIO,3950,131.7048733008116
INTERMEDIO,3951,144.1228748846392
INTERMEDIO,3952,149.34061712327062
INTERMEDIO,3953,140.2277199141205
INTERMEDIO,3954,149.28245584292415
INTERMEDIO,3955,145.84645380378817
INTERMEDIO,3956,130.43370198687126
INTERMEDIO,3957,142.35918909939303
INTERMEDIO,3958,133.98788150625435
INTERMEDIO,3959,174.6709707506025
INTERMEDIO,3960,141.44832448172735
INTERMEDIO,3961,128.024871250745
INTERMEDIO,3962,134.3014084346679
INTERMEDIO,3963,129.43528453822685
INTERMEDIO,3964,163.12639939942204
INTERMEDIO,3965,168.84062996922003
INTERMEDIO,3966,160.75761944396118
INTERMEDIO,3967,128.0496506096457
INTERMEDIO,3968,170.45852162023013
INTERMEDIO,3969,121.85433461527774
INTERMEDIO,3970,141.81458183314152
INTERMEDIO,3971,138.1316242752218
INTERMEDIO,3972,150.633796942173
INTERMEDIO,3973,136.74666684799763
INTERMEDIO,3974,142.32773469453247
INTERMEDIO,3975,149.3476683365019
INTERMEDIO,3976,118.4619703909076
INTERMEDIO,3977,183.5681878333382
INTERMEDIO,3978,146.8994267519291
INTERMEDIO,3979,138.65520346461116
INTERMEDIO,3980,138.76147881746283
INTERMEDIO,3981,149.15599221082493
INTERMEDIO,3982,99.00280112989863
INTERMEDIO,3983,123.59770184319885
INTERMEDIO,3984,141.9374313577962
INTERMEDIO,3985,138.93420559187325
INTERMEDIO,3986,133.60743641311342
INTERMEDIO,3987,143.16952898191704
INTERMEDIO,3988,110.38523702972768
INTERMEDIO,3989,139.82377860073322
INTERMEDIO,3990,146.96539402263107
INTERMEDIO,3991,144.73195870007763
INTERMEDIO,3992,155.56220158269772
INTERMEDIO,3993,144.2038352146498
INTERMEDIO,3994,154.07378962403115
INTERMEDIO,3995,136.75962602090823
INTERMEDIO,3996,134.94652731166352
INTERMEDIO,3997,137.73333516697207
INTERMEDIO,3998,142.9483868617614
INTERMEDIO,3999,128.03785348763486
INTERMEDIO,4000,151.25869426810274
INTERMEDIO,4001,168.9146171370559
INTERMEDIO,4002,162.93907025590883
INTERMEDIO,4003,129.729302798657
INTERMEDIO,4004,136.9700539065754
INTERMEDIO,4005,123.34116795502783
INTERMEDIO,4006,123.02236604177544
INTERMEDIO,4007,143.22553123211765
INTERMEDIO,4008,149.1846583207275
INTERMEDIO,4009,131.3584577478949
INTERMEDIO,4010,128.46732813535118
INTERMEDIO,4011,158.80697627176164
INTERMEDIO,4012,150.84539388692755
INTERMEDIO,4013,146.35839790563435
INTERMEDIO,4014,122.29787583687816
INTERMEDIO,4015,146.82458548966872
INTERMEDIO,4016,146.1123558216613
INTERMEDIO,4017,122.44462999015099
INTERMEDIO,4018,124.13816122484167
INTERMEDIO,4019,134.74740354361245
INTERMEDIO,4020,156.91237982703646
INTERMEDIO,4021,142.6008979558504
INTERMEDIO,4022,139.98558774095315
INTERMEDIO,4023,157.3022352787337
INTERMEDIO,4024,135.92911255218422
INTERMEDIO,4025,130.44706786399524
INTERMEDIO,4026,149.2656340794589
INTERMEDIO,4027,140.45330381546705
INTERMEDIO,4028,142.86746858813916
INTERMEDIO,4029,132.14923520853944
INTERMEDIO,4030,134.73198600532479
INTERMEDIO,4031,135.84211317270206
INTERMEDIO,4032,144.82647455067269
INTERMEDIO,4033,106.26617512237578
INTERMEDIO,4034,142.08835423368154
INTERMEDIO,4035,165.81153907386425
INTERMEDIO,4036,152.31311466778985
INTERMEDIO,4037,109.84400732146169
INTERMEDIO,4038,129.93017723195248
INTERMEDIO,4039,107.48741175049285
INTERMEDIO,4040,130.4142863655966
INTERMEDIO,4041,172.09692911555433
INTERMEDIO,4042,113.23840136067803
INTERMEDIO,4043,147.40279176262698
INTERMEDIO,4044,126.56626320523733
INTERMEDIO,4045,134.93954139430758
INTERMEDIO,4046,152.52788614008162
INTERMEDIO,4047,134.61962335581578
INTERMEDIO,4048,136.44871925616962
INTERMEDIO,4049,149.90572545453864
INTERMEDIO,4050,140.31983736643195
INTERMEDIO,4051,141.08037268129877
INTERMEDIO,4052,149.43693513743358
INTERMEDIO,4053,112.00484951385877
INTERMEDIO,4054,137.0806071862952
INTERMEDIO,4055,147.77619297856734
INTERMEDIO,4056,141.791345630665
INTERMEDIO,4057,148.87902646993024
INTERMEDIO,4058,134.84023047258572
INTERMEDIO,4059,133.10806645858364
INTERMEDIO,4060,148.05697979409783
INTERMEDIO,4061,146.1847015537668
INTERMEDIO,4062,127.61211468761839
INTERMEDIO,4063,141.18211586546806
INTERMEDIO,4064,126.67733665092564
INTERMEDIO,4065,157.07731258475332
INTERMEDIO,4066,131.46603537965584
INTERMEDIO,4067,149.97493638568295
INTERMEDIO,4068,120.05463270071338
INTERMEDIO,4069,151.9242595933016
INTERMEDIO,4070,142.3829579653779
INTERMEDIO,4071,150.80636690021583
INTERMEDIO,4072,122.85939744330797
INTERMEDIO,4073,146.6654546762778
INTERMEDIO,4074,145.79467144724492
INTERMEDIO,4075,142.0742842565922
INTERMEDIO,4076,135.0459077345339
INTERMEDIO,4077,132.15794788403463
INTERMEDIO,4078,131.31964842394254
INTERMEDIO,4079,130.95578524866187
INTERMEDIO,4080,144.2582855900456
INTERMEDIO,4081,131.19925672450526
INTERMEDIO,4082,143.66396952438734
INTERMEDIO,4083,133.90608504616674
INTERMEDIO,4084,138.8161793573134
INTERMEDIO,4085,116.41267458819455
INTERMEDIO,4086,113.89695933179104
INTERMEDIO,4087,159.58788577802613
INTERMEDIO,4088,172.45590341093296
INTERMEDIO,4089,125.41915031838963
INTERMEDIO,4090,144.94014514776916
INTERMEDIO,4091,117.06448549671202
INTERMEDIO,4092,111.04933796506154
INTERMEDIO,4093,115.50632785258347
INTERMEDIO,4094,147.35157598381252
INTERMEDIO,4095,162.13425781972347
INTERMEDIO,4096,116.024841376374
INTERMEDIO,4097,125.45415762375679
INTERMEDIO,4098,156.566767131479
INTERMEDIO,4099,150.58852717507608
INTERMEDIO,4100,128.28473444837923
INTERMEDIO,4101,159.07553002979375
INTERMEDIO,4102,138.59266841719995
INTERMEDIO,4103,123.43506388723151
INTERMEDIO,4104,136.77317763357968
INTERMEDIO,4105,135.77525813891742
INTERMEDIO,4106,138.43335940145622
INTERMEDIO,4107,129.56369593917142
INTERMEDIO,4108,141.75730816563606
INTERMEDIO,4109,129.74044274184004
INTERMEDIO,4110,139.26786836694848
INTERMEDIO,4111,142.84642527552137
INTERMEDIO,4112,143.80847414681375
INTERMEDIO,4113,112.4312695972798
INTERMEDIO,4114,148.79168072997624
INTERMEDIO,4115,141.4308486608942
INTERMEDIO,4116,145.68988319649404
INTERMEDIO,4117,151.90286585102254
INTERMEDIO,4118,133.56829393584417
INTERMEDIO,4119,118.71299194672088
INTERMEDIO,4120,153.3844007438896
INTERMEDIO,4121,138.5306880114256
INTERMEDIO,4122,141.8182672600382
INTERMEDIO,4123,141.64845983735734
INTERMEDIO,4124,115.98921564127866
INTERMEDIO,4125,118.7101214091835
INTERMEDIO,4126,147.62596273798673
INTERMEDIO,4127,123.9515124581561
INTERMEDIO,4128,123.27576222641194
INTERMEDIO,4129,144.943375213877
INTERMEDIO,4130,124.05621864394007
INTERMEDIO,4131,141.366201538948
INTERMEDIO,4132,133.45996884514142
INTERMEDIO,4133,151.6221785049725
INTERMEDIO,4134,112.74193112891452
INTERMEDIO,4135,138.00463939733183
INTERMEDIO,4136,175.05622484421286
INTERMEDIO,4137,128.75590674722218
INTERMEDIO,4138,134.94277926707494
INTERMEDIO,4139,144.75888830430037
INTERMEDIO,4140,134.62960015394378
INTERMEDIO,4141,124.62209052198517
INTERMEDIO,4142,134.28731612705104
INTERMEDIO,4143,104.93020823049099
INTERMEDIO,4144,114.23953670424854
INTERMEDIO,4145,147.3720935216742
INTERMEDIO,4146,127.34620754613867
INTERMEDIO,4147,141.5231701550369
INTERMEDIO,4148,137.2885432957676
INTERMEDIO,4149,133.1570195488189
INTERMEDIO,4150,147.41180264516186
INTERMEDIO,4151,169.1668296292901
INTERMEDIO,4152,123.0714448323747
INTERMEDIO,4153,128.69827300466662
INTERMEDIO,4154,141.53867603403205
INTERMEDIO,4155,146.6209273273156
INTERMEDIO,4156,158.1723946141552
INTERMEDIO,4157,115.90703620348972
INTERMEDIO,4158,134.27311826274828
INTERMEDIO,4159,133.03655747706878
INTERMEDIO,4160,113.09014916554432
INTERMEDIO,4161,138.86101647695727
INTERMEDIO,4162,124.94607743150357
INTERMEDIO,4163,143.2768506272958
INTERMEDIO,4164,157.0612679602005
INTERMEDIO,4165,134.82611724159355
INTERMEDIO,4166,109.84920701519
INTERMEDIO,4167,142.7949409626985
INTERMEDIO,4168,119.74056965439723
INTERMEDIO,4169,127.8974162467694
INTERMEDIO,4170,144.29714543997494
INTERMEDIO,4171,140.36729574866786
INTERMEDIO,4172,162.08213968386707
INTERMEDIO,4173,156.93735460155636
INTERMEDIO,4174,122.73439381221621
INTERMEDIO,4175,135.9997618630286
INTERMEDIO,4176,133.61028975892552
INTERMEDIO,4177,137.9733445683742
INTERMEDIO,4178,157.06830643775461
INTERMEDIO,4179,128.91709800507664
INTERMEDIO,4180,152.47026262478695
INTERMEDIO,4181,145.9652202996065
INTERMEDIO,4182,136.6539007309723
INTERMEDIO,4183,166.2285288377925
INTERMEDIO,4184,140.7475054651737
INTERMEDIO,4185,144.30876452363748
INTERMEDIO,4186,131.115070473788
INTERMEDIO,4187,151.83468373718992
INTERMEDIO,4188,117.97810559313776
INTERMEDIO,4189,145.46547399858616
INTERMEDIO,4190,130.89765914748193
INTERMEDIO,4191,149.04892403996055
INTERMEDIO,4192,126.8161848680341
INTERMEDIO,4193,119.07456808622274
INTERMEDIO,4194,128.8096057070611
INTERMEDIO,4195,138.62420094672677
INTERMEDIO,4196,129.09363776480902
INTERMEDIO,4197,151.71165051262275
INTERMEDIO,4198,150.43615183507393
INTERMEDIO,4199,143.6031981950671
INTERMEDIO,4200,124.92765883638944
INTERMEDIO,4201,144.05280878026252
INTERMEDIO,4202,146.04079857849223
INTERMEDIO,4203,163.5822094550628
INTERMEDIO,4204,150.7350048456315
INTERMEDIO,4205,114.27969583172386
INTERMEDIO,4206,151.24425339054966
INTERMEDIO,4207,139.11524538395776
INTERMEDIO,4208,142.38389763256023
INTERMEDIO,4209,160.403620434211
INTERMEDIO,4210,131.1124802354518
INTERMEDIO,4211,143.01352777192295
INTERMEDIO,4212,159.44224052874637
INTERMEDIO,4213,133.40224413597036
INTERMEDIO,4214,132.3901779849516
INTERMEDIO,4215,129.92963219829326
INTERMEDIO,4216,115.01097385996803
INTERMEDIO,4217,147.22232898259674
INTERMEDIO,4218,150.65263827422268
INTERMEDIO,4219,145.90908689167318
INTERMEDIO,4220,116.27137103856448
INTERMEDIO,4221,155.5641190270511
INTERMEDIO,4222,150.27216638683169
INTERMEDIO,4223,153.72622443437405
INTERMEDIO,4224,147.23138614982395
INTERMEDIO,4225,151.74243241915443
INTERMEDIO,4226,124.08565079934799
INTERMEDIO,4227,129.47045595590524
INTERMEDIO,4228,133.3155934150209
INTERMEDIO,4229,124.72045165456387
INTERMEDIO,4230,115.78044963648792
INTERMEDIO,4231,144.8159081778648
INTERMEDIO,4232,119.04532487482479
INTERMEDIO,4233,144.46151357881482
INTERMEDIO,4234,130.20429902533579
INTERMEDIO,4235,134.7775644784132
INTERMEDIO,4236,157.358777217592
INTERMEDIO,4237,163.85059370476708
INTERMEDIO,4238,129.6788645816102
INTERMEDIO,4239,98.77472387975496
INTERMEDIO,4240,143.51609140805564
INTERMEDIO,4241,141.65448216330142
INTERMEDIO,4242,104.00110572575116
INTERMEDIO,4243,173.4415614904853
INTERMEDIO,4244,141.87116756469382
INTERMEDIO,4245,119.17764269259608
INTERMEDIO,4246,151.38818599724715
INTERMEDIO,4247,153.28288101214702
INTERMEDIO,4248,140.9608385403956
INTERMEDIO,4249,167.66368039948853
INTERMEDIO,4250,156.51048581244294
INTERMEDIO,4251,115.09044923509519
INTERMEDIO,4252,134.54873908470165
INTERMEDIO,4253,117.17799335363301
INTERMEDIO,4254,129.12972381450203
INTERMEDIO,4255,124.89327468013079
INTERMEDIO,4256,138.62760514805046
INTERMEDIO,4257,120.33956840542456
INTERMEDIO,4258,137.9786636029182
INTERMEDIO,4259,116.3697133505363
INTERMEDIO,4260,166.84779508565265
INTERMEDIO,4261,152.02092521394786
INTERMEDIO,4262,109.6394914245733
INTERMEDIO,4263,134.54256352161394
INTERMEDIO,4264,108.73178645158784
INTERMEDIO,4265,132.0962224887707
INTERMEDIO,4266,136.8264963522296
INTERMEDIO,4267,136.58875795015686
INTERMEDIO,4268,133.85707662980505
INTERMEDIO,4269,144.26152448639883
INTERMEDIO,4270,137.2958462429686
INTERMEDIO,4271,123.02414443503713
INTERMEDIO,4272,147.78624458730036
INTERMEDIO,4273,148.0255697222037
INTERMEDIO,4274,165.7422600123728
INTERMEDIO,4275,133.6135592847404
INTERMEDIO,4276,140.89997841419552
INTERMEDIO,4277,134.92576795857528
INTERMEDIO,4278,156.063936323109
INTERMEDIO,4279,139.67503097974378
INTERMEDIO,4280,177.4109423061945
INTERMEDIO,4281,130.83528594462695
INTERMEDIO,4282,142.5047784973873
INTERMEDIO,4283,144.74254244903608
INTERMEDIO,4284,138.82857821363712
INTERMEDIO,4285,130.0068200720578
INTERMEDIO,4286,146.5832549549853
INTERMEDIO,4287,141.16793756767072
INTERMEDIO,4288,132.57792446037595
INTERMEDIO,4289,157.8724353964144
INTERMEDIO,4290,117.04365037059574
INTERMEDIO,4291,142.49923942317403
INTERMEDIO,4292,156.37684600662396
INTERMEDIO,4293,136.4416813114172
INTERMEDIO,4294,145.1828808829821
INTERMEDIO,4295,151.06838003679357
INTERMEDIO,4296,138.14971975878927
INTERMEDIO,4297,144.18241583352923
INTERMEDIO,4298,147.92378540437403
INTERMEDIO,4299,129.24799839500412
INTERMEDIO,4300,128.71090195702305
INTERMEDIO,4301,147.0347950988106
INTERMEDIO,4302,131.9018499719824
INTERMEDIO,4303,145.50744436787403
INTERMEDIO,4304,132.53184556574928
INTERMEDIO,4305,158.16190763706936
INTERMEDIO,4306,145.91939559020588
INTERMEDIO,4307,148.56273821155028
INTERMEDIO,4308,149.21352710957646
INTERMEDIO,4309,159.44990482550222
INTERMEDIO,4310,147.40836447604926
INTERMEDIO,4311,115.54180454266051
INTERMEDIO,4312,156.53685568370523
INTERMEDIO,4313,98.20039678624656
INTERMEDIO,4314,147.70734326752597
INTERMEDIO,4315,108.95413729463107
INTERMEDIO,4316,143.49835404449448
INTERMEDIO,4317,148.03519761966575
INTERMEDIO,4318,174.51776333479648
INTERMEDIO,4319,138.61420215116735
INTERMEDIO,4320,145.02819552176044
INTERMEDIO,4321,131.2634484662821
INTERMEDIO,4322,136.7711204282993
INTERMEDIO,4323,121.46888028232547
INTERMEDIO,4324,137.002948238911
INTERMEDIO,4325,140.1196628192768
INTERMEDIO,4326,150.90689578074014
INTERMEDIO,4327,137.38653044629456
INTERMEDIO,4328,120.85771292262281
INTERMEDIO,4329,121.53916368402658
INTERMEDIO,4330,130.37751724048186
INTERMEDIO,4331,160.87912760242557
INTERMEDIO,4332,148.27172624485496
INTERMEDIO,4333,144.1736001864262
INTERMEDIO,4334,130.47943957142178
INTERMEDIO,4335,129.0023627479928
INTERMEDIO,4336,130.0979892890723
INTERMEDIO,4337,127.99958591505144
INTERMEDIO,4338,141.20879901655863
INTERMEDIO,4339,117.36675985285765
INTERMEDIO,4340,143.71065924779998
INTERMEDIO,4341,141.3299808306623
INTERMEDIO,4342,139.94801661871475
INTERMEDIO,4343,115.6885884283509
INTERMEDIO,4344,156.02492385375749
INTERMEDIO,4345,115.62202625523148
INTERMEDIO,4346,150.43344076496956
INTERMEDIO,4347,164.74703892999565
INTERMEDIO,4348,150.64690702497438
INTERMEDIO,4349,148.06039855221633
INTERMEDIO,4350,135.83241704749986
INTERMEDIO,4351,155.3916205669089
INTERMEDIO,4352,108.26603006439528
INTERMEDIO,4353,134.29823597791932
INTERMEDIO,4354,144.78374620429548
INTERMEDIO,4355,135.17599157340857
INTERMEDIO,4356,133.25159971634534
INTERMEDIO,4357,155.17076863138695
INTERMEDIO,4358,128.25665519689514
INTERMEDIO,4359,136.96839134531774
INTERMEDIO,4360,113.47753042558243
INTERMEDIO,4361,103.47482018440968
INTERMEDIO,4362,151.59291677468588
INTERMEDIO,4363,150.8303563225364
INTERMEDIO,4364,139.04415915013738
INTERMEDIO,4365,136.73822638875797
INTERMEDIO,4366,152.97359988924418
INTERMEDIO,4367,134.95725571964212
INTERMEDIO,4368,133.07427345252682
INTERMEDIO,4369,114.35605636599965
INTERMEDIO,4370,130.18609931833754
INTERMEDIO,4371,154.59026162828695
INTERMEDIO,4372,140.8315933157486
INTERMEDIO,4373,160.34894999687938
INTERMEDIO,4374,127.52990339421163
INTERMEDIO,4375,136.61799774672033
INTERMEDIO,4376,129.96040691130148
INTERMEDIO,4377,131.81414658926641
INTERMEDIO,4378,126.86994059042115
INTERMEDIO,4379,107.39613229884905
INTERMEDIO,4380,114.33915495834582
INTERMEDIO,4381,145.1991994516602
INTERMEDIO,4382,136.75335030800113
INTERMEDIO,4383,123.87089200487391
INTERMEDIO,4384,130.73381456538516
INTERMEDIO,4385,129.0531327451924
INTERMEDIO,4386,146.77108833328057
INTERMEDIO,4387,141.8724944116884
INTERMEDIO,4388,151.04192278243335
INTERMEDIO,4389,124.84659236615576
INTERMEDIO,4390,134.52414194858753
INTERMEDIO,4391,161.3926574141031
INTERMEDIO,4392,135.08455329707468
INTERMEDIO,4393,143.2156626572463
INTERMEDIO,4394,148.13579401711678
INTERMEDIO,4395,120.23453149150316
INTERMEDIO,4396,149.26617469357578
INTERMEDIO,4397,121.53326656276357
INTERMEDIO,4398,148.3837217280623
INTERMEDIO,4399,120.88738087807944
INTERMEDIO,4400,150.3014550752514
INTERMEDIO,4401,157.30578300365144
INTERMEDIO,4402,128.78680001991836
INTERMEDIO,4403,128.02169179765238
INTERMEDIO,4404,142.21045407135009
INTERMEDIO,4405,117.57012446725585
INTERMEDIO,4406,129.74886000932256
INTERMEDIO,4407,146.71866004784786
INTERMEDIO,4408,158.9659221757598
INTERMEDIO,4409,137.40830932592056
INTERMEDIO,4410,142.2178063887664
INTERMEDIO,4411,123.09985747837804
INTERMEDIO,4412,149.02339842646586
INTERMEDIO,4413,137.2215948805995
INTERMEDIO,4414,158.9488269321178
INTERMEDIO,4415,165.9114929939596
INTERMEDIO,4416,127.0715915291904
INTERMEDIO,4417,139.97999877887648
INTERMEDIO,4418,150.57390718563138
INTERMEDIO,4419,102.20264085136432
INTERMEDIO,4420,135.5717104076416
INTERMEDIO,4421,148.4067226862458
INTERMEDIO,4422,150.0303490008676
INTERMEDIO,4423,159.49876436634514
INTERMEDIO,4424,153.1199850474846
INTERMEDIO,4425,135.83675428023489
INTERMEDIO,4426,134.49897096638634
INTERMEDIO,4427,131.34580318128238
INTERMEDIO,4428,154.28059196341115
INTERMEDIO,4429,145.51205944422517
INTERMEDIO,4430,160.10698627763168
INTERMEDIO,4431,132.0311601572226
INTERMEDIO,4432,142.2372470010379
INTERMEDIO,4433,121.80781558623228
INTERMEDIO,4434,121.70953954096515
INTERMEDIO,4435,150.60065266439713
INTERMEDIO,4436,120.0649793994073
INTERMEDIO,4437,113.62897645428195
INTERMEDIO,4438,136.6257317307053
INTERMEDIO,4439,126.13026547417857
INTERMEDIO,4440,160.13502969364077
INTERMEDIO,4441,141.04017924335955
INTERMEDIO,4442,143.73423655289298
INTERMEDIO,4443,122.44528996309958
INTERMEDIO,4444,130.9615763661459
INTERMEDIO,4445,175.18614591170834
INTERMEDIO,4446,142.16538585460688
INTERMEDIO,4447,154.89188479324343
INTERMEDIO,4448,166.00800896220434
INTERMEDIO,4449,145.19228790775304
INTERMEDIO,4450,141.8197610567355
INTERMEDIO,4451,133.67568172465576
INTERMEDIO,4452,141.78947494761462
INTERMEDIO,4453,127.13024428509021
INTERMEDIO,4454,132.12031889633747
INTERMEDIO,4455,154.9508217565137
INTERMEDIO,4456,168.24221928777916
INTERMEDIO,4457,139.5648219749369
INTERMEDIO,4458,137.11267458113088
INTERMEDIO,4459,128.00654995500818
INTERMEDIO,4460,131.81809053480836
INTERMEDIO,4461,136.60741727882996
INTERMEDIO,4462,130.0042683903478
INTERMEDIO,4463,118.9477674207783
INTERMEDIO,4464,129.7796017644984
INTERMEDIO,4465,137.30580884586035
INTERMEDIO,4466,126.32074405985081
INTERMEDIO,4467,140.36305567187523
INTERMEDIO,4468,135.26038880935255
INTERMEDIO,4469,130.99149828821388
INTERMEDIO,4470,136.37862738512925
INTERMEDIO,4471,142.83813378163137
INTERMEDIO,4472,105.0065852926117
INTERMEDIO,4473,132.16466129091717
INTERMEDIO,4474,136.64299835109654
INTERMEDIO,4475,139.6550621204487
INTERMEDIO,4476,130.43492477752852
INTERMEDIO,4477,135.89677444782302
INTERMEDIO,4478,133.44462778886574
INTERMEDIO,4479,124.97637575037733
INTERMEDIO,4480,125.91292780575733
INTERMEDIO,4481,142.36355975412243
INTERMEDIO,4482,135.36749281072923
INTERMEDIO,4483,131.48076448287577
INTERMEDIO,4484,163.70052346972489
INTERMEDIO,4485,127.75481241089238
INTERMEDIO,4486,144.99961572615112
INTERMEDIO,4487,134.55748280286272
INTERMEDIO,4488,124.43361471657192
INTERMEDIO,4489,140.49423466316006
INTERMEDIO,4490,137.2394317710093
INTERMEDIO,4491,146.18680225733652
INTERMEDIO,4492,138.68396367594934
INTERMEDIO,4493,137.49005758164827
INTERMEDIO,4494,135.00921398794762
INTERMEDIO,4495,128.55971119122307
INTERMEDIO,4496,135.4903199363122
INTERMEDIO,4497,152.25799050337378
INTERMEDIO,4498,142.52461347703388
INTERMEDIO,4499,140.54970797699977
INTERMEDIO,4500,122.92353731113252
INTERMEDIO,4501,143.4900930864033
INTERMEDIO,4502,158.49142439523695
INTERMEDIO,4503,136.45852396882444
INTERMEDIO,4504,141.20142723490952
INTERMEDIO,4505,148.37164074035587
INTERMEDIO,4506,149.71690448518953
INTERMEDIO,4507,141.19885272031078
INTERMEDIO,4508,123.91613299773637
INTERMEDIO,4509,131.95946276509335
INTERMEDIO,4510,124.12975042068092
INTERMEDIO,4511,139.3661606617443
INTERMEDIO,4512,131.9933501652325
INTERMEDIO,4513,129.93229159922595
INTERMEDIO,4514,139.50184543706888
INTERMEDIO,4515,156.89687207987888
INTERMEDIO,4516,137.1048425825497
INTERMEDIO,4517,133.63963152033298
INTERMEDIO,4518,126.51250985540028
INTERMEDIO,4519,140.17305535539714
INTERMEDIO,4520,118.19270230752171
INTERMEDIO,4521,155.59792497211154
INTERMEDIO,4522,134.65166011920493
INTERMEDIO,4523,137.35015499700566
INTERMEDIO,4524,139.9401646049485
INTERMEDIO,4525,116.29048786384264
INTERMEDIO,4526,118.20575220891041
INTERMEDIO,4527,113.43595744752082
INTERMEDIO,4528,124.71247930145638
INTERMEDIO,4529,148.4971089330758
INTERMEDIO,4530,150.00422887089306
INTERMEDIO,4531,142.8455890126658
INTERMEDIO,4532,113.62341672997886
INTERMEDIO,4533,164.66093820073266
INTERMEDIO,4534,131.53487644452701
INTERMEDIO,4535,136.13749450756424
INTERMEDIO,4536,129.08595227182724
INTERMEDIO,4537,124.94863109751816
INTERMEDIO,4538,149.02431899628
INTERMEDIO,4539,130.40548019810893
INTERMEDIO,4540,154.81452473428243
INTERMEDIO,4541,110.28696537853051
INTERMEDIO,4542,135.7277046226027
INTERMEDIO,4543,126.539110742391
INTERMEDIO,4544,178.3679839228027
INTERMEDIO,4545,128.66081528584155
INTERMEDIO,4546,139.94768772962715
INTERMEDIO,4547,107.45621613733724
INTERMEDIO,4548,153.95522239413708
INTERMEDIO,4549,131.74733308141745
INTERMEDIO,4550,144.21899196000453
INTERMEDIO,4551,111.41243744198158
INTERMEDIO,4552,130.84556820051677
INTERMEDIO,4553,164.70667319482513
INTERMEDIO,4554,108.40187680682774
INTERMEDIO,4555,139.60540380190855
INTERMEDIO,4556,150.26421235097064
INTERMEDIO,4557,131.91303010183123
INTERMEDIO,4558,126.0635918674145
INTERMEDIO,4559,128.13487173970444
INTERMEDIO,4560,171.1551555843679
INTERMEDIO,4561,124.4034767742839
INTERMEDIO,4562,156.38333060380648
INTERMEDIO,4563,127.54247472885392
INTERMEDIO,4564,143.86979585543568
INTERMEDIO,4565,144.76764394941426
INTERMEDIO,4566,155.88137405784693
INTERMEDIO,4567,127.57786007675884
INTERMEDIO,4568,131.39548376662893
INTERMEDIO,4569,153.42072183340946
INTERMEDIO,4570,150.7734390307048
INTERMEDIO,4571,137.2579329827618
INTERMEDIO,4572,137.0874499740087
INTERMEDIO,4573,134.28501956775523
INTERMEDIO,4574,132.1761512314669
INTERMEDIO,4575,129.85367076312338
INTERMEDIO,4576,113.61610247294671
INTERMEDIO,4577,131.9544027513914
INTERMEDIO,4578,151.56643571653544
INTERMEDIO,4579,133.72086562488573
INTERMEDIO,4580,127.36580396571036
INTERMEDIO,4581,149.0486998240763
INTERMEDIO,4582,143.26756349516086
INTERMEDIO,4583,120.89230954401472
INTERMEDIO,4584,159.5895636918211
INTERMEDIO,4585,138.1058925060465
INTERMEDIO,4586,124.43844151573339
INTERMEDIO,4587,140.56086375420807
INTERMEDIO,4588,123.76987853954108
INTERMEDIO,4589,138.5993644731498
INTERMEDIO,4590,145.92841873036502
INTERMEDIO,4591,130.77741449554952
INTERMEDIO,4592,140.67919939863208
INTERMEDIO,4593,136.7418420571144
INTERMEDIO,4594,147.35540996074036
INTERMEDIO,4595,138.62966292252884
INTERMEDIO,4596,151.88250140669814
INTERMEDIO,4597,157.78865179338436
INTERMEDIO,4598,121.13731262359578
INTERMEDIO,4599,141.75721304436527
INTERMEDIO,4600,153.1649360165274
INTERMEDIO,4601,124.88551155472896
INTERMEDIO,4602,169.60858454554594
INTERMEDIO,4603,151.91098496560411
INTERMEDIO,4604,124.7537461114704
INTERMEDIO,4605,127.64090150203391
INTERMEDIO,4606,129.08084426816657
INTERMEDIO,4607,152.35556836219902
INTERMEDIO,4608,135.59211044559783
INTERMEDIO,4609,132.13701724898615
INTERMEDIO,4610,139.81456045247967
INTERMEDIO,4611,147.0909264386081
INTERMEDIO,4612,157.43915734865374
INTERMEDIO,4613,133.15908247980173
INTERMEDIO,4614,122.10487876517686
INTERMEDIO,4615,128.45696770661564
INTERMEDIO,4616,132.57882494643286
INTERMEDIO,4617,128.50824600382953
INTERMEDIO,4618,139.56391321776957
INTERMEDIO,4619,127.00308200115472
INTERMEDIO,4620,138.7973111818728
INTERMEDIO,4621,161.38291374636734
INTERMEDIO,4622,135.25658168063637
INTERMEDIO,4623,153.64654695342182
INTERMEDIO,4624,149.6045686508883
INTERMEDIO,4625,129.06361683664753
INTERMEDIO,4626,131.80861995840135
INTERMEDIO,4627,138.10689115949552
INTERMEDIO,4628,144.77166246379528
INTERMEDIO,4629,140.8676856705398
INTERMEDIO,4630,141.92881134531353
INTERMEDIO,4631,115.8494914268095
INTERMEDIO,4632,130.28327341966153
INTERMEDIO,4633,127.09721425279494
INTERMEDIO,4634,113.71664503234672
INTERMEDIO,4635,143.27399160536356
INTERMEDIO,4636,138.5122579986906
INTERMEDIO,4637,144.37239612920575
INTERMEDIO,4638,126.66417258667218
INTERMEDIO,4639,144.78902831098014
INTERMEDIO,4640,127.22772386333878
INTERMEDIO,4641,123.23567506392413
INTERMEDIO,4642,153.34498427209832
INTERMEDIO,4643,135.682407347178
INTERMEDIO,4644,153.03613802131022
INTERMEDIO,4645,166.53175069464515
INTERMEDIO,4646,132.06177812351726
INTERMEDIO,4647,122.3252581346501
INTERMEDIO,4648,147.46945635666978
INTERMEDIO,4649,138.54588074434014
INTERMEDIO,4650,133.06273122043882
INTERMEDIO,4651,140.78846636057926
INTERMEDIO,4652,160.7730783800697
INTERMEDIO,4653,126.16959966431445
INTERMEDIO,4654,126.70734967637912
INTERMEDIO,4655,134.67326816014634
INTERMEDIO,4656,149.77718069487378
INTERMEDIO,4657,128.62344033233566
INTERMEDIO,4658,116.07388882245756
INTERMEDIO,4659,123.73257483701931
INTERMEDIO,4660,149.91182746765588
INTERMEDIO,4661,152.52404549361637
INTERMEDIO,4662,143.77456340472818
INTERMEDIO,4663,149.1297111592557
INTERMEDIO,4664,126.71365061079052
INTERMEDIO,4665,115.7954556438693
INTERMEDIO,4666,125.55744683664707
INTERMEDIO,4667,154.0146179373377
INTERMEDIO,4668,136.09149008691583
INTERMEDIO,4669,140.1504181152038
INTERMEDIO,4670,148.99154406701874
INTERMEDIO,4671,117.34007622917701
INTERMEDIO,4672,122.9427099435683
INTERMEDIO,4673,163.11122486766453
INTERMEDIO,4674,155.78517421289772
INTERMEDIO,4675,146.17642998699424
INTERMEDIO,4676,139.5715518391079
INTERMEDIO,4677,145.6457818401163
INTERMEDIO,4678,141.05612192267074
INTERMEDIO,4679,151.56543570316705
INTERMEDIO,4680,144.25532650820244
INTERMEDIO,4681,146.1761675101765
INTERMEDIO,4682,115.78402374530614
INTERMEDIO,4683,149.80561216018046
INTERMEDIO,4684,137.15674198567592
INTERMEDIO,4685,156.10224908628626
INTERMEDIO,4686,140.49286646968807
INTERMEDIO,4687,146.3456214640091
INTERMEDIO,4688,155.8508201233227
INTERMEDIO,4689,148.09482398562352
INTERMEDIO,4690,151.90278429268855
INTERMEDIO,4691,138.21719557368206
INTERMEDIO,4692,136.1332839675228
INTERMEDIO,4693,133.2775922294535
INTERMEDIO,4694,140.98866006430268
INTERMEDIO,4695,147.35035277227271
INTERMEDIO,4696,132.31678072253382
INTERMEDIO,4697,112.35090651572412
INTERMEDIO,4698,131.7455516241366
INTERMEDIO,4699,143.71707833965957
INTERMEDIO,4700,134.71387898609092
INTERMEDIO,4701,121.00787842293676
INTERMEDIO,4702,161.4597764986826
INTERMEDIO,4703,135.9446727165673
INTERMEDIO,4704,117.46102244357701
INTERMEDIO,4705,140.72304358595093
INTERMEDIO,4706,120.53050219228601
INTERMEDIO,4707,158.07308466740926
INTERMEDIO,4708,136.67579432420155
INTERMEDIO,4709,141.53232366082528
INTERMEDIO,4710,127.26355874688306
INTERMEDIO,4711,109.98420443743709
INTERMEDIO,4712,120.21993721285929
INTERMEDIO,4713,138.3187049000702
INTERMEDIO,4714,140.35538781800645
INTERMEDIO,4715,153.86671437878007
INTERMEDIO,4716,156.72470370787934
INTERMEDIO,4717,128.88376859477052
INTERMEDIO,4718,137.34462829406604
INTERMEDIO,4719,159.09334053826296
INTERMEDIO,4720,146.94772998262815
INTERMEDIO,4721,121.01475220906786
INTERMEDIO,4722,147.13568131053196
INTERMEDIO,4723,132.69001249941613
INTERMEDIO,4724,119.71884605326761
INTERMEDIO,4725,116.39541061277393
INTERMEDIO,4726,166.5490104903473
INTERMEDIO,4727,150.85510639241613
INTERMEDIO,4728,148.2123409054719
INTERMEDIO,4729,130.07602015839447
INTERMEDIO,4730,140.27333631455372
INTERMEDIO,4731,142.96402563821061
INTERMEDIO,4732,124.56123067439802
INTERMEDIO,4733,130.6700710212562
INTERMEDIO,4734,123.87427530046759
INTERMEDIO,4735,143.35776326593336
INTERMEDIO,4736,132.6893279744719
INTERMEDIO,4737,123.92679174000013
INTERMEDIO,4738,145.04414116252076
INTERMEDIO,4739,161.38492179540623
INTERMEDIO,4740,127.23279530550077
INTERMEDIO,4741,130.16323546203435
INTERMEDIO,4742,124.65700753432881
INTERMEDIO,4743,147.60155529318072
INTERMEDIO,4744,118.80951614607204
INTERMEDIO,4745,128.9834796382954
INTERMEDIO,4746,143.03812936589213
INTERMEDIO,4747,132.31286222290544
INTERMEDIO,4748,116.13802312745445
INTERMEDIO,4749,132.5318732709593
INTERMEDIO,4750,162.77383719277287
INTERMEDIO,4751,161.78445574317357
INTERMEDIO,4752,129.59221488112163
INTERMEDIO,4753,149.57341212428483
INTERMEDIO,4754,135.91426452994835
INTERMEDIO,4755,118.95304888717807
INTERMEDIO,4756,146.4292417696311
INTERMEDIO,4757,125.73233818698858
INTERMEDIO,4758,134.35144795909713
INTERMEDIO,4759,138.0205399422933
INTERMEDIO,4760,129.17037938963782
INTERMEDIO,4761,138.2679870041594
INTERMEDIO,4762,133.98768444524063
INTERMEDIO,4763,144.50257037067504
INTERMEDIO,4764,127.54163862464102
INTERMEDIO,4765,115.35617271230132
INTERMEDIO,4766,157.6971522503507
INTERMEDIO,4767,127.69137154941457
INTERMEDIO,4768,137.00341693041503
INTERMEDIO,4769,118.93338584581048
INTERMEDIO,4770,143.67460098498753
INTERMEDIO,4771,111.61213067461567
INTERMEDIO,4772,116.343810687136
INTERMEDIO,4773,153.86668087923965
INTERMEDIO,4774,155.26811883938544
INTERMEDIO,4775,127.16492746232211
INTERMEDIO,4776,144.80456474945208
INTERMEDIO,4777,147.46303585449544
INTERMEDIO,4778,126.82039103416454
INTERMEDIO,4779,155.45256852512182
INTERMEDIO,4780,140.95773161939783
INTERMEDIO,4781,123.68720225580584
INTERMEDIO,4782,134.58477412405617
INTERMEDIO,4783,114.50348316313654
INTERMEDIO,4784,165.08295407362954
INTERMEDIO,4785,129.80871741522293
INTERMEDIO,4786,138.5781262400052
INTERMEDIO,4787,140.11823601382434
INTERMEDIO,4788,150.40545500622108
INTERMEDIO,4789,152.91566633459118
INTERMEDIO,4790,128.4301795889545
INTERMEDIO,4791,127.71374489383076
INTERMEDIO,4792,120.97981063933872
INTERMEDIO,4793,133.70034876559558
INTERMEDIO,4794,123.89406410817821
INTERMEDIO,4795,132.7970239650882
INTERMEDIO,4796,150.3206453456644
INTERMEDIO,4797,126.619017705796
INTERMEDIO,4798,154.709220407573
INTERMEDIO,4799,132.56781839760953
INTERMEDIO,4800,128.22404108836415
INTERMEDIO,4801,106.31272130155908
INTERMEDIO,4802,117.76916515103493
INTERMEDIO,4803,133.0845332860247
INTERMEDIO,4804,149.77956863964025
INTERMEDIO,4805,141.4045577674082
INTERMEDIO,4806,141.27112474013765
INTERMEDIO,4807,142.24574576083197
INTERMEDIO,4808,121.43164016332537
INTERMEDIO,4809,128.61672511939005
INTERMEDIO,4810,140.24624900497236
INTERMEDIO,4811,130.93220772597368
INTERMEDIO,4812,131.96737719289155
INTERMEDIO,4813,128.56873647472352
INTERMEDIO,4814,160.06547875711675
INTERMEDIO,4815,115.02922846972432
INTERMEDIO,4816,135.60673815676475
INTERMEDIO,4817,156.05515212806733
INTERMEDIO,4818,128.53515301485453
INTERMEDIO,4819,145.2758020704543
INTERMEDIO,4820,143.76649569676388
INTERMEDIO,4821,111.26598625400582
INTERMEDIO,4822,124.266239173779
INTERMEDIO,4823,136.035397528321
INTERMEDIO,4824,114.89922362514822
INTERMEDIO,4825,139.7647437237784
INTERMEDIO,4826,125.08728149759098
INTERMEDIO,4827,140.43334566417374
INTERMEDIO,4828,140.41932403140942
INTERMEDIO,4829,125.96605148830751
INTERMEDIO,4830,154.86358609344668
INTERMEDIO,4831,130.0946587656997
INTERMEDIO,4832,171.508045433892
INTERMEDIO,4833,120.96505579185227
INTERMEDIO,4834,122.08317548168247
INTERMEDIO,4835,139.02661260534208
INTERMEDIO,4836,120.61071257561049
INTERMEDIO,4837,151.87341675331018
INTERMEDIO,4838,150.46212863195927
INTERMEDIO,4839,135.28236828041486
INTERMEDIO,4840,133.2800955194023
INTERMEDIO,4841,137.96749356300197
INTERMEDIO,4842,152.8072950538005
INTERMEDIO,4843,152.1448103380808
INTERMEDIO,4844,150.23385217471247
INTERMEDIO,4845,143.46468458928996
INTERMEDIO,4846,142.1590128691405
INTERMEDIO,4847,166.50838706346894
INTERMEDIO,4848,169.74820008490934
INTERMEDIO,4849,129.0786728070786
INTERMEDIO,4850,142.21338723203704
INTERMEDIO,4851,141.07426520106551
INTERMEDIO,4852,148.83382084937853
INTERMEDIO,4853,142.26755403706494
INTERMEDIO,4854,150.5317190834226
INTERMEDIO,4855,154.77163370100743
INTERMEDIO,4856,140.17461869219954
INTERMEDIO,4857,127.98170040424539
INTERMEDIO,4858,146.6843203419837
INTERMEDIO,4859,143.13358909445796
INTERMEDIO,4860,133.29357644176196
INTERMEDIO,4861,156.38256164870305
INTERMEDIO,4862,154.73744228161047
INTERMEDIO,4863,147.3773439872869
INTERMEDIO,4864,133.98656736846874
INTERMEDIO,4865,143.85326342603713
INTERMEDIO,4866,151.78620956632813
INTERMEDIO,4867,133.84583582050615
INTERMEDIO,4868,141.31547480555793
INTERMEDIO,4869,125.26403605131037
INTERMEDIO,4870,140.61871185671518
INTERMEDIO,4871,144.6583300905963
INTERMEDIO,4872,124.8801519041893
INTERMEDIO,4873,131.36902070373273
INTERMEDIO,4874,162.18716778446628
INTERMEDIO,4875,138.5861928543161
INTERMEDIO,4876,147.42134342124228
INTERMEDIO,4877,134.03094578460215
INTERMEDIO,4878,137.01488133237137
INTERMEDIO,4879,150.00040646251
INTERMEDIO,4880,181.3835566715649
INTERMEDIO,4881,148.4254417012236
INTERMEDIO,4882,137.05093656358721
INTERMEDIO,4883,137.9842627757999
INTERMEDIO,4884,170.9432145107055
INTERMEDIO,4885,128.1188414612924
INTERMEDIO,4886,154.2315844271958
INTERMEDIO,4887,156.9965597640287
INTERMEDIO,4888,135.360256642298
INTERMEDIO,4889,123.38151620679979
INTERMEDIO,4890,145.64234022430804
INTERMEDIO,4891,131.28771632383194
INTERMEDIO,4892,161.484477037834
INTERMEDIO,4893,129.04137079027208
INTERMEDIO,4894,142.30575468106105
INTERMEDIO,4895,111.80031334093204
INTERMEDIO,4896,159.9917424548686
INTERMEDIO,4897,151.31811462749013
INTERMEDIO,4898,146.55764975021123
INTERMEDIO,4899,123.39374966347428
INTERMEDIO,4900,152.80966441354602
INTERMEDIO,4901,145.62894005285457
INTERMEDIO,4902,150.3234785219408
INTERMEDIO,4903,150.64712543370408
INTERMEDIO,4904,113.39957658140764
INTERMEDIO,4905,120.42582247709345
INTERMEDIO,4906,133.26952914045438
INTERMEDIO,4907,126.80843048523904
INTERMEDIO,4908,126.88174889487908
INTERMEDIO,4909,153.377568426341
INTERMEDIO,4910,118.66784510867315
INTERMEDIO,4911,162.49098934481452
INTERMEDIO,4912,138.9368698741465
INTERMEDIO,4913,146.3873615450173
INTERMEDIO,4914,163.99823458846348
INTERMEDIO,4915,132.7732709950866
INTERMEDIO,4916,145.1301854005673
INTERMEDIO,4917,145.25195280640776
INTERMEDIO,4918,129.9726836106728
INTERMEDIO,4919,133.71001123350808
INTERMEDIO,4920,137.22282303633528
INTERMEDIO,4921,136.7185056385091
INTERMEDIO,4922,142.14108687987635
INTERMEDIO,4923,132.98764514189077
INTERMEDIO,4924,124.91342595114378
INTERMEDIO,4925,161.1980209346155
INTERMEDIO,4926,126.10644350675956
INTERMEDIO,4927,143.3117701387908
INTERMEDIO,4928,137.4232548830703
INTERMEDIO,4929,135.1979837847658
INTERMEDIO,4930,150.69363629563145
INTERMEDIO,4931,108.65377424617165
INTERMEDIO,4932,138.4707267395684
INTERMEDIO,4933,138.74376938782567
INTERMEDIO,4934,153.65952662722532
INTERMEDIO,4935,147.70922643033867
INTERMEDIO,4936,135.94984395918732
INTERMEDIO,4937,130.9442434664473
INTERMEDIO,4938,156.92780694292372
INTERMEDIO,4939,135.28242448762205
INTERMEDIO,4940,164.29535722084213
INTERMEDIO,4941,122.99848739253218
INTERMEDIO,4942,134.68586789133923
INTERMEDIO,4943,121.44738304207775
INTERMEDIO,4944,117.71884879150339
INTERMEDIO,4945,127.77831257352977
INTERMEDIO,4946,144.06943533952446
INTERMEDIO,4947,123.98824488273696
INTERMEDIO,4948,128.7402793886175
INTERMEDIO,4949,148.46028169213912
INTERMEDIO,4950,135.85868487884227
INTERMEDIO,4951,117.88570038441462
INTERMEDIO,4952,164.85190694985283
INTERMEDIO,4953,142.46345963955824
INTERMEDIO,4954,144.49853632483413
INTERMEDIO,4955,130.88905214423133
INTERMEDIO,4956,141.36238373748117
INTERMEDIO,4957,148.27088345295536
INTERMEDIO,4958,165.35128761150835
INTERMEDIO,4959,150.2465072613842
INTERMEDIO,4960,126.88977090970566
INTERMEDIO,4961,137.7505645935142
INTERMEDIO,4962,110.68000754877242
INTERMEDIO,4963,109.29504035891472
INTERMEDIO,4964,101.75380952351017
INTERMEDIO,4965,149.74955887741294
INTERMEDIO,4966,136.9115226209224
INTERMEDIO,4967,130.7423201393323
INTERMEDIO,4968,142.33993313586768
INTERMEDIO,4969,131.6245357195586
INTERMEDIO,4970,122.86222231603605
INTERMEDIO,4971,140.06282795215955
INTERMEDIO,4972,153.08337815654156
INTERMEDIO,4973,140.19377800977543
INTERMEDIO,4974,131.95068120333403
INTERMEDIO,4975,126.71456572812943
INTERMEDIO,4976,131.39650980882942
INTERMEDIO,4977,148.34539627979834
INTERMEDIO,4978,137.12420993792136
INTERMEDIO,4979,126.23869285660012
INTERMEDIO,4980,148.80664539621097
INTERMEDIO,4981,147.92302589779803
INTERMEDIO,4982,146.4386231143117
INTERMEDIO,4983,133.17810898056467
INTERMEDIO,4984,124.76204709100773
INTERMEDIO,4985,126.9208311587894
INTERMEDIO,4986,161.5151856918925
INTERMEDIO,4987,139.46302417608752
INTERMEDIO,4988,125.1222263445696
INTERMEDIO,4989,140.0279726045046
INTERMEDIO,4990,147.27941994850772
INTERMEDIO,4991,148.27326405325405
INTERMEDIO,4992,128.49516438383893
INTERMEDIO,4993,151.99333584515955
INTERMEDIO,4994,103.24473754120666
INTERMEDIO,4995,158.04941368722837
INTERMEDIO,4996,136.81770376845486
INTERMEDIO,4997,117.77072658994564
INTERMEDIO,4998,114.77351468670354
INTERMEDIO,4999,126.22482768405385
INTERMEDIO,5000,114.24419679484043
INTERMEDIO,5001,134.58586731127951
INTERMEDIO,5002,126.842999412426
INTERMEDIO,5003,156.6771946987287
INTERMEDIO,5004,126.66577320735993
INTERMEDIO,5005,130.75935926539793
INTERMEDIO,5006,124.84471540689118
INTERMEDIO,5007,120.75984266418656
INTERMEDIO,5008,96.14318135349848
INTERMEDIO,5009,117.40594408782754
INTERMEDIO,5010,180.40120624797007
INTERMEDIO,5011,150.4967763345018
INTERMEDIO,5012,142.75672753840973
INTERMEDIO,5013,180.24100911856277
INTERMEDIO,5014,141.8848923242858
INTERMEDIO,5015,117.36908876698146
INTERMEDIO,5016,144.345908254182
INTERMEDIO,5017,130.9519918615751
INTERMEDIO,5018,153.78119473982446
INTERMEDIO,5019,127.89384654046222
INTERMEDIO,5020,135.17851473795147
INTERMEDIO,5021,135.37423449306803
INTERMEDIO,5022,149.35061775495765
INTERMEDIO,5023,151.16253896131923
INTERMEDIO,5024,139.5692546991238
INTERMEDIO,5025,145.25442474363172
INTERMEDIO,5026,126.52779691631699
INTERMEDIO,5027,136.75489933346057
INTERMEDIO,5028,144.54859904825778
INTERMEDIO,5029,137.6873076686845
INTERMEDIO,5030,128.7068033466365
INTERMEDIO,5031,155.0380096291164
INTERMEDIO,5032,136.13935715438134
INTERMEDIO,5033,128.48724747437072
INTERMEDIO,5034,140.678714081508
INTERMEDIO,5035,131.8974150668018
INTERMEDIO,5036,153.13933826893268
INTERMEDIO,5037,153.62716667711558
INTERMEDIO,5038,159.23559825451144
INTERMEDIO,5039,148.67272486420396
INTERMEDIO,5040,128.58743704979915
INTERMEDIO,5041,132.5549561729673
INTERMEDIO,5042,138.87310760856752
INTERMEDIO,5043,125.71002464214428
INTERMEDIO,5044,112.73076327292152
INTERMEDIO,5045,143.33168879627033
INTERMEDIO,5046,114.59683860463247
INTERMEDIO,5047,110.11112451253965
INTERMEDIO,5048,140.41818992302225
INTERMEDIO,5049,139.11845984203552
INTERMEDIO,5050,133.00408324427298
INTERMEDIO,5051,139.96277896493288
INTERMEDIO,5052,153.10206889498073
INTERMEDIO,5053,150.95062390209227
INTERMEDIO,5054,130.85149809870103
INTERMEDIO,5055,122.43174970424394
INTERMEDIO,5056,137.8751677770846
INTERMEDIO,5057,134.39471836540002
INTERMEDIO,5058,150.569740743695
INTERMEDIO,5059,143.28974824266223
INTERMEDIO,5060,140.2624698673099
INTERMEDIO,5061,140.42531693433574
INTERMEDIO,5062,135.84985131582786
INTERMEDIO,5063,130.3830073127942
INTERMEDIO,5064,153.88148111124343
INTERMEDIO,5065,127.49917598600274
INTERMEDIO,5066,158.07980623967012
INTERMEDIO,5067,154.45797027319463
INTERMEDIO,5068,132.28683218319503
INTERMEDIO,5069,139.48617434797043
INTERMEDIO,5070,118.34989681765877
INTERMEDIO,5071,137.76768661972807
INTERMEDIO,5072,142.69427483859207
INTERMEDIO,5073,147.14701418680116
INTERMEDIO,5074,122.05283509444783
INTERMEDIO,5075,135.88713699531237
INTERMEDIO,5076,135.85269689111297
INTERMEDIO,5077,151.94636658753035
INTERMEDIO,5078,160.61334303752085
INTERMEDIO,5079,162.45210501138868
INTERMEDIO,5080,121.94268585741477
INTERMEDIO,5081,154.580884858592
INTERMEDIO,5082,156.16341371502844
INTERMEDIO,5083,136.55862182948823
INTERMEDIO,5084,121.69789521400833
INTERMEDIO,5085,139.89825698636213
INTERMEDIO,5086,149.2631049248791
INTERMEDIO,5087,144.47067210722304
INTERMEDIO,5088,118.6660895412616
INTERMEDIO,5089,116.0886588137229
INTERMEDIO,5090,129.7461877051409
INTERMEDIO,5091,143.19576460381134
INTERMEDIO,5092,117.47388616713208
INTERMEDIO,5093,135.4476870597849
INTERMEDIO,5094,173.32928134926362
INTERMEDIO,5095,134.33325718520197
INTERMEDIO,5096,95.61990921819185
INTERMEDIO,5097,140.29051088449518
INTERMEDIO,5098,149.50472769404345
INTERMEDIO,5099,115.86412753498796
INTERMEDIO,5100,158.12905998323356
INTERMEDIO,5101,146.61336151081986
INTERMEDIO,5102,147.95719869156824
INTERMEDIO,5103,123.58604766445211
INTERMEDIO,5104,125.94060347549127
INTERMEDIO,5105,132.5276768703603
INTERMEDIO,5106,140.93943961180364
INTERMEDIO,5107,154.5980323452673
INTERMEDIO,5108,150.20676042811374
INTERMEDIO,5109,149.31314756156848
INTERMEDIO,5110,129.73429259561593
INTERMEDIO,5111,146.02826066703727
INTERMEDIO,5112,138.97627617183576
INTERMEDIO,5113,134.71253053085636
INTERMEDIO,5114,135.4730440550757
INTERMEDIO,5115,135.36653132119812
INTERMEDIO,5116,142.0073434993102
INTERMEDIO,5117,140.13789466630288
INTERMEDIO,5118,121.08243446578132
INTERMEDIO,5119,127.78448666069352
INTERMEDIO,5120,138.40413204489693
INTERMEDIO,5121,129.64626597874184
INTERMEDIO,5122,143.1914946574459
INTERMEDIO,5123,135.9105401203379
INTERMEDIO,5124,152.92817957955845
INTERMEDIO,5125,124.58137122495847
INTERMEDIO,5126,140.35381806177685
INTERMEDIO,5127,142.1471865090964
INTERMEDIO,5128,123.75831122542337
INTERMEDIO,5129,122.89485052825992
INTERMEDIO,5130,136.71216536214138
INTERMEDIO,5131,128.82167925480243
INTERMEDIO,5132,133.34717626706438
INTERMEDIO,5133,166.83144379624053
INTERMEDIO,5134,132.0981071763634
INTERMEDIO,5135,143.19523916652037
INTERMEDIO,5136,158.54104841177846
INTERMEDIO,5137,134.40434290998024
INTERMEDIO,5138,127.8644947280314
INTERMEDIO,5139,143.11799760949881
INTERMEDIO,5140,135.09628270091974
INTERMEDIO,5141,133.55316200531766
INTERMEDIO,5142,142.59798708345306
INTERMEDIO,5143,119.14575380695439
INTERMEDIO,5144,114.09908657802883
INTERMEDIO,5145,140.29660140246173
INTERMEDIO,5146,152.2369901795304
INTERMEDIO,5147,119.17924064022557
INTERMEDIO,5148,111.0304980890419
INTERMEDIO,5149,121.1364266417613
INTERMEDIO,5150,126.51695397585054
INTERMEDIO,5151,112.55837328897925
INTERMEDIO,5152,122.15992627981265
INTERMEDIO,5153,134.66748166788972
INTERMEDIO,5154,147.66107494410682
INTERMEDIO,5155,126.49563514206838
INTERMEDIO,5156,100.44868271998601
INTERMEDIO,5157,129.8136293287415
INTERMEDIO,5158,145.04055105599514
INTERMEDIO,5159,147.8413902318152
INTERMEDIO,5160,148.0935038868914
INTERMEDIO,5161,143.45872953461367
INTERMEDIO,5162,153.73157502433966
INTERMEDIO,5163,123.7359908757093
INTERMEDIO,5164,162.069375250785
INTERMEDIO,5165,124.30798840833893
INTERMEDIO,5166,113.9469770206454
INTERMEDIO,5167,159.93292534932203
INTERMEDIO,5168,135.28098515886913
INTERMEDIO,5169,142.31447953162493
INTERMEDIO,5170,128.6680651117629
INTERMEDIO,5171,149.25382823973374
INTERMEDIO,5172,145.51581556458848
INTERMEDIO,5173,153.35761176300372
INTERMEDIO,5174,130.0315020757307
INTERMEDIO,5175,143.08045188602688
INTERMEDIO,5176,137.59194002988906
INTERMEDIO,5177,155.76678551228756
INTERMEDIO,5178,116.11193906426828
INTERMEDIO,5179,170.18360734357762
INTERMEDIO,5180,148.19631813335914
INTERMEDIO,5181,121.03200871114332
INTERMEDIO,5182,138.37082375636282
INTERMEDIO,5183,167.35125080518085
INTERMEDIO,5184,130.69476739658376
INTERMEDIO,5185,114.28625380128352
INTERMEDIO,5186,118.2839937656019
INTERMEDIO,5187,132.26206544540054
INTERMEDIO,5188,127.37634787689069
INTERMEDIO,5189,149.66931659090568
INTERMEDIO,5190,120.74371628797111
INTERMEDIO,5191,135.26268418269473
INTERMEDIO,5192,154.4304819431747
INTERMEDIO,5193,122.24417324262086
INTERMEDIO,5194,135.68978102705438
INTERMEDIO,5195,149.58266544229187
INTERMEDIO,5196,140.7062688116526
INTERMEDIO,5197,158.87896150000387
INTERMEDIO,5198,151.4617970596061
INTERMEDIO,5199,144.60122131266934
INTERMEDIO,5200,95.3934311413741
INTERMEDIO,5201,150.47168634490515
INTERMEDIO,5202,146.50087957607963
INTERMEDIO,5203,152.41396711034213
INTERMEDIO,5204,121.85299393471897
INTERMEDIO,5205,125.21483584402823
INTERMEDIO,5206,137.45299631048704
INTERMEDIO,5207,147.20742090078875
INTERMEDIO,5208,101.87333220384187
INTERMEDIO,5209,149.89645344155306
INTERMEDIO,5210,120.38257161308834
INTERMEDIO,5211,114.42780365923021
INTERMEDIO,5212,128.82966996432293
INTERMEDIO,5213,146.1370509054132
INTERMEDIO,5214,148.14266057835533
INTERMEDIO,5215,110.08936018932785
INTERMEDIO,5216,128.21578832925508
INTERMEDIO,5217,134.80669694521276
INTERMEDIO,5218,146.1294527316813
INTERMEDIO,5219,146.26135469198388
INTERMEDIO,5220,136.98602237679472
INTERMEDIO,5221,145.4967474383817
INTERMEDIO,5222,130.0955498368201
INTERMEDIO,5223,158.44425872094655
INTERMEDIO,5224,154.06935659765642
INTERMEDIO,5225,119.01700492014972
INTERMEDIO,5226,132.66810401700727
INTERMEDIO,5227,150.5996763384011
INTERMEDIO,5228,132.48533532926396
INTERMEDIO,5229,123.74875582761779
INTERMEDIO,5230,137.9860546335246
INTERMEDIO,5231,137.49066790177227
INTERMEDIO,5232,156.09404754051448
INTERMEDIO,5233,135.89033111432497
INTERMEDIO,5234,149.1600041646291
INTERMEDIO,5235,140.49331415843798
INTERMEDIO,5236,126.8881576731241
INTERMEDIO,5237,116.06827518246149
INTERMEDIO,5238,140.55647384405054
INTERMEDIO,5239,119.65595002159644
INTERMEDIO,5240,144.23529120553482
INTERMEDIO,5241,148.7756377379416
INTERMEDIO,5242,161.3772701482542
INTERMEDIO,5243,118.70335034506583
INTERMEDIO,5244,165.2784453771591
INTERMEDIO,5245,156.0603662977744
INTERMEDIO,5246,117.87504779419857
INTERMEDIO,5247,134.4667475179731
INTERMEDIO,5248,122.13769481438203
INTERMEDIO,5249,165.1608965842075
INTERMEDIO,5250,115.52912978316243
INTERMEDIO,5251,145.69704331907954
INTERMEDIO,5252,162.5220547397006
INTERMEDIO,5253,137.9732247934195
INTERMEDIO,5254,118.04311977559026
INTERMEDIO,5255,167.13234103713103
INTERMEDIO,5256,138.60673862880125
INTERMEDIO,5257,127.77380751882679
INTERMEDIO,5258,148.3621567819248
INTERMEDIO,5259,160.88281048800732
INTERMEDIO,5260,141.30731560704976
INTERMEDIO,5261,134.56311695974952
INTERMEDIO,5262,144.43103467623743
INTERMEDIO,5263,150.51041751682138
INTERMEDIO,5264,178.43645638505154
INTERMEDIO,5265,115.71386060209335
INTERMEDIO,5266,150.6505301593748
INTERMEDIO,5267,133.67172286396294
INTERMEDIO,5268,145.46756652913749
INTERMEDIO,5269,135.73897765625458
INTERMEDIO,5270,169.9085850922637
INTERMEDIO,5271,122.48037438734283
INTERMEDIO,5272,137.0242939392856
INTERMEDIO,5273,129.0576311982335
INTERMEDIO,5274,134.61272739898683
INTERMEDIO,5275,169.85949037983025
INTERMEDIO,5276,148.33414336264374
INTERMEDIO,5277,132.12213093081175
INTERMEDIO,5278,129.58296149208985
INTERMEDIO,5279,159.34864400228653
INTERMEDIO,5280,140.48328471950737
INTERMEDIO,5281,145.21840310087683
INTERMEDIO,5282,114.8671164899863
INTERMEDIO,5283,133.0880038613223
INTERMEDIO,5284,141.78482752941886
INTERMEDIO,5285,120.98402823784059
INTERMEDIO,5286,135.80227865574884
INTERMEDIO,5287,141.0572756598358
INTERMEDIO,5288,124.8883257358797
INTERMEDIO,5289,162.1625780529851
INTERMEDIO,5290,147.7414228809346
INTERMEDIO,5291,130.70505360939913
INTERMEDIO,5292,140.93137252878822
INTERMEDIO,5293,130.5628644919858
INTERMEDIO,5294,127.86080471592204
INTERMEDIO,5295,133.25066474028858
INTERMEDIO,5296,132.62149195239323
INTERMEDIO,5297,139.38972033269954
INTERMEDIO,5298,146.02179451659646
INTERMEDIO,5299,132.5407583236959
INTERMEDIO,5300,134.888055698961
INTERMEDIO,5301,141.117675895011
INTERMEDIO,5302,146.5571651546038
INTERMEDIO,5303,149.72345051349674
INTERMEDIO,5304,149.97683219705962
INTERMEDIO,5305,118.16348577129628
INTERMEDIO,5306,149.666470377
INTERMEDIO,5307,134.4508921302108
INTERMEDIO,5308,126.0349439551457
INTERMEDIO,5309,151.63021737541354
INTERMEDIO,5310,135.83967661215678
INTERMEDIO,5311,147.4990159090235
INTERMEDIO,5312,115.94181287810966
INTERMEDIO,5313,147.66266543673828
INTERMEDIO,5314,141.89730154151238
INTERMEDIO,5315,118.85090885418307
INTERMEDIO,5316,121.53618519463437
INTERMEDIO,5317,140.3743092601585
INTERMEDIO,5318,123.55102069300192
INTERMEDIO,5319,130.1773451460304
INTERMEDIO,5320,126.8234884555534
INTERMEDIO,5321,140.58020310821422
INTERMEDIO,5322,140.97085870937318
INTERMEDIO,5323,140.47192928912747
INTERMEDIO,5324,115.74913530815624
INTERMEDIO,5325,159.7584655965927
INTERMEDIO,5326,135.29704015971657
INTERMEDIO,5327,139.38504241910314
INTERMEDIO,5328,140.86210365402502
INTERMEDIO,5329,123.22637950252744
INTERMEDIO,5330,141.13735198582881
INTERMEDIO,5331,151.67212200183235
INTERMEDIO,5332,134.4485208250942
INTERMEDIO,5333,129.4452520545385
INTERMEDIO,5334,149.14740356001514
INTERMEDIO,5335,146.04070104540884
INTERMEDIO,5336,142.4841354018621
INTERMEDIO,5337,129.53029224438475
INTERMEDIO,5338,119.64412580970426
INTERMEDIO,5339,158.2369212978914
INTERMEDIO,5340,169.45512401734058
INTERMEDIO,5341,151.87070786601126
INTERMEDIO,5342,156.1421701615532
INTERMEDIO,5343,141.55345079911163
INTERMEDIO,5344,132.64591655297144
INTERMEDIO,5345,131.6099469379581
INTERMEDIO,5346,164.8946837289634
INTERMEDIO,5347,125.34998791963169
INTERMEDIO,5348,133.61115143013768
INTERMEDIO,5349,106.99355188739109
INTERMEDIO,5350,132.5978639125602
INTERMEDIO,5351,131.78699329358287
INTERMEDIO,5352,140.9319050407796
INTERMEDIO,5353,156.70483173340708
INTERMEDIO,5354,127.61274904535087
INTERMEDIO,5355,140.6098454910868
INTERMEDIO,5356,130.1448971449729
INTERMEDIO,5357,136.85770671475166
INTERMEDIO,5358,149.82196251159652
INTERMEDIO,5359,132.9857203170867
INTERMEDIO,5360,162.14323474154935
INTERMEDIO,5361,147.72993155003243
INTERMEDIO,5362,149.26223633245917
INTERMEDIO,5363,132.25343744130993
INTERMEDIO,5364,146.72825070103892
INTERMEDIO,5365,132.02232527235626
INTERMEDIO,5366,148.1859872635006
INTERMEDIO,5367,126.12309099753085
INTERMEDIO,5368,135.7201654787199
INTERMEDIO,5369,150.11876047153413
INTERMEDIO,5370,135.53473029110523
INTERMEDIO,5371,140.61808820573103
INTERMEDIO,5372,131.27504427652073
INTERMEDIO,5373,139.47377276041797
INTERMEDIO,5374,129.148862014317
INTERMEDIO,5375,146.48411790784704
INTERMEDIO,5376,139.97507630554054
INTERMEDIO,5377,146.22031945173404
INTERMEDIO,5378,128.73037432327152
INTERMEDIO,5379,146.653610882025
INTERMEDIO,5380,151.93630155854936
INTERMEDIO,5381,137.5308024954783
INTERMEDIO,5382,139.3134228726717
INTERMEDIO,5383,136.28510803161663
INTERMEDIO,5384,139.69516327499394
INTERMEDIO,5385,144.20342915716185
INTERMEDIO,5386,152.39219692020245
INTERMEDIO,5387,125.69512036814653
INTERMEDIO,5388,146.37622920180496
INTERMEDIO,5389,123.34036164740597
INTERMEDIO,5390,150.88837398685564
INTERMEDIO,5391,134.3159553846216
INTERMEDIO,5392,145.7323113417363
INTERMEDIO,5393,129.10495340955
INTERMEDIO,5394,123.94984231618145
INTERMEDIO,5395,124.47037845209172
INTERMEDIO,5396,166.68679386158982
INTERMEDIO,5397,160.0728401187025
INTERMEDIO,5398,150.26172184643343
INTERMEDIO,5399,159.5271824571433
INTERMEDIO,5400,124.73592872217816
INTERMEDIO,5401,108.99439875049006
INTERMEDIO,5402,131.770485029564
INTERMEDIO,5403,112.1978529328839
INTERMEDIO,5404,154.02446611207313
INTERMEDIO,5405,133.42460063244812
INTERMEDIO,5406,151.3361315981797
INTERMEDIO,5407,165.25298075853715
INTERMEDIO,5408,147.04571267149856
INTERMEDIO,5409,124.01616697450422
INTERMEDIO,5410,119.02710363629731
INTERMEDIO,5411,133.06685870414438
INTERMEDIO,5412,157.12132807067266
INTERMEDIO,5413,143.40772610009887
INTERMEDIO,5414,146.95770646254593
INTERMEDIO,5415,105.60674740377442
INTERMEDIO,5416,115.30813841211022
INTERMEDIO,5417,152.23658674659413
INTERMEDIO,5418,134.22795199568398
INTERMEDIO,5419,170.42968591782096
INTERMEDIO,5420,152.11490865412816
INTERMEDIO,5421,134.6873407823498
INTERMEDIO,5422,144.8631761425584
INTERMEDIO,5423,141.2574703060212
INTERMEDIO,5424,110.68259059221788
INTERMEDIO,5425,133.9649231043402
INTERMEDIO,5426,126.41383948389768
INTERMEDIO,5427,128.05752050452972
INTERMEDIO,5428,114.20647253441996
INTERMEDIO,5429,132.2299929292188
INTERMEDIO,5430,156.4069428326165
INTERMEDIO,5431,134.89739160172545
INTERMEDIO,5432,142.15524942851542
INTERMEDIO,5433,133.96232161580627
INTERMEDIO,5434,146.23318511975154
INTERMEDIO,5435,141.09813351348288
INTERMEDIO,5436,117.87383447197251
INTERMEDIO,5437,144.40025827792036
INTERMEDIO,5438,136.57505361132672
INTERMEDIO,5439,120.49084185020439
INTERMEDIO,5440,153.96277858102758
INTERMEDIO,5441,156.63821677155443
INTERMEDIO,5442,147.68483731881003
INTERMEDIO,5443,122.623731453334
INTERMEDIO,5444,128.05364641540135
INTERMEDIO,5445,113.15081815376253
INTERMEDIO,5446,116.6668096384507
INTERMEDIO,5447,131.0638712611514
INTERMEDIO,5448,147.58462093556903
INTERMEDIO,5449,115.86313839752421
INTERMEDIO,5450,144.75038655552697
INTERMEDIO,5451,120.44626021782379
INTERMEDIO,5452,159.82361051597124
INTERMEDIO,5453,155.3791361633642
INTERMEDIO,5454,135.27802284423248
INTERMEDIO,5455,152.06163847681768
INTERMEDIO,5456,134.2946469328772
INTERMEDIO,5457,131.79988027533085
INTERMEDIO,5458,138.27475255317583
INTERMEDIO,5459,142.43654378781025
INTERMEDIO,5460,139.95635400919218
INTERMEDIO,5461,131.6893660963391
INTERMEDIO,5462,158.79771896554237
INTERMEDIO,5463,137.92793507701813
INTERMEDIO,5464,143.7890386668524
INTERMEDIO,5465,135.70738266911266
INTERMEDIO,5466,154.63660402003256
INTERMEDIO,5467,156.87333294113563
INTERMEDIO,5468,118.54810154469084
INTERMEDIO,5469,116.99926314444728
INTERMEDIO,5470,140.52531387745523
INTERMEDIO,5471,121.52858707576844
INTERMEDIO,5472,152.99571779938512
INTERMEDIO,5473,124.55721299234
INTERMEDIO,5474,154.2736058727831
INTERMEDIO,5475,127.10234555545719
INTERMEDIO,5476,134.29724889263332
INTERMEDIO,5477,137.77116845611073
INTERMEDIO,5478,122.70283321633953
INTERMEDIO,5479,128.77012702180977
INTERMEDIO,5480,152.6284166859025
INTERMEDIO,5481,147.69969766289535
INTERMEDIO,5482,136.75017849861266
INTERMEDIO,5483,135.1702919744436
INTERMEDIO,5484,107.97724628976324
INTERMEDIO,5485,143.52934604049773
INTERMEDIO,5486,133.02305569369076
INTERMEDIO,5487,130.65662958332427
INTERMEDIO,5488,118.19319311686468
INTERMEDIO,5489,145.65353920235464
INTERMEDIO,5490,143.88931037178295
INTERMEDIO,5491,133.52483181704346
INTERMEDIO,5492,173.88077880118894
INTERMEDIO,5493,159.63763987977882
INTERMEDIO,5494,139.57192572926544
INTERMEDIO,5495,132.81089839299233
INTERMEDIO,5496,137.96957816976243
INTERMEDIO,5497,140.10829383980737
INTERMEDIO,5498,150.56417537711548
INTERMEDIO,5499,114.89108169915247
INTERMEDIO,5500,144.4444839545419
INTERMEDIO,5501,119.82735716225346
INTERMEDIO,5502,143.3437811731143
INTERMEDIO,5503,116.64371824379424
INTERMEDIO,5504,131.56303703555443
INTERMEDIO,5505,132.11306969470476
INTERMEDIO,5506,150.1126916065874
INTERMEDIO,5507,111.27760732930787
INTERMEDIO,5508,127.0298774553315
INTERMEDIO,5509,145.1947068095562
INTERMEDIO,5510,128.62730636873954
INTERMEDIO,5511,146.91793405870524
INTERMEDIO,5512,126.80842819421018
INTERMEDIO,5513,148.2443706308202
INTERMEDIO,5514,123.54019605888077
INTERMEDIO,5515,127.61512781745283
INTERMEDIO,5516,149.063637243328
INTERMEDIO,5517,140.87138345977735
INTERMEDIO,5518,125.96659352675478
INTERMEDIO,5519,156.53959513254233
INTERMEDIO,5520,162.8640070050762
INTERMEDIO,5521,143.77885686827813
INTERMEDIO,5522,150.44806607533468
INTERMEDIO,5523,131.13086333333055
INTERMEDIO,5524,138.31371070448697
INTERMEDIO,5525,162.54122764554916
INTERMEDIO,5526,125.68581708389863
INTERMEDIO,5527,177.67680869187456
INTERMEDIO,5528,142.9368805024188
INTERMEDIO,5529,147.00053868698313
INTERMEDIO,5530,150.4175203058058
INTERMEDIO,5531,131.762729382434
INTERMEDIO,5532,114.98565495000601
INTERMEDIO,5533,144.23762688673614
INTERMEDIO,5534,157.13365082257178
INTERMEDIO,5535,139.8373561841913
INTERMEDIO,5536,113.90524734386477
INTERMEDIO,5537,131.59306129694608
INTERMEDIO,5538,128.66336596200338
INTERMEDIO,5539,145.60900706032913
INTERMEDIO,5540,146.18717291248615
INTERMEDIO,5541,142.46843633637147
INTERMEDIO,5542,148.80309166312503
INTERMEDIO,5543,138.44375185567094
INTERMEDIO,5544,120.46920591252749
INTERMEDIO,5545,149.84177458114988
INTERMEDIO,5546,131.40362901462183
INTERMEDIO,5547,155.2580671404893
INTERMEDIO,5548,161.45678622062997
INTERMEDIO,5549,144.088293848397
INTERMEDIO,5550,157.6090958953628
INTERMEDIO,5551,144.61811983834193
INTERMEDIO,5552,149.62828297121186
INTERMEDIO,5553,150.86256654021273
INTERMEDIO,5554,131.8525534644728
INTERMEDIO,5555,138.00907359381634
INTERMEDIO,5556,122.52640547878453
INTERMEDIO,5557,129.86566699256852
INTERMEDIO,5558,140.93040512120004
INTERMEDIO,5559,125.91535428852893
INTERMEDIO,5560,132.7438755836076
INTERMEDIO,5561,130.58199621167847
INTERMEDIO,5562,138.7055557098859
INTERMEDIO,5563,124.16723001460224
INTERMEDIO,5564,151.47808054611536
INTERMEDIO,5565,129.2241772401347
INTERMEDIO,5566,151.47411457639944
INTERMEDIO,5567,146.6652609280576
INTERMEDIO,5568,148.89837440128287
INTERMEDIO,5569,162.5637510511533
INTERMEDIO,5570,128.15350297846334
INTERMEDIO,5571,134.02173450003562
INTERMEDIO,5572,128.60838016725324
INTERMEDIO,5573,171.31926654310396
INTERMEDIO,5574,149.18797550403016
INTERMEDIO,5575,148.23574541669322
INTERMEDIO,5576,137.52163160286864
INTERMEDIO,5577,122.10540145293939
INTERMEDIO,5578,156.22768715957162
INTERMEDIO,5579,138.82084995844826
INTERMEDIO,5580,134.5146438833017
INTERMEDIO,5581,128.72834349941172
INTERMEDIO,5582,143.4746416143709
INTERMEDIO,5583,138.6156394953589
INTERMEDIO,5584,128.86834988166166
INTERMEDIO,5585,136.38665853816363
INTERMEDIO,5586,117.61998493955035
INTERMEDIO,5587,122.71273582227609
INTERMEDIO,5588,145.77833512458326
INTERMEDIO,5589,136.404526145528
INTERMEDIO,5590,157.23780929407897
INTERMEDIO,5591,134.95442792985995
INTERMEDIO,5592,142.10448200966135
INTERMEDIO,5593,151.9382086599946
INTERMEDIO,5594,140.75178002300385
INTERMEDIO,5595,143.12399539051592
INTERMEDIO,5596,165.70353359187533
INTERMEDIO,5597,138.76026643092686
INTERMEDIO,5598,133.21499725169937
INTERMEDIO,5599,172.49582068109757
INTERMEDIO,5600,105.8611583916791
INTERMEDIO,5601,125.56116753128642
INTERMEDIO,5602,114.07318929866506
INTERMEDIO,5603,154.1915875837233
INTERMEDIO,5604,133.50451039134256
INTERMEDIO,5605,130.689009927766
INTERMEDIO,5606,147.2919936795335
INTERMEDIO,5607,149.611615891869
INTERMEDIO,5608,152.88358311475565
INTERMEDIO,5609,147.9212281269969
INTERMEDIO,5610,115.89457302029439
INTERMEDIO,5611,114.54865327064874
INTERMEDIO,5612,176.9118270559418
INTERMEDIO,5613,170.2999844847478
INTERMEDIO,5614,131.4725255545113
INTERMEDIO,5615,135.47012159346346
INTERMEDIO,5616,150.81959608528567
INTERMEDIO,5617,143.43150041964873
INTERMEDIO,5618,163.35573960339718
INTERMEDIO,5619,131.90423399871366
INTERMEDIO,5620,140.48816834707873
INTERMEDIO,5621,134.95376246139114
INTERMEDIO,5622,133.98137982698987
INTERMEDIO,5623,138.5397976730013
INTERMEDIO,5624,167.260026695004
INTERMEDIO,5625,151.52801042290088
INTERMEDIO,5626,132.75032009466108
INTERMEDIO,5627,130.41698735043707
INTERMEDIO,5628,122.4320759863469
INTERMEDIO,5629,122.4198620852726
INTERMEDIO,5630,115.68498731379569
INTERMEDIO,5631,140.7110930112646
INTERMEDIO,5632,151.7428436334682
INTERMEDIO,5633,129.04975390984694
INTERMEDIO,5634,106.84413414540514
INTERMEDIO,5635,149.33180165116013
INTERMEDIO,5636,119.62735481360822
INTERMEDIO,5637,139.07662435028044
INTERMEDIO,5638,140.58959952199712
INTERMEDIO,5639,131.39133530830134
INTERMEDIO,5640,129.53155904060753
INTERMEDIO,5641,124.36594927663619
INTERMEDIO,5642,111.43463450190183
INTERMEDIO,5643,159.9919689552857
INTERMEDIO,5644,147.51557840272517
INTERMEDIO,5645,124.81225767465781
INTERMEDIO,5646,130.36602898491233
INTERMEDIO,5647,164.8800254837464
INTERMEDIO,5648,154.79547346541153
INTERMEDIO,5649,154.14199960891068
INTERMEDIO,5650,140.93052838866876
INTERMEDIO,5651,111.25734425875625
INTERMEDIO,5652,154.84296381285975
INTERMEDIO,5653,154.64479610662755
INTERMEDIO,5654,126.01944684775648
INTERMEDIO,5655,137.00789561919146
INTERMEDIO,5656,151.66048846605182
INTERMEDIO,5657,146.7481027065158
INTERMEDIO,5658,124.06619217502497
INTERMEDIO,5659,140.83843944247488
INTERMEDIO,5660,118.89172644998612
INTERMEDIO,5661,121.75490891590196
INTERMEDIO,5662,151.40883024788562
INTERMEDIO,5663,147.7142282535339
INTERMEDIO,5664,117.82797419869529
INTERMEDIO,5665,139.075434447786
INTERMEDIO,5666,126.301486846526
INTERMEDIO,5667,147.44261847351274
INTERMEDIO,5668,160.56873885489063
INTERMEDIO,5669,133.1559046375688
INTERMEDIO,5670,129.30399775190008
INTERMEDIO,5671,134.5740672552983
INTERMEDIO,5672,149.597506362811
INTERMEDIO,5673,149.6645940756721
INTERMEDIO,5674,149.13710896367726
INTERMEDIO,5675,135.86047627062774
INTERMEDIO,5676,130.41306815110565
INTERMEDIO,5677,133.38654176766238
INTERMEDIO,5678,151.41077295464615
INTERMEDIO,5679,124.57874254484788
INTERMEDIO,5680,154.50432553864024
INTERMEDIO,5681,144.8187837626046
INTERMEDIO,5682,109.90953575697985
INTERMEDIO,5683,144.9773264147067
INTERMEDIO,5684,138.89777137313024
INTERMEDIO,5685,149.87429392904352
INTERMEDIO,5686,149.82909699234858
INTERMEDIO,5687,120.76612084178616
INTERMEDIO,5688,127.83311024204565
INTERMEDIO,5689,122.34178664118214
INTERMEDIO,5690,148.99526662437108
INTERMEDIO,5691,153.26544617331461
INTERMEDIO,5692,134.58175967494063
INTERMEDIO,5693,165.1107493628458
INTERMEDIO,5694,139.17709636147146
INTERMEDIO,5695,135.94244445661897
INTERMEDIO,5696,140.75725691806034
INTERMEDIO,5697,130.39657103731767
INTERMEDIO,5698,152.6892131646902
INTERMEDIO,5699,158.09475371817814
INTERMEDIO,5700,151.02539349227126
INTERMEDIO,5701,138.38299987026468
INTERMEDIO,5702,101.85887621693848
INTERMEDIO,5703,151.18165141049607
INTERMEDIO,5704,163.07184926686625
INTERMEDIO,5705,144.7166179726386
INTERMEDIO,5706,129.0868785693796
INTERMEDIO,5707,119.85706844117824
INTERMEDIO,5708,157.59229280959732
INTERMEDIO,5709,123.65380372829843
INTERMEDIO,5710,139.78851019768402
INTERMEDIO,5711,150.48606397024795
INTERMEDIO,5712,122.77342715241096
INTERMEDIO,5713,136.35261854736578
INTERMEDIO,5714,150.06143019614814
INTERMEDIO,5715,148.68042376654068
INTERMEDIO,5716,140.05440127720578
INTERMEDIO,5717,142.7689475450671
INTERMEDIO,5718,137.25057493964792
INTERMEDIO,5719,132.6335546095352
INTERMEDIO,5720,136.96257866779695
INTERMEDIO,5721,159.02202186467247
INTERMEDIO,5722,137.21520652263712
INTERMEDIO,5723,148.68929752795208
INTERMEDIO,5724,139.40899727425528
INTERMEDIO,5725,129.9867944829828
INTERMEDIO,5726,120.84575083091097
INTERMEDIO,5727,123.68361205702152
INTERMEDIO,5728,154.87340983728427
INTERMEDIO,5729,160.1366717002577
INTERMEDIO,5730,128.7575611172958
INTERMEDIO,5731,157.62272474416747
INTERMEDIO,5732,136.03399132511578
INTERMEDIO,5733,152.3966937221513
INTERMEDIO,5734,131.17315640944122
INTERMEDIO,5735,138.92239629849828
INTERMEDIO,5736,133.73305248794347
INTERMEDIO,5737,142.7136534705419
INTERMEDIO,5738,122.12059897893269
INTERMEDIO,5739,126.94791021211107
INTERMEDIO,5740,143.48042818570207
INTERMEDIO,5741,125.612317671124
INTERMEDIO,5742,134.47106547945933
INTERMEDIO,5743,130.37968458914816
INTERMEDIO,5744,172.01966099095918
INTERMEDIO,5745,133.6808565202245
INTERMEDIO,5746,124.81448559247387
INTERMEDIO,5747,129.32162826872496
INTERMEDIO,5748,153.4312745496136
INTERMEDIO,5749,163.25495681510836
INTERMEDIO,5750,131.34541486060152
INTERMEDIO,5751,141.54942793569325
INTERMEDIO,5752,137.524921739277
INTERMEDIO,5753,120.05055154676103
INTERMEDIO,5754,122.17448584242794
INTERMEDIO,5755,156.99424711923538
INTERMEDIO,5756,172.18357318187196
INTERMEDIO,5757,153.08224190017032
INTERMEDIO,5758,143.9772416835786
INTERMEDIO,5759,154.3338041507687
INTERMEDIO,5760,145.2636920794944
INTERMEDIO,5761,149.5821793876974
INTERMEDIO,5762,155.71905007466853
INTERMEDIO,5763,119.59453306172836
INTERMEDIO,5764,112.4039870951016
INTERMEDIO,5765,112.31137668081612
INTERMEDIO,5766,146.9877352327307
INTERMEDIO,5767,139.82776499858844
INTERMEDIO,5768,116.34342215619417
INTERMEDIO,5769,155.93780877187282
INTERMEDIO,5770,144.77232460511146
INTERMEDIO,5771,128.4000243681241
INTERMEDIO,5772,135.40755385396542
INTERMEDIO,5773,168.09742473744132
INTERMEDIO,5774,145.9545220894291
INTERMEDIO,5775,142.20272038341483
INTERMEDIO,5776,156.31203553557802
INTERMEDIO,5777,140.41294456505318
INTERMEDIO,5778,125.15921188901403
INTERMEDIO,5779,117.08618500420116
INTERMEDIO,5780,133.9317668617739
INTERMEDIO,5781,158.5552187769424
INTERMEDIO,5782,139.7887961735413
INTERMEDIO,5783,143.29658507591748
INTERMEDIO,5784,137.37713947773338
INTERMEDIO,5785,155.0801689699225
INTERMEDIO,5786,166.25584050360555
INTERMEDIO,5787,132.7082500324703
INTERMEDIO,5788,130.07260049852573
INTERMEDIO,5789,152.63712023564
INTERMEDIO,5790,128.62575867455928
INTERMEDIO,5791,126.58458540850523
INTERMEDIO,5792,156.10737295030194
INTERMEDIO,5793,155.49728333432674
INTERMEDIO,5794,158.62322300773442
INTERMEDIO,5795,143.28970640687342
INTERMEDIO,5796,128.84059835300016
INTERMEDIO,5797,136.88418896034304
INTERMEDIO,5798,143.37276078643697
INTERMEDIO,5799,147.22503728747324
INTERMEDIO,5800,125.77644577032007
INTERMEDIO,5801,136.18163037507458
INTERMEDIO,5802,121.50675670553107
INTERMEDIO,5803,162.78335016947128
INTERMEDIO,5804,147.07677518172844
INTERMEDIO,5805,166.01959702144228
INTERMEDIO,5806,139.34839580488426
INTERMEDIO,5807,129.33617315782902
INTERMEDIO,5808,148.24847954442038
INTERMEDIO,5809,132.03369087250547
INTERMEDIO,5810,122.22852536568757
INTERMEDIO,5811,101.53113943235272
INTERMEDIO,5812,157.13023791110976
INTERMEDIO,5813,115.29976739469468
INTERMEDIO,5814,135.69953519480507
INTERMEDIO,5815,156.20010011547134
INTERMEDIO,5816,148.30433007494713
INTERMEDIO,5817,98.56175441199555
INTERMEDIO,5818,149.34777572413887
INTERMEDIO,5819,137.65212382215066
INTERMEDIO,5820,137.97505121638898
INTERMEDIO,5821,147.6262721222408
INTERMEDIO,5822,151.0860941940628
INTERMEDIO,5823,131.5997445110424
INTERMEDIO,5824,143.00792370734888
INTERMEDIO,5825,118.47137747367898
INTERMEDIO,5826,139.28024265726106
INTERMEDIO,5827,112.37953001194438
INTERMEDIO,5828,134.49982425836035
INTERMEDIO,5829,136.9560278954339
INTERMEDIO,5830,145.798692343642
INTERMEDIO,5831,143.60555343797483
INTERMEDIO,5832,160.9006254670275
INTERMEDIO,5833,158.22735887409203
INTERMEDIO,5834,138.21437614288394
INTERMEDIO,5835,137.59273537541614
INTERMEDIO,5836,135.12408836013384
INTERMEDIO,5837,117.04159215365372
INTERMEDIO,5838,144.84105215264793
INTERMEDIO,5839,153.25328533062012
INTERMEDIO,5840,135.2750905827483
INTERMEDIO,5841,139.24550838417622
INTERMEDIO,5842,159.0994372199143
INTERMEDIO,5843,133.11808288206703
INTERMEDIO,5844,131.95207553139213
INTERMEDIO,5845,134.0632649689584
INTERMEDIO,5846,135.2635421077005
INTERMEDIO,5847,134.94456792818488
INTERMEDIO,5848,140.3732954139177
INTERMEDIO,5849,148.72239925690815
INTERMEDIO,5850,132.38224425670728
INTERMEDIO,5851,134.82934667508496
INTERMEDIO,5852,108.17373166030974
INTERMEDIO,5853,144.32773300081445
INTERMEDIO,5854,160.9711354784343
INTERMEDIO,5855,152.51452733454013
INTERMEDIO,5856,135.75444104088916
INTERMEDIO,5857,141.29935061515332
INTERMEDIO,5858,129.97303349525507
INTERMEDIO,5859,113.65510384323724
INTERMEDIO,5860,141.89111989756793
INTERMEDIO,5861,136.18155038074593
INTERMEDIO,5862,149.74973716898526
INTERMEDIO,5863,153.40600762135824
INTERMEDIO,5864,132.435883522298
INTERMEDIO,5865,159.66948588722613
INTERMEDIO,5866,140.42766284846422
INTERMEDIO,5867,150.8742312284369
INTERMEDIO,5868,134.37316529309922
INTERMEDIO,5869,171.47775244763798
INTERMEDIO,5870,166.4224020000041
INTERMEDIO,5871,144.5851569805436
INTERMEDIO,5872,147.91715703063235
INTERMEDIO,5873,132.9462787668219
INTERMEDIO,5874,152.90767137767648
INTERMEDIO,5875,127.2052341761454
INTERMEDIO,5876,132.38101759931337
INTERMEDIO,5877,135.70270239735066
INTERMEDIO,5878,152.665278417903
INTERMEDIO,5879,132.83178790348327
INTERMEDIO,5880,137.66658948991048
INTERMEDIO,5881,138.88192618462043
INTERMEDIO,5882,141.08643816223935
INTERMEDIO,5883,134.21249616770538
INTERMEDIO,5884,142.5504511479195
INTERMEDIO,5885,120.58651424332336
INTERMEDIO,5886,145.01241238043386
INTERMEDIO,5887,124.92205568256236
INTERMEDIO,5888,132.40920264657444
INTERMEDIO,5889,149.77828176551046
INTERMEDIO,5890,123.89353005194856
INTERMEDIO,5891,148.88259704142956
INTERMEDIO,5892,132.74881347945438
INTERMEDIO,5893,140.77294676056275
INTERMEDIO,5894,119.3186149346131
INTERMEDIO,5895,120.95037979053912
INTERMEDIO,5896,154.1161016515997
INTERMEDIO,5897,138.1427017509482
INTERMEDIO,5898,149.30204579236135
INTERMEDIO,5899,119.43006264912276
INTERMEDIO,5900,120.40864051292402
INTERMEDIO,5901,158.52786510369504
INTERMEDIO,5902,139.60694823807933
INTERMEDIO,5903,121.68376516467127
INTERMEDIO,5904,133.34021634913063
INTERMEDIO,5905,141.63437130267116
INTERMEDIO,5906,132.24628551826004
INTERMEDIO,5907,144.89248338908178
INTERMEDIO,5908,147.5459378008184
INTERMEDIO,5909,129.41198473223164
INTERMEDIO,5910,119.83905224285064
INTERMEDIO,5911,148.34851566418018
INTERMEDIO,5912,149.01413110626777
INTERMEDIO,5913,143.24693652635906
INTERMEDIO,5914,138.8420758581517
INTERMEDIO,5915,137.73841555573296
INTERMEDIO,5916,143.44669109673484
INTERMEDIO,5917,120.11747861984028
INTERMEDIO,5918,150.92958128507868
INTERMEDIO,5919,148.9243625846917
INTERMEDIO,5920,138.62530325674697
INTERMEDIO,5921,154.13260054584057
INTERMEDIO,5922,132.09782324783083
INTERMEDIO,5923,142.10806209174373
INTERMEDIO,5924,142.5087474202183
INTERMEDIO,5925,126.73734759842317
INTERMEDIO,5926,140.66454185663915
INTERMEDIO,5927,150.87543849351982
INTERMEDIO,5928,172.9086337031469
INTERMEDIO,5929,145.6742129303157
INTERMEDIO,5930,131.53349907369113
INTERMEDIO,5931,178.3290905706586
INTERMEDIO,5932,149.724628661863
INTERMEDIO,5933,145.9381074652542
INTERMEDIO,5934,150.153624037349
INTERMEDIO,5935,147.71360741566087
INTERMEDIO,5936,114.19961158925105
INTERMEDIO,5937,159.2653204547564
INTERMEDIO,5938,136.24127199557896
INTERMEDIO,5939,135.02634795061581
INTERMEDIO,5940,133.52846251020884
INTERMEDIO,5941,137.83852415953558
INTERMEDIO,5942,127.69053181167934
INTERMEDIO,5943,140.00052435152924
INTERMEDIO,5944,139.86494702775252
INTERMEDIO,5945,113.05305160255122
INTERMEDIO,5946,152.7167514797452
INTERMEDIO,5947,155.43905416251727
INTERMEDIO,5948,178.83337395596632
INTERMEDIO,5949,140.5200618435185
INTERMEDIO,5950,141.52035595314797
INTERMEDIO,5951,137.47291999178458
INTERMEDIO,5952,126.59657942322434
INTERMEDIO,5953,154.3892246832799
INTERMEDIO,5954,136.20035388341773
INTERMEDIO,5955,122.556142598515
INTERMEDIO,5956,104.27522422244705
INTERMEDIO,5957,146.98570031292803
INTERMEDIO,5958,146.666904471346
INTERMEDIO,5959,140.1780154379334
INTERMEDIO,5960,168.12725964559937
INTERMEDIO,5961,145.31432416615831
INTERMEDIO,5962,128.31946280348896
INTERMEDIO,5963,138.1658505074758
INTERMEDIO,5964,142.12128344772302
INTERMEDIO,5965,118.69459210189666
INTERMEDIO,5966,133.602159074537
INTERMEDIO,5967,136.2640272175371
INTERMEDIO,5968,164.3664629394811
INTERMEDIO,5969,145.25236441334891
INTERMEDIO,5970,137.82568257403202
INTERMEDIO,5971,156.87509615891767
INTERMEDIO,5972,119.68540745004326
INTERMEDIO,5973,131.44064305404916
INTERMEDIO,5974,148.2366094146972
INTERMEDIO,5975,137.68264192138275
INTERMEDIO,5976,130.53250102019248
INTERMEDIO,5977,153.72602873573973
INTERMEDIO,5978,143.11495041027894
INTERMEDIO,5979,120.2864189867606
INTERMEDIO,5980,137.78228368708312
INTERMEDIO,5981,124.88224367558442
INTERMEDIO,5982,134.31687990520192
INTERMEDIO,5983,140.07842671319662
INTERMEDIO,5984,138.08353221196208
INTERMEDIO,5985,142.5969064581394
INTERMEDIO,5986,136.88792419039262
INTERMEDIO,5987,126.5199510617659
INTERMEDIO,5988,156.93844960549
INTERMEDIO,5989,130.10453089463118
INTERMEDIO,5990,110.60313109282507
INTERMEDIO,5991,122.51766407076315
INTERMEDIO,5992,147.7806488469856
INTERMEDIO,5993,135.00368739596627
INTERMEDIO,5994,145.38130916146378
INTERMEDIO,5995,144.52423618073297
INTERMEDIO,5996,120.89756805721011
INTERMEDIO,5997,136.39287498028068
INTERMEDIO,5998,156.03493755758146
INTERMEDIO,5999,157.74889221937656
INTERMEDIO,6000,124.28631908543254
INTERMEDIO,6001,140.47390491692545
INTERMEDIO,6002,124.91820600289273
INTERMEDIO,6003,131.94056025011358
INTERMEDIO,6004,119.27209476233611
INTERMEDIO,6005,139.85763485949624
INTERMEDIO,6006,131.1406682783061
INTERMEDIO,6007,126.42565674755463
INTERMEDIO,6008,137.21959309449522
INTERMEDIO,6009,151.0108514971406
INTERMEDIO,6010,120.62956417617806
INTERMEDIO,6011,145.95847759876182
INTERMEDIO,6012,120.34150414620719
INTERMEDIO,6013,158.29983804424984
INTERMEDIO,6014,154.74424225600217
INTERMEDIO,6015,159.6718727189381
INTERMEDIO,6016,126.46517693936099
INTERMEDIO,6017,120.90729670957022
INTERMEDIO,6018,147.2670107934409
INTERMEDIO,6019,152.8800477917493
INTERMEDIO,6020,107.91391616877397
INTERMEDIO,6021,112.30418654017538
INTERMEDIO,6022,134.50961425631075
INTERMEDIO,6023,125.47251316186896
INTERMEDIO,6024,160.12511953563728
INTERMEDIO,6025,106.39593662836083
INTERMEDIO,6026,155.2590852873686
INTERMEDIO,6027,130.02794989971562
INTERMEDIO,6028,133.53830000748312
INTERMEDIO,6029,137.7581926173239
INTERMEDIO,6030,130.72675997551434
INTERMEDIO,6031,146.1122725336067
INTERMEDIO,6032,144.68638251629528
INTERMEDIO,6033,124.3228763151381
INTERMEDIO,6034,149.53696034367354
INTERMEDIO,6035,143.7657475324039
INTERMEDIO,6036,152.95916449501064
INTERMEDIO,6037,127.40237093666602
INTERMEDIO,6038,134.0301813883899
INTERMEDIO,6039,144.80758237213803
INTERMEDIO,6040,136.91285796826722
INTERMEDIO,6041,120.81519799983712
INTERMEDIO,6042,140.35876240614317
INTERMEDIO,6043,143.43393661156432
INTERMEDIO,6044,129.2990515846921
INTERMEDIO,6045,139.7597639246006
INTERMEDIO,6046,143.72716924925717
INTERMEDIO,6047,128.66268601219107
INTERMEDIO,6048,131.661417429911
INTERMEDIO,6049,125.97305650435821
INTERMEDIO,6050,133.17401827306333
INTERMEDIO,6051,120.0803591296558
INTERMEDIO,6052,124.19569776686166
INTERMEDIO,6053,124.88529004011336
INTERMEDIO,6054,151.40079640472882
INTERMEDIO,6055,152.1298724909976
INTERMEDIO,6056,137.52468683557066
INTERMEDIO,6057,141.90035409909376
INTERMEDIO,6058,159.30469395709483
INTERMEDIO,6059,143.3466303064511
INTERMEDIO,6060,128.04287857157297
INTERMEDIO,6061,143.25789237921597
INTERMEDIO,6062,149.54944589302266
INTERMEDIO,6063,138.62816638042375
INTERMEDIO,6064,144.02951574300107
INTERMEDIO,6065,124.92002251566228
INTERMEDIO,6066,139.8195612736432
INTERMEDIO,6067,131.3186784391851
INTERMEDIO,6068,116.75842189434164
INTERMEDIO,6069,140.24968817158447
INTERMEDIO,6070,116.79416261886004
INTERMEDIO,6071,98.21618088073446
INTERMEDIO,6072,149.04755352399133
INTERMEDIO,6073,125.11501226101001
INTERMEDIO,6074,136.622341638499
INTERMEDIO,6075,133.92810638172824
INTERMEDIO,6076,153.5926559429689
INTERMEDIO,6077,146.58796870982457
INTERMEDIO,6078,138.6924726493243
INTERMEDIO,6079,143.31635284173333
INTERMEDIO,6080,141.4323117969509
INTERMEDIO,6081,126.33559691563974
INTERMEDIO,6082,147.86098852203264
INTERMEDIO,6083,134.899600971274
INTERMEDIO,6084,131.3248999855482
INTERMEDIO,6085,135.54126163964017
INTERMEDIO,6086,131.40511633759175
INTERMEDIO,6087,126.03245993655145
INTERMEDIO,6088,147.40264272652013
INTERMEDIO,6089,136.61406345606446
INTERMEDIO,6090,144.65815180880685
INTERMEDIO,6091,137.0774379804613
INTERMEDIO,6092,151.356083348003
INTERMEDIO,6093,165.72315417428584
INTERMEDIO,6094,135.9711375793852
INTERMEDIO,6095,120.89773273060678
INTERMEDIO,6096,142.00742672513059
INTERMEDIO,6097,131.02615880810671
INTERMEDIO,6098,127.70992836323019
INTERMEDIO,6099,129.06714846145954
INTERMEDIO,6100,144.08606551499759
INTERMEDIO,6101,123.77078229749326
INTERMEDIO,6102,137.99010976233166
INTERMEDIO,6103,138.49816010590854
INTERMEDIO,6104,150.88651197637117
INTERMEDIO,6105,122.07539339075034
INTERMEDIO,6106,155.60215260453595
INTERMEDIO,6107,142.30987087725754
INTERMEDIO,6108,173.25480426325214
INTERMEDIO,6109,126.10482498154734
INTERMEDIO,6110,120.21477319545399
INTERMEDIO,6111,152.1539598109434
INTERMEDIO,6112,132.12611017746812
INTERMEDIO,6113,140.26398611398142
INTERMEDIO,6114,160.43847168286183
INTERMEDIO,6115,119.04511215606009
INTERMEDIO,6116,154.09894492465213
INTERMEDIO,6117,122.09103712036942
INTERMEDIO,6118,164.85865607459328
INTERMEDIO,6119,146.9003431378471
INTERMEDIO,6120,122.71362557035857
INTERMEDIO,6121,135.41261408580496
INTERMEDIO,6122,137.79026489262847
INTERMEDIO,6123,115.50069888190274
INTERMEDIO,6124,118.26243402042205
INTERMEDIO,6125,157.7442738847182
INTERMEDIO,6126,135.7731314038652
INTERMEDIO,6127,132.17223900473402
INTERMEDIO,6128,144.1086600036924
INTERMEDIO,6129,165.04568202463017
INTERMEDIO,6130,149.95733708958363
INTERMEDIO,6131,154.66872462427577
INTERMEDIO,6132,143.34107561090144
INTERMEDIO,6133,158.49900395705743
INTERMEDIO,6134,175.41256872508143
INTERMEDIO,6135,132.5033356371992
INTERMEDIO,6136,146.12175913822074
INTERMEDIO,6137,165.35882295028142
INTERMEDIO,6138,148.69072018287673
INTERMEDIO,6139,148.04267379585096
INTERMEDIO,6140,116.1247484536298
INTERMEDIO,6141,125.11102994156408
INTERMEDIO,6142,134.0280576944711
INTERMEDIO,6143,145.20873293666372
INTERMEDIO,6144,140.00990748143494
INTERMEDIO,6145,133.5111322145642
INTERMEDIO,6146,150.26806322404542
INTERMEDIO,6147,145.73101921132093
INTERMEDIO,6148,133.08512963827215
INTERMEDIO,6149,152.14464362750394
INTERMEDIO,6150,157.3769477733748
INTERMEDIO,6151,136.3726502685348
INTERMEDIO,6152,151.61011616279174
INTERMEDIO,6153,138.14192059978015
INTERMEDIO,6154,153.93394339437657
INTERMEDIO,6155,148.52996727324114
INTERMEDIO,6156,131.45067772023197
INTERMEDIO,6157,126.88917192699083
INTERMEDIO,6158,122.9176125198401
INTERMEDIO,6159,119.30824162383925
INTERMEDIO,6160,135.03376468468235
INTERMEDIO,6161,163.2911195334556
INTERMEDIO,6162,122.2857990851887
INTERMEDIO,6163,119.61737658132233
INTERMEDIO,6164,110.96741686448442
INTERMEDIO,6165,140.1962586505421
INTERMEDIO,6166,152.84763168023397
INTERMEDIO,6167,142.77639614247798
INTERMEDIO,6168,151.944955684875
INTERMEDIO,6169,143.5744803209046
INTERMEDIO,6170,132.76761745904304
INTERMEDIO,6171,154.83479257122147
INTERMEDIO,6172,128.473834745554
INTERMEDIO,6173,143.480129559352
INTERMEDIO,6174,151.08465770088682
INTERMEDIO,6175,134.3905153401982
INTERMEDIO,6176,162.42823929773562
INTERMEDIO,6177,128.20322582440843
INTERMEDIO,6178,151.38452961175113
INTERMEDIO,6179,133.34068670024303
INTERMEDIO,6180,145.8329263364252
INTERMEDIO,6181,166.9894078923852
INTERMEDIO,6182,161.22382304129493
INTERMEDIO,6183,132.0024595816709
INTERMEDIO,6184,145.21949440607625
INTERMEDIO,6185,130.0226535749724
INTERMEDIO,6186,159.38297982469697
INTERMEDIO,6187,118.68123436336023
INTERMEDIO,6188,133.9387240646847
INTERMEDIO,6189,133.94752619705332
INTERMEDIO,6190,145.5168876611687
INTERMEDIO,6191,148.21381677050644
INTERMEDIO,6192,148.67414283725077
INTERMEDIO,6193,148.7926728878689
INTERMEDIO,6194,127.89914901677938
INTERMEDIO,6195,142.67009529986947
INTERMEDIO,6196,132.21444338548463
INTERMEDIO,6197,134.84853297373235
INTERMEDIO,6198,157.9893111535541
INTERMEDIO,6199,128.00284507123718
INTERMEDIO,6200,138.23473613979775
INTERMEDIO,6201,143.76195395265268
INTERMEDIO,6202,143.41308000525416
INTERMEDIO,6203,115.78795587871015
INTERMEDIO,6204,135.46106593946828
INTERMEDIO,6205,143.1664611782382
INTERMEDIO,6206,97.06361561913408
INTERMEDIO,6207,128.6145802955093
INTERMEDIO,6208,126.35920937917275
INTERMEDIO,6209,117.54059362708267
INTERMEDIO,6210,138.38357132186886
INTERMEDIO,6211,105.9309230608863
INTERMEDIO,6212,110.95399326226686
INTERMEDIO,6213,152.21147956223587
INTERMEDIO,6214,138.4167871865883
INTERMEDIO,6215,137.47659812642434
INTERMEDIO,6216,130.34540247801147
INTERMEDIO,6217,150.40337700137968
INTERMEDIO,6218,135.90079001384166
INTERMEDIO,6219,134.58902922521025
INTERMEDIO,6220,154.82786429233255
INTERMEDIO,6221,145.29053294587442
INTERMEDIO,6222,140.58781510783356
INTERMEDIO,6223,138.87844797181563
INTERMEDIO,6224,144.92259924923388
INTERMEDIO,6225,175.93634648700746
INTERMEDIO,6226,99.43704547616835
INTERMEDIO,6227,124.52167285232356
INTERMEDIO,6228,143.9262276126904
INTERMEDIO,6229,129.1457520767279
INTERMEDIO,6230,149.7883875077116
INTERMEDIO,6231,135.81181240954155
INTERMEDIO,6232,148.11294443533924
INTERMEDIO,6233,147.20298464530111
INTERMEDIO,6234,143.5296451878883
INTERMEDIO,6235,135.79877391046477
INTERMEDIO,6236,152.12016303366556
INTERMEDIO,6237,133.27242512992783
INTERMEDIO,6238,124.67917495448323
INTERMEDIO,6239,126.03181946615386
INTERMEDIO,6240,124.46755673810915
INTERMEDIO,6241,136.70410834250944
INTERMEDIO,6242,140.63024329629675
INTERMEDIO,6243,129.5827505519853
INTERMEDIO,6244,159.00833662278242
INTERMEDIO,6245,147.79494718047616
INTERMEDIO,6246,174.30842165494727
INTERMEDIO,6247,139.1541624301682
INTERMEDIO,6248,165.3009244566275
INTERMEDIO,6249,150.16329492316635
INTERMEDIO,6250,115.88102652983551
INTERMEDIO,6251,87.60503576102663
INTERMEDIO,6252,133.033361513699
INTERMEDIO,6253,145.81451028939333
INTERMEDIO,6254,142.9755216549084
INTERMEDIO,6255,141.18448000494405
INTERMEDIO,6256,137.53792573037558
INTERMEDIO,6257,120.65590072470582
INTERMEDIO,6258,115.62871635468855
INTERMEDIO,6259,111.46507512868882
INTERMEDIO,6260,142.31735459823295
INTERMEDIO,6261,117.04590860896181
INTERMEDIO,6262,128.8696496021896
INTERMEDIO,6263,138.85642786371878
INTERMEDIO,6264,157.94216156436698
INTERMEDIO,6265,125.41407748721899
INTERMEDIO,6266,161.3355286952623
INTERMEDIO,6267,128.001043474033
INTERMEDIO,6268,142.11855864743646
INTERMEDIO,6269,141.45963812462963
INTERMEDIO,6270,137.4260801376391
INTERMEDIO,6271,133.0446181369289
INTERMEDIO,6272,137.4672119786852
INTERMEDIO,6273,149.4665427727154
INTERMEDIO,6274,142.0628585294178
INTERMEDIO,6275,158.41034450249973
INTERMEDIO,6276,128.63280528085687
INTERMEDIO,6277,141.799368769916
INTERMEDIO,6278,135.62861688222037
INTERMEDIO,6279,149.8520452387543
INTERMEDIO,6280,142.0233266599154
INTERMEDIO,6281,130.39521418496366
INTERMEDIO,6282,132.5450345820196
INTERMEDIO,6283,143.39824594259835
INTERMEDIO,6284,107.94150985141279
INTERMEDIO,6285,148.28241648895147
INTERMEDIO,6286,140.13205046176574
INTERMEDIO,6287,143.74663832620362
INTERMEDIO,6288,139.32093420503531
INTERMEDIO,6289,156.95734022803356
INTERMEDIO,6290,119.66183337075329
INTERMEDIO,6291,144.4110590617298
INTERMEDIO,6292,124.39443102297209
INTERMEDIO,6293,160.26033333132082
INTERMEDIO,6294,149.41776336685305
INTERMEDIO,6295,127.30915758672342
INTERMEDIO,6296,118.75666228652334
INTERMEDIO,6297,149.6592311654968
INTERMEDIO,6298,137.5809658101983
INTERMEDIO,6299,140.6440910600854
INTERMEDIO,6300,118.80233183849214
INTERMEDIO,6301,139.9355589166304
INTERMEDIO,6302,145.80582178812486
INTERMEDIO,6303,143.3273723105289
INTERMEDIO,6304,142.05371637606981
INTERMEDIO,6305,125.83514724535053
INTERMEDIO,6306,162.4020570942824
INTERMEDIO,6307,133.1355127655672
INTERMEDIO,6308,135.58258242862945
INTERMEDIO,6309,108.11394117640603
INTERMEDIO,6310,141.7192756233902
INTERMEDIO,6311,146.0522314874558
INTERMEDIO,6312,134.4100678495752
INTERMEDIO,6313,137.2261546631982
INTERMEDIO,6314,106.89265259138813
INTERMEDIO,6315,139.75453413356016
INTERMEDIO,6316,147.12570265407948
INTERMEDIO,6317,153.20720968033865
INTERMEDIO,6318,145.30590374717366
INTERMEDIO,6319,140.95442162153282
INTERMEDIO,6320,151.53581405398435
INTERMEDIO,6321,120.71941874731606
INTERMEDIO,6322,136.73529440405758
INTERMEDIO,6323,141.61574565790878
INTERMEDIO,6324,124.0455177716241
INTERMEDIO,6325,157.6130180180028
INTERMEDIO,6326,124.15217722475079
INTERMEDIO,6327,146.30835592313946
INTERMEDIO,6328,135.7282299588354
INTERMEDIO,6329,133.73055804469504
INTERMEDIO,6330,121.88282671359252
INTERMEDIO,6331,157.0185529328609
INTERMEDIO,6332,145.74441318060929
INTERMEDIO,6333,144.81862518431848
INTERMEDIO,6334,144.62051084871806
INTERMEDIO,6335,145.9753933281808
INTERMEDIO,6336,129.19982784447419
INTERMEDIO,6337,124.41009444514911
INTERMEDIO,6338,138.68444033100704
INTERMEDIO,6339,125.5333797616057
INTERMEDIO,6340,134.06713859925065
INTERMEDIO,6341,150.04997217060537
INTERMEDIO,6342,166.6728131426153
INTERMEDIO,6343,148.08025556390737
INTERMEDIO,6344,129.83172714471226
INTERMEDIO,6345,127.94586863335338
INTERMEDIO,6346,125.90551580847776
INTERMEDIO,6347,126.37426987454266
INTERMEDIO,6348,164.22114453178673
INTERMEDIO,6349,142.37901279596664
INTERMEDIO,6350,164.9167714260636
INTERMEDIO,6351,109.01056855534661
INTERMEDIO,6352,133.69544983517878
INTERMEDIO,6353,167.18493109391503
INTERMEDIO,6354,106.00812151202325
INTERMEDIO,6355,147.13833344990428
INTERMEDIO,6356,132.14123142909983
INTERMEDIO,6357,159.5764466571129
INTERMEDIO,6358,125.16525682626514
INTERMEDIO,6359,153.32822751201053
INTERMEDIO,6360,158.99030732063093
INTERMEDIO,6361,142.64841417305968
INTERMEDIO,6362,131.26885520475645
INTERMEDIO,6363,130.33356887525684
INTERMEDIO,6364,126.6940763678288
INTERMEDIO,6365,145.07521477831168
INTERMEDIO,6366,130.35161224480134
INTERMEDIO,6367,131.93347655946215
INTERMEDIO,6368,144.82985153937886
INTERMEDIO,6369,124.90352974623327
INTERMEDIO,6370,131.86529198696766
INTERMEDIO,6371,147.75038158220525
INTERMEDIO,6372,154.21131854571632
INTERMEDIO,6373,138.87953201785947
INTERMEDIO,6374,144.92347595149593
INTERMEDIO,6375,109.4111597541368
INTERMEDIO,6376,155.0941149448443
INTERMEDIO,6377,136.94792636255315
INTERMEDIO,6378,122.30177361169555
INTERMEDIO,6379,135.91703037343996
INTERMEDIO,6380,103.03012038471826
INTERMEDIO,6381,160.97702566675193
INTERMEDIO,6382,169.73984826519512
INTERMEDIO,6383,149.92170691284826
INTERMEDIO,6384,150.29560741491042
INTERMEDIO,6385,138.51075769582337
INTERMEDIO,6386,156.8666044455631
INTERMEDIO,6387,124.2200588169612
INTERMEDIO,6388,134.29330585031795
INTERMEDIO,6389,131.04858122378474
INTERMEDIO,6390,107.75518731281569
INTERMEDIO,6391,126.34454198923684
INTERMEDIO,6392,137.53595906555364
INTERMEDIO,6393,143.7734496577252
INTERMEDIO,6394,125.88162888238536
INTERMEDIO,6395,157.74936457192368
INTERMEDIO,6396,126.86535354076193
INTERMEDIO,6397,146.7901460759014
INTERMEDIO,6398,150.30926275084727
INTERMEDIO,6399,128.98839910858075
INTERMEDIO,6400,155.905186398204
INTERMEDIO,6401,152.4536384515619
INTERMEDIO,6402,131.3589298365835
INTERMEDIO,6403,141.30962397849623
INTERMEDIO,6404,136.20131397727468
INTERMEDIO,6405,169.70710351773553
INTERMEDIO,6406,135.98647376031104
INTERMEDIO,6407,123.47881183773747
INTERMEDIO,6408,152.5727512353095
INTERMEDIO,6409,139.35362718185183
INTERMEDIO,6410,126.97411082615565
INTERMEDIO,6411,140.156835414836
INTERMEDIO,6412,152.2516588678361
INTERMEDIO,6413,133.53825472273667
INTERMEDIO,6414,122.42486621574754
INTERMEDIO,6415,123.05931237888706
INTERMEDIO,6416,126.69386136765507
INTERMEDIO,6417,142.46288595314297
INTERMEDIO,6418,115.78608763117306
INTERMEDIO,6419,119.61222213850172
INTERMEDIO,6420,151.87082300037628
INTERMEDIO,6421,150.8860561860946
INTERMEDIO,6422,132.40843014028155
INTERMEDIO,6423,157.22695307998302
INTERMEDIO,6424,145.85394017946228
INTERMEDIO,6425,148.5227541382451
INTERMEDIO,6426,133.18875749896281
INTERMEDIO,6427,145.92707879901866
INTERMEDIO,6428,131.64628880451326
INTERMEDIO,6429,148.00049467618211
INTERMEDIO,6430,143.326182351964
INTERMEDIO,6431,127.77353159777147
INTERMEDIO,6432,130.95957315422967
INTERMEDIO,6433,135.35867127344682
INTERMEDIO,6434,120.90397040369763
INTERMEDIO,6435,116.80952243253991
INTERMEDIO,6436,147.1265117365715
INTERMEDIO,6437,135.26275474498124
INTERMEDIO,6438,143.43155205331882
INTERMEDIO,6439,133.7015690147711
INTERMEDIO,6440,148.00962338913598
INTERMEDIO,6441,144.45627655243874
INTERMEDIO,6442,147.17201166719073
INTERMEDIO,6443,157.17459829042525
INTERMEDIO,6444,148.78664275236
INTERMEDIO,6445,134.85750346336414
INTERMEDIO,6446,136.8093380422559
INTERMEDIO,6447,135.37259087561011
INTERMEDIO,6448,120.82329388646728
INTERMEDIO,6449,119.97979394768039
INTERMEDIO,6450,143.3028837812199
INTERMEDIO,6451,121.08359335763683
INTERMEDIO,6452,149.30130940114003
INTERMEDIO,6453,179.2939724278127
INTERMEDIO,6454,141.52038255018783
INTERMEDIO,6455,128.36081787385953
INTERMEDIO,6456,149.29389709805488
INTERMEDIO,6457,145.13743378091476
INTERMEDIO,6458,162.9657225823023
INTERMEDIO,6459,149.73645954883852
INTERMEDIO,6460,147.46364893425527
INTERMEDIO,6461,141.23961596233556
INTERMEDIO,6462,177.83306100466953
INTERMEDIO,6463,120.64964565328674
INTERMEDIO,6464,147.82404085204865
INTERMEDIO,6465,130.71497276256358
INTERMEDIO,6466,157.3756400223433
INTERMEDIO,6467,130.69081319506998
INTERMEDIO,6468,138.17528748919705
INTERMEDIO,6469,117.6619371276872
INTERMEDIO,6470,142.37957539721668
INTERMEDIO,6471,134.85287204867493
INTERMEDIO,6472,138.31944192443487
INTERMEDIO,6473,121.14095457563334
INTERMEDIO,6474,144.46648267062676
INTERMEDIO,6475,138.98713491272284
INTERMEDIO,6476,149.51590296068431
INTERMEDIO,6477,142.06275373802492
INTERMEDIO,6478,146.66691435378098
INTERMEDIO,6479,126.5089539331901
INTERMEDIO,6480,143.29022737854325
INTERMEDIO,6481,170.98998172477854
INTERMEDIO,6482,123.24747233764796
INTERMEDIO,6483,150.6702486551518
INTERMEDIO,6484,135.27322751821285
INTERMEDIO,6485,144.02451482226263
INTERMEDIO,6486,149.8538527459489
INTERMEDIO,6487,125.6729175424413
INTERMEDIO,6488,145.64405669574927
INTERMEDIO,6489,152.26309268172253
INTERMEDIO,6490,125.10052245205196
INTERMEDIO,6491,104.5644426601292
INTERMEDIO,6492,142.0175147072858
INTERMEDIO,6493,113.90704745622747
INTERMEDIO,6494,144.11695339330518
INTERMEDIO,6495,126.70770933173965
INTERMEDIO,6496,133.23172378828323
INTERMEDIO,6497,144.11685151858777
INTERMEDIO,6498,149.2166962238662
INTERMEDIO,6499,141.0218771757637
INTERMEDIO,6500,157.6738408096099
INTERMEDIO,6501,141.96439189170127
INTERMEDIO,6502,146.52055010180396
INTERMEDIO,6503,144.4733822906803
INTERMEDIO,6504,134.9849063535313
INTERMEDIO,6505,138.3150156288131
INTERMEDIO,6506,144.1981030187613
INTERMEDIO,6507,150.95914350872587
INTERMEDIO,6508,125.57162913536274
INTERMEDIO,6509,137.91590857374493
INTERMEDIO,6510,135.56247168760478
INTERMEDIO,6511,149.6480469669843
INTERMEDIO,6512,120.65759426063666
INTERMEDIO,6513,135.29668797663075
INTERMEDIO,6514,135.6972454011084
INTERMEDIO,6515,161.3830012211741
INTERMEDIO,6516,117.24192514694214
INTERMEDIO,6517,166.70981018315635
INTERMEDIO,6518,134.29825254282522
INTERMEDIO,6519,130.99987293907398
INTERMEDIO,6520,133.68549544155496
INTERMEDIO,6521,144.27122418532147
INTERMEDIO,6522,133.01343554714055
INTERMEDIO,6523,159.05812608191
INTERMEDIO,6524,143.50172089413925
INTERMEDIO,6525,134.66369296604068
INTERMEDIO,6526,128.49602847739283
INTERMEDIO,6527,121.02343268203207
INTERMEDIO,6528,150.94579582777544
INTERMEDIO,6529,124.04485391515101
INTERMEDIO,6530,136.35299837491485
INTERMEDIO,6531,123.56277962410812
INTERMEDIO,6532,115.73879127051167
INTERMEDIO,6533,144.77119361167576
INTERMEDIO,6534,141.18930262101267
INTERMEDIO,6535,149.9640720101367
INTERMEDIO,6536,158.25427320723662
INTERMEDIO,6537,107.99094168013451
INTERMEDIO,6538,134.42516045117708
INTERMEDIO,6539,115.08918755242756
INTERMEDIO,6540,121.27753416357693
INTERMEDIO,6541,138.7785917435762
INTERMEDIO,6542,177.49004029384682
INTERMEDIO,6543,130.7191775584174
INTERMEDIO,6544,153.57709181757963
INTERMEDIO,6545,131.37238042583127
INTERMEDIO,6546,144.28458995228064
INTERMEDIO,6547,115.02776310592137
INTERMEDIO,6548,124.13896849142745
INTERMEDIO,6549,149.4271853800929
INTERMEDIO,6550,130.97653455649663
INTERMEDIO,6551,150.85551962347017
INTERMEDIO,6552,150.88296419475756
INTERMEDIO,6553,118.55875234878934
INTERMEDIO,6554,123.16286175740487
INTERMEDIO,6555,116.08953403679571
INTERMEDIO,6556,122.9538779760224
INTERMEDIO,6557,160.68719611114687
INTERMEDIO,6558,138.2883530348851
INTERMEDIO,6559,149.46842302536157
INTERMEDIO,6560,124.98504471279874
INTERMEDIO,6561,136.13933299383746
INTERMEDIO,6562,128.87068019135026
INTERMEDIO,6563,128.99066248589014
INTERMEDIO,6564,148.34027022377668
INTERMEDIO,6565,150.86792937836358
INTERMEDIO,6566,126.6006636327693
INTERMEDIO,6567,117.951655599302
INTERMEDIO,6568,154.08729867700663
INTERMEDIO,6569,142.6584064509097
INTERMEDIO,6570,145.17631276445678
INTERMEDIO,6571,155.4241743536414
INTERMEDIO,6572,157.85968191247835
INTERMEDIO,6573,124.68896436231732
INTERMEDIO,6574,139.1934290945017
INTERMEDIO,6575,145.4649555060419
INTERMEDIO,6576,146.89078399307107
INTERMEDIO,6577,115.6183411718598
INTERMEDIO,6578,156.43251691587602
INTERMEDIO,6579,150.60836708459846
INTERMEDIO,6580,154.3992050501911
INTERMEDIO,6581,166.90003406165175
INTERMEDIO,6582,127.11018929329748
INTERMEDIO,6583,157.28328629770783
INTERMEDIO,6584,157.67322716672578
INTERMEDIO,6585,143.36917677582278
INTERMEDIO,6586,139.02780275185836
INTERMEDIO,6587,157.6188317532013
INTERMEDIO,6588,122.78192577725724
INTERMEDIO,6589,145.03193364637633
INTERMEDIO,6590,123.02721498560568
INTERMEDIO,6591,127.10263220594155
INTERMEDIO,6592,147.34263505494636
INTERMEDIO,6593,145.6172803511057
INTERMEDIO,6594,141.16282855658116
INTERMEDIO,6595,153.4006720362453
INTERMEDIO,6596,167.16202138623882
INTERMEDIO,6597,129.53957081907092
INTERMEDIO,6598,137.45006622148927
INTERMEDIO,6599,153.97632687058677
INTERMEDIO,6600,148.26813492117887
INTERMEDIO,6601,123.38380271158036
INTERMEDIO,6602,129.0075721579842
INTERMEDIO,6603,151.14040304235056
INTERMEDIO,6604,109.56518357439622
INTERMEDIO,6605,156.78216633998395
INTERMEDIO,6606,131.95550793767268
INTERMEDIO,6607,127.17429106583691
INTERMEDIO,6608,144.45279824330805
INTERMEDIO,6609,130.41326475207083
INTERMEDIO,6610,146.2095351964618
INTERMEDIO,6611,125.09640692716124
INTERMEDIO,6612,141.90990086697087
INTERMEDIO,6613,131.2326871468935
INTERMEDIO,6614,114.84908009403995
INTERMEDIO,6615,131.94175993190117
INTERMEDIO,6616,130.65511170830538
INTERMEDIO,6617,134.147370706427
INTERMEDIO,6618,151.35493865457497
INTERMEDIO,6619,141.0039420886566
INTERMEDIO,6620,159.94618691091728
INTERMEDIO,6621,138.89525053767588
INTERMEDIO,6622,139.58229238900472
INTERMEDIO,6623,147.9449164607386
INTERMEDIO,6624,133.64376279267609
INTERMEDIO,6625,109.11700718067783
INTERMEDIO,6626,160.5946455338027
INTERMEDIO,6627,126.73973238999166
INTERMEDIO,6628,148.88861574888807
INTERMEDIO,6629,133.6896253380803
INTERMEDIO,6630,147.1795580113914
INTERMEDIO,6631,124.4008641826243
INTERMEDIO,6632,173.29260831961545
INTERMEDIO,6633,146.3931899129442
INTERMEDIO,6634,128.7120019492607
INTERMEDIO,6635,150.92000577277946
INTERMEDIO,6636,146.2164976952611
INTERMEDIO,6637,140.4743508814148
INTERMEDIO,6638,120.76886728226965
INTERMEDIO,6639,156.17042633594937
INTERMEDIO,6640,146.9647590574021
INTERMEDIO,6641,153.7427784065357
INTERMEDIO,6642,136.37181060859675
INTERMEDIO,6643,148.27918010087242
INTERMEDIO,6644,129.00231042590093
INTERMEDIO,6645,131.98402656230635
INTERMEDIO,6646,136.2008023761505
INTERMEDIO,6647,131.83052497388798
INTERMEDIO,6648,130.15855743573505
INTERMEDIO,6649,179.2772213684143
INTERMEDIO,6650,109.3368589712896
INTERMEDIO,6651,136.81570096607274
INTERMEDIO,6652,135.70631150464223
INTERMEDIO,6653,127.63095864791227
INTERMEDIO,6654,134.57225142912017
INTERMEDIO,6655,160.74292172674743
INTERMEDIO,6656,129.38351071966312
INTERMEDIO,6657,123.5516081951471
INTERMEDIO,6658,122.89543517407797
INTERMEDIO,6659,137.6672736242894
INTERMEDIO,6660,131.90905213893615
INTERMEDIO,6661,148.93063183795962
INTERMEDIO,6662,109.58999640244811
INTERMEDIO,6663,173.21738791385417
INTERMEDIO,6664,118.92386970743189
INTERMEDIO,6665,158.3259330024312
INTERMEDIO,6666,140.4710437848899
INTERMEDIO,6667,149.922999274021
INTERMEDIO,6668,146.36100075387458
INTERMEDIO,6669,141.73968245814473
INTERMEDIO,6670,139.51699669176688
INTERMEDIO,6671,144.3865165299428
INTERMEDIO,6672,149.06807657813388
INTERMEDIO,6673,121.93841026449002
INTERMEDIO,6674,127.44598495536279
INTERMEDIO,6675,152.0590892903708
INTERMEDIO,6676,139.09964313419604
INTERMEDIO,6677,134.4640969769674
INTERMEDIO,6678,143.09925285011752
INTERMEDIO,6679,139.02190680046044
INTERMEDIO,6680,145.75246520790594
INTERMEDIO,6681,129.66178974156696
INTERMEDIO,6682,135.42403881065871
INTERMEDIO,6683,129.19649197774004
INTERMEDIO,6684,121.60528320523925
INTERMEDIO,6685,144.8494365343501
INTERMEDIO,6686,133.14671869025182
INTERMEDIO,6687,131.84880054010236
INTERMEDIO,6688,135.64814387813684
INTERMEDIO,6689,120.60272787074288
INTERMEDIO,6690,135.2569157876941
INTERMEDIO,6691,136.42218392037466
INTERMEDIO,6692,164.75333217884292
INTERMEDIO,6693,150.3236433393164
INTERMEDIO,6694,156.26695634407565
INTERMEDIO,6695,136.03783829398708
INTERMEDIO,6696,136.84534283944615
INTERMEDIO,6697,110.5594819708921
INTERMEDIO,6698,126.30649033484065
INTERMEDIO,6699,143.1442698028901
INTERMEDIO,6700,137.79285657297285
INTERMEDIO,6701,154.92193932395784
INTERMEDIO,6702,113.1914530979756
INTERMEDIO,6703,144.3590139655862
INTERMEDIO,6704,161.19676911649165
INTERMEDIO,6705,154.5211375515199
INTERMEDIO,6706,137.99656217736157
INTERMEDIO,6707,123.19184335213724
INTERMEDIO,6708,128.7820501114267
INTERMEDIO,6709,141.82207712383953
INTERMEDIO,6710,128.30588267791742
INTERMEDIO,6711,153.10004992536773
INTERMEDIO,6712,138.14442861268242
INTERMEDIO,6713,147.22582464578966
INTERMEDIO,6714,128.77228438121622
INTERMEDIO,6715,143.45178988506564
INTERMEDIO,6716,144.67919433653066
INTERMEDIO,6717,124.85540521650621
INTERMEDIO,6718,131.37647343311335
INTERMEDIO,6719,149.13938254698635
INTERMEDIO,6720,134.18125336887022
INTERMEDIO,6721,134.66511035911338
INTERMEDIO,6722,137.5064753163527
INTERMEDIO,6723,148.28520822828105
INTERMEDIO,6724,123.11001399617473
INTERMEDIO,6725,159.22459016650654
INTERMEDIO,6726,143.67009487606103
INTERMEDIO,6727,160.02162526732275
INTERMEDIO,6728,126.72977258593721
INTERMEDIO,6729,139.61852678111953
INTERMEDIO,6730,137.19317624333343
INTERMEDIO,6731,121.74707601394226
INTERMEDIO,6732,131.40390496801174
INTERMEDIO,6733,137.02166072243668
INTERMEDIO,6734,137.13823586661474
INTERMEDIO,6735,141.4078145906108
INTERMEDIO,6736,179.93390462798394
INTERMEDIO,6737,134.72374350465577
INTERMEDIO,6738,134.01424998985038
INTERMEDIO,6739,146.71156191432357
INTERMEDIO,6740,157.06279786063863
INTERMEDIO,6741,152.98685827083796
INTERMEDIO,6742,123.12156091562599
INTERMEDIO,6743,135.06856484486764
INTERMEDIO,6744,143.81148101212534
INTERMEDIO,6745,155.73654753815708
INTERMEDIO,6746,125.21975345380446
INTERMEDIO,6747,127.7481381561082
INTERMEDIO,6748,136.91954848095398
INTERMEDIO,6749,135.72392502961225
INTERMEDIO,6750,120.05720070821687
INTERMEDIO,6751,132.2240497683332
INTERMEDIO,6752,156.57514358773898
INTERMEDIO,6753,130.42380683424688
INTERMEDIO,6754,134.78323273768228
INTERMEDIO,6755,126.58899319401942
INTERMEDIO,6756,144.57437221413
INTERMEDIO,6757,135.359666947318
INTERMEDIO,6758,168.2724170214537
INTERMEDIO,6759,142.9901945064329
INTERMEDIO,6760,165.1131270183724
INTERMEDIO,6761,142.6529261361079
INTERMEDIO,6762,178.42642654326713
INTERMEDIO,6763,151.18255495124848
INTERMEDIO,6764,134.21474120566083
INTERMEDIO,6765,139.8229774900592
INTERMEDIO,6766,134.7777294404502
INTERMEDIO,6767,134.92932557433892
INTERMEDIO,6768,107.81701613796052
INTERMEDIO,6769,113.75326887293095
INTERMEDIO,6770,144.06606254594817
INTERMEDIO,6771,107.53846488265495
INTERMEDIO,6772,125.76996153006793
INTERMEDIO,6773,122.94195460229625
INTERMEDIO,6774,129.16754996307984
INTERMEDIO,6775,127.54340691780891
INTERMEDIO,6776,133.65118764294684
INTERMEDIO,6777,141.8270019903842
INTERMEDIO,6778,117.4380485863541
INTERMEDIO,6779,113.87696185628153
INTERMEDIO,6780,127.19704336749295
INTERMEDIO,6781,118.54554504088593
INTERMEDIO,6782,131.6728828771011
INTERMEDIO,6783,131.73371013161838
INTERMEDIO,6784,125.89363650517029
INTERMEDIO,6785,130.09580301970882
INTERMEDIO,6786,161.32716160309175
INTERMEDIO,6787,145.25094379139713
INTERMEDIO,6788,151.8178035664913
INTERMEDIO,6789,126.48745656579013
INTERMEDIO,6790,139.10049674981678
INTERMEDIO,6791,139.45168245234896
INTERMEDIO,6792,159.9983905324788
INTERMEDIO,6793,147.87113736692376
INTERMEDIO,6794,131.57072135360687
INTERMEDIO,6795,136.56036057394192
INTERMEDIO,6796,140.72808199179198
INTERMEDIO,6797,139.36335703392263
INTERMEDIO,6798,150.3547514225104
INTERMEDIO,6799,141.6069348506324
INTERMEDIO,6800,150.02120751408034
INTERMEDIO,6801,114.57389028274021
INTERMEDIO,6802,142.0763842622758
INTERMEDIO,6803,140.77137210141635
INTERMEDIO,6804,142.5249462037964
INTERMEDIO,6805,175.6213834834195
INTERMEDIO,6806,126.5486154784358
INTERMEDIO,6807,143.8985299747661
INTERMEDIO,6808,129.53910231419147
INTERMEDIO,6809,147.64621968582045
INTERMEDIO,6810,134.46771095901184
INTERMEDIO,6811,129.8075611533032
INTERMEDIO,6812,134.80643111934185
INTERMEDIO,6813,143.67455034719472
INTERMEDIO,6814,126.29419953479724
INTERMEDIO,6815,143.73929826037232
INTERMEDIO,6816,153.6701721871357
INTERMEDIO,6817,137.66570456594957
INTERMEDIO,6818,154.19207714592892
INTERMEDIO,6819,162.63606726513422
INTERMEDIO,6820,119.62150585858737
INTERMEDIO,6821,135.61391045441022
INTERMEDIO,6822,121.3832533996339
INTERMEDIO,6823,115.94882423106046
INTERMEDIO,6824,168.69689945732227
INTERMEDIO,6825,117.26743970639983
INTERMEDIO,6826,118.84828383410975
INTERMEDIO,6827,123.64934064336774
INTERMEDIO,6828,116.27009037022516
INTERMEDIO,6829,140.5033142763326
INTERMEDIO,6830,116.79694888766672
INTERMEDIO,6831,163.95115098325167
INTERMEDIO,6832,145.5314054743573
INTERMEDIO,6833,145.2332162597927
INTERMEDIO,6834,139.70357423508295
INTERMEDIO,6835,130.59830096450756
INTERMEDIO,6836,154.9519406690019
INTERMEDIO,6837,124.00967278602947
INTERMEDIO,6838,137.95822250463635
INTERMEDIO,6839,138.8622399433483
INTERMEDIO,6840,138.11429178345617
INTERMEDIO,6841,148.51071484799576
INTERMEDIO,6842,159.6845317345099
INTERMEDIO,6843,159.2549115238108
INTERMEDIO,6844,146.0558404851984
INTERMEDIO,6845,119.81699274756073
INTERMEDIO,6846,118.40696608927007
INTERMEDIO,6847,143.0386841865768
INTERMEDIO,6848,135.60728975543594
INTERMEDIO,6849,123.89423551532295
INTERMEDIO,6850,136.25799412971116
INTERMEDIO,6851,128.4039637103488
INTERMEDIO,6852,144.65660988242664
INTERMEDIO,6853,150.77764014660312
INTERMEDIO,6854,142.92156473940392
INTERMEDIO,6855,153.76944624095057
INTERMEDIO,6856,123.29216350705943
INTERMEDIO,6857,124.82011962463457
INTERMEDIO,6858,142.89044500308822
INTERMEDIO,6859,131.22616880592395
INTERMEDIO,6860,122.638159917428
INTERMEDIO,6861,144.73456781370953
INTERMEDIO,6862,132.18822389340556
INTERMEDIO,6863,142.27812313922615
INTERMEDIO,6864,127.53630249326413
INTERMEDIO,6865,155.21725108061253
INTERMEDIO,6866,151.5629905860025
INTERMEDIO,6867,131.2957274925137
INTERMEDIO,6868,131.77767081106703
INTERMEDIO,6869,121.24353435957207
INTERMEDIO,6870,132.97076555228793
INTERMEDIO,6871,141.52196874653782
INTERMEDIO,6872,136.93086560096066
INTERMEDIO,6873,145.17591106986822
INTERMEDIO,6874,139.22808661995998
INTERMEDIO,6875,115.14381543536119
INTERMEDIO,6876,131.76148006932078
INTERMEDIO,6877,106.07613160479362
INTERMEDIO,6878,125.33994124891036
INTERMEDIO,6879,146.48804651197185
INTERMEDIO,6880,146.81371746356214
INTERMEDIO,6881,129.9105830654816
INTERMEDIO,6882,143.50363076722314
INTERMEDIO,6883,130.08809460756655
INTERMEDIO,6884,169.84792888912406
INTERMEDIO,6885,131.8421107337519
INTERMEDIO,6886,121.69635444246401
INTERMEDIO,6887,130.12096823445597
INTERMEDIO,6888,114.7683174789811
INTERMEDIO,6889,120.14320484849286
INTERMEDIO,6890,140.05960357165296
INTERMEDIO,6891,136.04178457252596
INTERMEDIO,6892,143.3943114612268
INTERMEDIO,6893,145.33848811940004
INTERMEDIO,6894,140.87713560156436
INTERMEDIO,6895,127.72830802698583
INTERMEDIO,6896,153.328239620379
INTERMEDIO,6897,161.18144909805122
INTERMEDIO,6898,163.5301476406737
INTERMEDIO,6899,129.45488254581346
INTERMEDIO,6900,139.7105289657554
INTERMEDIO,6901,116.54080619578207
INTERMEDIO,6902,152.7012756141309
INTERMEDIO,6903,142.60549251018176
INTERMEDIO,6904,157.6536964889535
INTERMEDIO,6905,151.96779544633972
INTERMEDIO,6906,112.75645857552604
INTERMEDIO,6907,137.86332170176178
INTERMEDIO,6908,133.4905697901174
INTERMEDIO,6909,149.05684993770348
INTERMEDIO,6910,158.92268120882187
INTERMEDIO,6911,135.14102148481754
INTERMEDIO,6912,97.55450794747551
INTERMEDIO,6913,148.92552330829216
INTERMEDIO,6914,133.62383028737614
INTERMEDIO,6915,124.33258454816288
INTERMEDIO,6916,134.133612431412
INTERMEDIO,6917,137.840240741573
INTERMEDIO,6918,141.95040674708255
INTERMEDIO,6919,157.36856720489462
INTERMEDIO,6920,127.63361785757581
INTERMEDIO,6921,116.6862239993227
INTERMEDIO,6922,119.13829845586
INTERMEDIO,6923,146.39962258402554
INTERMEDIO,6924,158.81406324173514
INTERMEDIO,6925,156.68945555340383
INTERMEDIO,6926,160.77170161140194
INTERMEDIO,6927,158.20442099063968
INTERMEDIO,6928,152.03678457529912
INTERMEDIO,6929,123.14068097545906
INTERMEDIO,6930,136.3910281481437
INTERMEDIO,6931,138.6528283887052
INTERMEDIO,6932,142.9630273533567
INTERMEDIO,6933,147.59567732563764
INTERMEDIO,6934,126.71829979749262
INTERMEDIO,6935,120.5367720966457
INTERMEDIO,6936,129.11410935197662
INTERMEDIO,6937,151.80351201646812
INTERMEDIO,6938,133.0034275608208
INTERMEDIO,6939,132.3442325607972
INTERMEDIO,6940,142.8746547503632
INTERMEDIO,6941,166.84188110796424
INTERMEDIO,6942,128.3601034479015
INTERMEDIO,6943,144.5713127015755
INTERMEDIO,6944,134.126037300868
INTERMEDIO,6945,149.11243578678392
INTERMEDIO,6946,133.69738938970733
INTERMEDIO,6947,135.03315103841027
INTERMEDIO,6948,159.0614118577335
INTERMEDIO,6949,141.40781019230917
INTERMEDIO,6950,148.5503017968322
INTERMEDIO,6951,125.53899166373755
INTERMEDIO,6952,135.27353719195492
INTERMEDIO,6953,117.89858214509367
INTERMEDIO,6954,134.876784617365
INTERMEDIO,6955,136.59409316037537
INTERMEDIO,6956,120.34068141222924
INTERMEDIO,6957,138.62293337736733
INTERMEDIO,6958,139.36487599998378
INTERMEDIO,6959,147.44196538795606
INTERMEDIO,6960,163.1939329626015
INTERMEDIO,6961,135.9882872098035
INTERMEDIO,6962,139.38533614543076
INTERMEDIO,6963,148.9440776176675
INTERMEDIO,6964,140.8908818853182
INTERMEDIO,6965,139.25225819272995
INTERMEDIO,6966,151.97808810672436
INTERMEDIO,6967,177.72813938427922
INTERMEDIO,6968,179.1594682723267
INTERMEDIO,6969,127.52305743683415
INTERMEDIO,6970,135.27254168372863
INTERMEDIO,6971,122.56943848805166
INTERMEDIO,6972,107.18382918758246
INTERMEDIO,6973,126.83089985580989
INTERMEDIO,6974,162.81542162264495
INTERMEDIO,6975,138.36863554557561
INTERMEDIO,6976,167.137013201577
INTERMEDIO,6977,140.54980080457958
INTERMEDIO,6978,155.66521775407853
INTERMEDIO,6979,146.4915086735103
INTERMEDIO,6980,119.66454269796667
INTERMEDIO,6981,102.19457155775592
INTERMEDIO,6982,139.58848018586144
INTERMEDIO,6983,126.16967638458378
INTERMEDIO,6984,150.66513190945642
INTERMEDIO,6985,169.23782924645892
INTERMEDIO,6986,144.18998052382966
INTERMEDIO,6987,124.6227839483923
INTERMEDIO,6988,156.38353046888423
INTERMEDIO,6989,150.25580901826947
INTERMEDIO,6990,137.6496502769239
INTERMEDIO,6991,148.3946684850932
INTERMEDIO,6992,165.6818512743097
INTERMEDIO,6993,144.41183749947552
INTERMEDIO,6994,119.20794242848618
INTERMEDIO,6995,132.33208619896618
INTERMEDIO,6996,146.89375443170604
INTERMEDIO,6997,150.38330303239147
INTERMEDIO,6998,114.31783634343203
INTERMEDIO,6999,159.52013162728406
INTERMEDIO,7000,131.14093828553968
INTERMEDIO,7001,145.9529922560198
INTERMEDIO,7002,125.51367533979209
INTERMEDIO,7003,140.9343523075337
INTERMEDIO,7004,129.5071955967024
INTERMEDIO,7005,114.27171452844064
INTERMEDIO,7006,143.91023949656284
INTERMEDIO,7007,112.93625885965446
INTERMEDIO,7008,147.19417365497625
INTERMEDIO,7009,159.3536629961395
INTERMEDIO,7010,127.78838157085721
INTERMEDIO,7011,164.7968083544727
INTERMEDIO,7012,162.93620633907773
INTERMEDIO,7013,150.27907216039654
INTERMEDIO,7014,165.07721201998837
INTERMEDIO,7015,155.6000530438102
INTERMEDIO,7016,161.8247265669599
INTERMEDIO,7017,132.32213499010928
INTERMEDIO,7018,150.27325931624117
INTERMEDIO,7019,160.06707122354808
INTERMEDIO,7020,134.26609392958758
INTERMEDIO,7021,148.76069951281923
INTERMEDIO,7022,116.9413793334248
INTERMEDIO,7023,133.96551716985167
INTERMEDIO,7024,143.62642192906074
INTERMEDIO,7025,133.17297132074376
INTERMEDIO,7026,164.8596370862926
INTERMEDIO,7027,124.69556092034867
INTERMEDIO,7028,145.04279657958622
INTERMEDIO,7029,124.5042275723912
INTERMEDIO,7030,153.8312368440674
INTERMEDIO,7031,144.0477797274095
INTERMEDIO,7032,120.29487479144477
INTERMEDIO,7033,155.7881187019206
INTERMEDIO,7034,122.55020636342424
INTERMEDIO,7035,120.48102532363328
INTERMEDIO,7036,130.66726728700962
INTERMEDIO,7037,157.61231901788983
INTERMEDIO,7038,144.17937442737087
INTERMEDIO,7039,140.48074198727795
INTERMEDIO,7040,122.08250519290712
INTERMEDIO,7041,145.35029247506301
INTERMEDIO,7042,134.93089795450683
INTERMEDIO,7043,149.39620327434304
INTERMEDIO,7044,140.35589460472931
INTERMEDIO,7045,156.73224205317365
INTERMEDIO,7046,114.6966461898565
INTERMEDIO,7047,119.69779750004697
INTERMEDIO,7048,143.02684780074844
INTERMEDIO,7049,137.28414679950095
INTERMEDIO,7050,130.95122023323518
INTERMEDIO,7051,139.49300286672434
INTERMEDIO,7052,142.40863676969835
INTERMEDIO,7053,123.76374392778001
INTERMEDIO,7054,124.85337598249423
INTERMEDIO,7055,147.73344046638465
INTERMEDIO,7056,119.57671845483023
INTERMEDIO,7057,134.40963252163635
INTERMEDIO,7058,155.10885244822538
INTERMEDIO,7059,137.5158443299494
INTERMEDIO,7060,130.36846307863686
INTERMEDIO,7061,131.92915561783238
INTERMEDIO,7062,147.14459476573302
INTERMEDIO,7063,152.76328060451615
INTERMEDIO,7064,137.05007227325103
INTERMEDIO,7065,150.4170369465412
INTERMEDIO,7066,140.779389271961
INTERMEDIO,7067,148.67704407401956
INTERMEDIO,7068,131.137169170758
INTERMEDIO,7069,137.59332697027241
INTERMEDIO,7070,125.69090204781288
INTERMEDIO,7071,133.93166008222494
INTERMEDIO,7072,131.39851188125772
INTERMEDIO,7073,158.37210840721895
INTERMEDIO,7074,164.25124286223928
INTERMEDIO,7075,114.73154828596743
INTERMEDIO,7076,122.4468507459211
INTERMEDIO,7077,136.30229934261203
INTERMEDIO,7078,156.45839199610884
INTERMEDIO,7079,149.26080375604735
INTERMEDIO,7080,153.1749087309368
INTERMEDIO,7081,146.775401779875
INTERMEDIO,7082,147.49307604558248
INTERMEDIO,7083,133.81102114289538
INTERMEDIO,7084,136.56949468643055
INTERMEDIO,7085,144.01737797490637
INTERMEDIO,7086,154.22680278978478
INTERMEDIO,7087,134.69249102913716
INTERMEDIO,7088,160.48294522916137
INTERMEDIO,7089,118.51387685517649
INTERMEDIO,7090,154.60009234367118
INTERMEDIO,7091,132.71646221500512
INTERMEDIO,7092,140.82902501437334
INTERMEDIO,7093,123.24825995822152
INTERMEDIO,7094,132.14121546558945
INTERMEDIO,7095,154.04942173903842
INTERMEDIO,7096,141.96230436398213
INTERMEDIO,7097,151.4346992743838
INTERMEDIO,7098,152.0875569556177
INTERMEDIO,7099,113.00826193116185
INTERMEDIO,7100,144.2939179678637
INTERMEDIO,7101,128.67860755646208
INTERMEDIO,7102,122.45724185427835
INTERMEDIO,7103,146.2653856728932
INTERMEDIO,7104,146.7618778724763
INTERMEDIO,7105,130.23932746966418
INTERMEDIO,7106,123.04066729429094
INTERMEDIO,7107,110.42704470908521
INTERMEDIO,7108,148.79842124871047
INTERMEDIO,7109,116.9702279975689
INTERMEDIO,7110,162.91872676603458
INTERMEDIO,7111,134.95493802066557
INTERMEDIO,7112,137.74251472953432
INTERMEDIO,7113,151.23133985734145
INTERMEDIO,7114,132.78672220041338
INTERMEDIO,7115,143.70368441932553
INTERMEDIO,7116,139.13316684868036
INTERMEDIO,7117,134.19696016634768
INTERMEDIO,7118,137.93810463129375
INTERMEDIO,7119,145.2158204739314
INTERMEDIO,7120,143.22564304022194
INTERMEDIO,7121,107.86496761257698
INTERMEDIO,7122,135.48307134788152
INTERMEDIO,7123,153.83232533833927
INTERMEDIO,7124,133.2578221465163
INTERMEDIO,7125,137.8710555118116
INTERMEDIO,7126,120.01746271717417
INTERMEDIO,7127,129.4478206985968
INTERMEDIO,7128,116.91327708869248
INTERMEDIO,7129,113.43304470091506
INTERMEDIO,7130,116.18872779199258
INTERMEDIO,7131,127.57921883042893
INTERMEDIO,7132,165.39384843074419
INTERMEDIO,7133,150.45728938250872
INTERMEDIO,7134,130.3737372685879
INTERMEDIO,7135,156.7066707022829
INTERMEDIO,7136,131.17350973642226
INTERMEDIO,7137,157.54812808499037
INTERMEDIO,7138,131.6780638291109
INTERMEDIO,7139,129.68633856640963
INTERMEDIO,7140,118.005678666346
INTERMEDIO,7141,143.63211021588722
INTERMEDIO,7142,145.43955436828503
INTERMEDIO,7143,152.9630316303407
INTERMEDIO,7144,134.08518657959485
INTERMEDIO,7145,139.67350534246307
INTERMEDIO,7146,123.08093526074693
INTERMEDIO,7147,133.72223223500322
INTERMEDIO,7148,147.9402371255281
INTERMEDIO,7149,142.32570024722176
INTERMEDIO,7150,152.85374129026408
INTERMEDIO,7151,135.3726323417877
INTERMEDIO,7152,130.42663720339033
INTERMEDIO,7153,159.82667008123735
INTERMEDIO,7154,156.06975348307213
INTERMEDIO,7155,127.05092870689217
INTERMEDIO,7156,161.60602964953654
INTERMEDIO,7157,145.70364344772577
INTERMEDIO,7158,147.7723341484538
INTERMEDIO,7159,124.70588974388242
INTERMEDIO,7160,132.29745286438163
INTERMEDIO,7161,120.60999276635035
INTERMEDIO,7162,166.2393396730218
INTERMEDIO,7163,135.34585609968585
INTERMEDIO,7164,121.79634338579466
INTERMEDIO,7165,137.39692786754773
INTERMEDIO,7166,148.05760453757148
INTERMEDIO,7167,132.25050872086823
INTERMEDIO,7168,165.08152189849224
INTERMEDIO,7169,155.29215928994427
INTERMEDIO,7170,156.08010004304717
INTERMEDIO,7171,162.3703164914732
INTERMEDIO,7172,150.91276045709338
INTERMEDIO,7173,126.78687314486223
INTERMEDIO,7174,151.3535119057569
INTERMEDIO,7175,149.57305532321772
INTERMEDIO,7176,141.40801387992735
INTERMEDIO,7177,138.54377067657768
INTERMEDIO,7178,164.53067975327647
INTERMEDIO,7179,132.32574818453722
INTERMEDIO,7180,147.89842573755672
INTERMEDIO,7181,147.67164140926263
INTERMEDIO,7182,106.48556591907706
INTERMEDIO,7183,154.306568273974
INTERMEDIO,7184,133.9582998950089
INTERMEDIO,7185,122.38630486597198
INTERMEDIO,7186,128.70258624505232
INTERMEDIO,7187,146.8051028402394
INTERMEDIO,7188,125.17695580589154
INTERMEDIO,7189,180.67891441184034
INTERMEDIO,7190,143.86045466384374
INTERMEDIO,7191,120.9696323101422
INTERMEDIO,7192,133.3980052739995
INTERMEDIO,7193,153.19638487302439
INTERMEDIO,7194,134.8807029528312
INTERMEDIO,7195,136.23229927601227
INTERMEDIO,7196,138.09082974596367
INTERMEDIO,7197,110.81072452086286
INTERMEDIO,7198,160.6988671364651
INTERMEDIO,7199,133.4215895276347
INTERMEDIO,7200,177.03175382864234
INTERMEDIO,7201,144.81350617503713
INTERMEDIO,7202,150.92359764511423
INTERMEDIO,7203,155.8460837260709
INTERMEDIO,7204,117.30270990404438
INTERMEDIO,7205,148.4725793563791
INTERMEDIO,7206,138.47680154695618
INTERMEDIO,7207,159.46644765454099
INTERMEDIO,7208,128.78349664017117
INTERMEDIO,7209,134.19721995698416
INTERMEDIO,7210,135.92947527982162
INTERMEDIO,7211,138.21807777082648
INTERMEDIO,7212,137.74470231555355
INTERMEDIO,7213,120.79033792334153
INTERMEDIO,7214,126.88519141530472
INTERMEDIO,7215,124.27583539724817
INTERMEDIO,7216,125.5141127628174
INTERMEDIO,7217,141.23573491664789
INTERMEDIO,7218,121.85869481512177
INTERMEDIO,7219,157.9007492017128
INTERMEDIO,7220,131.76688586783132
INTERMEDIO,7221,131.40555281475244
INTERMEDIO,7222,150.74830292490495
INTERMEDIO,7223,141.68522429290007
INTERMEDIO,7224,144.85843359974302
INTERMEDIO,7225,163.7185102719828
INTERMEDIO,7226,142.31667890165005
INTERMEDIO,7227,125.26820991184991
INTERMEDIO,7228,148.9654367014324
INTERMEDIO,7229,139.00171825665325
INTERMEDIO,7230,162.58009025718434
INTERMEDIO,7231,143.87429360585517
INTERMEDIO,7232,181.75321168132174
INTERMEDIO,7233,148.95034928908083
INTERMEDIO,7234,163.01679021667212
INTERMEDIO,7235,132.83621709107143
INTERMEDIO,7236,136.45643733835243
INTERMEDIO,7237,141.297078936484
INTERMEDIO,7238,136.57651910839897
INTERMEDIO,7239,152.30223007138832
INTERMEDIO,7240,156.40784136964683
INTERMEDIO,7241,142.30840784786233
INTERMEDIO,7242,161.9156614466259
INTERMEDIO,7243,118.01411306952376
INTERMEDIO,7244,132.47831748170435
INTERMEDIO,7245,126.81431027682514
INTERMEDIO,7246,123.63397843146191
INTERMEDIO,7247,157.0293248883676
INTERMEDIO,7248,135.37294924011667
INTERMEDIO,7249,153.1216144939234
INTERMEDIO,7250,136.0580347283912
INTERMEDIO,7251,144.54810047736103
INTERMEDIO,7252,145.4343383827724
INTERMEDIO,7253,121.9085758474792
INTERMEDIO,7254,129.841900225202
INTERMEDIO,7255,134.41434940519045
INTERMEDIO,7256,127.41531181165934
INTERMEDIO,7257,163.2810670844748
INTERMEDIO,7258,119.12229141576023
INTERMEDIO,7259,153.30233041881218
INTERMEDIO,7260,152.2746498789419
INTERMEDIO,7261,150.7408201594698
INTERMEDIO,7262,148.94411541260806
INTERMEDIO,7263,154.20523247308216
INTERMEDIO,7264,123.22822850001273
INTERMEDIO,7265,155.32376701486731
INTERMEDIO,7266,135.29151843475208
INTERMEDIO,7267,140.52380821619033
INTERMEDIO,7268,138.8541120719168
INTERMEDIO,7269,117.9397846916203
INTERMEDIO,7270,156.66686899964927
INTERMEDIO,7271,142.4409404235594
INTERMEDIO,7272,150.52021298589415
INTERMEDIO,7273,137.05301391470942
INTERMEDIO,7274,135.06132671844236
INTERMEDIO,7275,117.23762200287442
INTERMEDIO,7276,137.48396186693782
INTERMEDIO,7277,148.5401819728427
INTERMEDIO,7278,124.31307667258842
INTERMEDIO,7279,149.15737020648993
INTERMEDIO,7280,128.10468257287638
INTERMEDIO,7281,145.50739194182907
INTERMEDIO,7282,141.663840174792
INTERMEDIO,7283,145.51016142106204
INTERMEDIO,7284,156.9407637930501
INTERMEDIO,7285,121.28740492399446
INTERMEDIO,7286,118.29932809696064
INTERMEDIO,7287,142.9014281240893
INTERMEDIO,7288,132.56763986875893
INTERMEDIO,7289,155.090472779876
INTERMEDIO,7290,136.06731424119124
INTERMEDIO,7291,107.45448739415977
INTERMEDIO,7292,150.50006681947994
INTERMEDIO,7293,124.91159412991118
INTERMEDIO,7294,127.86282622516461
INTERMEDIO,7295,147.823195632098
INTERMEDIO,7296,138.14533769906944
INTERMEDIO,7297,123.07437847929228
INTERMEDIO,7298,145.41516817186758
INTERMEDIO,7299,108.06747561062151
INTERMEDIO,7300,111.54683134712691
INTERMEDIO,7301,127.82858531369413
INTERMEDIO,7302,141.62248125069175
INTERMEDIO,7303,168.63546612219895
INTERMEDIO,7304,116.17978907625965
INTERMEDIO,7305,111.84669968997717
INTERMEDIO,7306,132.22572971571955
INTERMEDIO,7307,135.61183535212723
INTERMEDIO,7308,146.73311907814914
INTERMEDIO,7309,119.30194771676997
INTERMEDIO,7310,130.58388402546916
INTERMEDIO,7311,137.5014537466622
INTERMEDIO,7312,132.77395914692465
INTERMEDIO,7313,159.44231263793841
INTERMEDIO,7314,120.7461326229473
INTERMEDIO,7315,120.72204121521303
INTERMEDIO,7316,161.35192932726284
INTERMEDIO,7317,154.82225803176723
INTERMEDIO,7318,126.50675330979267
INTERMEDIO,7319,154.1637599512515
INTERMEDIO,7320,143.1241029250347
INTERMEDIO,7321,152.57629407541623
INTERMEDIO,7322,143.8912012912452
INTERMEDIO,7323,123.34647101641657
INTERMEDIO,7324,132.20481426420235
INTERMEDIO,7325,150.74599758356135
INTERMEDIO,7326,137.01673644728925
INTERMEDIO,7327,125.77436037833873
INTERMEDIO,7328,158.95387780462912
INTERMEDIO,7329,151.209610121346
INTERMEDIO,7330,143.83253300970586
INTERMEDIO,7331,145.2207475941659
INTERMEDIO,7332,143.06713184400846
INTERMEDIO,7333,138.37023006645398
INTERMEDIO,7334,103.91255556827247
INTERMEDIO,7335,136.67925858679357
INTERMEDIO,7336,101.6655889828459
INTERMEDIO,7337,119.4140853894266
INTERMEDIO,7338,145.92761092935933
INTERMEDIO,7339,151.86229970222402
INTERMEDIO,7340,150.97851336432822
INTERMEDIO,7341,143.78878263269934
INTERMEDIO,7342,156.03136968480294
INTERMEDIO,7343,165.11119904262893
INTERMEDIO,7344,153.97577195982703
INTERMEDIO,7345,130.0678338512774
INTERMEDIO,7346,147.28109151707818
INTERMEDIO,7347,128.7231134905516
INTERMEDIO,7348,136.4059615080666
INTERMEDIO,7349,125.4233643601332
INTERMEDIO,7350,125.53780977017813
INTERMEDIO,7351,132.79938390206283
INTERMEDIO,7352,142.24929728986476
INTERMEDIO,7353,160.4191183620645
INTERMEDIO,7354,141.39398941201117
INTERMEDIO,7355,141.94720336765718
INTERMEDIO,7356,138.50212622023142
INTERMEDIO,7357,150.69996559578613
INTERMEDIO,7358,139.01563345932675
INTERMEDIO,7359,166.57550117255863
INTERMEDIO,7360,123.34604425133047
INTERMEDIO,7361,150.44683219256336
INTERMEDIO,7362,150.4830933666279
INTERMEDIO,7363,144.69946589960588
INTERMEDIO,7364,129.72699447914914
INTERMEDIO,7365,129.0636904681852
INTERMEDIO,7366,133.15652175267695
INTERMEDIO,7367,122.37070961497918
INTERMEDIO,7368,148.63203479591692
INTERMEDIO,7369,130.89577153933
INTERMEDIO,7370,137.21253753766874
INTERMEDIO,7371,140.14215593210514
INTERMEDIO,7372,135.29471364687146
INTERMEDIO,7373,138.22893483761175
INTERMEDIO,7374,147.40878909935148
INTERMEDIO,7375,141.0850656264889
INTERMEDIO,7376,148.99292699348945
INTERMEDIO,7377,147.91402151128375
INTERMEDIO,7378,128.6722683020612
INTERMEDIO,7379,138.26142772587903
INTERMEDIO,7380,163.0542584732859
INTERMEDIO,7381,143.99279125784577
INTERMEDIO,7382,129.61951806316645
INTERMEDIO,7383,127.96831075954483
INTERMEDIO,7384,134.17141632077372
INTERMEDIO,7385,131.3855160977526
INTERMEDIO,7386,119.37599749837072
INTERMEDIO,7387,152.57347893559927
INTERMEDIO,7388,151.32221286013922
INTERMEDIO,7389,133.01352997399883
INTERMEDIO,7390,149.12347583516174
INTERMEDIO,7391,124.13934687221845
INTERMEDIO,7392,137.7991493154454
INTERMEDIO,7393,123.4896889809158
INTERMEDIO,7394,128.70752499289216
INTERMEDIO,7395,148.662700378266
INTERMEDIO,7396,130.18894664761984
INTERMEDIO,7397,127.40323789696038
INTERMEDIO,7398,140.19814440876178
INTERMEDIO,7399,123.9299693072067
INTERMEDIO,7400,150.5923564156489
INTERMEDIO,7401,102.76320340918147
INTERMEDIO,7402,140.7242854100806
INTERMEDIO,7403,123.17094232427135
INTERMEDIO,7404,129.73631241662878
INTERMEDIO,7405,124.14671350007085
INTERMEDIO,7406,122.04077657377965
INTERMEDIO,7407,142.74025532874472
INTERMEDIO,7408,131.76726008627543
INTERMEDIO,7409,146.6976592565403
INTERMEDIO,7410,132.15350233909857
INTERMEDIO,7411,140.4014683344195
INTERMEDIO,7412,116.5841937335561
INTERMEDIO,7413,113.50982879708373
INTERMEDIO,7414,134.67377134912175
INTERMEDIO,7415,128.57088607058327
INTERMEDIO,7416,125.94135829502349
INTERMEDIO,7417,138.49619207552718
INTERMEDIO,7418,146.28309728827557
INTERMEDIO,7419,108.55322063852834
INTERMEDIO,7420,127.73863140105485
INTERMEDIO,7421,143.83614346854216
INTERMEDIO,7422,167.86170887348842
INTERMEDIO,7423,146.625418151614
INTERMEDIO,7424,165.53928149304625
INTERMEDIO,7425,132.29089593963437
INTERMEDIO,7426,134.398806939226
INTERMEDIO,7427,157.26959376457302
INTERMEDIO,7428,158.55865067240003
INTERMEDIO,7429,152.92271380971803
INTERMEDIO,7430,159.44423315842266
INTERMEDIO,7431,139.84152273194405
INTERMEDIO,7432,139.50329344513892
INTERMEDIO,7433,139.19336647844918
INTERMEDIO,7434,144.1994308730911
INTERMEDIO,7435,129.40727325546726
INTERMEDIO,7436,165.94377045749482
INTERMEDIO,7437,185.79690823896817
INTERMEDIO,7438,142.6758479068542
INTERMEDIO,7439,131.52705513979686
INTERMEDIO,7440,144.17793459432326
INTERMEDIO,7441,146.2430385690503
INTERMEDIO,7442,121.10142356937334
INTERMEDIO,7443,145.88486775698468
INTERMEDIO,7444,133.36003365485237
INTERMEDIO,7445,145.9264991588157
INTERMEDIO,7446,143.68348940539937
INTERMEDIO,7447,126.47409395641719
INTERMEDIO,7448,150.2256377171798
INTERMEDIO,7449,152.5218949552933
INTERMEDIO,7450,135.40030091208453
INTERMEDIO,7451,146.93091023826398
INTERMEDIO,7452,123.13335495957423
INTERMEDIO,7453,141.00127826741607
INTERMEDIO,7454,142.5790765938416
INTERMEDIO,7455,125.1955819528323
INTERMEDIO,7456,145.72990075624028
INTERMEDIO,7457,137.07739922638945
INTERMEDIO,7458,131.6016907437679
INTERMEDIO,7459,163.31449258940546
INTERMEDIO,7460,117.52638320080564
INTERMEDIO,7461,113.34926281762385
INTERMEDIO,7462,133.36846121393287
INTERMEDIO,7463,124.4188996810548
INTERMEDIO,7464,145.02525551623822
INTERMEDIO,7465,138.83659642474123
INTERMEDIO,7466,158.47850726538903
INTERMEDIO,7467,111.79113294051024
INTERMEDIO,7468,132.4685318502661
INTERMEDIO,7469,137.67696948949427
INTERMEDIO,7470,146.01396463910808
INTERMEDIO,7471,167.59092478636398
INTERMEDIO,7472,119.57304523281799
INTERMEDIO,7473,157.91856246585414
INTERMEDIO,7474,133.01047475322306
INTERMEDIO,7475,135.07255403084955
INTERMEDIO,7476,121.32464029350322
INTERMEDIO,7477,130.59170426512298
INTERMEDIO,7478,114.59023770304721
INTERMEDIO,7479,118.07455287765923
INTERMEDIO,7480,133.3058645130047
INTERMEDIO,7481,154.0069222392581
INTERMEDIO,7482,131.24016293178255
INTERMEDIO,7483,145.3618731050242
INTERMEDIO,7484,114.71791875645597
INTERMEDIO,7485,131.99173114714566
INTERMEDIO,7486,128.6971977574574
INTERMEDIO,7487,130.72289420513872
INTERMEDIO,7488,143.21038304954175
INTERMEDIO,7489,154.89789171315215
INTERMEDIO,7490,145.80916696376656
INTERMEDIO,7491,124.51097314064359
INTERMEDIO,7492,161.60637899622674
INTERMEDIO,7493,149.94226989219896
INTERMEDIO,7494,125.22236888469048
INTERMEDIO,7495,112.61232519692032
INTERMEDIO,7496,97.59679064917559
INTERMEDIO,7497,162.4831071316893
INTERMEDIO,7498,117.18022002642256
INTERMEDIO,7499,149.06344168476406
INTERMEDIO,7500,124.62019474655482
INTERMEDIO,7501,139.7074593015555
INTERMEDIO,7502,145.4359846081146
INTERMEDIO,7503,166.6749595969968
INTERMEDIO,7504,138.52486554085837
INTERMEDIO,7505,154.8420684983658
INTERMEDIO,7506,142.63445427839156
INTERMEDIO,7507,132.70304475143487
INTERMEDIO,7508,153.37372030981666
INTERMEDIO,7509,174.2767987880884
INTERMEDIO,7510,129.56994411518187
INTERMEDIO,7511,161.68405783059418
INTERMEDIO,7512,155.9524568758727
INTERMEDIO,7513,139.09035124848003
INTERMEDIO,7514,123.48746925324217
INTERMEDIO,7515,142.06458166585884
INTERMEDIO,7516,129.0927939614308
INTERMEDIO,7517,131.42049389990072
INTERMEDIO,7518,163.84382208849502
INTERMEDIO,7519,144.63201440232058
INTERMEDIO,7520,130.24407814041217
INTERMEDIO,7521,134.23221179557618
INTERMEDIO,7522,154.23526858469967
INTERMEDIO,7523,115.36097865024794
INTERMEDIO,7524,139.27423902854738
INTERMEDIO,7525,113.99935775122155
INTERMEDIO,7526,141.5483689890711
INTERMEDIO,7527,156.3669147121964
INTERMEDIO,7528,147.71582354398205
INTERMEDIO,7529,123.40414157748484
INTERMEDIO,7530,143.21667358938237
INTERMEDIO,7531,149.59314664413577
INTERMEDIO,7532,158.81117750209904
INTERMEDIO,7533,129.62539281460084
INTERMEDIO,7534,145.5413772131425
INTERMEDIO,7535,123.29366373589815
INTERMEDIO,7536,147.33062484470543
INTERMEDIO,7537,130.05838011555483
INTERMEDIO,7538,135.19411761231018
INTERMEDIO,7539,147.76802255909897
INTERMEDIO,7540,136.031797536228
INTERMEDIO,7541,145.96923536838818
INTERMEDIO,7542,166.59405007037424
INTERMEDIO,7543,124.72780524601559
INTERMEDIO,7544,132.61304172612554
INTERMEDIO,7545,134.37914135374638
INTERMEDIO,7546,142.5292992766713
INTERMEDIO,7547,107.25854655748077
INTERMEDIO,7548,122.35999237447751
INTERMEDIO,7549,147.218929809747
INTERMEDIO,7550,133.50569732238628
INTERMEDIO,7551,144.56914602743348
INTERMEDIO,7552,148.23233424877844
INTERMEDIO,7553,167.20469149285526
INTERMEDIO,7554,138.54698803784913
INTERMEDIO,7555,155.8687571998399
INTERMEDIO,7556,136.41501997355485
INTERMEDIO,7557,157.6992884549079
INTERMEDIO,7558,146.718671626647
INTERMEDIO,7559,127.74172515715854
INTERMEDIO,7560,147.10472765967359
INTERMEDIO,7561,123.95328156494278
INTERMEDIO,7562,148.38918640044625
INTERMEDIO,7563,121.7531312168831
INTERMEDIO,7564,138.9702051980558
INTERMEDIO,7565,166.67548471425667
INTERMEDIO,7566,145.38278793262435
INTERMEDIO,7567,141.93279741865848
INTERMEDIO,7568,132.0221160965744
INTERMEDIO,7569,141.62288248694426
INTERMEDIO,7570,173.9924179862599
INTERMEDIO,7571,145.47314517283507
INTERMEDIO,7572,146.49756992394845
INTERMEDIO,7573,146.58582779350215
INTERMEDIO,7574,126.51294455535378
INTERMEDIO,7575,143.32764530143538
INTERMEDIO,7576,162.3779160129141
INTERMEDIO,7577,133.90177808802255
INTERMEDIO,7578,147.02801310309982
INTERMEDIO,7579,144.21844833315117
INTERMEDIO,7580,175.6046589300559
INTERMEDIO,7581,147.7200452238495
INTERMEDIO,7582,113.21478205682675
INTERMEDIO,7583,162.36573920528633
INTERMEDIO,7584,124.76823184694933
INTERMEDIO,7585,126.55322468636562
INTERMEDIO,7586,143.82663678997747
INTERMEDIO,7587,143.7026631021034
INTERMEDIO,7588,111.83442288422481
INTERMEDIO,7589,126.77627286646445
INTERMEDIO,7590,123.82079973850864
INTERMEDIO,7591,137.32795777683867
INTERMEDIO,7592,133.6757402165533
INTERMEDIO,7593,150.04532388990268
INTERMEDIO,7594,138.4191911430424
INTERMEDIO,7595,142.02539769516383
INTERMEDIO,7596,164.69473801466063
INTERMEDIO,7597,133.702842782055
INTERMEDIO,7598,122.4781675552143
INTERMEDIO,7599,140.41464218702015
INTERMEDIO,7600,137.50152764889
INTERMEDIO,7601,136.3283282562534
INTERMEDIO,7602,112.20528437127815
INTERMEDIO,7603,152.4911511804404
INTERMEDIO,7604,144.03812562263366
INTERMEDIO,7605,155.5644834027667
INTERMEDIO,7606,148.01451798215933
INTERMEDIO,7607,149.4673476136088
INTERMEDIO,7608,128.378537177977
INTERMEDIO,7609,172.4950076988465
INTERMEDIO,7610,121.45054668247546
INTERMEDIO,7611,133.76630964054482
INTERMEDIO,7612,150.7993031678181
INTERMEDIO,7613,158.31869056877144
INTERMEDIO,7614,145.35440608028918
INTERMEDIO,7615,127.54117205413688
INTERMEDIO,7616,148.55568959010003
INTERMEDIO,7617,124.03290628318544
INTERMEDIO,7618,115.14702874555543
INTERMEDIO,7619,122.82656218148722
INTERMEDIO,7620,143.5849890071906
INTERMEDIO,7621,95.49110450385221
INTERMEDIO,7622,142.98826860906112
INTERMEDIO,7623,146.83237261193608
INTERMEDIO,7624,152.64369667865515
INTERMEDIO,7625,121.45204217640546
INTERMEDIO,7626,168.8255612531511
INTERMEDIO,7627,151.3747381730425
INTERMEDIO,7628,155.9631402994776
INTERMEDIO,7629,113.04738854263253
INTERMEDIO,7630,126.59054013579934
INTERMEDIO,7631,151.41691001355963
INTERMEDIO,7632,126.66578846661727
INTERMEDIO,7633,135.86960458347667
INTERMEDIO,7634,139.95606466126839
INTERMEDIO,7635,134.23814054423488
INTERMEDIO,7636,130.12421887187784
INTERMEDIO,7637,122.20033503966758
INTERMEDIO,7638,135.6045757347785
INTERMEDIO,7639,125.85140059794887
INTERMEDIO,7640,141.31550668601676
INTERMEDIO,7641,121.7547259326235
INTERMEDIO,7642,159.68559668331062
INTERMEDIO,7643,148.49231518576926
INTERMEDIO,7644,135.16778751400673
INTERMEDIO,7645,138.95877582005335
INTERMEDIO,7646,144.62514966333805
INTERMEDIO,7647,142.6786683172326
INTERMEDIO,7648,121.57223500295432
INTERMEDIO,7649,160.48272839690935
INTERMEDIO,7650,146.69384018261894
INTERMEDIO,7651,136.1242711862298
INTERMEDIO,7652,124.81672133719387
INTERMEDIO,7653,144.75278613552797
INTERMEDIO,7654,118.08502663245807
INTERMEDIO,7655,150.46197918726386
INTERMEDIO,7656,152.13920983267712
INTERMEDIO,7657,115.7423980177494
INTERMEDIO,7658,120.73004133260049
INTERMEDIO,7659,149.75120115336276
INTERMEDIO,7660,119.69570521143727
INTERMEDIO,7661,143.57484648731855
INTERMEDIO,7662,119.03369081454815
INTERMEDIO,7663,141.86058176679558
INTERMEDIO,7664,143.30797247895663
INTERMEDIO,7665,158.17843483373204
INTERMEDIO,7666,147.91996722283022
INTERMEDIO,7667,138.2399150712049
INTERMEDIO,7668,126.5587602663727
INTERMEDIO,7669,137.31877711003662
INTERMEDIO,7670,134.7429652843294
INTERMEDIO,7671,122.55108678043624
INTERMEDIO,7672,118.64297289492633
INTERMEDIO,7673,134.07246157762356
INTERMEDIO,7674,147.36419993464804
INTERMEDIO,7675,161.89894353355214
INTERMEDIO,7676,119.01084358048509
INTERMEDIO,7677,142.28795885161443
INTERMEDIO,7678,131.39579823857818
INTERMEDIO,7679,118.59882715156573
INTERMEDIO,7680,130.12041651570993
INTERMEDIO,7681,135.61272166326486
INTERMEDIO,7682,121.3837189133863
INTERMEDIO,7683,121.22580444189457
INTERMEDIO,7684,128.99206179619438
INTERMEDIO,7685,155.06397589665943
INTERMEDIO,7686,126.40477160531962
INTERMEDIO,7687,147.44732142623548
INTERMEDIO,7688,141.37875948255783
INTERMEDIO,7689,149.00089198786316
INTERMEDIO,7690,134.1120277142881
INTERMEDIO,7691,151.24921333704566
INTERMEDIO,7692,109.94379808091118
INTERMEDIO,7693,146.74718263281855
INTERMEDIO,7694,141.02125382015504
INTERMEDIO,7695,132.2745849848051
INTERMEDIO,7696,130.71335783757246
INTERMEDIO,7697,141.20080853206372
INTERMEDIO,7698,169.3731920188702
INTERMEDIO,7699,104.5125804844681
INTERMEDIO,7700,124.52047846589116
INTERMEDIO,7701,131.73407458900226
INTERMEDIO,7702,144.9651531705575
INTERMEDIO,7703,110.84603101470861
INTERMEDIO,7704,151.8487215113287
INTERMEDIO,7705,147.75914036521883
INTERMEDIO,7706,108.83328197957479
INTERMEDIO,7707,139.87436861428307
INTERMEDIO,7708,161.3673120007001
INTERMEDIO,7709,130.67917007373384
INTERMEDIO,7710,155.51995484517104
INTERMEDIO,7711,136.32376766299754
INTERMEDIO,7712,134.00516100777338
INTERMEDIO,7713,162.01433611732617
INTERMEDIO,7714,161.41503716646676
INTERMEDIO,7715,137.17092905321445
INTERMEDIO,7716,125.83427824901007
INTERMEDIO,7717,155.42914821446072
INTERMEDIO,7718,135.60538875546297
INTERMEDIO,7719,136.75538235190305
INTERMEDIO,7720,131.332939277999
INTERMEDIO,7721,140.27598160170817
INTERMEDIO,7722,157.15870404543986
INTERMEDIO,7723,103.93489689794411
INTERMEDIO,7724,135.28685931532627
INTERMEDIO,7725,151.12137715234644
INTERMEDIO,7726,139.233418813383
INTERMEDIO,7727,147.82821625526864
INTERMEDIO,7728,150.9524787841756
INTERMEDIO,7729,134.62585323454016
INTERMEDIO,7730,152.21255350807695
INTERMEDIO,7731,128.97704511638526
INTERMEDIO,7732,149.3243475660467
INTERMEDIO,7733,139.59417863484032
INTERMEDIO,7734,144.14259533823167
INTERMEDIO,7735,162.08671653552184
INTERMEDIO,7736,109.92231869398256
INTERMEDIO,7737,138.14518613739372
INTERMEDIO,7738,149.1190081922013
INTERMEDIO,7739,152.73266088795083
INTERMEDIO,7740,138.03719276741185
INTERMEDIO,7741,131.07118791153547
INTERMEDIO,7742,119.33571250665699
INTERMEDIO,7743,136.0533854811863
INTERMEDIO,7744,140.48244899380052
INTERMEDIO,7745,146.19180588087852
INTERMEDIO,7746,163.6547445765817
INTERMEDIO,7747,141.36929250300244
INTERMEDIO,7748,146.16800267783498
INTERMEDIO,7749,136.051908710618
INTERMEDIO,7750,139.36281841571386
INTERMEDIO,7751,123.2020253497924
INTERMEDIO,7752,142.57029210537868
INTERMEDIO,7753,121.43047019605174
INTERMEDIO,7754,132.51458485307037
INTERMEDIO,7755,136.0846775790601
INTERMEDIO,7756,148.256286162758
INTERMEDIO,7757,120.96264816068349
INTERMEDIO,7758,105.18756555158613
INTERMEDIO,7759,144.52590052761707
INTERMEDIO,7760,167.1074300361152
INTERMEDIO,7761,135.03915413180601
INTERMEDIO,7762,152.7595317132735
INTERMEDIO,7763,129.04070462674082
INTERMEDIO,7764,154.37331588386223
INTERMEDIO,7765,136.550774513171
INTERMEDIO,7766,119.35775690518828
INTERMEDIO,7767,133.33818765268327
INTERMEDIO,7768,134.26649115578465
INTERMEDIO,7769,135.4640155104398
INTERMEDIO,7770,136.1950122600562
INTERMEDIO,7771,131.6401443790452
INTERMEDIO,7772,133.4461195657166
INTERMEDIO,7773,132.36426689215511
INTERMEDIO,7774,141.24927331321692
INTERMEDIO,7775,138.4581170654442
INTERMEDIO,7776,146.6286762990394
INTERMEDIO,7777,155.7384801293892
INTERMEDIO,7778,120.99916855348349
INTERMEDIO,7779,132.67026012660497
INTERMEDIO,7780,120.92769571901115
INTERMEDIO,7781,128.64673025064212
INTERMEDIO,7782,131.14604271104977
INTERMEDIO,7783,135.2305115720538
INTERMEDIO,7784,147.24313447000432
INTERMEDIO,7785,127.85332382917159
INTERMEDIO,7786,139.2811390825702
INTERMEDIO,7787,126.86450486193901
INTERMEDIO,7788,143.41546504168448
INTERMEDIO,7789,142.35664343014312
INTERMEDIO,7790,150.17264467501604
INTERMEDIO,7791,137.52942018836393
INTERMEDIO,7792,126.343430299685
INTERMEDIO,7793,133.35278977041378
INTERMEDIO,7794,180.39439473382762
INTERMEDIO,7795,135.54784990892244
INTERMEDIO,7796,120.98195198652128
INTERMEDIO,7797,148.40826026803074
INTERMEDIO,7798,139.1979675894419
INTERMEDIO,7799,143.82582826666606
INTERMEDIO,7800,144.48322642180028
INTERMEDIO,7801,138.15433161834358
INTERMEDIO,7802,133.50962026042706
INTERMEDIO,7803,134.7125754281881
INTERMEDIO,7804,129.2065403360207
INTERMEDIO,7805,105.98238357947275
INTERMEDIO,7806,175.2481731353912
INTERMEDIO,7807,148.36522270882256
INTERMEDIO,7808,144.0045967173202
INTERMEDIO,7809,149.37848510140347
INTERMEDIO,7810,158.40780213386572
INTERMEDIO,7811,127.81697693364293
INTERMEDIO,7812,131.00537360374187
INTERMEDIO,7813,125.78672479551616
INTERMEDIO,7814,125.27598972910283
INTERMEDIO,7815,121.06836669226222
INTERMEDIO,7816,130.8150755664483
INTERMEDIO,7817,156.4226102590235
INTERMEDIO,7818,121.4830097100625
INTERMEDIO,7819,154.0312648207507
INTERMEDIO,7820,148.27803369649087
INTERMEDIO,7821,151.19892381237935
INTERMEDIO,7822,127.05308072217491
INTERMEDIO,7823,134.85121692973667
INTERMEDIO,7824,137.39593473202868
INTERMEDIO,7825,132.26614514634082
INTERMEDIO,7826,129.8706272206407
INTERMEDIO,7827,141.09414772331004
INTERMEDIO,7828,142.20895189401205
INTERMEDIO,7829,149.5403658518697
INTERMEDIO,7830,122.41698214065487
INTERMEDIO,7831,153.9448583162834
INTERMEDIO,7832,135.81587214953663
INTERMEDIO,7833,156.24545252465728
INTERMEDIO,7834,135.33849767450974
INTERMEDIO,7835,128.8549342333062
INTERMEDIO,7836,140.74723740593578
INTERMEDIO,7837,130.0849853214301
INTERMEDIO,7838,142.09360636577728
INTERMEDIO,7839,129.80816297441544
INTERMEDIO,7840,100.90822385808151
INTERMEDIO,7841,127.45755175127246
INTERMEDIO,7842,127.942338221943
INTERMEDIO,7843,125.05468995120617
INTERMEDIO,7844,141.03170441693948
INTERMEDIO,7845,131.5407403646061
INTERMEDIO,7846,125.55995673420415
INTERMEDIO,7847,137.28029915631834
INTERMEDIO,7848,105.47642888269547
INTERMEDIO,7849,125.47419687613807
INTERMEDIO,7850,143.96108355576666
INTERMEDIO,7851,157.05534012287094
INTERMEDIO,7852,121.76701849587326
INTERMEDIO,7853,171.99836600083256
INTERMEDIO,7854,121.82049749015088
INTERMEDIO,7855,140.20336506232687
INTERMEDIO,7856,135.78699891276236
INTERMEDIO,7857,153.03691752763132
INTERMEDIO,7858,153.6449988411922
INTERMEDIO,7859,143.5140891660647
INTERMEDIO,7860,166.1020820294684
INTERMEDIO,7861,139.6579715651986
INTERMEDIO,7862,143.8894064136542
INTERMEDIO,7863,132.26555796680566
INTERMEDIO,7864,172.44903620724844
INTERMEDIO,7865,165.38650834340478
INTERMEDIO,7866,150.9247530591979
INTERMEDIO,7867,118.04324597096071
INTERMEDIO,7868,108.76944145830255
INTERMEDIO,7869,121.06475026899885
INTERMEDIO,7870,122.90726509045913
INTERMEDIO,7871,139.3957244328509
INTERMEDIO,7872,132.6549352951862
INTERMEDIO,7873,146.21392168587013
INTERMEDIO,7874,146.7592679053846
INTERMEDIO,7875,141.74071826194393
INTERMEDIO,7876,133.59196886143275
INTERMEDIO,7877,135.98472285154705
INTERMEDIO,7878,129.7052368670548
INTERMEDIO,7879,114.20297867717065
INTERMEDIO,7880,126.61726957552432
INTERMEDIO,7881,135.12329159735546
INTERMEDIO,7882,140.7233599478538
INTERMEDIO,7883,133.16985599417296
INTERMEDIO,7884,143.92215471739902
INTERMEDIO,7885,130.0520055900722
INTERMEDIO,7886,132.2399537017911
INTERMEDIO,7887,112.8324320113216
INTERMEDIO,7888,149.8429694929042
INTERMEDIO,7889,152.61539436359647
INTERMEDIO,7890,135.6781988089357
INTERMEDIO,7891,135.2074271674308
INTERMEDIO,7892,125.49171865725867
INTERMEDIO,7893,139.1123466535083
INTERMEDIO,7894,116.65003441407164
INTERMEDIO,7895,142.68886961085116
INTERMEDIO,7896,152.60113299236528
INTERMEDIO,7897,135.03153554491718
INTERMEDIO,7898,138.56642962764485
INTERMEDIO,7899,167.47068548739878
INTERMEDIO,7900,140.61671571838937
INTERMEDIO,7901,143.25589949714217
INTERMEDIO,7902,153.87589223868176
INTERMEDIO,7903,132.73366475689804
INTERMEDIO,7904,137.78752647198672
INTERMEDIO,7905,126.10924583548902
INTERMEDIO,7906,130.40425763804467
INTERMEDIO,7907,139.7913315038549
INTERMEDIO,7908,138.26925416691185
INTERMEDIO,7909,134.4024273617056
INTERMEDIO,7910,111.95122465245421
INTERMEDIO,7911,127.7979005610844
INTERMEDIO,7912,148.2604158476061
INTERMEDIO,7913,138.4865318798425
INTERMEDIO,7914,118.97164962193467
INTERMEDIO,7915,152.63791944158052
INTERMEDIO,7916,120.4526148737537
INTERMEDIO,7917,160.4568144649404
INTERMEDIO,7918,135.4417329671373
INTERMEDIO,7919,141.12098259610033
INTERMEDIO,7920,120.02032522750275
INTERMEDIO,7921,143.4445865523475
INTERMEDIO,7922,134.85042397506578
INTERMEDIO,7923,119.96540108846568
INTERMEDIO,7924,133.85328322839345
INTERMEDIO,7925,164.4730105047219
INTERMEDIO,7926,173.75277898263928
INTERMEDIO,7927,127.07094424684686
INTERMEDIO,7928,123.97166278967822
INTERMEDIO,7929,129.07004198665427
INTERMEDIO,7930,139.18938026924533
INTERMEDIO,7931,141.05583786498138
INTERMEDIO,7932,144.5806704801366
INTERMEDIO,7933,128.12774568210295
INTERMEDIO,7934,134.25571459012428
INTERMEDIO,7935,132.52085525520616
INTERMEDIO,7936,172.39572829103602
INTERMEDIO,7937,132.61091699919677
INTERMEDIO,7938,138.72692681970005
INTERMEDIO,7939,112.6446783773351
INTERMEDIO,7940,148.28598342317568
INTERMEDIO,7941,103.67989537770383
INTERMEDIO,7942,147.60601015034763
INTERMEDIO,7943,124.92353593201884
INTERMEDIO,7944,119.76797722324149
INTERMEDIO,7945,170.54788162654106
INTERMEDIO,7946,146.34807766163706
INTERMEDIO,7947,136.3481505528321
INTERMEDIO,7948,126.03500846505891
INTERMEDIO,7949,163.67319723494685
INTERMEDIO,7950,141.51880152418272
INTERMEDIO,7951,131.088634653594
INTERMEDIO,7952,145.7897350198907
INTERMEDIO,7953,164.62876050597606
INTERMEDIO,7954,133.3731949186211
INTERMEDIO,7955,122.14499938758235
INTERMEDIO,7956,146.96632628456715
INTERMEDIO,7957,177.57002544399356
INTERMEDIO,7958,141.20256293846302
INTERMEDIO,7959,135.8233391339231
INTERMEDIO,7960,142.4408088939579
INTERMEDIO,7961,130.96576060409015
INTERMEDIO,7962,124.14608510125332
INTERMEDIO,7963,143.08292685421128
INTERMEDIO,7964,126.99767910825966
INTERMEDIO,7965,143.2818967848324
INTERMEDIO,7966,150.96394095195052
INTERMEDIO,7967,135.45009576755055
INTERMEDIO,7968,119.83338277652602
INTERMEDIO,7969,145.51641504373075
INTERMEDIO,7970,153.8274205585331
INTERMEDIO,7971,156.29729521180016
INTERMEDIO,7972,130.7630046924549
INTERMEDIO,7973,160.07708113180274
INTERMEDIO,7974,126.12972727403516
INTERMEDIO,7975,145.8909452374551
INTERMEDIO,7976,155.76143513569437
INTERMEDIO,7977,137.12274237065307
INTERMEDIO,7978,140.04720574789476
INTERMEDIO,7979,131.9436382611102
INTERMEDIO,7980,163.96099485111745
INTERMEDIO,7981,160.17437496085975
INTERMEDIO,7982,115.98391448186742
INTERMEDIO,7983,133.37029441718275
INTERMEDIO,7984,146.8572815492124
INTERMEDIO,7985,133.20695992273704
INTERMEDIO,7986,133.8115292152433
INTERMEDIO,7987,145.1750678656959
INTERMEDIO,7988,144.61519348864712
INTERMEDIO,7989,120.22683486873117
INTERMEDIO,7990,127.8292493604495
INTERMEDIO,7991,148.78805542805307
INTERMEDIO,7992,176.7454076125337
INTERMEDIO,7993,149.85569845735014
INTERMEDIO,7994,138.20892739216944
INTERMEDIO,7995,161.59388874350535
INTERMEDIO,7996,157.90284639374934
INTERMEDIO,7997,145.7840796066782
INTERMEDIO,7998,157.17831618274386
INTERMEDIO,7999,155.97043845587706
INTERMEDIO,8000,142.6870702814999
INTERMEDIO,8001,160.26081630741933
INTERMEDIO,8002,128.90552439751565
INTERMEDIO,8003,134.91541363800255
INTERMEDIO,8004,168.35179860719606
INTERMEDIO,8005,125.79696949975545
INTERMEDIO,8006,137.01844737730266
INTERMEDIO,8007,148.27502902647706
INTERMEDIO,8008,162.39556034847672
INTERMEDIO,8009,149.9446714474735
INTERMEDIO,8010,148.48468685694775
INTERMEDIO,8011,138.94285592379015
INTERMEDIO,8012,138.4374727755994
INTERMEDIO,8013,141.09295611689973
INTERMEDIO,8014,121.04557783816188
INTERMEDIO,8015,138.04634584458876
INTERMEDIO,8016,127.24472306480365
INTERMEDIO,8017,147.21408464700187
INTERMEDIO,8018,136.29713618135617
INTERMEDIO,8019,158.74216601695395
INTERMEDIO,8020,143.87748625348377
INTERMEDIO,8021,141.2717059717705
INTERMEDIO,8022,135.91237729834307
INTERMEDIO,8023,129.24701870782056
INTERMEDIO,8024,149.24130724012986
INTERMEDIO,8025,138.39009900035637
INTERMEDIO,8026,141.7639715362554
INTERMEDIO,8027,123.52775732167281
INTERMEDIO,8028,145.30872389071345
INTERMEDIO,8029,132.13930146055023
INTERMEDIO,8030,149.50417185742782
INTERMEDIO,8031,123.2956917991699
INTERMEDIO,8032,155.8054671123322
INTERMEDIO,8033,112.32302930522087
INTERMEDIO,8034,142.11617225715295
INTERMEDIO,8035,135.6598794060262
INTERMEDIO,8036,117.48705982948597
INTERMEDIO,8037,126.46010595515266
INTERMEDIO,8038,113.01448229177566
INTERMEDIO,8039,142.3777661337003
INTERMEDIO,8040,112.73194519452011
INTERMEDIO,8041,136.68186788511875
INTERMEDIO,8042,134.38260564546226
INTERMEDIO,8043,146.08899715834727
INTERMEDIO,8044,149.40181757740132
INTERMEDIO,8045,139.60558324235137
INTERMEDIO,8046,174.1307086729825
INTERMEDIO,8047,163.0580466645054
INTERMEDIO,8048,129.08825647574537
INTERMEDIO,8049,122.87053124236351
INTERMEDIO,8050,153.84683800697755
INTERMEDIO,8051,141.4174317038144
INTERMEDIO,8052,155.44042157005254
INTERMEDIO,8053,140.97816903305534
INTERMEDIO,8054,145.30069492361955
INTERMEDIO,8055,141.14778886192488
INTERMEDIO,8056,135.86483542670737
INTERMEDIO,8057,147.67015812678412
INTERMEDIO,8058,137.73294337881435
INTERMEDIO,8059,153.01343433152132
INTERMEDIO,8060,123.62660300208552
INTERMEDIO,8061,149.27240845788947
INTERMEDIO,8062,117.99770559179984
INTERMEDIO,8063,134.059574161308
INTERMEDIO,8064,142.90811613390622
INTERMEDIO,8065,131.05219850944914
INTERMEDIO,8066,112.14615735792506
INTERMEDIO,8067,144.47268222912172
INTERMEDIO,8068,133.08057122742264
INTERMEDIO,8069,140.14928740276238
INTERMEDIO,8070,142.88806496996412
INTERMEDIO,8071,139.71963302053797
INTERMEDIO,8072,143.9631355199154
INTERMEDIO,8073,131.14578423788578
INTERMEDIO,8074,126.88995110094116
INTERMEDIO,8075,161.34832420881293
INTERMEDIO,8076,127.82850046346242
INTERMEDIO,8077,118.83584750813527
INTERMEDIO,8078,123.206789095792
INTERMEDIO,8079,161.66469301466364
INTERMEDIO,8080,111.77069114771899
INTERMEDIO,8081,148.3795451647398
INTERMEDIO,8082,130.89048213783173
INTERMEDIO,8083,142.17361212217986
INTERMEDIO,8084,139.45480394263456
INTERMEDIO,8085,128.9826477344719
INTERMEDIO,8086,132.53197674038995
INTERMEDIO,8087,120.03767248496797
INTERMEDIO,8088,138.75892378041874
INTERMEDIO,8089,108.02328587421718
INTERMEDIO,8090,134.65093845267575
INTERMEDIO,8091,145.59296893541512
INTERMEDIO,8092,132.10366702736752
INTERMEDIO,8093,135.50352888081383
INTERMEDIO,8094,158.75570095929018
INTERMEDIO,8095,139.97559472078342
INTERMEDIO,8096,145.29835366619935
INTERMEDIO,8097,119.94813715403
INTERMEDIO,8098,143.57016829147048
INTERMEDIO,8099,134.59150698047753
INTERMEDIO,8100,159.69745309425758
INTERMEDIO,8101,128.1373922325214
INTERMEDIO,8102,105.17689203515594
INTERMEDIO,8103,112.99899372337798
INTERMEDIO,8104,146.3455339749601
INTERMEDIO,8105,132.3435865613373
INTERMEDIO,8106,141.41447863433604
INTERMEDIO,8107,137.27418527642988
INTERMEDIO,8108,129.40641839617717
INTERMEDIO,8109,153.18023265476054
INTERMEDIO,8110,129.55271529733636
INTERMEDIO,8111,144.13730274837883
INTERMEDIO,8112,140.8308446248611
INTERMEDIO,8113,151.59236629046535
INTERMEDIO,8114,132.43209504045365
INTERMEDIO,8115,118.29705892249913
INTERMEDIO,8116,138.68078771430712
INTERMEDIO,8117,157.63158935812595
INTERMEDIO,8118,151.00178644319925
INTERMEDIO,8119,145.69467203059168
INTERMEDIO,8120,136.6893024251227
INTERMEDIO,8121,142.65513431575314
INTERMEDIO,8122,141.65255689115247
INTERMEDIO,8123,137.52237037182783
INTERMEDIO,8124,154.66397275861263
INTERMEDIO,8125,176.5079216740088
INTERMEDIO,8126,135.79268526323796
INTERMEDIO,8127,140.9478380164245
INTERMEDIO,8128,132.4080230863416
INTERMEDIO,8129,130.1653479896089
INTERMEDIO,8130,123.84529638235736
INTERMEDIO,8131,134.6825997507222
INTERMEDIO,8132,137.35084578117977
INTERMEDIO,8133,151.7091894819053
INTERMEDIO,8134,126.31313760220675
INTERMEDIO,8135,164.4103912533348
INTERMEDIO,8136,154.31070308838628
INTERMEDIO,8137,157.93553718909297
INTERMEDIO,8138,133.66080309668283
INTERMEDIO,8139,142.80838958159032
INTERMEDIO,8140,141.6121485574326
INTERMEDIO,8141,128.2931179447871
INTERMEDIO,8142,140.79075110687631
INTERMEDIO,8143,151.46166281254315
INTERMEDIO,8144,151.03873655156957
INTERMEDIO,8145,153.21025057566683
INTERMEDIO,8146,163.4805235398564
INTERMEDIO,8147,109.9479607489297
INTERMEDIO,8148,154.32438059565098
INTERMEDIO,8149,140.05926878958826
INTERMEDIO,8150,145.47844462499998
INTERMEDIO,8151,132.4017422865378
INTERMEDIO,8152,146.69492936930254
INTERMEDIO,8153,124.31105353017963
INTERMEDIO,8154,142.04162958945494
INTERMEDIO,8155,130.85484342115166
INTERMEDIO,8156,112.4722987841699
INTERMEDIO,8157,149.2247057814276
INTERMEDIO,8158,130.42754863973005
INTERMEDIO,8159,120.87671582621942
INTERMEDIO,8160,127.25239983065912
INTERMEDIO,8161,158.14929648233294
INTERMEDIO,8162,144.6711364656674
INTERMEDIO,8163,114.87399878880433
INTERMEDIO,8164,126.65513389475382
INTERMEDIO,8165,146.31023465934717
INTERMEDIO,8166,117.96383670565379
INTERMEDIO,8167,114.6412372914315
INTERMEDIO,8168,135.2673705699459
INTERMEDIO,8169,147.95957827361758
INTERMEDIO,8170,146.37101414223247
INTERMEDIO,8171,108.78659034187285
INTERMEDIO,8172,152.70541669385113
INTERMEDIO,8173,137.59812094128355
INTERMEDIO,8174,132.13631401512154
INTERMEDIO,8175,129.06385680350667
INTERMEDIO,8176,119.62891116680977
INTERMEDIO,8177,154.2090534945962
INTERMEDIO,8178,156.5763998999011
INTERMEDIO,8179,127.59643567665059
INTERMEDIO,8180,167.8747002315601
INTERMEDIO,8181,146.8004154594238
INTERMEDIO,8182,130.92566332245937
INTERMEDIO,8183,137.59853380953882
INTERMEDIO,8184,145.9652031369149
INTERMEDIO,8185,138.83525685215074
INTERMEDIO,8186,111.33811083270575
INTERMEDIO,8187,149.6680686423089
INTERMEDIO,8188,161.37311214731068
INTERMEDIO,8189,110.89257575454643
INTERMEDIO,8190,141.20182958899244
INTERMEDIO,8191,173.29729928748415
INTERMEDIO,8192,156.0914094766733
INTERMEDIO,8193,153.15423835396555
INTERMEDIO,8194,130.89791311692645
INTERMEDIO,8195,144.36146752238656
INTERMEDIO,8196,121.86168979907173
INTERMEDIO,8197,157.66967073869898
INTERMEDIO,8198,146.08010797202448
INTERMEDIO,8199,146.2488189204613
INTERMEDIO,8200,131.363598593652
INTERMEDIO,8201,127.92678261544114
INTERMEDIO,8202,134.90225865356885
INTERMEDIO,8203,134.13824532578877
INTERMEDIO,8204,142.61286271338332
INTERMEDIO,8205,141.2417953825161
INTERMEDIO,8206,148.74986022008375
INTERMEDIO,8207,153.94534917277215
INTERMEDIO,8208,138.40948981320506
INTERMEDIO,8209,140.9388195974565
INTERMEDIO,8210,149.90993462560064
INTERMEDIO,8211,143.53549229219834
INTERMEDIO,8212,136.71447168538177
INTERMEDIO,8213,138.0862686611278
INTERMEDIO,8214,122.08983040197876
INTERMEDIO,8215,134.68158100495276
INTERMEDIO,8216,114.02188199530286
INTERMEDIO,8217,124.74816815614945
INTERMEDIO,8218,127.649151121305
INTERMEDIO,8219,132.5383245888919
INTERMEDIO,8220,129.0617602270511
INTERMEDIO,8221,149.09871097389706
INTERMEDIO,8222,153.15078009716115
INTERMEDIO,8223,145.4870940831242
INTERMEDIO,8224,143.43876450824044
INTERMEDIO,8225,141.76374463814565
INTERMEDIO,8226,151.25401396382665
INTERMEDIO,8227,133.53609687369604
INTERMEDIO,8228,145.86961995253816
INTERMEDIO,8229,135.34789198881316
INTERMEDIO,8230,111.15097464359104
INTERMEDIO,8231,149.54527370311942
INTERMEDIO,8232,144.90851716759792
INTERMEDIO,8233,143.98260109379837
INTERMEDIO,8234,101.99870442305105
INTERMEDIO,8235,123.95040817017039
INTERMEDIO,8236,151.48471455740568
INTERMEDIO,8237,121.72086460021373
INTERMEDIO,8238,165.7288367126068
INTERMEDIO,8239,122.34989700025562
INTERMEDIO,8240,112.4154572090306
INTERMEDIO,8241,139.14286977986123
INTERMEDIO,8242,146.06205024975839
INTERMEDIO,8243,128.79850184056593
INTERMEDIO,8244,142.55714960598036
INTERMEDIO,8245,151.6809667353313
INTERMEDIO,8246,135.9461900733048
INTERMEDIO,8247,147.90582384647342
INTERMEDIO,8248,136.00669029932914
INTERMEDIO,8249,137.75144990160538
INTERMEDIO,8250,130.19909996654405
INTERMEDIO,8251,127.19712551283821
INTERMEDIO,8252,128.21963960593007
INTERMEDIO,8253,143.76328826899237
INTERMEDIO,8254,123.77542235422202
INTERMEDIO,8255,167.68724017102468
INTERMEDIO,8256,145.34381452498272
INTERMEDIO,8257,134.6802552272313
INTERMEDIO,8258,120.83015420188633
INTERMEDIO,8259,115.77775640213397
INTERMEDIO,8260,125.53717671696633
INTERMEDIO,8261,148.73927184050729
INTERMEDIO,8262,154.27355607139896
INTERMEDIO,8263,159.79184231323615
INTERMEDIO,8264,113.39032716138703
INTERMEDIO,8265,163.57388458236898
INTERMEDIO,8266,113.13280360150674
INTERMEDIO,8267,141.19865033450742
INTERMEDIO,8268,139.02647082097775
INTERMEDIO,8269,131.48081729877953
INTERMEDIO,8270,151.940377034761
INTERMEDIO,8271,119.41503840940292
INTERMEDIO,8272,140.99653133640552
INTERMEDIO,8273,130.73797643875824
INTERMEDIO,8274,149.1391444620587
INTERMEDIO,8275,154.00972789897125
INTERMEDIO,8276,121.56239092487927
INTERMEDIO,8277,124.87057112150947
INTERMEDIO,8278,143.24780158205465
INTERMEDIO,8279,100.98800331713784
INTERMEDIO,8280,122.60039144168906
INTERMEDIO,8281,139.79271279129426
INTERMEDIO,8282,159.07892313649194
INTERMEDIO,8283,147.0382440601664
INTERMEDIO,8284,151.54020743568574
INTERMEDIO,8285,125.69969340818389
INTERMEDIO,8286,138.94859434484405
INTERMEDIO,8287,143.07371614659093
INTERMEDIO,8288,127.49848644780207
INTERMEDIO,8289,144.44880218134438
INTERMEDIO,8290,145.6770378851512
INTERMEDIO,8291,142.65074306727354
INTERMEDIO,8292,141.07777486038978
INTERMEDIO,8293,140.04367570702752
INTERMEDIO,8294,140.81769593734444
INTERMEDIO,8295,135.27714731455723
INTERMEDIO,8296,141.43694862517665
INTERMEDIO,8297,149.37464148417837
INTERMEDIO,8298,104.79224878909615
INTERMEDIO,8299,150.3711655890674
INTERMEDIO,8300,150.89863083574028
INTERMEDIO,8301,138.822881147507
INTERMEDIO,8302,132.83629249417567
INTERMEDIO,8303,111.30309494082621
INTERMEDIO,8304,166.3663196650119
INTERMEDIO,8305,143.18769660155502
INTERMEDIO,8306,168.24314084285453
INTERMEDIO,8307,140.2273249382294
INTERMEDIO,8308,114.68002716690211
INTERMEDIO,8309,140.1209717429202
INTERMEDIO,8310,167.63786525739664
INTERMEDIO,8311,131.59867312656354
INTERMEDIO,8312,155.41115475886247
INTERMEDIO,8313,132.29524443943583
INTERMEDIO,8314,129.10568097199945
INTERMEDIO,8315,147.05768738011966
INTERMEDIO,8316,165.20658313536725
INTERMEDIO,8317,108.1962413872772
INTERMEDIO,8318,142.9499640426835
INTERMEDIO,8319,149.73319163390408
INTERMEDIO,8320,144.9354914323286
INTERMEDIO,8321,128.3480803403584
INTERMEDIO,8322,124.63056600762258
INTERMEDIO,8323,132.35394902061608
INTERMEDIO,8324,142.67902442831803
INTERMEDIO,8325,130.19467831806818
INTERMEDIO,8326,151.68550405509816
INTERMEDIO,8327,138.7988646008073
INTERMEDIO,8328,148.64473162976873
INTERMEDIO,8329,136.63226979185862
INTERMEDIO,8330,140.96948105861884
INTERMEDIO,8331,141.5806905042724
INTERMEDIO,8332,143.33697671705153
INTERMEDIO,8333,129.84883170360698
INTERMEDIO,8334,132.9892635032318
INTERMEDIO,8335,141.3570871986774
INTERMEDIO,8336,141.02879990297197
INTERMEDIO,8337,122.35979976882905
INTERMEDIO,8338,188.94015632890478
INTERMEDIO,8339,129.69455860896505
INTERMEDIO,8340,143.85270916610364
INTERMEDIO,8341,133.87349747486923
INTERMEDIO,8342,132.16384272330475
INTERMEDIO,8343,123.50641874873587
INTERMEDIO,8344,156.11706709437442
INTERMEDIO,8345,137.12445746358813
INTERMEDIO,8346,147.0966482159516
INTERMEDIO,8347,153.8936843866359
INTERMEDIO,8348,142.31541192298894
INTERMEDIO,8349,142.4074033559324
INTERMEDIO,8350,129.3278965039522
INTERMEDIO,8351,122.4957842103774
INTERMEDIO,8352,113.65182181610135
INTERMEDIO,8353,128.91055416881315
INTERMEDIO,8354,156.21265478512294
INTERMEDIO,8355,129.11481987802318
INTERMEDIO,8356,128.54820832820548
INTERMEDIO,8357,159.11649537804453
INTERMEDIO,8358,158.52424681944547
INTERMEDIO,8359,134.14129887447965
INTERMEDIO,8360,156.27634888264933
INTERMEDIO,8361,134.4041021617038
INTERMEDIO,8362,136.04147489045636
INTERMEDIO,8363,149.45356694846194
INTERMEDIO,8364,127.2218801703631
INTERMEDIO,8365,154.9723808483218
INTERMEDIO,8366,144.92030017778396
INTERMEDIO,8367,149.41958078056174
INTERMEDIO,8368,117.84874792187185
INTERMEDIO,8369,132.14494282032757
INTERMEDIO,8370,124.41794658960914
INTERMEDIO,8371,135.07904886255778
INTERMEDIO,8372,148.48077534448896
INTERMEDIO,8373,136.7340768267403
INTERMEDIO,8374,133.85420025172849
INTERMEDIO,8375,120.93579487803505
INTERMEDIO,8376,144.24602710813764
INTERMEDIO,8377,161.05594297591935
INTERMEDIO,8378,141.9077478129984
INTERMEDIO,8379,137.20183484908438
INTERMEDIO,8380,138.90117826639337
INTERMEDIO,8381,146.27904826470333
INTERMEDIO,8382,125.01180151311091
INTERMEDIO,8383,103.16670615933091
INTERMEDIO,8384,126.70298494506383
INTERMEDIO,8385,116.81315760719798
INTERMEDIO,8386,145.79707705736854
INTERMEDIO,8387,135.51079771921056
INTERMEDIO,8388,164.0758665896049
INTERMEDIO,8389,136.36358281130927
INTERMEDIO,8390,153.7568001275127
INTERMEDIO,8391,159.2992554082992
INTERMEDIO,8392,132.9918841015854
INTERMEDIO,8393,135.3090846057878
INTERMEDIO,8394,129.9976947411318
INTERMEDIO,8395,130.80496471245442
INTERMEDIO,8396,120.68703645858892
INTERMEDIO,8397,148.69680937791023
INTERMEDIO,8398,128.74795294036923
INTERMEDIO,8399,135.05910360100597
INTERMEDIO,8400,163.94528701866727
INTERMEDIO,8401,121.73960534329458
INTERMEDIO,8402,120.81453018888799
INTERMEDIO,8403,136.8347152857948
INTERMEDIO,8404,132.63655191148652
INTERMEDIO,8405,152.56565707345942
INTERMEDIO,8406,153.3543093295838
INTERMEDIO,8407,133.9768405795483
INTERMEDIO,8408,146.69197588000904
INTERMEDIO,8409,140.38949691821765
INTERMEDIO,8410,132.65687996745115
INTERMEDIO,8411,147.96881790810795
INTERMEDIO,8412,158.63590086087012
INTERMEDIO,8413,149.84057153281157
INTERMEDIO,8414,136.53019483838435
INTERMEDIO,8415,150.23908220892827
INTERMEDIO,8416,132.97039587436734
INTERMEDIO,8417,119.43004189306055
INTERMEDIO,8418,151.2746384438591
INTERMEDIO,8419,123.21166744717343
INTERMEDIO,8420,140.65556853259682
INTERMEDIO,8421,97.44597415081965
INTERMEDIO,8422,147.3905237933284
INTERMEDIO,8423,129.8263073456182
INTERMEDIO,8424,131.80933686028982
INTERMEDIO,8425,143.73543246594642
INTERMEDIO,8426,145.54203625069405
INTERMEDIO,8427,152.49358242340162
INTERMEDIO,8428,131.8164413938951
INTERMEDIO,8429,106.0643162740093
INTERMEDIO,8430,148.36372189202814
INTERMEDIO,8431,142.03342154378717
INTERMEDIO,8432,138.2712311249887
INTERMEDIO,8433,156.31835163957354
INTERMEDIO,8434,135.8955800868851
INTERMEDIO,8435,150.127438959538
INTERMEDIO,8436,140.35760380584108
INTERMEDIO,8437,168.24026629690889
INTERMEDIO,8438,132.05203288123826
INTERMEDIO,8439,138.13187733380568
INTERMEDIO,8440,146.0296160601515
INTERMEDIO,8441,139.27429118259835
INTERMEDIO,8442,125.9355192306519
INTERMEDIO,8443,131.59973278769147
INTERMEDIO,8444,130.72261160229834
INTERMEDIO,8445,128.09727794099595
INTERMEDIO,8446,129.3458042074713
INTERMEDIO,8447,153.1938882719359
INTERMEDIO,8448,144.96642516608222
INTERMEDIO,8449,174.8307843731737
INTERMEDIO,8450,127.17790614718011
INTERMEDIO,8451,138.43325417636422
INTERMEDIO,8452,134.12674327662913
INTERMEDIO,8453,116.96891886958787
INTERMEDIO,8454,161.48832656702245
INTERMEDIO,8455,129.40205586756682
INTERMEDIO,8456,128.2876316704514
INTERMEDIO,8457,157.42363405887824
INTERMEDIO,8458,139.04290678546099
INTERMEDIO,8459,148.9119875546389
INTERMEDIO,8460,146.21543111400075
INTERMEDIO,8461,132.74196775411502
INTERMEDIO,8462,132.9889066485482
INTERMEDIO,8463,108.76089067593183
INTERMEDIO,8464,154.40439045361077
INTERMEDIO,8465,131.5519390829141
INTERMEDIO,8466,144.80217277659406
INTERMEDIO,8467,128.92862048830793
INTERMEDIO,8468,133.99355316543483
INTERMEDIO,8469,134.9092414761948
INTERMEDIO,8470,139.12896419402148
INTERMEDIO,8471,108.8985866661924
INTERMEDIO,8472,145.8063295814566
INTERMEDIO,8473,157.8891672820772
INTERMEDIO,8474,147.2883408119621
INTERMEDIO,8475,130.38386679738855
INTERMEDIO,8476,123.45423309508348
INTERMEDIO,8477,129.86452132542314
INTERMEDIO,8478,139.13812754337667
INTERMEDIO,8479,120.14542751561684
INTERMEDIO,8480,132.15064727441154
INTERMEDIO,8481,143.46848367554801
INTERMEDIO,8482,177.39091031081327
INTERMEDIO,8483,136.8955703291574
INTERMEDIO,8484,120.19069229514335
INTERMEDIO,8485,162.31969677051103
INTERMEDIO,8486,143.23826152169994
INTERMEDIO,8487,154.97187898117107
INTERMEDIO,8488,129.29119646660808
INTERMEDIO,8489,147.06561503169257
INTERMEDIO,8490,150.16258695462056
INTERMEDIO,8491,113.83763937461937
INTERMEDIO,8492,124.52468054310242
INTERMEDIO,8493,119.5169865421475
INTERMEDIO,8494,147.45995243605495
INTERMEDIO,8495,162.04703194417436
INTERMEDIO,8496,144.12633273247937
INTERMEDIO,8497,148.42000717214034
INTERMEDIO,8498,133.7877341166663
INTERMEDIO,8499,128.3613804173481
INTERMEDIO,8500,159.46608001796
INTERMEDIO,8501,141.4124505837396
INTERMEDIO,8502,140.9473916044268
INTERMEDIO,8503,122.3025154896128
INTERMEDIO,8504,149.09160892837593
INTERMEDIO,8505,145.12458739804362
INTERMEDIO,8506,117.74872187752452
INTERMEDIO,8507,151.78375704159575
INTERMEDIO,8508,133.92835200618464
INTERMEDIO,8509,148.4322441555994
INTERMEDIO,8510,128.63153914533873
INTERMEDIO,8511,131.41388230541094
INTERMEDIO,8512,137.73528112248567
INTERMEDIO,8513,128.22302282298597
INTERMEDIO,8514,144.90177516825835
INTERMEDIO,8515,134.1489355601512
INTERMEDIO,8516,143.63190648535937
INTERMEDIO,8517,138.9691911918945
INTERMEDIO,8518,127.43919648725134
INTERMEDIO,8519,147.8344471391277
INTERMEDIO,8520,140.61192644094476
INTERMEDIO,8521,160.0549482228838
INTERMEDIO,8522,134.11952549961302
INTERMEDIO,8523,172.8599932448307
INTERMEDIO,8524,125.98883860322537
INTERMEDIO,8525,112.11000107325128
INTERMEDIO,8526,137.8142597478661
INTERMEDIO,8527,136.33324135406986
INTERMEDIO,8528,133.86588872083004
INTERMEDIO,8529,129.28850717407533
INTERMEDIO,8530,119.17048091587694
INTERMEDIO,8531,170.0429319678595
INTERMEDIO,8532,153.8530651293982
INTERMEDIO,8533,131.4411913244915
INTERMEDIO,8534,133.90293097524025
INTERMEDIO,8535,129.35241677221583
INTERMEDIO,8536,113.85546070099005
INTERMEDIO,8537,134.9537966472817
INTERMEDIO,8538,140.50486516612696
INTERMEDIO,8539,133.3039460511257
INTERMEDIO,8540,128.96633587618723
INTERMEDIO,8541,130.43795547490518
INTERMEDIO,8542,116.34191583899354
INTERMEDIO,8543,128.31046011687073
INTERMEDIO,8544,154.90583103302484
INTERMEDIO,8545,104.56573793451248
INTERMEDIO,8546,124.47705034304155
INTERMEDIO,8547,149.51738026494365
INTERMEDIO,8548,151.64071546212986
INTERMEDIO,8549,161.92590397773137
INTERMEDIO,8550,145.57450991611395
INTERMEDIO,8551,144.51345052599797
INTERMEDIO,8552,142.1283570863727
INTERMEDIO,8553,145.81163368928586
INTERMEDIO,8554,149.84076877544874
INTERMEDIO,8555,148.74826174935328
INTERMEDIO,8556,151.28740985164842
INTERMEDIO,8557,149.66766967111016
INTERMEDIO,8558,139.69887956669385
INTERMEDIO,8559,92.32871039995022
INTERMEDIO,8560,158.06108799344386
INTERMEDIO,8561,137.54498605711242
INTERMEDIO,8562,137.61241013246794
INTERMEDIO,8563,140.07792815600268
INTERMEDIO,8564,147.24571940164833
INTERMEDIO,8565,119.8750349635064
INTERMEDIO,8566,125.00324731623459
INTERMEDIO,8567,136.1578316878588
INTERMEDIO,8568,145.0595354104155
INTERMEDIO,8569,146.32879873100836
INTERMEDIO,8570,146.26816286415823
INTERMEDIO,8571,151.27506977355958
INTERMEDIO,8572,131.28840033416705
INTERMEDIO,8573,144.291666162187
INTERMEDIO,8574,144.22703844643465
INTERMEDIO,8575,149.81293366305195
INTERMEDIO,8576,142.47057883618078
INTERMEDIO,8577,147.7642315173664
INTERMEDIO,8578,170.7202039155007
INTERMEDIO,8579,133.967996901405
INTERMEDIO,8580,110.68943613997561
INTERMEDIO,8581,161.60829870259226
INTERMEDIO,8582,107.64551612608412
INTERMEDIO,8583,135.8126800791458
INTERMEDIO,8584,142.99746382952856
INTERMEDIO,8585,153.55724251039922
INTERMEDIO,8586,143.37543998976136
INTERMEDIO,8587,124.5991241536735
INTERMEDIO,8588,125.59927835131312
INTERMEDIO,8589,116.710367704541
INTERMEDIO,8590,134.53965127313808
INTERMEDIO,8591,147.59276365402062
INTERMEDIO,8592,129.63077721465322
INTERMEDIO,8593,123.42959894700923
INTERMEDIO,8594,141.46615269695124
INTERMEDIO,8595,122.85476248836704
INTERMEDIO,8596,145.4601026610724
INTERMEDIO,8597,142.7615338804382
INTERMEDIO,8598,165.2985765571199
INTERMEDIO,8599,149.02265715785683
INTERMEDIO,8600,160.51936134179553
INTERMEDIO,8601,134.44944693507077
INTERMEDIO,8602,142.3494022174283
INTERMEDIO,8603,153.72939202511733
INTERMEDIO,8604,112.45111857589755
INTERMEDIO,8605,132.85838319225047
INTERMEDIO,8606,132.52696608120766
INTERMEDIO,8607,132.19552948176826
INTERMEDIO,8608,128.2975959424071
INTERMEDIO,8609,149.75418119509445
INTERMEDIO,8610,120.3188907515808
INTERMEDIO,8611,139.6256299060277
INTERMEDIO,8612,134.8319794797498
INTERMEDIO,8613,127.22861145954695
INTERMEDIO,8614,142.96056219130722
INTERMEDIO,8615,127.86897395673093
INTERMEDIO,8616,149.80626339995015
INTERMEDIO,8617,135.43598103653653
INTERMEDIO,8618,133.7324038445944
INTERMEDIO,8619,140.69291889149875
INTERMEDIO,8620,177.604361023567
INTERMEDIO,8621,130.40263524289645
INTERMEDIO,8622,153.1514020280653
INTERMEDIO,8623,134.66339933624857
INTERMEDIO,8624,139.21992794543456
INTERMEDIO,8625,130.40459507701098
INTERMEDIO,8626,129.89564684821147
INTERMEDIO,8627,140.2396490200655
INTERMEDIO,8628,136.90309890162524
INTERMEDIO,8629,142.33736286164202
INTERMEDIO,8630,143.74130133934844
INTERMEDIO,8631,149.19887157730136
INTERMEDIO,8632,116.54278579257341
INTERMEDIO,8633,138.9678839812147
INTERMEDIO,8634,125.07789219640694
INTERMEDIO,8635,134.9384301163354
INTERMEDIO,8636,153.1657771001786
INTERMEDIO,8637,116.6533842925648
INTERMEDIO,8638,119.6752036670596
INTERMEDIO,8639,164.39575204597546
INTERMEDIO,8640,129.38040950785413
INTERMEDIO,8641,126.58175879152091
INTERMEDIO,8642,139.82050093459566
INTERMEDIO,8643,134.1455170157347
INTERMEDIO,8644,145.02500077692468
INTERMEDIO,8645,130.56394888929378
INTERMEDIO,8646,119.59621001829481
INTERMEDIO,8647,134.79482849367895
INTERMEDIO,8648,134.94027762856916
INTERMEDIO,8649,160.83827956887907
INTERMEDIO,8650,116.68179751062533
INTERMEDIO,8651,141.02976696706284
INTERMEDIO,8652,145.69902179962398
INTERMEDIO,8653,141.2252488134978
INTERMEDIO,8654,167.95159414813148
INTERMEDIO,8655,122.05033313513876
INTERMEDIO,8656,153.23479663818028
INTERMEDIO,8657,163.75518007139007
INTERMEDIO,8658,144.21238239798285
INTERMEDIO,8659,124.44005948079422
INTERMEDIO,8660,158.42565666307104
INTERMEDIO,8661,127.28343587013813
INTERMEDIO,8662,130.81995587512694
INTERMEDIO,8663,133.89800942297617
INTERMEDIO,8664,135.05679618210036
INTERMEDIO,8665,115.8853343613162
INTERMEDIO,8666,147.0497265794788
INTERMEDIO,8667,132.03994483170734
INTERMEDIO,8668,142.04082868929805
INTERMEDIO,8669,140.09927384308875
INTERMEDIO,8670,130.89136520311422
INTERMEDIO,8671,119.08143221561997
INTERMEDIO,8672,139.876960419019
INTERMEDIO,8673,137.1789385782812
INTERMEDIO,8674,127.93489281993003
INTERMEDIO,8675,131.643416904754
INTERMEDIO,8676,120.8570074042005
INTERMEDIO,8677,134.03149034909416
INTERMEDIO,8678,140.63467417522403
INTERMEDIO,8679,143.12834254222014
INTERMEDIO,8680,132.52714965278022
INTERMEDIO,8681,122.45930200460528
INTERMEDIO,8682,132.6980786332946
INTERMEDIO,8683,144.7350138509854
INTERMEDIO,8684,133.40579784504254
INTERMEDIO,8685,136.47552161021486
INTERMEDIO,8686,141.2615438638417
INTERMEDIO,8687,132.5247823127113
INTERMEDIO,8688,105.20122739990985
INTERMEDIO,8689,104.77376107451744
INTERMEDIO,8690,132.8148675620224
INTERMEDIO,8691,147.49009153190948
INTERMEDIO,8692,128.7739687821739
INTERMEDIO,8693,109.09609154926434
INTERMEDIO,8694,142.966351848074
INTERMEDIO,8695,142.8582993515312
INTERMEDIO,8696,148.43440497288202
INTERMEDIO,8697,134.69943460029398
INTERMEDIO,8698,146.50476839406983
INTERMEDIO,8699,133.55610496709903
INTERMEDIO,8700,138.30197312783682
INTERMEDIO,8701,163.50330771303987
INTERMEDIO,8702,135.260800602385
INTERMEDIO,8703,136.73486309592937
INTERMEDIO,8704,145.45583511955618
INTERMEDIO,8705,141.99343218075657
INTERMEDIO,8706,143.41578203916274
INTERMEDIO,8707,163.06504118358407
INTERMEDIO,8708,112.0721020855418
INTERMEDIO,8709,160.99301542881878
INTERMEDIO,8710,155.689378407197
INTERMEDIO,8711,153.3882688698199
INTERMEDIO,8712,148.2958826856221
INTERMEDIO,8713,135.1315597087442
INTERMEDIO,8714,118.40946221749684
INTERMEDIO,8715,158.13899365684014
INTERMEDIO,8716,145.89128018016063
INTERMEDIO,8717,128.39656725453477
INTERMEDIO,8718,144.44789542993243
INTERMEDIO,8719,152.91528656601994
INTERMEDIO,8720,136.21622709803168
INTERMEDIO,8721,120.85701251260625
INTERMEDIO,8722,121.36285627777437
INTERMEDIO,8723,113.15006319890534
INTERMEDIO,8724,148.7681328982339
INTERMEDIO,8725,119.88636942462898
INTERMEDIO,8726,160.68325840139292
INTERMEDIO,8727,142.22623888492606
INTERMEDIO,8728,108.1998629370035
INTERMEDIO,8729,160.60211531266404
INTERMEDIO,8730,151.76166915756644
INTERMEDIO,8731,136.674053593681
INTERMEDIO,8732,109.06221261989572
INTERMEDIO,8733,136.73357143820078
INTERMEDIO,8734,144.93985317102738
INTERMEDIO,8735,128.22325665579817
INTERMEDIO,8736,130.33041555349428
INTERMEDIO,8737,144.25694007181508
INTERMEDIO,8738,128.5471268823059
INTERMEDIO,8739,135.98686968290843
INTERMEDIO,8740,119.56341546795375
INTERMEDIO,8741,141.01100532528028
INTERMEDIO,8742,141.40977274772976
INTERMEDIO,8743,154.44009000338198
INTERMEDIO,8744,148.30632455803104
INTERMEDIO,8745,107.9265824245271
INTERMEDIO,8746,146.54948992351692
INTERMEDIO,8747,133.9720958262086
INTERMEDIO,8748,155.83940189371202
INTERMEDIO,8749,125.98387585218647
INTERMEDIO,8750,136.86578623801321
INTERMEDIO,8751,144.16256957452597
INTERMEDIO,8752,147.2465020500257
INTERMEDIO,8753,131.33482933232145
INTERMEDIO,8754,150.19812630629298
INTERMEDIO,8755,135.3620896316685
INTERMEDIO,8756,147.84729041659023
INTERMEDIO,8757,146.17702210971856
INTERMEDIO,8758,160.4260720671739
INTERMEDIO,8759,128.239471489479
INTERMEDIO,8760,133.45503718271448
INTERMEDIO,8761,166.27112206331714
INTERMEDIO,8762,120.83505944225583
INTERMEDIO,8763,140.54403738333414
INTERMEDIO,8764,161.80790390824166
INTERMEDIO,8765,153.1499923699421
INTERMEDIO,8766,116.43480654738991
INTERMEDIO,8767,146.77804854552795
INTERMEDIO,8768,140.75510842325863
INTERMEDIO,8769,144.60527331655797
INTERMEDIO,8770,146.1013018264094
INTERMEDIO,8771,121.59919828401199
INTERMEDIO,8772,140.34075540830295
INTERMEDIO,8773,143.0706009431662
INTERMEDIO,8774,122.49240540858298
INTERMEDIO,8775,151.46414077103697
INTERMEDIO,8776,119.92300340134183
INTERMEDIO,8777,135.02783133896693
INTERMEDIO,8778,128.75456849407408
INTERMEDIO,8779,132.4952047048031
INTERMEDIO,8780,139.90609522585905
INTERMEDIO,8781,109.03351265364297
INTERMEDIO,8782,145.26047849272433
INTERMEDIO,8783,152.3506273302024
INTERMEDIO,8784,136.97883641446086
INTERMEDIO,8785,141.41705161193894
INTERMEDIO,8786,141.7482707007378
INTERMEDIO,8787,140.0196861980802
INTERMEDIO,8788,150.47747526171332
INTERMEDIO,8789,136.40118476703617
INTERMEDIO,8790,134.50438973197586
INTERMEDIO,8791,147.7174496655218
INTERMEDIO,8792,149.37833160933386
INTERMEDIO,8793,128.64275058723305
INTERMEDIO,8794,112.59513068267007
INTERMEDIO,8795,147.78278897529816
INTERMEDIO,8796,114.8824600804138
INTERMEDIO,8797,132.51756876417508
INTERMEDIO,8798,154.5429136883146
INTERMEDIO,8799,145.26152150136966
INTERMEDIO,8800,133.93276131574308
INTERMEDIO,8801,134.50264949413682
INTERMEDIO,8802,143.89583266652437
INTERMEDIO,8803,140.7821922622109
INTERMEDIO,8804,144.0171428283202
INTERMEDIO,8805,132.6207389386836
INTERMEDIO,8806,154.1752142415191
INTERMEDIO,8807,129.27359124192438
INTERMEDIO,8808,144.27537947286731
INTERMEDIO,8809,133.11034023637058
INTERMEDIO,8810,151.15927191640614
INTERMEDIO,8811,167.28208367725534
INTERMEDIO,8812,134.7510707044698
INTERMEDIO,8813,138.03497059541976
INTERMEDIO,8814,149.04181116931602
INTERMEDIO,8815,152.03085651814197
INTERMEDIO,8816,154.4087546619258
INTERMEDIO,8817,141.19096805663406
INTERMEDIO,8818,125.2097312262189
INTERMEDIO,8819,121.63494185972897
INTERMEDIO,8820,113.84156648413122
INTERMEDIO,8821,148.44754224382257
INTERMEDIO,8822,140.14718206526186
INTERMEDIO,8823,136.5783001992845
INTERMEDIO,8824,135.03846808059035
INTERMEDIO,8825,150.74408781532773
INTERMEDIO,8826,155.20395090067106
INTERMEDIO,8827,135.8776616233504
INTERMEDIO,8828,142.25042113843472
INTERMEDIO,8829,146.97429422615923
INTERMEDIO,8830,135.11497135290315
INTERMEDIO,8831,139.4982544529226
INTERMEDIO,8832,128.04043369781326
INTERMEDIO,8833,137.86465463871284
INTERMEDIO,8834,145.86393363346338
INTERMEDIO,8835,134.01982621518752
INTERMEDIO,8836,130.2335243078193
INTERMEDIO,8837,117.11908782572473
INTERMEDIO,8838,129.58090283470352
INTERMEDIO,8839,123.06521271192074
INTERMEDIO,8840,146.43856754343886
INTERMEDIO,8841,147.78402964036871
INTERMEDIO,8842,135.54673885481134
INTERMEDIO,8843,110.98803085131048
INTERMEDIO,8844,131.00439213392372
INTERMEDIO,8845,125.92323359163862
INTERMEDIO,8846,129.79047114870548
INTERMEDIO,8847,139.00676426197285
INTERMEDIO,8848,136.13976066642144
INTERMEDIO,8849,149.451488977124
INTERMEDIO,8850,135.0749038083489
INTERMEDIO,8851,154.43230938622625
INTERMEDIO,8852,112.92039423807009
INTERMEDIO,8853,148.25776349233215
INTERMEDIO,8854,123.87776513445857
INTERMEDIO,8855,130.66079669014297
INTERMEDIO,8856,133.94264678580763
INTERMEDIO,8857,138.89988532473006
INTERMEDIO,8858,121.61110703421775
INTERMEDIO,8859,135.1296620695474
INTERMEDIO,8860,120.9419941560748
INTERMEDIO,8861,154.48113627034607
INTERMEDIO,8862,126.32861449086136
INTERMEDIO,8863,128.2688326758756
INTERMEDIO,8864,144.44371328853742
INTERMEDIO,8865,135.7782195500218
INTERMEDIO,8866,140.17039830670194
INTERMEDIO,8867,121.31489560353975
INTERMEDIO,8868,140.15835471078705
INTERMEDIO,8869,128.82111350355925
INTERMEDIO,8870,107.92320435515377
INTERMEDIO,8871,168.18691453172218
INTERMEDIO,8872,159.8098781740582
INTERMEDIO,8873,135.74715147771337
INTERMEDIO,8874,158.55181332116874
INTERMEDIO,8875,112.81906560062811
INTERMEDIO,8876,110.27066235528808
INTERMEDIO,8877,137.97854959666125
INTERMEDIO,8878,145.31102869784587
INTERMEDIO,8879,154.96383716282622
INTERMEDIO,8880,138.28305330990236
INTERMEDIO,8881,130.80551833011842
INTERMEDIO,8882,139.1035700199872
INTERMEDIO,8883,154.55807425538075
INTERMEDIO,8884,135.78481863637046
INTERMEDIO,8885,149.1233456769012
INTERMEDIO,8886,136.43801741281524
INTERMEDIO,8887,125.78323556251
INTERMEDIO,8888,114.26913273447173
INTERMEDIO,8889,179.97377879719852
INTERMEDIO,8890,110.66796522869942
INTERMEDIO,8891,147.90879203325545
INTERMEDIO,8892,137.30766949446627
INTERMEDIO,8893,152.60895656396016
INTERMEDIO,8894,151.04403175004973
INTERMEDIO,8895,143.5104990590585
INTERMEDIO,8896,126.40829610825466
INTERMEDIO,8897,121.25033171056313
INTERMEDIO,8898,171.422959364821
INTERMEDIO,8899,141.77639334631414
INTERMEDIO,8900,133.82741700159687
INTERMEDIO,8901,148.17646611540104
INTERMEDIO,8902,98.77839836268642
INTERMEDIO,8903,154.25470768675967
INTERMEDIO,8904,164.39353174246833
INTERMEDIO,8905,112.94311425099822
INTERMEDIO,8906,131.87462407608365
INTERMEDIO,8907,157.33733551452087
INTERMEDIO,8908,136.50837162512397
INTERMEDIO,8909,131.0848464341668
INTERMEDIO,8910,117.54386066576207
INTERMEDIO,8911,139.90308182870015
INTERMEDIO,8912,118.63205320446446
INTERMEDIO,8913,128.11075289523214
INTERMEDIO,8914,139.23774681004028
INTERMEDIO,8915,138.16423936913367
INTERMEDIO,8916,167.62098803289368
INTERMEDIO,8917,120.77579961719134
INTERMEDIO,8918,135.5131404055576
INTERMEDIO,8919,134.1519908191289
INTERMEDIO,8920,142.94166734454856
INTERMEDIO,8921,126.97244291955371
INTERMEDIO,8922,136.39532829600594
INTERMEDIO,8923,149.54368530463043
INTERMEDIO,8924,148.154322914634
INTERMEDIO,8925,148.52577729215088
INTERMEDIO,8926,156.02446066885898
INTERMEDIO,8927,135.16466521107756
INTERMEDIO,8928,139.557276340028
INTERMEDIO,8929,139.69025531308574
INTERMEDIO,8930,135.9343138989665
INTERMEDIO,8931,128.1953272547272
INTERMEDIO,8932,152.70116481612638
INTERMEDIO,8933,133.25026048803934
INTERMEDIO,8934,130.15732511942855
INTERMEDIO,8935,127.26384242785535
INTERMEDIO,8936,133.84637493563852
INTERMEDIO,8937,169.08563878410246
INTERMEDIO,8938,151.61619991804355
INTERMEDIO,8939,123.3241526582843
INTERMEDIO,8940,148.58704386066745
INTERMEDIO,8941,155.84542927637708
INTERMEDIO,8942,135.23945762861075
INTERMEDIO,8943,151.56469664712895
INTERMEDIO,8944,149.8521516124654
INTERMEDIO,8945,157.74675235036946
INTERMEDIO,8946,166.1177347114439
INTERMEDIO,8947,144.34603783552956
INTERMEDIO,8948,163.70363018210162
INTERMEDIO,8949,144.65277651501862
INTERMEDIO,8950,143.31641964413032
INTERMEDIO,8951,140.73116061501506
INTERMEDIO,8952,174.66444158577676
INTERMEDIO,8953,113.46292722368946
INTERMEDIO,8954,141.53751495144468
INTERMEDIO,8955,127.89746187039667
INTERMEDIO,8956,131.69450658318684
INTERMEDIO,8957,146.13686535762494
INTERMEDIO,8958,165.5034103604847
INTERMEDIO,8959,128.46551540909942
INTERMEDIO,8960,127.47337012176587
INTERMEDIO,8961,126.38401613708265
INTERMEDIO,8962,160.499939415988
INTERMEDIO,8963,127.71562134932728
INTERMEDIO,8964,141.02665605481616
INTERMEDIO,8965,142.43414230099995
INTERMEDIO,8966,141.5931309500282
INTERMEDIO,8967,145.5125180607335
INTERMEDIO,8968,140.7387332741378
INTERMEDIO,8969,134.04298345822482
INTERMEDIO,8970,156.4538155372029
INTERMEDIO,8971,142.8402778823437
INTERMEDIO,8972,142.37134775817597
INTERMEDIO,8973,132.36818086757802
INTERMEDIO,8974,141.87737780802541
INTERMEDIO,8975,134.43320434570856
INTERMEDIO,8976,146.17605678072493
INTERMEDIO,8977,131.0440078385564
INTERMEDIO,8978,134.95203416323588
INTERMEDIO,8979,136.30831146122335
INTERMEDIO,8980,131.5469251648753
INTERMEDIO,8981,134.49799901474213
INTERMEDIO,8982,141.73176299816527
INTERMEDIO,8983,135.14633156275872
INTERMEDIO,8984,126.82864755602989
INTERMEDIO,8985,126.98065681618144
INTERMEDIO,8986,139.98784465081891
INTERMEDIO,8987,120.61393845873634
INTERMEDIO,8988,133.59086402257412
INTERMEDIO,8989,127.20907697571955
INTERMEDIO,8990,118.66538717521598
INTERMEDIO,8991,156.44184313703937
INTERMEDIO,8992,119.22784444497779
INTERMEDIO,8993,148.21524526599023
INTERMEDIO,8994,127.8786259353022
INTERMEDIO,8995,120.77739489839863
INTERMEDIO,8996,123.38457469322543
INTERMEDIO,8997,147.1583367331848
INTERMEDIO,8998,147.14253234179836
INTERMEDIO,8999,155.096328425842
INTERMEDIO,9000,165.7958614570863
INTERMEDIO,9001,140.7014524152326
INTERMEDIO,9002,149.73125797114466
INTERMEDIO,9003,162.717144624627
INTERMEDIO,9004,137.3161102344959
INTERMEDIO,9005,161.91259146707176
INTERMEDIO,9006,140.8495815752734
INTERMEDIO,9007,145.713443043774
INTERMEDIO,9008,141.60224589501422
INTERMEDIO,9009,157.17790740060153
INTERMEDIO,9010,126.42603810696663
INTERMEDIO,9011,126.29983359229047
INTERMEDIO,9012,143.10011041012487
INTERMEDIO,9013,157.63233038270678
INTERMEDIO,9014,158.63600646874946
INTERMEDIO,9015,133.92596772667702
INTERMEDIO,9016,126.72192371590202
INTERMEDIO,9017,134.50288586862177
INTERMEDIO,9018,135.2386351644731
INTERMEDIO,9019,138.51601673923483
INTERMEDIO,9020,139.41888378180752
INTERMEDIO,9021,144.38409376119947
INTERMEDIO,9022,130.7152756066211
INTERMEDIO,9023,135.28556141798143
INTERMEDIO,9024,128.13567298028718
INTERMEDIO,9025,131.73148432055655
INTERMEDIO,9026,126.58527292169384
INTERMEDIO,9027,122.2391972792828
INTERMEDIO,9028,127.58882435625388
INTERMEDIO,9029,116.16447765093277
INTERMEDIO,9030,113.32758559204828
INTERMEDIO,9031,132.92340770165455
INTERMEDIO,9032,149.13321160249527
INTERMEDIO,9033,174.59161298816127
INTERMEDIO,9034,113.21790292241475
INTERMEDIO,9035,140.85613539405378
INTERMEDIO,9036,158.66771609583708
INTERMEDIO,9037,94.08351215045687
INTERMEDIO,9038,142.2774808367726
INTERMEDIO,9039,131.17382173009938
INTERMEDIO,9040,156.0458247678713
INTERMEDIO,9041,136.82121037291734
INTERMEDIO,9042,143.11569256359945
INTERMEDIO,9043,134.44497685752535
INTERMEDIO,9044,133.06781248616699
INTERMEDIO,9045,133.37929804914202
INTERMEDIO,9046,138.2359249089119
INTERMEDIO,9047,119.52085555573278
INTERMEDIO,9048,138.14404550228454
INTERMEDIO,9049,136.14968899458265
INTERMEDIO,9050,134.64435899391225
INTERMEDIO,9051,155.00853856888705
INTERMEDIO,9052,131.02338381962255
INTERMEDIO,9053,143.7822819909381
INTERMEDIO,9054,133.8570005191182
INTERMEDIO,9055,134.8259172265709
INTERMEDIO,9056,121.61224194415155
INTERMEDIO,9057,122.40716947532746
INTERMEDIO,9058,138.79684958012166
INTERMEDIO,9059,138.57553359338226
INTERMEDIO,9060,113.24832841760352
INTERMEDIO,9061,140.84257515305035
INTERMEDIO,9062,135.81736310032628
INTERMEDIO,9063,118.61019065624888
INTERMEDIO,9064,125.33830756364038
INTERMEDIO,9065,111.04020790862191
INTERMEDIO,9066,150.86326425023407
INTERMEDIO,9067,134.89822437974192
INTERMEDIO,9068,144.09426455574356
INTERMEDIO,9069,119.64025964843043
INTERMEDIO,9070,123.99909585065242
INTERMEDIO,9071,137.480214453168
INTERMEDIO,9072,159.84764607961108
INTERMEDIO,9073,131.83474388229874
INTERMEDIO,9074,157.5117092126056
INTERMEDIO,9075,131.0663629939755
INTERMEDIO,9076,127.18657089572316
INTERMEDIO,9077,141.0161065212831
INTERMEDIO,9078,147.97818586657212
INTERMEDIO,9079,130.57804573823614
INTERMEDIO,9080,141.81494744909733
INTERMEDIO,9081,146.99883103765896
INTERMEDIO,9082,144.53588426335904
INTERMEDIO,9083,122.70168490037076
INTERMEDIO,9084,157.16378188149216
INTERMEDIO,9085,139.62103923282314
INTERMEDIO,9086,133.4319505353513
INTERMEDIO,9087,138.68653384775047
INTERMEDIO,9088,126.88469420417064
INTERMEDIO,9089,147.26802313987224
INTERMEDIO,9090,136.171983713996
INTERMEDIO,9091,125.90904654848799
INTERMEDIO,9092,137.62376966286942
INTERMEDIO,9093,137.75463185801942
INTERMEDIO,9094,144.08827509110412
INTERMEDIO,9095,140.8376611258268
INTERMEDIO,9096,150.80011877734862
INTERMEDIO,9097,108.34027348965802
INTERMEDIO,9098,141.4145146816086
INTERMEDIO,9099,145.44624050891028
INTERMEDIO,9100,156.15515580905284
INTERMEDIO,9101,134.5934079766922
INTERMEDIO,9102,145.08815895809627
INTERMEDIO,9103,158.04551586483493
INTERMEDIO,9104,139.71578397642176
INTERMEDIO,9105,133.37671073210592
INTERMEDIO,9106,137.23561568108826
INTERMEDIO,9107,159.24406512860855
INTERMEDIO,9108,125.19906521683868
INTERMEDIO,9109,141.4085471149504
INTERMEDIO,9110,130.58031743689335
INTERMEDIO,9111,150.32352296801594
INTERMEDIO,9112,149.10695741203955
INTERMEDIO,9113,136.55340871610005
INTERMEDIO,9114,133.96493904729482
INTERMEDIO,9115,144.6235304234738
INTERMEDIO,9116,147.8021036123485
INTERMEDIO,9117,144.01744610897816
INTERMEDIO,9118,135.65398981086022
INTERMEDIO,9119,116.60444378759446
INTERMEDIO,9120,122.01434948301835
INTERMEDIO,9121,143.14425623706526
INTERMEDIO,9122,129.26839292779255
INTERMEDIO,9123,145.03955912723055
INTERMEDIO,9124,126.6133697489154
INTERMEDIO,9125,153.9027175703127
INTERMEDIO,9126,145.28198191191356
INTERMEDIO,9127,155.97466845405307
INTERMEDIO,9128,147.36288921039682
INTERMEDIO,9129,139.40888319877945
INTERMEDIO,9130,133.03490147903366
INTERMEDIO,9131,154.59101316530567
INTERMEDIO,9132,123.42236170594721
INTERMEDIO,9133,131.05352536734563
INTERMEDIO,9134,154.66975179984658
INTERMEDIO,9135,163.9442695455641
INTERMEDIO,9136,157.91753486803702
INTERMEDIO,9137,143.24968763228833
INTERMEDIO,9138,129.61079750414345
INTERMEDIO,9139,165.6763969431036
INTERMEDIO,9140,135.70819546813948
INTERMEDIO,9141,141.61039529176458
INTERMEDIO,9142,124.50144877694022
INTERMEDIO,9143,147.70497636573052
INTERMEDIO,9144,162.5298901000964
INTERMEDIO,9145,134.6104323700484
INTERMEDIO,9146,166.67487632872195
INTERMEDIO,9147,138.6574272420786
INTERMEDIO,9148,137.69555196720538
INTERMEDIO,9149,155.38130231207933
INTERMEDIO,9150,146.35311797568843
INTERMEDIO,9151,128.70337984078432
INTERMEDIO,9152,163.36770455034556
INTERMEDIO,9153,117.13334228705432
INTERMEDIO,9154,113.71076964282342
INTERMEDIO,9155,131.90389875220978
INTERMEDIO,9156,138.95387821145883
INTERMEDIO,9157,120.80513895325075
INTERMEDIO,9158,109.57978607667162
INTERMEDIO,9159,143.33296933288608
INTERMEDIO,9160,150.033735930075
INTERMEDIO,9161,153.05580918486527
INTERMEDIO,9162,154.05079089179912
INTERMEDIO,9163,139.76420466448317
INTERMEDIO,9164,117.50307778457977
INTERMEDIO,9165,133.8709120057307
INTERMEDIO,9166,140.65099819465414
INTERMEDIO,9167,129.17622660300282
INTERMEDIO,9168,140.39771484816072
INTERMEDIO,9169,123.14884934434829
INTERMEDIO,9170,137.54343411986545
INTERMEDIO,9171,157.46003936539725
INTERMEDIO,9172,104.33818561154861
INTERMEDIO,9173,146.79095905743816
INTERMEDIO,9174,151.62639815548695
INTERMEDIO,9175,129.8901997520806
INTERMEDIO,9176,139.25987843783759
INTERMEDIO,9177,126.20248305584607
INTERMEDIO,9178,125.32016643966583
INTERMEDIO,9179,143.51613447099942
INTERMEDIO,9180,143.58207814155952
INTERMEDIO,9181,131.65414177012926
INTERMEDIO,9182,134.8238485377738
INTERMEDIO,9183,117.5413495478688
INTERMEDIO,9184,132.91583417381366
INTERMEDIO,9185,128.4671995506022
INTERMEDIO,9186,131.39868169535026
INTERMEDIO,9187,128.63734142482832
INTERMEDIO,9188,121.96531861728974
INTERMEDIO,9189,160.74207639822217
INTERMEDIO,9190,155.95764982722523
INTERMEDIO,9191,144.22317260867868
INTERMEDIO,9192,143.8154367808999
INTERMEDIO,9193,176.00144316011247
INTERMEDIO,9194,115.1940097249331
INTERMEDIO,9195,102.54985327726739
INTERMEDIO,9196,110.32306327220061
INTERMEDIO,9197,143.61782645587286
INTERMEDIO,9198,133.70458409293283
INTERMEDIO,9199,166.78339954963474
INTERMEDIO,9200,115.18361868143964
INTERMEDIO,9201,114.43470364416244
INTERMEDIO,9202,144.56747080382087
INTERMEDIO,9203,114.59942700330751
INTERMEDIO,9204,144.12290675270265
INTERMEDIO,9205,145.77566330159135
INTERMEDIO,9206,127.43563908502479
INTERMEDIO,9207,130.27696126936326
INTERMEDIO,9208,114.12512466201397
INTERMEDIO,9209,152.1460465874294
INTERMEDIO,9210,136.881292043494
INTERMEDIO,9211,153.561609128602
INTERMEDIO,9212,133.02473068014876
INTERMEDIO,9213,158.03205021219492
INTERMEDIO,9214,146.42167650583593
INTERMEDIO,9215,152.8835684939078
INTERMEDIO,9216,140.93252521861223
INTERMEDIO,9217,125.62818796956249
INTERMEDIO,9218,147.65858046495387
INTERMEDIO,9219,117.47905052834659
INTERMEDIO,9220,138.99897491021312
INTERMEDIO,9221,126.927874413324
INTERMEDIO,9222,144.5953900899428
INTERMEDIO,9223,121.96401053113784
INTERMEDIO,9224,128.04622352060244
INTERMEDIO,9225,119.84072418376354
INTERMEDIO,9226,158.32607562248518
INTERMEDIO,9227,158.7385896298689
INTERMEDIO,9228,139.42220334881068
INTERMEDIO,9229,138.14977590183247
INTERMEDIO,9230,126.90140885106283
INTERMEDIO,9231,141.18088034984027
INTERMEDIO,9232,117.55538167954474
INTERMEDIO,9233,139.44310015208518
INTERMEDIO,9234,141.86186469561568
INTERMEDIO,9235,128.2776825727397
INTERMEDIO,9236,139.24717598388563
INTERMEDIO,9237,140.86984585975677
INTERMEDIO,9238,121.41234997555844
INTERMEDIO,9239,136.8174084051161
INTERMEDIO,9240,160.23542814726727
INTERMEDIO,9241,145.41147210633136
INTERMEDIO,9242,138.19893285401213
INTERMEDIO,9243,142.8907524272124
INTERMEDIO,9244,138.78734235120393
INTERMEDIO,9245,164.54534193030426
INTERMEDIO,9246,133.12118364991156
INTERMEDIO,9247,131.43649185201306
INTERMEDIO,9248,138.7680718371797
INTERMEDIO,9249,110.27025989522689
INTERMEDIO,9250,141.7118771434841
INTERMEDIO,9251,137.49089692006763
INTERMEDIO,9252,123.4628218184974
INTERMEDIO,9253,127.48478278277634
INTERMEDIO,9254,129.74721880211493
INTERMEDIO,9255,135.42868179114262
INTERMEDIO,9256,145.71388623214392
INTERMEDIO,9257,137.50160824716545
INTERMEDIO,9258,132.29066492384993
INTERMEDIO,9259,140.58767515791948
INTERMEDIO,9260,142.15567844958525
INTERMEDIO,9261,132.62427355940522
INTERMEDIO,9262,155.11634103541195
INTERMEDIO,9263,129.59218000866292
INTERMEDIO,9264,142.78143904774714
INTERMEDIO,9265,138.6806507607023
INTERMEDIO,9266,156.97779330878137
INTERMEDIO,9267,148.52132611217547
INTERMEDIO,9268,147.46907993316637
INTERMEDIO,9269,110.15896199077605
INTERMEDIO,9270,125.71337549739292
INTERMEDIO,9271,159.88376645925564
INTERMEDIO,9272,135.970301076414
INTERMEDIO,9273,156.86306041006517
INTERMEDIO,9274,132.09043571956406
INTERMEDIO,9275,165.11120932857168
INTERMEDIO,9276,130.59535357848216
INTERMEDIO,9277,128.59118121116194
INTERMEDIO,9278,146.17349022229038
INTERMEDIO,9279,132.43177200252543
INTERMEDIO,9280,134.08563960017622
INTERMEDIO,9281,106.48196452209052
INTERMEDIO,9282,145.16662233369598
INTERMEDIO,9283,142.1854277863352
INTERMEDIO,9284,151.98918352953115
INTERMEDIO,9285,145.48650762570585
INTERMEDIO,9286,118.10604380210853
INTERMEDIO,9287,126.76723587409555
INTERMEDIO,9288,137.99115404460096
INTERMEDIO,9289,147.02570684811195
INTERMEDIO,9290,121.37521819041913
INTERMEDIO,9291,156.02394202293368
INTERMEDIO,9292,126.33469698757571
INTERMEDIO,9293,143.56902789086885
INTERMEDIO,9294,141.1275078691242
INTERMEDIO,9295,143.42691775886243
INTERMEDIO,9296,167.65383953976178
INTERMEDIO,9297,134.98730867044608
INTERMEDIO,9298,140.74300813860847
INTERMEDIO,9299,151.5473330546423
INTERMEDIO,9300,129.25810078073405
INTERMEDIO,9301,130.51924869491322
INTERMEDIO,9302,110.04876259177718
INTERMEDIO,9303,150.40714049981023
INTERMEDIO,9304,128.59257484807142
INTERMEDIO,9305,139.6565523258562
INTERMEDIO,9306,148.44654749092024
INTERMEDIO,9307,181.8199293149042
INTERMEDIO,9308,124.71811071504236
INTERMEDIO,9309,150.85711837668327
INTERMEDIO,9310,168.75981463370155
INTERMEDIO,9311,137.27790601478105
INTERMEDIO,9312,127.07398082337546
INTERMEDIO,9313,137.05284203500142
INTERMEDIO,9314,158.12134186057892
INTERMEDIO,9315,136.04439972757567
INTERMEDIO,9316,123.45260237900199
INTERMEDIO,9317,158.67525012578554
INTERMEDIO,9318,165.14660549237703
INTERMEDIO,9319,136.69701324624066
INTERMEDIO,9320,133.57978479138836
INTERMEDIO,9321,131.24451481461594
INTERMEDIO,9322,148.19270074775645
INTERMEDIO,9323,159.48065625228162
INTERMEDIO,9324,107.59397748859891
INTERMEDIO,9325,132.04037809245975
INTERMEDIO,9326,165.20082125176756
INTERMEDIO,9327,140.0220718193682
INTERMEDIO,9328,160.72860558728462
INTERMEDIO,9329,115.79647772067514
INTERMEDIO,9330,130.18215563517236
INTERMEDIO,9331,130.01341733399192
INTERMEDIO,9332,133.494194944596
INTERMEDIO,9333,135.81196470612895
INTERMEDIO,9334,153.14256540753797
INTERMEDIO,9335,125.34561152341536
INTERMEDIO,9336,129.1736916221555
INTERMEDIO,9337,143.7213637278453
INTERMEDIO,9338,161.0990183146802
INTERMEDIO,9339,142.6331741603175
INTERMEDIO,9340,151.64541529338828
INTERMEDIO,9341,143.4203664019702
INTERMEDIO,9342,131.53495268333302
INTERMEDIO,9343,137.01323206366135
INTERMEDIO,9344,156.576001314369
INTERMEDIO,9345,111.02915825484828
INTERMEDIO,9346,133.76285023770473
INTERMEDIO,9347,137.65056264327998
INTERMEDIO,9348,128.27838234401733
INTERMEDIO,9349,134.83977814887373
INTERMEDIO,9350,166.70377977599108
INTERMEDIO,9351,127.932468266468
INTERMEDIO,9352,152.16111573005574
INTERMEDIO,9353,135.969948207146
INTERMEDIO,9354,132.08957336123277
INTERMEDIO,9355,125.04784107505932
INTERMEDIO,9356,131.25782518966298
INTERMEDIO,9357,126.84575195599835
INTERMEDIO,9358,168.54626072934755
INTERMEDIO,9359,121.76297272724987
INTERMEDIO,9360,138.33476442145093
INTERMEDIO,9361,134.1320110277595
INTERMEDIO,9362,140.16474431944795
INTERMEDIO,9363,118.08880202848538
INTERMEDIO,9364,141.7479440541278
INTERMEDIO,9365,120.73440686855716
INTERMEDIO,9366,127.89291126449906
INTERMEDIO,9367,133.88789498559808
INTERMEDIO,9368,119.79651465862636
INTERMEDIO,9369,151.48691511220395
INTERMEDIO,9370,143.72382868649277
INTERMEDIO,9371,157.08668379586334
INTERMEDIO,9372,135.71533992141596
INTERMEDIO,9373,130.77405050794
INTERMEDIO,9374,118.34316840642435
INTERMEDIO,9375,146.86031226450964
INTERMEDIO,9376,153.4013063712092
INTERMEDIO,9377,143.8061528192404
INTERMEDIO,9378,130.4562519475066
INTERMEDIO,9379,125.85810374340642
INTERMEDIO,9380,155.55072149098368
INTERMEDIO,9381,131.39423668392064
INTERMEDIO,9382,137.46028990176228
INTERMEDIO,9383,138.8570122801956
INTERMEDIO,9384,139.35138753275135
INTERMEDIO,9385,136.28215900235062
INTERMEDIO,9386,150.23877593039694
INTERMEDIO,9387,177.18778503968645
INTERMEDIO,9388,158.16875944515928
INTERMEDIO,9389,152.47130672577413
INTERMEDIO,9390,134.84394980514233
INTERMEDIO,9391,130.66244581387338
INTERMEDIO,9392,152.11227162712564
INTERMEDIO,9393,126.80392057710263
INTERMEDIO,9394,150.59790459924807
INTERMEDIO,9395,129.01265462788248
INTERMEDIO,9396,129.2486965544754
INTERMEDIO,9397,141.8241566359539
INTERMEDIO,9398,151.4939999947802
INTERMEDIO,9399,164.19405327754686
INTERMEDIO,9400,128.0676779976248
INTERMEDIO,9401,168.61227823127382
INTERMEDIO,9402,161.74218318710993
INTERMEDIO,9403,124.1604029978413
INTERMEDIO,9404,168.07198229620303
INTERMEDIO,9405,130.9003767760977
INTERMEDIO,9406,137.04272595555497
INTERMEDIO,9407,113.47672232754127
INTERMEDIO,9408,145.8134087949945
INTERMEDIO,9409,132.99731486139456
INTERMEDIO,9410,111.81181312840629
INTERMEDIO,9411,108.464502172745
INTERMEDIO,9412,125.1899220671495
INTERMEDIO,9413,119.1112298011258
INTERMEDIO,9414,135.13305339136917
INTERMEDIO,9415,127.69281899706873
INTERMEDIO,9416,151.07880142155213
INTERMEDIO,9417,128.6107032981571
INTERMEDIO,9418,137.07253600104016
INTERMEDIO,9419,135.61489941382405
INTERMEDIO,9420,147.28862368329968
INTERMEDIO,9421,160.34227044687913
INTERMEDIO,9422,130.56560714312855
INTERMEDIO,9423,144.52802640315517
INTERMEDIO,9424,142.36776773454432
INTERMEDIO,9425,136.83688391688113
INTERMEDIO,9426,135.54782327007237
INTERMEDIO,9427,141.47442488723942
INTERMEDIO,9428,151.85486508451237
INTERMEDIO,9429,158.27170837730586
INTERMEDIO,9430,137.1407064232646
INTERMEDIO,9431,156.78620710772043
INTERMEDIO,9432,133.08912800130926
INTERMEDIO,9433,142.03664743243564
INTERMEDIO,9434,136.7524500303809
INTERMEDIO,9435,160.78603901613516
INTERMEDIO,9436,158.14867788236
INTERMEDIO,9437,142.09879076833292
INTERMEDIO,9438,154.54891244410325
INTERMEDIO,9439,164.90649472409038
INTERMEDIO,9440,133.32848728075717
INTERMEDIO,9441,141.76935679898222
INTERMEDIO,9442,125.02523652054333
INTERMEDIO,9443,131.85490052291274
INTERMEDIO,9444,135.36737437456242
INTERMEDIO,9445,130.87261667758514
INTERMEDIO,9446,119.3988207838348
INTERMEDIO,9447,139.83743685290935
INTERMEDIO,9448,133.63558558945937
INTERMEDIO,9449,148.39648480542166
INTERMEDIO,9450,134.45469151733397
INTERMEDIO,9451,157.4809090719682
INTERMEDIO,9452,119.72549545485926
INTERMEDIO,9453,134.16829144991726
INTERMEDIO,9454,149.36045335582105
INTERMEDIO,9455,122.92465474965209
INTERMEDIO,9456,139.38998868340406
INTERMEDIO,9457,134.18603485830346
INTERMEDIO,9458,125.68551612975011
INTERMEDIO,9459,129.21910929963272
INTERMEDIO,9460,136.91006718901318
INTERMEDIO,9461,156.11390066418284
INTERMEDIO,9462,123.83455470952626
INTERMEDIO,9463,99.5447926366352
INTERMEDIO,9464,158.52421687270748
INTERMEDIO,9465,159.98345804184757
INTERMEDIO,9466,133.58302124857136
INTERMEDIO,9467,123.85810820514607
INTERMEDIO,9468,154.06734408533887
INTERMEDIO,9469,129.6390865376947
INTERMEDIO,9470,148.29459412640688
INTERMEDIO,9471,129.67033214015868
INTERMEDIO,9472,137.23787726953785
INTERMEDIO,9473,130.69074970283427
INTERMEDIO,9474,155.36126533221503
INTERMEDIO,9475,134.99932216629514
INTERMEDIO,9476,143.25049368068497
INTERMEDIO,9477,136.8176673048132
INTERMEDIO,9478,120.6730482901757
INTERMEDIO,9479,142.0968079051637
INTERMEDIO,9480,140.47430221775574
INTERMEDIO,9481,137.13267045207033
INTERMEDIO,9482,136.71774639463482
INTERMEDIO,9483,123.55974581788088
INTERMEDIO,9484,166.3400124260216
INTERMEDIO,9485,163.1368620237945
INTERMEDIO,9486,143.5431523405812
INTERMEDIO,9487,137.87259049175108
INTERMEDIO,9488,123.42336029768059
INTERMEDIO,9489,144.93514626911374
INTERMEDIO,9490,143.12641802367344
INTERMEDIO,9491,133.51228016442755
INTERMEDIO,9492,111.22448106390426
INTERMEDIO,9493,140.51329734047522
INTERMEDIO,9494,134.33312585404946
INTERMEDIO,9495,135.07046255809317
INTERMEDIO,9496,115.67684561078964
INTERMEDIO,9497,143.7371359299529
INTERMEDIO,9498,145.7109753289273
INTERMEDIO,9499,145.63284219312047
INTERMEDIO,9500,166.16072667315015
INTERMEDIO,9501,129.4551166372509
INTERMEDIO,9502,162.6633139920954
INTERMEDIO,9503,150.46004136829222
INTERMEDIO,9504,144.54466271183583
INTERMEDIO,9505,156.7542775446185
INTERMEDIO,9506,158.84170278827008
INTERMEDIO,9507,138.6575492864539
INTERMEDIO,9508,138.16108586270568
INTERMEDIO,9509,129.26510685072083
INTERMEDIO,9510,130.43490721146526
INTERMEDIO,9511,113.47952140738997
INTERMEDIO,9512,123.68005321766711
INTERMEDIO,9513,110.25586852679194
INTERMEDIO,9514,127.19864938869935
INTERMEDIO,9515,135.0596314702281
INTERMEDIO,9516,126.82745431223071
INTERMEDIO,9517,151.592462089749
INTERMEDIO,9518,125.69994012038049
INTERMEDIO,9519,135.52558038107784
INTERMEDIO,9520,154.85829935031265
INTERMEDIO,9521,137.95406251407053
INTERMEDIO,9522,130.41118861103104
INTERMEDIO,9523,128.95387158004078
INTERMEDIO,9524,150.15891676872226
INTERMEDIO,9525,142.5528084324126
INTERMEDIO,9526,142.68060858125688
INTERMEDIO,9527,164.98267996170995
INTERMEDIO,9528,122.74784622426094
INTERMEDIO,9529,138.16374368727884
INTERMEDIO,9530,168.88726493844783
INTERMEDIO,9531,131.70025782161747
INTERMEDIO,9532,129.7294694581346
INTERMEDIO,9533,145.02923350678688
INTERMEDIO,9534,128.7786580796322
INTERMEDIO,9535,145.43399505411702
INTERMEDIO,9536,134.46019495092696
INTERMEDIO,9537,163.40044570087503
INTERMEDIO,9538,154.96056330721086
INTERMEDIO,9539,109.91316131734042
INTERMEDIO,9540,141.37669039999776
INTERMEDIO,9541,142.51450707539067
INTERMEDIO,9542,118.05720983903464
INTERMEDIO,9543,117.71064675931746
INTERMEDIO,9544,132.18166368045004
INTERMEDIO,9545,144.48879631528627
INTERMEDIO,9546,113.81170212432089
INTERMEDIO,9547,145.63579401702657
INTERMEDIO,9548,130.15358145689663
INTERMEDIO,9549,133.93057785919964
INTERMEDIO,9550,112.63870956513176
INTERMEDIO,9551,148.1524504720246
INTERMEDIO,9552,148.80599888097458
INTERMEDIO,9553,148.68301973760686
INTERMEDIO,9554,109.71352417935002
INTERMEDIO,9555,148.29976195779344
INTERMEDIO,9556,142.53641248206293
INTERMEDIO,9557,161.3257752087152
INTERMEDIO,9558,128.8756520844841
INTERMEDIO,9559,153.05245195554403
INTERMEDIO,9560,153.17385714548251
INTERMEDIO,9561,141.41491292596345
INTERMEDIO,9562,141.317817653826
INTERMEDIO,9563,139.85126573178877
INTERMEDIO,9564,147.33245710112055
INTERMEDIO,9565,117.08612796041845
INTERMEDIO,9566,140.482058218636
INTERMEDIO,9567,122.57060090350025
INTERMEDIO,9568,143.41469782558454
INTERMEDIO,9569,134.78983950285746
INTERMEDIO,9570,138.47680183900482
INTERMEDIO,9571,131.97853390477695
INTERMEDIO,9572,141.04329608561017
INTERMEDIO,9573,154.95506793513624
INTERMEDIO,9574,137.03762774009675
INTERMEDIO,9575,136.66355024227516
INTERMEDIO,9576,109.24694570861878
INTERMEDIO,9577,137.38640560453837
INTERMEDIO,9578,116.5403342600962
INTERMEDIO,9579,124.36885521193781
INTERMEDIO,9580,115.3311653791931
INTERMEDIO,9581,147.43696557755595
INTERMEDIO,9582,133.77151754979766
INTERMEDIO,9583,140.41544318145006
INTERMEDIO,9584,133.548445185526
INTERMEDIO,9585,145.92386552495557
INTERMEDIO,9586,123.14087173828052
INTERMEDIO,9587,140.41725360897144
INTERMEDIO,9588,126.43706435963313
INTERMEDIO,9589,154.98925088201528
INTERMEDIO,9590,159.8786740870265
INTERMEDIO,9591,127.2934109588838
INTERMEDIO,9592,146.05184846940645
INTERMEDIO,9593,129.47414573633608
INTERMEDIO,9594,139.0333843475455
INTERMEDIO,9595,150.89423914706202
INTERMEDIO,9596,133.14199458325407
INTERMEDIO,9597,126.90614278341049
INTERMEDIO,9598,107.78042225512937
INTERMEDIO,9599,149.84214866461116
INTERMEDIO,9600,126.61939004471844
INTERMEDIO,9601,111.45319855624248
INTERMEDIO,9602,118.48975057267353
INTERMEDIO,9603,121.48980552897652
INTERMEDIO,9604,131.02620410677324
INTERMEDIO,9605,135.48468412748977
INTERMEDIO,9606,138.5713268313098
INTERMEDIO,9607,131.3486826202733
INTERMEDIO,9608,148.64409072291085
INTERMEDIO,9609,103.91425545800811
INTERMEDIO,9610,114.1141806090907
INTERMEDIO,9611,146.8558660706492
INTERMEDIO,9612,154.49568918887854
INTERMEDIO,9613,143.84751992819872
INTERMEDIO,9614,144.75655763570683
INTERMEDIO,9615,130.35163436861575
INTERMEDIO,9616,153.64808655382276
INTERMEDIO,9617,120.79822557118759
INTERMEDIO,9618,143.89764036400103
INTERMEDIO,9619,151.25937008421187
INTERMEDIO,9620,133.63508828669217
INTERMEDIO,9621,149.7081485063632
INTERMEDIO,9622,125.53125357818482
INTERMEDIO,9623,151.4116917976504
INTERMEDIO,9624,119.7127338896099
INTERMEDIO,9625,150.06611670077507
INTERMEDIO,9626,134.63415335128627
INTERMEDIO,9627,116.95696042424689
INTERMEDIO,9628,129.22523156099138
INTERMEDIO,9629,151.7353373139824
INTERMEDIO,9630,152.1575348696159
INTERMEDIO,9631,157.5139738819064
INTERMEDIO,9632,154.2460204053812
INTERMEDIO,9633,134.40690790444458
INTERMEDIO,9634,123.87732532255417
INTERMEDIO,9635,148.27719615135317
INTERMEDIO,9636,124.50285059919872
INTERMEDIO,9637,133.42294995521482
INTERMEDIO,9638,142.06866885807656
INTERMEDIO,9639,163.38043481313326
INTERMEDIO,9640,152.4652001324207
INTERMEDIO,9641,155.21182790900232
INTERMEDIO,9642,155.99979153519638
INTERMEDIO,9643,139.18463258351144
INTERMEDIO,9644,130.895693756306
INTERMEDIO,9645,131.5780041736253
INTERMEDIO,9646,145.56990857225378
INTERMEDIO,9647,148.0571590748243
INTERMEDIO,9648,128.94519149512774
INTERMEDIO,9649,143.6777073673228
INTERMEDIO,9650,122.44376603417571
INTERMEDIO,9651,132.19892490810545
INTERMEDIO,9652,121.0066571451506
INTERMEDIO,9653,145.37516298750865
INTERMEDIO,9654,156.27325430309472
INTERMEDIO,9655,149.1086224036868
INTERMEDIO,9656,140.06125882050952
INTERMEDIO,9657,146.03240139992803
INTERMEDIO,9658,146.28952637319657
INTERMEDIO,9659,143.5381940259759
INTERMEDIO,9660,156.50392756990027
INTERMEDIO,9661,139.30500336449197
INTERMEDIO,9662,125.427045081439
INTERMEDIO,9663,117.93939243243071
INTERMEDIO,9664,119.90215949449667
INTERMEDIO,9665,128.9807168010043
INTERMEDIO,9666,156.08681036392096
INTERMEDIO,9667,116.68926525020204
INTERMEDIO,9668,166.57279367520294
INTERMEDIO,9669,138.6611470366521
INTERMEDIO,9670,138.87985703061733
INTERMEDIO,9671,138.8887920433017
INTERMEDIO,9672,147.0268465800617
INTERMEDIO,9673,127.43998836773962
INTERMEDIO,9674,166.99720400811844
INTERMEDIO,9675,130.9795615217277
INTERMEDIO,9676,132.10431011462686
INTERMEDIO,9677,170.03495529134946
INTERMEDIO,9678,156.47938269336586
INTERMEDIO,9679,142.3456470197831
INTERMEDIO,9680,119.68654509012548
INTERMEDIO,9681,122.70437419172642
INTERMEDIO,9682,122.97873392947295
INTERMEDIO,9683,137.0302779687486
INTERMEDIO,9684,155.8516573780735
INTERMEDIO,9685,155.71189566918156
INTERMEDIO,9686,135.78135071844565
INTERMEDIO,9687,117.3948214010027
INTERMEDIO,9688,85.53988042107744
INTERMEDIO,9689,163.5708605929462
INTERMEDIO,9690,125.79313434606107
INTERMEDIO,9691,145.69226200503692
INTERMEDIO,9692,111.808712881523
INTERMEDIO,9693,145.77569486333948
INTERMEDIO,9694,135.657493089818
INTERMEDIO,9695,134.6425169283325
INTERMEDIO,9696,145.96103546885624
INTERMEDIO,9697,123.61413771193787
INTERMEDIO,9698,139.03985336218926
INTERMEDIO,9699,136.80763553854936
INTERMEDIO,9700,142.56536416926912
INTERMEDIO,9701,123.03511822434274
INTERMEDIO,9702,149.69974052560968
INTERMEDIO,9703,123.87944156211098
INTERMEDIO,9704,140.5602261521083
INTERMEDIO,9705,130.1090521368778
INTERMEDIO,9706,158.0554541528555
INTERMEDIO,9707,120.90877044679607
INTERMEDIO,9708,165.260785067042
INTERMEDIO,9709,137.92692921906178
INTERMEDIO,9710,143.9831211495577
INTERMEDIO,9711,135.69981374686142
INTERMEDIO,9712,149.98455418506393
INTERMEDIO,9713,126.71352175918031
INTERMEDIO,9714,121.80867488329201
INTERMEDIO,9715,129.66307417383433
INTERMEDIO,9716,125.93749627099814
INTERMEDIO,9717,123.87911637844542
INTERMEDIO,9718,105.9844818580778
INTERMEDIO,9719,141.52573277280962
INTERMEDIO,9720,150.18786751746785
INTERMEDIO,9721,112.33469466142066
INTERMEDIO,9722,144.47119474179095
INTERMEDIO,9723,136.94784247267373
INTERMEDIO,9724,123.9505406957285
INTERMEDIO,9725,132.74522700677088
INTERMEDIO,9726,128.38221765511085
INTERMEDIO,9727,131.93374915733813
INTERMEDIO,9728,120.78251489633563
INTERMEDIO,9729,150.88553528138743
INTERMEDIO,9730,136.97262651165696
INTERMEDIO,9731,132.8035356387678
INTERMEDIO,9732,130.8670223654559
INTERMEDIO,9733,167.12678522371314
INTERMEDIO,9734,145.2227483165438
INTERMEDIO,9735,162.43756023421446
INTERMEDIO,9736,122.67147976089049
INTERMEDIO,9737,134.85368120613427
INTERMEDIO,9738,140.53287287388102
INTERMEDIO,9739,137.30021969937076
INTERMEDIO,9740,133.3877935714396
INTERMEDIO,9741,149.51969926220454
INTERMEDIO,9742,141.09519331979334
INTERMEDIO,9743,149.80777819091227
INTERMEDIO,9744,137.81091701052682
INTERMEDIO,9745,152.2978703743421
INTERMEDIO,9746,141.27377631839272
INTERMEDIO,9747,135.86005316014018
INTERMEDIO,9748,153.74912672333167
INTERMEDIO,9749,133.21501399746953
INTERMEDIO,9750,138.17077691635004
INTERMEDIO,9751,145.66482355934886
INTERMEDIO,9752,172.67097984206683
INTERMEDIO,9753,150.09047600069874
INTERMEDIO,9754,135.47244121427312
INTERMEDIO,9755,128.41995257146806
INTERMEDIO,9756,132.90415605092323
INTERMEDIO,9757,129.8894646798608
INTERMEDIO,9758,129.65043503203395
INTERMEDIO,9759,120.53182227831675
INTERMEDIO,9760,122.10199989712974
INTERMEDIO,9761,130.94484327710026
INTERMEDIO,9762,153.45720356380332
INTERMEDIO,9763,140.83307546384674
INTERMEDIO,9764,133.2495357231149
INTERMEDIO,9765,143.77870898280125
INTERMEDIO,9766,134.88436744219774
INTERMEDIO,9767,121.18466633293346
INTERMEDIO,9768,165.76592983748714
INTERMEDIO,9769,150.56594385043724
INTERMEDIO,9770,140.02809580132487
INTERMEDIO,9771,159.52437900062682
INTERMEDIO,9772,125.75857209650871
INTERMEDIO,9773,113.17991484236357
INTERMEDIO,9774,133.78668579373982
INTERMEDIO,9775,147.3776711711838
INTERMEDIO,9776,132.19613346366694
INTERMEDIO,9777,128.7522479098317
INTERMEDIO,9778,135.67749182863744
INTERMEDIO,9779,148.36452712977376
INTERMEDIO,9780,127.22927094533942
INTERMEDIO,9781,171.02362236687443
INTERMEDIO,9782,115.14923643217764
INTERMEDIO,9783,151.15159403337043
INTERMEDIO,9784,120.90341534659186
INTERMEDIO,9785,142.70464771379693
INTERMEDIO,9786,148.72058346420766
INTERMEDIO,9787,156.04955248342964
INTERMEDIO,9788,132.6206260384381
INTERMEDIO,9789,128.64526993191794
INTERMEDIO,9790,125.22862315153112
INTERMEDIO,9791,146.73011194865643
INTERMEDIO,9792,139.7792007833979
INTERMEDIO,9793,135.31912790279708
INTERMEDIO,9794,132.27960739574036
INTERMEDIO,9795,131.52553815741584
INTERMEDIO,9796,145.12263154104653
INTERMEDIO,9797,131.3735790172764
INTERMEDIO,9798,119.0467498696931
INTERMEDIO,9799,137.37439743949014
INTERMEDIO,9800,150.54969053318482
INTERMEDIO,9801,147.09546428468394
INTERMEDIO,9802,154.7443543744884
INTERMEDIO,9803,137.9102398508154
INTERMEDIO,9804,128.99592688803682
INTERMEDIO,9805,152.83972811743476
INTERMEDIO,9806,149.14991535301314
INTERMEDIO,9807,131.52748526787994
INTERMEDIO,9808,130.0484314237369
INTERMEDIO,9809,136.2642872705963
INTERMEDIO,9810,153.79394028058076
INTERMEDIO,9811,111.68537857726402
INTERMEDIO,9812,142.4829285958836
INTERMEDIO,9813,139.02332522055298
INTERMEDIO,9814,113.30408889158558
INTERMEDIO,9815,136.0304325614244
INTERMEDIO,9816,110.20793480892338
INTERMEDIO,9817,111.47799218160654
INTERMEDIO,9818,120.07345716313635
INTERMEDIO,9819,118.5183222230521
INTERMEDIO,9820,142.7293105717491
INTERMEDIO,9821,131.76487224791845
INTERMEDIO,9822,147.87644948994944
INTERMEDIO,9823,136.93713757165824
INTERMEDIO,9824,143.89029166340575
INTERMEDIO,9825,168.97104588167093
INTERMEDIO,9826,125.30319600974957
INTERMEDIO,9827,119.81130105172406
INTERMEDIO,9828,104.98895010452243
INTERMEDIO,9829,127.09146110847624
INTERMEDIO,9830,137.53916843210578
INTERMEDIO,9831,124.79246902857379
INTERMEDIO,9832,142.82606870501684
INTERMEDIO,9833,134.5655176515715
INTERMEDIO,9834,116.5105390647801
INTERMEDIO,9835,132.56536961193208
INTERMEDIO,9836,148.26202550148076
INTERMEDIO,9837,154.14262999113518
INTERMEDIO,9838,150.3092261877691
INTERMEDIO,9839,140.3631679328022
INTERMEDIO,9840,145.37472673761658
INTERMEDIO,9841,142.7842107757822
INTERMEDIO,9842,134.1916840798101
INTERMEDIO,9843,122.89184726927188
INTERMEDIO,9844,132.13417672777052
INTERMEDIO,9845,149.00234835688167
INTERMEDIO,9846,138.75246829013136
INTERMEDIO,9847,155.1232779498713
INTERMEDIO,9848,128.39584370988666
INTERMEDIO,9849,112.50308277883362
INTERMEDIO,9850,152.39552907421302
INTERMEDIO,9851,132.2408459752498
INTERMEDIO,9852,126.52255354454567
INTERMEDIO,9853,131.19559498958705
INTERMEDIO,9854,169.70099741212437
INTERMEDIO,9855,137.1558834273973
INTERMEDIO,9856,134.53280938162652
INTERMEDIO,9857,145.7301633712939
INTERMEDIO,9858,140.16930574951166
INTERMEDIO,9859,143.5601905013602
INTERMEDIO,9860,141.1852849478494
INTERMEDIO,9861,149.59868773469105
INTERMEDIO,9862,132.5549632305292
INTERMEDIO,9863,149.4671463061323
INTERMEDIO,9864,130.79716036876994
INTERMEDIO,9865,154.79518512578113
INTERMEDIO,9866,127.68297384615121
INTERMEDIO,9867,140.07871538208622
INTERMEDIO,9868,142.95856836079582
INTERMEDIO,9869,136.7575179397196
INTERMEDIO,9870,128.12287290136638
INTERMEDIO,9871,173.082838968935
INTERMEDIO,9872,141.69249314826104
INTERMEDIO,9873,135.07743457546044
INTERMEDIO,9874,127.24616082105646
INTERMEDIO,9875,129.86518847351036
INTERMEDIO,9876,171.87903965700136
INTERMEDIO,9877,168.99588573494216
INTERMEDIO,9878,142.51473724244553
INTERMEDIO,9879,117.80333451355241
INTERMEDIO,9880,117.41509260076296
INTERMEDIO,9881,138.03694287604404
INTERMEDIO,9882,101.0728090635541
INTERMEDIO,9883,148.63550174781847
INTERMEDIO,9884,137.26376378844034
INTERMEDIO,9885,141.99391254119723
INTERMEDIO,9886,156.93081595985285
INTERMEDIO,9887,157.86025259066454
INTERMEDIO,9888,131.62010230629522
INTERMEDIO,9889,128.775324092076
INTERMEDIO,9890,150.82798963118205
INTERMEDIO,9891,138.3821823472165
INTERMEDIO,9892,150.9405907253249
INTERMEDIO,9893,141.74691859802624
INTERMEDIO,9894,117.54544388427053
INTERMEDIO,9895,128.0028866815914
INTERMEDIO,9896,136.26377813228441
INTERMEDIO,9897,131.06846897100462
INTERMEDIO,9898,120.29286596435809
INTERMEDIO,9899,142.91011943684137
INTERMEDIO,9900,130.72342932848366
INTERMEDIO,9901,146.7231048681747
INTERMEDIO,9902,193.46976120848313
INTERMEDIO,9903,150.73745932744166
INTERMEDIO,9904,137.24330365753633
INTERMEDIO,9905,163.9748613181226
INTERMEDIO,9906,120.05146355279008
INTERMEDIO,9907,124.94964447737894
INTERMEDIO,9908,147.1040620717338
INTERMEDIO,9909,156.25545335516412
INTERMEDIO,9910,136.52882476689456
INTERMEDIO,9911,121.54825958167562
INTERMEDIO,9912,145.686782216844
INTERMEDIO,9913,153.68998707787424
INTERMEDIO,9914,153.6348541445859
INTERMEDIO,9915,117.22455112354466
INTERMEDIO,9916,98.47229391277841
INTERMEDIO,9917,147.0678275214266
INTERMEDIO,9918,117.27236024252967
INTERMEDIO,9919,138.2441593369013
INTERMEDIO,9920,162.74686729637605
INTERMEDIO,9921,139.7652068305732
INTERMEDIO,9922,132.53267830051016
INTERMEDIO,9923,118.58900649967606
INTERMEDIO,9924,112.4201772567452
INTERMEDIO,9925,168.84065729552688
INTERMEDIO,9926,138.34254247331256
INTERMEDIO,9927,148.77032730549956
INTERMEDIO,9928,114.64911864718401
INTERMEDIO,9929,127.54100954581966
INTERMEDIO,9930,111.22266044991935
INTERMEDIO,9931,145.64114202029762
INTERMEDIO,9932,138.70330497615558
INTERMEDIO,9933,144.70714534319904
INTERMEDIO,9934,149.65960475040575
INTERMEDIO,9935,130.14587053995496
INTERMEDIO,9936,131.54573179907098
INTERMEDIO,9937,158.7572754858383
INTERMEDIO,9938,138.81930887392272
INTERMEDIO,9939,161.26679048535047
INTERMEDIO,9940,155.0352311877167
INTERMEDIO,9941,154.9428789332539
INTERMEDIO,9942,128.20609630500383
INTERMEDIO,9943,133.60131186462493
INTERMEDIO,9944,138.3505795067664
INTERMEDIO,9945,141.97613822958795
INTERMEDIO,9946,141.667779739925
INTERMEDIO,9947,117.2515274103595
INTERMEDIO,9948,160.1394775669788
INTERMEDIO,9949,146.34781002374362
INTERMEDIO,9950,148.43103702674722
INTERMEDIO,9951,128.46785645195217
INTERMEDIO,9952,133.47600838354168
INTERMEDIO,9953,137.98955648109478
INTERMEDIO,9954,119.41330006414024
INTERMEDIO,9955,117.10939804291863
INTERMEDIO,9956,134.50914700299455
INTERMEDIO,9957,166.46088950554713
INTERMEDIO,9958,144.38765733082298
INTERMEDIO,9959,122.65457625217594
INTERMEDIO,9960,149.82406400600533
INTERMEDIO,9961,127.49682182132692
INTERMEDIO,9962,149.18045374588755
INTERMEDIO,9963,138.7865080101444
INTERMEDIO,9964,142.98933602848308
INTERMEDIO,9965,121.47798612476065
INTERMEDIO,9966,167.88649719510894
INTERMEDIO,9967,125.52015104200858
INTERMEDIO,9968,151.9673342979097
INTERMEDIO,9969,167.4144694097812
INTERMEDIO,9970,145.122193542031
INTERMEDIO,9971,143.51005288899688
INTERMEDIO,9972,103.25611977488094
INTERMEDIO,9973,118.20710583595896
INTERMEDIO,9974,135.97206602061337
INTERMEDIO,9975,116.52468925696449
INTERMEDIO,9976,132.18380634686352
INTERMEDIO,9977,146.09048602549694
INTERMEDIO,9978,114.90889743377355
INTERMEDIO,9979,136.65939932348763
INTERMEDIO,9980,149.64474281345534
INTERMEDIO,9981,127.00936529166748
INTERMEDIO,9982,128.917055497427
INTERMEDIO,9983,147.16801877099255
INTERMEDIO,9984,129.6102452520147
INTERMEDIO,9985,147.16011357534836
INTERMEDIO,9986,89.017601296597
INTERMEDIO,9987,113.53404978576008
INTERMEDIO,9988,127.54019197679953
INTERMEDIO,9989,133.36165084417723
INTERMEDIO,9990,140.7151396491812
INTERMEDIO,9991,113.35016268034676
INTERMEDIO,9992,145.96098785421879
INTERMEDIO,9993,144.47469908674293
INTERMEDIO,9994,135.17399484727804
INTERMEDIO,9995,132.54839313447513
INTERMEDIO,9996,120.98173715885916
INTERMEDIO,9997,133.18165716513522
INTERMEDIO,9998,116.51270745963919
INTERMEDIO,9999,141.88226785364532
INTERMEDIO,10000,146.24396532737907
ARRIESGADO,1,132.93534681961273
ARRIESGADO,2,169.78967079284865
ARRIESGADO,3,142.76034176359414
ARRIESGADO,4,168.55025092229644
ARRIESGADO,5,152.6145670181811
ARRIESGADO,6,161.273362431505
ARRIESGADO,7,148.42111478172137
ARRIESGADO,8,116.18959774101616
ARRIESGADO,9,147.9604073748951
ARRIESGADO,10,131.2075329783978
ARRIESGADO,11,135.57458317359627
ARRIESGADO,12,137.13481329296218
ARRIESGADO,13,140.31519817270492
ARRIESGADO,14,143.16334129860257
ARRIESGADO,15,127.90196282651821
ARRIESGADO,16,177.98545159613172
ARRIESGADO,17,115.21032469980447
ARRIESGADO,18,180.44871052803086
ARRIESGADO,19,132.8201893678539
ARRIESGADO,20,121.59378113445513
ARRIESGADO,21,144.93924095152042
ARRIESGADO,22,143.84554543048634
ARRIESGADO,23,107.12842264591934
ARRIESGADO,24,146.6137339569604
ARRIESGADO,25,110.99560404752327
ARRIESGADO,26,132.35440585542372
ARRIESGADO,27,101.96688646307065
ARRIESGADO,28,178.08649773175682
ARRIESGADO,29,160.92861807455895
ARRIESGADO,30,146.7069542813352
ARRIESGADO,31,123.77819760612756
ARRIESGADO,32,156.50078787083416
ARRIESGADO,33,109.85017554203857
ARRIESGADO,34,156.02216080307264
ARRIESGADO,35,133.8936226362685
ARRIESGADO,36,152.22070843585257
ARRIESGADO,37,149.05438277926865
ARRIESGADO,38,171.2123136902381
ARRIESGADO,39,178.12796850327157
ARRIESGADO,40,143.59593589774127
ARRIESGADO,41,161.2314938615881
ARRIESGADO,42,157.6713716231402
ARRIESGADO,43,126.47543470182504
ARRIESGADO,44,160.80051775129726
ARRIESGADO,45,116.09398549738872
ARRIESGADO,46,129.35837060374845
ARRIESGADO,47,89.46199406184766
ARRIESGADO,48,112.23081022958296
ARRIESGADO,49,139.19792823751052
ARRIESGADO,50,122.92046201193477
ARRIESGADO,51,152.49164809246727
ARRIESGADO,52,135.7352772362289
ARRIESGADO,53,128.3635162700536
ARRIESGADO,54,149.58988279681788
ARRIESGADO,55,141.8896705876513
ARRIESGADO,56,161.08559034349042
ARRIESGADO,57,126.23838659446581
ARRIESGADO,58,155.577276201017
ARRIESGADO,59,180.12268081652226
ARRIESGADO,60,121.71528168890919
ARRIESGADO,61,132.88105207250425
ARRIESGADO,62,156.73055412471123
ARRIESGADO,63,148.4407495078973
ARRIESGADO,64,149.58840934053273
ARRIESGADO,65,136.86472678554492
ARRIESGADO,66,162.72725607480766
ARRIESGADO,67,148.95453302263456
ARRIESGADO,68,139.03149519530177
ARRIESGADO,69,126.5312188204968
ARRIESGADO,70,123.712781045052
ARRIESGADO,71,165.38771898803145
ARRIESGADO,72,177.22348666318263
ARRIESGADO,73,131.08489181892318
ARRIESGADO,74,175.7253120233828
ARRIESGADO,75,157.33490356649907
ARRIESGADO,76,154.72554115735207
ARRIESGADO,77,145.07082335067054
ARRIESGADO,78,119.83966300281361
ARRIESGADO,79,120.04794397145525
ARRIESGADO,80,157.21307301420063
ARRIESGADO,81,144.2716280532513
ARRIESGADO,82,134.8944587205664
ARRIESGADO,83,152.55294610257744
ARRIESGADO,84,118.76903121132612
ARRIESGADO,85,136.0950051930239
ARRIESGADO,86,134.4880049321317
ARRIESGADO,87,168.84847505174102
ARRIESGADO,88,165.04760176471353
ARRIESGADO,89,135.62765637885707
ARRIESGADO,90,121.39341157161466
ARRIESGADO,91,107.05157489940882
ARRIESGADO,92,145.14474955876813
ARRIESGADO,93,181.61449213339577
ARRIESGADO,94,169.74396397177608
ARRIESGADO,95,133.35649923503684
ARRIESGADO,96,151.31489559365593
ARRIESGADO,97,186.93809604184062
ARRIESGADO,98,156.96756118231224
ARRIESGADO,99,110.50972070446394
ARRIESGADO,100,137.20072459525255
ARRIESGADO,101,122.42135353851683
ARRIESGADO,102,133.6884503015541
ARRIESGADO,103,179.88899582476117
ARRIESGADO,104,140.64501757324967
ARRIESGADO,105,140.64938423825924
ARRIESGADO,106,151.26780502847706
ARRIESGADO,107,134.670930314435
ARRIESGADO,108,155.14284355337915
ARRIESGADO,109,159.68077878588892
ARRIESGADO,110,164.13798035717923
ARRIESGADO,111,196.16257211134825
ARRIESGADO,112,138.77078484228238
ARRIESGADO,113,137.2709466225197
ARRIESGADO,114,133.91796561087295
ARRIESGADO,115,152.0591713932113
ARRIESGADO,116,174.68995049014939
ARRIESGADO,117,144.5001061403637
ARRIESGADO,118,119.29034755532422
ARRIESGADO,119,168.11686184954135
ARRIESGADO,120,157.1601160231034
ARRIESGADO,121,137.183174647638
ARRIESGADO,122,165.0341799093707
ARRIESGADO,123,110.58899770491229
ARRIESGADO,124,154.226217064476
ARRIESGADO,125,124.87266845409033
ARRIESGADO,126,140.32487406824944
ARRIESGADO,127,178.6395129699892
ARRIESGADO,128,123.19434139090907
ARRIESGADO,129,135.59871991046722
ARRIESGADO,130,118.272471720091
ARRIESGADO,131,177.66265172926563
ARRIESGADO,132,143.21717011823822
ARRIESGADO,133,168.5903755336498
ARRIESGADO,134,146.98003512933465
ARRIESGADO,135,131.0507994971274
ARRIESGADO,136,144.78470018211328
ARRIESGADO,137,129.1796509133989
ARRIESGADO,138,164.36433644744358
ARRIESGADO,139,170.22645978754048
ARRIESGADO,140,153.81311112648356
ARRIESGADO,141,112.43034270242798
ARRIESGADO,142,165.373883965225
ARRIESGADO,143,160.07123497566397
ARRIESGADO,144,152.39374747487804
ARRIESGADO,145,178.70765940931292
ARRIESGADO,146,173.53553415601155
ARRIESGADO,147,153.1351382023799
ARRIESGADO,148,150.30526308831705
ARRIESGADO,149,157.91110637783655
ARRIESGADO,150,145.65864244919302
ARRIESGADO,151,159.86435889752306
ARRIESGADO,152,138.33205645048767
ARRIESGADO,153,162.17056780446714
ARRIESGADO,154,132.64492105833307
ARRIESGADO,155,138.41821510918362
ARRIESGADO,156,168.16743161774258
ARRIESGADO,157,140.24857896155407
ARRIESGADO,158,165.01490967289106
ARRIESGADO,159,146.55100243067207
ARRIESGADO,160,151.62064290924204
ARRIESGADO,161,168.96578689133995
ARRIESGADO,162,136.28361043796764
ARRIESGADO,163,141.88173176651145
ARRIESGADO,164,131.21731447880606
ARRIESGADO,165,162.9846131944122
ARRIESGADO,166,154.50449519580093
ARRIESGADO,167,114.95690039207432
ARRIESGADO,168,167.69672220337375
ARRIESGADO,169,117.09066048524025
ARRIESGADO,170,168.7565871678227
ARRIESGADO,171,119.81924181657246
ARRIESGADO,172,191.39321034199918
ARRIESGADO,173,119.29659061333393
ARRIESGADO,174,98.7981474349203
ARRIESGADO,175,192.95858601896185
ARRIESGADO,176,191.64893312525265
ARRIESGADO,177,123.11015084088335
ARRIESGADO,178,141.38094607273342
ARRIESGADO,179,152.57943999395832
ARRIESGADO,180,120.76014861858106
ARRIESGADO,181,130.4770055232097
ARRIESGADO,182,173.51738460584295
ARRIESGADO,183,149.24630302319187
ARRIESGADO,184,139.88268129156936
ARRIESGADO,185,119.12159133162642
ARRIESGADO,186,173.8026804263092
ARRIESGADO,187,152.07674251481808
ARRIESGADO,188,130.81078887955272
ARRIESGADO,189,189.62604124994942
ARRIESGADO,190,177.06397451126531
ARRIESGADO,191,123.89360331342196
ARRIESGADO,192,102.97567444843965
ARRIESGADO,193,120.12978071208936
ARRIESGADO,194,124.01504149062006
ARRIESGADO,195,138.3256785369158
ARRIESGADO,196,162.73490400856736
ARRIESGADO,197,134.92081202493435
ARRIESGADO,198,123.43149617323019
ARRIESGADO,199,172.8323895016003
ARRIESGADO,200,166.6249465867158
ARRIESGADO,201,172.3189921639958
ARRIESGADO,202,163.28655491294876
ARRIESGADO,203,172.72114424107295
ARRIESGADO,204,148.84444203376154
ARRIESGADO,205,122.3772933532778
ARRIESGADO,206,129.72480596163865
ARRIESGADO,207,140.5878500983934
ARRIESGADO,208,155.33293398565178
ARRIESGADO,209,117.18308712855799
ARRIESGADO,210,156.11962624589304
ARRIESGADO,211,163.40058101102474
ARRIESGADO,212,141.8045559785486
ARRIESGADO,213,175.6696484505561
ARRIESGADO,214,157.48322289415438
ARRIESGADO,215,139.1142956330769
ARRIESGADO,216,152.8739469722081
ARRIESGADO,217,134.8976724111775
ARRIESGADO,218,135.6943234093756
ARRIESGADO,219,124.99381757085834
ARRIESGADO,220,165.89145443481698
ARRIESGADO,221,114.61581225062872
ARRIESGADO,222,143.16036107861763
ARRIESGADO,223,146.5192777155359
ARRIESGADO,224,132.39911864654778
ARRIESGADO,225,105.58537503095125
ARRIESGADO,226,157.2391094336619
ARRIESGADO,227,134.8682824565857
ARRIESGADO,228,172.7299370086218
ARRIESGADO,229,137.74169947694608
ARRIESGADO,230,132.98592802193812
ARRIESGADO,231,164.3399532024502
ARRIESGADO,232,131.4004359220733
ARRIESGADO,233,96.29657805768537
ARRIESGADO,234,131.29148740986406
ARRIESGADO,235,151.06057004122374
ARRIESGADO,236,136.25560570092964
ARRIESGADO,237,144.55234786836886
ARRIESGADO,238,133.7765539363274
ARRIESGADO,239,130.00824665723627
ARRIESGADO,240,183.2894792474762
ARRIESGADO,241,160.56259956673776
ARRIESGADO,242,124.4381676713382
ARRIESGADO,243,146.47101052810655
ARRIESGADO,244,139.95959340776454
ARRIESGADO,245,107.20915005865893
ARRIESGADO,246,166.80452056793152
ARRIESGADO,247,153.33231097357194
ARRIESGADO,248,140.19722223658584
ARRIESGADO,249,129.18585144796157
ARRIESGADO,250,130.71017689592878
ARRIESGADO,251,157.11405249675147
ARRIESGADO,252,108.99112320265179
ARRIESGADO,253,155.92165169993703
ARRIESGADO,254,169.83122497276975
ARRIESGADO,255,157.67464894723082
ARRIESGADO,256,140.74074828445097
ARRIESGADO,257,138.24655260112323
ARRIESGADO,258,118.75677024838959
ARRIESGADO,259,144.8649426816685
ARRIESGADO,260,128.5970989725307
ARRIESGADO,261,129.53832621287214
ARRIESGADO,262,196.55434204392776
ARRIESGADO,263,130.17527615159324
ARRIESGADO,264,88.96982593091091
ARRIESGADO,265,201.7951843192355
ARRIESGADO,266,123.41614592938838
ARRIESGADO,267,146.61246578307498
ARRIESGADO,268,137.43188855527262
ARRIESGADO,269,124.18032588460903
ARRIESGADO,270,154.16418243591212
ARRIESGADO,271,156.65646834525623
ARRIESGADO,272,123.0592877832951
ARRIESGADO,273,167.06357191495334
ARRIESGADO,274,182.48089380774573
ARRIESGADO,275,135.7922866500042
ARRIESGADO,276,145.75916708799843
ARRIESGADO,277,152.4756026067634
ARRIESGADO,278,124.32382313151112
ARRIESGADO,279,173.57709910135446
ARRIESGADO,280,107.02727515832268
ARRIESGADO,281,149.33901682194073
ARRIESGADO,282,123.5055842546221
ARRIESGADO,283,117.14538948758297
ARRIESGADO,284,188.07763406062773
ARRIESGADO,285,164.4147140818242
ARRIESGADO,286,112.01515837332724
ARRIESGADO,287,174.4653241587967
ARRIESGADO,288,125.43486658987149
ARRIESGADO,289,109.97586790909807
ARRIESGADO,290,166.12470088728045
ARRIESGADO,291,161.76740500455534
ARRIESGADO,292,128.90028294671384
ARRIESGADO,293,96.20621629547604
ARRIESGADO,294,156.75457316242517
ARRIESGADO,295,130.62949943286014
ARRIESGADO,296,147.23222976085395
ARRIESGADO,297,172.18471194601827
ARRIESGADO,298,126.40346641263477
ARRIESGADO,299,154.70827224269175
ARRIESGADO,300,176.95374354905374
ARRIESGADO,301,132.5346958033685
ARRIESGADO,302,174.15429149899555
ARRIESGADO,303,201.95643939010805
ARRIESGADO,304,159.6030256793114
ARRIESGADO,305,155.76909625717272
ARRIESGADO,306,136.64039340685963
ARRIESGADO,307,115.07076130468414
ARRIESGADO,308,127.49267871016234
ARRIESGADO,309,155.11632185125205
ARRIESGADO,310,144.3076498570332
ARRIESGADO,311,160.36324818398117
ARRIESGADO,312,135.23269267721605
ARRIESGADO,313,131.6749750798426
ARRIESGADO,314,174.09806991471376
ARRIESGADO,315,111.86640725507698
ARRIESGADO,316,125.91551517362629
ARRIESGADO,317,124.69263029493317
ARRIESGADO,318,181.51365446618092
ARRIESGADO,319,136.2536518980519
ARRIESGADO,320,121.47408205728071
ARRIESGADO,321,142.88620562023033
ARRIESGADO,322,171.78833900203836
ARRIESGADO,323,173.02919355193228
ARRIESGADO,324,158.65882534592515
ARRIESGADO,325,166.43215256431236
ARRIESGADO,326,99.49552957470763
ARRIESGADO,327,134.37190463755496
ARRIESGADO,328,139.8233789173322
ARRIESGADO,329,124.33662043271855
ARRIESGADO,330,151.26007891047163
ARRIESGADO,331,149.13933429446575
ARRIESGADO,332,155.44329855753944
ARRIESGADO,333,124.08881479817555
ARRIESGADO,334,153.8491918548501
ARRIESGADO,335,96.99907707213738
ARRIESGADO,336,142.05426135906984
ARRIESGADO,337,154.57559378616273
ARRIESGADO,338,147.00919616465015
ARRIESGADO,339,108.71314699340292
ARRIESGADO,340,149.05975233346823
ARRIESGADO,341,129.0616977318588
ARRIESGADO,342,187.31143256529188
ARRIESGADO,343,153.11265987800965
ARRIESGADO,344,134.15302863500114
ARRIESGADO,345,140.10169562870996
ARRIESGADO,346,150.16938757251603
ARRIESGADO,347,153.36242745521372
ARRIESGADO,348,176.18031339676693
ARRIESGADO,349,148.45402173663504
ARRIESGADO,350,154.5906203982047
ARRIESGADO,351,150.3889301064843
ARRIESGADO,352,131.66028494448958
ARRIESGADO,353,147.67457387211203
ARRIESGADO,354,168.01808942514174
ARRIESGADO,355,136.80908102438985
ARRIESGADO,356,128.98889708597943
ARRIESGADO,357,161.07781774619576
ARRIESGADO,358,145.13495592115328
ARRIESGADO,359,160.1904062487996
ARRIESGADO,360,144.50124691546102
ARRIESGADO,361,148.91772221177314
ARRIESGADO,362,89.19534545795433
ARRIESGADO,363,134.23734095865188
ARRIESGADO,364,154.16761548797558
ARRIESGADO,365,138.64239977825457
ARRIESGADO,366,180.90806428619112
ARRIESGADO,367,148.41413243029794
ARRIESGADO,368,143.12743272655834
ARRIESGADO,369,134.99555911711337
ARRIESGADO,370,136.15392584161353
ARRIESGADO,371,127.1213714541276
ARRIESGADO,372,109.68993530560047
ARRIESGADO,373,171.16791178589796
ARRIESGADO,374,157.60447971461528
ARRIESGADO,375,177.6004516091639
ARRIESGADO,376,140.09718487196594
ARRIESGADO,377,141.27174985147755
ARRIESGADO,378,129.31807049697457
ARRIESGADO,379,149.93168327909103
ARRIESGADO,380,170.12331800276496
ARRIESGADO,381,171.81822396755086
ARRIESGADO,382,179.14868766735498
ARRIESGADO,383,120.91060795257185
ARRIESGADO,384,131.05309844131227
ARRIESGADO,385,168.87076294675992
ARRIESGADO,386,99.50368795785582
ARRIESGADO,387,126.80597752800425
ARRIESGADO,388,162.7048178381278
ARRIESGADO,389,181.06641841828406
ARRIESGADO,390,156.61587833200903
ARRIESGADO,391,150.08955339586177
ARRIESGADO,392,134.96383386008273
ARRIESGADO,393,198.43903430212967
ARRIESGADO,394,125.67896651928939
ARRIESGADO,395,123.06020192208587
ARRIESGADO,396,103.29810008129071
ARRIESGADO,397,139.16530564840235
ARRIESGADO,398,160.77020315450233
ARRIESGADO,399,133.67174300219614
ARRIESGADO,400,127.39053895480947
ARRIESGADO,401,139.78022990886262
ARRIESGADO,402,127.30304694678982
ARRIESGADO,403,170.09154928824955
ARRIESGADO,404,137.85035967212318
ARRIESGADO,405,180.81787134489323
ARRIESGADO,406,146.32256080734692
ARRIESGADO,407,156.85477184080924
ARRIESGADO,408,137.32765574719713
ARRIESGADO,409,153.56169387647014
ARRIESGADO,410,150.29120396130492
ARRIESGADO,411,157.40390611082142
ARRIESGADO,412,147.06280818914294
ARRIESGADO,413,146.3856224141684
ARRIESGADO,414,107.14292317810242
ARRIESGADO,415,96.01668257859234
ARRIESGADO,416,165.14594207831627
ARRIESGADO,417,137.59707442253617
ARRIESGADO,418,175.52680921092121
ARRIESGADO,419,114.07076981797876
ARRIESGADO,420,220.55078431236282
ARRIESGADO,421,195.0050837797496
ARRIESGADO,422,154.6190930241365
ARRIESGADO,423,145.34434588315645
ARRIESGADO,424,194.91873154338816
ARRIESGADO,425,150.19784238871443
ARRIESGADO,426,115.97230224233249
ARRIESGADO,427,112.7394272069804
ARRIESGADO,428,123.58720847057886
ARRIESGADO,429,133.71104731584614
ARRIESGADO,430,131.4678692186927
ARRIESGADO,431,171.92740490469757
ARRIESGADO,432,109.64488798033119
ARRIESGADO,433,128.87242891919408
ARRIESGADO,434,150.41305895106674
ARRIESGADO,435,127.51581883582958
ARRIESGADO,436,144.59041780209694
ARRIESGADO,437,148.45468903888352
ARRIESGADO,438,176.68699862433564
ARRIESGADO,439,140.65889487858186
ARRIESGADO,440,172.7676179850322
ARRIESGADO,441,169.22783693251068
ARRIESGADO,442,112.9274493436306
ARRIESGADO,443,152.11149912222598
ARRIESGADO,444,146.35839020530562
ARRIESGADO,445,148.29571315297963
ARRIESGADO,446,117.10435011843899
ARRIESGADO,447,204.12345115718932
ARRIESGADO,448,137.63280001826053
ARRIESGADO,449,153.21565217851264
ARRIESGADO,450,157.56664334172137
ARRIESGADO,451,153.31880091510234
ARRIESGADO,452,141.5544602384774
ARRIESGADO,453,127.21866612890089
ARRIESGADO,454,124.89101579790375
ARRIESGADO,455,138.89237856571046
ARRIESGADO,456,153.59369386750856
ARRIESGADO,457,140.91227443282412
ARRIESGADO,458,105.99713477639864
ARRIESGADO,459,127.84937826612972
ARRIESGADO,460,146.06385875025074
ARRIESGADO,461,154.4734927709432
ARRIESGADO,462,169.45541483881536
ARRIESGADO,463,144.65255226939576
ARRIESGADO,464,140.553974912934
ARRIESGADO,465,151.10046890815843
ARRIESGADO,466,184.32988831747392
ARRIESGADO,467,130.31146155805772
ARRIESGADO,468,173.6808112791951
ARRIESGADO,469,156.221959132086
ARRIESGADO,470,162.41713181148148
ARRIESGADO,471,147.36269917463258
ARRIESGADO,472,119.57259783057957
ARRIESGADO,473,133.87264272518098
ARRIESGADO,474,133.34635122268443
ARRIESGADO,475,135.20968329561114
ARRIESGADO,476,167.82105034037716
ARRIESGADO,477,122.89257574924318
ARRIESGADO,478,180.08175411874868
ARRIESGADO,479,128.92249932036566
ARRIESGADO,480,142.0638640489552
ARRIESGADO,481,180.97470995395292
ARRIESGADO,482,128.2525682800324
ARRIESGADO,483,134.9073486754086
ARRIESGADO,484,169.7040434675403
ARRIESGADO,485,129.40928440018655
ARRIESGADO,486,129.19833461692207
ARRIESGADO,487,162.88421841435917
ARRIESGADO,488,117.99429413463615
ARRIESGADO,489,158.2917485415512
ARRIESGADO,490,153.95132206267527
ARRIESGADO,491,155.41149900947778
ARRIESGADO,492,103.84896742647932
ARRIESGADO,493,201.2478475596839
ARRIESGADO,494,129.94843310406222
ARRIESGADO,495,119.20337481233416
ARRIESGADO,496,169.8736368627463
ARRIESGADO,497,177.51389019814266
ARRIESGADO,498,156.43910729596868
ARRIESGADO,499,172.76536036256874
ARRIESGADO,500,163.7862623880531
ARRIESGADO,501,150.32779031407523
ARRIESGADO,502,125.46439498005748
ARRIESGADO,503,198.13975382326208
ARRIESGADO,504,188.3443319337925
ARRIESGADO,505,116.66914456375702
ARRIESGADO,506,191.74595680370257
ARRIESGADO,507,136.4870086058345
ARRIESGADO,508,144.55871151427607
ARRIESGADO,509,144.04232828658553
ARRIESGADO,510,165.12821559057807
ARRIESGADO,511,136.00928588521953
ARRIESGADO,512,143.54279517013387
ARRIESGADO,513,157.7472376536215
ARRIESGADO,514,160.86622004792807
ARRIESGADO,515,129.66933681355508
ARRIESGADO,516,119.14742628290102
ARRIESGADO,517,133.69264114753943
ARRIESGADO,518,153.44334364577415
ARRIESGADO,519,122.66974199816794
ARRIESGADO,520,120.05185515179848
ARRIESGADO,521,144.81920826262373
ARRIESGADO,522,138.95453579755815
ARRIESGADO,523,149.3090581901077
ARRIESGADO,524,163.33348800258793
ARRIESGADO,525,123.91907266579048
ARRIESGADO,526,152.5036876417609
ARRIESGADO,527,164.2204146603942
ARRIESGADO,528,129.84490941467755
ARRIESGADO,529,189.9972924361586
ARRIESGADO,530,146.48354640808836
ARRIESGADO,531,131.3113050799135
ARRIESGADO,532,153.32892054037276
ARRIESGADO,533,187.08848875008132
ARRIESGADO,534,134.84791224487665
ARRIESGADO,535,165.3552869208027
ARRIESGADO,536,99.81099378883337
ARRIESGADO,537,166.02284848681546
ARRIESGADO,538,93.7160526021737
ARRIESGADO,539,154.03128755420863
ARRIESGADO,540,120.31994197359131
ARRIESGADO,541,130.72863062785137
ARRIESGADO,542,138.0711386132618
ARRIESGADO,543,128.20381579095127
ARRIESGADO,544,189.11538623825857
ARRIESGADO,545,167.56032198104472
ARRIESGADO,546,121.11136694877159
ARRIESGADO,547,143.24287263899845
ARRIESGADO,548,124.43830109431202
ARRIESGADO,549,184.2112082470906
ARRIESGADO,550,101.96551162564111
ARRIESGADO,551,147.28657170291046
ARRIESGADO,552,108.99719925306951
ARRIESGADO,553,127.26110201849033
ARRIESGADO,554,154.2628713403731
ARRIESGADO,555,165.1066628306273
ARRIESGADO,556,140.9287047023109
ARRIESGADO,557,129.2876629133766
ARRIESGADO,558,109.74742996553438
ARRIESGADO,559,138.33092625281165
ARRIESGADO,560,177.17358369780612
ARRIESGADO,561,151.73397086262798
ARRIESGADO,562,139.95854463963113
ARRIESGADO,563,96.7991252598876
ARRIESGADO,564,117.06101890247987
ARRIESGADO,565,171.91585348356807
ARRIESGADO,566,181.73128605414703
ARRIESGADO,567,119.53697722754822
ARRIESGADO,568,194.7035991070453
ARRIESGADO,569,151.06592112864453
ARRIESGADO,570,151.61185659277737
ARRIESGADO,571,161.92219198494902
ARRIESGADO,572,136.09172383949806
ARRIESGADO,573,173.79177876014913
ARRIESGADO,574,174.94499888382379
ARRIESGADO,575,148.66484131462113
ARRIESGADO,576,154.39471256357163
ARRIESGADO,577,144.6384722400984
ARRIESGADO,578,104.05035416057689
ARRIESGADO,579,176.5540643859892
ARRIESGADO,580,144.21023825035783
ARRIESGADO,581,169.85345035084669
ARRIESGADO,582,164.82286131520542
ARRIESGADO,583,179.4740942292882
ARRIESGADO,584,128.89096638896928
ARRIESGADO,585,147.17560015071638
ARRIESGADO,586,93.71601565817149
ARRIESGADO,587,131.91395587220057
ARRIESGADO,588,178.0544409407604
ARRIESGADO,589,157.31087031840954
ARRIESGADO,590,159.08420345195663
ARRIESGADO,591,142.53938742944752
ARRIESGADO,592,140.63418101424108
ARRIESGADO,593,136.42018168460964
ARRIESGADO,594,194.84182308308317
ARRIESGADO,595,152.53882224013162
ARRIESGADO,596,179.2763621372187
ARRIESGADO,597,131.46820964065768
ARRIESGADO,598,159.56409343126413
ARRIESGADO,599,162.41261716289205
ARRIESGADO,600,112.9922999814877
ARRIESGADO,601,157.93901521761046
ARRIESGADO,602,136.94898010613338
ARRIESGADO,603,175.52632208015802
ARRIESGADO,604,112.11932762548565
ARRIESGADO,605,129.8429745326425
ARRIESGADO,606,192.73657666333705
ARRIESGADO,607,140.38821286407642
ARRIESGADO,608,160.3564552852494
ARRIESGADO,609,207.43686310888606
ARRIESGADO,610,130.80200898030836
ARRIESGADO,611,135.36047900784467
ARRIESGADO,612,128.46742165530299
ARRIESGADO,613,115.6501536937889
ARRIESGADO,614,126.13454539004928
ARRIESGADO,615,118.6066893349486
ARRIESGADO,616,123.51189353785287
ARRIESGADO,617,158.29552630562074
ARRIESGADO,618,151.7199905602735
ARRIESGADO,619,108.21060598880617
ARRIESGADO,620,137.2224882767558
ARRIESGADO,621,131.75464914618385
ARRIESGADO,622,146.77797629931797
ARRIESGADO,623,147.55624425006798
ARRIESGADO,624,135.6864206932509
ARRIESGADO,625,135.91379222683372
ARRIESGADO,626,144.21440242021282
ARRIESGADO,627,120.18431996567146
ARRIESGADO,628,125.37612958814628
ARRIESGADO,629,176.01674361241098
ARRIESGADO,630,114.85409053982913
ARRIESGADO,631,154.87410003269082
ARRIESGADO,632,130.5688044610407
ARRIESGADO,633,132.8968934367636
ARRIESGADO,634,137.17535360414243
ARRIESGADO,635,140.83325701113284
ARRIESGADO,636,144.60877678397912
ARRIESGADO,637,118.09079169274352
ARRIESGADO,638,147.45791185878392
ARRIESGADO,639,111.29927014083795
ARRIESGADO,640,143.23875721405963
ARRIESGADO,641,139.37919059247736
ARRIESGADO,642,135.59487644079172
ARRIESGADO,643,146.16902914163884
ARRIESGADO,644,148.92936264511096
ARRIESGADO,645,157.31314189200708
ARRIESGADO,646,104.62239529821954
ARRIESGADO,647,114.92695837977146
ARRIESGADO,648,177.95588222347033
ARRIESGADO,649,105.45710823830208
ARRIESGADO,650,162.6341205906595
ARRIESGADO,651,134.91163345727406
ARRIESGADO,652,94.78910651711013
ARRIESGADO,653,126.30291600571728
ARRIESGADO,654,98.91752737598473
ARRIESGADO,655,183.41250598133198
ARRIESGADO,656,152.60688366947147
ARRIESGADO,657,163.63731753471768
ARRIESGADO,658,143.71011410800236
ARRIESGADO,659,148.591405142018
ARRIESGADO,660,138.84331501187495
ARRIESGADO,661,138.47391198959195
ARRIESGADO,662,90.21837731890282
ARRIESGADO,663,127.60495921119735
ARRIESGADO,664,164.12989472727477
ARRIESGADO,665,152.0110133567843
ARRIESGADO,666,156.69785357439324
ARRIESGADO,667,147.1666984901807
ARRIESGADO,668,122.71654236510254
ARRIESGADO,669,168.0200079057373
ARRIESGADO,670,171.60001186901923
ARRIESGADO,671,165.45936414907993
ARRIESGADO,672,129.3024338825546
ARRIESGADO,673,187.4450781703691
ARRIESGADO,674,95.78639520800068
ARRIESGADO,675,166.16900861039
ARRIESGADO,676,149.89307467609353
ARRIESGADO,677,149.27932754143634
ARRIESGADO,678,186.20407284868918
ARRIESGADO,679,139.18698596817597
ARRIESGADO,680,133.93254809352396
ARRIESGADO,681,142.76786863274313
ARRIESGADO,682,172.85922042817975
ARRIESGADO,683,130.7727488885979
ARRIESGADO,684,154.32180749640247
ARRIESGADO,685,124.69607079117304
ARRIESGADO,686,148.52894398019274
ARRIESGADO,687,156.53163762961378
ARRIESGADO,688,133.79329990052977
ARRIESGADO,689,150.73410640586565
ARRIESGADO,690,157.24520126180724
ARRIESGADO,691,169.52601585857147
ARRIESGADO,692,154.8704766091329
ARRIESGADO,693,139.9517062063395
ARRIESGADO,694,118.02651711322649
ARRIESGADO,695,161.33684076819486
ARRIESGADO,696,130.73731661241965
ARRIESGADO,697,121.2169380443139
ARRIESGADO,698,144.81051570226975
ARRIESGADO,699,132.50948242445415
ARRIESGADO,700,124.11690678143238
ARRIESGADO,701,157.863434137439
ARRIESGADO,702,150.31441258577632
ARRIESGADO,703,134.74007229469595
ARRIESGADO,704,107.7736466823073
ARRIESGADO,705,128.63436675758086
ARRIESGADO,706,151.16492241924928
ARRIESGADO,707,141.90994630127187
ARRIESGADO,708,137.49326770067162
ARRIESGADO,709,148.76709170396103
ARRIESGADO,710,159.3494959861692
ARRIESGADO,711,176.3466251623589
ARRIESGADO,712,168.09108720292235
ARRIESGADO,713,133.21603920985763
ARRIESGADO,714,124.75460000292833
ARRIESGADO,715,128.96617727546382
ARRIESGADO,716,120.77694097943092
ARRIESGADO,717,127.7227813314675
ARRIESGADO,718,147.60749786970499
ARRIESGADO,719,160.70960530492292
ARRIESGADO,720,151.59581157030217
ARRIESGADO,721,94.82213811327453
ARRIESGADO,722,155.49335857491474
ARRIESGADO,723,94.81994553565242
ARRIESGADO,724,103.84501074332732
ARRIESGADO,725,113.96847934115766
ARRIESGADO,726,136.25025188880187
ARRIESGADO,727,157.71389478005034
ARRIESGADO,728,98.38078497281344
ARRIESGADO,729,137.81316039845947
ARRIESGADO,730,116.73219823322667
ARRIESGADO,731,135.94800722778402
ARRIESGADO,732,126.5475235987995
ARRIESGADO,733,197.28539909579453
ARRIESGADO,734,123.21215111875387
ARRIESGADO,735,147.3965778545617
ARRIESGADO,736,123.17283598796956
ARRIESGADO,737,171.8730769109655
ARRIESGADO,738,117.20521766557003
ARRIESGADO,739,136.01016803365002
ARRIESGADO,740,178.93009700845136
ARRIESGADO,741,141.69148650359296
ARRIESGADO,742,100.36101156443118
ARRIESGADO,743,132.20300788807032
ARRIESGADO,744,151.1176577575283
ARRIESGADO,745,157.15843922148304
ARRIESGADO,746,182.132841839803
ARRIESGADO,747,110.17778998835354
ARRIESGADO,748,130.29550507068615
ARRIESGADO,749,139.65421580776155
ARRIESGADO,750,148.6075722871351
ARRIESGADO,751,145.73054034305423
ARRIESGADO,752,178.19563350330782
ARRIESGADO,753,132.4247903489234
ARRIESGADO,754,159.14868963120617
ARRIESGADO,755,154.40895065714852
ARRIESGADO,756,113.82012866947093
ARRIESGADO,757,139.88434460682961
ARRIESGADO,758,154.77583806159504
ARRIESGADO,759,160.57301000350083
ARRIESGADO,760,135.52468296922208
ARRIESGADO,761,131.8117537957645
ARRIESGADO,762,152.33801845441687
ARRIESGADO,763,149.16970649480305
ARRIESGADO,764,141.98876233315008
ARRIESGADO,765,161.81467657432773
ARRIESGADO,766,192.06558969761244
ARRIESGADO,767,156.77186198241571
ARRIESGADO,768,130.1752263304973
ARRIESGADO,769,100.89346414795608
ARRIESGADO,770,160.79759966001563
ARRIESGADO,771,162.11638865866078
ARRIESGADO,772,172.89395546930544
ARRIESGADO,773,171.99957505418752
ARRIESGADO,774,163.240934700103
ARRIESGADO,775,181.8352374229881
ARRIESGADO,776,150.04315657137516
ARRIESGADO,777,187.86554384315713
ARRIESGADO,778,107.07679161529096
ARRIESGADO,779,122.22870764371217
ARRIESGADO,780,102.46848627862731
ARRIESGADO,781,189.16916661152896
ARRIESGADO,782,126.29420806550301
ARRIESGADO,783,142.12224671100108
ARRIESGADO,784,111.5902820167315
ARRIESGADO,785,124.5347380745872
ARRIESGADO,786,144.4818025015488
ARRIESGADO,787,148.07357656534182
ARRIESGADO,788,139.13891421202547
ARRIESGADO,789,135.9022627817955
ARRIESGADO,790,186.27899520466204
ARRIESGADO,791,136.87524062816718
ARRIESGADO,792,125.08915551530886
ARRIESGADO,793,124.07719489984511
ARRIESGADO,794,119.4011998032798
ARRIESGADO,795,162.79470474116548
ARRIESGADO,796,174.81996639418688
ARRIESGADO,797,138.94404875298332
ARRIESGADO,798,133.3781845774333
ARRIESGADO,799,152.72474032480505
ARRIESGADO,800,131.67310590242602
ARRIESGADO,801,134.9512513940361
ARRIESGADO,802,119.42836241033632
ARRIESGADO,803,126.15579162209916
ARRIESGADO,804,118.28867167599861
ARRIESGADO,805,167.91224456928776
ARRIESGADO,806,121.50164857051007
ARRIESGADO,807,103.3150845306383
ARRIESGADO,808,164.77633276289842
ARRIESGADO,809,127.40724416912828
ARRIESGADO,810,149.28321802683848
ARRIESGADO,811,145.64066219317908
ARRIESGADO,812,150.4493800863454
ARRIESGADO,813,150.80691693293514
ARRIESGADO,814,122.5713417254174
ARRIESGADO,815,180.62121690765386
ARRIESGADO,816,149.48360228323844
ARRIESGADO,817,161.9466263537505
ARRIESGADO,818,127.27396617724861
ARRIESGADO,819,116.87333178392005
ARRIESGADO,820,118.89717853493863
ARRIESGADO,821,153.5257431837512
ARRIESGADO,822,110.80290550812589
ARRIESGADO,823,146.03725850931986
ARRIESGADO,824,150.57554927522364
ARRIESGADO,825,145.31463647569683
ARRIESGADO,826,180.10298258747153
ARRIESGADO,827,155.07697318122848
ARRIESGADO,828,109.68430838101922
ARRIESGADO,829,119.65957007323891
ARRIESGADO,830,138.57877047572404
ARRIESGADO,831,92.13843913132663
ARRIESGADO,832,116.79409208866431
ARRIESGADO,833,131.12826261351333
ARRIESGADO,834,127.78968268004122
ARRIESGADO,835,187.18055886411196
ARRIESGADO,836,160.0421271551257
ARRIESGADO,837,130.45497838695653
ARRIESGADO,838,125.30484510540478
ARRIESGADO,839,182.02800325682207
ARRIESGADO,840,118.4695629530117
ARRIESGADO,841,193.37517245649667
ARRIESGADO,842,115.65422897067072
ARRIESGADO,843,139.58417977537292
ARRIESGADO,844,111.73142341290098
ARRIESGADO,845,115.41157943036583
ARRIESGADO,846,155.89801563619568
ARRIESGADO,847,162.22851102379818
ARRIESGADO,848,167.190173082357
ARRIESGADO,849,131.3097720410974
ARRIESGADO,850,126.07545004048029
ARRIESGADO,851,177.48020607636968
ARRIESGADO,852,145.73333385208235
ARRIESGADO,853,161.62533089348767
ARRIESGADO,854,148.45756146615992
ARRIESGADO,855,130.8652257454924
ARRIESGADO,856,148.94118516357983
ARRIESGADO,857,141.02861407118485
ARRIESGADO,858,162.05479193644086
ARRIESGADO,859,127.17650052496616
ARRIESGADO,860,148.02496438252783
ARRIESGADO,861,148.15524015923555
ARRIESGADO,862,113.76781151715154
ARRIESGADO,863,97.92986157710693
ARRIESGADO,864,99.32186558715446
ARRIESGADO,865,177.4403060509004
ARRIESGADO,866,169.36470068125104
ARRIESGADO,867,122.00375115582108
ARRIESGADO,868,152.8947581850871
ARRIESGADO,869,129.81516108670064
ARRIESGADO,870,158.61976415119233
ARRIESGADO,871,159.36351819972214
ARRIESGADO,872,146.6033512221507
ARRIESGADO,873,168.9294534807197
ARRIESGADO,874,145.71590666274045
ARRIESGADO,875,118.86623477255216
ARRIESGADO,876,137.42380292878178
ARRIESGADO,877,141.73116479166382
ARRIESGADO,878,193.7937952810172
ARRIESGADO,879,123.05831449432493
ARRIESGADO,880,163.37529243046683
ARRIESGADO,881,151.5722847285624
ARRIESGADO,882,191.7193843919797
ARRIESGADO,883,153.06829672655556
ARRIESGADO,884,131.58190182041363
ARRIESGADO,885,144.4227571686831
ARRIESGADO,886,128.08793653425832
ARRIESGADO,887,139.12113714491537
ARRIESGADO,888,132.91278263535116
ARRIESGADO,889,88.53788708689609
ARRIESGADO,890,195.66815393898094
ARRIESGADO,891,168.91352871137187
ARRIESGADO,892,154.67958688219647
ARRIESGADO,893,148.26155560383603
ARRIESGADO,894,119.11219170654434
ARRIESGADO,895,99.31318064977097
ARRIESGADO,896,157.399917919958
ARRIESGADO,897,152.60556056385892
ARRIESGADO,898,163.29646559983115
ARRIESGADO,899,174.04901634859988
ARRIESGADO,900,153.36956730278064
ARRIESGADO,901,155.05915549628082
ARRIESGADO,902,152.90336577316646
ARRIESGADO,903,99.58598979368297
ARRIESGADO,904,128.72609293837837
ARRIESGADO,905,127.12219133556701
ARRIESGADO,906,143.25274185279554
ARRIESGADO,907,87.48049838329386
ARRIESGADO,908,155.70074110427825
ARRIESGADO,909,125.59730808847465
ARRIESGADO,910,193.06536863435792
ARRIESGADO,911,125.67908015998641
ARRIESGADO,912,194.1194672900404
ARRIESGADO,913,129.49414890657272
ARRIESGADO,914,148.06632600768745
ARRIESGADO,915,135.45273335735564
ARRIESGADO,916,144.97209768558164
ARRIESGADO,917,116.97458935708961
ARRIESGADO,918,124.35526855712027
ARRIESGADO,919,171.2848001064754
ARRIESGADO,920,143.07670036051317
ARRIESGADO,921,109.0522960401064
ARRIESGADO,922,175.37802432246153
ARRIESGADO,923,132.03056727151312
ARRIESGADO,924,135.39511430971513
ARRIESGADO,925,127.70544389743203
ARRIESGADO,926,152.13331579340164
ARRIESGADO,927,158.1311188453132
ARRIESGADO,928,143.80887121662778
ARRIESGADO,929,124.85428770559378
ARRIESGADO,930,158.82098123254656
ARRIESGADO,931,159.92393857312265
ARRIESGADO,932,139.65059843747244
ARRIESGADO,933,158.5540140912581
ARRIESGADO,934,134.3845058702848
ARRIESGADO,935,152.82950712037203
ARRIESGADO,936,138.51070190601897
ARRIESGADO,937,116.15204803897082
ARRIESGADO,938,147.9666457682942
ARRIESGADO,939,122.93670218581758
ARRIESGADO,940,149.2090765079955
ARRIESGADO,941,151.5942930942191
ARRIESGADO,942,143.94533433626125
ARRIESGADO,943,137.3661633332757
ARRIESGADO,944,188.52828385076074
ARRIESGADO,945,148.86927817845557
ARRIESGADO,946,170.0363112735216
ARRIESGADO,947,123.74881340057753
ARRIESGADO,948,132.61738567767944
ARRIESGADO,949,114.06811039067932
ARRIESGADO,950,171.57920374857045
ARRIESGADO,951,171.52792057929392
ARRIESGADO,952,129.3722148447026
ARRIESGADO,953,130.49545417011166
ARRIESGADO,954,160.62233476520007
ARRIESGADO,955,124.20963894021209
ARRIESGADO,956,150.66972113439542
ARRIESGADO,957,152.91153729253247
ARRIESGADO,958,152.68059431147938
ARRIESGADO,959,173.8833929508398
ARRIESGADO,960,158.1629967776247
ARRIESGADO,961,91.38661388085099
ARRIESGADO,962,100.57251997436848
ARRIESGADO,963,144.03816400812505
ARRIESGADO,964,183.07613489340307
ARRIESGADO,965,127.59198891008654
ARRIESGADO,966,159.9647614210981
ARRIESGADO,967,108.63365695076227
ARRIESGADO,968,143.4786064313294
ARRIESGADO,969,186.36411825487278
ARRIESGADO,970,126.51293903196458
ARRIESGADO,971,144.45286190233028
ARRIESGADO,972,134.24791690583794
ARRIESGADO,973,162.94053917979556
ARRIESGADO,974,224.8629812617133
ARRIESGADO,975,116.56472385836123
ARRIESGADO,976,138.1117722736889
ARRIESGADO,977,105.26367026893612
ARRIESGADO,978,103.2326894780685
ARRIESGADO,979,145.98862595490505
ARRIESGADO,980,122.49879354590037
ARRIESGADO,981,164.08427130028494
ARRIESGADO,982,120.36199634460637
ARRIESGADO,983,119.32770367139035
ARRIESGADO,984,126.98565721560215
ARRIESGADO,985,141.3311244069351
ARRIESGADO,986,137.79302923141358
ARRIESGADO,987,123.39006160042075
ARRIESGADO,988,168.44939332736294
ARRIESGADO,989,146.43562260360397
ARRIESGADO,990,159.45904567680893
ARRIESGADO,991,158.08056445904134
ARRIESGADO,992,130.3016136744538
ARRIESGADO,993,168.79109420474813
ARRIESGADO,994,158.9156361214796
ARRIESGADO,995,117.04192285866156
ARRIESGADO,996,146.49912544661692
ARRIESGADO,997,159.9700630509907
ARRIESGADO,998,171.54836174211778
ARRIESGADO,999,167.45422818055042
ARRIESGADO,1000,181.83750029700556
ARRIESGADO,1001,128.46140239774138
ARRIESGADO,1002,115.02088295694583
ARRIESGADO,1003,149.49768089019616
ARRIESGADO,1004,152.72389184439186
ARRIESGADO,1005,115.39907555718156
ARRIESGADO,1006,126.19524462130903
ARRIESGADO,1007,137.5121679280219
ARRIESGADO,1008,107.81264344769873
ARRIESGADO,1009,145.23537077907133
ARRIESGADO,1010,150.8836349919424
ARRIESGADO,1011,145.30824151310696
ARRIESGADO,1012,156.20962541801748
ARRIESGADO,1013,113.82076818451537
ARRIESGADO,1014,162.98114671577292
ARRIESGADO,1015,119.22069010548705
ARRIESGADO,1016,134.62160353058772
ARRIESGADO,1017,112.12394433070934
ARRIESGADO,1018,126.22829845313171
ARRIESGADO,1019,188.12011130993528
ARRIESGADO,1020,160.37638138926766
ARRIESGADO,1021,146.0672473284821
ARRIESGADO,1022,155.2180249695533
ARRIESGADO,1023,185.9980808187178
ARRIESGADO,1024,164.0301368268153
ARRIESGADO,1025,174.0261955286281
ARRIESGADO,1026,157.15785149366667
ARRIESGADO,1027,161.8232278766995
ARRIESGADO,1028,150.11501137592091
ARRIESGADO,1029,154.1800778636882
ARRIESGADO,1030,140.8250708716826
ARRIESGADO,1031,160.01587728677674
ARRIESGADO,1032,137.33660572912243
ARRIESGADO,1033,132.5432680528019
ARRIESGADO,1034,172.8167914861548
ARRIESGADO,1035,160.23279643508272
ARRIESGADO,1036,168.079215270572
ARRIESGADO,1037,138.51815412771265
ARRIESGADO,1038,141.53112579209306
ARRIESGADO,1039,160.6837699775582
ARRIESGADO,1040,134.56351579597123
ARRIESGADO,1041,115.49076020223094
ARRIESGADO,1042,122.09833558463606
ARRIESGADO,1043,141.8242072629034
ARRIESGADO,1044,115.36950672361243
ARRIESGADO,1045,152.3097155006122
ARRIESGADO,1046,101.83580302425916
ARRIESGADO,1047,157.598742383458
ARRIESGADO,1048,128.5643272451138
ARRIESGADO,1049,145.31189091399006
ARRIESGADO,1050,140.46115791491104
ARRIESGADO,1051,153.42012136282256
ARRIESGADO,1052,195.04032354351835
ARRIESGADO,1053,153.11465678617867
ARRIESGADO,1054,113.4484301576138
ARRIESGADO,1055,185.42461018248062
ARRIESGADO,1056,137.85733307687372
ARRIESGADO,1057,126.37416863037154
ARRIESGADO,1058,150.68289503918876
ARRIESGADO,1059,132.32725232525556
ARRIESGADO,1060,119.13057460892647
ARRIESGADO,1061,111.34462854225168
ARRIESGADO,1062,137.75598777148636
ARRIESGADO,1063,132.67951997675766
ARRIESGADO,1064,141.06524977777315
ARRIESGADO,1065,155.55948111247528
ARRIESGADO,1066,127.70286651503619
ARRIESGADO,1067,156.9610621043005
ARRIESGADO,1068,169.58251567564315
ARRIESGADO,1069,167.68511341875416
ARRIESGADO,1070,115.12305972598378
ARRIESGADO,1071,129.5575547963146
ARRIESGADO,1072,136.02770452776835
ARRIESGADO,1073,120.53834861054109
ARRIESGADO,1074,148.10597599279646
ARRIESGADO,1075,149.33442739300585
ARRIESGADO,1076,117.95277487425619
ARRIESGADO,1077,134.01843445288947
ARRIESGADO,1078,177.223870482172
ARRIESGADO,1079,131.91739434439805
ARRIESGADO,1080,151.29914612464265
ARRIESGADO,1081,150.02731798261746
ARRIESGADO,1082,181.8570479116458
ARRIESGADO,1083,168.0809206946442
ARRIESGADO,1084,107.44056220689264
ARRIESGADO,1085,162.6353531789308
ARRIESGADO,1086,137.63670084630496
ARRIESGADO,1087,140.88316558735076
ARRIESGADO,1088,122.51378947688755
ARRIESGADO,1089,156.81760254963365
ARRIESGADO,1090,113.05537412420202
ARRIESGADO,1091,138.63964771399066
ARRIESGADO,1092,155.94125126182684
ARRIESGADO,1093,168.10374528175154
ARRIESGADO,1094,141.56038516453282
ARRIESGADO,1095,129.68839587702516
ARRIESGADO,1096,152.32818452019268
ARRIESGADO,1097,143.0750746917186
ARRIESGADO,1098,144.0587673029355
ARRIESGADO,1099,162.08629420433238
ARRIESGADO,1100,144.45424686798475
ARRIESGADO,1101,136.17214195335396
ARRIESGADO,1102,114.58208162035301
ARRIESGADO,1103,137.18133574077055
ARRIESGADO,1104,126.98410720327779
ARRIESGADO,1105,155.96529006632318
ARRIESGADO,1106,146.33105787765942
ARRIESGADO,1107,129.53181076273992
ARRIESGADO,1108,129.33264264203
ARRIESGADO,1109,170.69084510626908
ARRIESGADO,1110,124.78499070835176
ARRIESGADO,1111,154.10925904667963
ARRIESGADO,1112,151.6491350469887
ARRIESGADO,1113,139.15829916877604
ARRIESGADO,1114,157.14131472361868
ARRIESGADO,1115,132.08891739043938
ARRIESGADO,1116,140.09715653275032
ARRIESGADO,1117,135.91091734652358
ARRIESGADO,1118,148.84306966048737
ARRIESGADO,1119,111.2374064998188
ARRIESGADO,1120,146.36339874851438
ARRIESGADO,1121,164.1381025256203
ARRIESGADO,1122,146.54452698835675
ARRIESGADO,1123,95.09462227812709
ARRIESGADO,1124,154.8452205756952
ARRIESGADO,1125,141.02859514313832
ARRIESGADO,1126,177.8239541499069
ARRIESGADO,1127,128.11875873281934
ARRIESGADO,1128,142.0653787129627
ARRIESGADO,1129,162.1062779277902
ARRIESGADO,1130,187.45920781415305
ARRIESGADO,1131,178.23227612009316
ARRIESGADO,1132,164.2616129958315
ARRIESGADO,1133,120.03587677912415
ARRIESGADO,1134,130.60086146942598
ARRIESGADO,1135,152.04674681589137
ARRIESGADO,1136,134.15104999560987
ARRIESGADO,1137,180.78713872204756
ARRIESGADO,1138,134.92462866441033
ARRIESGADO,1139,140.02573653879463
ARRIESGADO,1140,129.21850236338
ARRIESGADO,1141,136.88686253203602
ARRIESGADO,1142,178.24754408620998
ARRIESGADO,1143,177.9147638102977
ARRIESGADO,1144,152.63946630844407
ARRIESGADO,1145,143.51028861610854
ARRIESGADO,1146,129.25968267684058
ARRIESGADO,1147,170.68387892852377
ARRIESGADO,1148,136.84956275322702
ARRIESGADO,1149,118.91022119599447
ARRIESGADO,1150,151.37787780429642
ARRIESGADO,1151,131.5917338584425
ARRIESGADO,1152,129.52266526825196
ARRIESGADO,1153,145.5472058660985
ARRIESGADO,1154,144.5733396782412
ARRIESGADO,1155,127.2838703452365
ARRIESGADO,1156,128.95239197366587
ARRIESGADO,1157,172.6871415590595
ARRIESGADO,1158,140.90038157580037
ARRIESGADO,1159,167.55439189030864
ARRIESGADO,1160,151.30980697945728
ARRIESGADO,1161,124.12394564882038
ARRIESGADO,1162,146.78733653156462
ARRIESGADO,1163,108.50295595408963
ARRIESGADO,1164,147.94800754958607
ARRIESGADO,1165,164.4179277253713
ARRIESGADO,1166,112.70043857403098
ARRIESGADO,1167,129.8585332469682
ARRIESGADO,1168,167.72733231068688
ARRIESGADO,1169,150.80658559523678
ARRIESGADO,1170,140.2954635535137
ARRIESGADO,1171,186.39348072295368
ARRIESGADO,1172,179.19667806718934
ARRIESGADO,1173,159.5963554280436
ARRIESGADO,1174,102.24433482836626
ARRIESGADO,1175,143.19617081708202
ARRIESGADO,1176,153.34244847071884
ARRIESGADO,1177,117.12847240085186
ARRIESGADO,1178,124.58114620524914
ARRIESGADO,1179,137.84700723162516
ARRIESGADO,1180,148.35783245509145
ARRIESGADO,1181,129.627412045967
ARRIESGADO,1182,166.70678937340202
ARRIESGADO,1183,165.67082629238456
ARRIESGADO,1184,172.15470833675943
ARRIESGADO,1185,143.86638401614698
ARRIESGADO,1186,157.35969809680464
ARRIESGADO,1187,135.47015768530682
ARRIESGADO,1188,132.2634864298431
ARRIESGADO,1189,134.76297453996844
ARRIESGADO,1190,124.98057514266551
ARRIESGADO,1191,115.7487327041562
ARRIESGADO,1192,180.64159164786247
ARRIESGADO,1193,204.56498806241473
ARRIESGADO,1194,129.43436402426624
ARRIESGADO,1195,157.81136361914164
ARRIESGADO,1196,141.06860319898283
ARRIESGADO,1197,94.37816116585128
ARRIESGADO,1198,149.8870583455835
ARRIESGADO,1199,114.33993809232364
ARRIESGADO,1200,118.24712992877917
ARRIESGADO,1201,119.56170776971393
ARRIESGADO,1202,150.52728330914377
ARRIESGADO,1203,139.61323766216725
ARRIESGADO,1204,115.40030730754387
ARRIESGADO,1205,126.18281598384914
ARRIESGADO,1206,190.70431398609446
ARRIESGADO,1207,127.13228418370032
ARRIESGADO,1208,153.63868615626694
ARRIESGADO,1209,156.10495692153987
ARRIESGADO,1210,125.19335253862397
ARRIESGADO,1211,117.37337408813984
ARRIESGADO,1212,135.72495507581408
ARRIESGADO,1213,160.68947622105813
ARRIESGADO,1214,108.96291557656033
ARRIESGADO,1215,164.08439233730476
ARRIESGADO,1216,108.41116198281482
ARRIESGADO,1217,155.5157486238157
ARRIESGADO,1218,137.96445075284294
ARRIESGADO,1219,173.61339569921608
ARRIESGADO,1220,166.4307316020774
ARRIESGADO,1221,157.52978526938637
ARRIESGADO,1222,132.1756719748236
ARRIESGADO,1223,175.70108013086923
ARRIESGADO,1224,124.46170036908367
ARRIESGADO,1225,157.59607959876345
ARRIESGADO,1226,150.31047983148608
ARRIESGADO,1227,167.59406264474018
ARRIESGADO,1228,173.73552543330214
ARRIESGADO,1229,167.46695341993325
ARRIESGADO,1230,146.91239462344117
ARRIESGADO,1231,115.94407854232746
ARRIESGADO,1232,155.62522035459108
ARRIESGADO,1233,159.6833740496674
ARRIESGADO,1234,132.1104500379315
ARRIESGADO,1235,175.41665098254657
ARRIESGADO,1236,117.15276806604533
ARRIESGADO,1237,152.71539444029563
ARRIESGADO,1238,166.8175376291823
ARRIESGADO,1239,153.63801176623926
ARRIESGADO,1240,146.62640125469846
ARRIESGADO,1241,183.44254288133394
ARRIESGADO,1242,119.43754650877032
ARRIESGADO,1243,136.66416448898877
ARRIESGADO,1244,145.29026931377433
ARRIESGADO,1245,171.73935737998238
ARRIESGADO,1246,160.2806339199939
ARRIESGADO,1247,165.96280070147532
ARRIESGADO,1248,136.060056804858
ARRIESGADO,1249,118.36417390308627
ARRIESGADO,1250,181.3985976958963
ARRIESGADO,1251,161.18549488966363
ARRIESGADO,1252,131.5468666871403
ARRIESGADO,1253,133.97588073414448
ARRIESGADO,1254,178.34811196952867
ARRIESGADO,1255,154.93874755309275
ARRIESGADO,1256,141.26988674303
ARRIESGADO,1257,97.19648664928741
ARRIESGADO,1258,153.40426747525783
ARRIESGADO,1259,98.38046748886472
ARRIESGADO,1260,116.98672697331865
ARRIESGADO,1261,156.75267188701474
ARRIESGADO,1262,130.019867647134
ARRIESGADO,1263,160.1201375510178
ARRIESGADO,1264,133.3957943570133
ARRIESGADO,1265,182.06588480729917
ARRIESGADO,1266,134.38520082635029
ARRIESGADO,1267,131.90858123060966
ARRIESGADO,1268,158.9897726760998
ARRIESGADO,1269,155.39203700329244
ARRIESGADO,1270,194.42169987935796
ARRIESGADO,1271,185.17834266564512
ARRIESGADO,1272,164.67743498652004
ARRIESGADO,1273,136.22571850894937
ARRIESGADO,1274,133.6642478007421
ARRIESGADO,1275,134.89791376814117
ARRIESGADO,1276,143.73505215253599
ARRIESGADO,1277,175.40813435389293
ARRIESGADO,1278,124.94598274408897
ARRIESGADO,1279,144.86193371585614
ARRIESGADO,1280,143.51575267482553
ARRIESGADO,1281,140.9425102968263
ARRIESGADO,1282,101.01194607994587
ARRIESGADO,1283,125.0435322286886
ARRIESGADO,1284,105.99522858874238
ARRIESGADO,1285,128.7771164256849
ARRIESGADO,1286,136.7985299839367
ARRIESGADO,1287,133.09554145547162
ARRIESGADO,1288,142.2716184941687
ARRIESGADO,1289,150.16878660547113
ARRIESGADO,1290,108.74431979574231
ARRIESGADO,1291,142.77860990661645
ARRIESGADO,1292,146.7115931810298
ARRIESGADO,1293,153.00592462060933
ARRIESGADO,1294,120.57728120010981
ARRIESGADO,1295,159.05093581966142
ARRIESGADO,1296,128.98235905142607
ARRIESGADO,1297,160.47947201917026
ARRIESGADO,1298,111.67682357283397
ARRIESGADO,1299,105.38685484504268
ARRIESGADO,1300,132.02814049336698
ARRIESGADO,1301,160.72986889543176
ARRIESGADO,1302,122.85237171751827
ARRIESGADO,1303,115.38173313233997
ARRIESGADO,1304,142.62121872490297
ARRIESGADO,1305,161.36894288969708
ARRIESGADO,1306,131.80305906863506
ARRIESGADO,1307,152.68992357989066
ARRIESGADO,1308,164.62543702750952
ARRIESGADO,1309,114.58111178408217
ARRIESGADO,1310,101.663512103576
ARRIESGADO,1311,108.99687992743615
ARRIESGADO,1312,158.3211492394861
ARRIESGADO,1313,148.534531735692
ARRIESGADO,1314,186.03700892183892
ARRIESGADO,1315,157.1950065952266
ARRIESGADO,1316,135.3319231647811
ARRIESGADO,1317,170.71179549692786
ARRIESGADO,1318,133.92581664616333
ARRIESGADO,1319,141.40588403917707
ARRIESGADO,1320,170.15501928826296
ARRIESGADO,1321,163.5011419147705
ARRIESGADO,1322,115.34658501450782
ARRIESGADO,1323,105.01562033341733
ARRIESGADO,1324,128.54444562995803
ARRIESGADO,1325,138.1830651716196
ARRIESGADO,1326,168.0711284851629
ARRIESGADO,1327,132.07366046387693
ARRIESGADO,1328,151.14740688623925
ARRIESGADO,1329,98.23557658872228
ARRIESGADO,1330,130.20939890806923
ARRIESGADO,1331,134.6674686572562
ARRIESGADO,1332,108.91365951522911
ARRIESGADO,1333,159.49209858727625
ARRIESGADO,1334,143.10376431054002
ARRIESGADO,1335,116.5686788550004
ARRIESGADO,1336,118.40019787795566
ARRIESGADO,1337,144.30423369209262
ARRIESGADO,1338,121.12964436434189
ARRIESGADO,1339,111.44574857783306
ARRIESGADO,1340,120.27993878777119
ARRIESGADO,1341,138.62317325054877
ARRIESGADO,1342,152.91207453568822
ARRIESGADO,1343,102.03180660738255
ARRIESGADO,1344,166.23800976044788
ARRIESGADO,1345,145.25300103936894
ARRIESGADO,1346,131.8164969672417
ARRIESGADO,1347,167.12463491282037
ARRIESGADO,1348,153.2425918902109
ARRIESGADO,1349,131.01582429903624
ARRIESGADO,1350,163.26580439927062
ARRIESGADO,1351,148.83624166072858
ARRIESGADO,1352,124.19753061253951
ARRIESGADO,1353,140.6411371312595
ARRIESGADO,1354,131.42763664019813
ARRIESGADO,1355,144.37821711934478
ARRIESGADO,1356,144.78763931099556
ARRIESGADO,1357,117.78105250631438
ARRIESGADO,1358,121.24688128552282
ARRIESGADO,1359,132.85370452366172
ARRIESGADO,1360,118.53079656916404
ARRIESGADO,1361,195.86518640512858
ARRIESGADO,1362,120.34914175604075
ARRIESGADO,1363,168.03486133107836
ARRIESGADO,1364,101.99948726555925
ARRIESGADO,1365,125.98710284110186
ARRIESGADO,1366,136.9095514743421
ARRIESGADO,1367,138.48590395054413
ARRIESGADO,1368,129.83753325998427
ARRIESGADO,1369,177.85823413504028
ARRIESGADO,1370,104.6870930404191
ARRIESGADO,1371,115.72048779230076
ARRIESGADO,1372,138.92090436899716
ARRIESGADO,1373,185.2073766546174
ARRIESGADO,1374,111.19442052250554
ARRIESGADO,1375,144.86181928630447
ARRIESGADO,1376,145.58293775197077
ARRIESGADO,1377,136.79460936179436
ARRIESGADO,1378,165.99100695943562
ARRIESGADO,1379,113.81919874874598
ARRIESGADO,1380,130.31028702759144
ARRIESGADO,1381,159.23354576760624
ARRIESGADO,1382,124.76843311067483
ARRIESGADO,1383,154.71688202189046
ARRIESGADO,1384,115.55390644538934
ARRIESGADO,1385,139.59638107361542
ARRIESGADO,1386,140.29554288378745
ARRIESGADO,1387,149.03499280094485
ARRIESGADO,1388,149.82796377094988
ARRIESGADO,1389,142.15405432070762
ARRIESGADO,1390,129.7366617942598
ARRIESGADO,1391,166.72153362656783
ARRIESGADO,1392,129.96754935890564
ARRIESGADO,1393,132.06740581868618
ARRIESGADO,1394,136.33650806558052
ARRIESGADO,1395,121.84570881949695
ARRIESGADO,1396,156.29429568379447
ARRIESGADO,1397,147.8063295860427
ARRIESGADO,1398,130.34782329810412
ARRIESGADO,1399,125.809118855647
ARRIESGADO,1400,160.8743052748943
ARRIESGADO,1401,78.2849780753169
ARRIESGADO,1402,109.73816338114823
ARRIESGADO,1403,151.67437235968472
ARRIESGADO,1404,135.42273497035055
ARRIESGADO,1405,134.16926142990187
ARRIESGADO,1406,136.37368012023074
ARRIESGADO,1407,128.21663259619376
ARRIESGADO,1408,140.3302163148312
ARRIESGADO,1409,137.8588377773109
ARRIESGADO,1410,150.2656939901087
ARRIESGADO,1411,150.23284228279306
ARRIESGADO,1412,114.178807656135
ARRIESGADO,1413,115.36335641019545
ARRIESGADO,1414,156.8480520359256
ARRIESGADO,1415,142.6333380730767
ARRIESGADO,1416,179.01207020763502
ARRIESGADO,1417,176.12010718012436
ARRIESGADO,1418,140.84040160892243
ARRIESGADO,1419,142.0859995273522
ARRIESGADO,1420,137.10055607680243
ARRIESGADO,1421,145.0782023631194
ARRIESGADO,1422,170.8602136468114
ARRIESGADO,1423,135.70688089298267
ARRIESGADO,1424,89.60669240826108
ARRIESGADO,1425,139.0716611654344
ARRIESGADO,1426,134.21977555657375
ARRIESGADO,1427,128.43801862530916
ARRIESGADO,1428,166.08609202955876
ARRIESGADO,1429,184.96847052654823
ARRIESGADO,1430,165.06860506328735
ARRIESGADO,1431,139.24086839467424
ARRIESGADO,1432,95.4128346688939
ARRIESGADO,1433,136.08340373720785
ARRIESGADO,1434,157.16880659428773
ARRIESGADO,1435,160.64211948996052
ARRIESGADO,1436,89.07569285502395
ARRIESGADO,1437,161.00610544501689
ARRIESGADO,1438,172.42972605470868
ARRIESGADO,1439,154.86780294438034
ARRIESGADO,1440,140.30506176712225
ARRIESGADO,1441,130.6050908561498
ARRIESGADO,1442,150.8688077135269
ARRIESGADO,1443,160.822890504068
ARRIESGADO,1444,137.45068568166528
ARRIESGADO,1445,147.76333671220908
ARRIESGADO,1446,149.2206404163793
ARRIESGADO,1447,154.10077482382508
ARRIESGADO,1448,130.50967354158738
ARRIESGADO,1449,175.3861224344433
ARRIESGADO,1450,103.41359503166784
ARRIESGADO,1451,136.5739883733573
ARRIESGADO,1452,140.94222760723406
ARRIESGADO,1453,158.3218984973208
ARRIESGADO,1454,149.1420602168733
ARRIESGADO,1455,146.20805614549457
ARRIESGADO,1456,169.10379979837882
ARRIESGADO,1457,121.33304845438524
ARRIESGADO,1458,113.09823959213769
ARRIESGADO,1459,134.2985808698041
ARRIESGADO,1460,162.19440511401405
ARRIESGADO,1461,138.7215343108859
ARRIESGADO,1462,150.7441347183174
ARRIESGADO,1463,155.1893338182832
ARRIESGADO,1464,144.40304467899392
ARRIESGADO,1465,112.80395024234736
ARRIESGADO,1466,109.20017613181714
ARRIESGADO,1467,140.20162160437968
ARRIESGADO,1468,186.25360901342054
ARRIESGADO,1469,130.0145458983284
ARRIESGADO,1470,140.68527195344552
ARRIESGADO,1471,168.32631593476074
ARRIESGADO,1472,121.23804787340741
ARRIESGADO,1473,134.94318203578547
ARRIESGADO,1474,118.02509562359381
ARRIESGADO,1475,155.23985453534618
ARRIESGADO,1476,146.61176280768606
ARRIESGADO,1477,146.72691932452426
ARRIESGADO,1478,141.28862931765562
ARRIESGADO,1479,144.40119533273463
ARRIESGADO,1480,136.10518552186417
ARRIESGADO,1481,152.5741997986422
ARRIESGADO,1482,170.64235554528355
ARRIESGADO,1483,147.43444275577752
ARRIESGADO,1484,140.94532222910505
ARRIESGADO,1485,148.46122204153738
ARRIESGADO,1486,121.96626661354642
ARRIESGADO,1487,124.3819761440935
ARRIESGADO,1488,196.3768835224843
ARRIESGADO,1489,139.39915702858693
ARRIESGADO,1490,138.73020415554456
ARRIESGADO,1491,143.948216123881
ARRIESGADO,1492,198.79639082860731
ARRIESGADO,1493,167.13497510183768
ARRIESGADO,1494,160.6234378733325
ARRIESGADO,1495,132.55930748081798
ARRIESGADO,1496,104.25536792994059
ARRIESGADO,1497,100.20469413198168
ARRIESGADO,1498,111.69654080802613
ARRIESGADO,1499,131.05229951139654
ARRIESGADO,1500,151.05993998698423
ARRIESGADO,1501,142.6585536313443
ARRIESGADO,1502,143.05133318868104
ARRIESGADO,1503,141.493443599685
ARRIESGADO,1504,131.78533924724866
ARRIESGADO,1505,97.72548235580508
ARRIESGADO,1506,141.97210263871784
ARRIESGADO,1507,113.4516208902863
ARRIESGADO,1508,155.54966671831278
ARRIESGADO,1509,185.38068187513645
ARRIESGADO,1510,122.71695808610727
ARRIESGADO,1511,174.23149539192818
ARRIESGADO,1512,135.5902601073078
ARRIESGADO,1513,166.79082343677214
ARRIESGADO,1514,110.48960980073358
ARRIESGADO,1515,149.13106023531148
ARRIESGADO,1516,114.45688662350622
ARRIESGADO,1517,95.78041738768212
ARRIESGADO,1518,111.47872626789905
ARRIESGADO,1519,160.6764341505557
ARRIESGADO,1520,156.64492034637075
ARRIESGADO,1521,157.69963979746373
ARRIESGADO,1522,128.64514142393534
ARRIESGADO,1523,141.8584486866203
ARRIESGADO,1524,131.18144359987593
ARRIESGADO,1525,123.92024920075642
ARRIESGADO,1526,122.03292102905448
ARRIESGADO,1527,148.45597816662448
ARRIESGADO,1528,138.94991613615767
ARRIESGADO,1529,146.04026784174113
ARRIESGADO,1530,124.16636407602375
ARRIESGADO,1531,137.9731994467722
ARRIESGADO,1532,181.46260320834523
ARRIESGADO,1533,135.63701262596229
ARRIESGADO,1534,127.48488117340449
ARRIESGADO,1535,132.6567873939158
ARRIESGADO,1536,196.5921459396899
ARRIESGADO,1537,94.1130454630675
ARRIESGADO,1538,114.8744909580573
ARRIESGADO,1539,130.42795471576105
ARRIESGADO,1540,127.72555611122338
ARRIESGADO,1541,148.70131844885123
ARRIESGADO,1542,126.26260981038497
ARRIESGADO,1543,131.37083830938948
ARRIESGADO,1544,137.58513546623487
ARRIESGADO,1545,162.6624348693752
ARRIESGADO,1546,130.33527787444288
ARRIESGADO,1547,148.715265951753
ARRIESGADO,1548,156.82798355180162
ARRIESGADO,1549,173.57412230538532
ARRIESGADO,1550,156.221359118631
ARRIESGADO,1551,108.61283327189032
ARRIESGADO,1552,134.9397769619638
ARRIESGADO,1553,125.60221128869462
ARRIESGADO,1554,128.9322612949784
ARRIESGADO,1555,103.52633937295917
ARRIESGADO,1556,89.52096904071138
ARRIESGADO,1557,150.10304257525132
ARRIESGADO,1558,138.43105172177872
ARRIESGADO,1559,129.54344222557194
ARRIESGADO,1560,125.20242309751112
ARRIESGADO,1561,168.2944152918055
ARRIESGADO,1562,140.7245421192849
ARRIESGADO,1563,158.81309294070923
ARRIESGADO,1564,124.85693427273722
ARRIESGADO,1565,210.30041807131758
ARRIESGADO,1566,154.2114812112025
ARRIESGADO,1567,129.16255120428494
ARRIESGADO,1568,135.80980680315196
ARRIESGADO,1569,96.17477604935974
ARRIESGADO,1570,139.98971733274908
ARRIESGADO,1571,139.61617278798045
ARRIESGADO,1572,170.4948255550545
ARRIESGADO,1573,138.3832209582901
ARRIESGADO,1574,123.93016224430784
ARRIESGADO,1575,149.58416049404337
ARRIESGADO,1576,130.22628989442572
ARRIESGADO,1577,129.07440623543351
ARRIESGADO,1578,162.67051516980285
ARRIESGADO,1579,140.21739512410807
ARRIESGADO,1580,157.40242291719346
ARRIESGADO,1581,158.4947205375593
ARRIESGADO,1582,136.75533313089335
ARRIESGADO,1583,154.52951972888584
ARRIESGADO,1584,161.73511726056662
ARRIESGADO,1585,149.0375675291757
ARRIESGADO,1586,138.94730686415548
ARRIESGADO,1587,122.9510223738786
ARRIESGADO,1588,158.63806799110844
ARRIESGADO,1589,111.5347920840977
ARRIESGADO,1590,132.37726966221976
ARRIESGADO,1591,128.6511002724035
ARRIESGADO,1592,153.08128988793223
ARRIESGADO,1593,157.48673196415396
ARRIESGADO,1594,115.24865661510924
ARRIESGADO,1595,155.88675299955725
ARRIESGADO,1596,131.1646807588549
ARRIESGADO,1597,134.75692796601584
ARRIESGADO,1598,138.2963903037964
ARRIESGADO,1599,114.11121799824663
ARRIESGADO,1600,112.19194378553303
ARRIESGADO,1601,161.07269345927182
ARRIESGADO,1602,141.52819519653264
ARRIESGADO,1603,174.09125493454377
ARRIESGADO,1604,173.32849294463733
ARRIESGADO,1605,134.83010026008643
ARRIESGADO,1606,144.8420403640086
ARRIESGADO,1607,135.8302043175269
ARRIESGADO,1608,148.1054612597953
ARRIESGADO,1609,153.67666858573358
ARRIESGADO,1610,150.78619928803874
ARRIESGADO,1611,147.49405079523794
ARRIESGADO,1612,130.59193203728614
ARRIESGADO,1613,143.76175284852027
ARRIESGADO,1614,168.7668180630599
ARRIESGADO,1615,181.01707901238714
ARRIESGADO,1616,156.9254164901329
ARRIESGADO,1617,196.54028413502022
ARRIESGADO,1618,158.59856993571665
ARRIESGADO,1619,179.11863061554192
ARRIESGADO,1620,125.76579136002157
ARRIESGADO,1621,112.99722865752452
ARRIESGADO,1622,189.47636849433454
ARRIESGADO,1623,149.18202344446703
ARRIESGADO,1624,121.01494134321192
ARRIESGADO,1625,119.26331205610244
ARRIESGADO,1626,211.93669254948978
ARRIESGADO,1627,191.97264591718132
ARRIESGADO,1628,125.51362920710733
ARRIESGADO,1629,137.1759179292859
ARRIESGADO,1630,133.63641625255468
ARRIESGADO,1631,140.6570002301282
ARRIESGADO,1632,172.86155352586695
ARRIESGADO,1633,116.77141512582963
ARRIESGADO,1634,178.2442955525234
ARRIESGADO,1635,125.28344969937558
ARRIESGADO,1636,160.29506724173154
ARRIESGADO,1637,131.01792344187172
ARRIESGADO,1638,165.28088530073046
ARRIESGADO,1639,113.03278398701505
ARRIESGADO,1640,145.6436221530491
ARRIESGADO,1641,154.94495338594436
ARRIESGADO,1642,128.90533889067254
ARRIESGADO,1643,146.91585754421868
ARRIESGADO,1644,178.38484451028938
ARRIESGADO,1645,138.90369235923666
ARRIESGADO,1646,168.79452277935977
ARRIESGADO,1647,137.32396562663013
ARRIESGADO,1648,181.77193358560592
ARRIESGADO,1649,132.79369588659964
ARRIESGADO,1650,147.45034690537665
ARRIESGADO,1651,121.00750625087447
ARRIESGADO,1652,135.3032673420532
ARRIESGADO,1653,93.07282376800379
ARRIESGADO,1654,148.33288825408866
ARRIESGADO,1655,151.6721027333148
ARRIESGADO,1656,105.8934153772362
ARRIESGADO,1657,178.18948283876696
ARRIESGADO,1658,203.35383074967638
ARRIESGADO,1659,222.72430631838418
ARRIESGADO,1660,117.17602096569684
ARRIESGADO,1661,114.93129612179652
ARRIESGADO,1662,190.80267357761505
ARRIESGADO,1663,178.63261185619473
ARRIESGADO,1664,158.25330170450988
ARRIESGADO,1665,175.8255690080873
ARRIESGADO,1666,124.18923012006547
ARRIESGADO,1667,164.69590569071772
ARRIESGADO,1668,152.68484227699685
ARRIESGADO,1669,154.9437141627571
ARRIESGADO,1670,144.01282930931333
ARRIESGADO,1671,130.41732912534866
ARRIESGADO,1672,134.3803987800851
ARRIESGADO,1673,112.71004742976922
ARRIESGADO,1674,134.9139382854816
ARRIESGADO,1675,145.6686775358164
ARRIESGADO,1676,141.38372244853446
ARRIESGADO,1677,137.12948669775102
ARRIESGADO,1678,205.2157730096806
ARRIESGADO,1679,162.3381897459102
ARRIESGADO,1680,146.11182014840543
ARRIESGADO,1681,175.22463736430703
ARRIESGADO,1682,153.72296501358917
ARRIESGADO,1683,131.86453701843092
ARRIESGADO,1684,173.28007890588853
ARRIESGADO,1685,93.50488931515274
ARRIESGADO,1686,174.6790135208716
ARRIESGADO,1687,101.13816639876774
ARRIESGADO,1688,143.99220586620308
ARRIESGADO,1689,130.7777235750223
ARRIESGADO,1690,163.45583242185646
ARRIESGADO,1691,140.9877006292665
ARRIESGADO,1692,170.12559240575774
ARRIESGADO,1693,154.31050192656434
ARRIESGADO,1694,160.76129088588232
ARRIESGADO,1695,92.47329625489502
ARRIESGADO,1696,121.6557253860608
ARRIESGADO,1697,129.12110065910505
ARRIESGADO,1698,149.42800556705794
ARRIESGADO,1699,146.6921003271748
ARRIESGADO,1700,199.27676506502254
ARRIESGADO,1701,146.88056421311245
ARRIESGADO,1702,146.57087975966536
ARRIESGADO,1703,138.37593237852928
ARRIESGADO,1704,133.50432814478665
ARRIESGADO,1705,169.2891557143878
ARRIESGADO,1706,122.71634770267481
ARRIESGADO,1707,130.1094642033687
ARRIESGADO,1708,194.08595645108028
ARRIESGADO,1709,134.08123807781251
ARRIESGADO,1710,142.67621262237174
ARRIESGADO,1711,148.7317423001502
ARRIESGADO,1712,124.08881750917786
ARRIESGADO,1713,145.17364779504382
ARRIESGADO,1714,142.35882882950352
ARRIESGADO,1715,156.85088036035782
ARRIESGADO,1716,135.5606456096672
ARRIESGADO,1717,175.6440559038698
ARRIESGADO,1718,153.48327411092276
ARRIESGADO,1719,111.59405646434789
ARRIESGADO,1720,141.10801488643904
ARRIESGADO,1721,120.1523246952482
ARRIESGADO,1722,125.0658990644066
ARRIESGADO,1723,184.34212505523294
ARRIESGADO,1724,107.58107794754679
ARRIESGADO,1725,147.78561153017264
ARRIESGADO,1726,145.54681210459958
ARRIESGADO,1727,150.27049067558502
ARRIESGADO,1728,143.70912918069092
ARRIESGADO,1729,157.83563290743254
ARRIESGADO,1730,166.3671738649312
ARRIESGADO,1731,112.60970461351694
ARRIESGADO,1732,146.7845742279226
ARRIESGADO,1733,161.5997376279517
ARRIESGADO,1734,157.68571447329123
ARRIESGADO,1735,143.19293759803065
ARRIESGADO,1736,143.23131094121575
ARRIESGADO,1737,115.36802295641277
ARRIESGADO,1738,142.4970936931457
ARRIESGADO,1739,141.57969673877147
ARRIESGADO,1740,127.96201086937266
ARRIESGADO,1741,166.74923599290827
ARRIESGADO,1742,154.14622874428824
ARRIESGADO,1743,160.68042692922816
ARRIESGADO,1744,134.15957469480003
ARRIESGADO,1745,163.69438218819852
ARRIESGADO,1746,125.47910141526373
ARRIESGADO,1747,147.56808142920576
ARRIESGADO,1748,158.1161424942846
ARRIESGADO,1749,163.05998307016893
ARRIESGADO,1750,162.91219272165
ARRIESGADO,1751,163.67628357252966
ARRIESGADO,1752,145.33881253909004
ARRIESGADO,1753,153.69913535499492
ARRIESGADO,1754,109.8041280545654
ARRIESGADO,1755,143.65662808775548
ARRIESGADO,1756,200.73377435813399
ARRIESGADO,1757,106.2696655220913
ARRIESGADO,1758,137.41992316602693
ARRIESGADO,1759,118.56662693413996
ARRIESGADO,1760,125.39549755954842
ARRIESGADO,1761,143.00444197705718
ARRIESGADO,1762,128.46169418703502
ARRIESGADO,1763,175.11353215619462
ARRIESGADO,1764,128.94788338473708
ARRIESGADO,1765,105.50140878976232
ARRIESGADO,1766,132.15206486683584
ARRIESGADO,1767,146.28710340355212
ARRIESGADO,1768,118.67497169090916
ARRIESGADO,1769,133.28355689689414
ARRIESGADO,1770,130.66717548336786
ARRIESGADO,1771,168.7095791100693
ARRIESGADO,1772,190.05385053630954
ARRIESGADO,1773,152.41897458215774
ARRIESGADO,1774,170.79899518420243
ARRIESGADO,1775,132.47708765760217
ARRIESGADO,1776,116.60722987175129
ARRIESGADO,1777,97.03678977191711
ARRIESGADO,1778,144.87645032908887
ARRIESGADO,1779,162.50000158670335
ARRIESGADO,1780,146.14758599569055
ARRIESGADO,1781,151.235403957413
ARRIESGADO,1782,157.85438693208835
ARRIESGADO,1783,117.55011574909071
ARRIESGADO,1784,154.16268829858151
ARRIESGADO,1785,153.66404654393463
ARRIESGADO,1786,183.94398740882863
ARRIESGADO,1787,166.4487535961642
ARRIESGADO,1788,173.8694705968439
ARRIESGADO,1789,98.84736524896783
ARRIESGADO,1790,133.90153396046819
ARRIESGADO,1791,109.91155599738133
ARRIESGADO,1792,154.7392920495762
ARRIESGADO,1793,148.35423287710424
ARRIESGADO,1794,111.36853062947333
ARRIESGADO,1795,126.96369088892065
ARRIESGADO,1796,142.10390617272293
ARRIESGADO,1797,141.2811494958936
ARRIESGADO,1798,113.8215168921993
ARRIESGADO,1799,138.1172714011678
ARRIESGADO,1800,139.37882412296761
ARRIESGADO,1801,105.93560112049921
ARRIESGADO,1802,146.95391104580693
ARRIESGADO,1803,180.23846426088815
ARRIESGADO,1804,134.84487223000002
ARRIESGADO,1805,131.70421252461517
ARRIESGADO,1806,179.21382253776528
ARRIESGADO,1807,167.30727332486185
ARRIESGADO,1808,170.39032875017992
ARRIESGADO,1809,147.85964621616867
ARRIESGADO,1810,138.43139545488336
ARRIESGADO,1811,182.2300387412757
ARRIESGADO,1812,163.10252475635295
ARRIESGADO,1813,110.50186899955315
ARRIESGADO,1814,126.15713388613422
ARRIESGADO,1815,131.8261509535064
ARRIESGADO,1816,164.51790261405
ARRIESGADO,1817,143.73495137677392
ARRIESGADO,1818,127.87104699858159
ARRIESGADO,1819,193.6693664226375
ARRIESGADO,1820,165.1128044216063
ARRIESGADO,1821,177.62365341907832
ARRIESGADO,1822,163.05410051381332
ARRIESGADO,1823,117.53621619225882
ARRIESGADO,1824,134.43015113046
ARRIESGADO,1825,147.07934048637935
ARRIESGADO,1826,162.22632893364923
ARRIESGADO,1827,150.28827269235822
ARRIESGADO,1828,159.50965983327495
ARRIESGADO,1829,108.27589403012696
ARRIESGADO,1830,151.04109670088695
ARRIESGADO,1831,112.53935412382066
ARRIESGADO,1832,119.54088215545003
ARRIESGADO,1833,132.557333550023
ARRIESGADO,1834,169.28721169146863
ARRIESGADO,1835,145.21285726815813
ARRIESGADO,1836,173.08769994401987
ARRIESGADO,1837,105.07705171954417
ARRIESGADO,1838,189.2931240385349
ARRIESGADO,1839,152.95461897775482
ARRIESGADO,1840,131.4065280459138
ARRIESGADO,1841,151.14792451949378
ARRIESGADO,1842,160.82016407613136
ARRIESGADO,1843,137.43929462810914
ARRIESGADO,1844,133.599854125433
ARRIESGADO,1845,133.03304183973523
ARRIESGADO,1846,153.10167619970738
ARRIESGADO,1847,173.62725411609145
ARRIESGADO,1848,158.43099162575953
ARRIESGADO,1849,173.56570443432295
ARRIESGADO,1850,163.2424635081788
ARRIESGADO,1851,163.4668842099595
ARRIESGADO,1852,148.73872639894495
ARRIESGADO,1853,149.61489554910597
ARRIESGADO,1854,139.40033514476377
ARRIESGADO,1855,129.93755545851766
ARRIESGADO,1856,180.30971856550147
ARRIESGADO,1857,111.24337732249417
ARRIESGADO,1858,137.27833444566508
ARRIESGADO,1859,143.65004983255912
ARRIESGADO,1860,153.00076159112055
ARRIESGADO,1861,130.19744121432367
ARRIESGADO,1862,138.81162197682977
ARRIESGADO,1863,138.1954292501188
ARRIESGADO,1864,149.10810018964665
ARRIESGADO,1865,137.87871392994225
ARRIESGADO,1866,145.02873006603704
ARRIESGADO,1867,150.37422965816674
ARRIESGADO,1868,106.9165610559577
ARRIESGADO,1869,137.27355473845816
ARRIESGADO,1870,138.4867203532773
ARRIESGADO,1871,112.6974225087353
ARRIESGADO,1872,165.02357946731098
ARRIESGADO,1873,165.16650547626205
ARRIESGADO,1874,125.26374435971289
ARRIESGADO,1875,122.28287827110174
ARRIESGADO,1876,117.56323813043072
ARRIESGADO,1877,172.18727288924586
ARRIESGADO,1878,153.33973613757786
ARRIESGADO,1879,122.30140657170591
ARRIESGADO,1880,146.6660767338209
ARRIESGADO,1881,156.85235392165552
ARRIESGADO,1882,137.9714462885193
ARRIESGADO,1883,127.10977505401102
ARRIESGADO,1884,104.2820412684227
ARRIESGADO,1885,172.30049419104418
ARRIESGADO,1886,100.32234393240735
ARRIESGADO,1887,150.06319043834526
ARRIESGADO,1888,157.4633003107952
ARRIESGADO,1889,148.98112292720424
ARRIESGADO,1890,130.14280961868536
ARRIESGADO,1891,138.2017515872837
ARRIESGADO,1892,130.72303373670889
ARRIESGADO,1893,138.0463452931391
ARRIESGADO,1894,172.62501267797617
ARRIESGADO,1895,164.1918266434985
ARRIESGADO,1896,167.27435148742558
ARRIESGADO,1897,126.15495021196503
ARRIESGADO,1898,145.54784197095063
ARRIESGADO,1899,152.74477254108933
ARRIESGADO,1900,141.5376499097231
ARRIESGADO,1901,133.4503998762159
ARRIESGADO,1902,106.89907050188505
ARRIESGADO,1903,120.30069649662876
ARRIESGADO,1904,112.59615728704131
ARRIESGADO,1905,155.23731183225212
ARRIESGADO,1906,137.20560710871013
ARRIESGADO,1907,150.23350672450712
ARRIESGADO,1908,125.6611775609505
ARRIESGADO,1909,117.05436831046042
ARRIESGADO,1910,146.63615824249032
ARRIESGADO,1911,161.40898560767542
ARRIESGADO,1912,129.5062869315899
ARRIESGADO,1913,122.7228083026052
ARRIESGADO,1914,130.78569408494837
ARRIESGADO,1915,128.4896950458424
ARRIESGADO,1916,130.56666027615256
ARRIESGADO,1917,165.70887526029242
ARRIESGADO,1918,109.8089653274181
ARRIESGADO,1919,157.14936169040965
ARRIESGADO,1920,155.97151270794723
ARRIESGADO,1921,127.40647524745495
ARRIESGADO,1922,161.40111957272325
ARRIESGADO,1923,127.21988848792286
ARRIESGADO,1924,158.29476991536927
ARRIESGADO,1925,133.59044273728446
ARRIESGADO,1926,130.44345025978313
ARRIESGADO,1927,129.152563256456
ARRIESGADO,1928,158.8684675617632
ARRIESGADO,1929,148.2069419255969
ARRIESGADO,1930,135.33953214310844
ARRIESGADO,1931,153.061117614002
ARRIESGADO,1932,160.96406674105845
ARRIESGADO,1933,109.32783519515016
ARRIESGADO,1934,154.22901549337251
ARRIESGADO,1935,118.18531884981873
ARRIESGADO,1936,170.2077208266986
ARRIESGADO,1937,150.539214021591
ARRIESGADO,1938,109.0953114287966
ARRIESGADO,1939,112.01705887298843
ARRIESGADO,1940,148.70987799527856
ARRIESGADO,1941,128.62395079500251
ARRIESGADO,1942,117.55146313843134
ARRIESGADO,1943,157.48800785026867
ARRIESGADO,1944,126.32703252563674
ARRIESGADO,1945,166.74523214121714
ARRIESGADO,1946,186.1217892841803
ARRIESGADO,1947,143.5709229001302
ARRIESGADO,1948,145.31214124426793
ARRIESGADO,1949,150.1365052975542
ARRIESGADO,1950,127.69528514513624
ARRIESGADO,1951,147.78270605260064
ARRIESGADO,1952,171.660699048097
ARRIESGADO,1953,119.07282967799236
ARRIESGADO,1954,126.26029505569112
ARRIESGADO,1955,149.26687277634116
ARRIESGADO,1956,161.26666524712212
ARRIESGADO,1957,141.34947017662634
ARRIESGADO,1958,145.5624977067184
ARRIESGADO,1959,128.80500175478716
ARRIESGADO,1960,119.71970318903803
ARRIESGADO,1961,146.67313109544116
ARRIESGADO,1962,132.11123775750565
ARRIESGADO,1963,162.5545820805639
ARRIESGADO,1964,137.9648499137539
ARRIESGADO,1965,106.15608618892746
ARRIESGADO,1966,140.43641946916793
ARRIESGADO,1967,173.1213497262484
ARRIESGADO,1968,160.86550607790264
ARRIESGADO,1969,168.78164576118868
ARRIESGADO,1970,123.08450389786866
ARRIESGADO,1971,156.81053413471602
ARRIESGADO,1972,163.46177256175787
ARRIESGADO,1973,134.70626061648008
ARRIESGADO,1974,160.62805829669705
ARRIESGADO,1975,144.6546261034611
ARRIESGADO,1976,146.4563409188204
ARRIESGADO,1977,113.25449566193134
ARRIESGADO,1978,150.18510133653407
ARRIESGADO,1979,186.76250584470668
ARRIESGADO,1980,146.3695850820063
ARRIESGADO,1981,117.13831439772687
ARRIESGADO,1982,134.86811531359842
ARRIESGADO,1983,157.23961288608913
ARRIESGADO,1984,160.0017925303099
ARRIESGADO,1985,154.45267155221032
ARRIESGADO,1986,184.23792947970844
ARRIESGADO,1987,125.65792804643833
ARRIESGADO,1988,212.92153020688346
ARRIESGADO,1989,191.1801857400784
ARRIESGADO,1990,105.3894670800166
ARRIESGADO,1991,130.91132436877726
ARRIESGADO,1992,134.9981034167584
ARRIESGADO,1993,147.95076202911707
ARRIESGADO,1994,136.06746450077398
ARRIESGADO,1995,148.0854715058672
ARRIESGADO,1996,137.54625210104533
ARRIESGADO,1997,137.14962478985274
ARRIESGADO,1998,148.77350511832736
ARRIESGADO,1999,134.15076396594296
ARRIESGADO,2000,117.13830947796163
ARRIESGADO,2001,147.37217616184088
ARRIESGADO,2002,134.34516954357662
ARRIESGADO,2003,136.49415676399036
ARRIESGADO,2004,164.57248557162302
ARRIESGADO,2005,135.66259755412733
ARRIESGADO,2006,143.32647690124185
ARRIESGADO,2007,172.05010389310485
ARRIESGADO,2008,79.85687392927302
ARRIESGADO,2009,174.45354586930245
ARRIESGADO,2010,132.17513343076453
ARRIESGADO,2011,180.05927881576196
ARRIESGADO,2012,110.63152954009495
ARRIESGADO,2013,130.55749909433396
ARRIESGADO,2014,135.68632398459567
ARRIESGADO,2015,178.73863303021184
ARRIESGADO,2016,135.59303707131863
ARRIESGADO,2017,115.90212434876723
ARRIESGADO,2018,137.54914909842086
ARRIESGADO,2019,139.34294164704278
ARRIESGADO,2020,134.79737233937033
ARRIESGADO,2021,159.7311476847543
ARRIESGADO,2022,143.50497636063145
ARRIESGADO,2023,134.47280958018305
ARRIESGADO,2024,164.22361966730404
ARRIESGADO,2025,150.07808408399774
ARRIESGADO,2026,134.34703525075523
ARRIESGADO,2027,121.3762237646209
ARRIESGADO,2028,138.5616274119672
ARRIESGADO,2029,85.28028682282707
ARRIESGADO,2030,115.92866706605709
ARRIESGADO,2031,127.5454452949382
ARRIESGADO,2032,112.40047053040811
ARRIESGADO,2033,168.38317357730423
ARRIESGADO,2034,185.56876235813007
ARRIESGADO,2035,147.32876493853112
ARRIESGADO,2036,131.3653292824941
ARRIESGADO,2037,207.78167431583236
ARRIESGADO,2038,163.6452141770129
ARRIESGADO,2039,140.19660867933538
ARRIESGADO,2040,148.7577697934654
ARRIESGADO,2041,136.31979064832004
ARRIESGADO,2042,144.2476442995287
ARRIESGADO,2043,195.24145485987543
ARRIESGADO,2044,143.9319320308458
ARRIESGADO,2045,180.78003948020992
ARRIESGADO,2046,122.78839372114835
ARRIESGADO,2047,118.13813045181207
ARRIESGADO,2048,151.37645412099414
ARRIESGADO,2049,123.62636152156868
ARRIESGADO,2050,179.12544489687915
ARRIESGADO,2051,139.05314933942952
ARRIESGADO,2052,158.59427174664802
ARRIESGADO,2053,132.16929028528415
ARRIESGADO,2054,169.4084056437084
ARRIESGADO,2055,161.54328867809534
ARRIESGADO,2056,155.5137682351181
ARRIESGADO,2057,103.23770787781127
ARRIESGADO,2058,170.01233618086187
ARRIESGADO,2059,138.334401187422
ARRIESGADO,2060,131.42393956634194
ARRIESGADO,2061,110.48916418956398
ARRIESGADO,2062,156.07378542914142
ARRIESGADO,2063,154.94589843026162
ARRIESGADO,2064,133.48887035211902
ARRIESGADO,2065,143.6362762757024
ARRIESGADO,2066,102.18601346565289
ARRIESGADO,2067,133.731016207857
ARRIESGADO,2068,124.06625002223748
ARRIESGADO,2069,147.63095443798218
ARRIESGADO,2070,152.8829497673077
ARRIESGADO,2071,160.08885834147162
ARRIESGADO,2072,146.239888569007
ARRIESGADO,2073,186.6018874323409
ARRIESGADO,2074,112.79783787880469
ARRIESGADO,2075,147.22588001029987
ARRIESGADO,2076,179.41467292581984
ARRIESGADO,2077,126.57347618629383
ARRIESGADO,2078,144.9218940553498
ARRIESGADO,2079,109.35340577271981
ARRIESGADO,2080,130.80242491998806
ARRIESGADO,2081,133.70750289522337
ARRIESGADO,2082,183.9909356170193
ARRIESGADO,2083,160.87829296514187
ARRIESGADO,2084,152.55715714276425
ARRIESGADO,2085,159.53030015415027
ARRIESGADO,2086,139.50299125353087
ARRIESGADO,2087,154.7746746588589
ARRIESGADO,2088,139.3849760329543
ARRIESGADO,2089,121.34892273635496
ARRIESGADO,2090,164.18292112564336
ARRIESGADO,2091,135.90708576189684
ARRIESGADO,2092,119.63244134043155
ARRIESGADO,2093,190.72739062767332
ARRIESGADO,2094,132.80461229505875
ARRIESGADO,2095,134.1707292561756
ARRIESGADO,2096,103.92666993020856
ARRIESGADO,2097,136.84127365666154
ARRIESGADO,2098,110.26629077000277
ARRIESGADO,2099,112.69465230794864
ARRIESGADO,2100,154.59378519841675
ARRIESGADO,2101,145.22673686905222
ARRIESGADO,2102,120.20193584471383
ARRIESGADO,2103,169.2848189428239
ARRIESGADO,2104,174.95976100493937
ARRIESGADO,2105,162.9292392107574
ARRIESGADO,2106,184.5706726111199
ARRIESGADO,2107,131.42309277800248
ARRIESGADO,2108,151.73630747648855
ARRIESGADO,2109,157.44335646687747
ARRIESGADO,2110,171.8975351529245
ARRIESGADO,2111,168.50030182342533
ARRIESGADO,2112,103.90355484445121
ARRIESGADO,2113,131.5105911325135
ARRIESGADO,2114,167.756298327021
ARRIESGADO,2115,152.38316007792412
ARRIESGADO,2116,146.97097957449876
ARRIESGADO,2117,158.27443842711202
ARRIESGADO,2118,135.14836831838792
ARRIESGADO,2119,157.56209592614357
ARRIESGADO,2120,124.75612536686958
ARRIESGADO,2121,160.66524685425367
ARRIESGADO,2122,123.21869264303876
ARRIESGADO,2123,120.49631654948556
ARRIESGADO,2124,139.00029194094324
ARRIESGADO,2125,157.3119407878265
ARRIESGADO,2126,113.2089993062699
ARRIESGADO,2127,121.26888190101184
ARRIESGADO,2128,185.35211349288284
ARRIESGADO,2129,154.11432937174078
ARRIESGADO,2130,130.92388557346993
ARRIESGADO,2131,167.27938610969096
ARRIESGADO,2132,167.37677103546767
ARRIESGADO,2133,122.7001731561385
ARRIESGADO,2134,142.38484302104843
ARRIESGADO,2135,136.38247147374207
ARRIESGADO,2136,143.42989152558792
ARRIESGADO,2137,114.85909123934508
ARRIESGADO,2138,154.25364305808256
ARRIESGADO,2139,153.62047569527527
ARRIESGADO,2140,145.47205571850864
ARRIESGADO,2141,176.22083057116134
ARRIESGADO,2142,189.35139391345822
ARRIESGADO,2143,160.80673522755853
ARRIESGADO,2144,121.34718741195951
ARRIESGADO,2145,134.29774487092334
ARRIESGADO,2146,107.1588385867008
ARRIESGADO,2147,177.08416234446375
ARRIESGADO,2148,142.96272048805656
ARRIESGADO,2149,153.34908275582305
ARRIESGADO,2150,135.63142502503572
ARRIESGADO,2151,165.56439237230256
ARRIESGADO,2152,197.21626712971445
ARRIESGADO,2153,140.80834633745738
ARRIESGADO,2154,124.75064002136686
ARRIESGADO,2155,135.77579717402207
ARRIESGADO,2156,141.7502042459457
ARRIESGADO,2157,129.41341573166773
ARRIESGADO,2158,138.59194570580559
ARRIESGADO,2159,133.5365786420731
ARRIESGADO,2160,133.7863886323384
ARRIESGADO,2161,153.40907887290794
ARRIESGADO,2162,158.8696569642029
ARRIESGADO,2163,148.2228913648003
ARRIESGADO,2164,118.79965533236236
ARRIESGADO,2165,132.0770219528626
ARRIESGADO,2166,136.4079850553026
ARRIESGADO,2167,157.8959424991456
ARRIESGADO,2168,152.70688270642026
ARRIESGADO,2169,131.08455699132247
ARRIESGADO,2170,149.64032582565517
ARRIESGADO,2171,130.77809374192773
ARRIESGADO,2172,161.36511353631633
ARRIESGADO,2173,131.27475478547757
ARRIESGADO,2174,142.74092839413282
ARRIESGADO,2175,145.71025401771269
ARRIESGADO,2176,125.60549195214894
ARRIESGADO,2177,150.90324780193583
ARRIESGADO,2178,150.66802965453397
ARRIESGADO,2179,134.28696776559434
ARRIESGADO,2180,182.8364227529289
ARRIESGADO,2181,172.70396894507303
ARRIESGADO,2182,127.05149913447424
ARRIESGADO,2183,153.63227575902002
ARRIESGADO,2184,179.83788589319045
ARRIESGADO,2185,148.9259386203479
ARRIESGADO,2186,174.96395371969405
ARRIESGADO,2187,132.69282485245552
ARRIESGADO,2188,142.12263774227426
ARRIESGADO,2189,120.55772056226964
ARRIESGADO,2190,193.46764831598566
ARRIESGADO,2191,146.8265723515084
ARRIESGADO,2192,146.4913788896825
ARRIESGADO,2193,136.5313492578507
ARRIESGADO,2194,135.06380921328173
ARRIESGADO,2195,146.41080565898793
ARRIESGADO,2196,156.9654705205138
ARRIESGADO,2197,151.6531031007424
ARRIESGADO,2198,172.23955114413423
ARRIESGADO,2199,108.1251346459417
ARRIESGADO,2200,127.58558904618594
ARRIESGADO,2201,122.54985125303988
ARRIESGADO,2202,163.8668284374357
ARRIESGADO,2203,129.79973664240637
ARRIESGADO,2204,150.6712393475383
ARRIESGADO,2205,150.32510256615546
ARRIESGADO,2206,120.06968262033227
ARRIESGADO,2207,167.4297838062774
ARRIESGADO,2208,143.75992814001756
ARRIESGADO,2209,158.25360385960147
ARRIESGADO,2210,145.45665566509328
ARRIESGADO,2211,114.91971866232797
ARRIESGADO,2212,141.86852319675128
ARRIESGADO,2213,193.06070023009488
ARRIESGADO,2214,148.7412658192752
ARRIESGADO,2215,192.86878435030366
ARRIESGADO,2216,133.3270480155469
ARRIESGADO,2217,158.76207186846435
ARRIESGADO,2218,132.0751911090121
ARRIESGADO,2219,103.92875320875929
ARRIESGADO,2220,156.4286036122136
ARRIESGADO,2221,155.41571431509965
ARRIESGADO,2222,111.25923331527817
ARRIESGADO,2223,120.15437385443823
ARRIESGADO,2224,155.7676338090945
ARRIESGADO,2225,139.61879004042146
ARRIESGADO,2226,182.51131876151345
ARRIESGADO,2227,142.701078077172
ARRIESGADO,2228,136.75348325065937
ARRIESGADO,2229,100.82853445263248
ARRIESGADO,2230,119.56084529040086
ARRIESGADO,2231,135.61869474331567
ARRIESGADO,2232,149.08011585835578
ARRIESGADO,2233,198.9533156151227
ARRIESGADO,2234,193.81650790458875
ARRIESGADO,2235,198.85376585102824
ARRIESGADO,2236,140.7981658814589
ARRIESGADO,2237,175.81663009826457
ARRIESGADO,2238,116.00345314677763
ARRIESGADO,2239,140.25237143761686
ARRIESGADO,2240,148.8608991705128
ARRIESGADO,2241,168.758989331208
ARRIESGADO,2242,123.21859872397685
ARRIESGADO,2243,151.54243422301457
ARRIESGADO,2244,147.71235410309475
ARRIESGADO,2245,146.25733541789893
ARRIESGADO,2246,150.27319395587935
ARRIESGADO,2247,143.19235382053512
ARRIESGADO,2248,155.0662192570263
ARRIESGADO,2249,167.23173704436243
ARRIESGADO,2250,118.12927843374253
ARRIESGADO,2251,146.94340603424706
ARRIESGADO,2252,148.6996336081634
ARRIESGADO,2253,127.65569791410557
ARRIESGADO,2254,119.52337497491445
ARRIESGADO,2255,126.18237053031426
ARRIESGADO,2256,143.67300093267164
ARRIESGADO,2257,166.48725595127564
ARRIESGADO,2258,166.0712775725351
ARRIESGADO,2259,143.32445694079638
ARRIESGADO,2260,123.75165401046083
ARRIESGADO,2261,105.67879658144541
ARRIESGADO,2262,128.05542535343645
ARRIESGADO,2263,132.02060134705724
ARRIESGADO,2264,148.82926159486422
ARRIESGADO,2265,108.48101090071609
ARRIESGADO,2266,171.69797181474945
ARRIESGADO,2267,196.48064602427334
ARRIESGADO,2268,136.28138302245375
ARRIESGADO,2269,163.69482711948572
ARRIESGADO,2270,139.7992635338067
ARRIESGADO,2271,137.8553769707847
ARRIESGADO,2272,117.44209218109945
ARRIESGADO,2273,144.24613787434996
ARRIESGADO,2274,168.7632977378121
ARRIESGADO,2275,161.9184802259778
ARRIESGADO,2276,136.13735744811333
ARRIESGADO,2277,134.12021709586253
ARRIESGADO,2278,139.26810846383003
ARRIESGADO,2279,188.08042879070283
ARRIESGADO,2280,100.1940187133742
ARRIESGADO,2281,185.70223264867263
ARRIESGADO,2282,104.39869018145832
ARRIESGADO,2283,115.16099294223747
ARRIESGADO,2284,120.93179254458353
ARRIESGADO,2285,174.1565363471955
ARRIESGADO,2286,145.8885402981091
ARRIESGADO,2287,125.83005908307628
ARRIESGADO,2288,135.66466744535413
ARRIESGADO,2289,136.16885392305278
ARRIESGADO,2290,116.83287549856124
ARRIESGADO,2291,151.88986941305174
ARRIESGADO,2292,134.706772595267
ARRIESGADO,2293,131.42886115149315
ARRIESGADO,2294,154.7398388139668
ARRIESGADO,2295,144.20555485965994
ARRIESGADO,2296,188.59887933132063
ARRIESGADO,2297,194.9444860268588
ARRIESGADO,2298,155.1623022488374
ARRIESGADO,2299,95.05625167922878
ARRIESGADO,2300,131.2805026655265
ARRIESGADO,2301,128.47883820517703
ARRIESGADO,2302,94.45654637666755
ARRIESGADO,2303,130.77566764307878
ARRIESGADO,2304,121.15962649751931
ARRIESGADO,2305,153.18338093786588
ARRIESGADO,2306,145.4754725360468
ARRIESGADO,2307,158.3392059574461
ARRIESGADO,2308,156.96845717583793
ARRIESGADO,2309,160.81045982606958
ARRIESGADO,2310,146.33647580608078
ARRIESGADO,2311,133.86996204766115
ARRIESGADO,2312,147.59170121188876
ARRIESGADO,2313,137.37733463035127
ARRIESGADO,2314,133.69793191109812
ARRIESGADO,2315,138.59734405828033
ARRIESGADO,2316,160.3847844469911
ARRIESGADO,2317,147.06791415073866
ARRIESGADO,2318,126.57938335490294
ARRIESGADO,2319,170.73846155328084
ARRIESGADO,2320,123.07469217639574
ARRIESGADO,2321,196.63445690479546
ARRIESGADO,2322,139.95964410615835
ARRIESGADO,2323,128.94006289808337
ARRIESGADO,2324,156.31454677844744
ARRIESGADO,2325,118.62584514441198
ARRIESGADO,2326,146.83522373067723
ARRIESGADO,2327,147.64943076879877
ARRIESGADO,2328,150.12147404954837
ARRIESGADO,2329,129.05668525883814
ARRIESGADO,2330,133.68940653446126
ARRIESGADO,2331,152.52934869914736
ARRIESGADO,2332,168.70545583234178
ARRIESGADO,2333,114.33725207874483
ARRIESGADO,2334,183.33752978646046
ARRIESGADO,2335,102.85997606002559
ARRIESGADO,2336,102.1339665764678
ARRIESGADO,2337,135.66465083278854
ARRIESGADO,2338,100.49044394075301
ARRIESGADO,2339,196.9430111917904
ARRIESGADO,2340,197.40594025174
ARRIESGADO,2341,163.84465181985627
ARRIESGADO,2342,155.9465102122656
ARRIESGADO,2343,152.8027515445283
ARRIESGADO,2344,122.60962556088295
ARRIESGADO,2345,182.12023620371934
ARRIESGADO,2346,183.3402031469421
ARRIESGADO,2347,201.20127823425327
ARRIESGADO,2348,108.05047489532598
ARRIESGADO,2349,105.21328563915414
ARRIESGADO,2350,122.0968266136629
ARRIESGADO,2351,171.2825397074827
ARRIESGADO,2352,143.51658626821856
ARRIESGADO,2353,147.16773840466257
ARRIESGADO,2354,138.51812651848937
ARRIESGADO,2355,158.86165230105198
ARRIESGADO,2356,143.1836487528481
ARRIESGADO,2357,113.7019435863296
ARRIESGADO,2358,163.58259737507905
ARRIESGADO,2359,183.50614054901334
ARRIESGADO,2360,151.23148255275706
ARRIESGADO,2361,126.26143578561283
ARRIESGADO,2362,140.26598485742372
ARRIESGADO,2363,186.36484556906612
ARRIESGADO,2364,131.6284436510005
ARRIESGADO,2365,121.96054146570336
ARRIESGADO,2366,149.5363841179428
ARRIESGADO,2367,141.13745876921428
ARRIESGADO,2368,126.19877742198096
ARRIESGADO,2369,176.693710394745
ARRIESGADO,2370,152.4930220270023
ARRIESGADO,2371,125.3382190367719
ARRIESGADO,2372,155.7902901684412
ARRIESGADO,2373,139.2246694853129
ARRIESGADO,2374,155.44876345719604
ARRIESGADO,2375,185.60931306197065
ARRIESGADO,2376,124.98048518889944
ARRIESGADO,2377,141.38680951636317
ARRIESGADO,2378,179.28129478722593
ARRIESGADO,2379,146.28817412012313
ARRIESGADO,2380,177.05348687179784
ARRIESGADO,2381,160.06704590701628
ARRIESGADO,2382,158.72866449988697
ARRIESGADO,2383,146.86553019702157
ARRIESGADO,2384,144.6710667766693
ARRIESGADO,2385,128.53822361311714
ARRIESGADO,2386,109.27966667301696
ARRIESGADO,2387,126.4654318981888
ARRIESGADO,2388,153.58529321673842
ARRIESGADO,2389,100.61979981517275
ARRIESGADO,2390,120.31476305056808
ARRIESGADO,2391,148.80719108052398
ARRIESGADO,2392,82.41303053179296
ARRIESGADO,2393,156.77158225653199
ARRIESGADO,2394,164.17304677038408
ARRIESGADO,2395,133.3247561419233
ARRIESGADO,2396,194.41217153265262
ARRIESGADO,2397,171.28602923546947
ARRIESGADO,2398,134.45527425924286
ARRIESGADO,2399,151.5121512221536
ARRIESGADO,2400,101.62343390362949
ARRIESGADO,2401,113.3011921538887
ARRIESGADO,2402,166.41142605030973
ARRIESGADO,2403,135.31795788278197
ARRIESGADO,2404,141.92393668498985
ARRIESGADO,2405,144.34985795532683
ARRIESGADO,2406,153.14486173165417
ARRIESGADO,2407,141.85964739170927
ARRIESGADO,2408,141.0727305714183
ARRIESGADO,2409,117.67687167555161
ARRIESGADO,2410,111.36184130025616
ARRIESGADO,2411,123.47567082690976
ARRIESGADO,2412,157.59429520367465
ARRIESGADO,2413,126.06641264120411
ARRIESGADO,2414,145.7596436821426
ARRIESGADO,2415,109.59869518371605
ARRIESGADO,2416,161.636689155116
ARRIESGADO,2417,143.4554110027992
ARRIESGADO,2418,174.22625355577225
ARRIESGADO,2419,117.50753087013827
ARRIESGADO,2420,173.35419687076467
ARRIESGADO,2421,154.02523711503983
ARRIESGADO,2422,193.85073748026684
ARRIESGADO,2423,132.7123628156275
ARRIESGADO,2424,112.81142228251402
ARRIESGADO,2425,117.71089666832691
ARRIESGADO,2426,134.32943624491605
ARRIESGADO,2427,170.7236018073937
ARRIESGADO,2428,142.45399601432132
ARRIESGADO,2429,123.88613592072089
ARRIESGADO,2430,153.4827379446626
ARRIESGADO,2431,106.8290837589677
ARRIESGADO,2432,151.6988542984346
ARRIESGADO,2433,139.7892412030599
ARRIESGADO,2434,108.56657904077798
ARRIESGADO,2435,128.68711418546266
ARRIESGADO,2436,98.84770537645768
ARRIESGADO,2437,116.56303042763304
ARRIESGADO,2438,148.80124370273245
ARRIESGADO,2439,100.0388102900194
ARRIESGADO,2440,153.38957412679648
ARRIESGADO,2441,136.78673756014075
ARRIESGADO,2442,170.96798671379838
ARRIESGADO,2443,113.45124769090971
ARRIESGADO,2444,149.54871068741542
ARRIESGADO,2445,103.6900956607884
ARRIESGADO,2446,180.8243564308459
ARRIESGADO,2447,147.83045761938155
ARRIESGADO,2448,104.92084848322094
ARRIESGADO,2449,141.14040797587373
ARRIESGADO,2450,146.54453818020875
ARRIESGADO,2451,168.60746907034311
ARRIESGADO,2452,155.566077288932
ARRIESGADO,2453,149.86458128137025
ARRIESGADO,2454,164.65611799925142
ARRIESGADO,2455,133.76038927104756
ARRIESGADO,2456,109.46365494725978
ARRIESGADO,2457,117.8344261563896
ARRIESGADO,2458,133.07890493555928
ARRIESGADO,2459,136.74206179195255
ARRIESGADO,2460,163.90405324017536
ARRIESGADO,2461,127.86602335142548
ARRIESGADO,2462,153.03294350112023
ARRIESGADO,2463,161.41650831662102
ARRIESGADO,2464,184.97138857418136
ARRIESGADO,2465,141.71052503812123
ARRIESGADO,2466,134.08721896625548
ARRIESGADO,2467,138.14006816664707
ARRIESGADO,2468,131.91880028739845
ARRIESGADO,2469,170.67470466945184
ARRIESGADO,2470,136.01272483874385
ARRIESGADO,2471,158.9368596211922
ARRIESGADO,2472,121.08011429998882
ARRIESGADO,2473,119.70520306454749
ARRIESGADO,2474,118.45110511361223
ARRIESGADO,2475,128.75966933025458
ARRIESGADO,2476,179.47984893219817
ARRIESGADO,2477,87.85007300522976
ARRIESGADO,2478,156.8895024381465
ARRIESGADO,2479,139.75150809148957
ARRIESGADO,2480,165.2464615832719
ARRIESGADO,2481,133.02602917749886
ARRIESGADO,2482,164.31761770276535
ARRIESGADO,2483,137.5816356527383
ARRIESGADO,2484,120.73907854181564
ARRIESGADO,2485,136.28721018435562
ARRIESGADO,2486,181.99672643548826
ARRIESGADO,2487,157.04689939648824
ARRIESGADO,2488,97.27483412680597
ARRIESGADO,2489,139.53534161621735
ARRIESGADO,2490,131.50210093302113
ARRIESGADO,2491,162.54920606714836
ARRIESGADO,2492,191.6561556020463
ARRIESGADO,2493,161.66147662943283
ARRIESGADO,2494,167.7972170771851
ARRIESGADO,2495,136.20274738190955
ARRIESGADO,2496,160.0653935685068
ARRIESGADO,2497,138.07042786738597
ARRIESGADO,2498,103.31102591292638
ARRIESGADO,2499,123.86214501717748
ARRIESGADO,2500,160.3075258876556
ARRIESGADO,2501,133.2767930114049
ARRIESGADO,2502,154.43473802081687
ARRIESGADO,2503,132.00956161842018
ARRIESGADO,2504,156.73790310115695
ARRIESGADO,2505,111.63238961940515
ARRIESGADO,2506,111.07498207187794
ARRIESGADO,2507,122.14988230918578
ARRIESGADO,2508,128.35577646996177
ARRIESGADO,2509,117.54628583015253
ARRIESGADO,2510,140.18706896758852
ARRIESGADO,2511,105.50241569305899
ARRIESGADO,2512,130.59387223295388
ARRIESGADO,2513,147.99982595529787
ARRIESGADO,2514,155.11925359398865
ARRIESGADO,2515,144.38772920804598
ARRIESGADO,2516,160.40845611311306
ARRIESGADO,2517,174.08647520933835
ARRIESGADO,2518,124.93818719948156
ARRIESGADO,2519,151.43970651478224
ARRIESGADO,2520,155.11440880740204
ARRIESGADO,2521,121.85677345159678
ARRIESGADO,2522,135.67240681031095
ARRIESGADO,2523,108.93441031198898
ARRIESGADO,2524,134.80041611489906
ARRIESGADO,2525,131.83563361161652
ARRIESGADO,2526,154.4705664969465
ARRIESGADO,2527,135.33297588684547
ARRIESGADO,2528,177.79182731519958
ARRIESGADO,2529,157.55483216205937
ARRIESGADO,2530,133.22502677448065
ARRIESGADO,2531,142.74902555576097
ARRIESGADO,2532,107.59662983827425
ARRIESGADO,2533,116.68472251807209
ARRIESGADO,2534,165.05918840391334
ARRIESGADO,2535,208.65907265224158
ARRIESGADO,2536,149.77870892483134
ARRIESGADO,2537,127.13710805212375
ARRIESGADO,2538,135.73566908063754
ARRIESGADO,2539,142.74919812005402
ARRIESGADO,2540,128.9328860039135
ARRIESGADO,2541,122.02703947189411
ARRIESGADO,2542,101.39959194263818
ARRIESGADO,2543,135.73752918948063
ARRIESGADO,2544,137.00093224427442
ARRIESGADO,2545,86.57341076196062
ARRIESGADO,2546,162.46432836313102
ARRIESGADO,2547,174.8687421165372
ARRIESGADO,2548,178.70151006832464
ARRIESGADO,2549,93.27355386357118
ARRIESGADO,2550,166.95513327093488
ARRIESGADO,2551,127.03349173808132
ARRIESGADO,2552,135.44810943563377
ARRIESGADO,2553,157.91937837795342
ARRIESGADO,2554,143.12485866813165
ARRIESGADO,2555,142.2632676403337
ARRIESGADO,2556,153.13894772642533
ARRIESGADO,2557,132.8305115715557
ARRIESGADO,2558,186.64546405527767
ARRIESGADO,2559,147.68925472301797
ARRIESGADO,2560,144.9441492714433
ARRIESGADO,2561,128.06163806025833
ARRIESGADO,2562,128.4454178207888
ARRIESGADO,2563,146.77836324373408
ARRIESGADO,2564,146.09265173219197
ARRIESGADO,2565,133.78060504605247
ARRIESGADO,2566,170.32469805646875
ARRIESGADO,2567,174.0132754829189
ARRIESGADO,2568,108.45822892573872
ARRIESGADO,2569,107.03974944762835
ARRIESGADO,2570,126.29518859825224
ARRIESGADO,2571,130.5196806386327
ARRIESGADO,2572,143.87822229120826
ARRIESGADO,2573,121.44040718704885
ARRIESGADO,2574,182.30625915921158
ARRIESGADO,2575,141.10909598071012
ARRIESGADO,2576,139.15634578380178
ARRIESGADO,2577,149.76537254717144
ARRIESGADO,2578,139.27241615305215
ARRIESGADO,2579,134.2874163331252
ARRIESGADO,2580,184.101476406697
ARRIESGADO,2581,163.5985909351149
ARRIESGADO,2582,146.3158017288487
ARRIESGADO,2583,124.62170082623221
ARRIESGADO,2584,155.03582560009764
ARRIESGADO,2585,141.14073184117663
ARRIESGADO,2586,161.4848745570593
ARRIESGADO,2587,115.06309879090622
ARRIESGADO,2588,153.37814862555325
ARRIESGADO,2589,182.90197966547106
ARRIESGADO,2590,159.62987845720727
ARRIESGADO,2591,144.43572021316433
ARRIESGADO,2592,120.25687453158491
ARRIESGADO,2593,144.25186326152024
ARRIESGADO,2594,156.48078110628825
ARRIESGADO,2595,130.65452577559358
ARRIESGADO,2596,123.05438919188295
ARRIESGADO,2597,146.54496062745585
ARRIESGADO,2598,160.9698894591969
ARRIESGADO,2599,178.60226063467823
ARRIESGADO,2600,164.47970516592824
ARRIESGADO,2601,178.22532167157624
ARRIESGADO,2602,140.30991396027153
ARRIESGADO,2603,143.11790029665744
ARRIESGADO,2604,125.36143286369891
ARRIESGADO,2605,137.1609941058773
ARRIESGADO,2606,128.16881798375218
ARRIESGADO,2607,143.5683061890449
ARRIESGADO,2608,117.5804869648206
ARRIESGADO,2609,197.85656752447667
ARRIESGADO,2610,171.21455020357234
ARRIESGADO,2611,134.93749257797157
ARRIESGADO,2612,134.85605069206886
ARRIESGADO,2613,149.4294880537437
ARRIESGADO,2614,168.1752583963098
ARRIESGADO,2615,156.33567118827216
ARRIESGADO,2616,135.99022783890413
ARRIESGADO,2617,176.56159184425485
ARRIESGADO,2618,115.62835837061644
ARRIESGADO,2619,171.79046215729343
ARRIESGADO,2620,148.01517229468746
ARRIESGADO,2621,171.0546648051259
ARRIESGADO,2622,140.37069910809046
ARRIESGADO,2623,155.84684698230504
ARRIESGADO,2624,161.6713951537792
ARRIESGADO,2625,167.16847639957825
ARRIESGADO,2626,155.3558807570272
ARRIESGADO,2627,147.65149809654827
ARRIESGADO,2628,139.05200501504805
ARRIESGADO,2629,163.9236666045705
ARRIESGADO,2630,113.74773447708097
ARRIESGADO,2631,140.27298238254494
ARRIESGADO,2632,129.59345938371735
ARRIESGADO,2633,152.33159363566335
ARRIESGADO,2634,132.70642956407636
ARRIESGADO,2635,165.08101542219964
ARRIESGADO,2636,132.59322331702492
ARRIESGADO,2637,148.6847416882595
ARRIESGADO,2638,173.61012422862018
ARRIESGADO,2639,158.25765195909426
ARRIESGADO,2640,145.57565702374248
ARRIESGADO,2641,130.48147567250788
ARRIESGADO,2642,119.81510574015283
ARRIESGADO,2643,152.16593721321357
ARRIESGADO,2644,113.41016215216189
ARRIESGADO,2645,123.5187124372053
ARRIESGADO,2646,159.4479557645972
ARRIESGADO,2647,132.49685997827095
ARRIESGADO,2648,165.62415232785537
ARRIESGADO,2649,176.59801779113297
ARRIESGADO,2650,129.64779582703684
ARRIESGADO,2651,125.72482435213288
ARRIESGADO,2652,132.5321385490771
ARRIESGADO,2653,169.73901728662378
ARRIESGADO,2654,119.37379044124498
ARRIESGADO,2655,149.54193637656994
ARRIESGADO,2656,127.63472220598433
ARRIESGADO,2657,142.79165020118563
ARRIESGADO,2658,124.16543686783095
ARRIESGADO,2659,124.83987350992749
ARRIESGADO,2660,185.91351959731222
ARRIESGADO,2661,169.93412729387515
ARRIESGADO,2662,166.4976891681999
ARRIESGADO,2663,173.2646418708455
ARRIESGADO,2664,137.83535101205163
ARRIESGADO,2665,145.2411480418711
ARRIESGADO,2666,177.33456446064577
ARRIESGADO,2667,132.3259091127197
ARRIESGADO,2668,170.40559660609898
ARRIESGADO,2669,119.99331969915949
ARRIESGADO,2670,113.808791733185
ARRIESGADO,2671,146.58631036668623
ARRIESGADO,2672,133.4275482487707
ARRIESGADO,2673,181.31920044222755
ARRIESGADO,2674,138.75757421710367
ARRIESGADO,2675,137.21535258988715
ARRIESGADO,2676,89.73146616501907
ARRIESGADO,2677,152.7994462851969
ARRIESGADO,2678,159.3471933355267
ARRIESGADO,2679,115.56670340184269
ARRIESGADO,2680,154.22032888650097
ARRIESGADO,2681,99.06064140839013
ARRIESGADO,2682,126.52933312930665
ARRIESGADO,2683,113.0135250861843
ARRIESGADO,2684,120.31177995289386
ARRIESGADO,2685,159.5863475719233
ARRIESGADO,2686,139.1395369795207
ARRIESGADO,2687,105.11307531711114
ARRIESGADO,2688,124.2105794744482
ARRIESGADO,2689,165.6396074885126
ARRIESGADO,2690,164.17526348618304
ARRIESGADO,2691,155.54895507966722
ARRIESGADO,2692,128.67333366252305
ARRIESGADO,2693,129.9455166694645
ARRIESGADO,2694,136.72532137060475
ARRIESGADO,2695,94.79490725901498
ARRIESGADO,2696,114.16799076439281
ARRIESGADO,2697,144.87821455766615
ARRIESGADO,2698,157.0915833548488
ARRIESGADO,2699,175.49932531418224
ARRIESGADO,2700,119.94937621816872
ARRIESGADO,2701,137.98250712940512
ARRIESGADO,2702,103.69908260855382
ARRIESGADO,2703,183.74521609684552
ARRIESGADO,2704,126.23642275106434
ARRIESGADO,2705,147.83043034170996
ARRIESGADO,2706,156.06532003783133
ARRIESGADO,2707,140.4498453140035
ARRIESGADO,2708,147.9841967408969
ARRIESGADO,2709,178.41797228937816
ARRIESGADO,2710,152.44855625183666
ARRIESGADO,2711,125.64789800489366
ARRIESGADO,2712,161.55752308374764
ARRIESGADO,2713,115.41653866020059
ARRIESGADO,2714,162.08490794332636
ARRIESGADO,2715,169.6281863824204
ARRIESGADO,2716,128.14784173282868
ARRIESGADO,2717,202.34991631879979
ARRIESGADO,2718,134.59329777237824
ARRIESGADO,2719,141.93006632039305
ARRIESGADO,2720,134.34366803345193
ARRIESGADO,2721,154.89406480548257
ARRIESGADO,2722,143.78598597208622
ARRIESGADO,2723,116.76058436426965
ARRIESGADO,2724,123.33593123659539
ARRIESGADO,2725,184.47796985291677
ARRIESGADO,2726,132.3231957996681
ARRIESGADO,2727,134.91513568451862
ARRIESGADO,2728,134.54050701742403
ARRIESGADO,2729,147.00976704994562
ARRIESGADO,2730,153.08661635576595
ARRIESGADO,2731,142.6166136268886
ARRIESGADO,2732,177.73365213917165
ARRIESGADO,2733,155.14204611365443
ARRIESGADO,2734,120.15198308779414
ARRIESGADO,2735,157.22046951900796
ARRIESGADO,2736,161.27724252300447
ARRIESGADO,2737,146.55852211773927
ARRIESGADO,2738,150.76983246490224
ARRIESGADO,2739,145.52326032925987
ARRIESGADO,2740,177.65563703915745
ARRIESGADO,2741,119.78062823549257
ARRIESGADO,2742,175.19918652776778
ARRIESGADO,2743,155.75174689859972
ARRIESGADO,2744,148.88349213051387
ARRIESGADO,2745,154.01835696425562
ARRIESGADO,2746,166.20144887381548
ARRIESGADO,2747,165.96124849095116
ARRIESGADO,2748,148.79220939285918
ARRIESGADO,2749,163.25034142987786
ARRIESGADO,2750,151.92439016981695
ARRIESGADO,2751,115.11356524798086
ARRIESGADO,2752,141.13710332496743
ARRIESGADO,2753,141.81336302100283
ARRIESGADO,2754,188.46666061464526
ARRIESGADO,2755,176.779284401822
ARRIESGADO,2756,141.4041510289471
ARRIESGADO,2757,153.43124292195102
ARRIESGADO,2758,149.90595055465863
ARRIESGADO,2759,157.77952439382565
ARRIESGADO,2760,166.40030164620896
ARRIESGADO,2761,116.99825978088651
ARRIESGADO,2762,142.93842985295333
ARRIESGADO,2763,124.17133184423994
ARRIESGADO,2764,158.55369465445452
ARRIESGADO,2765,167.22556405081485
ARRIESGADO,2766,155.3599056723277
ARRIESGADO,2767,130.84381148578876
ARRIESGADO,2768,109.45335534987751
ARRIESGADO,2769,154.91286549721804
ARRIESGADO,2770,147.89272465332462
ARRIESGADO,2771,167.94139933430225
ARRIESGADO,2772,137.18295676832975
ARRIESGADO,2773,138.5282876974665
ARRIESGADO,2774,166.65875361311987
ARRIESGADO,2775,180.8315358943391
ARRIESGADO,2776,118.17869154203159
ARRIESGADO,2777,114.56522854075955
ARRIESGADO,2778,161.82175982882657
ARRIESGADO,2779,137.94887749811562
ARRIESGADO,2780,159.7999041976125
ARRIESGADO,2781,126.76786608864501
ARRIESGADO,2782,122.75691796184856
ARRIESGADO,2783,127.27629470163676
ARRIESGADO,2784,135.7225439309199
ARRIESGADO,2785,134.92543550233327
ARRIESGADO,2786,111.49706453822641
ARRIESGADO,2787,98.10920793211497
ARRIESGADO,2788,167.41075985776635
ARRIESGADO,2789,123.49709743682362
ARRIESGADO,2790,156.25643827202111
ARRIESGADO,2791,116.58919148978794
ARRIESGADO,2792,105.75859552760647
ARRIESGADO,2793,128.41793830403793
ARRIESGADO,2794,143.32567085698423
ARRIESGADO,2795,133.22889968475087
ARRIESGADO,2796,132.3600188750431
ARRIESGADO,2797,131.11977989490194
ARRIESGADO,2798,186.127059836421
ARRIESGADO,2799,120.1532844429257
ARRIESGADO,2800,111.27531963612275
ARRIESGADO,2801,129.96769514691826
ARRIESGADO,2802,138.35130811880913
ARRIESGADO,2803,138.1168004861942
ARRIESGADO,2804,122.34611475043431
ARRIESGADO,2805,150.99178911158384
ARRIESGADO,2806,113.34590747538364
ARRIESGADO,2807,141.25814936702756
ARRIESGADO,2808,128.67694501385316
ARRIESGADO,2809,132.91713124241895
ARRIESGADO,2810,137.96053970575426
ARRIESGADO,2811,159.17326137069287
ARRIESGADO,2812,139.09893603319657
ARRIESGADO,2813,195.54839244889567
ARRIESGADO,2814,156.3189619766828
ARRIESGADO,2815,120.91689541253827
ARRIESGADO,2816,140.9127136906555
ARRIESGADO,2817,151.72808705150274
ARRIESGADO,2818,115.68382535521133
ARRIESGADO,2819,154.9289081134476
ARRIESGADO,2820,109.04258121033274
ARRIESGADO,2821,145.76920430413608
ARRIESGADO,2822,202.16005587311298
ARRIESGADO,2823,145.70085591042294
ARRIESGADO,2824,160.66121714586842
ARRIESGADO,2825,166.48196665821402
ARRIESGADO,2826,126.1777606009021
ARRIESGADO,2827,133.7302793993349
ARRIESGADO,2828,146.53851919324606
ARRIESGADO,2829,154.05069424163935
ARRIESGADO,2830,156.9732354490877
ARRIESGADO,2831,133.46471574896177
ARRIESGADO,2832,158.45305470487875
ARRIESGADO,2833,149.4834239878348
ARRIESGADO,2834,180.1002682778536
ARRIESGADO,2835,129.3044413816301
ARRIESGADO,2836,110.75081349885059
ARRIESGADO,2837,119.91883018649854
ARRIESGADO,2838,132.81139560804945
ARRIESGADO,2839,152.43242029733665
ARRIESGADO,2840,129.12751359235068
ARRIESGADO,2841,157.26133406331957
ARRIESGADO,2842,131.05639889669436
ARRIESGADO,2843,150.12961976663303
ARRIESGADO,2844,91.15433415336517
ARRIESGADO,2845,143.74400783124497
ARRIESGADO,2846,140.37296597387515
ARRIESGADO,2847,144.5613610241735
ARRIESGADO,2848,186.70077060317317
ARRIESGADO,2849,161.57670042519877
ARRIESGADO,2850,149.47783994303563
ARRIESGADO,2851,171.7420240919201
ARRIESGADO,2852,123.31468013938816
ARRIESGADO,2853,144.00237368358506
ARRIESGADO,2854,129.27927101830426
ARRIESGADO,2855,159.0837251814274
ARRIESGADO,2856,178.97109014263714
ARRIESGADO,2857,112.3083221948586
ARRIESGADO,2858,144.1885798369581
ARRIESGADO,2859,142.66518781682808
ARRIESGADO,2860,134.49299414871328
ARRIESGADO,2861,150.3785899021659
ARRIESGADO,2862,162.60671493441905
ARRIESGADO,2863,179.0729436034215
ARRIESGADO,2864,150.64620656569508
ARRIESGADO,2865,128.11800818650488
ARRIESGADO,2866,148.3703039598693
ARRIESGADO,2867,135.71124233838896
ARRIESGADO,2868,141.68199428126292
ARRIESGADO,2869,139.06607212223395
ARRIESGADO,2870,130.66896186080714
ARRIESGADO,2871,134.9866137426667
ARRIESGADO,2872,159.89781202186933
ARRIESGADO,2873,137.42055884251292
ARRIESGADO,2874,142.1573620622117
ARRIESGADO,2875,150.8815186196576
ARRIESGADO,2876,93.212298770574
ARRIESGADO,2877,141.8500847175922
ARRIESGADO,2878,174.37584467066202
ARRIESGADO,2879,102.65263227155395
ARRIESGADO,2880,172.67347813223236
ARRIESGADO,2881,144.5099571646547
ARRIESGADO,2882,153.65303585771233
ARRIESGADO,2883,127.75971542188849
ARRIESGADO,2884,158.24346298366362
ARRIESGADO,2885,161.22290375021754
ARRIESGADO,2886,137.52221270105468
ARRIESGADO,2887,135.87794178562643
ARRIESGADO,2888,175.48100900556474
ARRIESGADO,2889,141.39428682664135
ARRIESGADO,2890,134.20168251576666
ARRIESGADO,2891,153.49494618865262
ARRIESGADO,2892,145.79749652879286
ARRIESGADO,2893,176.1937985176135
ARRIESGADO,2894,179.95398045312535
ARRIESGADO,2895,178.99367026371516
ARRIESGADO,2896,128.9990645760237
ARRIESGADO,2897,165.17343659262264
ARRIESGADO,2898,135.61524739122683
ARRIESGADO,2899,156.3442249372332
ARRIESGADO,2900,134.57652664493241
ARRIESGADO,2901,121.0404271833823
ARRIESGADO,2902,121.64115500809913
ARRIESGADO,2903,167.1894714941356
ARRIESGADO,2904,180.29068449263892
ARRIESGADO,2905,160.79766619123174
ARRIESGADO,2906,115.17079041944211
ARRIESGADO,2907,160.17896300018293
ARRIESGADO,2908,164.58399329403477
ARRIESGADO,2909,149.52561735500544
ARRIESGADO,2910,145.44982151009404
ARRIESGADO,2911,135.3227361284568
ARRIESGADO,2912,130.3021401634853
ARRIESGADO,2913,113.69356988634884
ARRIESGADO,2914,178.45568261994237
ARRIESGADO,2915,156.26883166686787
ARRIESGADO,2916,149.2767667339769
ARRIESGADO,2917,147.3156512090152
ARRIESGADO,2918,134.54635206930882
ARRIESGADO,2919,172.62764280587433
ARRIESGADO,2920,166.88154493242197
ARRIESGADO,2921,172.57719693277508
ARRIESGADO,2922,138.4901013401653
ARRIESGADO,2923,108.83519173568708
ARRIESGADO,2924,138.65717396373077
ARRIESGADO,2925,113.79729287953987
ARRIESGADO,2926,145.45919847221836
ARRIESGADO,2927,144.32068606406486
ARRIESGADO,2928,108.48051868604428
ARRIESGADO,2929,123.30448613094006
ARRIESGADO,2930,162.03104497262615
ARRIESGADO,2931,172.23180011903477
ARRIESGADO,2932,117.57952049237541
ARRIESGADO,2933,138.9464727436214
ARRIESGADO,2934,146.01596339982524
ARRIESGADO,2935,194.87142839208377
ARRIESGADO,2936,150.19423630715303
ARRIESGADO,2937,153.8551484095092
ARRIESGADO,2938,151.1956812745515
ARRIESGADO,2939,122.55583508209203
ARRIESGADO,2940,113.51141828500886
ARRIESGADO,2941,176.41345369304645
ARRIESGADO,2942,157.52061170588877
ARRIESGADO,2943,197.9103470178869
ARRIESGADO,2944,116.73187076892391
ARRIESGADO,2945,136.67163928111015
ARRIESGADO,2946,157.81335305532997
ARRIESGADO,2947,160.84499842177559
ARRIESGADO,2948,188.19725660721843
ARRIESGADO,2949,167.85468451972156
ARRIESGADO,2950,175.17999935637755
ARRIESGADO,2951,132.26313944916734
ARRIESGADO,2952,118.8082603007843
ARRIESGADO,2953,188.0316788389612
ARRIESGADO,2954,147.82077610152257
ARRIESGADO,2955,183.72700535835048
ARRIESGADO,2956,154.5672764096166
ARRIESGADO,2957,153.74912421971612
ARRIESGADO,2958,172.56190753873173
ARRIESGADO,2959,161.46719065174713
ARRIESGADO,2960,128.39165112803835
ARRIESGADO,2961,139.46581544304684
ARRIESGADO,2962,110.04061433527065
ARRIESGADO,2963,156.42826147901667
ARRIESGADO,2964,150.102712578181
ARRIESGADO,2965,154.80966315457889
ARRIESGADO,2966,150.83943261254467
ARRIESGADO,2967,137.91504941988148
ARRIESGADO,2968,134.92943800300316
ARRIESGADO,2969,99.67876324353244
ARRIESGADO,2970,143.44393353062534
ARRIESGADO,2971,154.98633731406107
ARRIESGADO,2972,116.57063672670382
ARRIESGADO,2973,192.51836640962233
ARRIESGADO,2974,142.64986506680236
ARRIESGADO,2975,129.15232556410453
ARRIESGADO,2976,181.27487786263953
ARRIESGADO,2977,128.2091656364877
ARRIESGADO,2978,139.1944579018488
ARRIESGADO,2979,165.56292614059072
ARRIESGADO,2980,147.46406066118018
ARRIESGADO,2981,111.57573991912989
ARRIESGADO,2982,137.12290529611576
ARRIESGADO,2983,125.66764065918832
ARRIESGADO,2984,142.70707107067088
ARRIESGADO,2985,115.82464175964179
ARRIESGADO,2986,188.36855191943243
ARRIESGADO,2987,156.0909418735606
ARRIESGADO,2988,118.57824286052877
ARRIESGADO,2989,131.80220561820204
ARRIESGADO,2990,175.1660743190015
ARRIESGADO,2991,138.64279211303852
ARRIESGADO,2992,110.53730219194114
ARRIESGADO,2993,158.27817667361552
ARRIESGADO,2994,138.8825088192079
ARRIESGADO,2995,151.3617980726416
ARRIESGADO,2996,181.0915726515903
ARRIESGADO,2997,147.91850425297085
ARRIESGADO,2998,109.89515320172208
ARRIESGADO,2999,139.97985361967548
ARRIESGADO,3000,128.7858112850475
ARRIESGADO,3001,114.98050296532588
ARRIESGADO,3002,114.50156163738122
ARRIESGADO,3003,138.88150520511536
ARRIESGADO,3004,152.24840143806014
ARRIESGADO,3005,149.0151065863018
ARRIESGADO,3006,137.80501945551796
ARRIESGADO,3007,109.97768979269418
ARRIESGADO,3008,156.9492296770736
ARRIESGADO,3009,146.23858213148384
ARRIESGADO,3010,133.87335465519124
ARRIESGADO,3011,170.8044798361016
ARRIESGADO,3012,173.21526238260134
ARRIESGADO,3013,98.67303209236694
ARRIESGADO,3014,124.33346408928111
ARRIESGADO,3015,122.12739062957502
ARRIESGADO,3016,184.24839824702104
ARRIESGADO,3017,142.2092286318317
ARRIESGADO,3018,156.25798462259115
ARRIESGADO,3019,114.04372881446899
ARRIESGADO,3020,198.65777910619744
ARRIESGADO,3021,144.05536524020468
ARRIESGADO,3022,103.6646586517533
ARRIESGADO,3023,117.63411059127901
ARRIESGADO,3024,108.00071896304846
ARRIESGADO,3025,112.15268274719242
ARRIESGADO,3026,174.76481804264137
ARRIESGADO,3027,131.7222252299289
ARRIESGADO,3028,128.22195585879155
ARRIESGADO,3029,189.23197328931548
ARRIESGADO,3030,173.92637755717624
ARRIESGADO,3031,151.77930724753196
ARRIESGADO,3032,159.6142812825529
ARRIESGADO,3033,157.13030239260016
ARRIESGADO,3034,154.87220024235188
ARRIESGADO,3035,142.4744025289811
ARRIESGADO,3036,168.9840423614351
ARRIESGADO,3037,166.497358112089
ARRIESGADO,3038,160.93145947409863
ARRIESGADO,3039,148.42314662476844
ARRIESGADO,3040,118.89262384420644
ARRIESGADO,3041,143.30792595564967
ARRIESGADO,3042,145.91822373574308
ARRIESGADO,3043,117.81846487161478
ARRIESGADO,3044,132.11411569262262
ARRIESGADO,3045,154.5547580261381
ARRIESGADO,3046,150.68326518584544
ARRIESGADO,3047,148.093362075142
ARRIESGADO,3048,144.66649348380423
ARRIESGADO,3049,119.9074564884789
ARRIESGADO,3050,137.74753008624452
ARRIESGADO,3051,150.23019735109636
ARRIESGADO,3052,85.14056975456464
ARRIESGADO,3053,142.07741985007192
ARRIESGADO,3054,114.120917505311
ARRIESGADO,3055,168.0700544934266
ARRIESGADO,3056,116.16092088252476
ARRIESGADO,3057,162.1664224998682
ARRIESGADO,3058,104.78855763008919
ARRIESGADO,3059,104.41457618021747
ARRIESGADO,3060,170.8450290795619
ARRIESGADO,3061,171.3759685977328
ARRIESGADO,3062,109.35795955578774
ARRIESGADO,3063,133.6880483266885
ARRIESGADO,3064,152.05887992946742
ARRIESGADO,3065,121.39677324746211
ARRIESGADO,3066,123.48040196525426
ARRIESGADO,3067,135.04548727316487
ARRIESGADO,3068,165.39751848437197
ARRIESGADO,3069,161.65154050943016
ARRIESGADO,3070,146.96263628127804
ARRIESGADO,3071,133.1393048451519
ARRIESGADO,3072,123.66535396690067
ARRIESGADO,3073,143.24439107182235
ARRIESGADO,3074,147.6084792104761
ARRIESGADO,3075,161.05677655481983
ARRIESGADO,3076,101.80436199249348
ARRIESGADO,3077,141.79450780051528
ARRIESGADO,3078,185.77859654283347
ARRIESGADO,3079,150.8427753944426
ARRIESGADO,3080,121.80410841914947
ARRIESGADO,3081,155.0093693968846
ARRIESGADO,3082,162.3504321077035
ARRIESGADO,3083,135.71364721459867
ARRIESGADO,3084,115.12720469208222
ARRIESGADO,3085,195.0018740181919
ARRIESGADO,3086,134.3771241254421
ARRIESGADO,3087,111.92708991707046
ARRIESGADO,3088,109.96194280669167
ARRIESGADO,3089,139.64991138606175
ARRIESGADO,3090,148.83074162040893
ARRIESGADO,3091,155.61951573336236
ARRIESGADO,3092,133.3708421587552
ARRIESGADO,3093,147.34760568295974
ARRIESGADO,3094,137.32743899163603
ARRIESGADO,3095,144.7186210815345
ARRIESGADO,3096,161.97045409500896
ARRIESGADO,3097,137.3089413136612
ARRIESGADO,3098,147.83101145823633
ARRIESGADO,3099,150.5733874919629
ARRIESGADO,3100,109.52315685980585
ARRIESGADO,3101,138.94146313095195
ARRIESGADO,3102,149.41913441147622
ARRIESGADO,3103,132.44771814919403
ARRIESGADO,3104,127.82946401762223
ARRIESGADO,3105,157.2260925259471
ARRIESGADO,3106,135.55715437558283
ARRIESGADO,3107,122.6435397170998
ARRIESGADO,3108,138.5063487711512
ARRIESGADO,3109,141.54995219820123
ARRIESGADO,3110,167.88557096046668
ARRIESGADO,3111,146.5174309441709
ARRIESGADO,3112,175.08051372446982
ARRIESGADO,3113,128.1330996303356
ARRIESGADO,3114,163.55747685061147
ARRIESGADO,3115,140.26736250569
ARRIESGADO,3116,186.01375286367613
ARRIESGADO,3117,140.3342744390439
ARRIESGADO,3118,128.3772443728645
ARRIESGADO,3119,187.52871992851328
ARRIESGADO,3120,157.4251043079183
ARRIESGADO,3121,142.0575737040643
ARRIESGADO,3122,155.88563034499123
ARRIESGADO,3123,136.35239742500323
ARRIESGADO,3124,191.9709864071295
ARRIESGADO,3125,176.04173264060108
ARRIESGADO,3126,151.37458528247254
ARRIESGADO,3127,161.99920730949788
ARRIESGADO,3128,167.5963104582646
ARRIESGADO,3129,132.28151458312468
ARRIESGADO,3130,155.2741765716657
ARRIESGADO,3131,177.9550315526459
ARRIESGADO,3132,176.55170610772612
ARRIESGADO,3133,122.14771847568412
ARRIESGADO,3134,185.33544607648514
ARRIESGADO,3135,152.88048874061087
ARRIESGADO,3136,88.99433172214323
ARRIESGADO,3137,190.9528900581646
ARRIESGADO,3138,166.73876627279603
ARRIESGADO,3139,159.65405436820282
ARRIESGADO,3140,111.928911463129
ARRIESGADO,3141,150.99828933901338
ARRIESGADO,3142,179.8849075571459
ARRIESGADO,3143,104.50004921365588
ARRIESGADO,3144,145.24364024793192
ARRIESGADO,3145,114.33916079902136
ARRIESGADO,3146,143.82695416459097
ARRIESGADO,3147,166.9262001923245
ARRIESGADO,3148,122.97510180348942
ARRIESGADO,3149,110.26857194532546
ARRIESGADO,3150,116.33976305360906
ARRIESGADO,3151,118.26330199507183
ARRIESGADO,3152,122.80014424770337
ARRIESGADO,3153,107.91847364753544
ARRIESGADO,3154,162.93385679301988
ARRIESGADO,3155,109.24311437604894
ARRIESGADO,3156,168.82321379972691
ARRIESGADO,3157,119.10852364207477
ARRIESGADO,3158,125.61996717327631
ARRIESGADO,3159,142.38773266136224
ARRIESGADO,3160,174.87863761634677
ARRIESGADO,3161,106.9432260231889
ARRIESGADO,3162,193.28178466734673
ARRIESGADO,3163,127.29230958061922
ARRIESGADO,3164,142.50466314551468
ARRIESGADO,3165,185.6765687932964
ARRIESGADO,3166,160.11149783726816
ARRIESGADO,3167,161.73043575693356
ARRIESGADO,3168,152.96187450749215
ARRIESGADO,3169,145.2199341349434
ARRIESGADO,3170,139.6602913731869
ARRIESGADO,3171,168.38010778351452
ARRIESGADO,3172,141.77941541357436
ARRIESGADO,3173,191.5560309263159
ARRIESGADO,3174,135.29162956566185
ARRIESGADO,3175,115.34247695120786
ARRIESGADO,3176,173.78257369767326
ARRIESGADO,3177,128.12044615133652
ARRIESGADO,3178,166.45648071305396
ARRIESGADO,3179,114.07743848695856
ARRIESGADO,3180,159.61843677384275
ARRIESGADO,3181,154.78328485644712
ARRIESGADO,3182,152.58005126577777
ARRIESGADO,3183,164.3927308942883
ARRIESGADO,3184,196.35959012987342
ARRIESGADO,3185,169.15213256752816
ARRIESGADO,3186,133.15483874408284
ARRIESGADO,3187,158.60327225458732
ARRIESGADO,3188,205.66699106244997
ARRIESGADO,3189,157.2504607321386
ARRIESGADO,3190,149.70939807081814
ARRIESGADO,3191,155.12167204840313
ARRIESGADO,3192,106.72394395465356
ARRIESGADO,3193,133.51676224773078
ARRIESGADO,3194,172.66565724132448
ARRIESGADO,3195,171.4802816305982
ARRIESGADO,3196,144.09780634353348
ARRIESGADO,3197,142.05461564504333
ARRIESGADO,3198,133.54099368764534
ARRIESGADO,3199,154.42510994697045
ARRIESGADO,3200,134.7916488904818
ARRIESGADO,3201,156.58295819347683
ARRIESGADO,3202,107.35680203910916
ARRIESGADO,3203,151.88181136943118
ARRIESGADO,3204,167.25589721714147
ARRIESGADO,3205,164.88812480762297
ARRIESGADO,3206,190.10246214021203
ARRIESGADO,3207,132.30522410776808
ARRIESGADO,3208,133.37308062636177
ARRIESGADO,3209,124.98130040320406
ARRIESGADO,3210,115.1651980949448
ARRIESGADO,3211,131.9081795203778
ARRIESGADO,3212,106.6937118754109
ARRIESGADO,3213,159.98322910702205
ARRIESGADO,3214,127.95479707401927
ARRIESGADO,3215,143.04930760972258
ARRIESGADO,3216,138.60362456384203
ARRIESGADO,3217,135.86055847521558
ARRIESGADO,3218,117.77544388147031
ARRIESGADO,3219,130.0828747446912
ARRIESGADO,3220,123.3124545936549
ARRIESGADO,3221,126.77540009488705
ARRIESGADO,3222,157.2103166384294
ARRIESGADO,3223,99.20528635691176
ARRIESGADO,3224,148.40224719391713
ARRIESGADO,3225,104.71236767811362
ARRIESGADO,3226,142.20106635592742
ARRIESGADO,3227,183.16007675532134
ARRIESGADO,3228,137.3114375197571
ARRIESGADO,3229,163.1797504212336
ARRIESGADO,3230,182.0810239616853
ARRIESGADO,3231,138.11796079487496
ARRIESGADO,3232,187.70847747850493
ARRIESGADO,3233,134.19418609284912
ARRIESGADO,3234,119.80194228383678
ARRIESGADO,3235,145.40334207541255
ARRIESGADO,3236,117.95661925896104
ARRIESGADO,3237,163.34274046460254
ARRIESGADO,3238,155.64807882667836
ARRIESGADO,3239,171.45010179587297
ARRIESGADO,3240,151.54842607448884
ARRIESGADO,3241,147.6897215735846
ARRIESGADO,3242,120.66616812143764
ARRIESGADO,3243,129.4814726315153
ARRIESGADO,3244,123.66407882752729
ARRIESGADO,3245,139.65199800879785
ARRIESGADO,3246,118.0531675711478
ARRIESGADO,3247,152.69134745728144
ARRIESGADO,3248,119.25751717414944
ARRIESGADO,3249,135.99000470458242
ARRIESGADO,3250,95.76372922173222
ARRIESGADO,3251,110.54746172698609
ARRIESGADO,3252,182.2814418905212
ARRIESGADO,3253,140.68024625450005
ARRIESGADO,3254,132.25078602727652
ARRIESGADO,3255,129.67862486692093
ARRIESGADO,3256,170.6884858174138
ARRIESGADO,3257,125.52641941206934
ARRIESGADO,3258,134.18003404221727
ARRIESGADO,3259,126.69092070015645
ARRIESGADO,3260,111.5083720504326
ARRIESGADO,3261,141.44942920247863
ARRIESGADO,3262,187.9627180420598
ARRIESGADO,3263,154.4366976975846
ARRIESGADO,3264,110.65951891973783
ARRIESGADO,3265,150.54062670990598
ARRIESGADO,3266,142.09570465707128
ARRIESGADO,3267,162.4285857284924
ARRIESGADO,3268,111.30424964857222
ARRIESGADO,3269,132.8120670003897
ARRIESGADO,3270,159.0623834696231
ARRIESGADO,3271,179.00810899089143
ARRIESGADO,3272,155.4534771353771
ARRIESGADO,3273,155.40849803522505
ARRIESGADO,3274,173.87862278688354
ARRIESGADO,3275,171.14515880570963
ARRIESGADO,3276,119.49624262661678
ARRIESGADO,3277,175.5331722246301
ARRIESGADO,3278,160.86001396856418
ARRIESGADO,3279,144.8764303422413
ARRIESGADO,3280,119.9589314932825
ARRIESGADO,3281,132.75144106060253
ARRIESGADO,3282,140.40100704728124
ARRIESGADO,3283,160.77851988353427
ARRIESGADO,3284,122.80659003101199
ARRIESGADO,3285,150.2460913887839
ARRIESGADO,3286,129.55230471702907
ARRIESGADO,3287,130.37829405046415
ARRIESGADO,3288,203.06476978781768
ARRIESGADO,3289,146.42808340128067
ARRIESGADO,3290,104.04580174513048
ARRIESGADO,3291,111.78123016786783
ARRIESGADO,3292,127.07112769478368
ARRIESGADO,3293,160.97076691543293
ARRIESGADO,3294,143.5294215643482
ARRIESGADO,3295,109.23319362565866
ARRIESGADO,3296,129.72093148560677
ARRIESGADO,3297,133.60609602870838
ARRIESGADO,3298,139.4633678003515
ARRIESGADO,3299,161.36760861530192
ARRIESGADO,3300,147.61019705594776
ARRIESGADO,3301,146.69472043316017
ARRIESGADO,3302,97.43823341733525
ARRIESGADO,3303,135.36912199377366
ARRIESGADO,3304,173.13918689542604
ARRIESGADO,3305,152.87384057375428
ARRIESGADO,3306,152.93512324700055
ARRIESGADO,3307,103.5932055003474
ARRIESGADO,3308,146.33767279991918
ARRIESGADO,3309,129.12176213118616
ARRIESGADO,3310,104.70938688300063
ARRIESGADO,3311,173.5579228773966
ARRIESGADO,3312,126.75770034891566
ARRIESGADO,3313,167.77281479864595
ARRIESGADO,3314,143.28508283399293
ARRIESGADO,3315,142.31486781711916
ARRIESGADO,3316,169.36851747863588
ARRIESGADO,3317,150.91912454866878
ARRIESGADO,3318,154.04424560868748
ARRIESGADO,3319,109.8789089359425
ARRIESGADO,3320,147.21957878353388
ARRIESGADO,3321,126.30324283548896
ARRIESGADO,3322,104.20832120735166
ARRIESGADO,3323,128.88224300324808
ARRIESGADO,3324,154.31971498648886
ARRIESGADO,3325,133.2262241796637
ARRIESGADO,3326,128.99686982246453
ARRIESGADO,3327,107.15919332483138
ARRIESGADO,3328,151.94760832541044
ARRIESGADO,3329,135.3043228117075
ARRIESGADO,3330,134.03946192441123
ARRIESGADO,3331,152.08861300951565
ARRIESGADO,3332,149.73411977918528
ARRIESGADO,3333,114.7502427550544
ARRIESGADO,3334,179.43935218607518
ARRIESGADO,3335,160.9256172217615
ARRIESGADO,3336,120.74102185080044
ARRIESGADO,3337,116.95697179151219
ARRIESGADO,3338,138.48330158929238
ARRIESGADO,3339,130.00733595895898
ARRIESGADO,3340,132.1499916433831
ARRIESGADO,3341,186.20745560281202
ARRIESGADO,3342,145.22620591870802
ARRIESGADO,3343,163.227908111304
ARRIESGADO,3344,189.3530815467169
ARRIESGADO,3345,144.287406640172
ARRIESGADO,3346,151.95804010170204
ARRIESGADO,3347,162.23594531711296
ARRIESGADO,3348,161.15561856751052
ARRIESGADO,3349,152.42285305589965
ARRIESGADO,3350,149.24408418982756
ARRIESGADO,3351,109.79676512302781
ARRIESGADO,3352,167.82558934219986
ARRIESGADO,3353,158.13371487325102
ARRIESGADO,3354,114.08975722379888
ARRIESGADO,3355,146.96311512161938
ARRIESGADO,3356,124.69385217051284
ARRIESGADO,3357,116.95620750125572
ARRIESGADO,3358,151.5897224247007
ARRIESGADO,3359,137.42887409134494
ARRIESGADO,3360,138.70800436323003
ARRIESGADO,3361,154.5718210583254
ARRIESGADO,3362,157.36273523020088
ARRIESGADO,3363,158.99632772607194
ARRIESGADO,3364,115.85619995214458
ARRIESGADO,3365,133.71792754481552
ARRIESGADO,3366,159.62788728547935
ARRIESGADO,3367,119.66064987291732
ARRIESGADO,3368,133.49150355559956
ARRIESGADO,3369,135.26595855541177
ARRIESGADO,3370,163.46428838788069
ARRIESGADO,3371,149.09810466151927
ARRIESGADO,3372,174.45024500305897
ARRIESGADO,3373,156.75082428435505
ARRIESGADO,3374,124.10324530145714
ARRIESGADO,3375,145.09249640845627
ARRIESGADO,3376,115.43092448189486
ARRIESGADO,3377,164.8787821534932
ARRIESGADO,3378,117.6420220545886
ARRIESGADO,3379,180.61465344875586
ARRIESGADO,3380,140.39139379578992
ARRIESGADO,3381,126.35376117628641
ARRIESGADO,3382,148.44842502154052
ARRIESGADO,3383,166.8059961716983
ARRIESGADO,3384,152.6233650352526
ARRIESGADO,3385,100.91308270665574
ARRIESGADO,3386,137.66645274095953
ARRIESGADO,3387,127.99446044212729
ARRIESGADO,3388,138.59502857555694
ARRIESGADO,3389,165.0250930825321
ARRIESGADO,3390,207.1989653325646
ARRIESGADO,3391,163.67431660290057
ARRIESGADO,3392,134.8544601039914
ARRIESGADO,3393,145.01861603406604
ARRIESGADO,3394,154.72499603900127
ARRIESGADO,3395,169.2028165797412
ARRIESGADO,3396,199.3647608593933
ARRIESGADO,3397,140.57460913779886
ARRIESGADO,3398,136.38012365472045
ARRIESGADO,3399,134.4463933108988
ARRIESGADO,3400,133.86995396900664
ARRIESGADO,3401,149.11904792413955
ARRIESGADO,3402,151.63543521322964
ARRIESGADO,3403,171.36957094828395
ARRIESGADO,3404,170.88086935822184
ARRIESGADO,3405,146.14269017605926
ARRIESGADO,3406,143.02513637080668
ARRIESGADO,3407,95.0234318323574
ARRIESGADO,3408,141.69981051046767
ARRIESGADO,3409,138.24155567610225
ARRIESGADO,3410,145.40613085982943
ARRIESGADO,3411,151.85366205288415
ARRIESGADO,3412,139.04277403453182
ARRIESGADO,3413,115.96787740765204
ARRIESGADO,3414,114.11447173459425
ARRIESGADO,3415,169.73361758373906
ARRIESGADO,3416,182.38021713976784
ARRIESGADO,3417,147.88375250234228
ARRIESGADO,3418,148.8350204474657
ARRIESGADO,3419,142.7207008860934
ARRIESGADO,3420,126.26207505257847
ARRIESGADO,3421,94.49802060936888
ARRIESGADO,3422,110.41524671185583
ARRIESGADO,3423,164.82360883492316
ARRIESGADO,3424,194.3167726302814
ARRIESGADO,3425,157.35513206990083
ARRIESGADO,3426,206.50570941219098
ARRIESGADO,3427,158.63201568237923
ARRIESGADO,3428,116.20929558354672
ARRIESGADO,3429,144.48401619081807
ARRIESGADO,3430,143.453433410088
ARRIESGADO,3431,142.5592256087179
ARRIESGADO,3432,132.74909279581118
ARRIESGADO,3433,114.64643031391759
ARRIESGADO,3434,135.32516717946567
ARRIESGADO,3435,147.3526179320155
ARRIESGADO,3436,131.16466592735978
ARRIESGADO,3437,128.81873201618544
ARRIESGADO,3438,125.12542576775422
ARRIESGADO,3439,120.54910522461724
ARRIESGADO,3440,119.30362611572137
ARRIESGADO,3441,168.7432688463926
ARRIESGADO,3442,207.89647263498765
ARRIESGADO,3443,137.06152682594384
ARRIESGADO,3444,146.15733255002982
ARRIESGADO,3445,201.98650096071964
ARRIESGADO,3446,113.1185119288391
ARRIESGADO,3447,179.41357545503536
ARRIESGADO,3448,148.31361822090147
ARRIESGADO,3449,134.53953592786465
ARRIESGADO,3450,157.24078811618665
ARRIESGADO,3451,154.21429802153284
ARRIESGADO,3452,173.17556178859857
ARRIESGADO,3453,144.0654087167325
ARRIESGADO,3454,140.5497174725277
ARRIESGADO,3455,157.77005857437652
ARRIESGADO,3456,115.33255936657473
ARRIESGADO,3457,141.93050392377882
ARRIESGADO,3458,164.71667528102063
ARRIESGADO,3459,125.10692254212795
ARRIESGADO,3460,139.52800040015978
ARRIESGADO,3461,159.57707638383476
ARRIESGADO,3462,115.39586167177524
ARRIESGADO,3463,168.94314208157616
ARRIESGADO,3464,122.55268919298666
ARRIESGADO,3465,130.88948321694795
ARRIESGADO,3466,153.77120365577403
ARRIESGADO,3467,150.73127353525211
ARRIESGADO,3468,128.9580961747186
ARRIESGADO,3469,134.2351962846078
ARRIESGADO,3470,140.21166939161446
ARRIESGADO,3471,122.07737453710082
ARRIESGADO,3472,127.97086060928778
ARRIESGADO,3473,135.08603153664373
ARRIESGADO,3474,144.33232873268645
ARRIESGADO,3475,155.82094064742432
ARRIESGADO,3476,125.53074742718736
ARRIESGADO,3477,154.40501341060258
ARRIESGADO,3478,121.75066177767079
ARRIESGADO,3479,126.81619615208572
ARRIESGADO,3480,103.71617761840507
ARRIESGADO,3481,183.31767294499176
ARRIESGADO,3482,158.9818376839015
ARRIESGADO,3483,166.52736672576805
ARRIESGADO,3484,180.3855280825415
ARRIESGADO,3485,110.7574902383498
ARRIESGADO,3486,116.8238035967444
ARRIESGADO,3487,173.9853217605727
ARRIESGADO,3488,159.56387398081714
ARRIESGADO,3489,178.43571295605906
ARRIESGADO,3490,148.92996109838413
ARRIESGADO,3491,178.89653361613932
ARRIESGADO,3492,153.91433793979837
ARRIESGADO,3493,167.45596489915454
ARRIESGADO,3494,164.91140311132835
ARRIESGADO,3495,159.73635433412446
ARRIESGADO,3496,157.08685980574955
ARRIESGADO,3497,158.94566245474982
ARRIESGADO,3498,187.02967651542966
ARRIESGADO,3499,140.1324705589575
ARRIESGADO,3500,148.51321060417268
ARRIESGADO,3501,163.52316168069282
ARRIESGADO,3502,137.12147536717842
ARRIESGADO,3503,145.73354190837625
ARRIESGADO,3504,135.34086215439123
ARRIESGADO,3505,179.28069961196346
ARRIESGADO,3506,156.29161680255655
ARRIESGADO,3507,107.40380855574733
ARRIESGADO,3508,164.4621090965461
ARRIESGADO,3509,151.69182000649673
ARRIESGADO,3510,122.04693976749856
ARRIESGADO,3511,121.02225063700342
ARRIESGADO,3512,109.22147448992649
ARRIESGADO,3513,125.53309017762047
ARRIESGADO,3514,106.80615827699191
ARRIESGADO,3515,156.05087395267032
ARRIESGADO,3516,167.3657833579615
ARRIESGADO,3517,135.0956485087163
ARRIESGADO,3518,149.0750265388126
ARRIESGADO,3519,134.15053536694126
ARRIESGADO,3520,162.03181466290505
ARRIESGADO,3521,148.63993632305503
ARRIESGADO,3522,153.1542508521246
ARRIESGADO,3523,181.93476877864285
ARRIESGADO,3524,148.4277136580324
ARRIESGADO,3525,158.13318767444497
ARRIESGADO,3526,108.59559298331321
ARRIESGADO,3527,98.9068572192575
ARRIESGADO,3528,161.40637501053453
ARRIESGADO,3529,121.57060598137811
ARRIESGADO,3530,136.69544479370288
ARRIESGADO,3531,124.50673454944203
ARRIESGADO,3532,151.31533807464993
ARRIESGADO,3533,154.9395153897374
ARRIESGADO,3534,127.53502017678198
ARRIESGADO,3535,118.93660154230568
ARRIESGADO,3536,169.54813219535305
ARRIESGADO,3537,134.86724681794124
ARRIESGADO,3538,141.24375343151297
ARRIESGADO,3539,164.01931608307723
ARRIESGADO,3540,127.70394631697582
ARRIESGADO,3541,145.33151115975465
ARRIESGADO,3542,131.71183622382512
ARRIESGADO,3543,137.59283451954067
ARRIESGADO,3544,112.08635136030176
ARRIESGADO,3545,153.02194285527574
ARRIESGADO,3546,180.31170337221664
ARRIESGADO,3547,156.67860988248373
ARRIESGADO,3548,173.59325205655907
ARRIESGADO,3549,162.04438569928737
ARRIESGADO,3550,125.14977597573137
ARRIESGADO,3551,138.98302544592462
ARRIESGADO,3552,149.0048963687969
ARRIESGADO,3553,172.43252292709113
ARRIESGADO,3554,111.37861544164736
ARRIESGADO,3555,157.12099456162295
ARRIESGADO,3556,140.9889951388165
ARRIESGADO,3557,119.126901853017
ARRIESGADO,3558,128.70190627593004
ARRIESGADO,3559,117.98329557587545
ARRIESGADO,3560,86.60934211415622
ARRIESGADO,3561,173.06179625531837
ARRIESGADO,3562,164.60577911825894
ARRIESGADO,3563,117.21143548578775
ARRIESGADO,3564,134.946368453363
ARRIESGADO,3565,149.91020016587285
ARRIESGADO,3566,159.14871418261788
ARRIESGADO,3567,126.76663073233917
ARRIESGADO,3568,144.0623184878417
ARRIESGADO,3569,155.38203444701932
ARRIESGADO,3570,144.6071952424069
ARRIESGADO,3571,105.91693780104322
ARRIESGADO,3572,154.3008409090715
ARRIESGADO,3573,123.09158702548382
ARRIESGADO,3574,157.54132652035088
ARRIESGADO,3575,146.26499440354723
ARRIESGADO,3576,136.49393810851126
ARRIESGADO,3577,132.04436111631364
ARRIESGADO,3578,154.51846620567557
ARRIESGADO,3579,121.62181641214275
ARRIESGADO,3580,143.24675837197282
ARRIESGADO,3581,148.0705045346875
ARRIESGADO,3582,155.2507249691318
ARRIESGADO,3583,111.55312806295677
ARRIESGADO,3584,167.89377679194797
ARRIESGADO,3585,119.1644948824565
ARRIESGADO,3586,108.10747183976991
ARRIESGADO,3587,155.06269527742668
ARRIESGADO,3588,116.99609092852512
ARRIESGADO,3589,140.78549907871172
ARRIESGADO,3590,110.00181448329457
ARRIESGADO,3591,161.41193099959557
ARRIESGADO,3592,158.94538193421388
ARRIESGADO,3593,128.94942111307336
ARRIESGADO,3594,126.51666115868184
ARRIESGADO,3595,119.0262326334916
ARRIESGADO,3596,130.8703158926963
ARRIESGADO,3597,161.2882311449061
ARRIESGADO,3598,114.65447904408126
ARRIESGADO,3599,149.71854191247266
ARRIESGADO,3600,160.74328231604716
ARRIESGADO,3601,129.42103966619507
ARRIESGADO,3602,126.5095445868227
ARRIESGADO,3603,98.46563724806633
ARRIESGADO,3604,141.05109700918513
ARRIESGADO,3605,110.16334313298698
ARRIESGADO,3606,204.80473055643876
ARRIESGADO,3607,112.48927530103033
ARRIESGADO,3608,80.41664240205549
ARRIESGADO,3609,113.63126515961048
ARRIESGADO,3610,141.96200559303952
ARRIESGADO,3611,154.35121810215082
ARRIESGADO,3612,211.97657504201237
ARRIESGADO,3613,125.2008823216456
ARRIESGADO,3614,164.54143280717864
ARRIESGADO,3615,144.9271523320422
ARRIESGADO,3616,120.69706201315212
ARRIESGADO,3617,100.9480138101017
ARRIESGADO,3618,151.2596323013396
ARRIESGADO,3619,159.0141866214929
ARRIESGADO,3620,130.2611919556032
ARRIESGADO,3621,182.01443470476315
ARRIESGADO,3622,152.2666281766346
ARRIESGADO,3623,126.32772476546154
ARRIESGADO,3624,117.11377688810897
ARRIESGADO,3625,145.15708852061576
ARRIESGADO,3626,135.60120459259133
ARRIESGADO,3627,150.39087842232308
ARRIESGADO,3628,159.4515895498734
ARRIESGADO,3629,168.61210799396486
ARRIESGADO,3630,136.49200261671504
ARRIESGADO,3631,114.39271790456496
ARRIESGADO,3632,151.30102554900483
ARRIESGADO,3633,152.2883123013856
ARRIESGADO,3634,117.93666753438707
ARRIESGADO,3635,126.75130014735223
ARRIESGADO,3636,162.3747680299695
ARRIESGADO,3637,203.09376367856248
ARRIESGADO,3638,142.05283140619883
ARRIESGADO,3639,113.35196223982888
ARRIESGADO,3640,106.4194327537596
ARRIESGADO,3641,133.61542715232403
ARRIESGADO,3642,139.4935807001169
ARRIESGADO,3643,139.43708065316275
ARRIESGADO,3644,122.19162560546842
ARRIESGADO,3645,110.47313015113993
ARRIESGADO,3646,85.92751464700113
ARRIESGADO,3647,113.64859700626765
ARRIESGADO,3648,105.58296690896375
ARRIESGADO,3649,148.77229962050106
ARRIESGADO,3650,129.95435378656734
ARRIESGADO,3651,127.38367119570745
ARRIESGADO,3652,162.51909725190183
ARRIESGADO,3653,165.07339130719842
ARRIESGADO,3654,107.49992689836198
ARRIESGADO,3655,166.75956758520834
ARRIESGADO,3656,186.62939275215732
ARRIESGADO,3657,144.0258510752994
ARRIESGADO,3658,165.01273820038864
ARRIESGADO,3659,145.20577599234895
ARRIESGADO,3660,126.30309777880102
ARRIESGADO,3661,152.6492828634044
ARRIESGADO,3662,108.25767975560643
ARRIESGADO,3663,143.78309899455104
ARRIESGADO,3664,134.90877318969046
ARRIESGADO,3665,141.33879218102558
ARRIESGADO,3666,163.3750756011252
ARRIESGADO,3667,162.7952231000482
ARRIESGADO,3668,145.8415743007339
ARRIESGADO,3669,130.6469755378554
ARRIESGADO,3670,147.17345416701576
ARRIESGADO,3671,136.98228125426374
ARRIESGADO,3672,141.08752171368275
ARRIESGADO,3673,151.85863804925987
ARRIESGADO,3674,148.98565250805464
ARRIESGADO,3675,152.90384919770193
ARRIESGADO,3676,121.10042576376858
ARRIESGADO,3677,168.99139211906194
ARRIESGADO,3678,126.05715265363055
ARRIESGADO,3679,146.85655430588864
ARRIESGADO,3680,139.30115082690227
ARRIESGADO,3681,105.54140689842747
ARRIESGADO,3682,162.92056027971472
ARRIESGADO,3683,184.99339119866636
ARRIESGADO,3684,157.0679418786885
ARRIESGADO,3685,167.4943767129366
ARRIESGADO,3686,127.70428778035277
ARRIESGADO,3687,140.14815629912863
ARRIESGADO,3688,148.03723555630313
ARRIESGADO,3689,142.9245116615641
ARRIESGADO,3690,154.36042124795904
ARRIESGADO,3691,167.33136122980872
ARRIESGADO,3692,138.2942566349444
ARRIESGADO,3693,126.424861620605
ARRIESGADO,3694,152.65403868576195
ARRIESGADO,3695,125.5334435471269
ARRIESGADO,3696,106.52002293826425
ARRIESGADO,3697,160.5554233498762
ARRIESGADO,3698,137.11502557595003
ARRIESGADO,3699,150.44533542305066
ARRIESGADO,3700,141.30876767787458
ARRIESGADO,3701,117.56509323933736
ARRIESGADO,3702,171.24682725273126
ARRIESGADO,3703,123.76711604601874
ARRIESGADO,3704,164.51737509466352
ARRIESGADO,3705,112.0025154174896
ARRIESGADO,3706,185.16114610631539
ARRIESGADO,3707,152.9818911735296
ARRIESGADO,3708,158.54497129448671
ARRIESGADO,3709,173.1397109038642
ARRIESGADO,3710,138.70102669189586
ARRIESGADO,3711,140.94680294700558
ARRIESGADO,3712,173.10466948722305
ARRIESGADO,3713,184.9412208207514
ARRIESGADO,3714,119.60199809895961
ARRIESGADO,3715,161.89839684772997
ARRIESGADO,3716,144.59287963555968
ARRIESGADO,3717,137.11949757043487
ARRIESGADO,3718,193.20474111584636
ARRIESGADO,3719,209.10343741176803
ARRIESGADO,3720,106.25305236063448
ARRIESGADO,3721,156.72919764201953
ARRIESGADO,3722,109.450251137164
ARRIESGADO,3723,139.16509394902639
ARRIESGADO,3724,108.56414162511778
ARRIESGADO,3725,122.51355318927428
ARRIESGADO,3726,142.75602503564252
ARRIESGADO,3727,142.91029261838582
ARRIESGADO,3728,169.63947170648711
ARRIESGADO,3729,124.74621589711523
ARRIESGADO,3730,121.61786647380782
ARRIESGADO,3731,149.54878329929
ARRIESGADO,3732,163.9614631418276
ARRIESGADO,3733,174.39502081691117
ARRIESGADO,3734,135.53843452388432
ARRIESGADO,3735,134.82986629303605
ARRIESGADO,3736,139.3534356896205
ARRIESGADO,3737,142.5200106563588
ARRIESGADO,3738,136.1900144709958
ARRIESGADO,3739,189.5036262614887
ARRIESGADO,3740,188.06667674894265
ARRIESGADO,3741,128.8273365174543
ARRIESGADO,3742,112.31294315385085
ARRIESGADO,3743,133.3501659882797
ARRIESGADO,3744,174.39886644389173
ARRIESGADO,3745,169.48583927565838
ARRIESGADO,3746,173.61013618849324
ARRIESGADO,3747,140.3241349164591
ARRIESGADO,3748,166.0586337007271
ARRIESGADO,3749,157.38690030658444
ARRIESGADO,3750,175.49598449357603
ARRIESGADO,3751,144.5478204985035
ARRIESGADO,3752,119.85323775710255
ARRIESGADO,3753,169.21479712416348
ARRIESGADO,3754,126.15471924293914
ARRIESGADO,3755,157.1364810530874
ARRIESGADO,3756,153.99218044711958
ARRIESGADO,3757,151.74475943779868
ARRIESGADO,3758,127.93303709895369
ARRIESGADO,3759,153.36720993212313
ARRIESGADO,3760,115.2334793764994
ARRIESGADO,3761,141.4019808214222
ARRIESGADO,3762,134.51794626673123
ARRIESGADO,3763,139.98760765759272
ARRIESGADO,3764,128.18020514534035
ARRIESGADO,3765,146.33384354259726
ARRIESGADO,3766,136.3829954759747
ARRIESGADO,3767,139.50828063092615
ARRIESGADO,3768,125.56466619285804
ARRIESGADO,3769,167.24438875677538
ARRIESGADO,3770,132.1107536581722
ARRIESGADO,3771,158.5539631862558
ARRIESGADO,3772,161.47331885713777
ARRIESGADO,3773,155.01745250601917
ARRIESGADO,3774,98.66142294254311
ARRIESGADO,3775,181.68338858361616
ARRIESGADO,3776,113.40000110293587
ARRIESGADO,3777,155.74747773178052
ARRIESGADO,3778,146.54323326699858
ARRIESGADO,3779,132.40348429387777
ARRIESGADO,3780,98.47778483279195
ARRIESGADO,3781,142.39627876639926
ARRIESGADO,3782,128.51151317689965
ARRIESGADO,3783,132.90956338808627
ARRIESGADO,3784,161.0948062936005
ARRIESGADO,3785,159.6452159471053
ARRIESGADO,3786,136.52252372277744
ARRIESGADO,3787,139.0383689714497
ARRIESGADO,3788,163.51923463665918
ARRIESGADO,3789,185.6402070962811
ARRIESGADO,3790,118.3474935033241
ARRIESGADO,3791,143.3068649662731
ARRIESGADO,3792,118.35321237639822
ARRIESGADO,3793,115.76382036703964
ARRIESGADO,3794,108.18363270756599
ARRIESGADO,3795,147.6021171735694
ARRIESGADO,3796,157.2000846039997
ARRIESGADO,3797,164.15195665985968
ARRIESGADO,3798,111.29850587112841
ARRIESGADO,3799,174.01451424485003
ARRIESGADO,3800,120.85193140997163
ARRIESGADO,3801,167.85349356575634
ARRIESGADO,3802,106.26807644240128
ARRIESGADO,3803,101.64690153289489
ARRIESGADO,3804,127.14781579958473
ARRIESGADO,3805,153.400173474504
ARRIESGADO,3806,124.44245199793863
ARRIESGADO,3807,139.91222432981255
ARRIESGADO,3808,134.1863989331682
ARRIESGADO,3809,153.88965804144544
ARRIESGADO,3810,141.417355195927
ARRIESGADO,3811,115.26069738524001
ARRIESGADO,3812,159.7965229946169
ARRIESGADO,3813,141.93946607385456
ARRIESGADO,3814,148.86116182305742
ARRIESGADO,3815,140.14592427052293
ARRIESGADO,3816,162.66717930553693
ARRIESGADO,3817,131.27723963578725
ARRIESGADO,3818,121.35683351418982
ARRIESGADO,3819,83.55209742143546
ARRIESGADO,3820,157.7978229690736
ARRIESGADO,3821,112.96343601989912
ARRIESGADO,3822,149.11075807717742
ARRIESGADO,3823,159.77808802476795
ARRIESGADO,3824,169.24840094023244
ARRIESGADO,3825,168.58379697186547
ARRIESGADO,3826,154.56163232549304
ARRIESGADO,3827,115.12252128498534
ARRIESGADO,3828,95.15735295494353
ARRIESGADO,3829,155.12883181889333
ARRIESGADO,3830,152.47032075690817
ARRIESGADO,3831,164.00617977999892
ARRIESGADO,3832,135.73408541704626
ARRIESGADO,3833,125.31981963945351
ARRIESGADO,3834,137.9385007111826
ARRIESGADO,3835,173.1844539725056
ARRIESGADO,3836,157.58169894329686
ARRIESGADO,3837,136.83452241530904
ARRIESGADO,3838,143.82138450356817
ARRIESGADO,3839,120.60799730938702
ARRIESGADO,3840,147.84334670824165
ARRIESGADO,3841,101.86861063037654
ARRIESGADO,3842,152.67630584230812
ARRIESGADO,3843,156.20092117666763
ARRIESGADO,3844,152.47213737062575
ARRIESGADO,3845,151.84079070071158
ARRIESGADO,3846,110.64930047955642
ARRIESGADO,3847,140.187595650382
ARRIESGADO,3848,150.39913815136532
ARRIESGADO,3849,115.72568438890083
ARRIESGADO,3850,144.96170230543603
ARRIESGADO,3851,152.87761520083615
ARRIESGADO,3852,125.15882908544833
ARRIESGADO,3853,173.52530241067586
ARRIESGADO,3854,145.9349079335584
ARRIESGADO,3855,140.53695004245014
ARRIESGADO,3856,148.33946360088493
ARRIESGADO,3857,171.27734213624277
ARRIESGADO,3858,193.82439004621844
ARRIESGADO,3859,156.22886562643598
ARRIESGADO,3860,152.61376954644257
ARRIESGADO,3861,144.05223510415155
ARRIESGADO,3862,139.22364260008473
ARRIESGADO,3863,115.62165243831858
ARRIESGADO,3864,135.6254032384559
ARRIESGADO,3865,106.28415977527557
ARRIESGADO,3866,132.85026960599149
ARRIESGADO,3867,156.07227153080723
ARRIESGADO,3868,150.6324364892665
ARRIESGADO,3869,108.97091995525867
ARRIESGADO,3870,143.48793488787905
ARRIESGADO,3871,132.32716538855564
ARRIESGADO,3872,143.51541480072143
ARRIESGADO,3873,177.07403105834476
ARRIESGADO,3874,136.1932066480964
ARRIESGADO,3875,121.0046563114697
ARRIESGADO,3876,151.07936642606012
ARRIESGADO,3877,139.14784607546588
ARRIESGADO,3878,184.35280531887474
ARRIESGADO,3879,125.29515597708588
ARRIESGADO,3880,137.7690343281946
ARRIESGADO,3881,120.26817355872457
ARRIESGADO,3882,160.83457889690476
ARRIESGADO,3883,166.67890151759815
ARRIESGADO,3884,141.50895420444184
ARRIESGADO,3885,166.53991010884258
ARRIESGADO,3886,164.52465685588817
ARRIESGADO,3887,145.1073355903419
ARRIESGADO,3888,131.25718539421305
ARRIESGADO,3889,126.39867090630403
ARRIESGADO,3890,145.7571223881637
ARRIESGADO,3891,132.54605066110858
ARRIESGADO,3892,134.00253951235698
ARRIESGADO,3893,138.00931788371233
ARRIESGADO,3894,205.8454049182694
ARRIESGADO,3895,113.3684433356762
ARRIESGADO,3896,131.30658784998863
ARRIESGADO,3897,207.54894986990084
ARRIESGADO,3898,129.26499505261955
ARRIESGADO,3899,156.98642802072914
ARRIESGADO,3900,111.07004865052082
ARRIESGADO,3901,138.21746925513673
ARRIESGADO,3902,161.2454272099175
ARRIESGADO,3903,160.7380046154481
ARRIESGADO,3904,136.10099911590234
ARRIESGADO,3905,158.65454527003448
ARRIESGADO,3906,163.68108659099448
ARRIESGADO,3907,154.72617769304284
ARRIESGADO,3908,125.46731615208623
ARRIESGADO,3909,129.35060998848292
ARRIESGADO,3910,171.40091159125646
ARRIESGADO,3911,124.04380152469429
ARRIESGADO,3912,181.07855816744757
ARRIESGADO,3913,187.07332447363663
ARRIESGADO,3914,157.83227790433173
ARRIESGADO,3915,139.0189271255585
ARRIESGADO,3916,130.09588230623663
ARRIESGADO,3917,124.60371708194876
ARRIESGADO,3918,133.2483428424234
ARRIESGADO,3919,124.36582456545679
ARRIESGADO,3920,86.18440147463006
ARRIESGADO,3921,154.90075210392715
ARRIESGADO,3922,139.4936322249445
ARRIESGADO,3923,143.64484743531182
ARRIESGADO,3924,119.30401564889385
ARRIESGADO,3925,175.60560306278023
ARRIESGADO,3926,115.98381758378524
ARRIESGADO,3927,153.29988228620152
ARRIESGADO,3928,86.90051937601494
ARRIESGADO,3929,159.2578722687404
ARRIESGADO,3930,120.91467069934006
ARRIESGADO,3931,141.88881075174442
ARRIESGADO,3932,167.22325495027505
ARRIESGADO,3933,133.62125085006463
ARRIESGADO,3934,125.95170060377917
ARRIESGADO,3935,199.1308711388399
ARRIESGADO,3936,115.66936427139203
ARRIESGADO,3937,121.68610184886784
ARRIESGADO,3938,154.29678977905104
ARRIESGADO,3939,131.8553825458472
ARRIESGADO,3940,164.57164209237203
ARRIESGADO,3941,164.45483631220353
ARRIESGADO,3942,115.34679173863339
ARRIESGADO,3943,194.02014983402515
ARRIESGADO,3944,171.58227142016287
ARRIESGADO,3945,97.55025134634448
ARRIESGADO,3946,127.42829950136161
ARRIESGADO,3947,153.0976987769663
ARRIESGADO,3948,159.33361093251946
ARRIESGADO,3949,175.4852515937538
ARRIESGADO,3950,178.89904577173775
ARRIESGADO,3951,151.96242287699295
ARRIESGADO,3952,146.32970207919178
ARRIESGADO,3953,153.783462383357
ARRIESGADO,3954,125.32770193404656
ARRIESGADO,3955,150.7377142988892
ARRIESGADO,3956,112.61538593216636
ARRIESGADO,3957,122.56997311962783
ARRIESGADO,3958,143.82146576109852
ARRIESGADO,3959,161.23161203212783
ARRIESGADO,3960,100.64415423438113
ARRIESGADO,3961,111.55923781224014
ARRIESGADO,3962,146.14889495851864
ARRIESGADO,3963,196.99803732858362
ARRIESGADO,3964,127.48356196628748
ARRIESGADO,3965,125.69009341510831
ARRIESGADO,3966,167.4866733910726
ARRIESGADO,3967,185.85865443403083
ARRIESGADO,3968,143.60899820734386
ARRIESGADO,3969,160.9491014406072
ARRIESGADO,3970,163.72933673627406
ARRIESGADO,3971,154.7395341294027
ARRIESGADO,3972,160.9648036598891
ARRIESGADO,3973,134.06099676814495
ARRIESGADO,3974,149.8957014636973
ARRIESGADO,3975,113.53377485696205
ARRIESGADO,3976,136.165091285842
ARRIESGADO,3977,153.32013485986732
ARRIESGADO,3978,114.62512283657176
ARRIESGADO,3979,149.9369943516004
ARRIESGADO,3980,101.60735080413345
ARRIESGADO,3981,168.0637197443916
ARRIESGADO,3982,136.52912226236498
ARRIESGADO,3983,117.91120830933289
ARRIESGADO,3984,127.11661138565717
ARRIESGADO,3985,140.3005301319613
ARRIESGADO,3986,166.9066786914203
ARRIESGADO,3987,140.31395819402758
ARRIESGADO,3988,126.71102115983392
ARRIESGADO,3989,143.06197757672655
ARRIESGADO,3990,125.37454580043422
ARRIESGADO,3991,189.2576279353811
ARRIESGADO,3992,154.61516835905817
ARRIESGADO,3993,147.53667474544199
ARRIESGADO,3994,175.155983509048
ARRIESGADO,3995,166.3813418187031
ARRIESGADO,3996,168.7313816965538
ARRIESGADO,3997,156.8874878921239
ARRIESGADO,3998,99.35658878452077
ARRIESGADO,3999,125.28505647387344
ARRIESGADO,4000,176.9370747451419
ARRIESGADO,4001,182.23129773100538
ARRIESGADO,4002,155.34326042608478
ARRIESGADO,4003,148.83371326078773
ARRIESGADO,4004,112.16012936105044
ARRIESGADO,4005,199.06894238789192
ARRIESGADO,4006,140.12213214052304
ARRIESGADO,4007,104.44568145909113
ARRIESGADO,4008,176.8928639174984
ARRIESGADO,4009,167.21343300213738
ARRIESGADO,4010,170.1852127433455
ARRIESGADO,4011,209.2595870300524
ARRIESGADO,4012,127.40294938077372
ARRIESGADO,4013,197.93663646351916
ARRIESGADO,4014,135.74387161420213
ARRIESGADO,4015,151.98066270251897
ARRIESGADO,4016,136.85265065129116
ARRIESGADO,4017,138.9629701885688
ARRIESGADO,4018,158.56794840797772
ARRIESGADO,4019,154.5130276674987
ARRIESGADO,4020,179.21670601971704
ARRIESGADO,4021,150.2338241637081
ARRIESGADO,4022,139.2283407380303
ARRIESGADO,4023,118.73317997087184
ARRIESGADO,4024,125.10890375462961
ARRIESGADO,4025,170.65360095399197
ARRIESGADO,4026,144.31957100411904
ARRIESGADO,4027,134.78095170906187
ARRIESGADO,4028,183.16297131638754
ARRIESGADO,4029,116.52937608654719
ARRIESGADO,4030,134.0505908224671
ARRIESGADO,4031,151.7538567398238
ARRIESGADO,4032,135.2927186682868
ARRIESGADO,4033,130.64699695822307
ARRIESGADO,4034,113.57907591640904
ARRIESGADO,4035,89.73989457604833
ARRIESGADO,4036,152.30304693756483
ARRIESGADO,4037,114.10832165111452
ARRIESGADO,4038,164.37810931172584
ARRIESGADO,4039,128.5735475714714
ARRIESGADO,4040,125.54417281854307
ARRIESGADO,4041,184.0848015273391
ARRIESGADO,4042,155.64123979031012
ARRIESGADO,4043,113.58775758595539
ARRIESGADO,4044,142.72807243059785
ARRIESGADO,4045,179.67465553842064
ARRIESGADO,4046,133.32165248278358
ARRIESGADO,4047,182.27365736403888
ARRIESGADO,4048,137.37567012064522
ARRIESGADO,4049,163.77475005123682
ARRIESGADO,4050,150.74116465300585
ARRIESGADO,4051,166.0193208145895
ARRIESGADO,4052,161.42992909000574
ARRIESGADO,4053,137.60651218137534
ARRIESGADO,4054,135.73677881606122
ARRIESGADO,4055,156.6851712037386
ARRIESGADO,4056,162.08682361376626
ARRIESGADO,4057,124.19969974931671
ARRIESGADO,4058,183.87559818326713
ARRIESGADO,4059,178.4273472505746
ARRIESGADO,4060,125.03435735403163
ARRIESGADO,4061,181.15273261790392
ARRIESGADO,4062,168.3663898600244
ARRIESGADO,4063,122.76053135388406
ARRIESGADO,4064,140.00352182104987
ARRIESGADO,4065,198.62382108889534
ARRIESGADO,4066,122.21187152429648
ARRIESGADO,4067,140.10090746999828
ARRIESGADO,4068,138.94689718882825
ARRIESGADO,4069,150.88122060348581
ARRIESGADO,4070,130.6281159035784
ARRIESGADO,4071,152.88166010811315
ARRIESGADO,4072,186.3973100944959
ARRIESGADO,4073,118.32785995869065
ARRIESGADO,4074,163.60439124067943
ARRIESGADO,4075,132.80056461254526
ARRIESGADO,4076,122.22730875770307
ARRIESGADO,4077,141.18731931996075
ARRIESGADO,4078,120.79115054946371
ARRIESGADO,4079,135.62760529032838
ARRIESGADO,4080,173.89043770959438
ARRIESGADO,4081,142.6287126444508
ARRIESGADO,4082,124.84919587553298
ARRIESGADO,4083,110.76067880565041
ARRIESGADO,4084,152.63763559926693
ARRIESGADO,4085,136.31086673627476
ARRIESGADO,4086,166.351093321935
ARRIESGADO,4087,121.9005564432543
ARRIESGADO,4088,147.4217877727391
ARRIESGADO,4089,142.65781377836257
ARRIESGADO,4090,118.66131087653422
ARRIESGADO,4091,129.51930247596826
ARRIESGADO,4092,124.68142246245533
ARRIESGADO,4093,115.29440668684533
ARRIESGADO,4094,156.9255297589943
ARRIESGADO,4095,158.92289778171047
ARRIESGADO,4096,149.68247698562203
ARRIESGADO,4097,144.73674492952273
ARRIESGADO,4098,156.43755312589894
ARRIESGADO,4099,159.06367396987295
ARRIESGADO,4100,126.20483102475
ARRIESGADO,4101,125.5237123104087
ARRIESGADO,4102,110.68849549130384
ARRIESGADO,4103,172.5987863285036
ARRIESGADO,4104,111.26101395769422
ARRIESGADO,4105,148.70143082286484
ARRIESGADO,4106,150.81860947682966
ARRIESGADO,4107,123.05977549903652
ARRIESGADO,4108,122.32345589299278
ARRIESGADO,4109,173.17076723933945
ARRIESGADO,4110,122.7740586720085
ARRIESGADO,4111,142.45179668399092
ARRIESGADO,4112,136.35557733758412
ARRIESGADO,4113,89.95369206878395
ARRIESGADO,4114,148.11298009376588
ARRIESGADO,4115,171.50452193228182
ARRIESGADO,4116,129.077145158783
ARRIESGADO,4117,88.76101679029912
ARRIESGADO,4118,128.71234037729758
ARRIESGADO,4119,104.46069695703542
ARRIESGADO,4120,123.90867703241582
ARRIESGADO,4121,144.4226141874329
ARRIESGADO,4122,152.30300710168567
ARRIESGADO,4123,148.9822479554848
ARRIESGADO,4124,155.0108281116786
ARRIESGADO,4125,142.94347367551296
ARRIESGADO,4126,137.7427645977482
ARRIESGADO,4127,136.76558640047176
ARRIESGADO,4128,131.0006761489404
ARRIESGADO,4129,180.3617110855872
ARRIESGADO,4130,164.9531254746559
ARRIESGADO,4131,124.16452357602073
ARRIESGADO,4132,111.55050260537614
ARRIESGADO,4133,151.07059922968904
ARRIESGADO,4134,119.47973748153242
ARRIESGADO,4135,144.78968027723624
ARRIESGADO,4136,144.3034505414432
ARRIESGADO,4137,130.30523169999037
ARRIESGADO,4138,127.12527259989338
ARRIESGADO,4139,146.31147041551384
ARRIESGADO,4140,128.4865236814401
ARRIESGADO,4141,144.0152423868148
ARRIESGADO,4142,189.43890152468978
ARRIESGADO,4143,162.06965820792752
ARRIESGADO,4144,139.9276368852191
ARRIESGADO,4145,119.43378245318978
ARRIESGADO,4146,170.28671981861493
ARRIESGADO,4147,142.45744600325057
ARRIESGADO,4148,142.02813753672854
ARRIESGADO,4149,139.94566988321492
ARRIESGADO,4150,108.2041352751989
ARRIESGADO,4151,159.93560973744707
ARRIESGADO,4152,173.90426444981276
ARRIESGADO,4153,139.15964399990668
ARRIESGADO,4154,103.52228012868696
ARRIESGADO,4155,134.24642896190272
ARRIESGADO,4156,157.46716904435712
ARRIESGADO,4157,116.85472345255192
ARRIESGADO,4158,90.31211855370897
ARRIESGADO,4159,138.54380343656578
ARRIESGADO,4160,126.2756209563591
ARRIESGADO,4161,137.77544275394808
ARRIESGADO,4162,137.77875759608222
ARRIESGADO,4163,118.0415633811293
ARRIESGADO,4164,111.47689626148527
ARRIESGADO,4165,137.33456404240354
ARRIESGADO,4166,149.03758962149627
ARRIESGADO,4167,97.1288546953547
ARRIESGADO,4168,99.07316991056247
ARRIESGADO,4169,129.76192743224797
ARRIESGADO,4170,153.1259322725074
ARRIESGADO,4171,172.12891006124323
ARRIESGADO,4172,168.33521890738996
ARRIESGADO,4173,183.3171416174829
ARRIESGADO,4174,154.13469052977845
ARRIESGADO,4175,160.00403349269752
ARRIESGADO,4176,152.45737337219836
ARRIESGADO,4177,156.7291936978836
ARRIESGADO,4178,117.8117799321682
ARRIESGADO,4179,160.94371260141267
ARRIESGADO,4180,119.12340793450579
ARRIESGADO,4181,138.252702751406
ARRIESGADO,4182,184.5378510380505
ARRIESGADO,4183,133.1749687334598
ARRIESGADO,4184,120.15661986978597
ARRIESGADO,4185,131.75156971245812
ARRIESGADO,4186,181.91129255938066
ARRIESGADO,4187,129.3777080976415
ARRIESGADO,4188,123.40645241484313
ARRIESGADO,4189,116.16056556200539
ARRIESGADO,4190,160.9487599943583
ARRIESGADO,4191,142.69269333945056
ARRIESGADO,4192,184.66785614180455
ARRIESGADO,4193,129.52371323921864
ARRIESGADO,4194,133.24409485628416
ARRIESGADO,4195,157.46044020065239
ARRIESGADO,4196,119.20634426821815
ARRIESGADO,4197,178.52639964396838
ARRIESGADO,4198,139.24223414325746
ARRIESGADO,4199,146.86088380072206
ARRIESGADO,4200,138.20446914604008
ARRIESGADO,4201,110.94047677910467
ARRIESGADO,4202,127.46159030465792
ARRIESGADO,4203,82.93062093575548
ARRIESGADO,4204,134.74291386097804
ARRIESGADO,4205,140.07646567772673
ARRIESGADO,4206,155.70429714831477
ARRIESGADO,4207,140.98002386195404
ARRIESGADO,4208,111.50834038623087
ARRIESGADO,4209,126.35701836744916
ARRIESGADO,4210,161.5956964303812
ARRIESGADO,4211,168.3627737238212
ARRIESGADO,4212,166.6111019177844
ARRIESGADO,4213,149.546351783844
ARRIESGADO,4214,202.33363009640922
ARRIESGADO,4215,129.14687209607104
ARRIESGADO,4216,182.5930195384956
ARRIESGADO,4217,175.60050551278883
ARRIESGADO,4218,194.13702221467997
ARRIESGADO,4219,185.6509294024432
ARRIESGADO,4220,146.72317792333217
ARRIESGADO,4221,148.60762586537803
ARRIESGADO,4222,148.6082424365551
ARRIESGADO,4223,164.0065247019828
ARRIESGADO,4224,105.1530767877416
ARRIESGADO,4225,140.55255652493736
ARRIESGADO,4226,125.58160332317672
ARRIESGADO,4227,176.29506864723
ARRIESGADO,4228,136.40940799234767
ARRIESGADO,4229,133.3913209371296
ARRIESGADO,4230,162.8007853669817
ARRIESGADO,4231,141.33129628957528
ARRIESGADO,4232,131.45794245326772
ARRIESGADO,4233,128.8772841098222
ARRIESGADO,4234,178.44330153695782
ARRIESGADO,4235,98.0196892934643
ARRIESGADO,4236,162.07879648915127
ARRIESGADO,4237,192.24641699896966
ARRIESGADO,4238,163.32428590824986
ARRIESGADO,4239,133.99735639580462
ARRIESGADO,4240,143.4449772915031
ARRIESGADO,4241,142.95596233330204
ARRIESGADO,4242,125.27568936015648
ARRIESGADO,4243,118.35174975918687
ARRIESGADO,4244,144.01765677395525
ARRIESGADO,4245,113.6164676631578
ARRIESGADO,4246,160.13273304823127
ARRIESGADO,4247,128.96495908768665
ARRIESGADO,4248,160.804316600175
ARRIESGADO,4249,123.24091839404743
ARRIESGADO,4250,157.98742665503133
ARRIESGADO,4251,198.02927895802944
ARRIESGADO,4252,155.2503090136047
ARRIESGADO,4253,123.79509883627286
ARRIESGADO,4254,93.11125314890536
ARRIESGADO,4255,173.85039578936204
ARRIESGADO,4256,152.0111762402917
ARRIESGADO,4257,156.0822930427815
ARRIESGADO,4258,114.47532279261605
ARRIESGADO,4259,180.5417359474507
ARRIESGADO,4260,133.03531478395712
ARRIESGADO,4261,185.61073146800484
ARRIESGADO,4262,172.94818593848728
ARRIESGADO,4263,155.29331364882975
ARRIESGADO,4264,151.87747570485337
ARRIESGADO,4265,211.05935856574408
ARRIESGADO,4266,113.68729346018397
ARRIESGADO,4267,153.77561083179594
ARRIESGADO,4268,136.72313598439092
ARRIESGADO,4269,161.83753774870203
ARRIESGADO,4270,120.21363874620417
ARRIESGADO,4271,145.1813080228792
ARRIESGADO,4272,128.31217318140105
ARRIESGADO,4273,171.03800083766444
ARRIESGADO,4274,153.53112500151383
ARRIESGADO,4275,180.65325986627633
ARRIESGADO,4276,141.80201327109032
ARRIESGADO,4277,148.8570808215443
ARRIESGADO,4278,138.3982781335987
ARRIESGADO,4279,169.77455349415496
ARRIESGADO,4280,141.16781546906222
ARRIESGADO,4281,124.79243093974233
ARRIESGADO,4282,181.1806062827926
ARRIESGADO,4283,159.8382738215602
ARRIESGADO,4284,121.95323456898117
ARRIESGADO,4285,121.27882267120796
ARRIESGADO,4286,143.43725773537594
ARRIESGADO,4287,192.7595582218964
ARRIESGADO,4288,100.01490368232781
ARRIESGADO,4289,86.67700643233987
ARRIESGADO,4290,126.47833132845176
ARRIESGADO,4291,123.57386123037631
ARRIESGADO,4292,142.6084309315907
ARRIESGADO,4293,157.63692641938312
ARRIESGADO,4294,145.93860543918467
ARRIESGADO,4295,149.3807686266602
ARRIESGADO,4296,131.47336825798098
ARRIESGADO,4297,187.5713329035536
ARRIESGADO,4298,144.2948746512791
ARRIESGADO,4299,125.65868040722397
ARRIESGADO,4300,171.34699188018485
ARRIESGADO,4301,208.783269659972
ARRIESGADO,4302,102.39147424447825
ARRIESGADO,4303,168.15981846138598
ARRIESGADO,4304,152.66642739076332
ARRIESGADO,4305,142.5269124694637
ARRIESGADO,4306,150.63121632752276
ARRIESGADO,4307,150.14607713141663
ARRIESGADO,4308,142.1616610482905
ARRIESGADO,4309,174.64340533270982
ARRIESGADO,4310,148.7742325316026
ARRIESGADO,4311,130.98084987856163
ARRIESGADO,4312,127.04677196927604
ARRIESGADO,4313,181.752569287598
ARRIESGADO,4314,153.47077165935954
ARRIESGADO,4315,148.84767716404232
ARRIESGADO,4316,143.36117150671691
ARRIESGADO,4317,133.84370717631842
ARRIESGADO,4318,117.91328094489066
ARRIESGADO,4319,146.93544362952383
ARRIESGADO,4320,135.64530886070455
ARRIESGADO,4321,135.83330440084694
ARRIESGADO,4322,191.29388015796445
ARRIESGADO,4323,126.41575961646998
ARRIESGADO,4324,121.36136044000195
ARRIESGADO,4325,129.4331117290323
ARRIESGADO,4326,113.67833231904147
ARRIESGADO,4327,139.30008134503333
ARRIESGADO,4328,137.38465821617393
ARRIESGADO,4329,142.46293553875137
ARRIESGADO,4330,124.4862171652241
ARRIESGADO,4331,147.70213085191546
ARRIESGADO,4332,166.9894713506152
ARRIESGADO,4333,146.1453267446641
ARRIESGADO,4334,131.42527413421374
ARRIESGADO,4335,119.68737044045415
ARRIESGADO,4336,110.45200296703207
ARRIESGADO,4337,143.716711427704
ARRIESGADO,4338,147.56949214783248
ARRIESGADO,4339,178.29499180439177
ARRIESGADO,4340,124.36599579866169
ARRIESGADO,4341,168.7148705685984
ARRIESGADO,4342,131.8563109160679
ARRIESGADO,4343,176.9612747375448
ARRIESGADO,4344,132.1346507355986
ARRIESGADO,4345,169.6478226628343
ARRIESGADO,4346,103.00399202632701
ARRIESGADO,4347,161.4954850161401
ARRIESGADO,4348,135.91622610296636
ARRIESGADO,4349,143.27330347464442
ARRIESGADO,4350,154.97165533686905
ARRIESGADO,4351,153.5421313771558
ARRIESGADO,4352,163.09516541000858
ARRIESGADO,4353,146.59206837488136
ARRIESGADO,4354,180.76776860074426
ARRIESGADO,4355,98.89369753994467
ARRIESGADO,4356,169.68261825995066
ARRIESGADO,4357,163.12205364729311
ARRIESGADO,4358,155.49155602543047
ARRIESGADO,4359,143.34539469097825
ARRIESGADO,4360,159.4185988674755
ARRIESGADO,4361,119.8806732396406
ARRIESGADO,4362,150.15950805752647
ARRIESGADO,4363,159.46035232003314
ARRIESGADO,4364,134.56823490571423
ARRIESGADO,4365,153.61489811825143
ARRIESGADO,4366,117.30160939912696
ARRIESGADO,4367,124.01747448984679
ARRIESGADO,4368,126.33523926488849
ARRIESGADO,4369,133.53840161710937
ARRIESGADO,4370,126.50735579120645
ARRIESGADO,4371,138.577561203688
ARRIESGADO,4372,154.85985372270324
ARRIESGADO,4373,165.40951776367436
ARRIESGADO,4374,103.29134805954479
ARRIESGADO,4375,148.4961933500218
ARRIESGADO,4376,110.79428194751236
ARRIESGADO,4377,167.92468958636704
ARRIESGADO,4378,95.89113566718896
ARRIESGADO,4379,136.11654576200203
ARRIESGADO,4380,125.34571147609277
ARRIESGADO,4381,141.29715852330935
ARRIESGADO,4382,142.85420770509702
ARRIESGADO,4383,199.91549658437629
ARRIESGADO,4384,163.5209255982477
ARRIESGADO,4385,117.69736003539009
ARRIESGADO,4386,110.47119502905484
ARRIESGADO,4387,231.8973564030764
ARRIESGADO,4388,135.7672672725957
ARRIESGADO,4389,155.33707683833612
ARRIESGADO,4390,153.7505002297117
ARRIESGADO,4391,138.93233361950135
ARRIESGADO,4392,135.57687488194097
ARRIESGADO,4393,160.8031808997049
ARRIESGADO,4394,124.58459787235918
ARRIESGADO,4395,114.83762845294191
ARRIESGADO,4396,158.59473693727048
ARRIESGADO,4397,159.3431718043635
ARRIESGADO,4398,136.02639523273345
ARRIESGADO,4399,122.08281148091638
ARRIESGADO,4400,147.12266417778963
ARRIESGADO,4401,130.09833117590742
ARRIESGADO,4402,133.4914168447457
ARRIESGADO,4403,125.47190681994893
ARRIESGADO,4404,134.873735188617
ARRIESGADO,4405,124.75644883755277
ARRIESGADO,4406,98.99229761294595
ARRIESGADO,4407,150.05429892586258
ARRIESGADO,4408,166.0949637229527
ARRIESGADO,4409,164.9924709091424
ARRIESGADO,4410,130.19073460285315
ARRIESGADO,4411,118.42674328786747
ARRIESGADO,4412,165.5529716515675
ARRIESGADO,4413,137.5149205991571
ARRIESGADO,4414,121.10967126826736
ARRIESGADO,4415,173.21921482250804
ARRIESGADO,4416,136.29357483245224
ARRIESGADO,4417,127.4651431781549
ARRIESGADO,4418,140.13033803875663
ARRIESGADO,4419,122.97292127313034
ARRIESGADO,4420,171.77761111230893
ARRIESGADO,4421,141.41259448694046
ARRIESGADO,4422,154.19722717116417
ARRIESGADO,4423,108.4349663537195
ARRIESGADO,4424,115.75385995037526
ARRIESGADO,4425,216.75866654344543
ARRIESGADO,4426,190.11232230027593
ARRIESGADO,4427,114.49297041472016
ARRIESGADO,4428,133.33773589579252
ARRIESGADO,4429,160.22096888408416
ARRIESGADO,4430,145.90139259415548
ARRIESGADO,4431,85.92135241851038
ARRIESGADO,4432,139.25952453216857
ARRIESGADO,4433,148.12591933156702
ARRIESGADO,4434,144.5410152409696
ARRIESGADO,4435,187.48666367486402
ARRIESGADO,4436,153.8096336433241
ARRIESGADO,4437,129.3707200421078
ARRIESGADO,4438,128.55556575154182
ARRIESGADO,4439,174.08997009489352
ARRIESGADO,4440,117.11570231639668
ARRIESGADO,4441,105.69977473183413
ARRIESGADO,4442,114.59684011817197
ARRIESGADO,4443,153.6945340941297
ARRIESGADO,4444,147.34860289130955
ARRIESGADO,4445,105.35677561581092
ARRIESGADO,4446,167.55897953171288
ARRIESGADO,4447,139.88616111671493
ARRIESGADO,4448,111.98760839916501
ARRIESGADO,4449,122.90758430216123
ARRIESGADO,4450,148.909151955522
ARRIESGADO,4451,211.51863363039917
ARRIESGADO,4452,134.46950726369772
ARRIESGADO,4453,129.38950122072404
ARRIESGADO,4454,199.5061546015812
ARRIESGADO,4455,176.5298952704965
ARRIESGADO,4456,153.62124993491793
ARRIESGADO,4457,132.35812439412962
ARRIESGADO,4458,173.64184084533537
ARRIESGADO,4459,136.7662377364078
ARRIESGADO,4460,132.54043062400183
ARRIESGADO,4461,130.74752023230732
ARRIESGADO,4462,121.57347099262341
ARRIESGADO,4463,152.4861838346439
ARRIESGADO,4464,205.10609272234143
ARRIESGADO,4465,161.80039666367867
ARRIESGADO,4466,128.35723863758022
ARRIESGADO,4467,177.1801414792722
ARRIESGADO,4468,106.21835824808392
ARRIESGADO,4469,116.00500744516641
ARRIESGADO,4470,167.2056883187654
ARRIESGADO,4471,119.46314799076794
ARRIESGADO,4472,166.29266436332446
ARRIESGADO,4473,146.79565573056072
ARRIESGADO,4474,132.5365466665176
ARRIESGADO,4475,151.77800114074589
ARRIESGADO,4476,144.31684604492912
ARRIESGADO,4477,125.21378820470176
ARRIESGADO,4478,83.75790936001063
ARRIESGADO,4479,186.43176920679085
ARRIESGADO,4480,152.5373847423679
ARRIESGADO,4481,150.85105849093227
ARRIESGADO,4482,176.2746148269717
ARRIESGADO,4483,142.51829677513797
ARRIESGADO,4484,193.7940447600264
ARRIESGADO,4485,148.06890083628934
ARRIESGADO,4486,192.1054268375816
ARRIESGADO,4487,126.68617586259063
ARRIESGADO,4488,149.76851456857457
ARRIESGADO,4489,162.40366735686987
ARRIESGADO,4490,92.20427095412477
ARRIESGADO,4491,192.9063621303619
ARRIESGADO,4492,111.03524705812136
ARRIESGADO,4493,154.19382559413617
ARRIESGADO,4494,166.28862496840534
ARRIESGADO,4495,135.00529376995962
ARRIESGADO,4496,155.5225521390994
ARRIESGADO,4497,114.9529017487908
ARRIESGADO,4498,141.66462427477023
ARRIESGADO,4499,132.63602760031787
ARRIESGADO,4500,116.79849476636025
ARRIESGADO,4501,169.34478031041542
ARRIESGADO,4502,131.24814414651138
ARRIESGADO,4503,130.56033573849308
ARRIESGADO,4504,133.55179928338504
ARRIESGADO,4505,149.48314420752914
ARRIESGADO,4506,93.7711304739646
ARRIESGADO,4507,144.52158742520697
ARRIESGADO,4508,164.63573605114095
ARRIESGADO,4509,144.19507261289075
ARRIESGADO,4510,174.81204731467938
ARRIESGADO,4511,117.34942440543357
ARRIESGADO,4512,127.82504932253224
ARRIESGADO,4513,97.96344475149989
ARRIESGADO,4514,155.06715764051236
ARRIESGADO,4515,153.27845226030863
ARRIESGADO,4516,168.73939996370683
ARRIESGADO,4517,92.86986930854044
ARRIESGADO,4518,142.2777220876955
ARRIESGADO,4519,142.89473008898884
ARRIESGADO,4520,164.98391863692657
ARRIESGADO,4521,141.13146471394634
ARRIESGADO,4522,115.25902204621526
ARRIESGADO,4523,203.58541608418744
ARRIESGADO,4524,151.88161855198672
ARRIESGADO,4525,144.83117100401066
ARRIESGADO,4526,181.17222033897372
ARRIESGADO,4527,110.93844697605951
ARRIESGADO,4528,159.259447107276
ARRIESGADO,4529,125.68260539731062
ARRIESGADO,4530,128.9385337335489
ARRIESGADO,4531,155.37935636280213
ARRIESGADO,4532,116.73650279321618
ARRIESGADO,4533,105.99106120539794
ARRIESGADO,4534,161.05388073716188
ARRIESGADO,4535,135.90864690225197
ARRIESGADO,4536,157.61783581605368
ARRIESGADO,4537,150.973852988711
ARRIESGADO,4538,85.71717551898274
ARRIESGADO,4539,128.26426666176067
ARRIESGADO,4540,159.051804474858
ARRIESGADO,4541,109.90127565106583
ARRIESGADO,4542,139.95984707981114
ARRIESGADO,4543,156.27563988694615
ARRIESGADO,4544,141.42056224719852
ARRIESGADO,4545,187.38514302647695
ARRIESGADO,4546,136.96803027068808
ARRIESGADO,4547,181.65492478007994
ARRIESGADO,4548,141.8045410909063
ARRIESGADO,4549,162.596128528128
ARRIESGADO,4550,133.26716454448146
ARRIESGADO,4551,172.1465162463035
ARRIESGADO,4552,164.35291924857398
ARRIESGADO,4553,153.37853487252355
ARRIESGADO,4554,166.0535638660273
ARRIESGADO,4555,181.8148292210836
ARRIESGADO,4556,168.00793935167283
ARRIESGADO,4557,196.22587743826986
ARRIESGADO,4558,176.0983577305438
ARRIESGADO,4559,150.81912862871258
ARRIESGADO,4560,213.86421841443536
ARRIESGADO,4561,147.0686321254474
ARRIESGADO,4562,115.59169775571415
ARRIESGADO,4563,141.3428969855585
ARRIESGADO,4564,182.98138239023592
ARRIESGADO,4565,135.97958532783477
ARRIESGADO,4566,168.25963072156608
ARRIESGADO,4567,127.60367342280428
ARRIESGADO,4568,134.5205926838575
ARRIESGADO,4569,126.01423539317842
ARRIESGADO,4570,138.66656577554656
ARRIESGADO,4571,101.25648507182606
ARRIESGADO,4572,167.41755815211224
ARRIESGADO,4573,148.64898949737002
ARRIESGADO,4574,167.52308539447256
ARRIESGADO,4575,152.65158522822767
ARRIESGADO,4576,155.7692082876298
ARRIESGADO,4577,198.65569052075753
ARRIESGADO,4578,132.81252258231598
ARRIESGADO,4579,181.77484304625213
ARRIESGADO,4580,148.01684711736718
ARRIESGADO,4581,118.22664000696815
ARRIESGADO,4582,155.10499490377643
ARRIESGADO,4583,123.02873735683619
ARRIESGADO,4584,145.5255274947515
ARRIESGADO,4585,138.34922333388766
ARRIESGADO,4586,144.01325277644872
ARRIESGADO,4587,135.85343453168787
ARRIESGADO,4588,130.75402984239065
ARRIESGADO,4589,132.43343528018386
ARRIESGADO,4590,126.45065450222764
ARRIESGADO,4591,135.9479477241698
ARRIESGADO,4592,176.97816633774647
ARRIESGADO,4593,126.09217407700568
ARRIESGADO,4594,157.27101216778144
ARRIESGADO,4595,167.84880649927487
ARRIESGADO,4596,144.37594327281502
ARRIESGADO,4597,140.50665171349874
ARRIESGADO,4598,146.08920897785393
ARRIESGADO,4599,189.50398446260837
ARRIESGADO,4600,148.11661484493368
ARRIESGADO,4601,171.25715296626157
ARRIESGADO,4602,122.52353047493843
ARRIESGADO,4603,137.50589678618903
ARRIESGADO,4604,177.060021795584
ARRIESGADO,4605,141.60264504846157
ARRIESGADO,4606,106.14323139821578
ARRIESGADO,4607,151.9994523329687
ARRIESGADO,4608,143.2208277684864
ARRIESGADO,4609,131.65050893118635
ARRIESGADO,4610,138.32177980795203
ARRIESGADO,4611,128.42482828047497
ARRIESGADO,4612,190.14416185536882
ARRIESGADO,4613,148.13254629909733
ARRIESGADO,4614,142.68282346520698
ARRIESGADO,4615,162.31020322845012
ARRIESGADO,4616,146.3895539272206
ARRIESGADO,4617,130.5171014779547
ARRIESGADO,4618,160.12312435961547
ARRIESGADO,4619,145.57570900235223
ARRIESGADO,4620,133.53900760296912
ARRIESGADO,4621,114.99276280221962
ARRIESGADO,4622,127.32908423397923
ARRIESGADO,4623,150.39064312955833
ARRIESGADO,4624,142.23310194212024
ARRIESGADO,4625,147.35294437480718
ARRIESGADO,4626,147.60508100541165
ARRIESGADO,4627,146.1722581796115
ARRIESGADO,4628,152.3520182917895
ARRIESGADO,4629,156.70893139757814
ARRIESGADO,4630,124.28181154317707
ARRIESGADO,4631,142.23784554658033
ARRIESGADO,4632,145.4402396062411
ARRIESGADO,4633,107.26592810267584
ARRIESGADO,4634,148.85353788627515
ARRIESGADO,4635,146.32133682593752
ARRIESGADO,4636,152.71406892501503
ARRIESGADO,4637,144.627504740496
ARRIESGADO,4638,158.0959327285414
ARRIESGADO,4639,161.7378345073037
ARRIESGADO,4640,109.34054387539278
ARRIESGADO,4641,137.96840114412842
ARRIESGADO,4642,176.07694200970772
ARRIESGADO,4643,91.21133591130423
ARRIESGADO,4644,154.1759212809842
ARRIESGADO,4645,139.86965953877166
ARRIESGADO,4646,106.69475005496871
ARRIESGADO,4647,120.8478262808524
ARRIESGADO,4648,131.95551469875724
ARRIESGADO,4649,189.5837337073401
ARRIESGADO,4650,153.28775732958613
ARRIESGADO,4651,172.6165864541993
ARRIESGADO,4652,159.0278014468103
ARRIESGADO,4653,147.88647928399556
ARRIESGADO,4654,159.16551252543974
ARRIESGADO,4655,126.79581188921638
ARRIESGADO,4656,137.33850548934856
ARRIESGADO,4657,149.1697618543964
ARRIESGADO,4658,131.30656590500467
ARRIESGADO,4659,156.67634406249746
ARRIESGADO,4660,129.96364338074946
ARRIESGADO,4661,175.1654236827386
ARRIESGADO,4662,180.8539841808133
ARRIESGADO,4663,101.16037045324761
ARRIESGADO,4664,122.75278254942361
ARRIESGADO,4665,167.95470502412928
ARRIESGADO,4666,128.5051082969338
ARRIESGADO,4667,108.00227530654116
ARRIESGADO,4668,176.85460203173744
ARRIESGADO,4669,154.17041562471155
ARRIESGADO,4670,117.98868326410117
ARRIESGADO,4671,116.83143998596204
ARRIESGADO,4672,124.23393527870616
ARRIESGADO,4673,114.43480314196728
ARRIESGADO,4674,127.14718999869443
ARRIESGADO,4675,166.91163647823979
ARRIESGADO,4676,150.54746546305125
ARRIESGADO,4677,177.73044617009108
ARRIESGADO,4678,130.42791152405655
ARRIESGADO,4679,142.71257317809636
ARRIESGADO,4680,138.6426507170422
ARRIESGADO,4681,168.9537174849046
ARRIESGADO,4682,132.70595815914777
ARRIESGADO,4683,122.59351319538712
ARRIESGADO,4684,125.42763307847834
ARRIESGADO,4685,129.48101454765433
ARRIESGADO,4686,158.30811436239094
ARRIESGADO,4687,130.73737361631586
ARRIESGADO,4688,175.73010599209863
ARRIESGADO,4689,183.7992181296864
ARRIESGADO,4690,114.01350039329009
ARRIESGADO,4691,150.1350224782786
ARRIESGADO,4692,167.03505479969317
ARRIESGADO,4693,170.02034075714022
ARRIESGADO,4694,140.19860036555744
ARRIESGADO,4695,100.08917553245871
ARRIESGADO,4696,122.58895404482122
ARRIESGADO,4697,181.00645532355168
ARRIESGADO,4698,167.81919195906886
ARRIESGADO,4699,145.0152358978719
ARRIESGADO,4700,140.0693338761499
ARRIESGADO,4701,164.30087860924027
ARRIESGADO,4702,105.8288500172921
ARRIESGADO,4703,111.2672408611482
ARRIESGADO,4704,156.65174685391742
ARRIESGADO,4705,174.39597901317353
ARRIESGADO,4706,126.46412499281664
ARRIESGADO,4707,137.5034052466597
ARRIESGADO,4708,150.84467382562212
ARRIESGADO,4709,136.2434960352191
ARRIESGADO,4710,176.33359113653194
ARRIESGADO,4711,163.4657958650959
ARRIESGADO,4712,131.47003521146124
ARRIESGADO,4713,171.1876561185057
ARRIESGADO,4714,166.28857040054487
ARRIESGADO,4715,105.75664332646103
ARRIESGADO,4716,160.83705563691433
ARRIESGADO,4717,166.17715859233505
ARRIESGADO,4718,141.7030904097787
ARRIESGADO,4719,107.69343085452668
ARRIESGADO,4720,133.32836506206672
ARRIESGADO,4721,143.90570449659134
ARRIESGADO,4722,139.8428473591927
ARRIESGADO,4723,145.56523168275854
ARRIESGADO,4724,176.73348105823504
ARRIESGADO,4725,112.21678313951692
ARRIESGADO,4726,139.94261575517223
ARRIESGADO,4727,155.16272981367828
ARRIESGADO,4728,122.30691016198018
ARRIESGADO,4729,123.76317219498674
ARRIESGADO,4730,148.04480127099976
ARRIESGADO,4731,144.17641619913238
ARRIESGADO,4732,139.59460298714754
ARRIESGADO,4733,174.9321608709982
ARRIESGADO,4734,135.5288292466102
ARRIESGADO,4735,142.58298500693743
ARRIESGADO,4736,138.4603982373454
ARRIESGADO,4737,173.36465825125322
ARRIESGADO,4738,129.709905435942
ARRIESGADO,4739,128.4036461198871
ARRIESGADO,4740,172.83144726893133
ARRIESGADO,4741,196.56090445391484
ARRIESGADO,4742,155.69942067446715
ARRIESGADO,4743,88.8562150349334
ARRIESGADO,4744,138.1618782963351
ARRIESGADO,4745,107.40236655496744
ARRIESGADO,4746,165.57353779328233
ARRIESGADO,4747,156.54616180805476
ARRIESGADO,4748,135.84111080074751
ARRIESGADO,4749,143.84377424717297
ARRIESGADO,4750,116.11460926973112
ARRIESGADO,4751,130.4683896386625
ARRIESGADO,4752,110.7074750961825
ARRIESGADO,4753,147.76195002747437
ARRIESGADO,4754,141.59750574793202
ARRIESGADO,4755,175.0595204792174
ARRIESGADO,4756,116.64370201527056
ARRIESGADO,4757,144.84006400407816
ARRIESGADO,4758,123.36423125131458
ARRIESGADO,4759,133.4728735695904
ARRIESGADO,4760,120.02544303430051
ARRIESGADO,4761,114.11569186787476
ARRIESGADO,4762,135.1653526180144
ARRIESGADO,4763,125.60936464527315
ARRIESGADO,4764,126.81318195233014
ARRIESGADO,4765,177.89770487929147
ARRIESGADO,4766,131.97624805652995
ARRIESGADO,4767,168.69671214925617
ARRIESGADO,4768,119.72037534036964
ARRIESGADO,4769,165.65819760810675
ARRIESGADO,4770,125.87960422318903
ARRIESGADO,4771,142.728675698763
ARRIESGADO,4772,182.49554564479652
ARRIESGADO,4773,161.4244133034635
ARRIESGADO,4774,122.59264989781099
ARRIESGADO,4775,135.29154140263788
ARRIESGADO,4776,140.12684929304382
ARRIESGADO,4777,134.1293358018685
ARRIESGADO,4778,136.26711151812427
ARRIESGADO,4779,167.77401512624536
ARRIESGADO,4780,119.64229501399551
ARRIESGADO,4781,82.7964317386736
ARRIESGADO,4782,122.87631041588294
ARRIESGADO,4783,164.93798973488552
ARRIESGADO,4784,121.67965502244255
ARRIESGADO,4785,136.2237350519996
ARRIESGADO,4786,146.17520917807317
ARRIESGADO,4787,156.6372963888338
ARRIESGADO,4788,176.79163951593458
ARRIESGADO,4789,143.43583901240913
ARRIESGADO,4790,133.14821768506306
ARRIESGADO,4791,151.34818210842184
ARRIESGADO,4792,180.69894480234177
ARRIESGADO,4793,161.67021154866492
ARRIESGADO,4794,135.53923615718654
ARRIESGADO,4795,137.40718136631833
ARRIESGADO,4796,183.04784781364313
ARRIESGADO,4797,166.06840734318104
ARRIESGADO,4798,150.99366804074995
ARRIESGADO,4799,125.97548106753565
ARRIESGADO,4800,99.41730823778684
ARRIESGADO,4801,190.83002554132008
ARRIESGADO,4802,139.77051831108307
ARRIESGADO,4803,105.94274174152434
ARRIESGADO,4804,165.99362640789965
ARRIESGADO,4805,135.63894804074047
ARRIESGADO,4806,155.792900284124
ARRIESGADO,4807,156.33874891270088
ARRIESGADO,4808,132.44308350013318
ARRIESGADO,4809,153.4443204273658
ARRIESGADO,4810,94.64315515245133
ARRIESGADO,4811,139.50303197839278
ARRIESGADO,4812,131.6853864906052
ARRIESGADO,4813,123.65956326315238
ARRIESGADO,4814,172.44023802490713
ARRIESGADO,4815,169.15300698519965
ARRIESGADO,4816,144.5555280245555
ARRIESGADO,4817,144.45710957171679
ARRIESGADO,4818,114.05581162858128
ARRIESGADO,4819,153.5591770041224
ARRIESGADO,4820,174.1262960916502
ARRIESGADO,4821,194.21701218482602
ARRIESGADO,4822,144.60873225126116
ARRIESGADO,4823,129.14710046957055
ARRIESGADO,4824,142.4382268654382
ARRIESGADO,4825,134.94370254371222
ARRIESGADO,4826,184.18543504837152
ARRIESGADO,4827,158.2283692296574
ARRIESGADO,4828,120.92833272772219
ARRIESGADO,4829,148.7258977258045
ARRIESGADO,4830,141.77960840383142
ARRIESGADO,4831,134.4306767894526
ARRIESGADO,4832,136.0635417314727
ARRIESGADO,4833,154.55626189537276
ARRIESGADO,4834,157.016514541618
ARRIESGADO,4835,156.43889421010226
ARRIESGADO,4836,128.31263784653035
ARRIESGADO,4837,200.39390718824296
ARRIESGADO,4838,130.77752934992404
ARRIESGADO,4839,138.4286626724452
ARRIESGADO,4840,184.8144954915503
ARRIESGADO,4841,174.3060916340272
ARRIESGADO,4842,127.47819963630309
ARRIESGADO,4843,101.1818814537949
ARRIESGADO,4844,132.2868465808322
ARRIESGADO,4845,168.35494517345333
ARRIESGADO,4846,117.6970362872628
ARRIESGADO,4847,150.17618339428793
ARRIESGADO,4848,155.8934662198149
ARRIESGADO,4849,109.52481092962394
ARRIESGADO,4850,160.5479476886494
ARRIESGADO,4851,172.1589672337826
ARRIESGADO,4852,145.5664938132088
ARRIESGADO,4853,165.9707305634944
ARRIESGADO,4854,125.19833232607185
ARRIESGADO,4855,115.04829612320269
ARRIESGADO,4856,142.8969328323423
ARRIESGADO,4857,153.4672366033243
ARRIESGADO,4858,106.79239500959532
ARRIESGADO,4859,176.66372933847722
ARRIESGADO,4860,143.15890003250172
ARRIESGADO,4861,122.95072571783518
ARRIESGADO,4862,136.2128489879631
ARRIESGADO,4863,169.2874638405258
ARRIESGADO,4864,149.39478906877298
ARRIESGADO,4865,143.79664623994893
ARRIESGADO,4866,164.17505508571335
ARRIESGADO,4867,116.12303714899298
ARRIESGADO,4868,152.89660198041972
ARRIESGADO,4869,134.4209613847543
ARRIESGADO,4870,156.94058881402745
ARRIESGADO,4871,128.36398542177315
ARRIESGADO,4872,112.89935129600755
ARRIESGADO,4873,161.73763875162408
ARRIESGADO,4874,150.17756249841162
ARRIESGADO,4875,154.24321779034346
ARRIESGADO,4876,125.64403114150932
ARRIESGADO,4877,83.3349049839606
ARRIESGADO,4878,189.32133300954365
ARRIESGADO,4879,106.01432295380923
ARRIESGADO,4880,163.55243394315775
ARRIESGADO,4881,168.45190535650582
ARRIESGADO,4882,111.01523490886612
ARRIESGADO,4883,144.2010873625744
ARRIESGADO,4884,144.1487923297612
ARRIESGADO,4885,115.69657314654913
ARRIESGADO,4886,178.2878846608067
ARRIESGADO,4887,179.12598251054217
ARRIESGADO,4888,122.66425780483169
ARRIESGADO,4889,144.80062295241112
ARRIESGADO,4890,131.86795671107396
ARRIESGADO,4891,123.5924575563833
ARRIESGADO,4892,160.24377932655284
ARRIESGADO,4893,142.90968109316518
ARRIESGADO,4894,110.21444470265713
ARRIESGADO,4895,152.38086269611574
ARRIESGADO,4896,129.71808078801186
ARRIESGADO,4897,186.01755365579504
ARRIESGADO,4898,157.77912572411518
ARRIESGADO,4899,120.55637141444942
ARRIESGADO,4900,161.4722561531771
ARRIESGADO,4901,146.0509939939295
ARRIESGADO,4902,107.7854291722955
ARRIESGADO,4903,185.23294397954547
ARRIESGADO,4904,145.71352355720745
ARRIESGADO,4905,136.3399060510538
ARRIESGADO,4906,148.8982832963374
ARRIESGADO,4907,146.1643089657041
ARRIESGADO,4908,150.3674399894895
ARRIESGADO,4909,132.0640277495615
ARRIESGADO,4910,202.42172567659054
ARRIESGADO,4911,157.0468026468954
ARRIESGADO,4912,160.8244117464073
ARRIESGADO,4913,133.4068858218218
ARRIESGADO,4914,210.31078082857786
ARRIESGADO,4915,151.7381332218535
ARRIESGADO,4916,126.76732569630136
ARRIESGADO,4917,177.4237537728223
ARRIESGADO,4918,98.51274692206928
ARRIESGADO,4919,157.29956498030617
ARRIESGADO,4920,155.9784943564525
ARRIESGADO,4921,164.11255479736627
ARRIESGADO,4922,155.01546208426856
ARRIESGADO,4923,137.91815212426255
ARRIESGADO,4924,190.83668383022706
ARRIESGADO,4925,178.65521613382637
ARRIESGADO,4926,152.92190425213153
ARRIESGADO,4927,165.05030569277454
ARRIESGADO,4928,121.3922173533278
ARRIESGADO,4929,119.23239589929796
ARRIESGADO,4930,135.88160919877677
ARRIESGADO,4931,186.7950878680764
ARRIESGADO,4932,118.98747678602744
ARRIESGADO,4933,139.60098439285937
ARRIESGADO,4934,103.69040843429242
ARRIESGADO,4935,152.76692684453155
ARRIESGADO,4936,155.39745251923532
ARRIESGADO,4937,136.5134632777936
ARRIESGADO,4938,93.99935205898835
ARRIESGADO,4939,173.37619247498995
ARRIESGADO,4940,186.93560006182477
ARRIESGADO,4941,153.25639949568793
ARRIESGADO,4942,160.10079847545154
ARRIESGADO,4943,172.82852670036522
ARRIESGADO,4944,103.91872736610634
ARRIESGADO,4945,150.77028748522503
ARRIESGADO,4946,143.4592802505376
ARRIESGADO,4947,164.8751256304491
ARRIESGADO,4948,180.1179484822136
ARRIESGADO,4949,168.45717102409378
ARRIESGADO,4950,121.52912844716664
ARRIESGADO,4951,117.50589374089705
ARRIESGADO,4952,128.5196819959455
ARRIESGADO,4953,174.9849876631541
ARRIESGADO,4954,169.09249793885502
ARRIESGADO,4955,167.59412549575987
ARRIESGADO,4956,139.06512319601416
ARRIESGADO,4957,210.9687018362414
ARRIESGADO,4958,155.0593524661487
ARRIESGADO,4959,106.51839174958879
ARRIESGADO,4960,151.87967041957103
ARRIESGADO,4961,151.0386197663008
ARRIESGADO,4962,166.2387646447041
ARRIESGADO,4963,144.67102637151743
ARRIESGADO,4964,192.09701022441226
ARRIESGADO,4965,140.1790274695799
ARRIESGADO,4966,174.39216144658647
ARRIESGADO,4967,142.53383212634793
ARRIESGADO,4968,193.85947677673425
ARRIESGADO,4969,161.28885219343772
ARRIESGADO,4970,152.73210940167695
ARRIESGADO,4971,136.1313833161314
ARRIESGADO,4972,147.59616918458815
ARRIESGADO,4973,126.4197448537641
ARRIESGADO,4974,147.99033040555184
ARRIESGADO,4975,94.90697582967523
ARRIESGADO,4976,177.09909224447208
ARRIESGADO,4977,139.2050235101931
ARRIESGADO,4978,120.23466991775413
ARRIESGADO,4979,156.1061131036622
ARRIESGADO,4980,151.99560879465403
ARRIESGADO,4981,164.48984320128056
ARRIESGADO,4982,147.635344707357
ARRIESGADO,4983,167.60600354363567
ARRIESGADO,4984,166.80468273621557
ARRIESGADO,4985,126.95495072513239
ARRIESGADO,4986,119.61932243332453
ARRIESGADO,4987,148.66952406775545
ARRIESGADO,4988,125.3858652980501
ARRIESGADO,4989,189.17002198669186
ARRIESGADO,4990,132.87802879598686
ARRIESGADO,4991,136.89051850071806
ARRIESGADO,4992,114.3347007496701
ARRIESGADO,4993,130.34050353533024
ARRIESGADO,4994,128.34326065733038
ARRIESGADO,4995,193.75053127873275
ARRIESGADO,4996,185.86788147442928
ARRIESGADO,4997,127.11229511758197
ARRIESGADO,4998,174.0271614558185
ARRIESGADO,4999,108.8587378464608
ARRIESGADO,5000,153.35255880701595
ARRIESGADO,5001,86.92299369714229
ARRIESGADO,5002,93.24098457832889
ARRIESGADO,5003,144.18145730590558
ARRIESGADO,5004,112.06956096772866
ARRIESGADO,5005,137.0368881817769
ARRIESGADO,5006,152.41655951737548
ARRIESGADO,5007,138.68032888217857
ARRIESGADO,5008,138.13041821558306
ARRIESGADO,5009,111.96187326522902
ARRIESGADO,5010,146.71150752581622
ARRIESGADO,5011,137.8293900804417
ARRIESGADO,5012,146.8447132942571
ARRIESGADO,5013,150.95011721742028
ARRIESGADO,5014,122.99552619550863
ARRIESGADO,5015,163.28762562870526
ARRIESGADO,5016,133.24762510873637
ARRIESGADO,5017,126.68306070584808
ARRIESGADO,5018,158.09740286216743
ARRIESGADO,5019,152.0908466101244
ARRIESGADO,5020,90.76691481722963
ARRIESGADO,5021,140.81366108109253
ARRIESGADO,5022,128.70030986162817
ARRIESGADO,5023,158.06707316127884
ARRIESGADO,5024,160.44070557737916
ARRIESGADO,5025,140.65620746801545
ARRIESGADO,5026,143.28522997191467
ARRIESGADO,5027,164.39196172849103
ARRIESGADO,5028,76.31050867461656
ARRIESGADO,5029,159.79513488111917
ARRIESGADO,5030,151.98717939707095
ARRIESGADO,5031,115.37509715873756
ARRIESGADO,5032,118.18425778620615
ARRIESGADO,5033,106.39908879271245
ARRIESGADO,5034,153.97902487492306
ARRIESGADO,5035,136.29499869551753
ARRIESGADO,5036,96.58146596050476
ARRIESGADO,5037,152.5347270876398
ARRIESGADO,5038,110.45609781983019
ARRIESGADO,5039,153.50463372390817
ARRIESGADO,5040,147.8099324836208
ARRIESGADO,5041,133.978982634863
ARRIESGADO,5042,139.76182529121866
ARRIESGADO,5043,133.1186179455343
ARRIESGADO,5044,149.1012995545273
ARRIESGADO,5045,164.1739439562277
ARRIESGADO,5046,156.576104971711
ARRIESGADO,5047,183.9577606844905
ARRIESGADO,5048,134.86219980476514
ARRIESGADO,5049,153.32779096456034
ARRIESGADO,5050,166.75547815254615
ARRIESGADO,5051,144.89095438493322
ARRIESGADO,5052,181.95226467520678
ARRIESGADO,5053,133.65674997034378
ARRIESGADO,5054,128.8917349202336
ARRIESGADO,5055,169.1606525857115
ARRIESGADO,5056,147.79111184530393
ARRIESGADO,5057,165.83954880362475
ARRIESGADO,5058,108.18064626114099
ARRIESGADO,5059,135.25829526149383
ARRIESGADO,5060,135.60274276235404
ARRIESGADO,5061,159.73838922453157
ARRIESGADO,5062,145.65447959192326
ARRIESGADO,5063,102.93225684268421
ARRIESGADO,5064,113.80401018169137
ARRIESGADO,5065,153.37915963348954
ARRIESGADO,5066,157.23263064208084
ARRIESGADO,5067,146.5815535566168
ARRIESGADO,5068,159.01085570028732
ARRIESGADO,5069,177.9779363284986
ARRIESGADO,5070,130.71654014425062
ARRIESGADO,5071,160.37670872672658
ARRIESGADO,5072,110.88238856064807
ARRIESGADO,5073,122.6947431321363
ARRIESGADO,5074,148.82624343988232
ARRIESGADO,5075,142.97704657877782
ARRIESGADO,5076,156.91942190218174
ARRIESGADO,5077,103.81366393145552
ARRIESGADO,5078,140.12521736090196
ARRIESGADO,5079,154.55020086788284
ARRIESGADO,5080,151.4053527628387
ARRIESGADO,5081,107.45559617947882
ARRIESGADO,5082,112.2662264105461
ARRIESGADO,5083,156.59220263443865
ARRIESGADO,5084,199.6778143203516
ARRIESGADO,5085,97.59192479473768
ARRIESGADO,5086,187.17444138217957
ARRIESGADO,5087,151.7364466967539
ARRIESGADO,5088,143.11044869840194
ARRIESGADO,5089,155.70844236360062
ARRIESGADO,5090,107.73661528270792
ARRIESGADO,5091,138.13378218023246
ARRIESGADO,5092,136.01788086320678
ARRIESGADO,5093,130.94775482266851
ARRIESGADO,5094,146.00320711171952
ARRIESGADO,5095,142.98328479484312
ARRIESGADO,5096,153.59182624484117
ARRIESGADO,5097,120.42500464769658
ARRIESGADO,5098,197.36719775130967
ARRIESGADO,5099,184.0734755803407
ARRIESGADO,5100,172.86799480414763
ARRIESGADO,5101,128.14142565104152
ARRIESGADO,5102,174.64528671678949
ARRIESGADO,5103,104.54169591521688
ARRIESGADO,5104,175.95440594565642
ARRIESGADO,5105,138.77885338055935
ARRIESGADO,5106,148.22082328255559
ARRIESGADO,5107,120.47370882284864
ARRIESGADO,5108,172.30780448107635
ARRIESGADO,5109,173.01174265498926
ARRIESGADO,5110,161.59342468665602
ARRIESGADO,5111,151.77949009399265
ARRIESGADO,5112,161.95029470226416
ARRIESGADO,5113,179.09004854056812
ARRIESGADO,5114,127.90996505126859
ARRIESGADO,5115,158.44309505390805
ARRIESGADO,5116,126.61918965763748
ARRIESGADO,5117,180.99725618161287
ARRIESGADO,5118,124.920502062597
ARRIESGADO,5119,135.29030951435385
ARRIESGADO,5120,149.72120751583157
ARRIESGADO,5121,140.32071220906806
ARRIESGADO,5122,131.41010051284837
ARRIESGADO,5123,152.07503853664343
ARRIESGADO,5124,174.60841990750143
ARRIESGADO,5125,142.59001768661022
ARRIESGADO,5126,205.74124078643774
ARRIESGADO,5127,156.4780415995981
ARRIESGADO,5128,143.9301922237454
ARRIESGADO,5129,146.67859800130663
ARRIESGADO,5130,157.9296041352736
ARRIESGADO,5131,113.73164029249045
ARRIESGADO,5132,145.195361384267
ARRIESGADO,5133,132.23057811471483
ARRIESGADO,5134,108.82012232168003
ARRIESGADO,5135,126.42165186396072
ARRIESGADO,5136,177.18654718804387
ARRIESGADO,5137,131.17236106609715
ARRIESGADO,5138,88.73715883039638
ARRIESGADO,5139,182.22468281729795
ARRIESGADO,5140,150.3384464472044
ARRIESGADO,5141,184.13492679603078
ARRIESGADO,5142,124.12872071055571
ARRIESGADO,5143,111.8537822066443
ARRIESGADO,5144,132.97062161871085
ARRIESGADO,5145,146.29685471399148
ARRIESGADO,5146,127.81236306930582
ARRIESGADO,5147,112.46482134103732
ARRIESGADO,5148,140.22106555552696
ARRIESGADO,5149,124.04246459299247
ARRIESGADO,5150,160.7020669091962
ARRIESGADO,5151,137.26155501279794
ARRIESGADO,5152,154.09664287803304
ARRIESGADO,5153,102.36950205919187
ARRIESGADO,5154,159.56405600448056
ARRIESGADO,5155,118.98897632624978
ARRIESGADO,5156,138.96684956248004
ARRIESGADO,5157,138.01402943801668
ARRIESGADO,5158,126.04070553935757
ARRIESGADO,5159,149.6108212856937
ARRIESGADO,5160,139.82606144074995
ARRIESGADO,5161,122.7680274253329
ARRIESGADO,5162,101.33932273542068
ARRIESGADO,5163,132.39452472834085
ARRIESGADO,5164,204.99144727592295
ARRIESGADO,5165,168.37129489482325
ARRIESGADO,5166,179.1620946799269
ARRIESGADO,5167,139.21939845508675
ARRIESGADO,5168,127.1619397325743
ARRIESGADO,5169,126.56268638633628
ARRIESGADO,5170,148.63490408221242
ARRIESGADO,5171,139.52041687595118
ARRIESGADO,5172,125.66812643560681
ARRIESGADO,5173,164.9220916579615
ARRIESGADO,5174,175.99944341581408
ARRIESGADO,5175,123.9764792205645
ARRIESGADO,5176,171.17980536722953
ARRIESGADO,5177,142.97282574373023
ARRIESGADO,5178,153.8405175928026
ARRIESGADO,5179,140.0444641070868
ARRIESGADO,5180,179.37164391752495
ARRIESGADO,5181,144.2825752652195
ARRIESGADO,5182,135.02495815113483
ARRIESGADO,5183,164.38874300437791
ARRIESGADO,5184,157.36318935419987
ARRIESGADO,5185,171.68733446582496
ARRIESGADO,5186,150.55909815175863
ARRIESGADO,5187,151.10837761141926
ARRIESGADO,5188,177.56865991493552
ARRIESGADO,5189,170.16086851854328
ARRIESGADO,5190,149.6922948569378
ARRIESGADO,5191,156.90034884640855
ARRIESGADO,5192,112.58221087044608
ARRIESGADO,5193,138.71923039099067
ARRIESGADO,5194,115.76218538519872
ARRIESGADO,5195,124.89051816516235
ARRIESGADO,5196,125.34569084198777
ARRIESGADO,5197,135.37858029595037
ARRIESGADO,5198,120.22920465189578
ARRIESGADO,5199,148.0552058022707
ARRIESGADO,5200,114.24622275954486
ARRIESGADO,5201,164.1477994908175
ARRIESGADO,5202,176.83468530418492
ARRIESGADO,5203,146.9508734711325
ARRIESGADO,5204,142.1162578804472
ARRIESGADO,5205,146.65877143472065
ARRIESGADO,5206,140.57393702081674
ARRIESGADO,5207,215.18645136074184
ARRIESGADO,5208,121.16158377531538
ARRIESGADO,5209,165.83146420247274
ARRIESGADO,5210,146.778481050136
ARRIESGADO,5211,172.052841070437
ARRIESGADO,5212,79.67447131261709
ARRIESGADO,5213,141.2804650630236
ARRIESGADO,5214,135.49590933814451
ARRIESGADO,5215,185.00779649159284
ARRIESGADO,5216,145.22000962357953
ARRIESGADO,5217,147.78059101367722
ARRIESGADO,5218,160.49174914249255
ARRIESGADO,5219,189.1557287329723
ARRIESGADO,5220,157.49709920096618
ARRIESGADO,5221,135.49736494532647
ARRIESGADO,5222,151.37147118518732
ARRIESGADO,5223,165.4920602679205
ARRIESGADO,5224,116.01938453401475
ARRIESGADO,5225,98.67142893552044
ARRIESGADO,5226,188.12441291933706
ARRIESGADO,5227,127.2002031865144
ARRIESGADO,5228,125.43149304965449
ARRIESGADO,5229,123.0235449452516
ARRIESGADO,5230,138.83713892107139
ARRIESGADO,5231,186.2078281864201
ARRIESGADO,5232,135.3670889285659
ARRIESGADO,5233,130.16084323886832
ARRIESGADO,5234,123.95316473437043
ARRIESGADO,5235,123.28660662691235
ARRIESGADO,5236,99.18456434467737
ARRIESGADO,5237,168.08163810484757
ARRIESGADO,5238,156.48745281534602
ARRIESGADO,5239,149.96584571860646
ARRIESGADO,5240,153.7591621735331
ARRIESGADO,5241,154.55047352284802
ARRIESGADO,5242,143.1561514870876
ARRIESGADO,5243,122.28293939025205
ARRIESGADO,5244,166.7262215695319
ARRIESGADO,5245,145.03043513703108
ARRIESGADO,5246,96.88181969280207
ARRIESGADO,5247,159.45110783114842
ARRIESGADO,5248,86.69429365558643
ARRIESGADO,5249,153.62357822068307
ARRIESGADO,5250,125.08930440616835
ARRIESGADO,5251,178.3380906825949
ARRIESGADO,5252,125.83280546042538
ARRIESGADO,5253,143.4738964917336
ARRIESGADO,5254,99.60193346671612
ARRIESGADO,5255,141.70584297428456
ARRIESGADO,5256,114.79222017173015
ARRIESGADO,5257,141.5299519309661
ARRIESGADO,5258,156.9252282698008
ARRIESGADO,5259,150.25763967758056
ARRIESGADO,5260,151.25106229110946
ARRIESGADO,5261,161.32017020948874
ARRIESGADO,5262,165.8224384511387
ARRIESGADO,5263,125.36901559617824
ARRIESGADO,5264,178.16666264764388
ARRIESGADO,5265,143.49317462508986
ARRIESGADO,5266,169.01920533726263
ARRIESGADO,5267,144.50266210049088
ARRIESGADO,5268,134.0372241144499
ARRIESGADO,5269,152.2252422671311
ARRIESGADO,5270,130.7676827028192
ARRIESGADO,5271,166.13519285242072
ARRIESGADO,5272,185.43527311188444
ARRIESGADO,5273,148.93993116441453
ARRIESGADO,5274,147.45521356704722
ARRIESGADO,5275,217.36294030457196
ARRIESGADO,5276,120.33799511668126
ARRIESGADO,5277,125.12265538578595
ARRIESGADO,5278,135.47517381956507
ARRIESGADO,5279,124.85833937272967
ARRIESGADO,5280,195.74001282831546
ARRIESGADO,5281,108.47335771786635
ARRIESGADO,5282,115.62914392267578
ARRIESGADO,5283,147.91868211892682
ARRIESGADO,5284,128.91287004350065
ARRIESGADO,5285,133.66239717733697
ARRIESGADO,5286,167.3503437047454
ARRIESGADO,5287,168.5583262943828
ARRIESGADO,5288,172.29619081506985
ARRIESGADO,5289,142.6117496865744
ARRIESGADO,5290,140.96592204464488
ARRIESGADO,5291,169.6634949969051
ARRIESGADO,5292,147.23970450454652
ARRIESGADO,5293,166.98286861763964
ARRIESGADO,5294,188.09638982955192
ARRIESGADO,5295,178.85020428424184
ARRIESGADO,5296,161.6204940233462
ARRIESGADO,5297,121.18177328426644
ARRIESGADO,5298,111.51656948966473
ARRIESGADO,5299,111.62472369787767
ARRIESGADO,5300,163.12249523716855
ARRIESGADO,5301,159.9391404344209
ARRIESGADO,5302,171.47247973890526
ARRIESGADO,5303,140.86031131954587
ARRIESGADO,5304,119.85751069571748
ARRIESGADO,5305,120.1002790095603
ARRIESGADO,5306,189.30238180471946
ARRIESGADO,5307,99.31329892632024
ARRIESGADO,5308,164.20710298673617
ARRIESGADO,5309,127.62661342026693
ARRIESGADO,5310,128.58213742598036
ARRIESGADO,5311,156.92891482585753
ARRIESGADO,5312,152.30592134915656
ARRIESGADO,5313,162.4753207649083
ARRIESGADO,5314,134.21397175487488
ARRIESGADO,5315,133.8144857583129
ARRIESGADO,5316,150.97080330971653
ARRIESGADO,5317,87.37756413341113
ARRIESGADO,5318,154.6425872650403
ARRIESGADO,5319,161.96705253875075
ARRIESGADO,5320,151.07841218425978
ARRIESGADO,5321,176.15017496914226
ARRIESGADO,5322,188.09899864389624
ARRIESGADO,5323,196.10427688036285
ARRIESGADO,5324,142.46651856318528
ARRIESGADO,5325,168.09716058960313
ARRIESGADO,5326,156.10579706085923
ARRIESGADO,5327,103.36833579882682
ARRIESGADO,5328,121.95683480756853
ARRIESGADO,5329,160.6131613584217
ARRIESGADO,5330,144.6660243707596
ARRIESGADO,5331,129.6445060090759
ARRIESGADO,5332,90.68940938208581
ARRIESGADO,5333,172.26644677916886
ARRIESGADO,5334,137.86294151612432
ARRIESGADO,5335,121.90612420561766
ARRIESGADO,5336,133.20278243426773
ARRIESGADO,5337,128.57736600604463
ARRIESGADO,5338,127.99655418543949
ARRIESGADO,5339,112.08745444142227
ARRIESGADO,5340,167.2950486047188
ARRIESGADO,5341,147.21457124837346
ARRIESGADO,5342,146.45899230779915
ARRIESGADO,5343,138.82999074089287
ARRIESGADO,5344,135.9313832915913
ARRIESGADO,5345,131.51269342422333
ARRIESGADO,5346,126.92286897542446
ARRIESGADO,5347,124.82571844096073
ARRIESGADO,5348,152.34541825771277
ARRIESGADO,5349,146.81144023864312
ARRIESGADO,5350,123.21037564460343
ARRIESGADO,5351,150.12128574831425
ARRIESGADO,5352,149.9832289903575
ARRIESGADO,5353,114.86764783604116
ARRIESGADO,5354,142.86491859848985
ARRIESGADO,5355,138.57153590560614
ARRIESGADO,5356,158.65144916714294
ARRIESGADO,5357,83.2353115361567
ARRIESGADO,5358,141.9098568877438
ARRIESGADO,5359,161.01026633048184
ARRIESGADO,5360,148.53670540249692
ARRIESGADO,5361,103.45632293488508
ARRIESGADO,5362,158.3656007376546
ARRIESGADO,5363,105.56103687354036
ARRIESGADO,5364,88.90098543071494
ARRIESGADO,5365,179.57616237213514
ARRIESGADO,5366,170.06741082970774
ARRIESGADO,5367,140.34402700110417
ARRIESGADO,5368,182.6661172821752
ARRIESGADO,5369,161.30172924960016
ARRIESGADO,5370,113.86894132741543
ARRIESGADO,5371,133.36685558632232
ARRIESGADO,5372,143.45603208525998
ARRIESGADO,5373,112.12937156709391
ARRIESGADO,5374,96.01727449894994
ARRIESGADO,5375,172.86205477641315
ARRIESGADO,5376,161.09497608854682
ARRIESGADO,5377,103.6091335461197
ARRIESGADO,5378,160.82766388345314
ARRIESGADO,5379,183.07368599594815
ARRIESGADO,5380,124.4914707859959
ARRIESGADO,5381,142.65518549783394
ARRIESGADO,5382,132.5200664830109
ARRIESGADO,5383,145.44465758596897
ARRIESGADO,5384,170.18271715137405
ARRIESGADO,5385,159.28876071521515
ARRIESGADO,5386,130.41894954860305
ARRIESGADO,5387,149.88792161897234
ARRIESGADO,5388,143.9462508143191
ARRIESGADO,5389,126.8694833592306
ARRIESGADO,5390,134.61291000099234
ARRIESGADO,5391,135.32885930816852
ARRIESGADO,5392,223.30886047599842
ARRIESGADO,5393,175.88876656342694
ARRIESGADO,5394,140.08796330919847
ARRIESGADO,5395,126.38574842004137
ARRIESGADO,5396,121.2540011816658
ARRIESGADO,5397,153.32662013237942
ARRIESGADO,5398,207.94033674206406
ARRIESGADO,5399,184.029634261034
ARRIESGADO,5400,164.38291949596976
ARRIESGADO,5401,124.12491154508388
ARRIESGADO,5402,143.83921330377004
ARRIESGADO,5403,126.76244607948219
ARRIESGADO,5404,133.16476034970697
ARRIESGADO,5405,136.23562076450878
ARRIESGADO,5406,164.5376208730275
ARRIESGADO,5407,160.42979472957103
ARRIESGADO,5408,169.92288776572477
ARRIESGADO,5409,163.4697033957369
ARRIESGADO,5410,88.0688698243463
ARRIESGADO,5411,151.58518486052623
ARRIESGADO,5412,186.666715551479
ARRIESGADO,5413,118.86251920068703
ARRIESGADO,5414,158.47477461292033
ARRIESGADO,5415,161.2318784236762
ARRIESGADO,5416,161.25444576571545
ARRIESGADO,5417,168.85074588037807
ARRIESGADO,5418,126.28941340889831
ARRIESGADO,5419,126.3531946261975
ARRIESGADO,5420,137.43550588482756
ARRIESGADO,5421,90.40522148794884
ARRIESGADO,5422,136.1806412890888
ARRIESGADO,5423,142.8375809953233
ARRIESGADO,5424,133.71832269152296
ARRIESGADO,5425,120.71969179686438
ARRIESGADO,5426,124.99754303008837
ARRIESGADO,5427,159.81726369906562
ARRIESGADO,5428,117.3439392748642
ARRIESGADO,5429,131.6040318325598
ARRIESGADO,5430,183.66106814548021
ARRIESGADO,5431,144.9107519905662
ARRIESGADO,5432,125.7962852016161
ARRIESGADO,5433,143.60303336494937
ARRIESGADO,5434,159.50036838251106
ARRIESGADO,5435,128.28935186016
ARRIESGADO,5436,129.01938949737124
ARRIESGADO,5437,160.41288622253307
ARRIESGADO,5438,150.89554531863897
ARRIESGADO,5439,149.3026086303518
ARRIESGADO,5440,151.34554482855415
ARRIESGADO,5441,165.52324449773357
ARRIESGADO,5442,176.21254723459577
ARRIESGADO,5443,173.78781423400318
ARRIESGADO,5444,142.45207917439834
ARRIESGADO,5445,132.96515088362827
ARRIESGADO,5446,130.97336491231033
ARRIESGADO,5447,146.21355035672136
ARRIESGADO,5448,138.53736631047838
ARRIESGADO,5449,164.97735045040474
ARRIESGADO,5450,85.03016010248352
ARRIESGADO,5451,124.26453317686864
ARRIESGADO,5452,127.81056380039524
ARRIESGADO,5453,133.8431192876113
ARRIESGADO,5454,130.06186699509703
ARRIESGADO,5455,132.38015942438696
ARRIESGADO,5456,136.20236484697998
ARRIESGADO,5457,134.05442226325027
ARRIESGADO,5458,158.54400843472382
ARRIESGADO,5459,143.52866960537733
ARRIESGADO,5460,161.50340766547345
ARRIESGADO,5461,137.84523539035962
ARRIESGADO,5462,134.29502380858037
ARRIESGADO,5463,163.1684555545399
ARRIESGADO,5464,138.3976088197536
ARRIESGADO,5465,144.0041045203229
ARRIESGADO,5466,149.90210330561587
ARRIESGADO,5467,142.55913497836724
ARRIESGADO,5468,132.9499866963431
ARRIESGADO,5469,156.379504572524
ARRIESGADO,5470,160.6461401080352
ARRIESGADO,5471,152.79935780129756
ARRIESGADO,5472,131.96722112230918
ARRIESGADO,5473,120.32811190587762
ARRIESGADO,5474,113.33870889161071
ARRIESGADO,5475,135.13641570472558
ARRIESGADO,5476,179.6728837514076
ARRIESGADO,5477,166.27387284605578
ARRIESGADO,5478,175.18215952890304
ARRIESGADO,5479,128.60634601355915
ARRIESGADO,5480,114.44932943295507
ARRIESGADO,5481,109.12417430363107
ARRIESGADO,5482,138.6577556294751
ARRIESGADO,5483,109.40785263486679
ARRIESGADO,5484,134.49514621085373
ARRIESGADO,5485,153.3927947759247
ARRIESGADO,5486,156.6339307106971
ARRIESGADO,5487,156.04656460359558
ARRIESGADO,5488,125.65899768210767
ARRIESGADO,5489,161.05288937227272
ARRIESGADO,5490,145.71539371820316
ARRIESGADO,5491,146.35879775267765
ARRIESGADO,5492,156.32913563638712
ARRIESGADO,5493,140.92527013144397
ARRIESGADO,5494,160.5553611240705
ARRIESGADO,5495,122.62323375598541
ARRIESGADO,5496,185.33860700238267
ARRIESGADO,5497,154.1401839407891
ARRIESGADO,5498,127.21738645085439
ARRIESGADO,5499,133.4476438808779
ARRIESGADO,5500,142.14291225747846
ARRIESGADO,5501,145.94638169108183
ARRIESGADO,5502,124.89982361778652
ARRIESGADO,5503,117.30373722826565
ARRIESGADO,5504,180.3993340734267
ARRIESGADO,5505,194.13675782521372
ARRIESGADO,5506,115.18596374746265
ARRIESGADO,5507,159.3539539655349
ARRIESGADO,5508,149.36266759201857
ARRIESGADO,5509,122.30431308714864
ARRIESGADO,5510,140.73094077119768
ARRIESGADO,5511,149.25078350117036
ARRIESGADO,5512,191.75704681150194
ARRIESGADO,5513,176.34096790562012
ARRIESGADO,5514,167.4497414465599
ARRIESGADO,5515,153.03669800801174
ARRIESGADO,5516,140.72847461184344
ARRIESGADO,5517,143.4668602764433
ARRIESGADO,5518,153.28720648235722
ARRIESGADO,5519,148.84945236998502
ARRIESGADO,5520,131.29884709498552
ARRIESGADO,5521,106.82585036126517
ARRIESGADO,5522,143.3957014710524
ARRIESGADO,5523,177.50531502887313
ARRIESGADO,5524,131.07362424008988
ARRIESGADO,5525,132.34503177576497
ARRIESGADO,5526,144.39913155835498
ARRIESGADO,5527,136.54289595100045
ARRIESGADO,5528,175.07001985791936
ARRIESGADO,5529,146.18507465939967
ARRIESGADO,5530,118.49475891050609
ARRIESGADO,5531,133.4494132163934
ARRIESGADO,5532,128.541407549667
ARRIESGADO,5533,142.2130116533939
ARRIESGADO,5534,159.08323335113286
ARRIESGADO,5535,130.3732693018797
ARRIESGADO,5536,113.63015522741141
ARRIESGADO,5537,120.96891416478235
ARRIESGADO,5538,152.68653509422018
ARRIESGADO,5539,110.908948650851
ARRIESGADO,5540,127.36877856288045
ARRIESGADO,5541,141.29290444661663
ARRIESGADO,5542,169.92821352974332
ARRIESGADO,5543,110.00956038213477
ARRIESGADO,5544,124.83233019362055
ARRIESGADO,5545,133.14360384763802
ARRIESGADO,5546,126.34257008308848
ARRIESGADO,5547,148.3661438227355
ARRIESGADO,5548,100.67986241129115
ARRIESGADO,5549,123.31968864925788
ARRIESGADO,5550,157.86213952018983
ARRIESGADO,5551,143.26170335628535
ARRIESGADO,5552,171.55149507384834
ARRIESGADO,5553,158.58859782405116
ARRIESGADO,5554,150.6330319571049
ARRIESGADO,5555,112.07815692296643
ARRIESGADO,5556,128.33550386154775
ARRIESGADO,5557,175.6147662654107
ARRIESGADO,5558,123.83944654402039
ARRIESGADO,5559,126.0312020881799
ARRIESGADO,5560,129.0084449936534
ARRIESGADO,5561,117.13252879740642
ARRIESGADO,5562,145.59198623294532
ARRIESGADO,5563,131.18390858719934
ARRIESGADO,5564,151.24470253798665
ARRIESGADO,5565,116.71735177143431
ARRIESGADO,5566,163.9916636593454
ARRIESGADO,5567,112.65441903752668
ARRIESGADO,5568,125.05014941919207
ARRIESGADO,5569,147.07269771430174
ARRIESGADO,5570,142.84626435297113
ARRIESGADO,5571,99.00267314583166
ARRIESGADO,5572,133.67978084665287
ARRIESGADO,5573,114.28890153095159
ARRIESGADO,5574,147.07427625189192
ARRIESGADO,5575,151.7901974835768
ARRIESGADO,5576,108.76407503999872
ARRIESGADO,5577,157.35754421640095
ARRIESGADO,5578,126.53350490557742
ARRIESGADO,5579,174.22917262432472
ARRIESGADO,5580,135.00963145153364
ARRIESGADO,5581,139.99657180759468
ARRIESGADO,5582,137.19129576739238
ARRIESGADO,5583,99.68206233899333
ARRIESGADO,5584,135.83131637171675
ARRIESGADO,5585,147.01052837346214
ARRIESGADO,5586,123.98352027162393
ARRIESGADO,5587,134.06670440366705
ARRIESGADO,5588,125.89930288152847
ARRIESGADO,5589,91.92861760033516
ARRIESGADO,5590,146.65402774079783
ARRIESGADO,5591,149.59507748179598
ARRIESGADO,5592,152.2194360981773
ARRIESGADO,5593,158.67766858418958
ARRIESGADO,5594,145.920893183443
ARRIESGADO,5595,137.17684035650333
ARRIESGADO,5596,139.94589805010548
ARRIESGADO,5597,184.87497591839596
ARRIESGADO,5598,183.08333330595738
ARRIESGADO,5599,152.427737565574
ARRIESGADO,5600,129.29358445290615
ARRIESGADO,5601,131.2008964574908
ARRIESGADO,5602,147.30665616899876
ARRIESGADO,5603,125.3774583170777
ARRIESGADO,5604,146.18826789578063
ARRIESGADO,5605,168.90039772429898
ARRIESGADO,5606,145.48194825710948
ARRIESGADO,5607,88.67298175509916
ARRIESGADO,5608,136.7872546598307
ARRIESGADO,5609,106.96114290720617
ARRIESGADO,5610,166.89627926341328
ARRIESGADO,5611,170.56689797857447
ARRIESGADO,5612,140.2020686644957
ARRIESGADO,5613,101.47602625584794
ARRIESGADO,5614,148.72631009024994
ARRIESGADO,5615,180.1482279882328
ARRIESGADO,5616,142.12681031112191
ARRIESGADO,5617,168.27111763630862
ARRIESGADO,5618,153.6899019753171
ARRIESGADO,5619,153.31941567117244
ARRIESGADO,5620,97.82338069798622
ARRIESGADO,5621,148.96222663877288
ARRIESGADO,5622,133.37905504259012
ARRIESGADO,5623,129.0994427366742
ARRIESGADO,5624,162.64618499956413
ARRIESGADO,5625,147.39401326423936
ARRIESGADO,5626,140.68791103079118
ARRIESGADO,5627,108.00072757562651
ARRIESGADO,5628,132.05096510084113
ARRIESGADO,5629,155.765442798387
ARRIESGADO,5630,159.46280372397803
ARRIESGADO,5631,125.30963825181055
ARRIESGADO,5632,137.69826955865943
ARRIESGADO,5633,164.09053010603984
ARRIESGADO,5634,141.66053061867024
ARRIESGADO,5635,106.49086281627008
ARRIESGADO,5636,134.4149478927346
ARRIESGADO,5637,135.51515595801447
ARRIESGADO,5638,143.65703870873466
ARRIESGADO,5639,151.38857984434432
ARRIESGADO,5640,167.7473529135354
ARRIESGADO,5641,152.1261047342379
ARRIESGADO,5642,153.83381620294608
ARRIESGADO,5643,124.18343603301057
ARRIESGADO,5644,117.7616855883918
ARRIESGADO,5645,149.92561009959454
ARRIESGADO,5646,143.71830869640058
ARRIESGADO,5647,98.67915639638161
ARRIESGADO,5648,157.75452179317946
ARRIESGADO,5649,138.06813736488903
ARRIESGADO,5650,158.30062265017878
ARRIESGADO,5651,152.26921717967264
ARRIESGADO,5652,115.08891015294265
ARRIESGADO,5653,119.35968830467066
ARRIESGADO,5654,189.90102490100062
ARRIESGADO,5655,96.65443364979281
ARRIESGADO,5656,163.41179826935294
ARRIESGADO,5657,135.98962377935885
ARRIESGADO,5658,150.92246944916732
ARRIESGADO,5659,144.40702156727394
ARRIESGADO,5660,127.01409009082784
ARRIESGADO,5661,134.80740476483274
ARRIESGADO,5662,123.88692151487862
ARRIESGADO,5663,130.01377775139076
ARRIESGADO,5664,144.94959153896892
ARRIESGADO,5665,104.57366971821146
ARRIESGADO,5666,146.49135781368582
ARRIESGADO,5667,194.5333024765975
ARRIESGADO,5668,123.0817092211024
ARRIESGADO,5669,141.66744540436991
ARRIESGADO,5670,158.95165202513908
ARRIESGADO,5671,159.74489728841053
ARRIESGADO,5672,173.9168988078362
ARRIESGADO,5673,137.58956646740018
ARRIESGADO,5674,134.81747179702276
ARRIESGADO,5675,182.94682140381747
ARRIESGADO,5676,191.42509354346518
ARRIESGADO,5677,150.41643568763945
ARRIESGADO,5678,123.9001207046312
ARRIESGADO,5679,137.97153252042634
ARRIESGADO,5680,160.03747468596768
ARRIESGADO,5681,108.92491653155835
ARRIESGADO,5682,143.28675960590363
ARRIESGADO,5683,139.58616026956534
ARRIESGADO,5684,170.77818759868288
ARRIESGADO,5685,169.2126007319802
ARRIESGADO,5686,119.08964706286606
ARRIESGADO,5687,169.78017290197695
ARRIESGADO,5688,126.28603968066275
ARRIESGADO,5689,135.8463269840737
ARRIESGADO,5690,140.8826354143166
ARRIESGADO,5691,131.83458955085604
ARRIESGADO,5692,148.64244858571493
ARRIESGADO,5693,168.95847799426366
ARRIESGADO,5694,113.33122446256824
ARRIESGADO,5695,104.06922640698703
ARRIESGADO,5696,128.20969655523265
ARRIESGADO,5697,81.1001658092753
ARRIESGADO,5698,133.56207235644513
ARRIESGADO,5699,139.0966161107383
ARRIESGADO,5700,136.94223165271148
ARRIESGADO,5701,145.6277110146202
ARRIESGADO,5702,124.01650618744019
ARRIESGADO,5703,142.7612061087776
ARRIESGADO,5704,115.22108136184553
ARRIESGADO,5705,145.1181426102219
ARRIESGADO,5706,160.70873745684213
ARRIESGADO,5707,129.941561941547
ARRIESGADO,5708,82.26262538466572
ARRIESGADO,5709,156.9675055237992
ARRIESGADO,5710,137.40411035087666
ARRIESGADO,5711,157.41021338648363
ARRIESGADO,5712,138.66111651569884
ARRIESGADO,5713,140.70543631916132
ARRIESGADO,5714,155.44023358075427
ARRIESGADO,5715,167.2347493703781
ARRIESGADO,5716,133.72170509737356
ARRIESGADO,5717,201.06089343449491
ARRIESGADO,5718,129.30147237487873
ARRIESGADO,5719,143.79326728481342
ARRIESGADO,5720,124.74409619966036
ARRIESGADO,5721,143.8210125037577
ARRIESGADO,5722,170.52525134827607
ARRIESGADO,5723,114.17746864150129
ARRIESGADO,5724,153.54003307287974
ARRIESGADO,5725,129.7031165947582
ARRIESGADO,5726,149.94354962280525
ARRIESGADO,5727,196.78684594477323
ARRIESGADO,5728,155.3628964389551
ARRIESGADO,5729,110.38980870688589
ARRIESGADO,5730,112.39466787245625
ARRIESGADO,5731,140.59571923810992
ARRIESGADO,5732,97.1616477302212
ARRIESGADO,5733,109.44598555377712
ARRIESGADO,5734,144.96094587547162
ARRIESGADO,5735,177.50208540837482
ARRIESGADO,5736,165.37557878868392
ARRIESGADO,5737,123.55535425488111
ARRIESGADO,5738,168.22662573474076
ARRIESGADO,5739,139.99448830541263
ARRIESGADO,5740,112.00839808700064
ARRIESGADO,5741,137.9576680902003
ARRIESGADO,5742,127.66478890234315
ARRIESGADO,5743,117.93555369111357
ARRIESGADO,5744,143.25940707621214
ARRIESGADO,5745,142.4678918963619
ARRIESGADO,5746,161.0625432839868
ARRIESGADO,5747,149.74331907538698
ARRIESGADO,5748,123.71866754047943
ARRIESGADO,5749,109.00111839460833
ARRIESGADO,5750,132.9224662526754
ARRIESGADO,5751,134.8748109276286
ARRIESGADO,5752,122.52582804278933
ARRIESGADO,5753,111.94654873068279
ARRIESGADO,5754,163.6127100015892
ARRIESGADO,5755,137.46941861945822
ARRIESGADO,5756,148.16812157848995
ARRIESGADO,5757,187.5007999239287
ARRIESGADO,5758,119.69252794752697
ARRIESGADO,5759,142.94155776390156
ARRIESGADO,5760,171.05723060878074
ARRIESGADO,5761,141.4797074321664
ARRIESGADO,5762,148.13291495217473
ARRIESGADO,5763,181.54303329174954
ARRIESGADO,5764,149.09771406244957
ARRIESGADO,5765,130.6611913400446
ARRIESGADO,5766,117.46157519973231
ARRIESGADO,5767,150.52030003740404
ARRIESGADO,5768,144.129186165726
ARRIESGADO,5769,160.39576615394677
ARRIESGADO,5770,145.4177876310171
ARRIESGADO,5771,181.00238879118862
ARRIESGADO,5772,110.58023723755001
ARRIESGADO,5773,139.3641448491505
ARRIESGADO,5774,110.82793177302557
ARRIESGADO,5775,158.4881613833528
ARRIESGADO,5776,122.71312424677694
ARRIESGADO,5777,130.21125529425325
ARRIESGADO,5778,136.4690297228707
ARRIESGADO,5779,142.06186431209602
ARRIESGADO,5780,146.14336761093517
ARRIESGADO,5781,129.01288420689173
ARRIESGADO,5782,117.12083052444123
ARRIESGADO,5783,172.24073660689382
ARRIESGADO,5784,122.0347411478506
ARRIESGADO,5785,139.73445534222145
ARRIESGADO,5786,175.58480783019635
ARRIESGADO,5787,173.79039011855338
ARRIESGADO,5788,185.0033269421073
ARRIESGADO,5789,90.02559238581236
ARRIESGADO,5790,169.9304232837532
ARRIESGADO,5791,181.35864325627938
ARRIESGADO,5792,151.52713399080386
ARRIESGADO,5793,188.24399808369694
ARRIESGADO,5794,134.8574347509907
ARRIESGADO,5795,149.81893504969514
ARRIESGADO,5796,146.26593756041865
ARRIESGADO,5797,174.53383024257585
ARRIESGADO,5798,157.00023332265516
ARRIESGADO,5799,146.0011963384416
ARRIESGADO,5800,140.63815368809568
ARRIESGADO,5801,138.73873709937578
ARRIESGADO,5802,119.35899443007744
ARRIESGADO,5803,148.34917906476247
ARRIESGADO,5804,140.35814946081348
ARRIESGADO,5805,164.2533981911369
ARRIESGADO,5806,160.81219562256595
ARRIESGADO,5807,141.76776272629635
ARRIESGADO,5808,136.82117416636873
ARRIESGADO,5809,183.08823518567365
ARRIESGADO,5810,139.52813568604006
ARRIESGADO,5811,148.79810877553646
ARRIESGADO,5812,115.0299499492003
ARRIESGADO,5813,155.00174236466344
ARRIESGADO,5814,153.9097334566402
ARRIESGADO,5815,130.77964011676562
ARRIESGADO,5816,170.34654690981603
ARRIESGADO,5817,169.99580246723963
ARRIESGADO,5818,175.87717948233836
ARRIESGADO,5819,188.17490333495755
ARRIESGADO,5820,154.12451490092286
ARRIESGADO,5821,131.40815709652668
ARRIESGADO,5822,155.12328622862762
ARRIESGADO,5823,132.03479641335997
ARRIESGADO,5824,173.64477053904335
ARRIESGADO,5825,156.5324516553295
ARRIESGADO,5826,130.45047372219778
ARRIESGADO,5827,141.36543637233703
ARRIESGADO,5828,183.15270709666603
ARRIESGADO,5829,135.75680850640583
ARRIESGADO,5830,148.18576437457034
ARRIESGADO,5831,120.42382675242453
ARRIESGADO,5832,167.39523678972097
ARRIESGADO,5833,130.762548020706
ARRIESGADO,5834,151.35529766866003
ARRIESGADO,5835,125.13377066493375
ARRIESGADO,5836,136.081752177815
ARRIESGADO,5837,141.91986982871776
ARRIESGADO,5838,146.72204246328306
ARRIESGADO,5839,154.8768829553651
ARRIESGADO,5840,130.40379069819647
ARRIESGADO,5841,141.499324172074
ARRIESGADO,5842,146.89614932385462
ARRIESGADO,5843,139.35431409066916
ARRIESGADO,5844,112.69621389235573
ARRIESGADO,5845,186.50724771032895
ARRIESGADO,5846,179.22360325216994
ARRIESGADO,5847,175.17554205436858
ARRIESGADO,5848,145.9170469541355
ARRIESGADO,5849,164.26394189775746
ARRIESGADO,5850,111.67402695592762
ARRIESGADO,5851,105.74414703949753
ARRIESGADO,5852,130.32657909810544
ARRIESGADO,5853,138.2929350210324
ARRIESGADO,5854,136.14331037254271
ARRIESGADO,5855,129.6402790326614
ARRIESGADO,5856,117.6652918691004
ARRIESGADO,5857,128.89773513365685
ARRIESGADO,5858,104.57858842464455
ARRIESGADO,5859,145.22750412917554
ARRIESGADO,5860,136.58667095581208
ARRIESGADO,5861,131.98262941706218
ARRIESGADO,5862,141.1480234341558
ARRIESGADO,5863,172.15995518341543
ARRIESGADO,5864,112.45595001126483
ARRIESGADO,5865,191.00587147754823
ARRIESGADO,5866,138.15262346529727
ARRIESGADO,5867,166.00452781335204
ARRIESGADO,5868,148.231508109791
ARRIESGADO,5869,109.98549643958519
ARRIESGADO,5870,147.10000100279458
ARRIESGADO,5871,147.92546003677657
ARRIESGADO,5872,201.41906659608384
ARRIESGADO,5873,163.1414578250058
ARRIESGADO,5874,125.6090869648315
ARRIESGADO,5875,143.19468548381093
ARRIESGADO,5876,141.9118303292919
ARRIESGADO,5877,171.3356569709481
ARRIESGADO,5878,174.12847870486104
ARRIESGADO,5879,142.78239989580817
ARRIESGADO,5880,100.86132675947911
ARRIESGADO,5881,125.4582291999648
ARRIESGADO,5882,141.73842307258664
ARRIESGADO,5883,157.96635626768455
ARRIESGADO,5884,120.27046713092146
ARRIESGADO,5885,101.66203357355587
ARRIESGADO,5886,115.04631639185229
ARRIESGADO,5887,143.51333609304282
ARRIESGADO,5888,121.84404673799804
ARRIESGADO,5889,99.56738120320603
ARRIESGADO,5890,173.95750905601486
ARRIESGADO,5891,120.49182340959328
ARRIESGADO,5892,132.38849675477752
ARRIESGADO,5893,140.21773158277534
ARRIESGADO,5894,134.70285545047415
ARRIESGADO,5895,127.68593038619267
ARRIESGADO,5896,122.01862091835991
ARRIESGADO,5897,121.49122937226801
ARRIESGADO,5898,139.19541370470014
ARRIESGADO,5899,141.24098203764692
ARRIESGADO,5900,160.15172347811074
ARRIESGADO,5901,143.11963046844704
ARRIESGADO,5902,142.08292241191992
ARRIESGADO,5903,146.9824895859059
ARRIESGADO,5904,170.85935155027246
ARRIESGADO,5905,161.12172094038885
ARRIESGADO,5906,117.6322712295107
ARRIESGADO,5907,161.73157492569138
ARRIESGADO,5908,125.88172334470357
ARRIESGADO,5909,101.27889551738706
ARRIESGADO,5910,105.41578845737958
ARRIESGADO,5911,107.61709535441669
ARRIESGADO,5912,144.46461460101415
ARRIESGADO,5913,131.64476307129942
ARRIESGADO,5914,158.88560079313368
ARRIESGADO,5915,124.68270586909594
ARRIESGADO,5916,161.4919699505561
ARRIESGADO,5917,151.92406629077428
ARRIESGADO,5918,97.12123254011283
ARRIESGADO,5919,140.13029811719608
ARRIESGADO,5920,149.97817065764445
ARRIESGADO,5921,147.67039406341004
ARRIESGADO,5922,110.62692240232829
ARRIESGADO,5923,157.59286364723144
ARRIESGADO,5924,174.88893888464276
ARRIESGADO,5925,170.81708174421857
ARRIESGADO,5926,116.87467382804704
ARRIESGADO,5927,133.03072156172038
ARRIESGADO,5928,161.889367343052
ARRIESGADO,5929,144.07273230812334
ARRIESGADO,5930,132.48620990149158
ARRIESGADO,5931,153.58235982653605
ARRIESGADO,5932,108.54089332450584
ARRIESGADO,5933,186.29438266931624
ARRIESGADO,5934,116.91597684058672
ARRIESGADO,5935,136.2861002717819
ARRIESGADO,5936,96.78522451145245
ARRIESGADO,5937,139.8986972984592
ARRIESGADO,5938,171.93270474743724
ARRIESGADO,5939,174.43254216617908
ARRIESGADO,5940,101.25551436858441
ARRIESGADO,5941,111.55754851496964
ARRIESGADO,5942,130.14321859809658
ARRIESGADO,5943,153.54049325997897
ARRIESGADO,5944,157.782529921964
ARRIESGADO,5945,142.8566374660783
ARRIESGADO,5946,183.44175781440833
ARRIESGADO,5947,166.89621424311952
ARRIESGADO,5948,172.15371794809346
ARRIESGADO,5949,140.21434153650958
ARRIESGADO,5950,153.92906909636022
ARRIESGADO,5951,158.5280592128456
ARRIESGADO,5952,156.05356545437635
ARRIESGADO,5953,147.3211015027883
ARRIESGADO,5954,186.72406867479881
ARRIESGADO,5955,133.90435132459731
ARRIESGADO,5956,104.82479138423813
ARRIESGADO,5957,146.35502678109825
ARRIESGADO,5958,142.88746289844568
ARRIESGADO,5959,148.08681035226562
ARRIESGADO,5960,162.7446142013789
ARRIESGADO,5961,164.48292902605124
ARRIESGADO,5962,135.35700641288872
ARRIESGADO,5963,191.08926994131815
ARRIESGADO,5964,168.91968630683087
ARRIESGADO,5965,158.5348551540676
ARRIESGADO,5966,143.7256575837742
ARRIESGADO,5967,146.66960255698834
ARRIESGADO,5968,137.162948609362
ARRIESGADO,5969,138.4154927379697
ARRIESGADO,5970,165.91724016281697
ARRIESGADO,5971,111.10798358121274
ARRIESGADO,5972,123.56387942203654
ARRIESGADO,5973,140.51877581951015
ARRIESGADO,5974,131.8079867756059
ARRIESGADO,5975,186.12697684759425
ARRIESGADO,5976,178.16244823987134
ARRIESGADO,5977,161.06304633947218
ARRIESGADO,5978,101.4384418537024
ARRIESGADO,5979,163.91125035483077
ARRIESGADO,5980,121.35452762815777
ARRIESGADO,5981,139.02686960375388
ARRIESGADO,5982,116.63754645375838
ARRIESGADO,5983,171.7188598103891
ARRIESGADO,5984,128.1223091108613
ARRIESGADO,5985,138.3343880349935
ARRIESGADO,5986,158.06073079847616
ARRIESGADO,5987,132.49775329763906
ARRIESGADO,5988,144.76007390600523
ARRIESGADO,5989,158.22293881975259
ARRIESGADO,5990,87.1731959430365
ARRIESGADO,5991,163.01350789101494
ARRIESGADO,5992,123.43659575172939
ARRIESGADO,5993,168.0211301164546
ARRIESGADO,5994,134.13379841467764
ARRIESGADO,5995,112.78615044253709
ARRIESGADO,5996,193.2196392965633
ARRIESGADO,5997,142.05940621495387
ARRIESGADO,5998,167.39458143460016
ARRIESGADO,5999,132.63328595556663
ARRIESGADO,6000,186.3315678416864
ARRIESGADO,6001,186.98604490460644
ARRIESGADO,6002,136.8074301102205
ARRIESGADO,6003,188.68819172372866
ARRIESGADO,6004,155.86114381251286
ARRIESGADO,6005,116.23582095413255
ARRIESGADO,6006,146.04661416575843
ARRIESGADO,6007,185.64951013198166
ARRIESGADO,6008,145.6346057197565
ARRIESGADO,6009,182.19140333277892
ARRIESGADO,6010,145.1464446850592
ARRIESGADO,6011,129.0475897441979
ARRIESGADO,6012,120.37043046564452
ARRIESGADO,6013,181.03745293351406
ARRIESGADO,6014,132.15428445603763
ARRIESGADO,6015,153.94252407366403
ARRIESGADO,6016,172.84648502097372
ARRIESGADO,6017,107.14849652268241
ARRIESGADO,6018,131.40310190356033
ARRIESGADO,6019,176.88117993739667
ARRIESGADO,6020,107.54520479012322
ARRIESGADO,6021,122.02166066692894
ARRIESGADO,6022,148.31229362390428
ARRIESGADO,6023,134.97254289175896
ARRIESGADO,6024,110.60969652672784
ARRIESGADO,6025,142.3709687573085
ARRIESGADO,6026,117.73799171634886
ARRIESGADO,6027,161.77377337831348
ARRIESGADO,6028,135.13430787364305
ARRIESGADO,6029,201.54270755418588
ARRIESGADO,6030,142.1037189059975
ARRIESGADO,6031,144.07026268830185
ARRIESGADO,6032,123.73892791026793
ARRIESGADO,6033,135.79593522286044
ARRIESGADO,6034,124.54117432072258
ARRIESGADO,6035,131.04905898471705
ARRIESGADO,6036,106.8848036027358
ARRIESGADO,6037,157.5644110282895
ARRIESGADO,6038,141.44091206949093
ARRIESGADO,6039,124.81782836503876
ARRIESGADO,6040,169.63352693165817
ARRIESGADO,6041,151.14746815574273
ARRIESGADO,6042,130.9210640809216
ARRIESGADO,6043,152.26714047674122
ARRIESGADO,6044,127.47980998096568
ARRIESGADO,6045,138.8982645601612
ARRIESGADO,6046,169.53616082071346
ARRIESGADO,6047,176.6882067437979
ARRIESGADO,6048,115.00656912215231
ARRIESGADO,6049,117.59856113821394
ARRIESGADO,6050,145.5282489160535
ARRIESGADO,6051,138.52686958712752
ARRIESGADO,6052,154.7700625362541
ARRIESGADO,6053,156.41989064719738
ARRIESGADO,6054,127.64549482308826
ARRIESGADO,6055,187.88322426679935
ARRIESGADO,6056,147.11545875740768
ARRIESGADO,6057,175.83996997827833
ARRIESGADO,6058,152.61766086149885
ARRIESGADO,6059,130.48209869588146
ARRIESGADO,6060,175.91814890767
ARRIESGADO,6061,146.49539749728729
ARRIESGADO,6062,145.92411663706727
ARRIESGADO,6063,152.66717974060157
ARRIESGADO,6064,174.56562857956038
ARRIESGADO,6065,128.58490852260408
ARRIESGADO,6066,139.6883504395734
ARRIESGADO,6067,136.47145816334046
ARRIESGADO,6068,133.82789639322965
ARRIESGADO,6069,151.87039782388572
ARRIESGADO,6070,132.1432211697274
ARRIESGADO,6071,145.69244083923923
ARRIESGADO,6072,108.87548918755542
ARRIESGADO,6073,172.4651283656713
ARRIESGADO,6074,129.14019617309177
ARRIESGADO,6075,165.95785223548467
ARRIESGADO,6076,139.79508096575444
ARRIESGADO,6077,140.96184386693483
ARRIESGADO,6078,121.43630034178788
ARRIESGADO,6079,134.2203822105841
ARRIESGADO,6080,129.19471338782932
ARRIESGADO,6081,137.6470856541322
ARRIESGADO,6082,134.79036759368253
ARRIESGADO,6083,200.3634607891765
ARRIESGADO,6084,127.81077487998834
ARRIESGADO,6085,128.48405312157922
ARRIESGADO,6086,157.7702512473758
ARRIESGADO,6087,128.8761651875426
ARRIESGADO,6088,131.89927346105682
ARRIESGADO,6089,172.9262723927904
ARRIESGADO,6090,133.61309009809597
ARRIESGADO,6091,196.29054116831085
ARRIESGADO,6092,129.13936643030948
ARRIESGADO,6093,118.30389013713292
ARRIESGADO,6094,149.00925791148939
ARRIESGADO,6095,187.11813477294743
ARRIESGADO,6096,146.6813915517559
ARRIESGADO,6097,113.25125612811745
ARRIESGADO,6098,118.00623776497858
ARRIESGADO,6099,143.986628806715
ARRIESGADO,6100,143.58593474356712
ARRIESGADO,6101,162.6300769928831
ARRIESGADO,6102,120.690667155487
ARRIESGADO,6103,135.34549075411334
ARRIESGADO,6104,179.6426932473041
ARRIESGADO,6105,185.07704466115567
ARRIESGADO,6106,137.4513268537277
ARRIESGADO,6107,113.91267290886762
ARRIESGADO,6108,132.04456509548837
ARRIESGADO,6109,147.9436431354841
ARRIESGADO,6110,144.11290498773383
ARRIESGADO,6111,127.95130630685327
ARRIESGADO,6112,125.60395326393649
ARRIESGADO,6113,114.71056953261282
ARRIESGADO,6114,142.85306886680513
ARRIESGADO,6115,152.32048647469915
ARRIESGADO,6116,183.68204409742793
ARRIESGADO,6117,100.69015053008192
ARRIESGADO,6118,104.03394020223068
ARRIESGADO,6119,112.94239635459691
ARRIESGADO,6120,144.2993614448809
ARRIESGADO,6121,110.35431076401917
ARRIESGADO,6122,157.99282352584976
ARRIESGADO,6123,129.93161302837387
ARRIESGADO,6124,122.73767066464285
ARRIESGADO,6125,155.11579690169455
ARRIESGADO,6126,101.1987624005135
ARRIESGADO,6127,152.8036323210324
ARRIESGADO,6128,117.9172848002874
ARRIESGADO,6129,162.83709393213198
ARRIESGADO,6130,165.6426703444259
ARRIESGADO,6131,132.74238970690524
ARRIESGADO,6132,106.62291296482783
ARRIESGADO,6133,139.1703997369269
ARRIESGADO,6134,154.35932936230506
ARRIESGADO,6135,152.894927533161
ARRIESGADO,6136,167.00208077166693
ARRIESGADO,6137,162.52737283658251
ARRIESGADO,6138,189.47044329071286
ARRIESGADO,6139,168.4786169017689
ARRIESGADO,6140,181.2463111239573
ARRIESGADO,6141,94.39436690966183
ARRIESGADO,6142,167.85685000866835
ARRIESGADO,6143,132.19650655098928
ARRIESGADO,6144,154.7936134610074
ARRIESGADO,6145,131.6202741171023
ARRIESGADO,6146,164.86390778227627
ARRIESGADO,6147,126.23356122239002
ARRIESGADO,6148,146.86634170637112
ARRIESGADO,6149,152.5755898110369
ARRIESGADO,6150,159.1889587686222
ARRIESGADO,6151,127.83899430981575
ARRIESGADO,6152,172.11578082408494
ARRIESGADO,6153,111.83996080680947
ARRIESGADO,6154,117.50128218040248
ARRIESGADO,6155,141.33848623649
ARRIESGADO,6156,120.5395218533418
ARRIESGADO,6157,114.03594032250369
ARRIESGADO,6158,198.22291773443624
ARRIESGADO,6159,165.29988878794535
ARRIESGADO,6160,158.31922824541542
ARRIESGADO,6161,121.83299061459202
ARRIESGADO,6162,188.495011896418
ARRIESGADO,6163,161.37866164053673
ARRIESGADO,6164,144.9394940570824
ARRIESGADO,6165,204.65962998567562
ARRIESGADO,6166,179.8115850156982
ARRIESGADO,6167,136.85691067933365
ARRIESGADO,6168,133.7847429195703
ARRIESGADO,6169,144.089435640527
ARRIESGADO,6170,155.94228024691134
ARRIESGADO,6171,156.11418232217423
ARRIESGADO,6172,131.47150664918354
ARRIESGADO,6173,126.83164372771037
ARRIESGADO,6174,125.51782657021016
ARRIESGADO,6175,128.45152332367286
ARRIESGADO,6176,163.59160757734287
ARRIESGADO,6177,154.11896279576834
ARRIESGADO,6178,143.47236712289777
ARRIESGADO,6179,167.04322599541578
ARRIESGADO,6180,149.22201400265436
ARRIESGADO,6181,122.92012149869333
ARRIESGADO,6182,140.5867501023245
ARRIESGADO,6183,176.96809104076854
ARRIESGADO,6184,125.95064621826823
ARRIESGADO,6185,130.34141107041978
ARRIESGADO,6186,167.6198616673393
ARRIESGADO,6187,136.59147863548137
ARRIESGADO,6188,169.88420321881384
ARRIESGADO,6189,135.21827907213387
ARRIESGADO,6190,128.53157964221936
ARRIESGADO,6191,160.66106726344623
ARRIESGADO,6192,117.95025716651045
ARRIESGADO,6193,150.1649806377256
ARRIESGADO,6194,108.64505325715757
ARRIESGADO,6195,187.36141141351152
ARRIESGADO,6196,154.20822617638322
ARRIESGADO,6197,108.8703415775328
ARRIESGADO,6198,156.0287555124073
ARRIESGADO,6199,123.99876449715748
ARRIESGADO,6200,126.33156231641246
ARRIESGADO,6201,143.92772349808237
ARRIESGADO,6202,195.9040590847097
ARRIESGADO,6203,147.15385554864363
ARRIESGADO,6204,132.5672108590616
ARRIESGADO,6205,169.17021225541
ARRIESGADO,6206,167.8447038350406
ARRIESGADO,6207,155.39860196026484
ARRIESGADO,6208,143.70856141525678
ARRIESGADO,6209,138.60329634572068
ARRIESGADO,6210,148.34567198375632
ARRIESGADO,6211,133.40501690592856
ARRIESGADO,6212,123.22874601506143
ARRIESGADO,6213,85.07347869579942
ARRIESGADO,6214,130.8877153889184
ARRIESGADO,6215,148.0210012026799
ARRIESGADO,6216,125.58930240866255
ARRIESGADO,6217,169.49903350899325
ARRIESGADO,6218,166.43298161648408
ARRIESGADO,6219,181.7853314199117
ARRIESGADO,6220,136.9767500455582
ARRIESGADO,6221,131.3129567753393
ARRIESGADO,6222,144.92908418183828
ARRIESGADO,6223,152.19667176542984
ARRIESGADO,6224,131.79659087646547
ARRIESGADO,6225,137.84142064197934
ARRIESGADO,6226,112.99676787718273
ARRIESGADO,6227,127.63921277399373
ARRIESGADO,6228,162.70577841260095
ARRIESGADO,6229,159.83804942782203
ARRIESGADO,6230,156.5495304390164
ARRIESGADO,6231,158.79332259535013
ARRIESGADO,6232,149.45173387962848
ARRIESGADO,6233,212.8175838477129
ARRIESGADO,6234,176.0346806837523
ARRIESGADO,6235,128.2314418180003
ARRIESGADO,6236,152.61179768765257
ARRIESGADO,6237,120.45717459024274
ARRIESGADO,6238,175.48807601574723
ARRIESGADO,6239,114.28331287152416
ARRIESGADO,6240,142.31108396065534
ARRIESGADO,6241,113.9213336524448
ARRIESGADO,6242,119.8707078726979
ARRIESGADO,6243,148.07198022846546
ARRIESGADO,6244,144.06039501599102
ARRIESGADO,6245,180.98265777088378
ARRIESGADO,6246,152.46131336918955
ARRIESGADO,6247,156.64522055280153
ARRIESGADO,6248,138.93061174881385
ARRIESGADO,6249,132.26406035240484
ARRIESGADO,6250,119.3704639553441
ARRIESGADO,6251,153.37876642479657
ARRIESGADO,6252,153.59643908000277
ARRIESGADO,6253,134.9058128690435
ARRIESGADO,6254,175.76912300136183
ARRIESGADO,6255,176.0228930639433
ARRIESGADO,6256,130.12343556038445
ARRIESGADO,6257,86.64058611946359
ARRIESGADO,6258,135.55094680989623
ARRIESGADO,6259,150.8878827023841
ARRIESGADO,6260,126.30541701304496
ARRIESGADO,6261,137.79259222035432
ARRIESGADO,6262,125.36412034104812
ARRIESGADO,6263,139.4262353884512
ARRIESGADO,6264,187.84868724284368
ARRIESGADO,6265,169.1828243065483
ARRIESGADO,6266,164.75113231093425
ARRIESGADO,6267,187.83425874087402
ARRIESGADO,6268,135.49499653954095
ARRIESGADO,6269,140.94921645075982
ARRIESGADO,6270,102.13997484020997
ARRIESGADO,6271,179.99683238634907
ARRIESGADO,6272,162.97167918236292
ARRIESGADO,6273,135.3887264309612
ARRIESGADO,6274,131.97659401375995
ARRIESGADO,6275,125.88206786357598
ARRIESGADO,6276,129.02278296446744
ARRIESGADO,6277,138.15985288403456
ARRIESGADO,6278,114.79867402668282
ARRIESGADO,6279,145.1918721113604
ARRIESGADO,6280,128.99068409434852
ARRIESGADO,6281,145.37442423488352
ARRIESGADO,6282,140.54785050464557
ARRIESGADO,6283,170.87125831787205
ARRIESGADO,6284,129.97796938443867
ARRIESGADO,6285,127.49451569368392
ARRIESGADO,6286,128.75252131223112
ARRIESGADO,6287,125.49992062014212
ARRIESGADO,6288,125.42977795646766
ARRIESGADO,6289,129.63621872749977
ARRIESGADO,6290,138.1621583994112
ARRIESGADO,6291,126.1692124374089
ARRIESGADO,6292,181.84778549188962
ARRIESGADO,6293,152.30646137804465
ARRIESGADO,6294,154.70190775116606
ARRIESGADO,6295,145.1722074687974
ARRIESGADO,6296,122.96927032136855
ARRIESGADO,6297,171.79453079423538
ARRIESGADO,6298,120.09377869391106
ARRIESGADO,6299,150.0308302834245
ARRIESGADO,6300,121.41362672402813
ARRIESGADO,6301,143.11765869656298
ARRIESGADO,6302,129.1791505246788
ARRIESGADO,6303,172.46576560599925
ARRIESGADO,6304,145.75240346901438
ARRIESGADO,6305,150.90262207371669
ARRIESGADO,6306,159.35375495504465
ARRIESGADO,6307,125.52942606615345
ARRIESGADO,6308,177.71129653322313
ARRIESGADO,6309,133.68890398475085
ARRIESGADO,6310,111.3774112046599
ARRIESGADO,6311,135.38140711307113
ARRIESGADO,6312,148.70325786637602
ARRIESGADO,6313,129.8072162241223
ARRIESGADO,6314,125.56185412219168
ARRIESGADO,6315,132.59267335923627
ARRIESGADO,6316,127.2337307447601
ARRIESGADO,6317,138.06717619933298
ARRIESGADO,6318,174.52198532611536
ARRIESGADO,6319,112.03714862007999
ARRIESGADO,6320,152.83524056705917
ARRIESGADO,6321,145.62646926600056
ARRIESGADO,6322,139.55436844933814
ARRIESGADO,6323,167.96013609042603
ARRIESGADO,6324,105.92380298861761
ARRIESGADO,6325,169.9560506655893
ARRIESGADO,6326,140.36919359426835
ARRIESGADO,6327,125.72169055407255
ARRIESGADO,6328,112.65814576547498
ARRIESGADO,6329,102.06100917266896
ARRIESGADO,6330,102.26096780346364
ARRIESGADO,6331,130.81038774740097
ARRIESGADO,6332,149.64129365286257
ARRIESGADO,6333,76.09761022899356
ARRIESGADO,6334,111.86944930039328
ARRIESGADO,6335,155.63293744289868
ARRIESGADO,6336,174.76147437159804
ARRIESGADO,6337,166.24742969674048
ARRIESGADO,6338,98.69843875598973
ARRIESGADO,6339,124.99618287538202
ARRIESGADO,6340,203.72656560609138
ARRIESGADO,6341,156.0205361636372
ARRIESGADO,6342,150.83225341046398
ARRIESGADO,6343,112.64351906334004
ARRIESGADO,6344,122.94201616921154
ARRIESGADO,6345,144.89075666206824
ARRIESGADO,6346,179.03768261945234
ARRIESGADO,6347,157.42096351364643
ARRIESGADO,6348,129.49392934058602
ARRIESGADO,6349,131.84467202829813
ARRIESGADO,6350,93.46839186494364
ARRIESGADO,6351,155.71999027979018
ARRIESGADO,6352,146.40199073417315
ARRIESGADO,6353,144.7536469268394
ARRIESGADO,6354,173.7107487745987
ARRIESGADO,6355,117.44745866913317
ARRIESGADO,6356,113.31068314420635
ARRIESGADO,6357,133.95777996969923
ARRIESGADO,6358,111.75071614077204
ARRIESGADO,6359,143.04719391148376
ARRIESGADO,6360,181.55060176812756
ARRIESGADO,6361,186.22429036328325
ARRIESGADO,6362,119.22147630766334
ARRIESGADO,6363,165.21347006666866
ARRIESGADO,6364,96.5963734329283
ARRIESGADO,6365,152.63591843018222
ARRIESGADO,6366,171.29672029736759
ARRIESGADO,6367,138.5442978034397
ARRIESGADO,6368,117.6212172979544
ARRIESGADO,6369,170.47725653375917
ARRIESGADO,6370,140.12448106042828
ARRIESGADO,6371,174.49685042462897
ARRIESGADO,6372,132.352768501633
ARRIESGADO,6373,142.86354983550834
ARRIESGADO,6374,166.26877575833421
ARRIESGADO,6375,169.41673801554458
ARRIESGADO,6376,126.57963130206
ARRIESGADO,6377,155.40405741726033
ARRIESGADO,6378,146.23620589789041
ARRIESGADO,6379,124.18504228139386
ARRIESGADO,6380,147.33853435171042
ARRIESGADO,6381,140.8768445419555
ARRIESGADO,6382,113.67432563694302
ARRIESGADO,6383,160.34255621253146
ARRIESGADO,6384,115.69896991312963
ARRIESGADO,6385,112.18407809031096
ARRIESGADO,6386,173.2254147094909
ARRIESGADO,6387,161.96123045481735
ARRIESGADO,6388,151.81315463265642
ARRIESGADO,6389,177.5186042543048
ARRIESGADO,6390,131.240420468268
ARRIESGADO,6391,181.88982768993242
ARRIESGADO,6392,115.54504064172102
ARRIESGADO,6393,145.71973944888236
ARRIESGADO,6394,149.23880295919437
ARRIESGADO,6395,116.01343237424867
ARRIESGADO,6396,161.62102787255367
ARRIESGADO,6397,151.99380885818178
ARRIESGADO,6398,170.4505004782552
ARRIESGADO,6399,126.8605496287392
ARRIESGADO,6400,168.4789227456082
ARRIESGADO,6401,141.2581956324662
ARRIESGADO,6402,128.47659076481293
ARRIESGADO,6403,163.6585707792395
ARRIESGADO,6404,133.369754349028
ARRIESGADO,6405,185.02739961785568
ARRIESGADO,6406,163.2630015961488
ARRIESGADO,6407,192.8660722664667
ARRIESGADO,6408,146.18628904620903
ARRIESGADO,6409,137.30142654958536
ARRIESGADO,6410,124.21013150388826
ARRIESGADO,6411,126.40769783320798
ARRIESGADO,6412,169.8739095155281
ARRIESGADO,6413,124.15987801432034
ARRIESGADO,6414,147.90873998474933
ARRIESGADO,6415,160.44030392072733
ARRIESGADO,6416,152.95548696633676
ARRIESGADO,6417,143.72473443573801
ARRIESGADO,6418,108.18922877242125
ARRIESGADO,6419,160.2345605617232
ARRIESGADO,6420,115.4852944936346
ARRIESGADO,6421,170.84577821031291
ARRIESGADO,6422,148.80471887313433
ARRIESGADO,6423,128.54722139664585
ARRIESGADO,6424,141.3832591456977
ARRIESGADO,6425,145.10430024330924
ARRIESGADO,6426,149.85878259747605
ARRIESGADO,6427,139.78203943643067
ARRIESGADO,6428,116.75386116190626
ARRIESGADO,6429,140.2920771657221
ARRIESGADO,6430,153.22158092485017
ARRIESGADO,6431,148.96969634881256
ARRIESGADO,6432,147.37293428949803
ARRIESGADO,6433,85.80837465476722
ARRIESGADO,6434,175.91238997668728
ARRIESGADO,6435,139.11485481596463
ARRIESGADO,6436,143.65361438660906
ARRIESGADO,6437,179.526297471591
ARRIESGADO,6438,147.35923777409022
ARRIESGADO,6439,158.00326654938027
ARRIESGADO,6440,195.652397952788
ARRIESGADO,6441,146.62863347175295
ARRIESGADO,6442,109.48665089397375
ARRIESGADO,6443,114.8843102514515
ARRIESGADO,6444,153.39422262890912
ARRIESGADO,6445,138.5243834401715
ARRIESGADO,6446,167.41993120599156
ARRIESGADO,6447,166.30155462952425
ARRIESGADO,6448,150.77256044743123
ARRIESGADO,6449,163.906166237457
ARRIESGADO,6450,165.98733712151858
ARRIESGADO,6451,114.97335917735107
ARRIESGADO,6452,132.14430090592998
ARRIESGADO,6453,134.33016537391177
ARRIESGADO,6454,163.9976623745634
ARRIESGADO,6455,152.99964263844575
ARRIESGADO,6456,132.88900449637842
ARRIESGADO,6457,154.42560069994636
ARRIESGADO,6458,155.19031957009668
ARRIESGADO,6459,182.1318193653825
ARRIESGADO,6460,136.02429546604915
ARRIESGADO,6461,180.1444176462782
ARRIESGADO,6462,192.09357973815372
ARRIESGADO,6463,159.65022516571528
ARRIESGADO,6464,129.72866474286002
ARRIESGADO,6465,182.47321113420182
ARRIESGADO,6466,137.97165453517675
ARRIESGADO,6467,145.6479015972782
ARRIESGADO,6468,116.03174069981569
ARRIESGADO,6469,125.27705460007566
ARRIESGADO,6470,144.79747778661306
ARRIESGADO,6471,134.1158111237129
ARRIESGADO,6472,128.98378049368893
ARRIESGADO,6473,154.25192942124957
ARRIESGADO,6474,136.19756689367043
ARRIESGADO,6475,158.63630806116214
ARRIESGADO,6476,127.27858166753384
ARRIESGADO,6477,144.7975681819765
ARRIESGADO,6478,122.94103173108704
ARRIESGADO,6479,112.0947923176227
ARRIESGADO,6480,123.73129646079241
ARRIESGADO,6481,133.45883790733095
ARRIESGADO,6482,115.51657475729822
ARRIESGADO,6483,168.4820406098613
ARRIESGADO,6484,195.1752806825649
ARRIESGADO,6485,171.97556869482924
ARRIESGADO,6486,152.32862708053426
ARRIESGADO,6487,130.34750398859128
ARRIESGADO,6488,142.09393100823843
ARRIESGADO,6489,157.87564078972244
ARRIESGADO,6490,155.757726680518
ARRIESGADO,6491,158.7575850776516
ARRIESGADO,6492,158.28294488003002
ARRIESGADO,6493,158.17412639845006
ARRIESGADO,6494,157.6643163618375
ARRIESGADO,6495,171.21555226671583
ARRIESGADO,6496,110.45426815736188
ARRIESGADO,6497,137.62882268663634
ARRIESGADO,6498,146.2082212290699
ARRIESGADO,6499,130.1047464061612
ARRIESGADO,6500,167.78953460501373
ARRIESGADO,6501,166.4090912578882
ARRIESGADO,6502,127.83756245185555
ARRIESGADO,6503,117.64444480241556
ARRIESGADO,6504,135.53876552069778
ARRIESGADO,6505,171.61907675771866
ARRIESGADO,6506,81.30784838396997
ARRIESGADO,6507,151.02107239656948
ARRIESGADO,6508,154.37553156484648
ARRIESGADO,6509,115.4898186087939
ARRIESGADO,6510,184.105083546855
ARRIESGADO,6511,147.69201164893687
ARRIESGADO,6512,143.8702292408501
ARRIESGADO,6513,141.87876383077997
ARRIESGADO,6514,115.85151686699581
ARRIESGADO,6515,140.2295756823535
ARRIESGADO,6516,106.15380618858408
ARRIESGADO,6517,160.95433822625654
ARRIESGADO,6518,165.32873016675788
ARRIESGADO,6519,122.14831680994658
ARRIESGADO,6520,171.73034911249064
ARRIESGADO,6521,165.11793399478293
ARRIESGADO,6522,169.2446956250056
ARRIESGADO,6523,138.7171439142778
ARRIESGADO,6524,155.5256680410745
ARRIESGADO,6525,128.24949301877513
ARRIESGADO,6526,112.8660457663151
ARRIESGADO,6527,124.92325583716294
ARRIESGADO,6528,152.37796293159337
ARRIESGADO,6529,156.59927035043543
ARRIESGADO,6530,154.4241824144349
ARRIESGADO,6531,159.31311309521283
ARRIESGADO,6532,152.26335433061038
ARRIESGADO,6533,138.27506170451306
ARRIESGADO,6534,135.48624417369356
ARRIESGADO,6535,141.22656076720693
ARRIESGADO,6536,169.05388493092235
ARRIESGADO,6537,118.43114119405743
ARRIESGADO,6538,128.19259503028445
ARRIESGADO,6539,131.42101519686855
ARRIESGADO,6540,143.46168650380315
ARRIESGADO,6541,107.00784190562766
ARRIESGADO,6542,119.32494710833716
ARRIESGADO,6543,125.40184253353424
ARRIESGADO,6544,103.08546772710073
ARRIESGADO,6545,177.67764547878141
ARRIESGADO,6546,138.19913540248055
ARRIESGADO,6547,102.869129728386
ARRIESGADO,6548,120.29910586503985
ARRIESGADO,6549,134.9219842536446
ARRIESGADO,6550,127.79265904520572
ARRIESGADO,6551,153.24543841579262
ARRIESGADO,6552,119.73038466441459
ARRIESGADO,6553,177.04029300140138
ARRIESGADO,6554,155.1998740704805
ARRIESGADO,6555,163.8130067881816
ARRIESGADO,6556,153.8082787854548
ARRIESGADO,6557,134.91156106079075
ARRIESGADO,6558,150.454427372536
ARRIESGADO,6559,139.773832511844
ARRIESGADO,6560,152.0645779419114
ARRIESGADO,6561,136.96637890624126
ARRIESGADO,6562,136.25375368985138
ARRIESGADO,6563,161.48151593548442
ARRIESGADO,6564,118.66775731050058
ARRIESGADO,6565,142.5882824971064
ARRIESGADO,6566,125.53078027406477
ARRIESGADO,6567,133.8535544136533
ARRIESGADO,6568,131.25013947970015
ARRIESGADO,6569,141.4867644801197
ARRIESGADO,6570,135.61617016541751
ARRIESGADO,6571,120.45421225952772
ARRIESGADO,6572,136.37052303092673
ARRIESGADO,6573,166.13059776943393
ARRIESGADO,6574,121.42043196589597
ARRIESGADO,6575,147.59071881519512
ARRIESGADO,6576,130.88489426426554
ARRIESGADO,6577,154.23293177726362
ARRIESGADO,6578,141.44320307967703
ARRIESGADO,6579,141.6559647398121
ARRIESGADO,6580,131.718706217704
ARRIESGADO,6581,131.61646938535503
ARRIESGADO,6582,151.74812456246738
ARRIESGADO,6583,108.06915475983521
ARRIESGADO,6584,116.55246597727555
ARRIESGADO,6585,140.2137911308026
ARRIESGADO,6586,158.40555247088747
ARRIESGADO,6587,163.20889562916756
ARRIESGADO,6588,128.70205010940234
ARRIESGADO,6589,183.1237164952255
ARRIESGADO,6590,153.73080444000325
ARRIESGADO,6591,147.01522266134205
ARRIESGADO,6592,137.4907071188864
ARRIESGADO,6593,141.68324997480065
ARRIESGADO,6594,169.69373314373445
ARRIESGADO,6595,154.1422681286512
ARRIESGADO,6596,130.11415974299868
ARRIESGADO,6597,165.29526094614891
ARRIESGADO,6598,137.02361186436008
ARRIESGADO,6599,133.59135738108088
ARRIESGADO,6600,117.85069618862694
ARRIESGADO,6601,125.73114860807001
ARRIESGADO,6602,89.82615967664383
ARRIESGADO,6603,151.7363191103456
ARRIESGADO,6604,140.00528705095212
ARRIESGADO,6605,121.24017308915707
ARRIESGADO,6606,131.37117708612382
ARRIESGADO,6607,152.73670422492498
ARRIESGADO,6608,155.6339123358867
ARRIESGADO,6609,156.48837237862162
ARRIESGADO,6610,112.02861793105092
ARRIESGADO,6611,144.34209766499293
ARRIESGADO,6612,138.60310955948665
ARRIESGADO,6613,152.9811101652273
ARRIESGADO,6614,149.7542298721586
ARRIESGADO,6615,135.00402912205962
ARRIESGADO,6616,154.8016954432958
ARRIESGADO,6617,151.98143699611225
ARRIESGADO,6618,102.67341699360695
ARRIESGADO,6619,148.7552096073754
ARRIESGADO,6620,110.78139242607537
ARRIESGADO,6621,184.9115919445459
ARRIESGADO,6622,136.96691961324987
ARRIESGADO,6623,157.48187361197427
ARRIESGADO,6624,115.90819886632477
ARRIESGADO,6625,99.51623205383972
ARRIESGADO,6626,173.78943931825594
ARRIESGADO,6627,149.34213416410577
ARRIESGADO,6628,146.52554893318126
ARRIESGADO,6629,137.99121879915378
ARRIESGADO,6630,99.83295739224852
ARRIESGADO,6631,160.5068502776796
ARRIESGADO,6632,193.67079710056612
ARRIESGADO,6633,169.94695880922126
ARRIESGADO,6634,93.47516937385737
ARRIESGADO,6635,143.2082781277427
ARRIESGADO,6636,132.97449142313658
ARRIESGADO,6637,167.74657480762446
ARRIESGADO,6638,125.37598631414417
ARRIESGADO,6639,164.8995801284258
ARRIESGADO,6640,164.49141960765854
ARRIESGADO,6641,126.8464397227969
ARRIESGADO,6642,119.43882075414187
ARRIESGADO,6643,172.69958005203972
ARRIESGADO,6644,154.5720006923224
ARRIESGADO,6645,120.44451212682188
ARRIESGADO,6646,110.90989708817374
ARRIESGADO,6647,187.10361914857143
ARRIESGADO,6648,159.75662726737752
ARRIESGADO,6649,161.30266621374858
ARRIESGADO,6650,130.70698742190842
ARRIESGADO,6651,126.00380227216998
ARRIESGADO,6652,197.3606547488851
ARRIESGADO,6653,105.21226087921558
ARRIESGADO,6654,161.20368779845305
ARRIESGADO,6655,163.26298460978387
ARRIESGADO,6656,112.78076038861195
ARRIESGADO,6657,120.65464271421547
ARRIESGADO,6658,139.26390369228264
ARRIESGADO,6659,129.30857454138348
ARRIESGADO,6660,144.9701352380507
ARRIESGADO,6661,152.23759488536223
ARRIESGADO,6662,154.24041536146484
ARRIESGADO,6663,102.59897280347097
ARRIESGADO,6664,170.03263608220698
ARRIESGADO,6665,175.07324943533067
ARRIESGADO,6666,138.43471396076944
ARRIESGADO,6667,148.6631934543095
ARRIESGADO,6668,149.62831244412186
ARRIESGADO,6669,193.90269042066186
ARRIESGADO,6670,147.66926026042762
ARRIESGADO,6671,166.9702611202741
ARRIESGADO,6672,142.41439969712616
ARRIESGADO,6673,169.1744724703506
ARRIESGADO,6674,102.02200955453944
ARRIESGADO,6675,163.20242182425181
ARRIESGADO,6676,168.87959018314334
ARRIESGADO,6677,110.08529557484864
ARRIESGADO,6678,123.69311522307666
ARRIESGADO,6679,146.62748196020573
ARRIESGADO,6680,152.08873710866146
ARRIESGADO,6681,181.39352694666118
ARRIESGADO,6682,90.10272456634526
ARRIESGADO,6683,148.28794680241387
ARRIESGADO,6684,102.2428449284843
ARRIESGADO,6685,157.56707906416634
ARRIESGADO,6686,160.1103089698691
ARRIESGADO,6687,180.37578324526203
ARRIESGADO,6688,190.11689106463814
ARRIESGADO,6689,166.24941454543705
ARRIESGADO,6690,135.89865787533805
ARRIESGADO,6691,167.01874474335108
ARRIESGADO,6692,169.47928248903077
ARRIESGADO,6693,137.25041746531048
ARRIESGADO,6694,151.67481814492479
ARRIESGADO,6695,176.46928690234725
ARRIESGADO,6696,160.228161975802
ARRIESGADO,6697,125.84324290066833
ARRIESGADO,6698,145.14464971357762
ARRIESGADO,6699,175.60886742796035
ARRIESGADO,6700,157.75251153985045
ARRIESGADO,6701,123.47990236082958
ARRIESGADO,6702,91.59557948130279
ARRIESGADO,6703,159.1649669788811
ARRIESGADO,6704,147.1691823864662
ARRIESGADO,6705,124.66374331061425
ARRIESGADO,6706,117.77905620170527
ARRIESGADO,6707,109.76447460988896
ARRIESGADO,6708,151.0439120091652
ARRIESGADO,6709,125.46543201260411
ARRIESGADO,6710,169.32305638322862
ARRIESGADO,6711,145.6643332816744
ARRIESGADO,6712,128.2825588572253
ARRIESGADO,6713,130.74316107063433
ARRIESGADO,6714,130.20577522498738
ARRIESGADO,6715,134.14621505506102
ARRIESGADO,6716,108.77642293807384
ARRIESGADO,6717,153.36892908299163
ARRIESGADO,6718,80.10821900288401
ARRIESGADO,6719,139.6461981438993
ARRIESGADO,6720,149.52550546981115
ARRIESGADO,6721,125.99274555679895
ARRIESGADO,6722,148.81370637551723
ARRIESGADO,6723,131.66107928708777
ARRIESGADO,6724,178.33997651958228
ARRIESGADO,6725,129.36088569027953
ARRIESGADO,6726,146.74454402258232
ARRIESGADO,6727,132.68509525707367
ARRIESGADO,6728,156.65406662744454
ARRIESGADO,6729,111.08035110131596
ARRIESGADO,6730,135.55737053721526
ARRIESGADO,6731,161.8726890809638
ARRIESGADO,6732,127.51768879346483
ARRIESGADO,6733,166.44507205825025
ARRIESGADO,6734,136.7730754466035
ARRIESGADO,6735,129.447108808737
ARRIESGADO,6736,128.0621163629005
ARRIESGADO,6737,156.91715416425734
ARRIESGADO,6738,127.79093581108779
ARRIESGADO,6739,158.54776759947146
ARRIESGADO,6740,175.65343028898474
ARRIESGADO,6741,171.20242471400977
ARRIESGADO,6742,176.39642453204812
ARRIESGADO,6743,167.23225374051032
ARRIESGADO,6744,116.01475145563023
ARRIESGADO,6745,109.61523209160173
ARRIESGADO,6746,129.71085915922689
ARRIESGADO,6747,171.48645119237614
ARRIESGADO,6748,130.5277841539497
ARRIESGADO,6749,135.2726328214052
ARRIESGADO,6750,145.77131629155753
ARRIESGADO,6751,124.80922200601314
ARRIESGADO,6752,157.05671971247622
ARRIESGADO,6753,142.85498304448436
ARRIESGADO,6754,138.98362448523716
ARRIESGADO,6755,111.32028014039572
ARRIESGADO,6756,146.58866509443783
ARRIESGADO,6757,177.9546213871768
ARRIESGADO,6758,140.40832425618072
ARRIESGADO,6759,154.73789032220662
ARRIESGADO,6760,134.1116206400688
ARRIESGADO,6761,84.91709015682511
ARRIESGADO,6762,147.50951493754565
ARRIESGADO,6763,108.47184205827378
ARRIESGADO,6764,173.2011792711305
ARRIESGADO,6765,168.45134407273
ARRIESGADO,6766,155.6744000931881
ARRIESGADO,6767,106.82147943882798
ARRIESGADO,6768,112.10256356213448
ARRIESGADO,6769,146.38018160995475
ARRIESGADO,6770,144.84886209699795
ARRIESGADO,6771,175.06704161908712
ARRIESGADO,6772,167.23784383463772
ARRIESGADO,6773,133.08464348379178
ARRIESGADO,6774,149.4625248460781
ARRIESGADO,6775,123.33036422405657
ARRIESGADO,6776,201.43407469303907
ARRIESGADO,6777,140.22814294942634
ARRIESGADO,6778,160.92317446381725
ARRIESGADO,6779,147.19673461220356
ARRIESGADO,6780,157.8621971936775
ARRIESGADO,6781,140.7112208489876
ARRIESGADO,6782,139.68457522117072
ARRIESGADO,6783,125.82540407110834
ARRIESGADO,6784,116.46918676355662
ARRIESGADO,6785,152.2906429719786
ARRIESGADO,6786,161.13955126695672
ARRIESGADO,6787,153.61522910927084
ARRIESGADO,6788,144.03068942327207
ARRIESGADO,6789,143.6259253653632
ARRIESGADO,6790,164.3034609203629
ARRIESGADO,6791,111.7548826266147
ARRIESGADO,6792,133.72993558754465
ARRIESGADO,6793,135.17200167183742
ARRIESGADO,6794,143.98893016005172
ARRIESGADO,6795,116.33609839877204
ARRIESGADO,6796,164.17023409137525
ARRIESGADO,6797,151.34531401246795
ARRIESGADO,6798,150.01286792753382
ARRIESGADO,6799,146.01989358140645
ARRIESGADO,6800,137.16794379439546
ARRIESGADO,6801,154.8962398383089
ARRIESGADO,6802,155.91407054591025
ARRIESGADO,6803,149.68288564020204
ARRIESGADO,6804,162.59855210344097
ARRIESGADO,6805,155.95282995804683
ARRIESGADO,6806,148.7905488059248
ARRIESGADO,6807,109.6818755393987
ARRIESGADO,6808,148.9945839672461
ARRIESGADO,6809,114.23419571348673
ARRIESGADO,6810,180.54170288067738
ARRIESGADO,6811,136.0785051084469
ARRIESGADO,6812,159.08021675540454
ARRIESGADO,6813,170.20032734798383
ARRIESGADO,6814,149.64109198588216
ARRIESGADO,6815,178.25554963325033
ARRIESGADO,6816,105.27627965053307
ARRIESGADO,6817,116.06767503294986
ARRIESGADO,6818,114.4916468200222
ARRIESGADO,6819,162.67121638748077
ARRIESGADO,6820,119.99181921895033
ARRIESGADO,6821,145.68089052704184
ARRIESGADO,6822,163.17247978577734
ARRIESGADO,6823,109.09561850677922
ARRIESGADO,6824,130.95240883728408
ARRIESGADO,6825,148.8602920354592
ARRIESGADO,6826,150.72509499440756
ARRIESGADO,6827,154.17910570222847
ARRIESGADO,6828,143.5663950580097
ARRIESGADO,6829,128.3435662357969
ARRIESGADO,6830,102.67956272675298
ARRIESGADO,6831,154.21312926187622
ARRIESGADO,6832,110.98669661439844
ARRIESGADO,6833,140.23790891037774
ARRIESGADO,6834,140.38171090809107
ARRIESGADO,6835,112.35984308371275
ARRIESGADO,6836,116.26165442015393
ARRIESGADO,6837,182.5097779630143
ARRIESGADO,6838,146.31375363756803
ARRIESGADO,6839,111.60486134295832
ARRIESGADO,6840,120.97588900625509
ARRIESGADO,6841,143.2200982369499
ARRIESGADO,6842,148.5014935588915
ARRIESGADO,6843,170.71614123231953
ARRIESGADO,6844,126.99289830255232
ARRIESGADO,6845,215.0588853850958
ARRIESGADO,6846,106.14371170113382
ARRIESGADO,6847,147.69185758358705
ARRIESGADO,6848,160.79909177097332
ARRIESGADO,6849,106.3948173951009
ARRIESGADO,6850,143.05529395555266
ARRIESGADO,6851,109.60198706796982
ARRIESGADO,6852,168.54639764334513
ARRIESGADO,6853,156.78787635000546
ARRIESGADO,6854,134.1634677607248
ARRIESGADO,6855,127.59995699380387
ARRIESGADO,6856,164.00071062211168
ARRIESGADO,6857,134.9450771272753
ARRIESGADO,6858,138.43274355752527
ARRIESGADO,6859,74.50262965113221
ARRIESGADO,6860,102.48841673033056
ARRIESGADO,6861,148.3295204980807
ARRIESGADO,6862,135.1928489805299
ARRIESGADO,6863,128.9477274798342
ARRIESGADO,6864,162.82778230231463
ARRIESGADO,6865,174.09460526224473
ARRIESGADO,6866,124.72183679303038
ARRIESGADO,6867,143.7248273698709
ARRIESGADO,6868,136.68259486370042
ARRIESGADO,6869,165.79698045075588
ARRIESGADO,6870,166.6032118201716
ARRIESGADO,6871,121.85332750605323
ARRIESGADO,6872,194.3518465336218
ARRIESGADO,6873,153.04963097936505
ARRIESGADO,6874,152.37546154673123
ARRIESGADO,6875,129.96754063153713
ARRIESGADO,6876,141.57205520341006
ARRIESGADO,6877,154.51329023990542
ARRIESGADO,6878,170.4229192356491
ARRIESGADO,6879,144.24372704378692
ARRIESGADO,6880,165.5009451839199
ARRIESGADO,6881,120.18510379747981
ARRIESGADO,6882,169.68725651871569
ARRIESGADO,6883,198.0265600186328
ARRIESGADO,6884,121.85622084419609
ARRIESGADO,6885,130.45115754486432
ARRIESGADO,6886,171.98671619480155
ARRIESGADO,6887,154.2360074910218
ARRIESGADO,6888,138.5169923298992
ARRIESGADO,6889,148.70002349227738
ARRIESGADO,6890,129.79307532680193
ARRIESGADO,6891,121.6545230642402
ARRIESGADO,6892,145.6758270830559
ARRIESGADO,6893,184.10305494479098
ARRIESGADO,6894,155.5825354047005
ARRIESGADO,6895,125.62252668435272
ARRIESGADO,6896,107.94798928380153
ARRIESGADO,6897,168.3579939096787
ARRIESGADO,6898,161.5988808491312
ARRIESGADO,6899,151.33331184475537
ARRIESGADO,6900,115.99237834939557
ARRIESGADO,6901,145.95945658845855
ARRIESGADO,6902,159.3466564699516
ARRIESGADO,6903,157.9782826452024
ARRIESGADO,6904,123.59578362080235
ARRIESGADO,6905,151.2088391112836
ARRIESGADO,6906,129.6619010777185
ARRIESGADO,6907,136.52684354464378
ARRIESGADO,6908,89.36822585414114
ARRIESGADO,6909,102.54854232287613
ARRIESGADO,6910,142.84443262129707
ARRIESGADO,6911,118.98264435755955
ARRIESGADO,6912,148.57019899655137
ARRIESGADO,6913,135.60274686738845
ARRIESGADO,6914,139.0300818105207
ARRIESGADO,6915,190.34248304775718
ARRIESGADO,6916,133.5034049144808
ARRIESGADO,6917,145.8252865979388
ARRIESGADO,6918,138.27252446551432
ARRIESGADO,6919,140.8360402673148
ARRIESGADO,6920,142.3146766042491
ARRIESGADO,6921,144.36815905845427
ARRIESGADO,6922,138.25892156350704
ARRIESGADO,6923,140.03926951797916
ARRIESGADO,6924,175.04913766938546
ARRIESGADO,6925,149.3768409251565
ARRIESGADO,6926,137.39305565602317
ARRIESGADO,6927,145.15320482987508
ARRIESGADO,6928,156.04108847120625
ARRIESGADO,6929,148.665285308023
ARRIESGADO,6930,156.58267242409482
ARRIESGADO,6931,138.76195977134753
ARRIESGADO,6932,174.43278270197186
ARRIESGADO,6933,136.5178039077097
ARRIESGADO,6934,166.94443432568653
ARRIESGADO,6935,129.0394166553129
ARRIESGADO,6936,134.1128552277135
ARRIESGADO,6937,141.65350465039307
ARRIESGADO,6938,162.6595985195282
ARRIESGADO,6939,117.85268545346501
ARRIESGADO,6940,179.3034830413013
ARRIESGADO,6941,150.31607150190666
ARRIESGADO,6942,126.82195220287508
ARRIESGADO,6943,114.34212687086448
ARRIESGADO,6944,105.67778713318555
ARRIESGADO,6945,152.20434471630196
ARRIESGADO,6946,120.57825899201163
ARRIESGADO,6947,147.7345332666356
ARRIESGADO,6948,147.8576602631575
ARRIESGADO,6949,157.7774275268569
ARRIESGADO,6950,110.80528392282174
ARRIESGADO,6951,207.7581276261772
ARRIESGADO,6952,141.05401925041605
ARRIESGADO,6953,167.6162361879637
ARRIESGADO,6954,142.87901696391185
ARRIESGADO,6955,186.58340118486763
ARRIESGADO,6956,159.5687413034722
ARRIESGADO,6957,144.70087583744842
ARRIESGADO,6958,166.6522515093779
ARRIESGADO,6959,200.18351956716265
ARRIESGADO,6960,184.72025173713953
ARRIESGADO,6961,157.8613188307644
ARRIESGADO,6962,111.09068010357883
ARRIESGADO,6963,111.81727788180089
ARRIESGADO,6964,148.55535872741126
ARRIESGADO,6965,159.27806576968274
ARRIESGADO,6966,142.59781789772205
ARRIESGADO,6967,191.94362295528293
ARRIESGADO,6968,165.55165132385503
ARRIESGADO,6969,152.19499233585924
ARRIESGADO,6970,170.03904765834105
ARRIESGADO,6971,125.52785291823193
ARRIESGADO,6972,138.8321852733373
ARRIESGADO,6973,136.13039132525716
ARRIESGADO,6974,95.05188754861086
ARRIESGADO,6975,114.53049541878204
ARRIESGADO,6976,161.47127925674027
ARRIESGADO,6977,164.9700207943414
ARRIESGADO,6978,158.47137395578616
ARRIESGADO,6979,184.2554875912507
ARRIESGADO,6980,156.44787709170407
ARRIESGADO,6981,126.73691848842292
ARRIESGADO,6982,192.2068203299105
ARRIESGADO,6983,156.7105082268131
ARRIESGADO,6984,131.97766969416128
ARRIESGADO,6985,144.46656461872703
ARRIESGADO,6986,148.80356163479266
ARRIESGADO,6987,163.53385041726503
ARRIESGADO,6988,126.8179395605425
ARRIESGADO,6989,110.22072295087916
ARRIESGADO,6990,135.53975301223065
ARRIESGADO,6991,123.94034251838394
ARRIESGADO,6992,151.92002387604995
ARRIESGADO,6993,155.98363386637357
ARRIESGADO,6994,155.2997734235434
ARRIESGADO,6995,137.37136350204983
ARRIESGADO,6996,109.6198209372805
ARRIESGADO,6997,128.78550674835586
ARRIESGADO,6998,127.96449975462245
ARRIESGADO,6999,112.92674658028203
ARRIESGADO,7000,138.3704942661548
ARRIESGADO,7001,183.00037355671915
ARRIESGADO,7002,117.76621987238845
ARRIESGADO,7003,133.60342472463566
ARRIESGADO,7004,135.1308860457127
ARRIESGADO,7005,137.73723140324626
ARRIESGADO,7006,134.44104543610922
ARRIESGADO,7007,176.6493512453417
ARRIESGADO,7008,121.36856559127804
ARRIESGADO,7009,164.7772818180925
ARRIESGADO,7010,147.08396250491435
ARRIESGADO,7011,155.10709720051412
ARRIESGADO,7012,125.75557693568243
ARRIESGADO,7013,141.87765975653824
ARRIESGADO,7014,119.95714069803
ARRIESGADO,7015,191.86567815966626
ARRIESGADO,7016,130.78564296381663
ARRIESGADO,7017,140.33371968216503
ARRIESGADO,7018,146.94977815517092
ARRIESGADO,7019,113.26893416028015
ARRIESGADO,7020,110.0380718335307
ARRIESGADO,7021,165.09031941358433
ARRIESGADO,7022,163.02049665725715
ARRIESGADO,7023,141.97886526428016
ARRIESGADO,7024,167.06447309490963
ARRIESGADO,7025,158.0190986826147
ARRIESGADO,7026,201.71610555809707
ARRIESGADO,7027,142.528939180993
ARRIESGADO,7028,131.78167680472876
ARRIESGADO,7029,129.26499900483546
ARRIESGADO,7030,133.51576441638338
ARRIESGADO,7031,148.06047888081065
ARRIESGADO,7032,138.5436970712796
ARRIESGADO,7033,119.0337449689829
ARRIESGADO,7034,195.04494550738968
ARRIESGADO,7035,178.56698257794974
ARRIESGADO,7036,138.22489970298412
ARRIESGADO,7037,153.8151425721892
ARRIESGADO,7038,135.30406733040857
ARRIESGADO,7039,129.21767381809062
ARRIESGADO,7040,136.14188725298536
ARRIESGADO,7041,86.02873322201748
ARRIESGADO,7042,115.01452976684601
ARRIESGADO,7043,116.70613780370326
ARRIESGADO,7044,186.5004666544118
ARRIESGADO,7045,148.7465961351859
ARRIESGADO,7046,204.58860754570017
ARRIESGADO,7047,122.92289744644418
ARRIESGADO,7048,183.67653103741662
ARRIESGADO,7049,166.18133655631357
ARRIESGADO,7050,107.29287109932835
ARRIESGADO,7051,175.06478139875415
ARRIESGADO,7052,174.12540575981046
ARRIESGADO,7053,146.5797024450173
ARRIESGADO,7054,139.64359940355843
ARRIESGADO,7055,122.23289220757327
ARRIESGADO,7056,130.85862199656725
ARRIESGADO,7057,102.45482245575334
ARRIESGADO,7058,141.8202337748599
ARRIESGADO,7059,109.21811499592192
ARRIESGADO,7060,175.18322379646943
ARRIESGADO,7061,190.9867456627306
ARRIESGADO,7062,160.78125252739198
ARRIESGADO,7063,98.75532334260066
ARRIESGADO,7064,182.89445656996367
ARRIESGADO,7065,121.47815773960106
ARRIESGADO,7066,187.4984335495319
ARRIESGADO,7067,142.16756212944085
ARRIESGADO,7068,132.51090929978642
ARRIESGADO,7069,152.1701049307607
ARRIESGADO,7070,183.53758707558393
ARRIESGADO,7071,146.82153377929927
ARRIESGADO,7072,145.56597702528413
ARRIESGADO,7073,166.9456529176628
ARRIESGADO,7074,102.45613609402366
ARRIESGADO,7075,136.73345530524904
ARRIESGADO,7076,129.83489761567114
ARRIESGADO,7077,147.28531240757223
ARRIESGADO,7078,116.02458358432281
ARRIESGADO,7079,187.32666243521078
ARRIESGADO,7080,144.9193786918919
ARRIESGADO,7081,126.7087190647602
ARRIESGADO,7082,158.3142020581896
ARRIESGADO,7083,123.77887196658287
ARRIESGADO,7084,104.79193495585142
ARRIESGADO,7085,146.10527762340556
ARRIESGADO,7086,126.83859528116619
ARRIESGADO,7087,133.33351645186377
ARRIESGADO,7088,144.25777389508977
ARRIESGADO,7089,101.5871361848048
ARRIESGADO,7090,151.80280661582913
ARRIESGADO,7091,139.3311068565229
ARRIESGADO,7092,174.31659641093762
ARRIESGADO,7093,132.78528624815578
ARRIESGADO,7094,159.83038502249212
ARRIESGADO,7095,175.223086382726
ARRIESGADO,7096,176.23355363878343
ARRIESGADO,7097,160.053506728547
ARRIESGADO,7098,204.49545793134882
ARRIESGADO,7099,123.97686068906778
ARRIESGADO,7100,120.47337381055503
ARRIESGADO,7101,142.33936227287404
ARRIESGADO,7102,143.35736311412967
ARRIESGADO,7103,141.4711809025692
ARRIESGADO,7104,193.13671757619045
ARRIESGADO,7105,163.16430122636675
ARRIESGADO,7106,151.42886320918612
ARRIESGADO,7107,141.96635691020683
ARRIESGADO,7108,104.68664145352425
ARRIESGADO,7109,121.74118690708957
ARRIESGADO,7110,144.51325003909645
ARRIESGADO,7111,137.67002794080003
ARRIESGADO,7112,127.98903754356662
ARRIESGADO,7113,126.80365686628927
ARRIESGADO,7114,166.12652946038648
ARRIESGADO,7115,112.97516884635627
ARRIESGADO,7116,138.80624235037374
ARRIESGADO,7117,119.72523643892262
ARRIESGADO,7118,164.56912789000742
ARRIESGADO,7119,147.67555982719966
ARRIESGADO,7120,120.48519002797966
ARRIESGADO,7121,117.8315486445609
ARRIESGADO,7122,136.10973037905495
ARRIESGADO,7123,172.9818059988087
ARRIESGADO,7124,120.58857747973684
ARRIESGADO,7125,133.56707707762317
ARRIESGADO,7126,174.00835242729403
ARRIESGADO,7127,159.08746360622771
ARRIESGADO,7128,137.7441534906406
ARRIESGADO,7129,143.63216048966538
ARRIESGADO,7130,162.18564506152117
ARRIESGADO,7131,166.22487502873872
ARRIESGADO,7132,144.09936930467785
ARRIESGADO,7133,131.5756846880604
ARRIESGADO,7134,108.18712630713472
ARRIESGADO,7135,132.50291774665902
ARRIESGADO,7136,157.43416615797724
ARRIESGADO,7137,167.5248983910471
ARRIESGADO,7138,168.14740270696353
ARRIESGADO,7139,119.63330705202657
ARRIESGADO,7140,144.74006002527057
ARRIESGADO,7141,147.7158900814021
ARRIESGADO,7142,136.46826839594914
ARRIESGADO,7143,150.76229591838603
ARRIESGADO,7144,135.6784075939187
ARRIESGADO,7145,111.42999948726619
ARRIESGADO,7146,143.95028041694596
ARRIESGADO,7147,131.74280985740418
ARRIESGADO,7148,134.41459352923945
ARRIESGADO,7149,145.59942955269742
ARRIESGADO,7150,167.33703560682028
ARRIESGADO,7151,142.37119563553614
ARRIESGADO,7152,135.6311680904863
ARRIESGADO,7153,145.06749119526137
ARRIESGADO,7154,140.38178693185122
ARRIESGADO,7155,191.07903043020167
ARRIESGADO,7156,118.76073308798124
ARRIESGADO,7157,165.98038406285494
ARRIESGADO,7158,153.34950424432026
ARRIESGADO,7159,151.51949501309394
ARRIESGADO,7160,111.22279097063335
ARRIESGADO,7161,165.44462881818686
ARRIESGADO,7162,167.54520143981298
ARRIESGADO,7163,101.37147727475354
ARRIESGADO,7164,121.50380107205564
ARRIESGADO,7165,136.65725874882628
ARRIESGADO,7166,177.106514868617
ARRIESGADO,7167,152.81785467145784
ARRIESGADO,7168,162.18765454413443
ARRIESGADO,7169,135.85569672466553
ARRIESGADO,7170,146.59974214489264
ARRIESGADO,7171,143.2908699115606
ARRIESGADO,7172,126.88124002346468
ARRIESGADO,7173,150.77734146212717
ARRIESGADO,7174,100.43549294403846
ARRIESGADO,7175,153.46407985315733
ARRIESGADO,7176,178.10386707059916
ARRIESGADO,7177,170.71452059285258
ARRIESGADO,7178,119.63857052931931
ARRIESGADO,7179,139.2512290519464
ARRIESGADO,7180,101.60670891354522
ARRIESGADO,7181,144.08411094015557
ARRIESGADO,7182,141.16507499997624
ARRIESGADO,7183,216.2388965786364
ARRIESGADO,7184,118.29534127904772
ARRIESGADO,7185,105.89331642256687
ARRIESGADO,7186,144.50774185195792
ARRIESGADO,7187,123.15936427119387
ARRIESGADO,7188,159.99308967528947
ARRIESGADO,7189,112.56467593353659
ARRIESGADO,7190,162.82064177090703
ARRIESGADO,7191,154.5517594319318
ARRIESGADO,7192,168.736680519045
ARRIESGADO,7193,142.80648361614973
ARRIESGADO,7194,107.64662266568199
ARRIESGADO,7195,167.44595590538964
ARRIESGADO,7196,140.63176231530457
ARRIESGADO,7197,138.09188432976336
ARRIESGADO,7198,197.25077560637357
ARRIESGADO,7199,120.17392795769067
ARRIESGADO,7200,118.40537202891167
ARRIESGADO,7201,156.86824902873335
ARRIESGADO,7202,156.77512295949055
ARRIESGADO,7203,144.80140671469934
ARRIESGADO,7204,141.3308411815005
ARRIESGADO,7205,142.3925445256432
ARRIESGADO,7206,142.89206077064958
ARRIESGADO,7207,165.61966901541894
ARRIESGADO,7208,134.03000901313615
ARRIESGADO,7209,152.5845097489198
ARRIESGADO,7210,134.0316681645553
ARRIESGADO,7211,116.4306646552097
ARRIESGADO,7212,108.54299738072893
ARRIESGADO,7213,182.26589007762877
ARRIESGADO,7214,171.34420808653766
ARRIESGADO,7215,133.61801494990453
ARRIESGADO,7216,127.70164370190363
ARRIESGADO,7217,121.25452845187212
ARRIESGADO,7218,124.74610077527524
ARRIESGADO,7219,159.33747556734255
ARRIESGADO,7220,120.0198375742702
ARRIESGADO,7221,129.58051157116694
ARRIESGADO,7222,166.10997676904375
ARRIESGADO,7223,113.34922548756393
ARRIESGADO,7224,115.58096829648989
ARRIESGADO,7225,138.8384546877404
ARRIESGADO,7226,150.60971343083713
ARRIESGADO,7227,109.456254530037
ARRIESGADO,7228,177.54028185306566
ARRIESGADO,7229,158.7611822750571
ARRIESGADO,7230,141.44464878863
ARRIESGADO,7231,174.30974564011078
ARRIESGADO,7232,114.72650249323169
ARRIESGADO,7233,139.7640159415779
ARRIESGADO,7234,154.32051614575596
ARRIESGADO,7235,143.54516440883208
ARRIESGADO,7236,141.98982873774872
ARRIESGADO,7237,118.44788306523219
ARRIESGADO,7238,153.32685624627112
ARRIESGADO,7239,140.5315007443666
ARRIESGADO,7240,116.15775711768714
ARRIESGADO,7241,141.7468381970367
ARRIESGADO,7242,111.9906751932254
ARRIESGADO,7243,132.02268626496425
ARRIESGADO,7244,120.99654776599056
ARRIESGADO,7245,162.4199126302281
ARRIESGADO,7246,130.72101333720275
ARRIESGADO,7247,184.50367773254533
ARRIESGADO,7248,152.2403853061395
ARRIESGADO,7249,159.44751841861307
ARRIESGADO,7250,129.8371088483322
ARRIESGADO,7251,176.7243126251083
ARRIESGADO,7252,118.27586029933647
ARRIESGADO,7253,175.68515815602262
ARRIESGADO,7254,166.92694248754142
ARRIESGADO,7255,129.45783494569181
ARRIESGADO,7256,95.24769711451953
ARRIESGADO,7257,146.61437097908117
ARRIESGADO,7258,158.072809291655
ARRIESGADO,7259,140.70145906548356
ARRIESGADO,7260,196.60099110004217
ARRIESGADO,7261,112.64639054108119
ARRIESGADO,7262,141.87252793298052
ARRIESGADO,7263,108.01669675285888
ARRIESGADO,7264,135.1511428499096
ARRIESGADO,7265,175.2458952021167
ARRIESGADO,7266,135.1348270752671
ARRIESGADO,7267,143.03804862509713
ARRIESGADO,7268,132.6290910950497
ARRIESGADO,7269,166.8992675691445
ARRIESGADO,7270,165.2251328607348
ARRIESGADO,7271,103.11023551828896
ARRIESGADO,7272,122.03111576244017
ARRIESGADO,7273,119.21347982343548
ARRIESGADO,7274,127.67193236531782
ARRIESGADO,7275,139.17215537235185
ARRIESGADO,7276,158.46728896477674
ARRIESGADO,7277,133.14558026524332
ARRIESGADO,7278,131.4514367666477
ARRIESGADO,7279,125.34385408740933
ARRIESGADO,7280,168.90970794332003
ARRIESGADO,7281,139.1594891949566
ARRIESGADO,7282,176.17852752588695
ARRIESGADO,7283,121.95609429926539
ARRIESGADO,7284,116.05526867124573
ARRIESGADO,7285,128.3395267332138
ARRIESGADO,7286,130.1026272333877
ARRIESGADO,7287,127.37628495540191
ARRIESGADO,7288,144.80229453000908
ARRIESGADO,7289,119.09146453354865
ARRIESGADO,7290,147.7471884211363
ARRIESGADO,7291,175.33696944404906
ARRIESGADO,7292,141.55104851735194
ARRIESGADO,7293,133.82100761978597
ARRIESGADO,7294,137.856709459577
ARRIESGADO,7295,143.83037537610474
ARRIESGADO,7296,190.80913084501867
ARRIESGADO,7297,157.97002833363783
ARRIESGADO,7298,190.6121000665228
ARRIESGADO,7299,127.60306178712449
ARRIESGADO,7300,129.97832971335623
ARRIESGADO,7301,157.61162419744628
ARRIESGADO,7302,171.83681813812785
ARRIESGADO,7303,126.64039597902003
ARRIESGADO,7304,168.20570842326313
ARRIESGADO,7305,174.37161973252623
ARRIESGADO,7306,177.75100133199902
ARRIESGADO,7307,134.0635420923299
ARRIESGADO,7308,163.20429952755615
ARRIESGADO,7309,133.4614400256063
ARRIESGADO,7310,163.7621548231128
ARRIESGADO,7311,136.17542378101055
ARRIESGADO,7312,127.20090580330765
ARRIESGADO,7313,166.947623188963
ARRIESGADO,7314,125.91552209498414
ARRIESGADO,7315,122.13494985084454
ARRIESGADO,7316,123.70535718414291
ARRIESGADO,7317,136.64220583687828
ARRIESGADO,7318,155.24782690650528
ARRIESGADO,7319,139.12962843479477
ARRIESGADO,7320,153.52076380445945
ARRIESGADO,7321,132.44606343324932
ARRIESGADO,7322,136.6923072169191
ARRIESGADO,7323,128.54005742176554
ARRIESGADO,7324,122.36569281120924
ARRIESGADO,7325,139.16953718286393
ARRIESGADO,7326,122.42685474389226
ARRIESGADO,7327,113.40587617848578
ARRIESGADO,7328,136.98334172041027
ARRIESGADO,7329,105.21485067211086
ARRIESGADO,7330,132.87760501491607
ARRIESGADO,7331,128.7348107883664
ARRIESGADO,7332,151.44393789860533
ARRIESGADO,7333,163.85167856275575
ARRIESGADO,7334,101.17760318807385
ARRIESGADO,7335,170.77818160836424
ARRIESGADO,7336,116.48092820819375
ARRIESGADO,7337,131.5337450472075
ARRIESGADO,7338,166.97620059410468
ARRIESGADO,7339,142.14027355468934
ARRIESGADO,7340,169.66365241778698
ARRIESGADO,7341,149.63664921895443
ARRIESGADO,7342,183.01050586592024
ARRIESGADO,7343,190.43356372297143
ARRIESGADO,7344,105.28725465003703
ARRIESGADO,7345,139.49671611875672
ARRIESGADO,7346,169.3442703720557
ARRIESGADO,7347,100.52066592766596
ARRIESGADO,7348,117.06495478001942
ARRIESGADO,7349,149.2272191961752
ARRIESGADO,7350,176.65393481479413
ARRIESGADO,7351,190.97810219826127
ARRIESGADO,7352,153.28544391081834
ARRIESGADO,7353,143.36424251972758
ARRIESGADO,7354,116.9427380553952
ARRIESGADO,7355,113.25443076948342
ARRIESGADO,7356,129.35653294469293
ARRIESGADO,7357,106.07223799883852
ARRIESGADO,7358,144.52865784327713
ARRIESGADO,7359,123.778782033342
ARRIESGADO,7360,148.8359324202067
ARRIESGADO,7361,130.80584243677927
ARRIESGADO,7362,135.95021264577014
ARRIESGADO,7363,129.1997822460389
ARRIESGADO,7364,157.31082069731795
ARRIESGADO,7365,132.04034366533034
ARRIESGADO,7366,127.490778566775
ARRIESGADO,7367,159.55492767252252
ARRIESGADO,7368,159.9221689166785
ARRIESGADO,7369,150.1651598133691
ARRIESGADO,7370,184.50585960628686
ARRIESGADO,7371,153.65336697195335
ARRIESGADO,7372,167.07702118934478
ARRIESGADO,7373,149.14566381347328
ARRIESGADO,7374,141.8550839725379
ARRIESGADO,7375,175.7713063312833
ARRIESGADO,7376,164.92214012282002
ARRIESGADO,7377,180.12112210217256
ARRIESGADO,7378,137.67554843151152
ARRIESGADO,7379,116.60851654839001
ARRIESGADO,7380,171.30918376071466
ARRIESGADO,7381,188.10573583713176
ARRIESGADO,7382,132.03264640841505
ARRIESGADO,7383,136.42788005513407
ARRIESGADO,7384,160.34779652360055
ARRIESGADO,7385,140.24342186491512
ARRIESGADO,7386,154.40229475736808
ARRIESGADO,7387,158.32460352195775
ARRIESGADO,7388,178.744469848055
ARRIESGADO,7389,137.50773708623117
ARRIESGADO,7390,157.10423341028934
ARRIESGADO,7391,171.43881127112172
ARRIESGADO,7392,117.31162858859281
ARRIESGADO,7393,135.26340975718696
ARRIESGADO,7394,132.80316490184026
ARRIESGADO,7395,154.2591274227334
ARRIESGADO,7396,154.8954505918437
ARRIESGADO,7397,146.27712670982612
ARRIESGADO,7398,141.87515867441937
ARRIESGADO,7399,157.04212760946467
ARRIESGADO,7400,139.3652038458619
ARRIESGADO,7401,148.8521006548913
ARRIESGADO,7402,123.42013515411995
ARRIESGADO,7403,160.71973631852416
ARRIESGADO,7404,121.53549536424731
ARRIESGADO,7405,154.21746254732162
ARRIESGADO,7406,184.84537417002286
ARRIESGADO,7407,179.8045865383387
ARRIESGADO,7408,126.79989675577326
ARRIESGADO,7409,124.11566719081775
ARRIESGADO,7410,106.24513624957274
ARRIESGADO,7411,157.24164014822662
ARRIESGADO,7412,129.83125167927057
ARRIESGADO,7413,120.29230099745642
ARRIESGADO,7414,122.02816091090062
ARRIESGADO,7415,161.82753234343022
ARRIESGADO,7416,164.589986771467
ARRIESGADO,7417,149.37796513176426
ARRIESGADO,7418,152.06581844219141
ARRIESGADO,7419,190.73228791965997
ARRIESGADO,7420,152.77888516782076
ARRIESGADO,7421,134.87621817342549
ARRIESGADO,7422,122.1632067334848
ARRIESGADO,7423,182.34509747165245
ARRIESGADO,7424,133.66711819331678
ARRIESGADO,7425,100.70245246991259
ARRIESGADO,7426,173.55584668559771
ARRIESGADO,7427,143.66147750768215
ARRIESGADO,7428,119.64743309919575
ARRIESGADO,7429,119.70059277982367
ARRIESGADO,7430,96.82370942359846
ARRIESGADO,7431,153.90858715269192
ARRIESGADO,7432,136.33111472702507
ARRIESGADO,7433,164.46454780735021
ARRIESGADO,7434,114.51381174682223
ARRIESGADO,7435,141.5658797980965
ARRIESGADO,7436,117.78002208953072
ARRIESGADO,7437,185.77468383717456
ARRIESGADO,7438,164.84278000281685
ARRIESGADO,7439,184.93390840255188
ARRIESGADO,7440,158.6013777818089
ARRIESGADO,7441,105.02462560758772
ARRIESGADO,7442,147.9283639960754
ARRIESGADO,7443,120.77298226407204
ARRIESGADO,7444,181.5915003369582
ARRIESGADO,7445,128.73636625661047
ARRIESGADO,7446,178.25036013652863
ARRIESGADO,7447,146.33734725235064
ARRIESGADO,7448,138.63435470955042
ARRIESGADO,7449,99.75228443208918
ARRIESGADO,7450,179.75587800036467
ARRIESGADO,7451,149.61184981633892
ARRIESGADO,7452,161.39351701596195
ARRIESGADO,7453,145.99871944434997
ARRIESGADO,7454,133.35951724443615
ARRIESGADO,7455,119.25793340932184
ARRIESGADO,7456,160.77424018129383
ARRIESGADO,7457,135.57330290677467
ARRIESGADO,7458,148.79223738617657
ARRIESGADO,7459,146.60358352801563
ARRIESGADO,7460,151.9566875653717
ARRIESGADO,7461,158.3457165412061
ARRIESGADO,7462,154.70093731795123
ARRIESGADO,7463,157.56874429565147
ARRIESGADO,7464,152.3629491857838
ARRIESGADO,7465,128.54059981481373
ARRIESGADO,7466,108.5928513548062
ARRIESGADO,7467,151.47439294946733
ARRIESGADO,7468,186.2654961338605
ARRIESGADO,7469,151.112747932834
ARRIESGADO,7470,125.18324540485605
ARRIESGADO,7471,151.3815565720269
ARRIESGADO,7472,115.89403477137557
ARRIESGADO,7473,112.70177914762805
ARRIESGADO,7474,127.09426771749891
ARRIESGADO,7475,163.89031659616074
ARRIESGADO,7476,137.7388417808567
ARRIESGADO,7477,154.0498920249292
ARRIESGADO,7478,122.26406081026143
ARRIESGADO,7479,126.547670906519
ARRIESGADO,7480,195.29052349826085
ARRIESGADO,7481,135.9314870083913
ARRIESGADO,7482,127.93949084787134
ARRIESGADO,7483,135.18853693101386
ARRIESGADO,7484,155.22309922933732
ARRIESGADO,7485,150.75690033974365
ARRIESGADO,7486,134.2141360180735
ARRIESGADO,7487,141.81908456820793
ARRIESGADO,7488,168.2667961253506
ARRIESGADO,7489,127.92277386591148
ARRIESGADO,7490,158.27815270180517
ARRIESGADO,7491,140.097079637448
ARRIESGADO,7492,159.84067168207355
ARRIESGADO,7493,164.32036421139162
ARRIESGADO,7494,157.40318583912898
ARRIESGADO,7495,124.15651691166532
ARRIESGADO,7496,170.0523781022118
ARRIESGADO,7497,102.24291535551565
ARRIESGADO,7498,134.3819299569486
ARRIESGADO,7499,173.46381314514278
ARRIESGADO,7500,135.03267380706455
ARRIESGADO,7501,107.13327704552701
ARRIESGADO,7502,124.54425023098618
ARRIESGADO,7503,86.27134081993881
ARRIESGADO,7504,146.4521203513182
ARRIESGADO,7505,151.47427839001327
ARRIESGADO,7506,85.70568125173601
ARRIESGADO,7507,122.35698153274015
ARRIESGADO,7508,156.5594396283511
ARRIESGADO,7509,116.57322149478492
ARRIESGADO,7510,172.65399201841623
ARRIESGADO,7511,129.8632754721417
ARRIESGADO,7512,138.02693669712005
ARRIESGADO,7513,123.4729504649362
ARRIESGADO,7514,136.68436943630638
ARRIESGADO,7515,107.06208363831806
ARRIESGADO,7516,110.67082575457397
ARRIESGADO,7517,125.06063864371288
ARRIESGADO,7518,149.7855990334216
ARRIESGADO,7519,123.99334999355827
ARRIESGADO,7520,170.44954970489772
ARRIESGADO,7521,163.32910169185703
ARRIESGADO,7522,150.7855217236121
ARRIESGADO,7523,134.37282294193486
ARRIESGADO,7524,210.50623297966442
ARRIESGADO,7525,157.97910618718805
ARRIESGADO,7526,187.80778035674945
ARRIESGADO,7527,130.99744639826446
ARRIESGADO,7528,155.33743907179615
ARRIESGADO,7529,131.24090137401387
ARRIESGADO,7530,154.99582804420155
ARRIESGADO,7531,164.2487471142491
ARRIESGADO,7532,110.1350244471211
ARRIESGADO,7533,148.31547092983928
ARRIESGADO,7534,133.0673817231822
ARRIESGADO,7535,143.48910302554842
ARRIESGADO,7536,122.16403045284365
ARRIESGADO,7537,167.27513307554398
ARRIESGADO,7538,128.59201755791455
ARRIESGADO,7539,132.88150062171326
ARRIESGADO,7540,130.05798253238606
ARRIESGADO,7541,130.97842759134176
ARRIESGADO,7542,176.63234794378664
ARRIESGADO,7543,141.31457243581454
ARRIESGADO,7544,110.26542401743657
ARRIESGADO,7545,165.8525906626104
ARRIESGADO,7546,123.23081087109028
ARRIESGADO,7547,115.46623353742768
ARRIESGADO,7548,142.4337371654148
ARRIESGADO,7549,155.86482675603582
ARRIESGADO,7550,155.32647358575818
ARRIESGADO,7551,135.65274851980968
ARRIESGADO,7552,139.3933507905968
ARRIESGADO,7553,105.36843305207545
ARRIESGADO,7554,124.64044575371557
ARRIESGADO,7555,138.58549192209398
ARRIESGADO,7556,154.62844979015378
ARRIESGADO,7557,149.42585618236006
ARRIESGADO,7558,189.86071277228456
ARRIESGADO,7559,182.29014552152677
ARRIESGADO,7560,144.74726989601496
ARRIESGADO,7561,159.16241286511558
ARRIESGADO,7562,154.4806946727384
ARRIESGADO,7563,122.09832805378993
ARRIESGADO,7564,163.70458607869503
ARRIESGADO,7565,140.08501329036093
ARRIESGADO,7566,153.14182945447072
ARRIESGADO,7567,172.20113007810295
ARRIESGADO,7568,154.09374253405807
ARRIESGADO,7569,144.11117915859447
ARRIESGADO,7570,139.6772902035605
ARRIESGADO,7571,170.10616323991468
ARRIESGADO,7572,140.02604423989135
ARRIESGADO,7573,174.73384484359116
ARRIESGADO,7574,125.78248542858988
ARRIESGADO,7575,158.1596852872167
ARRIESGADO,7576,155.2107961649964
ARRIESGADO,7577,123.17410941490029
ARRIESGADO,7578,178.36663707825045
ARRIESGADO,7579,112.53318646534639
ARRIESGADO,7580,117.08990243103621
ARRIESGADO,7581,141.20401690016277
ARRIESGADO,7582,152.90474248505066
ARRIESGADO,7583,99.17038671308622
ARRIESGADO,7584,151.1484778857288
ARRIESGADO,7585,79.16328302414139
ARRIESGADO,7586,184.20126037870918
ARRIESGADO,7587,131.4568112232298
ARRIESGADO,7588,102.73588456894946
ARRIESGADO,7589,125.73122308488196
ARRIESGADO,7590,143.9613614939092
ARRIESGADO,7591,198.37148164772498
ARRIESGADO,7592,164.324168201315
ARRIESGADO,7593,116.6031896375281
ARRIESGADO,7594,127.52833081969702
ARRIESGADO,7595,189.5187669437093
ARRIESGADO,7596,137.80739718977009
ARRIESGADO,7597,154.0530229840176
ARRIESGADO,7598,148.6956691608354
ARRIESGADO,7599,167.39784956637436
ARRIESGADO,7600,151.13872278564824
ARRIESGADO,7601,131.65272954726447
ARRIESGADO,7602,165.15994257996365
ARRIESGADO,7603,173.75175574663115
ARRIESGADO,7604,154.4066292024334
ARRIESGADO,7605,104.55269139973807
ARRIESGADO,7606,148.2615250529449
ARRIESGADO,7607,120.89245602775978
ARRIESGADO,7608,150.35173244630323
ARRIESGADO,7609,99.44587966022185
ARRIESGADO,7610,163.6024017321452
ARRIESGADO,7611,100.73349973127992
ARRIESGADO,7612,131.3142426308503
ARRIESGADO,7613,156.3393770185262
ARRIESGADO,7614,110.52342233751205
ARRIESGADO,7615,186.56364567326654
ARRIESGADO,7616,171.59751105570737
ARRIESGADO,7617,114.42706259519312
ARRIESGADO,7618,158.99194571336804
ARRIESGADO,7619,164.54102973284958
ARRIESGADO,7620,149.45708581436344
ARRIESGADO,7621,165.47001252238735
ARRIESGADO,7622,150.95387834839255
ARRIESGADO,7623,116.0916457037921
ARRIESGADO,7624,117.31348457499209
ARRIESGADO,7625,154.80731685949613
ARRIESGADO,7626,122.78955375339922
ARRIESGADO,7627,154.07741082052314
ARRIESGADO,7628,148.63780349020072
ARRIESGADO,7629,118.67690747830383
ARRIESGADO,7630,143.03170539789474
ARRIESGADO,7631,148.62710468633554
ARRIESGADO,7632,137.5914107910571
ARRIESGADO,7633,124.96006419861511
ARRIESGADO,7634,203.1795169810727
ARRIESGADO,7635,139.3302037172613
ARRIESGADO,7636,128.91371052861618
ARRIESGADO,7637,123.12009893327044
ARRIESGADO,7638,166.943068309147
ARRIESGADO,7639,99.69607604590031
ARRIESGADO,7640,134.50297460133663
ARRIESGADO,7641,184.19746508557463
ARRIESGADO,7642,156.95716783204182
ARRIESGADO,7643,110.33758128642816
ARRIESGADO,7644,175.11849106040103
ARRIESGADO,7645,127.26661718154241
ARRIESGADO,7646,140.512492654728
ARRIESGADO,7647,121.38080472936849
ARRIESGADO,7648,120.58886514694794
ARRIESGADO,7649,194.32529388870697
ARRIESGADO,7650,135.56332739176452
ARRIESGADO,7651,154.4385128831012
ARRIESGADO,7652,140.34951551096137
ARRIESGADO,7653,157.99786770390625
ARRIESGADO,7654,146.94971460699108
ARRIESGADO,7655,135.97108749316322
ARRIESGADO,7656,156.40145346842715
ARRIESGADO,7657,134.40756377508913
ARRIESGADO,7658,149.00710936223942
ARRIESGADO,7659,140.41695616224817
ARRIESGADO,7660,200.11223399986417
ARRIESGADO,7661,131.88938351876058
ARRIESGADO,7662,135.48567713599388
ARRIESGADO,7663,174.82573287129696
ARRIESGADO,7664,113.95357597749572
ARRIESGADO,7665,147.90006403653518
ARRIESGADO,7666,108.41883509033691
ARRIESGADO,7667,155.53882778224732
ARRIESGADO,7668,122.93905004932502
ARRIESGADO,7669,113.76427597790634
ARRIESGADO,7670,182.04337849808098
ARRIESGADO,7671,110.91885647195595
ARRIESGADO,7672,128.0227502473863
ARRIESGADO,7673,150.72483105490764
ARRIESGADO,7674,171.40893234877862
ARRIESGADO,7675,157.68295065807087
ARRIESGADO,7676,143.3044763300046
ARRIESGADO,7677,118.65209711943557
ARRIESGADO,7678,105.7408478836955
ARRIESGADO,7679,187.5198371888826
ARRIESGADO,7680,155.1571768169112
ARRIESGADO,7681,112.51422256078642
ARRIESGADO,7682,155.08041067861552
ARRIESGADO,7683,120.121270207885
ARRIESGADO,7684,139.2472655485462
ARRIESGADO,7685,182.33417856720627
ARRIESGADO,7686,112.67613143146392
ARRIESGADO,7687,149.8470618639756
ARRIESGADO,7688,113.10149270708962
ARRIESGADO,7689,160.679175432156
ARRIESGADO,7690,146.0126359299441
ARRIESGADO,7691,159.66627442236683
ARRIESGADO,7692,129.43810489973814
ARRIESGADO,7693,149.47442634268518
ARRIESGADO,7694,128.58118058690087
ARRIESGADO,7695,116.8627481075915
ARRIESGADO,7696,163.3827932422596
ARRIESGADO,7697,155.50511892616652
ARRIESGADO,7698,155.4182950041988
ARRIESGADO,7699,127.68859176725985
ARRIESGADO,7700,182.360334784891
ARRIESGADO,7701,110.70578547261482
ARRIESGADO,7702,203.85548796297905
ARRIESGADO,7703,165.79936056399248
ARRIESGADO,7704,137.07798712122286
ARRIESGADO,7705,112.73707412893586
ARRIESGADO,7706,150.11053958781156
ARRIESGADO,7707,150.23588291146459
ARRIESGADO,7708,170.12233059568536
ARRIESGADO,7709,145.34229265798928
ARRIESGADO,7710,142.6776215966713
ARRIESGADO,7711,160.18527597836683
ARRIESGADO,7712,121.68264229247696
ARRIESGADO,7713,153.68784068190413
ARRIESGADO,7714,149.4672020747881
ARRIESGADO,7715,131.09670587672565
ARRIESGADO,7716,174.41398760911346
ARRIESGADO,7717,197.36641929895265
ARRIESGADO,7718,174.98435692788507
ARRIESGADO,7719,131.57035714094258
ARRIESGADO,7720,103.89542348606844
ARRIESGADO,7721,138.17551157758757
ARRIESGADO,7722,124.36192993239756
ARRIESGADO,7723,145.74165141650957
ARRIESGADO,7724,156.2461900202728
ARRIESGADO,7725,184.07479071431118
ARRIESGADO,7726,129.75987830793744
ARRIESGADO,7727,152.07731440091092
ARRIESGADO,7728,198.13138480743999
ARRIESGADO,7729,160.90393422229243
ARRIESGADO,7730,163.79625004040292
ARRIESGADO,7731,188.83264257851954
ARRIESGADO,7732,190.08448984742932
ARRIESGADO,7733,149.5867507960825
ARRIESGADO,7734,185.59952071777371
ARRIESGADO,7735,106.08611051170647
ARRIESGADO,7736,153.07906419795782
ARRIESGADO,7737,140.27341352955818
ARRIESGADO,7738,126.9614521879447
ARRIESGADO,7739,146.547164998296
ARRIESGADO,7740,114.21881153079609
ARRIESGADO,7741,93.197814657257
ARRIESGADO,7742,187.07471775810092
ARRIESGADO,7743,151.812341038195
ARRIESGADO,7744,146.89602782368016
ARRIESGADO,7745,122.52450899730974
ARRIESGADO,7746,140.15575871567384
ARRIESGADO,7747,154.89357561289108
ARRIESGADO,7748,162.81875291154137
ARRIESGADO,7749,160.0471407576907
ARRIESGADO,7750,111.0108826980616
ARRIESGADO,7751,166.0520212126606
ARRIESGADO,7752,119.87283622633457
ARRIESGADO,7753,150.26209071340966
ARRIESGADO,7754,110.45597281973131
ARRIESGADO,7755,164.06916864659496
ARRIESGADO,7756,135.76540118995933
ARRIESGADO,7757,131.17116752272577
ARRIESGADO,7758,142.95043484188164
ARRIESGADO,7759,167.97415396797575
ARRIESGADO,7760,128.90723992952832
ARRIESGADO,7761,141.07476055927287
ARRIESGADO,7762,130.21477714529618
ARRIESGADO,7763,153.8950424699414
ARRIESGADO,7764,154.76545182722813
ARRIESGADO,7765,111.5765010341641
ARRIESGADO,7766,144.81477429711182
ARRIESGADO,7767,134.30879430237195
ARRIESGADO,7768,167.7857868076661
ARRIESGADO,7769,136.10604175649476
ARRIESGADO,7770,147.42815682622236
ARRIESGADO,7771,134.4648481054901
ARRIESGADO,7772,121.84973710429415
ARRIESGADO,7773,92.68395053453166
ARRIESGADO,7774,156.2758183650548
ARRIESGADO,7775,165.17771421581034
ARRIESGADO,7776,174.0614824219613
ARRIESGADO,7777,138.4691453139405
ARRIESGADO,7778,160.45017389524503
ARRIESGADO,7779,119.43532041666133
ARRIESGADO,7780,161.9078385962493
ARRIESGADO,7781,128.08243343316087
ARRIESGADO,7782,147.32930585858415
ARRIESGADO,7783,155.45547640633467
ARRIESGADO,7784,129.3815460668879
ARRIESGADO,7785,114.96175203745122
ARRIESGADO,7786,121.33443730244002
ARRIESGADO,7787,97.90068942947477
ARRIESGADO,7788,147.0486321406678
ARRIESGADO,7789,205.3145695347208
ARRIESGADO,7790,116.43838887951622
ARRIESGADO,7791,146.93330054499006
ARRIESGADO,7792,103.10253533832586
ARRIESGADO,7793,142.0454621555061
ARRIESGADO,7794,171.9245398831591
ARRIESGADO,7795,156.7451296289622
ARRIESGADO,7796,136.07923556009234
ARRIESGADO,7797,121.60096369411222
ARRIESGADO,7798,158.72739677813217
ARRIESGADO,7799,156.47574633011158
ARRIESGADO,7800,142.64765252886468
ARRIESGADO,7801,159.16099548019113
ARRIESGADO,7802,150.14474313581633
ARRIESGADO,7803,181.96704046173937
ARRIESGADO,7804,171.0574404203827
ARRIESGADO,7805,151.89552608194026
ARRIESGADO,7806,157.5428916558556
ARRIESGADO,7807,195.03295211716798
ARRIESGADO,7808,138.36710788105748
ARRIESGADO,7809,166.63451586309333
ARRIESGADO,7810,142.40736187708555
ARRIESGADO,7811,155.5508450565702
ARRIESGADO,7812,106.02849085778172
ARRIESGADO,7813,143.75927358379226
ARRIESGADO,7814,133.48941989832048
ARRIESGADO,7815,154.02942372337304
ARRIESGADO,7816,150.19936910848514
ARRIESGADO,7817,126.4003467484354
ARRIESGADO,7818,128.60326009512457
ARRIESGADO,7819,107.7339130581149
ARRIESGADO,7820,194.59473380441918
ARRIESGADO,7821,134.43000825061813
ARRIESGADO,7822,166.67669199133263
ARRIESGADO,7823,162.81271225671793
ARRIESGADO,7824,126.44247519947714
ARRIESGADO,7825,151.52198375490536
ARRIESGADO,7826,120.25067843516996
ARRIESGADO,7827,161.91671925475757
ARRIESGADO,7828,123.80317089009205
ARRIESGADO,7829,191.37554339201114
ARRIESGADO,7830,155.62634041471225
ARRIESGADO,7831,163.1764425680106
ARRIESGADO,7832,173.92686076965853
ARRIESGADO,7833,146.09338331045223
ARRIESGADO,7834,145.4356141104583
ARRIESGADO,7835,130.99764689449762
ARRIESGADO,7836,129.61722992818017
ARRIESGADO,7837,134.55513144706222
ARRIESGADO,7838,192.1258777692473
ARRIESGADO,7839,148.88415959277233
ARRIESGADO,7840,145.95396886882142
ARRIESGADO,7841,152.79656415504948
ARRIESGADO,7842,169.33811906789117
ARRIESGADO,7843,142.1369095059845
ARRIESGADO,7844,169.77772248225097
ARRIESGADO,7845,110.00292922619879
ARRIESGADO,7846,127.71750525129373
ARRIESGADO,7847,164.3611727681832
ARRIESGADO,7848,126.17481714577417
ARRIESGADO,7849,99.7818782378511
ARRIESGADO,7850,166.08435512746314
ARRIESGADO,7851,157.6314646172588
ARRIESGADO,7852,158.72831593912542
ARRIESGADO,7853,145.71793964259703
ARRIESGADO,7854,154.44407339803467
ARRIESGADO,7855,172.33177917791562
ARRIESGADO,7856,148.1545743841288
ARRIESGADO,7857,128.51606505624335
ARRIESGADO,7858,120.5677096628696
ARRIESGADO,7859,199.83421756316258
ARRIESGADO,7860,134.78245175028405
ARRIESGADO,7861,150.3174914707745
ARRIESGADO,7862,171.63350619911705
ARRIESGADO,7863,129.89227960766868
ARRIESGADO,7864,183.35429493826751
ARRIESGADO,7865,109.98779125855704
ARRIESGADO,7866,108.79417463284379
ARRIESGADO,7867,174.37673845720747
ARRIESGADO,7868,189.01873078052287
ARRIESGADO,7869,146.11659872588547
ARRIESGADO,7870,122.03991293022347
ARRIESGADO,7871,155.83024727045182
ARRIESGADO,7872,127.32435908950377
ARRIESGADO,7873,147.3171533482496
ARRIESGADO,7874,167.11903599954394
ARRIESGADO,7875,112.17185219473666
ARRIESGADO,7876,118.83615707811646
ARRIESGADO,7877,144.68636489911725
ARRIESGADO,7878,124.6881733956822
ARRIESGADO,7879,140.68688293365835
ARRIESGADO,7880,135.50698732993288
ARRIESGADO,7881,127.75262192819446
ARRIESGADO,7882,148.59400431689878
ARRIESGADO,7883,135.07164748103324
ARRIESGADO,7884,141.94178992263056
ARRIESGADO,7885,155.71586934842293
ARRIESGADO,7886,154.43790506976407
ARRIESGADO,7887,101.35165248348443
ARRIESGADO,7888,128.36954341071137
ARRIESGADO,7889,163.44651359087058
ARRIESGADO,7890,145.53328302884648
ARRIESGADO,7891,112.70507213502947
ARRIESGADO,7892,137.73803310928943
ARRIESGADO,7893,133.66191404798934
ARRIESGADO,7894,137.33377701904368
ARRIESGADO,7895,170.4494916633658
ARRIESGADO,7896,134.457698906293
ARRIESGADO,7897,158.9956256377851
ARRIESGADO,7898,121.79779985472034
ARRIESGADO,7899,171.80986846279063
ARRIESGADO,7900,163.26055658406688
ARRIESGADO,7901,136.24345233840432
ARRIESGADO,7902,156.0073730284605
ARRIESGADO,7903,154.71145091199952
ARRIESGADO,7904,110.13581286495224
ARRIESGADO,7905,144.84302624245183
ARRIESGADO,7906,101.20984688491959
ARRIESGADO,7907,200.81016582486745
ARRIESGADO,7908,151.36924539728383
ARRIESGADO,7909,154.2971777062155
ARRIESGADO,7910,152.84822895985073
ARRIESGADO,7911,152.12420724937223
ARRIESGADO,7912,160.72987732462965
ARRIESGADO,7913,112.97108801504811
ARRIESGADO,7914,177.54193316682293
ARRIESGADO,7915,123.99197476097928
ARRIESGADO,7916,174.8056821683112
ARRIESGADO,7917,103.79412147646134
ARRIESGADO,7918,123.0393645609776
ARRIESGADO,7919,155.59416344420262
ARRIESGADO,7920,168.69005813467822
ARRIESGADO,7921,130.02434317711808
ARRIESGADO,7922,159.30410657799857
ARRIESGADO,7923,148.881203953064
ARRIESGADO,7924,163.38920641245437
ARRIESGADO,7925,165.18555435781974
ARRIESGADO,7926,144.7876130828353
ARRIESGADO,7927,98.97942619408339
ARRIESGADO,7928,139.68695357843163
ARRIESGADO,7929,108.97927428296641
ARRIESGADO,7930,137.12783439505498
ARRIESGADO,7931,152.02445227040408
ARRIESGADO,7932,172.65592875200784
ARRIESGADO,7933,105.93279926185839
ARRIESGADO,7934,139.67784936826084
ARRIESGADO,7935,146.37679527778673
ARRIESGADO,7936,128.7393584314743
ARRIESGADO,7937,110.29575988021665
ARRIESGADO,7938,137.4171737254329
ARRIESGADO,7939,113.24765390301843
ARRIESGADO,7940,119.45891568918982
ARRIESGADO,7941,147.13704138704372
ARRIESGADO,7942,192.90492293912857
ARRIESGADO,7943,150.33300307449522
ARRIESGADO,7944,177.30239658897605
ARRIESGADO,7945,145.15622131862244
ARRIESGADO,7946,173.48983531950836
ARRIESGADO,7947,127.86698633055049
ARRIESGADO,7948,129.56561321502747
ARRIESGADO,7949,157.53593023302824
ARRIESGADO,7950,167.37277783083832
ARRIESGADO,7951,168.57417480503278
ARRIESGADO,7952,154.7053042741711
ARRIESGADO,7953,121.84477256842645
ARRIESGADO,7954,148.60370304468947
ARRIESGADO,7955,185.31881877590365
ARRIESGADO,7956,154.07567202354738
ARRIESGADO,7957,158.80398610405405
ARRIESGADO,7958,142.6615623065976
ARRIESGADO,7959,165.4354161370574
ARRIESGADO,7960,143.48691516233288
ARRIESGADO,7961,160.06215970242806
ARRIESGADO,7962,171.23358863864382
ARRIESGADO,7963,140.47163261825227
ARRIESGADO,7964,146.9087128190997
ARRIESGADO,7965,120.77689874549645
ARRIESGADO,7966,122.03611263257352
ARRIESGADO,7967,183.05945920599925
ARRIESGADO,7968,171.91079271339157
ARRIESGADO,7969,163.2474196473782
ARRIESGADO,7970,136.07487207097842
ARRIESGADO,7971,128.312166315067
ARRIESGADO,7972,127.83937866725915
ARRIESGADO,7973,174.5058259732418
ARRIESGADO,7974,122.44914030609597
ARRIESGADO,7975,174.6139540190815
ARRIESGADO,7976,166.16326063141273
ARRIESGADO,7977,190.93000236374093
ARRIESGADO,7978,145.67045142266605
ARRIESGADO,7979,93.81770131555537
ARRIESGADO,7980,174.63469754749715
ARRIESGADO,7981,164.1540168516493
ARRIESGADO,7982,119.87463568574405
ARRIESGADO,7983,114.5620850156315
ARRIESGADO,7984,156.99167715628192
ARRIESGADO,7985,124.24742680366725
ARRIESGADO,7986,131.17359879816578
ARRIESGADO,7987,165.7737874829048
ARRIESGADO,7988,104.16195869316006
ARRIESGADO,7989,146.4618527191076
ARRIESGADO,7990,150.77311167997027
ARRIESGADO,7991,151.04967168452504
ARRIESGADO,7992,146.07834010252787
ARRIESGADO,7993,153.96417110610722
ARRIESGADO,7994,166.06092349909827
ARRIESGADO,7995,122.0630397779052
ARRIESGADO,7996,127.32556396203785
ARRIESGADO,7997,158.3589769257327
ARRIESGADO,7998,161.18780027933633
ARRIESGADO,7999,173.65121883116007
ARRIESGADO,8000,105.45128105179248
ARRIESGADO,8001,152.442493136144
ARRIESGADO,8002,121.71431453816943
ARRIESGADO,8003,177.86359637019976
ARRIESGADO,8004,174.40641355272422
ARRIESGADO,8005,156.67997438857662
ARRIESGADO,8006,166.1692774562424
ARRIESGADO,8007,114.97225788728771
ARRIESGADO,8008,181.22676874037288
ARRIESGADO,8009,166.52476792428132
ARRIESGADO,8010,171.6138401690772
ARRIESGADO,8011,179.83711023434807
ARRIESGADO,8012,156.8194819047688
ARRIESGADO,8013,149.90800722562284
ARRIESGADO,8014,156.2413548861563
ARRIESGADO,8015,108.49242414670597
ARRIESGADO,8016,167.66229027880894
ARRIESGADO,8017,170.97513590800793
ARRIESGADO,8018,145.2240816124653
ARRIESGADO,8019,139.48968320244342
ARRIESGADO,8020,137.65223449097283
ARRIESGADO,8021,147.46727363306346
ARRIESGADO,8022,180.66683051344432
ARRIESGADO,8023,101.29354089355016
ARRIESGADO,8024,116.42326422377228
ARRIESGADO,8025,149.98511074841633
ARRIESGADO,8026,150.11895724345956
ARRIESGADO,8027,157.08389847163502
ARRIESGADO,8028,182.6317109758054
ARRIESGADO,8029,150.04103793268553
ARRIESGADO,8030,179.93409869391542
ARRIESGADO,8031,130.81667773434322
ARRIESGADO,8032,147.57868064169062
ARRIESGADO,8033,147.27963695433905
ARRIESGADO,8034,154.6374154060857
ARRIESGADO,8035,165.17233120494947
ARRIESGADO,8036,121.08181725781996
ARRIESGADO,8037,150.63492408453135
ARRIESGADO,8038,124.90997152252567
ARRIESGADO,8039,132.61007048072454
ARRIESGADO,8040,150.62272084352963
ARRIESGADO,8041,122.65482957918707
ARRIESGADO,8042,161.19242497427922
ARRIESGADO,8043,147.02888608766636
ARRIESGADO,8044,161.5312341011687
ARRIESGADO,8045,130.63096414462245
ARRIESGADO,8046,147.8889372462316
ARRIESGADO,8047,164.98173447891872
ARRIESGADO,8048,155.32032260386052
ARRIESGADO,8049,178.98283342285256
ARRIESGADO,8050,144.04055140937334
ARRIESGADO,8051,141.1351792415566
ARRIESGADO,8052,178.9336205671264
ARRIESGADO,8053,131.1019717906982
ARRIESGADO,8054,132.2953556579958
ARRIESGADO,8055,151.43576022665175
ARRIESGADO,8056,146.655127975374
ARRIESGADO,8057,77.9667671429822
ARRIESGADO,8058,112.3744762141365
ARRIESGADO,8059,134.04325691398057
ARRIESGADO,8060,171.69645669701777
ARRIESGADO,8061,142.66747203219782
ARRIESGADO,8062,143.37432898640415
ARRIESGADO,8063,153.29892375859774
ARRIESGADO,8064,105.71055882269697
ARRIESGADO,8065,114.07395464975355
ARRIESGADO,8066,154.15543666631794
ARRIESGADO,8067,115.24040326461525
ARRIESGADO,8068,121.4512675086861
ARRIESGADO,8069,145.375095924475
ARRIESGADO,8070,174.57591766171998
ARRIESGADO,8071,150.97394202606995
ARRIESGADO,8072,179.10433486789563
ARRIESGADO,8073,127.59364258594329
ARRIESGADO,8074,184.41258298192076
ARRIESGADO,8075,201.38816673931348
ARRIESGADO,8076,127.85817060356845
ARRIESGADO,8077,139.04768879215132
ARRIESGADO,8078,124.18782703362017
ARRIESGADO,8079,149.29163430984568
ARRIESGADO,8080,166.05340401908637
ARRIESGADO,8081,173.85439836901506
ARRIESGADO,8082,150.50709931166693
ARRIESGADO,8083,176.50401219272084
ARRIESGADO,8084,98.27990399039814
ARRIESGADO,8085,118.25226629918811
ARRIESGADO,8086,141.127208297549
ARRIESGADO,8087,174.00909759587685
ARRIESGADO,8088,155.5445363854135
ARRIESGADO,8089,143.09678593779645
ARRIESGADO,8090,133.49411012060972
ARRIESGADO,8091,109.28306012779822
ARRIESGADO,8092,150.86913663803992
ARRIESGADO,8093,140.78487197161024
ARRIESGADO,8094,142.02365727100863
ARRIESGADO,8095,147.01460017798328
ARRIESGADO,8096,120.90660170613072
ARRIESGADO,8097,167.6711331433013
ARRIESGADO,8098,123.85502177763328
ARRIESGADO,8099,173.5831737552461
ARRIESGADO,8100,160.8909986035861
ARRIESGADO,8101,134.85873599932526
ARRIESGADO,8102,160.35836624800618
ARRIESGADO,8103,157.99651546642187
ARRIESGADO,8104,169.60805264309568
ARRIESGADO,8105,136.95099455450114
ARRIESGADO,8106,136.32894487617787
ARRIESGADO,8107,96.77695611102864
ARRIESGADO,8108,138.6062245620212
ARRIESGADO,8109,138.16254098655162
ARRIESGADO,8110,142.6158150664407
ARRIESGADO,8111,141.9234206364056
ARRIESGADO,8112,159.3974394367898
ARRIESGADO,8113,166.7006128809058
ARRIESGADO,8114,126.94740271938477
ARRIESGADO,8115,139.8997271212137
ARRIESGADO,8116,157.55143421581622
ARRIESGADO,8117,190.95488379096219
ARRIESGADO,8118,135.10549338265844
ARRIESGADO,8119,140.83163013254696
ARRIESGADO,8120,157.5663585854881
ARRIESGADO,8121,190.673384915248
ARRIESGADO,8122,148.4873433940081
ARRIESGADO,8123,144.33861440467612
ARRIESGADO,8124,144.46660269175422
ARRIESGADO,8125,126.39962789263205
ARRIESGADO,8126,69.75843905269994
ARRIESGADO,8127,121.42691380686325
ARRIESGADO,8128,138.99035834087167
ARRIESGADO,8129,148.0574707849301
ARRIESGADO,8130,173.26828562337366
ARRIESGADO,8131,150.24642980026925
ARRIESGADO,8132,145.5081726254706
ARRIESGADO,8133,134.44816059561936
ARRIESGADO,8134,117.61168183497385
ARRIESGADO,8135,133.8637287801841
ARRIESGADO,8136,125.7466316129202
ARRIESGADO,8137,143.1504355491223
ARRIESGADO,8138,125.93803368054557
ARRIESGADO,8139,132.52217471203502
ARRIESGADO,8140,126.06823933062154
ARRIESGADO,8141,141.08176946789362
ARRIESGADO,8142,126.01671365729256
ARRIESGADO,8143,153.1108623027705
ARRIESGADO,8144,147.79224036074476
ARRIESGADO,8145,161.8522768529331
ARRIESGADO,8146,128.83830996907966
ARRIESGADO,8147,101.584954318601
ARRIESGADO,8148,165.39178458676042
ARRIESGADO,8149,131.36647059137644
ARRIESGADO,8150,155.72372934771258
ARRIESGADO,8151,160.61060761638487
ARRIESGADO,8152,122.20355775836461
ARRIESGADO,8153,157.95528860509515
ARRIESGADO,8154,150.52844658185035
ARRIESGADO,8155,73.48131367150566
ARRIESGADO,8156,143.82512442513828
ARRIESGADO,8157,104.37075913253665
ARRIESGADO,8158,189.85154683500974
ARRIESGADO,8159,149.40387896058803
ARRIESGADO,8160,148.9651419986891
ARRIESGADO,8161,121.47188352923055
ARRIESGADO,8162,162.58539273808142
ARRIESGADO,8163,153.53099508549798
ARRIESGADO,8164,133.98680117765244
ARRIESGADO,8165,162.83169457917595
ARRIESGADO,8166,151.62297356600044
ARRIESGADO,8167,145.53943615736472
ARRIESGADO,8168,159.71365361126354
ARRIESGADO,8169,155.95206447818833
ARRIESGADO,8170,136.35539608157265
ARRIESGADO,8171,142.4138824085991
ARRIESGADO,8172,160.82060888069208
ARRIESGADO,8173,128.70086483678162
ARRIESGADO,8174,187.8854958827279
ARRIESGADO,8175,121.91963805059423
ARRIESGADO,8176,174.5989408689161
ARRIESGADO,8177,158.43919517589603
ARRIESGADO,8178,142.4808154615928
ARRIESGADO,8179,198.6341427560729
ARRIESGADO,8180,130.44895102852328
ARRIESGADO,8181,143.84327927679354
ARRIESGADO,8182,122.76218526684242
ARRIESGADO,8183,155.69241898724997
ARRIESGADO,8184,173.94066913693337
ARRIESGADO,8185,167.7498162743692
ARRIESGADO,8186,145.4174848350921
ARRIESGADO,8187,134.29692340614497
ARRIESGADO,8188,141.73669970553945
ARRIESGADO,8189,162.31278966816006
ARRIESGADO,8190,146.08038828419927
ARRIESGADO,8191,139.24530534684428
ARRIESGADO,8192,152.438268145523
ARRIESGADO,8193,169.26530944006794
ARRIESGADO,8194,100.32926241919496
ARRIESGADO,8195,160.9277837812573
ARRIESGADO,8196,192.07626848660246
ARRIESGADO,8197,134.55086648269253
ARRIESGADO,8198,146.88284599306263
ARRIESGADO,8199,149.56805221954528
ARRIESGADO,8200,181.33000931284488
ARRIESGADO,8201,140.9673518180036
ARRIESGADO,8202,130.4985737570492
ARRIESGADO,8203,134.1154418811487
ARRIESGADO,8204,131.22500111139584
ARRIESGADO,8205,124.17075613435608
ARRIESGADO,8206,131.92228262116257
ARRIESGADO,8207,161.81891077081895
ARRIESGADO,8208,118.21559001400718
ARRIESGADO,8209,133.27711863168759
ARRIESGADO,8210,130.34751090735784
ARRIESGADO,8211,149.2596417434666
ARRIESGADO,8212,133.45605856604064
ARRIESGADO,8213,160.16617311521068
ARRIESGADO,8214,147.49106467050822
ARRIESGADO,8215,119.68936942188803
ARRIESGADO,8216,130.9656437449774
ARRIESGADO,8217,125.09554028674832
ARRIESGADO,8218,97.01725778403195
ARRIESGADO,8219,104.84539731449222
ARRIESGADO,8220,216.20456383806203
ARRIESGADO,8221,85.56311948132708
ARRIESGADO,8222,140.12086861342277
ARRIESGADO,8223,163.85591941073898
ARRIESGADO,8224,113.95017030817759
ARRIESGADO,8225,137.51829652513948
ARRIESGADO,8226,149.16064040409168
ARRIESGADO,8227,165.60429767912356
ARRIESGADO,8228,132.21132187895884
ARRIESGADO,8229,136.6592007565268
ARRIESGADO,8230,133.3408234377904
ARRIESGADO,8231,146.9633518009137
ARRIESGADO,8232,152.32822615462507
ARRIESGADO,8233,139.68183774794997
ARRIESGADO,8234,108.46199668125865
ARRIESGADO,8235,127.71427857391689
ARRIESGADO,8236,128.41704538424761
ARRIESGADO,8237,144.91128045887592
ARRIESGADO,8238,148.23904608411863
ARRIESGADO,8239,175.4563159755376
ARRIESGADO,8240,141.8699804477701
ARRIESGADO,8241,176.8834476143032
ARRIESGADO,8242,136.267451843776
ARRIESGADO,8243,152.95834146724138
ARRIESGADO,8244,151.27472605566163
ARRIESGADO,8245,137.77706782284275
ARRIESGADO,8246,134.67574558740606
ARRIESGADO,8247,95.8676356540053
ARRIESGADO,8248,113.49925213782295
ARRIESGADO,8249,101.08476311248481
ARRIESGADO,8250,154.69435673918628
ARRIESGADO,8251,116.25729943422922
ARRIESGADO,8252,110.41648554883173
ARRIESGADO,8253,104.21062288450727
ARRIESGADO,8254,130.38887607715233
ARRIESGADO,8255,148.22905608906166
ARRIESGADO,8256,111.29214779030967
ARRIESGADO,8257,147.79077183118702
ARRIESGADO,8258,127.94993802935328
ARRIESGADO,8259,153.9793657753113
ARRIESGADO,8260,105.72772379207225
ARRIESGADO,8261,159.7791447527519
ARRIESGADO,8262,152.4014311285315
ARRIESGADO,8263,121.027267644057
ARRIESGADO,8264,95.32290638432215
ARRIESGADO,8265,125.05199142178711
ARRIESGADO,8266,156.38501963544795
ARRIESGADO,8267,120.58919935028844
ARRIESGADO,8268,146.6664739694425
ARRIESGADO,8269,170.01582014039778
ARRIESGADO,8270,120.25344946139556
ARRIESGADO,8271,157.4044678514224
ARRIESGADO,8272,154.56673447773903
ARRIESGADO,8273,120.35831432349366
ARRIESGADO,8274,149.8432086101831
ARRIESGADO,8275,117.44870206267211
ARRIESGADO,8276,128.1981828298998
ARRIESGADO,8277,117.0048243036991
ARRIESGADO,8278,164.8010072508766
ARRIESGADO,8279,200.35734596080297
ARRIESGADO,8280,136.00822063304807
ARRIESGADO,8281,123.82641996314729
ARRIESGADO,8282,140.32079593525722
ARRIESGADO,8283,158.77754406278308
ARRIESGADO,8284,174.71094052958466
ARRIESGADO,8285,167.20632543366872
ARRIESGADO,8286,162.98077160594508
ARRIESGADO,8287,131.58100291336342
ARRIESGADO,8288,157.66532130829702
ARRIESGADO,8289,120.59411965859003
ARRIESGADO,8290,133.73591358829302
ARRIESGADO,8291,113.92803264346283
ARRIESGADO,8292,201.78031425084706
ARRIESGADO,8293,162.34505756483173
ARRIESGADO,8294,159.689507237535
ARRIESGADO,8295,109.9201788814838
ARRIESGADO,8296,171.09262497682627
ARRIESGADO,8297,116.4963359774509
ARRIESGADO,8298,146.16057833632843
ARRIESGADO,8299,98.79063445492125
ARRIESGADO,8300,100.28366192639135
ARRIESGADO,8301,126.69766690894174
ARRIESGADO,8302,106.99921514543391
ARRIESGADO,8303,132.69985213700863
ARRIESGADO,8304,153.68380220973037
ARRIESGADO,8305,152.76470361122693
ARRIESGADO,8306,147.48029612010572
ARRIESGADO,8307,115.593667280515
ARRIESGADO,8308,146.03588498639135
ARRIESGADO,8309,128.87070004332975
ARRIESGADO,8310,137.2771196487023
ARRIESGADO,8311,154.01700632392993
ARRIESGADO,8312,150.38981474581152
ARRIESGADO,8313,144.78621960519533
ARRIESGADO,8314,182.87601223386173
ARRIESGADO,8315,96.83022948557243
ARRIESGADO,8316,168.60979879503196
ARRIESGADO,8317,101.61895333150127
ARRIESGADO,8318,140.84013303296823
ARRIESGADO,8319,141.8360380074172
ARRIESGADO,8320,154.45588378075325
ARRIESGADO,8321,104.17290129905534
ARRIESGADO,8322,141.6433205965767
ARRIESGADO,8323,167.77720064801312
ARRIESGADO,8324,147.72338759719784
ARRIESGADO,8325,175.20356049121338
ARRIESGADO,8326,169.73072765291698
ARRIESGADO,8327,159.67789405553577
ARRIESGADO,8328,142.56228260973958
ARRIESGADO,8329,117.37260777450003
ARRIESGADO,8330,151.17773445115546
ARRIESGADO,8331,137.83266121475216
ARRIESGADO,8332,111.42227580993071
ARRIESGADO,8333,163.98178222677848
ARRIESGADO,8334,137.4879617169326
ARRIESGADO,8335,152.81851151050256
ARRIESGADO,8336,99.74790779637942
ARRIESGADO,8337,121.00722563276226
ARRIESGADO,8338,122.48134098884634
ARRIESGADO,8339,122.4194896365646
ARRIESGADO,8340,176.32498701312645
ARRIESGADO,8341,159.7636215851168
ARRIESGADO,8342,154.07197843112917
ARRIESGADO,8343,117.73535685222674
ARRIESGADO,8344,142.92254746654237
ARRIESGADO,8345,124.97607143268075
ARRIESGADO,8346,137.90674957851837
ARRIESGADO,8347,177.33504212559552
ARRIESGADO,8348,174.54060365040613
ARRIESGADO,8349,112.34870815699482
ARRIESGADO,8350,133.23228496762488
ARRIESGADO,8351,121.9726562537479
ARRIESGADO,8352,125.38739826788915
ARRIESGADO,8353,111.51698166430683
ARRIESGADO,8354,163.1494942172241
ARRIESGADO,8355,150.44868353240867
ARRIESGADO,8356,140.4731977442802
ARRIESGADO,8357,91.26382715386994
ARRIESGADO,8358,129.3150052577705
ARRIESGADO,8359,151.77125892943695
ARRIESGADO,8360,125.55741210715723
ARRIESGADO,8361,147.39149546519246
ARRIESGADO,8362,152.69385575464864
ARRIESGADO,8363,115.49054216486755
ARRIESGADO,8364,125.20563057477716
ARRIESGADO,8365,145.87305314783057
ARRIESGADO,8366,133.39167927387723
ARRIESGADO,8367,111.39169127749268
ARRIESGADO,8368,176.7122796284332
ARRIESGADO,8369,148.28070436587683
ARRIESGADO,8370,136.69911830335502
ARRIESGADO,8371,147.4415263724904
ARRIESGADO,8372,142.50080302479208
ARRIESGADO,8373,146.31367442732363
ARRIESGADO,8374,120.00577112157323
ARRIESGADO,8375,127.94373247849
ARRIESGADO,8376,163.2606412460548
ARRIESGADO,8377,156.80699562662198
ARRIESGADO,8378,190.9169793324436
ARRIESGADO,8379,111.0307899598288
ARRIESGADO,8380,157.35282858939365
ARRIESGADO,8381,134.67923256619278
ARRIESGADO,8382,122.69934050584325
ARRIESGADO,8383,166.72668886320773
ARRIESGADO,8384,183.76435230146961
ARRIESGADO,8385,124.08986416819788
ARRIESGADO,8386,176.03041259687316
ARRIESGADO,8387,135.21392258490542
ARRIESGADO,8388,149.76676575822353
ARRIESGADO,8389,163.15289586019554
ARRIESGADO,8390,176.04004987817808
ARRIESGADO,8391,135.22541279596402
ARRIESGADO,8392,137.94421450246642
ARRIESGADO,8393,127.47648029243611
ARRIESGADO,8394,132.57823808908563
ARRIESGADO,8395,117.65971011478138
ARRIESGADO,8396,128.53804015652364
ARRIESGADO,8397,145.4200165841877
ARRIESGADO,8398,161.5018549421182
ARRIESGADO,8399,131.04061855340038
ARRIESGADO,8400,149.42304055068294
ARRIESGADO,8401,153.93821702831724
ARRIESGADO,8402,159.32401772248784
ARRIESGADO,8403,157.26175971534994
ARRIESGADO,8404,147.96414673319788
ARRIESGADO,8405,145.00745342296088
ARRIESGADO,8406,140.15885562607863
ARRIESGADO,8407,115.20367342706636
ARRIESGADO,8408,164.0271912076954
ARRIESGADO,8409,180.02623152697802
ARRIESGADO,8410,123.82013710423062
ARRIESGADO,8411,131.86054444043143
ARRIESGADO,8412,143.99926821068857
ARRIESGADO,8413,134.3881890303321
ARRIESGADO,8414,125.49588829519035
ARRIESGADO,8415,181.21579474650704
ARRIESGADO,8416,156.98495686019868
ARRIESGADO,8417,165.45170381210463
ARRIESGADO,8418,141.70040769650095
ARRIESGADO,8419,104.60061000039136
ARRIESGADO,8420,119.1843032129565
ARRIESGADO,8421,140.7961457742139
ARRIESGADO,8422,149.4883402854548
ARRIESGADO,8423,160.3698407708181
ARRIESGADO,8424,115.48708990615278
ARRIESGADO,8425,113.36950202722407
ARRIESGADO,8426,124.08458261332075
ARRIESGADO,8427,149.34372285687488
ARRIESGADO,8428,198.29107083545858
ARRIESGADO,8429,178.07359275330887
ARRIESGADO,8430,147.77139857257345
ARRIESGADO,8431,120.68302015305736
ARRIESGADO,8432,145.08815001605507
ARRIESGADO,8433,133.54540845085225
ARRIESGADO,8434,137.97369955662285
ARRIESGADO,8435,139.8033209956056
ARRIESGADO,8436,164.1953108460575
ARRIESGADO,8437,157.72744017876263
ARRIESGADO,8438,148.09512806481152
ARRIESGADO,8439,103.88125758920245
ARRIESGADO,8440,117.40521676475942
ARRIESGADO,8441,116.84768789875346
ARRIESGADO,8442,126.40130190857161
ARRIESGADO,8443,156.50817710731081
ARRIESGADO,8444,142.97008930800354
ARRIESGADO,8445,171.6895885353399
ARRIESGADO,8446,115.12701438534593
ARRIESGADO,8447,185.7814523198976
ARRIESGADO,8448,129.29686653528702
ARRIESGADO,8449,143.78090633253038
ARRIESGADO,8450,122.06145568592667
ARRIESGADO,8451,117.68947675077112
ARRIESGADO,8452,136.7719693562071
ARRIESGADO,8453,163.03497168103019
ARRIESGADO,8454,128.11544275042485
ARRIESGADO,8455,176.62482300708368
ARRIESGADO,8456,95.96719709944298
ARRIESGADO,8457,125.37182743794715
ARRIESGADO,8458,136.0598833100139
ARRIESGADO,8459,155.92850341158697
ARRIESGADO,8460,144.74351726796937
ARRIESGADO,8461,137.7681327402217
ARRIESGADO,8462,135.09464151847055
ARRIESGADO,8463,122.51440204673337
ARRIESGADO,8464,124.33122967133818
ARRIESGADO,8465,152.11200022091148
ARRIESGADO,8466,157.549176142124
ARRIESGADO,8467,170.55571066332698
ARRIESGADO,8468,131.3180181396853
ARRIESGADO,8469,180.05832757876166
ARRIESGADO,8470,119.6515138651891
ARRIESGADO,8471,112.94137129071561
ARRIESGADO,8472,165.5871023704874
ARRIESGADO,8473,162.0879999674717
ARRIESGADO,8474,124.50110126940669
ARRIESGADO,8475,116.58264416348119
ARRIESGADO,8476,148.2279319471417
ARRIESGADO,8477,149.106233276618
ARRIESGADO,8478,125.55428921330291
ARRIESGADO,8479,137.12623745401206
ARRIESGADO,8480,166.23814190146078
ARRIESGADO,8481,140.11727125711667
ARRIESGADO,8482,99.43420762374043
ARRIESGADO,8483,145.93337380054408
ARRIESGADO,8484,108.21959009180694
ARRIESGADO,8485,143.82067071326335
ARRIESGADO,8486,121.56795083449958
ARRIESGADO,8487,142.74944457820195
ARRIESGADO,8488,141.98340220161185
ARRIESGADO,8489,119.31195686093434
ARRIESGADO,8490,175.02739241364085
ARRIESGADO,8491,161.0532741681237
ARRIESGADO,8492,171.7847757664136
ARRIESGADO,8493,110.06224791479082
ARRIESGADO,8494,134.9960804374819
ARRIESGADO,8495,126.62459011932958
ARRIESGADO,8496,157.3097010705884
ARRIESGADO,8497,146.863775462423
ARRIESGADO,8498,171.9664909848666
ARRIESGADO,8499,141.5465712096649
ARRIESGADO,8500,128.48458177761273
ARRIESGADO,8501,148.09190316841207
ARRIESGADO,8502,182.40717283948067
ARRIESGADO,8503,150.3129494044703
ARRIESGADO,8504,166.93153248692693
ARRIESGADO,8505,122.58506635463044
ARRIESGADO,8506,151.70777821620572
ARRIESGADO,8507,168.68121343039246
ARRIESGADO,8508,157.50807916865475
ARRIESGADO,8509,161.7059294057727
ARRIESGADO,8510,159.1626632111317
ARRIESGADO,8511,176.02635635153678
ARRIESGADO,8512,165.50258170065456
ARRIESGADO,8513,155.5401454731149
ARRIESGADO,8514,156.4815515728061
ARRIESGADO,8515,157.0017127659965
ARRIESGADO,8516,121.63616038309202
ARRIESGADO,8517,154.7621202376563
ARRIESGADO,8518,154.69897468595883
ARRIESGADO,8519,134.6913174340084
ARRIESGADO,8520,114.45178413592508
ARRIESGADO,8521,160.1706852850426
ARRIESGADO,8522,136.67430963983605
ARRIESGADO,8523,161.11793141808536
ARRIESGADO,8524,157.6702435500898
ARRIESGADO,8525,114.38306257006738
ARRIESGADO,8526,124.89824040468824
ARRIESGADO,8527,144.14866897374264
ARRIESGADO,8528,102.66353552528773
ARRIESGADO,8529,138.07543737553948
ARRIESGADO,8530,169.43478701015403
ARRIESGADO,8531,121.75631908789693
ARRIESGADO,8532,114.36780656071404
ARRIESGADO,8533,172.76918992501487
ARRIESGADO,8534,172.0702618934754
ARRIESGADO,8535,150.2293368818829
ARRIESGADO,8536,116.48303322716335
ARRIESGADO,8537,129.27879813371464
ARRIESGADO,8538,154.82961740224758
ARRIESGADO,8539,149.24883224032268
ARRIESGADO,8540,187.09096606576514
ARRIESGADO,8541,152.33655481287445
ARRIESGADO,8542,147.24157061433914
ARRIESGADO,8543,113.8868583348364
ARRIESGADO,8544,154.244752366438
ARRIESGADO,8545,118.05608138499429
ARRIESGADO,8546,108.99818351452087
ARRIESGADO,8547,180.4958548076749
ARRIESGADO,8548,170.73820712136114
ARRIESGADO,8549,126.85449386226603
ARRIESGADO,8550,133.2439759343623
ARRIESGADO,8551,123.5131718438533
ARRIESGADO,8552,154.9457090273463
ARRIESGADO,8553,129.493742342096
ARRIESGADO,8554,175.53825529852537
ARRIESGADO,8555,131.57114572639162
ARRIESGADO,8556,150.24881636787447
ARRIESGADO,8557,118.50163071905965
ARRIESGADO,8558,148.94505524455454
ARRIESGADO,8559,118.63226541140793
ARRIESGADO,8560,107.48175761401913
ARRIESGADO,8561,128.89798165938288
ARRIESGADO,8562,159.7313280080831
ARRIESGADO,8563,224.51874273696288
ARRIESGADO,8564,92.12220577244686
ARRIESGADO,8565,168.88237694287096
ARRIESGADO,8566,161.7622489475816
ARRIESGADO,8567,194.08882649303004
ARRIESGADO,8568,134.9824805004437
ARRIESGADO,8569,126.67990903305164
ARRIESGADO,8570,151.14797460360208
ARRIESGADO,8571,154.5216735094248
ARRIESGADO,8572,181.13442466542267
ARRIESGADO,8573,112.97490501003479
ARRIESGADO,8574,177.71684445847524
ARRIESGADO,8575,138.06372028209196
ARRIESGADO,8576,141.52338845756373
ARRIESGADO,8577,145.9246670860234
ARRIESGADO,8578,161.95462562702838
ARRIESGADO,8579,118.08877671112432
ARRIESGADO,8580,138.437093528267
ARRIESGADO,8581,109.98343567619239
ARRIESGADO,8582,172.18896353088013
ARRIESGADO,8583,127.08478423895991
ARRIESGADO,8584,121.63483135977278
ARRIESGADO,8585,147.38360343187168
ARRIESGADO,8586,160.57923210845922
ARRIESGADO,8587,130.01621585084558
ARRIESGADO,8588,134.30997412747632
ARRIESGADO,8589,161.3524366294463
ARRIESGADO,8590,125.68406898365807
ARRIESGADO,8591,172.45164102773774
ARRIESGADO,8592,179.27258564834037
ARRIESGADO,8593,164.38450376256722
ARRIESGADO,8594,143.1034566792967
ARRIESGADO,8595,196.6612719883648
ARRIESGADO,8596,127.0025037002033
ARRIESGADO,8597,174.9433439886754
ARRIESGADO,8598,132.7411904530275
ARRIESGADO,8599,164.21794080687525
ARRIESGADO,8600,121.77702108886999
ARRIESGADO,8601,163.75682463720096
ARRIESGADO,8602,106.93347210668523
ARRIESGADO,8603,185.29372958223524
ARRIESGADO,8604,131.5321723012243
ARRIESGADO,8605,202.62120490161183
ARRIESGADO,8606,156.13947694527747
ARRIESGADO,8607,138.58427080586347
ARRIESGADO,8608,111.68416436665238
ARRIESGADO,8609,174.49381545420712
ARRIESGADO,8610,136.78604664844863
ARRIESGADO,8611,135.61738397097594
ARRIESGADO,8612,105.43383654178113
ARRIESGADO,8613,116.18048556276968
ARRIESGADO,8614,131.88480503466906
ARRIESGADO,8615,136.44590502482865
ARRIESGADO,8616,111.429357854297
ARRIESGADO,8617,164.54457108886595
ARRIESGADO,8618,115.70456119045248
ARRIESGADO,8619,131.58871516517112
ARRIESGADO,8620,153.73151504874264
ARRIESGADO,8621,158.02173682011255
ARRIESGADO,8622,115.10465047534407
ARRIESGADO,8623,143.5475202655195
ARRIESGADO,8624,115.88948500684953
ARRIESGADO,8625,158.80095903905027
ARRIESGADO,8626,153.4872171192118
ARRIESGADO,8627,161.24532280227945
ARRIESGADO,8628,134.87886681747602
ARRIESGADO,8629,149.43381602816785
ARRIESGADO,8630,144.61806395599618
ARRIESGADO,8631,129.49918819721745
ARRIESGADO,8632,166.34734638820422
ARRIESGADO,8633,135.5545063366513
ARRIESGADO,8634,155.11713213707648
ARRIESGADO,8635,184.16576768887924
ARRIESGADO,8636,127.09140842134002
ARRIESGADO,8637,118.38374912670167
ARRIESGADO,8638,147.45454301787834
ARRIESGADO,8639,179.4185586382247
ARRIESGADO,8640,171.89767719121824
ARRIESGADO,8641,150.64256878394824
ARRIESGADO,8642,142.3301687687352
ARRIESGADO,8643,178.41607122019084
ARRIESGADO,8644,140.73667948887172
ARRIESGADO,8645,127.219531528248
ARRIESGADO,8646,137.71220692798516
ARRIESGADO,8647,140.0997931122697
ARRIESGADO,8648,187.56925405277198
ARRIESGADO,8649,169.7741241640379
ARRIESGADO,8650,114.45192160597463
ARRIESGADO,8651,165.61491930482205
ARRIESGADO,8652,172.82452524545747
ARRIESGADO,8653,159.10158568442392
ARRIESGADO,8654,138.46001574301053
ARRIESGADO,8655,146.0650660479278
ARRIESGADO,8656,145.42467504716961
ARRIESGADO,8657,134.5673846826774
ARRIESGADO,8658,134.87119532396116
ARRIESGADO,8659,154.16879880304947
ARRIESGADO,8660,154.15098021400686
ARRIESGADO,8661,154.4324706183682
ARRIESGADO,8662,120.80264745682008
ARRIESGADO,8663,170.31963681417983
ARRIESGADO,8664,145.97741633138452
ARRIESGADO,8665,126.7126704705457
ARRIESGADO,8666,89.96626142002248
ARRIESGADO,8667,127.50124728050089
ARRIESGADO,8668,179.5746711532822
ARRIESGADO,8669,149.55922989641658
ARRIESGADO,8670,152.61712898839087
ARRIESGADO,8671,87.96356206651686
ARRIESGADO,8672,167.71447931192813
ARRIESGADO,8673,153.70929025426094
ARRIESGADO,8674,103.6734787948019
ARRIESGADO,8675,147.12633137969692
ARRIESGADO,8676,143.18518095467414
ARRIESGADO,8677,81.61651286330455
ARRIESGADO,8678,163.506582156828
ARRIESGADO,8679,137.64744559302332
ARRIESGADO,8680,139.63480302746382
ARRIESGADO,8681,163.35141784196261
ARRIESGADO,8682,146.0137980781315
ARRIESGADO,8683,122.67825743373976
ARRIESGADO,8684,116.91819051138066
ARRIESGADO,8685,172.51477237073976
ARRIESGADO,8686,143.2598371715979
ARRIESGADO,8687,164.81427447435775
ARRIESGADO,8688,117.85993014663745
ARRIESGADO,8689,141.93493252320854
ARRIESGADO,8690,138.37760900989878
ARRIESGADO,8691,137.53692558420727
ARRIESGADO,8692,119.4097425340816
ARRIESGADO,8693,135.16966576449022
ARRIESGADO,8694,160.24875488541704
ARRIESGADO,8695,163.62321119514925
ARRIESGADO,8696,142.9361420177938
ARRIESGADO,8697,152.31877048219874
ARRIESGADO,8698,129.2375615515865
ARRIESGADO,8699,165.25160925013054
ARRIESGADO,8700,125.6464711109678
ARRIESGADO,8701,116.78618251520929
ARRIESGADO,8702,161.24949086791577
ARRIESGADO,8703,125.63183398757403
ARRIESGADO,8704,136.9040483332277
ARRIESGADO,8705,119.41264292523124
ARRIESGADO,8706,125.10312615636275
ARRIESGADO,8707,156.09982305109125
ARRIESGADO,8708,150.14004902801256
ARRIESGADO,8709,143.14970121543857
ARRIESGADO,8710,164.66997053996124
ARRIESGADO,8711,161.4848059946406
ARRIESGADO,8712,160.56657939154138
ARRIESGADO,8713,145.69987627494004
ARRIESGADO,8714,86.46273135150173
ARRIESGADO,8715,160.9389250183728
ARRIESGADO,8716,167.37296685609266
ARRIESGADO,8717,89.89574330426154
ARRIESGADO,8718,148.96834164573121
ARRIESGADO,8719,168.2531851446483
ARRIESGADO,8720,136.62691215104078
ARRIESGADO,8721,150.69819556111423
ARRIESGADO,8722,123.09510487152579
ARRIESGADO,8723,141.32077895568227
ARRIESGADO,8724,161.88768488417082
ARRIESGADO,8725,142.33205752858066
ARRIESGADO,8726,129.97525501169918
ARRIESGADO,8727,117.08079489735704
ARRIESGADO,8728,151.52116108213863
ARRIESGADO,8729,152.31267148314924
ARRIESGADO,8730,134.86845991194633
ARRIESGADO,8731,133.145733184356
ARRIESGADO,8732,142.81342742497947
ARRIESGADO,8733,194.06697846444735
ARRIESGADO,8734,140.91719063495609
ARRIESGADO,8735,113.41274481371215
ARRIESGADO,8736,101.27393020079643
ARRIESGADO,8737,163.47459259368463
ARRIESGADO,8738,158.269409029766
ARRIESGADO,8739,136.54259151735707
ARRIESGADO,8740,144.6589519421595
ARRIESGADO,8741,119.65396915244695
ARRIESGADO,8742,135.77692792710613
ARRIESGADO,8743,156.98780011307977
ARRIESGADO,8744,118.03438688307052
ARRIESGADO,8745,113.98173024015156
ARRIESGADO,8746,164.20862273061138
ARRIESGADO,8747,135.92911017079837
ARRIESGADO,8748,124.33655896111192
ARRIESGADO,8749,145.28441585092872
ARRIESGADO,8750,199.50712863206806
ARRIESGADO,8751,183.61332842586762
ARRIESGADO,8752,147.51066672334602
ARRIESGADO,8753,193.3214948614232
ARRIESGADO,8754,156.22875253436996
ARRIESGADO,8755,150.23904079407762
ARRIESGADO,8756,164.4732775458458
ARRIESGADO,8757,117.17707448157562
ARRIESGADO,8758,159.03649676651
ARRIESGADO,8759,103.08760329016769
ARRIESGADO,8760,152.00540947775332
ARRIESGADO,8761,133.39465609230018
ARRIESGADO,8762,145.1831720385505
ARRIESGADO,8763,140.08462212124158
ARRIESGADO,8764,160.0547909134134
ARRIESGADO,8765,126.00176334793014
ARRIESGADO,8766,99.7749634497679
ARRIESGADO,8767,147.57009261050976
ARRIESGADO,8768,124.98229665707152
ARRIESGADO,8769,137.9412466847952
ARRIESGADO,8770,118.87177560063903
ARRIESGADO,8771,137.78713864121474
ARRIESGADO,8772,113.5242215744723
ARRIESGADO,8773,133.68776140876156
ARRIESGADO,8774,139.7531532509204
ARRIESGADO,8775,168.0335099161876
ARRIESGADO,8776,135.75627574069438
ARRIESGADO,8777,151.83411514719424
ARRIESGADO,8778,117.13067560445994
ARRIESGADO,8779,146.70649688339864
ARRIESGADO,8780,131.8027396991631
ARRIESGADO,8781,121.50833445190099
ARRIESGADO,8782,88.27050418344469
ARRIESGADO,8783,157.75854550529576
ARRIESGADO,8784,178.35788271885917
ARRIESGADO,8785,145.7807085357595
ARRIESGADO,8786,155.04596203650846
ARRIESGADO,8787,123.6358694668791
ARRIESGADO,8788,163.8423535126273
ARRIESGADO,8789,138.40657747094295
ARRIESGADO,8790,162.90399608932597
ARRIESGADO,8791,119.36272058792122
ARRIESGADO,8792,186.49675490611952
ARRIESGADO,8793,150.96094298865086
ARRIESGADO,8794,143.1345443073988
ARRIESGADO,8795,154.19344920309078
ARRIESGADO,8796,200.31126149792445
ARRIESGADO,8797,179.52759945284836
ARRIESGADO,8798,122.35717627254743
ARRIESGADO,8799,126.91152719028446
ARRIESGADO,8800,177.76739613369793
ARRIESGADO,8801,142.9465410944266
ARRIESGADO,8802,125.13851575017573
ARRIESGADO,8803,150.89771931322912
ARRIESGADO,8804,161.42104007866854
ARRIESGADO,8805,119.90942008172591
ARRIESGADO,8806,176.93464579662128
ARRIESGADO,8807,136.59942574454664
ARRIESGADO,8808,120.68029934993706
ARRIESGADO,8809,130.38558886840678
ARRIESGADO,8810,121.3470492535597
ARRIESGADO,8811,176.83013468961076
ARRIESGADO,8812,155.78020603427956
ARRIESGADO,8813,147.84982397846517
ARRIESGADO,8814,157.49068681872433
ARRIESGADO,8815,165.26530396388435
ARRIESGADO,8816,183.72242473834774
ARRIESGADO,8817,149.98841005607005
ARRIESGADO,8818,169.50011236292448
ARRIESGADO,8819,120.46764468762646
ARRIESGADO,8820,138.2778249449115
ARRIESGADO,8821,151.46893640360534
ARRIESGADO,8822,122.83297532733343
ARRIESGADO,8823,169.16661560602412
ARRIESGADO,8824,152.1111929151783
ARRIESGADO,8825,137.04363071860064
ARRIESGADO,8826,165.36262148066933
ARRIESGADO,8827,110.17641528089115
ARRIESGADO,8828,137.09563300040617
ARRIESGADO,8829,135.26035676443925
ARRIESGADO,8830,104.06439356981463
ARRIESGADO,8831,122.81272383134589
ARRIESGADO,8832,127.53621850960494
ARRIESGADO,8833,143.54258139333666
ARRIESGADO,8834,151.22256391125006
ARRIESGADO,8835,149.80116412751622
ARRIESGADO,8836,160.35366701401043
ARRIESGADO,8837,188.69372334706526
ARRIESGADO,8838,132.85443634957753
ARRIESGADO,8839,164.69913559336254
ARRIESGADO,8840,123.777678041517
ARRIESGADO,8841,165.712202252944
ARRIESGADO,8842,166.2547611574498
ARRIESGADO,8843,79.04478967393604
ARRIESGADO,8844,170.1345790500539
ARRIESGADO,8845,153.9383820626623
ARRIESGADO,8846,122.85921768796447
ARRIESGADO,8847,155.57279866589278
ARRIESGADO,8848,150.35629574288052
ARRIESGADO,8849,103.06282673019402
ARRIESGADO,8850,171.686296249284
ARRIESGADO,8851,153.57551291086043
ARRIESGADO,8852,155.01048476809092
ARRIESGADO,8853,166.04009636957525
ARRIESGADO,8854,134.34369816709486
ARRIESGADO,8855,130.40947201343326
ARRIESGADO,8856,134.2751573456958
ARRIESGADO,8857,158.3020188852154
ARRIESGADO,8858,86.86539549615574
ARRIESGADO,8859,128.05023265687615
ARRIESGADO,8860,179.370956143773
ARRIESGADO,8861,141.86724084042086
ARRIESGADO,8862,184.4839294091661
ARRIESGADO,8863,126.81568897202978
ARRIESGADO,8864,145.75646311566916
ARRIESGADO,8865,116.42601261871715
ARRIESGADO,8866,122.35386143068304
ARRIESGADO,8867,104.7563085224913
ARRIESGADO,8868,176.73312412643173
ARRIESGADO,8869,135.68441250393548
ARRIESGADO,8870,147.30410462537486
ARRIESGADO,8871,165.36615042379006
ARRIESGADO,8872,130.52618440126818
ARRIESGADO,8873,101.17113522168441
ARRIESGADO,8874,129.5450080667592
ARRIESGADO,8875,154.79997376065413
ARRIESGADO,8876,167.4213469040597
ARRIESGADO,8877,160.72145083912307
ARRIESGADO,8878,119.59111163418824
ARRIESGADO,8879,112.81802387948157
ARRIESGADO,8880,168.23289454219545
ARRIESGADO,8881,130.1760067669867
ARRIESGADO,8882,131.7948140015195
ARRIESGADO,8883,88.33829089723353
ARRIESGADO,8884,131.67197625559876
ARRIESGADO,8885,131.97123446190298
ARRIESGADO,8886,180.5332158109481
ARRIESGADO,8887,127.41193071820867
ARRIESGADO,8888,139.734067454315
ARRIESGADO,8889,124.31439925227004
ARRIESGADO,8890,116.05788387923161
ARRIESGADO,8891,130.52816709895487
ARRIESGADO,8892,131.9460523883174
ARRIESGADO,8893,134.63849702497922
ARRIESGADO,8894,142.65221080707178
ARRIESGADO,8895,148.88486540145138
ARRIESGADO,8896,130.0209519228477
ARRIESGADO,8897,134.00292122457466
ARRIESGADO,8898,168.38390044046415
ARRIESGADO,8899,159.64058737984982
ARRIESGADO,8900,94.7363126301454
ARRIESGADO,8901,141.0500528613778
ARRIESGADO,8902,164.50055107619747
ARRIESGADO,8903,147.84267053492556
ARRIESGADO,8904,155.7089409958854
ARRIESGADO,8905,131.87500026825185
ARRIESGADO,8906,149.93736098026778
ARRIESGADO,8907,147.9555017838891
ARRIESGADO,8908,151.737751691661
ARRIESGADO,8909,167.17729734036575
ARRIESGADO,8910,101.00132141163519
ARRIESGADO,8911,135.8469031005974
ARRIESGADO,8912,132.2941292002287
ARRIESGADO,8913,128.3065466036466
ARRIESGADO,8914,119.6026712012551
ARRIESGADO,8915,145.48154526985945
ARRIESGADO,8916,126.63721315445252
ARRIESGADO,8917,180.11560899918913
ARRIESGADO,8918,169.75231614598897
ARRIESGADO,8919,137.8604790418982
ARRIESGADO,8920,110.30327955453595
ARRIESGADO,8921,137.2390730817284
ARRIESGADO,8922,140.36209890673015
ARRIESGADO,8923,154.2494476394475
ARRIESGADO,8924,80.95373102599132
ARRIESGADO,8925,150.82036233225648
ARRIESGADO,8926,131.20427018221383
ARRIESGADO,8927,129.65061184291753
ARRIESGADO,8928,146.7476163259524
ARRIESGADO,8929,209.82906576108164
ARRIESGADO,8930,120.10913271465489
ARRIESGADO,8931,154.30429569090424
ARRIESGADO,8932,127.9588665225826
ARRIESGADO,8933,133.14795012015256
ARRIESGADO,8934,174.22480036390846
ARRIESGADO,8935,146.9870251082093
ARRIESGADO,8936,164.5105508296893
ARRIESGADO,8937,164.08786173440646
ARRIESGADO,8938,144.9613385107153
ARRIESGADO,8939,106.90207017880948
ARRIESGADO,8940,106.44467562841275
ARRIESGADO,8941,182.6316084657762
ARRIESGADO,8942,100.07340683244874
ARRIESGADO,8943,191.3338709696349
ARRIESGADO,8944,158.71963801190498
ARRIESGADO,8945,164.70111232495705
ARRIESGADO,8946,171.5539086425231
ARRIESGADO,8947,146.42646678035703
ARRIESGADO,8948,142.76734061636597
ARRIESGADO,8949,138.88988310291032
ARRIESGADO,8950,166.0330537391989
ARRIESGADO,8951,134.63806127925477
ARRIESGADO,8952,160.7452356728304
ARRIESGADO,8953,123.08663671829929
ARRIESGADO,8954,171.90131311615167
ARRIESGADO,8955,131.07628365689285
ARRIESGADO,8956,162.3709570264018
ARRIESGADO,8957,154.89967922213657
ARRIESGADO,8958,148.2977480622673
ARRIESGADO,8959,134.9535876527125
ARRIESGADO,8960,149.02793439890962
ARRIESGADO,8961,144.2246958092171
ARRIESGADO,8962,138.7836099832724
ARRIESGADO,8963,151.98725808127313
ARRIESGADO,8964,138.23885046491725
ARRIESGADO,8965,151.671088864273
ARRIESGADO,8966,126.93352811475552
ARRIESGADO,8967,183.01212442900368
ARRIESGADO,8968,168.16984651591457
ARRIESGADO,8969,155.66872250327086
ARRIESGADO,8970,140.10678408136846
ARRIESGADO,8971,145.6450802675303
ARRIESGADO,8972,135.4391048625871
ARRIESGADO,8973,116.3811081792536
ARRIESGADO,8974,123.11080615532748
ARRIESGADO,8975,167.82493243059972
ARRIESGADO,8976,168.90933582215422
ARRIESGADO,8977,148.81094041343246
ARRIESGADO,8978,138.8084441183707
ARRIESGADO,8979,160.59908154806604
ARRIESGADO,8980,152.10147617295127
ARRIESGADO,8981,117.94362198194234
ARRIESGADO,8982,138.70445861471023
ARRIESGADO,8983,129.48801303140516
ARRIESGADO,8984,158.3360068698823
ARRIESGADO,8985,174.56457418853145
ARRIESGADO,8986,167.75297520110573
ARRIESGADO,8987,158.04240187606527
ARRIESGADO,8988,122.76489563052546
ARRIESGADO,8989,97.46686859622973
ARRIESGADO,8990,107.19489269313627
ARRIESGADO,8991,134.85273905731407
ARRIESGADO,8992,151.88052183751108
ARRIESGADO,8993,170.97082796886164
ARRIESGADO,8994,165.74688944749113
ARRIESGADO,8995,152.1928141262177
ARRIESGADO,8996,148.8099127822992
ARRIESGADO,8997,154.7089488737635
ARRIESGADO,8998,100.67101662981466
ARRIESGADO,8999,108.36610721231543
ARRIESGADO,9000,121.24976120630114
ARRIESGADO,9001,173.3382655785592
ARRIESGADO,9002,169.30786001565696
ARRIESGADO,9003,145.44384739290803
ARRIESGADO,9004,117.30965462472963
ARRIESGADO,9005,160.86795233582183
ARRIESGADO,9006,150.3068595018343
ARRIESGADO,9007,128.88627982320207
ARRIESGADO,9008,164.99803998815156
ARRIESGADO,9009,117.53692295186478
ARRIESGADO,9010,169.79164113653516
ARRIESGADO,9011,145.2552761857465
ARRIESGADO,9012,158.45339065036123
ARRIESGADO,9013,166.2008278823826
ARRIESGADO,9014,129.59770476721224
ARRIESGADO,9015,150.7420944636399
ARRIESGADO,9016,115.09595334045316
ARRIESGADO,9017,145.59285495282694
ARRIESGADO,9018,122.99514990160655
ARRIESGADO,9019,156.59155732091457
ARRIESGADO,9020,168.57525860229686
ARRIESGADO,9021,127.9935146440224
ARRIESGADO,9022,189.60154523263307
ARRIESGADO,9023,143.1931191611527
ARRIESGADO,9024,108.1759023467337
ARRIESGADO,9025,95.15742132327664
ARRIESGADO,9026,144.83887502409166
ARRIESGADO,9027,110.33827472213244
ARRIESGADO,9028,108.74239564549225
ARRIESGADO,9029,114.88443810237682
ARRIESGADO,9030,160.61143657461542
ARRIESGADO,9031,171.73568207667262
ARRIESGADO,9032,154.3521913811775
ARRIESGADO,9033,167.58884010971482
ARRIESGADO,9034,138.3859211475116
ARRIESGADO,9035,164.53997061939216
ARRIESGADO,9036,151.36698177924268
ARRIESGADO,9037,122.3524458618127
ARRIESGADO,9038,112.07550554899211
ARRIESGADO,9039,141.92885177850943
ARRIESGADO,9040,183.1644737982537
ARRIESGADO,9041,114.4931336968946
ARRIESGADO,9042,147.79048211733462
ARRIESGADO,9043,135.6628851054868
ARRIESGADO,9044,112.64992241301569
ARRIESGADO,9045,154.87556305756658
ARRIESGADO,9046,153.17782913739433
ARRIESGADO,9047,123.25847108559987
ARRIESGADO,9048,136.773406551486
ARRIESGADO,9049,153.82600281446338
ARRIESGADO,9050,145.69967394603586
ARRIESGADO,9051,135.98072962557507
ARRIESGADO,9052,157.2551046346491
ARRIESGADO,9053,131.82607902119554
ARRIESGADO,9054,142.54686517508225
ARRIESGADO,9055,133.50108070148016
ARRIESGADO,9056,113.87762434649801
ARRIESGADO,9057,125.41792805906746
ARRIESGADO,9058,113.67073878848545
ARRIESGADO,9059,122.27637867267346
ARRIESGADO,9060,156.78791179162303
ARRIESGADO,9061,130.8665859471183
ARRIESGADO,9062,112.00246499508494
ARRIESGADO,9063,114.70662600244206
ARRIESGADO,9064,156.16735752955537
ARRIESGADO,9065,120.78680638396105
ARRIESGADO,9066,143.11534087115652
ARRIESGADO,9067,147.62503487473555
ARRIESGADO,9068,147.89807348705264
ARRIESGADO,9069,143.03748579119622
ARRIESGADO,9070,165.3987032186574
ARRIESGADO,9071,139.94159367415148
ARRIESGADO,9072,141.98531552289768
ARRIESGADO,9073,145.46649063810415
ARRIESGADO,9074,153.00226341395555
ARRIESGADO,9075,107.05772972608881
ARRIESGADO,9076,97.49471003223238
ARRIESGADO,9077,117.930393627539
ARRIESGADO,9078,147.46515041234383
ARRIESGADO,9079,136.7488275442397
ARRIESGADO,9080,130.19929928408547
ARRIESGADO,9081,156.2569567599311
ARRIESGADO,9082,163.582204293746
ARRIESGADO,9083,147.8506097198467
ARRIESGADO,9084,113.8810911509531
ARRIESGADO,9085,141.90413627112372
ARRIESGADO,9086,170.4048661833742
ARRIESGADO,9087,140.55308984579278
ARRIESGADO,9088,161.13214227661732
ARRIESGADO,9089,174.34305331463543
ARRIESGADO,9090,128.13419319826104
ARRIESGADO,9091,154.2477940252221
ARRIESGADO,9092,173.0524304131348
ARRIESGADO,9093,159.37194170376821
ARRIESGADO,9094,116.19902874771725
ARRIESGADO,9095,158.78125432133146
ARRIESGADO,9096,144.30003052946134
ARRIESGADO,9097,177.9846521960531
ARRIESGADO,9098,167.08349643248533
ARRIESGADO,9099,142.3550637453205
ARRIESGADO,9100,155.98286201529362
ARRIESGADO,9101,140.81657826137848
ARRIESGADO,9102,151.3770994578867
ARRIESGADO,9103,94.16141741377858
ARRIESGADO,9104,135.00233599902577
ARRIESGADO,9105,119.52069522083004
ARRIESGADO,9106,113.5545464216375
ARRIESGADO,9107,163.35946804655225
ARRIESGADO,9108,129.49902781953958
ARRIESGADO,9109,135.21054191584895
ARRIESGADO,9110,170.66744155374104
ARRIESGADO,9111,159.9192830926997
ARRIESGADO,9112,155.28243921067298
ARRIESGADO,9113,102.32848121673908
ARRIESGADO,9114,153.74586084778664
ARRIESGADO,9115,138.30052354510076
ARRIESGADO,9116,90.74994565068458
ARRIESGADO,9117,184.83586513469996
ARRIESGADO,9118,168.92283202526414
ARRIESGADO,9119,141.22801955592
ARRIESGADO,9120,138.0604315905191
ARRIESGADO,9121,131.24625182633895
ARRIESGADO,9122,164.42169694975624
ARRIESGADO,9123,205.07164477215062
ARRIESGADO,9124,179.26294837629302
ARRIESGADO,9125,164.98515478519917
ARRIESGADO,9126,138.29412272786837
ARRIESGADO,9127,165.32387785548582
ARRIESGADO,9128,126.32617081332113
ARRIESGADO,9129,113.958449020078
ARRIESGADO,9130,154.41345009910944
ARRIESGADO,9131,156.2256363798269
ARRIESGADO,9132,166.0858208958328
ARRIESGADO,9133,121.10347693156447
ARRIESGADO,9134,110.98567203118127
ARRIESGADO,9135,145.9355066527542
ARRIESGADO,9136,129.77901042528
ARRIESGADO,9137,152.35523420195088
ARRIESGADO,9138,163.48799562818047
ARRIESGADO,9139,133.55204750619805
ARRIESGADO,9140,150.28127483037431
ARRIESGADO,9141,173.709499345412
ARRIESGADO,9142,125.52374994169358
ARRIESGADO,9143,153.8036821757987
ARRIESGADO,9144,181.84478871520807
ARRIESGADO,9145,122.58512122572122
ARRIESGADO,9146,143.42776472275642
ARRIESGADO,9147,165.92774329803473
ARRIESGADO,9148,194.8261497443049
ARRIESGADO,9149,176.25991148456666
ARRIESGADO,9150,143.65278054530367
ARRIESGADO,9151,165.80828598186676
ARRIESGADO,9152,155.74677073258397
ARRIESGADO,9153,171.36686906036473
ARRIESGADO,9154,140.25731288710375
ARRIESGADO,9155,107.1672593825567
ARRIESGADO,9156,125.73222542937377
ARRIESGADO,9157,137.04178138534562
ARRIESGADO,9158,175.69586069297605
ARRIESGADO,9159,126.97532157821041
ARRIESGADO,9160,144.01216477658704
ARRIESGADO,9161,143.4619563256977
ARRIESGADO,9162,130.13677637817514
ARRIESGADO,9163,127.40495813519584
ARRIESGADO,9164,102.90589887790559
ARRIESGADO,9165,131.07806399878928
ARRIESGADO,9166,118.79292350046477
ARRIESGADO,9167,170.35528683380457
ARRIESGADO,9168,163.20944740595309
ARRIESGADO,9169,186.3064768949807
ARRIESGADO,9170,163.74942837212836
ARRIESGADO,9171,125.4236691552437
ARRIESGADO,9172,163.42426569595168
ARRIESGADO,9173,139.03435388673535
ARRIESGADO,9174,135.68868676912345
ARRIESGADO,9175,122.10863014375472
ARRIESGADO,9176,151.0715255032038
ARRIESGADO,9177,174.64354369718166
ARRIESGADO,9178,142.74980661356855
ARRIESGADO,9179,111.37982598157299
ARRIESGADO,9180,146.74506782543943
ARRIESGADO,9181,148.0509704344555
ARRIESGADO,9182,157.14179773237117
ARRIESGADO,9183,144.22732061532514
ARRIESGADO,9184,138.46813612316365
ARRIESGADO,9185,100.35285108629344
ARRIESGADO,9186,164.56782931010721
ARRIESGADO,9187,131.01813207886022
ARRIESGADO,9188,134.35731747677687
ARRIESGADO,9189,152.09150263895162
ARRIESGADO,9190,143.73701293569377
ARRIESGADO,9191,177.6489406966322
ARRIESGADO,9192,132.67000277535686
ARRIESGADO,9193,168.82345046546862
ARRIESGADO,9194,151.59015088339618
ARRIESGADO,9195,150.65715863650638
ARRIESGADO,9196,156.17848243379348
ARRIESGADO,9197,132.5846100659793
ARRIESGADO,9198,135.76845840529344
ARRIESGADO,9199,191.84225113099197
ARRIESGADO,9200,131.60028917939357
ARRIESGADO,9201,107.70629181370063
ARRIESGADO,9202,160.909660504429
ARRIESGADO,9203,119.20567489123482
ARRIESGADO,9204,134.41266806983157
ARRIESGADO,9205,142.65376770437507
ARRIESGADO,9206,114.38616812542307
ARRIESGADO,9207,107.7096597163542
ARRIESGADO,9208,145.16105138159278
ARRIESGADO,9209,209.74858685473788
ARRIESGADO,9210,140.3706385763504
ARRIESGADO,9211,210.09612085763644
ARRIESGADO,9212,128.76041106411705
ARRIESGADO,9213,134.49291224370086
ARRIESGADO,9214,130.9758910171017
ARRIESGADO,9215,145.57612804917497
ARRIESGADO,9216,172.74709090135747
ARRIESGADO,9217,155.4153227853544
ARRIESGADO,9218,158.45352967951416
ARRIESGADO,9219,137.2876897222443
ARRIESGADO,9220,137.29413775762154
ARRIESGADO,9221,139.38500951655496
ARRIESGADO,9222,152.60272228511354
ARRIESGADO,9223,145.72202467462478
ARRIESGADO,9224,178.89638730022273
ARRIESGADO,9225,117.0067930409439
ARRIESGADO,9226,156.143451820113
ARRIESGADO,9227,146.60772718006
ARRIESGADO,9228,124.57834356748434
ARRIESGADO,9229,119.60075624707649
ARRIESGADO,9230,130.21841831752914
ARRIESGADO,9231,113.68686276197471
ARRIESGADO,9232,135.34738479001604
ARRIESGADO,9233,131.18328452472468
ARRIESGADO,9234,179.49797442754164
ARRIESGADO,9235,121.33628925640848
ARRIESGADO,9236,170.2814884162988
ARRIESGADO,9237,125.70266507843591
ARRIESGADO,9238,168.17390441824318
ARRIESGADO,9239,116.78830263747611
ARRIESGADO,9240,149.2351368253307
ARRIESGADO,9241,108.68138956478853
ARRIESGADO,9242,130.21163393928208
ARRIESGADO,9243,150.40294544690494
ARRIESGADO,9244,188.86896803657643
ARRIESGADO,9245,159.07850160630133
ARRIESGADO,9246,125.95592370070231
ARRIESGADO,9247,127.54939063864758
ARRIESGADO,9248,132.15202003883374
ARRIESGADO,9249,158.36064537028713
ARRIESGADO,9250,151.06359853128242
ARRIESGADO,9251,121.98041435258692
ARRIESGADO,9252,162.93731269340827
ARRIESGADO,9253,125.59837287368931
ARRIESGADO,9254,159.12629534614683
ARRIESGADO,9255,152.5170677092308
ARRIESGADO,9256,121.45805647183502
ARRIESGADO,9257,174.33517328797993
ARRIESGADO,9258,200.70652397985316
ARRIESGADO,9259,134.31580213195156
ARRIESGADO,9260,160.80554395086017
ARRIESGADO,9261,144.25112571840805
ARRIESGADO,9262,139.00126643040429
ARRIESGADO,9263,131.01588819352634
ARRIESGADO,9264,148.14844440368515
ARRIESGADO,9265,165.89099835202185
ARRIESGADO,9266,125.95425945387072
ARRIESGADO,9267,148.4268879282868
ARRIESGADO,9268,142.8235059578451
ARRIESGADO,9269,122.86768222208674
ARRIESGADO,9270,153.3972335958627
ARRIESGADO,9271,170.0125384588423
ARRIESGADO,9272,105.35342097712449
ARRIESGADO,9273,100.2124642791229
ARRIESGADO,9274,182.0800419862232
ARRIESGADO,9275,132.5715058073503
ARRIESGADO,9276,164.18060430318286
ARRIESGADO,9277,102.34846652267669
ARRIESGADO,9278,142.0722382892493
ARRIESGADO,9279,103.31750727274202
ARRIESGADO,9280,161.79825477242545
ARRIESGADO,9281,160.2236668167455
ARRIESGADO,9282,126.44647193999201
ARRIESGADO,9283,155.88050202048703
ARRIESGADO,9284,114.42671822795874
ARRIESGADO,9285,111.52316031138433
ARRIESGADO,9286,134.12449910337094
ARRIESGADO,9287,148.8235208408664
ARRIESGADO,9288,136.55441906636065
ARRIESGADO,9289,116.71574574933643
ARRIESGADO,9290,145.97429089956765
ARRIESGADO,9291,151.86118754414986
ARRIESGADO,9292,140.3466977875105
ARRIESGADO,9293,135.1997375289947
ARRIESGADO,9294,133.9087851831387
ARRIESGADO,9295,131.35773225672446
ARRIESGADO,9296,181.59088729305853
ARRIESGADO,9297,142.50014602691823
ARRIESGADO,9298,134.2094042538392
ARRIESGADO,9299,176.9367550637443
ARRIESGADO,9300,112.8529314866226
ARRIESGADO,9301,123.4657270045014
ARRIESGADO,9302,160.44954614825863
ARRIESGADO,9303,110.4699848574284
ARRIESGADO,9304,130.01477540689186
ARRIESGADO,9305,117.81353287805635
ARRIESGADO,9306,182.5782933113683
ARRIESGADO,9307,157.10517066848584
ARRIESGADO,9308,132.47182035650258
ARRIESGADO,9309,146.89993085321004
ARRIESGADO,9310,130.34953554751323
ARRIESGADO,9311,160.71438195472444
ARRIESGADO,9312,182.33002448671172
ARRIESGADO,9313,186.19785460060663
ARRIESGADO,9314,108.84872954254577
ARRIESGADO,9315,136.61972519541465
ARRIESGADO,9316,133.8646258019
ARRIESGADO,9317,168.50507625569475
ARRIESGADO,9318,128.36696828971577
ARRIESGADO,9319,168.56398815700106
ARRIESGADO,9320,125.75594529795862
ARRIESGADO,9321,175.51556171308363
ARRIESGADO,9322,115.59084076731156
ARRIESGADO,9323,142.33187231943398
ARRIESGADO,9324,127.12554386533964
ARRIESGADO,9325,152.66461032798827
ARRIESGADO,9326,108.67528226073632
ARRIESGADO,9327,138.05605168208066
ARRIESGADO,9328,175.3340697184259
ARRIESGADO,9329,153.9971244148379
ARRIESGADO,9330,155.47825910608347
ARRIESGADO,9331,128.3616641869974
ARRIESGADO,9332,134.80432963263144
ARRIESGADO,9333,115.03668274940571
ARRIESGADO,9334,184.03521641285235
ARRIESGADO,9335,153.04091812090124
ARRIESGADO,9336,134.51683401915778
ARRIESGADO,9337,181.16694380140504
ARRIESGADO,9338,175.54538971805744
ARRIESGADO,9339,138.29895176938712
ARRIESGADO,9340,114.08835142476447
ARRIESGADO,9341,118.715992241397
ARRIESGADO,9342,149.33824098420794
ARRIESGADO,9343,142.1629137893283
ARRIESGADO,9344,131.54962435756008
ARRIESGADO,9345,141.2531488658859
ARRIESGADO,9346,173.41009928682007
ARRIESGADO,9347,135.14298662584088
ARRIESGADO,9348,138.53190656533567
ARRIESGADO,9349,162.91697187615756
ARRIESGADO,9350,147.04589887159597
ARRIESGADO,9351,116.6212528569881
ARRIESGADO,9352,130.54922997855374
ARRIESGADO,9353,148.44921974288457
ARRIESGADO,9354,133.81924714253836
ARRIESGADO,9355,146.57502838380094
ARRIESGADO,9356,125.87759627358463
ARRIESGADO,9357,119.26574472427308
ARRIESGADO,9358,172.86313714548783
ARRIESGADO,9359,193.80736023099288
ARRIESGADO,9360,154.30558815658316
ARRIESGADO,9361,106.51681318594112
ARRIESGADO,9362,125.8010336843508
ARRIESGADO,9363,156.2462628956246
ARRIESGADO,9364,157.11181556297856
ARRIESGADO,9365,122.5588323569635
ARRIESGADO,9366,139.2425233962262
ARRIESGADO,9367,136.63009204583634
ARRIESGADO,9368,138.8751110460127
ARRIESGADO,9369,143.25615982290884
ARRIESGADO,9370,134.61745688587268
ARRIESGADO,9371,134.91846156648975
ARRIESGADO,9372,139.9645654094569
ARRIESGADO,9373,119.45098892880625
ARRIESGADO,9374,133.9665449702341
ARRIESGADO,9375,148.60826467701145
ARRIESGADO,9376,116.64632150370738
ARRIESGADO,9377,155.7203242940053
ARRIESGADO,9378,185.6760282529431
ARRIESGADO,9379,135.79214952585562
ARRIESGADO,9380,125.41205143165243
ARRIESGADO,9381,152.16149206259433
ARRIESGADO,9382,179.37975816162646
ARRIESGADO,9383,167.31675581167048
ARRIESGADO,9384,156.1330650947549
ARRIESGADO,9385,119.69971187503727
ARRIESGADO,9386,137.83593997268497
ARRIESGADO,9387,145.08353038248868
ARRIESGADO,9388,76.28218078538403
ARRIESGADO,9389,199.43934547627782
ARRIESGADO,9390,145.49686618600774
ARRIESGADO,9391,141.23228976944984
ARRIESGADO,9392,193.1942205471116
ARRIESGADO,9393,129.93196757938293
ARRIESGADO,9394,133.4331570332972
ARRIESGADO,9395,153.25805795483126
ARRIESGADO,9396,186.75468004633433
ARRIESGADO,9397,120.09450912575974
ARRIESGADO,9398,117.72002502738779
ARRIESGADO,9399,128.9652977267152
ARRIESGADO,9400,153.41748264598638
ARRIESGADO,9401,154.3505414181802
ARRIESGADO,9402,127.98665898511659
ARRIESGADO,9403,170.7893569221859
ARRIESGADO,9404,170.94968279865168
ARRIESGADO,9405,177.0845266568188
ARRIESGADO,9406,145.9671149471508
ARRIESGADO,9407,164.45733168965
ARRIESGADO,9408,127.56774555803229
ARRIESGADO,9409,159.98975591653908
ARRIESGADO,9410,130.42201270350725
ARRIESGADO,9411,170.32397636919353
ARRIESGADO,9412,132.7270182462179
ARRIESGADO,9413,168.86396706755383
ARRIESGADO,9414,153.2315240277254
ARRIESGADO,9415,131.02750028526046
ARRIESGADO,9416,86.72007217152444
ARRIESGADO,9417,104.86208209837548
ARRIESGADO,9418,124.58090050008069
ARRIESGADO,9419,131.82975999801013
ARRIESGADO,9420,136.75686470752646
ARRIESGADO,9421,111.59984142889363
ARRIESGADO,9422,140.8114283364019
ARRIESGADO,9423,149.00577377030163
ARRIESGADO,9424,184.41164590910017
ARRIESGADO,9425,126.6800749619048
ARRIESGADO,9426,154.6673731056297
ARRIESGADO,9427,159.92540892819343
ARRIESGADO,9428,128.0701497347976
ARRIESGADO,9429,146.59408223047797
ARRIESGADO,9430,127.6415830936289
ARRIESGADO,9431,140.7869213031461
ARRIESGADO,9432,173.3515050327783
ARRIESGADO,9433,117.69174975426682
ARRIESGADO,9434,137.88318644780057
ARRIESGADO,9435,109.546532312442
ARRIESGADO,9436,188.2907130197037
ARRIESGADO,9437,154.86153802642048
ARRIESGADO,9438,148.81725197604175
ARRIESGADO,9439,82.24812190297033
ARRIESGADO,9440,132.25370799262114
ARRIESGADO,9441,150.34313808216973
ARRIESGADO,9442,154.3017979762891
ARRIESGADO,9443,194.5265899567033
ARRIESGADO,9444,129.75523019599683
ARRIESGADO,9445,138.43248397813386
ARRIESGADO,9446,166.52004631769674
ARRIESGADO,9447,136.95336486445862
ARRIESGADO,9448,144.0224037771034
ARRIESGADO,9449,139.51728277563183
ARRIESGADO,9450,172.91124268682566
ARRIESGADO,9451,156.1717900875154
ARRIESGADO,9452,118.4332053135286
ARRIESGADO,9453,159.48815612008238
ARRIESGADO,9454,172.48841900161239
ARRIESGADO,9455,131.08319024147616
ARRIESGADO,9456,136.66890697352275
ARRIESGADO,9457,171.78193494141513
ARRIESGADO,9458,149.93224934568886
ARRIESGADO,9459,147.3938231394261
ARRIESGADO,9460,160.9207695225469
ARRIESGADO,9461,115.64357815753297
ARRIESGADO,9462,132.57750699822114
ARRIESGADO,9463,101.66072069127387
ARRIESGADO,9464,115.5044114392341
ARRIESGADO,9465,137.9807562711743
ARRIESGADO,9466,142.93584860754163
ARRIESGADO,9467,136.56068524950692
ARRIESGADO,9468,158.32136500761283
ARRIESGADO,9469,118.23334140217679
ARRIESGADO,9470,150.47690462438666
ARRIESGADO,9471,163.98770866664563
ARRIESGADO,9472,153.16370713044049
ARRIESGADO,9473,129.93634891531008
ARRIESGADO,9474,130.07627258448377
ARRIESGADO,9475,122.17044750876877
ARRIESGADO,9476,144.9681720364067
ARRIESGADO,9477,170.5598708086206
ARRIESGADO,9478,140.12014004424233
ARRIESGADO,9479,171.5051244597741
ARRIESGADO,9480,135.93383887385747
ARRIESGADO,9481,131.76636066075474
ARRIESGADO,9482,137.5472467636701
ARRIESGADO,9483,173.08791962201525
ARRIESGADO,9484,145.16202557892174
ARRIESGADO,9485,175.36791992430943
ARRIESGADO,9486,99.33230168537126
ARRIESGADO,9487,183.6040016586726
ARRIESGADO,9488,120.54520330574756
ARRIESGADO,9489,109.37911272434695
ARRIESGADO,9490,125.57833113676023
ARRIESGADO,9491,121.6142248833903
ARRIESGADO,9492,170.96082918135733
ARRIESGADO,9493,177.1620263652993
ARRIESGADO,9494,108.9148471147669
ARRIESGADO,9495,160.24476364558234
ARRIESGADO,9496,128.761261939278
ARRIESGADO,9497,138.55704155286244
ARRIESGADO,9498,147.0263228447986
ARRIESGADO,9499,147.8058576854682
ARRIESGADO,9500,148.6083011811262
ARRIESGADO,9501,153.02078009680048
ARRIESGADO,9502,143.964541119783
ARRIESGADO,9503,159.7235634181092
ARRIESGADO,9504,120.60115017690927
ARRIESGADO,9505,128.08148589087932
ARRIESGADO,9506,158.4621306213363
ARRIESGADO,9507,153.89321557965792
ARRIESGADO,9508,109.39884488812088
ARRIESGADO,9509,164.47218486685657
ARRIESGADO,9510,115.42136082318177
ARRIESGADO,9511,140.524713944249
ARRIESGADO,9512,142.6544992911127
ARRIESGADO,9513,92.3045376256878
ARRIESGADO,9514,164.84988176648272
ARRIESGADO,9515,139.90745453842362
ARRIESGADO,9516,165.65952838560705
ARRIESGADO,9517,112.41547948224562
ARRIESGADO,9518,181.2714933242873
ARRIESGADO,9519,158.81133305498628
ARRIESGADO,9520,182.88596248199383
ARRIESGADO,9521,122.89034536388345
ARRIESGADO,9522,149.8923514702854
ARRIESGADO,9523,155.03767292803258
ARRIESGADO,9524,122.5333077032719
ARRIESGADO,9525,162.38814983997608
ARRIESGADO,9526,182.54327084739273
ARRIESGADO,9527,136.36809525862077
ARRIESGADO,9528,168.79044432928487
ARRIESGADO,9529,143.38160976358196
ARRIESGADO,9530,154.97651712897886
ARRIESGADO,9531,185.7624588281584
ARRIESGADO,9532,159.87173834070802
ARRIESGADO,9533,187.74271585668203
ARRIESGADO,9534,111.76491453025483
ARRIESGADO,9535,179.60204503149927
ARRIESGADO,9536,129.5198062488584
ARRIESGADO,9537,153.35911535832065
ARRIESGADO,9538,141.3123228725918
ARRIESGADO,9539,154.26281974543159
ARRIESGADO,9540,126.94478748118496
ARRIESGADO,9541,139.34679853302603
ARRIESGADO,9542,113.91763164992686
ARRIESGADO,9543,121.6940627588031
ARRIESGADO,9544,152.79059877007566
ARRIESGADO,9545,111.57488337179824
ARRIESGADO,9546,154.82545902839513
ARRIESGADO,9547,171.69978437139025
ARRIESGADO,9548,136.7741519834652
ARRIESGADO,9549,170.990699646843
ARRIESGADO,9550,133.26794027780682
ARRIESGADO,9551,160.032726167105
ARRIESGADO,9552,152.01247191109505
ARRIESGADO,9553,138.28412129695093
ARRIESGADO,9554,169.05624044714622
ARRIESGADO,9555,132.28024049760333
ARRIESGADO,9556,128.49206277282428
ARRIESGADO,9557,125.3014404042082
ARRIESGADO,9558,151.07433350280272
ARRIESGADO,9559,117.39362502604021
ARRIESGADO,9560,138.91623185552473
ARRIESGADO,9561,128.3845746563087
ARRIESGADO,9562,141.72703412927
ARRIESGADO,9563,169.8345427488149
ARRIESGADO,9564,123.67663879359418
ARRIESGADO,9565,155.52359386573036
ARRIESGADO,9566,164.6204002919631
ARRIESGADO,9567,149.6011413096403
ARRIESGADO,9568,151.0740453750444
ARRIESGADO,9569,155.43663038417964
ARRIESGADO,9570,119.71357935521401
ARRIESGADO,9571,156.904373464547
ARRIESGADO,9572,129.1556426189705
ARRIESGADO,9573,82.983457150607
ARRIESGADO,9574,130.69019405917678
ARRIESGADO,9575,111.32233815689241
ARRIESGADO,9576,195.26967269635855
ARRIESGADO,9577,158.76522200420132
ARRIESGADO,9578,146.08238956757128
ARRIESGADO,9579,159.08886652721642
ARRIESGADO,9580,168.65789290408551
ARRIESGADO,9581,134.07920064731027
ARRIESGADO,9582,100.49242388078343
ARRIESGADO,9583,124.97463689341424
ARRIESGADO,9584,130.81889107184048
ARRIESGADO,9585,147.3624048492607
ARRIESGADO,9586,189.9206365746837
ARRIESGADO,9587,104.97524551090713
ARRIESGADO,9588,102.46124316100105
ARRIESGADO,9589,128.39237525346903
ARRIESGADO,9590,166.08457568317522
ARRIESGADO,9591,102.73929438191294
ARRIESGADO,9592,128.50636760017193
ARRIESGADO,9593,159.57151836068638
ARRIESGADO,9594,163.16984325819024
ARRIESGADO,9595,151.67390125867186
ARRIESGADO,9596,167.2746085064908
ARRIESGADO,9597,133.37516222859466
ARRIESGADO,9598,133.6677109936128
ARRIESGADO,9599,131.52402189579897
ARRIESGADO,9600,127.11205765120802
ARRIESGADO,9601,203.40212330692128
ARRIESGADO,9602,145.8303934549156
ARRIESGADO,9603,169.17546508882702
ARRIESGADO,9604,150.48993580052166
ARRIESGADO,9605,142.94298116834935
ARRIESGADO,9606,131.71542986488726
ARRIESGADO,9607,123.39956484293546
ARRIESGADO,9608,152.32057259309855
ARRIESGADO,9609,151.71326714107582
ARRIESGADO,9610,181.07438112377002
ARRIESGADO,9611,104.86863279388069
ARRIESGADO,9612,158.97406885271377
ARRIESGADO,9613,155.439785779891
ARRIESGADO,9614,150.3831277658403
ARRIESGADO,9615,115.54586147629033
ARRIESGADO,9616,138.27012759829813
ARRIESGADO,9617,157.36029828403917
ARRIESGADO,9618,129.21866705578555
ARRIESGADO,9619,136.19008178196088
ARRIESGADO,9620,141.3759590370873
ARRIESGADO,9621,156.2741573744656
ARRIESGADO,9622,187.3501328376987
ARRIESGADO,9623,142.58431038511645
ARRIESGADO,9624,124.70450587399165
ARRIESGADO,9625,96.67814145648181
ARRIESGADO,9626,129.38141604292298
ARRIESGADO,9627,153.85359737693156
ARRIESGADO,9628,154.22792490224677
ARRIESGADO,9629,164.6751978427617
ARRIESGADO,9630,139.54856910812427
ARRIESGADO,9631,156.56865235273906
ARRIESGADO,9632,153.50427143269022
ARRIESGADO,9633,130.93469002082122
ARRIESGADO,9634,125.97582591826796
ARRIESGADO,9635,189.46940747140775
ARRIESGADO,9636,119.90364755225767
ARRIESGADO,9637,122.60908212733524
ARRIESGADO,9638,129.27122210214205
ARRIESGADO,9639,149.07666532004154
ARRIESGADO,9640,120.95205561748601
ARRIESGADO,9641,96.3651470828282
ARRIESGADO,9642,143.85488125884757
ARRIESGADO,9643,181.97949914318323
ARRIESGADO,9644,127.89110368248177
ARRIESGADO,9645,112.29289049670658
ARRIESGADO,9646,144.35869567539163
ARRIESGADO,9647,135.7061376485856
ARRIESGADO,9648,161.57171361246628
ARRIESGADO,9649,146.2249291509852
ARRIESGADO,9650,134.50577063567687
ARRIESGADO,9651,134.96512405827747
ARRIESGADO,9652,134.98246072057523
ARRIESGADO,9653,149.42950950011655
ARRIESGADO,9654,144.79182014068536
ARRIESGADO,9655,126.75952249797876
ARRIESGADO,9656,100.59774858429759
ARRIESGADO,9657,182.10117707896643
ARRIESGADO,9658,114.9144289343636
ARRIESGADO,9659,116.94684661883065
ARRIESGADO,9660,175.49252898829974
ARRIESGADO,9661,151.63369948141937
ARRIESGADO,9662,118.19499328530883
ARRIESGADO,9663,118.02620437681212
ARRIESGADO,9664,156.10516540892635
ARRIESGADO,9665,113.8962131078258
ARRIESGADO,9666,176.29228854604736
ARRIESGADO,9667,166.92868403232626
ARRIESGADO,9668,132.4374086236316
ARRIESGADO,9669,179.72706617389588
ARRIESGADO,9670,107.27749142755785
ARRIESGADO,9671,148.1207482446277
ARRIESGADO,9672,138.89992132086073
ARRIESGADO,9673,160.4379446824127
ARRIESGADO,9674,123.53491544487096
ARRIESGADO,9675,128.6860129118203
ARRIESGADO,9676,86.1157165010768
ARRIESGADO,9677,146.67643773142166
ARRIESGADO,9678,114.05949950369467
ARRIESGADO,9679,102.56594504933376
ARRIESGADO,9680,153.57516885363626
ARRIESGADO,9681,140.98190467808314
ARRIESGADO,9682,167.15091507514884
ARRIESGADO,9683,128.20850125665598
ARRIESGADO,9684,153.51383310012824
ARRIESGADO,9685,133.93665906094515
ARRIESGADO,9686,143.97602593371153
ARRIESGADO,9687,137.56585840943245
ARRIESGADO,9688,162.5023247128214
ARRIESGADO,9689,169.50010044217845
ARRIESGADO,9690,153.60370636324535
ARRIESGADO,9691,133.019799184008
ARRIESGADO,9692,106.64939402246225
ARRIESGADO,9693,135.8193626764793
ARRIESGADO,9694,126.81759885853756
ARRIESGADO,9695,128.17641015390515
ARRIESGADO,9696,182.9306972159341
ARRIESGADO,9697,172.4450461739406
ARRIESGADO,9698,137.5372839451114
ARRIESGADO,9699,105.75498290652448
ARRIESGADO,9700,181.03723643090265
ARRIESGADO,9701,152.1637765761696
ARRIESGADO,9702,142.59636270567051
ARRIESGADO,9703,173.8767014044596
ARRIESGADO,9704,135.1532847762026
ARRIESGADO,9705,132.49229765177745
ARRIESGADO,9706,155.37487837676238
ARRIESGADO,9707,143.67283852183647
ARRIESGADO,9708,170.08848808630208
ARRIESGADO,9709,161.14680646218244
ARRIESGADO,9710,153.0821061112215
ARRIESGADO,9711,144.62766565382458
ARRIESGADO,9712,138.27813150837747
ARRIESGADO,9713,99.60209560386104
ARRIESGADO,9714,106.4045162731093
ARRIESGADO,9715,164.38376156176295
ARRIESGADO,9716,148.9823778400661
ARRIESGADO,9717,168.7289145334488
ARRIESGADO,9718,91.65752356809665
ARRIESGADO,9719,125.98340608949437
ARRIESGADO,9720,138.18324054503867
ARRIESGADO,9721,145.24982278928368
ARRIESGADO,9722,169.78987688867682
ARRIESGADO,9723,127.51420463707949
ARRIESGADO,9724,107.10170169507784
ARRIESGADO,9725,142.50364793727815
ARRIESGADO,9726,142.33629458940595
ARRIESGADO,9727,135.13578555629525
ARRIESGADO,9728,155.28182969670124
ARRIESGADO,9729,180.10957695624774
ARRIESGADO,9730,168.44299040992496
ARRIESGADO,9731,142.03127820159972
ARRIESGADO,9732,177.03491276585038
ARRIESGADO,9733,142.08752892244092
ARRIESGADO,9734,140.45840715595287
ARRIESGADO,9735,109.52020788517136
ARRIESGADO,9736,117.42876161304245
ARRIESGADO,9737,146.0896453139559
ARRIESGADO,9738,129.94371532381243
ARRIESGADO,9739,157.5876622627025
ARRIESGADO,9740,118.87704609090895
ARRIESGADO,9741,158.06431309066292
ARRIESGADO,9742,150.68486056130695
ARRIESGADO,9743,145.17660243759883
ARRIESGADO,9744,144.41398289179438
ARRIESGADO,9745,121.66309040656299
ARRIESGADO,9746,143.2151623231206
ARRIESGADO,9747,146.44853030301132
ARRIESGADO,9748,118.02032636037924
ARRIESGADO,9749,137.55854138789465
ARRIESGADO,9750,185.79547432444045
ARRIESGADO,9751,186.9580802922264
ARRIESGADO,9752,129.4796881642875
ARRIESGADO,9753,127.45681920630567
ARRIESGADO,9754,136.04548405024101
ARRIESGADO,9755,114.33335513453741
ARRIESGADO,9756,128.8897860326173
ARRIESGADO,9757,141.1493355029994
ARRIESGADO,9758,141.61812392031945
ARRIESGADO,9759,138.49675339120557
ARRIESGADO,9760,168.36771857780099
ARRIESGADO,9761,118.4744232184354
ARRIESGADO,9762,143.75569932560333
ARRIESGADO,9763,148.2881280666514
ARRIESGADO,9764,147.15889120883455
ARRIESGADO,9765,110.17439798572053
ARRIESGADO,9766,108.7550632390242
ARRIESGADO,9767,120.17591170882454
ARRIESGADO,9768,103.15533966860737
ARRIESGADO,9769,155.11460811849616
ARRIESGADO,9770,152.1185506965953
ARRIESGADO,9771,139.30195057637138
ARRIESGADO,9772,149.5858101791467
ARRIESGADO,9773,162.63991867153416
ARRIESGADO,9774,150.59796854377208
ARRIESGADO,9775,170.31759914880755
ARRIESGADO,9776,119.14286644552016
ARRIESGADO,9777,108.83678003199536
ARRIESGADO,9778,158.39083029698128
ARRIESGADO,9779,149.00400606031954
ARRIESGADO,9780,175.50552395905652
ARRIESGADO,9781,136.15554087551757
ARRIESGADO,9782,100.39012312628239
ARRIESGADO,9783,171.46694160495358
ARRIESGADO,9784,122.75262679192313
ARRIESGADO,9785,140.9365233304818
ARRIESGADO,9786,101.90246772978672
ARRIESGADO,9787,155.89066927679698
ARRIESGADO,9788,157.49607101515
ARRIESGADO,9789,127.92890362696622
ARRIESGADO,9790,151.211507151022
ARRIESGADO,9791,160.67310300871813
ARRIESGADO,9792,143.4545912727514
ARRIESGADO,9793,149.5721752331369
ARRIESGADO,9794,145.9733015583434
ARRIESGADO,9795,213.9896651793906
ARRIESGADO,9796,154.06869593671922
ARRIESGADO,9797,156.55029117128683
ARRIESGADO,9798,144.058475984837
ARRIESGADO,9799,168.08379792129512
ARRIESGADO,9800,159.59431535586364
ARRIESGADO,9801,140.59255981493197
ARRIESGADO,9802,211.271546806065
ARRIESGADO,9803,148.12625540683248
ARRIESGADO,9804,116.48418205435497
ARRIESGADO,9805,134.20885109480153
ARRIESGADO,9806,153.89308469343607
ARRIESGADO,9807,144.14128039054862
ARRIESGADO,9808,129.38934638229446
ARRIESGADO,9809,144.81540965274195
ARRIESGADO,9810,129.19809968354411
ARRIESGADO,9811,136.0685155859228
ARRIESGADO,9812,116.16265586341838
ARRIESGADO,9813,132.66550207394246
ARRIESGADO,9814,192.70499974930905
ARRIESGADO,9815,175.62605080952824
ARRIESGADO,9816,109.85233092407614
ARRIESGADO,9817,136.9417961526441
ARRIESGADO,9818,163.1735427185189
ARRIESGADO,9819,165.23647231559048
ARRIESGADO,9820,132.87526254566563
ARRIESGADO,9821,180.61358701921654
ARRIESGADO,9822,155.11744056708736
ARRIESGADO,9823,205.18311341672214
ARRIESGADO,9824,169.48529820108445
ARRIESGADO,9825,152.07105932370385
ARRIESGADO,9826,170.10323112628822
ARRIESGADO,9827,142.19093281837777
ARRIESGADO,9828,122.09205381493229
ARRIESGADO,9829,160.85951209840528
ARRIESGADO,9830,172.92010741218314
ARRIESGADO,9831,132.73886666258915
ARRIESGADO,9832,159.80334028532334
ARRIESGADO,9833,128.19905380686802
ARRIESGADO,9834,139.66654223314706
ARRIESGADO,9835,169.70550616647043
ARRIESGADO,9836,153.25025612801133
ARRIESGADO,9837,147.09744195687264
ARRIESGADO,9838,124.04381574361707
ARRIESGADO,9839,158.0144570563582
ARRIESGADO,9840,126.164605029636
ARRIESGADO,9841,147.38254198842353
ARRIESGADO,9842,165.70952499800512
ARRIESGADO,9843,134.58396805811074
ARRIESGADO,9844,121.39237347365761
ARRIESGADO,9845,136.10985949258128
ARRIESGADO,9846,128.43727020316106
ARRIESGADO,9847,125.11741867165095
ARRIESGADO,9848,185.83042505670147
ARRIESGADO,9849,169.01829958946763
ARRIESGADO,9850,159.68396607126712
ARRIESGADO,9851,170.60982118175824
ARRIESGADO,9852,110.0007203326754
ARRIESGADO,9853,136.56522201999843
ARRIESGADO,9854,160.82865893303398
ARRIESGADO,9855,153.84585468779358
ARRIESGADO,9856,159.20438982468087
ARRIESGADO,9857,161.21097359474422
ARRIESGADO,9858,163.80279363547217
ARRIESGADO,9859,145.15835142092442
ARRIESGADO,9860,173.79383392673031
ARRIESGADO,9861,148.54799218940897
ARRIESGADO,9862,139.96795024946354
ARRIESGADO,9863,128.53655730391978
ARRIESGADO,9864,204.34440636660577
ARRIESGADO,9865,164.93796033584024
ARRIESGADO,9866,173.35150405829265
ARRIESGADO,9867,109.28805743024765
ARRIESGADO,9868,135.1661383058623
ARRIESGADO,9869,158.01047698062987
ARRIESGADO,9870,145.9402823420175
ARRIESGADO,9871,139.87460991395244
ARRIESGADO,9872,125.8396747777672
ARRIESGADO,9873,145.5706441571789
ARRIESGADO,9874,148.91458855984897
ARRIESGADO,9875,151.27042211480523
ARRIESGADO,9876,138.23748705582415
ARRIESGADO,9877,198.23904691033982
ARRIESGADO,9878,120.14715667465725
ARRIESGADO,9879,143.1601548853963
ARRIESGADO,9880,134.84652014989433
ARRIESGADO,9881,212.56455027005794
ARRIESGADO,9882,127.16589251315082
ARRIESGADO,9883,129.2264417095922
ARRIESGADO,9884,139.35452781370282
ARRIESGADO,9885,129.9026967136974
ARRIESGADO,9886,183.64824106529667
ARRIESGADO,9887,109.78312063361109
ARRIESGADO,9888,164.48227774000227
ARRIESGADO,9889,140.07412006757426
ARRIESGADO,9890,129.9620049196171
ARRIESGADO,9891,139.34609557295545
ARRIESGADO,9892,137.3068934329242
ARRIESGADO,9893,124.03437790329329
ARRIESGADO,9894,125.92168625990463
ARRIESGADO,9895,143.5379851584292
ARRIESGADO,9896,96.05895373350559
ARRIESGADO,9897,164.42017120886345
ARRIESGADO,9898,179.87460939636773
ARRIESGADO,9899,137.2452065621873
ARRIESGADO,9900,183.9762887416108
ARRIESGADO,9901,151.22233700550123
ARRIESGADO,9902,137.93333760867085
ARRIESGADO,9903,92.85628436004166
ARRIESGADO,9904,128.47451390252354
ARRIESGADO,9905,138.20190395660921
ARRIESGADO,9906,141.34673902421372
ARRIESGADO,9907,138.25688952112296
ARRIESGADO,9908,88.61395251977876
ARRIESGADO,9909,150.25873914247177
ARRIESGADO,9910,190.99932055623515
ARRIESGADO,9911,141.0816194094108
ARRIESGADO,9912,119.94091395257286
ARRIESGADO,9913,104.64016542597034
ARRIESGADO,9914,166.15863055818215
ARRIESGADO,9915,129.22422293405816
ARRIESGADO,9916,170.7116808825293
ARRIESGADO,9917,115.48324409790018
ARRIESGADO,9918,134.13980637164295
ARRIESGADO,9919,165.19001619947704
ARRIESGADO,9920,193.03393936327498
ARRIESGADO,9921,155.97910747138016
ARRIESGADO,9922,146.74887202892654
ARRIESGADO,9923,115.01421854075423
ARRIESGADO,9924,126.09345398462843
ARRIESGADO,9925,101.3381579366332
ARRIESGADO,9926,134.2600340303231
ARRIESGADO,9927,165.75915799370452
ARRIESGADO,9928,144.82102664161403
ARRIESGADO,9929,133.8165097521613
ARRIESGADO,9930,120.35735006652496
ARRIESGADO,9931,183.20160917650094
ARRIESGADO,9932,140.62158260223907
ARRIESGADO,9933,122.14150016542854
ARRIESGADO,9934,147.40659271415015
ARRIESGADO,9935,149.34845587276604
ARRIESGADO,9936,151.60756237320342
ARRIESGADO,9937,84.85113577024336
ARRIESGADO,9938,135.57542826610108
ARRIESGADO,9939,161.78380485542834
ARRIESGADO,9940,108.00443014460437
ARRIESGADO,9941,145.10519784969358
ARRIESGADO,9942,166.12081517652663
ARRIESGADO,9943,154.85900392151316
ARRIESGADO,9944,142.8697180120369
ARRIESGADO,9945,137.27605456901324
ARRIESGADO,9946,155.79931809667755
ARRIESGADO,9947,140.4068786569313
ARRIESGADO,9948,134.04016206808384
ARRIESGADO,9949,134.6926639641824
ARRIESGADO,9950,145.40601523788507
ARRIESGADO,9951,137.73667390565254
ARRIESGADO,9952,158.69514114253585
ARRIESGADO,9953,141.91876341728096
ARRIESGADO,9954,141.8619107283074
ARRIESGADO,9955,139.89825558926185
ARRIESGADO,9956,133.81461043312217
ARRIESGADO,9957,151.59278482627676
ARRIESGADO,9958,101.50883657124119
ARRIESGADO,9959,171.28600344778806
ARRIESGADO,9960,140.60696361873408
ARRIESGADO,9961,175.0553692865258
ARRIESGADO,9962,170.4130339694737
ARRIESGADO,9963,121.78692004932464
ARRIESGADO,9964,135.1553255914285
ARRIESGADO,9965,132.3731768700441
ARRIESGADO,9966,101.30615584039359
ARRIESGADO,9967,151.41875030026733
ARRIESGADO,9968,116.39547194610617
ARRIESGADO,9969,120.99700423193737
ARRIESGADO,9970,120.87894946923507
ARRIESGADO,9971,151.36794559651193
ARRIESGADO,9972,118.60970254509225
ARRIESGADO,9973,135.93156028911338
ARRIESGADO,9974,136.19176307538933
ARRIESGADO,9975,121.9409961578474
ARRIESGADO,9976,136.47105398455
ARRIESGADO,9977,124.36707864846119
ARRIESGADO,9978,143.586799683431
ARRIESGADO,9979,136.86502521610944
ARRIESGADO,9980,132.5527316775653
ARRIESGADO,9981,179.7035083871853
ARRIESGADO,9982,122.79108670642884
ARRIESGADO,9983,130.84367152098108
ARRIESGADO,9984,136.19042069864366
ARRIESGADO,9985,178.80427250055092
ARRIESGADO,9986,120.06450523119554
ARRIESGADO,9987,100.92447700336392
ARRIESGADO,9988,129.41145188609423
ARRIESGADO,9989,207.13680147859276
ARRIESGADO,9990,189.7837997974198
ARRIESGADO,9991,175.3648295182517
ARRIESGADO,9992,111.75060368474408
ARRIESGADO,9993,119.78224618169303
ARRIESGADO,9994,142.5711919169151
ARRIESGADO,9995,147.0666773852503
ARRIESGADO,9996,115.74673097236834
ARRIESGADO,9997,129.71560049724258
ARRIESGADO,9998,116.03111254531439
ARRIESGADO,9999,128.92044357583134
ARRIESGADO,10000,133.4759220753587
