player_id,player_name,team_id,team_name,position,rival,es_local,partidos_historicos,partidos_club_ultimos_3,participaciones_ultimos_3,activo_ultimos_3,titulares_ultimos_3,titular_2_de_3,weighted_recent,promedio,p90,std,minimo,maximo,confianza,estabilidad,factor_confianza,factor_contexto,score_base,score_contextual,fecha_partido,matchup_arq,matchup_def,matchup_vol,matchup_del,matchup_score,matchup_variables_usadas,starter_fecha10,prediccion_modelo_c,prom_ultimos_5_minutes_played,prom_ultimos_5_participacion,prom_ultimos_5_area_rival,prom_ultimos_5_ultimo_tercio,prom_ultimos_5_carreras_progresivas,prom_ultimos_5_duelos,prom_ultimos_5_perdidas,prom_ultimos_5_regates_fallidos,prom_ultimos_5_exceso_perdidas,prom_ultimos_5_pases,prom_ultimos_5_peligro_creado,prom_ultimos_5_defensa,prom_ultimos_5_arquero,prom_ultimos_5_accurate_passes,prom_ultimos_5_passes,prom_ultimos_5_progressive_passes,prom_ultimos_5_precision_pases,prom_ultimos_5_passes_into_final_third,prom_ultimos_5_long_balls_accurate,prom_ultimos_5_accurate_crosses,prom_ultimos_5_progressive_carries,prom_ultimos_5_take_ons,prom_ultimos_5_take_ons_won,prom_ultimos_5_failed_dribbles,prom_ultimos_5_miscontrols,prom_ultimos_5_dispossessed,prom_ultimos_5_duels_won,prom_ultimos_5_duels_lost,prom_ultimos_5_tackles,prom_ultimos_5_interceptions,prom_ultimos_5_recoveries,prom_ultimos_5_clearances,prom_ultimos_5_blocks,prom_ultimos_5_dribbled_past,prom_ultimos_5_shots_on_target,prom_ultimos_5_goals,prom_ultimos_5_assists,prom_ultimos_5_chances_created,prom_ultimos_5_saves,prom_ultimos_5_saved_penalties,prom_ultimos_5_goals_conceded,minutos_promedio_historico,partidos_historicos_minutos,minutos_promedio_ultimos_5,historico_ballPossession,historico_totalShotsOnGoal,historico_shotsOnGoal,historico_shotsOffGoal,historico_totalShotsInsideBox,historico_totalShotsOutsideBox,historico_expectedGoals,historico_expectedGoalsOnTarget,historico_bigChanceCreated,historico_bigChanceMissed,historico_touchesInOppBox,historico_finalThirdEntries,historico_fouledFinalThird,historico_cornerKicks,historico_fouls,historico_passes,historico_accuratePasses,historico_accurateCross,historico_accurateLongBalls,historico_duelWonPercent,historico_dispossessed,historico_groundDuelsPercentage,historico_aerialDuelsPercentage,historico_dribblesPercentage,historico_wonTacklePercent,historico_totalTackle,historico_interceptionWon,historico_ballRecovery,historico_totalClearance,historico_goalkeeperSaves,historico_freeKicks,historico_offsides,historico_yellowCards,historico_blockedScoringAttempt,rival_historico_ballPossession,rival_historico_totalShotsOnGoal,rival_historico_shotsOnGoal,rival_historico_shotsOffGoal,rival_historico_totalShotsInsideBox,rival_historico_totalShotsOutsideBox,rival_historico_expectedGoals,rival_historico_expectedGoalsOnTarget,rival_historico_bigChanceCreated,rival_historico_bigChanceMissed,rival_historico_touchesInOppBox,rival_historico_finalThirdEntries,rival_historico_fouledFinalThird,rival_historico_cornerKicks,rival_historico_fouls,rival_historico_passes,rival_historico_accuratePasses,rival_historico_accurateCross,rival_historico_accurateLongBalls,rival_historico_duelWonPercent,rival_historico_dispossessed,rival_historico_groundDuelsPercentage,rival_historico_aerialDuelsPercentage,rival_historico_dribblesPercentage,rival_historico_wonTacklePercent,rival_historico_totalTackle,rival_historico_interceptionWon,rival_historico_ballRecovery,rival_historico_totalClearance,rival_historico_goalkeeperSaves,rival_historico_freeKicks,rival_historico_offsides,rival_historico_yellowCards,rival_historico_blockedScoringAttempt,matchup_diferencia_ballPossession,matchup_ratio_ballPossession,matchup_diferencia_totalShotsOnGoal,matchup_ratio_totalShotsOnGoal,matchup_diferencia_shotsOnGoal,matchup_ratio_shotsOnGoal,matchup_diferencia_shotsOffGoal,matchup_ratio_shotsOffGoal,matchup_diferencia_totalShotsInsideBox,matchup_ratio_totalShotsInsideBox,matchup_diferencia_totalShotsOutsideBox,matchup_ratio_totalShotsOutsideBox,matchup_diferencia_expectedGoals,matchup_ratio_expectedGoals,matchup_diferencia_expectedGoalsOnTarget,matchup_ratio_expectedGoalsOnTarget,matchup_diferencia_bigChanceCreated,matchup_ratio_bigChanceCreated,matchup_diferencia_bigChanceMissed,matchup_ratio_bigChanceMissed,matchup_diferencia_touchesInOppBox,matchup_ratio_touchesInOppBox,matchup_diferencia_finalThirdEntries,matchup_ratio_finalThirdEntries,matchup_diferencia_fouledFinalThird,matchup_ratio_fouledFinalThird,matchup_diferencia_cornerKicks,matchup_ratio_cornerKicks,matchup_diferencia_fouls,matchup_ratio_fouls,matchup_diferencia_passes,matchup_ratio_passes,matchup_diferencia_accuratePasses,matchup_ratio_accuratePasses,matchup_diferencia_accurateCross,matchup_ratio_accurateCross,matchup_diferencia_accurateLongBalls,matchup_ratio_accurateLongBalls,matchup_diferencia_duelWonPercent,matchup_ratio_duelWonPercent,matchup_diferencia_dispossessed,matchup_ratio_dispossessed,matchup_diferencia_groundDuelsPercentage,matchup_ratio_groundDuelsPercentage,matchup_diferencia_aerialDuelsPercentage,matchup_ratio_aerialDuelsPercentage,matchup_diferencia_dribblesPercentage,matchup_ratio_dribblesPercentage,matchup_diferencia_wonTacklePercent,matchup_ratio_wonTacklePercent,matchup_diferencia_totalTackle,matchup_ratio_totalTackle,matchup_diferencia_interceptionWon,matchup_ratio_interceptionWon,matchup_diferencia_ballRecovery,matchup_ratio_ballRecovery,matchup_diferencia_totalClearance,matchup_ratio_totalClearance,matchup_diferencia_goalkeeperSaves,matchup_ratio_goalkeeperSaves,matchup_diferencia_freeKicks,matchup_ratio_freeKicks,matchup_diferencia_offsides,matchup_ratio_offsides,matchup_diferencia_yellowCards,matchup_ratio_yellowCards,matchup_diferencia_blockedScoringAttempt,matchup_ratio_blockedScoringAttempt,matchup_ataque_xg_diferencia,matchup_ataque_xg_ratio,matchup_ataque_tiros_arco_diferencia,matchup_ataque_tiros_arco_ratio,matchup_pases_precisos_diferencia,matchup_pases_precisos_ratio,matchup_posesion_diferencia,matchup_posesion_ratio,matchup_fouls_diferencia,matchup_fouls_ratio,matchup_freeKicks_diferencia,matchup_freeKicks_ratio,pre_sim_n,pre_sim_media,pre_sim_p50,pre_sim_p75,pre_sim_p90,pre_sim_p95,pre_sim_std,pre_sim_prob_10,pre_sim_prob_15,pre_sim_media_ajustada,pre_sim_p50_ajustada,pre_sim_p75_ajustada,pre_sim_p90_ajustada,pre_sim_p95_ajustada,score_pre_sim_SEGURO,score_pre_sim_INTERMEDIO,score_pre_sim_ARRIESGADO
p_02UzGW,Leandro Paredes,t_0otcXZ,Boca Juniors,VOL,San Lorenzo,False,20,3,3,True,0,False,10.315173333333332,12.39456,18.295910000000003,4.589481375172213,5.5,19.94,1.0,0.17890747510884938,1.0,1.028,13.142112166666667,13.510091307333335,2026-09-20 17:45:00,,,0.6979861111111111,,0.6979861111111111,15.0,False,6.15386449878545,,,,,,,,,,,,,,,,,,,,,,,,,,,,,,,,,,,,,,,,,,,,,,,,,,,,,,,,,,,,,,,,,,,,,,,,,,,,,,,,,,,,,,,,,,,,,,,,,,,,,,,,,,,,,,,,,,,,,,,,,,,,,,,,,,,,,,,,,,,,,,,,,,,,,,,,,,,,,,,,,,,,,,,,,,,,,,,,,,,,,,,,,,,,,,,,,20,12.436760140000002,11.6488,16.76,19.4291,19.94,4.4949701274601574,0.6037,0.3534,13.510091307333335,12.722131167333332,17.833331167333334,20.50243116733333,21.013331167333334,12.722131167333332,17.833331167333334,20.50243116733333
p_03caFD,Manuel García,t_3qkV0m,Sarmiento,VOL,Racing Club,False,14,3,3,True,0,False,3.0539733333333334,5.0359428571428575,10.32318,4.5437212993001985,-0.54,14.9417,1.0,0.1803842484156325,1.0,0.959,5.66406280952381,5.431836234333334,2026-09-19 00:15:00,,,0.48625,,0.48625,15.0,False,6.15386449878545,,,,,,,,,,,,,,,,,,,,,,,,,,,,,,,,,,,,,,,,,,,,,,,,,,,,,,,,,,,,,,,,,,,,,,,,,,,,,,,,,,,,,,,,,,,,,,,,,,,,,,,,,,,,,,,,,,,,,,,,,,,,,,,,,,,,,,,,,,,,,,,,,,,,,,,,,,,,,,,,,,,,,,,,,,,,,,,,,,,,,,,,,,,,,,,,,14,5.04358801,3.8618,8.9747,10.7124,14.9417,4.356229350078946,0.1403,0.0,5.431836234333334,4.250048224333334,9.362948224333334,11.100648224333334,15.329948224333336,4.250048224333334,9.362948224333334,11.100648224333334
p_042eAN,Marcelo Torres,t_0rGDE4,Gimnasia LP,DEL,Banfield,True,21,3,2,True,0,False,2.0412933333333334,6.330285714285715,12.1413,4.6408516237093504,-2.618,12.7211,1.0,0.17727819604345718,1.0,0.955,6.281891952380953,5.999206814523809,2026-09-19 17:30:00,,,,0.4928440293742018,0.4928440293742018,11.0,False,5.577128809735925,,,,,,,,,,,,,,,,,,,,,,,,,,,,,,,,,,,,,,,,,,,,,,,,,,,,,,,,,,,,,,,,,,,,,,,,,,,,,,,,,,,,,,,,,,,,,,,,,,,,,,,,,,,,,,,,,,,,,,,,,,,,,,,,,,,,,,,,,,,,,,,,,,,,,,,,,,,,,,,,,,,,,,,,,,,,,,,,,,,,,,,,,,,,,,,,,21,6.3130382,5.66,10.8147,12.1413,12.488,4.538842026909149,0.3342,0.0,5.999206814523809,5.346168614523809,10.50086861452381,11.82746861452381,12.174168614523808,5.346168614523809,10.50086861452381,11.82746861452381
p_04WuOt,Facundo Gulli,t_1QqhS7,San Lorenzo,VOL,Boca Juniors,True,22,3,3,True,0,False,2.3022133333333334,5.373518181818181,10.257960000000004,3.7432207024529993,-0.51,14.6221,1.0,0.2108272127170555,1.0,0.957,5.51967193939394,5.2823260460000006,2026-09-20 17:45:00,,,0.4317824074074074,,0.4317824074074074,15.0,False,6.15386449878545,,,,,,,,,,,,,,,,,,,,,,,,,,,,,,,,,,,,,,,,,,,,,,,,,,,,,,,,,,,,,,,,,,,,,,,,,,,,,,,,,,,,,,,,,,,,,,,,,,,,,,,,,,,,,,,,,,,,,,,,,,,,,,,,,,,,,,,,,,,,,,,,,,,,,,,,,,,,,,,,,,,,,,,,,,,,,,,,,,,,,,,,,,,,,,,,,22,5.35023021,4.945,7.1657,10.494,12.1986,3.6710171924975175,0.1365,0.0,5.2823260460000006,4.8770958360000005,7.097795836,10.426095836,12.130695836000001,4.8770958360000005,7.097795836,10.426095836
p_05GdkR,Rodrigo Granillo,t_45vTPl,Atlético Tucumán,VOL,Aldosivi,False,3,3,3,True,0,False,4.419116666666667,3.9969,5.33334,1.6128502813342593,2.844,5.84,0.6765447608800108,0.3827238044000543,0.9676544760880011,0.896,4.478785833333333,3.883189774521817,2026-09-21 17:30:00,,,0.4604563492063492,,0.4604563492063492,15.0,False,6.15386449878545,,,,,,,,,,,,,,,,,,,,,,,,,,,,,,,,,,,,,,,,,,,,,,,,,,,,,,,,,,,,,,,,,,,,,,,,,,,,,,,,,,,,,,,,,,,,,,,,,,,,,,,,,,,,,,,,,,,,,,,,,,,,,,,,,,,,,,,,,,,,,,,,,,,,,,,,,,,,,,,,,,,,,,,,,,,,,,,,,,,,,,,,,,,,,,,,,3,3.9937956399999996,3.3067,5.84,5.84,5.84,1.314346254388466,0.0,0.0,3.883189774521817,3.1960941345218177,5.729394134521817,5.729394134521817,5.729394134521817,3.1960941345218177,5.729394134521817,5.729394134521817
p_05SKXO,Emiliano Chiavassa,t_02LuKO,Talleres,DEL,Instituto De Córdoba,False,9,3,3,True,0,False,1.8573066666666667,1.041611111111111,3.0780000000000007,2.24897106386701,-0.9782,6.03,0.8615579505229434,0.30778975261471675,0.9861557950522943,0.9819999999999999,1.8362017777777777,1.7781869656081446,2026-09-20 00:15:00,,,,0.6482721452835118,0.6482721452835118,11.0,False,5.577128809735925,,,,,,,,,,,,,,,,,,,,,,,,,,,,,,,,,,,,,,,,,,,,,,,,,,,,,,,,,,,,,,,,,,,,,,,,,,,,,,,,,,,,,,,,,,,,,,,,,,,,,,,,,,,,,,,,,,,,,,,,,,,,,,,,,,,,,,,,,,,,,,,,,,,,,,,,,,,,,,,,,,,,,,,,,,,,,,,,,,,,,,,,,,,,,,,,,9,1.0531713100000002,0.22,2.166,6.03,6.03,2.14577274482688,0.0,0.0,1.7781869656081446,0.9450156556081444,2.891015655608144,6.755015655608145,6.755015655608145,0.9450156556081444,2.891015655608144,6.755015655608145
p_05b1pn,Matías Giménez,t_3XuEvf,Argentinos Juniors,DEL,Rosario Central,False,8,3,3,True,0,False,2.4181866666666667,4.0851375,9.826239999999999,4.913221003123685,-0.96,14.3964,0.8004891806390598,0.16911256986196618,0.980048918063906,0.8859999999999999,4.936980333333333,4.286895259488897,2026-09-20 20:00:00,,,,0.6559664094552939,0.6559664094552939,16.0,False,5.577128809735925,,,,,,,,,,,,,,,,,,,,,,,,,,,,,,,,,,,,,,,,,,,,,,,,,,,,,,,,,,,,,,,,,,,,,,,,,,,,,,,,,,,,,,,,,,,,,,,,,,,,,,,,,,,,,,,,,,,,,,,,,,,,,,,,,,,,,,,,,,,,,,,,,,,,,,,,,,,,,,,,,,,,,,,,,,,,,,,,,,,,,,,,,,,,,,,,,8,4.090692059999999,3.3191,7.8676,14.3964,14.3964,4.564519375504387,0.1228,0.0,4.286895259488897,3.515303199488898,8.063803199488898,14.592603199488899,14.592603199488899,3.515303199488898,8.063803199488898,14.592603199488899
p_06z1T4,Rodrigo Auzmendi,t_1QqhS7,San Lorenzo,DEL,Boca Juniors,True,17,3,3,True,3,True,4.390773333333334,5.672735294117648,12.569360000000001,5.1765858670243725,-2.23,14.3738,1.0,0.16190174014074854,1.0,0.957,6.948204784313726,6.649431978588235,2026-09-20 17:45:00,,,,0.533145230347538,0.533145230347538,16.0,True,5.577128809735925,,,,,,,,,,,,,,,,,,,,,,,,,,,,,,,,,,,,,,,,,,,,,,,,,,,,,,,,,,,,,,,,,,,,,,,,,,,,,,,,,,,,,,,,,,,,,,,,,,,,,,,,,,,,,,,,,,,,,,,,,,,,,,,,,,,,,,,,,,,,,,,,,,,,,,,,,,,,,,,,,,,,,,,,,,,,,,,,,,,,,,,,,,,,,,,,,17,5.6059,4.1165,11.7633,12.89,14.3738,5.032577256795965,0.2899,0.0,6.649431978588235,5.160031978588235,12.806831978588235,13.933531978588235,15.417331978588233,5.160031978588235,12.806831978588235,13.933531978588235
p_07K4zy,Enner Valencia,t_0otcXZ,Boca Juniors,DEL,San Lorenzo,False,4,3,3,True,2,True,10.67303,7.837524999999999,15.5037,8.020419485444636,1.17,19.4367,0.655505251205082,0.11085958935874342,0.9655505251205082,1.028,10.7464955,10.666820335680624,2026-09-20 17:45:00,,,,0.6569637614155371,0.6569637614155371,16.0,True,5.577128809735925,,,,,,,,,,,,,,,,,,,,,,,,,,,,,,,,,,,,,,,,,,,,,,,,,,,,,,,,,,,,,,,,,,,,,,,,,,,,,,,,,,,,,,,,,,,,,,,,,,,,,,,,,,,,,,,,,,,,,,,,,,,,,,,,,,,,,,,,,,,,,,,,,,,,,,,,,,,,,,,,,,,,,,,,,,,,,,,,,,,,,,,,,,,,,,,,,4,7.87365875,6.3267,19.4367,19.4367,19.4367,6.95404464905665,0.2517,0.2517,10.666820335680624,9.119861585680624,22.229861585680624,22.229861585680624,22.229861585680624,9.119861585680624,22.229861585680624,22.229861585680624
p_08bYm3,Franco Nicola,t_45vTPl,Atlético Tucumán,VOL,Aldosivi,False,23,3,3,True,3,True,4.534293333333334,5.918139130434781,12.08736,5.047439439119704,-2.3333,17.5243,1.0,0.16535924171992453,1.0,0.896,6.976098318840579,6.250584093681159,2026-09-21 17:30:00,,,0.4752,,0.4752,15.0,True,6.15386449878545,,,,,,,,,,,,,,,,,,,,,,,,,,,,,,,,,,,,,,,,,,,,,,,,,,,,,,,,,,,,,,,,,,,,,,,,,,,,,,,,,,,,,,,,,,,,,,,,,,,,,,,,,,,,,,,,,,,,,,,,,,,,,,,,,,,,,,,,,,,,,,,,,,,,,,,,,,,,,,,,,,,,,,,,,,,,,,,,,,,,,,,,,,,,,,,,,23,5.92300192,4.2336,8.4726,12.4194,15.6109,4.9934865851985935,0.2164,0.0914,6.250584093681159,4.561182173681159,8.800182173681158,12.746982173681157,15.938482173681159,4.561182173681159,8.800182173681158,12.746982173681157
p_08sFr2,Nicólas Watson,t_3TbOfu,Deportivo Riestra,VOL,Gimnasia y Esgrima Mendoza,False,21,3,3,True,0,False,3.211446666666667,4.253585714285714,6.2915,2.5037907067655865,1.1486,12.1533,1.0,0.2854051750491451,1.0,0.85,4.398315619047619,3.7385682761904757,2026-09-19 17:30:00,,,0.2875685871056241,,0.2875685871056241,15.0,False,6.15386449878545,,,,,,,,,,,,,,,,,,,,,,,,,,,,,,,,,,,,,,,,,,,,,,,,,,,,,,,,,,,,,,,,,,,,,,,,,,,,,,,,,,,,,,,,,,,,,,,,,,,,,,,,,,,,,,,,,,,,,,,,,,,,,,,,,,,,,,,,,,,,,,,,,,,,,,,,,,,,,,,,,,,,,,,,,,,,,,,,,,,,,,,,,,,,,,,,,21,4.22542513,3.5163,5.6344,6.2915,7.6287,2.4283509657151052,0.0461,0.0,3.7385682761904757,3.0294431461904763,5.147543146190476,5.804643146190476,7.141843146190476,3.0294431461904763,5.147543146190476,5.804643146190476
p_0AqJh0,Federico Medina,t_0bW0AU,Banfield,VOL,Gimnasia y Esgrima,False,7,3,3,True,0,False,2.532626666666667,3.3375285714285714,5.999400000000001,2.425623213880154,1.1744,8.0256,0.7917168704338609,0.2919176855026372,0.9791716870433861,0.8569999999999999,3.7212807619047625,3.1227132566881,2026-09-19 17:30:00,,,0.409537037037037,,0.409537037037037,15.0,False,6.15386449878545,,,,,,,,,,,,,,,,,,,,,,,,,,,,,,,,,,,,,,,,,,,,,,,,,,,,,,,,,,,,,,,,,,,,,,,,,,,,,,,,,,,,,,,,,,,,,,,,,,,,,,,,,,,,,,,,,,,,,,,,,,,,,,,,,,,,,,,,,,,,,,,,,,,,,,,,,,,,,,,,,,,,,,,,,,,,,,,,,,,,,,,,,,,,,,,,,7,3.34781431,2.116,4.6486,8.0256,8.0256,2.230876634011891,0.0,0.0,3.1227132566881,1.8908989466881003,4.423498946688101,7.800498946688101,7.800498946688101,1.8908989466881003,4.423498946688101,7.800498946688101
p_0AsvjF,Augusto Max,t_0rGDE4,Gimnasia LP,VOL,Banfield,True,21,3,3,True,0,False,5.101519999999999,7.88297619047619,12.074,3.9868204511746903,1.298,16.1994,1.0,0.20052857522962172,1.0,0.955,7.957222476190475,7.599147464761904,2026-09-19 17:30:00,,,0.5310879629629629,,0.5310879629629629,15.0,False,6.15386449878545,,,,,,,,,,,,,,,,,,,,,,,,,,,,,,,,,,,,,,,,,,,,,,,,,,,,,,,,,,,,,,,,,,,,,,,,,,,,,,,,,,,,,,,,,,,,,,,,,,,,,,,,,,,,,,,,,,,,,,,,,,,,,,,,,,,,,,,,,,,,,,,,,,,,,,,,,,,,,,,,,,,,,,,,,,,,,,,,,,,,,,,,,,,,,,,,,21,7.840565340000001,7.35,10.1013,12.074,15.1004,3.878824533172477,0.2798,0.0943,7.599147464761904,7.108582124761902,9.859882124761903,11.832582124761903,14.858982124761903,7.108582124761902,9.859882124761903,11.832582124761903
p_0AvvFI,Alfio Oviedo,t_1L8FaD,Tigre,DEL,Vélez Sarsfield,False,13,3,2,True,0,False,-0.5074533333333334,1.6371846153846152,3.8680000000000003,2.815036145370711,-4.344,7.9844,0.9857574762192891,0.26212071442977875,0.9985757476219289,0.85,1.4442651794871795,1.22587695416512,2026-09-21 00:30:00,,,,0.5651162982786533,0.5651162982786533,11.0,False,5.577128809735925,,,,,,,,,,,,,,,,,,,,,,,,,,,,,,,,,,,,,,,,,,,,,,,,,,,,,,,,,,,,,,,,,,,,,,,,,,,,,,,,,,,,,,,,,,,,,,,,,,,,,,,,,,,,,,,,,,,,,,,,,,,,,,,,,,,,,,,,,,,,,,,,,,,,,,,,,,,,,,,,,,,,,,,,,,,,,,,,,,,,,,,,,,,,,,,,,13,1.6369211799999999,1.3971,3.0456,3.965,7.9844,2.7129300363060245,0.0,0.0,1.22587695416512,0.9860557741651201,2.63455577416512,3.5539557741651198,7.57335577416512,0.9860557741651201,2.63455577416512,3.5539557741651198
p_0BzJUD,Ramiro Paunero,t_45vTPl,Atlético Tucumán,DEF,Aldosivi,False,2,3,1,True,0,False,1.8182333333333336,2.99235,5.810230000000001,4.981355141424872,-0.53,6.5147,0.6001039054313183,0.1671861938232581,0.9600103905431319,0.896,3.285879166666667,2.82641241529401,2026-09-21 17:30:00,,0.4195925215723873,,,0.4195925215723873,16.0,False,6.218483552578269,,,,,,,,,,,,,,,,,,,,,,,,,,,,,,,,,,,,,,,,,,,,,,,,,,,,,,,,,,,,,,,,,,,,,,,,,,,,,,,,,,,,,,,,,,,,,,,,,,,,,,,,,,,,,,,,,,,,,,,,,,,,,,,,,,,,,,,,,,,,,,,,,,,,,,,,,,,,,,,,,,,,,,,,,,,,,,,,,,,,,,,,,,,,,,,,,2,3.0064394,6.5147,6.5147,6.5147,6.5147,3.522321821087284,0.0,0.0,2.82641241529401,6.33467301529401,6.33467301529401,6.33467301529401,6.33467301529401,6.33467301529401,6.33467301529401,6.33467301529401
p_0CIjyP,Antony Alonso,t_3TbOfu,Deportivo Riestra,VOL,Gimnasia y Esgrima Mendoza,False,25,3,3,True,2,True,1.6056933333333334,4.849992,8.517200000000004,4.359335271949918,0.9591,19.67,1.0,0.18659030444202163,1.0,0.85,4.631289466666669,3.936596046666668,2026-09-19 17:30:00,,,0.2945015220700152,,0.2945015220700152,15.0,True,6.15386449878545,,,,,,,,,,,,,,,,,,,,,,,,,,,,,,,,,,,,,,,,,,,,,,,,,,,,,,,,,,,,,,,,,,,,,,,,,,,,,,,,,,,,,,,,,,,,,,,,,,,,,,,,,,,,,,,,,,,,,,,,,,,,,,,,,,,,,,,,,,,,,,,,,,,,,,,,,,,,,,,,,,,,,,,,,,,,,,,,,,,,,,,,,,,,,,,,,25,4.78332451,3.4967,5.4324,9.5724,15.1433,4.182599000926369,0.0762,0.0762,3.936596046666668,2.6499715366666683,4.585671536666668,8.725671536666669,14.296571536666669,2.6499715366666683,4.585671536666668,8.725671536666669
p_0CLSyZ,Federico Anselmo,t_0bW0AU,Banfield,DEL,Gimnasia y Esgrima,False,9,3,3,True,0,False,0.9242333333333335,1.3579666666666668,2.866,1.1265130203419753,-0.11,3.13,0.8940506820728693,0.4702534103643461,0.989405068207287,0.8569999999999999,1.5831683333333335,1.342400320311268,2026-09-19 17:30:00,,,,0.5143786886522237,0.5143786886522237,16.0,False,5.577128809735925,,,,,,,,,,,,,,,,,,,,,,,,,,,,,,,,,,,,,,,,,,,,,,,,,,,,,,,,,,,,,,,,,,,,,,,,,,,,,,,,,,,,,,,,,,,,,,,,,,,,,,,,,,,,,,,,,,,,,,,,,,,,,,,,,,,,,,,,,,,,,,,,,,,,,,,,,,,,,,,,,,,,,,,,,,,,,,,,,,,,,,,,,,,,,,,,,9,1.35453868,1.03,2.195,3.13,3.13,1.0656047442132837,0.0,0.0,1.342400320311268,1.017861640311268,2.182861640311268,3.1178616403112676,3.1178616403112676,1.017861640311268,2.182861640311268,3.1178616403112676
p_0CkNz5,Mateo Martínez,t_2RmaMX,Racing Club,DEF,Sarmiento,True,3,3,3,True,0,False,5.30075,5.623633333333333,6.30128,1.0562656973192555,4.4118,6.3491,0.6972636951833312,0.4863184759166559,0.9697263695183331,0.85,5.680035833333333,4.681868448283517,2026-09-19 00:15:00,,0.5428116854024112,,,0.5428116854024112,16.0,False,6.218483552578269,,,,,,,,,,,,,,,,,,,,,,,,,,,,,,,,,,,,,,,,,,,,,,,,,,,,,,,,,,,,,,,,,,,,,,,,,,,,,,,,,,,,,,,,,,,,,,,,,,,,,,,,,,,,,,,,,,,,,,,,,,,,,,,,,,,,,,,,,,,,,,,,,,,,,,,,,,,,,,,,,,,,,,,,,,,,,,,,,,,,,,,,,,,,,,,,,3,5.62827877,6.11,6.3491,6.3491,6.3491,0.8614282148967997,0.0,0.0,4.681868448283517,5.163589678283517,5.402689678283517,5.402689678283517,5.402689678283517,5.163589678283517,5.402689678283517,5.402689678283517
p_0CoDTg,Esteban Lucero,t_1DVMAZ,Defensa y Justicia,DEF,Central Córdoba,False,11,3,2,True,0,False,6.292206666666667,6.412090909090909,9.8042,3.608351588316899,0.7367,11.6145,0.910066133084776,0.21699733209054659,0.9910066133084776,0.999,7.218158696969697,7.146089761602466,2026-09-18 21:00:00,,0.6204861111111111,,,0.6204861111111111,14.0,False,6.218483552578269,,,,,,,,,,,,,,,,,,,,,,,,,,,,,,,,,,,,,,,,,,,,,,,,,,,,,,,,,,,,,,,,,,,,,,,,,,,,,,,,,,,,,,,,,,,,,,,,,,,,,,,,,,,,,,,,,,,,,,,,,,,,,,,,,,,,,,,,,,,,,,,,,,,,,,,,,,,,,,,,,,,,,,,,,,,,,,,,,,,,,,,,,,,,,,,,,11,6.435384450000001,5.5063,9.5614,9.8042,11.6145,3.4647568160096314,0.0937,0.0,7.146089761602466,6.217005311602466,10.272105311602466,10.514905311602465,12.325205311602465,6.217005311602466,10.272105311602466,10.514905311602465
p_0CoGTg,Claudio Baeza,t_2eRs85,Vélez Sarsfield,VOL,Tigre,True,20,3,3,True,0,False,3.692713333333333,7.158205000000001,11.923670000000001,3.7783459921359075,1.294,12.5771,1.0,0.20927743651166683,1.0,0.955,7.136649166666667,6.815499954166667,2026-09-21 00:30:00,,,0.5664312617702448,,0.5664312617702448,15.0,False,6.15386449878545,,,,,,,,,,,,,,,,,,,,,,,,,,,,,,,,,,,,,,,,,,,,,,,,,,,,,,,,,,,,,,,,,,,,,,,,,,,,,,,,,,,,,,,,,,,,,,,,,,,,,,,,,,,,,,,,,,,,,,,,,,,,,,,,,,,,,,,,,,,,,,,,,,,,,,,,,,,,,,,,,,,,,,,,,,,,,,,,,,,,,,,,,,,,,,,,,20,7.19268388,7.9815,11.101,12.1241,12.1241,3.7047675708211636,0.3059,0.0,6.815499954166667,7.604316074166667,10.723816074166669,11.746916074166668,11.746916074166668,7.604316074166667,10.723816074166669,11.746916074166668
p_0CziMH,Mateo Mendía,t_2Swqmw,Club Atlético Platense,DEF,Newell's Old Boys,True,9,3,3,True,2,True,6.5943000000000005,6.490033333333333,9.557640000000001,2.907381568955131,2.2159,10.7482,0.8511851725946187,0.255925862973093,0.9851185172594619,0.85,7.293428333333333,6.107157609650759,2026-09-20 20:00:00,,0.5503448924789555,,,0.5503448924789555,16.0,True,6.218483552578269,,,,,,,,,,,,,,,,,,,,,,,,,,,,,,,,,,,,,,,,,,,,,,,,,,,,,,,,,,,,,,,,,,,,,,,,,,,,,,,,,,,,,,,,,,,,,,,,,,,,,,,,,,,,,,,,,,,,,,,,,,,,,,,,,,,,,,,,,,,,,,,,,,,,,,,,,,,,,,,,,,,,,,,,,,,,,,,,,,,,,,,,,,,,,,,,,9,6.46820255,5.8656,8.9131,10.7482,10.7482,2.745314649214275,0.1128,0.0,6.107157609650759,5.504555059650759,8.552055059650758,10.387155059650759,10.387155059650759,5.504555059650759,8.552055059650758,10.387155059650759
p_0DWgd7,Danilo Arboleda,t_1QqhS7,San Lorenzo,DEF,Boca Juniors,True,6,3,3,True,3,True,11.052533333333335,10.10935,13.156749999999999,2.8565508227581033,6.3818,13.995,0.7518598118349092,0.25929905917454665,0.975185981183491,0.957,11.201314166666666,10.453659870680259,2026-09-20 17:45:00,,0.4999032115240067,,,0.4999032115240067,16.0,True,6.218483552578269,,,,,,,,,,,,,,,,,,,,,,,,,,,,,,,,,,,,,,,,,,,,,,,,,,,,,,,,,,,,,,,,,,,,,,,,,,,,,,,,,,,,,,,,,,,,,,,,,,,,,,,,,,,,,,,,,,,,,,,,,,,,,,,,,,,,,,,,,,,,,,,,,,,,,,,,,,,,,,,,,,,,,,,,,,,,,,,,,,,,,,,,,,,,,,,,,6,10.11095893,11.0413,12.3185,13.995,13.995,2.615531016381617,0.5008,0.0,10.453659870680259,11.384000940680258,12.661200940680258,14.337700940680257,14.337700940680257,11.384000940680258,12.661200940680258,14.337700940680257
p_0Dmkk5,Jerónimo Dómina,t_1L8FaD,Tigre,DEL,Vélez Sarsfield,False,1,3,1,True,0,False,0.3,0.3,0.3,0.0,0.3,0.3,0.7333333333333334,1.0,0.9733333333333334,0.85,0.3,0.2482,2026-09-21 00:30:00,,,,0.4887975417358878,0.4887975417358878,16.0,False,5.577128809735925,,,,,,,,,,,,,,,,,,,,,,,,,,,,,,,,,,,,,,,,,,,,,,,,,,,,,,,,,,,,,,,,,,,,,,,,,,,,,,,,,,,,,,,,,,,,,,,,,,,,,,,,,,,,,,,,,,,,,,,,,,,,,,,,,,,,,,,,,,,,,,,,,,,,,,,,,,,,,,,,,,,,,,,,,,,,,,,,,,,,,,,,,,,,,,,,,1,0.3,0.3,0.3,0.3,0.3,0.0,0.0,0.0,0.2482,0.2482,0.2482,0.2482,0.2482,0.2482,0.2482,0.2482
p_0E6fVC,Juan Manuel Insaurralde,t_3qkV0m,Sarmiento,DEF,Racing Club,False,21,3,3,True,3,True,8.18146,7.121814285714286,13.3567,4.113916446196461,-0.9711,14.9636,1.0,0.19554484523183058,1.0,0.959,9.051411714285713,8.680303833999998,2026-09-19 00:15:00,,0.40875,,,0.40875,14.0,True,6.218483552578269,,,,,,,,,,,,,,,,,,,,,,,,,,,,,,,,,,,,,,,,,,,,,,,,,,,,,,,,,,,,,,,,,,,,,,,,,,,,,,,,,,,,,,,,,,,,,,,,,,,,,,,,,,,,,,,,,,,,,,,,,,,,,,,,,,,,,,,,,,,,,,,,,,,,,,,,,,,,,,,,,,,,,,,,,,,,,,,,,,,,,,,,,,,,,,,,,21,7.081252969999999,6.4332,9.485,13.3567,14.27,4.016022131517602,0.2341,0.0,8.680303833999998,8.032250864,11.084050863999998,14.955750863999999,15.869050863999998,8.032250864,11.084050863999998,14.955750863999999
p_0E84w7,Juan Luis Alfaro,t_0bW0AU,Banfield,DEF,Gimnasia y Esgrima,False,5,3,1,True,0,False,6.35848,6.61948,10.19476,3.9280308542576394,1.3549,10.7036,0.7072508281532384,0.20292080743285856,0.9707250828153239,0.8569999999999999,7.421950000000001,6.174404785339822,2026-09-19 17:30:00,,0.4586309523809524,,,0.4586309523809524,14.0,False,6.218483552578269,,,,,,,,,,,,,,,,,,,,,,,,,,,,,,,,,,,,,,,,,,,,,,,,,,,,,,,,,,,,,,,,,,,,,,,,,,,,,,,,,,,,,,,,,,,,,,,,,,,,,,,,,,,,,,,,,,,,,,,,,,,,,,,,,,,,,,,,,,,,,,,,,,,,,,,,,,,,,,,,,,,,,,,,,,,,,,,,,,,,,,,,,,,,,,,,,5,6.641689240000001,7.8141,9.4315,10.7036,10.7036,3.5095706120678383,0.2034,0.0,6.174404785339822,7.346815545339821,8.96421554533982,10.23631554533982,10.23631554533982,7.346815545339821,8.96421554533982,10.23631554533982
p_0EHXR1,Tomás Pérez,t_1DVMAZ,Defensa y Justicia,DEL,Central Córdoba,False,5,3,3,True,0,False,2.5357599999999993,3.38414,7.14942,3.9082041205648403,0.01,10.0757,0.7074147682303367,0.2037405078183503,0.9707414768230337,0.999,4.0285269999999995,3.9067475911520635,2026-09-18 21:00:00,,,,0.5646352795629173,0.5646352795629173,16.0,False,5.577128809735925,,,,,,,,,,,,,,,,,,,,,,,,,,,,,,,,,,,,,,,,,,,,,,,,,,,,,,,,,,,,,,,,,,,,,,,,,,,,,,,,,,,,,,,,,,,,,,,,,,,,,,,,,,,,,,,,,,,,,,,,,,,,,,,,,,,,,,,,,,,,,,,,,,,,,,,,,,,,,,,,,,,,,,,,,,,,,,,,,,,,,,,,,,,,,,,,,5,3.32278929,2.715,2.76,10.0757,10.0757,3.4731754747153647,0.1947,0.0,3.9067475911520635,3.2989583011520636,3.3439583011520635,10.659658301152064,10.659658301152064,3.2989583011520636,3.3439583011520635,10.659658301152064
p_0FsNVe,Lautaro Gómez,t_0bW0AU,Banfield,VOL,Gimnasia y Esgrima,False,24,3,3,True,2,True,9.523746666666666,5.1808708333333335,13.084,6.021391645984315,-3.6143,23.6667,1.0,0.14242190870693297,1.0,0.8569999999999999,8.676659666666666,7.435897334333331,2026-09-19 17:30:00,,,0.4534722222222222,,0.4534722222222222,15.0,True,6.15386449878545,,,,,,,,,,,,,,,,,,,,,,,,,,,,,,,,,,,,,,,,,,,,,,,,,,,,,,,,,,,,,,,,,,,,,,,,,,,,,,,,,,,,,,,,,,,,,,,,,,,,,,,,,,,,,,,,,,,,,,,,,,,,,,,,,,,,,,,,,,,,,,,,,,,,,,,,,,,,,,,,,,,,,,,,,,,,,,,,,,,,,,,,,,,,,,,,,24,5.18176755,4.33,7.67,13.084,13.2554,5.84782115614987,0.2086,0.0401,7.435897334333331,6.5841297843333315,9.924129784333331,15.338129784333331,15.509529784333331,6.5841297843333315,9.924129784333331,15.338129784333331
p_0GQIIZ,Ignacio Abraham,t_0bW0AU,Banfield,DEF,Gimnasia y Esgrima,False,25,3,3,True,2,True,7.70502,9.304468,13.21872,4.135343164289191,4.3315,19.8394,1.0,0.19472895345221103,1.0,0.8569999999999999,9.723224199999999,8.332803139399998,2026-09-19 17:30:00,,0.4586309523809524,,,0.4586309523809524,14.0,True,6.218483552578269,,,,,,,,,,,,,,,,,,,,,,,,,,,,,,,,,,,,,,,,,,,,,,,,,,,,,,,,,,,,,,,,,,,,,,,,,,,,,,,,,,,,,,,,,,,,,,,,,,,,,,,,,,,,,,,,,,,,,,,,,,,,,,,,,,,,,,,,,,,,,,,,,,,,,,,,,,,,,,,,,,,,,,,,,,,,,,,,,,,,,,,,,,,,,,,,,25,9.35186298,9.2532,11.998,13.2618,17.2524,4.115908509191321,0.4035,0.0845,8.332803139399998,8.234140159399997,10.978940159399997,12.242740159399997,16.2333401594,8.234140159399997,10.978940159399997,12.242740159399997
p_0GThAu,Matías Zaracho,t_2RmaMX,Racing Club,VOL,Sarmiento,True,24,3,3,True,2,True,6.3096000000000005,5.491541666666667,10.89591,4.069457807055603,-0.56,14.1896,1.0,0.19725975401318332,1.0,0.85,7.1289541666666665,6.059611041666666,2026-09-19 00:15:00,,,0.5836574074074073,,0.5836574074074073,15.0,True,6.15386449878545,,,,,,,,,,,,,,,,,,,,,,,,,,,,,,,,,,,,,,,,,,,,,,,,,,,,,,,,,,,,,,,,,,,,,,,,,,,,,,,,,,,,,,,,,,,,,,,,,,,,,,,,,,,,,,,,,,,,,,,,,,,,,,,,,,,,,,,,,,,,,,,,,,,,,,,,,,,,,,,,,,,,,,,,,,,,,,,,,,,,,,,,,,,,,,,,,24,5.51790744,4.111,8.2071,11.1957,13.1376,3.9679769172663604,0.2062,0.0,6.059611041666666,4.652703601666666,8.748803601666665,11.737403601666667,13.679303601666668,4.652703601666666,8.748803601666665,11.737403601666667
p_0GbFtW,Renzo Malanca,t_0bW0AU,Banfield,DEF,Gimnasia y Esgrima,False,2,3,3,True,1,False,0.42170000000000013,1.5754000000000001,4.34428,4.894734560729519,-1.8857,5.0365,0.6005952512262484,0.16964292279790835,0.9600595251226248,0.8569999999999999,1.8638250000000003,1.5335011833608065,2026-09-19 17:30:00,,0.370604657687991,,,0.370604657687991,16.0,False,6.218483552578269,,,,,,,,,,,,,,,,,,,,,,,,,,,,,,,,,,,,,,,,,,,,,,,,,,,,,,,,,,,,,,,,,,,,,,,,,,,,,,,,,,,,,,,,,,,,,,,,,,,,,,,,,,,,,,,,,,,,,,,,,,,,,,,,,,,,,,,,,,,,,,,,,,,,,,,,,,,,,,,,,,,,,,,,,,,,,,,,,,,,,,,,,,,,,,,,,2,1.56363226,-1.8857,5.0365,5.0365,5.0365,3.4610799947841846,0.0,0.0,1.5335011833608065,-1.9158310766391935,5.006368923360807,5.006368923360807,5.006368923360807,-1.9158310766391935,5.006368923360807,5.006368923360807
p_0H4brP,Tomás Silva,t_2Swqmw,Club Atlético Platense,DEF,Newell's Old Boys,True,21,3,3,True,3,True,6.1544533333333336,8.967128571428571,12.9157,3.036451139758856,1.9835,13.3162,1.0,0.24774237699796398,1.0,0.85,8.969835095238095,7.62435983095238,2026-09-20 20:00:00,,0.5770138888888888,,,0.5770138888888888,14.0,True,6.218483552578269,,,,,,,,,,,,,,,,,,,,,,,,,,,,,,,,,,,,,,,,,,,,,,,,,,,,,,,,,,,,,,,,,,,,,,,,,,,,,,,,,,,,,,,,,,,,,,,,,,,,,,,,,,,,,,,,,,,,,,,,,,,,,,,,,,,,,,,,,,,,,,,,,,,,,,,,,,,,,,,,,,,,,,,,,,,,,,,,,,,,,,,,,,,,,,,,,21,8.95505009,8.8062,11.4207,12.9157,13.24,2.9683016464352123,0.3297,0.0,7.62435983095238,7.47550974095238,10.090009740952379,11.58500974095238,11.90930974095238,7.47550974095238,10.090009740952379,11.58500974095238
p_0HLKx2,Gonzalo Requena,t_1L8FaD,Tigre,DEF,Vélez Sarsfield,False,2,3,3,True,0,False,5.571133333333333,4.853350000000001,6.57603,3.045296774536104,2.7,7.0067,0.6161067970568369,0.24720065195085109,0.9616106797056837,0.85,5.535244166666667,4.524337419628465,2026-09-21 00:30:00,,0.5573309110651715,,,0.5573309110651715,16.0,False,6.218483552578269,,,,,,,,,,,,,,,,,,,,,,,,,,,,,,,,,,,,,,,,,,,,,,,,,,,,,,,,,,,,,,,,,,,,,,,,,,,,,,,,,,,,,,,,,,,,,,,,,,,,,,,,,,,,,,,,,,,,,,,,,,,,,,,,,,,,,,,,,,,,,,,,,,,,,,,,,,,,,,,,,,,,,,,,,,,,,,,,,,,,,,,,,,,,,,,,,2,4.840860570000001,2.7,7.0067,7.0067,7.0067,2.1533137803483906,0.0,0.0,4.524337419628465,2.3834768496284644,6.690176849628465,6.690176849628465,6.690176849628465,2.3834768496284644,6.690176849628465,6.690176849628465
p_0HtrYt,Ramiro Martino,t_1XZg6T,Independiente,DEF,Club Atlético Unión de Santa Fe,False,2,3,3,True,0,False,2.2946,1.4597,3.46346,3.5421807096758906,-1.045,3.9644,0.6106983802385098,0.22015856785921567,0.961069838023851,0.962,2.252855,2.082875252323456,2026-09-19 19:45:00,,0.5493733390792214,,,0.5493733390792214,16.0,False,6.218483552578269,,,,,,,,,,,,,,,,,,,,,,,,,,,,,,,,,,,,,,,,,,,,,,,,,,,,,,,,,,,,,,,,,,,,,,,,,,,,,,,,,,,,,,,,,,,,,,,,,,,,,,,,,,,,,,,,,,,,,,,,,,,,,,,,,,,,,,,,,,,,,,,,,,,,,,,,,,,,,,,,,,,,,,,,,,,,,,,,,,,,,,,,,,,,,,,,,2,1.5273269000000003,3.9644,3.9644,3.9644,3.9644,2.50378687040179,0.0,0.0,2.082875252323456,4.519948352323455,4.519948352323455,4.519948352323455,4.519948352323455,4.519948352323455,4.519948352323455,4.519948352323455
p_0IAs6W,Leonard Costa,t_0SmVI4,Independiente Rivadavia,DEF,Barracas Central,False,23,3,3,True,3,True,7.20716,7.323686956521739,12.352200000000002,4.437279466612638,-1.0533,20.6838,1.0,0.18391550519712177,1.0,0.9869999999999999,8.540030782608696,8.429010382434782,2026-09-21 22:00:00,,0.4143333333333333,,,0.4143333333333333,14.0,True,6.218483552578269,,,,,,,,,,,,,,,,,,,,,,,,,,,,,,,,,,,,,,,,,,,,,,,,,,,,,,,,,,,,,,,,,,,,,,,,,,,,,,,,,,,,,,,,,,,,,,,,,,,,,,,,,,,,,,,,,,,,,,,,,,,,,,,,,,,,,,,,,,,,,,,,,,,,,,,,,,,,,,,,,,,,,,,,,,,,,,,,,,,,,,,,,,,,,,,,,23,7.272847070000001,6.3331,9.7578,12.7026,12.8511,4.346599581497635,0.2148,0.0429,8.429010382434782,7.489263312434781,10.913963312434781,13.858763312434782,14.007263312434782,7.489263312434781,10.913963312434781,13.858763312434782
p_0ICZI3,Gino Infantino,t_3XuEvf,Argentinos Juniors,VOL,Rosario Central,False,2,3,1,True,0,False,3.9142333333333337,3.5345500000000003,4.445790000000001,1.610859958221074,2.3955,4.6736,0.643269779510862,0.38301556422097655,0.9643269779510862,0.8859999999999999,3.8952491666666673,3.3280763575307244,2026-09-20 20:00:00,,,0.7725,,0.7725,15.0,False,6.15386449878545,,,,,,,,,,,,,,,,,,,,,,,,,,,,,,,,,,,,,,,,,,,,,,,,,,,,,,,,,,,,,,,,,,,,,,,,,,,,,,,,,,,,,,,,,,,,,,,,,,,,,,,,,,,,,,,,,,,,,,,,,,,,,,,,,,,,,,,,,,,,,,,,,,,,,,,,,,,,,,,,,,,,,,,,,,,,,,,,,,,,,,,,,,,,,,,,,2,3.5286269400000005,2.3955,4.6736,4.6736,4.6736,1.139034599939895,0.0,0.0,3.3280763575307244,2.194949417530724,4.473049417530724,4.473049417530724,4.473049417530724,2.194949417530724,4.473049417530724,4.473049417530724
p_0K6uRT,Gastón Togni,t_2Swqmw,Club Atlético Platense,VOL,Newell's Old Boys,True,4,3,3,True,2,True,6.34564,6.18685,7.9379800000000005,1.8752709270929362,4.025,8.3992,0.7028919958285617,0.347793312476142,0.9702891995828562,0.85,6.6802090000000005,5.509474447107763,2026-09-20 20:00:00,,,0.519031903190319,,0.519031903190319,15.0,True,6.15386449878545,,,,,,,,,,,,,,,,,,,,,,,,,,,,,,,,,,,,,,,,,,,,,,,,,,,,,,,,,,,,,,,,,,,,,,,,,,,,,,,,,,,,,,,,,,,,,,,,,,,,,,,,,,,,,,,,,,,,,,,,,,,,,,,,,,,,,,,,,,,,,,,,,,,,,,,,,,,,,,,,,,,,,,,,,,,,,,,,,,,,,,,,,,,,,,,,,4,6.184714,5.4614,6.8618,8.3992,8.3992,1.6215970323714828,0.0,0.0,5.509474447107763,4.786160447107764,6.186560447107763,7.723960447107764,7.723960447107764,4.786160447107764,6.186560447107763,7.723960447107764
p_0L7hVd,Walter Núñez,t_3mLGSt,Newell's Old Boys,VOL,Club Atlético Platense,False,18,3,2,True,0,False,2.781686666666667,4.7285,9.50374,3.855356273610856,-0.9167,14.0397,1.0,0.20595810969321823,1.0,0.8869999999999999,5.240925333333333,4.648700770666666,2026-09-20 20:00:00,,,0.3547916666666666,,0.3547916666666666,15.0,False,6.15386449878545,,,,,,,,,,,,,,,,,,,,,,,,,,,,,,,,,,,,,,,,,,,,,,,,,,,,,,,,,,,,,,,,,,,,,,,,,,,,,,,,,,,,,,,,,,,,,,,,,,,,,,,,,,,,,,,,,,,,,,,,,,,,,,,,,,,,,,,,,,,,,,,,,,,,,,,,,,,,,,,,,,,,,,,,,,,,,,,,,,,,,,,,,,,,,,,,,18,4.7872841500000005,4.2763,6.9636,10.24,14.0397,3.767916441790844,0.1147,0.0,4.648700770666666,4.137716620666666,6.825016620666665,10.101416620666665,13.901116620666667,4.137716620666666,6.825016620666665,10.101416620666665
p_0LPXZq,Iván Gómez,t_2Swqmw,Club Atlético Platense,VOL,Newell's Old Boys,True,12,3,3,True,2,True,7.245226666666667,6.7315499999999995,9.08446,2.7049389536045494,2.94,11.8835,0.9539819960610739,0.26990998030536945,0.9953981996061074,0.85,7.499564333333334,6.345294909945651,2026-09-20 20:00:00,,,0.5420601851851852,,0.5420601851851852,15.0,True,6.15386449878545,,,,,,,,,,,,,,,,,,,,,,,,,,,,,,,,,,,,,,,,,,,,,,,,,,,,,,,,,,,,,,,,,,,,,,,,,,,,,,,,,,,,,,,,,,,,,,,,,,,,,,,,,,,,,,,,,,,,,,,,,,,,,,,,,,,,,,,,,,,,,,,,,,,,,,,,,,,,,,,,,,,,,,,,,,,,,,,,,,,,,,,,,,,,,,,,,12,6.74722586,7.5164,8.6278,9.1352,11.8835,2.579896841177426,0.0811,0.0,6.345294909945651,7.114469049945651,8.22586904994565,8.733269049945651,11.481569049945652,7.114469049945651,8.22586904994565,8.733269049945651
p_0LQUK3,Renzo Tesuri,t_45vTPl,Atlético Tucumán,VOL,Aldosivi,False,25,3,3,True,3,True,5.430486666666667,5.935404,8.805000000000001,3.9489847533342877,0.54,17.775,1.0,0.20206164493157275,1.0,0.896,6.476081933333333,5.802569412266666,2026-09-21 17:30:00,,,0.4752,,0.4752,15.0,True,6.15386449878545,,,,,,,,,,,,,,,,,,,,,,,,,,,,,,,,,,,,,,,,,,,,,,,,,,,,,,,,,,,,,,,,,,,,,,,,,,,,,,,,,,,,,,,,,,,,,,,,,,,,,,,,,,,,,,,,,,,,,,,,,,,,,,,,,,,,,,,,,,,,,,,,,,,,,,,,,,,,,,,,,,,,,,,,,,,,,,,,,,,,,,,,,,,,,,,,,25,5.935975599999999,5.5473,7.2473,9.15,14.7859,3.8789542329254982,0.083,0.0388,5.802569412266666,5.413893812266667,7.113893812266667,9.016593812266667,14.652493812266666,5.413893812266667,7.113893812266667,9.016593812266667
p_0LQkv7,Valentín Lucero,t_1Fzy5s,River Plate,VOL,Huracán,True,1,3,2,True,0,False,1.185,1.185,1.185,0.0,1.185,1.185,0.7333333333333334,1.0,0.9733333333333334,1.086,1.185,1.2525924000000004,2026-09-19 22:00:00,,,0.6971544715447154,,0.6971544715447154,15.0,False,6.15386449878545,,,,,,,,,,,,,,,,,,,,,,,,,,,,,,,,,,,,,,,,,,,,,,,,,,,,,,,,,,,,,,,,,,,,,,,,,,,,,,,,,,,,,,,,,,,,,,,,,,,,,,,,,,,,,,,,,,,,,,,,,,,,,,,,,,,,,,,,,,,,,,,,,,,,,,,,,,,,,,,,,,,,,,,,,,,,,,,,,,,,,,,,,,,,,,,,,1,1.1850000000000003,1.185,1.185,1.185,1.185,2.220446049250313e-16,0.0,0.0,1.2525924000000004,1.2525924000000002,1.2525924000000002,1.2525924000000002,1.2525924000000002,1.2525924000000002,1.2525924000000002,1.2525924000000002
p_0LtJFs,Lautaro Villegas,t_0bW0AU,Banfield,VOL,Gimnasia y Esgrima,False,18,3,3,True,0,False,6.083006666666666,5.498533333333333,7.61003,2.111384703430986,2.686,11.087,1.0,0.32140030736066805,1.0,0.8569999999999999,6.230973166666667,5.339944003833333,2026-09-19 17:30:00,,,0.4293600562587905,,0.4293600562587905,15.0,False,6.15386449878545,,,,,,,,,,,,,,,,,,,,,,,,,,,,,,,,,,,,,,,,,,,,,,,,,,,,,,,,,,,,,,,,,,,,,,,,,,,,,,,,,,,,,,,,,,,,,,,,,,,,,,,,,,,,,,,,,,,,,,,,,,,,,,,,,,,,,,,,,,,,,,,,,,,,,,,,,,,,,,,,,,,,,,,,,,,,,,,,,,,,,,,,,,,,,,,,,18,5.45620665,5.1785,6.7487,7.65,11.087,2.0304324634000457,0.0518,0.0,5.339944003833333,5.062237353833332,6.632437353833333,7.533737353833333,10.970737353833332,5.062237353833332,6.632437353833333,7.533737353833333
p_0Ndsjk,Juan Policella,t_2eRs85,Vélez Sarsfield,VOL,Tigre,True,3,3,3,True,2,True,5.417000000000001,4.4407,6.5111,3.1580071136715318,0.83,6.6878,0.6480999658087163,0.2404998290435817,0.9648099965808716,0.955,5.300005,4.883390404661815,2026-09-21 00:30:00,,,0.604136798088411,,0.604136798088411,15.0,True,6.15386449878545,,,,,,,,,,,,,,,,,,,,,,,,,,,,,,,,,,,,,,,,,,,,,,,,,,,,,,,,,,,,,,,,,,,,,,,,,,,,,,,,,,,,,,,,,,,,,,,,,,,,,,,,,,,,,,,,,,,,,,,,,,,,,,,,,,,,,,,,,,,,,,,,,,,,,,,,,,,,,,,,,,,,,,,,,,,,,,,,,,,,,,,,,,,,,,,,,3,4.47969755,5.8043,6.6878,6.6878,6.6878,2.566875044132261,0.0,0.0,4.883390404661815,6.207992854661814,7.091492854661815,7.091492854661815,7.091492854661815,6.207992854661814,7.091492854661815,7.091492854661815
p_0Nf4Z8,Facundo Cambeses,t_2RmaMX,Racing Club,ARQ,Sarmiento,True,28,3,3,True,3,True,6.3664266666666665,8.569167857142858,14.817910000000001,4.045467194834748,2.231,15.9991,1.0,0.1981977012998402,1.0,0.85,9.360393976190476,7.956334879761904,2026-09-19 00:15:00,0.443224715099715,,,,0.443224715099715,9.0,True,7.5205623530242764,,,,,,,,,,,,,,,,,,,,,,,,,,,,,,,,,,,,,,,,,,,,,,,,,,,,,,,,,,,,,,,,,,,,,,,,,,,,,,,,,,,,,,,,,,,,,,,,,,,,,,,,,,,,,,,,,,,,,,,,,,,,,,,,,,,,,,,,,,,,,,,,,,,,,,,,,,,,,,,,,,,,,,,,,,,,,,,,,,,,,,,,,,,,,,,,,28,8.53329154,8.1226,11.0667,15.0977,15.5732,3.9784764783170994,0.2835,0.1092,7.956334879761904,7.545643339761904,10.489743339761905,14.520743339761903,14.996243339761904,7.545643339761904,10.489743339761905,14.520743339761903
p_0NulPm,Claudio Bravo,t_3XuEvf,Argentinos Juniors,DEF,Rosario Central,False,9,3,3,True,0,False,8.472679999999999,6.039522222222222,9.051440000000001,3.1622448639288585,0.95,12.33,0.8480509932832772,0.24025496641638527,0.9848050993283277,0.8859999999999999,7.644106888888889,6.669768523373877,2026-09-20 20:00:00,,0.8398809523809524,,,0.8398809523809524,14.0,False,6.218483552578269,,,,,,,,,,,,,,,,,,,,,,,,,,,,,,,,,,,,,,,,,,,,,,,,,,,,,,,,,,,,,,,,,,,,,,,,,,,,,,,,,,,,,,,,,,,,,,,,,,,,,,,,,,,,,,,,,,,,,,,,,,,,,,,,,,,,,,,,,,,,,,,,,,,,,,,,,,,,,,,,,,,,,,,,,,,,,,,,,,,,,,,,,,,,,,,,,9,6.03412476,5.1815,7.5056,12.33,12.33,2.975600505885315,0.1102,0.0,6.669768523373877,5.817143763373877,8.141243763373877,12.965643763373876,12.965643763373876,5.817143763373877,8.141243763373877,12.965643763373876
p_0O1Z5O,Ezequiel Herrera,t_1QqhS7,San Lorenzo,DEF,Boca Juniors,True,22,3,3,True,2,True,8.270433333333333,8.938681818181818,13.427050000000003,3.5756648363008585,1.202,15.0251,1.0,0.21854747578243472,1.0,0.957,9.826886893939394,9.404330757499999,2026-09-20 17:45:00,,0.3839583333333333,,,0.3839583333333333,14.0,True,6.218483552578269,,,,,,,,,,,,,,,,,,,,,,,,,,,,,,,,,,,,,,,,,,,,,,,,,,,,,,,,,,,,,,,,,,,,,,,,,,,,,,,,,,,,,,,,,,,,,,,,,,,,,,,,,,,,,,,,,,,,,,,,,,,,,,,,,,,,,,,,,,,,,,,,,,,,,,,,,,,,,,,,,,,,,,,,,,,,,,,,,,,,,,,,,,,,,,,,,22,8.9705177,8.0775,11.9397,13.5486,14.0385,3.4819283028969323,0.4107,0.0477,9.404330757499999,8.511313057499999,12.373513057499999,13.982413057499999,14.4723130575,8.511313057499999,12.373513057499999,13.982413057499999
p_0O6mnx,Manuel Brondo,t_45vTPl,Atlético Tucumán,DEL,Aldosivi,False,12,3,3,True,0,False,2.7934666666666668,1.9597083333333332,4.0554499999999996,1.927882852654851,-2.104,4.682,0.9683087439166668,0.34154371958333385,0.9968308743916667,0.896,2.775459166666667,2.4789303956002438,2026-09-21 17:30:00,,,,0.5974272687798523,0.5974272687798523,11.0,False,5.577128809735925,,,,,,,,,,,,,,,,,,,,,,,,,,,,,,,,,,,,,,,,,,,,,,,,,,,,,,,,,,,,,,,,,,,,,,,,,,,,,,,,,,,,,,,,,,,,,,,,,,,,,,,,,,,,,,,,,,,,,,,,,,,,,,,,,,,,,,,,,,,,,,,,,,,,,,,,,,,,,,,,,,,,,,,,,,,,,,,,,,,,,,,,,,,,,,,,,12,1.9680711499999997,1.804,3.7445,4.09,4.682,1.8572217616678621,0.0,0.0,2.4789303956002438,2.3148592456002444,4.2553592456002445,4.600859245600244,5.1928592456002445,2.3148592456002444,4.2553592456002445,4.600859245600244
p_0OYcSE,Thomas Ríos,t_3mLGSt,Newell's Old Boys,DEL,Club Atlético Platense,False,7,3,3,True,1,False,5.541026666666666,4.902042857142857,9.29402,3.393413366536779,1.1494,10.2257,0.7788560245336051,0.22761345600135865,0.9778856024533605,0.8869999999999999,6.2236814761904755,5.398325028212418,2026-09-20 20:00:00,,,,0.505377488239145,0.505377488239145,16.0,False,5.577128809735925,,,,,,,,,,,,,,,,,,,,,,,,,,,,,,,,,,,,,,,,,,,,,,,,,,,,,,,,,,,,,,,,,,,,,,,,,,,,,,,,,,,,,,,,,,,,,,,,,,,,,,,,,,,,,,,,,,,,,,,,,,,,,,,,,,,,,,,,,,,,,,,,,,,,,,,,,,,,,,,,,,,,,,,,,,,,,,,,,,,,,,,,,,,,,,,,,7,4.91334685,4.4,8.6729,10.2257,10.2257,3.156427485274781,0.1437,0.0,5.398325028212418,4.884978178212418,9.157878178212417,10.710678178212419,10.710678178212419,4.884978178212418,9.157878178212417,10.710678178212419
p_0Ppa0V,Lisandro Piñero,t_0bW0AU,Banfield,VOL,Gimnasia y Esgrima,False,20,3,3,True,1,False,1.8580466666666666,3.4722299999999997,7.263590000000001,2.7670646767591864,-0.85,8.4267,1.0,0.26545867560211417,1.0,0.8569999999999999,3.8551058333333335,3.303825699166666,2026-09-19 17:30:00,,,0.4293600562587905,,0.4293600562587905,15.0,False,6.15386449878545,,,,,,,,,,,,,,,,,,,,,,,,,,,,,,,,,,,,,,,,,,,,,,,,,,,,,,,,,,,,,,,,,,,,,,,,,,,,,,,,,,,,,,,,,,,,,,,,,,,,,,,,,,,,,,,,,,,,,,,,,,,,,,,,,,,,,,,,,,,,,,,,,,,,,,,,,,,,,,,,,,,,,,,,,,,,,,,,,,,,,,,,,,,,,,,,,20,3.42391449,3.21,5.56,7.263590000000045,7.3733,2.7082428362624795,0.0,0.0,3.303825699166666,3.089911209166666,5.439911209166666,7.143501209166711,7.2532112091666665,3.089911209166666,5.439911209166666,7.143501209166711
p_0PsDow,Gastón Arturia,t_3qkV0m,Sarmiento,DEF,Racing Club,False,11,3,3,True,0,False,2.455173333333333,4.388563636363636,9.9075,3.895673829075717,-1.08,11.0556,0.9075190614508509,0.2042619739209211,0.9907519061450851,0.959,5.091611121212122,4.8376979633191155,2026-09-19 00:15:00,,0.4979166666666666,,,0.4979166666666666,14.0,False,6.218483552578269,,,,,,,,,,,,,,,,,,,,,,,,,,,,,,,,,,,,,,,,,,,,,,,,,,,,,,,,,,,,,,,,,,,,,,,,,,,,,,,,,,,,,,,,,,,,,,,,,,,,,,,,,,,,,,,,,,,,,,,,,,,,,,,,,,,,,,,,,,,,,,,,,,,,,,,,,,,,,,,,,,,,,,,,,,,,,,,,,,,,,,,,,,,,,,,,,11,4.44697788,3.5,7.266,9.9075,11.0556,3.7095014547734992,0.0903,0.0,4.8376979633191155,3.890720083319115,7.656720083319115,10.298220083319116,11.446320083319115,3.890720083319115,7.656720083319115,10.298220083319116
p_0QZ5qI,Tobías Andrada,t_1Fzy5s,River Plate,VOL,Huracán,True,6,3,3,True,3,True,13.650686666666667,11.6779,15.004549999999998,3.6199873038451384,6.7468,17.9227,0.743290162255109,0.2164508112755454,0.9743290162255109,1.086,13.200037833333333,13.967241345652234,2026-09-19 22:00:00,,,0.7424031380083252,,0.7424031380083252,15.0,True,6.15386449878545,,,,,,,,,,,,,,,,,,,,,,,,,,,,,,,,,,,,,,,,,,,,,,,,,,,,,,,,,,,,,,,,,,,,,,,,,,,,,,,,,,,,,,,,,,,,,,,,,,,,,,,,,,,,,,,,,,,,,,,,,,,,,,,,,,,,,,,,,,,,,,,,,,,,,,,,,,,,,,,,,,,,,,,,,,,,,,,,,,,,,,,,,,,,,,,,,6,11.73316679,11.752,12.0864,17.9227,17.9227,3.3021049872843373,0.8397,0.1702,13.967241345652234,13.986074555652234,14.320474555652233,20.156774555652234,20.156774555652234,13.986074555652234,14.320474555652233,20.156774555652234
p_0QeOVx,Rodrigo Insúa,t_3FROV0,Barracas Central,VOL,Independiente Rivadavia,True,25,3,3,True,0,False,3.930613333333333,7.9601440000000006,13.128200000000001,3.76168206292965,1.79,14.5156,1.0,0.2100098214841217,1.0,0.8869999999999999,7.841822266666668,6.955696350533334,2026-09-21 22:00:00,,,0.3933555555555556,,0.3933555555555556,15.0,False,6.15386449878545,,,,,,,,,,,,,,,,,,,,,,,,,,,,,,,,,,,,,,,,,,,,,,,,,,,,,,,,,,,,,,,,,,,,,,,,,,,,,,,,,,,,,,,,,,,,,,,,,,,,,,,,,,,,,,,,,,,,,,,,,,,,,,,,,,,,,,,,,,,,,,,,,,,,,,,,,,,,,,,,,,,,,,,,,,,,,,,,,,,,,,,,,,,,,,,,,25,7.93293979,7.9845,10.7941,13.48,14.49,3.696965359020525,0.3227,0.0,6.955696350533334,7.0072565605333335,9.816856560533335,12.502756560533335,13.512756560533333,7.0072565605333335,9.816856560533335,12.502756560533335
p_0RThr5,Ángel Romero,t_0otcXZ,Boca Juniors,DEL,San Lorenzo,False,11,3,3,True,1,False,10.704846666666667,5.92819090909091,8.06,6.4774732193123805,0.1467,23.6907,0.8934136698499682,0.13373501591650752,0.9893413669849969,1.028,8.132972696969697,8.271582342790463,2026-09-20 17:45:00,,,,0.6569637614155371,0.6569637614155371,16.0,False,5.577128809735925,,,,,,,,,,,,,,,,,,,,,,,,,,,,,,,,,,,,,,,,,,,,,,,,,,,,,,,,,,,,,,,,,,,,,,,,,,,,,,,,,,,,,,,,,,,,,,,,,,,,,,,,,,,,,,,,,,,,,,,,,,,,,,,,,,,,,,,,,,,,,,,,,,,,,,,,,,,,,,,,,,,,,,,,,,,,,,,,,,,,,,,,,,,,,,,,,11,5.9594416599999995,4.55,7.1455,8.06,23.6907,6.22384739501367,0.0927,0.0927,8.271582342790463,6.862140682790463,9.457640682790464,10.372140682790464,26.002840682790463,6.862140682790463,9.457640682790464,10.372140682790464
p_0SXASP,Stéfano Moreyra,t_0SmVI4,Independiente Rivadavia,VOL,Barracas Central,False,7,3,3,True,0,False,3.824993333333333,3.632957142857143,5.114400000000001,1.543182180708792,1.3933,5.865,0.8119749664483702,0.39320816557518395,0.981197496644837,0.9869999999999999,4.0705305238095235,3.9420724332985833,2026-09-21 22:00:00,,,0.4912560386473429,,0.4912560386473429,15.0,False,6.15386449878545,,,,,,,,,,,,,,,,,,,,,,,,,,,,,,,,,,,,,,,,,,,,,,,,,,,,,,,,,,,,,,,,,,,,,,,,,,,,,,,,,,,,,,,,,,,,,,,,,,,,,,,,,,,,,,,,,,,,,,,,,,,,,,,,,,,,,,,,,,,,,,,,,,,,,,,,,,,,,,,,,,,,,,,,,,,,,,,,,,,,,,,,,,,,,,,,,7,3.6369670700000003,3.7567,4.614,5.865,5.865,1.4268361884100835,0.0,0.0,3.9420724332985833,4.061805363298583,4.919105363298582,6.170105363298584,6.170105363298584,4.061805363298583,4.919105363298582,6.170105363298584
p_0URNSN,Renzo Giampaoli,t_0rGDE4,Gimnasia LP,DEF,Banfield,True,21,3,3,True,0,False,4.247653333333334,7.459295238095238,11.5883,4.0372890051959605,0.68,13.8509,1.0,0.1985194812067564,1.0,0.955,7.3674717619047625,7.035935532619048,2026-09-19 17:30:00,,0.4440972222222222,,,0.4440972222222222,14.0,False,6.218483552578269,,,,,,,,,,,,,,,,,,,,,,,,,,,,,,,,,,,,,,,,,,,,,,,,,,,,,,,,,,,,,,,,,,,,,,,,,,,,,,,,,,,,,,,,,,,,,,,,,,,,,,,,,,,,,,,,,,,,,,,,,,,,,,,,,,,,,,,,,,,,,,,,,,,,,,,,,,,,,,,,,,,,,,,,,,,,,,,,,,,,,,,,,,,,,,,,,21,7.47045744,8.0512,11.0085,11.5883,13.2671,3.923578120922361,0.3303,0.0,7.035935532619048,7.616678092619048,10.573978092619047,11.15377809261905,12.832578092619048,7.616678092619048,10.573978092619047,11.15377809261905
p_0Ubl4U,Gianluca Ferrari,t_45vTPl,Atlético Tucumán,DEF,Aldosivi,False,9,3,3,True,0,False,5.172033333333333,5.908188888888889,9.60398,3.2449771295205014,2.775,12.1507,0.8471145058966646,0.23557252948332297,0.9847114505896665,0.896,6.574482222222223,5.800675261624695,2026-09-21 17:30:00,,0.6171875,,,0.6171875,14.0,False,6.218483552578269,,,,,,,,,,,,,,,,,,,,,,,,,,,,,,,,,,,,,,,,,,,,,,,,,,,,,,,,,,,,,,,,,,,,,,,,,,,,,,,,,,,,,,,,,,,,,,,,,,,,,,,,,,,,,,,,,,,,,,,,,,,,,,,,,,,,,,,,,,,,,,,,,,,,,,,,,,,,,,,,,,,,,,,,,,,,,,,,,,,,,,,,,,,,,,,,,9,5.92170093,5.6273,7.4883,12.1507,12.1507,3.082317707689156,0.1144,0.0,5.800675261624695,5.506274331624695,7.367274331624695,12.029674331624696,12.029674331624696,5.506274331624695,7.367274331624695,12.029674331624696
p_0V59vw,Santiago Fernández,t_02LuKO,Talleres,DEF,Instituto De Córdoba,False,18,3,3,True,0,False,6.50888,8.066227777777778,11.811810000000001,3.2113121730396155,1.7987,12.6706,1.0,0.23745568101122885,1.0,0.9819999999999999,8.45755161111111,8.30531568211111,2026-09-20 00:15:00,,0.7275132275132276,,,0.7275132275132276,14.0,False,6.218483552578269,,,,,,,,,,,,,,,,,,,,,,,,,,,,,,,,,,,,,,,,,,,,,,,,,,,,,,,,,,,,,,,,,,,,,,,,,,,,,,,,,,,,,,,,,,,,,,,,,,,,,,,,,,,,,,,,,,,,,,,,,,,,,,,,,,,,,,,,,,,,,,,,,,,,,,,,,,,,,,,,,,,,,,,,,,,,,,,,,,,,,,,,,,,,,,,,,18,8.03238913,7.3445,11.1967,12.0062,12.6706,3.1265833084226053,0.3319,0.0,8.30531568211111,7.617426552111109,11.469626552111109,12.279126552111109,12.94352655211111,7.617426552111109,11.469626552111109,12.279126552111109
p_0VZwYw,Lucas Nahuel Castro,t_2rD0OF,Aldosivi,VOL,Atlético Tucumán,True,9,3,3,True,3,True,11.432573333333334,8.3103,14.02328,3.9179953930549742,4.9433,15.9144,0.8406669758744454,0.20333487937222672,0.9840666975874446,0.895,10.831340666666668,9.539591668060677,2026-09-21 17:30:00,,,0.5310879629629629,,0.5310879629629629,15.0,True,6.15386449878545,,,,,,,,,,,,,,,,,,,,,,,,,,,,,,,,,,,,,,,,,,,,,,,,,,,,,,,,,,,,,,,,,,,,,,,,,,,,,,,,,,,,,,,,,,,,,,,,,,,,,,,,,,,,,,,,,,,,,,,,,,,,,,,,,,,,,,,,,,,,,,,,,,,,,,,,,,,,,,,,,,,,,,,,,,,,,,,,,,,,,,,,,,,,,,,,,9,8.30679239,6.4671,9.06,15.9144,15.9144,3.699047108121913,0.2207,0.1135,9.539591668060677,7.699899278060677,10.292799278060677,17.147199278060675,17.147199278060675,7.699899278060677,10.292799278060677,17.147199278060675
p_0Vhadv,Thiago Almada,t_1Fzy5s,River Plate,VOL,Huracán,True,5,3,3,True,3,True,17.856766666666665,16.2947,20.40322,4.063268416558276,12.4173,22.2991,0.706166843932787,0.19750088633060137,0.9706166843932788,1.086,17.868553333333335,18.835058366556655,2026-09-19 22:00:00,,,0.7424031380083252,,0.7424031380083252,15.0,True,6.15386449878545,,,,,,,,,,,,,,,,,,,,,,,,,,,,,,,,,,,,,,,,,,,,,,,,,,,,,,,,,,,,,,,,,,,,,,,,,,,,,,,,,,,,,,,,,,,,,,,,,,,,,,,,,,,,,,,,,,,,,,,,,,,,,,,,,,,,,,,,,,,,,,,,,,,,,,,,,,,,,,,,,,,,,,,,,,,,,,,,,,,,,,,,,,,,,,,,,5,16.33191331,16.5485,17.5594,22.2991,22.2991,3.6416814477364494,1.0,0.6043,18.835058366556655,19.051645056556655,20.062545056556655,24.802245056556654,24.802245056556654,19.051645056556655,20.062545056556655,24.802245056556654
p_0W32WZ,Milton Céliz,t_3TbOfu,Deportivo Riestra,VOL,Gimnasia y Esgrima Mendoza,False,10,3,3,True,3,True,5.67188,7.94582,11.859309999999999,3.284437633852509,4.5681,14.6206,0.8800139054625074,0.23340286064587046,0.9880013905462508,0.85,8.1283135,6.826167284676484,2026-09-19 17:30:00,,,0.2843272985445509,,0.2843272985445509,15.0,True,6.15386449878545,,,,,,,,,,,,,,,,,,,,,,,,,,,,,,,,,,,,,,,,,,,,,,,,,,,,,,,,,,,,,,,,,,,,,,,,,,,,,,,,,,,,,,,,,,,,,,,,,,,,,,,,,,,,,,,,,,,,,,,,,,,,,,,,,,,,,,,,,,,,,,,,,,,,,,,,,,,,,,,,,,,,,,,,,,,,,,,,,,,,,,,,,,,,,,,,,10,8.01699508,7.4,10.2648,14.6206,14.6206,3.1399381485143607,0.3089,0.0,6.826167284676484,6.209172204676485,9.073972204676483,13.429772204676485,13.429772204676485,6.209172204676485,9.073972204676483,13.429772204676485
p_0Wi4L8,Alexis Cuello,t_1QqhS7,San Lorenzo,DEL,Boca Juniors,True,25,3,3,True,3,True,5.7273000000000005,6.157072,11.74568,4.480644582769314,0.2067,16.1709,1.0,0.18246029000747757,1.0,0.957,7.4038038,7.0854402366,2026-09-20 17:45:00,,,,0.4324034163473818,0.4324034163473818,11.0,True,5.577128809735925,,,,,,,,,,,,,,,,,,,,,,,,,,,,,,,,,,,,,,,,,,,,,,,,,,,,,,,,,,,,,,,,,,,,,,,,,,,,,,,,,,,,,,,,,,,,,,,,,,,,,,,,,,,,,,,,,,,,,,,,,,,,,,,,,,,,,,,,,,,,,,,,,,,,,,,,,,,,,,,,,,,,,,,,,,,,,,,,,,,,,,,,,,,,,,,,,25,6.10169397,4.5215,10.06,11.9942,13.2247,4.351293025282558,0.3148,0.0367,7.0854402366,5.5052462665999995,11.0437462666,12.9779462666,14.2084462666,5.5052462665999995,11.0437462666,12.9779462666
p_0ZUeue,Thiago Silvero,t_2eRs85,Vélez Sarsfield,DEF,Tigre,True,12,3,3,True,3,True,11.0439,9.821366666666666,17.22778,5.782981233732042,0.5,17.7508,0.9294855599784637,0.14742779989231863,0.9929485559978464,0.955,12.100856666666665,11.474829386595916,2026-09-21 00:30:00,,0.5717514124293784,,,0.5717514124293784,14.0,True,6.218483552578269,,,,,,,,,,,,,,,,,,,,,,,,,,,,,,,,,,,,,,,,,,,,,,,,,,,,,,,,,,,,,,,,,,,,,,,,,,,,,,,,,,,,,,,,,,,,,,,,,,,,,,,,,,,,,,,,,,,,,,,,,,,,,,,,,,,,,,,,,,,,,,,,,,,,,,,,,,,,,,,,,,,,,,,,,,,,,,,,,,,,,,,,,,,,,,,,,12,9.75976511,9.5819,12.9324,17.3,17.7508,5.570296729077518,0.4972,0.2492,11.474829386595916,11.296964276595915,14.647464276595915,19.015064276595915,19.465864276595916,11.296964276595915,14.647464276595915,19.015064276595915
p_0ZcWJC,Nazareno Roselli,t_1DVMAZ,Defensa y Justicia,DEF,Central Córdoba,False,3,3,1,True,0,False,2.0177666666666667,1.9277666666666666,2.7611000000000003,1.0012658654589865,1.1011,3.0411,0.6999367467620952,0.499683733810476,0.9699936746762096,0.999,2.1676,2.100455730938924,2026-09-18 21:00:00,,0.6204861111111111,,,0.6204861111111111,14.0,False,6.218483552578269,,,,,,,,,,,,,,,,,,,,,,,,,,,,,,,,,,,,,,,,,,,,,,,,,,,,,,,,,,,,,,,,,,,,,,,,,,,,,,,,,,,,,,,,,,,,,,,,,,,,,,,,,,,,,,,,,,,,,,,,,,,,,,,,,,,,,,,,,,,,,,,,,,,,,,,,,,,,,,,,,,,,,,,,,,,,,,,,,,,,,,,,,,,,,,,,,3,1.921102,1.6411,3.0411,3.0411,3.0411,0.8150051533554865,0.0,0.0,2.100455730938924,1.8204537309389237,3.2204537309389236,3.2204537309389236,3.2204537309389236,1.8204537309389237,3.2204537309389236,3.2204537309389236
p_0Zmsp3,Mauro Méndez,t_1L8FaD,Tigre,DEL,Vélez Sarsfield,False,5,3,3,True,2,True,2.7981133333333337,3.8147800000000003,8.37156,4.746082910358815,0.34,12.08,0.7014729865753905,0.17403159954361933,0.970147298657539,0.85,4.598141666666667,3.7917435092471394,2026-09-21 00:30:00,,,,0.5658811146629624,0.5658811146629624,16.0,True,5.577128809735925,,,,,,,,,,,,,,,,,,,,,,,,,,,,,,,,,,,,,,,,,,,,,,,,,,,,,,,,,,,,,,,,,,,,,,,,,,,,,,,,,,,,,,,,,,,,,,,,,,,,,,,,,,,,,,,,,,,,,,,,,,,,,,,,,,,,,,,,,,,,,,,,,,,,,,,,,,,,,,,,,,,,,,,,,,,,,,,,,,,,,,,,,,,,,,,,,5,3.77109943,2.8,2.8089,12.08,12.08,4.2032624065338435,0.1949,0.0,3.7917435092471394,2.8206440792471392,2.8295440792471394,12.10064407924714,12.10064407924714,2.8206440792471392,2.8295440792471394,12.10064407924714
p_0a8sV7,Nicolás Zalazar,t_2rD0OF,Aldosivi,DEF,Atlético Tucumán,True,20,3,3,True,1,False,5.4184,7.38749,10.39381,3.118593331666665,1.0464,13.6133,1.0,0.24280134489396932,1.0,0.895,7.4498885,6.6676502075,2026-09-21 17:30:00,,0.502,,,0.502,14.0,False,6.218483552578269,,,,,,,,,,,,,,,,,,,,,,,,,,,,,,,,,,,,,,,,,,,,,,,,,,,,,,,,,,,,,,,,,,,,,,,,,,,,,,,,,,,,,,,,,,,,,,,,,,,,,,,,,,,,,,,,,,,,,,,,,,,,,,,,,,,,,,,,,,,,,,,,,,,,,,,,,,,,,,,,,,,,,,,,,,,,,,,,,,,,,,,,,,,,,,,,,20,7.397221579999999,7.8487,9.415,10.3755,13.6133,3.050463107438984,0.2013,0.0,6.6676502075,7.119128627500001,8.6854286275,9.645928627500002,12.883728627500002,7.119128627500001,8.6854286275,9.645928627500002
p_0aF5io,Facundo Cobos,t_1dhmUh,Estudiantes de Río Cuarto,DEF,Club Atlético Belgrano,False,12,3,3,True,0,False,3.7553666666666667,6.196616666666666,10.56339,3.759022890407301,1.9367,12.5552,0.9420254334987834,0.210127167493917,0.9942025433498783,0.85,6.4338725,5.437086542625514,2026-09-20 22:15:00,,0.4315765765765766,,,0.4315765765765766,14.0,False,6.218483552578269,,,,,,,,,,,,,,,,,,,,,,,,,,,,,,,,,,,,,,,,,,,,,,,,,,,,,,,,,,,,,,,,,,,,,,,,,,,,,,,,,,,,,,,,,,,,,,,,,,,,,,,,,,,,,,,,,,,,,,,,,,,,,,,,,,,,,,,,,,,,,,,,,,,,,,,,,,,,,,,,,,,,,,,,,,,,,,,,,,,,,,,,,,,,,,,,,12,6.22469609,5.5954,10.4265,10.5786,12.5552,3.6160431082750812,0.337,0.0,5.437086542625514,4.807790452625514,9.638890452625514,9.790990452625515,11.767590452625512,4.807790452625514,9.638890452625514,9.790990452625515
p_0afatN,Gastón Lodico,t_2RmaMX,Racing Club,VOL,Sarmiento,True,5,3,3,True,2,True,8.188793333333333,6.96048,9.7828,3.115685519592759,2.218,9.7828,0.7152612444224009,0.24297288877867143,0.9715261244422401,0.85,8.095969666666667,6.68562912877981,2026-09-19 00:15:00,,,0.6093320848938827,,0.6093320848938827,15.0,True,6.15386449878545,,,,,,,,,,,,,,,,,,,,,,,,,,,,,,,,,,,,,,,,,,,,,,,,,,,,,,,,,,,,,,,,,,,,,,,,,,,,,,,,,,,,,,,,,,,,,,,,,,,,,,,,,,,,,,,,,,,,,,,,,,,,,,,,,,,,,,,,,,,,,,,,,,,,,,,,,,,,,,,,,,,,,,,,,,,,,,,,,,,,,,,,,,,,,,,,,5,6.953348060000001,6.5311,9.7828,9.7828,9.7828,2.786144839483087,0.0,0.0,6.68562912877981,6.26338106877981,9.51508106877981,9.51508106877981,9.51508106877981,6.26338106877981,9.51508106877981,9.51508106877981
p_0aq8MN,Maxi Puig,t_3FROV0,Barracas Central,DEL,Independiente Rivadavia,True,4,3,1,True,0,False,3.0075000000000003,2.7937499999999997,3.6390000000000002,1.1088084821104138,1.245,3.72,0.7281736195407597,0.47420143103713186,0.972817361954076,0.8869999999999999,3.0798749999999995,2.65759025903905,2026-09-21 22:00:00,,,,0.4943316714150048,0.4943316714150048,11.0,False,5.577128809735925,,,,,,,,,,,,,,,,,,,,,,,,,,,,,,,,,,,,,,,,,,,,,,,,,,,,,,,,,,,,,,,,,,,,,,,,,,,,,,,,,,,,,,,,,,,,,,,,,,,,,,,,,,,,,,,,,,,,,,,,,,,,,,,,,,,,,,,,,,,,,,,,,,,,,,,,,,,,,,,,,,,,,,,,,,,,,,,,,,,,,,,,,,,,,,,,,4,2.792469,3.45,3.72,3.72,3.72,0.9619530414937104,0.0,0.0,2.65759025903905,3.31512125903905,3.58512125903905,3.58512125903905,3.58512125903905,3.31512125903905,3.58512125903905,3.58512125903905
p_0cCrOD,Nicolás Laméndola,t_45vTPl,Atlético Tucumán,VOL,Aldosivi,False,23,3,3,True,3,True,8.28012,7.411143478260869,14.187920000000002,5.0510221104091295,1.8429,19.6878,1.0,0.16526133630874912,1.0,0.896,9.409479391304348,8.430893534608696,2026-09-21 17:30:00,,,0.4752,,0.4752,15.0,True,6.15386449878545,,,,,,,,,,,,,,,,,,,,,,,,,,,,,,,,,,,,,,,,,,,,,,,,,,,,,,,,,,,,,,,,,,,,,,,,,,,,,,,,,,,,,,,,,,,,,,,,,,,,,,,,,,,,,,,,,,,,,,,,,,,,,,,,,,,,,,,,,,,,,,,,,,,,,,,,,,,,,,,,,,,,,,,,,,,,,,,,,,,,,,,,,,,,,,,,,23,7.590249299999999,6.6745,10.7689,14.8508,18.404,5.049806060633964,0.27,0.0964,8.430893534608696,7.515144234608697,11.609544234608698,15.691444234608696,19.244644234608696,7.515144234608697,11.609544234608698,15.691444234608696
p_0cTrXS,Gastón González,t_3qkV0m,Sarmiento,VOL,Racing Club,False,8,3,3,True,0,False,4.255920000000001,4.039087499999999,8.43649,3.920865105501044,0.15,10.466,0.8073099266854019,0.20321630009367628,0.9807309926685402,0.959,5.2143295,4.9041865102237825,2026-09-19 00:15:00,,,0.4911419753086419,,0.4911419753086419,15.0,False,6.15386449878545,,,,,,,,,,,,,,,,,,,,,,,,,,,,,,,,,,,,,,,,,,,,,,,,,,,,,,,,,,,,,,,,,,,,,,,,,,,,,,,,,,,,,,,,,,,,,,,,,,,,,,,,,,,,,,,,,,,,,,,,,,,,,,,,,,,,,,,,,,,,,,,,,,,,,,,,,,,,,,,,,,,,,,,,,,,,,,,,,,,,,,,,,,,,,,,,,8,4.03163231,1.6,7.33,10.466,10.466,3.6733365285937336,0.1262,0.0,4.9041865102237825,2.4725542002237826,8.202554200223783,11.338554200223783,11.338554200223783,2.4725542002237826,8.202554200223783,11.338554200223783
p_0fwM0U,Ignacio Rodríguez,t_2RmaMX,Racing Club,VOL,Sarmiento,True,11,3,3,True,3,True,9.639006666666667,8.280163636363637,11.7422,3.897308059743989,3.03,16.0518,0.9075054290153141,0.20419381174323673,0.9907505429015314,0.85,9.62126778787879,8.102434841605637,2026-09-19 00:15:00,,,0.6168582375478927,,0.6168582375478927,15.0,True,6.15386449878545,,,,,,,,,,,,,,,,,,,,,,,,,,,,,,,,,,,,,,,,,,,,,,,,,,,,,,,,,,,,,,,,,,,,,,,,,,,,,,,,,,,,,,,,,,,,,,,,,,,,,,,,,,,,,,,,,,,,,,,,,,,,,,,,,,,,,,,,,,,,,,,,,,,,,,,,,,,,,,,,,,,,,,,,,,,,,,,,,,,,,,,,,,,,,,,,,11,8.317285459999999,6.9789,11.62,11.7422,16.0518,3.7363737950465543,0.2805,0.0918,8.102434841605637,6.764049381605639,11.405149381605638,11.527349381605639,15.836949381605638,6.764049381605639,11.405149381605638,11.527349381605639
p_0gsu1O,Nicolás Bolcato,t_0SmVI4,Independiente Rivadavia,ARQ,Barracas Central,False,23,3,3,True,3,True,10.447586666666666,10.190760869565217,14.18862,3.578385305583706,3.97,18.261,1.0,0.21841761521915168,1.0,0.9869999999999999,11.28011468115942,11.133473190304345,2026-09-21 22:00:00,0.5667140255009108,,,,0.5667140255009108,9.0,True,7.5205623530242764,,,,,,,,,,,,,,,,,,,,,,,,,,,,,,,,,,,,,,,,,,,,,,,,,,,,,,,,,,,,,,,,,,,,,,,,,,,,,,,,,,,,,,,,,,,,,,,,,,,,,,,,,,,,,,,,,,,,,,,,,,,,,,,,,,,,,,,,,,,,,,,,,,,,,,,,,,,,,,,,,,,,,,,,,,,,,,,,,,,,,,,,,,,,,,,,,23,10.22969591,10.8422,11.9914,14.4,15.3,3.4727694322575275,0.5188,0.0865,11.133473190304345,11.745977280304345,12.895177280304345,15.303777280304345,16.203777280304344,11.745977280304345,12.895177280304345,15.303777280304345
p_0gtMnj,Ramiro Gagliardi,t_1DVMAZ,Defensa y Justicia,DEL,Central Córdoba,False,1,3,1,True,0,False,0.568,0.568,0.568,0.0,0.568,0.568,0.7333333333333334,1.0,0.9733333333333334,0.999,0.568,0.55230048,2026-09-18 21:00:00,,,,0.4873643283601585,0.4873643283601585,16.0,False,5.577128809735925,,,,,,,,,,,,,,,,,,,,,,,,,,,,,,,,,,,,,,,,,,,,,,,,,,,,,,,,,,,,,,,,,,,,,,,,,,,,,,,,,,,,,,,,,,,,,,,,,,,,,,,,,,,,,,,,,,,,,,,,,,,,,,,,,,,,,,,,,,,,,,,,,,,,,,,,,,,,,,,,,,,,,,,,,,,,,,,,,,,,,,,,,,,,,,,,,1,0.5679999999999998,0.568,0.568,0.568,0.568,1.1102230246251565e-16,0.0,0.0,0.55230048,0.5523004800000001,0.5523004800000001,0.5523004800000001,0.5523004800000001,0.5523004800000001,0.5523004800000001,0.5523004800000001
p_0i7rxV,Santiago Dalmasso,t_2Swqmw,Club Atlético Platense,VOL,Newell's Old Boys,True,6,3,1,True,0,False,2.58248,2.372083333333333,5.04245,2.826569345632027,0.0964,7.8949,0.7522661376118264,0.26133068805913195,0.9752266137611827,0.85,3.113313833333333,2.580758531168886,2026-09-20 20:00:00,,,0.4778344671201814,,0.4778344671201814,15.0,False,6.15386449878545,,,,,,,,,,,,,,,,,,,,,,,,,,,,,,,,,,,,,,,,,,,,,,,,,,,,,,,,,,,,,,,,,,,,,,,,,,,,,,,,,,,,,,,,,,,,,,,,,,,,,,,,,,,,,,,,,,,,,,,,,,,,,,,,,,,,,,,,,,,,,,,,,,,,,,,,,,,,,,,,,,,,,,,,,,,,,,,,,,,,,,,,,,,,,,,,,6,2.3739446,1.1538,2.19,7.8949,7.8949,2.585821151363884,0.0,0.0,2.580758531168886,1.3606139311688858,2.396813931168886,8.101713931168886,8.101713931168886,1.3606139311688858,2.396813931168886,8.101713931168886
p_0iuC7I,Leonardo Gil,t_2qXAzu,Huracán,VOL,River Plate,False,27,3,3,True,1,False,3.2911266666666665,9.071325925925926,15.940940000000005,5.114600483201355,1.09,19.2573,1.0,0.16354298252965185,1.0,1.015,8.765659703703705,8.89714459925926,2026-09-19 22:00:00,,,0.5058524173027991,,0.5058524173027991,15.0,False,6.15386449878545,,,,,,,,,,,,,,,,,,,,,,,,,,,,,,,,,,,,,,,,,,,,,,,,,,,,,,,,,,,,,,,,,,,,,,,,,,,,,,,,,,,,,,,,,,,,,,,,,,,,,,,,,,,,,,,,,,,,,,,,,,,,,,,,,,,,,,,,,,,,,,,,,,,,,,,,,,,,,,,,,,,,,,,,,,,,,,,,,,,,,,,,,,,,,,,,,27,9.032086859999998,9.3347,11.9039,17.4305,18.0311,5.006814551314772,0.4792,0.1105,8.89714459925926,9.199757739259262,11.768957739259262,17.29555773925926,17.89615773925926,9.199757739259262,11.768957739259262,17.29555773925926
p_0ivFZd,Juan Saborido,t_2Swqmw,Club Atlético Platense,DEF,Newell's Old Boys,True,21,3,3,True,2,True,4.341539999999999,6.7092809523809525,10.0235,3.625707051544436,1.3333,15.505,1.0,0.2161831669963014,1.0,0.85,6.70912638095238,5.702757423809523,2026-09-20 20:00:00,,0.5770138888888888,,,0.5770138888888888,14.0,True,6.218483552578269,,,,,,,,,,,,,,,,,,,,,,,,,,,,,,,,,,,,,,,,,,,,,,,,,,,,,,,,,,,,,,,,,,,,,,,,,,,,,,,,,,,,,,,,,,,,,,,,,,,,,,,,,,,,,,,,,,,,,,,,,,,,,,,,,,,,,,,,,,,,,,,,,,,,,,,,,,,,,,,,,,,,,,,,,,,,,,,,,,,,,,,,,,,,,,,,,21,6.7385573999999995,6.5843,8.351,10.0235,12.7947,3.5248908355952304,0.1435,0.0468,5.702757423809523,5.548500023809523,7.315200023809524,8.987700023809523,11.758900023809524,5.548500023809523,7.315200023809524,8.987700023809523
p_0jI613,David Zalazar,t_0bW0AU,Banfield,VOL,Gimnasia y Esgrima,False,19,3,3,True,0,False,4.351160000000001,8.278489473684209,15.44916,5.623017351119784,1.2864,20.2138,1.0,0.150988582240529,1.0,0.8569999999999999,8.696591789473684,7.452979163578947,2026-09-19 17:30:00,,,0.4293600562587905,,0.4293600562587905,15.0,False,6.15386449878545,,,,,,,,,,,,,,,,,,,,,,,,,,,,,,,,,,,,,,,,,,,,,,,,,,,,,,,,,,,,,,,,,,,,,,,,,,,,,,,,,,,,,,,,,,,,,,,,,,,,,,,,,,,,,,,,,,,,,,,,,,,,,,,,,,,,,,,,,,,,,,,,,,,,,,,,,,,,,,,,,,,,,,,,,,,,,,,,,,,,,,,,,,,,,,,,,19,8.278788950000001,5.6348,12.71,17.1258,20.2138,5.463092445730065,0.3688,0.1555,7.452979163578947,4.808990213578946,11.884190213578947,16.299990213578948,19.387990213578945,4.808990213578946,11.884190213578947,16.299990213578948
p_0jbZo9,Cristian Zabala,t_3qkV0m,Sarmiento,VOL,Racing Club,False,23,3,3,True,3,True,10.702106666666664,9.959317391304348,14.409640000000001,4.280774006335789,2.759,19.3811,1.0,0.18936617980625867,1.0,0.959,11.331874289855072,10.867267443971015,2026-09-19 00:15:00,,,0.48625,,0.48625,15.0,True,6.15386449878545,,,,,,,,,,,,,,,,,,,,,,,,,,,,,,,,,,,,,,,,,,,,,,,,,,,,,,,,,,,,,,,,,,,,,,,,,,,,,,,,,,,,,,,,,,,,,,,,,,,,,,,,,,,,,,,,,,,,,,,,,,,,,,,,,,,,,,,,,,,,,,,,,,,,,,,,,,,,,,,,,,,,,,,,,,,,,,,,,,,,,,,,,,,,,,,,,23,9.90515857,10.94,13.03,14.5014,14.51,4.184541730466856,0.56,0.0412,10.867267443971015,11.902108873971015,13.992108873971015,15.463508873971016,15.472108873971015,11.902108873971015,13.992108873971015,15.463508873971016
p_0ji027,Leandro Díaz,t_45vTPl,Atlético Tucumán,DEL,Aldosivi,False,20,3,3,True,3,True,2.7280200000000003,5.16809,10.089960000000017,6.24582106960958,-3.636,21.1625,1.0,0.13801058436209523,1.0,0.896,5.544533000000005,4.967901568000005,2026-09-21 17:30:00,,,,0.5259724517906336,0.5259724517906336,11.0,True,5.577128809735925,,,,,,,,,,,,,,,,,,,,,,,,,,,,,,,,,,,,,,,,,,,,,,,,,,,,,,,,,,,,,,,,,,,,,,,,,,,,,,,,,,,,,,,,,,,,,,,,,,,,,,,,,,,,,,,,,,,,,,,,,,,,,,,,,,,,,,,,,,,,,,,,,,,,,,,,,,,,,,,,,,,,,,,,,,,,,,,,,,,,,,,,,,,,,,,,,20,5.25840365,3.754,7.5225,20.382,21.1625,6.11210490462882,0.1028,0.1028,4.967901568000005,3.4634979180000047,7.231997918000005,20.091497918000005,20.871997918000005,3.4634979180000047,7.231997918000005,20.091497918000005
p_0kRKnI,Tomás Marchiori,t_2eRs85,Vélez Sarsfield,ARQ,Tigre,True,8,3,3,True,3,True,10.459480000000001,10.3912,13.38048,3.2494428375162583,5.4012,13.7988,0.8137316602781344,0.23532496805733866,0.9813731660278134,0.955,11.162418,10.46154510599249,2026-09-21 00:30:00,0.635865888512862,,,,0.635865888512862,11.0,True,7.5205623530242764,,,,,,,,,,,,,,,,,,,,,,,,,,,,,,,,,,,,,,,,,,,,,,,,,,,,,,,,,,,,,,,,,,,,,,,,,,,,,,,,,,,,,,,,,,,,,,,,,,,,,,,,,,,,,,,,,,,,,,,,,,,,,,,,,,,,,,,,,,,,,,,,,,,,,,,,,,,,,,,,,,,,,,,,,,,,,,,,,,,,,,,,,,,,,,,,,8,10.380443379999999,9.8844,12.9124,13.7988,13.7988,3.0361998652081805,0.4998,0.0,10.46154510599249,9.96550172599249,12.993501725992491,13.879901725992491,13.879901725992491,9.96550172599249,12.993501725992491,13.879901725992491
p_0kqzA5,Juan Giménez,t_1rEb7t,Rosario Central,DEF,Argentinos Juniors,True,1,3,2,True,0,False,8.3077,8.3077,8.3077,0.0,8.3077,8.3077,0.7333333333333334,1.0,0.9733333333333334,1.015,8.3077,8.207453753333333,2026-09-20 20:00:00,,0.6368107866026459,,,0.6368107866026459,16.0,False,6.218483552578269,,,,,,,,,,,,,,,,,,,,,,,,,,,,,,,,,,,,,,,,,,,,,,,,,,,,,,,,,,,,,,,,,,,,,,,,,,,,,,,,,,,,,,,,,,,,,,,,,,,,,,,,,,,,,,,,,,,,,,,,,,,,,,,,,,,,,,,,,,,,,,,,,,,,,,,,,,,,,,,,,,,,,,,,,,,,,,,,,,,,,,,,,,,,,,,,,1,8.307699999999999,8.3077,8.3077,8.3077,8.3077,1.7763568394002505e-15,0.0,0.0,8.207453753333333,8.207453753333334,8.207453753333334,8.207453753333334,8.207453753333334,8.207453753333334,8.207453753333334,8.207453753333334
p_0lZVBC,Lautaro Morales,t_1L8FaD,Tigre,ARQ,Vélez Sarsfield,False,1,3,3,True,0,False,10.29,10.29,10.29,0.0,10.29,10.29,0.7333333333333334,1.0,0.9733333333333334,0.85,10.29,8.513259999999999,2026-09-21 00:30:00,0.5284770292053061,,,,0.5284770292053061,11.0,False,7.5205623530242764,,,,,,,,,,,,,,,,,,,,,,,,,,,,,,,,,,,,,,,,,,,,,,,,,,,,,,,,,,,,,,,,,,,,,,,,,,,,,,,,,,,,,,,,,,,,,,,,,,,,,,,,,,,,,,,,,,,,,,,,,,,,,,,,,,,,,,,,,,,,,,,,,,,,,,,,,,,,,,,,,,,,,,,,,,,,,,,,,,,,,,,,,,,,,,,,,1,10.29,10.29,10.29,10.29,10.29,0.0,1.0,0.0,8.513259999999999,8.513259999999999,8.513259999999999,8.513259999999999,8.513259999999999,8.513259999999999,8.513259999999999,8.513259999999999
p_0lnkFp,Dardo Federico Miloc,t_3FROV0,Barracas Central,VOL,Independiente Rivadavia,True,24,3,3,True,3,True,5.597326666666667,6.532408333333334,10.030050000000001,3.0785859057460083,1.4378,10.9583,1.0,0.24518301762166547,1.0,0.8869999999999999,7.079540166666668,6.279552127833334,2026-09-21 22:00:00,,,0.3933555555555556,,0.3933555555555556,15.0,True,6.15386449878545,,,,,,,,,,,,,,,,,,,,,,,,,,,,,,,,,,,,,,,,,,,,,,,,,,,,,,,,,,,,,,,,,,,,,,,,,,,,,,,,,,,,,,,,,,,,,,,,,,,,,,,,,,,,,,,,,,,,,,,,,,,,,,,,,,,,,,,,,,,,,,,,,,,,,,,,,,,,,,,,,,,,,,,,,,,,,,,,,,,,,,,,,,,,,,,,,24,6.5324424599999995,6.548,9.3491,10.1148,10.7277,3.0020241232943397,0.126,0.0,6.279552127833334,6.2951096678333345,9.096209667833335,9.861909667833334,10.474809667833334,6.2951096678333345,9.096209667833335,9.861909667833334
p_0m4kQE,Mauricio Martínez,t_3qkV0m,Sarmiento,VOL,Racing Club,False,19,3,3,True,3,True,11.029873333333335,8.194710526315788,12.959419999999996,4.160294632581092,2.5253,17.64,1.0,0.19378738448114868,1.0,0.959,10.37819487719298,9.952688887228067,2026-09-19 00:15:00,,,0.48625,,0.48625,15.0,True,6.15386449878545,,,,,,,,,,,,,,,,,,,,,,,,,,,,,,,,,,,,,,,,,,,,,,,,,,,,,,,,,,,,,,,,,,,,,,,,,,,,,,,,,,,,,,,,,,,,,,,,,,,,,,,,,,,,,,,,,,,,,,,,,,,,,,,,,,,,,,,,,,,,,,,,,,,,,,,,,,,,,,,,,,,,,,,,,,,,,,,,,,,,,,,,,,,,,,,,,19,8.24262925,7.5409,9.5441,17.5055,17.64,4.095505726734787,0.2128,0.1104,9.952688887228067,9.250959637228068,11.254159637228067,19.21555963722807,19.350059637228068,9.250959637228068,11.254159637228067,19.21555963722807
p_0mFzAI,Tomás Porra,t_3FROV0,Barracas Central,VOL,Independiente Rivadavia,True,26,3,3,True,3,True,9.0639,8.110565384615386,13.02165,4.241260778489557,2.28,18.7626,1.0,0.19079378841519562,1.0,0.8869999999999999,9.672003653846154,8.579067240961537,2026-09-21 22:00:00,,,0.3933555555555556,,0.3933555555555556,15.0,True,6.15386449878545,,,,,,,,,,,,,,,,,,,,,,,,,,,,,,,,,,,,,,,,,,,,,,,,,,,,,,,,,,,,,,,,,,,,,,,,,,,,,,,,,,,,,,,,,,,,,,,,,,,,,,,,,,,,,,,,,,,,,,,,,,,,,,,,,,,,,,,,,,,,,,,,,,,,,,,,,,,,,,,,,,,,,,,,,,,,,,,,,,,,,,,,,,,,,,,,,26,8.10503899,7.5543,10.81,14.11,15.89,4.1777040486864045,0.3122,0.0764,8.579067240961537,8.028328250961536,11.284028250961537,14.584028250961536,16.36402825096154,8.028328250961536,11.284028250961537,14.584028250961536
p_0mTgY4,Juan Barinaga,t_2RmaMX,Racing Club,DEF,Sarmiento,True,2,3,3,True,0,False,4.102233333333333,4.05335,4.17067,0.20739441892201463,3.9067,4.2,0.7323126203547448,0.8282297684403904,0.9732312620354745,0.85,4.099789166666667,3.391536537041211,2026-09-19 00:15:00,,0.8017361111111111,,,0.8017361111111111,14.0,False,6.218483552578269,,,,,,,,,,,,,,,,,,,,,,,,,,,,,,,,,,,,,,,,,,,,,,,,,,,,,,,,,,,,,,,,,,,,,,,,,,,,,,,,,,,,,,,,,,,,,,,,,,,,,,,,,,,,,,,,,,,,,,,,,,,,,,,,,,,,,,,,,,,,,,,,,,,,,,,,,,,,,,,,,,,,,,,,,,,,,,,,,,,,,,,,,,,,,,,,,2,4.052176800000001,3.9067,4.2,4.2,4.2,0.14664530712491294,0.0,0.0,3.391536537041211,3.24605973704121,3.5393597370412104,3.5393597370412104,3.5393597370412104,3.24605973704121,3.5393597370412104,3.5393597370412104
p_0nB8to,Felipe Tempone,t_1XZg6T,Independiente,DEL,Club Atlético Unión de Santa Fe,False,8,3,3,True,2,True,3.4761733333333336,3.3297749999999997,8.044049999999999,3.3383781031042172,-0.47,9.17,0.8127668440248583,0.23050088679095884,0.9812766844024858,0.962,4.559583166666666,4.304192571266379,2026-09-19 19:45:00,,,,0.5894442006193158,0.5894442006193158,11.0,True,5.577128809735925,,,,,,,,,,,,,,,,,,,,,,,,,,,,,,,,,,,,,,,,,,,,,,,,,,,,,,,,,,,,,,,,,,,,,,,,,,,,,,,,,,,,,,,,,,,,,,,,,,,,,,,,,,,,,,,,,,,,,,,,,,,,,,,,,,,,,,,,,,,,,,,,,,,,,,,,,,,,,,,,,,,,,,,,,,,,,,,,,,,,,,,,,,,,,,,,,8,3.29518352,2.1833,3.3367,9.17,9.17,3.11730814502391,0.0,0.0,4.304192571266379,3.1923090512663785,4.345709051266379,10.179009051266378,10.179009051266378,3.1923090512663785,4.345709051266379,10.179009051266378
p_0naJM3,Nicolás Barros Schelotto,t_0rGDE4,Gimnasia LP,VOL,Banfield,True,21,3,3,True,0,False,8.100940000000001,10.22049523809524,17.916,5.709099190807267,1.308,21.0989,1.0,0.14905130652564935,1.0,0.955,11.402527095238096,10.889413375952381,2026-09-19 17:30:00,,,0.5310879629629629,,0.5310879629629629,15.0,False,6.15386449878545,,,,,,,,,,,,,,,,,,,,,,,,,,,,,,,,,,,,,,,,,,,,,,,,,,,,,,,,,,,,,,,,,,,,,,,,,,,,,,,,,,,,,,,,,,,,,,,,,,,,,,,,,,,,,,,,,,,,,,,,,,,,,,,,,,,,,,,,,,,,,,,,,,,,,,,,,,,,,,,,,,,,,,,,,,,,,,,,,,,,,,,,,,,,,,,,,21,10.197415119999999,9.4191,14.3068,17.916,17.976,5.629276885276242,0.4757,0.2419,10.889413375952381,10.111098255952383,14.998798255952384,18.60799825595238,18.667998255952384,10.111098255952383,14.998798255952384,18.60799825595238
p_0oAo40,Giovanni Cantizano,t_1rEb7t,Rosario Central,VOL,Argentinos Juniors,True,10,3,3,True,1,False,5.7340599999999995,7.347409999999999,12.787389999999997,5.760210151538647,1.6456,19.8433,0.8629182124298033,0.14792439548234998,0.9862918212429803,1.015,8.1427325,8.151577124329197,2026-09-20 20:00:00,,,0.6867149758454106,,0.6867149758454106,15.0,False,6.15386449878545,,,,,,,,,,,,,,,,,,,,,,,,,,,,,,,,,,,,,,,,,,,,,,,,,,,,,,,,,,,,,,,,,,,,,,,,,,,,,,,,,,,,,,,,,,,,,,,,,,,,,,,,,,,,,,,,,,,,,,,,,,,,,,,,,,,,,,,,,,,,,,,,,,,,,,,,,,,,,,,,,,,,,,,,,,,,,,,,,,,,,,,,,,,,,,,,,10,7.362663649999999,6.16875,11.6916,19.8433,19.8433,5.518201697505055,0.301,0.1034,8.151577124329197,6.957663474329198,12.480513474329197,20.6322134743292,20.6322134743292,6.957663474329198,12.480513474329197,20.6322134743292
p_0oDcvI,Alan Lescano,t_3XuEvf,Argentinos Juniors,VOL,Rosario Central,False,25,3,1,True,1,False,11.998946666666665,10.728140000000002,17.28588,4.92354914501047,2.3,21.4758,1.0,0.16881770970741775,1.0,0.8859999999999999,12.812357333333333,11.351748597333332,2026-09-20 20:00:00,,,0.6927314814814814,,0.6927314814814814,15.0,False,6.15386449878545,,,,,,,,,,,,,,,,,,,,,,,,,,,,,,,,,,,,,,,,,,,,,,,,,,,,,,,,,,,,,,,,,,,,,,,,,,,,,,,,,,,,,,,,,,,,,,,,,,,,,,,,,,,,,,,,,,,,,,,,,,,,,,,,,,,,,,,,,,,,,,,,,,,,,,,,,,,,,,,,,,,,,,,,,,,,,,,,,,,,,,,,,,,,,,,,,25,10.71366651,9.2483,15.0574,17.3298,17.3497,4.806650629028639,0.4753,0.2763,11.351748597333332,9.886382087333333,15.695482087333332,17.96788208733333,17.98778208733333,9.886382087333333,15.695482087333332,17.96788208733333
p_0pU39H,Franco Minerva,t_2Swqmw,Club Atlético Platense,VOL,Newell's Old Boys,True,2,3,3,True,0,False,1.4194000000000002,1.8061,2.7341800000000003,1.6406291537090276,0.646,2.9662,0.6424061924986374,0.3786976291598539,0.9642406192498638,0.85,1.902775,1.5595230026491855,2026-09-20 20:00:00,,,0.4900094696969697,,0.4900094696969697,15.0,False,6.15386449878545,,,,,,,,,,,,,,,,,,,,,,,,,,,,,,,,,,,,,,,,,,,,,,,,,,,,,,,,,,,,,,,,,,,,,,,,,,,,,,,,,,,,,,,,,,,,,,,,,,,,,,,,,,,,,,,,,,,,,,,,,,,,,,,,,,,,,,,,,,,,,,,,,,,,,,,,,,,,,,,,,,,,,,,,,,,,,,,,,,,,,,,,,,,,,,,,,2,1.8193251400000001,2.9662,2.9662,2.9662,2.9662,1.1600246142526376,0.0,0.0,1.5595230026491855,2.706397862649186,2.706397862649186,2.706397862649186,2.706397862649186,2.706397862649186,2.706397862649186,2.706397862649186
p_0pUbCv,César Pérez,t_1DVMAZ,Defensa y Justicia,VOL,Central Córdoba,False,12,3,3,True,3,True,12.357166666666666,9.126874999999998,17.65809,6.0127309369559585,0.2516,19.0128,0.9285195598972766,0.14259779948638293,0.9928519559897278,0.999,12.390280833333332,12.289412846076395,2026-09-18 21:00:00,,,0.5875510620915032,,0.5875510620915032,15.0,True,6.15386449878545,,,,,,,,,,,,,,,,,,,,,,,,,,,,,,,,,,,,,,,,,,,,,,,,,,,,,,,,,,,,,,,,,,,,,,,,,,,,,,,,,,,,,,,,,,,,,,,,,,,,,,,,,,,,,,,,,,,,,,,,,,,,,,,,,,,,,,,,,,,,,,,,,,,,,,,,,,,,,,,,,,,,,,,,,,,,,,,,,,,,,,,,,,,,,,,,,12,9.16846005,10.751,11.7824,18.058,19.0128,5.709374403866591,0.5046,0.1629,12.289412846076395,13.871952796076394,14.903352796076396,21.178952796076395,22.133752796076394,13.871952796076394,14.903352796076396,21.178952796076395
p_0pvncd,Francisco Álvarez,t_3XuEvf,Argentinos Juniors,DEF,Rosario Central,False,27,3,3,True,3,True,10.438279999999999,11.370370370370368,16.332600000000006,4.042524714906116,4.5658,21.4467,1.0,0.19831335621299348,1.0,0.8859999999999999,12.284696148148148,10.884240787259259,2026-09-20 20:00:00,,0.7161111111111111,,,0.7161111111111111,14.0,True,6.218483552578269,,,,,,,,,,,,,,,,,,,,,,,,,,,,,,,,,,,,,,,,,,,,,,,,,,,,,,,,,,,,,,,,,,,,,,,,,,,,,,,,,,,,,,,,,,,,,,,,,,,,,,,,,,,,,,,,,,,,,,,,,,,,,,,,,,,,,,,,,,,,,,,,,,,,,,,,,,,,,,,,,,,,,,,,,,,,,,,,,,,,,,,,,,,,,,,,,27,11.383676620000001,11.2161,13.0712,17.9046,20.0053,3.965671929778026,0.6342,0.1482,10.884240787259259,10.716664167259259,12.571764167259257,17.405164167259258,19.505864167259254,10.716664167259259,12.571764167259257,17.405164167259258
p_0qf9Rl,Matías Pérez,t_2RmaMX,Racing Club,DEF,Sarmiento,True,3,3,3,True,3,True,8.170050000000002,7.900500000000001,8.4396,0.9337485903603818,6.8223,8.4396,0.7034260611730955,0.5171303058654774,0.9703426061173096,0.85,8.1296175,6.705237096933854,2026-09-19 00:15:00,,0.5699337548931044,,,0.5699337548931044,16.0,True,6.218483552578269,,,,,,,,,,,,,,,,,,,,,,,,,,,,,,,,,,,,,,,,,,,,,,,,,,,,,,,,,,,,,,,,,,,,,,,,,,,,,,,,,,,,,,,,,,,,,,,,,,,,,,,,,,,,,,,,,,,,,,,,,,,,,,,,,,,,,,,,,,,,,,,,,,,,,,,,,,,,,,,,,,,,,,,,,,,,,,,,,,,,,,,,,,,,,,,,,3,7.90281813,8.4396,8.4396,8.4396,8.4396,0.76157897974557,0.0,0.0,6.705237096933854,7.242018966933855,7.242018966933855,7.242018966933855,7.242018966933855,7.242018966933855,7.242018966933855,7.242018966933855
p_0qmDxs,Siro Rosané,t_1dhmUh,Estudiantes de Río Cuarto,VOL,Club Atlético Belgrano,False,23,3,3,True,1,False,1.8001466666666666,4.345056521739131,7.19088,2.735741608250791,0.1388,12.1043,1.0,0.2676844666642338,1.0,0.85,4.165793942028985,3.5409248507246374,2026-09-20 22:15:00,,,0.4608845547675335,,0.4608845547675335,15.0,False,6.15386449878545,,,,,,,,,,,,,,,,,,,,,,,,,,,,,,,,,,,,,,,,,,,,,,,,,,,,,,,,,,,,,,,,,,,,,,,,,,,,,,,,,,,,,,,,,,,,,,,,,,,,,,,,,,,,,,,,,,,,,,,,,,,,,,,,,,,,,,,,,,,,,,,,,,,,,,,,,,,,,,,,,,,,,,,,,,,,,,,,,,,,,,,,,,,,,,,,,23,4.356833719999999,4.6057,5.7122,7.2645,7.8162,2.672200546923259,0.0438,0.0,3.5409248507246374,3.789791130724638,4.896291130724638,6.448591130724639,7.000291130724639,3.789791130724638,4.896291130724638,6.448591130724639
p_0rDLh7,Iván Villalba,t_0SmVI4,Independiente Rivadavia,DEF,Barracas Central,False,22,3,3,True,3,True,8.497813333333333,7.200218181818181,10.703579999999999,3.0379003566273424,0.4112,12.0281,1.0,0.24765346137348726,1.0,0.9869999999999999,8.530216939393938,8.419324119181816,2026-09-21 22:00:00,,0.4143333333333333,,,0.4143333333333333,14.0,True,6.218483552578269,,,,,,,,,,,,,,,,,,,,,,,,,,,,,,,,,,,,,,,,,,,,,,,,,,,,,,,,,,,,,,,,,,,,,,,,,,,,,,,,,,,,,,,,,,,,,,,,,,,,,,,,,,,,,,,,,,,,,,,,,,,,,,,,,,,,,,,,,,,,,,,,,,,,,,,,,,,,,,,,,,,,,,,,,,,,,,,,,,,,,,,,,,,,,,,,,22,7.15277188,5.9546,9.57,10.7106,11.3525,2.957480425079981,0.2207,0.0,8.419324119181816,7.221152239181816,10.836552239181817,11.977152239181816,12.619052239181816,7.221152239181816,10.836552239181817,11.977152239181816
p_0rvVb2,Alexandro Maidana,t_02LuKO,Talleres,DEF,Instituto De Córdoba,False,12,3,3,True,0,False,2.7197000000000005,7.196883333333335,13.54761,5.885117246045058,0.362,20.5267,0.9290481618326665,0.14524080916333254,0.9929048161832666,0.9819999999999999,7.217550833333334,7.037346845761861,2026-09-20 00:15:00,,0.6446666666666666,,,0.6446666666666666,14.0,False,6.218483552578269,,,,,,,,,,,,,,,,,,,,,,,,,,,,,,,,,,,,,,,,,,,,,,,,,,,,,,,,,,,,,,,,,,,,,,,,,,,,,,,,,,,,,,,,,,,,,,,,,,,,,,,,,,,,,,,,,,,,,,,,,,,,,,,,,,,,,,,,,,,,,,,,,,,,,,,,,,,,,,,,,,,,,,,,,,,,,,,,,,,,,,,,,,,,,,,,,12,7.209892470000001,6.346,10.7289,13.8608,20.5267,5.672717726584701,0.3364,0.0852,7.037346845761861,6.17345437576186,10.55635437576186,13.68825437576186,20.354154375761862,6.17345437576186,10.55635437576186,13.68825437576186
p_0sVAfb,Martín Garnerone,t_1dhmUh,Estudiantes de Río Cuarto,DEL,Club Atlético Belgrano,False,19,3,3,True,0,False,0.7331799999999998,3.371757894736842,6.9329600000000005,2.965857129119823,0.1425,11.6667,1.0,0.252152300862623,1.0,0.85,3.338556157894737,2.8377727342105263,2026-09-20 22:15:00,,,,0.464892229293151,0.464892229293151,11.0,False,5.577128809735925,,,,,,,,,,,,,,,,,,,,,,,,,,,,,,,,,,,,,,,,,,,,,,,,,,,,,,,,,,,,,,,,,,,,,,,,,,,,,,,,,,,,,,,,,,,,,,,,,,,,,,,,,,,,,,,,,,,,,,,,,,,,,,,,,,,,,,,,,,,,,,,,,,,,,,,,,,,,,,,,,,,,,,,,,,,,,,,,,,,,,,,,,,,,,,,,,19,3.3732639499999997,2.32,5.4336,7.08,11.6667,2.9044958764510924,0.0544,0.0,2.8377727342105263,1.7845087842105265,4.898108784210526,6.544508784210526,11.131208784210527,1.7845087842105265,4.898108784210526,6.544508784210526
p_0sc7Zk,Mauro Arambarri,t_1Fzy5s,River Plate,VOL,Huracán,True,5,3,3,True,0,False,3.6830866666666666,3.10872,4.71356,1.556385597144872,1.115,5.2112,0.7449021254422803,0.39117729387806804,0.9744902125442281,1.086,3.710958333333333,3.9272937364421527,2026-09-19 22:00:00,,,0.7456045125585357,,0.7456045125585357,15.0,False,6.15386449878545,,,,,,,,,,,,,,,,,,,,,,,,,,,,,,,,,,,,,,,,,,,,,,,,,,,,,,,,,,,,,,,,,,,,,,,,,,,,,,,,,,,,,,,,,,,,,,,,,,,,,,,,,,,,,,,,,,,,,,,,,,,,,,,,,,,,,,,,,,,,,,,,,,,,,,,,,,,,,,,,,,,,,,,,,,,,,,,,,,,,,,,,,,,,,,,,,5,3.1129841000000003,2.8367,3.9671,5.2112,5.2112,1.3869980945254359,0.0,0.0,3.9272937364421527,3.6510096364421525,4.781409636442152,6.025509636442152,6.025509636442152,3.6510096364421525,4.781409636442152,6.025509636442152
p_0sdiQh,Lucas Suárez,t_3qkV0m,Sarmiento,DEF,Racing Club,False,18,3,2,True,2,True,9.727093333333332,6.610555555555555,12.946730000000002,5.346156384920492,-5.7513,17.95,1.0,0.15757569453790393,1.0,0.959,9.28538738888889,8.904686505944444,2026-09-19 00:15:00,,0.40875,,,0.40875,14.0,True,6.218483552578269,,,,,,,,,,,,,,,,,,,,,,,,,,,,,,,,,,,,,,,,,,,,,,,,,,,,,,,,,,,,,,,,,,,,,,,,,,,,,,,,,,,,,,,,,,,,,,,,,,,,,,,,,,,,,,,,,,,,,,,,,,,,,,,,,,,,,,,,,,,,,,,,,,,,,,,,,,,,,,,,,,,,,,,,,,,,,,,,,,,,,,,,,,,,,,,,,18,6.5662089,6.1844,9.0373,14.4714,17.95,5.226302052670587,0.2197,0.0566,8.904686505944444,8.522877605944444,11.375777605944442,16.809877605944443,20.288477605944443,8.522877605944444,11.375777605944442,16.809877605944443
p_0tQtiw,Juan Sforza,t_02LuKO,Talleres,VOL,Instituto De Córdoba,False,19,3,3,True,2,True,8.246886666666667,7.118921052631579,10.927239999999998,3.2239525600622856,2.9151,13.6203,1.0,0.2367450831373102,1.0,0.9819999999999999,8.465788754385965,8.313404556807017,2026-09-20 00:15:00,,,0.7010416666666667,,0.7010416666666667,15.0,True,6.15386449878545,,,,,,,,,,,,,,,,,,,,,,,,,,,,,,,,,,,,,,,,,,,,,,,,,,,,,,,,,,,,,,,,,,,,,,,,,,,,,,,,,,,,,,,,,,,,,,,,,,,,,,,,,,,,,,,,,,,,,,,,,,,,,,,,,,,,,,,,,,,,,,,,,,,,,,,,,,,,,,,,,,,,,,,,,,,,,,,,,,,,,,,,,,,,,,,,,19,7.105772899999999,7.5233,9.29,12.5314,13.6203,3.1351790591348347,0.1554,0.0,8.313404556807017,8.730931656807018,10.497631656807016,13.739031656807018,14.827931656807017,8.730931656807018,10.497631656807016,13.739031656807018
p_0tg63O,Julián Fernández,t_45vTPl,Atlético Tucumán,VOL,Aldosivi,False,6,3,3,True,0,False,4.29464,4.152316666666667,6.79665,2.3180368870375347,1.415,7.9533,0.760276605357021,0.3013830267851051,0.9760276605357021,0.896,4.863213166666666,4.252980990494289,2026-09-21 17:30:00,,,0.4604563492063492,,0.4604563492063492,15.0,False,6.15386449878545,,,,,,,,,,,,,,,,,,,,,,,,,,,,,,,,,,,,,,,,,,,,,,,,,,,,,,,,,,,,,,,,,,,,,,,,,,,,,,,,,,,,,,,,,,,,,,,,,,,,,,,,,,,,,,,,,,,,,,,,,,,,,,,,,,,,,,,,,,,,,,,,,,,,,,,,,,,,,,,,,,,,,,,,,,,,,,,,,,,,,,,,,,,,,,,,,6,4.14872906,3.53,5.64,7.9533,7.9533,2.1035039098964172,0.0,0.0,4.252980990494289,3.634251930494289,5.744251930494289,8.057551930494288,8.057551930494288,3.634251930494289,5.744251930494289,8.057551930494288
p_0uIte1,Facundo Pimienta,t_45vTPl,Atlético Tucumán,VOL,Aldosivi,False,1,3,3,True,0,False,1.926,1.926,1.926,0.0,1.926,1.926,0.7333333333333334,1.0,0.9733333333333334,0.896,1.926,1.67967744,2026-09-21 17:30:00,,,0.4236633249791144,,0.4236633249791144,15.0,False,6.15386449878545,,,,,,,,,,,,,,,,,,,,,,,,,,,,,,,,,,,,,,,,,,,,,,,,,,,,,,,,,,,,,,,,,,,,,,,,,,,,,,,,,,,,,,,,,,,,,,,,,,,,,,,,,,,,,,,,,,,,,,,,,,,,,,,,,,,,,,,,,,,,,,,,,,,,,,,,,,,,,,,,,,,,,,,,,,,,,,,,,,,,,,,,,,,,,,,,,1,1.926,1.926,1.926,1.926,1.926,0.0,0.0,0.0,1.67967744,1.67967744,1.67967744,1.67967744,1.67967744,1.67967744,1.67967744,1.67967744
p_0uhVcs,Kevin Zenón,t_0otcXZ,Boca Juniors,VOL,San Lorenzo,False,8,3,2,True,1,False,8.77284,6.257737499999999,9.458989999999998,3.6575002493652877,3.4248,14.4733,0.8096081565844085,0.2147074495887096,0.9809608156584408,1.028,7.9383365,8.005238565355485,2026-09-20 17:45:00,,,0.7746527777777779,,0.7746527777777779,15.0,False,6.15386449878545,,,,,,,,,,,,,,,,,,,,,,,,,,,,,,,,,,,,,,,,,,,,,,,,,,,,,,,,,,,,,,,,,,,,,,,,,,,,,,,,,,,,,,,,,,,,,,,,,,,,,,,,,,,,,,,,,,,,,,,,,,,,,,,,,,,,,,,,,,,,,,,,,,,,,,,,,,,,,,,,,,,,,,,,,,,,,,,,,,,,,,,,,,,,,,,,,8,6.228453099999999,4.75,6.9227,14.4733,14.4733,3.4134858671426183,0.1234,0.0,8.005238565355485,6.526785465355486,8.699485465355487,16.250085465355486,16.250085465355486,6.526785465355486,8.699485465355487,16.250085465355486
p_0vHFrW,Ignacio Perruzzi,t_1QqhS7,San Lorenzo,VOL,Boca Juniors,True,19,3,3,True,3,True,5.9156733333333325,5.367457894736843,10.74718,3.197928201423851,0.9975,11.7814,1.0,0.2382127449585299,1.0,0.957,6.904263824561404,6.607380480105264,2026-09-20 17:45:00,,,0.4317824074074074,,0.4317824074074074,15.0,True,6.15386449878545,,,,,,,,,,,,,,,,,,,,,,,,,,,,,,,,,,,,,,,,,,,,,,,,,,,,,,,,,,,,,,,,,,,,,,,,,,,,,,,,,,,,,,,,,,,,,,,,,,,,,,,,,,,,,,,,,,,,,,,,,,,,,,,,,,,,,,,,,,,,,,,,,,,,,,,,,,,,,,,,,,,,,,,,,,,,,,,,,,,,,,,,,,,,,,,,,19,5.40286958,5.12,6.7212,11.2511,11.7814,3.112125291171392,0.1599,0.0,6.607380480105264,6.324510900105264,7.925710900105264,12.455610900105263,12.985910900105264,6.324510900105264,7.925710900105264,12.455610900105263
p_0vreM8,Agustín Quiroga,t_1dhmUh,Estudiantes de Río Cuarto,DEF,Club Atlético Belgrano,False,4,3,3,True,0,False,7.39332,8.3968,13.52008,5.343323552496766,2.671,15.01,0.6648625464256214,0.1576460654614401,0.9664862546425621,0.85,9.326402,7.661763437530265,2026-09-20 22:15:00,,0.6925438596491228,,,0.6925438596491228,14.0,False,6.218483552578269,,,,,,,,,,,,,,,,,,,,,,,,,,,,,,,,,,,,,,,,,,,,,,,,,,,,,,,,,,,,,,,,,,,,,,,,,,,,,,,,,,,,,,,,,,,,,,,,,,,,,,,,,,,,,,,,,,,,,,,,,,,,,,,,,,,,,,,,,,,,,,,,,,,,,,,,,,,,,,,,,,,,,,,,,,,,,,,,,,,,,,,,,,,,,,,,,4,8.3894682,5.8626,10.0436,15.01,15.01,4.630219537208658,0.4994,0.2498,7.661763437530265,5.134895237530265,9.315895237530265,14.282295237530265,14.282295237530265,5.134895237530265,9.315895237530265,14.282295237530265
p_0w9V85,Lautaro Giannetti,t_3mLGSt,Newell's Old Boys,DEF,Club Atlético Platense,False,9,3,3,True,3,True,9.755946666666667,8.855,11.519000000000002,2.91728503321153,5.4012,14.6482,0.8510557690605509,0.2552788453027541,0.9851055769060552,0.8869999999999999,9.836331333333334,8.594874644400285,2026-09-20 20:00:00,,0.4315575601912756,,,0.4315575601912756,16.0,True,6.218483552578269,,,,,,,,,,,,,,,,,,,,,,,,,,,,,,,,,,,,,,,,,,,,,,,,,,,,,,,,,,,,,,,,,,,,,,,,,,,,,,,,,,,,,,,,,,,,,,,,,,,,,,,,,,,,,,,,,,,,,,,,,,,,,,,,,,,,,,,,,,,,,,,,,,,,,,,,,,,,,,,,,,,,,,,,,,,,,,,,,,,,,,,,,,,,,,,,,9,8.81848953,9.4595,9.6339,14.6482,14.6482,2.7549636607250156,0.2179,0.0,8.594874644400285,9.235885114400284,9.410285114400285,14.424585114400283,14.424585114400283,9.235885114400284,9.410285114400285,14.424585114400283
p_0wfa6H,Leandro Lozano,t_0otcXZ,Boca Juniors,DEF,San Lorenzo,False,4,3,1,True,0,False,7.25912,7.008699999999999,9.823200000000002,3.123379325879797,3.5556,11.1438,0.6818372385512522,0.2425195260895945,0.9681837238551252,1.028,7.799972,7.763256503159629,2026-09-20 17:45:00,,0.8398809523809524,,,0.8398809523809524,14.0,False,6.218483552578269,,,,,,,,,,,,,,,,,,,,,,,,,,,,,,,,,,,,,,,,,,,,,,,,,,,,,,,,,,,,,,,,,,,,,,,,,,,,,,,,,,,,,,,,,,,,,,,,,,,,,,,,,,,,,,,,,,,,,,,,,,,,,,,,,,,,,,,,,,,,,,,,,,,,,,,,,,,,,,,,,,,,,,,,,,,,,,,,,,,,,,,,,,,,,,,,,4,7.004834520000001,6.5936,6.7418,11.1438,11.1438,2.701897513878787,0.2491,0.0,7.763256503159629,7.352021983159628,7.500221983159627,11.902221983159627,11.902221983159627,7.352021983159628,7.500221983159627,11.902221983159627
p_0wgKrv,Luis Díaz,t_0SmVI4,Independiente Rivadavia,DEL,Barracas Central,False,2,3,3,True,0,False,2.4647666666666663,2.39215,2.56643,0.3080864245629786,2.1743,2.61,0.7195617630795955,0.7644754820646442,0.9719561763079596,0.9869999999999999,2.461135833333333,2.3610186636799346,2026-09-21 22:00:00,,,,0.6011012337560716,0.6011012337560716,16.0,False,5.577128809735925,,,,,,,,,,,,,,,,,,,,,,,,,,,,,,,,,,,,,,,,,,,,,,,,,,,,,,,,,,,,,,,,,,,,,,,,,,,,,,,,,,,,,,,,,,,,,,,,,,,,,,,,,,,,,,,,,,,,,,,,,,,,,,,,,,,,,,,,,,,,,,,,,,,,,,,,,,,,,,,,,,,,,,,,,,,,,,,,,,,,,,,,,,,,,,,,,2,2.3887951099999998,2.1743,2.61,2.61,2.61,0.21782416581520025,0.0,0.0,2.3610186636799346,2.146523553679935,2.5822235536799347,2.5822235536799347,2.5822235536799347,2.146523553679935,2.5822235536799347,2.5822235536799347
p_0wjNc4,Franco Cervi,t_1rEb7t,Rosario Central,VOL,Argentinos Juniors,True,1,3,3,True,0,False,1.0867,1.0867,1.0867,0.0,1.0867,1.0867,0.7333333333333334,1.0,0.9733333333333334,1.015,1.0867,1.0735871533333332,2026-09-20 20:00:00,,,0.639501633986928,,0.639501633986928,15.0,False,6.15386449878545,,,,,,,,,,,,,,,,,,,,,,,,,,,,,,,,,,,,,,,,,,,,,,,,,,,,,,,,,,,,,,,,,,,,,,,,,,,,,,,,,,,,,,,,,,,,,,,,,,,,,,,,,,,,,,,,,,,,,,,,,,,,,,,,,,,,,,,,,,,,,,,,,,,,,,,,,,,,,,,,,,,,,,,,,,,,,,,,,,,,,,,,,,,,,,,,,1,1.0867000000000004,1.0867,1.0867,1.0867,1.0867,4.440892098500626e-16,0.0,0.0,1.0735871533333332,1.0735871533333328,1.0735871533333328,1.0735871533333328,1.0735871533333328,1.0735871533333328,1.0735871533333328,1.0735871533333328
p_0xdX07,Bautista Barros Schelotto,t_0rGDE4,Gimnasia LP,DEF,Banfield,True,12,3,3,True,3,True,8.671026666666668,7.107308333333332,12.00848,3.8223840983578286,1.0118,12.4025,0.9414732621709055,0.20736631085452756,0.9941473262170906,0.955,8.879902666666666,8.430674575943618,2026-09-19 17:30:00,,0.4910939847897269,,,0.4910939847897269,16.0,True,6.218483552578269,,,,,,,,,,,,,,,,,,,,,,,,,,,,,,,,,,,,,,,,,,,,,,,,,,,,,,,,,,,,,,,,,,,,,,,,,,,,,,,,,,,,,,,,,,,,,,,,,,,,,,,,,,,,,,,,,,,,,,,,,,,,,,,,,,,,,,,,,,,,,,,,,,,,,,,,,,,,,,,,,,,,,,,,,,,,,,,,,,,,,,,,,,,,,,,,,12,7.079537929999999,6.6,10.1233,12.0618,12.4025,3.6650488055244663,0.3326,0.0,8.430674575943618,7.951136645943619,11.47443664594362,13.412936645943619,13.753636645943619,7.951136645943619,11.47443664594362,13.412936645943619
p_0yKkMd,Santiago Esquivel,t_0bW0AU,Banfield,VOL,Gimnasia y Esgrima,False,16,3,3,True,2,True,8.192593333333333,4.946881250000001,11.5774,4.44084505760165,-0.0929,12.1324,1.0,0.18379497842947298,1.0,0.8569999999999999,7.740510166666667,6.633617212833332,2026-09-19 17:30:00,,,0.4097222222222221,,0.4097222222222221,15.0,True,6.15386449878545,,,,,,,,,,,,,,,,,,,,,,,,,,,,,,,,,,,,,,,,,,,,,,,,,,,,,,,,,,,,,,,,,,,,,,,,,,,,,,,,,,,,,,,,,,,,,,,,,,,,,,,,,,,,,,,,,,,,,,,,,,,,,,,,,,,,,,,,,,,,,,,,,,,,,,,,,,,,,,,,,,,,,,,,,,,,,,,,,,,,,,,,,,,,,,,,,16,4.9765294,2.7143,9.6319,11.5934,12.1324,4.306376614709592,0.1886,0.0,6.633617212833332,4.371387812833332,11.288987812833332,13.250487812833333,13.789487812833332,4.371387812833332,11.288987812833332,13.250487812833333
p_0zKhoP,Matías Galarza,t_02LuKO,Talleres,VOL,Instituto De Córdoba,False,24,3,2,True,2,True,7.255620000000001,8.977695833333334,12.41635,3.113161536539757,2.0219,13.8774,1.0,0.24312198563474394,1.0,0.9819999999999999,9.234632833333334,9.068409442333333,2026-09-20 00:15:00,,,0.7010416666666667,,0.7010416666666667,15.0,True,6.15386449878545,,,,,,,,,,,,,,,,,,,,,,,,,,,,,,,,,,,,,,,,,,,,,,,,,,,,,,,,,,,,,,,,,,,,,,,,,,,,,,,,,,,,,,,,,,,,,,,,,,,,,,,,,,,,,,,,,,,,,,,,,,,,,,,,,,,,,,,,,,,,,,,,,,,,,,,,,,,,,,,,,,,,,,,,,,,,,,,,,,,,,,,,,,,,,,,,,24,8.98984147,9.606,11.4902,12.55,13.373,3.020278982506954,0.4159,0.0,9.068409442333333,9.684567972333333,11.568767972333333,12.628567972333334,13.451567972333333,9.684567972333333,11.568767972333333,12.628567972333334
p_103r5t,Juan Gauto,t_2Swqmw,Club Atlético Platense,VOL,Newell's Old Boys,True,21,3,3,True,0,False,5.94372,5.842761904761905,12.038,4.21689069380227,0.1643,18.0187,1.0,0.19168505891603446,1.0,0.85,7.426906761904761,6.312870747619047,2026-09-20 20:00:00,,,0.5420601851851852,,0.5420601851851852,15.0,False,6.15386449878545,,,,,,,,,,,,,,,,,,,,,,,,,,,,,,,,,,,,,,,,,,,,,,,,,,,,,,,,,,,,,,,,,,,,,,,,,,,,,,,,,,,,,,,,,,,,,,,,,,,,,,,,,,,,,,,,,,,,,,,,,,,,,,,,,,,,,,,,,,,,,,,,,,,,,,,,,,,,,,,,,,,,,,,,,,,,,,,,,,,,,,,,,,,,,,,,,21,5.86052124,4.6708,6.435,12.038,13.1525,4.110457037709415,0.1431,0.0483,6.312870747619047,5.123149507619047,6.887349507619047,12.490349507619047,13.604849507619047,5.123149507619047,6.887349507619047,12.490349507619047
p_10pgVf,Javier Ferreira,t_1dhmUh,Estudiantes de Río Cuarto,DEL,Club Atlético Belgrano,False,18,3,2,True,0,False,0.26726000000000005,0.9923611111111114,2.3853800000000014,1.934284570018191,-1.49,7.0224,1.0,0.3407985749636412,1.0,0.85,1.0868304444444448,0.923805877777778,2026-09-20 22:15:00,,,,0.464892229293151,0.464892229293151,11.0,False,5.577128809735925,,,,,,,,,,,,,,,,,,,,,,,,,,,,,,,,,,,,,,,,,,,,,,,,,,,,,,,,,,,,,,,,,,,,,,,,,,,,,,,,,,,,,,,,,,,,,,,,,,,,,,,,,,,,,,,,,,,,,,,,,,,,,,,,,,,,,,,,,,,,,,,,,,,,,,,,,,,,,,,,,,,,,,,,,,,,,,,,,,,,,,,,,,,,,,,,,18,1.02564851,0.6,1.4129,3.8089,7.0224,1.933861648990894,0.0,0.0,0.923805877777778,0.4981573677777781,1.3110573677777781,3.707057367777778,6.9205573677777785,0.4981573677777781,1.3110573677777781,3.707057367777778
p_10sBb4,Milton Delgado,t_0otcXZ,Boca Juniors,VOL,San Lorenzo,False,22,3,1,True,1,False,7.969666666666667,8.11774090909091,12.6088,3.369221772041599,2.8636,12.9248,1.0,0.2288737107369882,1.0,1.028,9.188679696969698,9.44596272848485,2026-09-20 17:45:00,,,0.6979861111111111,,0.6979861111111111,15.0,False,6.15386449878545,,,,,,,,,,,,,,,,,,,,,,,,,,,,,,,,,,,,,,,,,,,,,,,,,,,,,,,,,,,,,,,,,,,,,,,,,,,,,,,,,,,,,,,,,,,,,,,,,,,,,,,,,,,,,,,,,,,,,,,,,,,,,,,,,,,,,,,,,,,,,,,,,,,,,,,,,,,,,,,,,,,,,,,,,,,,,,,,,,,,,,,,,,,,,,,,,22,8.06528277,6.775,10.5856,12.6725,12.9168,3.2934636196211624,0.4035,0.0,9.44596272848485,8.155679958484852,11.96627995848485,14.05317995848485,14.297479958484852,8.155679958484852,11.96627995848485,14.05317995848485
p_1187qF,Maximiliano Villa,t_45vTPl,Atlético Tucumán,DEF,Aldosivi,False,16,3,3,True,0,False,7.497613333333333,8.4726125,11.527899999999999,3.257515308508414,2.7594,15.82,1.0,0.2348787796491428,1.0,0.896,8.895184666666665,7.9700854613333325,2026-09-21 17:30:00,,0.4612,,,0.4612,14.0,False,6.218483552578269,,,,,,,,,,,,,,,,,,,,,,,,,,,,,,,,,,,,,,,,,,,,,,,,,,,,,,,,,,,,,,,,,,,,,,,,,,,,,,,,,,,,,,,,,,,,,,,,,,,,,,,,,,,,,,,,,,,,,,,,,,,,,,,,,,,,,,,,,,,,,,,,,,,,,,,,,,,,,,,,,,,,,,,,,,,,,,,,,,,,,,,,,,,,,,,,,16,8.420981699999999,8.1257,10.955,11.7258,15.82,3.1763540091310842,0.372,0.0607,7.9700854613333325,7.674803761333334,10.504103761333333,11.274903761333334,15.369103761333335,7.674803761333334,10.504103761333333,11.274903761333334
p_11I8XF,Ezequiel Cannavo,t_2RmaMX,Racing Club,DEF,Sarmiento,True,23,3,3,True,3,True,3.6733,7.607834782608694,11.912680000000002,3.988963277778131,0.1443,15.2586,1.0,0.20044244551853202,1.0,0.85,7.306958913043478,6.210915076086956,2026-09-19 00:15:00,,0.5920833333333334,,,0.5920833333333334,14.0,True,6.218483552578269,,,,,,,,,,,,,,,,,,,,,,,,,,,,,,,,,,,,,,,,,,,,,,,,,,,,,,,,,,,,,,,,,,,,,,,,,,,,,,,,,,,,,,,,,,,,,,,,,,,,,,,,,,,,,,,,,,,,,,,,,,,,,,,,,,,,,,,,,,,,,,,,,,,,,,,,,,,,,,,,,,,,,,,,,,,,,,,,,,,,,,,,,,,,,,,,,23,7.61229709,7.842,10.5988,12.0821,14.4714,3.8699897995889514,0.258,0.0389,6.210915076086956,6.440617986086956,9.197417986086958,10.680717986086957,13.070017986086956,6.440617986086956,9.197417986086958,10.680717986086957
p_11rLEz,Juan Espínola,t_3FROV0,Barracas Central,ARQ,Independiente Rivadavia,True,6,3,1,True,0,False,9.215826666666667,9.343033333333333,13.8106,4.048047435822197,3.7567,14.32,0.7396192790465379,0.19809639523268974,0.9739619279046539,0.8869999999999999,10.415402666666667,8.997910421422256,2026-09-21 22:00:00,0.5670200364298724,,,,0.5670200364298724,9.0,False,7.5205623530242764,,,,,,,,,,,,,,,,,,,,,,,,,,,,,,,,,,,,,,,,,,,,,,,,,,,,,,,,,,,,,,,,,,,,,,,,,,,,,,,,,,,,,,,,,,,,,,,,,,,,,,,,,,,,,,,,,,,,,,,,,,,,,,,,,,,,,,,,,,,,,,,,,,,,,,,,,,,,,,,,,,,,,,,,,,,,,,,,,,,,,,,,,,,,,,,,,6,9.29227866,7.79,13.3012,14.32,14.32,3.7217351911943717,0.4891,0.0,8.997910421422256,7.495631761422257,13.006831761422257,14.025631761422257,14.025631761422257,7.495631761422257,13.006831761422257,14.025631761422257
p_12I3Qr,Gonzalo Escudero,t_2RmaMX,Racing Club,DEF,Sarmiento,True,3,3,3,True,0,False,6.005916666666667,7.3595,12.4157,6.089249604836379,2.12,14.04,0.6282117305988997,0.14105865299449843,0.96282117305989,0.85,8.149795833333334,6.669776586781314,2026-09-19 00:15:00,,0.5479911146890886,,,0.5479911146890886,16.0,False,6.218483552578269,,,,,,,,,,,,,,,,,,,,,,,,,,,,,,,,,,,,,,,,,,,,,,,,,,,,,,,,,,,,,,,,,,,,,,,,,,,,,,,,,,,,,,,,,,,,,,,,,,,,,,,,,,,,,,,,,,,,,,,,,,,,,,,,,,,,,,,,,,,,,,,,,,,,,,,,,,,,,,,,,,,,,,,,,,,,,,,,,,,,,,,,,,,,,,,,,3,7.325102599999998,5.9185,14.04,14.04,14.04,4.972125282972386,0.331,0.0,6.669776586781314,5.263173986781315,13.384673986781316,13.384673986781316,13.384673986781316,5.263173986781315,13.384673986781316,13.384673986781316
p_12oUPV,Hugo Nervo,t_2qXAzu,Huracán,DEF,River Plate,False,18,3,3,True,1,False,5.686653333333334,6.7261944444444435,11.07704,3.399963398154582,1.8,12.7847,1.0,0.22727461787964343,1.0,1.015,7.450066444444444,7.561817441111111,2026-09-19 22:00:00,,0.6836497890295359,,,0.6836497890295359,14.0,False,6.218483552578269,,,,,,,,,,,,,,,,,,,,,,,,,,,,,,,,,,,,,,,,,,,,,,,,,,,,,,,,,,,,,,,,,,,,,,,,,,,,,,,,,,,,,,,,,,,,,,,,,,,,,,,,,,,,,,,,,,,,,,,,,,,,,,,,,,,,,,,,,,,,,,,,,,,,,,,,,,,,,,,,,,,,,,,,,,,,,,,,,,,,,,,,,,,,,,,,,18,6.748352830000001,4.87,9.66,11.6572,12.7847,3.319789195463771,0.2255,0.0,7.561817441111111,5.68346461111111,10.47346461111111,12.47066461111111,13.59816461111111,5.68346461111111,10.47346461111111,12.47066461111111
p_12pouK,Nicolás Benegas,t_3TbOfu,Deportivo Riestra,DEL,Gimnasia y Esgrima Mendoza,False,19,3,3,True,3,True,3.018486666666667,2.490942105263158,4.919099999999999,2.70298100957603,-1.6836,10.6111,1.0,0.2700526946840849,1.0,0.85,3.282622175438597,2.790228849122807,2026-09-19 17:30:00,,,,0.5111273157564615,0.5111273157564615,16.0,True,5.577128809735925,,,,,,,,,,,,,,,,,,,,,,,,,,,,,,,,,,,,,,,,,,,,,,,,,,,,,,,,,,,,,,,,,,,,,,,,,,,,,,,,,,,,,,,,,,,,,,,,,,,,,,,,,,,,,,,,,,,,,,,,,,,,,,,,,,,,,,,,,,,,,,,,,,,,,,,,,,,,,,,,,,,,,,,,,,,,,,,,,,,,,,,,,,,,,,,,,19,2.48088563,2.5459,3.85,5.0111,10.6111,2.6038282724666204,0.0505,0.0,2.790228849122807,2.855243219122807,4.159343219122807,5.320443219122807,10.920443219122808,2.855243219122807,4.159343219122807,5.320443219122807
p_137tuu,Ignacio Vázquez,t_2Swqmw,Club Atlético Platense,DEF,Newell's Old Boys,True,17,3,3,True,2,True,8.372986666666668,9.033629411764705,10.95908,2.4633065899225546,3.7083,14.0722,1.0,0.28874140190469294,1.0,0.85,9.283767098039215,7.891202033333332,2026-09-20 20:00:00,,0.5770138888888888,,,0.5770138888888888,14.0,True,6.218483552578269,,,,,,,,,,,,,,,,,,,,,,,,,,,,,,,,,,,,,,,,,,,,,,,,,,,,,,,,,,,,,,,,,,,,,,,,,,,,,,,,,,,,,,,,,,,,,,,,,,,,,,,,,,,,,,,,,,,,,,,,,,,,,,,,,,,,,,,,,,,,,,,,,,,,,,,,,,,,,,,,,,,,,,,,,,,,,,,,,,,,,,,,,,,,,,,,,17,9.08586532,9.7081,10.66,11.2811,14.0722,2.382924491268932,0.4778,0.0,7.891202033333332,8.513436713333332,9.465336713333333,10.086436713333333,12.877536713333333,8.513436713333332,9.465336713333333,10.086436713333333
p_13K9bt,Tomás Badaloni,t_1rEb7t,Rosario Central,DEL,Argentinos Juniors,True,6,3,3,True,0,False,3.714,3.1870333333333334,4.405,1.1802091368340895,1.5822,5.03,0.7917343187958668,0.4586715939793341,0.9791734318795867,1.015,3.6759633333333337,3.653396717051978,2026-09-20 20:00:00,,,,0.6441081631868911,0.6441081631868911,16.0,False,5.577128809735925,,,,,,,,,,,,,,,,,,,,,,,,,,,,,,,,,,,,,,,,,,,,,,,,,,,,,,,,,,,,,,,,,,,,,,,,,,,,,,,,,,,,,,,,,,,,,,,,,,,,,,,,,,,,,,,,,,,,,,,,,,,,,,,,,,,,,,,,,,,,,,,,,,,,,,,,,,,,,,,,,,,,,,,,,,,,,,,,,,,,,,,,,,,,,,,,,6,3.1812707000000002,2.7,3.78,5.03,5.03,1.0807208524228216,0.0,0.0,3.653396717051978,3.172126017051978,4.252126017051978,5.502126017051978,5.502126017051978,3.172126017051978,4.252126017051978,5.502126017051978
p_13nKVT,Matko Miljevic,t_2RmaMX,Racing Club,VOL,Sarmiento,True,24,3,3,True,1,False,2.99182,5.7791999999999994,12.87168,5.617156226279876,-0.5944,23.89,1.0,0.15112231989151534,1.0,0.85,6.576737,5.590226449999999,2026-09-19 00:15:00,,,0.5836574074074073,,0.5836574074074073,15.0,False,6.15386449878545,,,,,,,,,,,,,,,,,,,,,,,,,,,,,,,,,,,,,,,,,,,,,,,,,,,,,,,,,,,,,,,,,,,,,,,,,,,,,,,,,,,,,,,,,,,,,,,,,,,,,,,,,,,,,,,,,,,,,,,,,,,,,,,,,,,,,,,,,,,,,,,,,,,,,,,,,,,,,,,,,,,,,,,,,,,,,,,,,,,,,,,,,,,,,,,,,24,5.72688849,4.3846,7.423925,13.608,14.0452,5.439643279262393,0.1621,0.0403,5.590226449999999,4.247937959999999,7.287262959999999,13.47133796,13.908537959999999,4.247937959999999,7.287262959999999,13.47133796
p_14QNqn,Lucas Silva,t_1Fzy5s,River Plate,VOL,Huracán,True,4,3,3,True,0,False,5.22496,5.4418500000000005,6.279,0.8592650095672849,4.6074,6.6,0.740902721758788,0.5378469421272735,0.9740902721758788,1.086,5.575226,5.897819925195292,2026-09-19 22:00:00,,,0.7456045125585357,,0.7456045125585357,15.0,False,6.15386449878545,,,,,,,,,,,,,,,,,,,,,,,,,,,,,,,,,,,,,,,,,,,,,,,,,,,,,,,,,,,,,,,,,,,,,,,,,,,,,,,,,,,,,,,,,,,,,,,,,,,,,,,,,,,,,,,,,,,,,,,,,,,,,,,,,,,,,,,,,,,,,,,,,,,,,,,,,,,,,,,,,,,,,,,,,,,,,,,,,,,,,,,,,,,,,,,,,4,5.43884846,5.03,5.53,6.6,6.6,0.7411884754633116,0.0,0.0,5.897819925195292,5.488971465195292,5.988971465195292,7.058971465195292,7.058971465195292,5.488971465195292,5.988971465195292,7.058971465195292
p_14TOcz,Agustín Álvarez,t_02LuKO,Talleres,DEL,Instituto De Córdoba,False,4,3,3,True,3,True,10.075410000000002,8.6927,16.290290000000002,7.715821431750911,1.842,19.3088,0.6562801090980844,0.11473387882375548,0.9656280109098084,0.9819999999999999,11.076046000000002,10.502824142906482,2026-09-20 00:15:00,,,,0.5786469105695509,0.5786469105695509,16.0,True,5.577128809735925,,,,,,,,,,,,,,,,,,,,,,,,,,,,,,,,,,,,,,,,,,,,,,,,,,,,,,,,,,,,,,,,,,,,,,,,,,,,,,,,,,,,,,,,,,,,,,,,,,,,,,,,,,,,,,,,,,,,,,,,,,,,,,,,,,,,,,,,,,,,,,,,,,,,,,,,,,,,,,,,,,,,,,,,,,,,,,,,,,,,,,,,,,,,,,,,,4,8.70272101,9.2471,19.3088,19.3088,19.3088,6.6979304413694525,0.2512,0.2512,10.502824142906482,11.047203132906482,21.108903132906484,21.108903132906484,21.108903132906484,11.047203132906482,21.108903132906484,21.108903132906484
p_155U4Y,Pacha Espino,t_2RmaMX,Racing Club,DEF,Sarmiento,True,3,3,3,True,0,False,4.4184,4.7738000000000005,6.36542,1.9634467830832594,2.87,6.7919,0.6674889797723697,0.33744489886184825,0.966748897977237,0.85,5.047315,4.1475632818948815,2026-09-19 00:15:00,,0.5479911146890886,,,0.5479911146890886,16.0,False,6.218483552578269,,,,,,,,,,,,,,,,,,,,,,,,,,,,,,,,,,,,,,,,,,,,,,,,,,,,,,,,,,,,,,,,,,,,,,,,,,,,,,,,,,,,,,,,,,,,,,,,,,,,,,,,,,,,,,,,,,,,,,,,,,,,,,,,,,,,,,,,,,,,,,,,,,,,,,,,,,,,,,,,,,,,,,,,,,,,,,,,,,,,,,,,,,,,,,,,,3,4.78857821,4.6595,6.7919,6.7919,6.7919,1.6108871168869021,0.0,0.0,4.1475632818948815,4.018485071894882,6.150885071894882,6.150885071894882,6.150885071894882,4.018485071894882,6.150885071894882,6.150885071894882
p_15Ftki,Rodrigo Atencio,t_0SmVI4,Independiente Rivadavia,VOL,Barracas Central,False,19,3,3,True,0,False,4.542353333333334,6.735226315789474,13.973319999999998,5.251597884966072,0.61,18.9067,1.0,0.15995910460025167,1.0,0.9869999999999999,7.777244192982455,7.676140018473682,2026-09-21 22:00:00,,,0.3987777777777778,,0.3987777777777778,15.0,False,6.15386449878545,,,,,,,,,,,,,,,,,,,,,,,,,,,,,,,,,,,,,,,,,,,,,,,,,,,,,,,,,,,,,,,,,,,,,,,,,,,,,,,,,,,,,,,,,,,,,,,,,,,,,,,,,,,,,,,,,,,,,,,,,,,,,,,,,,,,,,,,,,,,,,,,,,,,,,,,,,,,,,,,,,,,,,,,,,,,,,,,,,,,,,,,,,,,,,,,,19,6.77573246,5.932,8.444,17.9466,18.9067,5.141646939163399,0.1643,0.1061,7.676140018473682,6.832407558473682,9.344407558473684,18.84700755847368,19.80710755847368,6.832407558473682,9.344407558473684,18.84700755847368
p_15HxSV,Sebastián Zaracho,t_1rEb7t,Rosario Central,DEF,Argentinos Juniors,True,2,3,3,True,0,False,6.830000000000001,9.93,17.37,13.152186130069783,0.63,19.23,0.5807987589216612,0.07066046127497258,0.9580798758921661,1.015,10.705000000000002,10.410088747497024,2026-09-20 20:00:00,,0.6512398549163255,,,0.6512398549163255,16.0,False,6.218483552578269,,,,,,,,,,,,,,,,,,,,,,,,,,,,,,,,,,,,,,,,,,,,,,,,,,,,,,,,,,,,,,,,,,,,,,,,,,,,,,,,,,,,,,,,,,,,,,,,,,,,,,,,,,,,,,,,,,,,,,,,,,,,,,,,,,,,,,,,,,,,,,,,,,,,,,,,,,,,,,,,,,,,,,,,,,,,,,,,,,,,,,,,,,,,,,,,,2,9.956040000000002,19.23,19.23,19.23,19.23,9.299963543928547,0.5014,0.5014,10.410088747497024,19.684048747497023,19.684048747497023,19.684048747497023,19.684048747497023,19.684048747497023,19.684048747497023,19.684048747497023
p_15T8Aa,Manuel Insaurralde,t_1QqhS7,San Lorenzo,VOL,Boca Juniors,True,12,3,3,True,2,True,8.289986666666668,8.828308333333334,13.2479,4.8048360103429,2.07,18.0608,0.9344540310257939,0.17227015512896954,0.9934454031025794,0.957,9.744793666666668,9.264640892022806,2026-09-20 17:45:00,,,0.6274305555555556,,0.6274305555555556,15.0,True,6.15386449878545,,,,,,,,,,,,,,,,,,,,,,,,,,,,,,,,,,,,,,,,,,,,,,,,,,,,,,,,,,,,,,,,,,,,,,,,,,,,,,,,,,,,,,,,,,,,,,,,,,,,,,,,,,,,,,,,,,,,,,,,,,,,,,,,,,,,,,,,,,,,,,,,,,,,,,,,,,,,,,,,,,,,,,,,,,,,,,,,,,,,,,,,,,,,,,,,,12,8.99628286,9.6833,12.8771,13.2891,18.0608,4.58724542088171,0.4324,0.0882,9.264640892022806,9.951658032022804,13.145458032022805,13.557458032022804,18.329158032022804,9.951658032022804,13.145458032022805,13.557458032022804
p_15wJtA,Ignacio Fernández,t_0rGDE4,Gimnasia LP,VOL,Banfield,True,25,3,3,True,3,True,12.695286666666668,9.808036000000001,15.001800000000005,3.9817870579552594,2.0329,17.1825,1.0,0.20073118107349278,1.0,0.955,12.117014733333335,11.571749070333334,2026-09-19 17:30:00,,,0.5310879629629629,,0.5310879629629629,15.0,True,6.15386449878545,,,,,,,,,,,,,,,,,,,,,,,,,,,,,,,,,,,,,,,,,,,,,,,,,,,,,,,,,,,,,,,,,,,,,,,,,,,,,,,,,,,,,,,,,,,,,,,,,,,,,,,,,,,,,,,,,,,,,,,,,,,,,,,,,,,,,,,,,,,,,,,,,,,,,,,,,,,,,,,,,,,,,,,,,,,,,,,,,,,,,,,,,,,,,,,,,25,9.84200573,10.339,12.2488,16.1106,16.2038,3.9184656826873154,0.5237,0.1223,11.571749070333334,12.068743340333334,13.978543340333333,17.840343340333334,17.933543340333337,12.068743340333334,13.978543340333333,17.840343340333334
p_16TE0v,Luca Regiardo,t_3mLGSt,Newell's Old Boys,VOL,Club Atlético Platense,False,20,3,3,True,3,True,7.675166666666667,8.39889,12.40942,2.9186177595242797,3.4133,14.8051,1.0,0.2551920246799984,1.0,0.8869999999999999,9.148219333333333,8.114470548666667,2026-09-20 20:00:00,,,0.3547916666666666,,0.3547916666666666,15.0,True,6.15386449878545,,,,,,,,,,,,,,,,,,,,,,,,,,,,,,,,,,,,,,,,,,,,,,,,,,,,,,,,,,,,,,,,,,,,,,,,,,,,,,,,,,,,,,,,,,,,,,,,,,,,,,,,,,,,,,,,,,,,,,,,,,,,,,,,,,,,,,,,,,,,,,,,,,,,,,,,,,,,,,,,,,,,,,,,,,,,,,,,,,,,,,,,,,,,,,,,,20,8.38015377,7.6966,10.2978,12.3663,12.7975,2.835050213820875,0.3484,0.0,8.114470548666667,7.430916778666667,10.032116778666667,12.100616778666668,12.531816778666666,7.430916778666667,10.032116778666667,12.100616778666668
p_173wGq,Brayan Cortés,t_3XuEvf,Argentinos Juniors,ARQ,Rosario Central,False,28,3,3,True,3,True,8.45326,9.592157142857143,14.03753,3.806282670496881,1.6238,16.6921,1.0,0.2080610044303987,1.0,0.8859999999999999,10.304886357142859,9.130129312428572,2026-09-20 20:00:00,0.5183404558404558,,,,0.5183404558404558,9.0,True,7.5205623530242764,,,,,,,,,,,,,,,,,,,,,,,,,,,,,,,,,,,,,,,,,,,,,,,,,,,,,,,,,,,,,,,,,,,,,,,,,,,,,,,,,,,,,,,,,,,,,,,,,,,,,,,,,,,,,,,,,,,,,,,,,,,,,,,,,,,,,,,,,,,,,,,,,,,,,,,,,,,,,,,,,,,,,,,,,,,,,,,,,,,,,,,,,,,,,,,,,28,9.675743919999999,9.8928,12.7733,14.8209,16.5972,3.725519997212877,0.4008,0.0729,9.130129312428572,9.347185392428573,12.227685392428574,14.275285392428573,16.051585392428574,9.347185392428573,12.227685392428574,14.275285392428573
p_18Akr9,Luciano Sábato,t_0SmVI4,Independiente Rivadavia,DEL,Barracas Central,False,2,3,1,True,0,False,-1.0731,-0.81565,-0.19777,1.0922678448988599,-1.588,-0.0433,0.6622567224463883,0.4779502788986082,0.9662256722446388,0.9869999999999999,-0.7512874999999999,-0.7164763972299194,2026-09-21 22:00:00,,,,0.609804567413263,0.609804567413263,11.0,False,5.577128809735925,,,,,,,,,,,,,,,,,,,,,,,,,,,,,,,,,,,,,,,,,,,,,,,,,,,,,,,,,,,,,,,,,,,,,,,,,,,,,,,,,,,,,,,,,,,,,,,,,,,,,,,,,,,,,,,,,,,,,,,,,,,,,,,,,,,,,,,,,,,,,,,,,,,,,,,,,,,,,,,,,,,,,,,,,,,,,,,,,,,,,,,,,,,,,,,,,2,-0.81595894,-1.588,-0.0433,-0.0433,-0.0433,0.7723499382119976,0.0,0.0,-0.7164763972299194,-1.4885174572299196,0.05618254277008062,0.05618254277008062,0.05618254277008062,-1.4885174572299196,0.05618254277008062,0.05618254277008062
p_18D9V6,Matías Reali,t_1QqhS7,San Lorenzo,VOL,Boca Juniors,True,14,3,3,True,1,False,8.755733333333334,6.968928571428571,12.614500000000003,4.513002938762031,0.5067,15.9631,1.0,0.1813893464429305,1.0,0.957,9.005703095238097,8.618457862142858,2026-09-20 17:45:00,,,0.5503267973856208,,0.5503267973856208,15.0,False,6.15386449878545,,,,,,,,,,,,,,,,,,,,,,,,,,,,,,,,,,,,,,,,,,,,,,,,,,,,,,,,,,,,,,,,,,,,,,,,,,,,,,,,,,,,,,,,,,,,,,,,,,,,,,,,,,,,,,,,,,,,,,,,,,,,,,,,,,,,,,,,,,,,,,,,,,,,,,,,,,,,,,,,,,,,,,,,,,,,,,,,,,,,,,,,,,,,,,,,,14,6.931798269999999,5.9187,9.7665,13.6,15.9631,4.320937664105559,0.2068,0.0706,8.618457862142858,7.605359592142859,11.45315959214286,15.286659592142858,17.64975959214286,7.605359592142859,11.45315959214286,15.286659592142858
p_18fazm,Matías Satas,t_0otcXZ,Boca Juniors,DEF,San Lorenzo,False,2,3,3,True,1,False,6.7242,6.9750499999999995,7.57709,1.0642664163638724,6.2225,7.7276,0.6635533855584522,0.4844335944589277,0.9663553385558452,1.028,7.0377624999999995,6.9914067855373,2026-09-20 17:45:00,,0.7085126038792438,,,0.7085126038792438,16.0,False,6.218483552578269,,,,,,,,,,,,,,,,,,,,,,,,,,,,,,,,,,,,,,,,,,,,,,,,,,,,,,,,,,,,,,,,,,,,,,,,,,,,,,,,,,,,,,,,,,,,,,,,,,,,,,,,,,,,,,,,,,,,,,,,,,,,,,,,,,,,,,,,,,,,,,,,,,,,,,,,,,,,,,,,,,,,,,,,,,,,,,,,,,,,,,,,,,,,,,,,,2,6.97083572,6.2225,7.7276,7.7276,7.7276,0.7525381999234865,0.0,0.0,6.9914067855373,6.2430710655373,7.748171065537299,7.748171065537299,7.748171065537299,6.2430710655373,7.748171065537299,7.748171065537299
p_18n3tl,Cristian Paz,t_3TbOfu,Deportivo Riestra,DEF,Gimnasia y Esgrima Mendoza,False,25,3,3,True,3,True,7.735553333333334,7.541256000000001,11.384720000000003,3.282856139994563,2.7856,17.55,1.0,0.23348904733495662,1.0,0.85,8.570126066666667,7.284607156666667,2026-09-19 17:30:00,,0.4006278538812785,,,0.4006278538812785,14.0,True,6.218483552578269,,,,,,,,,,,,,,,,,,,,,,,,,,,,,,,,,,,,,,,,,,,,,,,,,,,,,,,,,,,,,,,,,,,,,,,,,,,,,,,,,,,,,,,,,,,,,,,,,,,,,,,,,,,,,,,,,,,,,,,,,,,,,,,,,,,,,,,,,,,,,,,,,,,,,,,,,,,,,,,,,,,,,,,,,,,,,,,,,,,,,,,,,,,,,,,,,25,7.55684875,7.1167,8.3257,12.1708,13.0,3.225281125885686,0.2039,0.0398,7.284607156666667,6.844458406666666,8.053458406666666,11.898558406666666,12.727758406666666,6.844458406666666,8.053458406666666,11.898558406666666
p_18siex,Francisco Scarpeccio,t_3mLGSt,Newell's Old Boys,DEL,Club Atlético Platense,False,11,3,3,True,0,False,2.420313333333333,2.671736363636364,5.736,3.42948079314427,-1.3133,10.92,0.9118186854562165,0.22576009394774896,0.9911818685456217,0.8869999999999999,3.349804212121212,2.9450752308320474,2026-09-20 20:00:00,,,,0.4680874840357599,0.4680874840357599,11.0,False,5.577128809735925,,,,,,,,,,,,,,,,,,,,,,,,,,,,,,,,,,,,,,,,,,,,,,,,,,,,,,,,,,,,,,,,,,,,,,,,,,,,,,,,,,,,,,,,,,,,,,,,,,,,,,,,,,,,,,,,,,,,,,,,,,,,,,,,,,,,,,,,,,,,,,,,,,,,,,,,,,,,,,,,,,,,,,,,,,,,,,,,,,,,,,,,,,,,,,,,,11,2.69594633,1.884,4.61,5.736,10.92,3.2947600546929863,0.0935,0.0,2.9450752308320474,2.1331289008320473,4.859128900832047,5.985128900832047,11.169128900832048,2.1331289008320473,4.859128900832047,5.985128900832047
p_19ULPU,Nicolás Sansotre,t_3TbOfu,Deportivo Riestra,DEF,Gimnasia y Esgrima Mendoza,False,23,3,3,True,3,True,4.9087466666666675,6.161239130434782,8.48748,2.358293879007204,2.8829,11.715,1.0,0.2977702476400383,1.0,0.85,6.304426985507247,5.35876293768116,2026-09-19 17:30:00,,0.4006278538812785,,,0.4006278538812785,14.0,True,6.218483552578269,,,,,,,,,,,,,,,,,,,,,,,,,,,,,,,,,,,,,,,,,,,,,,,,,,,,,,,,,,,,,,,,,,,,,,,,,,,,,,,,,,,,,,,,,,,,,,,,,,,,,,,,,,,,,,,,,,,,,,,,,,,,,,,,,,,,,,,,,,,,,,,,,,,,,,,,,,,,,,,,,,,,,,,,,,,,,,,,,,,,,,,,,,,,,,,,,23,6.17091433,5.934,7.439,8.53,11.348,2.328132486654411,0.0897,0.0,5.35876293768116,5.1218486076811605,6.62684860768116,7.71784860768116,10.53584860768116,5.1218486076811605,6.62684860768116,7.71784860768116
p_1AI1PK,Nicolás Tripichio,t_1QqhS7,San Lorenzo,VOL,Boca Juniors,True,25,3,3,True,3,True,6.506986666666666,8.361379999999999,12.44294,3.3057390764648478,2.1415,16.2838,1.0,0.23224816512129032,1.0,0.957,8.732732333333333,8.357224843,2026-09-20 17:45:00,,,0.4317824074074074,,0.4317824074074074,15.0,True,6.15386449878545,,,,,,,,,,,,,,,,,,,,,,,,,,,,,,,,,,,,,,,,,,,,,,,,,,,,,,,,,,,,,,,,,,,,,,,,,,,,,,,,,,,,,,,,,,,,,,,,,,,,,,,,,,,,,,,,,,,,,,,,,,,,,,,,,,,,,,,,,,,,,,,,,,,,,,,,,,,,,,,,,,,,,,,,,,,,,,,,,,,,,,,,,,,,,,,,,25,8.40112055,8.1401,10.5033,12.4649,12.5586,3.209541659005643,0.3201,0.0394,8.357224843,8.096204293,10.459404292999999,12.421004293,12.514704293,8.096204293,10.459404292999999,12.421004293
p_1AQvrE,Tobías Ramírez,t_1Fzy5s,River Plate,DEF,Huracán,True,1,3,2,True,0,False,9.5024,9.5024,9.5024,0.0,9.5024,9.5024,0.7333333333333334,1.0,0.9733333333333334,1.086,9.5024,10.044416896,2026-09-19 22:00:00,,0.7066666666666667,,,0.7066666666666667,14.0,False,6.218483552578269,,,,,,,,,,,,,,,,,,,,,,,,,,,,,,,,,,,,,,,,,,,,,,,,,,,,,,,,,,,,,,,,,,,,,,,,,,,,,,,,,,,,,,,,,,,,,,,,,,,,,,,,,,,,,,,,,,,,,,,,,,,,,,,,,,,,,,,,,,,,,,,,,,,,,,,,,,,,,,,,,,,,,,,,,,,,,,,,,,,,,,,,,,,,,,,,,1,9.502399999999998,9.5024,9.5024,9.5024,9.5024,1.7763568394002505e-15,0.0,0.0,10.044416896,10.044416896000001,10.044416896000001,10.044416896000001,10.044416896000001,10.044416896000001,10.044416896000001,10.044416896000001
p_1AncBV,Carlos Palacios,t_0otcXZ,Boca Juniors,VOL,San Lorenzo,False,2,3,3,True,1,False,9.650966666666667,7.88145,12.12829,7.507423406535693,2.5729,13.19,0.5901755471399663,0.11754440236649863,0.9590175547139966,1.028,9.562490833333333,9.427373280085174,2026-09-20 17:45:00,,,0.6953357100415923,,0.6953357100415923,15.0,False,6.15386449878545,,,,,,,,,,,,,,,,,,,,,,,,,,,,,,,,,,,,,,,,,,,,,,,,,,,,,,,,,,,,,,,,,,,,,,,,,,,,,,,,,,,,,,,,,,,,,,,,,,,,,,,,,,,,,,,,,,,,,,,,,,,,,,,,,,,,,,,,,,,,,,,,,,,,,,,,,,,,,,,,,,,,,,,,,,,,,,,,,,,,,,,,,,,,,,,,,2,7.894190519999998,13.19,13.19,13.19,13.19,5.3085347113539845,0.5012,0.0,9.427373280085174,14.723182760085177,14.723182760085177,14.723182760085177,14.723182760085177,14.723182760085177,14.723182760085177,14.723182760085177
p_1Au20E,Agustín Nadruz,t_3qkV0m,Sarmiento,VOL,Racing Club,False,1,3,3,True,0,False,3.29,3.29,3.29,0.0,3.29,3.29,0.7333333333333334,1.0,0.9733333333333334,0.959,3.29,3.0709737333333336,2026-09-19 00:15:00,,,0.4214884696016772,,0.4214884696016772,15.0,False,6.15386449878545,,,,,,,,,,,,,,,,,,,,,,,,,,,,,,,,,,,,,,,,,,,,,,,,,,,,,,,,,,,,,,,,,,,,,,,,,,,,,,,,,,,,,,,,,,,,,,,,,,,,,,,,,,,,,,,,,,,,,,,,,,,,,,,,,,,,,,,,,,,,,,,,,,,,,,,,,,,,,,,,,,,,,,,,,,,,,,,,,,,,,,,,,,,,,,,,,1,3.29,3.29,3.29,3.29,3.29,0.0,0.0,0.0,3.0709737333333336,3.0709737333333336,3.0709737333333336,3.0709737333333336,3.0709737333333336,3.0709737333333336,3.0709737333333336,3.0709737333333336
p_1BSzUv,Thiago Martínez,t_1DVMAZ,Defensa y Justicia,VOL,Central Córdoba,False,1,3,3,True,0,False,6.882,6.882,6.882,0.0,6.882,6.882,0.7333333333333334,1.0,0.9733333333333334,0.999,6.882,6.69178152,2026-09-18 21:00:00,,,0.5362689393939394,,0.5362689393939394,15.0,False,6.15386449878545,,,,,,,,,,,,,,,,,,,,,,,,,,,,,,,,,,,,,,,,,,,,,,,,,,,,,,,,,,,,,,,,,,,,,,,,,,,,,,,,,,,,,,,,,,,,,,,,,,,,,,,,,,,,,,,,,,,,,,,,,,,,,,,,,,,,,,,,,,,,,,,,,,,,,,,,,,,,,,,,,,,,,,,,,,,,,,,,,,,,,,,,,,,,,,,,,1,6.882,6.882,6.882,6.882,6.882,0.0,0.0,0.0,6.69178152,6.69178152,6.69178152,6.69178152,6.69178152,6.69178152,6.69178152,6.69178152
p_1Bugui,Damián Fernández,t_1DVMAZ,Defensa y Justicia,DEF,Central Córdoba,False,21,3,3,True,3,True,12.789019999999999,8.990928571428574,12.5983,4.520022707149031,2.04,21.7119,1.0,0.18115867507300124,1.0,0.999,11.22210342857143,11.210881325142859,2026-09-18 21:00:00,,0.6052721088435374,,,0.6052721088435374,14.0,True,6.218483552578269,,,,,,,,,,,,,,,,,,,,,,,,,,,,,,,,,,,,,,,,,,,,,,,,,,,,,,,,,,,,,,,,,,,,,,,,,,,,,,,,,,,,,,,,,,,,,,,,,,,,,,,,,,,,,,,,,,,,,,,,,,,,,,,,,,,,,,,,,,,,,,,,,,,,,,,,,,,,,,,,,,,,,,,,,,,,,,,,,,,,,,,,,,,,,,,,,21,8.977678659999999,8.1312,11.7812,12.5983,14.5463,4.436248396221813,0.3767,0.0486,11.210881325142859,10.36440266514286,14.01440266514286,14.83150266514286,16.77950266514286,10.36440266514286,14.01440266514286,14.83150266514286
p_1CLF1j,David Martínez,t_1DVMAZ,Defensa y Justicia,DEF,Central Córdoba,False,19,3,3,True,3,True,13.928779999999998,10.132368421052632,15.095899999999997,4.505007595511247,1.1376,17.9273,1.0,0.18165279205343776,1.0,0.999,12.701995368421052,12.689293373052632,2026-09-18 21:00:00,,0.6204861111111111,,,0.6204861111111111,14.0,True,6.218483552578269,,,,,,,,,,,,,,,,,,,,,,,,,,,,,,,,,,,,,,,,,,,,,,,,,,,,,,,,,,,,,,,,,,,,,,,,,,,,,,,,,,,,,,,,,,,,,,,,,,,,,,,,,,,,,,,,,,,,,,,,,,,,,,,,,,,,,,,,,,,,,,,,,,,,,,,,,,,,,,,,,,,,,,,,,,,,,,,,,,,,,,,,,,,,,,,,,19,10.14895551,11.0471,13.3441,17.8695,17.9273,4.362850750335798,0.5853,0.1041,12.689293373052632,13.587437863052632,15.88443786305263,20.40983786305263,20.46763786305263,13.587437863052632,15.88443786305263,20.40983786305263
p_1CvIxl,Nelson Insfrán,t_0rGDE4,Gimnasia LP,ARQ,Banfield,True,25,3,3,True,3,True,8.679966666666667,8.71596,13.94568,4.457862380951211,0.9878,15.1481,1.0,0.18322191550489725,1.0,0.955,10.010792333333335,9.560306678333335,2026-09-19 17:30:00,0.6151976495726497,,,,0.6151976495726497,9.0,True,7.5205623530242764,,,,,,,,,,,,,,,,,,,,,,,,,,,,,,,,,,,,,,,,,,,,,,,,,,,,,,,,,,,,,,,,,,,,,,,,,,,,,,,,,,,,,,,,,,,,,,,,,,,,,,,,,,,,,,,,,,,,,,,,,,,,,,,,,,,,,,,,,,,,,,,,,,,,,,,,,,,,,,,,,,,,,,,,,,,,,,,,,,,,,,,,,,,,,,,,,25,8.7245592,8.894,12.9414,14.046,14.3313,4.3615738583957695,0.4337,0.0389,9.560306678333335,9.729747478333335,13.777147478333335,14.881747478333335,15.167047478333336,9.729747478333335,13.777147478333335,14.881747478333335
p_1E2OCn,Alan Alcaraz,t_3XuEvf,Argentinos Juniors,VOL,Rosario Central,False,2,3,3,True,0,False,4.576666666666667,4.7275,5.0895,0.639931636973825,4.275,5.18,0.6886229698995631,0.6097815161644821,0.9688622969899563,0.8859999999999999,4.765208333333334,4.090511992641547,2026-09-20 20:00:00,,,0.7149611928104576,,0.7149611928104576,15.0,False,6.15386449878545,,,,,,,,,,,,,,,,,,,,,,,,,,,,,,,,,,,,,,,,,,,,,,,,,,,,,,,,,,,,,,,,,,,,,,,,,,,,,,,,,,,,,,,,,,,,,,,,,,,,,,,,,,,,,,,,,,,,,,,,,,,,,,,,,,,,,,,,,,,,,,,,,,,,,,,,,,,,,,,,,,,,,,,,,,,,,,,,,,,,,,,,,,,,,,,,,2,4.724060999999999,4.275,5.18,5.18,5.18,0.45248693161128944,0.0,0.0,4.090511992641547,3.6414509926415484,4.546450992641548,4.546450992641548,4.546450992641548,3.6414509926415484,4.546450992641548,4.546450992641548
p_1E6fsW,Bautista Dadín,t_2rD0OF,Aldosivi,DEL,Atlético Tucumán,True,6,3,3,True,2,True,4.9333133333333326,3.53065,7.4161,3.818949299872937,-0.61,10.3531,0.7415028230334927,0.20751411516746343,0.9741502823033493,0.895,4.992944666666666,4.3531712186197105,2026-09-21 17:30:00,,,,0.6098687756889698,0.6098687756889698,11.0,True,5.577128809735925,,,,,,,,,,,,,,,,,,,,,,,,,,,,,,,,,,,,,,,,,,,,,,,,,,,,,,,,,,,,,,,,,,,,,,,,,,,,,,,,,,,,,,,,,,,,,,,,,,,,,,,,,,,,,,,,,,,,,,,,,,,,,,,,,,,,,,,,,,,,,,,,,,,,,,,,,,,,,,,,,,,,,,,,,,,,,,,,,,,,,,,,,,,,,,,,,6,3.556428,3.55,4.4791,10.3531,10.3531,3.500926042416206,0.1695,0.0,4.3531712186197105,4.346743218619711,5.275843218619711,11.14984321861971,11.14984321861971,4.346743218619711,5.275843218619711,11.14984321861971
p_1EJPD1,Nicolás Meriano,t_0bW0AU,Banfield,DEF,Gimnasia y Esgrima,False,22,3,3,True,3,True,6.366013333333333,6.908304545454544,11.603650000000002,3.685993489320307,-0.982,13.04,1.0,0.2134019183507333,1.0,0.8569999999999999,7.892338984848484,6.76373451001515,2026-09-19 17:30:00,,0.4586309523809524,,,0.4586309523809524,14.0,True,6.218483552578269,,,,,,,,,,,,,,,,,,,,,,,,,,,,,,,,,,,,,,,,,,,,,,,,,,,,,,,,,,,,,,,,,,,,,,,,,,,,,,,,,,,,,,,,,,,,,,,,,,,,,,,,,,,,,,,,,,,,,,,,,,,,,,,,,,,,,,,,,,,,,,,,,,,,,,,,,,,,,,,,,,,,,,,,,,,,,,,,,,,,,,,,,,,,,,,,,22,6.874537020000001,7.0514,8.8786,11.6922,12.8915,3.584749795810793,0.2259,0.0,6.76373451001515,6.940597490015149,8.767797490015148,11.58139749001515,12.78069749001515,6.940597490015149,8.767797490015148,11.58139749001515
p_1EQeWa,Santiago Salle,t_3qkV0m,Sarmiento,DEF,Racing Club,False,23,3,3,True,3,True,6.171046666666666,5.291634782608695,11.85066,4.933575040254895,-1.684,16.848,1.0,0.16853246031536528,1.0,0.959,7.239185246376811,6.942378651275362,2026-09-19 00:15:00,,0.40875,,,0.40875,14.0,True,6.218483552578269,,,,,,,,,,,,,,,,,,,,,,,,,,,,,,,,,,,,,,,,,,,,,,,,,,,,,,,,,,,,,,,,,,,,,,,,,,,,,,,,,,,,,,,,,,,,,,,,,,,,,,,,,,,,,,,,,,,,,,,,,,,,,,,,,,,,,,,,,,,,,,,,,,,,,,,,,,,,,,,,,,,,,,,,,,,,,,,,,,,,,,,,,,,,,,,,,23,5.24029098,3.8652,9.65,11.985,12.1474,4.805496608544495,0.1694,0.0419,6.942378651275362,5.567287671275363,11.352087671275363,13.68708767127536,13.849487671275362,5.567287671275363,11.352087671275363,13.68708767127536
p_1F6yoe,Leonel Bucca,t_0SmVI4,Independiente Rivadavia,VOL,Barracas Central,False,13,3,3,True,1,False,5.075819999999999,7.330546153846153,13.507100000000001,4.616498243368629,1.83,15.83,0.9689427097336801,0.17804688200173388,0.996894270973368,0.9869999999999999,8.085530461538461,7.955633547954794,2026-09-21 22:00:00,,,0.514624183006536,,0.514624183006536,15.0,False,6.15386449878545,,,,,,,,,,,,,,,,,,,,,,,,,,,,,,,,,,,,,,,,,,,,,,,,,,,,,,,,,,,,,,,,,,,,,,,,,,,,,,,,,,,,,,,,,,,,,,,,,,,,,,,,,,,,,,,,,,,,,,,,,,,,,,,,,,,,,,,,,,,,,,,,,,,,,,,,,,,,,,,,,,,,,,,,,,,,,,,,,,,,,,,,,,,,,,,,,13,7.351466319999999,5.064,10.45,13.8775,15.83,4.447357314560598,0.3865,0.0774,7.955633547954794,5.668167227954795,11.054167227954794,14.481667227954794,16.434167227954795,5.668167227954795,11.054167227954794,14.481667227954794
p_1GQOph,Bruno Trey,t_02LuKO,Talleres,VOL,Instituto De Córdoba,False,1,3,3,True,0,False,4.23,4.23,4.23,0.0,4.23,4.23,0.7333333333333334,1.0,0.9733333333333334,0.9819999999999999,4.23,4.0430904000000005,2026-09-20 00:15:00,,,0.606126448534424,,0.606126448534424,15.0,False,6.15386449878545,,,,,,,,,,,,,,,,,,,,,,,,,,,,,,,,,,,,,,,,,,,,,,,,,,,,,,,,,,,,,,,,,,,,,,,,,,,,,,,,,,,,,,,,,,,,,,,,,,,,,,,,,,,,,,,,,,,,,,,,,,,,,,,,,,,,,,,,,,,,,,,,,,,,,,,,,,,,,,,,,,,,,,,,,,,,,,,,,,,,,,,,,,,,,,,,,1,4.23,4.23,4.23,4.23,4.23,0.0,0.0,0.0,4.0430904000000005,4.0430904000000005,4.0430904000000005,4.0430904000000005,4.0430904000000005,4.0430904000000005,4.0430904000000005,4.0430904000000005
p_1GV82y,Dylan Gorosito,t_0otcXZ,Boca Juniors,DEF,San Lorenzo,False,6,3,3,True,3,True,11.86808,10.077216666666667,13.654050000000002,3.787653801189685,4.7714,16.3807,0.7417741149016042,0.208870574508021,0.9741774114901605,1.028,11.598227166666668,11.61509538483294,2026-09-20 17:45:00,,0.732002598476348,,,0.732002598476348,16.0,True,6.218483552578269,,,,,,,,,,,,,,,,,,,,,,,,,,,,,,,,,,,,,,,,,,,,,,,,,,,,,,,,,,,,,,,,,,,,,,,,,,,,,,,,,,,,,,,,,,,,,,,,,,,,,,,,,,,,,,,,,,,,,,,,,,,,,,,,,,,,,,,,,,,,,,,,,,,,,,,,,,,,,,,,,,,,,,,,,,,,,,,,,,,,,,,,,,,,,,,,,6,10.086868080000002,10.3043,10.9274,16.3807,16.3807,3.4897653517096408,0.5009,0.1702,11.61509538483294,11.832527304832938,12.45562730483294,17.90892730483294,17.90892730483294,11.832527304832938,12.45562730483294,17.90892730483294
p_1GXkY9,Mateo García,t_3mLGSt,Newell's Old Boys,VOL,Club Atlético Platense,False,5,3,2,True,0,False,4.155453333333333,4.3378,7.32428,2.8468284625175433,2.35,9.19,0.7186575474529419,0.25995440393137614,0.9718657547452942,0.8869999999999999,5.020598666666666,4.327981598346004,2026-09-20 20:00:00,,,0.4882499112531062,,0.4882499112531062,15.0,False,6.15386449878545,,,,,,,,,,,,,,,,,,,,,,,,,,,,,,,,,,,,,,,,,,,,,,,,,,,,,,,,,,,,,,,,,,,,,,,,,,,,,,,,,,,,,,,,,,,,,,,,,,,,,,,,,,,,,,,,,,,,,,,,,,,,,,,,,,,,,,,,,,,,,,,,,,,,,,,,,,,,,,,,,,,,,,,,,,,,,,,,,,,,,,,,,,,,,,,,,5,4.29813744,3.15,4.5257,9.19,9.19,2.520434307870421,0.0,0.0,4.327981598346004,3.1798441583460044,4.555544158346004,9.219844158346003,9.219844158346003,3.1798441583460044,4.555544158346004,9.219844158346003
p_1GfCUr,Ezequiel Ávila,t_1XZg6T,Independiente,DEL,Club Atlético Unión de Santa Fe,False,2,3,3,True,1,False,4.312666666666667,3.8745000000000003,4.9261,1.8589837277394334,2.56,5.189,0.6366215943773388,0.34977463855336066,0.9636621594377339,0.962,4.290758333333334,3.9777174663626855,2026-09-19 19:45:00,,,,0.5755268487248492,0.5755268487248492,16.0,False,5.577128809735925,,,,,,,,,,,,,,,,,,,,,,,,,,,,,,,,,,,,,,,,,,,,,,,,,,,,,,,,,,,,,,,,,,,,,,,,,,,,,,,,,,,,,,,,,,,,,,,,,,,,,,,,,,,,,,,,,,,,,,,,,,,,,,,,,,,,,,,,,,,,,,,,,,,,,,,,,,,,,,,,,,,,,,,,,,,,,,,,,,,,,,,,,,,,,,,,,2,3.862406600000001,2.56,5.189,5.189,5.189,1.314444369182827,0.0,0.0,3.9777174663626855,2.675310866362685,5.304310866362685,5.304310866362685,5.304310866362685,2.675310866362685,5.304310866362685,5.304310866362685
p_1HGvGm,Martín Luciano,t_3mLGSt,Newell's Old Boys,DEF,Club Atlético Platense,False,9,3,1,True,0,False,5.024506666666667,3.890433333333333,7.90736,3.2540136919656617,0.342,9.7236,0.8470144231970221,0.23507211598511044,0.9847014423197022,0.8869999999999999,5.291590666666667,4.62183498496771,2026-09-20 20:00:00,,0.4315575601912756,,,0.4315575601912756,16.0,False,6.218483552578269,,,,,,,,,,,,,,,,,,,,,,,,,,,,,,,,,,,,,,,,,,,,,,,,,,,,,,,,,,,,,,,,,,,,,,,,,,,,,,,,,,,,,,,,,,,,,,,,,,,,,,,,,,,,,,,,,,,,,,,,,,,,,,,,,,,,,,,,,,,,,,,,,,,,,,,,,,,,,,,,,,,,,,,,,,,,,,,,,,,,,,,,,,,,,,,,,9,3.87832653,3.0411,6.6078,9.7236,9.7236,3.0518371616983693,0.0,0.0,4.62183498496771,3.78460845496771,7.35130845496771,10.46710845496771,10.46710845496771,3.78460845496771,7.35130845496771,10.46710845496771
p_1HS5gG,Hernán Galindez,t_2qXAzu,Huracán,ARQ,River Plate,False,27,3,3,True,3,True,9.727293333333334,9.220633333333332,14.737240000000003,3.9392716959630225,2.5064,17.1077,1.0,0.20245899832101208,1.0,1.015,10.777116,10.93877274,2026-09-19 22:00:00,0.3427162849872773,,,,0.3427162849872773,9.0,True,7.5205623530242764,,,,,,,,,,,,,,,,,,,,,,,,,,,,,,,,,,,,,,,,,,,,,,,,,,,,,,,,,,,,,,,,,,,,,,,,,,,,,,,,,,,,,,,,,,,,,,,,,,,,,,,,,,,,,,,,,,,,,,,,,,,,,,,,,,,,,,,,,,,,,,,,,,,,,,,,,,,,,,,,,,,,,,,,,,,,,,,,,,,,,,,,,,,,,,,,,27,9.21210924,8.5568,11.8371,15.4,15.4306,3.8358419363678977,0.3696,0.1064,10.93877274,10.2834635,13.563763499999999,17.1266635,17.1572635,10.2834635,13.563763499999999,17.1266635
p_1HqLta,Juan Fedorco,t_1XZg6T,Independiente,DEF,Club Atlético Unión de Santa Fe,False,16,3,3,True,2,True,7.359846666666668,6.965375,12.3873,5.010659521659798,-0.912,13.8863,1.0,0.16637109395340655,1.0,0.962,8.458921333333333,8.137482322666665,2026-09-19 19:45:00,,0.549962962962963,,,0.549962962962963,15.0,True,6.218483552578269,,,,,,,,,,,,,,,,,,,,,,,,,,,,,,,,,,,,,,,,,,,,,,,,,,,,,,,,,,,,,,,,,,,,,,,,,,,,,,,,,,,,,,,,,,,,,,,,,,,,,,,,,,,,,,,,,,,,,,,,,,,,,,,,,,,,,,,,,,,,,,,,,,,,,,,,,,,,,,,,,,,,,,,,,,,,,,,,,,,,,,,,,,,,,,,,,16,6.93902675,7.13,11.0781,12.6011,13.8863,4.826627299318173,0.3086,0.0,8.137482322666665,8.328455572666666,12.276555572666664,13.799555572666666,15.084755572666666,8.328455572666666,12.276555572666664,13.799555572666666
p_1I81cW,Diego Rodríguez,t_0bW0AU,Banfield,ARQ,Gimnasia y Esgrima,False,4,3,3,True,3,True,6.19843,5.678125,6.8431,1.4164145870824683,3.97,6.8431,0.7161005873753957,0.41383627021031205,0.9716100587375396,0.8569999999999999,6.1514755,5.122147999399047,2026-09-19 17:30:00,0.6766700619641796,,,,0.6766700619641796,11.0,True,7.5205623530242764,,,,,,,,,,,,,,,,,,,,,,,,,,,,,,,,,,,,,,,,,,,,,,,,,,,,,,,,,,,,,,,,,,,,,,,,,,,,,,,,,,,,,,,,,,,,,,,,,,,,,,,,,,,,,,,,,,,,,,,,,,,,,,,,,,,,,,,,,,,,,,,,,,,,,,,,,,,,,,,,,,,,,,,,,,,,,,,,,,,,,,,,,,,,,,,,,4,5.680735149999999,6.8431,6.8431,6.8431,6.8431,1.2270988131000196,0.0,0.0,5.122147999399047,6.284512849399047,6.284512849399047,6.284512849399047,6.284512849399047,6.284512849399047,6.284512849399047,6.284512849399047
p_1IquRb,Alan Barrionuevo,t_1L8FaD,Tigre,DEF,Vélez Sarsfield,False,24,3,3,True,3,True,7.123306666666667,9.7070125,13.79646,3.5319809888346128,4.1326,18.0761,1.0,0.22065405889029277,1.0,0.85,9.825077333333333,8.351315733333333,2026-09-21 00:30:00,,0.4601694915254237,,,0.4601694915254237,14.0,True,6.218483552578269,,,,,,,,,,,,,,,,,,,,,,,,,,,,,,,,,,,,,,,,,,,,,,,,,,,,,,,,,,,,,,,,,,,,,,,,,,,,,,,,,,,,,,,,,,,,,,,,,,,,,,,,,,,,,,,,,,,,,,,,,,,,,,,,,,,,,,,,,,,,,,,,,,,,,,,,,,,,,,,,,,,,,,,,,,,,,,,,,,,,,,,,,,,,,,,,,24,9.70083269,9.3083,11.767,13.8378,16.1273,3.4868236315813803,0.4583,0.0856,8.351315733333333,7.958783043333332,10.417483043333332,12.488283043333333,14.777783043333335,7.958783043333332,10.417483043333332,12.488283043333333
p_1JQZ6o,Matías Borgogno,t_1DVMAZ,Defensa y Justicia,ARQ,Central Córdoba,False,9,3,3,True,3,True,10.71614,9.280322222222221,13.408900000000001,3.707586776050487,3.8207,13.4845,0.8424846125019906,0.21242306250995285,0.984248461250199,0.999,10.81500288888889,10.634005301853541,2026-09-18 21:00:00,0.6207482993197279,,,,0.6207482993197279,9.0,True,7.5205623530242764,,,,,,,,,,,,,,,,,,,,,,,,,,,,,,,,,,,,,,,,,,,,,,,,,,,,,,,,,,,,,,,,,,,,,,,,,,,,,,,,,,,,,,,,,,,,,,,,,,,,,,,,,,,,,,,,,,,,,,,,,,,,,,,,,,,,,,,,,,,,,,,,,,,,,,,,,,,,,,,,,,,,,,,,,,,,,,,,,,,,,,,,,,,,,,,,,9,9.26568158,9.041,12.8694,13.4845,13.4845,3.4965602604849675,0.4445,0.0,10.634005301853541,10.409323721853541,14.237723721853541,14.852823721853541,14.852823721853541,10.409323721853541,14.237723721853541,14.852823721853541
p_1JUF3l,Felipe Zenobio,t_1L8FaD,Tigre,ARQ,Vélez Sarsfield,False,23,3,3,True,3,True,8.515133333333333,8.451791304347825,12.33112,3.23219767255445,2.8746,13.9833,1.0,0.2362838594437449,1.0,0.85,9.443793188405797,8.027224210144928,2026-09-21 00:30:00,0.5091940964545976,,,,0.5091940964545976,9.0,True,7.5205623530242764,,,,,,,,,,,,,,,,,,,,,,,,,,,,,,,,,,,,,,,,,,,,,,,,,,,,,,,,,,,,,,,,,,,,,,,,,,,,,,,,,,,,,,,,,,,,,,,,,,,,,,,,,,,,,,,,,,,,,,,,,,,,,,,,,,,,,,,,,,,,,,,,,,,,,,,,,,,,,,,,,,,,,,,,,,,,,,,,,,,,,,,,,,,,,,,,,23,8.43342822,7.8112,10.8513,12.3889,13.664,3.159467419074872,0.3436,0.0,8.027224210144928,7.404995990144928,10.445095990144928,11.982695990144927,13.257795990144928,7.404995990144928,10.445095990144928,11.982695990144927
p_1JvZlr,Juan Meza,t_1Fzy5s,River Plate,VOL,Huracán,True,10,3,3,True,0,False,5.718866666666666,7.154680000000001,10.566999999999998,3.2642589690974786,2.94,13.96,0.8802348000241167,0.23450733345391728,0.9880234800024117,1.086,7.505225333333334,8.053057993317895,2026-09-19 22:00:00,,,0.743335881753313,,0.743335881753313,15.0,False,6.15386449878545,,,,,,,,,,,,,,,,,,,,,,,,,,,,,,,,,,,,,,,,,,,,,,,,,,,,,,,,,,,,,,,,,,,,,,,,,,,,,,,,,,,,,,,,,,,,,,,,,,,,,,,,,,,,,,,,,,,,,,,,,,,,,,,,,,,,,,,,,,,,,,,,,,,,,,,,,,,,,,,,,,,,,,,,,,,,,,,,,,,,,,,,,,,,,,,,,10,7.17174277,5.57,9.06,13.96,13.96,3.1334143853128857,0.2023,0.0,8.053057993317895,6.451315223317895,9.941315223317895,14.841315223317896,14.841315223317896,6.451315223317895,9.941315223317895,14.841315223317896
p_1LtoAE,Álex Arce,t_0SmVI4,Independiente Rivadavia,DEL,Barracas Central,False,18,3,3,True,3,True,12.503186666666666,7.929233333333333,19.300220000000003,7.123833635059146,0.0957,22.2793,1.0,0.12309459362688185,1.0,0.9869999999999999,12.372863666666667,12.212016439,2026-09-21 22:00:00,,,,0.5531946740128558,0.5531946740128558,11.0,True,5.577128809735925,,,,,,,,,,,,,,,,,,,,,,,,,,,,,,,,,,,,,,,,,,,,,,,,,,,,,,,,,,,,,,,,,,,,,,,,,,,,,,,,,,,,,,,,,,,,,,,,,,,,,,,,,,,,,,,,,,,,,,,,,,,,,,,,,,,,,,,,,,,,,,,,,,,,,,,,,,,,,,,,,,,,,,,,,,,,,,,,,,,,,,,,,,,,,,,,,18,7.943831609999999,5.0356,12.9848,21.4775,22.2793,6.900687758503481,0.3318,0.1663,12.212016439,9.303784829,17.252984829,25.745684828999998,26.547484829,9.303784829,17.252984829,25.745684828999998
p_1N9vQt,Celías Ingenthron,t_2Swqmw,Club Atlético Platense,DEF,Newell's Old Boys,True,5,3,2,True,0,False,2.1306333333333334,2.8349400000000005,5.07248,2.4779794456371103,-0.9833,5.2722,0.7241713193324224,0.2875232633287791,0.9724171319332423,0.85,3.1478176666666666,2.601843053178472,2026-09-20 20:00:00,,0.5503448924789555,,,0.5503448924789555,16.0,False,6.218483552578269,,,,,,,,,,,,,,,,,,,,,,,,,,,,,,,,,,,,,,,,,,,,,,,,,,,,,,,,,,,,,,,,,,,,,,,,,,,,,,,,,,,,,,,,,,,,,,,,,,,,,,,,,,,,,,,,,,,,,,,,,,,,,,,,,,,,,,,,,,,,,,,,,,,,,,,,,,,,,,,,,,,,,,,,,,,,,,,,,,,,,,,,,,,,,,,,,5,2.7946705899999995,2.8129,4.7729,5.2722,5.2722,2.2518112010446285,0.0,0.0,2.601843053178472,2.6200724631784724,4.580072463178473,5.079372463178473,5.079372463178473,2.6200724631784724,4.580072463178473,5.079372463178473
p_1NRR02,Pol Fernández,t_1rEb7t,Rosario Central,VOL,Argentinos Juniors,True,16,3,3,True,0,False,4.677653333333334,6.522600000000001,11.3981,4.049404700117455,2.0267,14.8766,1.0,0.19804314753712232,1.0,1.015,7.095743666666667,7.202179821666666,2026-09-20 20:00:00,,,0.5392592592592592,,0.5392592592592592,15.0,False,6.15386449878545,,,,,,,,,,,,,,,,,,,,,,,,,,,,,,,,,,,,,,,,,,,,,,,,,,,,,,,,,,,,,,,,,,,,,,,,,,,,,,,,,,,,,,,,,,,,,,,,,,,,,,,,,,,,,,,,,,,,,,,,,,,,,,,,,,,,,,,,,,,,,,,,,,,,,,,,,,,,,,,,,,,,,,,,,,,,,,,,,,,,,,,,,,,,,,,,,16,6.44721823,5.4636,10.3221,12.3744,14.8766,3.906820796139831,0.3068,0.0,7.202179821666666,6.218561591666666,11.077061591666666,13.129361591666665,15.631561591666667,6.218561591666666,11.077061591666666,13.129361591666665
p_1NnBUf,Lucas Acosta,t_2rD0OF,Aldosivi,ARQ,Atlético Tucumán,True,6,3,3,True,3,True,7.190606666666666,7.342933333333334,11.399550000000001,3.3376849759476506,4.1806,12.5629,0.7461075437955947,0.23053771897797412,0.9746107543795595,0.895,8.303773166666666,7.24318723399476,2026-09-21 17:30:00,0.5345339954163484,,,,0.5345339954163484,11.0,True,7.5205623530242764,,,,,,,,,,,,,,,,,,,,,,,,,,,,,,,,,,,,,,,,,,,,,,,,,,,,,,,,,,,,,,,,,,,,,,,,,,,,,,,,,,,,,,,,,,,,,,,,,,,,,,,,,,,,,,,,,,,,,,,,,,,,,,,,,,,,,,,,,,,,,,,,,,,,,,,,,,,,,,,,,,,,,,,,,,,,,,,,,,,,,,,,,,,,,,,,,6,7.361140789999999,6.68,10.2362,12.5629,12.5629,3.037554760596618,0.334,0.0,7.24318723399476,6.562046443994761,10.11824644399476,12.444946443994763,12.444946443994763,6.562046443994761,10.11824644399476,12.444946443994763
p_1O1XFB,Lisandro Magallán,t_2eRs85,Vélez Sarsfield,DEF,Tigre,True,20,3,3,True,0,False,7.712466666666668,9.094705000000001,12.877370000000003,3.335407727538127,2.38,15.31,1.0,0.23065881292965554,1.0,0.955,9.556587833333335,9.126541380833334,2026-09-21 00:30:00,,0.5717514124293784,,,0.5717514124293784,14.0,False,6.218483552578269,,,,,,,,,,,,,,,,,,,,,,,,,,,,,,,,,,,,,,,,,,,,,,,,,,,,,,,,,,,,,,,,,,,,,,,,,,,,,,,,,,,,,,,,,,,,,,,,,,,,,,,,,,,,,,,,,,,,,,,,,,,,,,,,,,,,,,,,,,,,,,,,,,,,,,,,,,,,,,,,,,,,,,,,,,,,,,,,,,,,,,,,,,,,,,,,,20,9.11090373,9.6349,11.1857,12.685,14.6087,3.228849579325907,0.4027,0.0485,9.126541380833334,9.650537650833334,11.201337650833334,12.700637650833334,14.624337650833334,9.650537650833334,11.201337650833334,12.700637650833334
p_1OBnRG,Franco Torres,t_0rGDE4,Gimnasia LP,DEL,Banfield,True,22,3,3,True,0,False,4.937126666666667,4.740672727272727,10.636680000000002,4.838351820529464,-0.362,19.7726,1.0,0.17128121612741604,1.0,0.955,6.283433424242425,6.000678920151516,2026-09-19 17:30:00,,,,0.4928440293742018,0.4928440293742018,11.0,False,5.577128809735925,,,,,,,,,,,,,,,,,,,,,,,,,,,,,,,,,,,,,,,,,,,,,,,,,,,,,,,,,,,,,,,,,,,,,,,,,,,,,,,,,,,,,,,,,,,,,,,,,,,,,,,,,,,,,,,,,,,,,,,,,,,,,,,,,,,,,,,,,,,,,,,,,,,,,,,,,,,,,,,,,,,,,,,,,,,,,,,,,,,,,,,,,,,,,,,,,22,4.72233061,3.5678,7.1067,10.7433,11.17,4.7319412499911735,0.1347,0.0455,6.000678920151516,4.8461483101515155,8.385048310151515,12.021648310151516,12.448348310151516,4.8461483101515155,8.385048310151515,12.021648310151516
p_1OO5Lc,Ezequiel Ham,t_45vTPl,Atlético Tucumán,VOL,Aldosivi,False,16,3,3,True,0,False,2.623906666666667,4.815725,8.9632,4.126335458894894,-0.85,15.3472,1.0,0.19507112010488176,1.0,0.896,5.085457333333333,4.556569770666667,2026-09-21 17:30:00,,,0.4752,,0.4752,15.0,False,6.15386449878545,,,,,,,,,,,,,,,,,,,,,,,,,,,,,,,,,,,,,,,,,,,,,,,,,,,,,,,,,,,,,,,,,,,,,,,,,,,,,,,,,,,,,,,,,,,,,,,,,,,,,,,,,,,,,,,,,,,,,,,,,,,,,,,,,,,,,,,,,,,,,,,,,,,,,,,,,,,,,,,,,,,,,,,,,,,,,,,,,,,,,,,,,,,,,,,,,16,4.73225899,3.0964,6.556,9.2903,15.3472,3.964128039684286,0.0597,0.0597,4.556569770666667,2.920710780666667,6.380310780666667,9.114610780666666,15.171510780666669,2.920710780666667,6.380310780666667,9.114610780666666
p_1OPWAY,Iván Morales,t_1XZg6T,Independiente,DEL,Club Atlético Unión de Santa Fe,False,1,3,1,True,0,False,0.86,0.86,0.86,0.0,0.86,0.86,0.7333333333333334,1.0,0.9733333333333334,0.962,0.86,0.8052581333333333,2026-09-19 19:45:00,,,,0.6912767094017095,0.6912767094017095,11.0,False,5.577128809735925,,,,,,,,,,,,,,,,,,,,,,,,,,,,,,,,,,,,,,,,,,,,,,,,,,,,,,,,,,,,,,,,,,,,,,,,,,,,,,,,,,,,,,,,,,,,,,,,,,,,,,,,,,,,,,,,,,,,,,,,,,,,,,,,,,,,,,,,,,,,,,,,,,,,,,,,,,,,,,,,,,,,,,,,,,,,,,,,,,,,,,,,,,,,,,,,,1,0.8600000000000002,0.86,0.86,0.86,0.86,2.220446049250313e-16,0.0,0.0,0.8052581333333333,0.8052581333333331,0.8052581333333331,0.8052581333333331,0.8052581333333331,0.8052581333333331,0.8052581333333331,0.8052581333333331
p_1OwbCC,Juan Miguel Arrayago,t_1XZg6T,Independiente,DEF,Club Atlético Unión de Santa Fe,False,5,3,3,True,3,True,9.851046666666667,9.3305,12.30672,3.65928859206267,3.9279,12.5512,0.7095916746476512,0.21462503990492235,0.9709591674647652,0.962,10.256746333333334,9.580444369243613,2026-09-19 19:45:00,,0.5493733390792214,,,0.5493733390792214,16.0,True,6.218483552578269,,,,,,,,,,,,,,,,,,,,,,,,,,,,,,,,,,,,,,,,,,,,,,,,,,,,,,,,,,,,,,,,,,,,,,,,,,,,,,,,,,,,,,,,,,,,,,,,,,,,,,,,,,,,,,,,,,,,,,,,,,,,,,,,,,,,,,,,,,,,,,,,,,,,,,,,,,,,,,,,,,,,,,,,,,,,,,,,,,,,,,,,,,,,,,,,,5,9.36251255,11.0008,11.94,12.5512,12.5512,3.2684187452857834,0.6024,0.0,9.580444369243613,11.218731819243613,12.157931819243613,12.769131819243613,12.769131819243613,11.218731819243613,12.157931819243613,12.769131819243613
p_1PvYK3,Lautaro Blanco,t_0otcXZ,Boca Juniors,DEF,San Lorenzo,False,23,3,3,True,2,True,10.185726666666666,11.656669565217392,17.467119999999998,5.0730551813599005,0.185,20.9489,1.0,0.16466176745261787,1.0,1.028,12.594452159420289,12.947096819884058,2026-09-20 17:45:00,,0.7440972222222223,,,0.7440972222222223,14.0,True,6.218483552578269,,,,,,,,,,,,,,,,,,,,,,,,,,,,,,,,,,,,,,,,,,,,,,,,,,,,,,,,,,,,,,,,,,,,,,,,,,,,,,,,,,,,,,,,,,,,,,,,,,,,,,,,,,,,,,,,,,,,,,,,,,,,,,,,,,,,,,,,,,,,,,,,,,,,,,,,,,,,,,,,,,,,,,,,,,,,,,,,,,,,,,,,,,,,,,,,,23,11.62967499,11.8882,14.1445,17.5739,18.0388,4.942085338146793,0.692,0.2148,12.947096819884058,13.205621829884057,15.461921829884059,18.891321829884056,19.356221829884056,13.205621829884057,15.461921829884059,18.891321829884056
p_1QvEWx,David Sotelo,t_3mLGSt,Newell's Old Boys,VOL,Club Atlético Platense,False,11,3,1,True,0,False,6.013066666666666,4.334936363636364,7.5914,2.842835457873961,0.9118,9.75,0.918711570017967,0.2602245167565013,0.9918711570017967,0.8869999999999999,5.736397878787878,5.046823862136658,2026-09-20 20:00:00,,,0.4661651234567901,,0.4661651234567901,15.0,False,6.15386449878545,,,,,,,,,,,,,,,,,,,,,,,,,,,,,,,,,,,,,,,,,,,,,,,,,,,,,,,,,,,,,,,,,,,,,,,,,,,,,,,,,,,,,,,,,,,,,,,,,,,,,,,,,,,,,,,,,,,,,,,,,,,,,,,,,,,,,,,,,,,,,,,,,,,,,,,,,,,,,,,,,,,,,,,,,,,,,,,,,,,,,,,,,,,,,,,,,11,4.315631290000001,4.353,6.56,7.5914,9.75,2.7073928062115287,0.0,0.0,5.046823862136658,5.084192572136657,7.291192572136657,8.322592572136656,10.481192572136656,5.084192572136657,7.291192572136657,8.322592572136656
p_1RHzae,Adrián Fernández,t_2RmaMX,Racing Club,VOL,Sarmiento,True,18,3,3,True,0,False,1.5446866666666668,5.495561111111112,12.826420000000002,4.9111564878752025,-1.52,15.245,1.0,0.1691716336813569,1.0,0.85,5.945469777777779,5.053649311111112,2026-09-19 00:15:00,,,0.5836574074074073,,0.5836574074074073,15.0,False,6.15386449878545,,,,,,,,,,,,,,,,,,,,,,,,,,,,,,,,,,,,,,,,,,,,,,,,,,,,,,,,,,,,,,,,,,,,,,,,,,,,,,,,,,,,,,,,,,,,,,,,,,,,,,,,,,,,,,,,,,,,,,,,,,,,,,,,,,,,,,,,,,,,,,,,,,,,,,,,,,,,,,,,,,,,,,,,,,,,,,,,,,,,,,,,,,,,,,,,,18,5.4391034,4.8,6.8511,15.1794,15.245,4.818536922688301,0.1671,0.1132,5.053649311111112,4.414545911111112,6.465645911111112,14.793945911111113,14.859545911111113,4.414545911111112,6.465645911111112,14.793945911111113
p_1Rhs05,Agustín Graneros,t_3TbOfu,Deportivo Riestra,DEL,Gimnasia y Esgrima Mendoza,False,3,3,3,True,0,False,0.82,0.9,1.124,0.27712812921102037,0.74,1.22,0.7566013584898136,0.783006792449068,0.9756601358489814,0.85,0.928,0.7696007151576766,2026-09-19 17:30:00,,,,0.4864363819950364,0.4864363819950364,16.0,False,5.577128809735925,,,,,,,,,,,,,,,,,,,,,,,,,,,,,,,,,,,,,,,,,,,,,,,,,,,,,,,,,,,,,,,,,,,,,,,,,,,,,,,,,,,,,,,,,,,,,,,,,,,,,,,,,,,,,,,,,,,,,,,,,,,,,,,,,,,,,,,,,,,,,,,,,,,,,,,,,,,,,,,,,,,,,,,,,,,,,,,,,,,,,,,,,,,,,,,,,3,0.898784,0.74,1.22,1.22,1.22,0.22584056620545387,0.0,0.0,0.7696007151576766,0.6108167151576765,1.0908167151576764,1.0908167151576764,1.0908167151576764,0.6108167151576765,1.0908167151576764,1.0908167151576764
p_1S7dIi,Adrián Balboa,t_0bW0AU,Banfield,DEL,Gimnasia y Esgrima,False,2,3,2,True,2,True,7.3069,7.3069,7.3069,0.0,7.3069,7.3069,0.7666666666666666,1.0,0.9766666666666667,0.8569999999999999,7.3069,6.115899656333332,2026-09-19 17:30:00,,,,0.5098069116872282,0.5098069116872282,16.0,True,5.577128809735925,,,,,,,,,,,,,,,,,,,,,,,,,,,,,,,,,,,,,,,,,,,,,,,,,,,,,,,,,,,,,,,,,,,,,,,,,,,,,,,,,,,,,,,,,,,,,,,,,,,,,,,,,,,,,,,,,,,,,,,,,,,,,,,,,,,,,,,,,,,,,,,,,,,,,,,,,,,,,,,,,,,,,,,,,,,,,,,,,,,,,,,,,,,,,,,,,2,7.3069,7.3069,7.3069,7.3069,7.3069,0.0,0.0,0.0,6.115899656333332,6.115899656333332,6.115899656333332,6.115899656333332,6.115899656333332,6.115899656333332,6.115899656333332,6.115899656333332
p_1Sh6eR,Martín Garay,t_1L8FaD,Tigre,DEF,Vélez Sarsfield,False,18,3,3,True,2,True,6.947066666666666,7.112638888888889,11.84584,4.131980916922349,1.77,15.9908,1.0,0.19485653126701422,1.0,0.85,8.23798888888889,7.002290555555556,2026-09-21 00:30:00,,0.4601694915254237,,,0.4601694915254237,14.0,True,6.218483552578269,,,,,,,,,,,,,,,,,,,,,,,,,,,,,,,,,,,,,,,,,,,,,,,,,,,,,,,,,,,,,,,,,,,,,,,,,,,,,,,,,,,,,,,,,,,,,,,,,,,,,,,,,,,,,,,,,,,,,,,,,,,,,,,,,,,,,,,,,,,,,,,,,,,,,,,,,,,,,,,,,,,,,,,,,,,,,,,,,,,,,,,,,,,,,,,,,18,7.147581279999999,6.874,10.9003,13.504,15.9908,4.005231486930008,0.3366,0.0546,7.002290555555556,6.728709275555556,10.755009275555556,13.358709275555556,15.845509275555557,6.728709275555556,10.755009275555556,13.358709275555556
p_1THzRF,Gonzalo González,t_1dhmUh,Estudiantes de Río Cuarto,DEF,Club Atlético Belgrano,False,10,3,3,True,1,False,3.497653333333333,5.48786,9.44708,3.4870821416575017,1.7163,10.7708,0.877905728864769,0.22286197765717877,0.9877905728864769,0.85,5.781092666666667,4.853932511549005,2026-09-20 22:15:00,,0.396360153256705,,,0.396360153256705,14.0,False,6.218483552578269,,,,,,,,,,,,,,,,,,,,,,,,,,,,,,,,,,,,,,,,,,,,,,,,,,,,,,,,,,,,,,,,,,,,,,,,,,,,,,,,,,,,,,,,,,,,,,,,,,,,,,,,,,,,,,,,,,,,,,,,,,,,,,,,,,,,,,,,,,,,,,,,,,,,,,,,,,,,,,,,,,,,,,,,,,,,,,,,,,,,,,,,,,,,,,,,,10,5.49951648,4.865,8.8878,9.3,10.7708,3.311819230016398,0.0994,0.0,4.853932511549005,4.219416031549006,8.242216031549006,8.654416031549006,10.125216031549005,4.219416031549006,8.242216031549006,8.654416031549006
p_1Tat7C,Facundo Cruz,t_1XZg6T,Independiente,VOL,Club Atlético Unión de Santa Fe,False,1,3,3,True,0,False,4.03,4.03,4.03,0.0,4.03,4.03,0.7333333333333334,1.0,0.9733333333333334,0.962,4.03,3.773477066666667,2026-09-19 19:45:00,,,0.4542270531400966,,0.4542270531400966,15.0,False,6.15386449878545,,,,,,,,,,,,,,,,,,,,,,,,,,,,,,,,,,,,,,,,,,,,,,,,,,,,,,,,,,,,,,,,,,,,,,,,,,,,,,,,,,,,,,,,,,,,,,,,,,,,,,,,,,,,,,,,,,,,,,,,,,,,,,,,,,,,,,,,,,,,,,,,,,,,,,,,,,,,,,,,,,,,,,,,,,,,,,,,,,,,,,,,,,,,,,,,,1,4.03,4.03,4.03,4.03,4.03,0.0,0.0,0.0,3.773477066666667,3.773477066666667,3.773477066666667,3.773477066666667,3.773477066666667,3.773477066666667,3.773477066666667,3.773477066666667
p_1TrZ51,Pablo Magnín,t_3qkV0m,Sarmiento,DEL,Racing Club,False,9,3,3,True,0,False,2.5511733333333333,3.4730444444444446,6.6075800000000005,2.8230139196039716,0.2757,8.1447,0.8523147454353811,0.26157372717690514,0.9852314745435381,0.959,3.9340234444444446,3.717010846577436,2026-09-19 00:15:00,,,,0.5439080282446109,0.5439080282446109,11.0,False,5.577128809735925,,,,,,,,,,,,,,,,,,,,,,,,,,,,,,,,,,,,,,,,,,,,,,,,,,,,,,,,,,,,,,,,,,,,,,,,,,,,,,,,,,,,,,,,,,,,,,,,,,,,,,,,,,,,,,,,,,,,,,,,,,,,,,,,,,,,,,,,,,,,,,,,,,,,,,,,,,,,,,,,,,,,,,,,,,,,,,,,,,,,,,,,,,,,,,,,,9,3.4485129199999998,2.83,5.4691,8.1447,8.1447,2.656061073789734,0.0,0.0,3.717010846577436,3.098497926577436,5.737597926577436,8.413197926577435,8.413197926577435,3.098497926577436,5.737597926577436,8.413197926577435
p_1UNG97,Manuel Lanzini,t_2eRs85,Vélez Sarsfield,VOL,Tigre,True,25,3,3,True,2,True,7.748413333333334,10.053256,17.16468,4.74144590816627,3.07,18.0397,1.0,0.17417215384327894,1.0,0.955,11.024417066666667,10.528318298666665,2026-09-21 00:30:00,,,0.5664312617702448,,0.5664312617702448,15.0,True,6.15386449878545,,,,,,,,,,,,,,,,,,,,,,,,,,,,,,,,,,,,,,,,,,,,,,,,,,,,,,,,,,,,,,,,,,,,,,,,,,,,,,,,,,,,,,,,,,,,,,,,,,,,,,,,,,,,,,,,,,,,,,,,,,,,,,,,,,,,,,,,,,,,,,,,,,,,,,,,,,,,,,,,,,,,,,,,,,,,,,,,,,,,,,,,,,,,,,,,,25,10.014250169999999,8.622,14.2229,17.2006,17.3663,4.622701691336352,0.4363,0.1963,10.528318298666665,9.136068128666667,14.736968128666666,17.714668128666666,17.880368128666667,9.136068128666667,14.736968128666666,17.714668128666666
p_1Uzxie,Gonzalo Maroni,t_3FROV0,Barracas Central,VOL,Independiente Rivadavia,True,20,3,3,True,3,True,5.458373333333332,4.852670000000001,8.748890000000006,3.814185257292489,-0.3,12.7973,1.0,0.20771946789650608,1.0,0.8869999999999999,6.038721166666669,5.356345674833334,2026-09-21 22:00:00,,,0.5205246913580247,,0.5205246913580247,15.0,True,6.15386449878545,,,,,,,,,,,,,,,,,,,,,,,,,,,,,,,,,,,,,,,,,,,,,,,,,,,,,,,,,,,,,,,,,,,,,,,,,,,,,,,,,,,,,,,,,,,,,,,,,,,,,,,,,,,,,,,,,,,,,,,,,,,,,,,,,,,,,,,,,,,,,,,,,,,,,,,,,,,,,,,,,,,,,,,,,,,,,,,,,,,,,,,,,,,,,,,,,20,4.8461927199999995,4.7981,7.5407,12.725,12.725,3.738126340332681,0.1018,0.0,5.356345674833334,5.308252954833335,8.050852954833335,13.235152954833335,13.235152954833335,5.308252954833335,8.050852954833335,13.235152954833335
p_1WFkRF,Juan Bisanz,t_2qXAzu,Huracán,DEL,River Plate,False,24,3,3,True,2,True,6.001293333333333,5.569620833333333,10.882859999999999,4.551011112114601,0.122,18.6186,1.0,0.18014736050835614,1.0,1.015,7.049016,7.1547512399999995,2026-09-19 22:00:00,,,,0.4565957496937141,0.4565957496937141,11.0,True,5.577128809735925,,,,,,,,,,,,,,,,,,,,,,,,,,,,,,,,,,,,,,,,,,,,,,,,,,,,,,,,,,,,,,,,,,,,,,,,,,,,,,,,,,,,,,,,,,,,,,,,,,,,,,,,,,,,,,,,,,,,,,,,,,,,,,,,,,,,,,,,,,,,,,,,,,,,,,,,,,,,,,,,,,,,,,,,,,,,,,,,,,,,,,,,,,,,,,,,,24,5.621433229999999,4.775,7.7118,11.0442,14.4671,4.47194558592038,0.1709,0.0421,7.1547512399999995,6.308318010000001,9.24511801,12.57751801,16.00041801,6.308318010000001,9.24511801,12.57751801
p_1YM31q,Marcos Rojo,t_2RmaMX,Racing Club,DEF,Sarmiento,True,17,3,3,True,3,True,9.89636,8.05754117647059,12.09826,3.0436809355734926,1.5067,12.7117,1.0,0.24729943235696356,1.0,0.85,9.711307470588235,8.25461135,2026-09-19 00:15:00,,0.6473544973544972,,,0.6473544973544972,14.0,True,6.218483552578269,,,,,,,,,,,,,,,,,,,,,,,,,,,,,,,,,,,,,,,,,,,,,,,,,,,,,,,,,,,,,,,,,,,,,,,,,,,,,,,,,,,,,,,,,,,,,,,,,,,,,,,,,,,,,,,,,,,,,,,,,,,,,,,,,,,,,,,,,,,,,,,,,,,,,,,,,,,,,,,,,,,,,,,,,,,,,,,,,,,,,,,,,,,,,,,,,17,8.04009018,8.1683,9.2643,12.2977,12.7117,2.9835287241519173,0.2347,0.0,8.25461135,8.38282117,9.47882117,12.51222117,12.92622117,8.38282117,9.47882117,12.51222117
p_1ZDLjj,Mariano Bracamonte,t_3TbOfu,Deportivo Riestra,DEF,Gimnasia y Esgrima Mendoza,False,15,3,3,True,3,True,9.380619999999999,8.963140000000001,15.1671,4.798799139487175,-0.33,15.99,1.0,0.17244949789525496,1.0,0.85,10.660248,9.0612108,2026-09-19 17:30:00,,0.3999485596707819,,,0.3999485596707819,14.0,True,6.218483552578269,,,,,,,,,,,,,,,,,,,,,,,,,,,,,,,,,,,,,,,,,,,,,,,,,,,,,,,,,,,,,,,,,,,,,,,,,,,,,,,,,,,,,,,,,,,,,,,,,,,,,,,,,,,,,,,,,,,,,,,,,,,,,,,,,,,,,,,,,,,,,,,,,,,,,,,,,,,,,,,,,,,,,,,,,,,,,,,,,,,,,,,,,,,,,,,,,15,9.03223375,6.7059,14.0039,15.6039,15.99,4.619967705168071,0.4023,0.1351,9.0612108,6.73487705,14.03287705,15.63287705,16.01897705,6.73487705,14.03287705,15.63287705
p_1ZsIeq,Yonatan Goitía,t_3TbOfu,Deportivo Riestra,VOL,Gimnasia y Esgrima Mendoza,False,23,3,3,True,3,True,5.0945399999999985,4.125056521739131,10.064880000000002,4.042712089092722,-3.46,12.1833,1.0,0.19830598739971264,1.0,0.85,5.949331608695652,5.056931867391304,2026-09-19 17:30:00,,,0.2945015220700152,,0.2945015220700152,15.0,True,6.15386449878545,,,,,,,,,,,,,,,,,,,,,,,,,,,,,,,,,,,,,,,,,,,,,,,,,,,,,,,,,,,,,,,,,,,,,,,,,,,,,,,,,,,,,,,,,,,,,,,,,,,,,,,,,,,,,,,,,,,,,,,,,,,,,,,,,,,,,,,,,,,,,,,,,,,,,,,,,,,,,,,,,,,,,,,,,,,,,,,,,,,,,,,,,,,,,,,,,23,4.12580884,3.8762,6.219,10.87,12.17,3.954202022469496,0.1312,0.0,5.056931867391304,4.807323027391304,7.150123027391304,11.801123027391302,13.101123027391303,4.807323027391304,7.150123027391304,11.801123027391302
p_1aIUNj,Tomás Adoryán,t_0bW0AU,Banfield,VOL,Gimnasia y Esgrima,False,20,3,3,True,3,True,6.572526666666667,6.68782,13.046850000000003,4.5058078807830135,1.62,17.1632,1.0,0.1816263882890487,1.0,0.8569999999999999,8.237224833333334,7.059301682166667,2026-09-19 17:30:00,,,0.4534722222222222,,0.4534722222222222,15.0,True,6.15386449878545,,,,,,,,,,,,,,,,,,,,,,,,,,,,,,,,,,,,,,,,,,,,,,,,,,,,,,,,,,,,,,,,,,,,,,,,,,,,,,,,,,,,,,,,,,,,,,,,,,,,,,,,,,,,,,,,,,,,,,,,,,,,,,,,,,,,,,,,,,,,,,,,,,,,,,,,,,,,,,,,,,,,,,,,,,,,,,,,,,,,,,,,,,,,,,,,,20,6.57969195,4.86,8.6938,12.848,14.8365,4.332876784628453,0.2406,0.0469,7.059301682166667,5.339609732166667,9.173409732166666,13.327609732166668,15.316109732166666,5.339609732166667,9.173409732166666,13.327609732166668
p_1aur1M,Julián Mavilla,t_3qkV0m,Sarmiento,VOL,Racing Club,False,7,3,3,True,3,True,11.5955,11.830514285714285,18.090940000000003,6.192906007529522,1.9567,22.1824,0.7611385069016575,0.13902586784162085,0.9761138506901658,0.959,13.313365714285716,12.462550885424127,2026-09-19 00:15:00,,,0.4779040404040404,,0.4779040404040404,15.0,True,6.15386449878545,,,,,,,,,,,,,,,,,,,,,,,,,,,,,,,,,,,,,,,,,,,,,,,,,,,,,,,,,,,,,,,,,,,,,,,,,,,,,,,,,,,,,,,,,,,,,,,,,,,,,,,,,,,,,,,,,,,,,,,,,,,,,,,,,,,,,,,,,,,,,,,,,,,,,,,,,,,,,,,,,,,,,,,,,,,,,,,,,,,,,,,,,,,,,,,,,7,11.80607811,11.6,15.3633,22.1824,22.1824,5.740185542766351,0.7116,0.2775,12.462550885424127,12.256472775424127,16.01977277542413,22.83887277542413,22.83887277542413,12.256472775424127,16.01977277542413,22.83887277542413
p_1bUOsk,Alexis Steimbach,t_0rGDE4,Gimnasia LP,DEF,Banfield,True,24,3,2,True,0,False,3.493333333333333,10.3003375,16.533179999999998,6.352708688070713,-5.682,19.6571,1.0,0.13600430024141094,1.0,0.955,9.476096666666667,9.049672316666667,2026-09-19 17:30:00,,0.4440972222222222,,,0.4440972222222222,14.0,False,6.218483552578269,,,,,,,,,,,,,,,,,,,,,,,,,,,,,,,,,,,,,,,,,,,,,,,,,,,,,,,,,,,,,,,,,,,,,,,,,,,,,,,,,,,,,,,,,,,,,,,,,,,,,,,,,,,,,,,,,,,,,,,,,,,,,,,,,,,,,,,,,,,,,,,,,,,,,,,,,,,,,,,,,,,,,,,,,,,,,,,,,,,,,,,,,,,,,,,,,24,10.217817069999999,12.1359,13.9712,16.6557,18.1969,6.192148949324266,0.6234,0.1582,9.049672316666667,10.967755246666668,12.803055246666668,15.487555246666668,17.02875524666667,10.967755246666668,12.803055246666668,15.487555246666668
p_1baCzH,Valentín Depietri,t_02LuKO,Talleres,DEL,Instituto De Córdoba,False,18,3,3,True,3,True,11.52354,6.011627777777778,12.100780000000002,5.314156256951865,-0.5443,19.545,1.0,0.1583742877599843,1.0,0.9819999999999999,9.463085111111111,9.29274957911111,2026-09-20 00:15:00,,,,0.7828703703703703,0.7828703703703703,10.0,True,5.577128809735925,,,,,,,,,,,,,,,,,,,,,,,,,,,,,,,,,,,,,,,,,,,,,,,,,,,,,,,,,,,,,,,,,,,,,,,,,,,,,,,,,,,,,,,,,,,,,,,,,,,,,,,,,,,,,,,,,,,,,,,,,,,,,,,,,,,,,,,,,,,,,,,,,,,,,,,,,,,,,,,,,,,,,,,,,,,,,,,,,,,,,,,,,,,,,,,,,18,5.9354692799999995,5.0792,7.69,14.6226,19.545,5.146859075712321,0.22,0.0531,9.29274957911111,8.43648029911111,11.047280299111112,17.97988029911111,22.902280299111112,8.43648029911111,11.047280299111112,17.97988029911111
p_1bbvOc,Bruno Barticciotto,t_2qXAzu,Huracán,DEL,River Plate,False,3,3,3,True,0,False,4.714583333333334,4.273666666666666,5.1555,1.527380137141155,2.51,5.1555,0.6791333274567196,0.39566663728359813,0.9679133327456719,1.015,4.648445833333334,4.566782089108839,2026-09-19 22:00:00,,,,0.7093452742359846,0.7093452742359846,11.0,False,5.577128809735925,,,,,,,,,,,,,,,,,,,,,,,,,,,,,,,,,,,,,,,,,,,,,,,,,,,,,,,,,,,,,,,,,,,,,,,,,,,,,,,,,,,,,,,,,,,,,,,,,,,,,,,,,,,,,,,,,,,,,,,,,,,,,,,,,,,,,,,,,,,,,,,,,,,,,,,,,,,,,,,,,,,,,,,,,,,,,,,,,,,,,,,,,,,,,,,,,3,4.2835432,5.1555,5.1555,5.1555,5.1555,1.2435646558718851,0.0,0.0,4.566782089108839,5.438738889108839,5.438738889108839,5.438738889108839,5.438738889108839,5.438738889108839,5.438738889108839,5.438738889108839
p_1bvAtW,Juan Antonini,t_1dhmUh,Estudiantes de Río Cuarto,DEF,Club Atlético Belgrano,False,15,3,3,True,3,True,7.207753333333333,5.4184133333333335,8.5612,3.6367017918254816,1.1386,15.1918,1.0,0.21567054447258238,1.0,0.85,6.830379,5.80582215,2026-09-20 22:15:00,,0.4315765765765766,,,0.4315765765765766,14.0,True,6.218483552578269,,,,,,,,,,,,,,,,,,,,,,,,,,,,,,,,,,,,,,,,,,,,,,,,,,,,,,,,,,,,,,,,,,,,,,,,,,,,,,,,,,,,,,,,,,,,,,,,,,,,,,,,,,,,,,,,,,,,,,,,,,,,,,,,,,,,,,,,,,,,,,,,,,,,,,,,,,,,,,,,,,,,,,,,,,,,,,,,,,,,,,,,,,,,,,,,,15,5.4256895400000005,5.3104,7.2146,8.5612,15.1918,3.4974176727117663,0.0654,0.0654,5.80582215,5.690532609999999,7.594732609999999,8.94133261,15.571932610000001,5.690532609999999,7.594732609999999,8.94133261
p_1dEFgX,Jabes Saralegui,t_1L8FaD,Tigre,VOL,Vélez Sarsfield,False,17,3,3,True,3,True,8.364953333333334,6.992058823529412,11.001820000000002,3.9772792099403245,0.49,14.5333,1.0,0.200912980329265,1.0,0.85,8.475012196078431,7.203760366666667,2026-09-21 00:30:00,,,0.5136403975860845,,0.5136403975860845,15.0,True,6.15386449878545,,,,,,,,,,,,,,,,,,,,,,,,,,,,,,,,,,,,,,,,,,,,,,,,,,,,,,,,,,,,,,,,,,,,,,,,,,,,,,,,,,,,,,,,,,,,,,,,,,,,,,,,,,,,,,,,,,,,,,,,,,,,,,,,,,,,,,,,,,,,,,,,,,,,,,,,,,,,,,,,,,,,,,,,,,,,,,,,,,,,,,,,,,,,,,,,,17,7.00308918,7.6407,8.8267,13.7329,14.5333,3.869515652364896,0.1198,0.0,7.203760366666667,7.841371186666667,9.027371186666667,13.933571186666668,14.733971186666668,7.841371186666667,9.027371186666667,13.933571186666668
p_1dtHf7,Lucas Carrizo,t_3mLGSt,Newell's Old Boys,DEF,Club Atlético Platense,False,4,3,3,True,2,True,11.488040000000002,12.233900000000002,14.828800000000001,3.796542376075017,6.768,14.8588,0.67503003573246,0.20848351199563345,0.967503003573246,0.8869999999999999,12.621574000000003,10.831521339527105,2026-09-20 20:00:00,,0.6836497890295359,,,0.6836497890295359,14.0,True,6.218483552578269,,,,,,,,,,,,,,,,,,,,,,,,,,,,,,,,,,,,,,,,,,,,,,,,,,,,,,,,,,,,,,,,,,,,,,,,,,,,,,,,,,,,,,,,,,,,,,,,,,,,,,,,,,,,,,,,,,,,,,,,,,,,,,,,,,,,,,,,,,,,,,,,,,,,,,,,,,,,,,,,,,,,,,,,,,,,,,,,,,,,,,,,,,,,,,,,,4,12.21729528,14.7588,14.7588,14.8588,14.8588,3.304365612155187,0.7466,0.0,10.831521339527105,13.373026059527106,13.373026059527106,13.473026059527106,13.473026059527106,13.373026059527106,13.373026059527106,13.473026059527106
p_1fdtGl,Leonel Di Plácido,t_45vTPl,Atlético Tucumán,DEF,Aldosivi,False,14,3,3,True,3,True,9.078800000000001,6.949235714285714,13.148140000000001,5.617375454044646,-1.03,18.0932,0.996890129335353,0.15111731334343192,0.9996890129335353,0.896,9.244309285714287,8.280325244878876,2026-09-21 17:30:00,,0.6171875,,,0.6171875,14.0,True,6.218483552578269,,,,,,,,,,,,,,,,,,,,,,,,,,,,,,,,,,,,,,,,,,,,,,,,,,,,,,,,,,,,,,,,,,,,,,,,,,,,,,,,,,,,,,,,,,,,,,,,,,,,,,,,,,,,,,,,,,,,,,,,,,,,,,,,,,,,,,,,,,,,,,,,,,,,,,,,,,,,,,,,,,,,,,,,,,,,,,,,,,,,,,,,,,,,,,,,,14,6.94625925,7.3018,11.3511,13.4359,18.0932,5.434128701383363,0.3534,0.0735,8.280325244878876,8.635865994878877,12.685165994878876,14.769965994878877,19.427265994878876,8.635865994878877,12.685165994878876,14.769965994878877
p_1hfCZH,Santiago López,t_1L8FaD,Tigre,DEL,Vélez Sarsfield,False,24,3,3,True,3,True,5.406466666666666,6.403199999999999,12.915109999999999,4.376115777718867,0.02,15.2257,1.0,0.18600789888946714,1.0,0.85,7.682320833333333,6.529972708333332,2026-09-21 00:30:00,,,,0.5651162982786533,0.5651162982786533,11.0,True,5.577128809735925,,,,,,,,,,,,,,,,,,,,,,,,,,,,,,,,,,,,,,,,,,,,,,,,,,,,,,,,,,,,,,,,,,,,,,,,,,,,,,,,,,,,,,,,,,,,,,,,,,,,,,,,,,,,,,,,,,,,,,,,,,,,,,,,,,,,,,,,,,,,,,,,,,,,,,,,,,,,,,,,,,,,,,,,,,,,,,,,,,,,,,,,,,,,,,,,,24,6.48368472,5.5143,9.8473,13.0133,13.3386,4.265289387176504,0.21,0.0433,6.529972708333332,5.5605879883333325,9.893587988333334,13.05958798833333,13.384887988333332,5.5605879883333325,9.893587988333334,13.05958798833333
p_1iOyfJ,Nicolás Pasquini,t_3qkV0m,Sarmiento,DEF,Racing Club,False,7,3,3,True,1,False,7.107453333333333,7.007557142857142,13.26378,6.08669581268774,-0.215,16.9884,0.7615552304326738,0.14110948549670208,0.9761555230432675,0.959,8.606576523809522,8.05690156267453,2026-09-19 00:15:00,,0.4291164658634538,,,0.4291164658634538,14.0,False,6.218483552578269,,,,,,,,,,,,,,,,,,,,,,,,,,,,,,,,,,,,,,,,,,,,,,,,,,,,,,,,,,,,,,,,,,,,,,,,,,,,,,,,,,,,,,,,,,,,,,,,,,,,,,,,,,,,,,,,,,,,,,,,,,,,,,,,,,,,,,,,,,,,,,,,,,,,,,,,,,,,,,,,,,,,,,,,,,,,,,,,,,,,,,,,,,,,,,,,,7,7.0653217999999995,8.69,10.7807,16.9884,16.9884,5.664232806891217,0.2885,0.1472,8.05690156267453,9.68157976267453,11.77227976267453,17.97997976267453,17.97997976267453,9.68157976267453,11.77227976267453,17.97997976267453
p_1jWnXm,Lucas Lamella,t_0rGDE4,Gimnasia LP,DEF,Banfield,True,1,3,1,True,0,False,2.71,2.71,2.71,0.0,2.71,2.71,0.7333333333333334,1.0,0.9733333333333334,0.955,2.71,2.5190353333333335,2026-09-19 17:30:00,,0.4910939847897269,,,0.4910939847897269,16.0,False,6.218483552578269,,,,,,,,,,,,,,,,,,,,,,,,,,,,,,,,,,,,,,,,,,,,,,,,,,,,,,,,,,,,,,,,,,,,,,,,,,,,,,,,,,,,,,,,,,,,,,,,,,,,,,,,,,,,,,,,,,,,,,,,,,,,,,,,,,,,,,,,,,,,,,,,,,,,,,,,,,,,,,,,,,,,,,,,,,,,,,,,,,,,,,,,,,,,,,,,,1,2.710000000000001,2.71,2.71,2.71,2.71,8.881784197001252e-16,0.0,0.0,2.5190353333333335,2.5190353333333326,2.5190353333333326,2.5190353333333326,2.5190353333333326,2.5190353333333326,2.5190353333333326,2.5190353333333326
p_1lykSO,Gaspar Duarte,t_1rEb7t,Rosario Central,VOL,Argentinos Juniors,True,12,3,1,True,0,False,4.453813333333334,4.233183333333333,6.20512,2.1891205211364233,0.7033,8.5878,0.9627132147168684,0.31356607358434235,0.9962713214716868,1.015,4.803388,4.857259875955761,2026-09-20 20:00:00,,,0.5392592592592592,,0.5392592592592592,15.0,False,6.15386449878545,,,,,,,,,,,,,,,,,,,,,,,,,,,,,,,,,,,,,,,,,,,,,,,,,,,,,,,,,,,,,,,,,,,,,,,,,,,,,,,,,,,,,,,,,,,,,,,,,,,,,,,,,,,,,,,,,,,,,,,,,,,,,,,,,,,,,,,,,,,,,,,,,,,,,,,,,,,,,,,,,,,,,,,,,,,,,,,,,,,,,,,,,,,,,,,,,12,4.21126488,4.15,5.34,6.2367,8.5878,2.091936418175893,0.0,0.0,4.857259875955761,4.795994995955762,5.985994995955761,6.882694995955761,9.233794995955762,4.795994995955762,5.985994995955761,6.882694995955761
p_1mCeKO,Ignacio Ramírez,t_3mLGSt,Newell's Old Boys,DEL,Club Atlético Platense,False,18,3,3,True,0,False,3.3301666666666665,3.6142555555555558,8.848770000000002,3.541959317237752,-1.4275,10.32,1.0,0.2201692992283696,1.0,0.8869999999999999,4.823453055555556,4.278402860277778,2026-09-20 20:00:00,,,,0.4680874840357599,0.4680874840357599,11.0,False,5.577128809735925,,,,,,,,,,,,,,,,,,,,,,,,,,,,,,,,,,,,,,,,,,,,,,,,,,,,,,,,,,,,,,,,,,,,,,,,,,,,,,,,,,,,,,,,,,,,,,,,,,,,,,,,,,,,,,,,,,,,,,,,,,,,,,,,,,,,,,,,,,,,,,,,,,,,,,,,,,,,,,,,,,,,,,,,,,,,,,,,,,,,,,,,,,,,,,,,,18,3.64720113,2.84,6.24,10.1409,10.32,3.4546351377831095,0.1137,0.0,4.278402860277778,3.4712017302777776,6.871201730277778,10.772101730277779,10.951201730277777,3.4712017302777776,6.871201730277778,10.772101730277779
p_1mwRpu,Emanuel Mammana,t_2eRs85,Vélez Sarsfield,DEF,Tigre,True,22,3,3,True,3,True,8.349966666666667,8.010931818181819,12.106240000000001,3.4387408512815743,0.74,13.6171,1.0,0.22528911542814564,1.0,0.955,9.15342106060606,8.741517112878787,2026-09-21 00:30:00,,0.5717514124293784,,,0.5717514124293784,14.0,True,6.218483552578269,,,,,,,,,,,,,,,,,,,,,,,,,,,,,,,,,,,,,,,,,,,,,,,,,,,,,,,,,,,,,,,,,,,,,,,,,,,,,,,,,,,,,,,,,,,,,,,,,,,,,,,,,,,,,,,,,,,,,,,,,,,,,,,,,,,,,,,,,,,,,,,,,,,,,,,,,,,,,,,,,,,,,,,,,,,,,,,,,,,,,,,,,,,,,,,,,22,8.03231385,8.5533,10.3976,12.1761,12.5452,3.353044019879127,0.3153,0.0,8.741517112878787,9.262503262878788,11.106803262878788,12.885303262878788,13.254403262878787,9.262503262878788,11.106803262878788,12.885303262878788
p_1qKkWG,Lautaro Pereyra,t_1Fzy5s,River Plate,VOL,Huracán,True,8,3,3,True,0,False,0.7137666666666665,3.0057625,8.33348,3.5473273572961133,-0.68,8.3591,0.8106485453143746,0.21990939323853956,0.9810648545314375,1.086,3.535493333333333,3.766843402501198,2026-09-19 22:00:00,,,0.7456045125585357,,0.7456045125585357,15.0,False,6.15386449878545,,,,,,,,,,,,,,,,,,,,,,,,,,,,,,,,,,,,,,,,,,,,,,,,,,,,,,,,,,,,,,,,,,,,,,,,,,,,,,,,,,,,,,,,,,,,,,,,,,,,,,,,,,,,,,,,,,,,,,,,,,,,,,,,,,,,,,,,,,,,,,,,,,,,,,,,,,,,,,,,,,,,,,,,,,,,,,,,,,,,,,,,,,,,,,,,,8,3.0697121199999997,2.4265,8.3225,8.3591,8.3591,3.350622538003513,0.0,0.0,3.766843402501198,3.123631282501198,9.019631282501198,9.056231282501198,9.056231282501198,3.123631282501198,9.019631282501198,9.056231282501198
p_1qZR7t,Lautaro Díaz,t_2RmaMX,Racing Club,DEL,Sarmiento,True,8,3,3,True,3,True,4.197773333333333,5.040850000000001,7.23637,2.666841108877693,-0.19,9.0143,0.8212095263274752,0.2727142983040433,0.9821209526327476,0.85,5.294653166666667,4.419991340120662,2026-09-19 00:15:00,,,,0.5273074797792782,0.5273074797792782,16.0,True,5.577128809735925,,,,,,,,,,,,,,,,,,,,,,,,,,,,,,,,,,,,,,,,,,,,,,,,,,,,,,,,,,,,,,,,,,,,,,,,,,,,,,,,,,,,,,,,,,,,,,,,,,,,,,,,,,,,,,,,,,,,,,,,,,,,,,,,,,,,,,,,,,,,,,,,,,,,,,,,,,,,,,,,,,,,,,,,,,,,,,,,,,,,,,,,,,,,,,,,,8,5.0550718,6.032,6.4744,9.0143,9.0143,2.5016840205219286,0.0,0.0,4.419991340120662,5.3969195401206616,5.839319540120662,8.379219540120662,8.379219540120662,5.3969195401206616,5.839319540120662,8.379219540120662
p_1qfgXN,Nahuel Arias,t_1QqhS7,San Lorenzo,DEF,Boca Juniors,True,1,3,2,True,0,False,5.2787,5.2787,5.2787,0.0,5.2787,5.2787,0.7333333333333334,1.0,0.9733333333333334,0.957,5.2787,4.917003476,2026-09-20 17:45:00,,0.4690972222222222,,,0.4690972222222222,16.0,False,6.218483552578269,,,,,,,,,,,,,,,,,,,,,,,,,,,,,,,,,,,,,,,,,,,,,,,,,,,,,,,,,,,,,,,,,,,,,,,,,,,,,,,,,,,,,,,,,,,,,,,,,,,,,,,,,,,,,,,,,,,,,,,,,,,,,,,,,,,,,,,,,,,,,,,,,,,,,,,,,,,,,,,,,,,,,,,,,,,,,,,,,,,,,,,,,,,,,,,,,1,5.2787,5.2787,5.2787,5.2787,5.2787,0.0,0.0,0.0,4.917003476,4.917003476,4.917003476,4.917003476,4.917003476,4.917003476,4.917003476,4.917003476
p_1sL1oM,Joaquín Rivero,t_1dhmUh,Estudiantes de Río Cuarto,DEL,Club Atlético Belgrano,False,1,3,3,True,0,False,1.5067,1.5067,1.5067,0.0,1.5067,1.5067,0.7333333333333334,1.0,0.9733333333333334,0.85,1.5067,1.2465431333333332,2026-09-20 22:15:00,,,,0.3588511281633841,0.3588511281633841,16.0,False,5.577128809735925,,,,,,,,,,,,,,,,,,,,,,,,,,,,,,,,,,,,,,,,,,,,,,,,,,,,,,,,,,,,,,,,,,,,,,,,,,,,,,,,,,,,,,,,,,,,,,,,,,,,,,,,,,,,,,,,,,,,,,,,,,,,,,,,,,,,,,,,,,,,,,,,,,,,,,,,,,,,,,,,,,,,,,,,,,,,,,,,,,,,,,,,,,,,,,,,,1,1.5067000000000002,1.5067,1.5067,1.5067,1.5067,2.220446049250313e-16,0.0,0.0,1.2465431333333332,1.246543133333333,1.246543133333333,1.246543133333333,1.246543133333333,1.246543133333333,1.246543133333333,1.246543133333333
p_1u5P1L,César Ibáñez,t_2qXAzu,Huracán,DEF,River Plate,False,23,3,3,True,3,True,13.138306666666667,9.619791304347826,15.253280000000002,4.160794642516461,1.4733,15.5072,1.0,0.1937686091520954,1.0,1.015,12.259643855072465,12.44353851289855,2026-09-19 22:00:00,,0.5036895674300255,,,0.5036895674300255,14.0,True,6.218483552578269,,,,,,,,,,,,,,,,,,,,,,,,,,,,,,,,,,,,,,,,,,,,,,,,,,,,,,,,,,,,,,,,,,,,,,,,,,,,,,,,,,,,,,,,,,,,,,,,,,,,,,,,,,,,,,,,,,,,,,,,,,,,,,,,,,,,,,,,,,,,,,,,,,,,,,,,,,,,,,,,,,,,,,,,,,,,,,,,,,,,,,,,,,,,,,,,,23,9.61657425,10.1916,12.7631,15.4906,15.4906,4.054183757093892,0.521,0.1284,12.44353851289855,13.01856426289855,15.59006426289855,18.31756426289855,18.31756426289855,13.01856426289855,15.59006426289855,18.31756426289855
p_1uaYbk,Rodrigo Bogarín,t_3FROV0,Barracas Central,VOL,Independiente Rivadavia,True,7,3,3,True,0,False,4.543173333333333,4.241457142857143,9.134640000000001,3.8934683059611275,-0.44,9.2742,0.7742041406003108,0.20435403633488738,0.9774204140600311,0.8869999999999999,5.570353523809524,4.829340018712258,2026-09-21 22:00:00,,,0.4097222222222222,,0.4097222222222222,15.0,False,6.15386449878545,,,,,,,,,,,,,,,,,,,,,,,,,,,,,,,,,,,,,,,,,,,,,,,,,,,,,,,,,,,,,,,,,,,,,,,,,,,,,,,,,,,,,,,,,,,,,,,,,,,,,,,,,,,,,,,,,,,,,,,,,,,,,,,,,,,,,,,,,,,,,,,,,,,,,,,,,,,,,,,,,,,,,,,,,,,,,,,,,,,,,,,,,,,,,,,,,7,4.2213826800000005,3.51,9.0416,9.2742,9.2742,3.5958170272531973,0.0,0.0,4.829340018712258,4.117957338712257,9.649557338712258,9.882157338712258,9.882157338712258,4.117957338712257,9.649557338712258,9.882157338712258
p_1vDFZe,Luciano Cabral,t_1XZg6T,Independiente,VOL,Club Atlético Unión de Santa Fe,False,12,3,2,True,0,False,1.9687733333333335,3.125766666666667,7.878300000000001,3.0681831628190093,-0.6,9.0013,0.9491619949238992,0.2458099746194956,0.99491619949239,0.962,3.908952333333334,3.7412949594967877,2026-09-19 19:45:00,,,0.5448641636141636,,0.5448641636141636,15.0,False,6.15386449878545,,,,,,,,,,,,,,,,,,,,,,,,,,,,,,,,,,,,,,,,,,,,,,,,,,,,,,,,,,,,,,,,,,,,,,,,,,,,,,,,,,,,,,,,,,,,,,,,,,,,,,,,,,,,,,,,,,,,,,,,,,,,,,,,,,,,,,,,,,,,,,,,,,,,,,,,,,,,,,,,,,,,,,,,,,,,,,,,,,,,,,,,,,,,,,,,,12,3.08947262,2.2467,3.6122,8.1867,9.0013,2.9318804278128967,0.0,0.0,3.7412949594967877,2.898522339496788,4.264022339496788,8.838522339496787,9.653122339496788,2.898522339496788,4.264022339496788,8.838522339496787
p_1vKOON,Ángel Di Maria,t_1rEb7t,Rosario Central,VOL,Argentinos Juniors,True,22,3,3,True,3,True,13.660859999999998,13.105413636363638,25.76352000000002,6.6508809957274835,4.2073,27.52,1.0,0.13070390201578544,1.0,1.015,16.46434645454546,16.71131165136364,2026-09-20 20:00:00,,,0.6922064244339126,,0.6922064244339126,15.0,True,6.15386449878545,,,,,,,,,,,,,,,,,,,,,,,,,,,,,,,,,,,,,,,,,,,,,,,,,,,,,,,,,,,,,,,,,,,,,,,,,,,,,,,,,,,,,,,,,,,,,,,,,,,,,,,,,,,,,,,,,,,,,,,,,,,,,,,,,,,,,,,,,,,,,,,,,,,,,,,,,,,,,,,,,,,,,,,,,,,,,,,,,,,,,,,,,,,,,,,,,22,13.015620490000002,11.21,15.81,26.73,27.1502,6.472093137265344,0.6299,0.2671,16.71131165136364,14.90569116136364,19.50569116136364,30.425691161363638,30.84589116136364,14.90569116136364,19.50569116136364,30.425691161363638
p_1vLyyJ,Natanael Guzmán,t_2rD0OF,Aldosivi,DEL,Atlético Tucumán,True,13,3,3,True,0,False,1.4685066666666666,1.9539076923076923,3.8278000000000008,1.7016435219426043,-1.11,4.9582,1.0,0.37014505869410724,1.0,0.895,2.2524904102564105,2.0159789171794875,2026-09-21 17:30:00,,,,0.4464995408631773,0.4464995408631773,11.0,False,5.577128809735925,,,,,,,,,,,,,,,,,,,,,,,,,,,,,,,,,,,,,,,,,,,,,,,,,,,,,,,,,,,,,,,,,,,,,,,,,,,,,,,,,,,,,,,,,,,,,,,,,,,,,,,,,,,,,,,,,,,,,,,,,,,,,,,,,,,,,,,,,,,,,,,,,,,,,,,,,,,,,,,,,,,,,,,,,,,,,,,,,,,,,,,,,,,,,,,,,13,1.96490537,2.0785,3.0918,3.966,4.9582,1.6437945910076972,0.0,0.0,2.0159789171794875,2.129573547179487,3.1428735471794873,4.017073547179487,5.009273547179487,2.129573547179487,3.1428735471794873,4.017073547179487
p_1voGzb,Kevin Vázquez,t_0SmVI4,Independiente Rivadavia,VOL,Barracas Central,False,6,3,3,True,0,False,5.048559999999999,4.76015,8.27935,2.783371135691394,2.43,8.88,0.752862907927073,0.26431453963536533,0.9752862907927073,0.9869999999999999,5.7408935,5.526227535994101,2026-09-21 22:00:00,,,0.4912560386473429,,0.4912560386473429,15.0,False,6.15386449878545,,,,,,,,,,,,,,,,,,,,,,,,,,,,,,,,,,,,,,,,,,,,,,,,,,,,,,,,,,,,,,,,,,,,,,,,,,,,,,,,,,,,,,,,,,,,,,,,,,,,,,,,,,,,,,,,,,,,,,,,,,,,,,,,,,,,,,,,,,,,,,,,,,,,,,,,,,,,,,,,,,,,,,,,,,,,,,,,,,,,,,,,,,,,,,,,,6,4.7299622,3.17,7.6787,8.88,8.88,2.5414620745726584,0.0,0.0,5.526227535994101,3.966265335994101,8.474965335994101,9.676265335994103,9.676265335994103,3.966265335994101,8.474965335994101,9.676265335994103
p_1vpaON,Thyago Ayala,t_3qkV0m,Sarmiento,ARQ,Racing Club,False,6,3,3,True,3,True,11.282866666666667,11.871883333333335,16.4,5.103349571964149,2.7871,16.9,0.7327688915147026,0.1638444575735132,0.9732768891514703,0.959,12.797756666666666,11.945074603988138,2026-09-19 00:15:00,0.638734293550583,,,,0.638734293550583,11.0,True,7.5205623530242764,,,,,,,,,,,,,,,,,,,,,,,,,,,,,,,,,,,,,,,,,,,,,,,,,,,,,,,,,,,,,,,,,,,,,,,,,,,,,,,,,,,,,,,,,,,,,,,,,,,,,,,,,,,,,,,,,,,,,,,,,,,,,,,,,,,,,,,,,,,,,,,,,,,,,,,,,,,,,,,,,,,,,,,,,,,,,,,,,,,,,,,,,,,,,,,,,6,11.903157980000001,13.4817,15.9,16.9,16.9,4.631264056980591,0.8372,0.3336,11.945074603988138,13.523616623988136,15.941916623988137,16.941916623988135,16.941916623988135,13.523616623988136,15.941916623988137,16.941916623988135
p_1wbURI,Adrián Martínez,t_2RmaMX,Racing Club,DEL,Sarmiento,True,22,3,3,True,3,True,2.941126666666667,3.9224318181818187,11.629910000000013,5.485254720515666,-3.306,21.498,1.0,0.15419594805375453,1.0,0.85,5.505844560606064,4.679967876515154,2026-09-19 00:15:00,,,,0.6741330791575889,0.6741330791575889,11.0,True,5.577128809735925,,,,,,,,,,,,,,,,,,,,,,,,,,,,,,,,,,,,,,,,,,,,,,,,,,,,,,,,,,,,,,,,,,,,,,,,,,,,,,,,,,,,,,,,,,,,,,,,,,,,,,,,,,,,,,,,,,,,,,,,,,,,,,,,,,,,,,,,,,,,,,,,,,,,,,,,,,,,,,,,,,,,,,,,,,,,,,,,,,,,,,,,,,,,,,,,,22,3.86058233,2.9567,5.3153,12.2133,12.2133,5.374030886334091,0.1312,0.0468,4.679967876515154,3.776085546515154,6.134685546515154,13.032685546515154,13.032685546515154,3.776085546515154,6.134685546515154,13.032685546515154
p_1xBOI8,Alejandro Tello,t_2RmaMX,Racing Club,VOL,Sarmiento,True,5,3,2,True,0,False,5.373480000000001,5.35824,9.29634,3.787393379093331,1.0171,10.8933,0.7084430539745084,0.2088819365392085,0.9708443053974508,0.85,6.348099,5.238563399611865,2026-09-19 00:15:00,,,0.5621260683760684,,0.5621260683760684,15.0,False,6.15386449878545,,,,,,,,,,,,,,,,,,,,,,,,,,,,,,,,,,,,,,,,,,,,,,,,,,,,,,,,,,,,,,,,,,,,,,,,,,,,,,,,,,,,,,,,,,,,,,,,,,,,,,,,,,,,,,,,,,,,,,,,,,,,,,,,,,,,,,,,,,,,,,,,,,,,,,,,,,,,,,,,,,,,,,,,,,,,,,,,,,,,,,,,,,,,,,,,,5,5.38605463,4.9309,6.9009,10.8933,10.8933,3.390601769250196,0.2016,0.0,5.238563399611865,4.783408769611865,6.753408769611864,10.745808769611864,10.745808769611864,4.783408769611865,6.753408769611864,10.745808769611864
p_1xPFDe,Ángel Stringa,t_3TbOfu,Deportivo Riestra,VOL,Gimnasia y Esgrima Mendoza,False,2,3,3,True,0,False,2.8489000000000004,2.25835,3.67567,2.505491457778294,0.4867,4.03,0.623720007805531,0.2852667056943219,0.9623720007805532,0.85,2.8193725,2.3062923807050697,2026-09-19 17:30:00,,,0.2662058978409689,,0.2662058978409689,15.0,False,6.15386449878545,,,,,,,,,,,,,,,,,,,,,,,,,,,,,,,,,,,,,,,,,,,,,,,,,,,,,,,,,,,,,,,,,,,,,,,,,,,,,,,,,,,,,,,,,,,,,,,,,,,,,,,,,,,,,,,,,,,,,,,,,,,,,,,,,,,,,,,,,,,,,,,,,,,,,,,,,,,,,,,,,,,,,,,,,,,,,,,,,,,,,,,,,,,,,,,,,2,2.2686255700000006,4.03,4.03,4.03,4.03,1.7716202005963848,0.0,0.0,2.3062923807050697,4.067666810705069,4.067666810705069,4.067666810705069,4.067666810705069,4.067666810705069,4.067666810705069,4.067666810705069
p_1xgZEc,Ayrton Portillo,t_1DVMAZ,Defensa y Justicia,DEF,Central Córdoba,False,16,3,3,True,0,False,4.155773333333333,6.129975,11.0725,4.865524345501385,-0.46,19.2631,1.0,0.17048774177656578,1.0,0.999,6.674635666666667,6.667961031000001,2026-09-18 21:00:00,,0.6204861111111111,,,0.6204861111111111,14.0,False,6.218483552578269,,,,,,,,,,,,,,,,,,,,,,,,,,,,,,,,,,,,,,,,,,,,,,,,,,,,,,,,,,,,,,,,,,,,,,,,,,,,,,,,,,,,,,,,,,,,,,,,,,,,,,,,,,,,,,,,,,,,,,,,,,,,,,,,,,,,,,,,,,,,,,,,,,,,,,,,,,,,,,,,,,,,,,,,,,,,,,,,,,,,,,,,,,,,,,,,,16,6.20068266,7.1523,7.9315,12.4404,19.2631,4.768226214652082,0.1299,0.0656,6.667961031000001,7.619578371000001,8.398778371,12.907678371000001,19.730378371,7.619578371000001,8.398778371,12.907678371000001
p_1xk50a,Sebastián Meza,t_2qXAzu,Huracán,ARQ,River Plate,False,1,3,3,True,0,False,7.3222,7.3222,7.3222,0.0,7.3222,7.3222,0.7333333333333334,1.0,0.9733333333333334,1.015,7.3222,7.233845453333332,2026-09-19 22:00:00,0.4453748110875244,,,,0.4453748110875244,9.0,False,7.5205623530242764,,,,,,,,,,,,,,,,,,,,,,,,,,,,,,,,,,,,,,,,,,,,,,,,,,,,,,,,,,,,,,,,,,,,,,,,,,,,,,,,,,,,,,,,,,,,,,,,,,,,,,,,,,,,,,,,,,,,,,,,,,,,,,,,,,,,,,,,,,,,,,,,,,,,,,,,,,,,,,,,,,,,,,,,,,,,,,,,,,,,,,,,,,,,,,,,,1,7.3222,7.3222,7.3222,7.3222,7.3222,0.0,0.0,0.0,7.233845453333332,7.233845453333332,7.233845453333332,7.233845453333332,7.233845453333332,7.233845453333332,7.233845453333332,7.233845453333332
p_1yBLpe,Leandro Brey,t_0otcXZ,Boca Juniors,ARQ,San Lorenzo,False,7,3,3,True,1,False,9.413133333333333,10.343814285714286,15.26324,4.838606151372029,3.9429,15.314,0.7675880843500639,0.17127375508365253,0.9767588084350064,1.028,11.247932380952381,11.294139506610316,2026-09-20 17:45:00,0.5260795838342857,,,,0.5260795838342857,11.0,False,7.5205623530242764,,,,,,,,,,,,,,,,,,,,,,,,,,,,,,,,,,,,,,,,,,,,,,,,,,,,,,,,,,,,,,,,,,,,,,,,,,,,,,,,,,,,,,,,,,,,,,,,,,,,,,,,,,,,,,,,,,,,,,,,,,,,,,,,,,,,,,,,,,,,,,,,,,,,,,,,,,,,,,,,,,,,,,,,,,,,,,,,,,,,,,,,,,,,,,,,,7,10.312202639999999,10.1716,15.2294,15.314,15.314,4.446794796113604,0.5709,0.2745,11.294139506610316,11.153536866610317,16.211336866610317,16.29593686661032,16.29593686661032,11.153536866610317,16.211336866610317,16.29593686661032
p_1ymuBP,Junior Marabel,t_3qkV0m,Sarmiento,DEL,Racing Club,False,24,3,3,True,3,True,7.106166666666667,7.107175000000001,12.792429999999998,4.945841416105138,-0.202,17.3859,1.0,0.16818477487330238,1.0,0.959,8.528135833333334,8.178482264166666,2026-09-19 00:15:00,,,,0.5315932311621966,0.5315932311621966,11.0,True,5.577128809735925,,,,,,,,,,,,,,,,,,,,,,,,,,,,,,,,,,,,,,,,,,,,,,,,,,,,,,,,,,,,,,,,,,,,,,,,,,,,,,,,,,,,,,,,,,,,,,,,,,,,,,,,,,,,,,,,,,,,,,,,,,,,,,,,,,,,,,,,,,,,,,,,,,,,,,,,,,,,,,,,,,,,,,,,,,,,,,,,,,,,,,,,,,,,,,,,,24,7.157729219999999,7.6165,10.4254,13.1329,15.881,4.86803002975908,0.2576,0.0843,8.178482264166666,8.637253044166666,11.446153044166667,14.153653044166667,16.901753044166668,8.637253044166666,11.446153044166667,14.153653044166667
p_1yovx2,Mateo Bajamich,t_1dhmUh,Estudiantes de Río Cuarto,DEL,Club Atlético Belgrano,False,19,3,3,True,0,False,2.0110200000000003,1.9304315789473683,4.26514,2.4085310170430607,-0.674,9.7367,1.0,0.2933815168469587,1.0,0.85,2.5423146315789475,2.1609674368421055,2026-09-20 22:15:00,,,,0.464892229293151,0.464892229293151,11.0,False,5.577128809735925,,,,,,,,,,,,,,,,,,,,,,,,,,,,,,,,,,,,,,,,,,,,,,,,,,,,,,,,,,,,,,,,,,,,,,,,,,,,,,,,,,,,,,,,,,,,,,,,,,,,,,,,,,,,,,,,,,,,,,,,,,,,,,,,,,,,,,,,,,,,,,,,,,,,,,,,,,,,,,,,,,,,,,,,,,,,,,,,,,,,,,,,,,,,,,,,,19,1.9156834300000003,1.7716,2.4957,4.2937,9.7367,2.3208716840304713,0.0,0.0,2.1609674368421055,2.0168840068421052,2.7409840068421047,4.538984006842106,9.981984006842106,2.0168840068421052,2.7409840068421047,4.538984006842106
p_209otm,Giovanni Baroni,t_02LuKO,Talleres,VOL,Instituto De Córdoba,False,18,3,3,True,0,False,2.6954933333333333,5.307222222222222,10.81563,4.256356009208368,0.2624,14.2352,1.0,0.1902458658142915,1.0,0.9819999999999999,5.770219055555556,5.666355112555555,2026-09-20 00:15:00,,,0.7010416666666667,,0.7010416666666667,15.0,False,6.15386449878545,,,,,,,,,,,,,,,,,,,,,,,,,,,,,,,,,,,,,,,,,,,,,,,,,,,,,,,,,,,,,,,,,,,,,,,,,,,,,,,,,,,,,,,,,,,,,,,,,,,,,,,,,,,,,,,,,,,,,,,,,,,,,,,,,,,,,,,,,,,,,,,,,,,,,,,,,,,,,,,,,,,,,,,,,,,,,,,,,,,,,,,,,,,,,,,,,18,5.25972769,3.7057,8.572,11.62,14.2352,4.138298252432063,0.2186,0.0,5.666355112555555,4.1123274225555555,8.978627422555554,12.026627422555555,14.641827422555556,4.1123274225555555,8.978627422555554,12.026627422555555
p_21OTES,Gabriel Arias,t_3mLGSt,Newell's Old Boys,ARQ,Club Atlético Platense,False,7,3,3,True,0,False,4.04126,4.729799999999999,7.204680000000001,2.425957024214018,1.5,8.5467,0.791711181796241,0.2918892423145383,0.9791711181796241,0.8869999999999999,5.107531,4.436017247441091,2026-09-20 20:00:00,0.6008771929824562,,,,0.6008771929824562,9.0,False,7.5205623530242764,,,,,,,,,,,,,,,,,,,,,,,,,,,,,,,,,,,,,,,,,,,,,,,,,,,,,,,,,,,,,,,,,,,,,,,,,,,,,,,,,,,,,,,,,,,,,,,,,,,,,,,,,,,,,,,,,,,,,,,,,,,,,,,,,,,,,,,,,,,,,,,,,,,,,,,,,,,,,,,,,,,,,,,,,,,,,,,,,,,,,,,,,,,,,,,,,7,4.7368624100000005,4.3738,6.31,8.5467,8.5467,2.253649828047381,0.0,0.0,4.436017247441091,4.072954837441091,6.00915483744109,8.24585483744109,8.24585483744109,4.072954837441091,6.00915483744109,8.24585483744109
p_21aKQT,Facundo Miño,t_3TbOfu,Deportivo Riestra,DEF,Gimnasia y Esgrima Mendoza,False,22,3,1,True,1,False,6.209953333333334,5.9390090909090905,13.522070000000003,4.8623070397173445,-0.2933,14.5258,1.0,0.1705813075338708,1.0,0.85,7.929604803030304,6.740164082575758,2026-09-19 17:30:00,,0.4006278538812785,,,0.4006278538812785,14.0,False,6.218483552578269,,,,,,,,,,,,,,,,,,,,,,,,,,,,,,,,,,,,,,,,,,,,,,,,,,,,,,,,,,,,,,,,,,,,,,,,,,,,,,,,,,,,,,,,,,,,,,,,,,,,,,,,,,,,,,,,,,,,,,,,,,,,,,,,,,,,,,,,,,,,,,,,,,,,,,,,,,,,,,,,,,,,,,,,,,,,,,,,,,,,,,,,,,,,,,,,,22,5.90907904,4.3563,9.4225,13.712,14.338,4.729822319054773,0.1779,0.0,6.740164082575758,5.187385042575758,10.253585042575757,14.543085042575758,15.169085042575757,5.187385042575758,10.253585042575757,14.543085042575758
p_21agZ1,Mateo Seoane,t_0rGDE4,Gimnasia LP,VOL,Banfield,True,13,3,3,True,3,True,8.31686,7.2134307692307695,9.595640000000001,3.1675591639790555,3.14,14.48,0.9813230539661285,0.23994860316397557,0.9981323053966129,0.955,8.195183307692309,7.8117827336923,2026-09-19 17:30:00,,,0.5535714285714285,,0.5535714285714285,15.0,True,6.15386449878545,,,,,,,,,,,,,,,,,,,,,,,,,,,,,,,,,,,,,,,,,,,,,,,,,,,,,,,,,,,,,,,,,,,,,,,,,,,,,,,,,,,,,,,,,,,,,,,,,,,,,,,,,,,,,,,,,,,,,,,,,,,,,,,,,,,,,,,,,,,,,,,,,,,,,,,,,,,,,,,,,,,,,,,,,,,,,,,,,,,,,,,,,,,,,,,,,13,7.214336909999999,7.4741,9.1191,9.6917,14.48,3.042065748145272,0.0761,0.0,7.8117827336923,8.0715458236923,9.7165458236923,10.289145823692301,15.077445823692301,8.0715458236923,9.7165458236923,10.289145823692301
p_21gmQu,Marcos Acuña,t_1Fzy5s,River Plate,DEF,Huracán,True,20,3,3,True,3,True,12.88734,10.532,18.227240000000002,5.782553184955768,1.2036,19.21,1.0,0.14743710410086838,1.0,1.086,13.280179,14.422274394000002,2026-09-19 22:00:00,,0.7293893129770993,,,0.7293893129770993,14.0,True,6.218483552578269,,,,,,,,,,,,,,,,,,,,,,,,,,,,,,,,,,,,,,,,,,,,,,,,,,,,,,,,,,,,,,,,,,,,,,,,,,,,,,,,,,,,,,,,,,,,,,,,,,,,,,,,,,,,,,,,,,,,,,,,,,,,,,,,,,,,,,,,,,,,,,,,,,,,,,,,,,,,,,,,,,,,,,,,,,,,,,,,,,,,,,,,,,,,,,,,,20,10.54260318,10.9029,13.9236,18.6191,18.6191,5.622095764063779,0.6487,0.2486,14.422274394000002,14.782571214000003,17.803271214000002,22.498771214,22.498771214,14.782571214000003,17.803271214000002,22.498771214
p_22Hl59,Fausto Vera,t_1Fzy5s,River Plate,VOL,Huracán,True,23,3,3,True,3,True,10.076093333333334,9.232121739130434,12.632560000000002,3.6559905639370625,3.0456,14.6759,1.0,0.21477706757945172,1.0,1.086,10.377621362318841,11.270096799478262,2026-09-19 22:00:00,,,0.7199321458863445,,0.7199321458863445,15.0,True,6.15386449878545,,,,,,,,,,,,,,,,,,,,,,,,,,,,,,,,,,,,,,,,,,,,,,,,,,,,,,,,,,,,,,,,,,,,,,,,,,,,,,,,,,,,,,,,,,,,,,,,,,,,,,,,,,,,,,,,,,,,,,,,,,,,,,,,,,,,,,,,,,,,,,,,,,,,,,,,,,,,,,,,,,,,,,,,,,,,,,,,,,,,,,,,,,,,,,,,,23,9.22288067,10.9414,12.0968,12.6857,12.7208,3.5884139294158017,0.5675,0.0,11.270096799478262,12.988616129478261,14.144016129478262,14.732916129478262,14.768016129478262,12.988616129478261,14.144016129478262,14.732916129478262
p_22qheS,Jeremías Lucco,t_1DVMAZ,Defensa y Justicia,DEL,Central Córdoba,False,5,3,3,True,1,False,8.054493333333333,6.6729199999999995,12.43654,5.8889539853865385,1.8471,16.7133,0.6956986503936966,0.14515991863514968,0.9695698650393697,0.999,8.597375666666666,8.327420608457937,2026-09-18 21:00:00,,,,0.6285526836997426,0.6285526836997426,11.0,False,5.577128809735925,,,,,,,,,,,,,,,,,,,,,,,,,,,,,,,,,,,,,,,,,,,,,,,,,,,,,,,,,,,,,,,,,,,,,,,,,,,,,,,,,,,,,,,,,,,,,,,,,,,,,,,,,,,,,,,,,,,,,,,,,,,,,,,,,,,,,,,,,,,,,,,,,,,,,,,,,,,,,,,,,,,,,,,,,,,,,,,,,,,,,,,,,,,,,,,,,5,6.760127110000001,5.7673,6.0214,16.7133,16.7133,5.335980519465758,0.2076,0.2076,8.327420608457937,7.334593498457935,7.5886934984579355,18.280593498457936,18.280593498457936,7.334593498457935,7.5886934984579355,18.280593498457936
p_235aQ1,Jeremías Ledesma,t_1rEb7t,Rosario Central,ARQ,Argentinos Juniors,True,23,3,3,True,3,True,6.53944,8.86415652173913,13.791480000000002,4.4683808073889475,-3.4387,16.1,1.0,0.18286948828596336,1.0,1.015,9.282336608695653,9.421571657826087,2026-09-20 20:00:00,0.7375730994152047,,,,0.7375730994152047,9.0,True,7.5205623530242764,,,,,,,,,,,,,,,,,,,,,,,,,,,,,,,,,,,,,,,,,,,,,,,,,,,,,,,,,,,,,,,,,,,,,,,,,,,,,,,,,,,,,,,,,,,,,,,,,,,,,,,,,,,,,,,,,,,,,,,,,,,,,,,,,,,,,,,,,,,,,,,,,,,,,,,,,,,,,,,,,,,,,,,,,,,,,,,,,,,,,,,,,,,,,,,,,23,8.76188862,10.33,11.9452,14.0915,14.372,4.3828204962873505,0.5101,0.0402,9.421571657826087,10.989683037826087,12.604883037826086,14.751183037826086,15.031683037826086,10.989683037826087,12.604883037826086,14.751183037826086
p_23S3AO,Augusto Schott,t_02LuKO,Talleres,DEF,Instituto De Córdoba,False,24,3,3,True,3,True,8.55526,7.9805625000000004,13.466179999999998,3.9302173517517924,-0.0984,15.0041,1.0,0.20283081427326574,1.0,0.9819999999999999,9.553111000000001,9.381155002,2026-09-20 00:15:00,,0.7275132275132276,,,0.7275132275132276,14.0,True,6.218483552578269,,,,,,,,,,,,,,,,,,,,,,,,,,,,,,,,,,,,,,,,,,,,,,,,,,,,,,,,,,,,,,,,,,,,,,,,,,,,,,,,,,,,,,,,,,,,,,,,,,,,,,,,,,,,,,,,,,,,,,,,,,,,,,,,,,,,,,,,,,,,,,,,,,,,,,,,,,,,,,,,,,,,,,,,,,,,,,,,,,,,,,,,,,,,,,,,,24,7.976698449999999,7.62,11.1647,14.2919,14.5815,3.8337662040808644,0.2932,0.0414,9.381155002,9.024456552,12.569156552,15.696356552000001,15.985956552000001,9.024456552,12.569156552,15.696356552000001
p_23dnxW,Martín Soto,t_2qXAzu,Huracán,DEF,River Plate,False,2,3,2,True,0,False,0.9363,1.26945,2.06901,1.4134357449137898,0.27,2.2689,0.6495360782188454,0.41434705776089387,0.9649536078218846,1.015,1.3527375,1.3249088650268708,2026-09-19 22:00:00,,0.5708663258263967,,,0.5708663258263967,16.0,False,6.218483552578269,,,,,,,,,,,,,,,,,,,,,,,,,,,,,,,,,,,,,,,,,,,,,,,,,,,,,,,,,,,,,,,,,,,,,,,,,,,,,,,,,,,,,,,,,,,,,,,,,,,,,,,,,,,,,,,,,,,,,,,,,,,,,,,,,,,,,,,,,,,,,,,,,,,,,,,,,,,,,,,,,,,,,,,,,,,,,,,,,,,,,,,,,,,,,,,,,2,1.2582561600000002,0.27,2.2689,2.2689,2.2689,0.9993873125300593,0.0,0.0,1.3249088650268708,0.3366527050268706,2.3355527050268705,2.3355527050268705,2.3355527050268705,0.3366527050268706,2.3355527050268705,2.3355527050268705
p_24ceIP,Ezequiel Burdín,t_1DVMAZ,Defensa y Justicia,DEF,Central Córdoba,False,3,3,3,True,0,False,3.570933333333333,3.2696333333333336,4.03846,0.9253139052955668,2.48,4.2878,0.7038791645611144,0.519395822805572,0.9703879164561114,0.999,3.5672949999999997,3.4581983024718697,2026-09-18 21:00:00,,0.5169105910822779,,,0.5169105910822779,16.0,False,6.218483552578269,,,,,,,,,,,,,,,,,,,,,,,,,,,,,,,,,,,,,,,,,,,,,,,,,,,,,,,,,,,,,,,,,,,,,,,,,,,,,,,,,,,,,,,,,,,,,,,,,,,,,,,,,,,,,,,,,,,,,,,,,,,,,,,,,,,,,,,,,,,,,,,,,,,,,,,,,,,,,,,,,,,,,,,,,,,,,,,,,,,,,,,,,,,,,,,,,3,3.2694233900000005,3.0411,4.2878,4.2878,4.2878,0.7560546306887537,0.0,0.0,3.4581983024718697,3.2298749124718693,4.476574912471869,4.476574912471869,4.476574912471869,3.2298749124718693,4.476574912471869,4.476574912471869
p_26xhDF,Brandon Oviedo,t_0bW0AU,Banfield,DEF,Gimnasia y Esgrima,False,9,3,3,True,3,True,6.535193333333334,7.116755555555555,10.429039999999999,3.041714590535703,1.74,10.69,0.8494839493289138,0.24741974664456862,0.9849483949328914,0.8569999999999999,7.741279888888888,6.534420349503286,2026-09-19 17:30:00,,0.370604657687991,,,0.370604657687991,16.0,True,6.218483552578269,,,,,,,,,,,,,,,,,,,,,,,,,,,,,,,,,,,,,,,,,,,,,,,,,,,,,,,,,,,,,,,,,,,,,,,,,,,,,,,,,,,,,,,,,,,,,,,,,,,,,,,,,,,,,,,,,,,,,,,,,,,,,,,,,,,,,,,,,,,,,,,,,,,,,,,,,,,,,,,,,,,,,,,,,,,,,,,,,,,,,,,,,,,,,,,,,9,7.105282329999999,8.1933,9.13,10.69,10.69,2.886308599140565,0.2218,0.0,6.534420349503286,7.622438019503288,8.559138019503287,10.119138019503286,10.119138019503286,7.622438019503288,8.559138019503287,10.119138019503286
p_27utpF,Mateo Vales,t_2rD0OF,Aldosivi,DEF,Atlético Tucumán,True,4,3,3,True,3,True,3.54429,3.8598,5.74034,2.2351876207602794,0.9537,5.9756,0.6951535501011631,0.30910108383914897,0.9695153550101163,0.895,4.2195065,3.661334326371919,2026-09-21 17:30:00,,0.3724915824915825,,,0.3724915824915825,16.0,True,6.218483552578269,,,,,,,,,,,,,,,,,,,,,,,,,,,,,,,,,,,,,,,,,,,,,,,,,,,,,,,,,,,,,,,,,,,,,,,,,,,,,,,,,,,,,,,,,,,,,,,,,,,,,,,,,,,,,,,,,,,,,,,,,,,,,,,,,,,,,,,,,,,,,,,,,,,,,,,,,,,,,,,,,,,,,,,,,,,,,,,,,,,,,,,,,,,,,,,,,4,3.87788709,5.1914,5.9756,5.9756,5.9756,1.931335848669602,0.0,0.0,3.661334326371919,4.974847236371918,5.759047236371918,5.759047236371918,5.759047236371918,4.974847236371918,5.759047236371918,5.759047236371918
p_28qGUE,Matías Valenti,t_1dhmUh,Estudiantes de Río Cuarto,DEF,Club Atlético Belgrano,False,19,3,3,True,3,True,7.930160000000001,6.323063157894738,11.15218,4.0885984554898425,-0.0143,16.519,1.0,0.19651776589311118,1.0,0.85,8.092826263157896,6.878902323684211,2026-09-20 22:15:00,,0.4308577405857741,,,0.4308577405857741,14.0,True,6.218483552578269,,,,,,,,,,,,,,,,,,,,,,,,,,,,,,,,,,,,,,,,,,,,,,,,,,,,,,,,,,,,,,,,,,,,,,,,,,,,,,,,,,,,,,,,,,,,,,,,,,,,,,,,,,,,,,,,,,,,,,,,,,,,,,,,,,,,,,,,,,,,,,,,,,,,,,,,,,,,,,,,,,,,,,,,,,,,,,,,,,,,,,,,,,,,,,,,,19,6.296766099999999,6.24,7.7179,12.7557,16.519,4.022075314686535,0.1597,0.0529,6.878902323684211,6.822136223684212,8.300036223684213,13.33783622368421,17.10113622368421,6.822136223684212,8.300036223684213,13.33783622368421
p_28tcTH,Alejandro Cabrera,t_1dhmUh,Estudiantes de Río Cuarto,VOL,Club Atlético Belgrano,False,16,3,3,True,3,True,10.136513333333333,6.99318125,11.614799999999999,3.9067615905792104,1.26,12.4379,1.0,0.20380040512258857,1.0,0.85,9.248752166666666,7.8614393416666655,2026-09-20 22:15:00,,,0.4480590423059042,,0.4480590423059042,15.0,True,6.15386449878545,,,,,,,,,,,,,,,,,,,,,,,,,,,,,,,,,,,,,,,,,,,,,,,,,,,,,,,,,,,,,,,,,,,,,,,,,,,,,,,,,,,,,,,,,,,,,,,,,,,,,,,,,,,,,,,,,,,,,,,,,,,,,,,,,,,,,,,,,,,,,,,,,,,,,,,,,,,,,,,,,,,,,,,,,,,,,,,,,,,,,,,,,,,,,,,,,16,6.988470230000001,6.7179,11.5461,11.6835,12.4379,3.7946493492499074,0.3133,0.0,7.8614393416666655,7.590869111666665,12.419069111666664,12.556469111666665,13.310869111666666,7.590869111666665,12.419069111666664,12.556469111666665
p_2A29Ip,Fernando Román,t_1DVMAZ,Defensa y Justicia,DEF,Central Córdoba,False,9,3,3,True,3,True,11.722626666666667,8.438155555555557,15.73228,6.115819597795358,0.566,17.2638,0.8281063898896432,0.14053194944821573,0.9828106389889644,0.999,11.411251555555555,11.20388433354639,2026-09-18 21:00:00,,0.6358796296296296,,,0.6358796296296296,14.0,True,6.218483552578269,,,,,,,,,,,,,,,,,,,,,,,,,,,,,,,,,,,,,,,,,,,,,,,,,,,,,,,,,,,,,,,,,,,,,,,,,,,,,,,,,,,,,,,,,,,,,,,,,,,,,,,,,,,,,,,,,,,,,,,,,,,,,,,,,,,,,,,,,,,,,,,,,,,,,,,,,,,,,,,,,,,,,,,,,,,,,,,,,,,,,,,,,,,,,,,,,9,8.41744853,7.8819,13.8145,17.2638,17.2638,5.78088191541912,0.4432,0.2221,11.20388433354639,10.66833580354639,16.600935803546392,20.05023580354639,20.05023580354639,10.66833580354639,16.600935803546392,20.05023580354639
p_2AGsdf,Julián Kadijevic,t_0rGDE4,Gimnasia LP,ARQ,Banfield,True,2,3,3,True,0,False,5.709966666666666,7.062099999999999,10.30722,5.736615894410223,3.0057,11.1185,0.5963551635521656,0.14844248442749428,0.9596355163552166,0.955,7.400133333333333,6.781866387671398,2026-09-19 17:30:00,0.6151976495726497,,,,0.6151976495726497,9.0,False,7.5205623530242764,,,,,,,,,,,,,,,,,,,,,,,,,,,,,,,,,,,,,,,,,,,,,,,,,,,,,,,,,,,,,,,,,,,,,,,,,,,,,,,,,,,,,,,,,,,,,,,,,,,,,,,,,,,,,,,,,,,,,,,,,,,,,,,,,,,,,,,,,,,,,,,,,,,,,,,,,,,,,,,,,,,,,,,,,,,,,,,,,,,,,,,,,,,,,,,,,2,7.025592399999998,3.0057,11.1185,11.1185,11.1185,4.05623571247311,0.4955,0.0,6.781866387671398,2.7619739876714,10.8747739876714,10.8747739876714,10.8747739876714,2.7619739876714,10.8747739876714,10.8747739876714
p_2AgfXH,Emmanuel Gómez,t_0SmVI4,Independiente Rivadavia,ARQ,Barracas Central,False,2,3,3,True,0,False,4.580766666666666,5.6433,8.19338,4.507947151420478,2.4557,8.8309,0.6029778356923936,0.18155584512863454,0.9602977835692393,0.9869999999999999,5.908933333333334,5.6005692206760385,2026-09-21 22:00:00,0.5565690906382345,,,,0.5565690906382345,9.0,False,7.5205623530242764,,,,,,,,,,,,,,,,,,,,,,,,,,,,,,,,,,,,,,,,,,,,,,,,,,,,,,,,,,,,,,,,,,,,,,,,,,,,,,,,,,,,,,,,,,,,,,,,,,,,,,,,,,,,,,,,,,,,,,,,,,,,,,,,,,,,,,,,,,,,,,,,,,,,,,,,,,,,,,,,,,,,,,,,,,,,,,,,,,,,,,,,,,,,,,,,,2,5.614611599999999,2.4557,8.8309,8.8309,8.8309,3.1874708995856635,0.0,0.0,5.6005692206760385,2.4416576206760396,8.81685762067604,8.81685762067604,8.81685762067604,2.4416576206760396,8.81685762067604,8.81685762067604
p_2BQd7q,Leandro Lescano,t_2qXAzu,Huracán,DEF,River Plate,False,8,3,3,True,0,False,1.5380533333333333,1.978425,5.433129999999999,3.947380226265806,-4.1243,6.675,0.8070921021199987,0.2021271772666606,0.9807092102119999,1.015,2.6879711666666664,2.6756598511333083,2026-09-19 22:00:00,,0.6836497890295359,,,0.6836497890295359,14.0,False,6.218483552578269,,,,,,,,,,,,,,,,,,,,,,,,,,,,,,,,,,,,,,,,,,,,,,,,,,,,,,,,,,,,,,,,,,,,,,,,,,,,,,,,,,,,,,,,,,,,,,,,,,,,,,,,,,,,,,,,,,,,,,,,,,,,,,,,,,,,,,,,,,,,,,,,,,,,,,,,,,,,,,,,,,,,,,,,,,,,,,,,,,,,,,,,,,,,,,,,,8,1.99324813,2.8411,4.9009,6.675,6.675,3.701426027537022,0.0,0.0,2.6756598511333083,3.5235117211333082,5.583311721133308,7.3574117211333085,7.3574117211333085,3.5235117211333082,5.583311721133308,7.3574117211333085
p_2BSeTF,Maximiliano Meza,t_1XZg6T,Independiente,VOL,Club Atlético Unión de Santa Fe,False,8,3,3,True,2,True,7.405633333333332,5.3506375,10.05457,4.023779839169527,-0.6,11.423,0.806477328439827,0.1990533088658018,0.9806477328439828,0.962,7.245869166666667,6.835630654286306,2026-09-19 19:45:00,,,0.7269806763285024,,0.7269806763285024,15.0,True,6.15386449878545,,,,,,,,,,,,,,,,,,,,,,,,,,,,,,,,,,,,,,,,,,,,,,,,,,,,,,,,,,,,,,,,,,,,,,,,,,,,,,,,,,,,,,,,,,,,,,,,,,,,,,,,,,,,,,,,,,,,,,,,,,,,,,,,,,,,,,,,,,,,,,,,,,,,,,,,,,,,,,,,,,,,,,,,,,,,,,,,,,,,,,,,,,,,,,,,,8,5.314325139999999,5.81,6.54,11.423,11.423,3.7698601877281837,0.1248,0.0,6.835630654286306,7.331305514286306,8.061305514286307,12.944305514286306,12.944305514286306,7.331305514286306,8.061305514286307,12.944305514286306
p_2CcRpn,Fabio Pereyra,t_2qXAzu,Huracán,DEF,River Plate,False,21,3,3,True,2,True,7.084213333333334,7.939466666666665,13.0386,4.0100910250683,1.1918,14.83,1.0,0.1995971719867839,1.0,1.015,8.914911333333334,9.048635003333333,2026-09-19 22:00:00,,0.5036895674300255,,,0.5036895674300255,14.0,True,6.218483552578269,,,,,,,,,,,,,,,,,,,,,,,,,,,,,,,,,,,,,,,,,,,,,,,,,,,,,,,,,,,,,,,,,,,,,,,,,,,,,,,,,,,,,,,,,,,,,,,,,,,,,,,,,,,,,,,,,,,,,,,,,,,,,,,,,,,,,,,,,,,,,,,,,,,,,,,,,,,,,,,,,,,,,,,,,,,,,,,,,,,,,,,,,,,,,,,,,21,7.95501322,9.3418,10.4993,13.0386,13.6093,3.906744792582852,0.3317,0.0,9.048635003333333,10.435421783333332,11.592921783333333,14.132221783333334,14.702921783333332,10.435421783333332,11.592921783333333,14.132221783333334
p_2D7OBP,Lucas Robertone,t_2eRs85,Vélez Sarsfield,VOL,Tigre,True,23,3,3,True,3,True,8.35276,7.389621739130434,11.75986,3.8224728523866855,2.572,17.4286,1.0,0.2073624944316879,1.0,0.955,8.819279695652174,8.422412109347826,2026-09-21 00:30:00,,,0.5664312617702448,,0.5664312617702448,15.0,True,6.15386449878545,,,,,,,,,,,,,,,,,,,,,,,,,,,,,,,,,,,,,,,,,,,,,,,,,,,,,,,,,,,,,,,,,,,,,,,,,,,,,,,,,,,,,,,,,,,,,,,,,,,,,,,,,,,,,,,,,,,,,,,,,,,,,,,,,,,,,,,,,,,,,,,,,,,,,,,,,,,,,,,,,,,,,,,,,,,,,,,,,,,,,,,,,,,,,,,,,23,7.336307819999999,6.3021,10.4019,12.004,13.53,3.7164677047706,0.2559,0.0429,8.422412109347826,7.3882042893478275,11.488004289347828,13.090104289347828,14.616104289347827,7.3882042893478275,11.488004289347828,13.090104289347828
p_2DN8Ao,Lautaro Mora,t_2qXAzu,Huracán,VOL,River Plate,False,10,3,3,True,0,False,4.045393333333333,2.97288,4.298029999999999,1.9837788540504655,0.5169,6.92,0.9003624295843845,0.3351454812552562,0.9900362429584385,1.015,3.679547166666666,3.6975283284651583,2026-09-19 22:00:00,,,0.6430555555555556,,0.6430555555555556,15.0,False,6.15386449878545,,,,,,,,,,,,,,,,,,,,,,,,,,,,,,,,,,,,,,,,,,,,,,,,,,,,,,,,,,,,,,,,,,,,,,,,,,,,,,,,,,,,,,,,,,,,,,,,,,,,,,,,,,,,,,,,,,,,,,,,,,,,,,,,,,,,,,,,,,,,,,,,,,,,,,,,,,,,,,,,,,,,,,,,,,,,,,,,,,,,,,,,,,,,,,,,,10,2.97115969,2.8167,3.9987,6.92,6.92,1.8820717635122481,0.0,0.0,3.6975283284651583,3.5430686384651584,4.725068638465158,7.646368638465159,7.646368638465159,3.5430686384651584,4.725068638465158,7.646368638465159
p_2DxNya,Alexander Díaz,t_3TbOfu,Deportivo Riestra,DEL,Gimnasia y Esgrima Mendoza,False,20,3,3,True,2,True,3.70418,3.9422099999999993,9.11066,3.947380613560819,-1.49,14.728,1.0,0.2021271614435708,1.0,0.85,5.151012,4.3783601999999995,2026-09-19 17:30:00,,,,0.5111273157564615,0.5111273157564615,16.0,True,5.577128809735925,,,,,,,,,,,,,,,,,,,,,,,,,,,,,,,,,,,,,,,,,,,,,,,,,,,,,,,,,,,,,,,,,,,,,,,,,,,,,,,,,,,,,,,,,,,,,,,,,,,,,,,,,,,,,,,,,,,,,,,,,,,,,,,,,,,,,,,,,,,,,,,,,,,,,,,,,,,,,,,,,,,,,,,,,,,,,,,,,,,,,,,,,,,,,,,,,20,3.9965553799999993,2.972,6.81,9.2066,9.482669999995982,3.851896663788251,0.05,0.0,4.3783601999999995,3.35380482,7.19180482,9.588404820000001,9.864474819995984,3.35380482,7.19180482,9.588404820000001
p_2Dzb5G,Alexander Machado,t_0bW0AU,Banfield,DEL,Gimnasia y Esgrima,False,6,3,3,True,3,True,4.12608,5.09215,9.0931,4.0767117973925995,1.4714,12.7329,0.7393955788671557,0.19697789433577859,0.9739395578867156,0.8569999999999999,5.754263,4.802888838391589,2026-09-19 17:30:00,,,,0.5143786886522237,0.5143786886522237,16.0,True,5.577128809735925,,,,,,,,,,,,,,,,,,,,,,,,,,,,,,,,,,,,,,,,,,,,,,,,,,,,,,,,,,,,,,,,,,,,,,,,,,,,,,,,,,,,,,,,,,,,,,,,,,,,,,,,,,,,,,,,,,,,,,,,,,,,,,,,,,,,,,,,,,,,,,,,,,,,,,,,,,,,,,,,,,,,,,,,,,,,,,,,,,,,,,,,,,,,,,,,,6,5.035857460000001,3.2753,5.4533,12.7329,12.7329,3.732963148565004,0.1656,0.0,4.802888838391589,3.0423313783915886,5.220331378391588,12.49993137839159,12.49993137839159,3.0423313783915886,5.220331378391588,12.49993137839159
p_2EGkZh,Domingo Blanco,t_1DVMAZ,Defensa y Justicia,VOL,Central Córdoba,False,7,3,3,True,0,False,2.551553333333333,3.124685714285714,6.252380000000002,3.1603284842078105,-0.606,9.2978,0.7814064604335563,0.24036563550111478,0.9781406460433557,0.999,3.706012952380953,3.6213769015834623,2026-09-18 21:00:00,,,0.5875510620915032,,0.5875510620915032,15.0,False,6.15386449878545,,,,,,,,,,,,,,,,,,,,,,,,,,,,,,,,,,,,,,,,,,,,,,,,,,,,,,,,,,,,,,,,,,,,,,,,,,,,,,,,,,,,,,,,,,,,,,,,,,,,,,,,,,,,,,,,,,,,,,,,,,,,,,,,,,,,,,,,,,,,,,,,,,,,,,,,,,,,,,,,,,,,,,,,,,,,,,,,,,,,,,,,,,,,,,,,,7,3.0878387600000003,2.1225,4.2221,9.2978,9.2978,2.903004336618129,0.0,0.0,3.6213769015834623,2.656038141583462,4.7556381415834625,9.831338141583462,9.831338141583462,2.656038141583462,4.7556381415834625,9.831338141583462
p_2EKu08,Felipe Bussio,t_2Swqmw,Club Atlético Platense,VOL,Newell's Old Boys,True,12,3,2,True,0,False,5.27284,4.514658333333333,6.928,3.1942701230508277,0.61,10.7791,0.9476841009597455,0.23842050479872767,0.9947684100959746,0.85,5.3833573333333335,4.551914743139729,2026-09-20 20:00:00,,,0.5420601851851852,,0.5420601851851852,15.0,False,6.15386449878545,,,,,,,,,,,,,,,,,,,,,,,,,,,,,,,,,,,,,,,,,,,,,,,,,,,,,,,,,,,,,,,,,,,,,,,,,,,,,,,,,,,,,,,,,,,,,,,,,,,,,,,,,,,,,,,,,,,,,,,,,,,,,,,,,,,,,,,,,,,,,,,,,,,,,,,,,,,,,,,,,,,,,,,,,,,,,,,,,,,,,,,,,,,,,,,,,12,4.53991824,5.39,6.64,6.96,10.7791,3.0670062245755716,0.0861,0.0,4.551914743139729,5.401996503139729,6.651996503139729,6.971996503139729,10.791096503139729,5.401996503139729,6.651996503139729,6.971996503139729
p_2F62xT,Lautaro Godoy,t_45vTPl,Atlético Tucumán,VOL,Aldosivi,False,22,3,3,True,3,True,14.385066666666667,7.24510909090909,15.35119,6.037199364882858,-0.32,19.78,1.0,0.14210198520027947,1.0,0.896,11.77061446969697,10.546470564848486,2026-09-21 17:30:00,,,0.6185866013071896,,0.6185866013071896,15.0,True,6.15386449878545,,,,,,,,,,,,,,,,,,,,,,,,,,,,,,,,,,,,,,,,,,,,,,,,,,,,,,,,,,,,,,,,,,,,,,,,,,,,,,,,,,,,,,,,,,,,,,,,,,,,,,,,,,,,,,,,,,,,,,,,,,,,,,,,,,,,,,,,,,,,,,,,,,,,,,,,,,,,,,,,,,,,,,,,,,,,,,,,,,,,,,,,,,,,,,,,,22,7.15036556,5.5095,11.8819,15.414,17.2242,5.86235242297577,0.3146,0.1333,10.546470564848486,8.905605004848486,15.278005004848485,18.810105004848484,20.620305004848486,8.905605004848486,15.278005004848485,18.810105004848484
p_2FsuJc,Facundo Herrera,t_0otcXZ,Boca Juniors,DEF,San Lorenzo,False,3,3,3,True,1,False,6.664416666666667,7.090566666666667,11.72422,5.565160405894275,2.685,13.3448,0.6304638405819357,0.1523192029096789,0.9630463840581935,1.028,8.0998275,8.018923853760482,2026-09-20 17:45:00,,0.7002553310886643,,,0.7002553310886643,16.0,False,6.218483552578269,,,,,,,,,,,,,,,,,,,,,,,,,,,,,,,,,,,,,,,,,,,,,,,,,,,,,,,,,,,,,,,,,,,,,,,,,,,,,,,,,,,,,,,,,,,,,,,,,,,,,,,,,,,,,,,,,,,,,,,,,,,,,,,,,,,,,,,,,,,,,,,,,,,,,,,,,,,,,,,,,,,,,,,,,,,,,,,,,,,,,,,,,,,,,,,,,3,7.130557799999999,5.2419,13.3448,13.3448,13.3448,4.567184522989317,0.3387,0.0,8.018923853760482,6.130266053760483,14.233166053760481,14.233166053760481,14.233166053760481,6.130266053760483,14.233166053760481,14.233166053760481
p_2GcFwZ,Lautaro Millán,t_1XZg6T,Independiente,VOL,Club Atlético Unión de Santa Fe,False,20,3,3,True,1,False,7.361113333333333,6.574995000000001,13.204760000000006,5.245557025709823,-0.2667,21.69,1.0,0.1601138210544715,1.0,0.962,8.507577666666668,8.184289715333334,2026-09-19 19:45:00,,,0.5670221169036335,,0.5670221169036335,15.0,False,6.15386449878545,,,,,,,,,,,,,,,,,,,,,,,,,,,,,,,,,,,,,,,,,,,,,,,,,,,,,,,,,,,,,,,,,,,,,,,,,,,,,,,,,,,,,,,,,,,,,,,,,,,,,,,,,,,,,,,,,,,,,,,,,,,,,,,,,,,,,,,,,,,,,,,,,,,,,,,,,,,,,,,,,,,,,,,,,,,,,,,,,,,,,,,,,,,,,,,,,20,6.65564853,5.4582,8.8386,16.7162,21.69,5.165161332220692,0.1519,0.1046,8.184289715333334,6.986841185333334,10.367241185333334,18.244841185333335,23.218641185333336,6.986841185333334,10.367241185333334,18.244841185333335
p_2HsKZ1,Ezequiel Unsain,t_02LuKO,Talleres,ARQ,Instituto De Córdoba,False,8,3,3,True,3,True,7.71776,6.2565875,9.14358,2.570969426076753,2.2991,10.25,0.8226738669914619,0.2800360016239765,0.9822673866991463,0.9819999999999999,7.489746,7.224508432312096,2026-09-20 00:15:00,0.6457654814265809,,,,0.6457654814265809,11.0,True,7.5205623530242764,,,,,,,,,,,,,,,,,,,,,,,,,,,,,,,,,,,,,,,,,,,,,,,,,,,,,,,,,,,,,,,,,,,,,,,,,,,,,,,,,,,,,,,,,,,,,,,,,,,,,,,,,,,,,,,,,,,,,,,,,,,,,,,,,,,,,,,,,,,,,,,,,,,,,,,,,,,,,,,,,,,,,,,,,,,,,,,,,,,,,,,,,,,,,,,,,8,6.288261220000001,6.9682,8.6694,10.25,10.25,2.4114811043124744,0.1271,0.0,7.224508432312096,7.904447212312095,9.605647212312094,11.186247212312095,11.186247212312095,7.904447212312095,9.605647212312094,11.186247212312095
p_2HueRI,Gabriel Florentín,t_3XuEvf,Argentinos Juniors,VOL,Rosario Central,False,12,3,3,True,1,False,3.1873266666666664,4.657425,6.483700000000001,3.262614169406044,1.04,13.7208,0.9469195643920707,0.23459782196035367,0.9946919564392072,0.8859999999999999,4.599459333333334,4.053490049712612,2026-09-20 20:00:00,,,0.6927314814814814,,0.6927314814814814,15.0,False,6.15386449878545,,,,,,,,,,,,,,,,,,,,,,,,,,,,,,,,,,,,,,,,,,,,,,,,,,,,,,,,,,,,,,,,,,,,,,,,,,,,,,,,,,,,,,,,,,,,,,,,,,,,,,,,,,,,,,,,,,,,,,,,,,,,,,,,,,,,,,,,,,,,,,,,,,,,,,,,,,,,,,,,,,,,,,,,,,,,,,,,,,,,,,,,,,,,,,,,,12,4.62367666,3.3174,5.73,6.5167,13.7208,3.1251544262438045,0.0829,0.0,4.053490049712612,2.747213389712612,5.159813389712612,5.946513389712612,13.150613389712612,2.747213389712612,5.159813389712612,5.946513389712612
p_2IanNl,Gabriel Díaz,t_3qkV0m,Sarmiento,VOL,Racing Club,False,10,3,3,True,0,False,5.859326666666667,4.62212,8.1777,3.337900597281671,-2.18,9.1767,0.879438585289851,0.23052625978258845,0.9879438585289851,0.959,5.944037333333334,5.631607796021992,2026-09-19 00:15:00,,,0.48625,,0.48625,15.0,False,6.15386449878545,,,,,,,,,,,,,,,,,,,,,,,,,,,,,,,,,,,,,,,,,,,,,,,,,,,,,,,,,,,,,,,,,,,,,,,,,,,,,,,,,,,,,,,,,,,,,,,,,,,,,,,,,,,,,,,,,,,,,,,,,,,,,,,,,,,,,,,,,,,,,,,,,,,,,,,,,,,,,,,,,,,,,,,,,,,,,,,,,,,,,,,,,,,,,,,,,10,4.59440987,4.038,7.7925,8.0667,9.1767,3.206643025432919,0.0,0.0,5.631607796021992,5.075197926021993,8.829697926021993,9.103897926021993,10.213897926021993,5.075197926021993,8.829697926021993,9.103897926021993
p_2M9PCX,Gino Santilli,t_0bW0AU,Banfield,ARQ,Gimnasia y Esgrima,False,2,3,3,True,0,False,8.715233333333332,10.402149999999999,14.45075,7.156981285779641,5.3414,15.4629,0.591185541112127,0.12259437222730131,0.9591185541112127,0.8569999999999999,10.823879166666666,8.896845519130093,2026-09-19 17:30:00,0.6734123658534066,,,,0.6734123658534066,11.0,False,7.5205623530242764,,,,,,,,,,,,,,,,,,,,,,,,,,,,,,,,,,,,,,,,,,,,,,,,,,,,,,,,,,,,,,,,,,,,,,,,,,,,,,,,,,,,,,,,,,,,,,,,,,,,,,,,,,,,,,,,,,,,,,,,,,,,,,,,,,,,,,,,,,,,,,,,,,,,,,,,,,,,,,,,,,,,,,,,,,,,,,,,,,,,,,,,,,,,,,,,,2,10.34040885,5.3414,15.4629,15.4629,15.4629,5.060373364969888,0.4939,0.4939,8.896845519130093,3.8978366691300934,14.019336669130093,14.019336669130093,14.019336669130093,3.8978366691300934,14.019336669130093,14.019336669130093
p_2N66aZ,Joaquín Freitas,t_1Fzy5s,River Plate,VOL,Huracán,True,20,3,1,True,0,False,5.538293333333333,5.6651,9.182840000000006,4.00488812236142,-0.17,16.5429,1.0,0.19980466606877464,1.0,1.086,6.500152666666668,7.059165796000001,2026-09-19 22:00:00,,,0.7199321458863445,,0.7199321458863445,15.0,False,6.15386449878545,,,,,,,,,,,,,,,,,,,,,,,,,,,,,,,,,,,,,,,,,,,,,,,,,,,,,,,,,,,,,,,,,,,,,,,,,,,,,,,,,,,,,,,,,,,,,,,,,,,,,,,,,,,,,,,,,,,,,,,,,,,,,,,,,,,,,,,,,,,,,,,,,,,,,,,,,,,,,,,,,,,,,,,,,,,,,,,,,,,,,,,,,,,,,,,,,20,5.74148204,5.5329,7.875,13.118,16.5429,4.00006570842798,0.1083,0.0542,7.059165796000001,6.850583756000001,9.192683756000001,14.435683756000001,17.860583756,6.850583756000001,9.192683756000001,14.435683756000001
p_2N9XHp,Iván Tapia,t_3FROV0,Barracas Central,VOL,Independiente Rivadavia,True,26,3,3,True,3,True,9.11336,7.651642307692308,12.40245,3.5306186379356324,2.5729,16.5158,1.0,0.22072040926747438,1.0,0.8869999999999999,9.350945423076924,8.29428859026923,2026-09-21 22:00:00,,,0.3933555555555556,,0.3933555555555556,15.0,True,6.15386449878545,,,,,,,,,,,,,,,,,,,,,,,,,,,,,,,,,,,,,,,,,,,,,,,,,,,,,,,,,,,,,,,,,,,,,,,,,,,,,,,,,,,,,,,,,,,,,,,,,,,,,,,,,,,,,,,,,,,,,,,,,,,,,,,,,,,,,,,,,,,,,,,,,,,,,,,,,,,,,,,,,,,,,,,,,,,,,,,,,,,,,,,,,,,,,,,,,26,7.635881789999999,6.0622,10.7605,12.5189,13.708,3.44804297960994,0.2652,0.0391,8.29428859026923,6.720606800269231,11.418906800269232,13.177306800269232,14.366406800269232,6.720606800269231,11.418906800269232,13.177306800269232
p_2Nqqrm,Facundo Samuel Guch,t_3mLGSt,Newell's Old Boys,VOL,Club Atlético Platense,False,23,3,3,True,3,True,9.136446666666668,7.870773913043476,13.37688,5.310504349718532,-0.472,19.8353,1.0,0.158465939421245,1.0,0.8869999999999999,9.690285898550723,8.595283592014491,2026-09-20 20:00:00,,,0.3547916666666666,,0.3547916666666666,15.0,True,6.15386449878545,,,,,,,,,,,,,,,,,,,,,,,,,,,,,,,,,,,,,,,,,,,,,,,,,,,,,,,,,,,,,,,,,,,,,,,,,,,,,,,,,,,,,,,,,,,,,,,,,,,,,,,,,,,,,,,,,,,,,,,,,,,,,,,,,,,,,,,,,,,,,,,,,,,,,,,,,,,,,,,,,,,,,,,,,,,,,,,,,,,,,,,,,,,,,,,,,23,7.983241059999999,8.2964,10.4509,13.4431,19.1216,5.229239797018308,0.3594,0.091,8.595283592014491,8.908442532014492,11.062942532014493,14.055142532014491,19.733642532014493,8.908442532014492,11.062942532014493,14.055142532014491
p_2NqrDm,Braian Sánchez,t_3TbOfu,Deportivo Riestra,VOL,Gimnasia y Esgrima Mendoza,False,7,3,1,True,1,False,6.260166666666667,7.220357142857144,14.568560000000002,6.420949800939926,0.936,19.5644,0.7602840613890155,0.13475364027841039,0.9760284061389015,0.85,8.721341190476192,7.235435230303923,2026-09-19 17:30:00,,,0.2843272985445509,,0.2843272985445509,15.0,False,6.15386449878545,,,,,,,,,,,,,,,,,,,,,,,,,,,,,,,,,,,,,,,,,,,,,,,,,,,,,,,,,,,,,,,,,,,,,,,,,,,,,,,,,,,,,,,,,,,,,,,,,,,,,,,,,,,,,,,,,,,,,,,,,,,,,,,,,,,,,,,,,,,,,,,,,,,,,,,,,,,,,,,,,,,,,,,,,,,,,,,,,,,,,,,,,,,,,,,,,7,7.257062879999999,5.6994,11.238,19.5644,19.5644,5.978057695390879,0.2891,0.1454,7.235435230303923,5.677772350303924,11.216372350303924,19.542772350303924,19.542772350303924,5.677772350303924,11.216372350303924,19.542772350303924
p_2OHkn8,Nicolás Oroz,t_3XuEvf,Argentinos Juniors,VOL,Rosario Central,False,27,3,3,True,3,True,9.74086,10.400496296296296,15.604680000000004,4.9406942460223195,1.5288,22.61,1.0,0.1683304944821163,1.0,0.8859999999999999,11.47066951851852,10.163013193407407,2026-09-20 20:00:00,,,0.6927314814814814,,0.6927314814814814,15.0,True,6.15386449878545,,,,,,,,,,,,,,,,,,,,,,,,,,,,,,,,,,,,,,,,,,,,,,,,,,,,,,,,,,,,,,,,,,,,,,,,,,,,,,,,,,,,,,,,,,,,,,,,,,,,,,,,,,,,,,,,,,,,,,,,,,,,,,,,,,,,,,,,,,,,,,,,,,,,,,,,,,,,,,,,,,,,,,,,,,,,,,,,,,,,,,,,,,,,,,,,,27,10.385226139999999,11.2809,13.6191,16.65,17.4169,4.8136893629070725,0.5513,0.1124,10.163013193407407,11.058687053407409,13.396887053407408,16.427787053407407,17.194687053407407,11.058687053407409,13.396887053407408,16.427787053407407
p_2OigHb,Bruno Leyes,t_1L8FaD,Tigre,VOL,Vélez Sarsfield,False,19,3,3,True,1,False,3.0233266666666667,7.553052631578947,11.642399999999999,3.832231659717702,1.3429,16.2174,1.0,0.20694372091805296,1.0,0.85,6.9899853859649115,5.941487578070174,2026-09-21 00:30:00,,,0.4339924670433145,,0.4339924670433145,15.0,False,6.15386449878545,,,,,,,,,,,,,,,,,,,,,,,,,,,,,,,,,,,,,,,,,,,,,,,,,,,,,,,,,,,,,,,,,,,,,,,,,,,,,,,,,,,,,,,,,,,,,,,,,,,,,,,,,,,,,,,,,,,,,,,,,,,,,,,,,,,,,,,,,,,,,,,,,,,,,,,,,,,,,,,,,,,,,,,,,,,,,,,,,,,,,,,,,,,,,,,,,19,7.560449650000001,6.967,10.2267,12.87,16.2174,3.7329673418375733,0.3175,0.0531,5.941487578070174,5.348037928070173,8.607737928070172,11.251037928070172,14.598437928070176,5.348037928070173,8.607737928070172,11.251037928070172
p_2PDOYX,Ignacio Miramón,t_0rGDE4,Gimnasia LP,VOL,Banfield,True,22,3,3,True,3,True,10.625840000000002,9.071527272727273,14.274500000000002,4.030904047975179,0.642,15.503,1.0,0.1987714316281736,1.0,0.955,10.91627990909091,10.42504731318182,2026-09-19 17:30:00,,,0.5535714285714285,,0.5535714285714285,15.0,True,6.15386449878545,,,,,,,,,,,,,,,,,,,,,,,,,,,,,,,,,,,,,,,,,,,,,,,,,,,,,,,,,,,,,,,,,,,,,,,,,,,,,,,,,,,,,,,,,,,,,,,,,,,,,,,,,,,,,,,,,,,,,,,,,,,,,,,,,,,,,,,,,,,,,,,,,,,,,,,,,,,,,,,,,,,,,,,,,,,,,,,,,,,,,,,,,,,,,,,,,22,9.132447229999999,10.0376,11.68,14.2771,15.372,3.877112327770802,0.502,0.0905,10.42504731318182,11.33020008318182,12.97260008318182,15.569700083181822,16.66460008318182,11.33020008318182,12.97260008318182,15.569700083181822
p_2PLJzH,Nicolás Otamendi,t_1Fzy5s,River Plate,DEF,Huracán,True,9,3,3,True,3,True,10.374866666666668,8.0706,12.21386,4.551625199585309,-1.2029,13.6361,0.8360254867376385,0.18012743368819228,0.9836025486737638,1.086,9.912908333333334,10.588893024959562,2026-09-19 22:00:00,,0.7519292542281049,,,0.7519292542281049,16.0,True,6.218483552578269,,,,,,,,,,,,,,,,,,,,,,,,,,,,,,,,,,,,,,,,,,,,,,,,,,,,,,,,,,,,,,,,,,,,,,,,,,,,,,,,,,,,,,,,,,,,,,,,,,,,,,,,,,,,,,,,,,,,,,,,,,,,,,,,,,,,,,,,,,,,,,,,,,,,,,,,,,,,,,,,,,,,,,,,,,,,,,,,,,,,,,,,,,,,,,,,,9,8.0819004,8.5,11.5242,13.6361,13.6361,4.3075669773413665,0.3369,0.0,10.588893024959562,11.006992624959562,14.031192624959562,16.143092624959564,16.143092624959564,11.006992624959562,14.031192624959562,16.143092624959564
p_2Pu3Ap,Nicolás Sumavil,t_2Swqmw,Club Atlético Platense,ARQ,Newell's Old Boys,True,1,3,2,True,0,False,9.9975,9.9975,9.9975,0.0,9.9975,9.9975,0.7333333333333334,1.0,0.9733333333333334,0.85,9.9975,8.271265000000001,2026-09-20 20:00:00,0.6194041891202876,,,,0.6194041891202876,11.0,False,7.5205623530242764,,,,,,,,,,,,,,,,,,,,,,,,,,,,,,,,,,,,,,,,,,,,,,,,,,,,,,,,,,,,,,,,,,,,,,,,,,,,,,,,,,,,,,,,,,,,,,,,,,,,,,,,,,,,,,,,,,,,,,,,,,,,,,,,,,,,,,,,,,,,,,,,,,,,,,,,,,,,,,,,,,,,,,,,,,,,,,,,,,,,,,,,,,,,,,,,,1,9.9975,9.9975,9.9975,9.9975,9.9975,0.0,0.0,0.0,8.271265000000001,8.271265000000001,8.271265000000001,8.271265000000001,8.271265000000001,8.271265000000001,8.271265000000001,8.271265000000001
p_2Q8TtK,Franco Lorenzón,t_1QqhS7,San Lorenzo,DEF,Boca Juniors,True,3,3,2,True,0,False,10.52435,8.9634,13.71616,5.766750734165644,5.0773,15.5893,0.6295562830458924,0.14778141522946203,0.9629556283045893,0.957,10.6979225,9.858654821192026,2026-09-20 17:45:00,,0.4894179894179893,,,0.4894179894179893,14.0,False,6.218483552578269,,,,,,,,,,,,,,,,,,,,,,,,,,,,,,,,,,,,,,,,,,,,,,,,,,,,,,,,,,,,,,,,,,,,,,,,,,,,,,,,,,,,,,,,,,,,,,,,,,,,,,,,,,,,,,,,,,,,,,,,,,,,,,,,,,,,,,,,,,,,,,,,,,,,,,,,,,,,,,,,,,,,,,,,,,,,,,,,,,,,,,,,,,,,,,,,,3,8.914329279999999,6.2236,15.5893,15.5893,15.5893,4.689095606933887,0.3282,0.3282,9.858654821192026,7.1679255411920275,16.533625541192027,16.533625541192027,16.533625541192027,7.1679255411920275,16.533625541192027,16.533625541192027
p_2QUHoA,Martín Río,t_1QqhS7,San Lorenzo,VOL,Boca Juniors,True,2,3,1,True,0,False,1.7876,1.6458499999999998,1.9860499999999999,0.6013943173991586,1.2206,2.0711,0.6915578304649884,0.6244558189916088,0.9691557830464989,0.957,1.7805124999999997,1.6513934447566312,2026-09-20 17:45:00,,,0.7010416666666667,,0.7010416666666667,15.0,False,6.15386449878545,,,,,,,,,,,,,,,,,,,,,,,,,,,,,,,,,,,,,,,,,,,,,,,,,,,,,,,,,,,,,,,,,,,,,,,,,,,,,,,,,,,,,,,,,,,,,,,,,,,,,,,,,,,,,,,,,,,,,,,,,,,,,,,,,,,,,,,,,,,,,,,,,,,,,,,,,,,,,,,,,,,,,,,,,,,,,,,,,,,,,,,,,,,,,,,,,2,1.6448293999999999,1.2206,2.0711,2.0711,2.0711,0.42524877527823646,0.0,0.0,1.6513934447566312,1.2271640447566312,2.0776640447566312,2.0776640447566312,2.0776640447566312,1.2271640447566312,2.0776640447566312,2.0776640447566312
p_2Qz55f,Santiago López,t_0bW0AU,Banfield,DEF,Gimnasia y Esgrima,False,26,3,3,True,3,True,8.436393333333333,8.914392307692308,15.84315,5.100932048316118,0.2004,20.9996,1.0,0.16390938172733854,1.0,0.8569999999999999,10.47928208974359,8.980744750910254,2026-09-19 17:30:00,,0.4586309523809524,,,0.4586309523809524,14.0,True,6.218483552578269,,,,,,,,,,,,,,,,,,,,,,,,,,,,,,,,,,,,,,,,,,,,,,,,,,,,,,,,,,,,,,,,,,,,,,,,,,,,,,,,,,,,,,,,,,,,,,,,,,,,,,,,,,,,,,,,,,,,,,,,,,,,,,,,,,,,,,,,,,,,,,,,,,,,,,,,,,,,,,,,,,,,,,,,,,,,,,,,,,,,,,,,,,,,,,,,,26,8.93903113,8.4012,11.3864,18.5858,19.882,5.05199391087637,0.2763,0.1184,8.980744750910254,8.442913620910254,11.428113620910255,18.627513620910253,19.923713620910256,8.442913620910254,11.428113620910255,18.627513620910253
p_2R7VhN,Sheyko Studer,t_0SmVI4,Independiente Rivadavia,DEF,Barracas Central,False,19,3,1,True,1,False,8.266966666666667,9.944678947368422,13.824639999999999,3.363866417379948,3.0,14.88,1.0,0.22915458548806747,1.0,0.9869999999999999,10.327469912280701,10.193212803421051,2026-09-21 22:00:00,,0.4143333333333333,,,0.4143333333333333,14.0,False,6.218483552578269,,,,,,,,,,,,,,,,,,,,,,,,,,,,,,,,,,,,,,,,,,,,,,,,,,,,,,,,,,,,,,,,,,,,,,,,,,,,,,,,,,,,,,,,,,,,,,,,,,,,,,,,,,,,,,,,,,,,,,,,,,,,,,,,,,,,,,,,,,,,,,,,,,,,,,,,,,,,,,,,,,,,,,,,,,,,,,,,,,,,,,,,,,,,,,,,,19,9.891928640000001,10.8212,11.85,14.51,14.88,3.2659359316462027,0.6205,0.0,10.193212803421051,11.12248416342105,12.15128416342105,14.81128416342105,15.18128416342105,11.12248416342105,12.15128416342105,14.81128416342105
p_2RDqup,Nicolás Figal,t_0otcXZ,Boca Juniors,DEF,San Lorenzo,False,7,3,3,True,2,True,10.17402,10.578157142857142,12.5412,1.8753470353129693,8.1481,13.014,0.8028901546643735,0.34778410665520043,0.9802890154664374,1.028,10.927469857142857,11.01201687049608,2026-09-20 17:45:00,,0.7228148148148148,,,0.7228148148148148,14.0,True,6.218483552578269,,,,,,,,,,,,,,,,,,,,,,,,,,,,,,,,,,,,,,,,,,,,,,,,,,,,,,,,,,,,,,,,,,,,,,,,,,,,,,,,,,,,,,,,,,,,,,,,,,,,,,,,,,,,,,,,,,,,,,,,,,,,,,,,,,,,,,,,,,,,,,,,,,,,,,,,,,,,,,,,,,,,,,,,,,,,,,,,,,,,,,,,,,,,,,,,,7,10.58157721,10.6603,12.226,13.014,13.014,1.7356951012299413,0.7151,0.0,11.01201687049608,11.090739660496078,12.65643966049608,13.444439660496078,13.444439660496078,11.090739660496078,12.65643966049608,13.444439660496078
p_2TF5DL,Jerónimo Gómez Mattar,t_3mLGSt,Newell's Old Boys,VOL,Club Atlético Platense,False,20,3,3,True,0,False,4.640153333333333,5.70791,10.917390000000001,3.9533086732774265,0.1,12.6573,1.0,0.20188525810937114,1.0,0.8869999999999999,6.636565166666667,5.886633302833333,2026-09-20 20:00:00,,,0.3547916666666666,,0.3547916666666666,15.0,False,6.15386449878545,,,,,,,,,,,,,,,,,,,,,,,,,,,,,,,,,,,,,,,,,,,,,,,,,,,,,,,,,,,,,,,,,,,,,,,,,,,,,,,,,,,,,,,,,,,,,,,,,,,,,,,,,,,,,,,,,,,,,,,,,,,,,,,,,,,,,,,,,,,,,,,,,,,,,,,,,,,,,,,,,,,,,,,,,,,,,,,,,,,,,,,,,,,,,,,,,20,5.72647334,6.0442,8.5,11.7489,12.6573,3.8480660895082406,0.2022,0.0,5.886633302833333,6.204359962833333,8.660159962833333,11.909059962833334,12.817459962833333,6.204359962833333,8.660159962833333,11.909059962833334
p_2TWCei,Juan Infante,t_45vTPl,Atlético Tucumán,DEF,Aldosivi,False,3,3,3,True,0,False,5.4294,5.306066666666667,6.66256,1.6292435095262263,4.02,7.1382,0.6760675073553909,0.3803375367769545,0.9676067507355391,0.896,5.688356666666667,4.931666710887327,2026-09-21 17:30:00,,0.4597222222222223,,,0.4597222222222223,14.0,False,6.218483552578269,,,,,,,,,,,,,,,,,,,,,,,,,,,,,,,,,,,,,,,,,,,,,,,,,,,,,,,,,,,,,,,,,,,,,,,,,,,,,,,,,,,,,,,,,,,,,,,,,,,,,,,,,,,,,,,,,,,,,,,,,,,,,,,,,,,,,,,,,,,,,,,,,,,,,,,,,,,,,,,,,,,,,,,,,,,,,,,,,,,,,,,,,,,,,,,,,3,5.316666499999999,4.76,7.1382,7.1382,7.1382,1.334537013828298,0.0,0.0,4.931666710887327,4.375000210887327,6.753200210887328,6.753200210887328,6.753200210887328,4.375000210887327,6.753200210887328,6.753200210887328
p_2TqnnA,Norberto Briasco,t_3FROV0,Barracas Central,DEL,Independiente Rivadavia,True,17,3,3,True,3,True,3.1268533333333335,3.7970294117647065,6.75756,2.750305948154838,0.11,11.1567,1.0,0.26664491212830327,1.0,0.8869999999999999,4.30260043137255,3.8164065826274514,2026-09-21 22:00:00,,,,0.4540055096418733,0.4540055096418733,11.0,True,5.577128809735925,,,,,,,,,,,,,,,,,,,,,,,,,,,,,,,,,,,,,,,,,,,,,,,,,,,,,,,,,,,,,,,,,,,,,,,,,,,,,,,,,,,,,,,,,,,,,,,,,,,,,,,,,,,,,,,,,,,,,,,,,,,,,,,,,,,,,,,,,,,,,,,,,,,,,,,,,,,,,,,,,,,,,,,,,,,,,,,,,,,,,,,,,,,,,,,,,17,3.7811144199999993,3.2133,5.5184,6.99,11.1567,2.667211311741922,0.058,0.0,3.8164065826274514,3.248592162627452,5.553692162627452,7.025292162627452,11.191992162627454,3.248592162627452,5.553692162627452,7.025292162627452
p_2TtuTI,Enzo Copetti,t_1rEb7t,Rosario Central,DEL,Argentinos Juniors,True,24,3,3,True,2,True,6.46422,5.582141666666668,11.78141,3.986020791075237,0.02,13.1833,1.0,0.20056073608637112,1.0,1.015,7.4406861666666675,7.552296459166667,2026-09-20 20:00:00,,,,0.7133690708252112,0.7133690708252112,11.0,True,5.577128809735925,,,,,,,,,,,,,,,,,,,,,,,,,,,,,,,,,,,,,,,,,,,,,,,,,,,,,,,,,,,,,,,,,,,,,,,,,,,,,,,,,,,,,,,,,,,,,,,,,,,,,,,,,,,,,,,,,,,,,,,,,,,,,,,,,,,,,,,,,,,,,,,,,,,,,,,,,,,,,,,,,,,,,,,,,,,,,,,,,,,,,,,,,,,,,,,,,24,5.5524545100000005,4.7153,7.6223,11.8157,12.4433,3.8887866133586786,0.1632,0.0,7.552296459166667,6.715141949166666,9.622141949166666,13.815541949166665,14.443141949166666,6.715141949166666,9.622141949166666,13.815541949166665
p_2U6bg5,Facundo Waller,t_2qXAzu,Huracán,VOL,River Plate,False,23,3,3,True,3,True,14.634693333333333,9.756417391304348,15.478100000000001,4.825720563685252,3.7633,20.54,1.0,0.1716525859879927,1.0,1.015,12.894234623188407,13.087648142536231,2026-09-19 22:00:00,,,0.6906249999999999,,0.6906249999999999,15.0,True,6.15386449878545,,,,,,,,,,,,,,,,,,,,,,,,,,,,,,,,,,,,,,,,,,,,,,,,,,,,,,,,,,,,,,,,,,,,,,,,,,,,,,,,,,,,,,,,,,,,,,,,,,,,,,,,,,,,,,,,,,,,,,,,,,,,,,,,,,,,,,,,,,,,,,,,,,,,,,,,,,,,,,,,,,,,,,,,,,,,,,,,,,,,,,,,,,,,,,,,,23,9.78048233,9.2135,12.1883,15.8762,20.54,4.698386042741994,0.395,0.1322,13.087648142536231,12.520665812536231,15.495465812536231,19.18336581253623,23.847165812536232,12.520665812536231,15.495465812536231,19.18336581253623
p_2VOvJj,Gonzalo Montiel,t_1Fzy5s,River Plate,DEF,Huracán,True,24,3,3,True,3,True,14.652646666666666,11.039225000000002,17.59967,5.124238402817832,0.8691,19.17,1.0,0.16328560944653767,1.0,1.086,13.944033833333332,15.143220743,2026-09-19 22:00:00,,0.7293893129770993,,,0.7293893129770993,14.0,True,6.218483552578269,,,,,,,,,,,,,,,,,,,,,,,,,,,,,,,,,,,,,,,,,,,,,,,,,,,,,,,,,,,,,,,,,,,,,,,,,,,,,,,,,,,,,,,,,,,,,,,,,,,,,,,,,,,,,,,,,,,,,,,,,,,,,,,,,,,,,,,,,,,,,,,,,,,,,,,,,,,,,,,,,,,,,,,,,,,,,,,,,,,,,,,,,,,,,,,,,24,11.00613429,11.2826,16.5167,17.6531,18.3414,5.04227765790929,0.5822,0.2507,15.143220743,15.419686453,20.653786453000002,21.790186452999997,22.478486453000002,15.419686453,20.653786453000002,21.790186452999997
p_2VmVcx,Diego Crego,t_0SmVI4,Independiente Rivadavia,VOL,Barracas Central,False,10,3,2,True,0,False,3.25056,4.03292,5.237999999999999,1.621310221737688,2.35,8.01,0.909631055877374,0.3814886127202036,0.9909631055877375,0.9869999999999999,4.060364,3.9713631973063115,2026-09-21 22:00:00,,,0.514624183006536,,0.514624183006536,15.0,False,6.15386449878545,,,,,,,,,,,,,,,,,,,,,,,,,,,,,,,,,,,,,,,,,,,,,,,,,,,,,,,,,,,,,,,,,,,,,,,,,,,,,,,,,,,,,,,,,,,,,,,,,,,,,,,,,,,,,,,,,,,,,,,,,,,,,,,,,,,,,,,,,,,,,,,,,,,,,,,,,,,,,,,,,,,,,,,,,,,,,,,,,,,,,,,,,,,,,,,,,10,4.034630260000001,3.7645,4.46,4.93,8.01,1.5261461860078582,0.0,0.0,3.9713631973063115,3.7012329373063104,4.396732937306311,4.86673293730631,7.94673293730631,3.7012329373063104,4.396732937306311,4.86673293730631
p_2Wjg0N,David Barbona,t_1DVMAZ,Defensa y Justicia,VOL,Central Córdoba,False,18,3,3,True,3,True,12.032626666666665,7.857005555555555,16.18194,6.679797488430162,0.7657,22.12,1.0,0.13021176684756716,1.0,0.999,11.399706555555555,11.388306849,2026-09-18 21:00:00,,,0.5875510620915032,,0.5875510620915032,15.0,True,6.15386449878545,,,,,,,,,,,,,,,,,,,,,,,,,,,,,,,,,,,,,,,,,,,,,,,,,,,,,,,,,,,,,,,,,,,,,,,,,,,,,,,,,,,,,,,,,,,,,,,,,,,,,,,,,,,,,,,,,,,,,,,,,,,,,,,,,,,,,,,,,,,,,,,,,,,,,,,,,,,,,,,,,,,,,,,,,,,,,,,,,,,,,,,,,,,,,,,,,18,7.80933874,5.2765,14.4753,16.83,22.12,6.468020517141485,0.3836,0.1608,11.388306849,8.855468109,18.054268109,20.408968108999996,25.698968109,8.855468109,18.054268109,20.408968108999996
p_2XJ5dS,Thaiel Peralta,t_2qXAzu,Huracán,VOL,River Plate,False,16,3,3,True,0,False,6.898846666666667,4.582125,10.644,6.460213957499137,0.4011,25.6829,1.0,0.13404441289445626,1.0,1.015,6.908446333333334,7.012073028333333,2026-09-19 22:00:00,,,0.5058524173027991,,0.5058524173027991,15.0,False,6.15386449878545,,,,,,,,,,,,,,,,,,,,,,,,,,,,,,,,,,,,,,,,,,,,,,,,,,,,,,,,,,,,,,,,,,,,,,,,,,,,,,,,,,,,,,,,,,,,,,,,,,,,,,,,,,,,,,,,,,,,,,,,,,,,,,,,,,,,,,,,,,,,,,,,,,,,,,,,,,,,,,,,,,,,,,,,,,,,,,,,,,,,,,,,,,,,,,,,,16,4.620873980000001,2.232,3.8025,10.644,25.6829,6.3529717125075384,0.1882,0.0654,7.012073028333333,4.6231990483333325,6.1936990483333325,13.035199048333332,28.07409904833333,4.6231990483333325,6.1936990483333325,13.035199048333332
p_2Y5BPH,Leonardo Godoy,t_1XZg6T,Independiente,DEF,Club Atlético Unión de Santa Fe,False,15,3,3,True,3,True,9.181933333333332,6.93032,11.4237,6.096669986874567,-1.534,19.8922,1.0,0.140911160001736,1.0,0.962,8.841729666666666,8.505743939333332,2026-09-19 19:45:00,,0.5493733390792214,,,0.5493733390792214,16.0,True,6.218483552578269,,,,,,,,,,,,,,,,,,,,,,,,,,,,,,,,,,,,,,,,,,,,,,,,,,,,,,,,,,,,,,,,,,,,,,,,,,,,,,,,,,,,,,,,,,,,,,,,,,,,,,,,,,,,,,,,,,,,,,,,,,,,,,,,,,,,,,,,,,,,,,,,,,,,,,,,,,,,,,,,,,,,,,,,,,,,,,,,,,,,,,,,,,,,,,,,,15,6.85050512,7.5067,11.1629,11.5811,19.8922,5.941680060351095,0.3935,0.0679,8.505743939333332,9.161938819333333,12.818138819333331,13.23633881933333,21.54743881933333,9.161938819333333,12.818138819333331,13.23633881933333
p_2YBNQo,Kevin Jappert,t_3FROV0,Barracas Central,DEF,Independiente Rivadavia,True,19,3,3,True,3,True,6.95696,8.625026315789475,14.783999999999999,4.382356131611054,2.9689,18.403,1.0,0.18579223959687682,1.0,0.8869999999999999,9.580946526315788,8.498299568842103,2026-09-21 22:00:00,,0.3963333333333333,,,0.3963333333333333,14.0,True,6.218483552578269,,,,,,,,,,,,,,,,,,,,,,,,,,,,,,,,,,,,,,,,,,,,,,,,,,,,,,,,,,,,,,,,,,,,,,,,,,,,,,,,,,,,,,,,,,,,,,,,,,,,,,,,,,,,,,,,,,,,,,,,,,,,,,,,,,,,,,,,,,,,,,,,,,,,,,,,,,,,,,,,,,,,,,,,,,,,,,,,,,,,,,,,,,,,,,,,,19,8.61453149,7.5528,11.5441,15.2,18.403,4.255667868958688,0.2604,0.1067,8.498299568842103,7.436568078842105,11.427868078842105,15.083768078842104,18.2867680788421,7.436568078842105,11.427868078842105,15.083768078842104
p_2YmbG0,Milton Giménez,t_0otcXZ,Boca Juniors,DEL,San Lorenzo,False,9,3,3,True,0,False,4.497146666666667,6.429711111111112,13.154340000000001,5.0350193250484265,2.0,15.6037,0.8331399104506423,0.165699552253211,0.9833139910450642,1.028,7.434470777777778,7.515110867495098,2026-09-20 17:45:00,,,,0.6569637614155371,0.6569637614155371,16.0,False,5.577128809735925,,,,,,,,,,,,,,,,,,,,,,,,,,,,,,,,,,,,,,,,,,,,,,,,,,,,,,,,,,,,,,,,,,,,,,,,,,,,,,,,,,,,,,,,,,,,,,,,,,,,,,,,,,,,,,,,,,,,,,,,,,,,,,,,,,,,,,,,,,,,,,,,,,,,,,,,,,,,,,,,,,,,,,,,,,,,,,,,,,,,,,,,,,,,,,,,,9,6.46040788,4.35,9.98,15.6037,15.6037,4.769475724003625,0.2229,0.1138,7.515110867495098,5.404702987495098,11.034702987495098,16.658402987495098,16.658402987495098,5.404702987495098,11.034702987495098,16.658402987495098
p_2ZqXdL,Tiziano Perrotta,t_1DVMAZ,Defensa y Justicia,DEL,Central Córdoba,False,4,3,3,True,2,True,4.84362,6.212524999999999,9.970460000000001,4.1239079899006805,2.6491,10.2779,0.6723660404768269,0.19516353571746778,0.9672366040476827,0.999,6.672892000000001,6.447811131859694,2026-09-18 21:00:00,,,,0.5646352795629173,0.5646352795629173,16.0,True,5.577128809735925,,,,,,,,,,,,,,,,,,,,,,,,,,,,,,,,,,,,,,,,,,,,,,,,,,,,,,,,,,,,,,,,,,,,,,,,,,,,,,,,,,,,,,,,,,,,,,,,,,,,,,,,,,,,,,,,,,,,,,,,,,,,,,,,,,,,,,,,,,,,,,,,,,,,,,,,,,,,,,,,,,,,,,,,,,,,,,,,,,,,,,,,,,,,,,,,,4,6.20417448,2.67,10.2779,10.2779,10.2779,3.5728165714210314,0.2508,0.0,6.447811131859694,2.9136366518596937,10.521536651859694,10.521536651859694,10.521536651859694,2.9136366518596937,10.521536651859694,10.521536651859694
p_2ZszNr,Rodrigo Bacidalupe,t_0otcXZ,Boca Juniors,DEL,San Lorenzo,False,1,3,1,True,0,False,3.5467,3.5467,3.5467,0.0,3.5467,3.5467,0.7333333333333334,1.0,0.9733333333333334,1.028,3.5467,3.5487807306666665,2026-09-20 17:45:00,,,,0.6569637614155371,0.6569637614155371,16.0,False,5.577128809735925,,,,,,,,,,,,,,,,,,,,,,,,,,,,,,,,,,,,,,,,,,,,,,,,,,,,,,,,,,,,,,,,,,,,,,,,,,,,,,,,,,,,,,,,,,,,,,,,,,,,,,,,,,,,,,,,,,,,,,,,,,,,,,,,,,,,,,,,,,,,,,,,,,,,,,,,,,,,,,,,,,,,,,,,,,,,,,,,,,,,,,,,,,,,,,,,,1,3.5467,3.5467,3.5467,3.5467,3.5467,0.0,0.0,0.0,3.5487807306666665,3.5487807306666665,3.5487807306666665,3.5487807306666665,3.5487807306666665,3.5487807306666665,3.5487807306666665,3.5487807306666665
p_2ZvpgZ,Pedro Silva Torrejón,t_0rGDE4,Gimnasia LP,DEF,Banfield,True,27,3,3,True,3,True,8.244499999999999,9.524470370370372,15.023320000000004,4.284337161713836,1.9655,17.1433,1.0,0.18923849281329283,1.0,0.955,10.45119314814815,9.980889456481483,2026-09-19 17:30:00,,0.4440972222222222,,,0.4440972222222222,14.0,True,6.218483552578269,,,,,,,,,,,,,,,,,,,,,,,,,,,,,,,,,,,,,,,,,,,,,,,,,,,,,,,,,,,,,,,,,,,,,,,,,,,,,,,,,,,,,,,,,,,,,,,,,,,,,,,,,,,,,,,,,,,,,,,,,,,,,,,,,,,,,,,,,,,,,,,,,,,,,,,,,,,,,,,,,,,,,,,,,,,,,,,,,,,,,,,,,,,,,,,,,27,9.651709140000001,9.7324,13.3467,16.0213,17.1137,4.2246919953422,0.4939,0.1183,9.980889456481483,10.061580316481482,13.675880316481482,16.35048031648148,17.442880316481485,10.061580316481482,13.675880316481482,16.35048031648148
p_2a5j21,Agustín Hausch,t_1DVMAZ,Defensa y Justicia,DEF,Central Córdoba,False,21,3,3,True,1,False,5.63516,4.999947619047619,9.6309,4.412889707959972,-1.9843,15.455,1.0,0.1847442039192931,1.0,0.999,6.380010047619048,6.373630037571429,2026-09-18 21:00:00,,0.6052721088435374,,,0.6052721088435374,14.0,False,6.218483552578269,,,,,,,,,,,,,,,,,,,,,,,,,,,,,,,,,,,,,,,,,,,,,,,,,,,,,,,,,,,,,,,,,,,,,,,,,,,,,,,,,,,,,,,,,,,,,,,,,,,,,,,,,,,,,,,,,,,,,,,,,,,,,,,,,,,,,,,,,,,,,,,,,,,,,,,,,,,,,,,,,,,,,,,,,,,,,,,,,,,,,,,,,,,,,,,,,21,5.01934149,4.3822,7.5656,9.6309,11.7756,4.293260308576406,0.0927,0.0486,6.373630037571429,5.736488547571429,8.919888547571428,10.985188547571429,13.12988854757143,5.736488547571429,8.919888547571428,10.985188547571429
p_2aEhwv,Bruno Cabrera,t_3mLGSt,Newell's Old Boys,DEF,Club Atlético Platense,False,12,3,3,True,1,False,6.4078599999999994,4.918808333333334,11.949910000000001,5.241013711011941,-1.9862,13.5324,0.9320460760480482,0.16023038024024086,0.9932046076048049,0.8869999999999999,7.197751833333333,6.341021333027924,2026-09-20 20:00:00,,0.4315575601912756,,,0.4315575601912756,16.0,False,6.218483552578269,,,,,,,,,,,,,,,,,,,,,,,,,,,,,,,,,,,,,,,,,,,,,,,,,,,,,,,,,,,,,,,,,,,,,,,,,,,,,,,,,,,,,,,,,,,,,,,,,,,,,,,,,,,,,,,,,,,,,,,,,,,,,,,,,,,,,,,,,,,,,,,,,,,,,,,,,,,,,,,,,,,,,,,,,,,,,,,,,,,,,,,,,,,,,,,,,12,4.9743282,4.09,11.4991,12.0,13.5324,5.022197314522475,0.2546,0.0,6.341021333027924,5.456693133027923,12.865793133027925,13.366693133027923,14.899093133027925,5.456693133027923,12.865793133027925,13.366693133027923
p_2aHbDR,Sebastián Driussi,t_1Fzy5s,River Plate,DEL,Huracán,True,19,3,3,True,3,True,6.83306,8.477626315789474,15.704939999999999,5.622367048459424,-0.315,21.1385,1.0,0.1510034090050373,1.0,1.086,9.70885652631579,10.543818187578948,2026-09-19 22:00:00,,,,0.6144070506347861,0.6144070506347861,11.0,True,5.577128809735925,,,,,,,,,,,,,,,,,,,,,,,,,,,,,,,,,,,,,,,,,,,,,,,,,,,,,,,,,,,,,,,,,,,,,,,,,,,,,,,,,,,,,,,,,,,,,,,,,,,,,,,,,,,,,,,,,,,,,,,,,,,,,,,,,,,,,,,,,,,,,,,,,,,,,,,,,,,,,,,,,,,,,,,,,,,,,,,,,,,,,,,,,,,,,,,,,19,8.46212029,7.6375,12.69,16.4823,21.1385,5.538488170354372,0.3601,0.161,10.543818187578948,9.719197897578947,14.771697897578948,18.563997897578947,23.22019789757895,9.719197897578947,14.771697897578948,18.563997897578947
p_2bhDeH,Carlos Quintana,t_3TbOfu,Deportivo Riestra,DEF,Gimnasia y Esgrima Mendoza,False,7,3,2,True,2,True,2.9725733333333335,5.77617142857143,13.89648,6.151617840783644,0.6178,16.32,0.76129903346617,0.13982850066418318,0.9761299033466171,0.85,6.824989238095238,5.662764672525066,2026-09-19 17:30:00,,0.6562401263823064,,,0.6562401263823064,14.0,True,6.218483552578269,,,,,,,,,,,,,,,,,,,,,,,,,,,,,,,,,,,,,,,,,,,,,,,,,,,,,,,,,,,,,,,,,,,,,,,,,,,,,,,,,,,,,,,,,,,,,,,,,,,,,,,,,,,,,,,,,,,,,,,,,,,,,,,,,,,,,,,,,,,,,,,,,,,,,,,,,,,,,,,,,,,,,,,,,,,,,,,,,,,,,,,,,,,,,,,,,7,5.69153928,3.042,12.2808,16.32,16.32,5.654515711800709,0.2786,0.1394,5.662764672525066,3.013225392525066,12.252025392525066,16.291225392525067,16.291225392525067,3.013225392525066,12.252025392525066,16.291225392525067
p_2c9Jkj,Santiago Gabriel Montiel,t_1XZg6T,Independiente,VOL,Club Atlético Unión de Santa Fe,False,20,3,3,True,3,True,10.959573333333333,9.083094999999998,17.021030000000003,6.3179774292323545,-0.94,22.56,1.0,0.13664977921432298,1.0,0.962,11.724346166666667,11.278821012333333,2026-09-19 19:45:00,,,0.5670221169036335,,0.5670221169036335,15.0,True,6.15386449878545,,,,,,,,,,,,,,,,,,,,,,,,,,,,,,,,,,,,,,,,,,,,,,,,,,,,,,,,,,,,,,,,,,,,,,,,,,,,,,,,,,,,,,,,,,,,,,,,,,,,,,,,,,,,,,,,,,,,,,,,,,,,,,,,,,,,,,,,,,,,,,,,,,,,,,,,,,,,,,,,,,,,,,,,,,,,,,,,,,,,,,,,,,,,,,,,,20,9.01886935,6.2646,11.8524,18.77,22.56,6.146826194403057,0.4424,0.2448,11.278821012333333,8.524551662333334,14.112351662333333,21.029951662333332,24.81995166233333,8.524551662333334,14.112351662333333,21.029951662333332
p_2cIE4k,Maximiliano Salas,t_0SmVI4,Independiente Rivadavia,DEL,Barracas Central,False,5,3,2,True,2,True,9.379306666666668,8.562259999999998,12.091880000000002,4.0192701785274405,2.4486,13.1498,0.7065130971010363,0.19923215217184845,0.9706513097101036,0.9869999999999999,9.730631333333333,9.32226439738209,2026-09-21 22:00:00,,,,,,,True,5.577128809735925,,,,,,,,,,,,,,,,,,,,,,,,,,,,,,,,,,,,,,,,,,,,,,,,,,,,,,,,,,,,,,,,,,,,,,,,,,,,,,,,,,,,,,,,,,,,,,,,,,,,,,,,,,,,,,,,,,,,,,,,,,,,,,,,,,,,,,,,,,,,,,,,,,,,,,,,,,,,,,,,,,,,,,,,,,,,,,,,,,,,,,,,,,,,,,,,,5,8.452690729999999,9.4344,10.505,13.1498,13.1498,3.6462159858273715,0.3889,0.0,9.32226439738209,10.303973667382092,11.374573667382093,14.019373667382093,14.019373667382093,10.303973667382092,11.374573667382093,14.019373667382093
p_2d3t9i,Fernando Rodríguez,t_1dhmUh,Estudiantes de Río Cuarto,DEF,Club Atlético Belgrano,False,7,3,3,True,3,True,6.40992,7.059614285714285,10.29274,3.265180845133784,3.0309,12.7435,0.7802246627427729,0.23445664704719768,0.9780224662742774,0.85,7.640502714285715,6.351695811970871,2026-09-20 22:15:00,,0.3953416149068323,,,0.3953416149068323,16.0,True,6.218483552578269,,,,,,,,,,,,,,,,,,,,,,,,,,,,,,,,,,,,,,,,,,,,,,,,,,,,,,,,,,,,,,,,,,,,,,,,,,,,,,,,,,,,,,,,,,,,,,,,,,,,,,,,,,,,,,,,,,,,,,,,,,,,,,,,,,,,,,,,,,,,,,,,,,,,,,,,,,,,,,,,,,,,,,,,,,,,,,,,,,,,,,,,,,,,,,,,,7,7.087604120000001,7.465,8.6589,12.7435,12.7435,3.0166702374842074,0.1438,0.0,6.351695811970871,6.72909169197087,7.92299169197087,12.00759169197087,12.00759169197087,6.72909169197087,7.92299169197087,12.00759169197087
p_2d8zml,Agustín Sández,t_1rEb7t,Rosario Central,DEF,Argentinos Juniors,True,22,3,3,True,3,True,8.331666666666667,7.419709090909092,11.889940000000001,4.350956747320787,2.36,19.0924,1.0,0.1868824674205595,1.0,1.015,8.856451969696971,8.989298749242424,2026-09-20 20:00:00,,0.5075,,,0.5075,14.0,True,6.218483552578269,,,,,,,,,,,,,,,,,,,,,,,,,,,,,,,,,,,,,,,,,,,,,,,,,,,,,,,,,,,,,,,,,,,,,,,,,,,,,,,,,,,,,,,,,,,,,,,,,,,,,,,,,,,,,,,,,,,,,,,,,,,,,,,,,,,,,,,,,,,,,,,,,,,,,,,,,,,,,,,,,,,,,,,,,,,,,,,,,,,,,,,,,,,,,,,,,22,7.44722399,6.3068,9.4722,11.9329,16.3445,4.285518350074758,0.2292,0.0931,8.989298749242424,7.848874759242424,11.014274759242426,13.474974759242425,17.886574759242425,7.848874759242424,11.014274759242426,13.474974759242425
p_2e2fKS,Érik Godoy,t_3XuEvf,Argentinos Juniors,DEF,Rosario Central,False,14,3,3,True,0,False,4.266966666666667,5.605164285714285,11.57653,3.4997055633531278,2.42,11.7788,1.0,0.22223676325497432,1.0,0.8859999999999999,6.6296365476190475,5.873857981190476,2026-09-20 20:00:00,,0.8398809523809524,,,0.8398809523809524,14.0,False,6.218483552578269,,,,,,,,,,,,,,,,,,,,,,,,,,,,,,,,,,,,,,,,,,,,,,,,,,,,,,,,,,,,,,,,,,,,,,,,,,,,,,,,,,,,,,,,,,,,,,,,,,,,,,,,,,,,,,,,,,,,,,,,,,,,,,,,,,,,,,,,,,,,,,,,,,,,,,,,,,,,,,,,,,,,,,,,,,,,,,,,,,,,,,,,,,,,,,,,,14,5.58598187,3.6434,7.5211,11.7379,11.7788,3.3557919799591724,0.2113,0.0,5.873857981190476,3.9312761111904755,7.808976111190475,12.025776111190474,12.066676111190475,3.9312761111904755,7.808976111190475,12.025776111190474
p_2ecIB1,Alan Velasco,t_0otcXZ,Boca Juniors,VOL,San Lorenzo,False,14,3,3,True,2,True,7.659526666666666,8.181842857142858,16.762390000000003,6.4572077096616844,2.44,22.01,0.9934863567955706,0.1340984506445198,0.9993486356795571,1.028,10.144168976190477,10.42141314639969,2026-09-20 17:45:00,,,0.7356620718462824,,0.7356620718462824,15.0,True,6.15386449878545,,,,,,,,,,,,,,,,,,,,,,,,,,,,,,,,,,,,,,,,,,,,,,,,,,,,,,,,,,,,,,,,,,,,,,,,,,,,,,,,,,,,,,,,,,,,,,,,,,,,,,,,,,,,,,,,,,,,,,,,,,,,,,,,,,,,,,,,,,,,,,,,,,,,,,,,,,,,,,,,,,,,,,,,,,,,,,,,,,,,,,,,,,,,,,,,,14,8.11155268,4.8679,14.155,17.5027,22.01,6.128265779962454,0.3566,0.2086,10.42141314639969,7.177760466399689,16.46486046639969,19.812560466399688,24.31986046639969,7.177760466399689,16.46486046639969,19.812560466399688
p_2f7maD,Simón Escobar,t_2eRs85,Vélez Sarsfield,DEF,Tigre,True,6,3,3,True,2,True,5.19574,5.763333333333333,9.3351,2.9285501564198393,2.7621,10.2859,0.7509093665695397,0.25454683284769836,0.975090936656954,0.955,6.457617333333332,6.013409748096232,2026-09-21 00:30:00,,0.6077355836849508,,,0.6077355836849508,14.0,True,6.218483552578269,,,,,,,,,,,,,,,,,,,,,,,,,,,,,,,,,,,,,,,,,,,,,,,,,,,,,,,,,,,,,,,,,,,,,,,,,,,,,,,,,,,,,,,,,,,,,,,,,,,,,,,,,,,,,,,,,,,,,,,,,,,,,,,,,,,,,,,,,,,,,,,,,,,,,,,,,,,,,,,,,,,,,,,,,,,,,,,,,,,,,,,,,,,,,,,,,6,5.744207889999999,4.674,8.3843,10.2859,10.2859,2.6604377572092806,0.1619,0.0,6.013409748096232,4.943201858096233,8.653501858096233,10.555101858096233,10.555101858096233,4.943201858096233,8.653501858096233,10.555101858096233
p_2ffcqe,Facundo Jainikoski,t_3XuEvf,Argentinos Juniors,DEL,Rosario Central,False,23,3,3,True,0,False,2.35066,5.035995652173913,10.104800000000003,3.9637660636959273,0.3,15.7286,1.0,0.20145993730724263,1.0,0.8859999999999999,5.363329260869566,4.751909725130435,2026-09-20 20:00:00,,,,0.6424728607918263,0.6424728607918263,11.0,False,5.577128809735925,,,,,,,,,,,,,,,,,,,,,,,,,,,,,,,,,,,,,,,,,,,,,,,,,,,,,,,,,,,,,,,,,,,,,,,,,,,,,,,,,,,,,,,,,,,,,,,,,,,,,,,,,,,,,,,,,,,,,,,,,,,,,,,,,,,,,,,,,,,,,,,,,,,,,,,,,,,,,,,,,,,,,,,,,,,,,,,,,,,,,,,,,,,,,,,,,23,4.97900112,4.3078,7.2733,10.5685,13.5689,3.8307572672476584,0.1266,0.0395,4.751909725130435,4.080708605130435,7.046208605130435,10.341408605130436,13.341808605130435,4.080708605130435,7.046208605130435,10.341408605130436
p_2gMEtp,Ezequiel Bonifacio,t_0SmVI4,Independiente Rivadavia,DEF,Barracas Central,False,14,3,1,True,0,False,5.081433333333334,6.075471428571428,11.291130000000003,3.630512147263602,0.1786,11.6429,1.0,0.2159588331046598,1.0,0.9869999999999999,7.031472738095239,6.9400635925000005,2026-09-21 22:00:00,,0.4143333333333333,,,0.4143333333333333,14.0,False,6.218483552578269,,,,,,,,,,,,,,,,,,,,,,,,,,,,,,,,,,,,,,,,,,,,,,,,,,,,,,,,,,,,,,,,,,,,,,,,,,,,,,,,,,,,,,,,,,,,,,,,,,,,,,,,,,,,,,,,,,,,,,,,,,,,,,,,,,,,,,,,,,,,,,,,,,,,,,,,,,,,,,,,,,,,,,,,,,,,,,,,,,,,,,,,,,,,,,,,,14,6.11838597,6.0067,8.6345,11.64,11.6429,3.4926970496357335,0.2196,0.0,6.9400635925000005,6.828377622500001,9.4561776225,12.461677622500002,12.464577622499998,6.828377622500001,9.4561776225,12.461677622500002
p_2gVM0e,Máximo Palazzo,t_2qXAzu,Huracán,DEF,River Plate,False,17,3,3,True,3,True,8.88734,8.157676470588237,13.2216,4.131961029512714,-0.36,14.4217,1.0,0.19485728637634478,1.0,1.015,9.679039588235295,9.824225182058823,2026-09-19 22:00:00,,0.6073754789272031,,,0.6073754789272031,14.0,True,6.218483552578269,,,,,,,,,,,,,,,,,,,,,,,,,,,,,,,,,,,,,,,,,,,,,,,,,,,,,,,,,,,,,,,,,,,,,,,,,,,,,,,,,,,,,,,,,,,,,,,,,,,,,,,,,,,,,,,,,,,,,,,,,,,,,,,,,,,,,,,,,,,,,,,,,,,,,,,,,,,,,,,,,,,,,,,,,,,,,,,,,,,,,,,,,,,,,,,,,17,8.14230188,9.5349,10.2427,13.7421,14.4217,4.018787810579512,0.3542,0.0,9.824225182058823,11.216823302058824,11.924623302058823,15.424023302058824,16.10362330205882,11.216823302058824,11.924623302058823,15.424023302058824
p_2h5dHt,Manuel Panaro,t_0rGDE4,Gimnasia LP,VOL,Banfield,True,20,3,3,True,0,False,2.0871133333333334,4.0792449999999985,8.614900000000004,4.346926661625732,-3.29,15.5016,1.0,0.18702332447850523,1.0,0.955,4.515912666666667,4.312696596666667,2026-09-19 17:30:00,,,0.5310879629629629,,0.5310879629629629,15.0,False,6.15386449878545,,,,,,,,,,,,,,,,,,,,,,,,,,,,,,,,,,,,,,,,,,,,,,,,,,,,,,,,,,,,,,,,,,,,,,,,,,,,,,,,,,,,,,,,,,,,,,,,,,,,,,,,,,,,,,,,,,,,,,,,,,,,,,,,,,,,,,,,,,,,,,,,,,,,,,,,,,,,,,,,,,,,,,,,,,,,,,,,,,,,,,,,,,,,,,,,,20,4.053529419999999,3.0933,6.6125,8.264,11.773,4.21437498159792,0.0972,0.0488,4.312696596666667,3.352467176666668,6.8716671766666675,8.523167176666668,12.032167176666668,3.352467176666668,6.8716671766666675,8.523167176666668
p_2hE23W,Ignacio Arce,t_3TbOfu,Deportivo Riestra,ARQ,Gimnasia y Esgrima Mendoza,False,26,3,3,True,3,True,8.270933333333334,10.842834615384614,16.4,3.7025823742833657,6.32,18.72,1.0,0.21264911923045082,1.0,0.85,11.331960512820512,9.632166435897435,2026-09-19 17:30:00,0.5541750225758575,,,,0.5541750225758575,11.0,True,7.5205623530242764,,,,,,,,,,,,,,,,,,,,,,,,,,,,,,,,,,,,,,,,,,,,,,,,,,,,,,,,,,,,,,,,,,,,,,,,,,,,,,,,,,,,,,,,,,,,,,,,,,,,,,,,,,,,,,,,,,,,,,,,,,,,,,,,,,,,,,,,,,,,,,,,,,,,,,,,,,,,,,,,,,,,,,,,,,,,,,,,,,,,,,,,,,,,,,,,,26,10.862370989999999,10.32,12.8,17.5,18.35,3.656429474839002,0.5032,0.1587,9.632166435897435,9.089795445897437,11.569795445897437,16.269795445897437,17.119795445897438,9.089795445897437,11.569795445897437,16.269795445897437
p_2hGCoi,Luis Ingolotti,t_45vTPl,Atlético Tucumán,ARQ,Aldosivi,False,25,3,3,True,3,True,9.953306666666666,8.952836,13.151640000000002,4.05050894516973,1.4122,18.3753,1.0,0.19799984731368367,1.0,0.896,10.352701733333333,9.276020753066668,2026-09-21 17:30:00,0.4731020036429872,,,,0.4731020036429872,9.0,True,7.5205623530242764,,,,,,,,,,,,,,,,,,,,,,,,,,,,,,,,,,,,,,,,,,,,,,,,,,,,,,,,,,,,,,,,,,,,,,,,,,,,,,,,,,,,,,,,,,,,,,,,,,,,,,,,,,,,,,,,,,,,,,,,,,,,,,,,,,,,,,,,,,,,,,,,,,,,,,,,,,,,,,,,,,,,,,,,,,,,,,,,,,,,,,,,,,,,,,,,,25,8.977665239999999,8.71,12.215,13.4556,15.56,3.9821768100414308,0.4001,0.0819,9.276020753066668,9.00835551306667,12.513355513066669,13.75395551306667,15.85835551306667,9.00835551306667,12.513355513066669,13.75395551306667
p_2ho6O3,Lucas Martínez Quarta,t_1Fzy5s,River Plate,DEF,Huracán,True,28,3,3,True,3,True,12.245233333333333,10.862717857142856,16.65921,4.05884527421774,4.1867,18.2425,1.0,0.19767356892618784,1.0,1.086,12.79572130952381,13.896153342142858,2026-09-19 22:00:00,,0.7293893129770993,,,0.7293893129770993,14.0,True,6.218483552578269,,,,,,,,,,,,,,,,,,,,,,,,,,,,,,,,,,,,,,,,,,,,,,,,,,,,,,,,,,,,,,,,,,,,,,,,,,,,,,,,,,,,,,,,,,,,,,,,,,,,,,,,,,,,,,,,,,,,,,,,,,,,,,,,,,,,,,,,,,,,,,,,,,,,,,,,,,,,,,,,,,,,,,,,,,,,,,,,,,,,,,,,,,,,,,,,,28,10.874095579999999,10.8436,13.5292,17.5081,17.9294,3.988874551404752,0.5721,0.145,13.896153342142858,13.86565776214286,16.55125776214286,20.530157762142856,20.95145776214286,13.86565776214286,16.55125776214286,20.530157762142856
p_2if2Xd,Josué Reinatti,t_3mLGSt,Newell's Old Boys,ARQ,Club Atlético Platense,False,14,3,3,True,3,True,9.103993333333333,9.33922142857143,14.22356,3.641948166779079,5.4067,14.709,1.0,0.21542679152616923,1.0,0.8869999999999999,10.477976238095238,9.293964923190474,2026-09-20 20:00:00,0.6497389706706101,,,,0.6497389706706101,9.0,True,7.5205623530242764,,,,,,,,,,,,,,,,,,,,,,,,,,,,,,,,,,,,,,,,,,,,,,,,,,,,,,,,,,,,,,,,,,,,,,,,,,,,,,,,,,,,,,,,,,,,,,,,,,,,,,,,,,,,,,,,,,,,,,,,,,,,,,,,,,,,,,,,,,,,,,,,,,,,,,,,,,,,,,,,,,,,,,,,,,,,,,,,,,,,,,,,,,,,,,,,,14,9.34233097,8.5613,12.4867,14.3,14.709,3.510120482612507,0.431,0.0,9.293964923190474,8.512933953190473,12.438333953190474,14.251633953190474,14.660633953190473,8.512933953190473,12.438333953190474,14.251633953190474
p_2izVhL,Thiago Santamaría,t_3qkV0m,Sarmiento,DEF,Racing Club,False,16,3,3,True,0,False,2.609566666666667,6.4482125,12.69925,4.947209444508422,0.1041,15.5902,1.0,0.16814608756101357,1.0,0.959,6.667445833333334,6.394080554166667,2026-09-19 00:15:00,,0.40875,,,0.40875,14.0,False,6.218483552578269,,,,,,,,,,,,,,,,,,,,,,,,,,,,,,,,,,,,,,,,,,,,,,,,,,,,,,,,,,,,,,,,,,,,,,,,,,,,,,,,,,,,,,,,,,,,,,,,,,,,,,,,,,,,,,,,,,,,,,,,,,,,,,,,,,,,,,,,,,,,,,,,,,,,,,,,,,,,,,,,,,,,,,,,,,,,,,,,,,,,,,,,,,,,,,,,,16,6.39987631,4.1689,9.624,12.8756,15.5902,4.792395834163094,0.2441,0.0632,6.394080554166667,4.163104244166667,9.618204244166668,12.869804244166668,15.584404244166667,4.163104244166667,9.618204244166668,12.869804244166668
p_2iziuW,Pablo Monje,t_3TbOfu,Deportivo Riestra,VOL,Gimnasia y Esgrima Mendoza,False,22,3,2,True,0,False,3.111513333333334,5.8273363636363635,11.352580000000001,3.8682092553760095,0.91,12.4756,1.0,0.20541434181279092,1.0,0.85,6.258109212121212,5.3193928303030305,2026-09-19 17:30:00,,,0.2945015220700152,,0.2945015220700152,15.0,False,6.15386449878545,,,,,,,,,,,,,,,,,,,,,,,,,,,,,,,,,,,,,,,,,,,,,,,,,,,,,,,,,,,,,,,,,,,,,,,,,,,,,,,,,,,,,,,,,,,,,,,,,,,,,,,,,,,,,,,,,,,,,,,,,,,,,,,,,,,,,,,,,,,,,,,,,,,,,,,,,,,,,,,,,,,,,,,,,,,,,,,,,,,,,,,,,,,,,,,,,22,5.8454574699999995,5.28,9.116,11.405,11.78,3.7514137676668247,0.1785,0.0,5.3193928303030305,4.753935360303031,8.58993536030303,10.87893536030303,11.25393536030303,4.753935360303031,8.58993536030303,10.87893536030303
p_2j4Vzq,Elías Pereyra,t_3FROV0,Barracas Central,DEF,Independiente Rivadavia,True,7,3,3,True,3,True,4.3496,3.689628571428572,8.320500000000001,3.6828809102450784,-1.4167,9.7107,0.7760420854526635,0.21354376059665053,0.9776042085452664,0.8869999999999999,5.078336428571429,4.403602918637407,2026-09-21 22:00:00,,0.6204861111111111,,,0.6204861111111111,14.0,True,6.218483552578269,,,,,,,,,,,,,,,,,,,,,,,,,,,,,,,,,,,,,,,,,,,,,,,,,,,,,,,,,,,,,,,,,,,,,,,,,,,,,,,,,,,,,,,,,,,,,,,,,,,,,,,,,,,,,,,,,,,,,,,,,,,,,,,,,,,,,,,,,,,,,,,,,,,,,,,,,,,,,,,,,,,,,,,,,,,,,,,,,,,,,,,,,,,,,,,,,7,3.7466553700000005,2.5411,7.3937,9.7107,9.7107,3.432835294867664,0.0,0.0,4.403602918637407,3.198047548637407,8.050647548637407,10.367647548637406,10.367647548637406,3.198047548637407,8.050647548637407,10.367647548637406
p_2joXH7,Guzmán Corujo,t_1QqhS7,San Lorenzo,DEF,Boca Juniors,True,6,3,2,True,1,False,4.940733333333333,3.980833333333333,8.52635,3.7732961657769017,-0.47,8.56,0.7418997675932911,0.20949883796645583,0.9741899767593292,0.957,5.4531775,5.083996334923948,2026-09-20 17:45:00,,0.3839583333333333,,,0.3839583333333333,14.0,False,6.218483552578269,,,,,,,,,,,,,,,,,,,,,,,,,,,,,,,,,,,,,,,,,,,,,,,,,,,,,,,,,,,,,,,,,,,,,,,,,,,,,,,,,,,,,,,,,,,,,,,,,,,,,,,,,,,,,,,,,,,,,,,,,,,,,,,,,,,,,,,,,,,,,,,,,,,,,,,,,,,,,,,,,,,,,,,,,,,,,,,,,,,,,,,,,,,,,,,,,6,3.9718715700000002,3.0912,8.4927,8.56,8.56,3.4369636483606767,0.0,0.0,5.083996334923948,4.2033247649239485,9.604824764923947,9.672124764923948,9.672124764923948,4.2033247649239485,9.604824764923947,9.672124764923948
p_2kLWqN,Bruno Sepúlveda,t_2Swqmw,Club Atlético Platense,DEL,Newell's Old Boys,True,1,3,1,True,0,False,-1.0033,-1.0033,-1.0033,0.0,-1.0033,-1.0033,0.7333333333333334,1.0,0.9733333333333334,0.85,-1.0033,-0.8300635333333334,2026-09-20 20:00:00,,,,0.4910853119437456,0.4910853119437456,16.0,False,5.577128809735925,,,,,,,,,,,,,,,,,,,,,,,,,,,,,,,,,,,,,,,,,,,,,,,,,,,,,,,,,,,,,,,,,,,,,,,,,,,,,,,,,,,,,,,,,,,,,,,,,,,,,,,,,,,,,,,,,,,,,,,,,,,,,,,,,,,,,,,,,,,,,,,,,,,,,,,,,,,,,,,,,,,,,,,,,,,,,,,,,,,,,,,,,,,,,,,,,1,-1.0032999999999999,-1.0033,-1.0033,-1.0033,-1.0033,2.220446049250313e-16,0.0,0.0,-0.8300635333333334,-0.8300635333333336,-0.8300635333333336,-0.8300635333333336,-0.8300635333333336,-0.8300635333333336,-0.8300635333333336,-0.8300635333333336
p_2l1GSH,Lautaro Ortíz,t_02LuKO,Talleres,VOL,Instituto De Córdoba,False,2,3,3,True,1,False,6.78,8.275,11.863,6.342747827243331,3.79,12.76,0.5939044262500685,0.13618879791700916,0.9593904426250068,0.9819999999999999,8.64875,8.148172585021271,2026-09-20 00:15:00,,,0.6040505923791226,,0.6040505923791226,15.0,False,6.15386449878545,,,,,,,,,,,,,,,,,,,,,,,,,,,,,,,,,,,,,,,,,,,,,,,,,,,,,,,,,,,,,,,,,,,,,,,,,,,,,,,,,,,,,,,,,,,,,,,,,,,,,,,,,,,,,,,,,,,,,,,,,,,,,,,,,,,,,,,,,,,,,,,,,,,,,,,,,,,,,,,,,,,,,,,,,,,,,,,,,,,,,,,,,,,,,,,,,2,8.320747,12.76,12.76,12.76,12.76,4.484766684231299,0.5051,0.0,8.148172585021271,12.58742558502127,12.58742558502127,12.58742558502127,12.58742558502127,12.58742558502127,12.58742558502127,12.58742558502127
p_2l6eDm,Matías Abaldo,t_1XZg6T,Independiente,DEL,Club Atlético Unión de Santa Fe,False,24,3,3,True,2,True,4.672326666666667,7.2677958333333335,13.278939999999999,5.127912412726116,1.2185,21.7431,1.0,0.16318771102590407,1.0,0.962,7.862167666666666,7.563405295333332,2026-09-19 19:45:00,,,,0.5923369798369799,0.5923369798369799,11.0,True,5.577128809735925,,,,,,,,,,,,,,,,,,,,,,,,,,,,,,,,,,,,,,,,,,,,,,,,,,,,,,,,,,,,,,,,,,,,,,,,,,,,,,,,,,,,,,,,,,,,,,,,,,,,,,,,,,,,,,,,,,,,,,,,,,,,,,,,,,,,,,,,,,,,,,,,,,,,,,,,,,,,,,,,,,,,,,,,,,,,,,,,,,,,,,,,,,,,,,,,,24,7.265504449999999,5.7427,11.1296,13.9255,16.4,4.981013155242937,0.254,0.0815,7.563405295333332,6.0406008453333335,11.427500845333334,14.223400845333334,16.697900845333333,6.0406008453333335,11.427500845333334,14.223400845333334
p_2lDCQ8,Esteban Rolón,t_3FROV0,Barracas Central,VOL,Independiente Rivadavia,True,3,3,3,True,0,False,5.571466666666667,6.231433333333334,8.198680000000001,2.77468923365002,3.1292,8.4761,0.6529844942510951,0.2649224712554754,0.9652984494251096,0.8869999999999999,6.492256666666668,5.558798215426006,2026-09-21 22:00:00,,,0.373719806763285,,0.373719806763285,15.0,False,6.15386449878545,,,,,,,,,,,,,,,,,,,,,,,,,,,,,,,,,,,,,,,,,,,,,,,,,,,,,,,,,,,,,,,,,,,,,,,,,,,,,,,,,,,,,,,,,,,,,,,,,,,,,,,,,,,,,,,,,,,,,,,,,,,,,,,,,,,,,,,,,,,,,,,,,,,,,,,,,,,,,,,,,,,,,,,,,,,,,,,,,,,,,,,,,,,,,,,,,3,6.25535381,7.089,8.4761,8.4761,8.4761,2.2488487281841536,0.0,0.0,5.558798215426006,6.392444405426007,7.779544405426007,7.779544405426007,7.779544405426007,6.392444405426007,7.779544405426007,7.779544405426007
p_2lzqTc,Ulises Ortegoza,t_2RmaMX,Racing Club,VOL,Sarmiento,True,10,3,3,True,3,True,8.253493333333333,6.821709999999999,11.1596,3.8025182005408524,-0.2367,11.1596,0.8749781520822714,0.20822409374469034,0.9874978152082272,0.85,8.407306666666665,7.05686742035106,2026-09-19 00:15:00,,,0.7010416666666667,,0.7010416666666667,15.0,True,6.15386449878545,,,,,,,,,,,,,,,,,,,,,,,,,,,,,,,,,,,,,,,,,,,,,,,,,,,,,,,,,,,,,,,,,,,,,,,,,,,,,,,,,,,,,,,,,,,,,,,,,,,,,,,,,,,,,,,,,,,,,,,,,,,,,,,,,,,,,,,,,,,,,,,,,,,,,,,,,,,,,,,,,,,,,,,,,,,,,,,,,,,,,,,,,,,,,,,,,10,6.7936549,7.224,9.6281,11.1596,11.1596,3.6088934286883547,0.1946,0.0,7.05686742035106,7.48721252035106,9.891312520351061,11.422812520351059,11.422812520351059,7.48721252035106,9.891312520351061,11.422812520351059
p_2mFTYm,Valentín Dávila,t_02LuKO,Talleres,DEL,Instituto De Córdoba,False,24,3,3,True,0,False,2.64666,3.6686416666666664,10.066059999999997,4.769246204765138,-0.51,18.4613,1.0,0.17333286958251928,1.0,0.9819999999999999,4.910302666666666,4.821917218666665,2026-09-20 00:15:00,,,,0.7828703703703703,0.7828703703703703,10.0,False,5.577128809735925,,,,,,,,,,,,,,,,,,,,,,,,,,,,,,,,,,,,,,,,,,,,,,,,,,,,,,,,,,,,,,,,,,,,,,,,,,,,,,,,,,,,,,,,,,,,,,,,,,,,,,,,,,,,,,,,,,,,,,,,,,,,,,,,,,,,,,,,,,,,,,,,,,,,,,,,,,,,,,,,,,,,,,,,,,,,,,,,,,,,,,,,,,,,,,,,,24,3.65367701,1.2357,6.1625,11.515,12.57,4.678382621542884,0.1208,0.0436,4.821917218666665,2.4039402086666652,7.330740208666665,12.683240208666666,13.738240208666666,2.4039402086666652,7.330740208666665,12.683240208666666
p_2n95ER,Rodrigo Aliendro,t_2eRs85,Vélez Sarsfield,VOL,Tigre,True,25,3,3,True,3,True,9.766906666666667,7.10006,12.39746,4.66616313706097,0.0492,16.9263,1.0,0.17648627048156232,1.0,0.955,9.357806333333334,8.936705048333334,2026-09-21 00:30:00,,,0.5664312617702448,,0.5664312617702448,15.0,True,6.15386449878545,,,,,,,,,,,,,,,,,,,,,,,,,,,,,,,,,,,,,,,,,,,,,,,,,,,,,,,,,,,,,,,,,,,,,,,,,,,,,,,,,,,,,,,,,,,,,,,,,,,,,,,,,,,,,,,,,,,,,,,,,,,,,,,,,,,,,,,,,,,,,,,,,,,,,,,,,,,,,,,,,,,,,,,,,,,,,,,,,,,,,,,,,,,,,,,,,25,7.006491699999999,7.09,10.2368,12.5233,14.883,4.581819240434864,0.2682,0.0416,8.936705048333334,9.020213348333336,12.167013348333334,14.453513348333335,16.813213348333335,9.020213348333336,12.167013348333334,14.453513348333335
p_2nGaYr,Leonardo Heredia,t_2Swqmw,Club Atlético Platense,DEL,Newell's Old Boys,True,19,3,1,True,0,False,4.2592333333333325,2.6691368421052633,5.498999999999999,2.4428918282802377,-0.57,8.04,1.0,0.29045350533115966,1.0,0.85,3.9331364035087715,3.3431659429824556,2026-09-20 20:00:00,,,,0.4941091954022988,0.4941091954022988,11.0,False,5.577128809735925,,,,,,,,,,,,,,,,,,,,,,,,,,,,,,,,,,,,,,,,,,,,,,,,,,,,,,,,,,,,,,,,,,,,,,,,,,,,,,,,,,,,,,,,,,,,,,,,,,,,,,,,,,,,,,,,,,,,,,,,,,,,,,,,,,,,,,,,,,,,,,,,,,,,,,,,,,,,,,,,,,,,,,,,,,,,,,,,,,,,,,,,,,,,,,,,,19,2.72108983,2.394,4.368,6.5922,8.04,2.381136434890611,0.0,0.0,3.3431659429824556,3.016076112982456,4.990076112982456,7.214276112982455,8.662076112982454,3.016076112982456,4.990076112982456,7.214276112982455
p_2nrS5l,Valentín Fascendini,t_02LuKO,Talleres,DEF,Instituto De Córdoba,False,6,3,3,True,2,True,5.993800000000001,5.545883333333333,7.1160499999999995,1.7344593133500326,3.4307,7.2035,0.7731406018819043,0.3657030094095213,0.9773140601881904,0.9819999999999999,6.095195833333333,5.849696016941832,2026-09-20 00:15:00,,0.592962962962963,,,0.592962962962963,14.0,True,6.218483552578269,,,,,,,,,,,,,,,,,,,,,,,,,,,,,,,,,,,,,,,,,,,,,,,,,,,,,,,,,,,,,,,,,,,,,,,,,,,,,,,,,,,,,,,,,,,,,,,,,,,,,,,,,,,,,,,,,,,,,,,,,,,,,,,,,,,,,,,,,,,,,,,,,,,,,,,,,,,,,,,,,,,,,,,,,,,,,,,,,,,,,,,,,,,,,,,,,6,5.56057924,6.9042,7.0286,7.2035,7.2035,1.582697811119047,0.0,0.0,5.849696016941832,7.193316776941832,7.317716776941832,7.492616776941832,7.492616776941832,7.193316776941832,7.317716776941832,7.492616776941832
p_2qOlGo,Juan Elordi,t_0SmVI4,Independiente Rivadavia,DEF,Barracas Central,False,23,3,3,True,2,True,8.64302,9.118978260869566,13.52232,3.921428413793363,4.0011,20.7897,1.0,0.20319303989006213,1.0,0.9869999999999999,10.053228304347826,9.922536336391303,2026-09-21 22:00:00,,0.4143333333333333,,,0.4143333333333333,14.0,True,6.218483552578269,,,,,,,,,,,,,,,,,,,,,,,,,,,,,,,,,,,,,,,,,,,,,,,,,,,,,,,,,,,,,,,,,,,,,,,,,,,,,,,,,,,,,,,,,,,,,,,,,,,,,,,,,,,,,,,,,,,,,,,,,,,,,,,,,,,,,,,,,,,,,,,,,,,,,,,,,,,,,,,,,,,,,,,,,,,,,,,,,,,,,,,,,,,,,,,,,23,9.1617148,9.2248,11.3086,13.686,13.86,3.853899428332161,0.4385,0.0451,9.922536336391303,9.985621536391303,12.069421536391303,14.446821536391303,14.620821536391302,9.985621536391303,12.069421536391303,14.446821536391303
p_2rVKv4,Giovanni González,t_1Fzy5s,River Plate,DEF,Huracán,True,3,3,3,True,0,False,6.976216666666666,7.8821666666666665,10.5567,3.786452965947594,3.6422,10.9264,0.6417845952781456,0.20892297639072815,0.9641784595278146,1.086,8.2337175,8.621507538096209,2026-09-19 22:00:00,,0.7248641819840328,,,0.7248641819840328,16.0,False,6.218483552578269,,,,,,,,,,,,,,,,,,,,,,,,,,,,,,,,,,,,,,,,,,,,,,,,,,,,,,,,,,,,,,,,,,,,,,,,,,,,,,,,,,,,,,,,,,,,,,,,,,,,,,,,,,,,,,,,,,,,,,,,,,,,,,,,,,,,,,,,,,,,,,,,,,,,,,,,,,,,,,,,,,,,,,,,,,,,,,,,,,,,,,,,,,,,,,,,,3,7.887537090000001,9.0779,10.9264,10.9264,10.9264,3.0886854377264332,0.3332,0.0,8.621507538096209,9.811870448096208,11.660370448096206,11.660370448096206,11.660370448096206,9.811870448096208,11.660370448096206,11.660370448096206
p_2ralsZ,Facundo Zabala,t_1XZg6T,Independiente,DEF,Club Atlético Unión de Santa Fe,False,23,3,3,True,3,True,10.351173333333334,10.003904347826087,15.952720000000001,5.135643915941201,-2.72,18.75,1.0,0.1629820787679464,1.0,0.962,11.612652405797101,11.171371614376811,2026-09-19 19:45:00,,0.5893496577145866,,,0.5893496577145866,15.0,True,6.218483552578269,,,,,,,,,,,,,,,,,,,,,,,,,,,,,,,,,,,,,,,,,,,,,,,,,,,,,,,,,,,,,,,,,,,,,,,,,,,,,,,,,,,,,,,,,,,,,,,,,,,,,,,,,,,,,,,,,,,,,,,,,,,,,,,,,,,,,,,,,,,,,,,,,,,,,,,,,,,,,,,,,,,,,,,,,,,,,,,,,,,,,,,,,,,,,,,,,23,10.114016569999999,10.0613,12.2623,16.0484,18.7293,5.048523144749803,0.5307,0.2287,11.171371614376811,11.118655044376812,13.319655044376812,17.105755044376814,19.78665504437681,11.118655044376812,13.319655044376812,17.105755044376814
p_2rnkiH,Maximiliano Amarfil,t_2Swqmw,Club Atlético Platense,VOL,Newell's Old Boys,True,16,3,2,True,1,False,6.026366666666666,7.403112500000001,10.100999999999999,3.2150479848933307,3.0,15.5167,1.0,0.23724522320599556,1.0,0.85,7.595723333333333,6.456364833333333,2026-09-20 20:00:00,,,0.5420601851851852,,0.5420601851851852,15.0,False,6.15386449878545,,,,,,,,,,,,,,,,,,,,,,,,,,,,,,,,,,,,,,,,,,,,,,,,,,,,,,,,,,,,,,,,,,,,,,,,,,,,,,,,,,,,,,,,,,,,,,,,,,,,,,,,,,,,,,,,,,,,,,,,,,,,,,,,,,,,,,,,,,,,,,,,,,,,,,,,,,,,,,,,,,,,,,,,,,,,,,,,,,,,,,,,,,,,,,,,,16,7.39776774,7.5404,9.3152,10.2,15.5167,3.135590548041197,0.1897,0.0637,6.456364833333333,6.598997093333333,8.373797093333334,9.258597093333332,14.575297093333333,6.598997093333333,8.373797093333334,9.258597093333332
p_2rodt6,Nicolás Retamar,t_2Swqmw,Club Atlético Platense,VOL,Newell's Old Boys,True,19,3,2,True,2,True,7.562080000000001,6.083621052631578,11.683059999999998,4.216494350442076,0.736,15.4571,1.0,0.19169962293072437,1.0,0.85,8.00094142105263,6.800800207894736,2026-09-20 20:00:00,,,0.5420601851851852,,0.5420601851851852,15.0,True,6.15386449878545,,,,,,,,,,,,,,,,,,,,,,,,,,,,,,,,,,,,,,,,,,,,,,,,,,,,,,,,,,,,,,,,,,,,,,,,,,,,,,,,,,,,,,,,,,,,,,,,,,,,,,,,,,,,,,,,,,,,,,,,,,,,,,,,,,,,,,,,,,,,,,,,,,,,,,,,,,,,,,,,,,,,,,,,,,,,,,,,,,,,,,,,,,,,,,,,,19,6.12814404,5.7584,9.4767,13.3625,15.4571,4.1294043361480695,0.2143,0.0553,6.800800207894736,6.431056167894736,10.149356167894735,14.035156167894737,16.129756167894737,6.431056167894736,10.149356167894735,14.035156167894737
p_2skQe1,Julián Contrera,t_3qkV0m,Sarmiento,VOL,Racing Club,False,20,3,2,True,2,True,5.124586666666667,5.506435,9.910520000000004,4.085809020612815,-1.814,12.3027,1.0,0.19662555081148228,1.0,0.959,6.4738093333333335,6.208383150666666,2026-09-19 00:15:00,,,0.48625,,0.48625,15.0,True,6.15386449878545,,,,,,,,,,,,,,,,,,,,,,,,,,,,,,,,,,,,,,,,,,,,,,,,,,,,,,,,,,,,,,,,,,,,,,,,,,,,,,,,,,,,,,,,,,,,,,,,,,,,,,,,,,,,,,,,,,,,,,,,,,,,,,,,,,,,,,,,,,,,,,,,,,,,,,,,,,,,,,,,,,,,,,,,,,,,,,,,,,,,,,,,,,,,,,,,,20,5.47662488,4.93,9.7244,9.7481,11.3723,4.004908602332266,0.0976,0.0,6.208383150666666,5.661758270666666,10.456158270666666,10.479858270666668,12.104058270666666,5.661758270666666,10.456158270666666,10.479858270666668
p_2suVlP,Franco Vázquez,t_3XuEvf,Argentinos Juniors,DEF,Rosario Central,False,7,3,3,True,3,True,9.612166666666667,9.403257142857143,11.151,1.9256715416161905,5.9607,11.9058,0.8016937070646637,0.3418018686566514,0.9801693707064664,0.8859999999999999,9.91331119047619,8.609017456191166,2026-09-20 20:00:00,,0.7293823004706205,,,0.7293823004706205,16.0,True,6.218483552578269,,,,,,,,,,,,,,,,,,,,,,,,,,,,,,,,,,,,,,,,,,,,,,,,,,,,,,,,,,,,,,,,,,,,,,,,,,,,,,,,,,,,,,,,,,,,,,,,,,,,,,,,,,,,,,,,,,,,,,,,,,,,,,,,,,,,,,,,,,,,,,,,,,,,,,,,,,,,,,,,,,,,,,,,,,,,,,,,,,,,,,,,,,,,,,,,,7,9.407096319999999,9.4936,10.6478,11.9058,11.9058,1.8061086224904792,0.4322,0.0,8.609017456191166,8.695521136191168,9.849721136191167,11.107721136191167,11.107721136191167,8.695521136191168,9.849721136191167,11.107721136191167
p_2tK1WJ,Axel Werner,t_1rEb7t,Rosario Central,ARQ,Argentinos Juniors,True,1,3,3,True,0,False,15.76,15.76,15.76,0.0,15.76,15.76,0.7333333333333334,1.0,0.9733333333333334,1.015,15.76,15.569829333333331,2026-09-20 20:00:00,0.4681466612802774,,,,0.4681466612802774,9.0,False,7.5205623530242764,,,,,,,,,,,,,,,,,,,,,,,,,,,,,,,,,,,,,,,,,,,,,,,,,,,,,,,,,,,,,,,,,,,,,,,,,,,,,,,,,,,,,,,,,,,,,,,,,,,,,,,,,,,,,,,,,,,,,,,,,,,,,,,,,,,,,,,,,,,,,,,,,,,,,,,,,,,,,,,,,,,,,,,,,,,,,,,,,,,,,,,,,,,,,,,,,1,15.76,15.76,15.76,15.76,15.76,0.0,1.0,1.0,15.569829333333331,15.569829333333331,15.569829333333331,15.569829333333331,15.569829333333331,15.569829333333331,15.569829333333331,15.569829333333331
p_2tyvWq,Facundo Mallo,t_1rEb7t,Rosario Central,DEF,Argentinos Juniors,True,13,3,3,True,0,False,5.957653333333334,5.6401076923076925,9.58912,3.8565274411188315,0.9418,13.9631,0.9745150217773555,0.2059084422201109,0.9974515021777356,1.015,6.738501743589744,6.822148616869444,2026-09-20 20:00:00,,0.6562401263823064,,,0.6562401263823064,14.0,False,6.218483552578269,,,,,,,,,,,,,,,,,,,,,,,,,,,,,,,,,,,,,,,,,,,,,,,,,,,,,,,,,,,,,,,,,,,,,,,,,,,,,,,,,,,,,,,,,,,,,,,,,,,,,,,,,,,,,,,,,,,,,,,,,,,,,,,,,,,,,,,,,,,,,,,,,,,,,,,,,,,,,,,,,,,,,,,,,,,,,,,,,,,,,,,,,,,,,,,,,13,5.6474958299999996,4.1051,8.76,9.5914,13.9631,3.727644869354055,0.0794,0.0,6.822148616869444,5.2797527868694445,9.934652786869444,10.766052786869444,15.137752786869445,5.2797527868694445,9.934652786869444,10.766052786869444
p_2usscp,Gabriel Báez,t_02LuKO,Talleres,DEF,Instituto De Córdoba,False,13,3,3,True,3,True,9.35764,7.577238461538462,12.015300000000002,3.563218322092745,0.0538,12.4278,0.977162049358535,0.21914358012600818,0.9977162049358536,0.9819999999999999,9.309894384615385,9.121437108884177,2026-09-20 00:15:00,,0.7275132275132276,,,0.7275132275132276,14.0,True,6.218483552578269,,,,,,,,,,,,,,,,,,,,,,,,,,,,,,,,,,,,,,,,,,,,,,,,,,,,,,,,,,,,,,,,,,,,,,,,,,,,,,,,,,,,,,,,,,,,,,,,,,,,,,,,,,,,,,,,,,,,,,,,,,,,,,,,,,,,,,,,,,,,,,,,,,,,,,,,,,,,,,,,,,,,,,,,,,,,,,,,,,,,,,,,,,,,,,,,,13,7.61896137,7.1461,10.13,12.3503,12.4278,3.422847833788514,0.3155,0.0,9.121437108884177,8.648575738884176,11.632475738884178,13.852775738884176,13.930275738884177,8.648575738884176,11.632475738884178,13.852775738884176
p_2uz4qA,Luis Sequeira,t_0SmVI4,Independiente Rivadavia,VOL,Barracas Central,False,6,3,3,True,0,False,3.1940933333333335,3.2895333333333334,5.45265,1.8458529038541143,1.29,5.762,0.7702777011872756,0.35138850593637805,0.9770277701187275,0.9869999999999999,3.7969085000000002,3.6614591395135445,2026-09-21 22:00:00,,,0.3987777777777778,,0.3987777777777778,15.0,False,6.15386449878545,,,,,,,,,,,,,,,,,,,,,,,,,,,,,,,,,,,,,,,,,,,,,,,,,,,,,,,,,,,,,,,,,,,,,,,,,,,,,,,,,,,,,,,,,,,,,,,,,,,,,,,,,,,,,,,,,,,,,,,,,,,,,,,,,,,,,,,,,,,,,,,,,,,,,,,,,,,,,,,,,,,,,,,,,,,,,,,,,,,,,,,,,,,,,,,,,6,3.2787823300000003,2.4267,5.1433,5.762,5.762,1.674049480543144,0.0,0.0,3.6614591395135445,2.809376809513544,5.525976809513544,6.144676809513544,6.144676809513544,2.809376809513544,5.525976809513544,6.144676809513544
p_2vSGRb,Facundo Altamira,t_1DVMAZ,Defensa y Justicia,DEL,Central Córdoba,False,6,3,1,True,0,False,2.958666666666667,2.2583333333333333,4.74,2.5684969664507427,-1.23,5.66,0.7560460053294992,0.2802300266474959,0.97560460053295,0.999,3.123866666666667,3.0446110327600797,2026-09-18 21:00:00,,,,0.5651767427401069,0.5651767427401069,11.0,False,5.577128809735925,,,,,,,,,,,,,,,,,,,,,,,,,,,,,,,,,,,,,,,,,,,,,,,,,,,,,,,,,,,,,,,,,,,,,,,,,,,,,,,,,,,,,,,,,,,,,,,,,,,,,,,,,,,,,,,,,,,,,,,,,,,,,,,,,,,,,,,,,,,,,,,,,,,,,,,,,,,,,,,,,,,,,,,,,,,,,,,,,,,,,,,,,,,,,,,,,6,2.268093,3.78,3.82,5.66,5.66,2.3501931225648245,0.0,0.0,3.0446110327600797,4.55651803276008,4.59651803276008,6.43651803276008,6.43651803276008,4.55651803276008,4.59651803276008,6.43651803276008
p_2vr8Bq,Álex Verón,t_2eRs85,Vélez Sarsfield,VOL,Tigre,True,12,3,3,True,1,False,2.3238866666666667,2.9443333333333332,5.798570000000001,2.1682418912076855,-0.09,6.3413,0.9631264931364705,0.31563246568235204,0.996312649313647,0.955,3.4407361666666665,3.2737867623399057,2026-09-21 00:30:00,,,0.5664312617702448,,0.5664312617702448,15.0,False,6.15386449878545,,,,,,,,,,,,,,,,,,,,,,,,,,,,,,,,,,,,,,,,,,,,,,,,,,,,,,,,,,,,,,,,,,,,,,,,,,,,,,,,,,,,,,,,,,,,,,,,,,,,,,,,,,,,,,,,,,,,,,,,,,,,,,,,,,,,,,,,,,,,,,,,,,,,,,,,,,,,,,,,,,,,,,,,,,,,,,,,,,,,,,,,,,,,,,,,,12,2.93146028,2.0367,4.2614,5.9,6.3413,2.076126102093108,0.0,0.0,3.2737867623399057,2.379026482339906,4.603726482339906,6.242326482339906,6.683626482339906,2.379026482339906,4.603726482339906,6.242326482339906
p_2w9GwT,Oscar Cortés,t_2qXAzu,Huracán,DEL,River Plate,False,26,3,3,True,3,True,11.074373333333334,8.918099999999999,14.919799999999999,5.14995663492422,0.765,22.7258,1.0,0.1626027725661064,1.0,1.015,11.173220666666666,11.340818976666664,2026-09-19 22:00:00,,,,0.5751480320445839,0.5751480320445839,11.0,True,5.577128809735925,,,,,,,,,,,,,,,,,,,,,,,,,,,,,,,,,,,,,,,,,,,,,,,,,,,,,,,,,,,,,,,,,,,,,,,,,,,,,,,,,,,,,,,,,,,,,,,,,,,,,,,,,,,,,,,,,,,,,,,,,,,,,,,,,,,,,,,,,,,,,,,,,,,,,,,,,,,,,,,,,,,,,,,,,,,,,,,,,,,,,,,,,,,,,,,,,26,8.96275092,9.2489,11.6352,15.4775,16.2383,4.970145313685622,0.4277,0.1128,11.340818976666664,11.626968056666666,14.013268056666664,17.855568056666662,18.616368056666666,11.626968056666666,14.013268056666664,17.855568056666662
p_2wlp9Z,Franco Zapiola,t_2Swqmw,Club Atlético Platense,VOL,Newell's Old Boys,True,22,3,3,True,2,True,7.470326666666667,7.260004545454544,14.165360000000002,4.8369927605089975,1.005,15.5238,1.0,0.17132109650120553,1.0,0.85,9.059956151515152,7.7009627287878795,2026-09-20 20:00:00,,,0.5420601851851852,,0.5420601851851852,15.0,True,6.15386449878545,,,,,,,,,,,,,,,,,,,,,,,,,,,,,,,,,,,,,,,,,,,,,,,,,,,,,,,,,,,,,,,,,,,,,,,,,,,,,,,,,,,,,,,,,,,,,,,,,,,,,,,,,,,,,,,,,,,,,,,,,,,,,,,,,,,,,,,,,,,,,,,,,,,,,,,,,,,,,,,,,,,,,,,,,,,,,,,,,,,,,,,,,,,,,,,,,22,7.24458258,7.5985,10.7873,14.2567,14.4579,4.675731880797117,0.3121,0.0421,7.7009627287878795,8.054880148787879,11.24368014878788,14.71308014878788,14.91428014878788,8.054880148787879,11.24368014878788,14.71308014878788
p_2wtzyq,Santiago Villarreal,t_0rGDE4,Gimnasia LP,VOL,Banfield,True,2,3,1,True,0,False,3.86,4.35,5.526000000000001,2.0788939366884502,2.88,5.82,0.6316250589051187,0.32479196119226006,0.9631625058905119,0.955,4.4725,4.113895813753525,2026-09-19 17:30:00,,,0.2749999999999999,,0.2749999999999999,15.0,False,6.15386449878545,,,,,,,,,,,,,,,,,,,,,,,,,,,,,,,,,,,,,,,,,,,,,,,,,,,,,,,,,,,,,,,,,,,,,,,,,,,,,,,,,,,,,,,,,,,,,,,,,,,,,,,,,,,,,,,,,,,,,,,,,,,,,,,,,,,,,,,,,,,,,,,,,,,,,,,,,,,,,,,,,,,,,,,,,,,,,,,,,,,,,,,,,,,,,,,,,2,4.33677,2.88,5.82,5.82,5.82,1.4699404637943676,0.0,0.0,4.113895813753525,2.6571258137535256,5.597125813753526,5.597125813753526,5.597125813753526,2.6571258137535256,5.597125813753526,5.597125813753526
p_2wyMSd,Gabriel Obredor,t_3TbOfu,Deportivo Riestra,VOL,Gimnasia y Esgrima Mendoza,False,18,3,3,True,0,False,2.97176,2.044483333333334,3.75687,1.4968130215463078,-0.56,4.6625,1.0,0.40051056741953683,1.0,0.85,2.7971268333333335,2.3775578083333335,2026-09-19 17:30:00,,,0.2945015220700152,,0.2945015220700152,15.0,False,6.15386449878545,,,,,,,,,,,,,,,,,,,,,,,,,,,,,,,,,,,,,,,,,,,,,,,,,,,,,,,,,,,,,,,,,,,,,,,,,,,,,,,,,,,,,,,,,,,,,,,,,,,,,,,,,,,,,,,,,,,,,,,,,,,,,,,,,,,,,,,,,,,,,,,,,,,,,,,,,,,,,,,,,,,,,,,,,,,,,,,,,,,,,,,,,,,,,,,,,18,2.05083188,2.3133,3.17,3.7729,4.6625,1.4508987318719613,0.0,0.0,2.3775578083333335,2.6400259283333334,3.4967259283333334,4.099625928333333,4.989225928333333,2.6400259283333334,3.4967259283333334,4.099625928333333
p_2x4DpJ,Lautaro Piola,t_2eRs85,Vélez Sarsfield,ARQ,Tigre,True,1,3,3,True,0,False,0.03,0.03,0.03,0.0,0.03,0.03,0.7333333333333334,1.0,0.9733333333333334,0.955,0.03,0.027886,2026-09-21 00:30:00,0.6326585292502094,,,,0.6326585292502094,11.0,False,7.5205623530242764,,,,,,,,,,,,,,,,,,,,,,,,,,,,,,,,,,,,,,,,,,,,,,,,,,,,,,,,,,,,,,,,,,,,,,,,,,,,,,,,,,,,,,,,,,,,,,,,,,,,,,,,,,,,,,,,,,,,,,,,,,,,,,,,,,,,,,,,,,,,,,,,,,,,,,,,,,,,,,,,,,,,,,,,,,,,,,,,,,,,,,,,,,,,,,,,,1,0.03,0.03,0.03,0.03,0.03,0.0,0.0,0.0,0.027886,0.027886,0.027886,0.027886,0.027886,0.027886,0.027886,0.027886
p_2xZbaM,Federico Vera,t_2qXAzu,Huracán,DEF,River Plate,False,6,3,3,True,0,False,8.733113333333334,7.933399999999999,13.0276,4.254885086579895,4.5211,15.0852,0.7380598237078041,0.1902991185390208,0.9738059823707804,1.015,9.486849666666666,9.376926223641027,2026-09-19 22:00:00,,0.6520833333333333,,,0.6520833333333333,14.0,False,6.218483552578269,,,,,,,,,,,,,,,,,,,,,,,,,,,,,,,,,,,,,,,,,,,,,,,,,,,,,,,,,,,,,,,,,,,,,,,,,,,,,,,,,,,,,,,,,,,,,,,,,,,,,,,,,,,,,,,,,,,,,,,,,,,,,,,,,,,,,,,,,,,,,,,,,,,,,,,,,,,,,,,,,,,,,,,,,,,,,,,,,,,,,,,,,,,,,,,,,6,7.9374015700000005,4.9856,10.97,15.0852,15.0852,3.90748087435403,0.3307,0.1712,9.376926223641027,6.425124653641026,12.409524653641027,16.524724653641027,16.524724653641027,6.425124653641026,12.409524653641027,16.524724653641027
p_2yRMOn,Facundo Kalinger,t_2qXAzu,Huracán,VOL,River Plate,False,16,3,3,True,3,True,6.872966666666667,5.5372,9.3512,4.005830413285116,0.9411,16.37,1.0,0.19976705510160142,1.0,1.015,6.958218333333333,7.062591608333332,2026-09-19 22:00:00,,,0.6124716553287982,,0.6124716553287982,15.0,True,6.15386449878545,,,,,,,,,,,,,,,,,,,,,,,,,,,,,,,,,,,,,,,,,,,,,,,,,,,,,,,,,,,,,,,,,,,,,,,,,,,,,,,,,,,,,,,,,,,,,,,,,,,,,,,,,,,,,,,,,,,,,,,,,,,,,,,,,,,,,,,,,,,,,,,,,,,,,,,,,,,,,,,,,,,,,,,,,,,,,,,,,,,,,,,,,,,,,,,,,16,5.5227226300000005,4.7911,7.0414,9.6727,16.37,3.915919440211824,0.0647,0.0647,7.062591608333332,6.330968978333332,8.581268978333332,11.212568978333334,17.909868978333332,6.330968978333332,8.581268978333332,11.212568978333334
p_2z0L2z,Facundo Farías,t_1QqhS7,San Lorenzo,VOL,Boca Juniors,True,2,3,2,True,2,True,12.334166666666667,12.4346,12.675640000000001,0.42610254634301403,12.1333,12.7359,0.7069090359919752,0.7012118466265429,0.9706909035991975,0.957,12.459708333333333,11.574460942417156,2026-09-20 17:45:00,,,0.6112268518518519,,0.6112268518518519,15.0,True,6.15386449878545,,,,,,,,,,,,,,,,,,,,,,,,,,,,,,,,,,,,,,,,,,,,,,,,,,,,,,,,,,,,,,,,,,,,,,,,,,,,,,,,,,,,,,,,,,,,,,,,,,,,,,,,,,,,,,,,,,,,,,,,,,,,,,,,,,,,,,,,,,,,,,,,,,,,,,,,,,,,,,,,,,,,,,,,,,,,,,,,,,,,,,,,,,,,,,,,,2,12.435805199999999,12.7359,12.7359,12.7359,12.7359,0.3012975895903586,1.0,0.0,11.574460942417156,11.874555742417158,11.874555742417158,11.874555742417158,11.874555742417158,11.874555742417158,11.874555742417158,11.874555742417158
p_2zZ48h,Augusto Lotti,t_2Swqmw,Club Atlético Platense,DEL,Newell's Old Boys,True,9,3,2,True,0,False,1.4522333333333333,3.880455555555555,8.846,3.6395450639850275,0.08,10.91,0.8431076748348716,0.2155383741743579,0.9843107674834872,0.85,4.271963888888889,3.5741990460138706,2026-09-20 20:00:00,,,,0.4941091954022988,0.4941091954022988,11.0,False,5.577128809735925,,,,,,,,,,,,,,,,,,,,,,,,,,,,,,,,,,,,,,,,,,,,,,,,,,,,,,,,,,,,,,,,,,,,,,,,,,,,,,,,,,,,,,,,,,,,,,,,,,,,,,,,,,,,,,,,,,,,,,,,,,,,,,,,,,,,,,,,,,,,,,,,,,,,,,,,,,,,,,,,,,,,,,,,,,,,,,,,,,,,,,,,,,,,,,,,,9,3.9042197699999988,2.4,4.8854,10.91,10.91,3.4434091659473385,0.1123,0.0,3.5741990460138706,2.0699792760138718,4.555379276013872,10.579979276013873,10.579979276013873,2.0699792760138718,4.555379276013872,10.579979276013873
p_30aPId,Álvaro Montero,t_0otcXZ,Boca Juniors,ARQ,San Lorenzo,False,8,3,2,True,2,True,8.373606666666667,7.2082375,12.29501,4.193179601256409,-0.1387,13.5667,0.8051787181180767,0.1925602572570503,0.9805178718118077,1.028,8.887809833333334,8.958666761567805,2026-09-20 17:45:00,0.6696216629271942,,,,0.6696216629271942,9.0,True,7.5205623530242764,,,,,,,,,,,,,,,,,,,,,,,,,,,,,,,,,,,,,,,,,,,,,,,,,,,,,,,,,,,,,,,,,,,,,,,,,,,,,,,,,,,,,,,,,,,,,,,,,,,,,,,,,,,,,,,,,,,,,,,,,,,,,,,,,,,,,,,,,,,,,,,,,,,,,,,,,,,,,,,,,,,,,,,,,,,,,,,,,,,,,,,,,,,,,,,,,8,7.23726679,7.576,11.75,13.5667,13.5667,3.9374802864547904,0.2554,0.0,8.958666761567805,9.297399971567806,13.471399971567806,15.288099971567807,15.288099971567807,9.297399971567806,13.471399971567806,15.288099971567807
p_30zDYy,Tomás González,t_3TbOfu,Deportivo Riestra,DEL,Gimnasia y Esgrima Mendoza,False,10,3,3,True,1,False,3.59568,4.23083,10.46833,4.271314587402286,-0.59,11.8033,0.8712745331391601,0.18970599902913438,0.987127453313916,0.85,5.567902500000001,4.671795002856409,2026-09-19 17:30:00,,,,0.6687806305317826,0.6687806305317826,16.0,False,5.577128809735925,,,,,,,,,,,,,,,,,,,,,,,,,,,,,,,,,,,,,,,,,,,,,,,,,,,,,,,,,,,,,,,,,,,,,,,,,,,,,,,,,,,,,,,,,,,,,,,,,,,,,,,,,,,,,,,,,,,,,,,,,,,,,,,,,,,,,,,,,,,,,,,,,,,,,,,,,,,,,,,,,,,,,,,,,,,,,,,,,,,,,,,,,,,,,,,,,10,4.237311169999999,3.9433,6.7564,11.8033,11.8033,4.078878222501161,0.2022,0.0,4.671795002856409,4.37778383285641,7.19088383285641,12.23778383285641,12.23778383285641,4.37778383285641,7.19088383285641,12.23778383285641
p_32Pavy,Lucas Janson,t_0rGDE4,Gimnasia LP,DEL,Banfield,True,6,3,3,True,3,True,6.084893333333334,6.427666666666667,9.8245,2.8919986705852176,3.03,10.86,0.7513874790121464,0.25693739506073254,0.9751387479012147,0.955,7.156904333333333,6.664920867584949,2026-09-19 17:30:00,,,,0.5826948263573493,0.5826948263573493,16.0,True,5.577128809735925,,,,,,,,,,,,,,,,,,,,,,,,,,,,,,,,,,,,,,,,,,,,,,,,,,,,,,,,,,,,,,,,,,,,,,,,,,,,,,,,,,,,,,,,,,,,,,,,,,,,,,,,,,,,,,,,,,,,,,,,,,,,,,,,,,,,,,,,,,,,,,,,,,,,,,,,,,,,,,,,,,,,,,,,,,,,,,,,,,,,,,,,,,,,,,,,,6,6.4554024100000005,5.9041,8.789,10.86,10.86,2.6450025589581556,0.1706,0.0,6.664920867584949,6.113618457584948,8.998518457584948,11.069518457584948,11.069518457584948,6.113618457584948,8.998518457584948,11.069518457584948
p_336XCT,Juan Chala,t_1dhmUh,Estudiantes de Río Cuarto,VOL,Club Atlético Belgrano,False,3,3,3,True,0,False,0.08166666666666667,0.16333333333333333,0.392,0.2829016319029166,0.0,0.49,0.7558965980137867,0.7794829900689337,0.9755896598013787,0.85,0.19191666666666668,0.15914712821201576,2026-09-20 22:15:00,,,0.4092847434590554,,0.4092847434590554,15.0,False,6.15386449878545,,,,,,,,,,,,,,,,,,,,,,,,,,,,,,,,,,,,,,,,,,,,,,,,,,,,,,,,,,,,,,,,,,,,,,,,,,,,,,,,,,,,,,,,,,,,,,,,,,,,,,,,,,,,,,,,,,,,,,,,,,,,,,,,,,,,,,,,,,,,,,,,,,,,,,,,,,,,,,,,,,,,,,,,,,,,,,,,,,,,,,,,,,,,,,,,,3,0.16160200000000002,0.0,0.49,0.49,0.49,0.23036877738964542,0.0,0.0,0.15914712821201576,-0.0024548717879842585,0.48754512821201573,0.48754512821201573,0.48754512821201573,-0.0024548717879842585,0.48754512821201573,0.48754512821201573
p_33Honj,Gabriel Compagnucci,t_45vTPl,Atlético Tucumán,VOL,Aldosivi,False,16,3,2,True,0,False,3.35396,4.27213125,8.2188,3.154911021401132,-0.39,10.5,1.0,0.24067904098287451,1.0,0.896,4.9374385,4.423944896,2026-09-21 17:30:00,,,0.4752,,0.4752,15.0,False,6.15386449878545,,,,,,,,,,,,,,,,,,,,,,,,,,,,,,,,,,,,,,,,,,,,,,,,,,,,,,,,,,,,,,,,,,,,,,,,,,,,,,,,,,,,,,,,,,,,,,,,,,,,,,,,,,,,,,,,,,,,,,,,,,,,,,,,,,,,,,,,,,,,,,,,,,,,,,,,,,,,,,,,,,,,,,,,,,,,,,,,,,,,,,,,,,,,,,,,,16,4.24463373,3.88,5.6852,9.48,10.5,3.0384330281780585,0.0597,0.0,4.423944896,4.059311166,5.864511166,9.659311166,10.679311166,4.059311166,5.864511166,9.659311166
p_33jhYq,Elías Verón,t_1rEb7t,Rosario Central,DEF,Argentinos Juniors,True,7,3,3,True,0,False,6.695113333333334,7.346185714285714,12.24178,5.429274102931432,-2.55,13.5997,0.764441044219203,0.1555385544293483,0.9764441044219203,1.015,8.342208952380952,8.267886260649266,2026-09-20 20:00:00,,0.6528985507246376,,,0.6528985507246376,14.0,False,6.218483552578269,,,,,,,,,,,,,,,,,,,,,,,,,,,,,,,,,,,,,,,,,,,,,,,,,,,,,,,,,,,,,,,,,,,,,,,,,,,,,,,,,,,,,,,,,,,,,,,,,,,,,,,,,,,,,,,,,,,,,,,,,,,,,,,,,,,,,,,,,,,,,,,,,,,,,,,,,,,,,,,,,,,,,,,,,,,,,,,,,,,,,,,,,,,,,,,,,7,7.3512569,7.8311,11.3365,13.5997,13.5997,5.013306106472892,0.4258,0.0,8.267886260649266,8.747729360649267,12.253129360649265,14.516329360649266,14.516329360649266,8.747729360649267,12.253129360649265,14.516329360649266
p_34RQqa,Luca Feler,t_2eRs85,Vélez Sarsfield,VOL,Tigre,True,10,3,3,True,0,False,3.4735266666666664,3.16732,5.850779999999999,2.226858907769217,0.73,6.7578,0.8953131117235398,0.3098988919510327,0.989531311172354,0.955,3.945357333333333,3.7283721574174393,2026-09-21 00:30:00,,,0.5664312617702448,,0.5664312617702448,15.0,False,6.15386449878545,,,,,,,,,,,,,,,,,,,,,,,,,,,,,,,,,,,,,,,,,,,,,,,,,,,,,,,,,,,,,,,,,,,,,,,,,,,,,,,,,,,,,,,,,,,,,,,,,,,,,,,,,,,,,,,,,,,,,,,,,,,,,,,,,,,,,,,,,,,,,,,,,,,,,,,,,,,,,,,,,,,,,,,,,,,,,,,,,,,,,,,,,,,,,,,,,10,3.14625546,2.5364,5.55,6.7578,6.7578,2.11253141391464,0.0,0.0,3.7283721574174393,3.1185166974174394,6.132116697417439,7.339916697417439,7.339916697417439,3.1185166974174394,6.132116697417439,7.339916697417439
p_34Y0Ej,Guillermo Soto,t_1L8FaD,Tigre,DEF,Vélez Sarsfield,False,6,3,2,True,0,False,4.560033333333333,5.965583333333334,10.817450000000001,5.286846606595152,0.2025,15.2194,0.7318124510609487,0.15906225530474377,0.9731812451060949,0.85,6.686607500000001,5.53118886052789,2026-09-21 00:30:00,,0.5176401869158879,,,0.5176401869158879,14.0,False,6.218483552578269,,,,,,,,,,,,,,,,,,,,,,,,,,,,,,,,,,,,,,,,,,,,,,,,,,,,,,,,,,,,,,,,,,,,,,,,,,,,,,,,,,,,,,,,,,,,,,,,,,,,,,,,,,,,,,,,,,,,,,,,,,,,,,,,,,,,,,,,,,,,,,,,,,,,,,,,,,,,,,,,,,,,,,,,,,,,,,,,,,,,,,,,,,,,,,,,,6,5.897408110000001,6.1431,6.4155,15.2194,15.2194,4.819442760436441,0.1635,0.1635,5.53118886052789,5.776880750527889,6.049280750527889,14.85318075052789,14.85318075052789,5.776880750527889,6.049280750527889,14.85318075052789
p_34bboz,Ignacio Peluffo,t_1L8FaD,Tigre,DEF,Vélez Sarsfield,False,5,3,3,True,0,False,2.2101,2.5794200000000003,6.72592,3.9048440176273362,-0.69,8.8688,0.7074426830458272,0.20388008189580284,0.9707442683045827,0.85,3.4867830000000004,2.877058420261079,2026-09-21 00:30:00,,0.5573309110651715,,,0.5573309110651715,16.0,False,6.218483552578269,,,,,,,,,,,,,,,,,,,,,,,,,,,,,,,,,,,,,,,,,,,,,,,,,,,,,,,,,,,,,,,,,,,,,,,,,,,,,,,,,,,,,,,,,,,,,,,,,,,,,,,,,,,,,,,,,,,,,,,,,,,,,,,,,,,,,,,,,,,,,,,,,,,,,,,,,,,,,,,,,,,,,,,,,,,,,,,,,,,,,,,,,,,,,,,,,5,2.5957108600000005,1.62,3.5116,8.8688,8.8688,3.518820647369238,0.0,0.0,2.877058420261079,1.9013475602610788,3.7929475602610787,9.150147560261079,9.150147560261079,1.9013475602610788,3.7929475602610787,9.150147560261079
p_34cvdG,Pablo Ferreira,t_2Swqmw,Club Atlético Platense,VOL,Newell's Old Boys,True,8,3,2,True,1,False,4.4317866666666665,6.2700499999999995,10.25448,4.019160591822271,0.639,12.9716,0.8065139670949215,0.1992365021412748,0.9806513967094922,0.85,6.622765333333334,5.520430463080658,2026-09-20 20:00:00,,,0.519031903190319,,0.519031903190319,15.0,False,6.15386449878545,,,,,,,,,,,,,,,,,,,,,,,,,,,,,,,,,,,,,,,,,,,,,,,,,,,,,,,,,,,,,,,,,,,,,,,,,,,,,,,,,,,,,,,,,,,,,,,,,,,,,,,,,,,,,,,,,,,,,,,,,,,,,,,,,,,,,,,,,,,,,,,,,,,,,,,,,,,,,,,,,,,,,,,,,,,,,,,,,,,,,,,,,,,,,,,,,8,6.30878571,6.5091,9.09,12.9716,12.9716,3.7733494087159216,0.128,0.0,5.520430463080658,5.720744753080658,8.301644753080659,12.183244753080658,12.183244753080658,5.720744753080658,8.301644753080659,12.183244753080658
p_34yTml,Sebastián Medina,t_1L8FaD,Tigre,VOL,Vélez Sarsfield,False,12,3,3,True,0,False,2.2712866666666667,2.717633333333333,4.18374,1.8934651857631206,1.246,8.04,0.969121274029517,0.34560637014758505,0.9969121274029518,0.85,2.9279386666666665,2.4810629303282243,2026-09-21 00:30:00,,,0.4339924670433145,,0.4339924670433145,15.0,False,6.15386449878545,,,,,,,,,,,,,,,,,,,,,,,,,,,,,,,,,,,,,,,,,,,,,,,,,,,,,,,,,,,,,,,,,,,,,,,,,,,,,,,,,,,,,,,,,,,,,,,,,,,,,,,,,,,,,,,,,,,,,,,,,,,,,,,,,,,,,,,,,,,,,,,,,,,,,,,,,,,,,,,,,,,,,,,,,,,,,,,,,,,,,,,,,,,,,,,,,12,2.7369946400000003,2.0553,3.42,4.2686,8.04,1.818303997110843,0.0,0.0,2.4810629303282243,1.799368290328224,3.164068290328224,4.012668290328224,7.784068290328223,1.799368290328224,3.164068290328224,4.012668290328224
p_34z7Nj,Ramiro Ruíz,t_45vTPl,Atlético Tucumán,DEL,Aldosivi,False,13,3,3,True,0,False,4.637379999999999,3.655023076923077,9.795480000000003,4.092523228432113,-0.42,13.1274,0.972606595531408,0.19636631099037327,0.9972606595531408,0.896,5.533962230769232,4.944847330482389,2026-09-21 17:30:00,,,,0.535445672945673,0.535445672945673,11.0,False,5.577128809735925,,,,,,,,,,,,,,,,,,,,,,,,,,,,,,,,,,,,,,,,,,,,,,,,,,,,,,,,,,,,,,,,,,,,,,,,,,,,,,,,,,,,,,,,,,,,,,,,,,,,,,,,,,,,,,,,,,,,,,,,,,,,,,,,,,,,,,,,,,,,,,,,,,,,,,,,,,,,,,,,,,,,,,,,,,,,,,,,,,,,,,,,,,,,,,,,,13,3.6473784,2.5357,3.95,10.59,13.1274,3.9610972253017778,0.1564,0.0,4.944847330482389,3.833168930482389,5.247468930482389,11.887468930482388,14.42486893048239,3.833168930482389,5.247468930482389,11.887468930482388
p_35Wzc1,Juan Villalba,t_1L8FaD,Tigre,DEF,Vélez Sarsfield,False,8,3,3,True,3,True,8.281726666666668,7.0447875,11.84184,3.863577179039246,1.8583,13.9081,0.807788662398933,0.20560997866133188,0.9807788662398933,0.85,8.676979333333334,7.233668259993604,2026-09-21 00:30:00,,0.5573309110651715,,,0.5573309110651715,16.0,True,6.218483552578269,,,,,,,,,,,,,,,,,,,,,,,,,,,,,,,,,,,,,,,,,,,,,,,,,,,,,,,,,,,,,,,,,,,,,,,,,,,,,,,,,,,,,,,,,,,,,,,,,,,,,,,,,,,,,,,,,,,,,,,,,,,,,,,,,,,,,,,,,,,,,,,,,,,,,,,,,,,,,,,,,,,,,,,,,,,,,,,,,,,,,,,,,,,,,,,,,8,7.01786066,6.3173,7.524,13.9081,13.9081,3.593907270922883,0.246,0.0,7.233668259993604,6.533107599993604,7.739807599993604,14.123907599993604,14.123907599993604,6.533107599993604,7.739807599993604,14.123907599993604
p_36JyOe,Benjamín Pérez,t_3TbOfu,Deportivo Riestra,VOL,Gimnasia y Esgrima Mendoza,False,1,3,2,True,0,False,0.54,0.54,0.54,0.0,0.54,0.54,0.7333333333333334,1.0,0.9733333333333334,0.85,0.54,0.44676000000000005,2026-09-19 17:30:00,,,0.2629955332216638,,0.2629955332216638,15.0,False,6.15386449878545,,,,,,,,,,,,,,,,,,,,,,,,,,,,,,,,,,,,,,,,,,,,,,,,,,,,,,,,,,,,,,,,,,,,,,,,,,,,,,,,,,,,,,,,,,,,,,,,,,,,,,,,,,,,,,,,,,,,,,,,,,,,,,,,,,,,,,,,,,,,,,,,,,,,,,,,,,,,,,,,,,,,,,,,,,,,,,,,,,,,,,,,,,,,,,,,,1,0.54,0.54,0.54,0.54,0.54,0.0,0.0,0.0,0.44676000000000005,0.44676000000000005,0.44676000000000005,0.44676000000000005,0.44676000000000005,0.44676000000000005,0.44676000000000005,0.44676000000000005
p_36ULM2,Ignacio Russo,t_1L8FaD,Tigre,DEL,Vélez Sarsfield,False,25,3,3,True,3,True,5.236573333333334,7.524432000000001,15.920200000000003,6.6579025103456315,0.2314,28.2763,1.0,0.13058405988441685,1.0,0.85,8.822623466666668,7.499229946666667,2026-09-21 00:30:00,,,,0.5651162982786533,0.5651162982786533,11.0,True,5.577128809735925,,,,,,,,,,,,,,,,,,,,,,,,,,,,,,,,,,,,,,,,,,,,,,,,,,,,,,,,,,,,,,,,,,,,,,,,,,,,,,,,,,,,,,,,,,,,,,,,,,,,,,,,,,,,,,,,,,,,,,,,,,,,,,,,,,,,,,,,,,,,,,,,,,,,,,,,,,,,,,,,,,,,,,,,,,,,,,,,,,,,,,,,,,,,,,,,,25,7.54340223,6.1594,7.9871,16.3944,20.5922,6.546150449954235,0.2014,0.1604,7.499229946666667,6.115227716666667,7.942927716666667,16.35022771666667,20.548027716666667,6.115227716666667,7.942927716666667,16.35022771666667
p_38jdJ6,Sebastián Prieto,t_3XuEvf,Argentinos Juniors,DEF,Rosario Central,False,26,3,3,True,3,True,7.194566666666668,10.998976923076924,16.130699999999997,4.67239777735652,0.8157,19.839,1.0,0.1762922910646131,1.0,0.8859999999999999,10.950364102564102,9.702022594871792,2026-09-20 20:00:00,,0.7161111111111111,,,0.7161111111111111,14.0,True,6.218483552578269,,,,,,,,,,,,,,,,,,,,,,,,,,,,,,,,,,,,,,,,,,,,,,,,,,,,,,,,,,,,,,,,,,,,,,,,,,,,,,,,,,,,,,,,,,,,,,,,,,,,,,,,,,,,,,,,,,,,,,,,,,,,,,,,,,,,,,,,,,,,,,,,,,,,,,,,,,,,,,,,,,,,,,,,,,,,,,,,,,,,,,,,,,,,,,,,,26,11.01344295,10.8159,13.8165,16.5264,19.2474,4.584606490759517,0.6152,0.1546,9.702022594871792,9.504479644871791,12.505079644871792,15.214979644871791,17.935979644871793,9.504479644871791,12.505079644871792,15.214979644871791
p_39r0cc,Ignacio Galván,t_45vTPl,Atlético Tucumán,DEF,Aldosivi,False,20,3,3,True,3,True,7.270606666666667,6.486685,10.761949999999999,3.9368498265912533,-0.8633,15.9174,1.0,0.2025583185888541,1.0,0.896,7.829873833333332,7.0155669546666655,2026-09-21 17:30:00,,0.4612,,,0.4612,14.0,True,6.218483552578269,,,,,,,,,,,,,,,,,,,,,,,,,,,,,,,,,,,,,,,,,,,,,,,,,,,,,,,,,,,,,,,,,,,,,,,,,,,,,,,,,,,,,,,,,,,,,,,,,,,,,,,,,,,,,,,,,,,,,,,,,,,,,,,,,,,,,,,,,,,,,,,,,,,,,,,,,,,,,,,,,,,,,,,,,,,,,,,,,,,,,,,,,,,,,,,,,20,6.437474160000001,6.2011,8.635,10.7488,10.8803,3.8017535419993096,0.1445,0.0455,7.0155669546666655,6.779192794666665,9.213092794666665,11.326892794666664,11.458392794666665,6.779192794666665,9.213092794666665,11.326892794666664
p_3A7aMk,Marco Ruben,t_1rEb7t,Rosario Central,DEL,Argentinos Juniors,True,3,3,2,True,1,False,1.3274,1.9632333333333334,3.38694,1.9582530131046225,-0.2,3.615,0.6676074693794039,0.33803734689701936,0.9667607469379405,1.015,2.0966183333333337,2.0573322305667703,2026-09-20 20:00:00,,,,0.6441081631868911,0.6441081631868911,16.0,False,5.577128809735925,,,,,,,,,,,,,,,,,,,,,,,,,,,,,,,,,,,,,,,,,,,,,,,,,,,,,,,,,,,,,,,,,,,,,,,,,,,,,,,,,,,,,,,,,,,,,,,,,,,,,,,,,,,,,,,,,,,,,,,,,,,,,,,,,,,,,,,,,,,,,,,,,,,,,,,,,,,,,,,,,,,,,,,,,,,,,,,,,,,,,,,,,,,,,,,,,3,1.95278112,2.4747,3.615,3.615,3.615,1.5945616535385347,0.0,0.0,2.0573322305667703,2.57925111056677,3.7195511105667705,3.7195511105667705,3.7195511105667705,2.57925111056677,3.7195511105667705,3.7195511105667705
p_3AFKez,Matías Godoy,t_2rD0OF,Aldosivi,VOL,Atlético Tucumán,True,8,3,3,True,0,False,2.1034866666666665,2.3952,4.2223299999999995,1.9747306174333175,-1.1667,5.0211,0.8338996452859426,0.33616489309638015,0.9833899645285943,0.895,2.7498828333333334,2.4202654278268643,2026-09-21 17:30:00,,,0.3870098039215686,,0.3870098039215686,15.0,False,6.15386449878545,,,,,,,,,,,,,,,,,,,,,,,,,,,,,,,,,,,,,,,,,,,,,,,,,,,,,,,,,,,,,,,,,,,,,,,,,,,,,,,,,,,,,,,,,,,,,,,,,,,,,,,,,,,,,,,,,,,,,,,,,,,,,,,,,,,,,,,,,,,,,,,,,,,,,,,,,,,,,,,,,,,,,,,,,,,,,,,,,,,,,,,,,,,,,,,,,8,2.4019120899999997,2.8343,3.464,5.0211,5.0211,1.8344741565633547,0.0,0.0,2.4202654278268643,2.8526533378268644,3.4823533378268645,5.039453337826864,5.039453337826864,2.8526533378268644,3.4823533378268645,5.039453337826864
p_3AOI3O,Pablo Aguiar,t_0rGDE4,Gimnasia LP,VOL,Banfield,True,5,3,3,True,0,False,3.1847266666666667,3.21656,4.44874,1.2741783011023222,1.7687,5.2679,0.7546105186957962,0.43971926014564805,0.9754610518695797,0.955,3.513463333333333,3.2730205400907986,2026-09-19 17:30:00,,,0.5310879629629629,,0.5310879629629629,15.0,False,6.15386449878545,,,,,,,,,,,,,,,,,,,,,,,,,,,,,,,,,,,,,,,,,,,,,,,,,,,,,,,,,,,,,,,,,,,,,,,,,,,,,,,,,,,,,,,,,,,,,,,,,,,,,,,,,,,,,,,,,,,,,,,,,,,,,,,,,,,,,,,,,,,,,,,,,,,,,,,,,,,,,,,,,,,,,,,,,,,,,,,,,,,,,,,,,,,,,,,,,5,3.22576018,2.9662,3.22,5.2679,5.2679,1.1454430154112285,0.0,0.0,3.2730205400907986,3.0134603600907988,3.267260360090799,5.315160360090799,5.315160360090799,3.0134603600907988,3.267260360090799,5.315160360090799
p_3BNwqA,Alberto Campo,t_2RmaMX,Racing Club,DEL,Sarmiento,True,3,3,1,True,0,False,0.46565000000000006,0.4839333333333333,1.33012,1.0347673860986022,-0.1675,1.6771,0.6982913336268248,0.4914566681341241,0.9698291333626825,0.85,0.6890808333333334,0.5680470672972265,2026-09-19 00:15:00,,,,0.5008720592192353,0.5008720592192353,16.0,False,5.577128809735925,,,,,,,,,,,,,,,,,,,,,,,,,,,,,,,,,,,,,,,,,,,,,,,,,,,,,,,,,,,,,,,,,,,,,,,,,,,,,,,,,,,,,,,,,,,,,,,,,,,,,,,,,,,,,,,,,,,,,,,,,,,,,,,,,,,,,,,,,,,,,,,,,,,,,,,,,,,,,,,,,,,,,,,,,,,,,,,,,,,,,,,,,,,,,,,,,3,0.4926064799999999,-0.0578,1.6771,1.6771,1.6771,0.8483039697266598,0.0,0.0,0.5680470672972265,0.01764058729722664,1.7525405872972266,1.7525405872972266,1.7525405872972266,0.01764058729722664,1.7525405872972266,1.7525405872972266
p_3BbL1n,Tomás Conechny,t_2RmaMX,Racing Club,DEL,Sarmiento,True,24,3,3,True,1,False,3.2274133333333332,4.751762499999999,9.58865,3.5751488856577103,-0.09,11.5209,1.0,0.21857212191166603,1.0,0.85,5.4274621666666665,4.613342841666666,2026-09-19 00:15:00,,,,0.5343710089399745,0.5343710089399745,11.0,False,5.577128809735925,,,,,,,,,,,,,,,,,,,,,,,,,,,,,,,,,,,,,,,,,,,,,,,,,,,,,,,,,,,,,,,,,,,,,,,,,,,,,,,,,,,,,,,,,,,,,,,,,,,,,,,,,,,,,,,,,,,,,,,,,,,,,,,,,,,,,,,,,,,,,,,,,,,,,,,,,,,,,,,,,,,,,,,,,,,,,,,,,,,,,,,,,,,,,,,,,24,4.72532555,4.4333,6.8333,9.65,11.502,3.4902887793021073,0.0806,0.0,4.613342841666666,4.3213172916666664,6.721317291666667,9.538017291666666,11.390017291666666,4.3213172916666664,6.721317291666667,9.538017291666666
p_3BgUGt,Juan Cozzani,t_2Swqmw,Club Atlético Platense,ARQ,Newell's Old Boys,True,7,3,3,True,3,True,8.076053333333332,7.974257142857142,11.548600000000002,3.7548546336075126,4.4013,15.7,0.7753956076637392,0.21031137165202862,0.9775395607663739,0.85,8.903471523809523,7.397971296278578,2026-09-20 20:00:00,0.6172360364458488,,,,0.6172360364458488,11.0,True,7.5205623530242764,,,,,,,,,,,,,,,,,,,,,,,,,,,,,,,,,,,,,,,,,,,,,,,,,,,,,,,,,,,,,,,,,,,,,,,,,,,,,,,,,,,,,,,,,,,,,,,,,,,,,,,,,,,,,,,,,,,,,,,,,,,,,,,,,,,,,,,,,,,,,,,,,,,,,,,,,,,,,,,,,,,,,,,,,,,,,,,,,,,,,,,,,,,,,,,,,7,7.9654162500000005,7.616,8.781,15.7,15.7,3.432472431499332,0.1389,0.1389,7.397971296278578,7.048555046278577,8.213555046278579,15.132555046278576,15.132555046278576,7.048555046278577,8.213555046278579,15.132555046278576
p_3BlplQ,Matías Melluso,t_0rGDE4,Gimnasia LP,DEF,Banfield,True,5,3,3,True,0,False,2.8733866666666668,2.3131,7.49062,4.822514748033437,-2.31,7.5355,0.701016085887554,0.17174709610443692,0.9701016085887554,0.955,3.8035803333333336,3.523815726773876,2026-09-19 17:30:00,,0.450787224471435,,,0.450787224471435,16.0,False,6.218483552578269,,,,,,,,,,,,,,,,,,,,,,,,,,,,,,,,,,,,,,,,,,,,,,,,,,,,,,,,,,,,,,,,,,,,,,,,,,,,,,,,,,,,,,,,,,,,,,,,,,,,,,,,,,,,,,,,,,,,,,,,,,,,,,,,,,,,,,,,,,,,,,,,,,,,,,,,,,,,,,,,,,,,,,,,,,,,,,,,,,,,,,,,,,,,,,,,,5,2.28413125,0.45,7.4233,7.5355,7.5355,4.30503939624232,0.0,0.0,3.523815726773876,1.689684476773876,8.662984476773875,8.775184476773877,8.775184476773877,1.689684476773876,8.662984476773875,8.775184476773877
p_3BqvxS,Josias Palais,t_1XZg6T,Independiente,VOL,Club Atlético Unión de Santa Fe,False,5,3,3,True,1,False,3.1436066666666664,4.114800000000001,6.53572,2.5719516218233966,0.544,7.4932,0.722658466437433,0.2799589988538321,0.9722658466437433,0.962,4.380112333333334,4.09680554836884,2026-09-19 19:45:00,,,0.5448641636141636,,0.5448641636141636,15.0,False,6.15386449878545,,,,,,,,,,,,,,,,,,,,,,,,,,,,,,,,,,,,,,,,,,,,,,,,,,,,,,,,,,,,,,,,,,,,,,,,,,,,,,,,,,,,,,,,,,,,,,,,,,,,,,,,,,,,,,,,,,,,,,,,,,,,,,,,,,,,,,,,,,,,,,,,,,,,,,,,,,,,,,,,,,,,,,,,,,,,,,,,,,,,,,,,,,,,,,,,,5,4.09667549,4.43,5.0995,7.4932,7.4932,2.287649678497619,0.0,0.0,4.09680554836884,4.43013005836884,5.09963005836884,7.49333005836884,7.49333005836884,4.43013005836884,5.09963005836884,7.49333005836884
p_3CbNXk,Santiago Moya,t_2rD0OF,Aldosivi,DEF,Atlético Tucumán,True,9,3,3,True,0,False,6.01958,6.622244444444444,9.308620000000001,3.7598407642848093,1.488,15.0123,0.8420182123529611,0.21009106176480574,0.9842018212352961,0.895,7.082905777777778,6.239052845683567,2026-09-21 17:30:00,,0.502,,,0.502,14.0,False,6.218483552578269,,,,,,,,,,,,,,,,,,,,,,,,,,,,,,,,,,,,,,,,,,,,,,,,,,,,,,,,,,,,,,,,,,,,,,,,,,,,,,,,,,,,,,,,,,,,,,,,,,,,,,,,,,,,,,,,,,,,,,,,,,,,,,,,,,,,,,,,,,,,,,,,,,,,,,,,,,,,,,,,,,,,,,,,,,,,,,,,,,,,,,,,,,,,,,,,,9,6.60826114,6.5338,6.6684,15.0123,15.0123,3.529249344643688,0.1101,0.1101,6.239052845683567,6.164591705683567,6.299191705683567,14.643091705683567,14.643091705683567,6.164591705683567,6.299191705683567,14.643091705683567
p_3Dg55W,Maximiliano Zalazar,t_0rGDE4,Gimnasia LP,DEL,Banfield,True,12,3,3,True,3,True,8.830060000000001,6.233691666666666,10.392380000000001,3.3244485583622696,1.9633,12.486,0.946248671316313,0.23124335658156478,0.9946248671316313,0.955,8.182092666666668,7.771897754027138,2026-09-19 17:30:00,,,,0.5411608271549556,0.5411608271549556,16.0,True,5.577128809735925,,,,,,,,,,,,,,,,,,,,,,,,,,,,,,,,,,,,,,,,,,,,,,,,,,,,,,,,,,,,,,,,,,,,,,,,,,,,,,,,,,,,,,,,,,,,,,,,,,,,,,,,,,,,,,,,,,,,,,,,,,,,,,,,,,,,,,,,,,,,,,,,,,,,,,,,,,,,,,,,,,,,,,,,,,,,,,,,,,,,,,,,,,,,,,,,,12,6.286236290000001,6.29,8.9738,10.55,12.486,3.20182040009805,0.1711,0.0,7.771897754027138,7.775661464027137,10.459461464027138,12.035661464027138,13.971661464027138,7.775661464027137,10.459461464027138,12.035661464027138
p_3EIBrG,Duván Vergara,t_2RmaMX,Racing Club,DEL,Sarmiento,True,20,3,3,True,0,False,1.8618466666666669,3.8988150000000004,8.78336,5.011121568678908,-0.9871,21.1869,1.0,0.16635830577949443,1.0,0.85,4.407012333333334,3.745960483333334,2026-09-19 00:15:00,,,,0.5343710089399745,0.5343710089399745,11.0,False,5.577128809735925,,,,,,,,,,,,,,,,,,,,,,,,,,,,,,,,,,,,,,,,,,,,,,,,,,,,,,,,,,,,,,,,,,,,,,,,,,,,,,,,,,,,,,,,,,,,,,,,,,,,,,,,,,,,,,,,,,,,,,,,,,,,,,,,,,,,,,,,,,,,,,,,,,,,,,,,,,,,,,,,,,,,,,,,,,,,,,,,,,,,,,,,,,,,,,,,,20,3.9186750200000002,2.2014,4.2381,9.3986,21.1869,4.975744073052793,0.0532,0.0532,3.745960483333334,2.0286854633333338,4.0653854633333335,9.225885463333334,21.014185463333334,2.0286854633333338,4.0653854633333335,9.225885463333334
p_3FvFpo,Ignacio Ovando,t_1rEb7t,Rosario Central,DEF,Argentinos Juniors,True,23,3,3,True,3,True,7.643266666666666,9.025934782608696,12.204,3.59162295495412,0.5231,14.82,1.0,0.21778791721586208,1.0,1.015,9.336517246376811,9.476565005072462,2026-09-20 20:00:00,,0.5075,,,0.5075,14.0,True,6.218483552578269,,,,,,,,,,,,,,,,,,,,,,,,,,,,,,,,,,,,,,,,,,,,,,,,,,,,,,,,,,,,,,,,,,,,,,,,,,,,,,,,,,,,,,,,,,,,,,,,,,,,,,,,,,,,,,,,,,,,,,,,,,,,,,,,,,,,,,,,,,,,,,,,,,,,,,,,,,,,,,,,,,,,,,,,,,,,,,,,,,,,,,,,,,,,,,,,,23,9.060742569999999,10.2287,11.5393,12.3076,12.929,3.5044648931859474,0.5212,0.0,9.476565005072462,10.644522435072464,11.955122435072465,12.723422435072465,13.344822435072464,10.644522435072464,11.955122435072465,12.723422435072465
p_3GGul9,Martín García,t_2rD0OF,Aldosivi,VOL,Atlético Tucumán,True,17,3,3,True,3,True,8.027466666666667,4.290911764705882,6.958500000000001,4.101071166915169,-0.04,17.8595,1.0,0.19603725713255277,1.0,0.895,6.265603039215687,5.60771472009804,2026-09-21 17:30:00,,,0.4962222222222222,,0.4962222222222222,15.0,True,6.15386449878545,,,,,,,,,,,,,,,,,,,,,,,,,,,,,,,,,,,,,,,,,,,,,,,,,,,,,,,,,,,,,,,,,,,,,,,,,,,,,,,,,,,,,,,,,,,,,,,,,,,,,,,,,,,,,,,,,,,,,,,,,,,,,,,,,,,,,,,,,,,,,,,,,,,,,,,,,,,,,,,,,,,,,,,,,,,,,,,,,,,,,,,,,,,,,,,,,17,4.30414971,3.54,4.9073,7.92,17.8595,3.9991465573476948,0.0597,0.0597,5.60771472009804,4.8435650100980405,6.210865010098041,9.22356501009804,19.16306501009804,4.8435650100980405,6.210865010098041,9.22356501009804
p_3GiPCr,Rick,t_02LuKO,Talleres,DEL,Instituto De Córdoba,False,23,3,3,True,3,True,7.136213333333333,6.536795652173913,11.171100000000001,3.3861419111214115,0.85,14.7832,1.0,0.22799079926356702,1.0,0.9819999999999999,7.905167927536231,7.7628749048405785,2026-09-20 00:15:00,,,,0.7828703703703703,0.7828703703703703,10.0,True,5.577128809735925,,,,,,,,,,,,,,,,,,,,,,,,,,,,,,,,,,,,,,,,,,,,,,,,,,,,,,,,,,,,,,,,,,,,,,,,,,,,,,,,,,,,,,,,,,,,,,,,,,,,,,,,,,,,,,,,,,,,,,,,,,,,,,,,,,,,,,,,,,,,,,,,,,,,,,,,,,,,,,,,,,,,,,,,,,,,,,,,,,,,,,,,,,,,,,,,,23,6.519222169999999,6.4208,8.41,11.4357,11.77,3.2930355606679216,0.1726,0.0,7.7628749048405785,7.664452734840579,9.65365273484058,12.679352734840581,13.01365273484058,7.664452734840579,9.65365273484058,12.679352734840581
p_3Gmw4T,Ulises Giménez,t_3qkV0m,Sarmiento,DEF,Racing Club,False,5,3,3,True,1,False,6.519606666666666,6.50346,7.38306,1.0809442090135826,5.1767,7.4947,0.7627768839102154,0.4805510862177434,0.9762776883910216,0.959,6.729011333333333,6.300038900847443,2026-09-19 00:15:00,,0.7413755605596934,,,0.7413755605596934,16.0,False,6.218483552578269,,,,,,,,,,,,,,,,,,,,,,,,,,,,,,,,,,,,,,,,,,,,,,,,,,,,,,,,,,,,,,,,,,,,,,,,,,,,,,,,,,,,,,,,,,,,,,,,,,,,,,,,,,,,,,,,,,,,,,,,,,,,,,,,,,,,,,,,,,,,,,,,,,,,,,,,,,,,,,,,,,,,,,,,,,,,,,,,,,,,,,,,,,,,,,,,,5,6.506082210000001,7.1376,7.2156,7.4947,7.4947,0.9659200873491118,0.0,0.0,6.300038900847443,6.931556690847442,7.009556690847442,7.288656690847442,7.288656690847442,6.931556690847442,7.009556690847442,7.288656690847442
p_3HFTSS,Matías Hernández,t_0bW0AU,Banfield,DEL,Gimnasia y Esgrima,False,5,3,3,True,1,False,2.5521933333333338,2.60516,5.971860000000001,3.207170667114552,0.3533,8.1011,0.7142045527722398,0.23768943052786604,0.971420455277224,0.8569999999999999,3.428296666666667,2.8540821050062255,2026-09-19 17:30:00,,,,0.5143786886522237,0.5143786886522237,16.0,False,5.577128809735925,,,,,,,,,,,,,,,,,,,,,,,,,,,,,,,,,,,,,,,,,,,,,,,,,,,,,,,,,,,,,,,,,,,,,,,,,,,,,,,,,,,,,,,,,,,,,,,,,,,,,,,,,,,,,,,,,,,,,,,,,,,,,,,,,,,,,,,,,,,,,,,,,,,,,,,,,,,,,,,,,,,,,,,,,,,,,,,,,,,,,,,,,,,,,,,,,5,2.5947739500000004,0.8967,2.778,8.1011,8.1011,2.8664552087092514,0.0,0.0,2.8540821050062255,1.1560081550062251,3.037308155006225,8.360408155006226,8.360408155006226,1.1560081550062251,3.037308155006225,8.360408155006226
p_3HZXLO,Lucas Gómez,t_3mLGSt,Newell's Old Boys,VOL,Club Atlético Platense,False,3,3,3,True,0,False,1.5613333333333335,1.9693333333333332,2.7956,1.419746925805206,0.33,2.8,0.6826532716570958,0.41326635828547875,0.9682653271657096,0.8869999999999999,2.0331,1.7461306699179557,2026-09-20 20:00:00,,,0.7426810237203495,,0.7426810237203495,15.0,False,6.15386449878545,,,,,,,,,,,,,,,,,,,,,,,,,,,,,,,,,,,,,,,,,,,,,,,,,,,,,,,,,,,,,,,,,,,,,,,,,,,,,,,,,,,,,,,,,,,,,,,,,,,,,,,,,,,,,,,,,,,,,,,,,,,,,,,,,,,,,,,,,,,,,,,,,,,,,,,,,,,,,,,,,,,,,,,,,,,,,,,,,,,,,,,,,,,,,,,,,3,1.966964,2.778,2.8,2.8,2.8,1.1600615598768884,0.0,0.0,1.7461306699179557,2.557166669917956,2.5791666699179556,2.5791666699179556,2.5791666699179556,2.557166669917956,2.5791666699179556,2.5791666699179556
p_3HdfVG,Emiliano Amor,t_1QqhS7,San Lorenzo,DEF,Boca Juniors,True,7,3,3,True,3,True,8.471226666666666,7.995385714285715,11.02786,2.640327928136056,5.1294,11.56,0.7882734387162035,0.2747005269143504,0.9788273438716204,0.957,8.92004861904762,8.35574643461761,2026-09-20 17:45:00,,0.4137962962962963,,,0.4137962962962963,15.0,True,6.218483552578269,,,,,,,,,,,,,,,,,,,,,,,,,,,,,,,,,,,,,,,,,,,,,,,,,,,,,,,,,,,,,,,,,,,,,,,,,,,,,,,,,,,,,,,,,,,,,,,,,,,,,,,,,,,,,,,,,,,,,,,,,,,,,,,,,,,,,,,,,,,,,,,,,,,,,,,,,,,,,,,,,,,,,,,,,,,,,,,,,,,,,,,,,,,,,,,,,7,7.981108360000001,6.9444,10.6731,11.56,11.56,2.4272938541437683,0.2803,0.0,8.35574643461761,7.319038074617608,11.047738074617609,11.93463807461761,11.93463807461761,7.319038074617608,11.047738074617609,11.93463807461761
p_3IPD6d,Ignacio Campo,t_2qXAzu,Huracán,DEF,River Plate,False,12,3,3,True,0,False,3.6223066666666672,6.588541666666667,14.662360000000001,5.0359014752183215,0.5522,16.3427,0.933135067035329,0.16567533517664476,0.9933135067035329,1.015,7.5688140000000015,7.630978253565696,2026-09-19 22:00:00,,0.5036895674300255,,,0.5036895674300255,14.0,False,6.218483552578269,,,,,,,,,,,,,,,,,,,,,,,,,,,,,,,,,,,,,,,,,,,,,,,,,,,,,,,,,,,,,,,,,,,,,,,,,,,,,,,,,,,,,,,,,,,,,,,,,,,,,,,,,,,,,,,,,,,,,,,,,,,,,,,,,,,,,,,,,,,,,,,,,,,,,,,,,,,,,,,,,,,,,,,,,,,,,,,,,,,,,,,,,,,,,,,,,12,6.547529389999999,6.0789,6.3043,15.0741,16.3427,4.777135976455268,0.2474,0.1599,7.630978253565696,7.162348863565697,7.3877488635656965,16.157548863565697,17.426148863565697,7.162348863565697,7.3877488635656965,16.157548863565697
p_3IZy3x,Alejo Cordoba,t_1QqhS7,San Lorenzo,DEF,Boca Juniors,True,4,3,3,True,0,False,8.09375,8.379475,12.38334,4.254112327599417,5.9105,14.7219,0.6713987547651167,0.1903271071589168,0.9671398754765117,0.957,9.2804375,8.589535477888495,2026-09-20 17:45:00,,0.4690972222222222,,,0.4690972222222222,16.0,False,6.218483552578269,,,,,,,,,,,,,,,,,,,,,,,,,,,,,,,,,,,,,,,,,,,,,,,,,,,,,,,,,,,,,,,,,,,,,,,,,,,,,,,,,,,,,,,,,,,,,,,,,,,,,,,,,,,,,,,,,,,,,,,,,,,,,,,,,,,,,,,,,,,,,,,,,,,,,,,,,,,,,,,,,,,,,,,,,,,,,,,,,,,,,,,,,,,,,,,,,4,8.376517989999998,5.9588,6.9267,14.7219,14.7219,3.6848154762510643,0.2499,0.0,8.589535477888495,6.171817487888497,7.139717487888497,14.934917487888496,14.934917487888496,6.171817487888497,7.139717487888497,14.934917487888496
p_3J8Smm,Agustín Palavecino,t_2rD0OF,Aldosivi,VOL,Atlético Tucumán,True,18,3,2,True,0,False,3.5646666666666667,3.779377777777778,6.523130000000002,2.4294746807042475,-0.2433,8.5567,1.0,0.2915898477473665,1.0,0.895,4.390166944444445,3.9291994152777785,2026-09-21 17:30:00,,,0.4962222222222222,,0.4962222222222222,15.0,False,6.15386449878545,,,,,,,,,,,,,,,,,,,,,,,,,,,,,,,,,,,,,,,,,,,,,,,,,,,,,,,,,,,,,,,,,,,,,,,,,,,,,,,,,,,,,,,,,,,,,,,,,,,,,,,,,,,,,,,,,,,,,,,,,,,,,,,,,,,,,,,,,,,,,,,,,,,,,,,,,,,,,,,,,,,,,,,,,,,,,,,,,,,,,,,,,,,,,,,,,18,3.78563226,4.0831,5.17,8.0471,8.5567,2.3535763840532757,0.0,0.0,3.9291994152777785,4.226667155277779,5.313567155277779,8.19066715527778,8.700267155277778,4.226667155277779,5.313567155277779,8.19066715527778
p_3JhFbV,Iván Arboleda,t_3qkV0m,Sarmiento,ARQ,Racing Club,False,2,3,3,True,0,False,5.320766666666667,5.5245,6.01346,0.864367329322436,4.9133,6.1357,0.6739416638490543,0.5363749859119384,0.9673941663849055,0.959,5.575433333333333,5.172502372783495,2026-09-19 00:15:00,0.6170342627271467,,,,0.6170342627271467,11.0,False,7.5205623530242764,,,,,,,,,,,,,,,,,,,,,,,,,,,,,,,,,,,,,,,,,,,,,,,,,,,,,,,,,,,,,,,,,,,,,,,,,,,,,,,,,,,,,,,,,,,,,,,,,,,,,,,,,,,,,,,,,,,,,,,,,,,,,,,,,,,,,,,,,,,,,,,,,,,,,,,,,,,,,,,,,,,,,,,,,,,,,,,,,,,,,,,,,,,,,,,,,2,5.5330568,6.1357,6.1357,6.1357,6.1357,0.6111400994647301,0.0,0.0,5.172502372783495,5.7751455727834955,5.7751455727834955,5.7751455727834955,5.7751455727834955,5.7751455727834955,5.7751455727834955,5.7751455727834955
p_3KLwFI,Rodrigo Rey,t_1XZg6T,Independiente,ARQ,Club Atlético Unión de Santa Fe,False,25,3,3,True,3,True,7.601,8.716315999999999,13.45678,4.551178560977365,0.3667,19.585,1.0,0.18014192644236174,1.0,0.962,9.5110714,9.1496506868,2026-09-19 19:45:00,0.5697278911564626,,,,0.5697278911564626,9.0,True,7.5205623530242764,,,,,,,,,,,,,,,,,,,,,,,,,,,,,,,,,,,,,,,,,,,,,,,,,,,,,,,,,,,,,,,,,,,,,,,,,,,,,,,,,,,,,,,,,,,,,,,,,,,,,,,,,,,,,,,,,,,,,,,,,,,,,,,,,,,,,,,,,,,,,,,,,,,,,,,,,,,,,,,,,,,,,,,,,,,,,,,,,,,,,,,,,,,,,,,,,25,8.70685186,8.5012,11.9577,13.6327,13.7769,4.448859558430064,0.397,0.0405,9.1496506868,8.9439988268,12.4004988268,14.075498826799999,14.219698826799998,8.9439988268,12.4004988268,14.075498826799999
p_3LkUKE,Martín Ortega,t_3mLGSt,Newell's Old Boys,DEF,Club Atlético Platense,False,10,3,3,True,3,True,9.270653333333334,7.928,12.3308,4.724287298395154,0.5211,13.6133,0.8682721806647856,0.17469423665726164,0.9868272180664786,0.8869999999999999,9.498628666666667,8.3142992033824,2026-09-20 20:00:00,,0.4315575601912756,,,0.4315575601912756,16.0,True,6.218483552578269,,,,,,,,,,,,,,,,,,,,,,,,,,,,,,,,,,,,,,,,,,,,,,,,,,,,,,,,,,,,,,,,,,,,,,,,,,,,,,,,,,,,,,,,,,,,,,,,,,,,,,,,,,,,,,,,,,,,,,,,,,,,,,,,,,,,,,,,,,,,,,,,,,,,,,,,,,,,,,,,,,,,,,,,,,,,,,,,,,,,,,,,,,,,,,,,,10,7.899688510000002,9.3008,11.9617,12.1883,13.6133,4.506694881657619,0.4993,0.0,8.3142992033824,9.715410693382399,12.3763106933824,12.602910693382398,14.027910693382399,9.715410693382399,12.3763106933824,12.602910693382398
p_3M34nC,Alan Soñora,t_3mLGSt,Newell's Old Boys,VOL,Club Atlético Platense,False,2,3,3,True,0,False,6.321999999999999,5.133,7.986599999999999,5.044499776984829,1.566,8.7,0.5997545990645674,0.16543966198950358,0.9599754599064567,0.8869999999999999,6.262549999999999,5.3325502586797775,2026-09-20 20:00:00,,,0.4150595238095237,,0.4150595238095237,15.0,False,6.15386449878545,,,,,,,,,,,,,,,,,,,,,,,,,,,,,,,,,,,,,,,,,,,,,,,,,,,,,,,,,,,,,,,,,,,,,,,,,,,,,,,,,,,,,,,,,,,,,,,,,,,,,,,,,,,,,,,,,,,,,,,,,,,,,,,,,,,,,,,,,,,,,,,,,,,,,,,,,,,,,,,,,,,,,,,,,,,,,,,,,,,,,,,,,,,,,,,,,2,5.09733,1.566,8.7,8.7,8.7,3.566821645541027,0.0,0.0,5.3325502586797775,1.8012202586797772,8.935220258679777,8.935220258679777,8.935220258679777,1.8012202586797772,8.935220258679777,8.935220258679777
p_3MAGMf,Mauro Valiente,t_1dhmUh,Estudiantes de Río Cuarto,VOL,Club Atlético Belgrano,False,18,3,3,True,3,True,1.6246733333333334,4.099738888888889,7.43459,3.1542288948869692,-0.48,12.1838,1.0,0.24071856060478547,1.0,0.85,4.067178722222222,3.4571019138888883,2026-09-20 22:15:00,,,0.4544061302681992,,0.4544061302681992,15.0,True,6.15386449878545,,,,,,,,,,,,,,,,,,,,,,,,,,,,,,,,,,,,,,,,,,,,,,,,,,,,,,,,,,,,,,,,,,,,,,,,,,,,,,,,,,,,,,,,,,,,,,,,,,,,,,,,,,,,,,,,,,,,,,,,,,,,,,,,,,,,,,,,,,,,,,,,,,,,,,,,,,,,,,,,,,,,,,,,,,,,,,,,,,,,,,,,,,,,,,,,,18,4.0628918999999994,4.2435,4.9765,8.1432,12.1838,3.0050512022483726,0.0507,0.0,3.4571019138888883,3.637710013888889,4.370710013888889,7.5374100138888895,11.578010013888889,3.637710013888889,4.370710013888889,7.5374100138888895
p_3NPNrM,Emmanuel Ojeda,t_2qXAzu,Huracán,VOL,River Plate,False,19,3,3,True,0,False,6.291513333333333,7.9172052631578955,12.690719999999997,3.683595821035274,2.83,15.4675,1.0,0.21351116497045586,1.0,1.015,8.541591771929824,8.66971564850877,2026-09-19 22:00:00,,,0.5058524173027991,,0.5058524173027991,15.0,False,6.15386449878545,,,,,,,,,,,,,,,,,,,,,,,,,,,,,,,,,,,,,,,,,,,,,,,,,,,,,,,,,,,,,,,,,,,,,,,,,,,,,,,,,,,,,,,,,,,,,,,,,,,,,,,,,,,,,,,,,,,,,,,,,,,,,,,,,,,,,,,,,,,,,,,,,,,,,,,,,,,,,,,,,,,,,,,,,,,,,,,,,,,,,,,,,,,,,,,,,19,7.85447963,7.8554,10.0214,14.2936,15.4675,3.593303193233499,0.3137,0.051,8.66971564850877,8.67063601850877,10.83663601850877,15.10883601850877,16.28273601850877,8.67063601850877,10.83663601850877,15.10883601850877
p_3NXY1t,Felipe Anso,t_2rD0OF,Aldosivi,VOL,Atlético Tucumán,True,6,3,3,True,2,True,6.0346,6.109966666666666,11.795300000000001,4.706627360081385,0.7638,12.275,0.735046970369754,0.17523485184877016,0.9735046970369754,0.895,7.504921666666667,6.5389384615881365,2026-09-21 17:30:00,,,0.3914814814814815,,0.3914814814814815,15.0,True,6.15386449878545,,,,,,,,,,,,,,,,,,,,,,,,,,,,,,,,,,,,,,,,,,,,,,,,,,,,,,,,,,,,,,,,,,,,,,,,,,,,,,,,,,,,,,,,,,,,,,,,,,,,,,,,,,,,,,,,,,,,,,,,,,,,,,,,,,,,,,,,,,,,,,,,,,,,,,,,,,,,,,,,,,,,,,,,,,,,,,,,,,,,,,,,,,,,,,,,,6,6.06865538,5.3944,11.3156,12.275,12.275,4.274409108175662,0.3285,0.0,6.5389384615881365,5.864683081588137,11.785883081588135,12.745283081588138,12.745283081588138,5.864683081588137,11.785883081588135,12.745283081588138
p_3NlPl1,Nicolás Capraro,t_3FROV0,Barracas Central,DEF,Independiente Rivadavia,True,19,3,3,True,0,False,1.9220533333333332,5.8725578947368415,12.06406,4.025294706852846,0.9335,13.2593,1.0,0.19899330453920036,1.0,0.8869999999999999,6.037756824561403,5.355490303385964,2026-09-21 22:00:00,,0.3963333333333333,,,0.3963333333333333,14.0,False,6.218483552578269,,,,,,,,,,,,,,,,,,,,,,,,,,,,,,,,,,,,,,,,,,,,,,,,,,,,,,,,,,,,,,,,,,,,,,,,,,,,,,,,,,,,,,,,,,,,,,,,,,,,,,,,,,,,,,,,,,,,,,,,,,,,,,,,,,,,,,,,,,,,,,,,,,,,,,,,,,,,,,,,,,,,,,,,,,,,,,,,,,,,,,,,,,,,,,,,,19,5.81142041,5.3362,8.5218,12.0967,13.2593,3.934845568630672,0.1583,0.0,5.355490303385964,4.880269893385964,8.065869893385965,11.640769893385965,12.803369893385963,4.880269893385964,8.065869893385965,11.640769893385965
p_3No7F7,Rodrigo González,t_2rD0OF,Aldosivi,DEF,Atlético Tucumán,True,20,3,3,True,1,False,2.1957600000000004,6.059745,10.62885,3.4777827177785197,-0.06,10.928,1.0,0.2233248156570026,1.0,0.895,5.8496265,5.2354157175000005,2026-09-21 17:30:00,,0.502,,,0.502,14.0,False,6.218483552578269,,,,,,,,,,,,,,,,,,,,,,,,,,,,,,,,,,,,,,,,,,,,,,,,,,,,,,,,,,,,,,,,,,,,,,,,,,,,,,,,,,,,,,,,,,,,,,,,,,,,,,,,,,,,,,,,,,,,,,,,,,,,,,,,,,,,,,,,,,,,,,,,,,,,,,,,,,,,,,,,,,,,,,,,,,,,,,,,,,,,,,,,,,,,,,,,,20,6.0397465100000005,6.5909,8.5833,10.6025,10.866,3.3918587976488377,0.1996,0.0,5.2354157175000005,5.7865692075,7.778969207499999,9.798169207499999,10.0616692075,5.7865692075,7.778969207499999,9.798169207499999
p_3NzaGf,Nahuel Banegas,t_1L8FaD,Tigre,DEF,Vélez Sarsfield,False,12,3,3,True,3,True,8.142053333333333,7.5545083333333345,11.94411,4.1201603577483015,0.412,13.98,0.9390612766057886,0.19530638302894307,0.993906127660579,0.85,8.857549500000001,7.4830368154908635,2026-09-21 00:30:00,,0.5301350785966171,,,0.5301350785966171,16.0,True,6.218483552578269,,,,,,,,,,,,,,,,,,,,,,,,,,,,,,,,,,,,,,,,,,,,,,,,,,,,,,,,,,,,,,,,,,,,,,,,,,,,,,,,,,,,,,,,,,,,,,,,,,,,,,,,,,,,,,,,,,,,,,,,,,,,,,,,,,,,,,,,,,,,,,,,,,,,,,,,,,,,,,,,,,,,,,,,,,,,,,,,,,,,,,,,,,,,,,,,,12,7.588550899999999,8.1811,11.0172,12.0471,13.98,3.9344059216615146,0.3363,0.0,7.4830368154908635,8.075585915490866,10.911685915490866,11.941585915490865,13.874485915490865,8.075585915490866,10.911685915490866,11.941585915490865
p_3ODAc5,Pedro Ramírez,t_3TbOfu,Deportivo Riestra,DEF,Gimnasia y Esgrima Mendoza,False,17,3,3,True,2,True,4.691473333333334,6.274529411764706,12.706420000000001,4.376862406274143,1.1151,15.4496,1.0,0.18598206992113503,1.0,0.85,7.3284324313725495,6.229167566666667,2026-09-19 17:30:00,,0.4006278538812785,,,0.4006278538812785,14.0,True,6.218483552578269,,,,,,,,,,,,,,,,,,,,,,,,,,,,,,,,,,,,,,,,,,,,,,,,,,,,,,,,,,,,,,,,,,,,,,,,,,,,,,,,,,,,,,,,,,,,,,,,,,,,,,,,,,,,,,,,,,,,,,,,,,,,,,,,,,,,,,,,,,,,,,,,,,,,,,,,,,,,,,,,,,,,,,,,,,,,,,,,,,,,,,,,,,,,,,,,,17,6.22895079,4.9176,7.5856,14.3782,15.4496,4.221526294621814,0.2325,0.0564,6.229167566666667,4.917816776666667,7.585816776666667,14.378416776666667,15.449816776666667,4.917816776666667,7.585816776666667,14.378416776666667
p_3OLQ90,Franco Escobar,t_3mLGSt,Newell's Old Boys,DEF,Club Atlético Platense,False,7,3,2,True,2,True,6.751113333333333,6.051057142857142,10.685440000000002,4.642557566635422,-1.06,13.0603,0.768778253059559,0.17722459863112852,0.9768778253059559,0.8869999999999999,7.454672523809524,6.459403899399846,2026-09-20 20:00:00,,0.4315575601912756,,,0.4315575601912756,16.0,True,6.218483552578269,,,,,,,,,,,,,,,,,,,,,,,,,,,,,,,,,,,,,,,,,,,,,,,,,,,,,,,,,,,,,,,,,,,,,,,,,,,,,,,,,,,,,,,,,,,,,,,,,,,,,,,,,,,,,,,,,,,,,,,,,,,,,,,,,,,,,,,,,,,,,,,,,,,,,,,,,,,,,,,,,,,,,,,,,,,,,,,,,,,,,,,,,,,,,,,,,7,6.040192149999999,4.3678,9.1022,13.0603,13.0603,4.310649758514994,0.1431,0.0,6.459403899399846,4.787011749399847,9.521411749399846,13.479511749399848,13.479511749399848,4.787011749399847,9.521411749399846,13.479511749399848
p_3ONSai,Mathías de Ritis,t_1QqhS7,San Lorenzo,DEF,Boca Juniors,True,18,3,3,True,0,False,7.153973333333334,7.563133333333334,13.339430000000004,4.877695158817629,2.31,19.6505,1.0,0.17013471658185864,1.0,0.957,8.8640015,8.4828494355,2026-09-20 17:45:00,,0.3839583333333333,,,0.3839583333333333,14.0,False,6.218483552578269,,,,,,,,,,,,,,,,,,,,,,,,,,,,,,,,,,,,,,,,,,,,,,,,,,,,,,,,,,,,,,,,,,,,,,,,,,,,,,,,,,,,,,,,,,,,,,,,,,,,,,,,,,,,,,,,,,,,,,,,,,,,,,,,,,,,,,,,,,,,,,,,,,,,,,,,,,,,,,,,,,,,,,,,,,,,,,,,,,,,,,,,,,,,,,,,,18,7.540642800000001,6.84,9.8223,17.4702,19.6505,4.679232477217408,0.222,0.1066,8.4828494355,7.782206635499999,10.764506635499998,18.4124066355,20.5927066355,7.782206635499999,10.764506635499998,18.4124066355
p_3PsjP7,Lautaro Rivero,t_1Fzy5s,River Plate,DEF,Huracán,True,21,3,3,True,0,False,4.201499999999999,9.134185714285715,13.0362,4.139469177839801,1.9,15.5068,1.0,0.19457262324128105,1.0,1.086,8.383249285714285,9.104208724285714,2026-09-19 22:00:00,,0.7293893129770993,,,0.7293893129770993,14.0,False,6.218483552578269,,,,,,,,,,,,,,,,,,,,,,,,,,,,,,,,,,,,,,,,,,,,,,,,,,,,,,,,,,,,,,,,,,,,,,,,,,,,,,,,,,,,,,,,,,,,,,,,,,,,,,,,,,,,,,,,,,,,,,,,,,,,,,,,,,,,,,,,,,,,,,,,,,,,,,,,,,,,,,,,,,,,,,,,,,,,,,,,,,,,,,,,,,,,,,,,,21,9.15692499,10.558,12.1133,13.0362,14.6451,4.05506081159389,0.575,0.0483,9.104208724285714,10.505283734285713,12.060583734285714,12.983483734285713,14.592383734285713,10.505283734285713,12.060583734285714,12.983483734285713
p_3QlNQ2,Miguel Merentiel,t_0otcXZ,Boca Juniors,DEL,San Lorenzo,False,21,3,3,True,1,False,8.463433333333333,7.7886428571428565,12.604,4.982130043924127,1.6333,22.484,1.0,0.16716453715607044,1.0,1.028,9.22865880952381,9.487061256190476,2026-09-20 17:45:00,,,,0.5501476692209452,0.5501476692209452,11.0,False,5.577128809735925,,,,,,,,,,,,,,,,,,,,,,,,,,,,,,,,,,,,,,,,,,,,,,,,,,,,,,,,,,,,,,,,,,,,,,,,,,,,,,,,,,,,,,,,,,,,,,,,,,,,,,,,,,,,,,,,,,,,,,,,,,,,,,,,,,,,,,,,,,,,,,,,,,,,,,,,,,,,,,,,,,,,,,,,,,,,,,,,,,,,,,,,,,,,,,,,,21,7.84884113,7.6033,9.7682,12.604,14.6533,4.834425729576919,0.2404,0.047,9.487061256190476,9.241520126190476,11.406420126190476,14.242220126190475,16.291520126190477,9.241520126190476,11.406420126190476,14.242220126190475
p_3R7Bq9,Gonzalo Lencina,t_2Swqmw,Club Atlético Platense,DEL,Newell's Old Boys,True,14,3,3,True,2,True,2.7762466666666663,2.5940928571428574,6.2874000000000025,2.1840133774823762,-0.3,6.968,1.0,0.3140690322069902,1.0,0.85,3.581173476190477,3.0439974547619055,2026-09-20 20:00:00,,,,0.4941091954022988,0.4941091954022988,11.0,True,5.577128809735925,,,,,,,,,,,,,,,,,,,,,,,,,,,,,,,,,,,,,,,,,,,,,,,,,,,,,,,,,,,,,,,,,,,,,,,,,,,,,,,,,,,,,,,,,,,,,,,,,,,,,,,,,,,,,,,,,,,,,,,,,,,,,,,,,,,,,,,,,,,,,,,,,,,,,,,,,,,,,,,,,,,,,,,,,,,,,,,,,,,,,,,,,,,,,,,,,14,2.6162128499999997,2.1995,2.4767,6.93,6.968,2.10475864153776,0.0,0.0,3.0439974547619055,2.627284604761906,2.904484604761906,7.357784604761905,7.395784604761905,2.627284604761906,2.904484604761906,7.357784604761905
p_3RAftg,Emanuel Coronel,t_1rEb7t,Rosario Central,DEF,Argentinos Juniors,True,22,3,3,True,3,True,5.6137999999999995,7.491336363636364,14.271880000000008,4.39613132636125,0.3692,17.6571,1.0,0.18531795086505534,1.0,1.015,8.529334545454548,8.657274563636365,2026-09-20 20:00:00,,0.6562401263823064,,,0.6562401263823064,14.0,True,6.218483552578269,,,,,,,,,,,,,,,,,,,,,,,,,,,,,,,,,,,,,,,,,,,,,,,,,,,,,,,,,,,,,,,,,,,,,,,,,,,,,,,,,,,,,,,,,,,,,,,,,,,,,,,,,,,,,,,,,,,,,,,,,,,,,,,,,,,,,,,,,,,,,,,,,,,,,,,,,,,,,,,,,,,,,,,,,,,,,,,,,,,,,,,,,,,,,,,,,22,7.448916779999999,6.7464,9.258,14.6538,17.021,4.274573477390514,0.2242,0.0893,8.657274563636365,7.954757783636366,10.466357783636365,15.862157783636366,18.229357783636367,7.954757783636366,10.466357783636365,15.862157783636366
p_3S6c8L,Guido Mainero,t_2Swqmw,Club Atlético Platense,VOL,Newell's Old Boys,True,23,3,3,True,2,True,7.5133600000000005,6.373734782608697,10.31812,4.245964103240618,0.5325,19.32,1.0,0.1906227302207929,1.0,0.85,7.758699913043479,6.594894926086957,2026-09-20 20:00:00,,,0.5420601851851852,,0.5420601851851852,15.0,True,6.15386449878545,,,,,,,,,,,,,,,,,,,,,,,,,,,,,,,,,,,,,,,,,,,,,,,,,,,,,,,,,,,,,,,,,,,,,,,,,,,,,,,,,,,,,,,,,,,,,,,,,,,,,,,,,,,,,,,,,,,,,,,,,,,,,,,,,,,,,,,,,,,,,,,,,,,,,,,,,,,,,,,,,,,,,,,,,,,,,,,,,,,,,,,,,,,,,,,,,23,6.349206939999999,6.482,7.515,10.5892,14.3315,4.122192843147181,0.1293,0.042,6.594894926086957,6.727687986086958,7.760687986086958,10.834887986086958,14.577187986086958,6.727687986086958,7.760687986086958,10.834887986086958
p_3SDFp7,Federico Navarro,t_1rEb7t,Rosario Central,VOL,Argentinos Juniors,True,20,3,3,True,0,False,2.1791466666666666,3.7657450000000003,5.775000000000001,2.390774164085327,-0.79,10.6709,1.0,0.29491790122500045,1.0,1.015,3.712749333333334,3.7684405733333337,2026-09-20 20:00:00,,,0.5392592592592592,,0.5392592592592592,15.0,False,6.15386449878545,,,,,,,,,,,,,,,,,,,,,,,,,,,,,,,,,,,,,,,,,,,,,,,,,,,,,,,,,,,,,,,,,,,,,,,,,,,,,,,,,,,,,,,,,,,,,,,,,,,,,,,,,,,,,,,,,,,,,,,,,,,,,,,,,,,,,,,,,,,,,,,,,,,,,,,,,,,,,,,,,,,,,,,,,,,,,,,,,,,,,,,,,,,,,,,,,20,3.7755178400000005,3.7,4.9388,6.18,10.6709,2.374345956602309,0.0538,0.0,3.7684405733333337,3.6929227333333334,4.931722733333332,6.172922733333333,10.663822733333333,3.6929227333333334,4.931722733333332,6.172922733333333
p_3SLFiW,Nicolás Gaitán,t_2rD0OF,Aldosivi,VOL,Atlético Tucumán,True,7,3,3,True,3,True,10.652146666666665,7.6798857142857155,14.29518,5.517182502095483,0.4067,15.3954,0.7640214412596794,0.1534405396317301,0.9764021441259679,0.895,10.374000619047619,9.065630820603982,2026-09-21 17:30:00,,,0.3914814814814815,,0.3914814814814815,15.0,True,6.15386449878545,,,,,,,,,,,,,,,,,,,,,,,,,,,,,,,,,,,,,,,,,,,,,,,,,,,,,,,,,,,,,,,,,,,,,,,,,,,,,,,,,,,,,,,,,,,,,,,,,,,,,,,,,,,,,,,,,,,,,,,,,,,,,,,,,,,,,,,,,,,,,,,,,,,,,,,,,,,,,,,,,,,,,,,,,,,,,,,,,,,,,,,,,,,,,,,,,7,7.63291242,5.3838,13.5617,15.3954,15.3954,5.107508657234537,0.4216,0.1406,9.065630820603982,6.816518400603981,14.994418400603982,16.828118400603984,16.828118400603984,6.816518400603981,14.994418400603982,16.828118400603984
p_3SmwDm,José Florentín,t_0SmVI4,Independiente Rivadavia,VOL,Barracas Central,False,24,3,3,True,3,True,13.280533333333333,11.068654166666667,17.036530000000003,4.362755944601508,5.161,20.29,1.0,0.1864712864672993,1.0,0.9869999999999999,13.334780833333333,13.161428682499999,2026-09-21 22:00:00,,,0.3987777777777778,,0.3987777777777778,15.0,True,6.15386449878545,,,,,,,,,,,,,,,,,,,,,,,,,,,,,,,,,,,,,,,,,,,,,,,,,,,,,,,,,,,,,,,,,,,,,,,,,,,,,,,,,,,,,,,,,,,,,,,,,,,,,,,,,,,,,,,,,,,,,,,,,,,,,,,,,,,,,,,,,,,,,,,,,,,,,,,,,,,,,,,,,,,,,,,,,,,,,,,,,,,,,,,,,,,,,,,,,24,11.04835548,10.1147,12.8449,17.0497,19.01,4.295401276077471,0.539,0.2462,13.161428682499999,12.227773202499998,14.9579732025,19.1627732025,21.123073202500002,12.227773202499998,14.9579732025,19.1627732025
p_3SxKvy,Agustín Ladstatter,t_1QqhS7,San Lorenzo,VOL,Boca Juniors,True,15,3,3,True,0,False,3.1533666666666664,3.412593333333333,6.110519999999999,2.3135054238927024,0.1633,7.8635,1.0,0.30179519031093094,1.0,0.957,3.996345666666666,3.8245028029999992,2026-09-20 17:45:00,,,0.4317824074074074,,0.4317824074074074,15.0,False,6.15386449878545,,,,,,,,,,,,,,,,,,,,,,,,,,,,,,,,,,,,,,,,,,,,,,,,,,,,,,,,,,,,,,,,,,,,,,,,,,,,,,,,,,,,,,,,,,,,,,,,,,,,,,,,,,,,,,,,,,,,,,,,,,,,,,,,,,,,,,,,,,,,,,,,,,,,,,,,,,,,,,,,,,,,,,,,,,,,,,,,,,,,,,,,,,,,,,,,,15,3.3968833399999996,2.4,5.54,6.334,7.8635,2.217824263335678,0.0,0.0,3.8245028029999992,2.8276194629999996,5.967619463,6.761619462999999,8.291119463,2.8276194629999996,5.967619463,6.761619462999999
p_3TT9CP,Marco Rivas,t_1L8FaD,Tigre,DEL,Vélez Sarsfield,False,1,3,2,True,0,False,0.47,0.47,0.47,0.0,0.47,0.47,0.7333333333333334,1.0,0.9733333333333334,0.85,0.47,0.3888466666666667,2026-09-21 00:30:00,,,,0.5577831989493617,0.5577831989493617,11.0,False,5.577128809735925,,,,,,,,,,,,,,,,,,,,,,,,,,,,,,,,,,,,,,,,,,,,,,,,,,,,,,,,,,,,,,,,,,,,,,,,,,,,,,,,,,,,,,,,,,,,,,,,,,,,,,,,,,,,,,,,,,,,,,,,,,,,,,,,,,,,,,,,,,,,,,,,,,,,,,,,,,,,,,,,,,,,,,,,,,,,,,,,,,,,,,,,,,,,,,,,,1,0.4699999999999998,0.47,0.47,0.47,0.47,1.6653345369377348e-16,0.0,0.0,0.3888466666666667,0.38884666666666684,0.38884666666666684,0.38884666666666684,0.38884666666666684,0.38884666666666684,0.38884666666666684,0.38884666666666684
p_3TyKvJ,Ángel Correa,t_1Fzy5s,River Plate,VOL,Huracán,True,8,3,3,True,3,True,16.20536,11.8420875,17.913149999999998,6.411899543914424,1.7,21.4457,0.7936503027528048,0.13491818043069065,0.9793650302752805,1.086,14.8869985,15.833669030013365,2026-09-19 22:00:00,,,0.7456045125585357,,0.7456045125585357,15.0,True,6.15386449878545,,,,,,,,,,,,,,,,,,,,,,,,,,,,,,,,,,,,,,,,,,,,,,,,,,,,,,,,,,,,,,,,,,,,,,,,,,,,,,,,,,,,,,,,,,,,,,,,,,,,,,,,,,,,,,,,,,,,,,,,,,,,,,,,,,,,,,,,,,,,,,,,,,,,,,,,,,,,,,,,,,,,,,,,,,,,,,,,,,,,,,,,,,,,,,,,,8,11.961180660000002,14.7344,16.3992,21.4457,21.4457,5.962771519048668,0.633,0.2535,15.833669030013365,18.606888370013365,20.271688370013365,25.31818837001336,25.31818837001336,18.606888370013365,20.271688370013365,25.31818837001336
p_3Ul7eT,Maximiliano Porcel,t_1DVMAZ,Defensa y Justicia,VOL,Central Córdoba,False,5,3,3,True,0,False,3.2079999999999997,2.8,4.704,1.8663868837944613,0.86,5.6,0.7364409184017444,0.34887125867538915,0.9736440918401744,0.999,3.4188,3.3253657267620054,2026-09-18 21:00:00,,,0.5768885221855519,,0.5768885221855519,15.0,False,6.15386449878545,,,,,,,,,,,,,,,,,,,,,,,,,,,,,,,,,,,,,,,,,,,,,,,,,,,,,,,,,,,,,,,,,,,,,,,,,,,,,,,,,,,,,,,,,,,,,,,,,,,,,,,,,,,,,,,,,,,,,,,,,,,,,,,,,,,,,,,,,,,,,,,,,,,,,,,,,,,,,,,,,,,,,,,,,,,,,,,,,,,,,,,,,,,,,,,,,5,2.8151059999999997,2.8,3.36,5.6,5.6,1.6681772354171482,0.0,0.0,3.3253657267620054,3.3102597267620055,3.8702597267620056,6.110259726762005,6.110259726762005,3.3102597267620055,3.8702597267620056,6.110259726762005
p_3WKRk7,Yonatthan Rak,t_3FROV0,Barracas Central,DEF,Independiente Rivadavia,True,12,3,3,True,3,True,9.628033333333333,8.074516666666666,11.35984,4.037625525621651,0.254,12.5362,0.9397012439655923,0.19850621982796118,0.9939701243965593,0.8869999999999999,9.439578333333333,8.322418400157911,2026-09-21 22:00:00,,0.439985588216027,,,0.439985588216027,16.0,True,6.218483552578269,,,,,,,,,,,,,,,,,,,,,,,,,,,,,,,,,,,,,,,,,,,,,,,,,,,,,,,,,,,,,,,,,,,,,,,,,,,,,,,,,,,,,,,,,,,,,,,,,,,,,,,,,,,,,,,,,,,,,,,,,,,,,,,,,,,,,,,,,,,,,,,,,,,,,,,,,,,,,,,,,,,,,,,,,,,,,,,,,,,,,,,,,,,,,,,,,12,7.986866190000001,9.4638,11.23,11.3616,12.5362,3.887564264463275,0.4074,0.0,8.322418400157911,9.799352210157911,11.565552210157911,11.69715221015791,12.87175221015791,9.799352210157911,11.565552210157911,11.69715221015791
p_3WWk77,Williams Alarcón,t_0otcXZ,Boca Juniors,VOL,San Lorenzo,False,8,3,3,True,1,False,7.964006666666666,6.937175,14.13956,5.073005379949838,1.84,15.0987,0.7995992902174878,0.16466311775410608,0.9799599290217488,1.028,9.097162333333333,9.164470481997894,2026-09-20 17:45:00,,,0.7746527777777779,,0.7746527777777779,15.0,False,6.15386449878545,,,,,,,,,,,,,,,,,,,,,,,,,,,,,,,,,,,,,,,,,,,,,,,,,,,,,,,,,,,,,,,,,,,,,,,,,,,,,,,,,,,,,,,,,,,,,,,,,,,,,,,,,,,,,,,,,,,,,,,,,,,,,,,,,,,,,,,,,,,,,,,,,,,,,,,,,,,,,,,,,,,,,,,,,,,,,,,,,,,,,,,,,,,,,,,,,8,6.998611110000001,6.7938,7.13,15.0987,15.0987,4.716907216149324,0.2497,0.1273,9.164470481997894,8.959659371997894,9.295859371997892,17.26455937199789,17.26455937199789,8.959659371997894,9.295859371997892,17.26455937199789
p_3WvG1h,Alex Vigo,t_0SmVI4,Independiente Rivadavia,DEF,Barracas Central,False,5,3,3,True,1,False,6.76106,5.863519999999999,11.76728,5.436808444023018,0.6344,12.4994,0.6977379657024042,0.15535649517868796,0.9697737965702404,0.9869999999999999,7.653599,7.325770382780664,2026-09-21 22:00:00,,0.7275132275132276,,,0.7275132275132276,14.0,False,6.218483552578269,,,,,,,,,,,,,,,,,,,,,,,,,,,,,,,,,,,,,,,,,,,,,,,,,,,,,,,,,,,,,,,,,,,,,,,,,,,,,,,,,,,,,,,,,,,,,,,,,,,,,,,,,,,,,,,,,,,,,,,,,,,,,,,,,,,,,,,,,,,,,,,,,,,,,,,,,,,,,,,,,,,,,,,,,,,,,,,,,,,,,,,,,,,,,,,,,5,5.810661350000001,4.2518,10.6691,12.4994,12.4994,4.844684447191084,0.3938,0.0,7.325770382780664,5.766909032780664,12.184209032780664,14.014509032780662,14.014509032780662,5.766909032780664,12.184209032780664,14.014509032780662
p_3WxKBx,Jhonatan Candia,t_3FROV0,Barracas Central,DEL,Independiente Rivadavia,True,23,3,3,True,0,False,1.4128866666666666,3.6060304347826087,8.647400000000001,3.54545931124135,-0.3844,12.3513,1.0,0.2199997693361605,1.0,0.8869999999999999,4.098772507246377,3.6356112139275356,2026-09-21 22:00:00,,,,0.4540055096418733,0.4540055096418733,11.0,False,5.577128809735925,,,,,,,,,,,,,,,,,,,,,,,,,,,,,,,,,,,,,,,,,,,,,,,,,,,,,,,,,,,,,,,,,,,,,,,,,,,,,,,,,,,,,,,,,,,,,,,,,,,,,,,,,,,,,,,,,,,,,,,,,,,,,,,,,,,,,,,,,,,,,,,,,,,,,,,,,,,,,,,,,,,,,,,,,,,,,,,,,,,,,,,,,,,,,,,,,23,3.5920282999999995,1.81,5.9922,8.9052,9.9233,3.468556108431736,0.0434,0.0,3.6356112139275356,1.8535829139275362,6.0357829139275365,8.948782913927538,9.966882913927535,1.8535829139275362,6.0357829139275365,8.948782913927538
p_3XUbmT,Matías Pellegrini,t_2eRs85,Vélez Sarsfield,VOL,Tigre,True,19,3,2,True,2,True,8.32758,8.54145789473684,13.178999999999995,5.483027643284096,1.3871,24.9365,1.0,0.15424891810170221,1.0,0.955,9.625986157894735,9.192816780789471,2026-09-21 00:30:00,,,0.6333090379008747,,0.6333090379008747,15.0,True,6.15386449878545,,,,,,,,,,,,,,,,,,,,,,,,,,,,,,,,,,,,,,,,,,,,,,,,,,,,,,,,,,,,,,,,,,,,,,,,,,,,,,,,,,,,,,,,,,,,,,,,,,,,,,,,,,,,,,,,,,,,,,,,,,,,,,,,,,,,,,,,,,,,,,,,,,,,,,,,,,,,,,,,,,,,,,,,,,,,,,,,,,,,,,,,,,,,,,,,,19,8.474842019999999,7.1024,9.7362,18.9642,24.9365,5.288249431082871,0.2123,0.1022,9.192816780789471,7.8203747607894725,10.454174760789472,19.682174760789472,25.65447476078947,7.8203747607894725,10.454174760789472,19.682174760789472
p_3ZKy4R,Nicolás Demartini,t_3FROV0,Barracas Central,DEF,Independiente Rivadavia,True,19,3,3,True,3,True,8.166553333333335,7.796084210526317,10.79572,2.8457935456980787,3.14,13.685,1.0,0.26002435859267703,1.0,0.8869999999999999,8.675657350877195,7.695308070228071,2026-09-21 22:00:00,,0.3963333333333333,,,0.3963333333333333,14.0,True,6.218483552578269,,,,,,,,,,,,,,,,,,,,,,,,,,,,,,,,,,,,,,,,,,,,,,,,,,,,,,,,,,,,,,,,,,,,,,,,,,,,,,,,,,,,,,,,,,,,,,,,,,,,,,,,,,,,,,,,,,,,,,,,,,,,,,,,,,,,,,,,,,,,,,,,,,,,,,,,,,,,,,,,,,,,,,,,,,,,,,,,,,,,,,,,,,,,,,,,,19,7.76348586,8.2436,9.6167,11.001,13.685,2.811532513853621,0.1628,0.0,7.695308070228071,8.17542221022807,9.548522210228072,10.932822210228071,13.616822210228072,8.17542221022807,9.548522210228072,10.932822210228071
p_3ZM5Ym,Enzo Salas,t_1QqhS7,San Lorenzo,DEL,Boca Juniors,True,3,3,3,True,0,False,1.3304166666666668,1.3175000000000001,2.4680000000000004,1.4143174148683881,0.4625,2.95,0.6828391489736666,0.41419574486833294,0.9682839148973666,0.957,1.6096458333333334,1.4915746198270101,2026-09-20 17:45:00,,,,0.4994816172338066,0.4994816172338066,16.0,False,5.577128809735925,,,,,,,,,,,,,,,,,,,,,,,,,,,,,,,,,,,,,,,,,,,,,,,,,,,,,,,,,,,,,,,,,,,,,,,,,,,,,,,,,,,,,,,,,,,,,,,,,,,,,,,,,,,,,,,,,,,,,,,,,,,,,,,,,,,,,,,,,,,,,,,,,,,,,,,,,,,,,,,,,,,,,,,,,,,,,,,,,,,,,,,,,,,,,,,,,3,1.3192409999999999,0.54,2.95,2.95,2.95,1.1552837471456958,0.0,0.0,1.4915746198270101,0.7123336198270103,3.1223336198270104,3.1223336198270104,3.1223336198270104,0.7123336198270103,3.1223336198270104,3.1223336198270104
p_3ajgv3,Agustín Lastra,t_1dhmUh,Estudiantes de Río Cuarto,ARQ,Club Atlético Belgrano,False,11,3,3,True,0,False,6.0348999999999995,6.300127272727274,12.7556,3.7177555334074643,2.9353,14.0064,0.9090597068705849,0.2119652010195908,0.9909059706870585,0.85,7.82116590909091,6.58753399749442,2026-09-20 22:15:00,0.5189129065280732,,,,0.5189129065280732,9.0,False,7.5205623530242764,,,,,,,,,,,,,,,,,,,,,,,,,,,,,,,,,,,,,,,,,,,,,,,,,,,,,,,,,,,,,,,,,,,,,,,,,,,,,,,,,,,,,,,,,,,,,,,,,,,,,,,,,,,,,,,,,,,,,,,,,,,,,,,,,,,,,,,,,,,,,,,,,,,,,,,,,,,,,,,,,,,,,,,,,,,,,,,,,,,,,,,,,,,,,,,,,11,6.3791341,4.825,7.5079,12.7556,14.0064,3.571371499230679,0.1883,0.0,6.58753399749442,5.03339989749442,7.71629989749442,12.96399989749442,14.21479989749442,5.03339989749442,7.71629989749442,12.96399989749442
p_3bAYJA,Andrés Vombergar,t_2rD0OF,Aldosivi,DEL,Atlético Tucumán,True,7,3,3,True,2,True,12.819566666666667,7.722542857142857,17.389320000000005,8.199866907020938,0.795,23.6709,0.7550727782645822,0.10869722465624404,0.9755072778264582,0.895,11.923195476190477,10.409891745964325,2026-09-21 17:30:00,,,,0.4229777966989783,0.4229777966989783,16.0,True,5.577128809735925,,,,,,,,,,,,,,,,,,,,,,,,,,,,,,,,,,,,,,,,,,,,,,,,,,,,,,,,,,,,,,,,,,,,,,,,,,,,,,,,,,,,,,,,,,,,,,,,,,,,,,,,,,,,,,,,,,,,,,,,,,,,,,,,,,,,,,,,,,,,,,,,,,,,,,,,,,,,,,,,,,,,,,,,,,,,,,,,,,,,,,,,,,,,,,,,,7,7.6500689500000005,5.35,13.2016,23.6709,23.6709,7.535631702041634,0.2835,0.1389,10.409891745964325,8.109822795964323,15.961422795964324,26.430722795964325,26.430722795964325,8.109822795964323,15.961422795964324,26.430722795964325
p_3cUNHY,Facundo Carrizo,t_3XuEvf,Argentinos Juniors,VOL,Rosario Central,False,3,3,2,True,0,False,1.8483333333333334,1.5366666666666668,2.184,1.031616853940131,0.35,2.22,0.6984437590247977,0.49221879512398886,0.9698443759024797,0.8859999999999999,1.8075833333333335,1.553224033410234,2026-09-20 20:00:00,,,0.7118364197530864,,0.7118364197530864,15.0,False,6.15386449878545,,,,,,,,,,,,,,,,,,,,,,,,,,,,,,,,,,,,,,,,,,,,,,,,,,,,,,,,,,,,,,,,,,,,,,,,,,,,,,,,,,,,,,,,,,,,,,,,,,,,,,,,,,,,,,,,,,,,,,,,,,,,,,,,,,,,,,,,,,,,,,,,,,,,,,,,,,,,,,,,,,,,,,,,,,,,,,,,,,,,,,,,,,,,,,,,,3,1.544469,2.04,2.22,2.22,2.22,0.8386966066695394,0.0,0.0,1.553224033410234,2.048755033410234,2.228755033410234,2.228755033410234,2.228755033410234,2.048755033410234,2.228755033410234,2.228755033410234
p_3dtvN3,Bautista Merlini,t_2Swqmw,Club Atlético Platense,VOL,Newell's Old Boys,True,19,3,3,True,1,False,8.879826666666668,5.180473684210527,10.321559999999998,3.859562245880297,0.5133,12.7386,1.0,0.20577985205308397,1.0,0.85,7.760518807017544,6.596440985964912,2026-09-20 20:00:00,,,0.5420601851851852,,0.5420601851851852,15.0,False,6.15386449878545,,,,,,,,,,,,,,,,,,,,,,,,,,,,,,,,,,,,,,,,,,,,,,,,,,,,,,,,,,,,,,,,,,,,,,,,,,,,,,,,,,,,,,,,,,,,,,,,,,,,,,,,,,,,,,,,,,,,,,,,,,,,,,,,,,,,,,,,,,,,,,,,,,,,,,,,,,,,,,,,,,,,,,,,,,,,,,,,,,,,,,,,,,,,,,,,,19,5.10739707,3.865,9.05,11.9678,12.7386,3.744416668927273,0.1006,0.0,6.596440985964912,5.354043915964912,10.539043915964912,13.456843915964912,14.227643915964912,5.354043915964912,10.539043915964912,13.456843915964912
p_3f89Le,Gastón Campi,t_3FROV0,Barracas Central,DEF,Independiente Rivadavia,True,9,3,3,True,0,False,4.587953333333333,6.522177777777779,10.427640000000002,3.833869290539839,-0.17,13.6946,0.8413747223971099,0.20687361198554904,0.984137472239711,0.8869999999999999,6.821564777777779,5.95474811768692,2026-09-21 22:00:00,,0.5353395061728395,,,0.5353395061728395,14.0,False,6.218483552578269,,,,,,,,,,,,,,,,,,,,,,,,,,,,,,,,,,,,,,,,,,,,,,,,,,,,,,,,,,,,,,,,,,,,,,,,,,,,,,,,,,,,,,,,,,,,,,,,,,,,,,,,,,,,,,,,,,,,,,,,,,,,,,,,,,,,,,,,,,,,,,,,,,,,,,,,,,,,,,,,,,,,,,,,,,,,,,,,,,,,,,,,,,,,,,,,,9,6.5184070400000005,5.7912,7.6658,13.6946,13.6946,3.5851865995136767,0.1071,0.0,5.95474811768692,5.22754107768692,7.10214107768692,13.13094107768692,13.13094107768692,5.22754107768692,7.10214107768692,13.13094107768692
p_3fPo7i,Victorio Gabriel Ramis,t_0SmVI4,Independiente Rivadavia,DEL,Barracas Central,False,5,3,3,True,0,False,2.227706666666667,2.80378,4.978,2.4170559451531113,-0.37,5.31,0.7251965834166947,0.2926495837501402,0.9725196583416695,0.9869999999999999,3.1457093333333335,3.0194937319362922,2026-09-21 22:00:00,,,,0.6101133395437194,0.6101133395437194,11.0,False,5.577128809735925,,,,,,,,,,,,,,,,,,,,,,,,,,,,,,,,,,,,,,,,,,,,,,,,,,,,,,,,,,,,,,,,,,,,,,,,,,,,,,,,,,,,,,,,,,,,,,,,,,,,,,,,,,,,,,,,,,,,,,,,,,,,,,,,,,,,,,,,,,,,,,,,,,,,,,,,,,,,,,,,,,,,,,,,,,,,,,,,,,,,,,,,,,,,,,,,,5,2.80787074,3.6589,4.48,5.31,5.31,2.1556566549981593,0.0,0.0,3.0194937319362922,3.8705229919362925,4.691622991936293,5.521622991936292,5.521622991936292,3.8705229919362925,4.691622991936293,5.521622991936292
p_3gL8Nt,Sebastián Villa,t_0otcXZ,Boca Juniors,DEL,San Lorenzo,False,8,3,3,True,1,False,7.467273333333333,6.110125,12.36113,4.561844293625739,1.0933,14.3807,0.8026259617208654,0.17979647527099415,0.9802625961720866,1.028,8.147878166666667,8.210697890689143,2026-09-20 17:45:00,,,,0.6569637614155371,0.6569637614155371,16.0,False,5.577128809735925,,,,,,,,,,,,,,,,,,,,,,,,,,,,,,,,,,,,,,,,,,,,,,,,,,,,,,,,,,,,,,,,,,,,,,,,,,,,,,,,,,,,,,,,,,,,,,,,,,,,,,,,,,,,,,,,,,,,,,,,,,,,,,,,,,,,,,,,,,,,,,,,,,,,,,,,,,,,,,,,,,,,,,,,,,,,,,,,,,,,,,,,,,,,,,,,,8,6.1110412599999995,4.4421,11.4956,14.3807,14.3807,4.285515465841607,0.2516,0.0,8.210697890689143,6.541756630689144,13.595256630689143,16.480356630689144,16.480356630689144,6.541756630689144,13.595256630689143,16.480356630689144
p_3gXasE,Alessandro Riep,t_0SmVI4,Independiente Rivadavia,VOL,Barracas Central,False,3,3,2,True,0,False,5.764766666666667,5.5473,7.91904,3.491473905100824,1.5867,8.18,0.6445288126405156,0.22264406320257854,0.9644528812640516,0.9869999999999999,6.216348333333333,5.917435185231001,2026-09-21 22:00:00,,,0.497890559732665,,0.497890559732665,15.0,False,6.15386449878545,,,,,,,,,,,,,,,,,,,,,,,,,,,,,,,,,,,,,,,,,,,,,,,,,,,,,,,,,,,,,,,,,,,,,,,,,,,,,,,,,,,,,,,,,,,,,,,,,,,,,,,,,,,,,,,,,,,,,,,,,,,,,,,,,,,,,,,,,,,,,,,,,,,,,,,,,,,,,,,,,,,,,,,,,,,,,,,,,,,,,,,,,,,,,,,,,3,5.51357253,6.8752,8.18,8.18,8.18,2.867259848772064,0.0,0.0,5.917435185231001,7.279062655231002,8.583862655231002,8.583862655231002,8.583862655231002,7.279062655231002,8.583862655231002,8.583862655231002
p_3hKw89,Francisco Perruzzi,t_2rD0OF,Aldosivi,VOL,Atlético Tucumán,True,4,3,3,True,0,False,1.86333,1.5297999999999998,2.5626100000000003,1.077368779326126,0.7878,3.118,0.7296089691233723,0.48137817895019497,0.9729608969123372,0.895,1.904738,1.6586458556123953,2026-09-21 17:30:00,,,0.6274305555555556,,0.6274305555555556,15.0,False,6.15386449878545,,,,,,,,,,,,,,,,,,,,,,,,,,,,,,,,,,,,,,,,,,,,,,,,,,,,,,,,,,,,,,,,,,,,,,,,,,,,,,,,,,,,,,,,,,,,,,,,,,,,,,,,,,,,,,,,,,,,,,,,,,,,,,,,,,,,,,,,,,,,,,,,,,,,,,,,,,,,,,,,,,,,,,,,,,,,,,,,,,,,,,,,,,,,,,,,,4,1.52677776,1.2667,1.2667,3.118,3.118,0.9302688589302461,0.0,0.0,1.6586458556123953,1.3985680956123951,1.3985680956123951,3.249868095612395,3.249868095612395,1.3985680956123951,1.3985680956123951,3.249868095612395
p_3i5iMO,Diego Churín,t_3qkV0m,Sarmiento,DEL,Racing Club,False,20,3,3,True,0,False,3.085666666666667,3.89771,8.204900000000004,3.7948835557892946,-0.592,15.4814,1.0,0.20855563818491693,1.0,0.959,4.690292333333334,4.497990347666667,2026-09-19 00:15:00,,,,0.5315932311621966,0.5315932311621966,11.0,False,5.577128809735925,,,,,,,,,,,,,,,,,,,,,,,,,,,,,,,,,,,,,,,,,,,,,,,,,,,,,,,,,,,,,,,,,,,,,,,,,,,,,,,,,,,,,,,,,,,,,,,,,,,,,,,,,,,,,,,,,,,,,,,,,,,,,,,,,,,,,,,,,,,,,,,,,,,,,,,,,,,,,,,,,,,,,,,,,,,,,,,,,,,,,,,,,,,,,,,,,20,3.8427233,3.0074,4.968,7.976,10.265,3.620506008730977,0.0956,0.0457,4.497990347666667,3.662667047666667,5.623267047666667,8.631267047666666,10.920267047666668,3.662667047666667,5.623267047666667,8.631267047666666
p_3i9lqe,Vicente Pizarro,t_1rEb7t,Rosario Central,VOL,Argentinos Juniors,True,27,3,3,True,3,True,7.272813333333333,9.29887037037037,14.948240000000002,4.588266805150085,3.29,20.8298,1.0,0.17894635937539902,1.0,1.015,10.002092814814816,10.152124207037037,2026-09-20 20:00:00,,,0.5392592592592592,,0.5392592592592592,15.0,True,6.15386449878545,,,,,,,,,,,,,,,,,,,,,,,,,,,,,,,,,,,,,,,,,,,,,,,,,,,,,,,,,,,,,,,,,,,,,,,,,,,,,,,,,,,,,,,,,,,,,,,,,,,,,,,,,,,,,,,,,,,,,,,,,,,,,,,,,,,,,,,,,,,,,,,,,,,,,,,,,,,,,,,,,,,,,,,,,,,,,,,,,,,,,,,,,,,,,,,,,27,9.28207132,8.39,12.9086,15.5906,17.208,4.51963617685024,0.3359,0.1128,10.152124207037037,9.260052887037038,13.778652887037037,16.460652887037035,18.078052887037035,9.260052887037038,13.778652887037037,16.460652887037035
p_3il4tl,Santiago González,t_1L8FaD,Tigre,VOL,Vélez Sarsfield,False,9,3,3,True,3,True,7.546893333333332,6.537411111111111,9.293199999999999,2.366180840745506,3.27,10.4828,0.8594145143894605,0.29707257194730236,0.9859414514389461,0.85,7.57967711111111,6.352150174512329,2026-09-21 00:30:00,,,0.5136403975860845,,0.5136403975860845,15.0,True,6.15386449878545,,,,,,,,,,,,,,,,,,,,,,,,,,,,,,,,,,,,,,,,,,,,,,,,,,,,,,,,,,,,,,,,,,,,,,,,,,,,,,,,,,,,,,,,,,,,,,,,,,,,,,,,,,,,,,,,,,,,,,,,,,,,,,,,,,,,,,,,,,,,,,,,,,,,,,,,,,,,,,,,,,,,,,,,,,,,,,,,,,,,,,,,,,,,,,,,,9,6.56233131,5.794,8.2,10.4828,10.4828,2.234839459216407,0.1153,0.0,6.352150174512329,5.583818864512328,7.989818864512328,10.272618864512328,10.272618864512328,5.583818864512328,7.989818864512328,10.272618864512328
p_3kuGSc,Luciano Vallejo,t_45vTPl,Atlético Tucumán,DEF,Aldosivi,False,15,3,3,True,3,True,8.281233333333335,7.133906666666666,11.12206,3.433621787032019,0.52,12.8354,1.0,0.2255492344712213,1.0,0.896,8.532509333333334,7.645128362666667,2026-09-21 17:30:00,,0.4612,,,0.4612,14.0,True,6.218483552578269,,,,,,,,,,,,,,,,,,,,,,,,,,,,,,,,,,,,,,,,,,,,,,,,,,,,,,,,,,,,,,,,,,,,,,,,,,,,,,,,,,,,,,,,,,,,,,,,,,,,,,,,,,,,,,,,,,,,,,,,,,,,,,,,,,,,,,,,,,,,,,,,,,,,,,,,,,,,,,,,,,,,,,,,,,,,,,,,,,,,,,,,,,,,,,,,,15,7.1752462,7.2629,9.9,11.9159,12.8354,3.304941296741224,0.1344,0.0,7.645128362666667,7.732782162666667,10.369882162666666,12.385782162666668,13.305282162666668,7.732782162666667,10.369882162666666,12.385782162666668
p_3lGmY0,Gastón Ávila,t_1rEb7t,Rosario Central,DEF,Argentinos Juniors,True,21,3,3,True,3,True,10.375093333333332,10.423428571428571,15.3241,5.134095405243543,0.6984,21.0486,1.0,0.16302322248610296,1.0,1.015,11.631679095238095,11.806154281666664,2026-09-20 20:00:00,,0.5075,,,0.5075,14.0,True,6.218483552578269,,,,,,,,,,,,,,,,,,,,,,,,,,,,,,,,,,,,,,,,,,,,,,,,,,,,,,,,,,,,,,,,,,,,,,,,,,,,,,,,,,,,,,,,,,,,,,,,,,,,,,,,,,,,,,,,,,,,,,,,,,,,,,,,,,,,,,,,,,,,,,,,,,,,,,,,,,,,,,,,,,,,,,,,,,,,,,,,,,,,,,,,,,,,,,,,,21,10.40010043,11.3268,13.5131,15.3241,17.4032,5.003553530785177,0.6163,0.1929,11.806154281666664,12.732853851666665,14.919153851666664,16.730153851666664,18.80925385166666,12.732853851666665,14.919153851666664,16.730153851666664
p_3lcFKJ,Juan Gutiérrez,t_1DVMAZ,Defensa y Justicia,DEL,Central Córdoba,False,25,3,3,True,3,True,11.28342,8.173876,16.3094,6.124021613509649,0.406,21.6373,1.0,0.14037015245765797,1.0,0.999,11.2960974,11.2848013026,2026-09-18 21:00:00,,,,0.5651767427401069,0.5651767427401069,11.0,True,5.577128809735925,,,,,,,,,,,,,,,,,,,,,,,,,,,,,,,,,,,,,,,,,,,,,,,,,,,,,,,,,,,,,,,,,,,,,,,,,,,,,,,,,,,,,,,,,,,,,,,,,,,,,,,,,,,,,,,,,,,,,,,,,,,,,,,,,,,,,,,,,,,,,,,,,,,,,,,,,,,,,,,,,,,,,,,,,,,,,,,,,,,,,,,,,,,,,,,,,25,8.18063826,6.6224,12.2167,16.374,18.3141,5.993489717138602,0.3593,0.1974,11.2848013026,9.726563042599999,15.3208630426,19.4781630426,21.4182630426,9.726563042599999,15.3208630426,19.4781630426
p_3mDkwx,Lucas Blondel,t_2qXAzu,Huracán,DEF,River Plate,False,20,3,3,True,3,True,13.684586666666666,9.291630000000001,15.9719,4.790544540534207,1.32,19.1529,1.0,0.17269532994693879,1.0,1.015,12.499232333333334,12.686720818333333,2026-09-19 22:00:00,,0.5036895674300255,,,0.5036895674300255,14.0,True,6.218483552578269,,,,,,,,,,,,,,,,,,,,,,,,,,,,,,,,,,,,,,,,,,,,,,,,,,,,,,,,,,,,,,,,,,,,,,,,,,,,,,,,,,,,,,,,,,,,,,,,,,,,,,,,,,,,,,,,,,,,,,,,,,,,,,,,,,,,,,,,,,,,,,,,,,,,,,,,,,,,,,,,,,,,,,,,,,,,,,,,,,,,,,,,,,,,,,,,,20,9.35724878,9.6129,12.983,15.9719,19.1529,4.672026473907924,0.4551,0.1538,12.686720818333333,12.942372038333332,16.312472038333333,19.301372038333334,22.48237203833333,12.942372038333332,16.312472038333333,19.301372038333334
p_3mEDPS,Federico Fattori,t_02LuKO,Talleres,VOL,Instituto De Córdoba,False,6,3,1,True,1,False,7.125106666666667,6.6143,10.2104,3.7657928811871746,2.5629,13.3206,0.741965734765666,0.20982867382832987,0.9741965734765666,0.9819999999999999,7.692107333333334,7.358739364022252,2026-09-20 00:15:00,,,0.7908730158730158,,0.7908730158730158,15.0,False,6.15386449878545,,,,,,,,,,,,,,,,,,,,,,,,,,,,,,,,,,,,,,,,,,,,,,,,,,,,,,,,,,,,,,,,,,,,,,,,,,,,,,,,,,,,,,,,,,,,,,,,,,,,,,,,,,,,,,,,,,,,,,,,,,,,,,,,,,,,,,,,,,,,,,,,,,,,,,,,,,,,,,,,,,,,,,,,,,,,,,,,,,,,,,,,,,,,,,,,,6,6.61045251,5.9409,7.1002,13.3206,13.3206,3.4528022476735765,0.1682,0.0,7.358739364022252,6.689186854022252,7.848486854022252,14.068886854022253,14.068886854022253,6.689186854022252,7.848486854022252,14.068886854022253
p_3mGP60,Germán Conti,t_0rGDE4,Gimnasia LP,DEF,Banfield,True,9,3,3,True,3,True,9.82418,8.399677777777779,13.941980000000001,6.155712340131274,-4.8867,14.7559,0.8279496981563028,0.13974849078151383,0.9827949698156303,0.955,10.283829111111112,9.652085222405587,2026-09-19 17:30:00,,0.4812925170068027,,,0.4812925170068027,14.0,True,6.218483552578269,,,,,,,,,,,,,,,,,,,,,,,,,,,,,,,,,,,,,,,,,,,,,,,,,,,,,,,,,,,,,,,,,,,,,,,,,,,,,,,,,,,,,,,,,,,,,,,,,,,,,,,,,,,,,,,,,,,,,,,,,,,,,,,,,,,,,,,,,,,,,,,,,,,,,,,,,,,,,,,,,,,,,,,,,,,,,,,,,,,,,,,,,,,,,,,,,9,8.4141801,10.695,12.2455,14.7559,14.7559,5.772299162327607,0.5592,0.0,9.652085222405587,11.932905122405588,13.483405122405587,15.993805122405588,15.993805122405588,11.932905122405588,13.483405122405587,15.993805122405588
p_3mV8zU,Román Riquelme,t_02LuKO,Talleres,DEF,Instituto De Córdoba,False,4,3,1,True,1,False,5.557840000000001,4.844775,7.26965,2.565616856787726,3.1006,8.6489,0.6894246095508741,0.28045638108770404,0.9689424609550874,0.9819999999999999,5.700566500000001,5.424097556547863,2026-09-20 00:15:00,,0.7793539325842698,,,0.7793539325842698,14.0,False,6.218483552578269,,,,,,,,,,,,,,,,,,,,,,,,,,,,,,,,,,,,,,,,,,,,,,,,,,,,,,,,,,,,,,,,,,,,,,,,,,,,,,,,,,,,,,,,,,,,,,,,,,,,,,,,,,,,,,,,,,,,,,,,,,,,,,,,,,,,,,,,,,,,,,,,,,,,,,,,,,,,,,,,,,,,,,,,,,,,,,,,,,,,,,,,,,,,,,,,,4,4.833020939999999,3.5782,4.0514,8.6489,8.6489,2.2184233124982065,0.0,0.0,5.424097556547863,4.169276616547863,4.642476616547864,9.239976616547864,9.239976616547864,4.169276616547863,4.642476616547864,9.239976616547864
p_3mpZF5,Oscar Salomón,t_3mLGSt,Newell's Old Boys,DEF,Club Atlético Platense,False,9,3,3,True,0,False,5.051473333333333,6.4462111111111104,14.78048,5.821238637404509,1.0411,17.27,0.8293201881111875,0.14660094055593714,0.9829320188111188,0.8869999999999999,8.041620111111111,7.0111725447196385,2026-09-20 20:00:00,,0.4774305555555555,,,0.4774305555555555,14.0,False,6.218483552578269,,,,,,,,,,,,,,,,,,,,,,,,,,,,,,,,,,,,,,,,,,,,,,,,,,,,,,,,,,,,,,,,,,,,,,,,,,,,,,,,,,,,,,,,,,,,,,,,,,,,,,,,,,,,,,,,,,,,,,,,,,,,,,,,,,,,,,,,,,,,,,,,,,,,,,,,,,,,,,,,,,,,,,,,,,,,,,,,,,,,,,,,,,,,,,,,,9,6.40275665,4.5878,8.6222,17.27,17.27,5.478713943067276,0.2174,0.1132,7.0111725447196385,5.196215894719638,9.230615894719637,17.878415894719637,17.878415894719637,5.196215894719638,9.230615894719637,17.878415894719637
p_3mvWYr,Gabriel Alanís,t_1dhmUh,Estudiantes de Río Cuarto,VOL,Club Atlético Belgrano,False,23,3,3,True,3,True,6.178586666666666,5.307047826086957,9.6917,3.9590123754507687,-2.88,14.5834,1.0,0.20165305594929092,1.0,0.85,6.708249463768116,5.702012044202898,2026-09-20 22:15:00,,,0.4608845547675335,,0.4608845547675335,15.0,True,6.15386449878545,,,,,,,,,,,,,,,,,,,,,,,,,,,,,,,,,,,,,,,,,,,,,,,,,,,,,,,,,,,,,,,,,,,,,,,,,,,,,,,,,,,,,,,,,,,,,,,,,,,,,,,,,,,,,,,,,,,,,,,,,,,,,,,,,,,,,,,,,,,,,,,,,,,,,,,,,,,,,,,,,,,,,,,,,,,,,,,,,,,,,,,,,,,,,,,,,23,5.331708620000001,5.0409,7.4457,9.8688,12.58,3.91570743121951,0.0881,0.0,5.702012044202898,5.411203424202897,7.816003424202898,10.239103424202899,12.950303424202897,5.411203424202897,7.816003424202898,10.239103424202899
p_3mxeOn,Thiago Aguirre,t_2eRs85,Vélez Sarsfield,DEL,Tigre,True,6,3,2,True,0,False,2.0372866666666667,2.8986666666666667,6.47165,3.5946523368285095,-0.16,9.75,0.7435288647188595,0.21764432359429764,0.974352886471886,0.955,3.4904295000000003,3.247869105725799,2026-09-21 00:30:00,,,,0.5817717775240753,0.5817717775240753,16.0,False,5.577128809735925,,,,,,,,,,,,,,,,,,,,,,,,,,,,,,,,,,,,,,,,,,,,,,,,,,,,,,,,,,,,,,,,,,,,,,,,,,,,,,,,,,,,,,,,,,,,,,,,,,,,,,,,,,,,,,,,,,,,,,,,,,,,,,,,,,,,,,,,,,,,,,,,,,,,,,,,,,,,,,,,,,,,,,,,,,,,,,,,,,,,,,,,,,,,,,,,,6,2.9060728900000004,0.89,3.1933,9.75,9.75,3.2969320818697567,0.0,0.0,3.247869105725799,1.2317962157257987,3.5350962157257984,10.091796215725799,10.091796215725799,1.2317962157257987,3.5350962157257984,10.091796215725799
p_3naRvD,Kevin Gutiérrez,t_3XuEvf,Argentinos Juniors,VOL,Rosario Central,False,9,3,3,True,3,True,10.658933333333334,11.847199999999999,16.40946,4.623082921060361,2.1429,17.1713,0.8355676775192007,0.1778383875960035,0.9835567677519201,0.8859999999999999,12.571871666666667,10.955522422497928,2026-09-20 20:00:00,,,0.7240153698366955,,0.7240153698366955,15.0,True,6.15386449878545,,,,,,,,,,,,,,,,,,,,,,,,,,,,,,,,,,,,,,,,,,,,,,,,,,,,,,,,,,,,,,,,,,,,,,,,,,,,,,,,,,,,,,,,,,,,,,,,,,,,,,,,,,,,,,,,,,,,,,,,,,,,,,,,,,,,,,,,,,,,,,,,,,,,,,,,,,,,,,,,,,,,,,,,,,,,,,,,,,,,,,,,,,,,,,,,,9,11.79817495,13.0489,14.0882,17.1713,17.1713,4.401834849936047,0.659,0.2253,10.955522422497928,12.206247472497928,13.245547472497929,16.328647472497927,16.328647472497927,12.206247472497928,13.245547472497929,16.328647472497927
p_3neIIb,Maximiliano Gutiérrez,t_1XZg6T,Independiente,DEL,Club Atlético Unión de Santa Fe,False,14,3,1,True,1,False,5.5975866666666665,7.261371428571429,14.650740000000004,5.545254031418851,1.52,20.6426,0.9972231582924997,0.15278245812916513,0.99972231582925,0.962,8.526388904761905,8.200108453591277,2026-09-19 19:45:00,,,,0.5894442006193158,0.5894442006193158,11.0,False,5.577128809735925,,,,,,,,,,,,,,,,,,,,,,,,,,,,,,,,,,,,,,,,,,,,,,,,,,,,,,,,,,,,,,,,,,,,,,,,,,,,,,,,,,,,,,,,,,,,,,,,,,,,,,,,,,,,,,,,,,,,,,,,,,,,,,,,,,,,,,,,,,,,,,,,,,,,,,,,,,,,,,,,,,,,,,,,,,,,,,,,,,,,,,,,,,,,,,,,,14,7.222778550000001,4.9641,9.3473,16.2522,20.6426,5.311074082916458,0.2125,0.14,8.200108453591277,5.941429903591276,10.324629903591276,17.229529903591274,21.619929903591277,5.941429903591276,10.324629903591276,17.229529903591274
p_3oLDhv,Iván Guaraz,t_3FROV0,Barracas Central,VOL,Independiente Rivadavia,True,11,3,3,True,0,False,3.377593333333333,4.499509090909091,9.0025,3.268221556888255,-0.254,9.4187,0.9135245903555695,0.2342896184445143,0.991352459035557,0.8869999999999999,5.232586303030303,4.6011681838802545,2026-09-21 22:00:00,,,0.5205246913580247,,0.5205246913580247,15.0,False,6.15386449878545,,,,,,,,,,,,,,,,,,,,,,,,,,,,,,,,,,,,,,,,,,,,,,,,,,,,,,,,,,,,,,,,,,,,,,,,,,,,,,,,,,,,,,,,,,,,,,,,,,,,,,,,,,,,,,,,,,,,,,,,,,,,,,,,,,,,,,,,,,,,,,,,,,,,,,,,,,,,,,,,,,,,,,,,,,,,,,,,,,,,,,,,,,,,,,,,,11,4.55989787,3.85,8.7867,9.0025,9.4187,3.155868761311291,0.0,0.0,4.6011681838802545,3.8912703138802542,8.827970313880254,9.043770313880254,9.459970313880254,3.8912703138802542,8.827970313880254,9.043770313880254
p_3ohM6R,Gastón Verón,t_3XuEvf,Argentinos Juniors,DEL,Rosario Central,False,9,3,3,True,3,True,7.92088,7.913644444444445,14.857240000000001,5.021766195301986,1.29,15.7842,0.8332128471138641,0.16606423556932054,0.9833212847113865,0.8859999999999999,9.652075777777778,8.409107116787382,2026-09-20 20:00:00,,,,0.6559664094552939,0.6559664094552939,16.0,True,5.577128809735925,,,,,,,,,,,,,,,,,,,,,,,,,,,,,,,,,,,,,,,,,,,,,,,,,,,,,,,,,,,,,,,,,,,,,,,,,,,,,,,,,,,,,,,,,,,,,,,,,,,,,,,,,,,,,,,,,,,,,,,,,,,,,,,,,,,,,,,,,,,,,,,,,,,,,,,,,,,,,,,,,,,,,,,,,,,,,,,,,,,,,,,,,,,,,,,,,9,7.8308164300000005,6.755,10.44,15.7842,15.7842,4.738889766299176,0.3305,0.1058,8.409107116787382,7.3332906867873815,11.018290686787381,16.362490686787382,16.362490686787382,7.3332906867873815,11.018290686787381,16.362490686787382
p_3pbQt4,Santiago Solari,t_3mLGSt,Newell's Old Boys,DEL,Club Atlético Platense,False,2,3,2,True,2,True,2.1333333333333333,3.1149999999999998,5.471,4.164858941188765,0.17,6.06,0.6053898926593532,0.19361612996343244,0.9605389892659353,0.8869999999999999,3.3604166666666666,2.8630685596905017,2026-09-20 20:00:00,,,,0.6741330791575889,0.6741330791575889,11.0,True,5.577128809735925,,,,,,,,,,,,,,,,,,,,,,,,,,,,,,,,,,,,,,,,,,,,,,,,,,,,,,,,,,,,,,,,,,,,,,,,,,,,,,,,,,,,,,,,,,,,,,,,,,,,,,,,,,,,,,,,,,,,,,,,,,,,,,,,,,,,,,,,,,,,,,,,,,,,,,,,,,,,,,,,,,,,,,,,,,,,,,,,,,,,,,,,,,,,,,,,,2,3.129725,6.06,6.06,6.06,6.06,2.9449631872699187,0.0,0.0,2.8630685596905017,5.793343559690501,5.793343559690501,5.793343559690501,5.793343559690501,5.793343559690501,5.793343559690501,5.793343559690501
p_3pwCr8,Valentino Acuña,t_3mLGSt,Newell's Old Boys,VOL,Club Atlético Platense,False,6,3,1,True,0,False,2.115553333333333,3.5529999999999995,6.9407,2.9890412449479515,0.41,8.0064,0.7501373607638919,0.25068680381945957,0.9750137360763892,0.8869999999999999,3.8968186666666664,3.370113681848006,2026-09-20 20:00:00,,,0.3729190863337204,,0.3729190863337204,15.0,False,6.15386449878545,,,,,,,,,,,,,,,,,,,,,,,,,,,,,,,,,,,,,,,,,,,,,,,,,,,,,,,,,,,,,,,,,,,,,,,,,,,,,,,,,,,,,,,,,,,,,,,,,,,,,,,,,,,,,,,,,,,,,,,,,,,,,,,,,,,,,,,,,,,,,,,,,,,,,,,,,,,,,,,,,,,,,,,,,,,,,,,,,,,,,,,,,,,,,,,,,6,3.5285941699999994,2.8985,5.875,8.0064,8.0064,2.7199867704904395,0.0,0.0,3.370113681848006,2.7400195118480064,5.7165195118480066,7.847919511848006,7.847919511848006,2.7400195118480064,5.7165195118480066,7.847919511848006
p_3q7gBJ,Clever Ferreira,t_45vTPl,Atlético Tucumán,DEF,Aldosivi,False,19,3,3,True,3,True,12.730766666666666,9.195526315789474,16.2208,5.011615592672033,-0.035,16.7115,1.0,0.16634463474660088,1.0,0.896,12.189178859649122,10.921504258245614,2026-09-21 17:30:00,,0.4612,,,0.4612,14.0,True,6.218483552578269,,,,,,,,,,,,,,,,,,,,,,,,,,,,,,,,,,,,,,,,,,,,,,,,,,,,,,,,,,,,,,,,,,,,,,,,,,,,,,,,,,,,,,,,,,,,,,,,,,,,,,,,,,,,,,,,,,,,,,,,,,,,,,,,,,,,,,,,,,,,,,,,,,,,,,,,,,,,,,,,,,,,,,,,,,,,,,,,,,,,,,,,,,,,,,,,,19,9.20258722,8.63,12.9881,16.224,16.7115,4.900940933212792,0.4223,0.1627,10.921504258245614,10.348917038245615,14.707017038245613,17.942917038245614,18.430417038245615,10.348917038245615,14.707017038245613,17.942917038245614
p_3qc7bM,Lautaro Cano,t_0bW0AU,Banfield,DEF,Gimnasia y Esgrima,False,3,3,3,True,1,False,1.2580166666666666,2.8990333333333336,7.3864,5.466825441088579,-0.6517,9.1944,0.6309270757069226,0.1546353785346133,0.9630927075706923,0.8569999999999999,3.4465191666666666,2.8446550768628276,2026-09-19 17:30:00,,0.370604657687991,,,0.370604657687991,16.0,False,6.218483552578269,,,,,,,,,,,,,,,,,,,,,,,,,,,,,,,,,,,,,,,,,,,,,,,,,,,,,,,,,,,,,,,,,,,,,,,,,,,,,,,,,,,,,,,,,,,,,,,,,,,,,,,,,,,,,,,,,,,,,,,,,,,,,,,,,,,,,,,,,,,,,,,,,,,,,,,,,,,,,,,,,,,,,,,,,,,,,,,,,,,,,,,,,,,,,,,,,3,2.90290456,0.1544,9.1944,9.1944,9.1944,4.462574288663799,0.0,0.0,2.8446550768628276,0.09615051686282752,9.136150516862827,9.136150516862827,9.136150516862827,0.09615051686282752,9.136150516862827,9.136150516862827
p_3rOLlc,Agustín Colazo,t_0rGDE4,Gimnasia LP,DEL,Banfield,True,6,3,3,True,0,False,3.7684133333333336,6.46295,11.8905,4.507079703644035,1.2,12.0816,0.7363168885802869,0.18158444290143466,0.9736316888580288,0.955,6.876749666666667,6.394127429179078,2026-09-19 17:30:00,,,,0.6767226528854436,0.6767226528854436,11.0,False,5.577128809735925,,,,,,,,,,,,,,,,,,,,,,,,,,,,,,,,,,,,,,,,,,,,,,,,,,,,,,,,,,,,,,,,,,,,,,,,,,,,,,,,,,,,,,,,,,,,,,,,,,,,,,,,,,,,,,,,,,,,,,,,,,,,,,,,,,,,,,,,,,,,,,,,,,,,,,,,,,,,,,,,,,,,,,,,,,,,,,,,,,,,,,,,,,,,,,,,,6,6.396553480000001,4.3178,11.6994,12.0816,12.0816,4.10120636848012,0.326,0.0,6.394127429179078,4.315373949179078,11.696973949179078,12.079173949179077,12.079173949179077,4.315373949179078,11.696973949179078,12.079173949179077
p_3s2VQn,Juan Pérez,t_0rGDE4,Gimnasia LP,VOL,Banfield,True,5,3,3,True,0,False,2.2132266666666665,2.6897999999999995,4.7014000000000005,1.9465676869813697,1.2133,6.0,0.7345422498014601,0.33937791567396725,0.973454224980146,0.955,3.0258993333333333,2.813023638330033,2026-09-19 17:30:00,,,0.4879353233830846,,0.4879353233830846,15.0,False,6.15386449878545,,,,,,,,,,,,,,,,,,,,,,,,,,,,,,,,,,,,,,,,,,,,,,,,,,,,,,,,,,,,,,,,,,,,,,,,,,,,,,,,,,,,,,,,,,,,,,,,,,,,,,,,,,,,,,,,,,,,,,,,,,,,,,,,,,,,,,,,,,,,,,,,,,,,,,,,,,,,,,,,,,,,,,,,,,,,,,,,,,,,,,,,,,,,,,,,,5,2.70480024,2.0689,2.7535,6.0,6.0,1.7466690625748034,0.0,0.0,2.813023638330033,2.1771233983300333,2.861723398330033,6.108223398330033,6.108223398330033,2.1771233983300333,2.861723398330033,6.108223398330033
p_3sHKHi,Julián López,t_1DVMAZ,Defensa y Justicia,VOL,Central Córdoba,False,7,3,1,True,0,False,6.56056,5.1547857142857145,8.454,2.6778800759982833,2.53,9.84,0.78771248541749,0.2718957604207829,0.978771248541749,0.999,6.471610285714286,6.327891853344773,2026-09-18 21:00:00,,,0.6922453703703705,,0.6922453703703705,15.0,False,6.15386449878545,,,,,,,,,,,,,,,,,,,,,,,,,,,,,,,,,,,,,,,,,,,,,,,,,,,,,,,,,,,,,,,,,,,,,,,,,,,,,,,,,,,,,,,,,,,,,,,,,,,,,,,,,,,,,,,,,,,,,,,,,,,,,,,,,,,,,,,,,,,,,,,,,,,,,,,,,,,,,,,,,,,,,,,,,,,,,,,,,,,,,,,,,,,,,,,,,7,5.146279580000001,4.156,7.53,9.84,9.84,2.47118523856125,0.0,0.0,6.327891853344773,5.337612273344772,8.711612273344773,11.021612273344772,11.021612273344772,5.337612273344772,8.711612273344773,11.021612273344772
p_3stXRR,Ángel Almada,t_3TbOfu,Deportivo Riestra,VOL,Gimnasia y Esgrima Mendoza,False,2,3,3,True,0,False,1.8,1.8,1.8,0.0,1.8,1.8,0.7666666666666666,1.0,0.9766666666666667,0.85,1.8,1.4943,2026-09-19 17:30:00,,,0.2217435451116913,,0.2217435451116913,15.0,False,6.15386449878545,,,,,,,,,,,,,,,,,,,,,,,,,,,,,,,,,,,,,,,,,,,,,,,,,,,,,,,,,,,,,,,,,,,,,,,,,,,,,,,,,,,,,,,,,,,,,,,,,,,,,,,,,,,,,,,,,,,,,,,,,,,,,,,,,,,,,,,,,,,,,,,,,,,,,,,,,,,,,,,,,,,,,,,,,,,,,,,,,,,,,,,,,,,,,,,,,2,1.8000000000000003,1.8,1.8,1.8,1.8,2.220446049250313e-16,0.0,0.0,1.4943,1.4942999999999997,1.4942999999999997,1.4942999999999997,1.4942999999999997,1.4942999999999997,1.4942999999999997,1.4942999999999997
p_3t35OD,Camilo Rey Domenech,t_0otcXZ,Boca Juniors,VOL,San Lorenzo,False,7,3,2,True,2,True,7.67036,6.1877571428571425,9.40472,3.268412039944955,1.4069,9.6731,0.7801891659306426,0.2342791629865461,0.9780189165930643,1.028,7.510908857142857,7.5514936494986875,2026-09-20 17:45:00,,,0.7356620718462824,,0.7356620718462824,15.0,True,6.15386449878545,,,,,,,,,,,,,,,,,,,,,,,,,,,,,,,,,,,,,,,,,,,,,,,,,,,,,,,,,,,,,,,,,,,,,,,,,,,,,,,,,,,,,,,,,,,,,,,,,,,,,,,,,,,,,,,,,,,,,,,,,,,,,,,,,,,,,,,,,,,,,,,,,,,,,,,,,,,,,,,,,,,,,,,,,,,,,,,,,,,,,,,,,,,,,,,,,7,6.1643874,7.6933,9.2258,9.6731,9.6731,3.0400144983919466,0.0,0.0,7.5514936494986875,9.080406249498687,10.612906249498687,11.060206249498687,11.060206249498687,9.080406249498687,10.612906249498687,11.060206249498687
p_3tsAcU,Diego Valoyes,t_02LuKO,Talleres,DEL,Instituto De Córdoba,False,10,3,2,True,0,False,4.473,4.710769999999999,9.08445,3.445845684959725,-0.6086,9.975,0.8783191502447477,0.22492908455707208,0.9878319150244748,0.9819999999999999,5.7209705,5.549632814406882,2026-09-20 00:15:00,,,,0.7553530092592592,0.7553530092592592,11.0,False,5.577128809735925,,,,,,,,,,,,,,,,,,,,,,,,,,,,,,,,,,,,,,,,,,,,,,,,,,,,,,,,,,,,,,,,,,,,,,,,,,,,,,,,,,,,,,,,,,,,,,,,,,,,,,,,,,,,,,,,,,,,,,,,,,,,,,,,,,,,,,,,,,,,,,,,,,,,,,,,,,,,,,,,,,,,,,,,,,,,,,,,,,,,,,,,,,,,,,,,,10,4.71598002,5.11,7.9971,8.9855,9.975,3.231037372625207,0.0,0.0,5.549632814406882,5.943652794406883,8.830752794406882,9.819152794406882,10.808652794406882,5.943652794406883,8.830752794406882,9.819152794406882
p_3tzQhm,Tomás González,t_1dhmUh,Estudiantes de Río Cuarto,VOL,Club Atlético Belgrano,False,24,3,3,True,2,True,3.03592,4.448895833333333,9.682229999999997,3.5469167279764653,-1.39,12.879,1.0,0.21992925312380518,1.0,0.85,5.262687833333333,4.473284658333332,2026-09-20 22:15:00,,,0.4608845547675335,,0.4608845547675335,15.0,True,6.15386449878545,,,,,,,,,,,,,,,,,,,,,,,,,,,,,,,,,,,,,,,,,,,,,,,,,,,,,,,,,,,,,,,,,,,,,,,,,,,,,,,,,,,,,,,,,,,,,,,,,,,,,,,,,,,,,,,,,,,,,,,,,,,,,,,,,,,,,,,,,,,,,,,,,,,,,,,,,,,,,,,,,,,,,,,,,,,,,,,,,,,,,,,,,,,,,,,,,24,4.427266679999999,3.8183,5.4227,10.674,12.4592,3.463810069028291,0.124,0.0,4.473284658333332,3.8643179783333332,5.468717978333333,10.720017978333333,12.505217978333333,3.8643179783333332,5.468717978333333,10.720017978333333
p_3u3qOO,Francisco Romero,t_1dhmUh,Estudiantes de Río Cuarto,VOL,Club Atlético Belgrano,False,15,3,1,True,0,False,7.176866666666667,6.781733333333333,11.450199999999999,3.506941052432746,2.0,13.55,1.0,0.22187998209122847,1.0,0.85,8.087146666666666,6.874074666666665,2026-09-20 22:15:00,,,0.4608845547675335,,0.4608845547675335,15.0,False,6.15386449878545,,,,,,,,,,,,,,,,,,,,,,,,,,,,,,,,,,,,,,,,,,,,,,,,,,,,,,,,,,,,,,,,,,,,,,,,,,,,,,,,,,,,,,,,,,,,,,,,,,,,,,,,,,,,,,,,,,,,,,,,,,,,,,,,,,,,,,,,,,,,,,,,,,,,,,,,,,,,,,,,,,,,,,,,,,,,,,,,,,,,,,,,,,,,,,,,,15,6.8468266600000005,6.7181,8.9584,12.9746,13.55,3.369248234671237,0.134,0.0,6.874074666666665,6.7453480066666645,8.985648006666665,13.001848006666666,13.577248006666665,6.7453480066666645,8.985648006666665,13.001848006666666
p_3vTKqg,Blas Benedetto,t_3mLGSt,Newell's Old Boys,VOL,Club Atlético Platense,False,2,3,1,True,0,False,1.763333333333333,1.63,1.9499999999999997,0.5656854249492379,1.23,2.03,0.6944062475639496,0.6386979044864147,0.969440624756395,0.8869999999999999,1.7566666666666664,1.5105468353391733,2026-09-20 20:00:00,,,0.4768072289156626,,0.4768072289156626,15.0,False,6.15386449878545,,,,,,,,,,,,,,,,,,,,,,,,,,,,,,,,,,,,,,,,,,,,,,,,,,,,,,,,,,,,,,,,,,,,,,,,,,,,,,,,,,,,,,,,,,,,,,,,,,,,,,,,,,,,,,,,,,,,,,,,,,,,,,,,,,,,,,,,,,,,,,,,,,,,,,,,,,,,,,,,,,,,,,,,,,,,,,,,,,,,,,,,,,,,,,,,,2,1.63168,2.03,2.03,2.03,2.03,0.39999647198444127,0.0,0.0,1.5105468353391733,1.9088668353391731,1.9088668353391731,1.9088668353391731,1.9088668353391731,1.9088668353391731,1.9088668353391731,1.9088668353391731
p_3vrKDa,Lautaro Di Lollo,t_0otcXZ,Boca Juniors,DEF,San Lorenzo,False,20,3,3,True,1,False,7.172633333333333,9.949994999999998,12.921690000000002,4.039026183242819,0.12,19.3462,1.0,0.19845104264897057,1.0,1.028,9.720842166666667,9.993025747333334,2026-09-20 17:45:00,,0.7440972222222223,,,0.7440972222222223,14.0,False,6.218483552578269,,,,,,,,,,,,,,,,,,,,,,,,,,,,,,,,,,,,,,,,,,,,,,,,,,,,,,,,,,,,,,,,,,,,,,,,,,,,,,,,,,,,,,,,,,,,,,,,,,,,,,,,,,,,,,,,,,,,,,,,,,,,,,,,,,,,,,,,,,,,,,,,,,,,,,,,,,,,,,,,,,,,,,,,,,,,,,,,,,,,,,,,,,,,,,,,,20,9.97811167,10.4343,12.5319,12.7534,14.4363,3.9090551545529273,0.5546,0.0474,9.993025747333334,10.449214077333334,12.546814077333334,12.768314077333333,14.451214077333333,10.449214077333334,12.546814077333334,12.768314077333333
p_3w1HcK,Óscar Romero,t_2qXAzu,Huracán,VOL,River Plate,False,17,3,3,True,0,False,4.043853333333334,5.858952941176471,11.721200000000001,4.69899695136069,1.1783,16.5971,1.0,0.1754694744592275,1.0,1.015,6.689229843137255,6.789568290784313,2026-09-19 22:00:00,,,0.5058524173027991,,0.5058524173027991,15.0,False,6.15386449878545,,,,,,,,,,,,,,,,,,,,,,,,,,,,,,,,,,,,,,,,,,,,,,,,,,,,,,,,,,,,,,,,,,,,,,,,,,,,,,,,,,,,,,,,,,,,,,,,,,,,,,,,,,,,,,,,,,,,,,,,,,,,,,,,,,,,,,,,,,,,,,,,,,,,,,,,,,,,,,,,,,,,,,,,,,,,,,,,,,,,,,,,,,,,,,,,,17,5.83407911,4.6575,8.7867,14.18,16.5971,4.530420994285256,0.1745,0.0584,6.789568290784313,5.612989180784313,9.742189180784312,15.135489180784312,17.552589180784313,5.612989180784313,9.742189180784312,15.135489180784312
p_3weO8u,Franco Cristaldo,t_02LuKO,Talleres,VOL,Instituto De Córdoba,False,17,3,3,True,2,True,6.881146666666667,7.476023529411765,14.60542,5.277997933346675,-1.3488,19.9656,1.0,0.15928644937716951,1.0,0.9819999999999999,9.05016574509804,8.887262761686275,2026-09-20 00:15:00,,,0.6157733109994417,,0.6157733109994417,15.0,True,6.15386449878545,,,,,,,,,,,,,,,,,,,,,,,,,,,,,,,,,,,,,,,,,,,,,,,,,,,,,,,,,,,,,,,,,,,,,,,,,,,,,,,,,,,,,,,,,,,,,,,,,,,,,,,,,,,,,,,,,,,,,,,,,,,,,,,,,,,,,,,,,,,,,,,,,,,,,,,,,,,,,,,,,,,,,,,,,,,,,,,,,,,,,,,,,,,,,,,,,17,7.48511467,5.8575,11.0067,14.9224,19.9656,5.084485634756557,0.2936,0.0581,8.887262761686275,7.259648091686275,12.408848091686275,16.324548091686275,21.367748091686273,7.259648091686275,12.408848091686275,16.324548091686275
p_3wsWiY,Víctor Cuesta,t_2Swqmw,Club Atlético Platense,DEF,Newell's Old Boys,True,14,3,2,True,2,True,8.478966666666667,7.460442857142858,11.912810000000002,3.2876522522718443,2.6285,13.33,1.0,0.23322786951067281,1.0,0.85,8.930017976190477,7.590515279761905,2026-09-20 20:00:00,,0.5770138888888888,,,0.5770138888888888,14.0,True,6.218483552578269,,,,,,,,,,,,,,,,,,,,,,,,,,,,,,,,,,,,,,,,,,,,,,,,,,,,,,,,,,,,,,,,,,,,,,,,,,,,,,,,,,,,,,,,,,,,,,,,,,,,,,,,,,,,,,,,,,,,,,,,,,,,,,,,,,,,,,,,,,,,,,,,,,,,,,,,,,,,,,,,,,,,,,,,,,,,,,,,,,,,,,,,,,,,,,,,,14,7.456048420000001,7.2014,9.2764,12.6371,13.33,3.16014760614366,0.2129,0.0,7.590515279761905,7.335866859761904,9.410866859761905,12.771566859761904,13.464466859761904,7.335866859761904,9.410866859761905,12.771566859761904
p_3wzAwa,Juan Álvarez,t_1QqhS7,San Lorenzo,VOL,Boca Juniors,True,4,3,1,True,1,False,4.20982,4.135325,6.699190000000001,2.5769614683123745,2.1536,7.6237,0.6892467117053852,0.27956689186025935,0.9689246711705386,0.957,4.8023645,4.453044877911415,2026-09-20 17:45:00,,,0.5496177370030582,,0.5496177370030582,15.0,False,6.15386449878545,,,,,,,,,,,,,,,,,,,,,,,,,,,,,,,,,,,,,,,,,,,,,,,,,,,,,,,,,,,,,,,,,,,,,,,,,,,,,,,,,,,,,,,,,,,,,,,,,,,,,,,,,,,,,,,,,,,,,,,,,,,,,,,,,,,,,,,,,,,,,,,,,,,,,,,,,,,,,,,,,,,,,,,,,,,,,,,,,,,,,,,,,,,,,,,,,4,4.09784021,2.222,4.542,7.6237,7.6237,2.20402983735796,0.0,0.0,4.453044877911415,2.5772046679114147,4.8972046679114145,7.978904667911415,7.978904667911415,2.5772046679114147,4.8972046679114145,7.978904667911415
p_3x7FNy,Ibrahim Hesar,t_1dhmUh,Estudiantes de Río Cuarto,DEL,Club Atlético Belgrano,False,8,3,3,True,3,True,3.9964799999999996,3.645675,7.683249999999999,3.4576178735201077,0.202,11.0275,0.8115336798729967,0.22433506603165076,0.9811533679872997,0.85,4.7778505,3.9846334933425824,2026-09-20 22:15:00,,,,0.4161416417158656,0.4161416417158656,16.0,True,5.577128809735925,,,,,,,,,,,,,,,,,,,,,,,,,,,,,,,,,,,,,,,,,,,,,,,,,,,,,,,,,,,,,,,,,,,,,,,,,,,,,,,,,,,,,,,,,,,,,,,,,,,,,,,,,,,,,,,,,,,,,,,,,,,,,,,,,,,,,,,,,,,,,,,,,,,,,,,,,,,,,,,,,,,,,,,,,,,,,,,,,,,,,,,,,,,,,,,,,8,3.63368269,2.4915,3.0729,11.0275,11.0275,3.2342510968855467,0.1246,0.0,3.9846334933425824,2.842450803342582,3.4238508033425825,11.378450803342583,11.378450803342583,2.842450803342582,3.4238508033425825,11.378450803342583
p_3yWzng,Valentín Loza,t_1DVMAZ,Defensa y Justicia,DEF,Central Córdoba,False,7,3,3,True,3,True,11.0504,8.972657142857143,15.29584,5.035114317423568,2.57,15.4303,0.7664727221635654,0.16569694415116015,0.9766472722163566,0.999,11.280662857142858,11.006211379612722,2026-09-18 21:00:00,,0.5455640968508616,,,0.5455640968508616,16.0,True,6.218483552578269,,,,,,,,,,,,,,,,,,,,,,,,,,,,,,,,,,,,,,,,,,,,,,,,,,,,,,,,,,,,,,,,,,,,,,,,,,,,,,,,,,,,,,,,,,,,,,,,,,,,,,,,,,,,,,,,,,,,,,,,,,,,,,,,,,,,,,,,,,,,,,,,,,,,,,,,,,,,,,,,,,,,,,,,,,,,,,,,,,,,,,,,,,,,,,,,,7,8.98611136,8.3563,15.2062,15.4303,15.4303,4.646282523207661,0.4289,0.2849,11.006211379612722,10.37640001961272,17.226300019612722,17.450400019612722,17.450400019612722,10.37640001961272,17.226300019612722,17.450400019612722
p_3yYguf,Martín Barrios,t_2Swqmw,Club Atlético Platense,VOL,Newell's Old Boys,True,14,3,3,True,2,True,7.97844,6.233249999999999,11.55792,3.611553272006168,0.3933,12.728,1.0,0.21684667638350175,1.0,0.85,8.175234,6.9489488999999995,2026-09-20 20:00:00,,,0.5740507314036726,,0.5740507314036726,15.0,True,6.15386449878545,,,,,,,,,,,,,,,,,,,,,,,,,,,,,,,,,,,,,,,,,,,,,,,,,,,,,,,,,,,,,,,,,,,,,,,,,,,,,,,,,,,,,,,,,,,,,,,,,,,,,,,,,,,,,,,,,,,,,,,,,,,,,,,,,,,,,,,,,,,,,,,,,,,,,,,,,,,,,,,,,,,,,,,,,,,,,,,,,,,,,,,,,,,,,,,,,14,6.21291791,5.01355,8.5681,11.6115,12.728,3.4877724903583136,0.213,0.0,6.9489488999999995,5.74958099,9.304130989999999,12.34753099,13.46403099,5.74958099,9.304130989999999,12.34753099
p_3zS0SB,Elías Torres,t_2RmaMX,Racing Club,DEL,Sarmiento,True,8,3,3,True,0,False,0.9970666666666668,1.0956625,1.8047999999999997,0.8987552009585257,-0.15,2.88,0.8719988337090723,0.5266608352120284,0.9871998833709072,0.85,1.2384383333333333,1.0391982514944182,2026-09-19 00:15:00,,,,0.5273074797792782,0.5273074797792782,16.0,False,5.577128809735925,,,,,,,,,,,,,,,,,,,,,,,,,,,,,,,,,,,,,,,,,,,,,,,,,,,,,,,,,,,,,,,,,,,,,,,,,,,,,,,,,,,,,,,,,,,,,,,,,,,,,,,,,,,,,,,,,,,,,,,,,,,,,,,,,,,,,,,,,,,,,,,,,,,,,,,,,,,,,,,,,,,,,,,,,,,,,,,,,,,,,,,,,,,,,,,,,8,1.1115759,1.11,1.344,2.88,2.88,0.8334728318242832,0.0,0.0,1.0391982514944182,1.0376223514944183,1.2716223514944183,2.807622351494418,2.807622351494418,1.0376223514944183,1.2716223514944183,2.807622351494418
p_3zzhTk,Kevin Lomónaco,t_1XZg6T,Independiente,DEF,Club Atlético Unión de Santa Fe,False,23,3,1,True,1,False,7.396286666666667,8.10278695652174,12.31506,3.8153076417486664,0.77,15.7463,1.0,0.20767105123876417,1.0,0.962,8.90858011594203,8.570054071536232,2026-09-19 19:45:00,,0.5893496577145866,,,0.5893496577145866,15.0,False,6.218483552578269,,,,,,,,,,,,,,,,,,,,,,,,,,,,,,,,,,,,,,,,,,,,,,,,,,,,,,,,,,,,,,,,,,,,,,,,,,,,,,,,,,,,,,,,,,,,,,,,,,,,,,,,,,,,,,,,,,,,,,,,,,,,,,,,,,,,,,,,,,,,,,,,,,,,,,,,,,,,,,,,,,,,,,,,,,,,,,,,,,,,,,,,,,,,,,,,,23,8.14425618,7.6143,11.3888,12.4036,14.0508,3.7572140850723166,0.3467,0.0468,8.570054071536232,8.040097891536233,11.814597891536232,12.829397891536233,14.476597891536233,8.040097891536233,11.814597891536232,12.829397891536233
p_40Zv7r,Renzo Orihuela,t_3qkV0m,Sarmiento,DEF,Racing Club,False,14,3,3,True,3,True,9.60346,7.882485714285714,12.428670000000002,3.6784445345317325,1.0962,12.9582,1.0,0.2137462553246002,1.0,0.959,9.621372785714286,9.226896501499999,2026-09-19 00:15:00,,0.4283461169702781,,,0.4283461169702781,16.0,True,6.218483552578269,,,,,,,,,,,,,,,,,,,,,,,,,,,,,,,,,,,,,,,,,,,,,,,,,,,,,,,,,,,,,,,,,,,,,,,,,,,,,,,,,,,,,,,,,,,,,,,,,,,,,,,,,,,,,,,,,,,,,,,,,,,,,,,,,,,,,,,,,,,,,,,,,,,,,,,,,,,,,,,,,,,,,,,,,,,,,,,,,,,,,,,,,,,,,,,,,14,7.94128759,8.695,10.7556,12.93,12.9582,3.5419477775039248,0.3668,0.0,9.226896501499999,9.9806089115,12.041208911499998,14.215608911499999,14.243808911499999,9.9806089115,12.041208911499998,14.215608911499999
p_40ubcR,Enzo Martínez,t_0rGDE4,Gimnasia LP,DEF,Banfield,True,24,3,3,True,3,True,9.015126666666667,9.3815375,13.21234,3.5629145138328027,2.3927,15.65,1.0,0.2191581711575854,1.0,0.955,10.210994333333334,9.751499588333333,2026-09-19 17:30:00,,0.4440972222222222,,,0.4440972222222222,14.0,True,6.218483552578269,,,,,,,,,,,,,,,,,,,,,,,,,,,,,,,,,,,,,,,,,,,,,,,,,,,,,,,,,,,,,,,,,,,,,,,,,,,,,,,,,,,,,,,,,,,,,,,,,,,,,,,,,,,,,,,,,,,,,,,,,,,,,,,,,,,,,,,,,,,,,,,,,,,,,,,,,,,,,,,,,,,,,,,,,,,,,,,,,,,,,,,,,,,,,,,,,24,9.36205125,10.0809,12.2589,13.3462,13.9088,3.494631164857951,0.5028,0.0378,9.751499588333333,10.470348338333332,12.648348338333333,13.735648338333332,14.298248338333332,10.470348338333332,12.648348338333333,13.735648338333332
p_40vGfB,Gonzalo Alassia,t_1QqhS7,San Lorenzo,VOL,Boca Juniors,True,2,3,2,True,0,False,5.3628,4.6592,6.34784,2.9851219874571284,2.5484,6.77,0.6168533361411482,0.25093334737240786,0.9616853336141149,0.957,5.32762,4.903183774335253,2026-09-20 17:45:00,,,0.5002366255144033,,0.5002366255144033,15.0,False,6.15386449878545,,,,,,,,,,,,,,,,,,,,,,,,,,,,,,,,,,,,,,,,,,,,,,,,,,,,,,,,,,,,,,,,,,,,,,,,,,,,,,,,,,,,,,,,,,,,,,,,,,,,,,,,,,,,,,,,,,,,,,,,,,,,,,,,,,,,,,,,,,,,,,,,,,,,,,,,,,,,,,,,,,,,,,,,,,,,,,,,,,,,,,,,,,,,,,,,,2,4.6317596000000005,2.5484,6.77,6.77,6.77,2.110621629863543,0.0,0.0,4.903183774335253,2.8198241743352526,7.041424174335252,7.041424174335252,7.041424174335252,2.8198241743352526,7.041424174335252,7.041424174335252
p_422Dh0,Federico Álvarez,t_1L8FaD,Tigre,DEF,Vélez Sarsfield,False,19,3,3,True,0,False,6.72648,9.081915789473683,13.49348,3.9091027103789937,0.805,16.275,1.0,0.20370321400808453,1.0,0.85,9.360404315789474,7.956343668421052,2026-09-21 00:30:00,,0.4601694915254237,,,0.4601694915254237,14.0,False,6.218483552578269,,,,,,,,,,,,,,,,,,,,,,,,,,,,,,,,,,,,,,,,,,,,,,,,,,,,,,,,,,,,,,,,,,,,,,,,,,,,,,,,,,,,,,,,,,,,,,,,,,,,,,,,,,,,,,,,,,,,,,,,,,,,,,,,,,,,,,,,,,,,,,,,,,,,,,,,,,,,,,,,,,,,,,,,,,,,,,,,,,,,,,,,,,,,,,,,,19,9.06152402,8.766,12.0887,13.7546,13.7546,3.7917109934702355,0.4697,0.0484,7.956343668421052,7.660819648421052,10.983519648421051,12.649419648421052,12.649419648421052,7.660819648421052,10.983519648421051,12.649419648421052
p_42EZ74,Fabricio Oviedo,t_1rEb7t,Rosario Central,DEL,Argentinos Juniors,True,3,3,1,True,0,False,3.6400000000000006,2.9,4.814,2.869825778684135,-0.37,5.0,0.6516819132017893,0.2584095660089463,0.965168191320179,1.015,3.6375,3.563461285366058,2026-09-20 20:00:00,,,,0.6210698637584904,0.6210698637584904,16.0,False,5.577128809735925,,,,,,,,,,,,,,,,,,,,,,,,,,,,,,,,,,,,,,,,,,,,,,,,,,,,,,,,,,,,,,,,,,,,,,,,,,,,,,,,,,,,,,,,,,,,,,,,,,,,,,,,,,,,,,,,,,,,,,,,,,,,,,,,,,,,,,,,,,,,,,,,,,,,,,,,,,,,,,,,,,,,,,,,,,,,,,,,,,,,,,,,,,,,,,,,,3,2.9311279999999997,4.07,5.0,5.0,5.0,2.334002580893175,0.0,0.0,3.563461285366058,4.702333285366059,5.632333285366059,5.632333285366059,5.632333285366059,4.702333285366059,5.632333285366059,5.632333285366059
p_42NlkW,Marco Pellegrino,t_0otcXZ,Boca Juniors,DEF,San Lorenzo,False,10,3,2,True,2,True,6.7960666666666665,8.58214,11.63266,3.6017850720009497,3.07,11.6989,0.8767947286116303,0.21730697639148533,0.9876794728611631,1.028,8.719644333333333,8.853355702806633,2026-09-20 17:45:00,,0.7273078529657476,,,0.7273078529657476,15.0,True,6.218483552578269,,,,,,,,,,,,,,,,,,,,,,,,,,,,,,,,,,,,,,,,,,,,,,,,,,,,,,,,,,,,,,,,,,,,,,,,,,,,,,,,,,,,,,,,,,,,,,,,,,,,,,,,,,,,,,,,,,,,,,,,,,,,,,,,,,,,,,,,,,,,,,,,,,,,,,,,,,,,,,,,,,,,,,,,,,,,,,,,,,,,,,,,,,,,,,,,,10,8.5899863,11.1629,11.596,11.6989,11.6989,3.4312329452152195,0.504,0.0,8.853355702806633,11.426269402806634,11.859369402806633,11.962269402806633,11.962269402806633,11.426269402806634,11.859369402806633,11.962269402806633
p_42zcz2,Rafael Borré,t_1Fzy5s,River Plate,DEL,Huracán,True,8,3,3,True,0,False,2.40622,2.4678375,5.4411499999999995,2.1980777621351018,-0.2011,5.858,0.8292042329410013,0.3126878313716736,0.9829204232941001,1.086,3.1895995,3.404743024877014,2026-09-19 22:00:00,,,,0.6738908562670396,0.6738908562670396,16.0,False,5.577128809735925,,,,,,,,,,,,,,,,,,,,,,,,,,,,,,,,,,,,,,,,,,,,,,,,,,,,,,,,,,,,,,,,,,,,,,,,,,,,,,,,,,,,,,,,,,,,,,,,,,,,,,,,,,,,,,,,,,,,,,,,,,,,,,,,,,,,,,,,,,,,,,,,,,,,,,,,,,,,,,,,,,,,,,,,,,,,,,,,,,,,,,,,,,,,,,,,,8,2.48605675,2.435,5.2625,5.858,5.858,2.0675452073472145,0.0,0.0,3.404743024877014,3.353686274877014,6.181186274877014,6.776686274877013,6.776686274877013,3.353686274877014,6.181186274877014,6.776686274877013
p_43U0bn,Alexis Soto,t_1rEb7t,Rosario Central,DEF,Argentinos Juniors,True,21,3,3,True,0,False,6.1344666666666665,7.561628571428573,13.5446,4.289169808382836,0.16,17.2096,1.0,0.1890655880276512,1.0,1.015,8.557864761904764,8.686232733333334,2026-09-20 20:00:00,,0.5075,,,0.5075,14.0,False,6.218483552578269,,,,,,,,,,,,,,,,,,,,,,,,,,,,,,,,,,,,,,,,,,,,,,,,,,,,,,,,,,,,,,,,,,,,,,,,,,,,,,,,,,,,,,,,,,,,,,,,,,,,,,,,,,,,,,,,,,,,,,,,,,,,,,,,,,,,,,,,,,,,,,,,,,,,,,,,,,,,,,,,,,,,,,,,,,,,,,,,,,,,,,,,,,,,,,,,,21,7.530962219999998,6.946,9.2085,13.5446,13.5625,4.156284653845868,0.2346,0.0445,8.686232733333334,8.101270513333336,10.363770513333336,14.699870513333337,14.717770513333335,8.101270513333336,10.363770513333336,14.699870513333337
p_43mFql,Matías Catalán,t_02LuKO,Talleres,DEF,Instituto De Córdoba,False,20,3,3,True,3,True,8.937199999999999,8.75994,13.33285,3.6888554452852347,2.4012,16.6184,1.0,0.21327166334494826,1.0,0.9819999999999999,9.9652085,9.785834746999997,2026-09-20 00:15:00,,0.7275132275132276,,,0.7275132275132276,14.0,True,6.218483552578269,,,,,,,,,,,,,,,,,,,,,,,,,,,,,,,,,,,,,,,,,,,,,,,,,,,,,,,,,,,,,,,,,,,,,,,,,,,,,,,,,,,,,,,,,,,,,,,,,,,,,,,,,,,,,,,,,,,,,,,,,,,,,,,,,,,,,,,,,,,,,,,,,,,,,,,,,,,,,,,,,,,,,,,,,,,,,,,,,,,,,,,,,,,,,,,,,20,8.73745125,8.4212,11.0627,13.4485,16.6184,3.640344187452395,0.3974,0.0538,9.785834746999997,9.469583496999999,12.111083496999997,14.496883496999997,17.666783496999997,9.469583496999999,12.111083496999997,14.496883496999997
p_44aH5B,Fabrizio Sartori,t_0SmVI4,Independiente Rivadavia,DEL,Barracas Central,False,22,3,3,True,2,True,5.638780000000001,7.339431818181819,13.622550000000002,5.344804946539999,0.7033,20.76,1.0,0.15760925803484757,1.0,0.9869999999999999,8.314983227272728,8.206888445318182,2026-09-21 22:00:00,,,,0.5531946740128558,0.5531946740128558,11.0,True,5.577128809735925,,,,,,,,,,,,,,,,,,,,,,,,,,,,,,,,,,,,,,,,,,,,,,,,,,,,,,,,,,,,,,,,,,,,,,,,,,,,,,,,,,,,,,,,,,,,,,,,,,,,,,,,,,,,,,,,,,,,,,,,,,,,,,,,,,,,,,,,,,,,,,,,,,,,,,,,,,,,,,,,,,,,,,,,,,,,,,,,,,,,,,,,,,,,,,,,,22,7.297263030000001,5.742,10.34,13.71,18.12,5.227383379956383,0.3153,0.0908,8.206888445318182,6.651625415318181,11.249625415318182,14.619625415318183,19.029625415318183,6.651625415318181,11.249625415318182,14.619625415318183
p_45VJtm,Ignacio Gariglio,t_3TbOfu,Deportivo Riestra,DEF,Gimnasia y Esgrima Mendoza,False,6,3,1,True,1,False,4.809433333333333,3.9657999999999998,8.5304,3.7268398607935915,-0.39,8.6108,0.7423115666893826,0.211557833446913,0.9742311566689383,0.85,5.402221666666667,4.473560763463866,2026-09-19 17:30:00,,0.3786803546001562,,,0.3786803546001562,16.0,False,6.218483552578269,,,,,,,,,,,,,,,,,,,,,,,,,,,,,,,,,,,,,,,,,,,,,,,,,,,,,,,,,,,,,,,,,,,,,,,,,,,,,,,,,,,,,,,,,,,,,,,,,,,,,,,,,,,,,,,,,,,,,,,,,,,,,,,,,,,,,,,,,,,,,,,,,,,,,,,,,,,,,,,,,,,,,,,,,,,,,,,,,,,,,,,,,,,,,,,,,6,4.03828567,3.2144,8.45,8.6108,8.6108,3.4339139881420513,0.0,0.0,4.473560763463866,3.6496750934638666,8.885275093463866,9.046075093463866,9.046075093463866,3.6496750934638666,8.885275093463866,9.046075093463866
p_46Ymcl,Jordy Caicedo,t_2qXAzu,Huracán,DEL,River Plate,False,25,3,3,True,3,True,10.868733333333333,7.13078,13.41548,5.41375990955762,-1.8175,18.8056,1.0,0.1559147854146872,1.0,1.015,10.010238666666666,10.160392246666666,2026-09-19 22:00:00,,,,0.4565957496937141,0.4565957496937141,11.0,True,5.577128809735925,,,,,,,,,,,,,,,,,,,,,,,,,,,,,,,,,,,,,,,,,,,,,,,,,,,,,,,,,,,,,,,,,,,,,,,,,,,,,,,,,,,,,,,,,,,,,,,,,,,,,,,,,,,,,,,,,,,,,,,,,,,,,,,,,,,,,,,,,,,,,,,,,,,,,,,,,,,,,,,,,,,,,,,,,,,,,,,,,,,,,,,,,,,,,,,,,25,7.11255202,6.5625,11.628,13.515,14.2233,5.308095106753639,0.3147,0.0416,10.160392246666666,9.610340226666665,14.675840226666665,16.562840226666665,17.271140226666667,9.610340226666665,14.675840226666665,16.562840226666665
p_477cm1,Iván Marcone,t_1XZg6T,Independiente,VOL,Club Atlético Unión de Santa Fe,False,23,3,3,True,3,True,10.799286666666667,9.952039130434784,14.60804,4.87295488037048,-0.04,21.9418,1.0,0.17027203858527135,1.0,0.962,11.412575985507248,10.978898098057972,2026-09-19 19:45:00,,,0.5670221169036335,,0.5670221169036335,15.0,True,6.15386449878545,,,,,,,,,,,,,,,,,,,,,,,,,,,,,,,,,,,,,,,,,,,,,,,,,,,,,,,,,,,,,,,,,,,,,,,,,,,,,,,,,,,,,,,,,,,,,,,,,,,,,,,,,,,,,,,,,,,,,,,,,,,,,,,,,,,,,,,,,,,,,,,,,,,,,,,,,,,,,,,,,,,,,,,,,,,,,,,,,,,,,,,,,,,,,,,,,23,9.946596809999999,9.5173,12.6749,14.8235,18.6635,4.761099666177008,0.3903,0.0872,10.978898098057972,10.549601288057973,13.707201288057972,15.855801288057972,19.69580128805797,10.549601288057973,13.707201288057972,15.855801288057972
p_47E2rv,Eugenio Raggio,t_2Swqmw,Club Atlético Platense,DEF,Newell's Old Boys,True,8,3,1,True,0,False,6.888986666666666,8.320075,11.95209,3.1133094673170083,4.3675,12.1854,0.8152893150691595,0.24311324201246418,0.981528931506916,0.85,8.727197833333333,7.281097589740968,2026-09-20 20:00:00,,0.5493589743589743,,,0.5493589743589743,14.0,False,6.218483552578269,,,,,,,,,,,,,,,,,,,,,,,,,,,,,,,,,,,,,,,,,,,,,,,,,,,,,,,,,,,,,,,,,,,,,,,,,,,,,,,,,,,,,,,,,,,,,,,,,,,,,,,,,,,,,,,,,,,,,,,,,,,,,,,,,,,,,,,,,,,,,,,,,,,,,,,,,,,,,,,,,,,,,,,,,,,,,,,,,,,,,,,,,,,,,,,,,8,8.3407499,8.7021,11.8521,12.1854,12.1854,2.916846160209001,0.3794,0.0,7.281097589740968,7.642447689740967,10.792447689740968,11.125747689740967,11.125747689740967,7.642447689740967,10.792447689740968,11.125747689740967
p_47ig4s,Ignacio Chicco,t_2rD0OF,Aldosivi,ARQ,Atlético Tucumán,True,4,3,3,True,0,False,5.833969999999999,6.31635,7.42519,1.253093485472386,4.742,7.6564,0.7221001782465917,0.44383422456629174,0.9722100178246592,0.895,6.424727,5.59033463631377,2026-09-21 17:30:00,0.5360986005154026,,,,0.5360986005154026,9.0,False,7.5205623530242764,,,,,,,,,,,,,,,,,,,,,,,,,,,,,,,,,,,,,,,,,,,,,,,,,,,,,,,,,,,,,,,,,,,,,,,,,,,,,,,,,,,,,,,,,,,,,,,,,,,,,,,,,,,,,,,,,,,,,,,,,,,,,,,,,,,,,,,,,,,,,,,,,,,,,,,,,,,,,,,,,,,,,,,,,,,,,,,,,,,,,,,,,,,,,,,,,4,6.319698849999999,6.8857,6.8857,7.6564,7.6564,1.0842684587710172,0.0,0.0,5.59033463631377,6.156335786313771,6.156335786313771,6.927035786313771,6.927035786313771,6.156335786313771,6.156335786313771,6.927035786313771
p_47jtXa,Jáminton Campaz,t_1rEb7t,Rosario Central,VOL,Argentinos Juniors,True,20,3,3,True,3,True,10.646413333333333,10.590895000000002,19.372400000000003,6.386397938668269,-0.3444,24.2041,1.0,0.13538398666079654,1.0,1.015,12.805702666666669,12.997788206666668,2026-09-20 20:00:00,,,0.5392592592592592,,0.5392592592592592,15.0,True,6.15386449878545,,,,,,,,,,,,,,,,,,,,,,,,,,,,,,,,,,,,,,,,,,,,,,,,,,,,,,,,,,,,,,,,,,,,,,,,,,,,,,,,,,,,,,,,,,,,,,,,,,,,,,,,,,,,,,,,,,,,,,,,,,,,,,,,,,,,,,,,,,,,,,,,,,,,,,,,,,,,,,,,,,,,,,,,,,,,,,,,,,,,,,,,,,,,,,,,,20,10.55593603,9.6556,13.3903,19.2987,20.244119999996965,6.223389074829312,0.4985,0.2454,12.997788206666668,12.097452176666668,15.832152176666668,21.740552176666668,22.685972176663633,12.097452176666668,15.832152176666668,21.740552176666668
p_48O6pP,Jerónimo Russo,t_3mLGSt,Newell's Old Boys,DEF,Club Atlético Platense,False,20,3,3,True,1,False,6.181253333333333,7.545899999999999,16.196410000000007,6.970639490636497,-3.45,23.9317,1.0,0.12546044783166385,1.0,0.8869999999999999,9.230901166666667,8.187809334833332,2026-09-20 20:00:00,,0.3054861111111111,,,0.3054861111111111,14.0,False,6.218483552578269,,,,,,,,,,,,,,,,,,,,,,,,,,,,,,,,,,,,,,,,,,,,,,,,,,,,,,,,,,,,,,,,,,,,,,,,,,,,,,,,,,,,,,,,,,,,,,,,,,,,,,,,,,,,,,,,,,,,,,,,,,,,,,,,,,,,,,,,,,,,,,,,,,,,,,,,,,,,,,,,,,,,,,,,,,,,,,,,,,,,,,,,,,,,,,,,,20,7.55172914,6.6815,13.2231,15.835,19.4491,6.7578407019482825,0.3013,0.1483,8.187809334833332,7.317580194833332,13.859180194833332,16.471080194833334,20.085180194833335,7.317580194833332,13.859180194833332,16.471080194833334
p_48hWGV,Santiago Ascacíbar,t_0otcXZ,Boca Juniors,VOL,San Lorenzo,False,21,3,2,True,1,False,8.669733333333333,9.005533333333334,14.2624,4.5236280251954115,3.49,20.7268,1.0,0.18104043129599093,1.0,1.028,10.20222,10.487882160000002,2026-09-20 17:45:00,,,0.6979861111111111,,0.6979861111111111,15.0,False,6.15386449878545,,,,,,,,,,,,,,,,,,,,,,,,,,,,,,,,,,,,,,,,,,,,,,,,,,,,,,,,,,,,,,,,,,,,,,,,,,,,,,,,,,,,,,,,,,,,,,,,,,,,,,,,,,,,,,,,,,,,,,,,,,,,,,,,,,,,,,,,,,,,,,,,,,,,,,,,,,,,,,,,,,,,,,,,,,,,,,,,,,,,,,,,,,,,,,,,,21,9.00807359,7.625,11.028,14.2624,17.3456,4.432450558140216,0.3315,0.0981,10.487882160000002,9.104808570000001,12.507808570000002,15.74220857,18.82540857,9.104808570000001,12.507808570000002,15.74220857
p_49POtu,Alan Rodríguez,t_1rEb7t,Rosario Central,VOL,Argentinos Juniors,True,4,3,2,True,1,False,6.80277,8.038425,15.097510000000003,7.3897516351476025,0.5292,18.0529,0.6571719412799774,0.11919303973322051,0.9657171941279977,1.015,9.370717,9.185204466130642,2026-09-20 20:00:00,,,0.6839362026862026,,0.6839362026862026,15.0,False,6.15386449878545,,,,,,,,,,,,,,,,,,,,,,,,,,,,,,,,,,,,,,,,,,,,,,,,,,,,,,,,,,,,,,,,,,,,,,,,,,,,,,,,,,,,,,,,,,,,,,,,,,,,,,,,,,,,,,,,,,,,,,,,,,,,,,,,,,,,,,,,,,,,,,,,,,,,,,,,,,,,,,,,,,,,,,,,,,,,,,,,,,,,,,,,,,,,,,,,,4,8.02043311,8.2016,8.2016,18.0529,18.0529,6.3701893737067765,0.2471,0.2471,9.185204466130642,9.36637135613064,9.36637135613064,19.217671356130644,19.217671356130644,9.36637135613064,9.36637135613064,19.217671356130644
p_4AgEmZ,Franco Paredes,t_3XuEvf,Argentinos Juniors,DEF,Rosario Central,False,3,3,3,True,0,False,5.671733333333333,6.6864333333333335,9.49078,3.4380933878144337,4.565,10.6532,0.6450643964701452,0.22532198235072656,0.9645064396470145,0.8859999999999999,7.032375,6.009535082532229,2026-09-20 20:00:00,,0.7437945632798574,,,0.7437945632798574,16.0,False,6.218483552578269,,,,,,,,,,,,,,,,,,,,,,,,,,,,,,,,,,,,,,,,,,,,,,,,,,,,,,,,,,,,,,,,,,,,,,,,,,,,,,,,,,,,,,,,,,,,,,,,,,,,,,,,,,,,,,,,,,,,,,,,,,,,,,,,,,,,,,,,,,,,,,,,,,,,,,,,,,,,,,,,,,,,,,,,,,,,,,,,,,,,,,,,,,,,,,,,,3,6.65243238,4.8411,10.6532,10.6532,10.6532,2.796112233398641,0.3278,0.0,6.009535082532229,4.198202702532229,10.010302702532229,10.010302702532229,10.010302702532229,4.198202702532229,10.010302702532229,10.010302702532229
p_4BEGB2,Kevin Coronel,t_3XuEvf,Argentinos Juniors,DEF,Rosario Central,False,16,3,3,True,3,True,7.280626666666666,9.5803875,14.2681,4.01585750326129,1.3089,16.4478,1.0,0.19936770519294142,1.0,0.8859999999999999,9.947399333333333,8.813395809333333,2026-09-20 20:00:00,,0.7793539325842698,,,0.7793539325842698,14.0,True,6.218483552578269,,,,,,,,,,,,,,,,,,,,,,,,,,,,,,,,,,,,,,,,,,,,,,,,,,,,,,,,,,,,,,,,,,,,,,,,,,,,,,,,,,,,,,,,,,,,,,,,,,,,,,,,,,,,,,,,,,,,,,,,,,,,,,,,,,,,,,,,,,,,,,,,,,,,,,,,,,,,,,,,,,,,,,,,,,,,,,,,,,,,,,,,,,,,,,,,,16,9.49611539,10.0424,11.432,14.6871,16.4478,3.892054857447946,0.5491,0.0603,8.813395809333333,9.359680419333333,10.749280419333333,14.004380419333332,15.765080419333334,9.359680419333333,10.749280419333333,14.004380419333332
p_4Bdvg6,Walter Mazzantti,t_3mLGSt,Newell's Old Boys,DEF,Club Atlético Platense,False,17,3,3,True,3,True,7.739566666666667,8.502476470588235,15.47354,6.637230112171173,-3.1575,24.7492,1.0,0.13093752385519153,1.0,0.8869999999999999,9.978223921568627,8.850684618431371,2026-09-20 20:00:00,,0.3889455782312925,,,0.3889455782312925,14.0,True,6.218483552578269,,,,,,,,,,,,,,,,,,,,,,,,,,,,,,,,,,,,,,,,,,,,,,,,,,,,,,,,,,,,,,,,,,,,,,,,,,,,,,,,,,,,,,,,,,,,,,,,,,,,,,,,,,,,,,,,,,,,,,,,,,,,,,,,,,,,,,,,,,,,,,,,,,,,,,,,,,,,,,,,,,,,,,,,,,,,,,,,,,,,,,,,,,,,,,,,,17,8.47727405,6.6514,11.6333,16.1666,24.7492,6.472066686968514,0.473,0.1781,8.850684618431371,7.024810568431371,12.006710568431371,16.54001056843137,25.12261056843137,7.024810568431371,12.006710568431371,16.54001056843137
p_4CJWAD,Demián Domínguez,t_1DVMAZ,Defensa y Justicia,DEF,Central Córdoba,False,1,3,3,True,0,False,7.36,7.36,7.36,0.0,7.36,7.36,0.7333333333333334,1.0,0.9733333333333334,0.999,7.36,7.1565696,2026-09-18 21:00:00,,0.5011119187113637,,,0.5011119187113637,16.0,False,6.218483552578269,,,,,,,,,,,,,,,,,,,,,,,,,,,,,,,,,,,,,,,,,,,,,,,,,,,,,,,,,,,,,,,,,,,,,,,,,,,,,,,,,,,,,,,,,,,,,,,,,,,,,,,,,,,,,,,,,,,,,,,,,,,,,,,,,,,,,,,,,,,,,,,,,,,,,,,,,,,,,,,,,,,,,,,,,,,,,,,,,,,,,,,,,,,,,,,,,1,7.360000000000001,7.36,7.36,7.36,7.36,8.881784197001252e-16,0.0,0.0,7.1565696,7.156569599999999,7.156569599999999,7.156569599999999,7.156569599999999,7.156569599999999,7.156569599999999,7.156569599999999
p_4D2pMD,Nicolás Cordero,t_2rD0OF,Aldosivi,DEL,Atlético Tucumán,True,20,3,3,True,1,False,1.9574999999999998,3.66069,5.911530000000006,3.242084815264465,0.33,14.14,1.0,0.23573314621189553,1.0,0.895,3.6272835000000017,3.2464187325000013,2026-09-21 17:30:00,,,,0.4464995408631773,0.4464995408631773,11.0,False,5.577128809735925,,,,,,,,,,,,,,,,,,,,,,,,,,,,,,,,,,,,,,,,,,,,,,,,,,,,,,,,,,,,,,,,,,,,,,,,,,,,,,,,,,,,,,,,,,,,,,,,,,,,,,,,,,,,,,,,,,,,,,,,,,,,,,,,,,,,,,,,,,,,,,,,,,,,,,,,,,,,,,,,,,,,,,,,,,,,,,,,,,,,,,,,,,,,,,,,,20,3.6741709400000007,2.774,4.9115,5.5054,9.5667,3.145812107042237,0.0493,0.0,3.2464187325000013,2.3462477925000007,4.483747792500001,5.0776477925000005,9.138947792500002,2.3462477925000007,4.483747792500001,5.0776477925000005
p_4DVJGJ,Matías Fernández,t_0SmVI4,Independiente Rivadavia,VOL,Barracas Central,False,22,3,3,True,2,True,8.16844,9.143245454545456,15.59482,5.2024271104687525,2.2841,21.7643,1.0,0.1612272070577262,1.0,0.9869999999999999,10.414957181818183,10.279562738454546,2026-09-21 22:00:00,,,0.3987777777777778,,0.3987777777777778,15.0,True,6.15386449878545,,,,,,,,,,,,,,,,,,,,,,,,,,,,,,,,,,,,,,,,,,,,,,,,,,,,,,,,,,,,,,,,,,,,,,,,,,,,,,,,,,,,,,,,,,,,,,,,,,,,,,,,,,,,,,,,,,,,,,,,,,,,,,,,,,,,,,,,,,,,,,,,,,,,,,,,,,,,,,,,,,,,,,,,,,,,,,,,,,,,,,,,,,,,,,,,,22,9.18435497,8.81,11.68,15.62,17.6433,5.045320824526751,0.3633,0.1845,10.279562738454546,9.905207768454547,12.775207768454546,16.715207768454547,18.738507768454546,9.905207768454547,12.775207768454546,16.715207768454547
p_4EUErB,Diego Porcel,t_3XuEvf,Argentinos Juniors,DEL,Rosario Central,False,22,3,3,True,0,False,2.0001466666666667,3.217536363636363,5.8993400000000005,2.6122297422381835,-1.79,9.6,1.0,0.2768373197050272,1.0,0.8859999999999999,3.461900878787879,3.0672441786060602,2026-09-20 20:00:00,,,,0.6424728607918263,0.6424728607918263,11.0,False,5.577128809735925,,,,,,,,,,,,,,,,,,,,,,,,,,,,,,,,,,,,,,,,,,,,,,,,,,,,,,,,,,,,,,,,,,,,,,,,,,,,,,,,,,,,,,,,,,,,,,,,,,,,,,,,,,,,,,,,,,,,,,,,,,,,,,,,,,,,,,,,,,,,,,,,,,,,,,,,,,,,,,,,,,,,,,,,,,,,,,,,,,,,,,,,,,,,,,,,,22,3.20827991,2.9433,4.7233,5.914,6.81,2.5688971397635583,0.0,0.0,3.0672441786060602,2.80226426860606,4.58226426860606,5.77296426860606,6.66896426860606,2.80226426860606,4.58226426860606,5.77296426860606
p_4F04Gf,Néstor Breitenbruch,t_2rD0OF,Aldosivi,DEF,Atlético Tucumán,True,9,3,3,True,3,True,8.511706666666667,7.620344444444445,10.720460000000001,3.2391914342591392,1.885,11.9415,0.8471788082943589,0.23589404147179419,0.9847178808294359,0.895,8.707350111111111,7.6739835974026915,2026-09-21 17:30:00,,0.3927417557932264,,,0.3927417557932264,16.0,True,6.218483552578269,,,,,,,,,,,,,,,,,,,,,,,,,,,,,,,,,,,,,,,,,,,,,,,,,,,,,,,,,,,,,,,,,,,,,,,,,,,,,,,,,,,,,,,,,,,,,,,,,,,,,,,,,,,,,,,,,,,,,,,,,,,,,,,,,,,,,,,,,,,,,,,,,,,,,,,,,,,,,,,,,,,,,,,,,,,,,,,,,,,,,,,,,,,,,,,,,9,7.594921030000001,8.3358,9.5131,11.9415,11.9415,3.052759420031447,0.2153,0.0,7.6739835974026915,8.414862567402691,9.59216256740269,12.02056256740269,12.02056256740269,8.414862567402691,9.59216256740269,12.02056256740269
p_4FS6tr,Santiago Sosa,t_1DVMAZ,Defensa y Justicia,VOL,Central Córdoba,False,24,3,3,True,3,True,10.122320000000002,7.978208333333334,12.61862,3.80572159950922,1.6345,17.4567,1.0,0.20808529568215606,1.0,0.999,9.888750333333334,9.878861583,2026-09-18 21:00:00,,,0.6922453703703705,,0.6922453703703705,15.0,True,6.15386449878545,,,,,,,,,,,,,,,,,,,,,,,,,,,,,,,,,,,,,,,,,,,,,,,,,,,,,,,,,,,,,,,,,,,,,,,,,,,,,,,,,,,,,,,,,,,,,,,,,,,,,,,,,,,,,,,,,,,,,,,,,,,,,,,,,,,,,,,,,,,,,,,,,,,,,,,,,,,,,,,,,,,,,,,,,,,,,,,,,,,,,,,,,,,,,,,,,24,7.95187825,7.3924,9.48,12.8894,13.8092,3.748509391837766,0.2474,0.0449,9.878861583,9.319383333000001,11.406983333000001,14.816383333000001,15.736183333000001,9.319383333000001,11.406983333000001,14.816383333000001
p_4FfIyJ,José Devecchi,t_1QqhS7,San Lorenzo,ARQ,Boca Juniors,True,8,3,3,True,3,True,9.807733333333333,7.9204,12.91194,4.167817993009908,1.872,13.9618,0.8053677200455828,0.19350526689458095,0.9805367720045584,0.957,9.828851666666667,9.223135814857923,2026-09-20 17:45:00,0.6315975761694416,,,,0.6315975761694416,11.0,True,7.5205623530242764,,,,,,,,,,,,,,,,,,,,,,,,,,,,,,,,,,,,,,,,,,,,,,,,,,,,,,,,,,,,,,,,,,,,,,,,,,,,,,,,,,,,,,,,,,,,,,,,,,,,,,,,,,,,,,,,,,,,,,,,,,,,,,,,,,,,,,,,,,,,,,,,,,,,,,,,,,,,,,,,,,,,,,,,,,,,,,,,,,,,,,,,,,,,,,,,,8,7.917249430000001,8.3553,8.958,13.9618,13.9618,3.8590523766017584,0.245,0.0,9.223135814857923,9.66118638485792,10.263886384857923,15.267686384857921,15.267686384857921,9.66118638485792,10.263886384857923,15.267686384857921
p_4GXUEa,Joaquín Pombo,t_2rD0OF,Aldosivi,DEF,Atlético Tucumán,True,9,3,3,True,3,True,8.147873333333333,6.365422222222222,11.031699999999999,3.502092072168355,2.2333,11.1333,0.8444237916048825,0.2221189580244118,0.9844423791604883,0.895,8.155849555555555,7.185922726788779,2026-09-21 17:30:00,,0.3927417557932264,,,0.3927417557932264,16.0,True,6.218483552578269,,,,,,,,,,,,,,,,,,,,,,,,,,,,,,,,,,,,,,,,,,,,,,,,,,,,,,,,,,,,,,,,,,,,,,,,,,,,,,,,,,,,,,,,,,,,,,,,,,,,,,,,,,,,,,,,,,,,,,,,,,,,,,,,,,,,,,,,,,,,,,,,,,,,,,,,,,,,,,,,,,,,,,,,,,,,,,,,,,,,,,,,,,,,,,,,,9,6.34898413,6.7284,8.344,11.1333,11.1333,3.3123916350530083,0.2228,0.0,7.185922726788779,7.565338596788779,9.180938596788778,11.970238596788779,11.970238596788779,7.565338596788779,9.180938596788778,11.970238596788779
p_4GYgI9,Facundo Bruera,t_3FROV0,Barracas Central,DEL,Independiente Rivadavia,True,21,3,3,True,0,False,1.23932,3.0829952380952386,6.145,3.2565685993812856,-1.0175,13.6167,1.0,0.23493101935332492,1.0,0.8869999999999999,3.203210095238095,2.84124735447619,2026-09-21 22:00:00,,,,0.4943316714150048,0.4943316714150048,11.0,False,5.577128809735925,,,,,,,,,,,,,,,,,,,,,,,,,,,,,,,,,,,,,,,,,,,,,,,,,,,,,,,,,,,,,,,,,,,,,,,,,,,,,,,,,,,,,,,,,,,,,,,,,,,,,,,,,,,,,,,,,,,,,,,,,,,,,,,,,,,,,,,,,,,,,,,,,,,,,,,,,,,,,,,,,,,,,,,,,,,,,,,,,,,,,,,,,,,,,,,,,21,3.09833777,3.2159,3.7125,6.145,8.01,3.172001231062249,0.0474,0.0,2.84124735447619,2.9588095844761897,3.4554095844761896,5.887909584476189,7.752909584476189,2.9588095844761897,3.4554095844761896,5.887909584476189
p_4HjiAr,Santiago Beltrán,t_1Fzy5s,River Plate,ARQ,Huracán,True,29,3,3,True,3,True,9.81328,8.425224137931034,13.49356,4.2431754432142625,1.2779,14.6509,1.0,0.1907241157253671,1.0,1.086,10.178127655172414,11.053446633517243,2026-09-19 22:00:00,0.5243320610687023,,,,0.5243320610687023,9.0,True,7.5205623530242764,,,,,,,,,,,,,,,,,,,,,,,,,,,,,,,,,,,,,,,,,,,,,,,,,,,,,,,,,,,,,,,,,,,,,,,,,,,,,,,,,,,,,,,,,,,,,,,,,,,,,,,,,,,,,,,,,,,,,,,,,,,,,,,,,,,,,,,,,,,,,,,,,,,,,,,,,,,,,,,,,,,,,,,,,,,,,,,,,,,,,,,,,,,,,,,,,29,8.37057642,8.88,11.84,13.38,14.1038,4.143605144259282,0.4393,0.0,11.053446633517243,11.562870213517243,14.522870213517242,16.062870213517243,16.78667021351724,11.562870213517243,14.522870213517242,16.062870213517243
p_4HmUN6,Joaquín García,t_2eRs85,Vélez Sarsfield,DEF,Tigre,True,21,3,3,True,3,True,10.151019999999999,9.608090476190476,14.0036,4.087480132784105,2.4972,17.8905,1.0,0.1965609641511767,1.0,0.955,10.89699319047619,10.40662849690476,2026-09-21 00:30:00,,0.609963768115942,,,0.609963768115942,14.0,True,6.218483552578269,,,,,,,,,,,,,,,,,,,,,,,,,,,,,,,,,,,,,,,,,,,,,,,,,,,,,,,,,,,,,,,,,,,,,,,,,,,,,,,,,,,,,,,,,,,,,,,,,,,,,,,,,,,,,,,,,,,,,,,,,,,,,,,,,,,,,,,,,,,,,,,,,,,,,,,,,,,,,,,,,,,,,,,,,,,,,,,,,,,,,,,,,,,,,,,,,21,9.63652101,9.4836,12.3857,14.0036,16.98,4.006574455532504,0.4334,0.0971,10.40662849690476,10.25370748690476,13.155807486904761,14.773707486904762,17.75010748690476,10.25370748690476,13.155807486904761,14.773707486904762
p_4IA6aI,Tomás Fernández,t_2rD0OF,Aldosivi,VOL,Atlético Tucumán,True,15,3,2,True,1,False,9.899433333333333,5.31524,10.542679999999999,5.253002483043116,-1.3,18.7785,1.0,0.15992317334141457,1.0,0.895,8.226567666666666,7.362778061666666,2026-09-21 17:30:00,,,0.526003086419753,,0.526003086419753,15.0,False,6.15386449878545,,,,,,,,,,,,,,,,,,,,,,,,,,,,,,,,,,,,,,,,,,,,,,,,,,,,,,,,,,,,,,,,,,,,,,,,,,,,,,,,,,,,,,,,,,,,,,,,,,,,,,,,,,,,,,,,,,,,,,,,,,,,,,,,,,,,,,,,,,,,,,,,,,,,,,,,,,,,,,,,,,,,,,,,,,,,,,,,,,,,,,,,,,,,,,,,,15,5.23618324,3.0025,7.98,10.62,18.7785,5.089137553710364,0.1943,0.0673,7.362778061666666,5.129094821666666,10.106594821666667,12.746594821666665,20.905094821666665,5.129094821666666,10.106594821666667,12.746594821666665
p_4Iz6rB,Alejo Osella,t_0SmVI4,Independiente Rivadavia,DEF,Barracas Central,False,18,3,3,True,1,False,3.5734866666666663,7.552844444444444,16.81429,5.440013791312776,0.1835,18.1412,1.0,0.15527917057397378,1.0,0.9869999999999999,8.475430611111111,8.365250013166666,2026-09-21 22:00:00,,0.4143333333333333,,,0.4143333333333333,14.0,False,6.218483552578269,,,,,,,,,,,,,,,,,,,,,,,,,,,,,,,,,,,,,,,,,,,,,,,,,,,,,,,,,,,,,,,,,,,,,,,,,,,,,,,,,,,,,,,,,,,,,,,,,,,,,,,,,,,,,,,,,,,,,,,,,,,,,,,,,,,,,,,,,,,,,,,,,,,,,,,,,,,,,,,,,,,,,,,,,,,,,,,,,,,,,,,,,,,,,,,,,18,7.462885460000001,6.52,9.0965,17.14,18.1412,5.271609501341368,0.2165,0.1634,8.365250013166666,7.422364553166664,9.998864553166666,18.042364553166664,19.043564553166668,7.422364553166664,9.998864553166666,18.042364553166664
p_4JwCQA,Matías Cóccaro,t_3mLGSt,Newell's Old Boys,DEL,Club Atlético Platense,False,17,3,3,True,3,True,7.6910599999999985,5.679935294117647,10.7856,5.00538887349689,-0.7246,18.6256,1.0,0.16651711005980332,1.0,0.8869999999999999,7.660245117647058,6.79463741935294,2026-09-20 20:00:00,,,,0.5883690708252112,0.5883690708252112,11.0,True,5.577128809735925,,,,,,,,,,,,,,,,,,,,,,,,,,,,,,,,,,,,,,,,,,,,,,,,,,,,,,,,,,,,,,,,,,,,,,,,,,,,,,,,,,,,,,,,,,,,,,,,,,,,,,,,,,,,,,,,,,,,,,,,,,,,,,,,,,,,,,,,,,,,,,,,,,,,,,,,,,,,,,,,,,,,,,,,,,,,,,,,,,,,,,,,,,,,,,,,,17,5.66045722,3.2143,9.0117,11.1807,18.6256,4.884852145843093,0.1712,0.061,6.79463741935294,4.34848019935294,10.14588019935294,12.31488019935294,19.75978019935294,4.34848019935294,10.14588019935294,12.31488019935294
p_4KHTxx,Damián Martínez,t_3FROV0,Barracas Central,DEF,Independiente Rivadavia,True,14,3,3,True,3,True,3.229306666666667,5.1609,8.36955,3.642007410966988,0.3969,12.8418,1.0,0.2154240421153674,1.0,0.8869999999999999,5.2870048333333335,4.689573287166667,2026-09-21 22:00:00,,0.3963333333333333,,,0.3963333333333333,14.0,True,6.218483552578269,,,,,,,,,,,,,,,,,,,,,,,,,,,,,,,,,,,,,,,,,,,,,,,,,,,,,,,,,,,,,,,,,,,,,,,,,,,,,,,,,,,,,,,,,,,,,,,,,,,,,,,,,,,,,,,,,,,,,,,,,,,,,,,,,,,,,,,,,,,,,,,,,,,,,,,,,,,,,,,,,,,,,,,,,,,,,,,,,,,,,,,,,,,,,,,,,14,5.1731140799999995,5.3859,7.836,8.4408,12.8418,3.501832218180042,0.0724,0.0,4.689573287166667,4.9023592071666675,7.3524592071666675,7.957259207166667,12.358259207166666,4.9023592071666675,7.3524592071666675,7.957259207166667
p_4KU2ay,Franco Calderón,t_1XZg6T,Independiente,DEF,Club Atlético Unión de Santa Fe,False,1,3,3,True,0,False,3.3244,3.3244,3.3244,0.0,3.3244,3.3244,0.7333333333333334,1.0,0.9733333333333334,0.962,3.3244,3.1127908586666666,2026-09-19 19:45:00,,0.5493733390792214,,,0.5493733390792214,16.0,False,6.218483552578269,,,,,,,,,,,,,,,,,,,,,,,,,,,,,,,,,,,,,,,,,,,,,,,,,,,,,,,,,,,,,,,,,,,,,,,,,,,,,,,,,,,,,,,,,,,,,,,,,,,,,,,,,,,,,,,,,,,,,,,,,,,,,,,,,,,,,,,,,,,,,,,,,,,,,,,,,,,,,,,,,,,,,,,,,,,,,,,,,,,,,,,,,,,,,,,,,1,3.3244,3.3244,3.3244,3.3244,3.3244,0.0,0.0,0.0,3.1127908586666666,3.1127908586666666,3.1127908586666666,3.1127908586666666,3.1127908586666666,3.1127908586666666,3.1127908586666666,3.1127908586666666
p_4KUy2b,Jhon Rentería,t_3qkV0m,Sarmiento,VOL,Racing Club,False,9,3,2,True,0,False,3.012993333333333,4.1682,11.07098,4.347521726800224,-0.92,12.0697,0.8374005025538575,0.18700251276928728,0.9837400502553858,0.959,5.489572666666666,5.17889967885678,2026-09-19 00:15:00,,,0.48625,,0.48625,15.0,False,6.15386449878545,,,,,,,,,,,,,,,,,,,,,,,,,,,,,,,,,,,,,,,,,,,,,,,,,,,,,,,,,,,,,,,,,,,,,,,,,,,,,,,,,,,,,,,,,,,,,,,,,,,,,,,,,,,,,,,,,,,,,,,,,,,,,,,,,,,,,,,,,,,,,,,,,,,,,,,,,,,,,,,,,,,,,,,,,,,,,,,,,,,,,,,,,,,,,,,,,9,4.16352188,2.574,4.122,12.0697,12.0697,4.111718952376155,0.2224,0.0,5.17889967885678,3.5893777988567797,5.13737779885678,13.08507779885678,13.08507779885678,3.5893777988567797,5.13737779885678,13.08507779885678
p_4L0APC,Rodrigo Fernández,t_2qXAzu,Huracán,VOL,River Plate,False,7,3,3,True,3,True,12.763946666666667,11.030357142857142,13.907,2.5540950973271292,7.6619,13.907,0.7896064477332296,0.2813655719994813,0.978960644773323,1.015,12.356274190476189,12.277750740732106,2026-09-19 22:00:00,,,0.5942436412315931,,0.5942436412315931,15.0,True,6.15386449878545,,,,,,,,,,,,,,,,,,,,,,,,,,,,,,,,,,,,,,,,,,,,,,,,,,,,,,,,,,,,,,,,,,,,,,,,,,,,,,,,,,,,,,,,,,,,,,,,,,,,,,,,,,,,,,,,,,,,,,,,,,,,,,,,,,,,,,,,,,,,,,,,,,,,,,,,,,,,,,,,,,,,,,,,,,,,,,,,,,,,,,,,,,,,,,,,,7,10.981605799999999,10.614,13.907,13.907,13.907,2.3637441020623107,0.5619,0.0,12.277750740732106,11.910144940732108,15.203144940732107,15.203144940732107,15.203144940732107,11.910144940732108,15.203144940732107,15.203144940732107
p_4LMZIq,Matías Kranevitter,t_2RmaMX,Racing Club,VOL,Sarmiento,True,5,3,3,True,0,False,3.6990866666666666,3.8224000000000005,7.05668,3.1800254393636544,1.188,9.1478,0.7145132654257514,0.2392329937954241,0.9714513265425752,0.85,4.5878103333333335,3.7883092691060405,2026-09-19 00:15:00,,,0.5621260683760684,,0.5621260683760684,15.0,False,6.15386449878545,,,,,,,,,,,,,,,,,,,,,,,,,,,,,,,,,,,,,,,,,,,,,,,,,,,,,,,,,,,,,,,,,,,,,,,,,,,,,,,,,,,,,,,,,,,,,,,,,,,,,,,,,,,,,,,,,,,,,,,,,,,,,,,,,,,,,,,,,,,,,,,,,,,,,,,,,,,,,,,,,,,,,,,,,,,,,,,,,,,,,,,,,,,,,,,,,5,3.7993379399999996,3.2195,3.92,9.1478,9.1478,2.833013941376667,0.0,0.0,3.7883092691060405,3.208471329106041,3.908971329106041,9.136771329106042,9.136771329106042,3.208471329106041,3.908971329106041,9.136771329106042
p_4LvJZA,Matías Arias,t_2eRs85,Vélez Sarsfield,DEL,Tigre,True,6,3,3,True,0,False,2.3662133333333335,3.464116666666667,5.9832,2.7492388098647713,-0.18,8.3364,0.7533441613465037,0.2667208067325187,0.9753344161346504,0.955,3.7096213333333337,3.4553058961520815,2026-09-21 00:30:00,,,,0.6163896754242298,0.6163896754242298,13.0,False,5.577128809735925,,,,,,,,,,,,,,,,,,,,,,,,,,,,,,,,,,,,,,,,,,,,,,,,,,,,,,,,,,,,,,,,,,,,,,,,,,,,,,,,,,,,,,,,,,,,,,,,,,,,,,,,,,,,,,,,,,,,,,,,,,,,,,,,,,,,,,,,,,,,,,,,,,,,,,,,,,,,,,,,,,,,,,,,,,,,,,,,,,,,,,,,,,,,,,,,,6,3.43319571,3.0783,3.63,8.3364,8.3364,2.5229394296135204,0.0,0.0,3.4553058961520815,3.1004101861520814,3.6521101861520813,8.358510186152081,8.358510186152081,3.1004101861520814,3.6521101861520813,8.358510186152081
p_4M9q4h,Enzo Taborda,t_3FROV0,Barracas Central,VOL,Independiente Rivadavia,True,10,3,3,True,0,False,3.20476,2.8872499999999994,5.110709999999999,2.0072545856633797,-0.3,5.5671,0.8998391758893539,0.3325292127801035,0.9899839175889354,0.8869999999999999,3.5542434999999997,3.1210371430209727,2026-09-21 22:00:00,,,0.4280606324340005,,0.4280606324340005,15.0,False,6.15386449878545,,,,,,,,,,,,,,,,,,,,,,,,,,,,,,,,,,,,,,,,,,,,,,,,,,,,,,,,,,,,,,,,,,,,,,,,,,,,,,,,,,,,,,,,,,,,,,,,,,,,,,,,,,,,,,,,,,,,,,,,,,,,,,,,,,,,,,,,,,,,,,,,,,,,,,,,,,,,,,,,,,,,,,,,,,,,,,,,,,,,,,,,,,,,,,,,,10,2.89265317,2.774,5.06,5.5671,5.5671,1.9071914162070756,0.0,0.0,3.1210371430209727,3.0023839730209727,5.288383973020972,5.795483973020973,5.795483973020973,3.0023839730209727,5.288383973020972,5.795483973020973
p_4MAnmB,Lucas Bruera,t_1dhmUh,Estudiantes de Río Cuarto,ARQ,Club Atlético Belgrano,False,10,3,3,True,3,True,4.345873333333333,6.42436,11.95502,3.7858939141678727,2.7667,12.9362,0.8751228095705587,0.20894738118612702,0.9875122809570559,0.85,7.079554666666667,5.942475100484144,2026-09-20 22:15:00,0.5241224533721902,,,,0.5241224533721902,11.0,True,7.5205623530242764,,,,,,,,,,,,,,,,,,,,,,,,,,,,,,,,,,,,,,,,,,,,,,,,,,,,,,,,,,,,,,,,,,,,,,,,,,,,,,,,,,,,,,,,,,,,,,,,,,,,,,,,,,,,,,,,,,,,,,,,,,,,,,,,,,,,,,,,,,,,,,,,,,,,,,,,,,,,,,,,,,,,,,,,,,,,,,,,,,,,,,,,,,,,,,,,,10,6.40038474,5.1,9.9517,11.846,12.9362,3.5702052808611904,0.1978,0.0,5.942475100484144,4.6420903604841435,9.493790360484144,11.388090360484144,12.478290360484143,4.6420903604841435,9.493790360484144,11.388090360484144
p_4NFYc4,Valentín Moreno,t_1L8FaD,Tigre,DEF,Vélez Sarsfield,False,16,3,3,True,3,True,8.472606666666666,8.85124375,12.6906,3.9761885915985338,2.3367,16.58,1.0,0.20095701390585025,1.0,0.85,9.678559833333333,8.226775858333333,2026-09-21 00:30:00,,0.4601694915254237,,,0.4601694915254237,14.0,True,6.218483552578269,,,,,,,,,,,,,,,,,,,,,,,,,,,,,,,,,,,,,,,,,,,,,,,,,,,,,,,,,,,,,,,,,,,,,,,,,,,,,,,,,,,,,,,,,,,,,,,,,,,,,,,,,,,,,,,,,,,,,,,,,,,,,,,,,,,,,,,,,,,,,,,,,,,,,,,,,,,,,,,,,,,,,,,,,,,,,,,,,,,,,,,,,,,,,,,,,16,8.807909140000001,9.690100000000001,11.5433,12.7879,16.58,3.861401018974908,0.4393,0.0604,8.226775858333333,9.108966718333333,10.962166718333332,12.206766718333332,15.99886671833333,9.108966718333333,10.962166718333332,12.206766718333332
p_4NR58s,Elías López,t_2rD0OF,Aldosivi,DEF,Atlético Tucumán,True,7,3,3,True,2,True,7.714520000000001,6.436557142857143,11.99718,4.194136680675831,1.2,13.0251,0.7718382884963495,0.19252477581508037,0.977183828849635,0.895,8.273999857142858,7.236270879972251,2026-09-21 17:30:00,,0.3927417557932264,,,0.3927417557932264,16.0,True,6.218483552578269,,,,,,,,,,,,,,,,,,,,,,,,,,,,,,,,,,,,,,,,,,,,,,,,,,,,,,,,,,,,,,,,,,,,,,,,,,,,,,,,,,,,,,,,,,,,,,,,,,,,,,,,,,,,,,,,,,,,,,,,,,,,,,,,,,,,,,,,,,,,,,,,,,,,,,,,,,,,,,,,,,,,,,,,,,,,,,,,,,,,,,,,,,,,,,,,,7,6.4892825,4.7325,11.3119,13.0251,13.0251,3.8921843760438364,0.29,0.0,7.236270879972251,5.479488379972251,12.05888837997225,13.772088379972251,13.772088379972251,5.479488379972251,12.05888837997225,13.772088379972251
p_4OP2tz,Nacho Pais,t_0bW0AU,Banfield,VOL,Gimnasia y Esgrima,False,19,3,3,True,1,False,5.1369,7.4486842105263165,14.42958,4.525000758779943,1.8116,16.1581,1.0,0.18099545025597874,1.0,0.8569999999999999,8.384783684210527,7.18575961736842,2026-09-19 17:30:00,,,0.4293600562587905,,0.4293600562587905,15.0,False,6.15386449878545,,,,,,,,,,,,,,,,,,,,,,,,,,,,,,,,,,,,,,,,,,,,,,,,,,,,,,,,,,,,,,,,,,,,,,,,,,,,,,,,,,,,,,,,,,,,,,,,,,,,,,,,,,,,,,,,,,,,,,,,,,,,,,,,,,,,,,,,,,,,,,,,,,,,,,,,,,,,,,,,,,,,,,,,,,,,,,,,,,,,,,,,,,,,,,,,,19,7.39251044,7.25,9.8613,14.0028,16.1367,4.353148393807982,0.2041,0.0983,7.18575961736842,7.043249177368421,9.65454917736842,13.79604917736842,15.929949177368421,7.043249177368421,9.65454917736842,13.79604917736842
p_4OfzNB,Tiago Serrago,t_1L8FaD,Tigre,VOL,Vélez Sarsfield,False,19,3,3,True,1,False,2.860033333333334,4.782,7.271979999999999,4.690471847148098,-0.3106,20.9259,1.0,0.175732351703167,1.0,0.85,4.7318066666666665,4.022035666666667,2026-09-21 00:30:00,,,0.4339924670433145,,0.4339924670433145,15.0,False,6.15386449878545,,,,,,,,,,,,,,,,,,,,,,,,,,,,,,,,,,,,,,,,,,,,,,,,,,,,,,,,,,,,,,,,,,,,,,,,,,,,,,,,,,,,,,,,,,,,,,,,,,,,,,,,,,,,,,,,,,,,,,,,,,,,,,,,,,,,,,,,,,,,,,,,,,,,,,,,,,,,,,,,,,,,,,,,,,,,,,,,,,,,,,,,,,,,,,,,,19,4.81538499,4.2705,6.7389,8.1467,20.9259,4.599439704844244,0.0545,0.0545,4.022035666666667,3.4771506766666667,5.945550676666667,7.353350676666666,20.132550676666664,3.4771506766666667,5.945550676666667,7.353350676666666
p_4OjYAE,Favio Álvarez,t_0bW0AU,Banfield,VOL,Gimnasia y Esgrima,False,7,3,3,True,0,False,1.6482600000000003,2.7324428571428574,6.919900000000002,3.6567429956438664,-0.39,10.1554,0.7762818061580286,0.21474236412347567,0.9776281806158029,0.8569999999999999,3.3998431428571436,2.8484815734738747,2026-09-19 17:30:00,,,0.3957496653279785,,0.3957496653279785,15.0,False,6.15386449878545,,,,,,,,,,,,,,,,,,,,,,,,,,,,,,,,,,,,,,,,,,,,,,,,,,,,,,,,,,,,,,,,,,,,,,,,,,,,,,,,,,,,,,,,,,,,,,,,,,,,,,,,,,,,,,,,,,,,,,,,,,,,,,,,,,,,,,,,,,,,,,,,,,,,,,,,,,,,,,,,,,,,,,,,,,,,,,,,,,,,,,,,,,,,,,,,,7,2.78891304,1.2509,4.7629,10.1554,10.1554,3.4339193278896287,0.1491,0.0,2.8484815734738747,1.3104685334738744,4.822468533473875,10.214968533473876,10.214968533473876,1.3104685334738744,4.822468533473875,10.214968533473876
p_4PBWTZ,Tomás Bottari,t_0SmVI4,Independiente Rivadavia,VOL,Barracas Central,False,19,3,3,True,3,True,9.095806666666666,8.26491052631579,13.13298,4.658805861769818,-2.8,14.79,1.0,0.17671572844650396,1.0,0.9869999999999999,9.772741543859649,9.645695903789472,2026-09-21 22:00:00,,,0.514624183006536,,0.514624183006536,15.0,True,6.15386449878545,,,,,,,,,,,,,,,,,,,,,,,,,,,,,,,,,,,,,,,,,,,,,,,,,,,,,,,,,,,,,,,,,,,,,,,,,,,,,,,,,,,,,,,,,,,,,,,,,,,,,,,,,,,,,,,,,,,,,,,,,,,,,,,,,,,,,,,,,,,,,,,,,,,,,,,,,,,,,,,,,,,,,,,,,,,,,,,,,,,,,,,,,,,,,,,,,19,8.18636151,8.976,12.2503,14.2637,14.79,4.5597936925807865,0.3609,0.0,9.645695903789472,10.435334393789473,13.709634393789472,15.723034393789472,16.24933439378947,10.435334393789473,13.709634393789472,15.723034393789472
p_4PWEjP,Franco Ibarra,t_1rEb7t,Rosario Central,VOL,Argentinos Juniors,True,25,3,3,True,3,True,11.941120000000002,11.657444,17.43742,4.388265826523426,2.2223,19.5764,1.0,0.18558846801461762,1.0,1.015,13.201724600000002,13.399750469,2026-09-20 20:00:00,,,0.6922064244339126,,0.6922064244339126,15.0,True,6.15386449878545,,,,,,,,,,,,,,,,,,,,,,,,,,,,,,,,,,,,,,,,,,,,,,,,,,,,,,,,,,,,,,,,,,,,,,,,,,,,,,,,,,,,,,,,,,,,,,,,,,,,,,,,,,,,,,,,,,,,,,,,,,,,,,,,,,,,,,,,,,,,,,,,,,,,,,,,,,,,,,,,,,,,,,,,,,,,,,,,,,,,,,,,,,,,,,,,,25,11.66551956,11.09,15.17,17.5479,18.1608,4.299826215370733,0.723,0.2824,13.399750469,12.824230909,16.904230909,19.282130909,19.895030909,12.824230909,16.904230909,19.282130909
p_4PWmyN,Timoteo Chamorro,t_02LuKO,Talleres,DEF,Instituto De Córdoba,False,9,3,3,True,1,False,7.88442,6.171766666666667,10.57712,4.61477019850393,-0.6575,13.01,0.8356203358159325,0.17810167907966254,0.9835620335815933,0.9819999999999999,7.872533666666667,7.603748968618952,2026-09-20 00:15:00,,0.6634615384615384,,,0.6634615384615384,14.0,False,6.218483552578269,,,,,,,,,,,,,,,,,,,,,,,,,,,,,,,,,,,,,,,,,,,,,,,,,,,,,,,,,,,,,,,,,,,,,,,,,,,,,,,,,,,,,,,,,,,,,,,,,,,,,,,,,,,,,,,,,,,,,,,,,,,,,,,,,,,,,,,,,,,,,,,,,,,,,,,,,,,,,,,,,,,,,,,,,,,,,,,,,,,,,,,,,,,,,,,,,9,6.31222755,7.9588,9.6773,13.01,13.01,4.342057077796651,0.1171,0.0,7.603748968618952,9.250321418618952,10.968821418618951,14.30152141861895,14.30152141861895,9.250321418618952,10.968821418618951,14.30152141861895
p_4PyHEi,Juan Rattalino,t_1QqhS7,San Lorenzo,VOL,Boca Juniors,True,10,3,3,True,0,False,3.6703200000000007,4.2763100000000005,6.47234,1.8927396290092895,1.5314,6.92,0.9024719443560254,0.3456930551134606,0.9902471944356026,0.957,4.613221,4.371795299001264,2026-09-20 17:45:00,,,0.6274305555555556,,0.6274305555555556,15.0,False,6.15386449878545,,,,,,,,,,,,,,,,,,,,,,,,,,,,,,,,,,,,,,,,,,,,,,,,,,,,,,,,,,,,,,,,,,,,,,,,,,,,,,,,,,,,,,,,,,,,,,,,,,,,,,,,,,,,,,,,,,,,,,,,,,,,,,,,,,,,,,,,,,,,,,,,,,,,,,,,,,,,,,,,,,,,,,,,,,,,,,,,,,,,,,,,,,,,,,,,,10,4.236062390000001,4.13,6.065,6.4226,6.92,1.799511303450603,0.0,0.0,4.371795299001264,4.2657329090012635,6.200732909001264,6.558332909001264,7.0557329090012635,4.2657329090012635,6.200732909001264,6.558332909001264
p_4QJLZt,Nicolás López,t_2Swqmw,Club Atlético Platense,DEL,Newell's Old Boys,True,5,3,3,True,1,False,2.379633333333333,2.84014,4.4656,2.0917354512461657,-0.4833,4.91,0.7313552544044652,0.3234429386889931,0.9731355254404466,0.85,3.0853276666666667,2.552075666048972,2026-09-20 20:00:00,,,,0.5599254978760045,0.5599254978760045,16.0,False,5.577128809735925,,,,,,,,,,,,,,,,,,,,,,,,,,,,,,,,,,,,,,,,,,,,,,,,,,,,,,,,,,,,,,,,,,,,,,,,,,,,,,,,,,,,,,,,,,,,,,,,,,,,,,,,,,,,,,,,,,,,,,,,,,,,,,,,,,,,,,,,,,,,,,,,,,,,,,,,,,,,,,,,,,,,,,,,,,,,,,,,,,,,,,,,,,,,,,,,,5,2.84825774,3.765,3.799,4.91,4.91,1.864744034372571,0.0,0.0,2.552075666048972,3.4688179260489718,3.5028179260489716,4.613817926048972,4.613817926048972,3.4688179260489718,3.5028179260489716,4.613817926048972
p_4QT6ls,David Martínez,t_1XZg6T,Independiente,VOL,Club Atlético Unión de Santa Fe,False,5,3,3,True,0,False,3.8671933333333333,4.07626,4.74972,0.6839176690216446,3.1676,4.9612,0.7854373189849595,0.5938532615914646,0.978543731898496,0.962,4.171451666666667,3.926833861843501,2026-09-19 19:45:00,,,0.5448641636141636,,0.5448641636141636,15.0,False,6.15386449878545,,,,,,,,,,,,,,,,,,,,,,,,,,,,,,,,,,,,,,,,,,,,,,,,,,,,,,,,,,,,,,,,,,,,,,,,,,,,,,,,,,,,,,,,,,,,,,,,,,,,,,,,,,,,,,,,,,,,,,,,,,,,,,,,,,,,,,,,,,,,,,,,,,,,,,,,,,,,,,,,,,,,,,,,,,,,,,,,,,,,,,,,,,,,,,,,,5,4.07460954,4.11,4.4325,4.9612,4.9612,0.6080628481390623,0.0,0.0,3.926833861843501,3.962224321843501,4.284724321843501,4.813424321843501,4.813424321843501,3.962224321843501,4.284724321843501,4.813424321843501
p_4RJnnl,Gonzalo Ríos,t_0SmVI4,Independiente Rivadavia,VOL,Barracas Central,False,24,3,3,True,3,True,10.812833333333334,7.0869,14.27436,5.573863237429244,-1.46,21.4616,1.0,0.15211755460721407,1.0,0.9869999999999999,10.187841666666667,10.055399725,2026-09-21 22:00:00,,,0.3987777777777778,,0.3987777777777778,15.0,True,6.15386449878545,,,,,,,,,,,,,,,,,,,,,,,,,,,,,,,,,,,,,,,,,,,,,,,,,,,,,,,,,,,,,,,,,,,,,,,,,,,,,,,,,,,,,,,,,,,,,,,,,,,,,,,,,,,,,,,,,,,,,,,,,,,,,,,,,,,,,,,,,,,,,,,,,,,,,,,,,,,,,,,,,,,,,,,,,,,,,,,,,,,,,,,,,,,,,,,,,24,7.032360579999999,4.9675,10.1721,14.5248,15.1295,5.420747655115304,0.2865,0.0818,10.055399725,7.9905391450000005,13.195139145,17.547839145,18.152539145,7.9905391450000005,13.195139145,17.547839145
p_4RakHP,Santiago Daniele,t_0bW0AU,Banfield,DEF,Gimnasia y Esgrima,False,11,3,3,True,2,True,7.2362666666666655,7.193027272727274,8.4731,1.3609457734170818,5.1371,10.0967,0.951378480996283,0.42355907164808115,0.9951378480996284,0.8569999999999999,7.528179242424242,6.420280710342098,2026-09-19 17:30:00,,0.3684659837142106,,,0.3684659837142106,16.0,True,6.218483552578269,,,,,,,,,,,,,,,,,,,,,,,,,,,,,,,,,,,,,,,,,,,,,,,,,,,,,,,,,,,,,,,,,,,,,,,,,,,,,,,,,,,,,,,,,,,,,,,,,,,,,,,,,,,,,,,,,,,,,,,,,,,,,,,,,,,,,,,,,,,,,,,,,,,,,,,,,,,,,,,,,,,,,,,,,,,,,,,,,,,,,,,,,,,,,,,,,11,7.178734349999999,7.2633,7.6808,8.4731,10.0967,1.294555560652797,0.0906,0.0,6.420280710342098,6.504846360342099,6.9223463603420985,7.714646360342099,9.338246360342099,6.504846360342099,6.9223463603420985,7.714646360342099
p_4RjjYt,Jonathan Herrera,t_3qkV0m,Sarmiento,DEL,Racing Club,False,8,3,3,True,3,True,5.350533333333333,5.194912499999999,10.14466,4.129521755581562,-0.49,10.2456,0.8056566562855575,0.19494994809445437,0.9805656656285557,0.959,6.486816666666666,6.099958964755431,2026-09-19 00:15:00,,,,0.559204701141656,0.559204701141656,16.0,True,5.577128809735925,,,,,,,,,,,,,,,,,,,,,,,,,,,,,,,,,,,,,,,,,,,,,,,,,,,,,,,,,,,,,,,,,,,,,,,,,,,,,,,,,,,,,,,,,,,,,,,,,,,,,,,,,,,,,,,,,,,,,,,,,,,,,,,,,,,,,,,,,,,,,,,,,,,,,,,,,,,,,,,,,,,,,,,,,,,,,,,,,,,,,,,,,,,,,,,,,8,5.21809102,5.4856,10.1014,10.2456,10.2456,3.859079374949595,0.251,0.0,6.099958964755431,6.367467944755431,10.983267944755431,11.12746794475543,11.12746794475543,6.367467944755431,10.983267944755431,11.12746794475543
p_4RoV0i,Santiago Arias,t_1XZg6T,Independiente,DEF,Club Atlético Unión de Santa Fe,False,18,3,1,True,0,False,8.596506666666667,8.15871111111111,12.90705,3.5845950275636422,3.2967,15.1202,1.0,0.21812177389448129,1.0,0.962,9.499024277777776,9.13806135522222,2026-09-19 19:45:00,,0.5893496577145866,,,0.5893496577145866,15.0,False,6.218483552578269,,,,,,,,,,,,,,,,,,,,,,,,,,,,,,,,,,,,,,,,,,,,,,,,,,,,,,,,,,,,,,,,,,,,,,,,,,,,,,,,,,,,,,,,,,,,,,,,,,,,,,,,,,,,,,,,,,,,,,,,,,,,,,,,,,,,,,,,,,,,,,,,,,,,,,,,,,,,,,,,,,,,,,,,,,,,,,,,,,,,,,,,,,,,,,,,,18,8.12719252,7.9401,10.455,13.2735,15.1202,3.4943114458516784,0.3846,0.0558,9.13806135522222,8.95096883522222,11.46586883522222,14.284368835222221,16.131068835222223,8.95096883522222,11.46586883522222,14.284368835222221
p_4RpynC,Agustín Lagos,t_2Swqmw,Club Atlético Platense,DEF,Newell's Old Boys,True,12,3,3,True,1,False,2.3754266666666672,4.77515,8.595220000000001,3.4813357586629667,-1.6675,9.5184,0.9446295503775578,0.2231477518877889,0.9944629550377558,0.85,4.890264333333334,4.133708711866047,2026-09-20 20:00:00,,0.5503448924789555,,,0.5503448924789555,16.0,False,6.218483552578269,,,,,,,,,,,,,,,,,,,,,,,,,,,,,,,,,,,,,,,,,,,,,,,,,,,,,,,,,,,,,,,,,,,,,,,,,,,,,,,,,,,,,,,,,,,,,,,,,,,,,,,,,,,,,,,,,,,,,,,,,,,,,,,,,,,,,,,,,,,,,,,,,,,,,,,,,,,,,,,,,,,,,,,,,,,,,,,,,,,,,,,,,,,,,,,,,12,4.80559496,6.241,7.9384,8.6682,9.5184,3.327735038316392,0.0,0.0,4.133708711866047,5.569113751866047,7.266513751866047,7.996313751866048,8.846513751866048,5.569113751866047,7.266513751866047,7.996313751866048
p_4SEGlt,Lucas Beltrán,t_1Fzy5s,River Plate,DEL,Huracán,True,9,3,3,True,0,False,7.491053333333334,4.334733333333333,8.07564,3.6883728505941478,-0.1079,9.885,0.8426587232657178,0.21329361632858876,0.9842658723265718,1.086,6.374672,6.8139680972070895,2026-09-19 22:00:00,,,,0.6738908562670396,0.6738908562670396,16.0,False,5.577128809735925,,,,,,,,,,,,,,,,,,,,,,,,,,,,,,,,,,,,,,,,,,,,,,,,,,,,,,,,,,,,,,,,,,,,,,,,,,,,,,,,,,,,,,,,,,,,,,,,,,,,,,,,,,,,,,,,,,,,,,,,,,,,,,,,,,,,,,,,,,,,,,,,,,,,,,,,,,,,,,,,,,,,,,,,,,,,,,,,,,,,,,,,,,,,,,,,,9,4.29976847,5.5422,6.99,9.885,9.885,3.4803188009894814,0.0,0.0,6.8139680972070895,8.056399627207089,9.50419962720709,12.39919962720709,12.39919962720709,8.056399627207089,9.50419962720709,12.39919962720709
p_4SnNiA,Tomás Molina,t_3XuEvf,Argentinos Juniors,DEL,Rosario Central,False,23,3,3,True,3,True,4.8186,6.619060869565218,12.88856,4.881782850347265,-2.68,15.1927,1.0,0.17001647722186128,1.0,0.8859999999999999,7.556274347826088,6.694859072173913,2026-09-20 20:00:00,,,,0.6424728607918263,0.6424728607918263,11.0,True,5.577128809735925,,,,,,,,,,,,,,,,,,,,,,,,,,,,,,,,,,,,,,,,,,,,,,,,,,,,,,,,,,,,,,,,,,,,,,,,,,,,,,,,,,,,,,,,,,,,,,,,,,,,,,,,,,,,,,,,,,,,,,,,,,,,,,,,,,,,,,,,,,,,,,,,,,,,,,,,,,,,,,,,,,,,,,,,,,,,,,,,,,,,,,,,,,,,,,,,,23,6.563232740000001,6.506,10.6635,12.9629,14.4357,4.737255683338624,0.2553,0.0423,6.694859072173913,6.637626332173912,10.795126332173913,13.094526332173912,14.567326332173913,6.637626332173912,10.795126332173913,13.094526332173912
p_4SukWz,Tomás Belmonte,t_0otcXZ,Boca Juniors,VOL,San Lorenzo,False,14,3,3,True,2,True,9.921673333333333,7.227592857142858,11.447420000000001,3.381321978722406,2.5407,12.8067,1.0,0.22824161402801083,1.0,1.028,9.22547780952381,9.483791188190477,2026-09-20 17:45:00,,,0.7746527777777779,,0.7746527777777779,15.0,True,6.15386449878545,,,,,,,,,,,,,,,,,,,,,,,,,,,,,,,,,,,,,,,,,,,,,,,,,,,,,,,,,,,,,,,,,,,,,,,,,,,,,,,,,,,,,,,,,,,,,,,,,,,,,,,,,,,,,,,,,,,,,,,,,,,,,,,,,,,,,,,,,,,,,,,,,,,,,,,,,,,,,,,,,,,,,,,,,,,,,,,,,,,,,,,,,,,,,,,,,14,7.2309296199999995,6.4642,10.8696,11.48,12.8067,3.242379050988125,0.2833,0.0,9.483791188190477,8.717061568190477,13.122461568190477,13.732861568190478,15.059561568190476,8.717061568190477,13.122461568190477,13.732861568190478
p_4SyM9C,Leandro Fernández,t_1DVMAZ,Defensa y Justicia,DEL,Central Córdoba,False,9,3,3,True,2,True,9.632200000000001,8.623,14.068620000000001,4.810630772570267,2.7289,16.1939,0.8344196710870225,0.17209835543511248,0.9834419671087022,0.999,10.337625000000001,10.156287810966866,2026-09-18 21:00:00,,,,0.7910943223443224,0.7910943223443224,11.0,True,5.577128809735925,,,,,,,,,,,,,,,,,,,,,,,,,,,,,,,,,,,,,,,,,,,,,,,,,,,,,,,,,,,,,,,,,,,,,,,,,,,,,,,,,,,,,,,,,,,,,,,,,,,,,,,,,,,,,,,,,,,,,,,,,,,,,,,,,,,,,,,,,,,,,,,,,,,,,,,,,,,,,,,,,,,,,,,,,,,,,,,,,,,,,,,,,,,,,,,,,9,8.59583627,8.8745,12.3938,16.1939,16.1939,4.56208493435178,0.3356,0.1121,10.156287810966866,10.434951540966866,13.954251540966867,17.754351540966866,17.754351540966866,10.434951540966866,13.954251540966867,17.754351540966866
p_4U4fDQ,Dilan Godoy,t_2eRs85,Vélez Sarsfield,DEL,Tigre,True,19,3,3,True,1,False,2.650746666666667,4.004036842105263,7.574079999999997,3.592420924083016,-0.305,14.2247,1.0,0.21775007485832176,1.0,0.955,4.4228960701754385,4.223865747017544,2026-09-21 00:30:00,,,,0.5247113192585985,0.5247113192585985,11.0,False,5.577128809735925,,,,,,,,,,,,,,,,,,,,,,,,,,,,,,,,,,,,,,,,,,,,,,,,,,,,,,,,,,,,,,,,,,,,,,,,,,,,,,,,,,,,,,,,,,,,,,,,,,,,,,,,,,,,,,,,,,,,,,,,,,,,,,,,,,,,,,,,,,,,,,,,,,,,,,,,,,,,,,,,,,,,,,,,,,,,,,,,,,,,,,,,,,,,,,,,,19,3.9833157999999997,3.4094,4.9785,10.754,14.2247,3.4766725650271355,0.102,0.0,4.223865747017544,3.6499499470175443,5.219049947017544,10.994549947017543,14.465249947017544,3.6499499470175443,5.219049947017544,10.994549947017543
p_4UBC0A,Leonel Pérez,t_2RmaMX,Racing Club,VOL,Sarmiento,True,6,3,3,True,3,True,7.603113333333335,6.800583333333333,10.85715,3.7636572837688966,1.7322,12.9936,0.7419845484437882,0.20992274221894125,0.9741984548443788,0.85,8.0956105,6.703721554103639,2026-09-19 00:15:00,,,0.5709123757904245,,0.5709123757904245,15.0,True,6.15386449878545,,,,,,,,,,,,,,,,,,,,,,,,,,,,,,,,,,,,,,,,,,,,,,,,,,,,,,,,,,,,,,,,,,,,,,,,,,,,,,,,,,,,,,,,,,,,,,,,,,,,,,,,,,,,,,,,,,,,,,,,,,,,,,,,,,,,,,,,,,,,,,,,,,,,,,,,,,,,,,,,,,,,,,,,,,,,,,,,,,,,,,,,,,,,,,,,,6,6.781903080000001,5.852,8.7207,12.9936,12.9936,3.423573502622737,0.1647,0.0,6.703721554103639,5.7738184741036385,8.642518474103639,12.915418474103639,12.915418474103639,5.7738184741036385,8.642518474103639,12.915418474103639
p_4UQKl9,Raúl Lozano,t_1dhmUh,Estudiantes de Río Cuarto,DEF,Club Atlético Belgrano,False,12,3,3,True,2,True,2.922106666666666,3.611791666666667,9.683850000000001,4.06795694141383,-2.235,12.2894,0.9394636344215279,0.1973181721076394,0.9939463634421528,0.85,4.8884165,4.130000232690774,2026-09-20 22:15:00,,0.4315765765765766,,,0.4315765765765766,14.0,True,6.218483552578269,,,,,,,,,,,,,,,,,,,,,,,,,,,,,,,,,,,,,,,,,,,,,,,,,,,,,,,,,,,,,,,,,,,,,,,,,,,,,,,,,,,,,,,,,,,,,,,,,,,,,,,,,,,,,,,,,,,,,,,,,,,,,,,,,,,,,,,,,,,,,,,,,,,,,,,,,,,,,,,,,,,,,,,,,,,,,,,,,,,,,,,,,,,,,,,,,12,3.6162776899999995,2.0883,5.9313,10.1008,12.2894,3.904348117836736,0.1666,0.0,4.130000232690774,2.6020225426907744,6.445022542690775,10.614522542690775,12.803122542690776,2.6020225426907744,6.445022542690775,10.614522542690775
p_4USU0R,Elián Giménez,t_3qkV0m,Sarmiento,VOL,Racing Club,False,6,3,3,True,0,False,3.2324266666666666,3.9879833333333337,7.255,3.250851667127657,0.09,8.75,0.7470493951945263,0.2352469759726314,0.9747049395194527,0.959,4.540292666666667,4.244002415812326,2026-09-19 00:15:00,,,0.4911419753086419,,0.4911419753086419,15.0,False,6.15386449878545,,,,,,,,,,,,,,,,,,,,,,,,,,,,,,,,,,,,,,,,,,,,,,,,,,,,,,,,,,,,,,,,,,,,,,,,,,,,,,,,,,,,,,,,,,,,,,,,,,,,,,,,,,,,,,,,,,,,,,,,,,,,,,,,,,,,,,,,,,,,,,,,,,,,,,,,,,,,,,,,,,,,,,,,,,,,,,,,,,,,,,,,,,,,,,,,,6,3.9917173499999996,4.6264,5.76,8.75,8.75,2.9846441899854623,0.0,0.0,4.244002415812326,4.878685065812327,6.012285065812327,9.002285065812327,9.002285065812327,4.878685065812327,6.012285065812327,9.002285065812327
p_4UVSic,Pedro Canelo,t_45vTPl,Atlético Tucumán,DEL,Aldosivi,False,4,3,3,True,0,False,2.59,2.2575,3.515,1.4772581584363198,0.42,3.62,0.7140677530864377,0.40367209876552146,0.9714067753086438,0.896,2.68825,2.339800300296222,2026-09-21 17:30:00,,,,0.4757425172229767,0.4757425172229767,16.0,False,5.577128809735925,,,,,,,,,,,,,,,,,,,,,,,,,,,,,,,,,,,,,,,,,,,,,,,,,,,,,,,,,,,,,,,,,,,,,,,,,,,,,,,,,,,,,,,,,,,,,,,,,,,,,,,,,,,,,,,,,,,,,,,,,,,,,,,,,,,,,,,,,,,,,,,,,,,,,,,,,,,,,,,,,,,,,,,,,,,,,,,,,,,,,,,,,,,,,,,,,4,2.259525,1.72,3.27,3.62,3.62,1.271999616499549,0.0,0.0,2.339800300296222,1.800275300296222,3.350275300296222,3.700275300296222,3.700275300296222,1.800275300296222,3.350275300296222,3.700275300296222
p_4UmTx2,Rodrigo Gallo,t_3TbOfu,Deportivo Riestra,DEF,Gimnasia y Esgrima Mendoza,False,10,3,3,True,0,False,2.637353333333333,4.06111,6.331399999999999,3.1232686430333776,-0.506,10.1438,0.8818385405644744,0.24252603615570562,0.9881838540564475,0.85,4.130367666666666,3.469328243589282,2026-09-19 17:30:00,,0.3999485596707819,,,0.3999485596707819,14.0,False,6.218483552578269,,,,,,,,,,,,,,,,,,,,,,,,,,,,,,,,,,,,,,,,,,,,,,,,,,,,,,,,,,,,,,,,,,,,,,,,,,,,,,,,,,,,,,,,,,,,,,,,,,,,,,,,,,,,,,,,,,,,,,,,,,,,,,,,,,,,,,,,,,,,,,,,,,,,,,,,,,,,,,,,,,,,,,,,,,,,,,,,,,,,,,,,,,,,,,,,,10,4.07649206,5.2625,5.854,5.9078,10.1438,2.9251081417901386,0.0952,0.0,3.469328243589282,4.655336183589283,5.2468361835892825,5.300636183589282,9.536636183589284,4.655336183589283,5.2468361835892825,5.300636183589282
p_4Uobro,Rodrigo Herrera,t_3mLGSt,Newell's Old Boys,VOL,Club Atlético Platense,False,20,3,3,True,3,True,5.864586666666667,5.82361,10.643330000000002,3.1105685102143057,0.156,12.1635,1.0,0.2432753516977302,1.0,0.8869999999999999,7.042881833333333,6.247036186166666,2026-09-20 20:00:00,,,0.3547916666666666,,0.3547916666666666,15.0,True,6.15386449878545,,,,,,,,,,,,,,,,,,,,,,,,,,,,,,,,,,,,,,,,,,,,,,,,,,,,,,,,,,,,,,,,,,,,,,,,,,,,,,,,,,,,,,,,,,,,,,,,,,,,,,,,,,,,,,,,,,,,,,,,,,,,,,,,,,,,,,,,,,,,,,,,,,,,,,,,,,,,,,,,,,,,,,,,,,,,,,,,,,,,,,,,,,,,,,,,,20,5.795061939999999,5.4565,6.5967,10.4937,11.99,3.0288964121388235,0.1487,0.0,6.247036186166666,5.908474246166667,7.048674246166667,10.945674246166668,12.441974246166666,5.908474246166667,7.048674246166667,10.945674246166668
p_4WViuG,Teo Pagano,t_1QqhS7,San Lorenzo,DEF,Boca Juniors,True,15,3,3,True,3,True,7.030786666666667,6.536573333333333,13.03192,4.4513462060797915,-0.0191,14.0459,1.0,0.1834409267356231,1.0,0.957,8.333384666666667,7.975049126,2026-09-20 17:45:00,,0.5604166666666667,,,0.5604166666666667,14.0,True,6.218483552578269,,,,,,,,,,,,,,,,,,,,,,,,,,,,,,,,,,,,,,,,,,,,,,,,,,,,,,,,,,,,,,,,,,,,,,,,,,,,,,,,,,,,,,,,,,,,,,,,,,,,,,,,,,,,,,,,,,,,,,,,,,,,,,,,,,,,,,,,,,,,,,,,,,,,,,,,,,,,,,,,,,,,,,,,,,,,,,,,,,,,,,,,,,,,,,,,,15,6.57350537,5.6914,11.5297,13.265,14.0459,4.317111227318814,0.2698,0.0,7.975049126,7.0929437559999995,12.931243756,14.666543756,15.447443755999998,7.0929437559999995,12.931243756,14.666543756
p_4XgYNg,Leonel Vega,t_45vTPl,Atlético Tucumán,VOL,Aldosivi,False,13,3,3,True,3,True,9.252453333333333,8.185615384615385,12.24084,3.94451939042138,0.28,12.746,0.9737821584279308,0.20224412547298723,0.9973782158427931,0.896,9.572814820512821,8.554754401783766,2026-09-21 17:30:00,,,0.517698948948949,,0.517698948948949,15.0,True,6.15386449878545,,,,,,,,,,,,,,,,,,,,,,,,,,,,,,,,,,,,,,,,,,,,,,,,,,,,,,,,,,,,,,,,,,,,,,,,,,,,,,,,,,,,,,,,,,,,,,,,,,,,,,,,,,,,,,,,,,,,,,,,,,,,,,,,,,,,,,,,,,,,,,,,,,,,,,,,,,,,,,,,,,,,,,,,,,,,,,,,,,,,,,,,,,,,,,,,,13,8.23299866,8.8874,11.5415,12.3332,12.746,3.796535119253107,0.4716,0.0,8.554754401783766,9.209155741783766,11.863255741783766,12.654955741783766,13.067755741783767,9.209155741783766,11.863255741783766,12.654955741783766
p_4YkG7y,Rafael Barrios,t_3FROV0,Barracas Central,DEF,Independiente Rivadavia,True,18,3,2,True,0,False,5.787000000000001,5.978838888888889,10.812240000000001,3.6998452177702674,-2.04,11.6994,1.0,0.21277296456891123,1.0,0.8869999999999999,7.120045555555556,6.315480407777778,2026-09-21 22:00:00,,0.5353395061728395,,,0.5353395061728395,14.0,False,6.218483552578269,,,,,,,,,,,,,,,,,,,,,,,,,,,,,,,,,,,,,,,,,,,,,,,,,,,,,,,,,,,,,,,,,,,,,,,,,,,,,,,,,,,,,,,,,,,,,,,,,,,,,,,,,,,,,,,,,,,,,,,,,,,,,,,,,,,,,,,,,,,,,,,,,,,,,,,,,,,,,,,,,,,,,,,,,,,,,,,,,,,,,,,,,,,,,,,,,18,6.0196192900000005,5.4872,9.4022,10.8968,11.6994,3.602556183074859,0.2248,0.0,6.315480407777778,5.783061117777777,9.698061117777778,11.192661117777778,11.995261117777778,5.783061117777777,9.698061117777778,11.192661117777778
p_4b7wxM,Gonzalo Maffini,t_1dhmUh,Estudiantes de Río Cuarto,DEF,Club Atlético Belgrano,False,21,3,3,True,3,True,5.459233333333333,6.135709523809523,9.3219,3.7269141374473285,-1.2552,15.6226,1.0,0.21155450911998774,1.0,0.85,6.695490476190476,5.6911669047619045,2026-09-20 22:15:00,,0.4196428571428572,,,0.4196428571428572,14.0,True,6.218483552578269,,,,,,,,,,,,,,,,,,,,,,,,,,,,,,,,,,,,,,,,,,,,,,,,,,,,,,,,,,,,,,,,,,,,,,,,,,,,,,,,,,,,,,,,,,,,,,,,,,,,,,,,,,,,,,,,,,,,,,,,,,,,,,,,,,,,,,,,,,,,,,,,,,,,,,,,,,,,,,,,,,,,,,,,,,,,,,,,,,,,,,,,,,,,,,,,,21,6.150483680000001,6.4949,8.085,11.03,15.6226,3.706395064041293,0.1015,0.0528,5.6911669047619045,6.035583224761904,7.625683224761905,10.570683224761904,15.163283224761905,6.035583224761904,7.625683224761905,10.570683224761904
p_4bCUcN,Agustín Auzmendi,t_0rGDE4,Gimnasia LP,DEL,Banfield,True,27,3,3,True,3,True,9.568739999999998,5.910933333333334,13.118100000000002,5.275350950264971,-0.38,18.2443,1.0,0.15935363741812333,1.0,0.955,8.992957333333333,8.588274253333333,2026-09-19 17:30:00,,,,0.4928440293742018,0.4928440293742018,11.0,True,5.577128809735925,,,,,,,,,,,,,,,,,,,,,,,,,,,,,,,,,,,,,,,,,,,,,,,,,,,,,,,,,,,,,,,,,,,,,,,,,,,,,,,,,,,,,,,,,,,,,,,,,,,,,,,,,,,,,,,,,,,,,,,,,,,,,,,,,,,,,,,,,,,,,,,,,,,,,,,,,,,,,,,,,,,,,,,,,,,,,,,,,,,,,,,,,,,,,,,,,27,5.8939619599999995,4.8133,10.666,13.6083,13.7575,5.174272566420033,0.2939,0.0373,8.588274253333333,7.507612293333334,13.360312293333333,16.302612293333333,16.451812293333333,7.507612293333334,13.360312293333333,16.302612293333333
p_4bqyr6,Ronaldo Martínez,t_2eRs85,Vélez Sarsfield,DEL,Tigre,True,2,3,2,True,2,True,11.4728,12.28105,14.22085,3.429114335364163,9.8563,14.7058,0.6118224212614634,0.22577877297398322,0.9611822421261463,0.955,12.4831125,11.458611488697093,2026-09-21 00:30:00,,,,0.7828703703703703,0.7828703703703703,10.0,True,5.577128809735925,,,,,,,,,,,,,,,,,,,,,,,,,,,,,,,,,,,,,,,,,,,,,,,,,,,,,,,,,,,,,,,,,,,,,,,,,,,,,,,,,,,,,,,,,,,,,,,,,,,,,,,,,,,,,,,,,,,,,,,,,,,,,,,,,,,,,,,,,,,,,,,,,,,,,,,,,,,,,,,,,,,,,,,,,,,,,,,,,,,,,,,,,,,,,,,,,2,12.281534949999998,14.7058,14.7058,14.7058,14.7058,2.424749951505,0.5001,0.0,11.458611488697093,13.882876538697095,13.882876538697095,13.882876538697095,13.882876538697095,13.882876538697095,13.882876538697095,13.882876538697095
p_4d2ONx,Francisco Ortega,t_1Fzy5s,River Plate,DEF,Huracán,True,5,3,3,True,0,False,5.207006666666667,6.04344,10.65442,4.165629709059604,2.68,12.4771,0.7053841147348539,0.19358724034093583,0.9705384114734854,1.086,6.903433333333334,7.276251282056436,2026-09-19 22:00:00,,0.7248641819840328,,,0.7248641819840328,16.0,False,6.218483552578269,,,,,,,,,,,,,,,,,,,,,,,,,,,,,,,,,,,,,,,,,,,,,,,,,,,,,,,,,,,,,,,,,,,,,,,,,,,,,,,,,,,,,,,,,,,,,,,,,,,,,,,,,,,,,,,,,,,,,,,,,,,,,,,,,,,,,,,,,,,,,,,,,,,,,,,,,,,,,,,,,,,,,,,,,,,,,,,,,,,,,,,,,,,,,,,,,5,6.10033765,4.2572,7.9204,12.4771,12.4771,3.7496421408203044,0.2055,0.0,7.276251282056436,5.433113632056436,9.096313632056436,13.653013632056435,13.653013632056435,5.433113632056436,9.096313632056436,13.653013632056435
p_4d8JFW,Ian Subiabre,t_1L8FaD,Tigre,DEL,Vélez Sarsfield,False,5,3,3,True,0,False,0.63534,1.2833599999999996,2.72866,1.6035817076157985,-0.536,3.1033,0.743483921686924,0.38408627510128696,0.9743483921686924,0.85,1.417878,1.1742810771526568,2026-09-21 00:30:00,,,,0.6328092619161486,0.6328092619161486,11.0,False,5.577128809735925,,,,,,,,,,,,,,,,,,,,,,,,,,,,,,,,,,,,,,,,,,,,,,,,,,,,,,,,,,,,,,,,,,,,,,,,,,,,,,,,,,,,,,,,,,,,,,,,,,,,,,,,,,,,,,,,,,,,,,,,,,,,,,,,,,,,,,,,,,,,,,,,,,,,,,,,,,,,,,,,,,,,,,,,,,,,,,,,,,,,,,,,,,,,,,,,,5,1.27395127,1.9578,2.1667,3.1033,3.1033,1.434572085724655,0.0,0.0,1.1742810771526568,1.8581298071526569,2.067029807152657,3.003629807152657,3.003629807152657,1.8581298071526569,2.067029807152657,3.003629807152657
p_4dX0F7,Emiliano Viveros,t_3XuEvf,Argentinos Juniors,VOL,Rosario Central,False,17,3,3,True,1,False,6.679433333333334,6.675247058823529,12.08614,3.7734341444693396,0.8216,13.5183,1.0,0.2094927822893783,1.0,0.8859999999999999,8.029435490196079,7.114079844313725,2026-09-20 20:00:00,,,0.6927314814814814,,0.6927314814814814,15.0,False,6.15386449878545,,,,,,,,,,,,,,,,,,,,,,,,,,,,,,,,,,,,,,,,,,,,,,,,,,,,,,,,,,,,,,,,,,,,,,,,,,,,,,,,,,,,,,,,,,,,,,,,,,,,,,,,,,,,,,,,,,,,,,,,,,,,,,,,,,,,,,,,,,,,,,,,,,,,,,,,,,,,,,,,,,,,,,,,,,,,,,,,,,,,,,,,,,,,,,,,,17,6.6348337299999995,6.547,8.8968,12.61,13.5183,3.652638407612405,0.1724,0.0,7.114079844313725,7.026246114313725,9.376046114313727,13.089246114313724,13.997546114313725,7.026246114313725,9.376046114313727,13.089246114313724
p_4dlsMo,Andrés Chávez,t_2rD0OF,Aldosivi,DEL,Atlético Tucumán,True,7,3,3,True,0,False,2.7547866666666665,2.1228142857142855,3.6676400000000005,1.3852965752605366,-0.09,4.346,0.8171803492869596,0.41923507976813074,0.981718034928696,0.895,2.7302110476190475,2.3988661950252235,2026-09-21 17:30:00,,,,0.4229777966989783,0.4229777966989783,16.0,False,5.577128809735925,,,,,,,,,,,,,,,,,,,,,,,,,,,,,,,,,,,,,,,,,,,,,,,,,,,,,,,,,,,,,,,,,,,,,,,,,,,,,,,,,,,,,,,,,,,,,,,,,,,,,,,,,,,,,,,,,,,,,,,,,,,,,,,,,,,,,,,,,,,,,,,,,,,,,,,,,,,,,,,,,,,,,,,,,,,,,,,,,,,,,,,,,,,,,,,,,7,2.11041852,1.7933,3.2154,4.346,4.346,1.2834761842882048,0.0,0.0,2.3988661950252235,2.0817476750252233,3.503847675025223,4.634447675025223,4.634447675025223,2.0817476750252233,3.503847675025223,4.634447675025223
p_4duo4k,Marcelo Miño,t_3FROV0,Barracas Central,ARQ,Independiente Rivadavia,True,21,3,3,True,3,True,8.592113333333334,10.317642857142856,16.2912,4.2347748897162685,3.6015,17.419,1.0,0.1910301820169007,1.0,0.8869999999999999,11.207096809523808,9.940694870047617,2026-09-21 22:00:00,0.5670200364298724,,,,0.5670200364298724,9.0,True,7.5205623530242764,,,,,,,,,,,,,,,,,,,,,,,,,,,,,,,,,,,,,,,,,,,,,,,,,,,,,,,,,,,,,,,,,,,,,,,,,,,,,,,,,,,,,,,,,,,,,,,,,,,,,,,,,,,,,,,,,,,,,,,,,,,,,,,,,,,,,,,,,,,,,,,,,,,,,,,,,,,,,,,,,,,,,,,,,,,,,,,,,,,,,,,,,,,,,,,,,21,10.244617800000002,10.17,14.1277,16.2912,16.87,4.135228524175074,0.5148,0.1869,9.940694870047617,9.866077070047615,13.823777070047615,15.987277070047615,16.566077070047616,9.866077070047615,13.823777070047615,15.987277070047615
p_4eK1TZ,Mateo Pérez Curci,t_1XZg6T,Independiente,VOL,Club Atlético Unión de Santa Fe,False,16,3,3,True,2,True,8.265566666666667,5.704218750000001,10.5861,4.480012852097451,-1.42,16.3323,1.0,0.1824813238562487,1.0,0.962,7.821160833333334,7.523956721666667,2026-09-19 19:45:00,,,0.5670221169036335,,0.5670221169036335,15.0,True,6.15386449878545,,,,,,,,,,,,,,,,,,,,,,,,,,,,,,,,,,,,,,,,,,,,,,,,,,,,,,,,,,,,,,,,,,,,,,,,,,,,,,,,,,,,,,,,,,,,,,,,,,,,,,,,,,,,,,,,,,,,,,,,,,,,,,,,,,,,,,,,,,,,,,,,,,,,,,,,,,,,,,,,,,,,,,,,,,,,,,,,,,,,,,,,,,,,,,,,,16,5.69999425,5.7582,7.49,11.3178,16.3323,4.331630204188942,0.1228,0.0625,7.523956721666667,7.582162471666668,9.313962471666667,13.141762471666667,18.15626247166667,7.582162471666668,9.313962471666667,13.141762471666667
p_4eOxm6,Francesco Lo Celso,t_1dhmUh,Estudiantes de Río Cuarto,VOL,Club Atlético Belgrano,False,4,3,1,True,0,False,1.29328,1.49705,2.9219999999999997,1.6243247243085355,-0.37,3.03,0.7095434144057877,0.3810504053622719,0.9709543414405788,0.85,1.7819679999999998,1.4706781310219574,2026-09-20 22:15:00,,,0.4544061302681992,,0.4544061302681992,15.0,False,6.15386449878545,,,,,,,,,,,,,,,,,,,,,,,,,,,,,,,,,,,,,,,,,,,,,,,,,,,,,,,,,,,,,,,,,,,,,,,,,,,,,,,,,,,,,,,,,,,,,,,,,,,,,,,,,,,,,,,,,,,,,,,,,,,,,,,,,,,,,,,,,,,,,,,,,,,,,,,,,,,,,,,,,,,,,,,,,,,,,,,,,,,,,,,,,,,,,,,,,4,1.52495504,2.67,3.03,3.03,3.03,1.4031656422912437,0.0,0.0,1.4706781310219574,2.615723091021957,2.9757230910219574,2.9757230910219574,2.9757230910219574,2.615723091021957,2.9757230910219574,2.9757230910219574
p_4ek1bV,Hernán López,t_3XuEvf,Argentinos Juniors,VOL,Rosario Central,False,23,3,3,True,3,True,6.6060066666666675,7.667178260869565,16.64214,5.488469345898687,-3.356,17.1329,1.0,0.15411955373297595,1.0,0.8859999999999999,9.539508637681159,8.452004652985506,2026-09-20 20:00:00,,,0.6927314814814814,,0.6927314814814814,15.0,True,6.15386449878545,,,,,,,,,,,,,,,,,,,,,,,,,,,,,,,,,,,,,,,,,,,,,,,,,,,,,,,,,,,,,,,,,,,,,,,,,,,,,,,,,,,,,,,,,,,,,,,,,,,,,,,,,,,,,,,,,,,,,,,,,,,,,,,,,,,,,,,,,,,,,,,,,,,,,,,,,,,,,,,,,,,,,,,,,,,,,,,,,,,,,,,,,,,,,,,,,23,7.70528058,6.6867,11.1376,16.8385,17.0083,5.3516343711676395,0.2615,0.1725,8.452004652985506,7.433424072985506,11.884324072985507,17.585224072985504,17.755024072985506,7.433424072985506,11.884324072985507,17.585224072985504
p_4fRzo0,Leonel Flores,t_0otcXZ,Boca Juniors,DEL,San Lorenzo,False,8,3,3,True,2,True,8.821760000000001,8.2294125,13.826229999999999,4.627378116767174,1.3011,14.5067,0.802207196528004,0.17770264930668667,0.9802207196528004,1.028,9.835938500000001,9.911349654948747,2026-09-20 17:45:00,,,,0.6457652936237652,0.6457652936237652,16.0,True,5.577128809735925,,,,,,,,,,,,,,,,,,,,,,,,,,,,,,,,,,,,,,,,,,,,,,,,,,,,,,,,,,,,,,,,,,,,,,,,,,,,,,,,,,,,,,,,,,,,,,,,,,,,,,,,,,,,,,,,,,,,,,,,,,,,,,,,,,,,,,,,,,,,,,,,,,,,,,,,,,,,,,,,,,,,,,,,,,,,,,,,,,,,,,,,,,,,,,,,,8,8.20283072,8.14,10.2971,14.5067,14.5067,4.315421497903337,0.3733,0.0,9.911349654948747,9.848518934948748,12.005618934948748,16.215218934948748,16.215218934948748,9.848518934948748,12.005618934948748,16.215218934948748
p_4fbCCX,Tomás Galván,t_1Fzy5s,River Plate,VOL,Huracán,True,28,3,3,True,3,True,14.3586,9.355,17.94862,7.159480052453634,1.7929,29.2425,1.0,0.12255682881402355,1.0,1.086,13.254665,14.39456619,2026-09-19 22:00:00,,,0.7199321458863445,,0.7199321458863445,15.0,True,6.15386449878545,,,,,,,,,,,,,,,,,,,,,,,,,,,,,,,,,,,,,,,,,,,,,,,,,,,,,,,,,,,,,,,,,,,,,,,,,,,,,,,,,,,,,,,,,,,,,,,,,,,,,,,,,,,,,,,,,,,,,,,,,,,,,,,,,,,,,,,,,,,,,,,,,,,,,,,,,,,,,,,,,,,,,,,,,,,,,,,,,,,,,,,,,,,,,,,,,28,9.37820926,6.8882,11.9175,18.2254,28.45,7.087371808414192,0.2801,0.1791,14.39456619,11.904556930000002,16.93385693,23.24175693,33.46635693,11.904556930000002,16.93385693,23.24175693
p_4filjU,Elías Gómez,t_2eRs85,Vélez Sarsfield,DEF,Tigre,True,24,3,3,True,3,True,12.288206666666667,10.170679166666668,13.97464,3.3540612323594607,3.83,16.0387,1.0,0.2296706331477339,1.0,0.955,11.862804,11.32897782,2026-09-21 00:30:00,,0.5717514124293784,,,0.5717514124293784,14.0,True,6.218483552578269,,,,,,,,,,,,,,,,,,,,,,,,,,,,,,,,,,,,,,,,,,,,,,,,,,,,,,,,,,,,,,,,,,,,,,,,,,,,,,,,,,,,,,,,,,,,,,,,,,,,,,,,,,,,,,,,,,,,,,,,,,,,,,,,,,,,,,,,,,,,,,,,,,,,,,,,,,,,,,,,,,,,,,,,,,,,,,,,,,,,,,,,,,,,,,,,,24,10.11741155,10.48,12.9469,14.0197,15.0918,3.3169516769002825,0.5756,0.0816,11.32897782,11.691566270000001,14.15846627,15.23126627,16.303366269999998,11.691566270000001,14.15846627,15.23126627
