perfil,simulacion,puntos
SEGURO,1,135.85648899952778
SEGURO,2,148.66893502634687
SEGURO,3,156.30744365687227
SEGURO,4,139.1164594606376
SEGURO,5,156.73687507735204
SEGURO,6,156.19310713702555
SEGURO,7,147.51759966441983
SEGURO,8,153.158362109577
SEGURO,9,134.19316586460758
SEGURO,10,151.33724302932995
SEGURO,11,139.61073948133586
SEGURO,12,143.4419486897806
SEGURO,13,155.10604731417578
SEGURO,14,141.47884464111502
SEGURO,15,150.90831671600276
SEGURO,16,154.21214784708434
SEGURO,17,143.25030522210275
SEGURO,18,150.85479283082063
SEGURO,19,152.7706627015776
SEGURO,20,134.09507921151737
SEGURO,21,138.20657575464335
SEGURO,22,134.66144350208813
SEGURO,23,151.3174684818877
SEGURO,24,148.97575169881048
SEGURO,25,149.50948403475167
SEGURO,26,132.81900939201338
SEGURO,27,152.93526157477203
SEGURO,28,155.49344652683743
SEGURO,29,156.5429896247592
SEGURO,30,146.66268825280054
SEGURO,31,136.49783030739368
SEGURO,32,147.5553301995034
SEGURO,33,145.35087432140205
SEGURO,34,149.18498648115894
SEGURO,35,149.07380188202382
SEGURO,36,147.31989850940008
SEGURO,37,124.12682625604128
SEGURO,38,160.78439293753667
SEGURO,39,161.255178314551
SEGURO,40,150.2465108624604
SEGURO,41,129.83199213498582
SEGURO,42,150.9746303110058
SEGURO,43,140.1083227919888
SEGURO,44,147.43299720046747
SEGURO,45,147.42942815940486
SEGURO,46,148.32267104805405
SEGURO,47,148.90263253548812
SEGURO,48,161.0287655246739
SEGURO,49,153.78679456415878
SEGURO,50,155.42278472036918
SEGURO,51,150.53985689749837
SEGURO,52,150.32671787298486
SEGURO,53,156.82825944057655
SEGURO,54,144.94930187072268
SEGURO,55,159.0650040552455
SEGURO,56,147.42499123246006
SEGURO,57,149.41712279522943
SEGURO,58,154.53603026225886
SEGURO,59,147.64903978962315
SEGURO,60,147.42823692166812
SEGURO,61,139.29476469453058
SEGURO,62,144.37069937237803
SEGURO,63,133.80686006856595
SEGURO,64,154.72183611987913
SEGURO,65,149.28945905835926
SEGURO,66,150.70618822305175
SEGURO,67,157.20842238549685
SEGURO,68,137.05024868115817
SEGURO,69,154.80114772327812
SEGURO,70,154.39246307222882
SEGURO,71,149.4974363287011
SEGURO,72,137.972522412577
SEGURO,73,151.74572704769426
SEGURO,74,139.776834816991
SEGURO,75,149.42317125228533
SEGURO,76,145.99833733839196
SEGURO,77,144.1704204139137
SEGURO,78,150.20247666728162
SEGURO,79,159.11651053376036
SEGURO,80,145.22848444267362
SEGURO,81,150.46347377027908
SEGURO,82,146.50761831422435
SEGURO,83,137.64698578558196
SEGURO,84,146.7248085756331
SEGURO,85,155.80126104538272
SEGURO,86,156.13588453550403
SEGURO,87,158.57949915083907
SEGURO,88,146.01916215485434
SEGURO,89,139.52720680329992
SEGURO,90,134.97710712333654
SEGURO,91,149.32862047479384
SEGURO,92,146.65000959748517
SEGURO,93,139.15459571058645
SEGURO,94,153.46065317001268
SEGURO,95,164.03399896955335
SEGURO,96,153.9621558874047
SEGURO,97,157.14691071874248
SEGURO,98,142.78495943210194
SEGURO,99,133.66064192796114
SEGURO,100,148.49536250095264
SEGURO,101,162.31157449609822
SEGURO,102,151.39739443440712
SEGURO,103,148.09545038932055
SEGURO,104,136.40460928803324
SEGURO,105,133.44709657328812
SEGURO,106,130.22496583098885
SEGURO,107,154.19628116449113
SEGURO,108,151.72279127711838
SEGURO,109,171.74087831779863
SEGURO,110,143.7909147611233
SEGURO,111,131.88076991121665
SEGURO,112,126.72172281363542
SEGURO,113,162.54458026796578
SEGURO,114,148.76346896782485
SEGURO,115,154.50087614233317
SEGURO,116,148.29159325946276
SEGURO,117,140.4615209874052
SEGURO,118,137.4717301984153
SEGURO,119,144.94810792914603
SEGURO,120,166.17285920694553
SEGURO,121,142.70449009449533
SEGURO,122,139.64454058007095
SEGURO,123,144.87298223767297
SEGURO,124,161.18330710664853
SEGURO,125,165.98265749226184
SEGURO,126,165.11625047905216
SEGURO,127,155.27312592162806
SEGURO,128,166.4456052223173
SEGURO,129,138.49022930429754
SEGURO,130,150.34443954536368
SEGURO,131,153.84690957131812
SEGURO,132,146.01464268874048
SEGURO,133,146.92350477977863
SEGURO,134,162.15298301414666
SEGURO,135,131.3331430009223
SEGURO,136,147.73734288180364
SEGURO,137,153.40284964673387
SEGURO,138,146.20226575182176
SEGURO,139,160.4318103750155
SEGURO,140,148.6266027773655
SEGURO,141,153.6804163688626
SEGURO,142,168.54701526449847
SEGURO,143,152.49288036232826
SEGURO,144,159.82783812115872
SEGURO,145,152.26705221073468
SEGURO,146,147.9459629924275
SEGURO,147,165.34619806619747
SEGURO,148,148.05464490046597
SEGURO,149,137.10361071968237
SEGURO,150,151.04775273728765
SEGURO,151,137.65559171123516
SEGURO,152,155.9289171049126
SEGURO,153,139.11362964087738
SEGURO,154,149.17118289002374
SEGURO,155,144.74294527139264
SEGURO,156,159.1595487103673
SEGURO,157,144.66794131410566
SEGURO,158,161.81615795483802
SEGURO,159,158.5272614735453
SEGURO,160,150.90293545934423
SEGURO,161,137.76513510241557
SEGURO,162,155.01587247688613
SEGURO,163,151.1383813811073
SEGURO,164,148.30165035867552
SEGURO,165,152.81782849248654
SEGURO,166,159.97151645499565
SEGURO,167,145.92892448071103
SEGURO,168,144.95665937266176
SEGURO,169,125.6113675973783
SEGURO,170,153.608315294415
SEGURO,171,153.55064013295637
SEGURO,172,160.11398070033303
SEGURO,173,143.2329973962373
SEGURO,174,143.65224418686705
SEGURO,175,141.92737048517185
SEGURO,176,156.0150109026721
SEGURO,177,138.93306191267246
SEGURO,178,157.04421380865585
SEGURO,179,161.68308873123712
SEGURO,180,147.42982560376203
SEGURO,181,151.84572809247715
SEGURO,182,145.4022339346472
SEGURO,183,148.56819893344505
SEGURO,184,156.69435723782925
SEGURO,185,143.40521003551154
SEGURO,186,158.59408434076184
SEGURO,187,140.9381218649771
SEGURO,188,147.44611046968964
SEGURO,189,143.81787766828194
SEGURO,190,149.81528704005424
SEGURO,191,156.41155506240335
SEGURO,192,150.4523186262977
SEGURO,193,146.22919399813793
SEGURO,194,169.59133746785588
SEGURO,195,146.92015290684785
SEGURO,196,152.72617529252668
SEGURO,197,143.72185730743118
SEGURO,198,141.62438187290323
SEGURO,199,142.79136205772602
SEGURO,200,142.67366429757664
SEGURO,201,144.22078689990627
SEGURO,202,151.65336650787657
SEGURO,203,141.2997304951784
SEGURO,204,142.3744778453891
SEGURO,205,155.67559776004768
SEGURO,206,145.54525704943205
SEGURO,207,158.47738933310887
SEGURO,208,143.28345466080586
SEGURO,209,155.24220469832846
SEGURO,210,145.1244828091554
SEGURO,211,136.78846737038893
SEGURO,212,145.72582388915697
SEGURO,213,142.3585582737795
SEGURO,214,154.21320829358683
SEGURO,215,142.60702496952536
SEGURO,216,154.0850822084915
SEGURO,217,157.43091610136136
SEGURO,218,140.32518009698484
SEGURO,219,155.96850540893496
SEGURO,220,150.84020739416925
SEGURO,221,155.70756119555483
SEGURO,222,149.2933886343886
SEGURO,223,143.0723245490416
SEGURO,224,164.0945903757317
SEGURO,225,160.0026560315894
SEGURO,226,138.18204768786902
SEGURO,227,144.9531005780299
SEGURO,228,157.71716886884164
SEGURO,229,151.5602778269956
SEGURO,230,154.63774568005323
SEGURO,231,160.9681644343378
SEGURO,232,134.47203566252003
SEGURO,233,157.55587552096225
SEGURO,234,142.677481160595
SEGURO,235,155.5266744344479
SEGURO,236,152.68888487294277
SEGURO,237,147.62419488539132
SEGURO,238,144.79807291420536
SEGURO,239,130.6355653448547
SEGURO,240,136.10272737929432
SEGURO,241,163.56526788430745
SEGURO,242,149.2368843523192
SEGURO,243,147.83261655419807
SEGURO,244,148.25535375959709
SEGURO,245,150.33135751532683
SEGURO,246,152.09904615842424
SEGURO,247,149.46011762052112
SEGURO,248,149.84141104370693
SEGURO,249,146.75173418769333
SEGURO,250,134.76526364180674
SEGURO,251,146.96203293461636
SEGURO,252,145.79459167816572
SEGURO,253,152.30841075598659
SEGURO,254,148.653139808034
SEGURO,255,148.92497347301418
SEGURO,256,149.84723154690295
SEGURO,257,152.33244261306805
SEGURO,258,140.6214858100518
SEGURO,259,154.1178827060468
SEGURO,260,149.8767925375406
SEGURO,261,152.9150796409562
SEGURO,262,144.67519117641538
SEGURO,263,156.0706483514411
SEGURO,264,127.11592424370511
SEGURO,265,158.35723230969145
SEGURO,266,149.29771805699005
SEGURO,267,162.09075899593924
SEGURO,268,147.2108547822625
SEGURO,269,159.17014730819534
SEGURO,270,144.29229686754678
SEGURO,271,156.7774483556465
SEGURO,272,149.05257527244544
SEGURO,273,140.98491284367736
SEGURO,274,154.81691143802064
SEGURO,275,165.4687068704733
SEGURO,276,151.28970757213514
SEGURO,277,165.0139886761749
SEGURO,278,143.7600209812153
SEGURO,279,151.1560725267897
SEGURO,280,154.45737080863944
SEGURO,281,141.81472370159153
SEGURO,282,152.43099549024197
SEGURO,283,144.74493723370938
SEGURO,284,135.1599890895857
SEGURO,285,145.441270213352
SEGURO,286,154.16865507985534
SEGURO,287,139.8326402333319
SEGURO,288,154.27361984350748
SEGURO,289,141.8143006904746
SEGURO,290,167.61378907736736
SEGURO,291,134.04605234921226
SEGURO,292,150.93084257180652
SEGURO,293,155.38164197859172
SEGURO,294,148.19954948506677
SEGURO,295,140.9976209968189
SEGURO,296,147.95352226843016
SEGURO,297,156.93995833072034
SEGURO,298,144.56587772448125
SEGURO,299,133.58270519446654
SEGURO,300,153.21961370547515
SEGURO,301,162.55346998757923
SEGURO,302,146.8300924100399
SEGURO,303,145.61412425132383
SEGURO,304,153.45482279447214
SEGURO,305,142.2490353287096
SEGURO,306,147.78388714745253
SEGURO,307,157.26406659206714
SEGURO,308,154.31186232537655
SEGURO,309,151.9746491545603
SEGURO,310,141.5922490237343
SEGURO,311,139.10832997527902
SEGURO,312,133.7594478554251
SEGURO,313,155.96430696370865
SEGURO,314,150.09627285752893
SEGURO,315,154.23550997792117
SEGURO,316,173.1570439813829
SEGURO,317,140.3418565915086
SEGURO,318,131.30791735290907
SEGURO,319,163.62472326248624
SEGURO,320,138.43558542258444
SEGURO,321,153.8534301129102
SEGURO,322,154.3311642222378
SEGURO,323,147.0323061938539
SEGURO,324,168.2919334075202
SEGURO,325,144.335841171203
SEGURO,326,161.5306380358255
SEGURO,327,159.70957204938472
SEGURO,328,133.1370367217651
SEGURO,329,156.44144444993333
SEGURO,330,152.8340623806961
SEGURO,331,148.58172597609237
SEGURO,332,146.15227323329916
SEGURO,333,154.01904292024128
SEGURO,334,149.46365886819368
SEGURO,335,140.99674584263227
SEGURO,336,146.02252656884752
SEGURO,337,156.8535484123108
SEGURO,338,153.7136134089482
SEGURO,339,153.16692818986397
SEGURO,340,149.81723384486185
SEGURO,341,166.13573432532087
SEGURO,342,149.32314255522925
SEGURO,343,140.7926808997872
SEGURO,344,127.94358873482818
SEGURO,345,137.04347677722848
SEGURO,346,153.04354251340118
SEGURO,347,148.40335030811417
SEGURO,348,159.15640081007234
SEGURO,349,156.92426176713258
SEGURO,350,135.91794325534653
SEGURO,351,141.36069480626765
SEGURO,352,160.09554800424215
SEGURO,353,163.93618539854617
SEGURO,354,147.78484003523232
SEGURO,355,143.87958299518218
SEGURO,356,142.2952446996598
SEGURO,357,161.42062648911306
SEGURO,358,151.5248262601707
SEGURO,359,161.60739695184174
SEGURO,360,128.71914191651047
SEGURO,361,163.46669962450727
SEGURO,362,140.2178330674583
SEGURO,363,154.71806651993546
SEGURO,364,150.5254606480527
SEGURO,365,152.81288730904527
SEGURO,366,145.09836722564046
SEGURO,367,168.12387008076655
SEGURO,368,150.38601104131766
SEGURO,369,156.9664355085787
SEGURO,370,158.28505388046946
SEGURO,371,145.16709135511408
SEGURO,372,155.1827671994646
SEGURO,373,148.3330711612574
SEGURO,374,146.85267982416164
SEGURO,375,146.23448939185727
SEGURO,376,155.66644009124713
SEGURO,377,168.39609703677942
SEGURO,378,153.66628482804816
SEGURO,379,138.39639422607817
SEGURO,380,146.09531997100132
SEGURO,381,141.8475596116533
SEGURO,382,154.67625531167863
SEGURO,383,136.76232009482615
SEGURO,384,154.70960318281323
SEGURO,385,150.49503380846156
SEGURO,386,157.3500409698372
SEGURO,387,150.59908538302327
SEGURO,388,137.66438395478244
SEGURO,389,148.12693645674332
SEGURO,390,157.7188996214846
SEGURO,391,154.4497861488906
SEGURO,392,140.49848741364963
SEGURO,393,159.64567371504143
SEGURO,394,152.54583238396793
SEGURO,395,151.74618967132713
SEGURO,396,148.80958837481347
SEGURO,397,154.4111283740144
SEGURO,398,137.23665422751955
SEGURO,399,154.8257354923258
SEGURO,400,148.16806328669423
SEGURO,401,148.1740085653972
SEGURO,402,138.8980617804174
SEGURO,403,151.9396512937641
SEGURO,404,156.58458365350975
SEGURO,405,158.44471927745786
SEGURO,406,158.59551704712612
SEGURO,407,152.85207471937275
SEGURO,408,143.4627552987854
SEGURO,409,151.84976766407513
SEGURO,410,156.16772042540128
SEGURO,411,137.1876707763403
SEGURO,412,162.68880910003213
SEGURO,413,143.330053603068
SEGURO,414,135.87180230617943
SEGURO,415,139.5819000229175
SEGURO,416,146.92265152305015
SEGURO,417,151.03439625983393
SEGURO,418,151.04712482370462
SEGURO,419,146.97097407779282
SEGURO,420,152.65463009084112
SEGURO,421,141.98381354670556
SEGURO,422,157.9135492597129
SEGURO,423,138.49782592602662
SEGURO,424,149.22652796576548
SEGURO,425,163.72219058885338
SEGURO,426,166.33727131555986
SEGURO,427,171.44398087127948
SEGURO,428,159.47914575598702
SEGURO,429,165.94723047855476
SEGURO,430,148.82485041193377
SEGURO,431,153.31071546417525
SEGURO,432,145.87568896931865
SEGURO,433,151.46119515138523
SEGURO,434,149.01180558842435
SEGURO,435,164.92249298719148
SEGURO,436,167.36512174541664
SEGURO,437,149.5109161482651
SEGURO,438,146.0016904341469
SEGURO,439,150.29981107494376
SEGURO,440,163.23540835572842
SEGURO,441,144.99020959025563
SEGURO,442,152.14866709437877
SEGURO,443,147.69746086406508
SEGURO,444,150.249049967422
SEGURO,445,152.08574331970522
SEGURO,446,154.47776681843465
SEGURO,447,152.2626868113486
SEGURO,448,170.19244845553928
SEGURO,449,140.28869063815176
SEGURO,450,157.133869338945
SEGURO,451,155.97732546065467
SEGURO,452,156.09748855444926
SEGURO,453,158.37219406087317
SEGURO,454,152.33183285558738
SEGURO,455,147.43057729079516
SEGURO,456,156.04598744056756
SEGURO,457,144.81085145705555
SEGURO,458,153.26656308145704
SEGURO,459,137.46235397520974
SEGURO,460,134.6760733215244
SEGURO,461,138.9542128335538
SEGURO,462,147.86367948752832
SEGURO,463,148.84540431009023
SEGURO,464,151.26710645212896
SEGURO,465,136.98292952640662
SEGURO,466,154.3608672391051
SEGURO,467,139.64918324265045
SEGURO,468,150.6207517386214
SEGURO,469,151.86537817424008
SEGURO,470,148.0588876737452
SEGURO,471,141.8936144080291
SEGURO,472,149.16362789120095
SEGURO,473,147.2896298327724
SEGURO,474,147.4196821505296
SEGURO,475,166.37254182425093
SEGURO,476,152.56455956969583
SEGURO,477,159.26350050458908
SEGURO,478,155.16720037602224
SEGURO,479,148.83200988550985
SEGURO,480,148.31841527925073
SEGURO,481,155.37055878942704
SEGURO,482,159.26554274293835
SEGURO,483,150.16482772212208
SEGURO,484,146.79460266677563
SEGURO,485,154.06245851269335
SEGURO,486,155.3198296583796
SEGURO,487,154.38726979249964
SEGURO,488,146.63290472614761
SEGURO,489,152.29784205241208
SEGURO,490,131.08063191961492
SEGURO,491,148.41702141463463
SEGURO,492,143.45800607672862
SEGURO,493,148.45549235735183
SEGURO,494,156.78233678045106
SEGURO,495,150.1541561522354
SEGURO,496,168.91745409769337
SEGURO,497,154.09250560315488
SEGURO,498,153.18274263773316
SEGURO,499,139.15298836183942
SEGURO,500,146.70810084741225
SEGURO,501,142.71273312303703
SEGURO,502,147.79261284673356
SEGURO,503,137.64389496271758
SEGURO,504,140.96662492813536
SEGURO,505,163.2968870863483
SEGURO,506,144.28470419944574
SEGURO,507,130.57232904601247
SEGURO,508,132.7617616534207
SEGURO,509,155.06777167795298
SEGURO,510,134.41970502075165
SEGURO,511,138.51812802113898
SEGURO,512,146.71208684141453
SEGURO,513,138.43790058769326
SEGURO,514,153.13223265967915
SEGURO,515,163.9755583209447
SEGURO,516,139.5931289847203
SEGURO,517,139.16376801880608
SEGURO,518,146.33477941155374
SEGURO,519,154.7305343699459
SEGURO,520,145.8468011085534
SEGURO,521,147.4363533071932
SEGURO,522,139.3901873357359
SEGURO,523,146.16807552343528
SEGURO,524,161.82813316182663
SEGURO,525,153.41206490094766
SEGURO,526,166.94230193514173
SEGURO,527,165.05285753574464
SEGURO,528,160.96295808285916
SEGURO,529,151.32865980373936
SEGURO,530,140.36225171615
SEGURO,531,141.7881915146721
SEGURO,532,169.76573265325035
SEGURO,533,138.36496863831397
SEGURO,534,141.45743820978558
SEGURO,535,146.6972900582813
SEGURO,536,149.8951211583099
SEGURO,537,156.41756598675505
SEGURO,538,158.9380961097729
SEGURO,539,139.25567502350597
SEGURO,540,148.6732365276202
SEGURO,541,146.8910356125224
SEGURO,542,143.47293270534146
SEGURO,543,153.47018884735257
SEGURO,544,148.80997076532043
SEGURO,545,156.451522457865
SEGURO,546,160.62492012871266
SEGURO,547,154.93380698668943
SEGURO,548,143.17425958333845
SEGURO,549,139.73076724007112
SEGURO,550,154.64175641134392
SEGURO,551,143.9262438311336
SEGURO,552,155.51034860201352
SEGURO,553,159.27438760084897
SEGURO,554,140.5519497543761
SEGURO,555,136.8005965333924
SEGURO,556,156.37883403093505
SEGURO,557,160.14270594467416
SEGURO,558,159.1733505769919
SEGURO,559,140.67358196338338
SEGURO,560,144.69227469580517
SEGURO,561,160.9940090286947
SEGURO,562,157.48260996281115
SEGURO,563,149.34493304108514
SEGURO,564,150.35475506913144
SEGURO,565,147.79129252199
SEGURO,566,156.63554284256097
SEGURO,567,153.97667401749044
SEGURO,568,147.2366336107637
SEGURO,569,149.07946224455836
SEGURO,570,156.18742600356828
SEGURO,571,155.57364460156742
SEGURO,572,144.23977227990633
SEGURO,573,141.16451998715118
SEGURO,574,149.07305367482024
SEGURO,575,156.59729804020606
SEGURO,576,149.97831952279552
SEGURO,577,144.66318440559314
SEGURO,578,139.65159013643574
SEGURO,579,149.76173247495146
SEGURO,580,144.11910933502043
SEGURO,581,161.62505803813187
SEGURO,582,140.62561122452388
SEGURO,583,143.89052478456972
SEGURO,584,134.7401441461694
SEGURO,585,142.45992123885472
SEGURO,586,148.76994888060472
SEGURO,587,164.94484914035442
SEGURO,588,150.22352663525677
SEGURO,589,162.49612274115557
SEGURO,590,146.7622499640072
SEGURO,591,153.09912651625496
SEGURO,592,141.32789262108645
SEGURO,593,145.43148388194405
SEGURO,594,148.0394776776289
SEGURO,595,150.8981978759685
SEGURO,596,147.39691044338733
SEGURO,597,134.04398711483276
SEGURO,598,140.60863800180238
SEGURO,599,151.38722750200813
SEGURO,600,144.59843745933517
SEGURO,601,141.24512128656107
SEGURO,602,159.74298165161238
SEGURO,603,157.97709167147923
SEGURO,604,138.1098970295968
SEGURO,605,153.17666570970573
SEGURO,606,145.49404793465303
SEGURO,607,139.2585069515991
SEGURO,608,140.04078043026695
SEGURO,609,154.8929626298962
SEGURO,610,143.12179765745327
SEGURO,611,154.35039550405247
SEGURO,612,143.61241244414563
SEGURO,613,151.83942467467452
SEGURO,614,146.51228171958002
SEGURO,615,152.90882032377112
SEGURO,616,156.85105540597328
SEGURO,617,148.1374958802891
SEGURO,618,146.51310221544588
SEGURO,619,149.90226153875201
SEGURO,620,133.7513354377906
SEGURO,621,153.65029920296573
SEGURO,622,147.18904133011065
SEGURO,623,139.9856842486249
SEGURO,624,157.9750405267415
SEGURO,625,151.00881635237013
SEGURO,626,153.31246653692236
SEGURO,627,156.96723013149065
SEGURO,628,160.95495115986088
SEGURO,629,150.6045173465018
SEGURO,630,150.30000217197858
SEGURO,631,151.3045452691672
SEGURO,632,157.91194162532844
SEGURO,633,140.47970275192915
SEGURO,634,149.69970005870732
SEGURO,635,141.06360775934917
SEGURO,636,138.30935893468356
SEGURO,637,151.88332659951965
SEGURO,638,149.66182537935268
SEGURO,639,168.94378776918833
SEGURO,640,149.15672028041564
SEGURO,641,163.9850012489136
SEGURO,642,132.65379030699182
SEGURO,643,133.32844030480862
SEGURO,644,143.03259011128884
SEGURO,645,156.33156637485817
SEGURO,646,149.73776099042448
SEGURO,647,148.83492982920816
SEGURO,648,162.6797240231834
SEGURO,649,140.3477749422708
SEGURO,650,148.5254139008398
SEGURO,651,158.90681384795414
SEGURO,652,151.6106899479093
SEGURO,653,158.75745724187664
SEGURO,654,159.87611481194543
SEGURO,655,152.05256928506333
SEGURO,656,148.41882973393734
SEGURO,657,140.6732525263383
SEGURO,658,135.57613755086376
SEGURO,659,145.14200132534293
SEGURO,660,138.20014177138268
SEGURO,661,149.68186015117746
SEGURO,662,154.60251236024703
SEGURO,663,150.4123652232832
SEGURO,664,138.89171507839941
SEGURO,665,164.7763647218598
SEGURO,666,151.9361100878515
SEGURO,667,128.9862531946767
SEGURO,668,154.74787340911595
SEGURO,669,163.0160422118429
SEGURO,670,160.90009191543606
SEGURO,671,146.54166203361982
SEGURO,672,139.36791552912115
SEGURO,673,152.0429537098531
SEGURO,674,151.15256067956142
SEGURO,675,138.60999759203867
SEGURO,676,154.2584480485885
SEGURO,677,145.8267066636074
SEGURO,678,144.29734849896496
SEGURO,679,140.42968428552356
SEGURO,680,147.64848376168294
SEGURO,681,144.23933074684163
SEGURO,682,161.76231827487953
SEGURO,683,139.43503797835538
SEGURO,684,145.90496090135167
SEGURO,685,150.154381032092
SEGURO,686,144.33056546648083
SEGURO,687,144.95246644311408
SEGURO,688,154.47752021176686
SEGURO,689,157.60269667494563
SEGURO,690,156.3259715903993
SEGURO,691,143.2829365139813
SEGURO,692,148.27163824544397
SEGURO,693,149.30642131721837
SEGURO,694,136.64570286933989
SEGURO,695,154.53385454052344
SEGURO,696,169.38015568754827
SEGURO,697,152.92039948450048
SEGURO,698,145.44048966540268
SEGURO,699,152.09522437841264
SEGURO,700,134.8901733502123
SEGURO,701,142.02717848913534
SEGURO,702,146.8415509307544
SEGURO,703,150.38783747910838
SEGURO,704,146.46404406253203
SEGURO,705,154.08342515941584
SEGURO,706,148.21309236794653
SEGURO,707,160.7208750927026
SEGURO,708,155.12598442334593
SEGURO,709,155.29132352142759
SEGURO,710,144.9599594087949
SEGURO,711,141.23617696962123
SEGURO,712,151.05841368925206
SEGURO,713,145.0994356819672
SEGURO,714,147.82471243874517
SEGURO,715,159.74328833301462
SEGURO,716,150.47244519877543
SEGURO,717,154.47780189406953
SEGURO,718,153.23435051450303
SEGURO,719,148.77110359504627
SEGURO,720,141.085212084749
SEGURO,721,145.69546144414787
SEGURO,722,153.20623236466852
SEGURO,723,135.99550898365408
SEGURO,724,152.9826867448395
SEGURO,725,143.7134478805915
SEGURO,726,150.11381491475532
SEGURO,727,154.50979922819823
SEGURO,728,146.88522910682747
SEGURO,729,152.93266901486933
SEGURO,730,148.55729360146915
SEGURO,731,154.30692202681743
SEGURO,732,151.59296691871864
SEGURO,733,148.70545761586317
SEGURO,734,151.5464894991177
SEGURO,735,143.50470368924994
SEGURO,736,165.1592582548692
SEGURO,737,138.0094601409352
SEGURO,738,144.7435665587684
SEGURO,739,138.1298791342133
SEGURO,740,152.35542713879175
SEGURO,741,146.0890700211528
SEGURO,742,148.5917954764841
SEGURO,743,141.6784384464001
SEGURO,744,161.82742610668825
SEGURO,745,148.18912245115666
SEGURO,746,134.1026305551892
SEGURO,747,151.46711812537603
SEGURO,748,137.95063378484323
SEGURO,749,155.7627193449647
SEGURO,750,139.0940078959245
SEGURO,751,134.2559907661391
SEGURO,752,146.50967151871646
SEGURO,753,139.69136215260878
SEGURO,754,152.3950728361637
SEGURO,755,138.0697980379098
SEGURO,756,129.4358848117334
SEGURO,757,162.44568536519964
SEGURO,758,150.1683362037366
SEGURO,759,150.83884316510554
SEGURO,760,143.66636100645292
SEGURO,761,156.48693295043054
SEGURO,762,162.5516829515851
SEGURO,763,139.53795943093948
SEGURO,764,158.88430039854578
SEGURO,765,164.7655156981895
SEGURO,766,152.29306241491688
SEGURO,767,143.87696441191946
SEGURO,768,147.41966898409225
SEGURO,769,142.88366891440205
SEGURO,770,126.54897887551402
SEGURO,771,150.33589051261174
SEGURO,772,155.44459382940735
SEGURO,773,156.75690178096863
SEGURO,774,148.93587076792522
SEGURO,775,155.20848867857958
SEGURO,776,153.31227687764502
SEGURO,777,144.99313651548124
SEGURO,778,156.78491623479854
SEGURO,779,147.13601343500983
SEGURO,780,153.77517583762645
SEGURO,781,152.2215781353972
SEGURO,782,151.66447396818637
SEGURO,783,157.1252575914227
SEGURO,784,144.55357270328977
SEGURO,785,138.75545286782346
SEGURO,786,142.38844674801746
SEGURO,787,158.72743504376655
SEGURO,788,136.51924773499658
SEGURO,789,148.18866605919695
SEGURO,790,147.77839552693092
SEGURO,791,155.63227377683907
SEGURO,792,145.32539169679498
SEGURO,793,151.4656885791888
SEGURO,794,142.57048031377911
SEGURO,795,159.2447221094109
SEGURO,796,153.33196625582835
SEGURO,797,138.95006789882984
SEGURO,798,157.7664175225126
SEGURO,799,152.512312748541
SEGURO,800,158.67899462882957
SEGURO,801,152.44836286744336
SEGURO,802,149.14932219805064
SEGURO,803,154.18630576033667
SEGURO,804,158.5144834842389
SEGURO,805,144.9227424239347
SEGURO,806,149.67639629134024
SEGURO,807,133.1178123017357
SEGURO,808,139.00635792090478
SEGURO,809,160.0778602948074
SEGURO,810,152.44809016359466
SEGURO,811,157.59125497713498
SEGURO,812,142.7891587561496
SEGURO,813,156.86413002444172
SEGURO,814,124.90106644420514
SEGURO,815,140.24459808470095
SEGURO,816,160.73347946317386
SEGURO,817,162.87892185481195
SEGURO,818,150.03969799113156
SEGURO,819,144.43899295274315
SEGURO,820,147.9386122892101
SEGURO,821,151.17886934554184
SEGURO,822,152.96563648159548
SEGURO,823,147.32601323928014
SEGURO,824,155.19554547716288
SEGURO,825,159.54293599635795
SEGURO,826,149.24528276568356
SEGURO,827,148.13457331804003
SEGURO,828,151.3922676212091
SEGURO,829,141.15376093846317
SEGURO,830,150.67270381206205
SEGURO,831,135.47120325883253
SEGURO,832,154.73157039053584
SEGURO,833,156.62073641909217
SEGURO,834,127.82585658737818
SEGURO,835,143.35064633964103
SEGURO,836,156.2612834192273
SEGURO,837,144.15936088529128
SEGURO,838,144.52192836127927
SEGURO,839,147.7220627212194
SEGURO,840,147.80742263327
SEGURO,841,155.03005393783684
SEGURO,842,154.1985143276129
SEGURO,843,154.92224487014695
SEGURO,844,153.44894002425931
SEGURO,845,152.05344050848845
SEGURO,846,131.1774383857678
SEGURO,847,148.63806012901603
SEGURO,848,148.0785577060467
SEGURO,849,151.52979052753298
SEGURO,850,155.54295755709003
SEGURO,851,171.06514029366025
SEGURO,852,140.9763980564963
SEGURO,853,142.8220036117706
SEGURO,854,144.0529621428833
SEGURO,855,146.7998953231573
SEGURO,856,158.28470814326624
SEGURO,857,155.3450717078732
SEGURO,858,150.50114441199622
SEGURO,859,141.04831290172513
SEGURO,860,133.65267502223472
SEGURO,861,159.3014107755193
SEGURO,862,144.15698013715016
SEGURO,863,134.65176350003384
SEGURO,864,142.5287033812537
SEGURO,865,145.0935418866619
SEGURO,866,127.5716089768976
SEGURO,867,143.57750798744934
SEGURO,868,138.07361823423608
SEGURO,869,151.246575885073
SEGURO,870,150.86841702177423
SEGURO,871,164.40465246606487
SEGURO,872,140.65841366182596
SEGURO,873,136.5101329729991
SEGURO,874,167.65515636112855
SEGURO,875,154.23458980908057
SEGURO,876,146.62520030797307
SEGURO,877,136.29196981877888
SEGURO,878,154.41384645584114
SEGURO,879,141.2569233499322
SEGURO,880,148.6263731188939
SEGURO,881,152.62471603060604
SEGURO,882,143.0544462907599
SEGURO,883,157.9628756097415
SEGURO,884,126.9044604742988
SEGURO,885,135.0517431333359
SEGURO,886,160.74388648450196
SEGURO,887,138.43359046387027
SEGURO,888,150.699837027146
SEGURO,889,153.07431262990104
SEGURO,890,147.1911159164218
SEGURO,891,153.29509456961569
SEGURO,892,139.76027839601326
SEGURO,893,145.5922227511257
SEGURO,894,149.74985827218984
SEGURO,895,135.18215381358783
SEGURO,896,148.08003215975722
SEGURO,897,145.20210062264715
SEGURO,898,148.7717002250031
SEGURO,899,154.2221923407095
SEGURO,900,142.83073335513768
SEGURO,901,157.2449719709252
SEGURO,902,152.22987618904344
SEGURO,903,147.82401268270107
SEGURO,904,147.20249736114755
SEGURO,905,154.06368305111891
SEGURO,906,132.99839160427433
SEGURO,907,151.2456286496707
SEGURO,908,144.89174520261986
SEGURO,909,143.66231577415678
SEGURO,910,140.8215163942304
SEGURO,911,143.30901529722902
SEGURO,912,161.53139452137444
SEGURO,913,142.78452336286355
SEGURO,914,149.67652221515797
SEGURO,915,154.23982834903669
SEGURO,916,143.05688114644332
SEGURO,917,166.13925970410006
SEGURO,918,150.65286593814318
SEGURO,919,147.71325189010216
SEGURO,920,139.53813655114007
SEGURO,921,146.10693583006034
SEGURO,922,150.68845994206387
SEGURO,923,148.48565358566853
SEGURO,924,148.21274192195446
SEGURO,925,148.15466646368048
SEGURO,926,142.16501415914263
SEGURO,927,149.34522620018402
SEGURO,928,147.02401772853503
SEGURO,929,151.76191568883627
SEGURO,930,155.00335233137199
SEGURO,931,147.638628283938
SEGURO,932,163.9101017917389
SEGURO,933,142.64565903816714
SEGURO,934,160.3141921431083
SEGURO,935,149.22128190530321
SEGURO,936,150.48075855272756
SEGURO,937,146.42428139647078
SEGURO,938,145.94258205084833
SEGURO,939,151.81021965296745
SEGURO,940,144.5316657717216
SEGURO,941,148.75192989778975
SEGURO,942,153.10685487940887
SEGURO,943,156.8733020322357
SEGURO,944,157.38433164667984
SEGURO,945,144.95215495262588
SEGURO,946,148.9123375255934
SEGURO,947,137.002615869294
SEGURO,948,136.56866010747146
SEGURO,949,139.3890778674842
SEGURO,950,144.20617581991624
SEGURO,951,153.73043303609597
SEGURO,952,149.9266928727571
SEGURO,953,157.31381938624986
SEGURO,954,144.5716319902966
SEGURO,955,127.93937785316581
SEGURO,956,136.82860479861782
SEGURO,957,144.3603624574338
SEGURO,958,141.5555326694204
SEGURO,959,150.9972385117062
SEGURO,960,168.6790414165648
SEGURO,961,151.22044033687496
SEGURO,962,139.44711725026673
SEGURO,963,128.43020292703972
SEGURO,964,154.94646814262578
SEGURO,965,164.96621266983226
SEGURO,966,142.67138947870893
SEGURO,967,144.78993004327702
SEGURO,968,144.9419071904796
SEGURO,969,143.00206313482678
SEGURO,970,164.1016283595459
SEGURO,971,145.76334385035003
SEGURO,972,138.10582655658783
SEGURO,973,153.78760514009844
SEGURO,974,139.6444724207919
SEGURO,975,147.91693877856534
SEGURO,976,149.41978685593605
SEGURO,977,153.71763065852548
SEGURO,978,136.21455539357078
SEGURO,979,143.60317218985898
SEGURO,980,150.74020249103597
SEGURO,981,151.04789439575993
SEGURO,982,143.15152145188782
SEGURO,983,148.5216603104353
SEGURO,984,145.90614082516603
SEGURO,985,163.8989076372156
SEGURO,986,155.95450862159836
SEGURO,987,162.06502918626495
SEGURO,988,147.82809736114854
SEGURO,989,134.46045264638067
SEGURO,990,147.9692136920256
SEGURO,991,145.23266904783813
SEGURO,992,153.26197820665973
SEGURO,993,155.77767265149197
SEGURO,994,153.40266931882965
SEGURO,995,150.44303741896806
SEGURO,996,152.93720983666998
SEGURO,997,146.71979809691896
SEGURO,998,148.08119074170764
SEGURO,999,146.424192737714
SEGURO,1000,150.00147311900213
SEGURO,1001,162.04252458641457
SEGURO,1002,155.88926854680545
SEGURO,1003,152.51688624463182
SEGURO,1004,147.1681489834947
SEGURO,1005,142.01052174512324
SEGURO,1006,159.73391182778417
SEGURO,1007,137.6932856883915
SEGURO,1008,158.0266283064768
SEGURO,1009,171.23808765644597
SEGURO,1010,155.61034041080143
SEGURO,1011,137.0934512204058
SEGURO,1012,154.51023345262635
SEGURO,1013,146.135637818544
SEGURO,1014,131.64953488220704
SEGURO,1015,159.6362388073449
SEGURO,1016,154.3307068228022
SEGURO,1017,147.8861810447668
SEGURO,1018,146.69503678148632
SEGURO,1019,142.24988097700592
SEGURO,1020,146.7162335203267
SEGURO,1021,161.7167994094349
SEGURO,1022,146.50612078218757
SEGURO,1023,156.38927623231564
SEGURO,1024,131.95254113875785
SEGURO,1025,156.20494918811096
SEGURO,1026,158.00916761227856
SEGURO,1027,144.36695538904277
SEGURO,1028,162.50846815363383
SEGURO,1029,146.19338109272147
SEGURO,1030,159.4363428463313
SEGURO,1031,138.90588724232026
SEGURO,1032,158.7157873809415
SEGURO,1033,136.6307724441592
SEGURO,1034,159.85855450789597
SEGURO,1035,153.27584611398848
SEGURO,1036,147.1593065737861
SEGURO,1037,139.76018532225845
SEGURO,1038,167.19511168872674
SEGURO,1039,149.31839027964637
SEGURO,1040,149.040120996601
SEGURO,1041,149.7967216846676
SEGURO,1042,142.06567808387857
SEGURO,1043,140.9702574869307
SEGURO,1044,149.57183908867262
SEGURO,1045,147.11119605867464
SEGURO,1046,143.91019578840178
SEGURO,1047,150.66787922767568
SEGURO,1048,153.54855590377
SEGURO,1049,153.45015688528179
SEGURO,1050,150.75133661979825
SEGURO,1051,149.02213752634393
SEGURO,1052,150.20507004300768
SEGURO,1053,164.08630367645358
SEGURO,1054,158.1860590021214
SEGURO,1055,140.49717958427885
SEGURO,1056,152.83311550064477
SEGURO,1057,146.07825513331647
SEGURO,1058,134.3542505751484
SEGURO,1059,142.0287234353862
SEGURO,1060,151.33670658087655
SEGURO,1061,141.23814763527952
SEGURO,1062,157.40553645870557
SEGURO,1063,145.13655311301818
SEGURO,1064,153.49712451986142
SEGURO,1065,140.31135323174058
SEGURO,1066,157.03890157978765
SEGURO,1067,126.86069587935498
SEGURO,1068,149.19427594629383
SEGURO,1069,170.6451510916672
SEGURO,1070,161.55581831512487
SEGURO,1071,146.75487481224442
SEGURO,1072,137.64257141231826
SEGURO,1073,156.94335173615295
SEGURO,1074,149.19657430503457
SEGURO,1075,135.35865063455228
SEGURO,1076,148.66245837855791
SEGURO,1077,157.28140152642325
SEGURO,1078,144.27765975576327
SEGURO,1079,141.61995045393076
SEGURO,1080,140.44123933823406
SEGURO,1081,151.83560142506053
SEGURO,1082,157.2019483704025
SEGURO,1083,144.35403422142522
SEGURO,1084,148.29323429047352
SEGURO,1085,150.23244920634684
SEGURO,1086,140.03312263171787
SEGURO,1087,139.94667904540105
SEGURO,1088,150.72431244365367
SEGURO,1089,128.40472318333778
SEGURO,1090,148.3422171876698
SEGURO,1091,147.33863085613268
SEGURO,1092,144.91104503740996
SEGURO,1093,149.84756127863866
SEGURO,1094,154.23537956416774
SEGURO,1095,150.1901258743735
SEGURO,1096,148.91442712869028
SEGURO,1097,152.41160134865171
SEGURO,1098,129.88921340324802
SEGURO,1099,142.20492444654883
SEGURO,1100,150.9653450074594
SEGURO,1101,150.1071087021203
SEGURO,1102,137.3280004445704
SEGURO,1103,149.60710404105393
SEGURO,1104,148.12245370317729
SEGURO,1105,149.0802228928794
SEGURO,1106,148.6106833114813
SEGURO,1107,141.90489999942278
SEGURO,1108,148.7973903038077
SEGURO,1109,166.58085191579238
SEGURO,1110,134.11908852209365
SEGURO,1111,158.8761322449628
SEGURO,1112,146.31360558220933
SEGURO,1113,138.1055397462125
SEGURO,1114,140.3465491643543
SEGURO,1115,150.26789210264047
SEGURO,1116,160.10901621179346
SEGURO,1117,159.33237131495872
SEGURO,1118,148.74853315285006
SEGURO,1119,148.93212297841237
SEGURO,1120,135.23535164756277
SEGURO,1121,164.60203245012687
SEGURO,1122,142.16250499813896
SEGURO,1123,155.11842806858758
SEGURO,1124,130.30921539198232
SEGURO,1125,139.36554824388375
SEGURO,1126,146.82826593040636
SEGURO,1127,152.51130327441027
SEGURO,1128,148.76567067279294
SEGURO,1129,141.66928141678068
SEGURO,1130,151.19484599609785
SEGURO,1131,166.94506209481082
SEGURO,1132,163.15047442389138
SEGURO,1133,153.25366670470294
SEGURO,1134,146.9817733978232
SEGURO,1135,150.12687110954585
SEGURO,1136,159.45494035946615
SEGURO,1137,146.81045863947836
SEGURO,1138,154.61644602335144
SEGURO,1139,143.1715442008197
SEGURO,1140,148.68181757961077
SEGURO,1141,159.01148447229497
SEGURO,1142,153.01873375839654
SEGURO,1143,148.74775497746862
SEGURO,1144,144.47065023400978
SEGURO,1145,152.2940459365622
SEGURO,1146,149.1754673651834
SEGURO,1147,147.3793047081266
SEGURO,1148,158.8515042316176
SEGURO,1149,163.9344751358899
SEGURO,1150,144.9078209184987
SEGURO,1151,145.5121818504837
SEGURO,1152,137.34251488333274
SEGURO,1153,146.11253764208897
SEGURO,1154,154.85368684891122
SEGURO,1155,143.84245648494598
SEGURO,1156,142.3127275085747
SEGURO,1157,145.440002023511
SEGURO,1158,155.50623169828359
SEGURO,1159,142.18154966559473
SEGURO,1160,149.05303329476203
SEGURO,1161,143.90117056099652
SEGURO,1162,139.84556202979985
SEGURO,1163,128.16566511927456
SEGURO,1164,150.1036164830802
SEGURO,1165,138.91498499074257
SEGURO,1166,138.7661092456911
SEGURO,1167,159.15927509705028
SEGURO,1168,143.6570295324946
SEGURO,1169,143.71375000105635
SEGURO,1170,153.3127538767644
SEGURO,1171,137.50912764811386
SEGURO,1172,141.89677026396595
SEGURO,1173,155.0429618603785
SEGURO,1174,166.47756367612232
SEGURO,1175,157.9998255978292
SEGURO,1176,134.6128219898077
SEGURO,1177,146.40597815985907
SEGURO,1178,144.02670228833384
SEGURO,1179,161.8869142244933
SEGURO,1180,154.87894419518733
SEGURO,1181,149.3471055868639
SEGURO,1182,144.10713981818947
SEGURO,1183,159.77252459312362
SEGURO,1184,157.98364544815024
SEGURO,1185,137.67055007051013
SEGURO,1186,141.67240906794552
SEGURO,1187,161.2934304299455
SEGURO,1188,141.0427071944339
SEGURO,1189,157.2973337683987
SEGURO,1190,165.5115855840204
SEGURO,1191,138.30195130383083
SEGURO,1192,150.90181313656242
SEGURO,1193,169.13832743407178
SEGURO,1194,147.6592890880693
SEGURO,1195,150.0906218208904
SEGURO,1196,141.73333553361348
SEGURO,1197,149.84484130083615
SEGURO,1198,151.94347561103658
SEGURO,1199,144.03902838992389
SEGURO,1200,145.58239306562794
SEGURO,1201,154.37813097055317
SEGURO,1202,150.00911166259155
SEGURO,1203,138.2774285070435
SEGURO,1204,151.26169314061764
SEGURO,1205,151.01828336181626
SEGURO,1206,150.8262037057056
SEGURO,1207,154.45858470588476
SEGURO,1208,151.19499595465575
SEGURO,1209,149.74754890988785
SEGURO,1210,152.29196661838313
SEGURO,1211,158.92423991347414
SEGURO,1212,157.9109192087677
SEGURO,1213,160.39006401568633
SEGURO,1214,148.34509530594988
SEGURO,1215,155.01043482263114
SEGURO,1216,144.26739179653464
SEGURO,1217,142.76909041235024
SEGURO,1218,126.79708718956202
SEGURO,1219,151.80749461570127
SEGURO,1220,157.33611148526347
SEGURO,1221,120.05984014646963
SEGURO,1222,139.5185361824648
SEGURO,1223,140.42728408418273
SEGURO,1224,150.26148498672927
SEGURO,1225,141.50488685424313
SEGURO,1226,141.05025066874327
SEGURO,1227,136.40679051223398
SEGURO,1228,152.5845693051334
SEGURO,1229,144.97584479143487
SEGURO,1230,133.83536761637225
SEGURO,1231,165.82693143199262
SEGURO,1232,156.7568921254635
SEGURO,1233,165.263190834896
SEGURO,1234,143.4387527795447
SEGURO,1235,154.30057672846428
SEGURO,1236,153.9548125484939
SEGURO,1237,151.9487406698386
SEGURO,1238,154.63091288915913
SEGURO,1239,140.56234996744496
SEGURO,1240,141.84753090237731
SEGURO,1241,160.3963463887015
SEGURO,1242,145.14803102236982
SEGURO,1243,166.57825389156483
SEGURO,1244,161.0093826950203
SEGURO,1245,149.86834319324137
SEGURO,1246,132.91685731746801
SEGURO,1247,129.89672485965298
SEGURO,1248,151.73536732778845
SEGURO,1249,159.29101378864542
SEGURO,1250,159.36416473472661
SEGURO,1251,147.85778471179603
SEGURO,1252,141.18971274610638
SEGURO,1253,155.806977151909
SEGURO,1254,165.06011243868477
SEGURO,1255,149.06580955494752
SEGURO,1256,149.52101461878473
SEGURO,1257,138.33457285890734
SEGURO,1258,165.61393576330397
SEGURO,1259,130.79847453482768
SEGURO,1260,145.11447094761382
SEGURO,1261,143.86772953617808
SEGURO,1262,151.49786996956087
SEGURO,1263,161.41956067261034
SEGURO,1264,138.7804611950477
SEGURO,1265,152.27022655951947
SEGURO,1266,144.02261530624122
SEGURO,1267,150.48376265392614
SEGURO,1268,147.11799352564603
SEGURO,1269,163.43685145206433
SEGURO,1270,149.73971477144445
SEGURO,1271,152.01076379679606
SEGURO,1272,154.02784771734414
SEGURO,1273,136.2475531839655
SEGURO,1274,142.36239676464817
SEGURO,1275,152.2192487882817
SEGURO,1276,149.59117593062805
SEGURO,1277,153.53189578737982
SEGURO,1278,141.26867257746534
SEGURO,1279,149.00532517052525
SEGURO,1280,147.6633807443087
SEGURO,1281,149.06168438503366
SEGURO,1282,140.85217120585423
SEGURO,1283,134.50622186393176
SEGURO,1284,140.7153803851972
SEGURO,1285,146.56665288809822
SEGURO,1286,146.98256581179828
SEGURO,1287,162.87548620300876
SEGURO,1288,138.55336049248092
SEGURO,1289,159.34867188197765
SEGURO,1290,138.44731231062764
SEGURO,1291,146.3184326505215
SEGURO,1292,141.56269392142823
SEGURO,1293,144.7141310702564
SEGURO,1294,132.145096763556
SEGURO,1295,137.2148446571326
SEGURO,1296,156.7266037663793
SEGURO,1297,142.88089333643242
SEGURO,1298,138.60008901805094
SEGURO,1299,147.61671302356137
SEGURO,1300,145.49498701440325
SEGURO,1301,153.83089414630444
SEGURO,1302,152.23763108988692
SEGURO,1303,146.60592064806374
SEGURO,1304,150.04427370220688
SEGURO,1305,167.756682332672
SEGURO,1306,150.79650484061693
SEGURO,1307,153.10891866472937
SEGURO,1308,157.4434691866549
SEGURO,1309,167.6693510251625
SEGURO,1310,152.93394091675992
SEGURO,1311,151.18802295659148
SEGURO,1312,156.3029446230536
SEGURO,1313,147.32596341006263
SEGURO,1314,162.79729825505086
SEGURO,1315,140.84582802215934
SEGURO,1316,152.0904241919472
SEGURO,1317,157.68696734372452
SEGURO,1318,154.41125516700345
SEGURO,1319,136.72053374091996
SEGURO,1320,137.49067480565589
SEGURO,1321,156.5120870384445
SEGURO,1322,148.73709847503795
SEGURO,1323,136.6660723342187
SEGURO,1324,152.4706669971423
SEGURO,1325,151.52379783158824
SEGURO,1326,146.89010035596408
SEGURO,1327,160.19511438859595
SEGURO,1328,144.28703496252376
SEGURO,1329,150.924965887597
SEGURO,1330,168.25446606202428
SEGURO,1331,152.95893105063345
SEGURO,1332,156.24761100843017
SEGURO,1333,138.1781758649191
SEGURO,1334,155.71944708246284
SEGURO,1335,150.63303694858212
SEGURO,1336,137.11329404712725
SEGURO,1337,153.8982717122178
SEGURO,1338,146.16405928204108
SEGURO,1339,151.95977585949987
SEGURO,1340,152.4403342665572
SEGURO,1341,135.93002638264574
SEGURO,1342,161.47053986135086
SEGURO,1343,140.96388591292492
SEGURO,1344,155.07640129188442
SEGURO,1345,159.96919351668777
SEGURO,1346,156.64347066202666
SEGURO,1347,150.07961020734348
SEGURO,1348,144.06425744696622
SEGURO,1349,144.5999394383254
SEGURO,1350,151.03478677556078
SEGURO,1351,144.4285067481678
SEGURO,1352,144.66221100604452
SEGURO,1353,154.10912737581594
SEGURO,1354,153.27202959884673
SEGURO,1355,135.63702044093742
SEGURO,1356,151.2969586413675
SEGURO,1357,164.8116634564494
SEGURO,1358,141.04536566142266
SEGURO,1359,145.43090432130634
SEGURO,1360,160.20368723479507
SEGURO,1361,154.50178107173141
SEGURO,1362,146.21952766505078
SEGURO,1363,149.34502601903088
SEGURO,1364,137.88624764176868
SEGURO,1365,148.34495585492547
SEGURO,1366,143.2949405227711
SEGURO,1367,159.31116040014234
SEGURO,1368,146.04459345511404
SEGURO,1369,147.43382789192452
SEGURO,1370,146.43732614363688
SEGURO,1371,145.79589474655205
SEGURO,1372,159.29558207801657
SEGURO,1373,136.82375751423714
SEGURO,1374,140.37555183637926
SEGURO,1375,145.75081296247822
SEGURO,1376,145.78856821803674
SEGURO,1377,132.12526405961117
SEGURO,1378,138.89510444891664
SEGURO,1379,145.55368379201906
SEGURO,1380,155.97684425289071
SEGURO,1381,139.55927242245838
SEGURO,1382,135.84381124893656
SEGURO,1383,148.87102460120065
SEGURO,1384,140.29677320067717
SEGURO,1385,150.09796461712523
SEGURO,1386,136.8460362532782
SEGURO,1387,149.51374504829806
SEGURO,1388,143.46541833251416
SEGURO,1389,141.79755640119544
SEGURO,1390,131.94984888029023
SEGURO,1391,149.5237684959674
SEGURO,1392,154.22747152759902
SEGURO,1393,138.65408153893063
SEGURO,1394,136.33467162980156
SEGURO,1395,137.0646297908621
SEGURO,1396,149.36748050126545
SEGURO,1397,150.50411596092727
SEGURO,1398,144.3809198215929
SEGURO,1399,134.70528912519586
SEGURO,1400,139.8541133776633
SEGURO,1401,138.92455695406164
SEGURO,1402,154.9290281399596
SEGURO,1403,143.24992498688076
SEGURO,1404,137.47871739690024
SEGURO,1405,154.1660117974095
SEGURO,1406,158.7190291594921
SEGURO,1407,142.48959591638084
SEGURO,1408,139.4550859900778
SEGURO,1409,165.00505079644304
SEGURO,1410,156.49595663447616
SEGURO,1411,171.79719231450855
SEGURO,1412,153.14280214576135
SEGURO,1413,153.2020369239234
SEGURO,1414,163.47109133743527
SEGURO,1415,157.32027246819254
SEGURO,1416,141.1970617532453
SEGURO,1417,147.40644870393126
SEGURO,1418,160.0959598843635
SEGURO,1419,157.35502210107572
SEGURO,1420,158.0829269622021
SEGURO,1421,149.20002364638938
SEGURO,1422,147.5962123179066
SEGURO,1423,141.0593961316613
SEGURO,1424,148.25312059975195
SEGURO,1425,138.7615752798702
SEGURO,1426,150.27734512919028
SEGURO,1427,141.05701853227706
SEGURO,1428,146.35937232337884
SEGURO,1429,150.34967873031863
SEGURO,1430,154.50305949789825
SEGURO,1431,140.14755262970107
SEGURO,1432,143.61223575063167
SEGURO,1433,141.4700786504381
SEGURO,1434,137.79522061899186
SEGURO,1435,159.39664117771218
SEGURO,1436,144.9745828262142
SEGURO,1437,153.91722634493027
SEGURO,1438,141.845069841488
SEGURO,1439,149.6353664459359
SEGURO,1440,144.28527702908656
SEGURO,1441,145.81349204719308
SEGURO,1442,147.44985245364703
SEGURO,1443,150.6046679842536
SEGURO,1444,150.7378932001844
SEGURO,1445,144.57974344346272
SEGURO,1446,150.09058701030546
SEGURO,1447,140.06671181802497
SEGURO,1448,146.0446325889041
SEGURO,1449,149.1642396650882
SEGURO,1450,148.92379762874083
SEGURO,1451,134.227450999704
SEGURO,1452,156.30882027584286
SEGURO,1453,144.86219247200026
SEGURO,1454,156.4967654404441
SEGURO,1455,148.35693639180187
SEGURO,1456,150.41118490432171
SEGURO,1457,156.62055437727517
SEGURO,1458,153.70346192634273
SEGURO,1459,147.58289070455538
SEGURO,1460,158.61586788228928
SEGURO,1461,151.2136837867806
SEGURO,1462,153.89105539627676
SEGURO,1463,145.9609052277277
SEGURO,1464,143.04975287779715
SEGURO,1465,146.31899163187202
SEGURO,1466,159.14175598694877
SEGURO,1467,148.33414631888618
SEGURO,1468,144.73760432878572
SEGURO,1469,157.09331020391323
SEGURO,1470,142.24532759390107
SEGURO,1471,134.94093680742873
SEGURO,1472,148.16412794757412
SEGURO,1473,149.6540642642197
SEGURO,1474,150.2235928172491
SEGURO,1475,145.75488107287336
SEGURO,1476,138.46718348273504
SEGURO,1477,163.1472726999853
SEGURO,1478,159.35475779785352
SEGURO,1479,158.09179596649287
SEGURO,1480,128.69912027755237
SEGURO,1481,144.01799142497904
SEGURO,1482,137.84472082801688
SEGURO,1483,161.97116788107994
SEGURO,1484,131.77644630923976
SEGURO,1485,138.76689881723334
SEGURO,1486,160.29404307122414
SEGURO,1487,159.16237260641213
SEGURO,1488,140.74576270210903
SEGURO,1489,152.94335690924004
SEGURO,1490,152.33056183560169
SEGURO,1491,147.57705027818565
SEGURO,1492,155.26793231848146
SEGURO,1493,153.2292219354573
SEGURO,1494,143.22322026546442
SEGURO,1495,173.389687265611
SEGURO,1496,157.88690713846293
SEGURO,1497,136.73815570702808
SEGURO,1498,144.90826745734503
SEGURO,1499,162.70504870131955
SEGURO,1500,163.2451802267296
SEGURO,1501,156.6124065467813
SEGURO,1502,154.1547625979345
SEGURO,1503,146.96890658189045
SEGURO,1504,155.47487831458406
SEGURO,1505,146.9536422103843
SEGURO,1506,141.47753143224085
SEGURO,1507,134.84498540626973
SEGURO,1508,144.86761835776275
SEGURO,1509,155.70379030428907
SEGURO,1510,151.683170639441
SEGURO,1511,156.35382871279467
SEGURO,1512,151.16488361182422
SEGURO,1513,149.8010722613389
SEGURO,1514,130.13251633130062
SEGURO,1515,146.99880254526903
SEGURO,1516,145.73933458133845
SEGURO,1517,151.00103944385992
SEGURO,1518,156.33192003977317
SEGURO,1519,161.83633084174505
SEGURO,1520,158.32133593607102
SEGURO,1521,143.59302627479238
SEGURO,1522,142.57089250911727
SEGURO,1523,147.59615612844962
SEGURO,1524,155.50380563288715
SEGURO,1525,152.66701678308758
SEGURO,1526,141.55652585652712
SEGURO,1527,149.64732985638574
SEGURO,1528,145.48353387327455
SEGURO,1529,148.71843604705307
SEGURO,1530,138.548202381016
SEGURO,1531,144.89808316627992
SEGURO,1532,141.92213265669199
SEGURO,1533,159.51368766330086
SEGURO,1534,153.13940167824663
SEGURO,1535,161.43252795729785
SEGURO,1536,130.03287972839658
SEGURO,1537,141.9934743111418
SEGURO,1538,140.5484688707614
SEGURO,1539,153.4299773194461
SEGURO,1540,149.6186004088567
SEGURO,1541,144.11946290238242
SEGURO,1542,142.20039480511056
SEGURO,1543,132.25175834123255
SEGURO,1544,136.21697273317218
SEGURO,1545,153.7373083442522
SEGURO,1546,137.77955804617392
SEGURO,1547,154.47058122805132
SEGURO,1548,150.94798298516818
SEGURO,1549,158.05837207931307
SEGURO,1550,145.0475941747548
SEGURO,1551,146.3169995213662
SEGURO,1552,152.94251457289786
SEGURO,1553,150.32481662213175
SEGURO,1554,159.02371796321978
SEGURO,1555,158.5382391112352
SEGURO,1556,155.28182676712984
SEGURO,1557,144.52716365734594
SEGURO,1558,149.56293605831863
SEGURO,1559,148.89080487380645
SEGURO,1560,146.60042788499115
SEGURO,1561,146.65253209584358
SEGURO,1562,150.11421494415367
SEGURO,1563,143.28432145008975
SEGURO,1564,150.5486020579288
SEGURO,1565,148.18243388486187
SEGURO,1566,153.77626901867677
SEGURO,1567,150.10472046739196
SEGURO,1568,162.80047607069767
SEGURO,1569,155.67150217011542
SEGURO,1570,149.37282642250534
SEGURO,1571,139.1977007278477
SEGURO,1572,156.8215506019041
SEGURO,1573,156.3848354142834
SEGURO,1574,142.39232862314876
SEGURO,1575,149.45178360277467
SEGURO,1576,144.3403353912871
SEGURO,1577,147.03925056258788
SEGURO,1578,144.06284296751252
SEGURO,1579,162.17024267542558
SEGURO,1580,145.4958112244437
SEGURO,1581,151.1078200561658
SEGURO,1582,150.24431336908498
SEGURO,1583,143.24702297454687
SEGURO,1584,142.77208369018126
SEGURO,1585,143.01721694518318
SEGURO,1586,145.72293811885004
SEGURO,1587,148.22371429762106
SEGURO,1588,141.5184421439285
SEGURO,1589,139.80933002691376
SEGURO,1590,143.04699493758235
SEGURO,1591,147.83258918724852
SEGURO,1592,149.663394027945
SEGURO,1593,135.51398236467696
SEGURO,1594,155.52673828149466
SEGURO,1595,149.7824699386162
SEGURO,1596,147.9589427501908
SEGURO,1597,153.74813464625575
SEGURO,1598,155.28281821910414
SEGURO,1599,154.86835412221177
SEGURO,1600,143.03394071624842
SEGURO,1601,145.4796723395624
SEGURO,1602,133.94934126271556
SEGURO,1603,157.12913283037832
SEGURO,1604,145.0654149461563
SEGURO,1605,152.8342522980816
SEGURO,1606,133.49692291739507
SEGURO,1607,144.84003504685182
SEGURO,1608,143.84450073431483
SEGURO,1609,151.31570516499363
SEGURO,1610,151.7703178300103
SEGURO,1611,149.55204585364748
SEGURO,1612,137.707058403456
SEGURO,1613,147.91520788072285
SEGURO,1614,153.03110804145453
SEGURO,1615,149.4698241323835
SEGURO,1616,156.03729391689532
SEGURO,1617,153.13631751316632
SEGURO,1618,153.97825174806087
SEGURO,1619,142.53238593209903
SEGURO,1620,141.29140330603616
SEGURO,1621,149.98070961981927
SEGURO,1622,134.07632649221802
SEGURO,1623,139.30961363203173
SEGURO,1624,136.3183604592014
SEGURO,1625,149.53055607889894
SEGURO,1626,148.02481211097364
SEGURO,1627,158.87769869066398
SEGURO,1628,160.16694994861376
SEGURO,1629,152.1053076685879
SEGURO,1630,159.93586611889612
SEGURO,1631,137.16955544923468
SEGURO,1632,144.0021831565338
SEGURO,1633,136.34537007254275
SEGURO,1634,131.42787816000947
SEGURO,1635,141.02269743458754
SEGURO,1636,143.91598884481874
SEGURO,1637,152.9665728827887
SEGURO,1638,151.90063288597952
SEGURO,1639,153.0577652383701
SEGURO,1640,135.9464291128673
SEGURO,1641,151.36906436760972
SEGURO,1642,148.17364847595564
SEGURO,1643,145.0046906324841
SEGURO,1644,147.40806305921916
SEGURO,1645,152.5038334734088
SEGURO,1646,138.62990301368063
SEGURO,1647,143.12137045840979
SEGURO,1648,145.71287245370888
SEGURO,1649,146.72435018059437
SEGURO,1650,146.50476771238226
SEGURO,1651,161.11432230986435
SEGURO,1652,160.5086353812722
SEGURO,1653,144.94291677239232
SEGURO,1654,154.59587568662167
SEGURO,1655,151.82748446712142
SEGURO,1656,143.51188766443414
SEGURO,1657,150.94577879107882
SEGURO,1658,134.90932929750406
SEGURO,1659,153.76669654862
SEGURO,1660,158.17746676809892
SEGURO,1661,135.96811012234502
SEGURO,1662,143.9731914328033
SEGURO,1663,143.4292484286656
SEGURO,1664,149.79569650019468
SEGURO,1665,157.99446856530403
SEGURO,1666,148.72974332319683
SEGURO,1667,155.52028217732254
SEGURO,1668,140.90951582214615
SEGURO,1669,146.5207348526428
SEGURO,1670,134.9081021482076
SEGURO,1671,160.96130592267303
SEGURO,1672,149.9003047946457
SEGURO,1673,145.5595184629122
SEGURO,1674,164.57255366945319
SEGURO,1675,137.5290035836998
SEGURO,1676,159.99010939213738
SEGURO,1677,150.91840330077176
SEGURO,1678,140.983241615216
SEGURO,1679,150.97076776292965
SEGURO,1680,136.17965580388721
SEGURO,1681,140.0484149260304
SEGURO,1682,141.50345995019603
SEGURO,1683,156.54449544724127
SEGURO,1684,152.14226428046067
SEGURO,1685,141.58684925036303
SEGURO,1686,136.39964597699674
SEGURO,1687,135.11577308678457
SEGURO,1688,141.36358421083384
SEGURO,1689,125.0346495107252
SEGURO,1690,143.19132883438925
SEGURO,1691,149.30237912675128
SEGURO,1692,148.28713161912734
SEGURO,1693,150.47011560001337
SEGURO,1694,148.1523936909808
SEGURO,1695,152.4384749306915
SEGURO,1696,143.15930554779044
SEGURO,1697,136.85507975275158
SEGURO,1698,152.98674789446125
SEGURO,1699,136.20524664992394
SEGURO,1700,139.76019975804402
SEGURO,1701,139.89471039106834
SEGURO,1702,140.1854382926537
SEGURO,1703,135.0765491757883
SEGURO,1704,150.1921685133342
SEGURO,1705,164.82917685751843
SEGURO,1706,130.03156215235975
SEGURO,1707,147.02909160318103
SEGURO,1708,156.36055089247543
SEGURO,1709,151.81907737528755
SEGURO,1710,146.985067738008
SEGURO,1711,153.26588734373155
SEGURO,1712,151.723374399405
SEGURO,1713,151.88973238271112
SEGURO,1714,142.6359110979245
SEGURO,1715,141.7516544781433
SEGURO,1716,158.3972322709579
SEGURO,1717,156.2320140057693
SEGURO,1718,156.21143760347113
SEGURO,1719,142.20246796038106
SEGURO,1720,147.30474012226952
SEGURO,1721,149.18535052106995
SEGURO,1722,140.94399301092668
SEGURO,1723,149.18371627727535
SEGURO,1724,150.52820990213118
SEGURO,1725,144.6401633500711
SEGURO,1726,147.100654764306
SEGURO,1727,149.80702575081935
SEGURO,1728,142.70946637510036
SEGURO,1729,149.54908563433796
SEGURO,1730,139.07512692739445
SEGURO,1731,150.15138069072015
SEGURO,1732,145.08413292178142
SEGURO,1733,145.0865961709835
SEGURO,1734,148.09830144437285
SEGURO,1735,148.47463075487613
SEGURO,1736,146.87277680379594
SEGURO,1737,155.1557807756201
SEGURO,1738,141.85350646265093
SEGURO,1739,143.7346320517333
SEGURO,1740,141.91037710577515
SEGURO,1741,142.1644146388917
SEGURO,1742,142.51224243769963
SEGURO,1743,135.24716902625025
SEGURO,1744,147.61511722645815
SEGURO,1745,155.6611562823818
SEGURO,1746,152.76097765614136
SEGURO,1747,143.23118568929138
SEGURO,1748,136.06768847579892
SEGURO,1749,145.44005944808183
SEGURO,1750,149.6810329862002
SEGURO,1751,144.47482270958244
SEGURO,1752,162.54949412925455
SEGURO,1753,131.99378962362474
SEGURO,1754,141.3462404601914
SEGURO,1755,154.36943409856013
SEGURO,1756,142.42591946717795
SEGURO,1757,148.49920935004357
SEGURO,1758,137.34756771539801
SEGURO,1759,144.82123370600226
SEGURO,1760,140.1130408077877
SEGURO,1761,146.9947731737319
SEGURO,1762,147.1124269041374
SEGURO,1763,148.63913459276847
SEGURO,1764,142.0901415825779
SEGURO,1765,148.3519779626241
SEGURO,1766,149.73464598947345
SEGURO,1767,147.9956848713961
SEGURO,1768,157.13352820595995
SEGURO,1769,140.15921377282686
SEGURO,1770,147.06418539951383
SEGURO,1771,153.08141520579144
SEGURO,1772,131.36329863225416
SEGURO,1773,143.85659583719843
SEGURO,1774,151.105158239483
SEGURO,1775,156.75599175747655
SEGURO,1776,152.72080438232533
SEGURO,1777,143.89146625294407
SEGURO,1778,149.499321126504
SEGURO,1779,151.79371253154733
SEGURO,1780,144.40271478165968
SEGURO,1781,148.97412468341318
SEGURO,1782,160.2425825777328
SEGURO,1783,161.41284150348093
SEGURO,1784,140.08553463722993
SEGURO,1785,148.80576252215735
SEGURO,1786,144.7392737980661
SEGURO,1787,137.8216611649588
SEGURO,1788,165.693511424441
SEGURO,1789,156.7364181672675
SEGURO,1790,142.8344876775055
SEGURO,1791,154.7664329356377
SEGURO,1792,160.40929385069586
SEGURO,1793,167.10308189160585
SEGURO,1794,147.85618857954046
SEGURO,1795,149.00904324559775
SEGURO,1796,155.67941710348515
SEGURO,1797,166.67340887970852
SEGURO,1798,137.43159500336316
SEGURO,1799,143.42759381452765
SEGURO,1800,134.71382055402702
SEGURO,1801,155.8166769845282
SEGURO,1802,144.9510930176257
SEGURO,1803,159.02856651643071
SEGURO,1804,153.44570751516807
SEGURO,1805,149.42071358508406
SEGURO,1806,146.34571749978346
SEGURO,1807,150.29534589015435
SEGURO,1808,143.37018506724564
SEGURO,1809,151.72474436133203
SEGURO,1810,126.36669871664213
SEGURO,1811,145.18861127064008
SEGURO,1812,161.0205141284357
SEGURO,1813,157.75140820089365
SEGURO,1814,141.12257633920038
SEGURO,1815,144.99605990881318
SEGURO,1816,139.00847195261832
SEGURO,1817,148.51040997967564
SEGURO,1818,148.78790455802226
SEGURO,1819,150.53451689203584
SEGURO,1820,150.01660678281908
SEGURO,1821,158.99764367771755
SEGURO,1822,143.71194539666277
SEGURO,1823,152.54610188430067
SEGURO,1824,148.2632527673011
SEGURO,1825,140.20056008634856
SEGURO,1826,156.59805200298382
SEGURO,1827,146.28036513528357
SEGURO,1828,148.70384494973396
SEGURO,1829,139.0823034566314
SEGURO,1830,152.08949911525957
SEGURO,1831,147.25349106137944
SEGURO,1832,139.60383335894227
SEGURO,1833,156.17802608780946
SEGURO,1834,149.64341634935727
SEGURO,1835,135.47973201982234
SEGURO,1836,142.18020464315987
SEGURO,1837,163.3677456949458
SEGURO,1838,158.84078047733843
SEGURO,1839,146.11901119148607
SEGURO,1840,159.2614828258946
SEGURO,1841,136.64947268108085
SEGURO,1842,149.85755063729763
SEGURO,1843,147.1952318681438
SEGURO,1844,141.65584545728169
SEGURO,1845,157.7442857671355
SEGURO,1846,162.6180905858371
SEGURO,1847,155.20155821913485
SEGURO,1848,174.7436086759144
SEGURO,1849,148.55572734769373
SEGURO,1850,145.71738636262288
SEGURO,1851,125.71471627119656
SEGURO,1852,151.85846296127525
SEGURO,1853,159.2805593672325
SEGURO,1854,141.9777830846556
SEGURO,1855,148.33387589032188
SEGURO,1856,156.8901455416332
SEGURO,1857,140.60932694761877
SEGURO,1858,143.32131781736956
SEGURO,1859,135.89711099667858
SEGURO,1860,153.74539275990324
SEGURO,1861,132.1580511622636
SEGURO,1862,152.04500317494958
SEGURO,1863,147.6613404920254
SEGURO,1864,146.82229258996645
SEGURO,1865,137.80112912549663
SEGURO,1866,146.40146453279795
SEGURO,1867,133.00086033242678
SEGURO,1868,148.52586922397174
SEGURO,1869,166.37250862894243
SEGURO,1870,128.58835031715392
SEGURO,1871,152.33535773938326
SEGURO,1872,155.07777593864552
SEGURO,1873,139.25043542004764
SEGURO,1874,144.42977522029597
SEGURO,1875,133.06793919105624
SEGURO,1876,146.66916731904695
SEGURO,1877,150.65020818853236
SEGURO,1878,155.18540825450643
SEGURO,1879,155.75284547965086
SEGURO,1880,148.85114086956355
SEGURO,1881,145.673877694927
SEGURO,1882,136.47811952078862
SEGURO,1883,155.84371718117166
SEGURO,1884,148.9452134335156
SEGURO,1885,148.20066319046475
SEGURO,1886,146.26467460136575
SEGURO,1887,152.57609391932482
SEGURO,1888,155.81801825103858
SEGURO,1889,138.7295677394806
SEGURO,1890,147.83980861840013
SEGURO,1891,152.02325633652916
SEGURO,1892,153.59211310784548
SEGURO,1893,151.24721958281478
SEGURO,1894,157.09110162281274
SEGURO,1895,154.40108065212354
SEGURO,1896,142.02087676668373
SEGURO,1897,132.47815039455872
SEGURO,1898,143.87782043577909
SEGURO,1899,153.2100692896055
SEGURO,1900,144.50579326815506
SEGURO,1901,145.7460290651309
SEGURO,1902,153.34381774189742
SEGURO,1903,149.20627121094006
SEGURO,1904,155.18641379418318
SEGURO,1905,151.48487046733248
SEGURO,1906,146.6895529252269
SEGURO,1907,137.8392006753506
SEGURO,1908,150.78267882801833
SEGURO,1909,160.8779460601961
SEGURO,1910,149.64131370392943
SEGURO,1911,156.2087927572248
SEGURO,1912,156.20565980344935
SEGURO,1913,140.0662507663458
SEGURO,1914,156.25765823950493
SEGURO,1915,166.5079317955368
SEGURO,1916,139.26890990052297
SEGURO,1917,150.76986443561168
SEGURO,1918,155.73032601232262
SEGURO,1919,143.1684128788262
SEGURO,1920,160.33603441338326
SEGURO,1921,143.1280428434074
SEGURO,1922,152.78792795483236
SEGURO,1923,137.68022961937402
SEGURO,1924,157.79497547944163
SEGURO,1925,159.9022022517322
SEGURO,1926,144.51900437808945
SEGURO,1927,151.12213286701723
SEGURO,1928,146.3798810159238
SEGURO,1929,149.29315846681328
SEGURO,1930,152.17033626498446
SEGURO,1931,153.75065697803433
SEGURO,1932,156.00467145884167
SEGURO,1933,133.68068257489605
SEGURO,1934,146.8720780927571
SEGURO,1935,144.23427049953435
SEGURO,1936,156.29904236933567
SEGURO,1937,155.1363599286633
SEGURO,1938,143.50458486889156
SEGURO,1939,133.71255227311087
SEGURO,1940,159.04166336814154
SEGURO,1941,152.982245830315
SEGURO,1942,146.622566318002
SEGURO,1943,155.8324541661191
SEGURO,1944,139.41252164678997
SEGURO,1945,149.56347695183194
SEGURO,1946,149.49375731789
SEGURO,1947,154.48537767409624
SEGURO,1948,149.05452633563195
SEGURO,1949,144.23790656661623
SEGURO,1950,156.76007073711787
SEGURO,1951,161.93095241515596
SEGURO,1952,159.80344289362208
SEGURO,1953,145.88222189714128
SEGURO,1954,158.46412818628943
SEGURO,1955,158.68498571608026
SEGURO,1956,148.06113314953714
SEGURO,1957,149.00351907875216
SEGURO,1958,138.4838424644654
SEGURO,1959,152.7378717510701
SEGURO,1960,156.0212392902279
SEGURO,1961,146.99439235782145
SEGURO,1962,135.76548691701646
SEGURO,1963,149.7788151514463
SEGURO,1964,152.47715765006396
SEGURO,1965,148.07606882612313
SEGURO,1966,161.73325257390792
SEGURO,1967,126.57760732895784
SEGURO,1968,142.85181583548845
SEGURO,1969,144.93441183994028
SEGURO,1970,148.25034022622594
SEGURO,1971,142.12344397391635
SEGURO,1972,163.88774674318338
SEGURO,1973,153.04646611229776
SEGURO,1974,131.96166138971435
SEGURO,1975,135.12876213636358
SEGURO,1976,149.11270004246782
SEGURO,1977,153.54652222748626
SEGURO,1978,147.50217396004368
SEGURO,1979,165.44363660541381
SEGURO,1980,128.45848705366885
SEGURO,1981,148.67517199083977
SEGURO,1982,147.36793584887238
SEGURO,1983,143.85280255490605
SEGURO,1984,148.8499809604289
SEGURO,1985,148.8048922820458
SEGURO,1986,139.76044176105495
SEGURO,1987,140.4726823962375
SEGURO,1988,138.90317541433305
SEGURO,1989,153.28225533368007
SEGURO,1990,138.43385322068718
SEGURO,1991,140.42885782810401
SEGURO,1992,144.3908016073241
SEGURO,1993,151.4382286471527
SEGURO,1994,162.3465221015869
SEGURO,1995,149.26287164279157
SEGURO,1996,149.5326720135102
SEGURO,1997,156.05124510672235
SEGURO,1998,151.34398093858454
SEGURO,1999,149.57778096982398
SEGURO,2000,146.35439108968026
SEGURO,2001,150.51314168081743
SEGURO,2002,146.3915919884754
SEGURO,2003,144.75830666807371
SEGURO,2004,143.5981166964012
SEGURO,2005,147.0338211427952
SEGURO,2006,138.43779201576757
SEGURO,2007,139.40461056693488
SEGURO,2008,146.7018227472871
SEGURO,2009,135.8540643294108
SEGURO,2010,142.98721681412806
SEGURO,2011,155.5778228621273
SEGURO,2012,142.72923368338974
SEGURO,2013,149.42990962156185
SEGURO,2014,143.69222429813283
SEGURO,2015,152.88227648051281
SEGURO,2016,141.14333288770436
SEGURO,2017,138.4875534503503
SEGURO,2018,153.60310358684433
SEGURO,2019,155.27858423211273
SEGURO,2020,163.680823870009
SEGURO,2021,151.9839728811673
SEGURO,2022,145.26496921723216
SEGURO,2023,155.4242939036411
SEGURO,2024,156.38113574827926
SEGURO,2025,145.26094333337815
SEGURO,2026,144.04602509290592
SEGURO,2027,145.72808098872088
SEGURO,2028,149.70575622477054
SEGURO,2029,152.35250544856547
SEGURO,2030,156.95940600232925
SEGURO,2031,162.40978844052228
SEGURO,2032,139.2424407527188
SEGURO,2033,151.3413547297925
SEGURO,2034,143.96966315653532
SEGURO,2035,148.41038722344237
SEGURO,2036,149.87874952667667
SEGURO,2037,155.12465010363942
SEGURO,2038,152.36948950099392
SEGURO,2039,153.94366406561073
SEGURO,2040,138.4557800330103
SEGURO,2041,154.31625819971953
SEGURO,2042,141.99604665485475
SEGURO,2043,165.6332091260497
SEGURO,2044,151.33661399554418
SEGURO,2045,154.41152866562146
SEGURO,2046,158.14326116302055
SEGURO,2047,158.34074685551897
SEGURO,2048,158.46187900998814
SEGURO,2049,151.74885861424949
SEGURO,2050,152.70287065845855
SEGURO,2051,158.8001466610842
SEGURO,2052,157.58466184996246
SEGURO,2053,160.997372509571
SEGURO,2054,136.06647622554874
SEGURO,2055,154.38041768323882
SEGURO,2056,136.91893097469108
SEGURO,2057,158.22602691262804
SEGURO,2058,138.0819698441344
SEGURO,2059,153.85932767841592
SEGURO,2060,150.7620892718498
SEGURO,2061,155.17263266599656
SEGURO,2062,144.12383814699373
SEGURO,2063,158.86895011250976
SEGURO,2064,132.70728073896174
SEGURO,2065,146.2864391480081
SEGURO,2066,161.85562337744727
SEGURO,2067,149.2363223971388
SEGURO,2068,150.98054057927118
SEGURO,2069,152.00467207663291
SEGURO,2070,150.02620605857155
SEGURO,2071,143.0997824886641
SEGURO,2072,157.05945825163653
SEGURO,2073,156.61816637566338
SEGURO,2074,151.47033437187582
SEGURO,2075,160.36711673834975
SEGURO,2076,134.86726833584314
SEGURO,2077,163.69726964020433
SEGURO,2078,147.75513688275782
SEGURO,2079,145.12586821344715
SEGURO,2080,150.08573221966572
SEGURO,2081,144.4066689491582
SEGURO,2082,163.3274450943771
SEGURO,2083,153.92773790592057
SEGURO,2084,154.43189876019463
SEGURO,2085,148.09363370929586
SEGURO,2086,158.9384227354066
SEGURO,2087,151.2210521449503
SEGURO,2088,143.40973709645908
SEGURO,2089,143.43565722016817
SEGURO,2090,153.2411689516619
SEGURO,2091,149.44742098138528
SEGURO,2092,164.3988470019996
SEGURO,2093,149.3548672801624
SEGURO,2094,160.53372501042858
SEGURO,2095,152.3391637043138
SEGURO,2096,132.92730271276093
SEGURO,2097,151.25635967840006
SEGURO,2098,154.38844713240218
SEGURO,2099,156.97174646768156
SEGURO,2100,146.1614952826476
SEGURO,2101,135.1838988065071
SEGURO,2102,141.7304376872395
SEGURO,2103,153.4862974884305
SEGURO,2104,142.79277033142117
SEGURO,2105,160.93235189657298
SEGURO,2106,154.61103364996046
SEGURO,2107,134.1164434654753
SEGURO,2108,146.4014458122522
SEGURO,2109,154.687979058
SEGURO,2110,157.72486053649516
SEGURO,2111,157.26203024418794
SEGURO,2112,132.89243975570582
SEGURO,2113,151.8914374835227
SEGURO,2114,151.57448538058028
SEGURO,2115,154.20176455425468
SEGURO,2116,149.48821625576937
SEGURO,2117,141.81796288325242
SEGURO,2118,147.30289983221425
SEGURO,2119,153.0794456029411
SEGURO,2120,151.68701161658117
SEGURO,2121,157.38530202262004
SEGURO,2122,157.27169339897193
SEGURO,2123,148.17879198639835
SEGURO,2124,147.0209722246526
SEGURO,2125,135.28028555415227
SEGURO,2126,156.14146952738463
SEGURO,2127,157.59306161742907
SEGURO,2128,143.38459776507426
SEGURO,2129,142.50322533541993
SEGURO,2130,162.86440239975178
SEGURO,2131,150.57760520420976
SEGURO,2132,143.71049666185888
SEGURO,2133,160.9448864878163
SEGURO,2134,153.07001831611538
SEGURO,2135,159.28502544739996
SEGURO,2136,115.72458121598501
SEGURO,2137,156.77516996654194
SEGURO,2138,145.40487913605142
SEGURO,2139,156.6537736124028
SEGURO,2140,152.0949888692005
SEGURO,2141,141.4660101121738
SEGURO,2142,154.65756196304213
SEGURO,2143,153.29678266971803
SEGURO,2144,149.486897044236
SEGURO,2145,147.62908807657885
SEGURO,2146,152.3793575416942
SEGURO,2147,149.1406304209122
SEGURO,2148,134.34056284546986
SEGURO,2149,156.27207418382955
SEGURO,2150,148.09938063305563
SEGURO,2151,155.4215617682771
SEGURO,2152,152.2605113833725
SEGURO,2153,158.570843108002
SEGURO,2154,150.13692728907478
SEGURO,2155,151.6461351590996
SEGURO,2156,148.23086338767715
SEGURO,2157,151.83981228734356
SEGURO,2158,154.1433711252485
SEGURO,2159,158.92045867829697
SEGURO,2160,138.49986279779003
SEGURO,2161,153.35827344633134
SEGURO,2162,157.925984279681
SEGURO,2163,148.53353194447766
SEGURO,2164,152.91665774600867
SEGURO,2165,125.68020113609768
SEGURO,2166,146.1048637857341
SEGURO,2167,134.48988077556058
SEGURO,2168,140.8050601204567
SEGURO,2169,159.00336655939796
SEGURO,2170,147.03095537485876
SEGURO,2171,147.1561098276071
SEGURO,2172,154.82864390645068
SEGURO,2173,155.98203434980536
SEGURO,2174,150.60928616961195
SEGURO,2175,151.63114052413053
SEGURO,2176,148.33962706033387
SEGURO,2177,143.45589025771383
SEGURO,2178,158.29616735256752
SEGURO,2179,141.56279122003812
SEGURO,2180,141.10589303367092
SEGURO,2181,133.63186457172628
SEGURO,2182,149.20237411698974
SEGURO,2183,157.17418353981094
SEGURO,2184,137.29446020997943
SEGURO,2185,155.69400273585455
SEGURO,2186,144.63360467284923
SEGURO,2187,141.12025045473754
SEGURO,2188,145.14040591798724
SEGURO,2189,144.98994397304028
SEGURO,2190,144.41100998583204
SEGURO,2191,145.03198127386085
SEGURO,2192,150.89658808964438
SEGURO,2193,155.3225903432395
SEGURO,2194,147.31978732332192
SEGURO,2195,153.34095573030862
SEGURO,2196,140.24586583681392
SEGURO,2197,162.78383213440816
SEGURO,2198,152.01070329800126
SEGURO,2199,132.44549045530073
SEGURO,2200,163.76934513116234
SEGURO,2201,147.54916612864554
SEGURO,2202,143.78601497162293
SEGURO,2203,150.81776550828295
SEGURO,2204,136.715909277139
SEGURO,2205,155.27348332719214
SEGURO,2206,156.1804584679389
SEGURO,2207,155.91561965838383
SEGURO,2208,149.94660240504516
SEGURO,2209,166.62802836394397
SEGURO,2210,153.4597179477034
SEGURO,2211,146.2409733049114
SEGURO,2212,151.4734756295865
SEGURO,2213,164.98059171802896
SEGURO,2214,147.12289365612241
SEGURO,2215,135.80263274902987
SEGURO,2216,147.83581834813626
SEGURO,2217,149.70085193063318
SEGURO,2218,162.97262101553036
SEGURO,2219,146.93628475746024
SEGURO,2220,162.6304753956753
SEGURO,2221,143.2191422517188
SEGURO,2222,131.1137356796431
SEGURO,2223,160.08104878542662
SEGURO,2224,149.12679548398066
SEGURO,2225,150.7555283048422
SEGURO,2226,150.3260614349589
SEGURO,2227,162.4452311143665
SEGURO,2228,152.64357448286393
SEGURO,2229,148.9506679059826
SEGURO,2230,119.93923397334572
SEGURO,2231,138.04031209780572
SEGURO,2232,147.16241310398846
SEGURO,2233,146.9811295596314
SEGURO,2234,146.15166260224782
SEGURO,2235,162.3571248899047
SEGURO,2236,155.1205093355971
SEGURO,2237,144.7860768064585
SEGURO,2238,153.69816407751935
SEGURO,2239,138.2475532588227
SEGURO,2240,130.63346087749318
SEGURO,2241,153.63504096934568
SEGURO,2242,146.7292159065259
SEGURO,2243,132.2258770095622
SEGURO,2244,128.24839896356053
SEGURO,2245,154.96049919935993
SEGURO,2246,136.02692907752342
SEGURO,2247,132.86606772929093
SEGURO,2248,146.4373772177917
SEGURO,2249,125.12991617049923
SEGURO,2250,165.48072616414981
SEGURO,2251,145.97685358199698
SEGURO,2252,141.28075238196516
SEGURO,2253,151.87286853254938
SEGURO,2254,149.62676831349293
SEGURO,2255,160.08444720551017
SEGURO,2256,144.76523554578375
SEGURO,2257,156.17964644846154
SEGURO,2258,146.81631660577034
SEGURO,2259,145.18004851737373
SEGURO,2260,157.09856398540816
SEGURO,2261,164.7368330728646
SEGURO,2262,159.68915730122563
SEGURO,2263,148.24337959493155
SEGURO,2264,146.8630248129102
SEGURO,2265,151.19119100028448
SEGURO,2266,150.9741033507461
SEGURO,2267,144.76640969482926
SEGURO,2268,143.38033710284748
SEGURO,2269,162.05694759742465
SEGURO,2270,152.93365291676093
SEGURO,2271,155.96171794478093
SEGURO,2272,147.03969064776402
SEGURO,2273,146.89670317322992
SEGURO,2274,136.52062959403042
SEGURO,2275,154.73218958328857
SEGURO,2276,145.50945652567242
SEGURO,2277,145.19588763737545
SEGURO,2278,153.7552734132813
SEGURO,2279,149.91126680619053
SEGURO,2280,153.9318618728236
SEGURO,2281,140.09265646136558
SEGURO,2282,146.04339168697018
SEGURO,2283,138.98496810067832
SEGURO,2284,153.28093953813476
SEGURO,2285,151.59694662052408
SEGURO,2286,147.87123298237927
SEGURO,2287,144.55253787674872
SEGURO,2288,149.21243075367167
SEGURO,2289,157.1333390795302
SEGURO,2290,162.5209425747562
SEGURO,2291,158.63793772239927
SEGURO,2292,137.04388948964376
SEGURO,2293,145.89231295335748
SEGURO,2294,145.96380954028217
SEGURO,2295,148.64221904839704
SEGURO,2296,158.0465808801117
SEGURO,2297,142.73038202447626
SEGURO,2298,156.46380677496262
SEGURO,2299,153.62576129660332
SEGURO,2300,152.94034087544955
SEGURO,2301,146.69747365099292
SEGURO,2302,151.77324046986107
SEGURO,2303,155.26204651991145
SEGURO,2304,149.92210821727397
SEGURO,2305,153.75623647741966
SEGURO,2306,141.5582903552024
SEGURO,2307,133.80084643958864
SEGURO,2308,153.42749635652376
SEGURO,2309,156.93311970590787
SEGURO,2310,136.8443760852412
SEGURO,2311,150.61997312630436
SEGURO,2312,157.671802215835
SEGURO,2313,161.45401280315602
SEGURO,2314,132.79149566737482
SEGURO,2315,145.54097968396343
SEGURO,2316,145.60257184471956
SEGURO,2317,146.11694724846726
SEGURO,2318,157.48490669295884
SEGURO,2319,149.11842359464504
SEGURO,2320,133.21739529031123
SEGURO,2321,145.7072228238216
SEGURO,2322,145.27254823977515
SEGURO,2323,140.4807854828612
SEGURO,2324,146.4800591476224
SEGURO,2325,165.57380735622345
SEGURO,2326,139.6021793744601
SEGURO,2327,146.26165256113606
SEGURO,2328,147.10600258664866
SEGURO,2329,138.28187309857339
SEGURO,2330,161.41727445241509
SEGURO,2331,143.56072432200602
SEGURO,2332,143.78223075840683
SEGURO,2333,156.50764337279043
SEGURO,2334,141.60375083716235
SEGURO,2335,137.3649635466484
SEGURO,2336,138.1512452837332
SEGURO,2337,164.18594797724688
SEGURO,2338,159.11255861775595
SEGURO,2339,138.51738289453604
SEGURO,2340,151.15055226959308
SEGURO,2341,145.86150810392235
SEGURO,2342,149.3850738364332
SEGURO,2343,150.75893333095692
SEGURO,2344,145.20610960694256
SEGURO,2345,140.10437597061662
SEGURO,2346,144.57527040455142
SEGURO,2347,152.8831905688042
SEGURO,2348,149.0571454803084
SEGURO,2349,152.5390407338257
SEGURO,2350,142.01039666576222
SEGURO,2351,152.93698376214215
SEGURO,2352,151.60448125646997
SEGURO,2353,152.61762733782138
SEGURO,2354,137.73868938694568
SEGURO,2355,142.89883144870083
SEGURO,2356,160.39601853013738
SEGURO,2357,149.8093411574746
SEGURO,2358,154.0138721408345
SEGURO,2359,158.45305154672857
SEGURO,2360,147.63376210592168
SEGURO,2361,162.16823392915927
SEGURO,2362,144.64487119905638
SEGURO,2363,162.8868327927306
SEGURO,2364,147.0912297866728
SEGURO,2365,154.81034423928762
SEGURO,2366,161.27455446278336
SEGURO,2367,151.443961555882
SEGURO,2368,150.2496864242149
SEGURO,2369,140.4099168051868
SEGURO,2370,149.85738023744173
SEGURO,2371,143.8708295333194
SEGURO,2372,167.2912455061938
SEGURO,2373,139.77277404901622
SEGURO,2374,144.79128635238692
SEGURO,2375,143.15584316458197
SEGURO,2376,152.90139273895923
SEGURO,2377,161.54885367502365
SEGURO,2378,150.10669837228374
SEGURO,2379,137.8225693195819
SEGURO,2380,149.2189359238267
SEGURO,2381,137.31743451175225
SEGURO,2382,147.88464311083928
SEGURO,2383,151.58962674163047
SEGURO,2384,154.36903373548543
SEGURO,2385,151.45578803054326
SEGURO,2386,140.0579960250741
SEGURO,2387,145.10858429597323
SEGURO,2388,151.7574226122032
SEGURO,2389,140.44738032421463
SEGURO,2390,144.42736225695836
SEGURO,2391,131.45996409579178
SEGURO,2392,148.7210928434071
SEGURO,2393,129.7086939422703
SEGURO,2394,167.76621683483864
SEGURO,2395,157.58478613941674
SEGURO,2396,145.54088602433308
SEGURO,2397,130.6179906403432
SEGURO,2398,146.14641178606357
SEGURO,2399,138.05580422676687
SEGURO,2400,138.43849582149062
SEGURO,2401,156.708408246234
SEGURO,2402,160.65832735400912
SEGURO,2403,154.35249660021356
SEGURO,2404,157.84371198969436
SEGURO,2405,156.8397127301541
SEGURO,2406,143.5934438614287
SEGURO,2407,152.067116123466
SEGURO,2408,148.59515826557885
SEGURO,2409,149.9280061957108
SEGURO,2410,131.40495276484336
SEGURO,2411,141.32984053571738
SEGURO,2412,161.29598268859758
SEGURO,2413,146.6946902755086
SEGURO,2414,149.4348345580501
SEGURO,2415,139.41184276281777
SEGURO,2416,146.21133154878572
SEGURO,2417,152.0713188079634
SEGURO,2418,147.07752041455663
SEGURO,2419,154.4435386431306
SEGURO,2420,133.7954960827107
SEGURO,2421,152.66458485264027
SEGURO,2422,165.83802030435936
SEGURO,2423,144.95777240446156
SEGURO,2424,157.5477021106224
SEGURO,2425,147.78506388227385
SEGURO,2426,133.71876162748708
SEGURO,2427,151.40519239247638
SEGURO,2428,158.5356827888562
SEGURO,2429,153.40070872048693
SEGURO,2430,157.15242200194834
SEGURO,2431,152.84180999761844
SEGURO,2432,153.1812767399267
SEGURO,2433,145.06348819306174
SEGURO,2434,146.04161672828124
SEGURO,2435,144.40904158094511
SEGURO,2436,145.86183165479792
SEGURO,2437,150.40721527985284
SEGURO,2438,151.54321067797267
SEGURO,2439,145.76838832186033
SEGURO,2440,146.8090329035099
SEGURO,2441,155.1746918410727
SEGURO,2442,142.77846668307478
SEGURO,2443,146.9546942714132
SEGURO,2444,145.57170706462284
SEGURO,2445,159.74316959367178
SEGURO,2446,145.16612908216723
SEGURO,2447,153.0022230921798
SEGURO,2448,141.13522476197247
SEGURO,2449,142.8545172024509
SEGURO,2450,148.56226377738867
SEGURO,2451,147.53612067916433
SEGURO,2452,150.29162649824303
SEGURO,2453,135.62684528099632
SEGURO,2454,173.4959466995876
SEGURO,2455,163.3085165023177
SEGURO,2456,153.84544162469746
SEGURO,2457,150.2642535730112
SEGURO,2458,150.81740859530316
SEGURO,2459,152.58990193595105
SEGURO,2460,164.49300247161054
SEGURO,2461,143.24478210534267
SEGURO,2462,152.16776299970925
SEGURO,2463,143.16880463767632
SEGURO,2464,151.2968807475658
SEGURO,2465,152.93726514520586
SEGURO,2466,134.92389996095605
SEGURO,2467,157.54959506057347
SEGURO,2468,145.59770997932466
SEGURO,2469,133.37175903237045
SEGURO,2470,155.14017639217994
SEGURO,2471,136.7276775290924
SEGURO,2472,138.00357850925403
SEGURO,2473,151.0152948607232
SEGURO,2474,153.9471299892684
SEGURO,2475,154.79913355477476
SEGURO,2476,148.9344431222208
SEGURO,2477,162.56289788959648
SEGURO,2478,138.7410727705317
SEGURO,2479,132.12535346850487
SEGURO,2480,149.1593946603032
SEGURO,2481,156.0457205882786
SEGURO,2482,134.63152852377618
SEGURO,2483,156.4563968039063
SEGURO,2484,147.5218250171147
SEGURO,2485,147.43827813808898
SEGURO,2486,144.91380380166248
SEGURO,2487,143.3952240882723
SEGURO,2488,149.15269221834777
SEGURO,2489,147.8477538316185
SEGURO,2490,134.83194661245986
SEGURO,2491,149.62149529733617
SEGURO,2492,152.85141913839416
SEGURO,2493,140.1072995997445
SEGURO,2494,148.93053826291793
SEGURO,2495,160.43037270600544
SEGURO,2496,145.19247433169036
SEGURO,2497,157.44433419113685
SEGURO,2498,159.63991786284478
SEGURO,2499,149.97457063547992
SEGURO,2500,154.60899007913667
SEGURO,2501,154.184062467011
SEGURO,2502,145.4201732444709
SEGURO,2503,140.1562282811486
SEGURO,2504,142.69162607564564
SEGURO,2505,143.1359797846347
SEGURO,2506,149.16090536812078
SEGURO,2507,150.2733727573406
SEGURO,2508,153.91562659480456
SEGURO,2509,141.70993406384733
SEGURO,2510,144.65760562379546
SEGURO,2511,154.95647553458554
SEGURO,2512,138.52399765053093
SEGURO,2513,150.3483887967668
SEGURO,2514,157.45575636216964
SEGURO,2515,144.4423099654915
SEGURO,2516,143.18399424172515
SEGURO,2517,152.0310245874625
SEGURO,2518,152.79551931533283
SEGURO,2519,147.67781204909343
SEGURO,2520,139.38835183597183
SEGURO,2521,140.1670774447142
SEGURO,2522,150.2797173447199
SEGURO,2523,159.14766387903614
SEGURO,2524,143.85002314793138
SEGURO,2525,141.06927269613342
SEGURO,2526,145.2190642896003
SEGURO,2527,150.9877051579719
SEGURO,2528,136.25244737852867
SEGURO,2529,147.91054243272166
SEGURO,2530,153.16278871803422
SEGURO,2531,152.22709000438763
SEGURO,2532,152.9298772904903
SEGURO,2533,152.14676038351143
SEGURO,2534,153.00836715601514
SEGURO,2535,153.90217256980094
SEGURO,2536,137.56018647360398
SEGURO,2537,144.13324034803395
SEGURO,2538,148.30951969751266
SEGURO,2539,144.05351751176067
SEGURO,2540,152.70477401958982
SEGURO,2541,165.2096426496886
SEGURO,2542,159.47136901907228
SEGURO,2543,126.50442744961549
SEGURO,2544,156.75167875054643
SEGURO,2545,148.15301761701176
SEGURO,2546,160.79956507261448
SEGURO,2547,139.84056977911987
SEGURO,2548,143.38100735810917
SEGURO,2549,145.44445081194266
SEGURO,2550,147.80076968309126
SEGURO,2551,136.04963755191343
SEGURO,2552,135.49921626252254
SEGURO,2553,164.807235036843
SEGURO,2554,142.6082711328542
SEGURO,2555,158.30204752933508
SEGURO,2556,147.33693796520538
SEGURO,2557,170.46544563081065
SEGURO,2558,174.2161758860689
SEGURO,2559,140.52613465076558
SEGURO,2560,162.30572651039313
SEGURO,2561,148.62209340097843
SEGURO,2562,156.71689986807766
SEGURO,2563,152.93927334274096
SEGURO,2564,157.51376952663372
SEGURO,2565,154.05061999491795
SEGURO,2566,161.19263220180318
SEGURO,2567,141.27648654218277
SEGURO,2568,136.33535991120684
SEGURO,2569,133.94706726801172
SEGURO,2570,144.74440256688774
SEGURO,2571,159.60310330195833
SEGURO,2572,146.49121248003476
SEGURO,2573,147.60709976393434
SEGURO,2574,135.8467343962981
SEGURO,2575,154.63119133307453
SEGURO,2576,138.97355020423834
SEGURO,2577,140.08924164387327
SEGURO,2578,163.26800490163535
SEGURO,2579,149.3081112118525
SEGURO,2580,149.06034073570027
SEGURO,2581,154.44139194448536
SEGURO,2582,157.2189873124123
SEGURO,2583,148.93223135633562
SEGURO,2584,154.8304858019052
SEGURO,2585,153.59911308566234
SEGURO,2586,166.37778564386807
SEGURO,2587,157.58816073999566
SEGURO,2588,144.61228268608352
SEGURO,2589,147.55791264218485
SEGURO,2590,157.00495628769423
SEGURO,2591,143.36726421326088
SEGURO,2592,161.1289106283925
SEGURO,2593,136.55989403642724
SEGURO,2594,140.08782153588334
SEGURO,2595,147.02320739549106
SEGURO,2596,153.75384051226774
SEGURO,2597,136.69663740373755
SEGURO,2598,153.82994705912293
SEGURO,2599,141.4010915036742
SEGURO,2600,144.3959583025085
SEGURO,2601,140.23573969391202
SEGURO,2602,147.54949269207367
SEGURO,2603,148.0585336012805
SEGURO,2604,144.56001195734368
SEGURO,2605,150.17286085281083
SEGURO,2606,148.60633028277127
SEGURO,2607,154.76531058577518
SEGURO,2608,153.29739602144497
SEGURO,2609,142.08985591387702
SEGURO,2610,140.4323562965014
SEGURO,2611,142.0980658619056
SEGURO,2612,143.13866126465237
SEGURO,2613,147.5873651966177
SEGURO,2614,135.21398437826835
SEGURO,2615,151.42041912079017
SEGURO,2616,151.87685291375536
SEGURO,2617,148.88463975132436
SEGURO,2618,150.27947499210308
SEGURO,2619,156.01331908586843
SEGURO,2620,146.5967292718303
SEGURO,2621,144.89239620914327
SEGURO,2622,134.35990182974055
SEGURO,2623,147.11568789146878
SEGURO,2624,149.68447275785627
SEGURO,2625,137.8052508271746
SEGURO,2626,149.09680836146492
SEGURO,2627,148.27680306209467
SEGURO,2628,153.58539306208272
SEGURO,2629,151.2509708271086
SEGURO,2630,144.5098848304155
SEGURO,2631,151.88579962932502
SEGURO,2632,150.94280272621222
SEGURO,2633,148.53165140479845
SEGURO,2634,144.32740426143303
SEGURO,2635,141.9424731352739
SEGURO,2636,157.67843763315273
SEGURO,2637,144.41227399443662
SEGURO,2638,139.67152978610275
SEGURO,2639,138.8189626521199
SEGURO,2640,151.23403469038476
SEGURO,2641,154.50381408650713
SEGURO,2642,145.421364414732
SEGURO,2643,150.01720255255827
SEGURO,2644,161.85988393156475
SEGURO,2645,164.93678925572104
SEGURO,2646,136.28914412161652
SEGURO,2647,144.89092048481552
SEGURO,2648,146.14449531139067
SEGURO,2649,137.3195119508842
SEGURO,2650,151.78057636639696
SEGURO,2651,146.10441492547181
SEGURO,2652,167.05534661457392
SEGURO,2653,156.48196686585862
SEGURO,2654,149.1228795271988
SEGURO,2655,153.71302350096477
SEGURO,2656,151.54279882064534
SEGURO,2657,146.6213615373352
SEGURO,2658,144.78217435128457
SEGURO,2659,136.95893068614356
SEGURO,2660,154.25378166332348
SEGURO,2661,144.00052022928247
SEGURO,2662,154.72629200160486
SEGURO,2663,151.11911184398522
SEGURO,2664,136.14374021685205
SEGURO,2665,141.80149487868425
SEGURO,2666,147.28731931894438
SEGURO,2667,146.34288118896487
SEGURO,2668,147.7104976751952
SEGURO,2669,145.853550707006
SEGURO,2670,158.0049918290397
SEGURO,2671,140.28980594874216
SEGURO,2672,158.39767124206924
SEGURO,2673,154.8628093498918
SEGURO,2674,146.74851016318294
SEGURO,2675,149.03775010385252
SEGURO,2676,151.8398483481183
SEGURO,2677,146.56561610886246
SEGURO,2678,161.65709342210704
SEGURO,2679,154.15599975763882
SEGURO,2680,150.94192581052997
SEGURO,2681,150.86714768894385
SEGURO,2682,151.40309141921912
SEGURO,2683,138.0693008378827
SEGURO,2684,145.95482600989007
SEGURO,2685,147.82679493916305
SEGURO,2686,150.63632516373215
SEGURO,2687,146.88860908113338
SEGURO,2688,155.06111260507498
SEGURO,2689,144.02706362537498
SEGURO,2690,161.55900756006253
SEGURO,2691,145.2662127451596
SEGURO,2692,154.22656195006695
SEGURO,2693,151.25366060609448
SEGURO,2694,129.3074665432536
SEGURO,2695,147.69872933328816
SEGURO,2696,151.25789310956227
SEGURO,2697,144.9095543105285
SEGURO,2698,158.57111370319848
SEGURO,2699,145.58630157880438
SEGURO,2700,150.70745369686415
SEGURO,2701,151.97648731472066
SEGURO,2702,150.1735607201684
SEGURO,2703,155.78814573416773
SEGURO,2704,135.67145517005017
SEGURO,2705,151.6932096728001
SEGURO,2706,138.11594551671342
SEGURO,2707,144.96518487984122
SEGURO,2708,157.6112038406174
SEGURO,2709,159.20571360201322
SEGURO,2710,160.55126975624125
SEGURO,2711,148.16099473942785
SEGURO,2712,138.66449770119405
SEGURO,2713,151.84529415095008
SEGURO,2714,142.80972372108243
SEGURO,2715,160.74692984837918
SEGURO,2716,157.34760255112383
SEGURO,2717,156.38326972083416
SEGURO,2718,150.23353646390788
SEGURO,2719,137.42919288954306
SEGURO,2720,165.15877218543284
SEGURO,2721,168.88301906274222
SEGURO,2722,131.3768569134869
SEGURO,2723,163.91097141839128
SEGURO,2724,145.2640419014826
SEGURO,2725,140.3061980229081
SEGURO,2726,160.86844478156794
SEGURO,2727,138.87237528900778
SEGURO,2728,163.9269799333792
SEGURO,2729,144.10486834067865
SEGURO,2730,164.79544569848758
SEGURO,2731,141.74596838911495
SEGURO,2732,166.89300944558218
SEGURO,2733,154.78414694399095
SEGURO,2734,148.26497023349316
SEGURO,2735,155.53568977423447
SEGURO,2736,139.1193672767833
SEGURO,2737,152.1938491334651
SEGURO,2738,140.84425352232546
SEGURO,2739,145.70083336161014
SEGURO,2740,156.327886883472
SEGURO,2741,160.53064916528686
SEGURO,2742,151.31694817442443
SEGURO,2743,151.13495330962604
SEGURO,2744,151.5676295767677
SEGURO,2745,157.27673018318262
SEGURO,2746,150.0385765579466
SEGURO,2747,153.60711334005438
SEGURO,2748,154.3614696143807
SEGURO,2749,150.01912477603557
SEGURO,2750,155.21629300031785
SEGURO,2751,156.08582596945215
SEGURO,2752,162.83125984144039
SEGURO,2753,143.95083404288044
SEGURO,2754,159.77524723669566
SEGURO,2755,149.81240826423763
SEGURO,2756,154.41371267017826
SEGURO,2757,153.83382386954995
SEGURO,2758,154.24025249497416
SEGURO,2759,136.66247156842172
SEGURO,2760,150.14105602492583
SEGURO,2761,154.9137840075218
SEGURO,2762,145.043531453682
SEGURO,2763,145.58608607642728
SEGURO,2764,148.35403911131857
SEGURO,2765,148.53531412171475
SEGURO,2766,166.1032330216831
SEGURO,2767,154.06688281454703
SEGURO,2768,155.16287687644024
SEGURO,2769,154.13380540809703
SEGURO,2770,130.23656402156908
SEGURO,2771,161.74258329852063
SEGURO,2772,146.73920493407945
SEGURO,2773,149.59915698549355
SEGURO,2774,150.88763308342055
SEGURO,2775,135.54798202523784
SEGURO,2776,151.60798449510258
SEGURO,2777,158.84936929501728
SEGURO,2778,151.36673520546015
SEGURO,2779,163.97538629648213
SEGURO,2780,144.23695680690312
SEGURO,2781,162.4745679025367
SEGURO,2782,137.91991112876647
SEGURO,2783,140.1381171725076
SEGURO,2784,157.6675928160826
SEGURO,2785,146.48388170199584
SEGURO,2786,155.53867261330467
SEGURO,2787,156.97675551667643
SEGURO,2788,145.2949203605796
SEGURO,2789,159.5646384469944
SEGURO,2790,141.2220093438964
SEGURO,2791,146.8233621232556
SEGURO,2792,133.85490712842204
SEGURO,2793,151.83724472073982
SEGURO,2794,160.39246639682705
SEGURO,2795,152.60785518919675
SEGURO,2796,144.04677266115078
SEGURO,2797,138.44549899275052
SEGURO,2798,150.7922404806305
SEGURO,2799,156.43614226338002
SEGURO,2800,160.3629838922099
SEGURO,2801,151.7590400397036
SEGURO,2802,126.54112066415527
SEGURO,2803,149.57365785643458
SEGURO,2804,137.76676935797659
SEGURO,2805,139.7163118973701
SEGURO,2806,145.1838882518567
SEGURO,2807,148.19655447119308
SEGURO,2808,159.63132675334708
SEGURO,2809,146.69382755109342
SEGURO,2810,155.71839631935126
SEGURO,2811,141.7609574355674
SEGURO,2812,157.06711558965506
SEGURO,2813,146.58035956224396
SEGURO,2814,138.85696721159258
SEGURO,2815,160.88649386162635
SEGURO,2816,151.02279158133797
SEGURO,2817,131.1585034744095
SEGURO,2818,150.23007630638506
SEGURO,2819,148.46767267400645
SEGURO,2820,140.03673669373345
SEGURO,2821,155.64575569943364
SEGURO,2822,155.5206186838542
SEGURO,2823,144.8628458203731
SEGURO,2824,131.2261776353734
SEGURO,2825,167.80720516236298
SEGURO,2826,161.16801520777526
SEGURO,2827,162.32037386568524
SEGURO,2828,147.57595715272728
SEGURO,2829,165.01236633030007
SEGURO,2830,152.99380543376617
SEGURO,2831,151.86430281751558
SEGURO,2832,158.71996389384236
SEGURO,2833,142.88697620978354
SEGURO,2834,150.65938413971892
SEGURO,2835,146.84694175517055
SEGURO,2836,147.75789390970104
SEGURO,2837,156.27247057960503
SEGURO,2838,156.08294345076277
SEGURO,2839,152.1175063072224
SEGURO,2840,135.91614855034913
SEGURO,2841,142.37436660153233
SEGURO,2842,145.55277537649428
SEGURO,2843,172.50944941204625
SEGURO,2844,156.85525312159004
SEGURO,2845,151.4752659076589
SEGURO,2846,147.63094051907143
SEGURO,2847,146.4598283396126
SEGURO,2848,138.19947800569366
SEGURO,2849,140.59902405954438
SEGURO,2850,145.85021250695257
SEGURO,2851,158.72660892325854
SEGURO,2852,132.8092194752698
SEGURO,2853,145.32696944599664
SEGURO,2854,151.89361502769913
SEGURO,2855,152.81065320349043
SEGURO,2856,161.38867003474712
SEGURO,2857,154.43777487845813
SEGURO,2858,144.20014537321163
SEGURO,2859,135.50383902553935
SEGURO,2860,158.7203388564226
SEGURO,2861,153.471422805298
SEGURO,2862,135.97605517068337
SEGURO,2863,151.75670481132184
SEGURO,2864,154.9517756532953
SEGURO,2865,153.93693030528203
SEGURO,2866,141.60307320818052
SEGURO,2867,144.79817152253625
SEGURO,2868,151.12502425700032
SEGURO,2869,156.0599469486497
SEGURO,2870,146.99451339440628
SEGURO,2871,134.3620813021692
SEGURO,2872,151.0539679037574
SEGURO,2873,139.3809585052627
SEGURO,2874,140.73197258855225
SEGURO,2875,152.7531825815337
SEGURO,2876,156.6111084051139
SEGURO,2877,151.61248633063545
SEGURO,2878,155.47959475919524
SEGURO,2879,164.41937143268706
SEGURO,2880,144.63190116295937
SEGURO,2881,150.04986115372336
SEGURO,2882,149.32810473689534
SEGURO,2883,146.98999035931692
SEGURO,2884,156.11927445362332
SEGURO,2885,146.42542878477758
SEGURO,2886,137.40269125138937
SEGURO,2887,150.192911255431
SEGURO,2888,141.86347288648648
SEGURO,2889,172.36478671055272
SEGURO,2890,121.8780568650101
SEGURO,2891,151.28920076666
SEGURO,2892,145.7314810287599
SEGURO,2893,141.63880795960475
SEGURO,2894,162.685519639931
SEGURO,2895,159.32710624807714
SEGURO,2896,149.82470501795007
SEGURO,2897,161.54339940009694
SEGURO,2898,151.81349733735456
SEGURO,2899,151.90546877278854
SEGURO,2900,137.66448174862808
SEGURO,2901,144.27876650544877
SEGURO,2902,142.0188979614495
SEGURO,2903,150.10591904357582
SEGURO,2904,143.70912069427726
SEGURO,2905,146.53247069841447
SEGURO,2906,134.28430580216772
SEGURO,2907,151.88760655675975
SEGURO,2908,140.5126817555527
SEGURO,2909,136.92483313946443
SEGURO,2910,150.46401168692108
SEGURO,2911,136.28911466786374
SEGURO,2912,156.99077574342968
SEGURO,2913,157.70292160862823
SEGURO,2914,154.62142004532026
SEGURO,2915,152.17353194475643
SEGURO,2916,144.47334603035324
SEGURO,2917,134.2376101152634
SEGURO,2918,145.39333551537266
SEGURO,2919,144.81262460187696
SEGURO,2920,149.6478440309297
SEGURO,2921,155.8320510970512
SEGURO,2922,144.63251348273144
SEGURO,2923,162.7583239036091
SEGURO,2924,151.80807990669658
SEGURO,2925,149.72568551805225
SEGURO,2926,159.84944466146715
SEGURO,2927,151.5907465984381
SEGURO,2928,146.26722884582455
SEGURO,2929,129.42575360153663
SEGURO,2930,140.8188981051123
SEGURO,2931,143.27690174718853
SEGURO,2932,157.40425490185893
SEGURO,2933,155.15572498044355
SEGURO,2934,143.99235565414853
SEGURO,2935,154.0247428451902
SEGURO,2936,153.609068872053
SEGURO,2937,141.7473700393457
SEGURO,2938,159.29601054999827
SEGURO,2939,148.0630216359953
SEGURO,2940,153.2551609830042
SEGURO,2941,146.4347810578606
SEGURO,2942,152.51079344918915
SEGURO,2943,155.11133135432033
SEGURO,2944,152.10652487487218
SEGURO,2945,137.0164878717656
SEGURO,2946,158.96960621999605
SEGURO,2947,151.73964857202554
SEGURO,2948,149.5072949084936
SEGURO,2949,152.58021828976376
SEGURO,2950,152.33721347424375
SEGURO,2951,154.7340606939831
SEGURO,2952,150.52258475265143
SEGURO,2953,154.93187241057964
SEGURO,2954,150.5579196934942
SEGURO,2955,148.45113255363364
SEGURO,2956,159.39479670976053
SEGURO,2957,156.35782376762006
SEGURO,2958,148.8869676409664
SEGURO,2959,141.80286278623248
SEGURO,2960,149.3768672773068
SEGURO,2961,143.51831455215031
SEGURO,2962,161.30539555876663
SEGURO,2963,138.26394650651054
SEGURO,2964,164.2555336798743
SEGURO,2965,140.20883387330133
SEGURO,2966,147.15020995190272
SEGURO,2967,141.53226649677703
SEGURO,2968,151.92898692483854
SEGURO,2969,146.694476119921
SEGURO,2970,152.65830283504508
SEGURO,2971,142.9277946825861
SEGURO,2972,148.51913459121033
SEGURO,2973,175.13032746613197
SEGURO,2974,131.41439125583392
SEGURO,2975,154.69491000425407
SEGURO,2976,148.76149333200058
SEGURO,2977,143.96284315753994
SEGURO,2978,148.6826777925637
SEGURO,2979,167.4512123359284
SEGURO,2980,153.39743859900565
SEGURO,2981,169.1946653953327
SEGURO,2982,157.4733840224095
SEGURO,2983,144.1528967168556
SEGURO,2984,149.77136085397856
SEGURO,2985,161.3028232767782
SEGURO,2986,142.65967649400886
SEGURO,2987,159.53447402515158
SEGURO,2988,145.4928885589854
SEGURO,2989,144.18239171936946
SEGURO,2990,145.2104831074821
SEGURO,2991,152.1690183702786
SEGURO,2992,142.5864997365328
SEGURO,2993,157.14238190020492
SEGURO,2994,148.6087639757138
SEGURO,2995,156.8540443305707
SEGURO,2996,152.76210817523813
SEGURO,2997,144.99072202417162
SEGURO,2998,148.71176238122104
SEGURO,2999,155.19700452538186
SEGURO,3000,131.77640758236996
SEGURO,3001,130.07042388519966
SEGURO,3002,135.87792368439682
SEGURO,3003,150.41853160486684
SEGURO,3004,136.84089196192443
SEGURO,3005,143.04858579703404
SEGURO,3006,145.44705845729868
SEGURO,3007,131.9554519974684
SEGURO,3008,148.7752959346468
SEGURO,3009,135.2509370296856
SEGURO,3010,143.86706415682335
SEGURO,3011,129.4612351080897
SEGURO,3012,148.16445029067594
SEGURO,3013,145.1644000957425
SEGURO,3014,149.89272692845404
SEGURO,3015,150.53724366192085
SEGURO,3016,153.97988708107064
SEGURO,3017,163.30018365006973
SEGURO,3018,152.0875899096652
SEGURO,3019,156.41718408535613
SEGURO,3020,130.72098992911648
SEGURO,3021,145.40315895402478
SEGURO,3022,151.40529939406477
SEGURO,3023,135.5410660886583
SEGURO,3024,150.4009436346212
SEGURO,3025,160.9582509628055
SEGURO,3026,159.9102042484871
SEGURO,3027,149.94843895141722
SEGURO,3028,154.37882766078656
SEGURO,3029,138.09760335006843
SEGURO,3030,158.20352846374686
SEGURO,3031,141.62742074513412
SEGURO,3032,140.5912817048172
SEGURO,3033,140.76145098295785
SEGURO,3034,151.75783706607598
SEGURO,3035,146.26118329130964
SEGURO,3036,147.66919068735203
SEGURO,3037,155.05883233099533
SEGURO,3038,137.27586904400113
SEGURO,3039,161.38903487481986
SEGURO,3040,157.22186888329998
SEGURO,3041,150.03855189750882
SEGURO,3042,140.9010994870022
SEGURO,3043,134.01779181647535
SEGURO,3044,146.38463175989259
SEGURO,3045,151.61329074088047
SEGURO,3046,149.7213832354887
SEGURO,3047,152.4326359824975
SEGURO,3048,142.33595026043423
SEGURO,3049,152.56875497962847
SEGURO,3050,158.33741497605075
SEGURO,3051,146.28357582014843
SEGURO,3052,135.88326876138626
SEGURO,3053,146.44399874968738
SEGURO,3054,145.06547319160484
SEGURO,3055,140.63172856253874
SEGURO,3056,150.94090601621272
SEGURO,3057,148.32385576243757
SEGURO,3058,154.73257266343703
SEGURO,3059,140.34016164682026
SEGURO,3060,144.83730400636406
SEGURO,3061,152.5808872116528
SEGURO,3062,141.48832951876213
SEGURO,3063,162.4294602097487
SEGURO,3064,141.92907894352783
SEGURO,3065,135.63570534018737
SEGURO,3066,138.06871004581592
SEGURO,3067,145.24444598325599
SEGURO,3068,154.73994944714676
SEGURO,3069,137.24685136507713
SEGURO,3070,151.41356654229276
SEGURO,3071,137.28846288037167
SEGURO,3072,131.49156916199001
SEGURO,3073,154.67019887074977
SEGURO,3074,159.06105481765746
SEGURO,3075,153.69661141379697
SEGURO,3076,141.9876233329145
SEGURO,3077,157.49119617342856
SEGURO,3078,136.72859271707816
SEGURO,3079,163.9876068737167
SEGURO,3080,148.18101796620678
SEGURO,3081,145.2135117917843
SEGURO,3082,141.15299587276084
SEGURO,3083,170.46172166179895
SEGURO,3084,144.01422287018536
SEGURO,3085,169.86333909822227
SEGURO,3086,138.45854831828024
SEGURO,3087,146.9712379226883
SEGURO,3088,143.2559499527727
SEGURO,3089,137.09363652418477
SEGURO,3090,157.10349228247782
SEGURO,3091,134.10152319744063
SEGURO,3092,165.35280880126714
SEGURO,3093,141.85639914014737
SEGURO,3094,150.1678368533558
SEGURO,3095,152.86411473217518
SEGURO,3096,151.67426918426028
SEGURO,3097,156.5525302323155
SEGURO,3098,151.6781652804877
SEGURO,3099,165.6385977817442
SEGURO,3100,154.2170668263582
SEGURO,3101,123.58221540048342
SEGURO,3102,151.80914244956296
SEGURO,3103,150.885239685361
SEGURO,3104,142.09537473799259
SEGURO,3105,155.28949906229423
SEGURO,3106,145.97811637694673
SEGURO,3107,141.85040545706383
SEGURO,3108,153.66592301040174
SEGURO,3109,146.50081047539294
SEGURO,3110,152.79982862723733
SEGURO,3111,148.01415988382237
SEGURO,3112,129.57784641454265
SEGURO,3113,149.29139384456263
SEGURO,3114,145.2740257122809
SEGURO,3115,154.3293600553471
SEGURO,3116,146.97119545503958
SEGURO,3117,157.21781088693996
SEGURO,3118,153.7220761578535
SEGURO,3119,164.19370172010585
SEGURO,3120,149.5151365630358
SEGURO,3121,151.85738702840484
SEGURO,3122,160.96185910834606
SEGURO,3123,149.41995293563875
SEGURO,3124,137.89433854503042
SEGURO,3125,156.8649436378786
SEGURO,3126,152.64040132113016
SEGURO,3127,134.6920942150354
SEGURO,3128,146.90775386858806
SEGURO,3129,136.31054309754086
SEGURO,3130,147.52206172486382
SEGURO,3131,165.32658228115957
SEGURO,3132,154.37959207715977
SEGURO,3133,145.2935415247604
SEGURO,3134,156.55410422714803
SEGURO,3135,147.71449298250795
SEGURO,3136,148.36419832511146
SEGURO,3137,151.71304288013806
SEGURO,3138,143.0009706702164
SEGURO,3139,159.59717409498404
SEGURO,3140,146.3737987118118
SEGURO,3141,146.36102513033077
SEGURO,3142,153.43388509075632
SEGURO,3143,147.55234897600877
SEGURO,3144,150.78881954740126
SEGURO,3145,158.00950237684685
SEGURO,3146,158.6650664618985
SEGURO,3147,161.43207318651943
SEGURO,3148,145.0260998971632
SEGURO,3149,158.52333544535523
SEGURO,3150,128.09849574531268
SEGURO,3151,141.54519365669566
SEGURO,3152,143.50852958234245
SEGURO,3153,152.2439742222464
SEGURO,3154,145.6073108538399
SEGURO,3155,151.78629617774206
SEGURO,3156,149.68348644473613
SEGURO,3157,140.86844826087804
SEGURO,3158,144.77156417643317
SEGURO,3159,148.67175734027055
SEGURO,3160,152.53749443812603
SEGURO,3161,154.37529225188769
SEGURO,3162,152.26587601591945
SEGURO,3163,144.5820046732847
SEGURO,3164,135.10724007250175
SEGURO,3165,160.90929431149598
SEGURO,3166,147.21438414087996
SEGURO,3167,157.0226177497073
SEGURO,3168,148.19156859121662
SEGURO,3169,152.84134828098783
SEGURO,3170,161.34784459753067
SEGURO,3171,140.75082227356847
SEGURO,3172,148.34813567136854
SEGURO,3173,148.54412458211135
SEGURO,3174,147.7005461327638
SEGURO,3175,163.62633759794502
SEGURO,3176,144.08683186380833
SEGURO,3177,151.39781299746267
SEGURO,3178,143.72245105297554
SEGURO,3179,170.17118477630925
SEGURO,3180,148.96837116744777
SEGURO,3181,151.02110450421358
SEGURO,3182,143.60814879066652
SEGURO,3183,135.3413057568565
SEGURO,3184,146.35824195804304
SEGURO,3185,164.7824632081695
SEGURO,3186,161.66245293490854
SEGURO,3187,159.40735229233346
SEGURO,3188,143.54187600291664
SEGURO,3189,156.60827250863002
SEGURO,3190,162.7235620935883
SEGURO,3191,158.26041209227122
SEGURO,3192,140.05111895566634
SEGURO,3193,164.8396312638479
SEGURO,3194,148.19905838451405
SEGURO,3195,155.48632873876878
SEGURO,3196,150.23702394754199
SEGURO,3197,160.7709280298076
SEGURO,3198,158.29790511284043
SEGURO,3199,145.2166297302606
SEGURO,3200,164.56922240098302
SEGURO,3201,147.57852470535764
SEGURO,3202,140.54262717405385
SEGURO,3203,152.5320330329135
SEGURO,3204,156.86502487815054
SEGURO,3205,136.19265015102542
SEGURO,3206,149.6989998930258
SEGURO,3207,165.1694468317836
SEGURO,3208,146.17558756628142
SEGURO,3209,152.8111453579773
SEGURO,3210,137.75021153540587
SEGURO,3211,143.66886901483284
SEGURO,3212,155.81591937570906
SEGURO,3213,166.08740563719434
SEGURO,3214,145.37881183122752
SEGURO,3215,162.75466851928928
SEGURO,3216,145.99844848798142
SEGURO,3217,151.26804963530748
SEGURO,3218,148.56948526475986
SEGURO,3219,153.51457645337328
SEGURO,3220,142.1156150211983
SEGURO,3221,154.22539457269093
SEGURO,3222,148.69107942749977
SEGURO,3223,144.27306187332616
SEGURO,3224,140.16493989760133
SEGURO,3225,144.88187120740272
SEGURO,3226,135.53173249733044
SEGURO,3227,146.909505546406
SEGURO,3228,144.27600705506092
SEGURO,3229,137.96320260519494
SEGURO,3230,142.36434077633925
SEGURO,3231,148.77200937548375
SEGURO,3232,152.37677381397148
SEGURO,3233,157.39647880532803
SEGURO,3234,148.6954965870052
SEGURO,3235,149.48900458137814
SEGURO,3236,147.0689265408996
SEGURO,3237,139.7639582822049
SEGURO,3238,153.1246087805807
SEGURO,3239,155.27474200004653
SEGURO,3240,151.89256958356344
SEGURO,3241,132.25434562392343
SEGURO,3242,145.3856465012397
SEGURO,3243,152.61181448111358
SEGURO,3244,155.24019433142726
SEGURO,3245,148.95386583163295
SEGURO,3246,149.9498330110656
SEGURO,3247,156.7537277577393
SEGURO,3248,153.29436828290295
SEGURO,3249,140.54554197478978
SEGURO,3250,146.8777939830924
SEGURO,3251,145.6706051943806
SEGURO,3252,152.80809184049315
SEGURO,3253,128.48113047675596
SEGURO,3254,141.98864131479962
SEGURO,3255,154.1038348489586
SEGURO,3256,154.74756870048736
SEGURO,3257,152.43347280351972
SEGURO,3258,153.73911296924013
SEGURO,3259,147.72082200852597
SEGURO,3260,136.37098625971555
SEGURO,3261,151.2258746885017
SEGURO,3262,149.0221748535712
SEGURO,3263,159.72380647132027
SEGURO,3264,153.77310290584222
SEGURO,3265,137.99990233837002
SEGURO,3266,157.76623180559804
SEGURO,3267,143.6607458140107
SEGURO,3268,137.63958493118355
SEGURO,3269,147.2279710000744
SEGURO,3270,160.50937642405583
SEGURO,3271,146.23201991418432
SEGURO,3272,144.65945214867992
SEGURO,3273,161.22349105929766
SEGURO,3274,137.8272509663707
SEGURO,3275,143.9851553611949
SEGURO,3276,144.31708523345318
SEGURO,3277,152.29817072684955
SEGURO,3278,155.4340955577189
SEGURO,3279,141.66523061359428
SEGURO,3280,147.50161070695657
SEGURO,3281,153.57419004903005
SEGURO,3282,148.20721583933098
SEGURO,3283,146.24735439464868
SEGURO,3284,150.13328355032203
SEGURO,3285,132.90843946553855
SEGURO,3286,161.54548263295638
SEGURO,3287,159.7110504231731
SEGURO,3288,135.91029900543066
SEGURO,3289,141.715119523402
SEGURO,3290,138.2141619091041
SEGURO,3291,139.90037255202128
SEGURO,3292,148.50058321619454
SEGURO,3293,161.941652839737
SEGURO,3294,133.91488380110607
SEGURO,3295,153.6608787128199
SEGURO,3296,163.50202521507373
SEGURO,3297,144.70846597835265
SEGURO,3298,144.86316846236647
SEGURO,3299,141.5401761528929
SEGURO,3300,157.21795536131657
SEGURO,3301,136.6968051136485
SEGURO,3302,142.60235671812453
SEGURO,3303,141.08588989700323
SEGURO,3304,141.29894735076377
SEGURO,3305,146.4045731247623
SEGURO,3306,145.57933239266103
SEGURO,3307,160.0301133588822
SEGURO,3308,142.4174310253673
SEGURO,3309,154.59776801403459
SEGURO,3310,158.05887225076842
SEGURO,3311,139.80496587469912
SEGURO,3312,143.0875661248438
SEGURO,3313,171.72322510930178
SEGURO,3314,155.56017576314335
SEGURO,3315,147.33611001119644
SEGURO,3316,150.14044801020015
SEGURO,3317,159.57281946834968
SEGURO,3318,158.1144228833127
SEGURO,3319,155.88538543166763
SEGURO,3320,146.93102315115422
SEGURO,3321,162.83003715943707
SEGURO,3322,157.97614230070363
SEGURO,3323,156.51797732784638
SEGURO,3324,149.21728011169765
SEGURO,3325,150.25284603415324
SEGURO,3326,163.32980025568895
SEGURO,3327,145.84579218506218
SEGURO,3328,161.5124552455788
SEGURO,3329,147.21443850342507
SEGURO,3330,154.42315766281476
SEGURO,3331,164.98127677830615
SEGURO,3332,159.23319680504048
SEGURO,3333,154.72820817653215
SEGURO,3334,142.37312008893133
SEGURO,3335,155.8117425282648
SEGURO,3336,153.61967696409974
SEGURO,3337,139.88593711598875
SEGURO,3338,158.32469310035654
SEGURO,3339,159.14506578673812
SEGURO,3340,171.14949101268638
SEGURO,3341,158.47402536583624
SEGURO,3342,147.61316621930524
SEGURO,3343,143.6985916061572
SEGURO,3344,146.44241878614412
SEGURO,3345,153.99030279616707
SEGURO,3346,159.50917016527583
SEGURO,3347,145.14956025226147
SEGURO,3348,152.31102548103007
SEGURO,3349,152.82221402265233
SEGURO,3350,161.69982059936368
SEGURO,3351,163.78922791053225
SEGURO,3352,144.8617688794176
SEGURO,3353,144.08655685716613
SEGURO,3354,160.8359702352046
SEGURO,3355,153.85771129200387
SEGURO,3356,154.66395363393528
SEGURO,3357,152.5477116676854
SEGURO,3358,149.88579324364508
SEGURO,3359,148.2020396777218
SEGURO,3360,141.8244256215772
SEGURO,3361,146.86392434109572
SEGURO,3362,161.29313760228888
SEGURO,3363,154.55498724826037
SEGURO,3364,153.3763693181095
SEGURO,3365,129.5526252125627
SEGURO,3366,149.7699530838627
SEGURO,3367,151.14026680058447
SEGURO,3368,150.89226904587076
SEGURO,3369,144.87994289745433
SEGURO,3370,162.21113207779428
SEGURO,3371,161.6131150917607
SEGURO,3372,141.2789490798992
SEGURO,3373,134.7022105668847
SEGURO,3374,164.10591579327973
SEGURO,3375,159.7451392805931
SEGURO,3376,156.7731424638251
SEGURO,3377,156.11193540379278
SEGURO,3378,142.22824016290824
SEGURO,3379,157.51601438670977
SEGURO,3380,138.1921837206392
SEGURO,3381,164.62986701838724
SEGURO,3382,132.90991615854563
SEGURO,3383,149.87176562092714
SEGURO,3384,139.77169754099387
SEGURO,3385,157.0340660072381
SEGURO,3386,157.57633421812423
SEGURO,3387,151.01833577857312
SEGURO,3388,147.72738666768694
SEGURO,3389,153.31042679295226
SEGURO,3390,163.6332787480488
SEGURO,3391,145.0344250479103
SEGURO,3392,157.5423270968373
SEGURO,3393,160.2795909525091
SEGURO,3394,159.11792907441296
SEGURO,3395,142.60565732653055
SEGURO,3396,145.94677847416241
SEGURO,3397,143.43114427547403
SEGURO,3398,139.44750347837189
SEGURO,3399,149.51755632429973
SEGURO,3400,158.87198296808947
SEGURO,3401,149.32433575382592
SEGURO,3402,154.03533529696338
SEGURO,3403,151.02054118537717
SEGURO,3404,135.9100005282488
SEGURO,3405,155.70316164578514
SEGURO,3406,150.60395167368296
SEGURO,3407,161.1081278762082
SEGURO,3408,150.4841507067597
SEGURO,3409,148.64412752264116
SEGURO,3410,154.10131829887763
SEGURO,3411,152.25383120989125
SEGURO,3412,155.75880109347077
SEGURO,3413,151.71947062712027
SEGURO,3414,147.04882781627208
SEGURO,3415,151.6968443318659
SEGURO,3416,159.41599901074267
SEGURO,3417,150.91843186522496
SEGURO,3418,149.97100229199216
SEGURO,3419,149.83069064120215
SEGURO,3420,148.63083138350476
SEGURO,3421,166.33482610336034
SEGURO,3422,154.83625185683377
SEGURO,3423,165.88608583116127
SEGURO,3424,136.09341549122797
SEGURO,3425,162.5776439973267
SEGURO,3426,155.0711537033046
SEGURO,3427,145.5094733219395
SEGURO,3428,155.6541047475327
SEGURO,3429,138.39989560896512
SEGURO,3430,146.2949853095198
SEGURO,3431,155.10697460788353
SEGURO,3432,139.95128208294463
SEGURO,3433,160.7037250086823
SEGURO,3434,134.85935901782025
SEGURO,3435,162.5043586194759
SEGURO,3436,138.46276025536744
SEGURO,3437,154.6322954117882
SEGURO,3438,160.80062849512282
SEGURO,3439,152.40260549721555
SEGURO,3440,158.01697400007916
SEGURO,3441,132.8358467605715
SEGURO,3442,154.44605363909463
SEGURO,3443,151.42662567824445
SEGURO,3444,162.95033168740093
SEGURO,3445,146.00195620423344
SEGURO,3446,137.79162916788783
SEGURO,3447,151.76774789070276
SEGURO,3448,142.42371801576195
SEGURO,3449,153.05391226906212
SEGURO,3450,145.8269251248326
SEGURO,3451,153.8764298575806
SEGURO,3452,160.3991991684756
SEGURO,3453,155.3393871603667
SEGURO,3454,149.84224196343195
SEGURO,3455,164.08796940230837
SEGURO,3456,149.05480723063775
SEGURO,3457,151.54963411759172
SEGURO,3458,148.43204410054503
SEGURO,3459,146.34709412785458
SEGURO,3460,156.7617707722767
SEGURO,3461,149.10705971042756
SEGURO,3462,149.24445712019457
SEGURO,3463,147.6538440220555
SEGURO,3464,139.03447837857095
SEGURO,3465,147.86915013283377
SEGURO,3466,150.43404756670358
SEGURO,3467,138.88226975284684
SEGURO,3468,136.2939964620524
SEGURO,3469,156.9977170453337
SEGURO,3470,145.9412947977058
SEGURO,3471,158.31169428162818
SEGURO,3472,153.00027481201954
SEGURO,3473,157.74752169590394
SEGURO,3474,147.71245423924975
SEGURO,3475,142.8503912640318
SEGURO,3476,160.94874010606807
SEGURO,3477,145.58204190968198
SEGURO,3478,162.65119126904366
SEGURO,3479,136.07639669219316
SEGURO,3480,156.92081203711987
SEGURO,3481,137.72919883727428
SEGURO,3482,140.0110796806465
SEGURO,3483,151.47366522963458
SEGURO,3484,153.1242225315925
SEGURO,3485,154.03083761425182
SEGURO,3486,141.30101343602442
SEGURO,3487,151.06477892818677
SEGURO,3488,134.22762274459836
SEGURO,3489,151.0163492023894
SEGURO,3490,142.63656441001046
SEGURO,3491,141.08408920514594
SEGURO,3492,145.06825721615672
SEGURO,3493,158.6076609663562
SEGURO,3494,154.51370698068087
SEGURO,3495,157.9987106643185
SEGURO,3496,151.88023247972293
SEGURO,3497,137.75992426010055
SEGURO,3498,158.44638396991454
SEGURO,3499,169.10226947296937
SEGURO,3500,134.11614290427258
SEGURO,3501,162.60227745959227
SEGURO,3502,144.54161793284055
SEGURO,3503,147.56234175123714
SEGURO,3504,143.57971183813848
SEGURO,3505,143.48752078699772
SEGURO,3506,156.69939977317463
SEGURO,3507,149.28176031114668
SEGURO,3508,150.60975102948834
SEGURO,3509,155.32007681098898
SEGURO,3510,146.2144659431996
SEGURO,3511,146.03891912997818
SEGURO,3512,166.23376044485258
SEGURO,3513,152.7670130987863
SEGURO,3514,156.06439281893628
SEGURO,3515,149.1706004006359
SEGURO,3516,136.58757957310058
SEGURO,3517,145.5738512346032
SEGURO,3518,149.13529512648861
SEGURO,3519,136.74748893058046
SEGURO,3520,151.15507690391271
SEGURO,3521,149.9541273372064
SEGURO,3522,150.9608164165454
SEGURO,3523,154.5260999558998
SEGURO,3524,154.11679262037407
SEGURO,3525,155.96701453122034
SEGURO,3526,143.107158613243
SEGURO,3527,144.71228078855128
SEGURO,3528,152.8317517060732
SEGURO,3529,138.47543663688808
SEGURO,3530,170.72916732281396
SEGURO,3531,161.61884843124125
SEGURO,3532,147.35008529535094
SEGURO,3533,144.5008098880599
SEGURO,3534,164.2743128760966
SEGURO,3535,148.9867527563943
SEGURO,3536,149.50028613495994
SEGURO,3537,141.33348822727734
SEGURO,3538,151.6447969755274
SEGURO,3539,140.85501092019322
SEGURO,3540,160.89330834960512
SEGURO,3541,149.29815792332172
SEGURO,3542,148.7280209772725
SEGURO,3543,147.3697263020708
SEGURO,3544,143.56088613016465
SEGURO,3545,160.50742549320327
SEGURO,3546,143.67075940298923
SEGURO,3547,137.39325513479278
SEGURO,3548,143.61408229439508
SEGURO,3549,151.69486746600273
SEGURO,3550,148.94601903116634
SEGURO,3551,156.75181734929126
SEGURO,3552,144.66554999969622
SEGURO,3553,149.95202578186252
SEGURO,3554,165.6305446317397
SEGURO,3555,136.85653932303399
SEGURO,3556,146.1211131922298
SEGURO,3557,144.72814537649217
SEGURO,3558,149.80166023794033
SEGURO,3559,148.02039068186357
SEGURO,3560,156.17124203495234
SEGURO,3561,148.0419077160185
SEGURO,3562,141.17487498922333
SEGURO,3563,146.21950213120311
SEGURO,3564,133.78789168441074
SEGURO,3565,149.94968990506285
SEGURO,3566,153.0521078483337
SEGURO,3567,156.40718442660696
SEGURO,3568,150.39730899554343
SEGURO,3569,155.83606903513913
SEGURO,3570,151.48106540069713
SEGURO,3571,152.47792201091815
SEGURO,3572,136.72361155546196
SEGURO,3573,153.5837407354092
SEGURO,3574,152.09078700204012
SEGURO,3575,147.1100012821142
SEGURO,3576,160.37085408175864
SEGURO,3577,157.56338096284313
SEGURO,3578,160.22634785743682
SEGURO,3579,155.78123032365465
SEGURO,3580,147.67188860793604
SEGURO,3581,144.60059663086636
SEGURO,3582,154.53794935877693
SEGURO,3583,150.97283278695622
SEGURO,3584,143.9988177508323
SEGURO,3585,152.66274839917787
SEGURO,3586,145.3898413741832
SEGURO,3587,159.07458511902206
SEGURO,3588,160.08626605373075
SEGURO,3589,151.69415979660857
SEGURO,3590,154.1947924468449
SEGURO,3591,147.20358402049646
SEGURO,3592,158.92273725192533
SEGURO,3593,161.09789011727534
SEGURO,3594,144.37969608020296
SEGURO,3595,126.79615558868359
SEGURO,3596,156.61917480384946
SEGURO,3597,149.1683268676393
SEGURO,3598,142.6458635593589
SEGURO,3599,162.1892438733609
SEGURO,3600,148.0005377575348
SEGURO,3601,166.04316579821992
SEGURO,3602,132.13908066259282
SEGURO,3603,147.1498967187417
SEGURO,3604,142.9249724711128
SEGURO,3605,149.0209191175781
SEGURO,3606,152.46575178125417
SEGURO,3607,139.72614128692481
SEGURO,3608,131.83335061886604
SEGURO,3609,144.1000961342894
SEGURO,3610,136.811837549873
SEGURO,3611,156.47617054828777
SEGURO,3612,156.78867152326623
SEGURO,3613,137.13892372484256
SEGURO,3614,146.94135929657597
SEGURO,3615,153.7134345696075
SEGURO,3616,149.50894087211086
SEGURO,3617,159.8345103345246
SEGURO,3618,144.22708500999028
SEGURO,3619,142.5231589414532
SEGURO,3620,140.37161412656968
SEGURO,3621,141.75135471785848
SEGURO,3622,156.42135172486735
SEGURO,3623,155.54109186855382
SEGURO,3624,150.3960238187479
SEGURO,3625,139.73157688276723
SEGURO,3626,148.2593287512153
SEGURO,3627,152.57617427753772
SEGURO,3628,141.0044649832833
SEGURO,3629,142.7075507108176
SEGURO,3630,150.67744685918453
SEGURO,3631,142.50434153992757
SEGURO,3632,143.5117630839116
SEGURO,3633,146.98081977215685
SEGURO,3634,136.26984689600707
SEGURO,3635,148.35489194885506
SEGURO,3636,146.26537535350997
SEGURO,3637,168.86719730561873
SEGURO,3638,137.87935934607685
SEGURO,3639,143.99986341019874
SEGURO,3640,141.17238339236863
SEGURO,3641,145.91897891903756
SEGURO,3642,158.0093869912236
SEGURO,3643,147.78298978315374
SEGURO,3644,159.6420521866393
SEGURO,3645,143.54897870490507
SEGURO,3646,144.05997965635947
SEGURO,3647,155.7452609925402
SEGURO,3648,144.9942219962297
SEGURO,3649,148.60357776055216
SEGURO,3650,151.30071697926851
SEGURO,3651,141.566589017875
SEGURO,3652,153.91147199984263
SEGURO,3653,154.60905779538348
SEGURO,3654,152.87678183767358
SEGURO,3655,152.78655635840178
SEGURO,3656,146.68656968421013
SEGURO,3657,161.5323200603313
SEGURO,3658,160.53055841167236
SEGURO,3659,151.81110454995957
SEGURO,3660,154.598738319818
SEGURO,3661,158.99945530830507
SEGURO,3662,145.05952313731183
SEGURO,3663,157.25271927878617
SEGURO,3664,148.4653683696842
SEGURO,3665,145.6549107062486
SEGURO,3666,143.6438407696508
SEGURO,3667,156.1455976317467
SEGURO,3668,165.71102573558372
SEGURO,3669,158.89270259703488
SEGURO,3670,132.2992374554337
SEGURO,3671,142.72084106803632
SEGURO,3672,129.41666378718318
SEGURO,3673,142.26506157317897
SEGURO,3674,161.01401157601742
SEGURO,3675,145.80345137748648
SEGURO,3676,144.14860701728028
SEGURO,3677,152.75558800926498
SEGURO,3678,135.09605659303054
SEGURO,3679,161.70655526993616
SEGURO,3680,149.78250636766626
SEGURO,3681,139.10709368351016
SEGURO,3682,152.4044554310807
SEGURO,3683,134.40485940971908
SEGURO,3684,157.01519749750392
SEGURO,3685,139.8970269030538
SEGURO,3686,145.95191478754333
SEGURO,3687,154.00350306375066
SEGURO,3688,142.44493998481298
SEGURO,3689,151.60228123973545
SEGURO,3690,145.63109659792315
SEGURO,3691,151.64544218711438
SEGURO,3692,139.25908126937202
SEGURO,3693,148.63704459074145
SEGURO,3694,154.01360643589896
SEGURO,3695,144.62675996977646
SEGURO,3696,133.6314129236677
SEGURO,3697,147.9840771442635
SEGURO,3698,141.85842544092563
SEGURO,3699,158.8351970270005
SEGURO,3700,142.40571781731143
SEGURO,3701,148.15743963328237
SEGURO,3702,151.9741476213207
SEGURO,3703,141.40683627329028
SEGURO,3704,162.21718678110915
SEGURO,3705,161.40549266686006
SEGURO,3706,161.78011955453732
SEGURO,3707,146.4849803473578
SEGURO,3708,146.74585202079143
SEGURO,3709,158.2825486270028
SEGURO,3710,140.50387834645034
SEGURO,3711,152.021899858844
SEGURO,3712,144.88038707485921
SEGURO,3713,140.13380443184073
SEGURO,3714,154.9689674228016
SEGURO,3715,150.8831726610613
SEGURO,3716,151.26982071474575
SEGURO,3717,147.56174840325852
SEGURO,3718,147.374459207848
SEGURO,3719,149.03869389826758
SEGURO,3720,150.68994952665724
SEGURO,3721,155.9129768681073
SEGURO,3722,144.97002605676062
SEGURO,3723,139.08920440047513
SEGURO,3724,153.71457377053267
SEGURO,3725,124.62454978113917
SEGURO,3726,148.36010122438174
SEGURO,3727,136.99885686659383
SEGURO,3728,142.56365902664348
SEGURO,3729,137.820948177638
SEGURO,3730,157.53819120056804
SEGURO,3731,155.67460204639505
SEGURO,3732,146.031790118014
SEGURO,3733,150.5347516333249
SEGURO,3734,161.38806491061194
SEGURO,3735,148.2517090862362
SEGURO,3736,150.6081842547256
SEGURO,3737,145.53815702164414
SEGURO,3738,163.73996152827266
SEGURO,3739,154.18296400360452
SEGURO,3740,157.87130850995072
SEGURO,3741,137.74118917855424
SEGURO,3742,150.7187524968865
SEGURO,3743,156.54335664395538
SEGURO,3744,155.45598429574667
SEGURO,3745,155.4446497890484
SEGURO,3746,150.98879994103407
SEGURO,3747,152.69868804329383
SEGURO,3748,149.78266430934661
SEGURO,3749,137.18595101254684
SEGURO,3750,151.48319350225572
SEGURO,3751,159.38448764051083
SEGURO,3752,151.40695276660279
SEGURO,3753,149.41776732623728
SEGURO,3754,160.14033365413923
SEGURO,3755,136.88812172040625
SEGURO,3756,150.5441850690085
SEGURO,3757,135.15746441276784
SEGURO,3758,142.20197071735112
SEGURO,3759,155.9976735520413
SEGURO,3760,152.03647987914636
SEGURO,3761,150.7460605680399
SEGURO,3762,136.12416093063726
SEGURO,3763,152.44690260760896
SEGURO,3764,151.7075375899533
SEGURO,3765,146.1366726799438
SEGURO,3766,148.7715711736172
SEGURO,3767,140.1245998966464
SEGURO,3768,140.75702221907298
SEGURO,3769,147.20062266618393
SEGURO,3770,138.0767273513528
SEGURO,3771,154.0250028090754
SEGURO,3772,151.398665177085
SEGURO,3773,152.38792513769016
SEGURO,3774,140.16823276425268
SEGURO,3775,156.16031595994713
SEGURO,3776,143.64397441127562
SEGURO,3777,138.8984315884489
SEGURO,3778,137.27893419411856
SEGURO,3779,145.11294283544203
SEGURO,3780,146.88626717196706
SEGURO,3781,152.78353810693673
SEGURO,3782,142.53727124249653
SEGURO,3783,150.2969669477913
SEGURO,3784,161.9763346439591
SEGURO,3785,132.7076218936931
SEGURO,3786,149.67865938129432
SEGURO,3787,158.38440900637647
SEGURO,3788,156.17068168893962
SEGURO,3789,146.33048913373904
SEGURO,3790,162.75271916265487
SEGURO,3791,154.5222963876709
SEGURO,3792,156.98883918900063
SEGURO,3793,158.9650566732315
SEGURO,3794,146.8381955646405
SEGURO,3795,147.24624418220793
SEGURO,3796,149.87289616043384
SEGURO,3797,141.0854007598707
SEGURO,3798,131.176192582913
SEGURO,3799,129.30892313617755
SEGURO,3800,142.52208382096887
SEGURO,3801,146.53985818098434
SEGURO,3802,149.31314212904527
SEGURO,3803,150.50661953373015
SEGURO,3804,138.78972411339643
SEGURO,3805,136.27590221092166
SEGURO,3806,151.67504517674521
SEGURO,3807,141.94991027697358
SEGURO,3808,153.54226072360066
SEGURO,3809,151.87045975662824
SEGURO,3810,144.77752624742226
SEGURO,3811,164.85618847584192
SEGURO,3812,152.09189529275847
SEGURO,3813,151.9807033995645
SEGURO,3814,151.57463645246315
SEGURO,3815,146.7565561387716
SEGURO,3816,142.3900552207805
SEGURO,3817,144.25601183938838
SEGURO,3818,163.43546663168948
SEGURO,3819,149.0312176475823
SEGURO,3820,155.66772519033782
SEGURO,3821,146.5556737448619
SEGURO,3822,142.02561052487152
SEGURO,3823,148.2456205069005
SEGURO,3824,155.97919736131558
SEGURO,3825,152.57781125708422
SEGURO,3826,159.3604651613523
SEGURO,3827,144.27464559763848
SEGURO,3828,154.7831159849648
SEGURO,3829,146.21878421386947
SEGURO,3830,163.03870458075517
SEGURO,3831,144.8997020954321
SEGURO,3832,152.40861820358492
SEGURO,3833,144.7999826132869
SEGURO,3834,152.49660475365857
SEGURO,3835,156.0795354499379
SEGURO,3836,142.91854829889547
SEGURO,3837,155.56201620479396
SEGURO,3838,152.26043969346546
SEGURO,3839,139.43262636717571
SEGURO,3840,145.27293690849712
SEGURO,3841,148.05237874112325
SEGURO,3842,133.66534529014183
SEGURO,3843,150.25847021854403
SEGURO,3844,135.3777840057629
SEGURO,3845,161.58440185410072
SEGURO,3846,149.01208794156517
SEGURO,3847,152.3404227102511
SEGURO,3848,132.10611763261812
SEGURO,3849,155.93896923171744
SEGURO,3850,146.56272955117188
SEGURO,3851,152.65602975384454
SEGURO,3852,175.06451318422037
SEGURO,3853,144.65663217718813
SEGURO,3854,145.23530424326273
SEGURO,3855,141.8951616654565
SEGURO,3856,156.36457789264438
SEGURO,3857,141.2033141452161
SEGURO,3858,136.65816592323222
SEGURO,3859,146.892705544338
SEGURO,3860,139.41094437777673
SEGURO,3861,155.34204115447127
SEGURO,3862,151.99374888567039
SEGURO,3863,135.28042625839285
SEGURO,3864,149.2729680848408
SEGURO,3865,143.5415364637006
SEGURO,3866,149.93365316229347
SEGURO,3867,157.50178704308368
SEGURO,3868,144.86115350448551
SEGURO,3869,157.76287013423345
SEGURO,3870,153.83905211416263
SEGURO,3871,155.4578748900369
SEGURO,3872,153.70294478246944
SEGURO,3873,147.370562504701
SEGURO,3874,148.96402544162197
SEGURO,3875,156.17723421162322
SEGURO,3876,148.7084831498873
SEGURO,3877,162.6286917039659
SEGURO,3878,133.11864218731301
SEGURO,3879,144.50867425950707
SEGURO,3880,158.51764619446053
SEGURO,3881,142.9681736709239
SEGURO,3882,159.53847518569916
SEGURO,3883,141.24890682024716
SEGURO,3884,134.56647747140133
SEGURO,3885,153.40605346120225
SEGURO,3886,150.09612680742399
SEGURO,3887,140.23361061972955
SEGURO,3888,157.56175505355452
SEGURO,3889,153.79478708121542
SEGURO,3890,136.41869918229582
SEGURO,3891,145.33297252350147
SEGURO,3892,149.62860003818034
SEGURO,3893,155.54369681358892
SEGURO,3894,152.9957289659671
SEGURO,3895,143.0942622352444
SEGURO,3896,156.72661781943532
SEGURO,3897,154.28973532527922
SEGURO,3898,156.95017375324792
SEGURO,3899,159.72487935911312
SEGURO,3900,142.40998666007937
SEGURO,3901,146.7419803094725
SEGURO,3902,154.01202229207186
SEGURO,3903,153.4938346654687
SEGURO,3904,145.28456568510936
SEGURO,3905,151.19719271160113
SEGURO,3906,143.33919743928888
SEGURO,3907,147.7025621473781
SEGURO,3908,146.75043404382595
SEGURO,3909,140.27002303502258
SEGURO,3910,147.4441599998527
SEGURO,3911,148.42716903565832
SEGURO,3912,143.45670296338963
SEGURO,3913,142.31535808912034
SEGURO,3914,137.5701231773233
SEGURO,3915,149.34876714255577
SEGURO,3916,153.2009201986785
SEGURO,3917,142.00136918387966
SEGURO,3918,148.5582431608193
SEGURO,3919,154.81401561404937
SEGURO,3920,147.71378641683063
SEGURO,3921,151.0800654883391
SEGURO,3922,147.73262305935708
SEGURO,3923,141.7989361877846
SEGURO,3924,156.1106757868881
SEGURO,3925,139.76864945958326
SEGURO,3926,151.44019935725717
SEGURO,3927,150.4957482741388
SEGURO,3928,147.40079686199653
SEGURO,3929,151.59407046595842
SEGURO,3930,131.8182542642899
SEGURO,3931,152.114693267375
SEGURO,3932,142.77878508112792
SEGURO,3933,158.0301748830809
SEGURO,3934,162.02600106540854
SEGURO,3935,131.57665082384403
SEGURO,3936,146.76567411930154
SEGURO,3937,141.70394236859818
SEGURO,3938,147.88180069827794
SEGURO,3939,142.35156858975702
SEGURO,3940,146.85881716441227
SEGURO,3941,144.76978756070133
SEGURO,3942,149.6202537393351
SEGURO,3943,141.76273365450206
SEGURO,3944,158.7253169625959
SEGURO,3945,146.27890152470468
SEGURO,3946,137.56086660165184
SEGURO,3947,144.98158077686753
SEGURO,3948,149.19938031418084
SEGURO,3949,148.30666767003956
SEGURO,3950,135.1254283782562
SEGURO,3951,150.99169174310012
SEGURO,3952,153.8716387228691
SEGURO,3953,154.87269603060267
SEGURO,3954,147.19428764884194
SEGURO,3955,145.27441048729247
SEGURO,3956,140.71779167110705
SEGURO,3957,149.70381647297478
SEGURO,3958,142.41546191398743
SEGURO,3959,153.9874898342746
SEGURO,3960,154.61565275451895
SEGURO,3961,140.75857146821497
SEGURO,3962,160.31004805516613
SEGURO,3963,150.21498256760987
SEGURO,3964,168.02143199647733
SEGURO,3965,159.5932063787218
SEGURO,3966,147.80521625963976
SEGURO,3967,143.45162163454262
SEGURO,3968,152.30678536375112
SEGURO,3969,147.96398461437641
SEGURO,3970,151.52728877348875
SEGURO,3971,156.14369703705162
SEGURO,3972,143.75456524431064
SEGURO,3973,138.7919566650072
SEGURO,3974,148.07409834468098
SEGURO,3975,137.9220562530058
SEGURO,3976,150.27604312952732
SEGURO,3977,130.9746558590059
SEGURO,3978,144.2575243527542
SEGURO,3979,144.42394094932044
SEGURO,3980,143.1037331300623
SEGURO,3981,152.80069399338947
SEGURO,3982,135.4031464914491
SEGURO,3983,147.90936718857498
SEGURO,3984,152.2274846832051
SEGURO,3985,150.1528888156657
SEGURO,3986,141.32848402487227
SEGURO,3987,155.42993412017768
SEGURO,3988,157.72621947557764
SEGURO,3989,152.85881175566544
SEGURO,3990,150.77384582081058
SEGURO,3991,137.0519481589493
SEGURO,3992,149.0006599362682
SEGURO,3993,148.47274076759376
SEGURO,3994,144.77567551726935
SEGURO,3995,145.06434530671058
SEGURO,3996,154.00690358046526
SEGURO,3997,143.54096074428514
SEGURO,3998,144.20456836942378
SEGURO,3999,146.52295504359915
SEGURO,4000,143.08647006709845
SEGURO,4001,150.3208951377807
SEGURO,4002,154.24589880289003
SEGURO,4003,147.7152754726246
SEGURO,4004,163.12191150281333
SEGURO,4005,159.85351013799425
SEGURO,4006,148.60786199828613
SEGURO,4007,138.86532656620568
SEGURO,4008,148.88549010027035
SEGURO,4009,141.34541186577383
SEGURO,4010,148.8636342859166
SEGURO,4011,167.7025840818633
SEGURO,4012,137.11714150611235
SEGURO,4013,140.00574116589632
SEGURO,4014,156.39044119651683
SEGURO,4015,161.00628422834723
SEGURO,4016,155.2688121770357
SEGURO,4017,146.4244395636467
SEGURO,4018,155.20161708837068
SEGURO,4019,152.10654646729836
SEGURO,4020,160.6613674260332
SEGURO,4021,148.440546212034
SEGURO,4022,148.0806279362142
SEGURO,4023,136.9976510606388
SEGURO,4024,155.45478217691868
SEGURO,4025,155.89695677423913
SEGURO,4026,132.5336636564128
SEGURO,4027,150.52167899594332
SEGURO,4028,149.28259837696564
SEGURO,4029,147.0016730569004
SEGURO,4030,157.09165704039728
SEGURO,4031,146.3091966025558
SEGURO,4032,147.72961913921824
SEGURO,4033,156.53864690673743
SEGURO,4034,149.61896353596768
SEGURO,4035,138.2690904465189
SEGURO,4036,137.75441377907327
SEGURO,4037,153.28329151837607
SEGURO,4038,141.59925447805213
SEGURO,4039,152.1882794324825
SEGURO,4040,144.90125138123867
SEGURO,4041,147.11460728736503
SEGURO,4042,134.7434108499074
SEGURO,4043,150.03224566269682
SEGURO,4044,153.44351401490508
SEGURO,4045,146.28409800607614
SEGURO,4046,152.78197962443417
SEGURO,4047,160.77988188077964
SEGURO,4048,145.20103718535796
SEGURO,4049,165.42950275808292
SEGURO,4050,142.16662724709752
SEGURO,4051,149.25805026117112
SEGURO,4052,141.7051815867675
SEGURO,4053,145.93917012173557
SEGURO,4054,144.14253560326668
SEGURO,4055,143.89234470185053
SEGURO,4056,150.6788991920519
SEGURO,4057,165.69110924578118
SEGURO,4058,141.91216570884683
SEGURO,4059,144.6851646387338
SEGURO,4060,151.87442282357645
SEGURO,4061,153.84957003361632
SEGURO,4062,131.2431909548227
SEGURO,4063,140.08839735322482
SEGURO,4064,144.73523764044987
SEGURO,4065,166.07770585519097
SEGURO,4066,143.4713685952779
SEGURO,4067,146.68441634324572
SEGURO,4068,147.37044667600227
SEGURO,4069,165.7299996294035
SEGURO,4070,157.93247636782093
SEGURO,4071,141.85089243100154
SEGURO,4072,154.71464968984301
SEGURO,4073,140.70283085995564
SEGURO,4074,152.624477512156
SEGURO,4075,150.2223159379358
SEGURO,4076,146.92715613345402
SEGURO,4077,148.32109838145016
SEGURO,4078,145.3210373591966
SEGURO,4079,152.00419215025133
SEGURO,4080,145.2691180201722
SEGURO,4081,146.54212441636022
SEGURO,4082,158.7329902600655
SEGURO,4083,159.66907728695298
SEGURO,4084,141.68925237121155
SEGURO,4085,147.022076643147
SEGURO,4086,149.6789128932901
SEGURO,4087,142.5044268541558
SEGURO,4088,139.29523354552114
SEGURO,4089,143.16093187386087
SEGURO,4090,142.23519563746814
SEGURO,4091,141.22936927018446
SEGURO,4092,153.4728860332962
SEGURO,4093,151.6308744764716
SEGURO,4094,145.00471785028842
SEGURO,4095,133.9226284646814
SEGURO,4096,143.6943608694353
SEGURO,4097,161.85998873254658
SEGURO,4098,162.4505818841667
SEGURO,4099,138.6005376761024
SEGURO,4100,146.64819289717275
SEGURO,4101,163.12878351427847
SEGURO,4102,156.98686966216127
SEGURO,4103,139.7190871000402
SEGURO,4104,148.1094473829988
SEGURO,4105,154.9690534315211
SEGURO,4106,138.29331263360888
SEGURO,4107,149.0370105037588
SEGURO,4108,172.5014515054483
SEGURO,4109,143.59158553430862
SEGURO,4110,148.84834759303473
SEGURO,4111,152.69091996939753
SEGURO,4112,146.06056791330283
SEGURO,4113,126.79860539700398
SEGURO,4114,152.49632806354825
SEGURO,4115,142.59864852538598
SEGURO,4116,145.80438701804823
SEGURO,4117,156.94891688434814
SEGURO,4118,169.21000727607708
SEGURO,4119,149.344132911115
SEGURO,4120,149.74409576756815
SEGURO,4121,141.56112148678008
SEGURO,4122,142.38179467934333
SEGURO,4123,153.75766080656862
SEGURO,4124,140.75441866336422
SEGURO,4125,143.809799515828
SEGURO,4126,149.6131808471686
SEGURO,4127,146.11249290783232
SEGURO,4128,161.99897184731407
SEGURO,4129,143.85261419866615
SEGURO,4130,161.98377537109488
SEGURO,4131,147.68450280658377
SEGURO,4132,150.8261351555683
SEGURO,4133,127.90104764818759
SEGURO,4134,146.70866917989102
SEGURO,4135,148.4932141650023
SEGURO,4136,150.85362702127634
SEGURO,4137,139.6195008198562
SEGURO,4138,155.87027138958558
SEGURO,4139,153.46030415538186
SEGURO,4140,152.2150869678904
SEGURO,4141,140.06619191687898
SEGURO,4142,147.37590508229346
SEGURO,4143,143.43909858566045
SEGURO,4144,161.533668272541
SEGURO,4145,153.36595786324162
SEGURO,4146,153.036156723522
SEGURO,4147,151.24432588994034
SEGURO,4148,135.47627934622727
SEGURO,4149,159.0674886828515
SEGURO,4150,154.20014266477645
SEGURO,4151,146.80540724999958
SEGURO,4152,133.80793312580474
SEGURO,4153,143.18205278889738
SEGURO,4154,139.57437097441354
SEGURO,4155,160.89436919913916
SEGURO,4156,145.69886457040423
SEGURO,4157,147.2725079518272
SEGURO,4158,143.8734250398369
SEGURO,4159,147.63608363420315
SEGURO,4160,147.71280724082007
SEGURO,4161,144.6120186426797
SEGURO,4162,168.30189751803812
SEGURO,4163,145.1247260897911
SEGURO,4164,158.34460154140714
SEGURO,4165,150.46993046000912
SEGURO,4166,139.5523984670107
SEGURO,4167,144.060033885974
SEGURO,4168,151.05124944564935
SEGURO,4169,130.47701987963495
SEGURO,4170,147.2400079518384
SEGURO,4171,146.3011521146272
SEGURO,4172,137.1594407803824
SEGURO,4173,150.18282584108994
SEGURO,4174,161.11180174341226
SEGURO,4175,131.99897128839672
SEGURO,4176,155.35241760114133
SEGURO,4177,155.45491542661318
SEGURO,4178,153.56655281714606
SEGURO,4179,152.23911197387355
SEGURO,4180,150.10621889582433
SEGURO,4181,146.9843552901558
SEGURO,4182,160.49053665310507
SEGURO,4183,161.75639716544873
SEGURO,4184,148.25038540702826
SEGURO,4185,150.65490950405004
SEGURO,4186,145.10812915833336
SEGURO,4187,151.8486047850939
SEGURO,4188,144.414291442174
SEGURO,4189,153.34985158408105
SEGURO,4190,158.13447175939862
SEGURO,4191,147.2809561877964
SEGURO,4192,154.77811283728445
SEGURO,4193,165.16908522210093
SEGURO,4194,159.7003943782697
SEGURO,4195,152.71901599566715
SEGURO,4196,136.58357071072842
SEGURO,4197,154.99745770520198
SEGURO,4198,132.91657374987224
SEGURO,4199,149.956995381847
SEGURO,4200,138.25141384623512
SEGURO,4201,129.93419295590124
SEGURO,4202,146.23590345187162
SEGURO,4203,145.7882721140097
SEGURO,4204,161.64192971665767
SEGURO,4205,165.8565563074193
SEGURO,4206,138.4814559519911
SEGURO,4207,142.60833918231708
SEGURO,4208,155.8979355258465
SEGURO,4209,144.86019505711224
SEGURO,4210,160.5448775534363
SEGURO,4211,142.82975526940817
SEGURO,4212,133.9492743264101
SEGURO,4213,151.361057777981
SEGURO,4214,143.0980319491802
SEGURO,4215,138.30826428769808
SEGURO,4216,156.5744197799521
SEGURO,4217,148.4806051303768
SEGURO,4218,161.34479722008936
SEGURO,4219,163.4997179243437
SEGURO,4220,150.98984842330162
SEGURO,4221,166.1572121247516
SEGURO,4222,151.60373216868572
SEGURO,4223,156.92844719564408
SEGURO,4224,143.81072924661322
SEGURO,4225,141.4918954215176
SEGURO,4226,148.27574662035735
SEGURO,4227,143.58481843101032
SEGURO,4228,149.14272356538248
SEGURO,4229,144.94258705270553
SEGURO,4230,152.8284410033706
SEGURO,4231,153.0112499815484
SEGURO,4232,141.6434860413074
SEGURO,4233,146.8741980601237
SEGURO,4234,138.29967872851316
SEGURO,4235,141.67960444979607
SEGURO,4236,153.70765290185875
SEGURO,4237,150.2695099459697
SEGURO,4238,141.261622961047
SEGURO,4239,154.24263739115233
SEGURO,4240,141.71911908092864
SEGURO,4241,147.49249218882025
SEGURO,4242,145.12083798144312
SEGURO,4243,141.91403863127283
SEGURO,4244,141.76738586874166
SEGURO,4245,155.37537681521223
SEGURO,4246,168.2050810649108
SEGURO,4247,160.56550761973895
SEGURO,4248,158.6110808232135
SEGURO,4249,137.28638628919498
SEGURO,4250,157.35594683343325
SEGURO,4251,158.36213614723576
SEGURO,4252,154.29321840704642
SEGURO,4253,154.94905590131285
SEGURO,4254,163.3976700278647
SEGURO,4255,137.9650278396041
SEGURO,4256,154.69825095030197
SEGURO,4257,150.80221251924462
SEGURO,4258,139.37457201211728
SEGURO,4259,150.4918550690881
SEGURO,4260,157.32299694596418
SEGURO,4261,147.1649404068512
SEGURO,4262,152.02598827905567
SEGURO,4263,145.5631342793655
SEGURO,4264,137.37279568655626
SEGURO,4265,158.07433687746348
SEGURO,4266,137.86941469700855
SEGURO,4267,162.16685737633398
SEGURO,4268,139.36413187301235
SEGURO,4269,154.66278654900114
SEGURO,4270,150.56975677675734
SEGURO,4271,149.57922136539977
SEGURO,4272,144.69380375302217
SEGURO,4273,145.05977713612054
SEGURO,4274,146.84984881407067
SEGURO,4275,141.20196224075724
SEGURO,4276,167.83920462147256
SEGURO,4277,144.34973779285193
SEGURO,4278,139.8811150284119
SEGURO,4279,156.04008796744438
SEGURO,4280,145.77509499989827
SEGURO,4281,161.23829540378756
SEGURO,4282,152.67367660964467
SEGURO,4283,141.47088103767084
SEGURO,4284,147.22090155352825
SEGURO,4285,125.78807008656052
SEGURO,4286,128.16850798072687
SEGURO,4287,137.01950099756925
SEGURO,4288,132.14557576581723
SEGURO,4289,152.55905348123503
SEGURO,4290,149.0962276484056
SEGURO,4291,133.59036361572856
SEGURO,4292,155.44410939832144
SEGURO,4293,144.82105249842675
SEGURO,4294,151.6777659921817
SEGURO,4295,147.52686095825308
SEGURO,4296,150.43239207974347
SEGURO,4297,143.84258051800776
SEGURO,4298,139.15826997426083
SEGURO,4299,158.8046890638213
SEGURO,4300,151.29645973522292
SEGURO,4301,152.19457214811865
SEGURO,4302,170.2072875737016
SEGURO,4303,152.70871263548062
SEGURO,4304,139.82582084279184
SEGURO,4305,163.69041838091667
SEGURO,4306,132.83919293559396
SEGURO,4307,158.9826248727441
SEGURO,4308,137.05397974171504
SEGURO,4309,163.7191635321108
SEGURO,4310,158.56388503599914
SEGURO,4311,143.4434911408023
SEGURO,4312,139.39543011360055
SEGURO,4313,145.83030130478878
SEGURO,4314,160.22237598009497
SEGURO,4315,152.13004945079928
SEGURO,4316,151.19352666068406
SEGURO,4317,166.78095608357663
SEGURO,4318,140.3076103760635
SEGURO,4319,146.85763339220983
SEGURO,4320,136.31016191733005
SEGURO,4321,156.3950905742395
SEGURO,4322,129.55603885471845
SEGURO,4323,143.89694142215203
SEGURO,4324,140.15666849357746
SEGURO,4325,147.4414398122368
SEGURO,4326,151.83192511568149
SEGURO,4327,153.03500461668492
SEGURO,4328,146.73651955722116
SEGURO,4329,141.1596974785027
SEGURO,4330,149.8055996433766
SEGURO,4331,148.1746998732101
SEGURO,4332,156.65267973168903
SEGURO,4333,156.53403296451083
SEGURO,4334,154.0865204396535
SEGURO,4335,151.333507640233
SEGURO,4336,144.45287088014877
SEGURO,4337,138.10335693663595
SEGURO,4338,155.33604532407796
SEGURO,4339,150.89715565087835
SEGURO,4340,146.965558366965
SEGURO,4341,156.59414069796821
SEGURO,4342,136.30575843738322
SEGURO,4343,151.09473741514367
SEGURO,4344,154.92379887878795
SEGURO,4345,153.13496452726486
SEGURO,4346,129.80626110967552
SEGURO,4347,141.19685690433457
SEGURO,4348,139.3093506167331
SEGURO,4349,154.42320064734326
SEGURO,4350,155.18322411560314
SEGURO,4351,135.35943118455344
SEGURO,4352,153.26926655474554
SEGURO,4353,153.60818508925755
SEGURO,4354,142.89311496303094
SEGURO,4355,146.30039607711132
SEGURO,4356,149.86665604998734
SEGURO,4357,146.89243025924958
SEGURO,4358,144.84693847231568
SEGURO,4359,161.559855425416
SEGURO,4360,135.94838763324054
SEGURO,4361,142.65175894006995
SEGURO,4362,135.53019829444816
SEGURO,4363,148.34422362833033
SEGURO,4364,154.2587138096308
SEGURO,4365,137.44501969329082
SEGURO,4366,146.57793070370158
SEGURO,4367,148.3547066889229
SEGURO,4368,145.20035469202637
SEGURO,4369,160.02163368820246
SEGURO,4370,155.2859059584456
SEGURO,4371,155.90328963549734
SEGURO,4372,143.25095021237397
SEGURO,4373,152.4905829443058
SEGURO,4374,151.45393903106924
SEGURO,4375,143.30998980714165
SEGURO,4376,140.08937844247865
SEGURO,4377,156.75115553441955
SEGURO,4378,147.17039758784995
SEGURO,4379,151.2199543310148
SEGURO,4380,159.6823974566328
SEGURO,4381,150.59999923543035
SEGURO,4382,148.04430233760087
SEGURO,4383,156.1969313806829
SEGURO,4384,148.44066766694783
SEGURO,4385,157.5166890819483
SEGURO,4386,154.39553647046748
SEGURO,4387,168.77470002823975
SEGURO,4388,151.45833550833942
SEGURO,4389,164.08935673853384
SEGURO,4390,142.2294354707756
SEGURO,4391,171.24375074023249
SEGURO,4392,151.095652913587
SEGURO,4393,134.51213123392947
SEGURO,4394,147.8207816693713
SEGURO,4395,162.66615117290593
SEGURO,4396,166.75104654624863
SEGURO,4397,142.7895745794467
SEGURO,4398,148.50025548199386
SEGURO,4399,153.5287397598159
SEGURO,4400,157.11036884638716
SEGURO,4401,146.12890781176174
SEGURO,4402,151.9735472706309
SEGURO,4403,144.18618731725505
SEGURO,4404,160.62313846771173
SEGURO,4405,139.67023318943808
SEGURO,4406,158.08612443995872
SEGURO,4407,147.33207227052247
SEGURO,4408,166.48474605056376
SEGURO,4409,141.44913827252248
SEGURO,4410,139.01981767295462
SEGURO,4411,130.87913389385562
SEGURO,4412,162.754983561246
SEGURO,4413,141.12977406828148
SEGURO,4414,143.68752128626258
SEGURO,4415,152.8383874672484
SEGURO,4416,145.58460484497942
SEGURO,4417,131.01167524034545
SEGURO,4418,150.56081794458834
SEGURO,4419,141.86617661153372
SEGURO,4420,155.73159426356932
SEGURO,4421,139.7634223563319
SEGURO,4422,153.33289181915882
SEGURO,4423,149.39377285856844
SEGURO,4424,140.64246571696293
SEGURO,4425,148.19170273876895
SEGURO,4426,135.77668248696216
SEGURO,4427,153.6954506172485
SEGURO,4428,148.30306987546572
SEGURO,4429,142.55566459070855
SEGURO,4430,153.63948556585217
SEGURO,4431,157.70790798720785
SEGURO,4432,160.01449820627224
SEGURO,4433,155.9466833835906
SEGURO,4434,159.83085103045764
SEGURO,4435,148.06515152918956
SEGURO,4436,150.30928543138546
SEGURO,4437,139.64889539060175
SEGURO,4438,122.72820015818387
SEGURO,4439,150.33159783503032
SEGURO,4440,141.75237579033458
SEGURO,4441,145.46532867948147
SEGURO,4442,159.45427250040464
SEGURO,4443,147.42270945978458
SEGURO,4444,149.75835208909467
SEGURO,4445,151.80795675560708
SEGURO,4446,135.1601896371464
SEGURO,4447,160.83843017610465
SEGURO,4448,157.7070196577277
SEGURO,4449,143.04687543308674
SEGURO,4450,158.96990380335455
SEGURO,4451,152.02276643105932
SEGURO,4452,152.79098363841194
SEGURO,4453,151.19950137797264
SEGURO,4454,154.92171674948003
SEGURO,4455,154.097069272795
SEGURO,4456,147.66976763333346
SEGURO,4457,158.59828477331192
SEGURO,4458,154.7455218712135
SEGURO,4459,152.2613668648865
SEGURO,4460,148.89151850898952
SEGURO,4461,154.6262495299017
SEGURO,4462,144.5558545504637
SEGURO,4463,146.98664209342792
SEGURO,4464,159.28246005866154
SEGURO,4465,164.10669989156253
SEGURO,4466,150.90686221633243
SEGURO,4467,148.19851950053788
SEGURO,4468,142.10529452821967
SEGURO,4469,147.50560213480108
SEGURO,4470,137.8048965319175
SEGURO,4471,132.6777812678268
SEGURO,4472,144.15780166837715
SEGURO,4473,137.36768517931964
SEGURO,4474,144.7121061372781
SEGURO,4475,154.47103305686264
SEGURO,4476,162.9421370843494
SEGURO,4477,137.02398642505185
SEGURO,4478,162.03318931643994
SEGURO,4479,148.69230182819834
SEGURO,4480,154.20029799493335
SEGURO,4481,156.2181019604476
SEGURO,4482,162.97347368889987
SEGURO,4483,153.1721140233485
SEGURO,4484,157.26692430239342
SEGURO,4485,145.95349429505282
SEGURO,4486,158.0484356572052
SEGURO,4487,139.39592815220206
SEGURO,4488,152.27912901908675
SEGURO,4489,155.0427149451813
SEGURO,4490,145.52562836303002
SEGURO,4491,141.36579673437086
SEGURO,4492,151.7554096812883
SEGURO,4493,143.3384283448327
SEGURO,4494,135.0761135228633
SEGURO,4495,156.42822585411105
SEGURO,4496,148.85688464998304
SEGURO,4497,139.35719546486573
SEGURO,4498,148.94613505394358
SEGURO,4499,133.51346407779695
SEGURO,4500,152.166594190653
SEGURO,4501,158.0250380094179
SEGURO,4502,156.34101477459265
SEGURO,4503,160.20210592319393
SEGURO,4504,145.48391480823244
SEGURO,4505,150.2492110569465
SEGURO,4506,131.08009493044653
SEGURO,4507,143.89860088551956
SEGURO,4508,148.9357741292816
SEGURO,4509,144.58182255265555
SEGURO,4510,130.76317615014264
SEGURO,4511,149.57397161084967
SEGURO,4512,140.87049778385133
SEGURO,4513,145.0341020211658
SEGURO,4514,154.63378334838808
SEGURO,4515,164.15733606575174
SEGURO,4516,144.9844985145325
SEGURO,4517,151.39642987487468
SEGURO,4518,134.21044282746777
SEGURO,4519,151.8294616705248
SEGURO,4520,165.66621670705348
SEGURO,4521,143.54183652247227
SEGURO,4522,140.50924322437496
SEGURO,4523,163.09041705460564
SEGURO,4524,152.9105985198179
SEGURO,4525,152.86877766445184
SEGURO,4526,160.74034284901452
SEGURO,4527,154.36476654182184
SEGURO,4528,151.60904114960172
SEGURO,4529,167.6982872763417
SEGURO,4530,146.0985646324016
SEGURO,4531,142.28309228429492
SEGURO,4532,141.619029698535
SEGURO,4533,138.38591879505125
SEGURO,4534,146.23799595133622
SEGURO,4535,155.43902536340696
SEGURO,4536,155.60374441951421
SEGURO,4537,161.20950334339142
SEGURO,4538,140.24767633744236
SEGURO,4539,145.93916305135366
SEGURO,4540,148.93008258347447
SEGURO,4541,140.52344737596906
SEGURO,4542,158.44021845886826
SEGURO,4543,145.54525573834445
SEGURO,4544,152.68780183924417
SEGURO,4545,149.03421738611812
SEGURO,4546,135.88105446852097
SEGURO,4547,139.47571464231922
SEGURO,4548,149.61640326158627
SEGURO,4549,144.2471922143315
SEGURO,4550,161.5131895825541
SEGURO,4551,152.52229444459283
SEGURO,4552,155.27242104024938
SEGURO,4553,142.55598467333263
SEGURO,4554,146.41415859641842
SEGURO,4555,141.775133281125
SEGURO,4556,136.84495361606804
SEGURO,4557,152.29015485089172
SEGURO,4558,147.46982929933245
SEGURO,4559,166.64229801572168
SEGURO,4560,138.0002438066898
SEGURO,4561,163.1187358478948
SEGURO,4562,148.31220198700862
SEGURO,4563,151.02526905599538
SEGURO,4564,145.16505622476308
SEGURO,4565,136.21171076731807
SEGURO,4566,140.30014961414997
SEGURO,4567,153.16295548027597
SEGURO,4568,156.5135404392134
SEGURO,4569,145.34253222318944
SEGURO,4570,145.2680928690633
SEGURO,4571,140.77069319060627
SEGURO,4572,164.17375835438784
SEGURO,4573,129.43301278396592
SEGURO,4574,153.22827085480236
SEGURO,4575,165.93803575080463
SEGURO,4576,135.1832028089123
SEGURO,4577,151.84356174866548
SEGURO,4578,148.79966321706132
SEGURO,4579,158.10629952446723
SEGURO,4580,147.28083872192613
SEGURO,4581,153.20068423729444
SEGURO,4582,140.90781174560723
SEGURO,4583,153.27324333847747
SEGURO,4584,165.81127795338136
SEGURO,4585,137.49479880029455
SEGURO,4586,151.91779047425584
SEGURO,4587,159.8534500512613
SEGURO,4588,149.3579136114617
SEGURO,4589,144.6201562907752
SEGURO,4590,140.86589307440116
SEGURO,4591,151.36563139209
SEGURO,4592,131.91178169794296
SEGURO,4593,148.66124366739228
SEGURO,4594,163.07955987772382
SEGURO,4595,158.0737421631187
SEGURO,4596,160.53541222630227
SEGURO,4597,152.7353505012122
SEGURO,4598,153.03261805172286
SEGURO,4599,161.33729622799743
SEGURO,4600,145.86996895501628
SEGURO,4601,147.0797170117433
SEGURO,4602,154.04496324316065
SEGURO,4603,148.5049557449292
SEGURO,4604,155.6017616990703
SEGURO,4605,148.4806165572007
SEGURO,4606,141.13103935090885
SEGURO,4607,154.6713863147524
SEGURO,4608,158.8485370441811
SEGURO,4609,153.3653860537765
SEGURO,4610,148.63538903726973
SEGURO,4611,150.19037905558403
SEGURO,4612,171.2206894126164
SEGURO,4613,153.37898237281897
SEGURO,4614,128.96114589950662
SEGURO,4615,139.56215498476928
SEGURO,4616,155.18877354253917
SEGURO,4617,156.89620597649898
SEGURO,4618,149.65176771000046
SEGURO,4619,161.57775825286237
SEGURO,4620,141.06568461202255
SEGURO,4621,164.87148661539175
SEGURO,4622,129.70963801855993
SEGURO,4623,140.79541598618505
SEGURO,4624,163.7546882023081
SEGURO,4625,169.65368950869922
SEGURO,4626,153.31839657837776
SEGURO,4627,150.83729888679576
SEGURO,4628,140.74163034502985
SEGURO,4629,142.90679938730688
SEGURO,4630,151.83058780589994
SEGURO,4631,156.53170316621325
SEGURO,4632,140.56989279569802
SEGURO,4633,131.7115809844918
SEGURO,4634,137.008666097606
SEGURO,4635,140.13067749792685
SEGURO,4636,144.84803913538448
SEGURO,4637,148.98524160532864
SEGURO,4638,168.17925899571563
SEGURO,4639,154.9403264734047
SEGURO,4640,134.85484360816577
SEGURO,4641,138.32802945031503
SEGURO,4642,161.82288735868292
SEGURO,4643,146.09177997006873
SEGURO,4644,137.68240582221253
SEGURO,4645,159.83448307077802
SEGURO,4646,145.3532249038721
SEGURO,4647,162.40427353606916
SEGURO,4648,157.88170961823272
SEGURO,4649,149.17183867949905
SEGURO,4650,149.03948532500425
SEGURO,4651,144.13846866212134
SEGURO,4652,154.1897020851953
SEGURO,4653,148.08759393877247
SEGURO,4654,154.557296063959
SEGURO,4655,150.4646710867436
SEGURO,4656,133.68378316309781
SEGURO,4657,158.49538296502635
SEGURO,4658,154.1829023704322
SEGURO,4659,157.83852092337915
SEGURO,4660,155.61593119461205
SEGURO,4661,161.64427964256714
SEGURO,4662,148.77843645837336
SEGURO,4663,146.5647999112366
SEGURO,4664,148.57296397692198
SEGURO,4665,144.91942055758037
SEGURO,4666,146.02437259404792
SEGURO,4667,134.99011870626993
SEGURO,4668,149.74502913697125
SEGURO,4669,147.4461873709606
SEGURO,4670,133.85503950035172
SEGURO,4671,136.0188535402315
SEGURO,4672,162.8090436475561
SEGURO,4673,162.03064802960768
SEGURO,4674,152.73172787976898
SEGURO,4675,156.24729392462964
SEGURO,4676,148.504680335786
SEGURO,4677,140.14750637538128
SEGURO,4678,158.17680559797418
SEGURO,4679,156.36068639421535
SEGURO,4680,150.68998298602494
SEGURO,4681,146.88497750987986
SEGURO,4682,151.13234440510254
SEGURO,4683,137.64113816878807
SEGURO,4684,146.3041132564286
SEGURO,4685,147.35744685326273
SEGURO,4686,139.47300763503915
SEGURO,4687,149.9774578357935
SEGURO,4688,149.1243724485745
SEGURO,4689,152.04374311446634
SEGURO,4690,129.75186501160033
SEGURO,4691,140.09453072174546
SEGURO,4692,142.8232837717642
SEGURO,4693,142.30732692129942
SEGURO,4694,145.0745683657798
SEGURO,4695,152.46454409172338
SEGURO,4696,158.72835596676748
SEGURO,4697,156.90753529154733
SEGURO,4698,136.66063124463327
SEGURO,4699,144.3394756831133
SEGURO,4700,148.85938300660425
SEGURO,4701,151.7420911769572
SEGURO,4702,147.4914630254089
SEGURO,4703,139.70474935157287
SEGURO,4704,146.9046374995477
SEGURO,4705,158.76505923483046
SEGURO,4706,127.45530351410211
SEGURO,4707,158.92578955733853
SEGURO,4708,154.32536672129197
SEGURO,4709,158.4058679400052
SEGURO,4710,150.8840468997039
SEGURO,4711,148.74799505118702
SEGURO,4712,144.17222871784264
SEGURO,4713,142.14398333986037
SEGURO,4714,163.5150358914538
SEGURO,4715,151.99228254557875
SEGURO,4716,160.05198855272937
SEGURO,4717,158.85767715038227
SEGURO,4718,155.34885170282598
SEGURO,4719,160.36011349991065
SEGURO,4720,135.03864675300792
SEGURO,4721,155.4828951367361
SEGURO,4722,149.78780940803145
SEGURO,4723,163.5417827041329
SEGURO,4724,144.6414257042427
SEGURO,4725,145.3842546822348
SEGURO,4726,154.55845031501576
SEGURO,4727,142.1628079321525
SEGURO,4728,144.22877569390945
SEGURO,4729,146.40816008092855
SEGURO,4730,146.03635767920474
SEGURO,4731,153.10517199920469
SEGURO,4732,159.656799197888
SEGURO,4733,144.9923248845649
SEGURO,4734,154.3218350946613
SEGURO,4735,134.52257716965286
SEGURO,4736,145.44128841413612
SEGURO,4737,150.57709252878897
SEGURO,4738,144.78955880504944
SEGURO,4739,146.8201002268
SEGURO,4740,149.3401213948524
SEGURO,4741,162.05260906402677
SEGURO,4742,153.6989585123129
SEGURO,4743,153.2133346545863
SEGURO,4744,165.65596087133113
SEGURO,4745,143.65788655444646
SEGURO,4746,149.11518508309018
SEGURO,4747,150.21488211274604
SEGURO,4748,158.10522504916085
SEGURO,4749,138.0098249709419
SEGURO,4750,142.55183305841982
SEGURO,4751,157.5511861370307
SEGURO,4752,147.00754340998705
SEGURO,4753,145.4570036523048
SEGURO,4754,155.0429882297656
SEGURO,4755,141.8597974766585
SEGURO,4756,136.0222532214356
SEGURO,4757,143.03045240299565
SEGURO,4758,140.56532391833113
SEGURO,4759,148.61726684195023
SEGURO,4760,149.30589248024464
SEGURO,4761,148.15741108625812
SEGURO,4762,153.21708370485203
SEGURO,4763,154.15879212849936
SEGURO,4764,144.44509623847838
SEGURO,4765,146.37288240507195
SEGURO,4766,151.60695938252204
SEGURO,4767,145.13056407782423
SEGURO,4768,158.49420347872848
SEGURO,4769,150.3152388710342
SEGURO,4770,142.6319990610116
SEGURO,4771,156.28753911762072
SEGURO,4772,147.89463828494786
SEGURO,4773,141.09834049401215
SEGURO,4774,127.25828688626547
SEGURO,4775,161.53179822169213
SEGURO,4776,161.3688880656548
SEGURO,4777,143.06828159022834
SEGURO,4778,134.43465178858557
SEGURO,4779,144.4541671058809
SEGURO,4780,137.5323482474923
SEGURO,4781,148.82824473664888
SEGURO,4782,151.54634950124972
SEGURO,4783,143.71214671566798
SEGURO,4784,165.99918284633253
SEGURO,4785,150.33205326963554
SEGURO,4786,134.6119736125043
SEGURO,4787,133.61247990597374
SEGURO,4788,154.5411434132881
SEGURO,4789,131.24347935257873
SEGURO,4790,155.61382371027935
SEGURO,4791,144.86179619734887
SEGURO,4792,145.01745406861127
SEGURO,4793,144.52355785275705
SEGURO,4794,142.04243102695582
SEGURO,4795,157.2621832147665
SEGURO,4796,155.03345410172722
SEGURO,4797,149.29233535414488
SEGURO,4798,151.8797470085964
SEGURO,4799,148.02163861957285
SEGURO,4800,169.66240602217587
SEGURO,4801,152.9091164805995
SEGURO,4802,141.80624481560284
SEGURO,4803,161.93875555796683
SEGURO,4804,150.04462977107443
SEGURO,4805,151.41646852642018
SEGURO,4806,154.66561480765316
SEGURO,4807,149.7324943626903
SEGURO,4808,136.39891407262544
SEGURO,4809,154.82024085577942
SEGURO,4810,155.69242334471497
SEGURO,4811,151.06808640384904
SEGURO,4812,148.57111182339196
SEGURO,4813,136.4976011180636
SEGURO,4814,143.26092240767025
SEGURO,4815,141.68340287675215
SEGURO,4816,161.0207843743355
SEGURO,4817,147.4964753716264
SEGURO,4818,170.4264847310702
SEGURO,4819,151.6508266803149
SEGURO,4820,147.59186904372737
SEGURO,4821,154.67576279686716
SEGURO,4822,153.43649519857257
SEGURO,4823,159.72437762867344
SEGURO,4824,146.3743744959062
SEGURO,4825,150.0995215924641
SEGURO,4826,149.5157963716823
SEGURO,4827,141.56516146180667
SEGURO,4828,157.6364449042732
SEGURO,4829,156.14238920530792
SEGURO,4830,138.95063631946786
SEGURO,4831,151.50547994255535
SEGURO,4832,142.954487721991
SEGURO,4833,149.63116129502592
SEGURO,4834,138.87610563492674
SEGURO,4835,155.39724636409912
SEGURO,4836,146.5250166214265
SEGURO,4837,155.79937609286344
SEGURO,4838,143.06856144292436
SEGURO,4839,152.18872858264572
SEGURO,4840,138.1452697284794
SEGURO,4841,137.4964311533859
SEGURO,4842,152.2799550623258
SEGURO,4843,148.9533041306842
SEGURO,4844,143.3311628248906
SEGURO,4845,172.7409448760939
SEGURO,4846,152.4947575942727
SEGURO,4847,142.94397182319068
SEGURO,4848,153.32663835433797
SEGURO,4849,153.96176132577835
SEGURO,4850,142.03577704385336
SEGURO,4851,135.439605125104
SEGURO,4852,160.06626733473257
SEGURO,4853,132.6525064220178
SEGURO,4854,145.59649826563816
SEGURO,4855,154.8007711135667
SEGURO,4856,136.35453572117373
SEGURO,4857,156.911581283392
SEGURO,4858,151.18739598893006
SEGURO,4859,159.30587464995475
SEGURO,4860,150.75937664616518
SEGURO,4861,143.9754905418681
SEGURO,4862,156.04195344042282
SEGURO,4863,147.74805680692148
SEGURO,4864,153.22429000896673
SEGURO,4865,158.6472158823484
SEGURO,4866,137.06753022744022
SEGURO,4867,143.30636842569297
SEGURO,4868,170.39069590332733
SEGURO,4869,141.57199182726524
SEGURO,4870,142.65455417256908
SEGURO,4871,148.70396199713784
SEGURO,4872,151.24080219778213
SEGURO,4873,144.1924617101659
SEGURO,4874,153.4437055561289
SEGURO,4875,155.520719939985
SEGURO,4876,148.89175466929944
SEGURO,4877,136.14528746821165
SEGURO,4878,138.76437690492074
SEGURO,4879,170.1131471324618
SEGURO,4880,156.19518065527888
SEGURO,4881,169.40692456850465
SEGURO,4882,158.7732297085706
SEGURO,4883,144.12386366266995
SEGURO,4884,152.3728974817959
SEGURO,4885,157.13804834824083
SEGURO,4886,146.67314036146462
SEGURO,4887,143.25539784307617
SEGURO,4888,158.20986240242428
SEGURO,4889,149.8283972718092
SEGURO,4890,158.4080786639471
SEGURO,4891,163.9923659863989
SEGURO,4892,156.74245607321413
SEGURO,4893,145.33380766897145
SEGURO,4894,146.18636131555155
SEGURO,4895,156.48388651113316
SEGURO,4896,152.54558285591952
SEGURO,4897,153.37304873158348
SEGURO,4898,158.14507794466115
SEGURO,4899,149.17345444491772
SEGURO,4900,141.80462561066852
SEGURO,4901,138.73465804210662
SEGURO,4902,149.92938622927426
SEGURO,4903,143.29269617735406
SEGURO,4904,147.95575988597844
SEGURO,4905,151.62198673460867
SEGURO,4906,135.29157390089455
SEGURO,4907,144.02097634711498
SEGURO,4908,137.56842901241401
SEGURO,4909,154.70618637811907
SEGURO,4910,154.46562942947625
SEGURO,4911,153.06405123043902
SEGURO,4912,141.53521221541695
SEGURO,4913,141.53058705173333
SEGURO,4914,149.18093715632088
SEGURO,4915,149.63323163261592
SEGURO,4916,157.52303982797892
SEGURO,4917,153.70756073242973
SEGURO,4918,133.45346172861431
SEGURO,4919,147.51016895421688
SEGURO,4920,159.54995769344765
SEGURO,4921,152.9561900960176
SEGURO,4922,137.11830804325987
SEGURO,4923,146.3367694737509
SEGURO,4924,139.07542606004432
SEGURO,4925,149.15931926576636
SEGURO,4926,158.00359188713136
SEGURO,4927,156.83299320913684
SEGURO,4928,146.31639459527636
SEGURO,4929,153.1299527112081
SEGURO,4930,147.15800360518907
SEGURO,4931,152.37676008749304
SEGURO,4932,158.48401996486416
SEGURO,4933,157.01489946719244
SEGURO,4934,162.30653722687987
SEGURO,4935,144.45079242801575
SEGURO,4936,153.93206889819967
SEGURO,4937,148.20097806418443
SEGURO,4938,148.65455367173058
SEGURO,4939,148.37842180604287
SEGURO,4940,147.5027948998953
SEGURO,4941,158.9068073333595
SEGURO,4942,175.10620622626342
SEGURO,4943,154.37260158465688
SEGURO,4944,164.7910886544693
SEGURO,4945,158.71118435921733
SEGURO,4946,156.44338658631574
SEGURO,4947,134.52958576494427
SEGURO,4948,152.61621210467987
SEGURO,4949,144.90415148505457
SEGURO,4950,148.62519439120987
SEGURO,4951,145.18472669250568
SEGURO,4952,141.94425833278567
SEGURO,4953,151.4831571597996
SEGURO,4954,146.458206342406
SEGURO,4955,157.52020843651326
SEGURO,4956,136.3949226246587
SEGURO,4957,157.1433582789597
SEGURO,4958,162.28329421262282
SEGURO,4959,157.34727550170788
SEGURO,4960,139.17462221609188
SEGURO,4961,147.65960015928815
SEGURO,4962,153.8657686460168
SEGURO,4963,153.72860462222332
SEGURO,4964,143.74999569596622
SEGURO,4965,155.23148997392371
SEGURO,4966,149.2979107356256
SEGURO,4967,154.4891120449114
SEGURO,4968,165.11003359739044
SEGURO,4969,143.97221691909883
SEGURO,4970,157.326796304066
SEGURO,4971,155.1337645097624
SEGURO,4972,157.44947937744783
SEGURO,4973,131.56116515517812
SEGURO,4974,134.9823568914218
SEGURO,4975,146.27392112772446
SEGURO,4976,127.14615053533515
SEGURO,4977,149.75795450110772
SEGURO,4978,148.96274678713618
SEGURO,4979,138.6732149632691
SEGURO,4980,147.57545511001777
SEGURO,4981,140.4658826803127
SEGURO,4982,157.8427271440802
SEGURO,4983,153.422385467867
SEGURO,4984,137.30779885550703
SEGURO,4985,149.68960935485416
SEGURO,4986,153.81674393002598
SEGURO,4987,149.58978266163942
SEGURO,4988,149.98041597444043
SEGURO,4989,155.77451899200764
SEGURO,4990,136.99773492878242
SEGURO,4991,147.14777540867883
SEGURO,4992,157.65246088650204
SEGURO,4993,146.86347071386038
SEGURO,4994,127.26468297280033
SEGURO,4995,136.37082559869467
SEGURO,4996,157.62273968748312
SEGURO,4997,151.12985922000382
SEGURO,4998,141.3813782407064
SEGURO,4999,138.68333336039413
SEGURO,5000,143.1054318456174
SEGURO,5001,152.75214152457687
SEGURO,5002,147.94600173040232
SEGURO,5003,151.5591966185531
SEGURO,5004,144.8176394699315
SEGURO,5005,161.86381172682675
SEGURO,5006,156.11517406903766
SEGURO,5007,144.1277216453002
SEGURO,5008,143.40421377138603
SEGURO,5009,146.5617689698054
SEGURO,5010,154.97935414963862
SEGURO,5011,145.6898882311019
SEGURO,5012,138.65730722599633
SEGURO,5013,169.01918558332423
SEGURO,5014,155.17983518384872
SEGURO,5015,148.7588653096546
SEGURO,5016,143.72604267494856
SEGURO,5017,156.04684988621597
SEGURO,5018,163.41158651661732
SEGURO,5019,149.8967837012164
SEGURO,5020,167.15260448223077
SEGURO,5021,153.57853996455435
SEGURO,5022,125.1535806673581
SEGURO,5023,144.0201942589695
SEGURO,5024,140.04308183978833
SEGURO,5025,149.18352046524717
SEGURO,5026,141.03418276894106
SEGURO,5027,136.9404296588341
SEGURO,5028,154.17546294226716
SEGURO,5029,161.47571012548002
SEGURO,5030,153.55205635113288
SEGURO,5031,119.02926869917032
SEGURO,5032,146.63850937687997
SEGURO,5033,152.9248308119351
SEGURO,5034,148.67516448944295
SEGURO,5035,140.26589293805284
SEGURO,5036,148.83088218187407
SEGURO,5037,140.5823442976227
SEGURO,5038,158.55512699506406
SEGURO,5039,142.50736285321923
SEGURO,5040,143.24914722537483
SEGURO,5041,156.6351366427937
SEGURO,5042,165.76748681551882
SEGURO,5043,156.3301892326738
SEGURO,5044,144.9884733972416
SEGURO,5045,139.267658224394
SEGURO,5046,152.62801712188292
SEGURO,5047,142.95471487525535
SEGURO,5048,154.8498014585984
SEGURO,5049,147.3945587793753
SEGURO,5050,134.82324856692367
SEGURO,5051,161.3478860755673
SEGURO,5052,148.06477990008364
SEGURO,5053,144.80420214988536
SEGURO,5054,152.44249164457634
SEGURO,5055,143.60908413068142
SEGURO,5056,151.02024397665144
SEGURO,5057,158.5756381204788
SEGURO,5058,145.47901840679987
SEGURO,5059,155.84677595672244
SEGURO,5060,157.4895793211333
SEGURO,5061,156.4209634568937
SEGURO,5062,141.99038689242522
SEGURO,5063,149.15073371013222
SEGURO,5064,139.40766521631522
SEGURO,5065,133.44028154510232
SEGURO,5066,146.58136128595837
SEGURO,5067,145.17335595122555
SEGURO,5068,140.1556438591078
SEGURO,5069,140.96002670648846
SEGURO,5070,149.21186663527624
SEGURO,5071,158.8709611176725
SEGURO,5072,147.49972630781866
SEGURO,5073,152.97557952778232
SEGURO,5074,152.03051109933864
SEGURO,5075,140.27771588980963
SEGURO,5076,154.68207841704026
SEGURO,5077,136.1427722365294
SEGURO,5078,146.35106395177456
SEGURO,5079,132.84273858209323
SEGURO,5080,146.8827129058689
SEGURO,5081,136.29661868953707
SEGURO,5082,143.14576244773423
SEGURO,5083,153.88819192194927
SEGURO,5084,149.48658171842013
SEGURO,5085,131.99138848610255
SEGURO,5086,155.6916412567237
SEGURO,5087,148.16747170360932
SEGURO,5088,153.6011240527407
SEGURO,5089,147.03073754540355
SEGURO,5090,156.36054180470177
SEGURO,5091,133.86538928701762
SEGURO,5092,165.34593328653474
SEGURO,5093,134.53582423806944
SEGURO,5094,147.94817911838433
SEGURO,5095,158.91755682883135
SEGURO,5096,156.19348955018467
SEGURO,5097,158.03549534091954
SEGURO,5098,164.4261671120148
SEGURO,5099,155.77889443949294
SEGURO,5100,166.59988825127516
SEGURO,5101,150.57512882185316
SEGURO,5102,139.51203714863615
SEGURO,5103,156.18192295209548
SEGURO,5104,147.89012879681357
SEGURO,5105,140.881402254381
SEGURO,5106,164.52312545339282
SEGURO,5107,145.3205862206165
SEGURO,5108,146.7183273075452
SEGURO,5109,142.08888225064632
SEGURO,5110,158.4278816737325
SEGURO,5111,131.97771306768615
SEGURO,5112,141.6418121530513
SEGURO,5113,148.4090674012684
SEGURO,5114,136.4695566967528
SEGURO,5115,157.08992275765618
SEGURO,5116,163.0105299106776
SEGURO,5117,149.03926269467635
SEGURO,5118,131.10140110643485
SEGURO,5119,161.83037597920756
SEGURO,5120,139.61421390964992
SEGURO,5121,168.09019855634122
SEGURO,5122,151.20703154683534
SEGURO,5123,160.83745538772342
SEGURO,5124,154.7074387340864
SEGURO,5125,126.81044794934736
SEGURO,5126,144.11526912117833
SEGURO,5127,146.8946778054776
SEGURO,5128,149.0191847745465
SEGURO,5129,152.72807937538127
SEGURO,5130,144.09622726058132
SEGURO,5131,150.8829014259153
SEGURO,5132,148.00030118953285
SEGURO,5133,143.47520691968035
SEGURO,5134,146.55828081965385
SEGURO,5135,145.45931726046655
SEGURO,5136,141.7987625059355
SEGURO,5137,158.7160444609383
SEGURO,5138,137.2231632462194
SEGURO,5139,152.59662538101648
SEGURO,5140,154.80040714115074
SEGURO,5141,144.42206486429976
SEGURO,5142,166.3859295195771
SEGURO,5143,141.87714086680293
SEGURO,5144,147.56411179201672
SEGURO,5145,162.61063421906857
SEGURO,5146,133.61622558262243
SEGURO,5147,147.8486030337798
SEGURO,5148,144.07632732075095
SEGURO,5149,145.4526871258546
SEGURO,5150,131.5234785313616
SEGURO,5151,148.97135671555267
SEGURO,5152,163.475986378645
SEGURO,5153,149.4574653302088
SEGURO,5154,154.99540276890548
SEGURO,5155,147.50742538328478
SEGURO,5156,149.301974684579
SEGURO,5157,160.07893255398244
SEGURO,5158,157.89050498903316
SEGURO,5159,163.68434671226038
SEGURO,5160,151.0229967938359
SEGURO,5161,153.54834719659073
SEGURO,5162,145.99363846422224
SEGURO,5163,151.54963044323202
SEGURO,5164,140.9858626409486
SEGURO,5165,153.40903174226182
SEGURO,5166,138.00713117732252
SEGURO,5167,162.0946501984422
SEGURO,5168,146.8326322377384
SEGURO,5169,144.50814961469501
SEGURO,5170,167.45870570846378
SEGURO,5171,153.7272926299371
SEGURO,5172,161.88700842065413
SEGURO,5173,152.52060969865673
SEGURO,5174,145.33521322262504
SEGURO,5175,163.47509207550445
SEGURO,5176,158.7361709874884
SEGURO,5177,152.407401864058
SEGURO,5178,156.28267265898637
SEGURO,5179,152.3116565035386
SEGURO,5180,146.36054261993965
SEGURO,5181,159.7890264449351
SEGURO,5182,136.7222175509819
SEGURO,5183,148.70163884657154
SEGURO,5184,147.8036550952555
SEGURO,5185,135.08932192958946
SEGURO,5186,146.57325086377386
SEGURO,5187,153.11183221491044
SEGURO,5188,140.36573233318833
SEGURO,5189,142.35190182856252
SEGURO,5190,140.3436132702068
SEGURO,5191,163.75044809047054
SEGURO,5192,140.26895332372789
SEGURO,5193,143.19385289847406
SEGURO,5194,151.2251910326259
SEGURO,5195,153.98899638099522
SEGURO,5196,138.96146520193273
SEGURO,5197,156.58027642014758
SEGURO,5198,151.54263329656692
SEGURO,5199,146.29737581351418
SEGURO,5200,159.15686405402934
SEGURO,5201,149.4777891108546
SEGURO,5202,165.11442385366132
SEGURO,5203,150.29716230671852
SEGURO,5204,167.07459935440588
SEGURO,5205,145.52698192023607
SEGURO,5206,143.0033541111351
SEGURO,5207,142.51872532454996
SEGURO,5208,151.06018412555974
SEGURO,5209,147.2045169787419
SEGURO,5210,147.55904190427964
SEGURO,5211,155.22007081592884
SEGURO,5212,128.86702589044813
SEGURO,5213,152.20643587840942
SEGURO,5214,155.9143116769563
SEGURO,5215,161.53047708036019
SEGURO,5216,145.83686469362428
SEGURO,5217,148.82279146227924
SEGURO,5218,140.35298945980557
SEGURO,5219,157.9216408854295
SEGURO,5220,145.34824549364896
SEGURO,5221,137.67150018509034
SEGURO,5222,140.56501582942641
SEGURO,5223,148.9616045804377
SEGURO,5224,166.1739174505177
SEGURO,5225,152.44179162014865
SEGURO,5226,156.13027644839212
SEGURO,5227,144.7905517504803
SEGURO,5228,150.843563698765
SEGURO,5229,157.83331949587028
SEGURO,5230,151.13418763453427
SEGURO,5231,148.0213514632914
SEGURO,5232,152.88518180791013
SEGURO,5233,148.9940625612686
SEGURO,5234,149.27919830519386
SEGURO,5235,135.66947195240417
SEGURO,5236,156.76083778936504
SEGURO,5237,165.99014267814516
SEGURO,5238,158.11237707252278
SEGURO,5239,140.74246153048983
SEGURO,5240,154.05965142133815
SEGURO,5241,145.28059267111334
SEGURO,5242,143.32891172905056
SEGURO,5243,142.0625230451657
SEGURO,5244,151.6876848063773
SEGURO,5245,158.19493663569722
SEGURO,5246,150.43793279111662
SEGURO,5247,157.8047996830998
SEGURO,5248,148.61878757165297
SEGURO,5249,146.00167846634326
SEGURO,5250,142.18519813831375
SEGURO,5251,146.40393326394826
SEGURO,5252,143.504134423215
SEGURO,5253,152.72516520698434
SEGURO,5254,149.71335565260947
SEGURO,5255,132.43936310408054
SEGURO,5256,138.99781960435922
SEGURO,5257,159.04758372920074
SEGURO,5258,152.99452977943795
SEGURO,5259,156.38606406816825
SEGURO,5260,156.92378009514977
SEGURO,5261,134.51790366699296
SEGURO,5262,135.17650476944868
SEGURO,5263,131.47969688767446
SEGURO,5264,142.90533742509913
SEGURO,5265,156.02926108547402
SEGURO,5266,158.4558537649161
SEGURO,5267,165.29266864934795
SEGURO,5268,148.2318335743213
SEGURO,5269,172.40235149437396
SEGURO,5270,150.7956490737846
SEGURO,5271,144.03644876389433
SEGURO,5272,137.77033078589687
SEGURO,5273,154.1071091274415
SEGURO,5274,147.17042878726346
SEGURO,5275,151.9207040514236
SEGURO,5276,151.78630509898483
SEGURO,5277,139.56570920105406
SEGURO,5278,149.7368109824202
SEGURO,5279,159.5136286005604
SEGURO,5280,154.59276503134387
SEGURO,5281,134.20487863796666
SEGURO,5282,152.92314194702408
SEGURO,5283,151.9782607418565
SEGURO,5284,147.8747989890908
SEGURO,5285,137.79325989473057
SEGURO,5286,152.85541009336737
SEGURO,5287,150.7466597686809
SEGURO,5288,149.3923930927021
SEGURO,5289,146.49099904964564
SEGURO,5290,160.44906098851453
SEGURO,5291,142.95319508049226
SEGURO,5292,148.9043181293738
SEGURO,5293,154.8231142575256
SEGURO,5294,153.54405639108376
SEGURO,5295,153.77324202663974
SEGURO,5296,146.30848788675092
SEGURO,5297,160.49543452978955
SEGURO,5298,151.2009954182152
SEGURO,5299,142.77616853353732
SEGURO,5300,150.78014780721398
SEGURO,5301,151.97503965004682
SEGURO,5302,157.99902915711752
SEGURO,5303,150.651798703348
SEGURO,5304,156.69617337900675
SEGURO,5305,162.88372037003325
SEGURO,5306,151.43803265541285
SEGURO,5307,133.2835708949355
SEGURO,5308,157.3827529353769
SEGURO,5309,131.92113640960733
SEGURO,5310,145.8993981919885
SEGURO,5311,147.00923783090076
SEGURO,5312,145.92511837069543
SEGURO,5313,146.78135279183812
SEGURO,5314,145.5170863785738
SEGURO,5315,149.6230740193016
SEGURO,5316,165.64601929934267
SEGURO,5317,158.486486386649
SEGURO,5318,151.65882051971658
SEGURO,5319,154.54614703259207
SEGURO,5320,148.28769374671396
SEGURO,5321,144.53373053488556
SEGURO,5322,142.2201860476988
SEGURO,5323,147.58204290559496
SEGURO,5324,154.1245811985987
SEGURO,5325,151.64796292880757
SEGURO,5326,167.61293844182285
SEGURO,5327,153.31226435743488
SEGURO,5328,147.87487055776583
SEGURO,5329,151.50965956343478
SEGURO,5330,152.59483464482477
SEGURO,5331,155.73995137990414
SEGURO,5332,149.43980575472446
SEGURO,5333,137.42326117803432
SEGURO,5334,140.63094070298473
SEGURO,5335,123.85844443058221
SEGURO,5336,135.90896014102606
SEGURO,5337,160.81759422947044
SEGURO,5338,154.76972482085446
SEGURO,5339,154.52729843658219
SEGURO,5340,155.64267436015223
SEGURO,5341,150.69431936625668
SEGURO,5342,140.37093845549387
SEGURO,5343,148.44775891647504
SEGURO,5344,135.00598187588812
SEGURO,5345,151.5093536160254
SEGURO,5346,144.60180517470195
SEGURO,5347,151.51515983383808
SEGURO,5348,148.9353901790514
SEGURO,5349,148.76385299825264
SEGURO,5350,151.6951781883467
SEGURO,5351,161.16887364323253
SEGURO,5352,142.9957809216004
SEGURO,5353,127.32198825316358
SEGURO,5354,162.99956101759693
SEGURO,5355,144.32568146368226
SEGURO,5356,153.9309073904505
SEGURO,5357,161.25662763650823
SEGURO,5358,148.12519970097034
SEGURO,5359,140.74685109015192
SEGURO,5360,141.02415727491095
SEGURO,5361,148.00478230738705
SEGURO,5362,161.00072402506513
SEGURO,5363,145.6104006594214
SEGURO,5364,155.8114036578218
SEGURO,5365,154.83335966659413
SEGURO,5366,141.841489468571
SEGURO,5367,148.84811331511622
SEGURO,5368,148.88607986632536
SEGURO,5369,145.25843469337718
SEGURO,5370,157.20810148434575
SEGURO,5371,153.7157900566192
SEGURO,5372,156.39235008169393
SEGURO,5373,138.44764184347645
SEGURO,5374,154.0562568184565
SEGURO,5375,148.84077023778525
SEGURO,5376,150.13019630123637
SEGURO,5377,156.67620025477086
SEGURO,5378,146.3020678674741
SEGURO,5379,136.5400891057641
SEGURO,5380,157.9753298685919
SEGURO,5381,149.27480621916447
SEGURO,5382,151.95005832289868
SEGURO,5383,151.9179489332655
SEGURO,5384,148.39192530994353
SEGURO,5385,143.69524586457587
SEGURO,5386,149.85328185684847
SEGURO,5387,143.1425763235506
SEGURO,5388,149.59427035729848
SEGURO,5389,132.44536776370666
SEGURO,5390,160.3840950415708
SEGURO,5391,157.241988200888
SEGURO,5392,162.10081379477435
SEGURO,5393,157.5284418565243
SEGURO,5394,151.7933588542547
SEGURO,5395,141.5325707993161
SEGURO,5396,127.25206292484543
SEGURO,5397,146.41063987224044
SEGURO,5398,142.01531786179098
SEGURO,5399,159.13511827498877
SEGURO,5400,152.7730096952415
SEGURO,5401,160.2459215049769
SEGURO,5402,157.5034379216236
SEGURO,5403,158.74926652510763
SEGURO,5404,149.6706052279016
SEGURO,5405,139.75049535653503
SEGURO,5406,149.12735381235996
SEGURO,5407,157.83332162750688
SEGURO,5408,155.02520272264135
SEGURO,5409,149.98369299247997
SEGURO,5410,145.39742153426437
SEGURO,5411,142.15261923783098
SEGURO,5412,152.39280903346724
SEGURO,5413,161.8585740264388
SEGURO,5414,153.48520986149958
SEGURO,5415,156.1500063375407
SEGURO,5416,159.96449493797948
SEGURO,5417,144.30884386019625
SEGURO,5418,142.2959933076434
SEGURO,5419,156.66919374058693
SEGURO,5420,143.84304132677642
SEGURO,5421,157.94177907169362
SEGURO,5422,137.67516656183426
SEGURO,5423,150.01124376271227
SEGURO,5424,145.94114544775695
SEGURO,5425,152.53671735550557
SEGURO,5426,148.39912262739804
SEGURO,5427,144.63906535790278
SEGURO,5428,134.56650676602445
SEGURO,5429,146.92722587769958
SEGURO,5430,155.55177558390366
SEGURO,5431,145.82595865831246
SEGURO,5432,139.28485680290373
SEGURO,5433,149.76960520962461
SEGURO,5434,162.13974137635844
SEGURO,5435,156.07799531311178
SEGURO,5436,138.96572625951356
SEGURO,5437,153.63896250170552
SEGURO,5438,152.424104571671
SEGURO,5439,144.24003289879033
SEGURO,5440,160.38626671830056
SEGURO,5441,155.71946622688392
SEGURO,5442,153.02138454771128
SEGURO,5443,144.0769396436625
SEGURO,5444,150.18209788758597
SEGURO,5445,143.04545624447766
SEGURO,5446,133.80167541620486
SEGURO,5447,157.7914183207587
SEGURO,5448,152.3922670906658
SEGURO,5449,139.2676212824563
SEGURO,5450,163.90727585021207
SEGURO,5451,137.21116081986744
SEGURO,5452,157.7769314780343
SEGURO,5453,148.27501724155223
SEGURO,5454,154.08734858381428
SEGURO,5455,141.81496891052964
SEGURO,5456,143.1267880409966
SEGURO,5457,138.19657454558265
SEGURO,5458,158.65856163244248
SEGURO,5459,142.65384913510272
SEGURO,5460,149.43223149701802
SEGURO,5461,149.18267630642785
SEGURO,5462,150.96892343022535
SEGURO,5463,159.2306962631574
SEGURO,5464,140.771133726393
SEGURO,5465,135.3526132163132
SEGURO,5466,148.60646894761737
SEGURO,5467,143.65761690189223
SEGURO,5468,139.32719070380097
SEGURO,5469,143.02867361414727
SEGURO,5470,152.1982805931268
SEGURO,5471,152.01038688297834
SEGURO,5472,156.37754526535707
SEGURO,5473,146.50880577679823
SEGURO,5474,155.40227099561602
SEGURO,5475,158.53036425568757
SEGURO,5476,151.99792731940406
SEGURO,5477,149.00479197893657
SEGURO,5478,145.94102034251955
SEGURO,5479,151.639404011252
SEGURO,5480,146.464694049887
SEGURO,5481,140.15436337721957
SEGURO,5482,142.96289867698863
SEGURO,5483,143.2856044673707
SEGURO,5484,147.4864206227167
SEGURO,5485,163.26409660400546
SEGURO,5486,155.13722398338493
SEGURO,5487,148.17132024281332
SEGURO,5488,151.4883977613671
SEGURO,5489,140.12554614115768
SEGURO,5490,154.3269075022812
SEGURO,5491,157.06837718041865
SEGURO,5492,154.95544303731208
SEGURO,5493,135.59570150680676
SEGURO,5494,164.40223686237718
SEGURO,5495,144.01376313232538
SEGURO,5496,143.3722402442146
SEGURO,5497,150.77887018020883
SEGURO,5498,150.02160738850122
SEGURO,5499,142.70792566231847
SEGURO,5500,160.57868794441353
SEGURO,5501,146.30816472518174
SEGURO,5502,142.9126162148212
SEGURO,5503,155.33804621108487
SEGURO,5504,150.14162484851192
SEGURO,5505,155.41394828973796
SEGURO,5506,158.90963043202547
SEGURO,5507,149.93367609825165
SEGURO,5508,155.54745759217568
SEGURO,5509,138.98021467934228
SEGURO,5510,162.8406762120996
SEGURO,5511,156.13690480824266
SEGURO,5512,152.61518502890664
SEGURO,5513,148.32992685235183
SEGURO,5514,166.47997489363004
SEGURO,5515,144.2477432607473
SEGURO,5516,149.87652010202834
SEGURO,5517,153.1207572869404
SEGURO,5518,157.07745010471373
SEGURO,5519,161.95681320783586
SEGURO,5520,151.7019019634177
SEGURO,5521,158.0076331182851
SEGURO,5522,167.7364547873413
SEGURO,5523,148.04553509304486
SEGURO,5524,155.86759903770738
SEGURO,5525,141.8325568894585
SEGURO,5526,158.22542870029858
SEGURO,5527,154.30568329492547
SEGURO,5528,149.74035590546694
SEGURO,5529,148.8080473907208
SEGURO,5530,147.50280315175422
SEGURO,5531,148.76199225766277
SEGURO,5532,141.66308963825693
SEGURO,5533,138.1181010283351
SEGURO,5534,151.01362495422856
SEGURO,5535,150.20324926352143
SEGURO,5536,153.0202536069901
SEGURO,5537,142.65811888497896
SEGURO,5538,129.95673822975567
SEGURO,5539,143.92153668022195
SEGURO,5540,133.2617867902626
SEGURO,5541,145.16988641570327
SEGURO,5542,160.18221774759743
SEGURO,5543,164.58040221443005
SEGURO,5544,149.4596538950824
SEGURO,5545,157.85786294012826
SEGURO,5546,148.26860543963963
SEGURO,5547,144.4238714393118
SEGURO,5548,145.9081673483799
SEGURO,5549,142.96105026052746
SEGURO,5550,146.0707440079006
SEGURO,5551,131.31248822528775
SEGURO,5552,144.539519719641
SEGURO,5553,153.65901573560066
SEGURO,5554,150.84136963640756
SEGURO,5555,137.47294203284702
SEGURO,5556,133.05582894348714
SEGURO,5557,151.5771545164604
SEGURO,5558,153.88379378098588
SEGURO,5559,169.85719830433962
SEGURO,5560,148.1453807980189
SEGURO,5561,152.51297251217557
SEGURO,5562,137.49307621271797
SEGURO,5563,162.79600729216477
SEGURO,5564,145.31715872319126
SEGURO,5565,150.3256867604
SEGURO,5566,158.94753396066938
SEGURO,5567,143.8377191414072
SEGURO,5568,134.09673023165814
SEGURO,5569,146.57351151832373
SEGURO,5570,152.33858401710344
SEGURO,5571,138.7988059772249
SEGURO,5572,169.85828535975568
SEGURO,5573,159.58200229586026
SEGURO,5574,163.65822605795955
SEGURO,5575,157.07373456140454
SEGURO,5576,162.7528744217331
SEGURO,5577,152.42621239195037
SEGURO,5578,135.95807900597336
SEGURO,5579,145.78504674492234
SEGURO,5580,157.90187598196886
SEGURO,5581,137.6737491412598
SEGURO,5582,148.40464145339143
SEGURO,5583,161.28353084145846
SEGURO,5584,167.49507603379504
SEGURO,5585,157.4145526935403
SEGURO,5586,150.12137439654163
SEGURO,5587,167.87983672269303
SEGURO,5588,142.1427187735719
SEGURO,5589,160.48291414581539
SEGURO,5590,147.25736190105843
SEGURO,5591,143.8992253316716
SEGURO,5592,143.4292421315814
SEGURO,5593,143.51091574735761
SEGURO,5594,141.61814054580447
SEGURO,5595,132.81104909653598
SEGURO,5596,143.84122734310836
SEGURO,5597,161.3958791931364
SEGURO,5598,156.0755108347458
SEGURO,5599,150.79511546852973
SEGURO,5600,156.78146289011332
SEGURO,5601,137.29651764236698
SEGURO,5602,143.2278529135992
SEGURO,5603,153.13014381495856
SEGURO,5604,157.01520416375965
SEGURO,5605,152.949979448862
SEGURO,5606,159.47516259426436
SEGURO,5607,145.9603671939282
SEGURO,5608,146.06124043732632
SEGURO,5609,150.30917269906047
SEGURO,5610,128.28809689087905
SEGURO,5611,148.90045715666733
SEGURO,5612,143.19788152537265
SEGURO,5613,141.2306184994903
SEGURO,5614,148.1003035836026
SEGURO,5615,157.28930561200414
SEGURO,5616,139.38273901712284
SEGURO,5617,143.40287908669393
SEGURO,5618,156.43625082780306
SEGURO,5619,137.0069280327081
SEGURO,5620,146.72002258630113
SEGURO,5621,139.99849942860408
SEGURO,5622,146.6532187355386
SEGURO,5623,136.00762355569478
SEGURO,5624,129.8277468779215
SEGURO,5625,150.28925731057754
SEGURO,5626,137.6477458099765
SEGURO,5627,137.6868301658593
SEGURO,5628,142.5074281966775
SEGURO,5629,148.89874726450853
SEGURO,5630,171.28316031092345
SEGURO,5631,164.26029236487778
SEGURO,5632,144.61301976405284
SEGURO,5633,147.80060070405762
SEGURO,5634,137.23021135129372
SEGURO,5635,154.32039561487974
SEGURO,5636,160.57876601852945
SEGURO,5637,148.49216679701067
SEGURO,5638,141.49081007779455
SEGURO,5639,161.40584228184235
SEGURO,5640,139.6629932367817
SEGURO,5641,139.2386130213564
SEGURO,5642,144.69944541623232
SEGURO,5643,131.13040151111494
SEGURO,5644,166.5486174292662
SEGURO,5645,130.20157270602616
SEGURO,5646,143.47561102818872
SEGURO,5647,155.53817221792463
SEGURO,5648,156.7300917570299
SEGURO,5649,146.3985563694654
SEGURO,5650,149.72997903512905
SEGURO,5651,149.28521643310165
SEGURO,5652,151.53503209857638
SEGURO,5653,158.61540404717152
SEGURO,5654,144.11447773888
SEGURO,5655,149.56834233499865
SEGURO,5656,136.0426969705027
SEGURO,5657,142.1626383272502
SEGURO,5658,143.91262325506773
SEGURO,5659,144.73710289064346
SEGURO,5660,134.83659208080135
SEGURO,5661,132.50868416425135
SEGURO,5662,137.08792044913974
SEGURO,5663,152.78005992737783
SEGURO,5664,155.55231238061484
SEGURO,5665,150.6952956997536
SEGURO,5666,154.35617465776133
SEGURO,5667,149.34148933795169
SEGURO,5668,148.5332939326899
SEGURO,5669,156.97565342279944
SEGURO,5670,157.18485034788148
SEGURO,5671,153.7220963634989
SEGURO,5672,141.40580375819067
SEGURO,5673,145.34225112835102
SEGURO,5674,145.73148507100868
SEGURO,5675,148.91349394816467
SEGURO,5676,151.56332292996578
SEGURO,5677,160.86409718812416
SEGURO,5678,156.37707868741128
SEGURO,5679,147.17727496717922
SEGURO,5680,164.51781805498018
SEGURO,5681,146.33900674603092
SEGURO,5682,157.7425800762822
SEGURO,5683,139.97737160031105
SEGURO,5684,172.95240833000426
SEGURO,5685,156.53878950575802
SEGURO,5686,134.8927543536621
SEGURO,5687,169.06413144486493
SEGURO,5688,136.09371515148447
SEGURO,5689,127.63042069712957
SEGURO,5690,140.29592809982398
SEGURO,5691,140.9103387022658
SEGURO,5692,155.74632666864585
SEGURO,5693,156.3169865802172
SEGURO,5694,151.14636353317474
SEGURO,5695,152.70307468103658
SEGURO,5696,152.6501568663085
SEGURO,5697,147.17394572624121
SEGURO,5698,151.1231170401895
SEGURO,5699,127.6327254342524
SEGURO,5700,124.56261021893931
SEGURO,5701,155.12584498674187
SEGURO,5702,144.62934402636506
SEGURO,5703,142.61278892490967
SEGURO,5704,152.00252556092062
SEGURO,5705,141.85942963247123
SEGURO,5706,151.0140952309598
SEGURO,5707,144.30435848181364
SEGURO,5708,146.60202565794273
SEGURO,5709,148.95049172449748
SEGURO,5710,156.0285787143802
SEGURO,5711,149.7120274093694
SEGURO,5712,151.8826538631954
SEGURO,5713,151.36910620840226
SEGURO,5714,156.6353852351154
SEGURO,5715,159.14588403126885
SEGURO,5716,137.48853095946876
SEGURO,5717,143.84665801090034
SEGURO,5718,157.2997566169167
SEGURO,5719,147.44114288203065
SEGURO,5720,151.0507620357289
SEGURO,5721,155.24946988497652
SEGURO,5722,148.5009356946512
SEGURO,5723,165.89467902357097
SEGURO,5724,131.94825659615907
SEGURO,5725,162.4390950152338
SEGURO,5726,150.9786797713722
SEGURO,5727,149.72614918713282
SEGURO,5728,147.67076338663196
SEGURO,5729,154.87530407715658
SEGURO,5730,150.91662478996062
SEGURO,5731,147.25511113484862
SEGURO,5732,149.7620228237082
SEGURO,5733,143.9436108739835
SEGURO,5734,162.20780516372636
SEGURO,5735,143.09029237675318
SEGURO,5736,151.75124800818267
SEGURO,5737,158.28829490701935
SEGURO,5738,142.07040516032095
SEGURO,5739,145.51673171359116
SEGURO,5740,144.66043714544367
SEGURO,5741,147.84627070106862
SEGURO,5742,155.76374219691598
SEGURO,5743,152.84261137179644
SEGURO,5744,145.6297936216729
SEGURO,5745,143.23857723853428
SEGURO,5746,144.11111902385582
SEGURO,5747,142.65775367872246
SEGURO,5748,148.23400010495834
SEGURO,5749,139.22845182694527
SEGURO,5750,135.60518419995822
SEGURO,5751,139.82555950334105
SEGURO,5752,145.1284498398449
SEGURO,5753,156.65727553570565
SEGURO,5754,149.0780781507614
SEGURO,5755,139.94949631966244
SEGURO,5756,153.42809884919615
SEGURO,5757,143.5368482001923
SEGURO,5758,150.9911299023113
SEGURO,5759,155.3320451500527
SEGURO,5760,147.2886440658052
SEGURO,5761,156.3477705540689
SEGURO,5762,151.91891774021596
SEGURO,5763,136.1314055325984
SEGURO,5764,163.1844048690642
SEGURO,5765,158.43765080128856
SEGURO,5766,153.91481832794227
SEGURO,5767,157.94509270920398
SEGURO,5768,158.58500667745983
SEGURO,5769,149.47054081691638
SEGURO,5770,153.87956710925133
SEGURO,5771,147.33336652568232
SEGURO,5772,146.45938575246086
SEGURO,5773,145.65803002557612
SEGURO,5774,152.54780988481124
SEGURO,5775,152.6522285671399
SEGURO,5776,149.5388035559242
SEGURO,5777,163.89453471760757
SEGURO,5778,158.4212700387614
SEGURO,5779,133.33523351166153
SEGURO,5780,131.1757549794788
SEGURO,5781,150.77805385511974
SEGURO,5782,144.2658554484302
SEGURO,5783,148.21379858912823
SEGURO,5784,152.35500711511975
SEGURO,5785,144.65831076571664
SEGURO,5786,139.99158749118476
SEGURO,5787,136.31755556498223
SEGURO,5788,143.08729537778476
SEGURO,5789,135.31343791407073
SEGURO,5790,161.13324116978563
SEGURO,5791,155.72324237624485
SEGURO,5792,150.69786727138975
SEGURO,5793,153.38742923473305
SEGURO,5794,158.69509876017597
SEGURO,5795,143.8678557477043
SEGURO,5796,147.84242229897998
SEGURO,5797,160.25543898295572
SEGURO,5798,142.61536821034926
SEGURO,5799,145.7266580035228
SEGURO,5800,150.75469144321028
SEGURO,5801,144.67082649727828
SEGURO,5802,142.7371887565427
SEGURO,5803,153.5859379468957
SEGURO,5804,148.1914332597532
SEGURO,5805,158.98246469848723
SEGURO,5806,164.31881268775211
SEGURO,5807,154.50129389927167
SEGURO,5808,159.6657558708804
SEGURO,5809,153.08998302089418
SEGURO,5810,144.01668957307064
SEGURO,5811,142.97326010234323
SEGURO,5812,152.49638049236478
SEGURO,5813,136.1546816530722
SEGURO,5814,153.3165872044063
SEGURO,5815,171.07177454286608
SEGURO,5816,147.78471424567437
SEGURO,5817,164.23838173750428
SEGURO,5818,166.59160029059484
SEGURO,5819,145.30296919892868
SEGURO,5820,131.1523087453135
SEGURO,5821,150.56075671783339
SEGURO,5822,158.15647447119275
SEGURO,5823,140.17717621065043
SEGURO,5824,144.81970661568815
SEGURO,5825,136.66755394049562
SEGURO,5826,146.31143180810614
SEGURO,5827,153.14870695940124
SEGURO,5828,161.10642239248878
SEGURO,5829,148.1201299113056
SEGURO,5830,148.92420434138614
SEGURO,5831,155.15633349203344
SEGURO,5832,147.10250747613313
SEGURO,5833,145.83755820696638
SEGURO,5834,131.04649291433196
SEGURO,5835,154.58018792448433
SEGURO,5836,150.07146215484104
SEGURO,5837,141.93950258392368
SEGURO,5838,139.56125229730725
SEGURO,5839,144.87880691950264
SEGURO,5840,148.8036645286757
SEGURO,5841,146.32466715898533
SEGURO,5842,156.58693250405125
SEGURO,5843,137.50523646121215
SEGURO,5844,157.75950231311285
SEGURO,5845,153.82443527669167
SEGURO,5846,156.94573457062228
SEGURO,5847,129.65251887041794
SEGURO,5848,161.35608706043539
SEGURO,5849,155.36817185920162
SEGURO,5850,142.36897532709554
SEGURO,5851,149.4221331986061
SEGURO,5852,147.15834828773194
SEGURO,5853,152.74043523974396
SEGURO,5854,159.05724521527827
SEGURO,5855,153.7861192733824
SEGURO,5856,141.3442311919538
SEGURO,5857,158.78535643043318
SEGURO,5858,134.69124862906727
SEGURO,5859,149.21642686748936
SEGURO,5860,153.42095062066008
SEGURO,5861,160.1704724438399
SEGURO,5862,154.69832564576305
SEGURO,5863,145.25264810748868
SEGURO,5864,150.26976566246722
SEGURO,5865,157.5601590846543
SEGURO,5866,156.76031216872062
SEGURO,5867,142.08202878818346
SEGURO,5868,148.33379814481572
SEGURO,5869,146.06413845198801
SEGURO,5870,142.45656001197034
SEGURO,5871,149.45388552965537
SEGURO,5872,143.71418010471461
SEGURO,5873,167.57499737425005
SEGURO,5874,150.39990946581014
SEGURO,5875,159.96443364662977
SEGURO,5876,152.23186328104052
SEGURO,5877,146.41321155862053
SEGURO,5878,150.15682798898027
SEGURO,5879,151.78688648752862
SEGURO,5880,134.67422084730606
SEGURO,5881,139.32542201828463
SEGURO,5882,144.54927497180896
SEGURO,5883,169.57228401667854
SEGURO,5884,139.2690277044166
SEGURO,5885,163.47724721542855
SEGURO,5886,160.91645716147949
SEGURO,5887,149.76061200281478
SEGURO,5888,141.64161348522265
SEGURO,5889,135.34645447808316
SEGURO,5890,155.99187805554232
SEGURO,5891,143.79866295243528
SEGURO,5892,146.19317724468237
SEGURO,5893,145.3210940563086
SEGURO,5894,132.60254897103206
SEGURO,5895,143.69632085719678
SEGURO,5896,132.66332945672286
SEGURO,5897,151.34800583536355
SEGURO,5898,161.84687664252183
SEGURO,5899,153.27358858832937
SEGURO,5900,154.22148262473357
SEGURO,5901,144.87938035600217
SEGURO,5902,144.5765208278238
SEGURO,5903,145.50112132977574
SEGURO,5904,141.45675179811073
SEGURO,5905,141.10624940376488
SEGURO,5906,145.6890791192599
SEGURO,5907,150.39319010441844
SEGURO,5908,151.43765643060598
SEGURO,5909,137.36657295263342
SEGURO,5910,160.2855815989007
SEGURO,5911,151.4759133958466
SEGURO,5912,147.75888389852852
SEGURO,5913,152.00145569371387
SEGURO,5914,135.64729156015062
SEGURO,5915,160.85676735481988
SEGURO,5916,159.98655021905037
SEGURO,5917,147.3778189560039
SEGURO,5918,156.62188357512446
SEGURO,5919,142.58500181435602
SEGURO,5920,145.89081870001598
SEGURO,5921,145.5430741456714
SEGURO,5922,132.27147234635993
SEGURO,5923,132.49258661936116
SEGURO,5924,151.20620861980885
SEGURO,5925,140.63927529310905
SEGURO,5926,169.4611048626153
SEGURO,5927,148.00173672554993
SEGURO,5928,146.972166780645
SEGURO,5929,148.97679531113621
SEGURO,5930,151.82564098034905
SEGURO,5931,156.04780739897578
SEGURO,5932,153.37809894078194
SEGURO,5933,146.1413908932733
SEGURO,5934,144.6420206998603
SEGURO,5935,167.33651536425413
SEGURO,5936,145.65970156293707
SEGURO,5937,143.3791813127871
SEGURO,5938,141.85573378164506
SEGURO,5939,157.37344184770168
SEGURO,5940,164.97863523139992
SEGURO,5941,144.77136627089607
SEGURO,5942,149.7537111224514
SEGURO,5943,146.03707081071448
SEGURO,5944,128.46325534520494
SEGURO,5945,147.9214601557233
SEGURO,5946,150.07886018828063
SEGURO,5947,151.10526812191029
SEGURO,5948,160.02163571700606
SEGURO,5949,146.7767420971068
SEGURO,5950,146.72919605605773
SEGURO,5951,154.3501284595889
SEGURO,5952,135.9777095957848
SEGURO,5953,175.0783092736239
SEGURO,5954,142.0799054728986
SEGURO,5955,148.86764517437464
SEGURO,5956,151.7391251391575
SEGURO,5957,138.97537556329266
SEGURO,5958,144.71167719054912
SEGURO,5959,150.61995166064634
SEGURO,5960,148.76424551655907
SEGURO,5961,149.4566364304235
SEGURO,5962,126.55709551834417
SEGURO,5963,150.6892615169296
SEGURO,5964,140.34565502639236
SEGURO,5965,137.80739160358064
SEGURO,5966,145.20058915610818
SEGURO,5967,157.3962272733477
SEGURO,5968,130.5112969274386
SEGURO,5969,150.93994589522487
SEGURO,5970,142.1852867114478
SEGURO,5971,135.8648197081302
SEGURO,5972,163.41309160323868
SEGURO,5973,155.95326075200063
SEGURO,5974,143.62187590519338
SEGURO,5975,145.8494316169733
SEGURO,5976,149.13932132357516
SEGURO,5977,151.2712903888182
SEGURO,5978,162.96003530878193
SEGURO,5979,162.1993080140737
SEGURO,5980,149.41634645600269
SEGURO,5981,150.99636923206054
SEGURO,5982,134.08866707583365
SEGURO,5983,162.36892371456594
SEGURO,5984,144.22659861274258
SEGURO,5985,155.2117368392861
SEGURO,5986,135.52532915940606
SEGURO,5987,134.12261859795535
SEGURO,5988,156.5075566074649
SEGURO,5989,153.7068800137359
SEGURO,5990,157.56507468011048
SEGURO,5991,128.28912857109165
SEGURO,5992,144.83123756731888
SEGURO,5993,144.579476861072
SEGURO,5994,148.62930490530806
SEGURO,5995,149.95202079817997
SEGURO,5996,161.02178130750627
SEGURO,5997,161.01288841102493
SEGURO,5998,143.66303407720488
SEGURO,5999,164.44972694189687
SEGURO,6000,153.79469063854586
SEGURO,6001,146.3252648373878
SEGURO,6002,154.18022007451938
SEGURO,6003,141.59175150647584
SEGURO,6004,148.42046128083078
SEGURO,6005,160.51445476844304
SEGURO,6006,155.28577907927925
SEGURO,6007,160.79990569525796
SEGURO,6008,148.34431636137577
SEGURO,6009,164.24947552211427
SEGURO,6010,153.8859717097774
SEGURO,6011,143.11342154588957
SEGURO,6012,148.13231682672222
SEGURO,6013,145.13966637554134
SEGURO,6014,155.61117732374026
SEGURO,6015,166.44343622362672
SEGURO,6016,151.06385689246815
SEGURO,6017,143.01679005066845
SEGURO,6018,140.47685388313295
SEGURO,6019,141.1368200051552
SEGURO,6020,138.90635758065312
SEGURO,6021,146.84815186973364
SEGURO,6022,146.5204583592989
SEGURO,6023,143.33650446419605
SEGURO,6024,150.63402427847177
SEGURO,6025,153.29482672117325
SEGURO,6026,155.98856890157808
SEGURO,6027,138.95932120975866
SEGURO,6028,151.34704925753832
SEGURO,6029,154.9726718984279
SEGURO,6030,139.54968937574645
SEGURO,6031,151.8641544978578
SEGURO,6032,144.75849495910037
SEGURO,6033,161.62592404026253
SEGURO,6034,151.29808087509016
SEGURO,6035,147.64949659866616
SEGURO,6036,145.64734048407516
SEGURO,6037,127.60340140821988
SEGURO,6038,151.166025181637
SEGURO,6039,151.52389453214852
SEGURO,6040,156.03754838634907
SEGURO,6041,160.64512429829335
SEGURO,6042,157.64535192266723
SEGURO,6043,154.85287381142112
SEGURO,6044,151.2558339989945
SEGURO,6045,149.77437971509764
SEGURO,6046,146.2325532777106
SEGURO,6047,153.28650350523841
SEGURO,6048,164.19821556251844
SEGURO,6049,140.37732145066158
SEGURO,6050,155.84836169131978
SEGURO,6051,134.98608177787563
SEGURO,6052,149.9194791450184
SEGURO,6053,147.33247400953528
SEGURO,6054,138.7176090587664
SEGURO,6055,146.95990782839584
SEGURO,6056,158.79062002411268
SEGURO,6057,150.07921094273465
SEGURO,6058,152.43624397179107
SEGURO,6059,137.55625733671675
SEGURO,6060,149.3649314402539
SEGURO,6061,145.10119799381604
SEGURO,6062,137.4545897465162
SEGURO,6063,148.56974261068933
SEGURO,6064,166.33549269463404
SEGURO,6065,155.75339886015
SEGURO,6066,134.26844569856524
SEGURO,6067,156.37067454082685
SEGURO,6068,165.11025693023242
SEGURO,6069,156.10005177439322
SEGURO,6070,140.91210643147804
SEGURO,6071,149.77143208097027
SEGURO,6072,141.87456831048385
SEGURO,6073,155.0072540114294
SEGURO,6074,153.00277300494744
SEGURO,6075,158.9888519156247
SEGURO,6076,138.9326618163432
SEGURO,6077,153.40806169330028
SEGURO,6078,135.2569996147912
SEGURO,6079,144.67384084286854
SEGURO,6080,135.20427060476106
SEGURO,6081,164.37853937747826
SEGURO,6082,138.93791265438756
SEGURO,6083,150.9036062760603
SEGURO,6084,153.3552684856228
SEGURO,6085,147.62918979826884
SEGURO,6086,148.7652044516168
SEGURO,6087,159.7811948278416
SEGURO,6088,155.44120908808097
SEGURO,6089,145.54158383894318
SEGURO,6090,139.571691543814
SEGURO,6091,140.46722006088302
SEGURO,6092,144.90147473594845
SEGURO,6093,148.74155544247157
SEGURO,6094,139.28805666511306
SEGURO,6095,154.1758314820652
SEGURO,6096,142.59376607337205
SEGURO,6097,147.38074965073383
SEGURO,6098,140.74980141309732
SEGURO,6099,154.19232439120805
SEGURO,6100,144.98477938539457
SEGURO,6101,167.79796260434517
SEGURO,6102,142.24841705977477
SEGURO,6103,152.2809505978252
SEGURO,6104,131.13389504054095
SEGURO,6105,146.31031902558573
SEGURO,6106,149.19351672283292
SEGURO,6107,170.6556810753218
SEGURO,6108,143.1343867495293
SEGURO,6109,156.8026816417637
SEGURO,6110,146.91499816790724
SEGURO,6111,135.5704254863229
SEGURO,6112,144.61206522560295
SEGURO,6113,143.4192596710857
SEGURO,6114,175.70020892851937
SEGURO,6115,152.6700299351091
SEGURO,6116,144.03459926609776
SEGURO,6117,135.38697626546255
SEGURO,6118,152.2655655293899
SEGURO,6119,155.4245506539252
SEGURO,6120,149.3896237929448
SEGURO,6121,149.120064227412
SEGURO,6122,144.66083944126117
SEGURO,6123,157.84835708278808
SEGURO,6124,168.40845159989715
SEGURO,6125,138.90911337937084
SEGURO,6126,147.49145944682152
SEGURO,6127,149.82215621218498
SEGURO,6128,150.54759236886105
SEGURO,6129,155.51804207543634
SEGURO,6130,150.0571751098903
SEGURO,6131,151.57629414466652
SEGURO,6132,156.84958251935083
SEGURO,6133,146.27676373555818
SEGURO,6134,160.04010456163675
SEGURO,6135,127.27494369155445
SEGURO,6136,160.28758115223008
SEGURO,6137,147.06146557333227
SEGURO,6138,142.33774188967456
SEGURO,6139,153.44550545993425
SEGURO,6140,143.18687720985315
SEGURO,6141,158.46050059441578
SEGURO,6142,143.87066606162043
SEGURO,6143,150.39305972585623
SEGURO,6144,138.10368297254877
SEGURO,6145,162.03050396782473
SEGURO,6146,150.05957709496283
SEGURO,6147,147.9646285899022
SEGURO,6148,144.82928163575494
SEGURO,6149,170.61596472394885
SEGURO,6150,148.46505795244772
SEGURO,6151,161.98851451752208
SEGURO,6152,155.64506871550068
SEGURO,6153,157.59095781962563
SEGURO,6154,157.48051953045498
SEGURO,6155,167.13725842128906
SEGURO,6156,144.39166486284626
SEGURO,6157,152.98187455925367
SEGURO,6158,143.12175275017788
SEGURO,6159,146.65743757723823
SEGURO,6160,149.77768471242618
SEGURO,6161,148.84131595806602
SEGURO,6162,147.37090412650156
SEGURO,6163,155.97005452678212
SEGURO,6164,156.52362780704595
SEGURO,6165,160.41978934960832
SEGURO,6166,155.46609558214027
SEGURO,6167,146.75699300144532
SEGURO,6168,151.55570922542745
SEGURO,6169,143.318581296653
SEGURO,6170,152.27881699494657
SEGURO,6171,147.7962418229505
SEGURO,6172,156.64369043960593
SEGURO,6173,154.03093904276562
SEGURO,6174,151.18524215944052
SEGURO,6175,144.6063065713492
SEGURO,6176,155.60058744755875
SEGURO,6177,147.78016152037918
SEGURO,6178,157.00938094675803
SEGURO,6179,148.36384573676068
SEGURO,6180,146.35485849627352
SEGURO,6181,143.12678023791892
SEGURO,6182,149.26951815946072
SEGURO,6183,161.14045345725728
SEGURO,6184,156.90242963667995
SEGURO,6185,143.19949147391554
SEGURO,6186,157.89134764706043
SEGURO,6187,146.45464452862103
SEGURO,6188,152.74465636377175
SEGURO,6189,151.72073032085126
SEGURO,6190,152.26999915703547
SEGURO,6191,143.12632180413058
SEGURO,6192,148.92146710563156
SEGURO,6193,149.1971771197318
SEGURO,6194,156.90313158346277
SEGURO,6195,144.77360677228742
SEGURO,6196,149.18516420698242
SEGURO,6197,132.64966440097123
SEGURO,6198,149.2357366483463
SEGURO,6199,141.99608662752865
SEGURO,6200,146.46998639411063
SEGURO,6201,151.53706803096614
SEGURO,6202,160.61852748183944
SEGURO,6203,158.10326992685586
SEGURO,6204,148.0310585663506
SEGURO,6205,149.1330068905987
SEGURO,6206,153.75253098667528
SEGURO,6207,131.42568145033286
SEGURO,6208,154.57131897066168
SEGURO,6209,144.18999402313432
SEGURO,6210,132.3706347857211
SEGURO,6211,152.12136705373558
SEGURO,6212,156.95411599012752
SEGURO,6213,164.98588939668406
SEGURO,6214,144.26705387907896
SEGURO,6215,143.64724990434374
SEGURO,6216,154.93221642389423
SEGURO,6217,152.08814874307296
SEGURO,6218,154.3528202622505
SEGURO,6219,144.44279581149573
SEGURO,6220,164.88982287866685
SEGURO,6221,134.56767937377197
SEGURO,6222,135.64882282761505
SEGURO,6223,151.01526525303416
SEGURO,6224,154.47121129127314
SEGURO,6225,139.52419547489063
SEGURO,6226,139.74407541446422
SEGURO,6227,160.4938463383183
SEGURO,6228,143.16890457498644
SEGURO,6229,145.85084273522307
SEGURO,6230,155.2747155496847
SEGURO,6231,155.1826194857071
SEGURO,6232,154.44480993270903
SEGURO,6233,147.5240284239469
SEGURO,6234,156.76766560822347
SEGURO,6235,148.50037656233445
SEGURO,6236,156.85539051844128
SEGURO,6237,152.1972764588187
SEGURO,6238,139.7374775960688
SEGURO,6239,157.74652689608268
SEGURO,6240,156.1331572557811
SEGURO,6241,153.63612888720786
SEGURO,6242,148.6759798220615
SEGURO,6243,131.8807299646684
SEGURO,6244,141.31358067438595
SEGURO,6245,143.266835392656
SEGURO,6246,139.13399466704865
SEGURO,6247,147.6489842933515
SEGURO,6248,150.40247944703813
SEGURO,6249,155.8417971943898
SEGURO,6250,157.59567613581203
SEGURO,6251,153.19482968728582
SEGURO,6252,146.32106116366737
SEGURO,6253,138.00464581634046
SEGURO,6254,147.0051806462137
SEGURO,6255,166.193717293136
SEGURO,6256,134.21826853968415
SEGURO,6257,149.32410700802143
SEGURO,6258,160.65968478191212
SEGURO,6259,151.20660588848142
SEGURO,6260,150.4126052337074
SEGURO,6261,147.7899370607879
SEGURO,6262,151.74024666893368
SEGURO,6263,150.32795792716965
SEGURO,6264,130.8940667784637
SEGURO,6265,154.54758788353504
SEGURO,6266,165.8424070223475
SEGURO,6267,151.2019277777028
SEGURO,6268,155.08021921853225
SEGURO,6269,152.65997993863303
SEGURO,6270,162.39048374375474
SEGURO,6271,148.6043777148213
SEGURO,6272,162.37312451137237
SEGURO,6273,139.62244989344083
SEGURO,6274,147.189322704515
SEGURO,6275,150.49418065453335
SEGURO,6276,155.0934895447367
SEGURO,6277,155.75644878912183
SEGURO,6278,156.93346274142613
SEGURO,6279,145.98629209610212
SEGURO,6280,162.23955023569528
SEGURO,6281,147.83751968282698
SEGURO,6282,146.03227220095454
SEGURO,6283,148.12948736721393
SEGURO,6284,139.8885138152052
SEGURO,6285,147.36344482296968
SEGURO,6286,155.14224320691562
SEGURO,6287,147.3126870297256
SEGURO,6288,145.60223589420852
SEGURO,6289,142.88252945941477
SEGURO,6290,155.55746883721565
SEGURO,6291,143.27781815398825
SEGURO,6292,141.98058709924172
SEGURO,6293,142.36180154793078
SEGURO,6294,152.60142413774386
SEGURO,6295,142.36747433288932
SEGURO,6296,132.894831499419
SEGURO,6297,128.0605832656836
SEGURO,6298,153.3093041345343
SEGURO,6299,134.04670329955005
SEGURO,6300,153.59480757176237
SEGURO,6301,149.12943594400855
SEGURO,6302,146.62611844993026
SEGURO,6303,157.41679801190435
SEGURO,6304,153.8514206370135
SEGURO,6305,166.62146910138364
SEGURO,6306,148.20407921902938
SEGURO,6307,135.67444865067952
SEGURO,6308,133.7576752099596
SEGURO,6309,142.41859581200717
SEGURO,6310,147.1670326678376
SEGURO,6311,135.36632270329437
SEGURO,6312,154.24284450331137
SEGURO,6313,154.8664121240502
SEGURO,6314,154.21287718436508
SEGURO,6315,153.84911493178504
SEGURO,6316,136.94598240154787
SEGURO,6317,154.11830209474317
SEGURO,6318,144.62689120611813
SEGURO,6319,149.44934111423436
SEGURO,6320,154.90444569688995
SEGURO,6321,145.2698624779458
SEGURO,6322,137.4403766364443
SEGURO,6323,152.47634176375104
SEGURO,6324,149.2748955274587
SEGURO,6325,156.5669224322494
SEGURO,6326,164.0777379195954
SEGURO,6327,154.1664687323763
SEGURO,6328,144.07669527863885
SEGURO,6329,154.04079845461035
SEGURO,6330,155.7651237876686
SEGURO,6331,135.3893906389399
SEGURO,6332,159.36575126869528
SEGURO,6333,160.5367857637322
SEGURO,6334,150.22774123170495
SEGURO,6335,151.4694711172128
SEGURO,6336,162.09076839977172
SEGURO,6337,144.0870054492221
SEGURO,6338,154.89071718018116
SEGURO,6339,156.37039877942348
SEGURO,6340,154.0552792066538
SEGURO,6341,151.433900830452
SEGURO,6342,160.4977651669472
SEGURO,6343,150.50896819117642
SEGURO,6344,161.7856685717867
SEGURO,6345,151.64489940050382
SEGURO,6346,150.31907159838462
SEGURO,6347,144.3054310893733
SEGURO,6348,155.4077643931683
SEGURO,6349,146.18521173691653
SEGURO,6350,150.70633327560506
SEGURO,6351,152.0802990604177
SEGURO,6352,165.5635739701067
SEGURO,6353,152.73877164933867
SEGURO,6354,144.63750057083092
SEGURO,6355,156.78188523225333
SEGURO,6356,138.14516281682995
SEGURO,6357,154.4415909225446
SEGURO,6358,157.87934757976814
SEGURO,6359,148.59422119355878
SEGURO,6360,134.35724689622498
SEGURO,6361,148.49566547379618
SEGURO,6362,131.1559503761175
SEGURO,6363,143.08448756823805
SEGURO,6364,143.06410591213475
SEGURO,6365,157.048942131578
SEGURO,6366,149.92532687348384
SEGURO,6367,145.622650340286
SEGURO,6368,146.09442832196237
SEGURO,6369,150.662898036953
SEGURO,6370,137.8181830907756
SEGURO,6371,155.24425173985742
SEGURO,6372,151.9810087453303
SEGURO,6373,135.39983992800245
SEGURO,6374,157.82537922650252
SEGURO,6375,138.0133211789883
SEGURO,6376,153.30068396309426
SEGURO,6377,146.35142500436905
SEGURO,6378,157.02443853837065
SEGURO,6379,149.58018256410435
SEGURO,6380,143.49388273037593
SEGURO,6381,148.83906666304122
SEGURO,6382,141.69240833512427
SEGURO,6383,148.4567098837958
SEGURO,6384,148.8232739373781
SEGURO,6385,140.0907165156746
SEGURO,6386,143.59058477118185
SEGURO,6387,173.70786994621568
SEGURO,6388,161.32506286166503
SEGURO,6389,152.09726495885914
SEGURO,6390,154.1604563881948
SEGURO,6391,147.61220870759857
SEGURO,6392,149.7112726814647
SEGURO,6393,160.42395262003907
SEGURO,6394,139.99284172076747
SEGURO,6395,157.28614782513708
SEGURO,6396,150.96549681612936
SEGURO,6397,148.52458045056738
SEGURO,6398,161.67105251617562
SEGURO,6399,149.8655596580463
SEGURO,6400,138.2594942687302
SEGURO,6401,147.94889299707526
SEGURO,6402,157.28119134338655
SEGURO,6403,156.42657340569605
SEGURO,6404,139.62747024744553
SEGURO,6405,143.36612352303553
SEGURO,6406,133.39832429596598
SEGURO,6407,149.31169694347886
SEGURO,6408,147.07440791709078
SEGURO,6409,147.40672938776916
SEGURO,6410,138.2999638609304
SEGURO,6411,153.56055962387902
SEGURO,6412,138.9379206029293
SEGURO,6413,142.32740424477123
SEGURO,6414,147.5521142570254
SEGURO,6415,145.5476551063196
SEGURO,6416,146.1446355343459
SEGURO,6417,143.9609576233653
SEGURO,6418,158.36285246654026
SEGURO,6419,154.53585981611133
SEGURO,6420,175.83573447382895
SEGURO,6421,163.95883706202562
SEGURO,6422,138.53218763696535
SEGURO,6423,141.68056215976185
SEGURO,6424,150.39656974240756
SEGURO,6425,130.7363369682112
SEGURO,6426,158.18186283467384
SEGURO,6427,149.7840194945903
SEGURO,6428,150.13254755525261
SEGURO,6429,144.29869820754513
SEGURO,6430,152.64077930358891
SEGURO,6431,154.04243471358532
SEGURO,6432,153.40401498166426
SEGURO,6433,150.21594090695027
SEGURO,6434,159.91972853304867
SEGURO,6435,153.2512417317366
SEGURO,6436,139.06207849315948
SEGURO,6437,142.2703230205315
SEGURO,6438,144.57492681202154
SEGURO,6439,152.9903122860631
SEGURO,6440,160.42839943955235
SEGURO,6441,148.02486726545325
SEGURO,6442,143.8422807021821
SEGURO,6443,135.18487242715153
SEGURO,6444,159.0418003061604
SEGURO,6445,150.80544800929155
SEGURO,6446,156.80758773702067
SEGURO,6447,146.1116229849423
SEGURO,6448,149.60804788020286
SEGURO,6449,154.23453872895254
SEGURO,6450,149.40446650226784
SEGURO,6451,155.53914891679128
SEGURO,6452,148.5404401858621
SEGURO,6453,148.30988122569167
SEGURO,6454,150.24765349033012
SEGURO,6455,150.89645463146965
SEGURO,6456,158.23359665454203
SEGURO,6457,146.08999664152037
SEGURO,6458,129.94005494701918
SEGURO,6459,153.55257334447106
SEGURO,6460,143.79704066615147
SEGURO,6461,132.67094688176545
SEGURO,6462,146.30697024805417
SEGURO,6463,151.93211136208134
SEGURO,6464,153.13864852652654
SEGURO,6465,150.0081691490367
SEGURO,6466,154.1616025424587
SEGURO,6467,141.74820634234476
SEGURO,6468,146.08574169479118
SEGURO,6469,155.94590236959638
SEGURO,6470,147.14311479476697
SEGURO,6471,163.13976822553582
SEGURO,6472,152.97552307526
SEGURO,6473,146.60895212305118
SEGURO,6474,157.6601664115582
SEGURO,6475,141.9746663557917
SEGURO,6476,152.61942606318917
SEGURO,6477,153.26194017682295
SEGURO,6478,162.33146050384036
SEGURO,6479,147.5606368236687
SEGURO,6480,149.12025318424972
SEGURO,6481,151.42980666371986
SEGURO,6482,160.43220498126587
SEGURO,6483,142.45733254450775
SEGURO,6484,142.88617391348194
SEGURO,6485,134.48518729633662
SEGURO,6486,154.0175005317923
SEGURO,6487,145.40746566765714
SEGURO,6488,152.57535487962372
SEGURO,6489,143.95084874256963
SEGURO,6490,145.5085433302627
SEGURO,6491,140.54457748102593
SEGURO,6492,145.86668415578748
SEGURO,6493,157.465688199738
SEGURO,6494,134.23870063935848
SEGURO,6495,159.31352766521053
SEGURO,6496,149.13155893611713
SEGURO,6497,139.4783354398781
SEGURO,6498,152.36506910733772
SEGURO,6499,150.93327710868695
SEGURO,6500,148.99410965914169
SEGURO,6501,157.48089920086164
SEGURO,6502,135.93627239075167
SEGURO,6503,160.7940356429501
SEGURO,6504,145.98381625866543
SEGURO,6505,146.0289777672203
SEGURO,6506,157.96939786799174
SEGURO,6507,139.5088499337887
SEGURO,6508,147.74786440268082
SEGURO,6509,142.44262338164125
SEGURO,6510,155.4757354160479
SEGURO,6511,153.88918955803405
SEGURO,6512,167.664359806979
SEGURO,6513,147.2191313345299
SEGURO,6514,143.39260741305722
SEGURO,6515,151.10552696293686
SEGURO,6516,146.32733811279638
SEGURO,6517,134.71191028590783
SEGURO,6518,161.04082566673006
SEGURO,6519,153.42865678314303
SEGURO,6520,153.84994362944843
SEGURO,6521,144.97916086945645
SEGURO,6522,155.97870670950442
SEGURO,6523,162.14976333622843
SEGURO,6524,156.32593379146977
SEGURO,6525,140.53287959170822
SEGURO,6526,151.36676768522102
SEGURO,6527,150.37926422073406
SEGURO,6528,161.01374409682677
SEGURO,6529,140.34853473751656
SEGURO,6530,145.97704278957005
SEGURO,6531,131.5938355475289
SEGURO,6532,135.4996120611851
SEGURO,6533,146.01407714075495
SEGURO,6534,149.12385085549514
SEGURO,6535,158.4214122070865
SEGURO,6536,158.6922442304382
SEGURO,6537,137.85842919766344
SEGURO,6538,144.5759800046268
SEGURO,6539,169.77122525080983
SEGURO,6540,158.06521806396307
SEGURO,6541,157.72474869975576
SEGURO,6542,147.29031706516434
SEGURO,6543,166.30235613503373
SEGURO,6544,139.86814869479753
SEGURO,6545,158.5248412229745
SEGURO,6546,155.53951222240613
SEGURO,6547,148.65812170023932
SEGURO,6548,160.40475935853044
SEGURO,6549,149.26522732566704
SEGURO,6550,155.85238353551028
SEGURO,6551,151.48373571982722
SEGURO,6552,162.81990120089057
SEGURO,6553,156.66903088810272
SEGURO,6554,152.73289022176036
SEGURO,6555,154.47617920166294
SEGURO,6556,131.6524788695056
SEGURO,6557,165.2417290012614
SEGURO,6558,146.97704502730997
SEGURO,6559,144.2139269837413
SEGURO,6560,142.48404284427616
SEGURO,6561,160.18743238480775
SEGURO,6562,143.0353087144383
SEGURO,6563,148.62603582465448
SEGURO,6564,143.17891777970434
SEGURO,6565,160.8860987480259
SEGURO,6566,147.32095617644362
SEGURO,6567,136.7621247534189
SEGURO,6568,145.81447310841344
SEGURO,6569,140.71258972442735
SEGURO,6570,154.98949319902198
SEGURO,6571,153.27001635506542
SEGURO,6572,150.8894865923195
SEGURO,6573,154.58886421721255
SEGURO,6574,147.30619252812352
SEGURO,6575,142.7344792364404
SEGURO,6576,155.0856313438318
SEGURO,6577,144.54682109407753
SEGURO,6578,165.01678435391457
SEGURO,6579,139.46937758021153
SEGURO,6580,150.67098639421002
SEGURO,6581,158.22825167527893
SEGURO,6582,141.25688711375565
SEGURO,6583,141.18195135996137
SEGURO,6584,151.31755185232004
SEGURO,6585,141.93245220491093
SEGURO,6586,144.65887406211255
SEGURO,6587,161.62983882778198
SEGURO,6588,159.79686256513364
SEGURO,6589,148.69692180965225
SEGURO,6590,140.87743252653033
SEGURO,6591,143.35901593621003
SEGURO,6592,160.42284688984338
SEGURO,6593,150.61358749591983
SEGURO,6594,145.85048134936613
SEGURO,6595,155.15115925244638
SEGURO,6596,156.3385793109251
SEGURO,6597,158.42692342466577
SEGURO,6598,147.23610916273148
SEGURO,6599,136.69933534064597
SEGURO,6600,126.57225535662172
SEGURO,6601,155.5475360303784
SEGURO,6602,159.7820641906886
SEGURO,6603,117.99016681545355
SEGURO,6604,136.2840061378771
SEGURO,6605,150.9316651687584
SEGURO,6606,168.1732409257787
SEGURO,6607,157.0941552922509
SEGURO,6608,141.95660107373394
SEGURO,6609,165.26534716008763
SEGURO,6610,140.0650910093367
SEGURO,6611,145.61349601206143
SEGURO,6612,148.0994680862264
SEGURO,6613,139.95273459897896
SEGURO,6614,172.3750027842894
SEGURO,6615,145.87703640770886
SEGURO,6616,138.10678322401967
SEGURO,6617,146.17315427578268
SEGURO,6618,135.49975536669882
SEGURO,6619,135.64779704542096
SEGURO,6620,146.49739355365122
SEGURO,6621,156.53400513369246
SEGURO,6622,163.2949159404411
SEGURO,6623,155.10585417862592
SEGURO,6624,148.65469379935018
SEGURO,6625,142.36428128719723
SEGURO,6626,143.26422151271885
SEGURO,6627,163.38737263794994
SEGURO,6628,150.13448832572223
SEGURO,6629,145.53589486876373
SEGURO,6630,154.83018238755594
SEGURO,6631,147.40358076793757
SEGURO,6632,160.50159028502097
SEGURO,6633,137.296554501853
SEGURO,6634,160.0149724504888
SEGURO,6635,156.8759336249405
SEGURO,6636,154.41910210270734
SEGURO,6637,158.1666449309892
SEGURO,6638,154.7726728261791
SEGURO,6639,154.5375163297682
SEGURO,6640,153.66730545088606
SEGURO,6641,146.8389468531447
SEGURO,6642,146.11412030927679
SEGURO,6643,153.6194514690873
SEGURO,6644,148.72231480915914
SEGURO,6645,150.79597947591918
SEGURO,6646,138.39191429981167
SEGURO,6647,137.79036820738312
SEGURO,6648,163.80649040809178
SEGURO,6649,139.2158693667131
SEGURO,6650,148.67009977704177
SEGURO,6651,147.04689531895846
SEGURO,6652,159.20660370049015
SEGURO,6653,158.62103490026874
SEGURO,6654,152.88553199444485
SEGURO,6655,149.18982716292513
SEGURO,6656,151.46618979256104
SEGURO,6657,144.12417593991162
SEGURO,6658,127.06886903717273
SEGURO,6659,142.87952881164622
SEGURO,6660,142.5247365193817
SEGURO,6661,156.89419602799566
SEGURO,6662,146.83709661385862
SEGURO,6663,140.87131713476535
SEGURO,6664,152.25605446258112
SEGURO,6665,154.14677365438206
SEGURO,6666,161.4999671437389
SEGURO,6667,149.70633797815032
SEGURO,6668,159.07365919256802
SEGURO,6669,148.94083278007835
SEGURO,6670,162.78635564444784
SEGURO,6671,150.04344393200262
SEGURO,6672,146.80388217522588
SEGURO,6673,141.94391260760773
SEGURO,6674,156.84790191962972
SEGURO,6675,136.76378619483478
SEGURO,6676,151.43427047286045
SEGURO,6677,151.77586800757913
SEGURO,6678,150.38034397541873
SEGURO,6679,167.13644723661727
SEGURO,6680,139.9623897009344
SEGURO,6681,141.57983575886936
SEGURO,6682,131.40327466243406
SEGURO,6683,158.9910930183962
SEGURO,6684,149.56228401372812
SEGURO,6685,144.37017804439353
SEGURO,6686,148.3648458680543
SEGURO,6687,163.33341787243097
SEGURO,6688,150.3843941814632
SEGURO,6689,143.77504363162802
SEGURO,6690,149.87032237837505
SEGURO,6691,144.74334946046548
SEGURO,6692,145.57814705763028
SEGURO,6693,153.98915733134393
SEGURO,6694,138.09708616916382
SEGURO,6695,148.73026738390607
SEGURO,6696,146.53236115787251
SEGURO,6697,129.474183501625
SEGURO,6698,158.72914577649567
SEGURO,6699,166.81222717279846
SEGURO,6700,141.6877838043155
SEGURO,6701,146.09420015568415
SEGURO,6702,142.77636718956944
SEGURO,6703,137.22899198878287
SEGURO,6704,167.38321748628033
SEGURO,6705,150.04068133841997
SEGURO,6706,135.84566071409785
SEGURO,6707,153.96298079658075
SEGURO,6708,146.73502785035996
SEGURO,6709,149.6573851554978
SEGURO,6710,147.14717086221407
SEGURO,6711,151.6003818889994
SEGURO,6712,149.54189814374482
SEGURO,6713,150.17960212615864
SEGURO,6714,145.19482242359067
SEGURO,6715,145.3581313733069
SEGURO,6716,145.99827399652972
SEGURO,6717,146.8526123800857
SEGURO,6718,139.53662718869683
SEGURO,6719,144.81087171194113
SEGURO,6720,144.70673408803898
SEGURO,6721,152.79556829419403
SEGURO,6722,149.91515087699517
SEGURO,6723,151.33647593687508
SEGURO,6724,137.90533325728336
SEGURO,6725,153.07598162238145
SEGURO,6726,146.37173492033318
SEGURO,6727,149.46585268549774
SEGURO,6728,146.22832696971736
SEGURO,6729,145.12081199707518
SEGURO,6730,147.52422271651182
SEGURO,6731,145.9537683452816
SEGURO,6732,152.5692211024093
SEGURO,6733,153.18283103780038
SEGURO,6734,144.37577808177414
SEGURO,6735,150.64565598994682
SEGURO,6736,154.37370154978913
SEGURO,6737,166.81248656752382
SEGURO,6738,147.0167612556685
SEGURO,6739,140.79152597676466
SEGURO,6740,168.2077916428555
SEGURO,6741,157.7844240583184
SEGURO,6742,158.96813382969202
SEGURO,6743,147.89506080445952
SEGURO,6744,165.68400475170674
SEGURO,6745,144.01853514493655
SEGURO,6746,143.1059512073904
SEGURO,6747,139.17186294730573
SEGURO,6748,136.82482520479542
SEGURO,6749,146.3563098474489
SEGURO,6750,147.40619765144112
SEGURO,6751,140.47781574168584
SEGURO,6752,154.18912086812108
SEGURO,6753,151.52381272670507
SEGURO,6754,141.09828484310756
SEGURO,6755,147.0231131147632
SEGURO,6756,152.51507443674868
SEGURO,6757,146.90063396830814
SEGURO,6758,144.69031329641058
SEGURO,6759,156.06303895195697
SEGURO,6760,130.62564189343652
SEGURO,6761,139.99775998227298
SEGURO,6762,170.0298375488409
SEGURO,6763,147.83568977102027
SEGURO,6764,159.59095873156005
SEGURO,6765,163.20166686411537
SEGURO,6766,146.45362265610694
SEGURO,6767,148.9816507645591
SEGURO,6768,136.2437179401659
SEGURO,6769,146.9196026774699
SEGURO,6770,132.5600274908241
SEGURO,6771,149.3828769880195
SEGURO,6772,156.39999959615375
SEGURO,6773,165.3007266614709
SEGURO,6774,153.79085829232378
SEGURO,6775,160.48270630935156
SEGURO,6776,171.35976062767412
SEGURO,6777,143.2407992703555
SEGURO,6778,144.60419153795624
SEGURO,6779,143.79758374268636
SEGURO,6780,157.90432871350475
SEGURO,6781,126.24181819120173
SEGURO,6782,144.34535070293856
SEGURO,6783,154.50694694175172
SEGURO,6784,145.91598343180243
SEGURO,6785,159.60819159074657
SEGURO,6786,152.1173308020419
SEGURO,6787,146.7702303453945
SEGURO,6788,151.11582123651732
SEGURO,6789,153.5212050785016
SEGURO,6790,148.270702548307
SEGURO,6791,134.81243207980526
SEGURO,6792,144.13075597345542
SEGURO,6793,153.1113822430085
SEGURO,6794,146.90699092996985
SEGURO,6795,148.6468708155365
SEGURO,6796,140.82415532966724
SEGURO,6797,150.55926168724454
SEGURO,6798,155.97050279494385
SEGURO,6799,144.65805103881382
SEGURO,6800,157.47393141729242
SEGURO,6801,146.42154798937102
SEGURO,6802,154.0434255147661
SEGURO,6803,159.07405769266006
SEGURO,6804,135.9304009491119
SEGURO,6805,147.19304710175308
SEGURO,6806,150.91829145208283
SEGURO,6807,155.2653812790663
SEGURO,6808,159.8833962004536
SEGURO,6809,165.87431153492724
SEGURO,6810,151.64189051665534
SEGURO,6811,145.64892313165106
SEGURO,6812,135.0241617874161
SEGURO,6813,148.48641092765428
SEGURO,6814,148.559669059696
SEGURO,6815,137.9915237093685
SEGURO,6816,158.01792413527068
SEGURO,6817,159.95991331200537
SEGURO,6818,147.98147069304787
SEGURO,6819,152.32636195941944
SEGURO,6820,156.22977811710678
SEGURO,6821,160.0216218276051
SEGURO,6822,155.31043113474914
SEGURO,6823,149.39118795018797
SEGURO,6824,143.05750702508664
SEGURO,6825,147.06073927036962
SEGURO,6826,146.02403816482976
SEGURO,6827,151.02770311640643
SEGURO,6828,154.00203639776814
SEGURO,6829,152.04164465461852
SEGURO,6830,145.08353360166802
SEGURO,6831,151.14554514313272
SEGURO,6832,148.2936524926065
SEGURO,6833,147.9792260108419
SEGURO,6834,150.51971360893637
SEGURO,6835,146.56268200395277
SEGURO,6836,137.71508375995148
SEGURO,6837,155.8919504925393
SEGURO,6838,152.30629240667972
SEGURO,6839,162.8198965509722
SEGURO,6840,164.45139283289578
SEGURO,6841,153.34267989076486
SEGURO,6842,138.45193061156277
SEGURO,6843,153.1960808566652
SEGURO,6844,149.6122448334647
SEGURO,6845,148.57890908311555
SEGURO,6846,145.83380157622088
SEGURO,6847,161.77080973282796
SEGURO,6848,152.63849366309188
SEGURO,6849,140.63707038224436
SEGURO,6850,157.49880813108555
SEGURO,6851,156.17777801526643
SEGURO,6852,155.56056978301706
SEGURO,6853,152.22189718672738
SEGURO,6854,146.764479583238
SEGURO,6855,146.22355738521878
SEGURO,6856,150.50612123263463
SEGURO,6857,157.7041242643057
SEGURO,6858,149.42332149555378
SEGURO,6859,151.2540471821786
SEGURO,6860,150.57052019242167
SEGURO,6861,137.86205325786293
SEGURO,6862,144.5444390363535
SEGURO,6863,141.5148564752671
SEGURO,6864,149.2837468752218
SEGURO,6865,147.2900154367517
SEGURO,6866,151.73503269043695
SEGURO,6867,160.15781546135855
SEGURO,6868,153.84287524918315
SEGURO,6869,140.18976990570775
SEGURO,6870,156.1294820803406
SEGURO,6871,144.9177530183431
SEGURO,6872,146.73224633140367
SEGURO,6873,145.18351565021402
SEGURO,6874,145.4006994478697
SEGURO,6875,141.4629561804964
SEGURO,6876,156.2253913920486
SEGURO,6877,148.14510402214464
SEGURO,6878,141.6707262904799
SEGURO,6879,157.0878656716164
SEGURO,6880,161.60240174422367
SEGURO,6881,146.23595790298324
SEGURO,6882,149.028767520234
SEGURO,6883,154.66483907937192
SEGURO,6884,140.8805638138965
SEGURO,6885,157.78398938793782
SEGURO,6886,163.4696014728027
SEGURO,6887,143.01317022824043
SEGURO,6888,150.2536959779288
SEGURO,6889,146.97336317789913
SEGURO,6890,153.18118352176077
SEGURO,6891,139.08462094812018
SEGURO,6892,138.33571489903622
SEGURO,6893,146.09517605749323
SEGURO,6894,147.57149267264253
SEGURO,6895,161.26987391304806
SEGURO,6896,142.22293723429812
SEGURO,6897,143.0182267370597
SEGURO,6898,142.13154400572174
SEGURO,6899,134.2839347105479
SEGURO,6900,151.0485199739765
SEGURO,6901,144.89893265380255
SEGURO,6902,147.9512001766555
SEGURO,6903,156.12160721045402
SEGURO,6904,158.4565356319976
SEGURO,6905,163.67769123153775
SEGURO,6906,147.91538531862193
SEGURO,6907,156.4639106584043
SEGURO,6908,158.0092834227159
SEGURO,6909,140.8818288375842
SEGURO,6910,154.44104302826847
SEGURO,6911,133.35088323014554
SEGURO,6912,150.6161762706245
SEGURO,6913,148.80549276437335
SEGURO,6914,157.1886094271219
SEGURO,6915,140.5051931986656
SEGURO,6916,143.1053164810709
SEGURO,6917,158.1065501947213
SEGURO,6918,142.9209748123467
SEGURO,6919,167.0880672198424
SEGURO,6920,159.2948410072697
SEGURO,6921,141.40739248421104
SEGURO,6922,134.99010955303714
SEGURO,6923,135.0983379974829
SEGURO,6924,154.6741361162545
SEGURO,6925,151.05246720382706
SEGURO,6926,151.17352765049463
SEGURO,6927,141.97243021464718
SEGURO,6928,150.51136062525097
SEGURO,6929,126.8068022167589
SEGURO,6930,170.09886464663276
SEGURO,6931,139.32347939207347
SEGURO,6932,154.57046934193394
SEGURO,6933,152.52464311985568
SEGURO,6934,149.57685432355618
SEGURO,6935,146.68873454010452
SEGURO,6936,137.47893468507894
SEGURO,6937,149.84615703708937
SEGURO,6938,161.9457503614802
SEGURO,6939,154.6712270643617
SEGURO,6940,160.90574369645122
SEGURO,6941,145.80455705332662
SEGURO,6942,147.5273686000932
SEGURO,6943,160.64111393842822
SEGURO,6944,148.99435274831427
SEGURO,6945,139.55690762078484
SEGURO,6946,144.50070042388762
SEGURO,6947,151.7453945475558
SEGURO,6948,150.21900426092438
SEGURO,6949,153.58558066441697
SEGURO,6950,164.12588280364687
SEGURO,6951,154.49949320739952
SEGURO,6952,158.47331507814908
SEGURO,6953,147.06889967184188
SEGURO,6954,145.65505574899527
SEGURO,6955,157.93179646412352
SEGURO,6956,166.77411127298663
SEGURO,6957,152.7256111885682
SEGURO,6958,163.27200941228452
SEGURO,6959,154.2869386642025
SEGURO,6960,147.93361312240052
SEGURO,6961,159.964701121178
SEGURO,6962,139.42257480774268
SEGURO,6963,137.77440568692742
SEGURO,6964,144.69730299295017
SEGURO,6965,156.7123599164184
SEGURO,6966,154.38695383299202
SEGURO,6967,158.90919876400787
SEGURO,6968,146.01086713822045
SEGURO,6969,148.44146295824214
SEGURO,6970,154.92301723124478
SEGURO,6971,151.41241021473178
SEGURO,6972,145.92230903282808
SEGURO,6973,155.0334536249416
SEGURO,6974,152.20021161268252
SEGURO,6975,154.47992562818186
SEGURO,6976,142.1680073492768
SEGURO,6977,145.54788258222516
SEGURO,6978,148.0435734575801
SEGURO,6979,147.11768637057384
SEGURO,6980,156.80245116587562
SEGURO,6981,150.59819723409646
SEGURO,6982,147.39756300243909
SEGURO,6983,159.3144414118414
SEGURO,6984,137.90974202548318
SEGURO,6985,157.3866549517147
SEGURO,6986,155.00351540176442
SEGURO,6987,164.0509234670591
SEGURO,6988,149.895876330381
SEGURO,6989,153.4866200779265
SEGURO,6990,150.0599917390136
SEGURO,6991,155.36891210403383
SEGURO,6992,146.89842921185672
SEGURO,6993,157.304745777118
SEGURO,6994,162.69538042768778
SEGURO,6995,139.58512680660684
SEGURO,6996,143.43547948718913
SEGURO,6997,144.9506234329094
SEGURO,6998,150.70735512301906
SEGURO,6999,143.47708486268732
SEGURO,7000,165.00224985002802
SEGURO,7001,158.54546330368512
SEGURO,7002,151.10860790315465
SEGURO,7003,158.6490192581046
SEGURO,7004,158.41299410361282
SEGURO,7005,151.05124998182856
SEGURO,7006,149.97065102429488
SEGURO,7007,148.03416091303387
SEGURO,7008,138.79536696719182
SEGURO,7009,151.85466373112516
SEGURO,7010,154.1757452283928
SEGURO,7011,144.68334400277658
SEGURO,7012,149.27017697317464
SEGURO,7013,147.0791101130689
SEGURO,7014,151.87562079555676
SEGURO,7015,141.37590378455045
SEGURO,7016,148.60183171417475
SEGURO,7017,132.80957051581214
SEGURO,7018,153.28129562973106
SEGURO,7019,153.06322050788296
SEGURO,7020,153.66233553734418
SEGURO,7021,156.0570679986461
SEGURO,7022,135.0805812101689
SEGURO,7023,142.05970944490028
SEGURO,7024,146.08189536808038
SEGURO,7025,142.72702144096655
SEGURO,7026,146.0543221580288
SEGURO,7027,148.71135671247447
SEGURO,7028,149.9871736255215
SEGURO,7029,153.18114419407078
SEGURO,7030,163.9422118826417
SEGURO,7031,146.269341008238
SEGURO,7032,139.82361208611073
SEGURO,7033,148.39827746387053
SEGURO,7034,171.81815878783826
SEGURO,7035,142.51577001707886
SEGURO,7036,141.8493024665402
SEGURO,7037,153.05610144113513
SEGURO,7038,152.8479395768137
SEGURO,7039,149.5020801922357
SEGURO,7040,149.32135801064868
SEGURO,7041,155.80274815402257
SEGURO,7042,139.36557340644126
SEGURO,7043,157.8785600698785
SEGURO,7044,139.32045237574022
SEGURO,7045,142.57700859826676
SEGURO,7046,138.49639691384516
SEGURO,7047,142.26796414653194
SEGURO,7048,148.0731205959328
SEGURO,7049,142.74675951288015
SEGURO,7050,129.74340808242354
SEGURO,7051,163.08596382446805
SEGURO,7052,153.27244881411374
SEGURO,7053,143.79742498934988
SEGURO,7054,143.6591395746937
SEGURO,7055,156.38937526951307
SEGURO,7056,157.49375665273516
SEGURO,7057,170.50463734846196
SEGURO,7058,152.94011918368784
SEGURO,7059,151.6729374418888
SEGURO,7060,149.08354187784911
SEGURO,7061,139.31753340134557
SEGURO,7062,157.61200592980853
SEGURO,7063,136.64061456486527
SEGURO,7064,138.76366451268186
SEGURO,7065,159.51439154007898
SEGURO,7066,136.91056023409544
SEGURO,7067,148.77199829603663
SEGURO,7068,156.08937145859204
SEGURO,7069,150.1865115813364
SEGURO,7070,138.7758477688081
SEGURO,7071,141.7262874250667
SEGURO,7072,135.11963972137994
SEGURO,7073,133.4956990083576
SEGURO,7074,152.11560330781762
SEGURO,7075,124.26321589535718
SEGURO,7076,132.08531214075822
SEGURO,7077,146.07036524788526
SEGURO,7078,148.4764453487471
SEGURO,7079,146.51325637735292
SEGURO,7080,155.69171021892353
SEGURO,7081,149.44807629812564
SEGURO,7082,159.3029182058324
SEGURO,7083,151.75804836086988
SEGURO,7084,133.13839202950038
SEGURO,7085,146.8416304168716
SEGURO,7086,127.3788167403782
SEGURO,7087,152.19465654704288
SEGURO,7088,160.86052840432956
SEGURO,7089,150.51388314463964
SEGURO,7090,131.8434578228748
SEGURO,7091,141.775961081329
SEGURO,7092,151.4865041379357
SEGURO,7093,170.71071924449
SEGURO,7094,149.42128012528752
SEGURO,7095,151.36708894218313
SEGURO,7096,153.16680736539507
SEGURO,7097,136.5883770894963
SEGURO,7098,149.90928440211528
SEGURO,7099,155.31192782902392
SEGURO,7100,175.63280414758535
SEGURO,7101,140.48919549266776
SEGURO,7102,142.6983996370849
SEGURO,7103,144.120754468129
SEGURO,7104,148.93562987509966
SEGURO,7105,160.58806086679056
SEGURO,7106,139.68723393978254
SEGURO,7107,151.96709062179679
SEGURO,7108,145.53207306214875
SEGURO,7109,158.43291662341227
SEGURO,7110,164.53298031908417
SEGURO,7111,159.84842122633896
SEGURO,7112,152.47599669053395
SEGURO,7113,142.74869300568807
SEGURO,7114,155.50096236601848
SEGURO,7115,130.94293753385077
SEGURO,7116,145.99529257930863
SEGURO,7117,149.20496654852352
SEGURO,7118,158.33419243741457
SEGURO,7119,142.6179705002487
SEGURO,7120,153.54414295363821
SEGURO,7121,158.32180406797332
SEGURO,7122,150.6778172324911
SEGURO,7123,166.5934432139564
SEGURO,7124,152.81281949869125
SEGURO,7125,148.84531391895268
SEGURO,7126,139.05313574379412
SEGURO,7127,147.1094954463483
SEGURO,7128,147.18466995974342
SEGURO,7129,145.00398671089965
SEGURO,7130,149.41892450114224
SEGURO,7131,146.27814038953193
SEGURO,7132,140.94051975944456
SEGURO,7133,159.47805202262535
SEGURO,7134,143.1318352189068
SEGURO,7135,152.40569036143836
SEGURO,7136,154.00396676165198
SEGURO,7137,152.787388787128
SEGURO,7138,157.57419241588767
SEGURO,7139,158.07918835233886
SEGURO,7140,150.54321062944905
SEGURO,7141,145.7488162378096
SEGURO,7142,150.4785234063558
SEGURO,7143,154.26094404655333
SEGURO,7144,156.30744708410148
SEGURO,7145,149.55701497162084
SEGURO,7146,147.23441843353365
SEGURO,7147,158.46635768186314
SEGURO,7148,147.20595235890542
SEGURO,7149,133.977864296386
SEGURO,7150,140.08693065062022
SEGURO,7151,138.04402343970574
SEGURO,7152,147.01621473743995
SEGURO,7153,154.98536522248654
SEGURO,7154,150.84061749877418
SEGURO,7155,154.70317828889904
SEGURO,7156,148.66809165356182
SEGURO,7157,145.20599291926953
SEGURO,7158,148.05332966037548
SEGURO,7159,146.8150934655217
SEGURO,7160,138.29067035704998
SEGURO,7161,137.33253811365503
SEGURO,7162,152.89353462772135
SEGURO,7163,136.98195092883645
SEGURO,7164,148.42033040917224
SEGURO,7165,150.30479510583135
SEGURO,7166,160.30850193215497
SEGURO,7167,160.76767264010277
SEGURO,7168,156.1749111120069
SEGURO,7169,128.2786522809871
SEGURO,7170,144.30465428139922
SEGURO,7171,163.2466087001748
SEGURO,7172,139.27844186355614
SEGURO,7173,140.10945617135613
SEGURO,7174,158.00345230311387
SEGURO,7175,136.15207446913163
SEGURO,7176,155.62644672350723
SEGURO,7177,144.42364080001576
SEGURO,7178,158.69160872754688
SEGURO,7179,156.00192284131697
SEGURO,7180,155.58754349590077
SEGURO,7181,160.73000215547484
SEGURO,7182,140.6080022985084
SEGURO,7183,134.96266130072647
SEGURO,7184,151.87391914189573
SEGURO,7185,148.54000513047671
SEGURO,7186,140.9953114515172
SEGURO,7187,151.54215583292444
SEGURO,7188,149.44681806293855
SEGURO,7189,147.93840539078786
SEGURO,7190,146.60621515805425
SEGURO,7191,143.63327148056794
SEGURO,7192,156.85890928559863
SEGURO,7193,149.26702669758748
SEGURO,7194,147.2818347439934
SEGURO,7195,131.39030553543364
SEGURO,7196,156.67404149939557
SEGURO,7197,146.17372783224954
SEGURO,7198,147.3167059155493
SEGURO,7199,138.86436829034704
SEGURO,7200,147.78536426665104
SEGURO,7201,156.91340083562284
SEGURO,7202,139.1034523318952
SEGURO,7203,133.51047187970084
SEGURO,7204,160.38053132790532
SEGURO,7205,157.3620844538274
SEGURO,7206,158.4664485381225
SEGURO,7207,163.60648061800794
SEGURO,7208,144.3860657181165
SEGURO,7209,129.9339386716035
SEGURO,7210,128.37736596777728
SEGURO,7211,142.8094775005463
SEGURO,7212,140.30311085218364
SEGURO,7213,143.8150061648304
SEGURO,7214,154.09300157482474
SEGURO,7215,137.4143127718795
SEGURO,7216,167.27292328143508
SEGURO,7217,150.85892406241854
SEGURO,7218,144.9475260615066
SEGURO,7219,149.3310774370682
SEGURO,7220,156.53624935871485
SEGURO,7221,150.9188378867235
SEGURO,7222,156.46776315242442
SEGURO,7223,140.8346884394674
SEGURO,7224,154.35895500090615
SEGURO,7225,150.40377389801992
SEGURO,7226,151.3036061189353
SEGURO,7227,154.05390054497212
SEGURO,7228,152.41225450554026
SEGURO,7229,155.7408465025552
SEGURO,7230,151.38246390581418
SEGURO,7231,147.80108725839494
SEGURO,7232,163.54932130610305
SEGURO,7233,140.19139614710258
SEGURO,7234,156.13316012228927
SEGURO,7235,153.78776991015297
SEGURO,7236,145.2270148237328
SEGURO,7237,150.2504369042849
SEGURO,7238,160.35520558508009
SEGURO,7239,143.87368475168736
SEGURO,7240,170.5625853181681
SEGURO,7241,155.23126738973693
SEGURO,7242,155.78075219579128
SEGURO,7243,144.875232674815
SEGURO,7244,142.7634846121639
SEGURO,7245,135.81990996151148
SEGURO,7246,143.186757438129
SEGURO,7247,158.6408817107722
SEGURO,7248,154.13814809580305
SEGURO,7249,144.72242974714678
SEGURO,7250,144.5417495218708
SEGURO,7251,132.97699825671046
SEGURO,7252,142.91557045161474
SEGURO,7253,144.65481868607864
SEGURO,7254,153.28388934992975
SEGURO,7255,147.65509682301368
SEGURO,7256,152.213369896066
SEGURO,7257,148.6106577145398
SEGURO,7258,151.5309140599986
SEGURO,7259,138.71703143669916
SEGURO,7260,150.9406866241603
SEGURO,7261,148.11516431728177
SEGURO,7262,142.9649867719055
SEGURO,7263,144.38130852446832
SEGURO,7264,155.528884004362
SEGURO,7265,144.55561096968606
SEGURO,7266,133.39583793723145
SEGURO,7267,140.80056798972515
SEGURO,7268,136.00280049021768
SEGURO,7269,136.82304573089272
SEGURO,7270,152.1226380842641
SEGURO,7271,137.7374136005624
SEGURO,7272,122.87972932898609
SEGURO,7273,153.8954293444591
SEGURO,7274,160.27190078474868
SEGURO,7275,150.57587287530166
SEGURO,7276,148.41474687061353
SEGURO,7277,146.34514412577903
SEGURO,7278,157.72232455904282
SEGURO,7279,139.42333690717965
SEGURO,7280,147.1822206625133
SEGURO,7281,151.56993072143248
SEGURO,7282,154.8768729115605
SEGURO,7283,145.51970350433123
SEGURO,7284,170.01485605039505
SEGURO,7285,137.70668955609392
SEGURO,7286,145.38689066194567
SEGURO,7287,154.96629193351404
SEGURO,7288,156.51076205984617
SEGURO,7289,145.85824458714453
SEGURO,7290,150.99953718706595
SEGURO,7291,140.49130395097404
SEGURO,7292,161.07878840877083
SEGURO,7293,140.54075142175967
SEGURO,7294,149.84523056648482
SEGURO,7295,143.0788508430503
SEGURO,7296,156.08921931010747
SEGURO,7297,140.05993395471444
SEGURO,7298,146.3101020505733
SEGURO,7299,134.04303612122283
SEGURO,7300,139.3510736943192
SEGURO,7301,128.4932099066569
SEGURO,7302,155.02261774214188
SEGURO,7303,160.93243060154347
SEGURO,7304,146.09175388894525
SEGURO,7305,148.22265212656978
SEGURO,7306,161.45164050793127
SEGURO,7307,143.75603100900332
SEGURO,7308,145.4710590091578
SEGURO,7309,140.76429658750976
SEGURO,7310,139.185537661682
SEGURO,7311,137.0688211010561
SEGURO,7312,145.84956135284926
SEGURO,7313,152.23607484494318
SEGURO,7314,143.32844181851019
SEGURO,7315,148.1116704236457
SEGURO,7316,150.0152160336171
SEGURO,7317,150.68243925446328
SEGURO,7318,141.0524285312164
SEGURO,7319,151.40302063149903
SEGURO,7320,154.84429019776547
SEGURO,7321,153.90257130461407
SEGURO,7322,136.28538669353193
SEGURO,7323,145.58036534009
SEGURO,7324,147.373372701765
SEGURO,7325,137.3962050223987
SEGURO,7326,149.18750859873222
SEGURO,7327,143.33039445058384
SEGURO,7328,142.13265478386808
SEGURO,7329,146.35639285435843
SEGURO,7330,141.67446482016783
SEGURO,7331,147.0994242153053
SEGURO,7332,148.10448167197143
SEGURO,7333,144.20084416512867
SEGURO,7334,145.7238705483349
SEGURO,7335,158.70317064025159
SEGURO,7336,156.52574095521751
SEGURO,7337,145.9797896935237
SEGURO,7338,150.374975294
SEGURO,7339,149.20517781892082
SEGURO,7340,144.67600244918393
SEGURO,7341,151.52702092344978
SEGURO,7342,139.48478222953463
SEGURO,7343,165.8283356491028
SEGURO,7344,162.07367241265086
SEGURO,7345,146.25769846891086
SEGURO,7346,147.32999608737535
SEGURO,7347,150.30902677414625
SEGURO,7348,141.63919610739362
SEGURO,7349,145.25958004975175
SEGURO,7350,145.2676701869998
SEGURO,7351,147.0686092175372
SEGURO,7352,142.01085232740036
SEGURO,7353,135.73361666126752
SEGURO,7354,149.31223407886284
SEGURO,7355,151.74138198288276
SEGURO,7356,146.0486882444771
SEGURO,7357,137.26377246479433
SEGURO,7358,138.36919341318836
SEGURO,7359,149.01079890821154
SEGURO,7360,152.85450364490893
SEGURO,7361,170.80276618951106
SEGURO,7362,140.47931395567664
SEGURO,7363,155.86579716756523
SEGURO,7364,153.50992642347592
SEGURO,7365,157.25599755804475
SEGURO,7366,158.09665723200422
SEGURO,7367,158.11573682917296
SEGURO,7368,157.8340136213451
SEGURO,7369,131.53569679476692
SEGURO,7370,139.3269496501347
SEGURO,7371,148.59498667993682
SEGURO,7372,158.18548369319075
SEGURO,7373,145.4213556477967
SEGURO,7374,147.89612486745096
SEGURO,7375,142.62605675629155
SEGURO,7376,146.46938456224956
SEGURO,7377,147.01751660913723
SEGURO,7378,142.63010332846457
SEGURO,7379,144.06625577159866
SEGURO,7380,133.51537642291035
SEGURO,7381,147.0096559365225
SEGURO,7382,158.56131550708506
SEGURO,7383,137.47411759269627
SEGURO,7384,148.92556810654278
SEGURO,7385,137.62614941619606
SEGURO,7386,125.5590503580978
SEGURO,7387,151.15052245378516
SEGURO,7388,137.35065757773947
SEGURO,7389,151.483016381132
SEGURO,7390,145.6300751626867
SEGURO,7391,131.93209587767478
SEGURO,7392,159.6489641880733
SEGURO,7393,161.82239379172574
SEGURO,7394,154.89797285002265
SEGURO,7395,143.65992458546538
SEGURO,7396,136.05782121225909
SEGURO,7397,134.34916259080842
SEGURO,7398,154.83318085534748
SEGURO,7399,145.91083130673613
SEGURO,7400,155.50184042801897
SEGURO,7401,145.56250804547582
SEGURO,7402,146.73871573429744
SEGURO,7403,154.35442475724994
SEGURO,7404,164.50010502210205
SEGURO,7405,141.58324460112343
SEGURO,7406,137.13296982615168
SEGURO,7407,141.46686498213018
SEGURO,7408,158.6748633665642
SEGURO,7409,142.6396556751476
SEGURO,7410,155.95039450203768
SEGURO,7411,164.9131966014875
SEGURO,7412,147.48890007960728
SEGURO,7413,149.28274899144196
SEGURO,7414,148.43811986633546
SEGURO,7415,148.641589401083
SEGURO,7416,154.0683011658394
SEGURO,7417,127.83846007432507
SEGURO,7418,148.1674027342331
SEGURO,7419,143.00453747537262
SEGURO,7420,143.97427953940388
SEGURO,7421,141.33750933370985
SEGURO,7422,137.59561354204214
SEGURO,7423,168.04293845707596
SEGURO,7424,140.02408484796598
SEGURO,7425,160.61151538402248
SEGURO,7426,153.7542094121576
SEGURO,7427,141.9870076518691
SEGURO,7428,136.1156514330245
SEGURO,7429,151.58227689555542
SEGURO,7430,159.36138727164942
SEGURO,7431,167.644183955626
SEGURO,7432,149.98595176247406
SEGURO,7433,152.1287578897846
SEGURO,7434,162.28929568206527
SEGURO,7435,142.5972315065898
SEGURO,7436,157.15995705565206
SEGURO,7437,148.16590156593887
SEGURO,7438,151.5564150428499
SEGURO,7439,151.61998321062939
SEGURO,7440,142.07133023137126
SEGURO,7441,141.77144696334733
SEGURO,7442,148.85401277375962
SEGURO,7443,152.12379933315518
SEGURO,7444,133.89504202112926
SEGURO,7445,150.10329602808923
SEGURO,7446,137.99761856702068
SEGURO,7447,140.89163196218635
SEGURO,7448,140.45541144625153
SEGURO,7449,139.60958026158744
SEGURO,7450,153.30847057537642
SEGURO,7451,136.28549630926844
SEGURO,7452,150.53346733353132
SEGURO,7453,144.00139748340303
SEGURO,7454,157.12138672425894
SEGURO,7455,158.45683746918527
SEGURO,7456,154.8988546868983
SEGURO,7457,150.69666260511397
SEGURO,7458,143.2692783815672
SEGURO,7459,149.38665359076347
SEGURO,7460,148.68619885627612
SEGURO,7461,157.0927029593976
SEGURO,7462,151.86422526685124
SEGURO,7463,142.07067646301323
SEGURO,7464,155.09447691582844
SEGURO,7465,137.92273852007804
SEGURO,7466,143.83194940961795
SEGURO,7467,148.8538191703899
SEGURO,7468,156.55663728911532
SEGURO,7469,132.42438252208512
SEGURO,7470,151.92355576378102
SEGURO,7471,154.84850943856947
SEGURO,7472,149.7617089093185
SEGURO,7473,133.58355065012688
SEGURO,7474,147.95459620961933
SEGURO,7475,131.0256717109698
SEGURO,7476,158.01171704133478
SEGURO,7477,152.43589484551734
SEGURO,7478,150.19693822038366
SEGURO,7479,154.69076610255985
SEGURO,7480,157.909677836343
SEGURO,7481,155.4067810970532
SEGURO,7482,155.7248626543829
SEGURO,7483,156.39966395591372
SEGURO,7484,156.84613737325114
SEGURO,7485,156.4921356323601
SEGURO,7486,156.88554931683666
SEGURO,7487,140.3349242829601
SEGURO,7488,135.2132296647425
SEGURO,7489,149.81529805910793
SEGURO,7490,161.8905839262421
SEGURO,7491,146.4734597451226
SEGURO,7492,150.9253124107212
SEGURO,7493,135.7015808144829
SEGURO,7494,151.68476895349025
SEGURO,7495,148.58472264509584
SEGURO,7496,145.0822627972778
SEGURO,7497,148.66426731432833
SEGURO,7498,142.77080210239228
SEGURO,7499,151.1990806799334
SEGURO,7500,157.2683094556649
SEGURO,7501,150.767527946065
SEGURO,7502,144.52250126682688
SEGURO,7503,152.3428453271911
SEGURO,7504,155.50852908668526
SEGURO,7505,138.42019854654293
SEGURO,7506,131.80552768930417
SEGURO,7507,145.72779303850817
SEGURO,7508,143.41220730676594
SEGURO,7509,162.2838281012879
SEGURO,7510,142.2674101823805
SEGURO,7511,133.9528273159681
SEGURO,7512,153.66800554421644
SEGURO,7513,152.67386925475265
SEGURO,7514,135.8071616245181
SEGURO,7515,157.83907248359864
SEGURO,7516,150.4809984196243
SEGURO,7517,158.89570316530953
SEGURO,7518,141.46650360060715
SEGURO,7519,151.09872319711013
SEGURO,7520,151.9086084697647
SEGURO,7521,159.52305394853798
SEGURO,7522,147.26832561256762
SEGURO,7523,149.52449634700932
SEGURO,7524,144.87436345378006
SEGURO,7525,160.19832233760368
SEGURO,7526,157.59330655929384
SEGURO,7527,154.43468819466122
SEGURO,7528,152.99550562406392
SEGURO,7529,148.0147714933652
SEGURO,7530,153.79190718457792
SEGURO,7531,152.3846641455688
SEGURO,7532,141.2748276175885
SEGURO,7533,143.4070827119563
SEGURO,7534,147.89188079117116
SEGURO,7535,156.66586298181275
SEGURO,7536,146.57418704018562
SEGURO,7537,152.8507698707027
SEGURO,7538,151.9870080460737
SEGURO,7539,144.9060662016264
SEGURO,7540,140.40871586199842
SEGURO,7541,143.48120413809042
SEGURO,7542,156.99068367718655
SEGURO,7543,153.4025492707432
SEGURO,7544,149.63366692660705
SEGURO,7545,158.22307163524812
SEGURO,7546,157.69386369008345
SEGURO,7547,143.9668418166502
SEGURO,7548,155.95643174793614
SEGURO,7549,145.014110516715
SEGURO,7550,165.71614676410877
SEGURO,7551,154.41559068387448
SEGURO,7552,144.47188673908371
SEGURO,7553,161.19006000535407
SEGURO,7554,134.85485240068104
SEGURO,7555,127.02512315944014
SEGURO,7556,155.22560605918127
SEGURO,7557,141.30200562783367
SEGURO,7558,157.71529265415154
SEGURO,7559,165.62975758668762
SEGURO,7560,150.1192827237941
SEGURO,7561,155.17466845232076
SEGURO,7562,159.98064154629574
SEGURO,7563,153.98599775468122
SEGURO,7564,139.6248655236358
SEGURO,7565,155.13941681996374
SEGURO,7566,155.70838768951396
SEGURO,7567,148.39830663569919
SEGURO,7568,155.3304708177315
SEGURO,7569,132.4353598038201
SEGURO,7570,150.00454470945422
SEGURO,7571,142.51661963906128
SEGURO,7572,156.293299973341
SEGURO,7573,133.43611351464315
SEGURO,7574,143.95475823225644
SEGURO,7575,143.15783559442733
SEGURO,7576,147.87490764827135
SEGURO,7577,132.263845104723
SEGURO,7578,153.18226075115155
SEGURO,7579,144.3547921292948
SEGURO,7580,146.5781399597032
SEGURO,7581,137.6830111182636
SEGURO,7582,135.41899892748688
SEGURO,7583,142.64338068557407
SEGURO,7584,147.200281765593
SEGURO,7585,127.83443093987175
SEGURO,7586,147.31449943648852
SEGURO,7587,154.67700430549087
SEGURO,7588,147.12003392708417
SEGURO,7589,172.23159253577106
SEGURO,7590,169.4508740765322
SEGURO,7591,153.71028507441312
SEGURO,7592,140.05458694518902
SEGURO,7593,126.8556232175922
SEGURO,7594,160.76081102178262
SEGURO,7595,147.87558380415368
SEGURO,7596,148.31296646028204
SEGURO,7597,162.6636817780257
SEGURO,7598,145.72453350264564
SEGURO,7599,157.46039454836438
SEGURO,7600,143.78397179465142
SEGURO,7601,154.74957588274603
SEGURO,7602,146.09297058605472
SEGURO,7603,153.52305540736592
SEGURO,7604,147.78723220439886
SEGURO,7605,156.08298790680962
SEGURO,7606,147.37943613097042
SEGURO,7607,162.56162665174938
SEGURO,7608,152.26123358881514
SEGURO,7609,136.3345828616974
SEGURO,7610,150.19319075078334
SEGURO,7611,146.95390549892213
SEGURO,7612,149.42624785046598
SEGURO,7613,149.34722998348377
SEGURO,7614,158.78000292055103
SEGURO,7615,155.09460306330485
SEGURO,7616,139.76321862715739
SEGURO,7617,161.63195141380857
SEGURO,7618,152.16248528980896
SEGURO,7619,145.1430504500193
SEGURO,7620,166.94635420478713
SEGURO,7621,141.18479164144645
SEGURO,7622,141.1959989620054
SEGURO,7623,172.24339955199977
SEGURO,7624,165.5502235942956
SEGURO,7625,149.96648231642524
SEGURO,7626,138.1235140474161
SEGURO,7627,145.9120841700973
SEGURO,7628,167.27345300446018
SEGURO,7629,144.25296638505444
SEGURO,7630,162.5159705297071
SEGURO,7631,155.31419746218268
SEGURO,7632,139.1940883070799
SEGURO,7633,150.51837800835025
SEGURO,7634,138.04891615584302
SEGURO,7635,150.86198922304862
SEGURO,7636,129.5906653298273
SEGURO,7637,129.77690795840175
SEGURO,7638,141.02601838125787
SEGURO,7639,144.04016719628564
SEGURO,7640,149.7966468810315
SEGURO,7641,162.3699563403736
SEGURO,7642,159.46729989734263
SEGURO,7643,144.98887005362093
SEGURO,7644,146.49070962134883
SEGURO,7645,142.97302642454252
SEGURO,7646,148.75748338993137
SEGURO,7647,141.99679516312642
SEGURO,7648,141.31338626699662
SEGURO,7649,142.10635744508303
SEGURO,7650,171.3800251388745
SEGURO,7651,149.6200444229079
SEGURO,7652,139.54961132126675
SEGURO,7653,144.9992833392481
SEGURO,7654,145.37277947908916
SEGURO,7655,150.55425868526618
SEGURO,7656,147.31183076336615
SEGURO,7657,151.58913893217687
SEGURO,7658,145.65759181196833
SEGURO,7659,141.7919643768298
SEGURO,7660,131.8573371559861
SEGURO,7661,153.77109965899623
SEGURO,7662,149.95952535654516
SEGURO,7663,152.1825345377785
SEGURO,7664,165.87809095448813
SEGURO,7665,141.90348988309677
SEGURO,7666,137.65255224038677
SEGURO,7667,149.3623191334189
SEGURO,7668,176.8150422933228
SEGURO,7669,162.4114927834721
SEGURO,7670,161.361234102938
SEGURO,7671,147.7359776827738
SEGURO,7672,150.82206454762644
SEGURO,7673,139.94740947678892
SEGURO,7674,151.25474079822777
SEGURO,7675,151.20697753140792
SEGURO,7676,144.2608538137257
SEGURO,7677,151.823550234838
SEGURO,7678,157.33880426260313
SEGURO,7679,144.56042163568577
SEGURO,7680,150.3472584372714
SEGURO,7681,150.7718263848732
SEGURO,7682,148.31601492210672
SEGURO,7683,148.20497946183102
SEGURO,7684,148.15788469116478
SEGURO,7685,154.93890634288817
SEGURO,7686,152.29718457348088
SEGURO,7687,159.6421309527785
SEGURO,7688,140.75993758900674
SEGURO,7689,135.10984782279724
SEGURO,7690,149.68953868438007
SEGURO,7691,139.29685092132902
SEGURO,7692,146.2389899687918
SEGURO,7693,152.63697600286528
SEGURO,7694,152.89413531066285
SEGURO,7695,162.66293501105085
SEGURO,7696,148.06953982240665
SEGURO,7697,164.71432683565627
SEGURO,7698,156.55129367837839
SEGURO,7699,149.25001881138343
SEGURO,7700,145.02539234807347
SEGURO,7701,141.98826289595448
SEGURO,7702,151.5192828959243
SEGURO,7703,138.97535274068494
SEGURO,7704,145.17044092765963
SEGURO,7705,140.1052505084754
SEGURO,7706,156.35484284868738
SEGURO,7707,140.0690985060761
SEGURO,7708,157.66551718587158
SEGURO,7709,159.1918465416934
SEGURO,7710,157.7095194138565
SEGURO,7711,142.61648923766074
SEGURO,7712,149.90309180880325
SEGURO,7713,144.6311386620913
SEGURO,7714,167.2709822929654
SEGURO,7715,140.64588451228727
SEGURO,7716,153.65436571721156
SEGURO,7717,134.65701812504486
SEGURO,7718,164.7250774562043
SEGURO,7719,144.33498769594195
SEGURO,7720,145.4629672435687
SEGURO,7721,152.1522228901947
SEGURO,7722,145.4371115450805
SEGURO,7723,165.32718260352908
SEGURO,7724,145.24983482305097
SEGURO,7725,142.80304124050588
SEGURO,7726,145.66400553932317
SEGURO,7727,158.91040519503548
SEGURO,7728,156.0364448816905
SEGURO,7729,161.46200734871525
SEGURO,7730,165.87242655590657
SEGURO,7731,150.14152514723568
SEGURO,7732,159.2130130197369
SEGURO,7733,130.04222673936277
SEGURO,7734,126.65842097815386
SEGURO,7735,144.72828510264728
SEGURO,7736,140.27139241560099
SEGURO,7737,159.4369786834407
SEGURO,7738,146.86845190295216
SEGURO,7739,143.58644160023124
SEGURO,7740,154.1092332398969
SEGURO,7741,138.91890802804414
SEGURO,7742,157.50272718710193
SEGURO,7743,153.66791546270522
SEGURO,7744,157.1124575231981
SEGURO,7745,146.2033565294007
SEGURO,7746,153.86974671267473
SEGURO,7747,134.71037266956253
SEGURO,7748,139.54128756798377
SEGURO,7749,150.21524956189603
SEGURO,7750,143.45227069607037
SEGURO,7751,156.95314483439873
SEGURO,7752,148.3654575842782
SEGURO,7753,140.8217534084704
SEGURO,7754,153.96085789880948
SEGURO,7755,149.6801547927223
SEGURO,7756,147.50385617462115
SEGURO,7757,141.45936720762452
SEGURO,7758,150.07156678032538
SEGURO,7759,154.59977868224877
SEGURO,7760,158.73818439109544
SEGURO,7761,149.90999621383585
SEGURO,7762,149.2072823304388
SEGURO,7763,136.67030980779427
SEGURO,7764,150.02991363563805
SEGURO,7765,147.95834934666544
SEGURO,7766,154.44174699642636
SEGURO,7767,158.9261449417268
SEGURO,7768,159.1482944035023
SEGURO,7769,155.63003170939695
SEGURO,7770,143.33940182892104
SEGURO,7771,148.61887130931905
SEGURO,7772,138.82686665639793
SEGURO,7773,133.01169139362844
SEGURO,7774,150.7182336755461
SEGURO,7775,143.3795757874636
SEGURO,7776,137.35508884070518
SEGURO,7777,137.81917493506106
SEGURO,7778,150.48228451121886
SEGURO,7779,136.70589857251278
SEGURO,7780,155.35159257296164
SEGURO,7781,155.2153323759511
SEGURO,7782,140.11998066315408
SEGURO,7783,141.089487082605
SEGURO,7784,144.46412908467312
SEGURO,7785,146.49614802654906
SEGURO,7786,140.76303476082603
SEGURO,7787,139.16773945876156
SEGURO,7788,152.56249331967098
SEGURO,7789,150.32320824937622
SEGURO,7790,140.6217600948034
SEGURO,7791,145.9712242561598
SEGURO,7792,154.1245712500008
SEGURO,7793,145.44215023810045
SEGURO,7794,131.51006818359687
SEGURO,7795,153.5180953791963
SEGURO,7796,145.42962280111186
SEGURO,7797,154.6684496653562
SEGURO,7798,143.55346543285106
SEGURO,7799,134.04991156464774
SEGURO,7800,152.79997751063758
SEGURO,7801,164.80148875719814
SEGURO,7802,145.62060774974148
SEGURO,7803,155.92166017180372
SEGURO,7804,139.37112095139446
SEGURO,7805,149.59002762453844
SEGURO,7806,159.2523226216118
SEGURO,7807,160.04030015889631
SEGURO,7808,139.9052553122639
SEGURO,7809,152.12167496636653
SEGURO,7810,154.2098248454484
SEGURO,7811,157.7703714424085
SEGURO,7812,136.29988687618768
SEGURO,7813,143.94501953741522
SEGURO,7814,166.2524542904731
SEGURO,7815,146.57100161218744
SEGURO,7816,152.10710643412892
SEGURO,7817,129.86520021551826
SEGURO,7818,152.23489078653856
SEGURO,7819,145.52493556377289
SEGURO,7820,155.69088653878134
SEGURO,7821,142.0790892919747
SEGURO,7822,145.99131096981387
SEGURO,7823,148.82598882580504
SEGURO,7824,159.63060054851098
SEGURO,7825,143.64044439058554
SEGURO,7826,144.78255878755135
SEGURO,7827,156.41496717462755
SEGURO,7828,157.89228868681562
SEGURO,7829,153.16564007739413
SEGURO,7830,155.9032576420023
SEGURO,7831,134.7540918397424
SEGURO,7832,148.5254930913154
SEGURO,7833,138.64619014909084
SEGURO,7834,151.03772199010527
SEGURO,7835,151.19846539734866
SEGURO,7836,140.7419839505795
SEGURO,7837,139.51445863851097
SEGURO,7838,148.16455200760345
SEGURO,7839,145.86583296205393
SEGURO,7840,157.48600149757894
SEGURO,7841,148.24255982540663
SEGURO,7842,156.17437436803897
SEGURO,7843,145.0270147301384
SEGURO,7844,157.2924649154122
SEGURO,7845,136.65141291937448
SEGURO,7846,136.10806466332156
SEGURO,7847,140.24753181621952
SEGURO,7848,155.3302226426005
SEGURO,7849,144.50302825255838
SEGURO,7850,157.35500244491655
SEGURO,7851,160.63115154495375
SEGURO,7852,135.59487733254286
SEGURO,7853,156.03571180625474
SEGURO,7854,130.59404229614964
SEGURO,7855,148.8525675937887
SEGURO,7856,150.99159939855016
SEGURO,7857,139.1233682754012
SEGURO,7858,159.1973570560294
SEGURO,7859,127.82154350046127
SEGURO,7860,151.03210102948466
SEGURO,7861,148.4491659085574
SEGURO,7862,137.6551475790257
SEGURO,7863,154.9256986849138
SEGURO,7864,134.67332506288514
SEGURO,7865,155.11598380758713
SEGURO,7866,151.37411028389891
SEGURO,7867,153.2135233450668
SEGURO,7868,145.64798981490117
SEGURO,7869,148.82729043156866
SEGURO,7870,163.0448866316696
SEGURO,7871,161.8346385800036
SEGURO,7872,156.42221274554075
SEGURO,7873,159.39612450192868
SEGURO,7874,152.2035378702698
SEGURO,7875,161.69838161424317
SEGURO,7876,156.09714450388384
SEGURO,7877,154.58793882545933
SEGURO,7878,153.2812044497701
SEGURO,7879,139.68322329674817
SEGURO,7880,146.86442946995123
SEGURO,7881,121.8290066033957
SEGURO,7882,138.21135115242893
SEGURO,7883,154.1633376817526
SEGURO,7884,136.00975286519997
SEGURO,7885,156.34193132819135
SEGURO,7886,147.31741600539644
SEGURO,7887,149.55453112695676
SEGURO,7888,160.57436690674308
SEGURO,7889,141.54441672786086
SEGURO,7890,134.8081628540318
SEGURO,7891,142.25583894759424
SEGURO,7892,143.78397735389774
SEGURO,7893,160.81678693538925
SEGURO,7894,150.2952277384357
SEGURO,7895,147.72309078516324
SEGURO,7896,151.71288045582062
SEGURO,7897,156.272886111492
SEGURO,7898,162.06698716149205
SEGURO,7899,160.76629428884283
SEGURO,7900,164.14755813890787
SEGURO,7901,141.67418983483594
SEGURO,7902,150.48547049718246
SEGURO,7903,143.70480182097197
SEGURO,7904,141.1446043930009
SEGURO,7905,139.19926834626216
SEGURO,7906,142.3794652416235
SEGURO,7907,143.0080873593159
SEGURO,7908,153.36093064868135
SEGURO,7909,138.33804386148694
SEGURO,7910,138.7800692090358
SEGURO,7911,132.7387865184671
SEGURO,7912,140.35102512193208
SEGURO,7913,152.51542240791815
SEGURO,7914,148.29274944075283
SEGURO,7915,170.17518172090158
SEGURO,7916,149.88174972777222
SEGURO,7917,145.08346210747482
SEGURO,7918,148.74541536912517
SEGURO,7919,138.18097400867074
SEGURO,7920,149.68655091160372
SEGURO,7921,137.62864790116708
SEGURO,7922,140.2766308778151
SEGURO,7923,166.37094171634394
SEGURO,7924,138.2380558120313
SEGURO,7925,145.81763161867056
SEGURO,7926,146.24940527602845
SEGURO,7927,146.6978402084273
SEGURO,7928,143.43193731035328
SEGURO,7929,152.21862880807973
SEGURO,7930,148.88780499740125
SEGURO,7931,155.8645014315058
SEGURO,7932,155.128455548312
SEGURO,7933,161.91748484355801
SEGURO,7934,144.42188152705978
SEGURO,7935,143.84068852838777
SEGURO,7936,151.18318923671535
SEGURO,7937,144.38307552099388
SEGURO,7938,149.47374096100336
SEGURO,7939,161.78201710322935
SEGURO,7940,152.87177780323753
SEGURO,7941,154.98101951345677
SEGURO,7942,141.67497701706458
SEGURO,7943,144.9616285924748
SEGURO,7944,152.3085166365329
SEGURO,7945,153.36635872376763
SEGURO,7946,158.2509199635784
SEGURO,7947,147.7777515871338
SEGURO,7948,146.1890862918222
SEGURO,7949,149.3770685470833
SEGURO,7950,153.15492027761204
SEGURO,7951,148.5497315964369
SEGURO,7952,139.70811013797947
SEGURO,7953,151.37487128090854
SEGURO,7954,146.6978559540795
SEGURO,7955,137.5556555924005
SEGURO,7956,157.1415544566665
SEGURO,7957,139.01383920083086
SEGURO,7958,131.8097760623357
SEGURO,7959,169.34440493642313
SEGURO,7960,145.73453352340937
SEGURO,7961,143.41253565940025
SEGURO,7962,143.67659029196585
SEGURO,7963,157.84836330326206
SEGURO,7964,157.7989372113033
SEGURO,7965,163.8241605466988
SEGURO,7966,136.14595108516804
SEGURO,7967,136.55678961024506
SEGURO,7968,156.91325146535632
SEGURO,7969,162.27984449950756
SEGURO,7970,152.92434526780633
SEGURO,7971,158.23630653375596
SEGURO,7972,134.1044916930585
SEGURO,7973,144.68838634798797
SEGURO,7974,149.4504567114728
SEGURO,7975,150.566953080769
SEGURO,7976,159.15716642709253
SEGURO,7977,149.3344365844581
SEGURO,7978,155.9766519805079
SEGURO,7979,142.80415213655954
SEGURO,7980,144.66265385182004
SEGURO,7981,148.60844218823922
SEGURO,7982,158.76422099435203
SEGURO,7983,164.0977343834499
SEGURO,7984,150.2057681279469
SEGURO,7985,140.75063999434346
SEGURO,7986,152.7553291342293
SEGURO,7987,139.33010568539632
SEGURO,7988,150.16899283432747
SEGURO,7989,146.91580484867677
SEGURO,7990,147.74079806582807
SEGURO,7991,155.31257117156122
SEGURO,7992,154.2064851522462
SEGURO,7993,159.09202639123527
SEGURO,7994,160.53285750581665
SEGURO,7995,144.62582153176587
SEGURO,7996,149.69663653030986
SEGURO,7997,156.76135876275552
SEGURO,7998,137.3612982827544
SEGURO,7999,129.43557257544785
SEGURO,8000,153.8903958746233
SEGURO,8001,160.82852771077145
SEGURO,8002,151.6454639282134
SEGURO,8003,137.83071604458615
SEGURO,8004,154.03556733841495
SEGURO,8005,146.52546915992266
SEGURO,8006,145.86526981500558
SEGURO,8007,141.62482929536208
SEGURO,8008,147.73554223388714
SEGURO,8009,153.60892866267244
SEGURO,8010,155.83725820730848
SEGURO,8011,158.99260058369705
SEGURO,8012,150.97412008351642
SEGURO,8013,154.08818494066637
SEGURO,8014,140.20781432982426
SEGURO,8015,172.42030182239986
SEGURO,8016,153.13842422388413
SEGURO,8017,137.43872269883605
SEGURO,8018,153.08932351302406
SEGURO,8019,167.08099199399484
SEGURO,8020,143.89503172615565
SEGURO,8021,156.25426829881226
SEGURO,8022,154.90195641578615
SEGURO,8023,154.9124447628257
SEGURO,8024,147.02794332738063
SEGURO,8025,152.90990060407503
SEGURO,8026,164.82214461885957
SEGURO,8027,146.41657799742794
SEGURO,8028,153.9636581564409
SEGURO,8029,150.75939836271922
SEGURO,8030,131.63397018290246
SEGURO,8031,149.79363036516557
SEGURO,8032,140.8175169176894
SEGURO,8033,147.13308005902329
SEGURO,8034,157.32378007214552
SEGURO,8035,135.18304781696398
SEGURO,8036,165.67742847083227
SEGURO,8037,151.7568910673711
SEGURO,8038,146.64871752753083
SEGURO,8039,148.71426409581434
SEGURO,8040,145.9567295111866
SEGURO,8041,121.0420134132013
SEGURO,8042,161.96156333575988
SEGURO,8043,141.76915166875756
SEGURO,8044,130.61298162179992
SEGURO,8045,147.35567004127012
SEGURO,8046,147.47664811216265
SEGURO,8047,150.6285395467911
SEGURO,8048,141.78588716396501
SEGURO,8049,164.5627857915754
SEGURO,8050,130.2772880077449
SEGURO,8051,149.14706482902915
SEGURO,8052,144.45173903703744
SEGURO,8053,144.44669880130172
SEGURO,8054,135.67778270334875
SEGURO,8055,144.34809183447868
SEGURO,8056,149.41947213800765
SEGURO,8057,151.34021872520034
SEGURO,8058,151.31957923063422
SEGURO,8059,146.80222134054947
SEGURO,8060,145.58366385899745
SEGURO,8061,148.33828203552673
SEGURO,8062,150.04438463302577
SEGURO,8063,156.62460714804055
SEGURO,8064,152.96422682074848
SEGURO,8065,147.43394903637616
SEGURO,8066,149.01397353721637
SEGURO,8067,164.49879122389422
SEGURO,8068,143.30631837191817
SEGURO,8069,144.40661615415317
SEGURO,8070,161.88265448055543
SEGURO,8071,145.0671235796557
SEGURO,8072,146.40469822191332
SEGURO,8073,149.04723366336685
SEGURO,8074,149.04675319992697
SEGURO,8075,151.69460817642187
SEGURO,8076,144.632866947553
SEGURO,8077,160.20374792421978
SEGURO,8078,132.32306318534467
SEGURO,8079,150.31672365873592
SEGURO,8080,153.34279410767223
SEGURO,8081,147.6656275160856
SEGURO,8082,139.13659931123448
SEGURO,8083,147.38510360780103
SEGURO,8084,140.89132021475532
SEGURO,8085,155.64097819854697
SEGURO,8086,149.11868328215698
SEGURO,8087,147.36656625179492
SEGURO,8088,152.99471626680014
SEGURO,8089,170.38743046010947
SEGURO,8090,155.31020775365866
SEGURO,8091,139.68914237197697
SEGURO,8092,141.13274764518053
SEGURO,8093,152.2086634145148
SEGURO,8094,156.87624944700013
SEGURO,8095,136.8614629316195
SEGURO,8096,138.23909756029997
SEGURO,8097,153.35551157813012
SEGURO,8098,149.55486829935185
SEGURO,8099,148.80788261300646
SEGURO,8100,150.4691307208202
SEGURO,8101,148.97274411619307
SEGURO,8102,139.69406442808133
SEGURO,8103,142.65084104505968
SEGURO,8104,147.6596303369986
SEGURO,8105,140.98599197157915
SEGURO,8106,155.934797581398
SEGURO,8107,152.44358037977554
SEGURO,8108,143.1317475908462
SEGURO,8109,160.09741520728662
SEGURO,8110,151.55176068137558
SEGURO,8111,162.751752910377
SEGURO,8112,158.77773609291862
SEGURO,8113,156.53422461003447
SEGURO,8114,151.40157633672683
SEGURO,8115,148.66861075571978
SEGURO,8116,150.24489303331333
SEGURO,8117,142.5332394773673
SEGURO,8118,160.95841035625642
SEGURO,8119,145.17226662199968
SEGURO,8120,153.14012239438975
SEGURO,8121,144.82226979503358
SEGURO,8122,154.68089061266713
SEGURO,8123,145.99582354605187
SEGURO,8124,145.30491909626093
SEGURO,8125,157.99233193252792
SEGURO,8126,150.09233422769685
SEGURO,8127,150.97459697145925
SEGURO,8128,150.45790012961942
SEGURO,8129,145.69060796668174
SEGURO,8130,151.63258664428858
SEGURO,8131,135.97673335771623
SEGURO,8132,159.75797149207253
SEGURO,8133,152.10153485575117
SEGURO,8134,163.98254594654736
SEGURO,8135,158.13515771216956
SEGURO,8136,161.17555610070715
SEGURO,8137,149.95106874446705
SEGURO,8138,152.91270848643336
SEGURO,8139,148.19047025138667
SEGURO,8140,143.1351851075053
SEGURO,8141,150.34584114964542
SEGURO,8142,146.71157536025476
SEGURO,8143,143.95519135396324
SEGURO,8144,145.6902043083815
SEGURO,8145,131.06975230836997
SEGURO,8146,152.05027507726777
SEGURO,8147,150.69038373113625
SEGURO,8148,143.44277172240578
SEGURO,8149,158.35842753896077
SEGURO,8150,150.83322867260046
SEGURO,8151,163.9022063412125
SEGURO,8152,142.7171729008071
SEGURO,8153,138.20863451819966
SEGURO,8154,152.24725548763487
SEGURO,8155,154.08391857724857
SEGURO,8156,146.44920596323726
SEGURO,8157,138.4122782276818
SEGURO,8158,155.58916238350523
SEGURO,8159,159.64364928549378
SEGURO,8160,150.7543835397093
SEGURO,8161,154.14591813043126
SEGURO,8162,145.31596622584667
SEGURO,8163,153.33380025060606
SEGURO,8164,156.67308400166522
SEGURO,8165,149.63006442920454
SEGURO,8166,149.86870044844795
SEGURO,8167,140.23583928819082
SEGURO,8168,149.10968354732404
SEGURO,8169,155.17530451835862
SEGURO,8170,153.43712719961476
SEGURO,8171,140.79249078144096
SEGURO,8172,134.61355649742728
SEGURO,8173,148.11925234661194
SEGURO,8174,149.81692025913372
SEGURO,8175,151.4378741532775
SEGURO,8176,144.58592035459216
SEGURO,8177,153.75010388116672
SEGURO,8178,155.464277211308
SEGURO,8179,149.62030601060144
SEGURO,8180,160.31360588744454
SEGURO,8181,136.71779335946115
SEGURO,8182,148.83216011162514
SEGURO,8183,156.25941533659028
SEGURO,8184,129.4884673872388
SEGURO,8185,152.22093006902327
SEGURO,8186,153.3751845165814
SEGURO,8187,149.3950262008188
SEGURO,8188,148.7002491811582
SEGURO,8189,143.39972632674124
SEGURO,8190,162.5005405091222
SEGURO,8191,148.95483758641797
SEGURO,8192,160.24147596302743
SEGURO,8193,149.56576725897347
SEGURO,8194,152.90063883309372
SEGURO,8195,136.91804398751722
SEGURO,8196,160.6807456363302
SEGURO,8197,152.8853860197283
SEGURO,8198,166.97657171379578
SEGURO,8199,149.65878131864355
SEGURO,8200,153.61364487697966
SEGURO,8201,146.9791424910007
SEGURO,8202,150.9899338104935
SEGURO,8203,154.85487470610934
SEGURO,8204,148.4492534922896
SEGURO,8205,153.66474265411077
SEGURO,8206,157.2197409157215
SEGURO,8207,146.58945553794882
SEGURO,8208,140.54658828988934
SEGURO,8209,135.5240096456193
SEGURO,8210,143.29387623504374
SEGURO,8211,156.32726702152948
SEGURO,8212,143.1909940435711
SEGURO,8213,151.87880470742346
SEGURO,8214,152.0444217808982
SEGURO,8215,152.4476220439583
SEGURO,8216,155.42106068091746
SEGURO,8217,144.9639580926935
SEGURO,8218,142.33054909631306
SEGURO,8219,147.85530209882938
SEGURO,8220,136.3863128467187
SEGURO,8221,150.21182054096312
SEGURO,8222,135.9909410454954
SEGURO,8223,154.10071254159615
SEGURO,8224,161.7075410871052
SEGURO,8225,145.50767069422233
SEGURO,8226,156.77554306862055
SEGURO,8227,153.3830274370416
SEGURO,8228,148.15575710970836
SEGURO,8229,146.96186328151177
SEGURO,8230,152.61929415732288
SEGURO,8231,164.91368600730104
SEGURO,8232,140.5587889735486
SEGURO,8233,151.66685434169753
SEGURO,8234,154.0890146132528
SEGURO,8235,134.835459452559
SEGURO,8236,146.4718378042606
SEGURO,8237,153.95082804414753
SEGURO,8238,156.9931192899265
SEGURO,8239,155.03259214615258
SEGURO,8240,138.55134567429963
SEGURO,8241,152.8140369995242
SEGURO,8242,157.88412515389663
SEGURO,8243,140.01300620738758
SEGURO,8244,143.04735311208992
SEGURO,8245,160.26199258629165
SEGURO,8246,151.59541355757725
SEGURO,8247,137.233737450286
SEGURO,8248,136.98324657994036
SEGURO,8249,157.18549181854226
SEGURO,8250,134.73914564626858
SEGURO,8251,148.39743430723624
SEGURO,8252,139.23700224548492
SEGURO,8253,149.01251346433617
SEGURO,8254,150.78804932832367
SEGURO,8255,130.1648848037279
SEGURO,8256,147.95653277128403
SEGURO,8257,146.5136108809679
SEGURO,8258,143.57652456247112
SEGURO,8259,147.78805560730936
SEGURO,8260,144.25717379159562
SEGURO,8261,155.26879689129032
SEGURO,8262,167.99820293549186
SEGURO,8263,151.78964685281167
SEGURO,8264,154.19324214468077
SEGURO,8265,154.0669574480358
SEGURO,8266,140.71279651622098
SEGURO,8267,158.34618538711786
SEGURO,8268,148.93664259887834
SEGURO,8269,138.43720328960256
SEGURO,8270,152.43597044190827
SEGURO,8271,152.3027822203012
SEGURO,8272,154.09965020768274
SEGURO,8273,166.12797767884106
SEGURO,8274,143.41804950795233
SEGURO,8275,150.42232119501955
SEGURO,8276,153.9465407596325
SEGURO,8277,150.52497973365723
SEGURO,8278,147.21706459142843
SEGURO,8279,151.65360217782973
SEGURO,8280,140.70152523131208
SEGURO,8281,153.34113171365732
SEGURO,8282,143.11877803981073
SEGURO,8283,150.12406842368534
SEGURO,8284,148.4084737220321
SEGURO,8285,152.88264571891733
SEGURO,8286,172.80390231307578
SEGURO,8287,140.4515715062594
SEGURO,8288,147.28637993627785
SEGURO,8289,150.98185971236256
SEGURO,8290,167.13895310403845
SEGURO,8291,153.2927150286908
SEGURO,8292,151.58034770302407
SEGURO,8293,136.78611899198106
SEGURO,8294,173.2243714023346
SEGURO,8295,134.72783666319552
SEGURO,8296,156.15967862132663
SEGURO,8297,138.883792676363
SEGURO,8298,143.4390536666043
SEGURO,8299,147.02163072323518
SEGURO,8300,146.15666066880658
SEGURO,8301,164.2077966091496
SEGURO,8302,154.14521879910748
SEGURO,8303,143.3496661860724
SEGURO,8304,144.88190914464337
SEGURO,8305,135.98306768359515
SEGURO,8306,147.80711399813308
SEGURO,8307,143.0553752482053
SEGURO,8308,145.94448393332888
SEGURO,8309,155.05318271580597
SEGURO,8310,142.12304298204592
SEGURO,8311,158.62421925007962
SEGURO,8312,155.79685042685665
SEGURO,8313,154.08576290747857
SEGURO,8314,167.72394885676974
SEGURO,8315,156.81694823221423
SEGURO,8316,157.77316118491876
SEGURO,8317,139.69910885626885
SEGURO,8318,150.14170531941213
SEGURO,8319,149.41710104203875
SEGURO,8320,164.91407452143497
SEGURO,8321,154.03080538254548
SEGURO,8322,149.089217682655
SEGURO,8323,151.54195309680895
SEGURO,8324,141.9663882214922
SEGURO,8325,144.79335952116685
SEGURO,8326,156.13755137534196
SEGURO,8327,149.94758207651395
SEGURO,8328,143.6922243039766
SEGURO,8329,137.6465939769929
SEGURO,8330,146.76496319710566
SEGURO,8331,157.47851509673515
SEGURO,8332,146.16155354653915
SEGURO,8333,154.01873773765996
SEGURO,8334,152.49642396265529
SEGURO,8335,146.94978840285816
SEGURO,8336,146.61641187934677
SEGURO,8337,149.42449245621415
SEGURO,8338,131.40417231187627
SEGURO,8339,155.57696612464758
SEGURO,8340,145.75176125430858
SEGURO,8341,143.64735789413288
SEGURO,8342,148.4455475898717
SEGURO,8343,149.26529332812385
SEGURO,8344,144.2761505974986
SEGURO,8345,150.15065526943346
SEGURO,8346,146.49500188570664
SEGURO,8347,148.77993560277937
SEGURO,8348,158.10179348220444
SEGURO,8349,146.56031568930516
SEGURO,8350,157.52567634890121
SEGURO,8351,151.5591170193785
SEGURO,8352,150.2118370100377
SEGURO,8353,165.47723712755467
SEGURO,8354,148.8005554153716
SEGURO,8355,158.70081156726653
SEGURO,8356,138.99124915273785
SEGURO,8357,148.81371715732166
SEGURO,8358,164.08008067358764
SEGURO,8359,150.8483420317957
SEGURO,8360,145.15746097882771
SEGURO,8361,148.855933069457
SEGURO,8362,135.96422727137985
SEGURO,8363,156.98617075028832
SEGURO,8364,143.91624082168428
SEGURO,8365,153.521426990712
SEGURO,8366,139.75552142993882
SEGURO,8367,142.43677251498076
SEGURO,8368,140.4743863687734
SEGURO,8369,148.85590264642136
SEGURO,8370,147.311701019425
SEGURO,8371,145.5208532684354
SEGURO,8372,146.71615835500342
SEGURO,8373,159.23724696091017
SEGURO,8374,139.55100598548893
SEGURO,8375,150.1810694242638
SEGURO,8376,145.25078403832546
SEGURO,8377,149.43593030794992
SEGURO,8378,153.22485129941037
SEGURO,8379,162.0177554531069
SEGURO,8380,159.85921227804283
SEGURO,8381,142.22666728289326
SEGURO,8382,145.27040707526336
SEGURO,8383,152.44743011446042
SEGURO,8384,151.40445003364985
SEGURO,8385,156.79488202575268
SEGURO,8386,147.33072733137845
SEGURO,8387,162.28613256650252
SEGURO,8388,147.82504136778562
SEGURO,8389,149.32250714361976
SEGURO,8390,145.61606729210192
SEGURO,8391,141.12946850449322
SEGURO,8392,145.256902180746
SEGURO,8393,163.3588489801976
SEGURO,8394,154.91293693919746
SEGURO,8395,146.7297084102424
SEGURO,8396,138.836718342675
SEGURO,8397,136.53718092119922
SEGURO,8398,149.53261422664335
SEGURO,8399,144.66669080622546
SEGURO,8400,142.69031522540203
SEGURO,8401,153.981009255879
SEGURO,8402,146.98288592148347
SEGURO,8403,149.3990510456292
SEGURO,8404,141.83213412795072
SEGURO,8405,159.43718963683799
SEGURO,8406,144.26992723085397
SEGURO,8407,162.63789100515552
SEGURO,8408,153.32451754175264
SEGURO,8409,145.79365618533484
SEGURO,8410,151.44742754106562
SEGURO,8411,151.5587974070689
SEGURO,8412,146.2840658339465
SEGURO,8413,167.17530507689875
SEGURO,8414,135.03157560042828
SEGURO,8415,148.5469062713072
SEGURO,8416,137.0861693758314
SEGURO,8417,150.68608129681434
SEGURO,8418,140.98863599551407
SEGURO,8419,153.52600224200054
SEGURO,8420,145.01099578063628
SEGURO,8421,147.48987622815795
SEGURO,8422,148.0528511444533
SEGURO,8423,146.30235616329767
SEGURO,8424,156.91020842746693
SEGURO,8425,150.09090948241106
SEGURO,8426,145.61157522182967
SEGURO,8427,145.69073347352312
SEGURO,8428,158.61335257402175
SEGURO,8429,134.30750812360287
SEGURO,8430,153.96515594424497
SEGURO,8431,141.4380309921615
SEGURO,8432,145.71820522038576
SEGURO,8433,152.80940208514488
SEGURO,8434,142.08492566909342
SEGURO,8435,145.47825539576513
SEGURO,8436,145.6318434217796
SEGURO,8437,153.61482256837434
SEGURO,8438,162.91991560608187
SEGURO,8439,122.7079715607578
SEGURO,8440,147.8584731983976
SEGURO,8441,159.6783369808233
SEGURO,8442,125.84640406959296
SEGURO,8443,161.898171893908
SEGURO,8444,154.34343068950395
SEGURO,8445,153.84398312022176
SEGURO,8446,155.60546715620086
SEGURO,8447,162.42115331727422
SEGURO,8448,153.06779977729417
SEGURO,8449,145.42785134184297
SEGURO,8450,139.98099097646826
SEGURO,8451,146.69461637771278
SEGURO,8452,144.47381280672772
SEGURO,8453,157.53306317343757
SEGURO,8454,156.5460599618173
SEGURO,8455,158.04118284972216
SEGURO,8456,143.90853489718918
SEGURO,8457,154.33450910401496
SEGURO,8458,161.94890842522912
SEGURO,8459,146.00987562174353
SEGURO,8460,146.93063134822555
SEGURO,8461,143.97659609447146
SEGURO,8462,153.28941458438754
SEGURO,8463,155.58732792069458
SEGURO,8464,140.18094378972404
SEGURO,8465,143.94466398388406
SEGURO,8466,132.8293872412419
SEGURO,8467,151.7505894308671
SEGURO,8468,130.30123196563508
SEGURO,8469,163.33823353964348
SEGURO,8470,148.29769528011738
SEGURO,8471,148.5865207294911
SEGURO,8472,154.71408130217242
SEGURO,8473,153.65323502766438
SEGURO,8474,151.13003277425221
SEGURO,8475,148.96086225788588
SEGURO,8476,138.25993479248507
SEGURO,8477,148.92191299927615
SEGURO,8478,158.49482658094382
SEGURO,8479,147.9244106959114
SEGURO,8480,156.7167049194156
SEGURO,8481,145.2638132323471
SEGURO,8482,141.81739112690883
SEGURO,8483,142.95522316284195
SEGURO,8484,141.17149870547135
SEGURO,8485,148.70803864023677
SEGURO,8486,139.1326068870175
SEGURO,8487,142.5183667754542
SEGURO,8488,141.05880988548068
SEGURO,8489,156.64064087403278
SEGURO,8490,162.75079527136387
SEGURO,8491,134.6762717403911
SEGURO,8492,158.4884116236531
SEGURO,8493,132.48241190431582
SEGURO,8494,146.3625418034892
SEGURO,8495,152.59345462582326
SEGURO,8496,137.0809521424046
SEGURO,8497,141.1021590548717
SEGURO,8498,156.19100280933392
SEGURO,8499,139.57423821349684
SEGURO,8500,124.90327715941109
SEGURO,8501,156.97647378242738
SEGURO,8502,145.61436548824884
SEGURO,8503,147.20038058833308
SEGURO,8504,152.48252122892268
SEGURO,8505,149.77211917499093
SEGURO,8506,133.82285001114943
SEGURO,8507,151.43814693291867
SEGURO,8508,135.64158024183934
SEGURO,8509,155.85349729851842
SEGURO,8510,152.74479898004378
SEGURO,8511,138.4312100091259
SEGURO,8512,135.167214788288
SEGURO,8513,148.9293555163063
SEGURO,8514,151.0501143531761
SEGURO,8515,137.8040942329973
SEGURO,8516,144.99246872855332
SEGURO,8517,156.36101998222097
SEGURO,8518,163.4644225310698
SEGURO,8519,158.43412970936924
SEGURO,8520,140.31525848134
SEGURO,8521,145.26289367427094
SEGURO,8522,136.30469120630164
SEGURO,8523,132.60467718539567
SEGURO,8524,161.04417437167706
SEGURO,8525,138.42687602846397
SEGURO,8526,144.58756026697768
SEGURO,8527,162.44909876241212
SEGURO,8528,157.61178609033436
SEGURO,8529,139.3615581838239
SEGURO,8530,146.41587971263124
SEGURO,8531,147.29991099306267
SEGURO,8532,147.4254680625502
SEGURO,8533,150.64434770731378
SEGURO,8534,163.4428199189957
SEGURO,8535,157.62378357715272
SEGURO,8536,147.6178035810013
SEGURO,8537,139.31314103127812
SEGURO,8538,156.739418216757
SEGURO,8539,143.8310393267537
SEGURO,8540,144.7020275033556
SEGURO,8541,142.2662318224267
SEGURO,8542,152.24963459562233
SEGURO,8543,151.58862940631516
SEGURO,8544,135.23328236695767
SEGURO,8545,137.27002572248082
SEGURO,8546,142.15414330907257
SEGURO,8547,145.80113292792942
SEGURO,8548,155.29919927665148
SEGURO,8549,181.31112364908606
SEGURO,8550,145.87665158014389
SEGURO,8551,145.15296541205177
SEGURO,8552,148.19243579487724
SEGURO,8553,151.47565254736426
SEGURO,8554,140.09346934557527
SEGURO,8555,155.98348310721707
SEGURO,8556,146.6359065186266
SEGURO,8557,143.32371365206453
SEGURO,8558,161.97602716055536
SEGURO,8559,146.1096633296409
SEGURO,8560,143.9426039761126
SEGURO,8561,153.40250158200996
SEGURO,8562,146.03348406489218
SEGURO,8563,143.04411575835158
SEGURO,8564,145.7081388167932
SEGURO,8565,139.17503445426712
SEGURO,8566,146.39908374333191
SEGURO,8567,158.7616929067053
SEGURO,8568,156.92560533596145
SEGURO,8569,148.54251885899114
SEGURO,8570,141.320678255001
SEGURO,8571,149.74707150977179
SEGURO,8572,153.66332435696398
SEGURO,8573,144.18964583953993
SEGURO,8574,144.90942334603935
SEGURO,8575,124.78621796922263
SEGURO,8576,152.653998183768
SEGURO,8577,142.50081930865423
SEGURO,8578,147.52107996878945
SEGURO,8579,160.80814952077458
SEGURO,8580,153.03552496552783
SEGURO,8581,158.5984004464588
SEGURO,8582,148.5126218746809
SEGURO,8583,148.12936465049364
SEGURO,8584,143.3351456790386
SEGURO,8585,142.36697346108977
SEGURO,8586,140.770918958628
SEGURO,8587,156.0226509681986
SEGURO,8588,153.3073293863846
SEGURO,8589,156.8020815440505
SEGURO,8590,155.28506319038942
SEGURO,8591,142.30772145195115
SEGURO,8592,136.81935109794844
SEGURO,8593,154.85610194625096
SEGURO,8594,154.09936846995828
SEGURO,8595,149.61625993356054
SEGURO,8596,145.48700890289
SEGURO,8597,139.5754215523808
SEGURO,8598,138.93793758805793
SEGURO,8599,149.6679268311978
SEGURO,8600,135.62154299042095
SEGURO,8601,135.96720873471352
SEGURO,8602,138.75523643993205
SEGURO,8603,155.3909756431291
SEGURO,8604,143.78439525084778
SEGURO,8605,149.08267798335004
SEGURO,8606,147.5015690704389
SEGURO,8607,150.42955881339273
SEGURO,8608,160.45325379818965
SEGURO,8609,152.81660036942023
SEGURO,8610,149.13921908759806
SEGURO,8611,151.28517713680208
SEGURO,8612,167.60266225503875
SEGURO,8613,155.30931635162412
SEGURO,8614,140.1625033341664
SEGURO,8615,144.42718748665445
SEGURO,8616,153.7456195971218
SEGURO,8617,153.93575687662096
SEGURO,8618,136.07906572236044
SEGURO,8619,157.86105842227326
SEGURO,8620,153.03848689952315
SEGURO,8621,159.9654947238974
SEGURO,8622,164.57514227603372
SEGURO,8623,151.71374056912606
SEGURO,8624,138.10918830563259
SEGURO,8625,152.17543797653744
SEGURO,8626,152.23850537316832
SEGURO,8627,141.14201380126198
SEGURO,8628,140.8372270603509
SEGURO,8629,151.26972315081778
SEGURO,8630,151.5587537098896
SEGURO,8631,141.31513481757824
SEGURO,8632,159.9871916337172
SEGURO,8633,158.47676669394002
SEGURO,8634,174.17327695579445
SEGURO,8635,149.37948620472451
SEGURO,8636,148.96331919013838
SEGURO,8637,136.53516951644224
SEGURO,8638,137.65743370264687
SEGURO,8639,140.41893669030054
SEGURO,8640,158.33453121601676
SEGURO,8641,160.1681255962478
SEGURO,8642,151.82898495162598
SEGURO,8643,160.99733561156873
SEGURO,8644,143.19321312174685
SEGURO,8645,148.10608804592994
SEGURO,8646,170.1566846444684
SEGURO,8647,148.25576120241624
SEGURO,8648,156.9163280138609
SEGURO,8649,135.5332761153188
SEGURO,8650,154.27467340695335
SEGURO,8651,137.0206206121691
SEGURO,8652,150.5111193123474
SEGURO,8653,161.48568503951316
SEGURO,8654,143.19032914669708
SEGURO,8655,143.2228903163967
SEGURO,8656,126.11623050665432
SEGURO,8657,152.8975072652005
SEGURO,8658,132.5779834537002
SEGURO,8659,145.04084791200552
SEGURO,8660,134.5039931240977
SEGURO,8661,145.73964387461024
SEGURO,8662,148.20501272300334
SEGURO,8663,159.20281579178894
SEGURO,8664,147.7901098888163
SEGURO,8665,154.8558384569948
SEGURO,8666,148.04713171823278
SEGURO,8667,167.90138541812522
SEGURO,8668,155.13847663735112
SEGURO,8669,136.2218009784982
SEGURO,8670,153.4896667059452
SEGURO,8671,135.2820452593568
SEGURO,8672,155.61897500587688
SEGURO,8673,151.3093160790711
SEGURO,8674,144.20455005643467
SEGURO,8675,142.72720544180893
SEGURO,8676,140.75133906967667
SEGURO,8677,148.06864936863835
SEGURO,8678,153.49662693590213
SEGURO,8679,150.30300953575576
SEGURO,8680,146.75937811039395
SEGURO,8681,144.47853060830272
SEGURO,8682,132.1058539799175
SEGURO,8683,145.71261106922978
SEGURO,8684,140.91118567767631
SEGURO,8685,143.70606148242967
SEGURO,8686,146.49138112280284
SEGURO,8687,155.1630793334801
SEGURO,8688,156.47265924174755
SEGURO,8689,148.8757551840283
SEGURO,8690,157.85210302486027
SEGURO,8691,145.88245930871443
SEGURO,8692,152.8098778510066
SEGURO,8693,137.96252339811394
SEGURO,8694,159.94401455739197
SEGURO,8695,148.57872319740662
SEGURO,8696,163.0269875485446
SEGURO,8697,140.63735863679187
SEGURO,8698,141.10703409528156
SEGURO,8699,146.75120133614675
SEGURO,8700,150.14873593448516
SEGURO,8701,158.81627659370636
SEGURO,8702,142.464821967975
SEGURO,8703,140.04404757872825
SEGURO,8704,139.47610774692615
SEGURO,8705,155.8840351187419
SEGURO,8706,146.412178704254
SEGURO,8707,143.3329981524976
SEGURO,8708,159.14005087600057
SEGURO,8709,153.34461921391727
SEGURO,8710,143.65480523024087
SEGURO,8711,157.72201173661327
SEGURO,8712,140.91805149940407
SEGURO,8713,144.22596705879943
SEGURO,8714,139.525302990842
SEGURO,8715,144.23189723603602
SEGURO,8716,156.77766550450028
SEGURO,8717,157.10983566549223
SEGURO,8718,149.67795496907974
SEGURO,8719,150.08213178694749
SEGURO,8720,146.25950530864074
SEGURO,8721,147.07457308446672
SEGURO,8722,146.15513020202513
SEGURO,8723,158.06620298821667
SEGURO,8724,143.56170827631956
SEGURO,8725,150.24077752213972
SEGURO,8726,135.6231258867315
SEGURO,8727,138.42474686956794
SEGURO,8728,164.10055829990276
SEGURO,8729,151.2832970279779
SEGURO,8730,146.57473721123162
SEGURO,8731,146.86697666010002
SEGURO,8732,145.38209640542615
SEGURO,8733,161.5087902373027
SEGURO,8734,155.42414602594408
SEGURO,8735,144.7143286487971
SEGURO,8736,163.01600749939655
SEGURO,8737,154.32589287118574
SEGURO,8738,151.05760801371866
SEGURO,8739,137.06927213545288
SEGURO,8740,150.35833879238174
SEGURO,8741,142.7142083957643
SEGURO,8742,135.4949502895041
SEGURO,8743,150.2860585602957
SEGURO,8744,140.10625666204686
SEGURO,8745,147.45269464425465
SEGURO,8746,134.47504752493242
SEGURO,8747,144.1481409236743
SEGURO,8748,151.54441498081678
SEGURO,8749,140.91888158659833
SEGURO,8750,170.99155641408612
SEGURO,8751,133.40244921812658
SEGURO,8752,143.19708091006763
SEGURO,8753,124.93248321303876
SEGURO,8754,136.79591179027918
SEGURO,8755,156.18852347313384
SEGURO,8756,150.10263419993146
SEGURO,8757,160.62250049018547
SEGURO,8758,155.84883626553457
SEGURO,8759,139.94172329562025
SEGURO,8760,147.47042397195642
SEGURO,8761,139.87037080075655
SEGURO,8762,152.17825909134856
SEGURO,8763,161.04968603557867
SEGURO,8764,148.69733074744238
SEGURO,8765,155.32567821338793
SEGURO,8766,143.84591483303797
SEGURO,8767,159.08606957276655
SEGURO,8768,148.27392955960624
SEGURO,8769,137.50616295680803
SEGURO,8770,157.12981362410886
SEGURO,8771,142.90009809101971
SEGURO,8772,139.63269721954853
SEGURO,8773,150.40546823044943
SEGURO,8774,158.91462661321194
SEGURO,8775,168.3951782010422
SEGURO,8776,124.82789800080718
SEGURO,8777,151.56604051262795
SEGURO,8778,142.10494622676683
SEGURO,8779,131.23394436973518
SEGURO,8780,160.65291901729435
SEGURO,8781,163.16865754572345
SEGURO,8782,144.5508455250245
SEGURO,8783,158.07433277409908
SEGURO,8784,158.55489026214246
SEGURO,8785,146.10011825951983
SEGURO,8786,146.84099658211866
SEGURO,8787,150.52372915824165
SEGURO,8788,148.75443925449935
SEGURO,8789,143.5473277381763
SEGURO,8790,151.14622378525658
SEGURO,8791,136.4747382674626
SEGURO,8792,140.03532232063802
SEGURO,8793,156.4351944734001
SEGURO,8794,156.62422232775413
SEGURO,8795,141.2377149812765
SEGURO,8796,146.18812970543007
SEGURO,8797,155.42343050782242
SEGURO,8798,144.64418456215617
SEGURO,8799,151.27972811985097
SEGURO,8800,126.61285985638597
SEGURO,8801,144.01249021170116
SEGURO,8802,139.30975502071232
SEGURO,8803,153.33183363600924
SEGURO,8804,160.42172869606367
SEGURO,8805,155.68487660456452
SEGURO,8806,139.73503913983924
SEGURO,8807,143.88241560607116
SEGURO,8808,156.25966160667608
SEGURO,8809,141.25967730684454
SEGURO,8810,145.8733787105081
SEGURO,8811,148.59898817623002
SEGURO,8812,152.8417189036636
SEGURO,8813,143.35516324777626
SEGURO,8814,139.45048116225553
SEGURO,8815,158.79709217795883
SEGURO,8816,143.60704063769282
SEGURO,8817,134.1991242310301
SEGURO,8818,153.3880611441341
SEGURO,8819,139.52814664778083
SEGURO,8820,146.80877345288354
SEGURO,8821,158.73777548216162
SEGURO,8822,138.02294858737966
SEGURO,8823,148.58119707902316
SEGURO,8824,138.19040446469415
SEGURO,8825,154.6216560608058
SEGURO,8826,144.15846254408146
SEGURO,8827,141.0349759377339
SEGURO,8828,147.09659348830192
SEGURO,8829,138.61631320845245
SEGURO,8830,146.65564672773456
SEGURO,8831,140.38964257247497
SEGURO,8832,145.63858397283693
SEGURO,8833,145.7228923273315
SEGURO,8834,165.27705851378735
SEGURO,8835,149.50684182564234
SEGURO,8836,147.73280420696125
SEGURO,8837,147.3296166394526
SEGURO,8838,161.31502312379163
SEGURO,8839,157.45031179822016
SEGURO,8840,143.22166718164826
SEGURO,8841,143.5264395366397
SEGURO,8842,143.39758257246513
SEGURO,8843,146.51657544940662
SEGURO,8844,145.0975164643445
SEGURO,8845,152.95674830695623
SEGURO,8846,145.5994018270374
SEGURO,8847,144.16105486093255
SEGURO,8848,137.26814019169063
SEGURO,8849,155.26933332963577
SEGURO,8850,151.46760316459142
SEGURO,8851,146.37420675535444
SEGURO,8852,151.73245355603612
SEGURO,8853,160.19216875334345
SEGURO,8854,144.8049349452011
SEGURO,8855,143.48867743185934
SEGURO,8856,144.90410495074124
SEGURO,8857,164.3017725824556
SEGURO,8858,129.89885460502984
SEGURO,8859,159.53092376496357
SEGURO,8860,148.70273313676213
SEGURO,8861,148.63835039561562
SEGURO,8862,144.33288508075805
SEGURO,8863,162.39549704637778
SEGURO,8864,135.74570156279742
SEGURO,8865,152.34091071369667
SEGURO,8866,167.1089994596061
SEGURO,8867,155.85233579987627
SEGURO,8868,149.05891663255065
SEGURO,8869,146.67588616608768
SEGURO,8870,148.39130668965802
SEGURO,8871,162.5320680850747
SEGURO,8872,144.13673429432797
SEGURO,8873,145.6540806629391
SEGURO,8874,142.13592863979792
SEGURO,8875,148.15352161700008
SEGURO,8876,153.34206962166576
SEGURO,8877,148.6123831422362
SEGURO,8878,137.2286962205972
SEGURO,8879,155.72312741532934
SEGURO,8880,166.43674654711316
SEGURO,8881,153.51153319244088
SEGURO,8882,142.067066446819
SEGURO,8883,134.17420822244372
SEGURO,8884,173.73291078676965
SEGURO,8885,149.40748799575567
SEGURO,8886,140.42106298416573
SEGURO,8887,149.06506368938454
SEGURO,8888,133.21891660961367
SEGURO,8889,144.82045301257014
SEGURO,8890,161.29755902102576
SEGURO,8891,148.430161811636
SEGURO,8892,145.1180486104655
SEGURO,8893,155.7977679509247
SEGURO,8894,144.04131634150332
SEGURO,8895,147.2513520075293
SEGURO,8896,146.10090718256225
SEGURO,8897,153.6007141448506
SEGURO,8898,154.15356717509684
SEGURO,8899,144.68165753794784
SEGURO,8900,144.7183714574228
SEGURO,8901,147.09956760126133
SEGURO,8902,158.30119002986808
SEGURO,8903,162.39533047859447
SEGURO,8904,146.9363544708495
SEGURO,8905,140.0795375405802
SEGURO,8906,157.7350889939656
SEGURO,8907,160.58117362871735
SEGURO,8908,139.8089067065905
SEGURO,8909,164.21254439970727
SEGURO,8910,169.8594171495343
SEGURO,8911,144.9353564036231
SEGURO,8912,144.70888525848378
SEGURO,8913,139.23092540335165
SEGURO,8914,144.18532447086656
SEGURO,8915,159.6952414106773
SEGURO,8916,140.41322411651154
SEGURO,8917,164.9669293890442
SEGURO,8918,162.0264871265444
SEGURO,8919,146.8641266156489
SEGURO,8920,151.8171344210438
SEGURO,8921,137.43024745444646
SEGURO,8922,163.61415765830168
SEGURO,8923,147.55027493182402
SEGURO,8924,152.00174660713986
SEGURO,8925,155.7375167232549
SEGURO,8926,145.3461121186882
SEGURO,8927,145.0831461775168
SEGURO,8928,147.67617721731347
SEGURO,8929,148.3204051581889
SEGURO,8930,138.94959192402195
SEGURO,8931,157.0667313550606
SEGURO,8932,149.91159565548492
SEGURO,8933,161.92438699014104
SEGURO,8934,163.75105754736595
SEGURO,8935,150.27024190972915
SEGURO,8936,150.14135275653206
SEGURO,8937,136.40112714679387
SEGURO,8938,148.49604591304362
SEGURO,8939,154.44201659373218
SEGURO,8940,147.70559797456752
SEGURO,8941,142.91140922288483
SEGURO,8942,152.80064250808906
SEGURO,8943,142.89207003124292
SEGURO,8944,138.0084712846059
SEGURO,8945,153.67380296337228
SEGURO,8946,147.55861055229894
SEGURO,8947,165.82527996628642
SEGURO,8948,155.95394710747453
SEGURO,8949,157.6508966117026
SEGURO,8950,133.94263499395805
SEGURO,8951,141.85624547190457
SEGURO,8952,135.3981071552518
SEGURO,8953,155.42306720909644
SEGURO,8954,156.5369841023782
SEGURO,8955,160.1830725253081
SEGURO,8956,150.57796366615693
SEGURO,8957,142.65141729715825
SEGURO,8958,141.58735004993466
SEGURO,8959,146.90171443923023
SEGURO,8960,151.41291286984895
SEGURO,8961,147.5646452285296
SEGURO,8962,158.4192355937472
SEGURO,8963,139.1291761923043
SEGURO,8964,141.7912529799047
SEGURO,8965,148.56871216829416
SEGURO,8966,152.20709362183
SEGURO,8967,147.6848524669008
SEGURO,8968,154.67682537710525
SEGURO,8969,171.84389564024323
SEGURO,8970,153.98196449733905
SEGURO,8971,160.6139221593478
SEGURO,8972,150.4932432178629
SEGURO,8973,143.60230806303235
SEGURO,8974,143.49717769010098
SEGURO,8975,173.381513304593
SEGURO,8976,139.91615603228067
SEGURO,8977,152.61605794852466
SEGURO,8978,159.83710873714895
SEGURO,8979,165.6302204791538
SEGURO,8980,150.10594537739829
SEGURO,8981,160.84080947826536
SEGURO,8982,163.8150413711748
SEGURO,8983,150.51361374959032
SEGURO,8984,143.39076982399234
SEGURO,8985,152.93321155106702
SEGURO,8986,156.41869428476414
SEGURO,8987,145.842506111074
SEGURO,8988,154.31055771637796
SEGURO,8989,146.97970253132763
SEGURO,8990,155.17750595336088
SEGURO,8991,154.38978317844337
SEGURO,8992,153.86708960985592
SEGURO,8993,138.96621556412197
SEGURO,8994,146.6733750776371
SEGURO,8995,143.00904045185118
SEGURO,8996,143.8438453290997
SEGURO,8997,151.1354348263109
SEGURO,8998,143.19585186588117
SEGURO,8999,149.9986931451501
SEGURO,9000,134.84520965268493
SEGURO,9001,153.0839465700594
SEGURO,9002,144.92629770415903
SEGURO,9003,137.05570605382067
SEGURO,9004,152.62778884014156
SEGURO,9005,143.62045552461763
SEGURO,9006,138.70945005332337
SEGURO,9007,144.06840275958402
SEGURO,9008,154.34102819101557
SEGURO,9009,148.4665497429492
SEGURO,9010,166.0519773422572
SEGURO,9011,165.72129238885373
SEGURO,9012,139.39989350413003
SEGURO,9013,154.44194847867374
SEGURO,9014,165.63205215600325
SEGURO,9015,136.81516412840222
SEGURO,9016,151.19705215603886
SEGURO,9017,147.6531793751688
SEGURO,9018,164.62923516906235
SEGURO,9019,153.17628394172047
SEGURO,9020,145.81888959163908
SEGURO,9021,135.46197818213884
SEGURO,9022,151.89512155719265
SEGURO,9023,152.0162678490597
SEGURO,9024,153.94872677016227
SEGURO,9025,146.41137430126267
SEGURO,9026,160.08779830790272
SEGURO,9027,148.1526778556099
SEGURO,9028,148.85643312362166
SEGURO,9029,145.2352072432314
SEGURO,9030,152.5235195952976
SEGURO,9031,138.68158286156833
SEGURO,9032,163.28052556711907
SEGURO,9033,132.3886564144014
SEGURO,9034,158.79495491948404
SEGURO,9035,154.04722020198648
SEGURO,9036,152.92455905564952
SEGURO,9037,152.81612342453062
SEGURO,9038,152.21188915635105
SEGURO,9039,160.77719297023407
SEGURO,9040,148.2547763132247
SEGURO,9041,152.60552690845603
SEGURO,9042,163.1616415542135
SEGURO,9043,152.20700938405207
SEGURO,9044,158.09093891373325
SEGURO,9045,138.83570234837768
SEGURO,9046,150.2815445730452
SEGURO,9047,147.4113005100352
SEGURO,9048,125.02021922212244
SEGURO,9049,141.82684460463935
SEGURO,9050,144.81656469660862
SEGURO,9051,158.5277398623681
SEGURO,9052,155.58577404289775
SEGURO,9053,137.5083756958161
SEGURO,9054,160.6779215623717
SEGURO,9055,140.94624699428175
SEGURO,9056,150.8463936556382
SEGURO,9057,136.88756920068303
SEGURO,9058,157.32935959330933
SEGURO,9059,160.48239662769848
SEGURO,9060,152.7502557005113
SEGURO,9061,143.3470987691701
SEGURO,9062,134.53065439128494
SEGURO,9063,153.71182907750165
SEGURO,9064,157.29474766072798
SEGURO,9065,155.16864681113978
SEGURO,9066,156.01496542011708
SEGURO,9067,140.5334148839432
SEGURO,9068,155.0705628056104
SEGURO,9069,166.76462858279643
SEGURO,9070,146.72501924450123
SEGURO,9071,150.0076163185901
SEGURO,9072,156.0056700402917
SEGURO,9073,149.0445379239183
SEGURO,9074,141.8073735369138
SEGURO,9075,153.45872796669659
SEGURO,9076,166.25814904831145
SEGURO,9077,166.23105788549242
SEGURO,9078,143.76800282278907
SEGURO,9079,158.9870603920387
SEGURO,9080,159.601035067376
SEGURO,9081,145.18956826885204
SEGURO,9082,147.19557345763747
SEGURO,9083,140.39985682651354
SEGURO,9084,146.52255018581593
SEGURO,9085,146.69645312402048
SEGURO,9086,147.92324854453457
SEGURO,9087,149.39400316673212
SEGURO,9088,152.7030672100052
SEGURO,9089,139.92153452114223
SEGURO,9090,162.12847303005168
SEGURO,9091,164.26540298050534
SEGURO,9092,148.07346984139932
SEGURO,9093,153.87081917149823
SEGURO,9094,146.3015209385036
SEGURO,9095,160.2957766034749
SEGURO,9096,159.42777129333228
SEGURO,9097,154.7502427388165
SEGURO,9098,139.76859117698274
SEGURO,9099,140.3583255336877
SEGURO,9100,143.45393828203174
SEGURO,9101,141.43041357077135
SEGURO,9102,139.16501739803283
SEGURO,9103,147.59405157887875
SEGURO,9104,145.6984094430269
SEGURO,9105,142.74859427323497
SEGURO,9106,148.560903957653
SEGURO,9107,144.11213773261932
SEGURO,9108,158.22179215374248
SEGURO,9109,158.71947329657215
SEGURO,9110,156.41853608013238
SEGURO,9111,131.1509054547427
SEGURO,9112,151.40618849437377
SEGURO,9113,156.26469465712887
SEGURO,9114,139.8546576291358
SEGURO,9115,130.998840831844
SEGURO,9116,153.937737632546
SEGURO,9117,149.69630481011902
SEGURO,9118,132.04865588697697
SEGURO,9119,138.23019144824508
SEGURO,9120,158.30578725969863
SEGURO,9121,155.6294374451495
SEGURO,9122,149.22266418456834
SEGURO,9123,129.97570623731184
SEGURO,9124,135.20806033298675
SEGURO,9125,146.02989667519006
SEGURO,9126,134.62206693287646
SEGURO,9127,144.34140713788796
SEGURO,9128,149.22147855608836
SEGURO,9129,158.48606994210226
SEGURO,9130,156.2187056992582
SEGURO,9131,151.3986517314167
SEGURO,9132,153.327203613823
SEGURO,9133,148.6427153558863
SEGURO,9134,148.0715755440869
SEGURO,9135,146.80520710348065
SEGURO,9136,151.01224786047857
SEGURO,9137,150.99772432315729
SEGURO,9138,137.92939259684053
SEGURO,9139,137.9305862175298
SEGURO,9140,160.34627160239808
SEGURO,9141,138.24595511959694
SEGURO,9142,150.69790802621282
SEGURO,9143,143.5463723203051
SEGURO,9144,154.66725588307233
SEGURO,9145,164.687909644707
SEGURO,9146,148.63411866120052
SEGURO,9147,143.37490855990166
SEGURO,9148,147.94313010868518
SEGURO,9149,157.15706664315022
SEGURO,9150,136.3008411509047
SEGURO,9151,150.34325121962252
SEGURO,9152,151.30297619460544
SEGURO,9153,141.27604282044678
SEGURO,9154,153.33760712306486
SEGURO,9155,142.55108375196403
SEGURO,9156,159.92815210749941
SEGURO,9157,150.17961790472137
SEGURO,9158,137.61184119872127
SEGURO,9159,147.0872233549489
SEGURO,9160,156.85388605119425
SEGURO,9161,138.9742288411007
SEGURO,9162,151.65076668573272
SEGURO,9163,156.8186266520466
SEGURO,9164,152.10060744611522
SEGURO,9165,150.4919071487358
SEGURO,9166,153.51511530397676
SEGURO,9167,168.1088370636806
SEGURO,9168,158.2579783654283
SEGURO,9169,144.1978328654304
SEGURO,9170,141.10422519645104
SEGURO,9171,150.67288785437813
SEGURO,9172,151.4060908088025
SEGURO,9173,156.33826994615723
SEGURO,9174,148.83369182710632
SEGURO,9175,159.6026839342133
SEGURO,9176,141.83007049269415
SEGURO,9177,153.5031754095699
SEGURO,9178,150.95016980360413
SEGURO,9179,154.01847259039175
SEGURO,9180,149.18458790698864
SEGURO,9181,157.7876445953046
SEGURO,9182,148.9962847401568
SEGURO,9183,144.99344880267688
SEGURO,9184,133.58462251195687
SEGURO,9185,144.99874666343666
SEGURO,9186,153.10944750453544
SEGURO,9187,159.35158936056786
SEGURO,9188,148.40462246069202
SEGURO,9189,151.06025476087365
SEGURO,9190,146.60707105633884
SEGURO,9191,142.52518175997926
SEGURO,9192,150.12713128854122
SEGURO,9193,155.93454347018965
SEGURO,9194,146.24686682263192
SEGURO,9195,153.2190497844235
SEGURO,9196,149.31162582953488
SEGURO,9197,155.8454797616252
SEGURO,9198,128.37962746264557
SEGURO,9199,138.60229407102003
SEGURO,9200,149.7780756943001
SEGURO,9201,146.66314950568426
SEGURO,9202,151.92145432862682
SEGURO,9203,146.32661965814958
SEGURO,9204,140.23520769667678
SEGURO,9205,140.2433821046279
SEGURO,9206,150.08601100196637
SEGURO,9207,153.2390706508207
SEGURO,9208,138.9574046152917
SEGURO,9209,153.34923611720194
SEGURO,9210,154.261215985516
SEGURO,9211,141.57952872626538
SEGURO,9212,163.54166433967174
SEGURO,9213,150.68829359473688
SEGURO,9214,143.01541469006438
SEGURO,9215,155.16471677274868
SEGURO,9216,171.39418201910843
SEGURO,9217,148.2190431172458
SEGURO,9218,149.53283426460015
SEGURO,9219,144.24333611410677
SEGURO,9220,137.48462428350498
SEGURO,9221,144.6187719384582
SEGURO,9222,153.52215918333727
SEGURO,9223,148.66033048343252
SEGURO,9224,144.51832669863842
SEGURO,9225,161.63033886062053
SEGURO,9226,143.8691102845051
SEGURO,9227,131.6032324904991
SEGURO,9228,144.84781241137605
SEGURO,9229,145.85087827625358
SEGURO,9230,150.75173057992117
SEGURO,9231,144.08457888896737
SEGURO,9232,157.85885759912227
SEGURO,9233,140.44881063423554
SEGURO,9234,149.18797525583545
SEGURO,9235,142.62580198788697
SEGURO,9236,151.62774627627132
SEGURO,9237,162.2661632632654
SEGURO,9238,143.8841064107102
SEGURO,9239,162.42774436054296
SEGURO,9240,144.41615507736475
SEGURO,9241,145.72395275210843
SEGURO,9242,140.2912136215283
SEGURO,9243,150.6944776412504
SEGURO,9244,153.7832502087959
SEGURO,9245,150.8370078491069
SEGURO,9246,155.1696498901656
SEGURO,9247,160.50117844545076
SEGURO,9248,147.93140888371968
SEGURO,9249,163.761727425469
SEGURO,9250,141.72222272059324
SEGURO,9251,144.76241791446887
SEGURO,9252,150.40592158107037
SEGURO,9253,141.50905096749767
SEGURO,9254,143.66098404363976
SEGURO,9255,144.06801957356885
SEGURO,9256,157.98902977852018
SEGURO,9257,165.2478986502929
SEGURO,9258,127.85512735005744
SEGURO,9259,158.36532161991556
SEGURO,9260,130.8484443008491
SEGURO,9261,143.3175552678805
SEGURO,9262,147.55980935313494
SEGURO,9263,167.55631569032738
SEGURO,9264,140.72941477779142
SEGURO,9265,153.56192583410152
SEGURO,9266,151.63284296793455
SEGURO,9267,140.90966554754854
SEGURO,9268,144.71379696767383
SEGURO,9269,151.90765181037025
SEGURO,9270,135.74403371592217
SEGURO,9271,144.94457406150377
SEGURO,9272,140.47883360241048
SEGURO,9273,144.36649773567856
SEGURO,9274,156.1588419835157
SEGURO,9275,143.02330669286894
SEGURO,9276,137.77044447500793
SEGURO,9277,141.17212458241346
SEGURO,9278,133.71199681590966
SEGURO,9279,154.30446662567448
SEGURO,9280,137.0640015383453
SEGURO,9281,155.50599776151034
SEGURO,9282,165.24333499069652
SEGURO,9283,166.56107640818973
SEGURO,9284,140.2455649425365
SEGURO,9285,131.3552286915016
SEGURO,9286,146.17208797477858
SEGURO,9287,144.74391088902644
SEGURO,9288,147.3907914662982
SEGURO,9289,149.23182031582292
SEGURO,9290,160.73965574725588
SEGURO,9291,136.05567960488264
SEGURO,9292,154.72162170667184
SEGURO,9293,155.96863753441184
SEGURO,9294,150.75054351455483
SEGURO,9295,157.49930176792788
SEGURO,9296,168.87887805233225
SEGURO,9297,150.76788927913833
SEGURO,9298,148.63991344255524
SEGURO,9299,161.3364843030877
SEGURO,9300,149.51461291076276
SEGURO,9301,153.38784288917194
SEGURO,9302,151.2858403332768
SEGURO,9303,136.86480004566636
SEGURO,9304,139.15892565017603
SEGURO,9305,136.69077320642845
SEGURO,9306,160.92465208717755
SEGURO,9307,142.14614952863155
SEGURO,9308,149.77825855984554
SEGURO,9309,155.7603147961522
SEGURO,9310,160.76681415114976
SEGURO,9311,136.3477573843091
SEGURO,9312,140.75801191876064
SEGURO,9313,158.09609847336486
SEGURO,9314,166.5457473835222
SEGURO,9315,152.72693410585572
SEGURO,9316,151.47674506524802
SEGURO,9317,143.17894178661612
SEGURO,9318,150.69585319229196
SEGURO,9319,149.9115113448313
SEGURO,9320,140.80772766645208
SEGURO,9321,145.69060986336504
SEGURO,9322,159.4561889665236
SEGURO,9323,154.88237776698654
SEGURO,9324,159.0075055009768
SEGURO,9325,143.2305899227041
SEGURO,9326,133.74270772087047
SEGURO,9327,152.44331745207958
SEGURO,9328,144.34270137430045
SEGURO,9329,148.65107196414277
SEGURO,9330,159.47654704906344
SEGURO,9331,158.39596886616027
SEGURO,9332,150.30457203778352
SEGURO,9333,149.54323106535662
SEGURO,9334,149.2622332801146
SEGURO,9335,132.45478049555174
SEGURO,9336,142.6494790687073
SEGURO,9337,147.28374416579288
SEGURO,9338,147.39079401735972
SEGURO,9339,139.7643875400214
SEGURO,9340,154.36565499535342
SEGURO,9341,142.21533698060477
SEGURO,9342,154.82161334810485
SEGURO,9343,138.3354973045956
SEGURO,9344,160.17641894548527
SEGURO,9345,144.48179220393976
SEGURO,9346,145.41800412000967
SEGURO,9347,131.2515656677108
SEGURO,9348,145.8872199670454
SEGURO,9349,129.97822257734498
SEGURO,9350,157.5356044952156
SEGURO,9351,154.42686034952283
SEGURO,9352,154.8018819691803
SEGURO,9353,158.5787945424076
SEGURO,9354,160.00226193308174
SEGURO,9355,161.82975375074992
SEGURO,9356,156.20725505715524
SEGURO,9357,139.4788957086803
SEGURO,9358,152.27507756111444
SEGURO,9359,160.8154387270844
SEGURO,9360,138.4772519292183
SEGURO,9361,140.46786395516725
SEGURO,9362,158.94775852079238
SEGURO,9363,139.52270863284005
SEGURO,9364,143.35407453743977
SEGURO,9365,149.92068860700064
SEGURO,9366,163.65047002899774
SEGURO,9367,151.85998162961934
SEGURO,9368,147.88879243439968
SEGURO,9369,160.68468555618878
SEGURO,9370,168.75082744245682
SEGURO,9371,149.46403683318673
SEGURO,9372,131.69163164407843
SEGURO,9373,154.116205141347
SEGURO,9374,151.36728921110216
SEGURO,9375,148.41448390339798
SEGURO,9376,162.72696093383973
SEGURO,9377,142.47398407039134
SEGURO,9378,144.35464671798078
SEGURO,9379,129.65629320910486
SEGURO,9380,159.06534094934273
SEGURO,9381,150.7198199436862
SEGURO,9382,154.8893249419791
SEGURO,9383,150.3920594736178
SEGURO,9384,144.0215020378947
SEGURO,9385,153.80383556353985
SEGURO,9386,161.69280256266953
SEGURO,9387,132.75850366772752
SEGURO,9388,129.67639518073338
SEGURO,9389,142.92589547042152
SEGURO,9390,152.2714218853401
SEGURO,9391,144.86109156646003
SEGURO,9392,155.3068881846179
SEGURO,9393,147.35475540398213
SEGURO,9394,144.76593372102568
SEGURO,9395,136.3218339963323
SEGURO,9396,131.93910754061486
SEGURO,9397,135.32765733247427
SEGURO,9398,149.43325602105392
SEGURO,9399,149.60987052977873
SEGURO,9400,146.8880483893068
SEGURO,9401,158.3358992126311
SEGURO,9402,143.43285039008924
SEGURO,9403,126.66293222095783
SEGURO,9404,147.52582168111994
SEGURO,9405,143.19645203140175
SEGURO,9406,141.6547868993069
SEGURO,9407,142.3329402800886
SEGURO,9408,145.03301375612713
SEGURO,9409,133.06102454134873
SEGURO,9410,172.0165637494203
SEGURO,9411,156.28966634861536
SEGURO,9412,135.8695039193964
SEGURO,9413,158.32838984769634
SEGURO,9414,160.40500661068694
SEGURO,9415,152.53489731527063
SEGURO,9416,154.78166105187503
SEGURO,9417,157.11162818002725
SEGURO,9418,153.37670001637562
SEGURO,9419,153.7396820274459
SEGURO,9420,139.8234594653324
SEGURO,9421,155.8381287709239
SEGURO,9422,144.95633815399307
SEGURO,9423,137.30568779299557
SEGURO,9424,145.1826147384051
SEGURO,9425,141.1896530150449
SEGURO,9426,145.39421014723237
SEGURO,9427,155.51293896849722
SEGURO,9428,134.15256340270602
SEGURO,9429,144.62021541469568
SEGURO,9430,138.51693927607016
SEGURO,9431,145.9677944617347
SEGURO,9432,149.47803490319794
SEGURO,9433,145.33790770277707
SEGURO,9434,150.012062838307
SEGURO,9435,141.65498150673392
SEGURO,9436,147.65673348853326
SEGURO,9437,149.50127310829652
SEGURO,9438,135.01557929982675
SEGURO,9439,164.2928787128156
SEGURO,9440,144.33758575405793
SEGURO,9441,141.98969776612637
SEGURO,9442,157.93964205258118
SEGURO,9443,143.40929068904927
SEGURO,9444,150.85485294313895
SEGURO,9445,138.72344930922816
SEGURO,9446,158.48459780354526
SEGURO,9447,141.7684103299602
SEGURO,9448,150.41370951229925
SEGURO,9449,154.03574140737894
SEGURO,9450,150.75061310176744
SEGURO,9451,140.9301363229238
SEGURO,9452,155.1895519462016
SEGURO,9453,169.31368004193652
SEGURO,9454,137.86975083634118
SEGURO,9455,148.53229693957095
SEGURO,9456,160.72369106727086
SEGURO,9457,142.39719338369179
SEGURO,9458,149.8740944257731
SEGURO,9459,158.98633887361402
SEGURO,9460,157.56749572096538
SEGURO,9461,146.89325693886866
SEGURO,9462,164.86417853226993
SEGURO,9463,152.05444507027025
SEGURO,9464,147.71104972251365
SEGURO,9465,136.70898478461635
SEGURO,9466,156.36064319036785
SEGURO,9467,144.90427361001377
SEGURO,9468,144.33857575476296
SEGURO,9469,142.4319385500297
SEGURO,9470,143.97349539586818
SEGURO,9471,137.577648429812
SEGURO,9472,151.70751616158154
SEGURO,9473,150.92269720917807
SEGURO,9474,142.64398509191062
SEGURO,9475,159.27168965747364
SEGURO,9476,136.8883410876103
SEGURO,9477,152.3859985721205
SEGURO,9478,150.5556845060619
SEGURO,9479,149.2564398624388
SEGURO,9480,138.3589131136132
SEGURO,9481,157.4112218017509
SEGURO,9482,163.48549387586775
SEGURO,9483,147.42976729221414
SEGURO,9484,158.7636598263326
SEGURO,9485,150.56811031333595
SEGURO,9486,149.9615579124271
SEGURO,9487,153.03774414938437
SEGURO,9488,144.91609726176068
SEGURO,9489,141.42471380172717
SEGURO,9490,148.14559560832774
SEGURO,9491,158.31481732431985
SEGURO,9492,146.15604972240993
SEGURO,9493,155.3206016351065
SEGURO,9494,145.6616681447792
SEGURO,9495,161.03787142767462
SEGURO,9496,152.17673164465708
SEGURO,9497,148.93311588880164
SEGURO,9498,147.75701584071015
SEGURO,9499,135.5769201564742
SEGURO,9500,147.17010435923967
SEGURO,9501,147.44928254476045
SEGURO,9502,163.77603788255183
SEGURO,9503,152.50536527300932
SEGURO,9504,153.51151924230493
SEGURO,9505,144.18388875899163
SEGURO,9506,142.5147060466658
SEGURO,9507,138.94270559857566
SEGURO,9508,155.1523707426987
SEGURO,9509,148.92687172431357
SEGURO,9510,143.1802646222859
SEGURO,9511,147.47937906245383
SEGURO,9512,150.16702385237835
SEGURO,9513,147.5727900379862
SEGURO,9514,137.66259227674584
SEGURO,9515,158.54534846331515
SEGURO,9516,145.00793775068792
SEGURO,9517,142.09791485861098
SEGURO,9518,147.88595244233053
SEGURO,9519,139.49418845422088
SEGURO,9520,158.161950751203
SEGURO,9521,147.0321020157971
SEGURO,9522,147.120085936319
SEGURO,9523,141.62619322314754
SEGURO,9524,145.31685044858975
SEGURO,9525,154.017162111871
SEGURO,9526,148.4039766995219
SEGURO,9527,145.82983561223276
SEGURO,9528,146.1428593721616
SEGURO,9529,140.75565264649268
SEGURO,9530,163.84685904533893
SEGURO,9531,147.12803099100427
SEGURO,9532,147.36285745766136
SEGURO,9533,149.2391936397935
SEGURO,9534,141.98267910953206
SEGURO,9535,148.9851104380994
SEGURO,9536,135.9320277898196
SEGURO,9537,143.34605244308136
SEGURO,9538,148.09227475100556
SEGURO,9539,137.89880547787044
SEGURO,9540,145.5389962229399
SEGURO,9541,143.98031330897567
SEGURO,9542,142.372778503949
SEGURO,9543,148.90868864980538
SEGURO,9544,144.18428327235776
SEGURO,9545,152.411381924796
SEGURO,9546,140.37433459419208
SEGURO,9547,156.4074793414694
SEGURO,9548,149.11909498130646
SEGURO,9549,150.40193882821578
SEGURO,9550,142.43044596212425
SEGURO,9551,149.08474527191603
SEGURO,9552,148.73186480976932
SEGURO,9553,156.6671106555546
SEGURO,9554,156.90009479741335
SEGURO,9555,147.03464566237466
SEGURO,9556,138.65674362914854
SEGURO,9557,147.08453229370997
SEGURO,9558,155.13753329429719
SEGURO,9559,140.61169234159652
SEGURO,9560,164.87401129858978
SEGURO,9561,155.4705956634409
SEGURO,9562,138.95004847571778
SEGURO,9563,121.9795689375199
SEGURO,9564,147.26822704755378
SEGURO,9565,146.6728200559683
SEGURO,9566,156.66337065912802
SEGURO,9567,147.724991843641
SEGURO,9568,154.34541111949656
SEGURO,9569,156.73908745879356
SEGURO,9570,148.39942958317184
SEGURO,9571,147.84277394935359
SEGURO,9572,152.51277616600697
SEGURO,9573,155.664386729432
SEGURO,9574,152.27997363122884
SEGURO,9575,140.35198964071947
SEGURO,9576,153.39307076334757
SEGURO,9577,155.30925492632338
SEGURO,9578,143.14531198551603
SEGURO,9579,135.10712770681323
SEGURO,9580,150.92805833580005
SEGURO,9581,150.8536254583055
SEGURO,9582,146.58311304089642
SEGURO,9583,153.83076994554213
SEGURO,9584,138.5406160624256
SEGURO,9585,145.6364234733955
SEGURO,9586,142.20712538834647
SEGURO,9587,141.34590486733435
SEGURO,9588,153.15922660752227
SEGURO,9589,152.78617502162635
SEGURO,9590,153.26857445407398
SEGURO,9591,145.56198164375613
SEGURO,9592,146.51943502859686
SEGURO,9593,160.9953753899808
SEGURO,9594,145.97019663158989
SEGURO,9595,167.82293990764975
SEGURO,9596,152.33785596148437
SEGURO,9597,147.11767676715922
SEGURO,9598,162.49720890312773
SEGURO,9599,148.6888645396953
SEGURO,9600,141.2988180202876
SEGURO,9601,153.85286624809484
SEGURO,9602,144.09423043358763
SEGURO,9603,167.33444293041867
SEGURO,9604,151.20508278840504
SEGURO,9605,149.9918704609584
SEGURO,9606,161.54008912099155
SEGURO,9607,150.39288405108863
SEGURO,9608,148.73017290398857
SEGURO,9609,159.01229869044124
SEGURO,9610,151.63964184906592
SEGURO,9611,155.5249956443172
SEGURO,9612,150.97785270481265
SEGURO,9613,144.76801375262082
SEGURO,9614,131.54966770106165
SEGURO,9615,157.25477566882023
SEGURO,9616,148.66093413720824
SEGURO,9617,134.37179563231592
SEGURO,9618,150.54075337417456
SEGURO,9619,156.25329176107718
SEGURO,9620,147.7871009452645
SEGURO,9621,151.4246702035861
SEGURO,9622,147.79703486810217
SEGURO,9623,156.76543269854827
SEGURO,9624,150.09732939585507
SEGURO,9625,150.76351332864664
SEGURO,9626,147.41989348467496
SEGURO,9627,160.77389218774513
SEGURO,9628,144.6427662314509
SEGURO,9629,138.23810457835935
SEGURO,9630,149.82962113136313
SEGURO,9631,154.76364161104232
SEGURO,9632,155.9954937707768
SEGURO,9633,147.37393872466376
SEGURO,9634,152.48324985636526
SEGURO,9635,142.58987894015752
SEGURO,9636,136.76406292067372
SEGURO,9637,147.02566051863607
SEGURO,9638,144.79038602230128
SEGURO,9639,145.823116541933
SEGURO,9640,161.00782319978322
SEGURO,9641,146.93040023983949
SEGURO,9642,152.2005840828576
SEGURO,9643,129.6439561607839
SEGURO,9644,157.1325355598966
SEGURO,9645,153.80312098136056
SEGURO,9646,143.47718875214346
SEGURO,9647,145.47817924301611
SEGURO,9648,145.8560879216377
SEGURO,9649,148.93204538695522
SEGURO,9650,141.00232604157873
SEGURO,9651,156.90627035603032
SEGURO,9652,150.51133808765516
SEGURO,9653,159.25834893781303
SEGURO,9654,152.33524884785714
SEGURO,9655,154.14895503842482
SEGURO,9656,145.7937856486746
SEGURO,9657,154.21935300881626
SEGURO,9658,160.6050058431623
SEGURO,9659,149.77417919236518
SEGURO,9660,131.15187246624023
SEGURO,9661,132.5255949980954
SEGURO,9662,137.56106233483206
SEGURO,9663,144.6810280528719
SEGURO,9664,157.50198305543435
SEGURO,9665,132.89073878469645
SEGURO,9666,143.7852464542867
SEGURO,9667,148.54282667459879
SEGURO,9668,148.1454005659895
SEGURO,9669,141.61973252195222
SEGURO,9670,160.41832837971222
SEGURO,9671,124.7940459681972
SEGURO,9672,157.6984288470302
SEGURO,9673,152.46938237301433
SEGURO,9674,147.08106159596653
SEGURO,9675,142.1460254566874
SEGURO,9676,143.82107916088287
SEGURO,9677,154.2802727200352
SEGURO,9678,154.3807714296001
SEGURO,9679,157.93852441507008
SEGURO,9680,146.85311099856938
SEGURO,9681,166.6473799374811
SEGURO,9682,146.74062262474553
SEGURO,9683,154.78411606335865
SEGURO,9684,135.080603922133
SEGURO,9685,155.91889780070775
SEGURO,9686,155.02744490434657
SEGURO,9687,148.5769337382721
SEGURO,9688,146.9707111729137
SEGURO,9689,145.34569902245838
SEGURO,9690,151.35980772361987
SEGURO,9691,147.95362646068992
SEGURO,9692,156.03955205129938
SEGURO,9693,147.5085813708265
SEGURO,9694,155.1857309539071
SEGURO,9695,146.94597219266694
SEGURO,9696,143.4662761792401
SEGURO,9697,136.70118939534592
SEGURO,9698,146.00688631385876
SEGURO,9699,144.52282260759966
SEGURO,9700,153.4473029232382
SEGURO,9701,150.66179676078835
SEGURO,9702,132.37516794353962
SEGURO,9703,138.31646816937644
SEGURO,9704,151.2189951366331
SEGURO,9705,161.1420567591078
SEGURO,9706,151.73013649569208
SEGURO,9707,152.49041041950528
SEGURO,9708,150.16665005941357
SEGURO,9709,144.54107460181808
SEGURO,9710,148.6977321403111
SEGURO,9711,146.77544702082696
SEGURO,9712,140.55713657887898
SEGURO,9713,143.76924180721107
SEGURO,9714,158.5333554650085
SEGURO,9715,139.3307887088205
SEGURO,9716,158.49594381729185
SEGURO,9717,155.70530361009762
SEGURO,9718,170.28163408578814
SEGURO,9719,151.2226213077784
SEGURO,9720,139.42374478144848
SEGURO,9721,137.1727902461071
SEGURO,9722,143.53026764455367
SEGURO,9723,144.55295968767845
SEGURO,9724,154.0688128158861
SEGURO,9725,146.44914078267
SEGURO,9726,144.61606926336736
SEGURO,9727,142.7369897626891
SEGURO,9728,142.01163829979913
SEGURO,9729,140.65976123475244
SEGURO,9730,154.6364509542072
SEGURO,9731,146.71575576706226
SEGURO,9732,144.1413125286456
SEGURO,9733,133.64857180821747
SEGURO,9734,156.93983792670775
SEGURO,9735,153.4370152531871
SEGURO,9736,140.45283556183367
SEGURO,9737,145.35740074962993
SEGURO,9738,160.2810716847302
SEGURO,9739,147.4699409211164
SEGURO,9740,142.845970254544
SEGURO,9741,145.3144929911835
SEGURO,9742,156.1189119688038
SEGURO,9743,153.48029423928517
SEGURO,9744,152.8565311334549
SEGURO,9745,137.4369726330762
SEGURO,9746,142.36948964920552
SEGURO,9747,154.5431721108792
SEGURO,9748,146.39543006356507
SEGURO,9749,144.3718745363972
SEGURO,9750,142.49281719387446
SEGURO,9751,149.86767746536896
SEGURO,9752,148.23690479856685
SEGURO,9753,151.35878389307223
SEGURO,9754,146.27761801782435
SEGURO,9755,147.45569874663244
SEGURO,9756,152.43211696505549
SEGURO,9757,146.47634446417715
SEGURO,9758,158.17298355205185
SEGURO,9759,139.08375799519874
SEGURO,9760,150.49674955393587
SEGURO,9761,147.39374152486613
SEGURO,9762,168.36015933536547
SEGURO,9763,154.6697895700979
SEGURO,9764,148.06549901365966
SEGURO,9765,160.46640505881658
SEGURO,9766,141.488921129001
SEGURO,9767,151.50784691625822
SEGURO,9768,157.31940915260054
SEGURO,9769,150.41519004067337
SEGURO,9770,144.25884048121685
SEGURO,9771,149.70850619871993
SEGURO,9772,158.16555280043048
SEGURO,9773,147.39267965395035
SEGURO,9774,148.4528942213004
SEGURO,9775,137.9915220812935
SEGURO,9776,151.68528664329872
SEGURO,9777,147.60910216187722
SEGURO,9778,158.86123052259694
SEGURO,9779,152.91451869718705
SEGURO,9780,149.00877159224714
SEGURO,9781,156.97395150109952
SEGURO,9782,153.58698388507878
SEGURO,9783,152.27869624322437
SEGURO,9784,144.07307065630852
SEGURO,9785,143.2250690497582
SEGURO,9786,152.5956281623674
SEGURO,9787,146.77666890356804
SEGURO,9788,160.61004952663168
SEGURO,9789,141.9741138472262
SEGURO,9790,150.6468004889718
SEGURO,9791,152.244529298208
SEGURO,9792,151.48160563314102
SEGURO,9793,139.4330492094203
SEGURO,9794,151.1773028565935
SEGURO,9795,150.79790483749804
SEGURO,9796,158.23195257420164
SEGURO,9797,141.02756644720353
SEGURO,9798,155.07323262917498
SEGURO,9799,144.44156749961238
SEGURO,9800,142.85702513455487
SEGURO,9801,144.61778849604448
SEGURO,9802,142.5919092982462
SEGURO,9803,151.64514351188674
SEGURO,9804,143.1338572415188
SEGURO,9805,146.84766336232335
SEGURO,9806,145.12720478309694
SEGURO,9807,149.72082847500195
SEGURO,9808,159.17916451812394
SEGURO,9809,146.03051226722238
SEGURO,9810,145.16519035141258
SEGURO,9811,151.87597094642027
SEGURO,9812,161.512596306052
SEGURO,9813,151.57297276393624
SEGURO,9814,143.37221657804295
SEGURO,9815,138.6393250500658
SEGURO,9816,142.89438748473617
SEGURO,9817,131.32015983144953
SEGURO,9818,158.30295554920727
SEGURO,9819,139.77499967074607
SEGURO,9820,147.9697255219372
SEGURO,9821,138.35081615675088
SEGURO,9822,161.4666970202682
SEGURO,9823,140.77260761398117
SEGURO,9824,167.9593701811285
SEGURO,9825,150.27906017735756
SEGURO,9826,145.80624298194232
SEGURO,9827,148.44324936339035
SEGURO,9828,156.11775713195559
SEGURO,9829,148.99318754410598
SEGURO,9830,157.0999365253719
SEGURO,9831,141.2628848308355
SEGURO,9832,154.1752468320344
SEGURO,9833,152.55038631388732
SEGURO,9834,155.15340665794952
SEGURO,9835,155.11649757622155
SEGURO,9836,151.4832923619325
SEGURO,9837,160.79648409447694
SEGURO,9838,158.74658318701978
SEGURO,9839,148.74364694286223
SEGURO,9840,161.49206273638924
SEGURO,9841,139.75324108173916
SEGURO,9842,143.53212924927448
SEGURO,9843,149.6453022297842
SEGURO,9844,144.67708933480705
SEGURO,9845,157.95065720324868
SEGURO,9846,135.02147414522773
SEGURO,9847,148.30819026218626
SEGURO,9848,144.3651046346072
SEGURO,9849,147.80568739245712
SEGURO,9850,140.93584277708098
SEGURO,9851,150.77074332623877
SEGURO,9852,132.22847554419243
SEGURO,9853,155.06868541385717
SEGURO,9854,153.1292183572565
SEGURO,9855,148.95532638512307
SEGURO,9856,149.98195459338547
SEGURO,9857,148.95679330150514
SEGURO,9858,164.29560849504523
SEGURO,9859,137.0885580153041
SEGURO,9860,156.02322556055353
SEGURO,9861,149.49276018628774
SEGURO,9862,151.8196011578384
SEGURO,9863,148.6436678224499
SEGURO,9864,137.27892073349
SEGURO,9865,148.65856738341844
SEGURO,9866,137.3175060103271
SEGURO,9867,145.34642147399944
SEGURO,9868,144.2440566643366
SEGURO,9869,148.70720185162557
SEGURO,9870,137.00800258008303
SEGURO,9871,141.54034120718336
SEGURO,9872,148.76139565357414
SEGURO,9873,145.55965697989893
SEGURO,9874,143.07748538412895
SEGURO,9875,155.45339643279993
SEGURO,9876,145.32694635405113
SEGURO,9877,149.11865940446341
SEGURO,9878,144.45638614403333
SEGURO,9879,138.4176417792992
SEGURO,9880,166.78357048528636
SEGURO,9881,142.67421198622728
SEGURO,9882,137.92002822794052
SEGURO,9883,160.30827776090086
SEGURO,9884,140.56806122914082
SEGURO,9885,150.02256100638652
SEGURO,9886,161.1453688795094
SEGURO,9887,154.78485941558628
SEGURO,9888,151.8863803437079
SEGURO,9889,144.34813210796833
SEGURO,9890,156.26693570206072
SEGURO,9891,148.95905029085202
SEGURO,9892,144.3463166401494
SEGURO,9893,141.0279609425019
SEGURO,9894,154.79097096921933
SEGURO,9895,147.4256474709476
SEGURO,9896,161.55093546039367
SEGURO,9897,151.86364068468038
SEGURO,9898,148.40247613995032
SEGURO,9899,147.49064102559467
SEGURO,9900,123.17951053842741
SEGURO,9901,158.18273084994462
SEGURO,9902,156.24087254562264
SEGURO,9903,144.02623200722448
SEGURO,9904,152.7702310630435
SEGURO,9905,157.5490488254704
SEGURO,9906,129.86505469392824
SEGURO,9907,147.49135880982112
SEGURO,9908,150.98989311304982
SEGURO,9909,152.28493822943074
SEGURO,9910,144.48046729274995
SEGURO,9911,152.862817091881
SEGURO,9912,155.6755081059933
SEGURO,9913,141.5866789139641
SEGURO,9914,152.1301646564208
SEGURO,9915,161.36811694060916
SEGURO,9916,146.88588698076256
SEGURO,9917,144.1639741705596
SEGURO,9918,134.67103292762656
SEGURO,9919,145.10772460926935
SEGURO,9920,132.79646836633825
SEGURO,9921,158.06338012483198
SEGURO,9922,155.73611767392617
SEGURO,9923,143.99636370021022
SEGURO,9924,145.20930371606863
SEGURO,9925,152.2138437408055
SEGURO,9926,150.99525704878224
SEGURO,9927,168.7114162520153
SEGURO,9928,147.0987710112497
SEGURO,9929,164.16841325669353
SEGURO,9930,149.07821669146057
SEGURO,9931,156.17782667605192
SEGURO,9932,154.9601933003168
SEGURO,9933,150.1168022013457
SEGURO,9934,145.89716418609697
SEGURO,9935,150.17946681157375
SEGURO,9936,154.50099639951733
SEGURO,9937,143.3854099995322
SEGURO,9938,155.54047054343806
SEGURO,9939,133.59609232776182
SEGURO,9940,147.86185516361218
SEGURO,9941,155.1293519093876
SEGURO,9942,141.75301754291775
SEGURO,9943,154.09651320094832
SEGURO,9944,156.81719132748418
SEGURO,9945,146.78259351038744
SEGURO,9946,137.17618353179563
SEGURO,9947,141.536658971562
SEGURO,9948,158.7084932731044
SEGURO,9949,143.5734964037684
SEGURO,9950,140.74768057033208
SEGURO,9951,130.4591114863651
SEGURO,9952,149.07106495068462
SEGURO,9953,152.08114246290427
SEGURO,9954,147.81910440886378
SEGURO,9955,154.68586551570115
SEGURO,9956,134.46269433309266
SEGURO,9957,153.01303759081412
SEGURO,9958,137.4330488891738
SEGURO,9959,162.15398670626405
SEGURO,9960,144.04846317878665
SEGURO,9961,158.80720194251288
SEGURO,9962,137.5803269508759
SEGURO,9963,147.1567709419868
SEGURO,9964,142.60509049966313
SEGURO,9965,153.25656767108882
SEGURO,9966,161.73213978104536
SEGURO,9967,141.62201430337757
SEGURO,9968,151.73706876718134
SEGURO,9969,161.35675302218397
SEGURO,9970,143.55930565736796
SEGURO,9971,163.4352396799459
SEGURO,9972,161.49071106819878
SEGURO,9973,149.02689982429888
SEGURO,9974,151.22024719866852
SEGURO,9975,151.83741835548892
SEGURO,9976,142.4184449727694
SEGURO,9977,150.3184092590065
SEGURO,9978,148.6781624353986
SEGURO,9979,144.02639519661193
SEGURO,9980,149.93564904352138
SEGURO,9981,152.33784465090562
SEGURO,9982,171.6423553226775
SEGURO,9983,144.90806576947102
SEGURO,9984,153.38932968184625
SEGURO,9985,143.51989493714717
SEGURO,9986,153.15458875433794
SEGURO,9987,142.43835076748857
SEGURO,9988,145.9740467558528
SEGURO,9989,137.75399053871593
SEGURO,9990,142.85143525278508
SEGURO,9991,144.95666149818425
SEGURO,9992,136.3822670844234
SEGURO,9993,133.56301422271605
SEGURO,9994,144.16583242952447
SEGURO,9995,149.39056826275302
SEGURO,9996,143.35338486280733
SEGURO,9997,148.0230741357104
SEGURO,9998,155.22820591805782
SEGURO,9999,146.80503851050446
SEGURO,10000,144.62399714850375
INTERMEDIO,1,139.95478649461396
INTERMEDIO,2,125.84821251488997
INTERMEDIO,3,124.3393497423951
INTERMEDIO,4,127.07131704545313
INTERMEDIO,5,129.36475746225972
INTERMEDIO,6,121.47073157234564
INTERMEDIO,7,136.20840180935778
INTERMEDIO,8,130.8451407772857
INTERMEDIO,9,144.65660649143632
INTERMEDIO,10,114.37538605453003
INTERMEDIO,11,138.94568675891787
INTERMEDIO,12,152.78348728450555
INTERMEDIO,13,149.8756942206672
INTERMEDIO,14,130.03160853786702
INTERMEDIO,15,133.9552076856594
INTERMEDIO,16,138.39359497642732
INTERMEDIO,17,138.80751143906016
INTERMEDIO,18,114.83536063511832
INTERMEDIO,19,124.71302518218383
INTERMEDIO,20,116.6209217770687
INTERMEDIO,21,131.12978499835918
INTERMEDIO,22,120.11169000430658
INTERMEDIO,23,121.47090509649433
INTERMEDIO,24,130.5449784551154
INTERMEDIO,25,127.17202428369586
INTERMEDIO,26,150.82646822733776
INTERMEDIO,27,137.9393463414572
INTERMEDIO,28,132.49902447443614
INTERMEDIO,29,117.86720652126776
INTERMEDIO,30,134.12980105683323
INTERMEDIO,31,121.96746775889592
INTERMEDIO,32,119.04175959519837
INTERMEDIO,33,134.7006173742563
INTERMEDIO,34,130.4992328930874
INTERMEDIO,35,120.03228222613393
INTERMEDIO,36,132.69395319237157
INTERMEDIO,37,144.93959275905064
INTERMEDIO,38,124.53424070942009
INTERMEDIO,39,133.48003456294666
INTERMEDIO,40,131.7494109468822
INTERMEDIO,41,132.10679458391905
INTERMEDIO,42,116.83282058332398
INTERMEDIO,43,126.04557813539442
INTERMEDIO,44,126.79647827950583
INTERMEDIO,45,143.4675138294919
INTERMEDIO,46,118.7150778489877
INTERMEDIO,47,133.1332033906774
INTERMEDIO,48,120.86303733243442
INTERMEDIO,49,105.64592235342766
INTERMEDIO,50,124.96463695417705
INTERMEDIO,51,100.37216744841737
INTERMEDIO,52,111.84426823200761
INTERMEDIO,53,134.64036397988994
INTERMEDIO,54,101.12895322898379
INTERMEDIO,55,152.66491296495542
INTERMEDIO,56,139.39113063332246
INTERMEDIO,57,96.53577452553913
INTERMEDIO,58,127.8618437969028
INTERMEDIO,59,139.93386148302434
INTERMEDIO,60,126.27335694999684
INTERMEDIO,61,122.33753918915116
INTERMEDIO,62,138.32187432702983
INTERMEDIO,63,145.48775077944467
INTERMEDIO,64,144.51534317235246
INTERMEDIO,65,131.34572580885552
INTERMEDIO,66,109.62448598188239
INTERMEDIO,67,115.76602800272
INTERMEDIO,68,143.14390903254207
INTERMEDIO,69,126.4103320739778
INTERMEDIO,70,124.50600411699143
INTERMEDIO,71,144.34050757055496
INTERMEDIO,72,131.4278950608679
INTERMEDIO,73,135.9140222612585
INTERMEDIO,74,154.2903376483137
INTERMEDIO,75,122.1632495679317
INTERMEDIO,76,124.20807503931768
INTERMEDIO,77,102.28246294499138
INTERMEDIO,78,132.9433358882586
INTERMEDIO,79,131.49482175138422
INTERMEDIO,80,129.4706363729299
INTERMEDIO,81,147.93002979345928
INTERMEDIO,82,145.97184345611527
INTERMEDIO,83,150.1011217457211
INTERMEDIO,84,140.52870510093186
INTERMEDIO,85,132.62241949832318
INTERMEDIO,86,140.44387078833523
INTERMEDIO,87,124.2078207490534
INTERMEDIO,88,124.64453083098046
INTERMEDIO,89,123.21316503063112
INTERMEDIO,90,117.4871159428613
INTERMEDIO,91,134.54564688769557
INTERMEDIO,92,105.41963799265524
INTERMEDIO,93,150.03739573408606
INTERMEDIO,94,102.49428787496171
INTERMEDIO,95,126.43664952036876
INTERMEDIO,96,129.2002257497348
INTERMEDIO,97,133.71623554457108
INTERMEDIO,98,141.85101173816432
INTERMEDIO,99,138.22677245332562
INTERMEDIO,100,114.89060485286416
INTERMEDIO,101,139.48008050620788
INTERMEDIO,102,108.83147513607038
INTERMEDIO,103,147.05192099735928
INTERMEDIO,104,121.61478066514698
INTERMEDIO,105,114.40049018298039
INTERMEDIO,106,107.6815498516187
INTERMEDIO,107,131.96509488827508
INTERMEDIO,108,120.97074676066197
INTERMEDIO,109,107.32559567016756
INTERMEDIO,110,129.23138557815398
INTERMEDIO,111,135.51088305798186
INTERMEDIO,112,126.02632633097825
INTERMEDIO,113,128.64104382211508
INTERMEDIO,114,112.82284893842876
INTERMEDIO,115,138.61118979987822
INTERMEDIO,116,154.21074337543087
INTERMEDIO,117,128.90034244810423
INTERMEDIO,118,126.91192113153473
INTERMEDIO,119,128.2623169541572
INTERMEDIO,120,155.57918217848822
INTERMEDIO,121,127.88464115824229
INTERMEDIO,122,134.1916414672291
INTERMEDIO,123,139.0736068480154
INTERMEDIO,124,132.19325945297854
INTERMEDIO,125,123.64813660827666
INTERMEDIO,126,101.81704127470181
INTERMEDIO,127,101.51253909066088
INTERMEDIO,128,103.12965830954008
INTERMEDIO,129,128.22805070579608
INTERMEDIO,130,129.3574193223065
INTERMEDIO,131,122.25048948007468
INTERMEDIO,132,137.02038676483855
INTERMEDIO,133,147.29839486395582
INTERMEDIO,134,140.9449095766634
INTERMEDIO,135,111.02767695496479
INTERMEDIO,136,124.96672410823436
INTERMEDIO,137,128.392952547105
INTERMEDIO,138,109.05878154666564
INTERMEDIO,139,94.51056329574692
INTERMEDIO,140,148.50977097517062
INTERMEDIO,141,147.18611571332315
INTERMEDIO,142,126.23585308791785
INTERMEDIO,143,140.81564686205297
INTERMEDIO,144,134.81587804525486
INTERMEDIO,145,151.3507825357568
INTERMEDIO,146,132.1138339693712
INTERMEDIO,147,138.76470899171989
INTERMEDIO,148,136.6607480513951
INTERMEDIO,149,119.3050831882614
INTERMEDIO,150,145.9667763204726
INTERMEDIO,151,137.66215039669842
INTERMEDIO,152,131.76930059639957
INTERMEDIO,153,119.3491694317647
INTERMEDIO,154,123.38938694135221
INTERMEDIO,155,131.50278107182373
INTERMEDIO,156,140.5162616855643
INTERMEDIO,157,135.4957934006519
INTERMEDIO,158,117.13781283712133
INTERMEDIO,159,102.44108921001694
INTERMEDIO,160,134.48104722539543
INTERMEDIO,161,139.77428570112536
INTERMEDIO,162,134.84936430249374
INTERMEDIO,163,144.86325708772898
INTERMEDIO,164,107.98509949587825
INTERMEDIO,165,139.995675190231
INTERMEDIO,166,144.30813184808437
INTERMEDIO,167,148.42510663014303
INTERMEDIO,168,114.05858777053865
INTERMEDIO,169,125.12255345614327
INTERMEDIO,170,134.15801280986028
INTERMEDIO,171,138.1851181963648
INTERMEDIO,172,125.86193536754536
INTERMEDIO,173,122.67123210702883
INTERMEDIO,174,139.73243806116542
INTERMEDIO,175,120.1409514109001
INTERMEDIO,176,153.1889219620619
INTERMEDIO,177,150.61381556546866
INTERMEDIO,178,138.38421233363522
INTERMEDIO,179,121.53646538650314
INTERMEDIO,180,145.94068931192388
INTERMEDIO,181,112.50631931584574
INTERMEDIO,182,116.16847393544292
INTERMEDIO,183,127.42671851364875
INTERMEDIO,184,134.85077040968469
INTERMEDIO,185,116.8648418848664
INTERMEDIO,186,133.27077442661238
INTERMEDIO,187,112.88683100238862
INTERMEDIO,188,117.02696463250172
INTERMEDIO,189,146.8108010719315
INTERMEDIO,190,131.2630313531888
INTERMEDIO,191,91.43792943696054
INTERMEDIO,192,118.83770553485388
INTERMEDIO,193,130.34750797720736
INTERMEDIO,194,144.632667380958
INTERMEDIO,195,135.5308485884256
INTERMEDIO,196,136.33486583665066
INTERMEDIO,197,129.47419032461565
INTERMEDIO,198,151.79862510479242
INTERMEDIO,199,149.03127191145202
INTERMEDIO,200,143.03504078890256
INTERMEDIO,201,104.87317310837888
INTERMEDIO,202,119.24040337215169
INTERMEDIO,203,123.57749721825554
INTERMEDIO,204,114.2406838936091
INTERMEDIO,205,128.8191194091091
INTERMEDIO,206,101.26374850156782
INTERMEDIO,207,115.92858711839156
INTERMEDIO,208,116.82804682299663
INTERMEDIO,209,123.53087161542268
INTERMEDIO,210,150.03678389847568
INTERMEDIO,211,132.51807719749604
INTERMEDIO,212,123.16113649946035
INTERMEDIO,213,114.55720908471304
INTERMEDIO,214,128.82999657743528
INTERMEDIO,215,126.29225021291622
INTERMEDIO,216,110.73976533347782
INTERMEDIO,217,111.92976436413551
INTERMEDIO,218,125.90353679490978
INTERMEDIO,219,123.8131073653044
INTERMEDIO,220,142.69416834627947
INTERMEDIO,221,138.03712845751508
INTERMEDIO,222,126.61772737907734
INTERMEDIO,223,125.91236758075533
INTERMEDIO,224,120.18340937141143
INTERMEDIO,225,105.70955298767163
INTERMEDIO,226,107.13504598468833
INTERMEDIO,227,117.17836152483586
INTERMEDIO,228,129.10919830788268
INTERMEDIO,229,128.31349619076028
INTERMEDIO,230,120.55302611830886
INTERMEDIO,231,136.06241423314273
INTERMEDIO,232,120.571339094111
INTERMEDIO,233,116.11591738721589
INTERMEDIO,234,123.22684515100764
INTERMEDIO,235,128.5360012414275
INTERMEDIO,236,114.33793737723612
INTERMEDIO,237,124.09320617021179
INTERMEDIO,238,128.99537461666296
INTERMEDIO,239,153.2636340829813
INTERMEDIO,240,120.14239436058213
INTERMEDIO,241,119.43579102964947
INTERMEDIO,242,141.94955441342123
INTERMEDIO,243,109.53771391486882
INTERMEDIO,244,144.03440664070786
INTERMEDIO,245,135.61560137701517
INTERMEDIO,246,147.31789300403616
INTERMEDIO,247,132.31437513993382
INTERMEDIO,248,152.75200932274552
INTERMEDIO,249,130.9860942775431
INTERMEDIO,250,134.96658219001498
INTERMEDIO,251,134.50900809956013
INTERMEDIO,252,129.12554237543247
INTERMEDIO,253,122.55497058962334
INTERMEDIO,254,141.83349004371576
INTERMEDIO,255,158.56665234864664
INTERMEDIO,256,125.04572835788329
INTERMEDIO,257,135.08206407435864
INTERMEDIO,258,112.37781788979152
INTERMEDIO,259,143.12084824286887
INTERMEDIO,260,135.18320529422903
INTERMEDIO,261,110.72224010646693
INTERMEDIO,262,132.65565018983352
INTERMEDIO,263,108.86081791334092
INTERMEDIO,264,114.15210005265003
INTERMEDIO,265,116.80700053957891
INTERMEDIO,266,124.45277164118787
INTERMEDIO,267,127.89492505192912
INTERMEDIO,268,143.03516065181816
INTERMEDIO,269,113.17702549492246
INTERMEDIO,270,146.13151960265526
INTERMEDIO,271,111.7034347664297
INTERMEDIO,272,154.89435587394487
INTERMEDIO,273,152.4425167650476
INTERMEDIO,274,119.01741884190355
INTERMEDIO,275,152.98472849606648
INTERMEDIO,276,126.70828256041882
INTERMEDIO,277,112.3768268549627
INTERMEDIO,278,122.57351539479603
INTERMEDIO,279,159.52109067513229
INTERMEDIO,280,124.20258468253226
INTERMEDIO,281,113.49720286974134
INTERMEDIO,282,131.5662951787007
INTERMEDIO,283,132.63956420314346
INTERMEDIO,284,100.91527867602292
INTERMEDIO,285,134.0007184357351
INTERMEDIO,286,120.97910320603823
INTERMEDIO,287,142.209190347233
INTERMEDIO,288,132.81649473039033
INTERMEDIO,289,125.95545831698385
INTERMEDIO,290,153.3707252379482
INTERMEDIO,291,119.31589994127738
INTERMEDIO,292,151.33671624472552
INTERMEDIO,293,123.48689553288968
INTERMEDIO,294,129.70455029094262
INTERMEDIO,295,126.92105376547505
INTERMEDIO,296,131.24462188452745
INTERMEDIO,297,119.57969885645647
INTERMEDIO,298,118.52455315194717
INTERMEDIO,299,155.79347998437856
INTERMEDIO,300,134.71202478269728
INTERMEDIO,301,135.95824959142547
INTERMEDIO,302,126.5316039514428
INTERMEDIO,303,117.57932260663877
INTERMEDIO,304,101.88948652247211
INTERMEDIO,305,139.20838916070613
INTERMEDIO,306,139.094542404525
INTERMEDIO,307,109.66755790233286
INTERMEDIO,308,110.48363771385894
INTERMEDIO,309,120.29458823083229
INTERMEDIO,310,148.11342054342418
INTERMEDIO,311,119.97185333721472
INTERMEDIO,312,130.86669121425825
INTERMEDIO,313,130.7931649859796
INTERMEDIO,314,142.7464330734191
INTERMEDIO,315,112.56367173231004
INTERMEDIO,316,127.47140117039815
INTERMEDIO,317,127.7775081487477
INTERMEDIO,318,132.3860829684569
INTERMEDIO,319,130.93800048561886
INTERMEDIO,320,128.67441463316146
INTERMEDIO,321,123.35154545297003
INTERMEDIO,322,131.52134411865097
INTERMEDIO,323,149.0463698441369
INTERMEDIO,324,118.57898275362997
INTERMEDIO,325,145.7170654436641
INTERMEDIO,326,132.77914073772524
INTERMEDIO,327,105.46488676887944
INTERMEDIO,328,109.42835100270896
INTERMEDIO,329,118.18962679958715
INTERMEDIO,330,127.49930328795837
INTERMEDIO,331,142.45615155014667
INTERMEDIO,332,134.16160609120038
INTERMEDIO,333,122.55918249702535
INTERMEDIO,334,115.06248586565444
INTERMEDIO,335,129.28789419360854
INTERMEDIO,336,120.09387401925238
INTERMEDIO,337,124.31440084362504
INTERMEDIO,338,126.14244597707811
INTERMEDIO,339,140.7267422871321
INTERMEDIO,340,116.48080134331177
INTERMEDIO,341,133.67070715356613
INTERMEDIO,342,134.2022741756212
INTERMEDIO,343,128.77170648960993
INTERMEDIO,344,146.03262250399902
INTERMEDIO,345,130.36415068035987
INTERMEDIO,346,115.47509383040679
INTERMEDIO,347,115.3891244751282
INTERMEDIO,348,119.94647923517164
INTERMEDIO,349,139.27946677555357
INTERMEDIO,350,118.80837158392636
INTERMEDIO,351,151.41280396111438
INTERMEDIO,352,147.1643210215284
INTERMEDIO,353,113.40563181494468
INTERMEDIO,354,126.94887105297092
INTERMEDIO,355,114.17499906499513
INTERMEDIO,356,132.07885063061983
INTERMEDIO,357,143.68598663251836
INTERMEDIO,358,108.85776935863527
INTERMEDIO,359,129.25550077316828
INTERMEDIO,360,128.124017792199
INTERMEDIO,361,130.69857293145714
INTERMEDIO,362,127.00153520292346
INTERMEDIO,363,119.09958339015452
INTERMEDIO,364,125.06704047615511
INTERMEDIO,365,124.88676273243817
INTERMEDIO,366,130.76638406612557
INTERMEDIO,367,126.80144670182308
INTERMEDIO,368,119.9702993426161
INTERMEDIO,369,137.47205308832167
INTERMEDIO,370,133.39944670175507
INTERMEDIO,371,135.0418439800267
INTERMEDIO,372,130.46920127250436
INTERMEDIO,373,128.92011014434323
INTERMEDIO,374,127.74393210886672
INTERMEDIO,375,106.30830712429258
INTERMEDIO,376,119.75543945369435
INTERMEDIO,377,121.12834679039159
INTERMEDIO,378,122.69142031992924
INTERMEDIO,379,118.99347081083344
INTERMEDIO,380,113.18382184161679
INTERMEDIO,381,101.7980932966183
INTERMEDIO,382,119.4225613845888
INTERMEDIO,383,137.25048425454298
INTERMEDIO,384,129.32389562450481
INTERMEDIO,385,132.3083933695779
INTERMEDIO,386,126.29266250829734
INTERMEDIO,387,123.50515075292881
INTERMEDIO,388,143.67762831143972
INTERMEDIO,389,139.61982461706995
INTERMEDIO,390,115.05851008293665
INTERMEDIO,391,125.55646116168205
INTERMEDIO,392,133.32347551993797
INTERMEDIO,393,131.4345958398982
INTERMEDIO,394,121.57477167297205
INTERMEDIO,395,113.6446937981249
INTERMEDIO,396,121.83212227458678
INTERMEDIO,397,127.63504804380437
INTERMEDIO,398,143.2345945904871
INTERMEDIO,399,118.53955667283338
INTERMEDIO,400,129.98146588520206
INTERMEDIO,401,128.69876305228524
INTERMEDIO,402,132.41192587278815
INTERMEDIO,403,117.67208692521207
INTERMEDIO,404,133.59338545873538
INTERMEDIO,405,135.3932226404741
INTERMEDIO,406,124.2719541265952
INTERMEDIO,407,130.87929192371578
INTERMEDIO,408,133.5452430793411
INTERMEDIO,409,105.22140286211581
INTERMEDIO,410,120.6507202868668
INTERMEDIO,411,129.8718554178898
INTERMEDIO,412,116.60228517366596
INTERMEDIO,413,126.82842284535086
INTERMEDIO,414,136.1018263960902
INTERMEDIO,415,131.8959147607057
INTERMEDIO,416,115.87513857452485
INTERMEDIO,417,132.48968571524733
INTERMEDIO,418,151.8507245120731
INTERMEDIO,419,131.9064634561047
INTERMEDIO,420,119.25122251765056
INTERMEDIO,421,146.3729018981152
INTERMEDIO,422,96.96961667884472
INTERMEDIO,423,135.04046622983418
INTERMEDIO,424,140.9735095948833
INTERMEDIO,425,123.74988987584766
INTERMEDIO,426,120.08671458515346
INTERMEDIO,427,140.2428455166714
INTERMEDIO,428,122.87526424764464
INTERMEDIO,429,124.87534211463729
INTERMEDIO,430,130.95622857310073
INTERMEDIO,431,135.85415758117333
INTERMEDIO,432,153.81897577660692
INTERMEDIO,433,152.25605502779013
INTERMEDIO,434,125.17540272312672
INTERMEDIO,435,155.43755615492768
INTERMEDIO,436,136.21488615434288
INTERMEDIO,437,126.46599969902095
INTERMEDIO,438,142.5567728822123
INTERMEDIO,439,120.14564355152808
INTERMEDIO,440,148.49286074375652
INTERMEDIO,441,110.53833026820331
INTERMEDIO,442,143.281008609087
INTERMEDIO,443,116.17615302270622
INTERMEDIO,444,142.2829418018131
INTERMEDIO,445,119.1420134383381
INTERMEDIO,446,147.83419495572068
INTERMEDIO,447,135.87143124793357
INTERMEDIO,448,131.74176451920513
INTERMEDIO,449,145.62576168330017
INTERMEDIO,450,121.65967912546618
INTERMEDIO,451,124.2654058990386
INTERMEDIO,452,115.82400999846581
INTERMEDIO,453,136.365708451003
INTERMEDIO,454,147.67310180905233
INTERMEDIO,455,135.04745668409836
INTERMEDIO,456,134.74865787627547
INTERMEDIO,457,136.25067787675195
INTERMEDIO,458,117.22989677278017
INTERMEDIO,459,149.3334274859233
INTERMEDIO,460,143.36496613701598
INTERMEDIO,461,139.68556811160715
INTERMEDIO,462,135.55537475171784
INTERMEDIO,463,117.92179085620235
INTERMEDIO,464,125.6626840192208
INTERMEDIO,465,107.7677066991777
INTERMEDIO,466,143.26309463859093
INTERMEDIO,467,139.7446412466257
INTERMEDIO,468,151.78574639529026
INTERMEDIO,469,130.79054223157175
INTERMEDIO,470,144.19415519416864
INTERMEDIO,471,111.34718670883056
INTERMEDIO,472,94.75619797103428
INTERMEDIO,473,113.05765059704648
INTERMEDIO,474,129.69972065452475
INTERMEDIO,475,124.74894809125932
INTERMEDIO,476,120.42856464090157
INTERMEDIO,477,123.01764922802927
INTERMEDIO,478,130.30815467594618
INTERMEDIO,479,125.7528712820461
INTERMEDIO,480,124.28343337785753
INTERMEDIO,481,126.02490747828465
INTERMEDIO,482,133.94901009379532
INTERMEDIO,483,131.3286353765763
INTERMEDIO,484,100.50758484243049
INTERMEDIO,485,134.0569882764483
INTERMEDIO,486,127.21227816430635
INTERMEDIO,487,96.60980028498487
INTERMEDIO,488,139.7876576537731
INTERMEDIO,489,144.44034263224063
INTERMEDIO,490,129.39452961772864
INTERMEDIO,491,151.52729112371688
INTERMEDIO,492,130.6508803633168
INTERMEDIO,493,144.12004360994385
INTERMEDIO,494,122.32110457382278
INTERMEDIO,495,127.0086198946793
INTERMEDIO,496,114.78444642635739
INTERMEDIO,497,137.71213320690956
INTERMEDIO,498,132.1465564878185
INTERMEDIO,499,137.8458837339301
INTERMEDIO,500,132.045561543342
INTERMEDIO,501,102.78943184903667
INTERMEDIO,502,122.40329997239978
INTERMEDIO,503,119.8809173909988
INTERMEDIO,504,144.30797312672806
INTERMEDIO,505,138.56381976054428
INTERMEDIO,506,100.09091947836298
INTERMEDIO,507,129.02617487381605
INTERMEDIO,508,140.2796883750764
INTERMEDIO,509,136.18831585145358
INTERMEDIO,510,144.15628938656866
INTERMEDIO,511,162.1027184946332
INTERMEDIO,512,129.81139912148404
INTERMEDIO,513,161.44763000436603
INTERMEDIO,514,144.58212301573886
INTERMEDIO,515,127.4665703124523
INTERMEDIO,516,157.2458651814423
INTERMEDIO,517,116.83230735842301
INTERMEDIO,518,134.98470773193998
INTERMEDIO,519,141.67615341413628
INTERMEDIO,520,116.71052346238083
INTERMEDIO,521,122.17976523146254
INTERMEDIO,522,136.39142350964192
INTERMEDIO,523,116.03553939221173
INTERMEDIO,524,134.4155777997573
INTERMEDIO,525,126.6212863030401
INTERMEDIO,526,133.05118160374468
INTERMEDIO,527,129.05024948864954
INTERMEDIO,528,132.2317317908667
INTERMEDIO,529,103.56312267910826
INTERMEDIO,530,126.76473897923803
INTERMEDIO,531,123.08205863285528
INTERMEDIO,532,138.52520301205774
INTERMEDIO,533,101.02362748189317
INTERMEDIO,534,137.23826098923803
INTERMEDIO,535,137.58900048007501
INTERMEDIO,536,135.49067047793318
INTERMEDIO,537,128.88462139388875
INTERMEDIO,538,131.17609569068384
INTERMEDIO,539,138.14011478368022
INTERMEDIO,540,129.41913630291234
INTERMEDIO,541,134.46884534911513
INTERMEDIO,542,103.1730679342786
INTERMEDIO,543,132.04863672971376
INTERMEDIO,544,126.19176657195257
INTERMEDIO,545,121.12721235765184
INTERMEDIO,546,149.24201158062246
INTERMEDIO,547,128.14259073407035
INTERMEDIO,548,113.87156207134572
INTERMEDIO,549,122.24935098193025
INTERMEDIO,550,145.37058732228067
INTERMEDIO,551,110.29148226220767
INTERMEDIO,552,128.1179467893607
INTERMEDIO,553,137.37115850483784
INTERMEDIO,554,120.79029777756027
INTERMEDIO,555,137.7173310301303
INTERMEDIO,556,133.5914363145442
INTERMEDIO,557,129.6230712368857
INTERMEDIO,558,117.7360318337559
INTERMEDIO,559,124.41035262925513
INTERMEDIO,560,110.74465804814234
INTERMEDIO,561,113.30464050111189
INTERMEDIO,562,131.0148661040383
INTERMEDIO,563,137.78808650318646
INTERMEDIO,564,144.9477648251572
INTERMEDIO,565,133.6762180848072
INTERMEDIO,566,130.19191045840407
INTERMEDIO,567,133.11238606924988
INTERMEDIO,568,121.48173035815537
INTERMEDIO,569,92.42993553539075
INTERMEDIO,570,122.67265797073706
INTERMEDIO,571,105.72709440310226
INTERMEDIO,572,120.19255025111116
INTERMEDIO,573,119.39018110862396
INTERMEDIO,574,142.97912978461108
INTERMEDIO,575,150.52978961950268
INTERMEDIO,576,103.82880918816362
INTERMEDIO,577,116.57408007428863
INTERMEDIO,578,140.0177949200824
INTERMEDIO,579,115.3479233430966
INTERMEDIO,580,116.16947054593305
INTERMEDIO,581,131.62612665191673
INTERMEDIO,582,127.15005133894718
INTERMEDIO,583,117.2878066656988
INTERMEDIO,584,125.72766353139617
INTERMEDIO,585,141.07254739895382
INTERMEDIO,586,108.39572512481851
INTERMEDIO,587,104.42291464518917
INTERMEDIO,588,124.83571248800646
INTERMEDIO,589,133.96263326363345
INTERMEDIO,590,127.52185914721333
INTERMEDIO,591,137.656844488401
INTERMEDIO,592,122.73192026890972
INTERMEDIO,593,116.14156141110715
INTERMEDIO,594,118.65667020174364
INTERMEDIO,595,133.0072456364543
INTERMEDIO,596,114.19831968805188
INTERMEDIO,597,131.30238217927877
INTERMEDIO,598,134.54111340539308
INTERMEDIO,599,122.25390041601341
INTERMEDIO,600,157.6629467578234
INTERMEDIO,601,150.898254581002
INTERMEDIO,602,108.21111810563112
INTERMEDIO,603,134.32390866155532
INTERMEDIO,604,130.03128941313514
INTERMEDIO,605,144.9783036907818
INTERMEDIO,606,147.42061661161188
INTERMEDIO,607,113.46852933515734
INTERMEDIO,608,129.3507284944329
INTERMEDIO,609,136.9870001318126
INTERMEDIO,610,121.22199264603805
INTERMEDIO,611,128.0285446666177
INTERMEDIO,612,124.63723972025699
INTERMEDIO,613,140.27434354172925
INTERMEDIO,614,129.95865990928527
INTERMEDIO,615,118.067192297655
INTERMEDIO,616,105.71644923534116
INTERMEDIO,617,136.98293688473922
INTERMEDIO,618,135.79009025210283
INTERMEDIO,619,101.7641642897449
INTERMEDIO,620,155.27973196982393
INTERMEDIO,621,109.41948603593828
INTERMEDIO,622,146.68162677141245
INTERMEDIO,623,127.7601537594765
INTERMEDIO,624,134.18329933185697
INTERMEDIO,625,118.82397959594869
INTERMEDIO,626,124.9145586826087
INTERMEDIO,627,141.0819688718521
INTERMEDIO,628,136.5481890846607
INTERMEDIO,629,144.77124853421108
INTERMEDIO,630,121.85093597895246
INTERMEDIO,631,132.3100212306789
INTERMEDIO,632,135.08615291218968
INTERMEDIO,633,126.89682031336294
INTERMEDIO,634,125.72992964443797
INTERMEDIO,635,120.1273225124946
INTERMEDIO,636,124.40213957729392
INTERMEDIO,637,126.31959445675237
INTERMEDIO,638,144.53189329514393
INTERMEDIO,639,104.06106656983457
INTERMEDIO,640,135.25632980151562
INTERMEDIO,641,126.41381830824236
INTERMEDIO,642,91.20746488973805
INTERMEDIO,643,132.14507400463165
INTERMEDIO,644,134.13352835818512
INTERMEDIO,645,113.63431226821191
INTERMEDIO,646,126.84951002223556
INTERMEDIO,647,139.5289135130619
INTERMEDIO,648,139.39889181023105
INTERMEDIO,649,135.84316310224114
INTERMEDIO,650,143.87801716808437
INTERMEDIO,651,141.56273248018192
INTERMEDIO,652,118.60726051845367
INTERMEDIO,653,144.91885133347552
INTERMEDIO,654,137.4126664266483
INTERMEDIO,655,108.76578605889782
INTERMEDIO,656,137.25562257878323
INTERMEDIO,657,144.2364323972291
INTERMEDIO,658,120.75099705466444
INTERMEDIO,659,129.77148087206632
INTERMEDIO,660,128.74042611528742
INTERMEDIO,661,140.28143010582193
INTERMEDIO,662,127.64233883712926
INTERMEDIO,663,124.26534653437241
INTERMEDIO,664,147.65414713204535
INTERMEDIO,665,144.37840291831674
INTERMEDIO,666,120.00079952795345
INTERMEDIO,667,133.03728922145004
INTERMEDIO,668,126.4086922350322
INTERMEDIO,669,141.60986626775792
INTERMEDIO,670,120.79494993206313
INTERMEDIO,671,116.54609367939635
INTERMEDIO,672,122.03231925714682
INTERMEDIO,673,131.379565591358
INTERMEDIO,674,119.35188185206832
INTERMEDIO,675,108.45049344614083
INTERMEDIO,676,152.05465474923614
INTERMEDIO,677,141.97408838946512
INTERMEDIO,678,128.58058605195393
INTERMEDIO,679,142.036448118697
INTERMEDIO,680,128.23386074187914
INTERMEDIO,681,138.79094824519908
INTERMEDIO,682,122.32789938840591
INTERMEDIO,683,133.1267726528349
INTERMEDIO,684,124.31162922800745
INTERMEDIO,685,113.38249666301697
INTERMEDIO,686,151.92491335559183
INTERMEDIO,687,150.12778614488684
INTERMEDIO,688,114.13219515198968
INTERMEDIO,689,138.99627474659044
INTERMEDIO,690,147.8763926299279
INTERMEDIO,691,135.17390073461075
INTERMEDIO,692,122.41256447122818
INTERMEDIO,693,98.97097449979933
INTERMEDIO,694,125.96919132018914
INTERMEDIO,695,154.74349332714647
INTERMEDIO,696,136.48304664905947
INTERMEDIO,697,124.34309298529891
INTERMEDIO,698,117.08123356645292
INTERMEDIO,699,130.89307239560208
INTERMEDIO,700,127.03884790421498
INTERMEDIO,701,127.51487536056081
INTERMEDIO,702,136.1990273049111
INTERMEDIO,703,139.27547488046056
INTERMEDIO,704,132.92920361290294
INTERMEDIO,705,141.07734898497569
INTERMEDIO,706,127.67550872000875
INTERMEDIO,707,126.99989910805922
INTERMEDIO,708,133.22596685052972
INTERMEDIO,709,111.84516649429594
INTERMEDIO,710,137.60082833940825
INTERMEDIO,711,132.9031855058152
INTERMEDIO,712,127.70899495122131
INTERMEDIO,713,138.95983870438616
INTERMEDIO,714,108.00681253070321
INTERMEDIO,715,137.6018554399086
INTERMEDIO,716,123.86854610533405
INTERMEDIO,717,122.1398220303905
INTERMEDIO,718,137.4423428719957
INTERMEDIO,719,135.86606947342977
INTERMEDIO,720,144.5338109295698
INTERMEDIO,721,116.14614078268761
INTERMEDIO,722,116.43635812002252
INTERMEDIO,723,133.53499212131024
INTERMEDIO,724,143.26643083193397
INTERMEDIO,725,134.75283222433725
INTERMEDIO,726,117.47038742849269
INTERMEDIO,727,87.95189378798622
INTERMEDIO,728,133.94935632216288
INTERMEDIO,729,115.8763193978507
INTERMEDIO,730,144.74747391845466
INTERMEDIO,731,112.45737471008718
INTERMEDIO,732,125.47221404670569
INTERMEDIO,733,148.15568178542006
INTERMEDIO,734,147.87668468053238
INTERMEDIO,735,158.80909045348315
INTERMEDIO,736,121.70214282210246
INTERMEDIO,737,139.4977903637721
INTERMEDIO,738,103.58957169520605
INTERMEDIO,739,129.51501868195743
INTERMEDIO,740,134.166495924618
INTERMEDIO,741,113.53913391565749
INTERMEDIO,742,127.02140653546714
INTERMEDIO,743,116.71565743270196
INTERMEDIO,744,127.03251651003902
INTERMEDIO,745,150.62832507700966
INTERMEDIO,746,113.91918235405966
INTERMEDIO,747,133.83723538262777
INTERMEDIO,748,118.36715757205778
INTERMEDIO,749,132.6806224439141
INTERMEDIO,750,121.3120195369331
INTERMEDIO,751,100.21256581424876
INTERMEDIO,752,122.80997010498773
INTERMEDIO,753,150.07796055941347
INTERMEDIO,754,119.71640535061206
INTERMEDIO,755,148.645390758509
INTERMEDIO,756,109.54989278917611
INTERMEDIO,757,135.87940888967046
INTERMEDIO,758,129.35458089094925
INTERMEDIO,759,146.7887882677822
INTERMEDIO,760,124.21822993995565
INTERMEDIO,761,155.93093785478925
INTERMEDIO,762,171.97816648656487
INTERMEDIO,763,133.03195248259672
INTERMEDIO,764,133.13071734671433
INTERMEDIO,765,109.02955669173745
INTERMEDIO,766,132.78929996215808
INTERMEDIO,767,137.51168892950594
INTERMEDIO,768,106.28053964684995
INTERMEDIO,769,118.96372018918292
INTERMEDIO,770,104.83956359490945
INTERMEDIO,771,139.5598802557122
INTERMEDIO,772,146.55025550072887
INTERMEDIO,773,119.75825902731162
INTERMEDIO,774,133.88206200642983
INTERMEDIO,775,115.18995393311836
INTERMEDIO,776,142.96003903887512
INTERMEDIO,777,130.41587557916463
INTERMEDIO,778,129.63774933995643
INTERMEDIO,779,144.58294828731945
INTERMEDIO,780,117.28548967829983
INTERMEDIO,781,155.99962713867757
INTERMEDIO,782,136.55609177372904
INTERMEDIO,783,137.4182170006518
INTERMEDIO,784,138.80217738091005
INTERMEDIO,785,137.33040921914056
INTERMEDIO,786,128.435273514537
INTERMEDIO,787,118.64923533146609
INTERMEDIO,788,121.0086905252635
INTERMEDIO,789,142.28418021638737
INTERMEDIO,790,106.40305369231675
INTERMEDIO,791,133.55027650627412
INTERMEDIO,792,140.3484061411497
INTERMEDIO,793,135.99492960873772
INTERMEDIO,794,141.1536089529666
INTERMEDIO,795,122.98912902691151
INTERMEDIO,796,110.62828178739858
INTERMEDIO,797,110.50079393904278
INTERMEDIO,798,134.8613299570243
INTERMEDIO,799,146.48049540070681
INTERMEDIO,800,138.52081117499068
INTERMEDIO,801,158.98951893701056
INTERMEDIO,802,111.47086722419483
INTERMEDIO,803,131.43159044508351
INTERMEDIO,804,125.31645355597061
INTERMEDIO,805,119.00479369279478
INTERMEDIO,806,117.53021929228807
INTERMEDIO,807,131.57230917098866
INTERMEDIO,808,138.7474212901864
INTERMEDIO,809,107.73982678472879
INTERMEDIO,810,134.34422168704998
INTERMEDIO,811,123.99762274421029
INTERMEDIO,812,102.63114862571972
INTERMEDIO,813,136.18731614508843
INTERMEDIO,814,148.87903782253656
INTERMEDIO,815,109.45267896655247
INTERMEDIO,816,131.91440648899683
INTERMEDIO,817,125.44335784187425
INTERMEDIO,818,131.52242155129142
INTERMEDIO,819,104.80185855420731
INTERMEDIO,820,115.22676093970755
INTERMEDIO,821,134.26538786871438
INTERMEDIO,822,100.91983040054815
INTERMEDIO,823,132.69340484103753
INTERMEDIO,824,134.25219070903793
INTERMEDIO,825,120.1083040032583
INTERMEDIO,826,130.45397361545903
INTERMEDIO,827,129.9049666805074
INTERMEDIO,828,121.38038281947688
INTERMEDIO,829,117.71034470571308
INTERMEDIO,830,108.03327266309553
INTERMEDIO,831,141.97421673541805
INTERMEDIO,832,126.24339777536045
INTERMEDIO,833,143.6125241001085
INTERMEDIO,834,135.13180777065898
INTERMEDIO,835,127.46632390256191
INTERMEDIO,836,134.22158250953566
INTERMEDIO,837,116.5930796189413
INTERMEDIO,838,157.67542101607324
INTERMEDIO,839,116.48189835750121
INTERMEDIO,840,142.84999310271814
INTERMEDIO,841,124.35040040918638
INTERMEDIO,842,101.4182631452553
INTERMEDIO,843,119.42941517841476
INTERMEDIO,844,136.1038988645369
INTERMEDIO,845,138.89061884464442
INTERMEDIO,846,130.93520031947878
INTERMEDIO,847,130.81049228761577
INTERMEDIO,848,129.30728370452886
INTERMEDIO,849,132.4398312632203
INTERMEDIO,850,110.4788150124541
INTERMEDIO,851,155.52703679120143
INTERMEDIO,852,120.85756258421522
INTERMEDIO,853,115.07146863795099
INTERMEDIO,854,136.92811633693282
INTERMEDIO,855,130.59456946879675
INTERMEDIO,856,132.51645695696985
INTERMEDIO,857,129.9536618824111
INTERMEDIO,858,108.5845282791993
INTERMEDIO,859,129.56365245799074
INTERMEDIO,860,146.31488788201352
INTERMEDIO,861,130.48127594217627
INTERMEDIO,862,125.30172180773317
INTERMEDIO,863,118.88182873854741
INTERMEDIO,864,150.12618372934753
INTERMEDIO,865,141.22582142553142
INTERMEDIO,866,130.55878466547975
INTERMEDIO,867,136.46021954463544
INTERMEDIO,868,132.7172468008238
INTERMEDIO,869,137.12244364275534
INTERMEDIO,870,132.2454986145931
INTERMEDIO,871,118.38544837634737
INTERMEDIO,872,144.2641538894667
INTERMEDIO,873,144.2463194580796
INTERMEDIO,874,127.40019232113008
INTERMEDIO,875,129.48583667730622
INTERMEDIO,876,130.68982210893066
INTERMEDIO,877,131.8864362003386
INTERMEDIO,878,131.92560101442862
INTERMEDIO,879,128.44731809069583
INTERMEDIO,880,140.0500813497676
INTERMEDIO,881,125.79239670181454
INTERMEDIO,882,134.5059067999276
INTERMEDIO,883,122.65437483320396
INTERMEDIO,884,132.39699817526693
INTERMEDIO,885,126.81816249514218
INTERMEDIO,886,160.72069134550247
INTERMEDIO,887,136.87681297577979
INTERMEDIO,888,108.17872087409789
INTERMEDIO,889,110.57690826731634
INTERMEDIO,890,130.0805875873305
INTERMEDIO,891,141.7276316668558
INTERMEDIO,892,124.6505549930829
INTERMEDIO,893,129.29953576033665
INTERMEDIO,894,117.74567530292558
INTERMEDIO,895,144.0075238263698
INTERMEDIO,896,114.92140041582047
INTERMEDIO,897,141.5257955928223
INTERMEDIO,898,108.5624031284364
INTERMEDIO,899,99.79243399065365
INTERMEDIO,900,135.19953618393168
INTERMEDIO,901,126.51768351929582
INTERMEDIO,902,138.85976247852452
INTERMEDIO,903,121.90168828081124
INTERMEDIO,904,140.380913550049
INTERMEDIO,905,122.1406307017661
INTERMEDIO,906,132.29669754333986
INTERMEDIO,907,118.68552885111045
INTERMEDIO,908,132.86176888986304
INTERMEDIO,909,119.74572764363131
INTERMEDIO,910,119.3578567443279
INTERMEDIO,911,113.22554818446757
INTERMEDIO,912,126.27617546393104
INTERMEDIO,913,103.9198991950496
INTERMEDIO,914,139.43369562321448
INTERMEDIO,915,113.72202596727068
INTERMEDIO,916,149.7586177853855
INTERMEDIO,917,130.63680946523505
INTERMEDIO,918,138.91183268216233
INTERMEDIO,919,119.21638197217725
INTERMEDIO,920,139.92958959290888
INTERMEDIO,921,131.18291798041415
INTERMEDIO,922,136.05541045445298
INTERMEDIO,923,123.81565645375478
INTERMEDIO,924,123.5976246160313
INTERMEDIO,925,113.10504793856063
INTERMEDIO,926,116.11995670857704
INTERMEDIO,927,125.28889320100355
INTERMEDIO,928,131.54142857950495
INTERMEDIO,929,133.02285391436106
INTERMEDIO,930,111.00235542465258
INTERMEDIO,931,132.54881365939838
INTERMEDIO,932,130.60995585319418
INTERMEDIO,933,132.67550996628393
INTERMEDIO,934,107.67561174238269
INTERMEDIO,935,108.60058975687701
INTERMEDIO,936,142.19691613696662
INTERMEDIO,937,143.05244800625528
INTERMEDIO,938,111.32865562893438
INTERMEDIO,939,117.09739397006736
INTERMEDIO,940,132.55208472661238
INTERMEDIO,941,128.2959759704873
INTERMEDIO,942,123.1724335599444
INTERMEDIO,943,160.06776096847315
INTERMEDIO,944,112.0982407020629
INTERMEDIO,945,143.20426988988845
INTERMEDIO,946,98.09001187771395
INTERMEDIO,947,119.86602686502003
INTERMEDIO,948,143.6064549827911
INTERMEDIO,949,147.60031846583738
INTERMEDIO,950,126.75781791937165
INTERMEDIO,951,152.82696702028807
INTERMEDIO,952,129.74809407717947
INTERMEDIO,953,119.18004451699223
INTERMEDIO,954,146.34437546773785
INTERMEDIO,955,119.58730267436212
INTERMEDIO,956,113.43525618012487
INTERMEDIO,957,131.536138676547
INTERMEDIO,958,130.8016350953586
INTERMEDIO,959,135.86730734223843
INTERMEDIO,960,141.0804152060715
INTERMEDIO,961,141.69385019482505
INTERMEDIO,962,139.0044973415168
INTERMEDIO,963,142.272754927843
INTERMEDIO,964,112.55780364638764
INTERMEDIO,965,112.52166319557702
INTERMEDIO,966,115.95353159555202
INTERMEDIO,967,122.73825134745206
INTERMEDIO,968,125.543762168303
INTERMEDIO,969,136.90496757835103
INTERMEDIO,970,123.6784859789338
INTERMEDIO,971,148.70063975386532
INTERMEDIO,972,138.1080791197308
INTERMEDIO,973,139.46070660575626
INTERMEDIO,974,131.0214430084396
INTERMEDIO,975,138.79350120506697
INTERMEDIO,976,132.7719921792626
INTERMEDIO,977,155.04527599867777
INTERMEDIO,978,133.79679714891864
INTERMEDIO,979,113.48255708276949
INTERMEDIO,980,136.90094183187088
INTERMEDIO,981,108.8525919794921
INTERMEDIO,982,139.57099842426476
INTERMEDIO,983,142.42952415395695
INTERMEDIO,984,114.82829124472381
INTERMEDIO,985,125.27400736243116
INTERMEDIO,986,126.98596036735138
INTERMEDIO,987,119.97635679646828
INTERMEDIO,988,110.73683862162399
INTERMEDIO,989,125.23558003045538
INTERMEDIO,990,134.91538673090022
INTERMEDIO,991,111.50067169185849
INTERMEDIO,992,133.0273751810227
INTERMEDIO,993,122.24586884311901
INTERMEDIO,994,123.17316960019664
INTERMEDIO,995,143.53055595501752
INTERMEDIO,996,106.3905486135962
INTERMEDIO,997,128.63790233410523
INTERMEDIO,998,120.76063750691937
INTERMEDIO,999,127.33375001425568
INTERMEDIO,1000,133.23491729327458
INTERMEDIO,1001,129.16404318571855
INTERMEDIO,1002,116.24881965263604
INTERMEDIO,1003,130.29893532184468
INTERMEDIO,1004,143.8065240101481
INTERMEDIO,1005,120.81548473600212
INTERMEDIO,1006,145.97496872814705
INTERMEDIO,1007,160.5252911784366
INTERMEDIO,1008,144.36318863129418
INTERMEDIO,1009,125.00633900387803
INTERMEDIO,1010,141.91333674098001
INTERMEDIO,1011,146.61967214556662
INTERMEDIO,1012,119.89975479809401
INTERMEDIO,1013,160.5812687385893
INTERMEDIO,1014,127.86207993743412
INTERMEDIO,1015,135.59701188686526
INTERMEDIO,1016,91.889392886726
INTERMEDIO,1017,105.96548426914279
INTERMEDIO,1018,116.72149827389687
INTERMEDIO,1019,118.80980931927772
INTERMEDIO,1020,120.88334245096678
INTERMEDIO,1021,120.33248552092543
INTERMEDIO,1022,135.88220900530206
INTERMEDIO,1023,148.5675381915511
INTERMEDIO,1024,160.02106038905913
INTERMEDIO,1025,109.65475770891426
INTERMEDIO,1026,138.5779982251505
INTERMEDIO,1027,138.2598291806648
INTERMEDIO,1028,103.20937235140093
INTERMEDIO,1029,132.2348050636184
INTERMEDIO,1030,112.62374567525346
INTERMEDIO,1031,143.23512119685432
INTERMEDIO,1032,119.49769798567762
INTERMEDIO,1033,125.4748920327138
INTERMEDIO,1034,147.29325193889156
INTERMEDIO,1035,127.71714833517134
INTERMEDIO,1036,127.96962998474324
INTERMEDIO,1037,174.19574985895864
INTERMEDIO,1038,99.2775658480011
INTERMEDIO,1039,150.77693167970807
INTERMEDIO,1040,133.9940293539271
INTERMEDIO,1041,124.55431646380417
INTERMEDIO,1042,130.2179891576789
INTERMEDIO,1043,142.72574394330712
INTERMEDIO,1044,132.3820443093369
INTERMEDIO,1045,147.81016638618098
INTERMEDIO,1046,132.38022045508697
INTERMEDIO,1047,131.14361567542625
INTERMEDIO,1048,138.00509565649966
INTERMEDIO,1049,151.60473612545326
INTERMEDIO,1050,119.18466898522367
INTERMEDIO,1051,140.52788410505613
INTERMEDIO,1052,112.55058192470408
INTERMEDIO,1053,137.9043267737941
INTERMEDIO,1054,136.28933516675986
INTERMEDIO,1055,142.6411763952544
INTERMEDIO,1056,149.97401361261026
INTERMEDIO,1057,120.01580861623894
INTERMEDIO,1058,135.02422239680595
INTERMEDIO,1059,133.4916056862152
INTERMEDIO,1060,113.90505315201067
INTERMEDIO,1061,124.15108102165915
INTERMEDIO,1062,138.1012311263225
INTERMEDIO,1063,144.01556032351806
INTERMEDIO,1064,117.2978078619315
INTERMEDIO,1065,117.80698279086695
INTERMEDIO,1066,108.92047704988839
INTERMEDIO,1067,122.21710972838088
INTERMEDIO,1068,133.46551766290503
INTERMEDIO,1069,122.14327058798084
INTERMEDIO,1070,129.08053465294103
INTERMEDIO,1071,141.04119460992567
INTERMEDIO,1072,137.68008527133236
INTERMEDIO,1073,114.88295396025009
INTERMEDIO,1074,132.4556046292109
INTERMEDIO,1075,157.26765713127392
INTERMEDIO,1076,130.15096205467427
INTERMEDIO,1077,143.1744398388552
INTERMEDIO,1078,136.28114789855536
INTERMEDIO,1079,150.78867976217003
INTERMEDIO,1080,142.3094712763911
INTERMEDIO,1081,143.1573429341706
INTERMEDIO,1082,100.65827180912034
INTERMEDIO,1083,121.93890437623516
INTERMEDIO,1084,133.3779674109908
INTERMEDIO,1085,124.16894049655942
INTERMEDIO,1086,133.61837265821947
INTERMEDIO,1087,135.95468404728135
INTERMEDIO,1088,146.97415130959948
INTERMEDIO,1089,121.23249900095458
INTERMEDIO,1090,116.01560506775476
INTERMEDIO,1091,134.2333904137178
INTERMEDIO,1092,117.77055615699973
INTERMEDIO,1093,125.00586775968586
INTERMEDIO,1094,128.70690415906225
INTERMEDIO,1095,135.14301371551488
INTERMEDIO,1096,111.5895682535541
INTERMEDIO,1097,149.26479128349555
INTERMEDIO,1098,129.41488569600028
INTERMEDIO,1099,135.51673442509153
INTERMEDIO,1100,122.60433244347612
INTERMEDIO,1101,132.11376313313818
INTERMEDIO,1102,122.7647329469922
INTERMEDIO,1103,129.37158477065617
INTERMEDIO,1104,155.908990365975
INTERMEDIO,1105,137.01231356093166
INTERMEDIO,1106,141.93862135068758
INTERMEDIO,1107,134.4528945795052
INTERMEDIO,1108,114.98691561433891
INTERMEDIO,1109,117.90950270627697
INTERMEDIO,1110,133.37432531694225
INTERMEDIO,1111,136.07450363556163
INTERMEDIO,1112,112.15197700184852
INTERMEDIO,1113,139.93444368354915
INTERMEDIO,1114,150.13844825771514
INTERMEDIO,1115,150.69098878032852
INTERMEDIO,1116,126.7602625115026
INTERMEDIO,1117,134.49645718979295
INTERMEDIO,1118,117.54783496575797
INTERMEDIO,1119,138.5896238062312
INTERMEDIO,1120,116.72701306909076
INTERMEDIO,1121,133.91601980885693
INTERMEDIO,1122,139.96615676458265
INTERMEDIO,1123,128.90712505328815
INTERMEDIO,1124,128.22906138559003
INTERMEDIO,1125,131.18041729587495
INTERMEDIO,1126,135.87460895591585
INTERMEDIO,1127,140.15297697694803
INTERMEDIO,1128,126.66889478584024
INTERMEDIO,1129,125.16952943279888
INTERMEDIO,1130,146.55964354852046
INTERMEDIO,1131,153.11548493017636
INTERMEDIO,1132,144.69291311290158
INTERMEDIO,1133,154.96730524728545
INTERMEDIO,1134,144.6424810722117
INTERMEDIO,1135,95.4004886525922
INTERMEDIO,1136,139.8905517185679
INTERMEDIO,1137,115.92319031678102
INTERMEDIO,1138,144.88264158778952
INTERMEDIO,1139,156.84549105103747
INTERMEDIO,1140,151.48702957291096
INTERMEDIO,1141,115.75140309699157
INTERMEDIO,1142,120.91355048289682
INTERMEDIO,1143,128.79437012255994
INTERMEDIO,1144,123.83618886485976
INTERMEDIO,1145,150.65436202047343
INTERMEDIO,1146,125.93716308426707
INTERMEDIO,1147,104.21971660562129
INTERMEDIO,1148,129.76387051222716
INTERMEDIO,1149,125.57469077627124
INTERMEDIO,1150,135.8723830379889
INTERMEDIO,1151,136.00092620903618
INTERMEDIO,1152,130.6707072821727
INTERMEDIO,1153,133.3394227640603
INTERMEDIO,1154,143.76903791867937
INTERMEDIO,1155,133.0788513614577
INTERMEDIO,1156,120.2795744693428
INTERMEDIO,1157,136.9822847747277
INTERMEDIO,1158,129.31291073884154
INTERMEDIO,1159,131.34184692125905
INTERMEDIO,1160,111.55862500015544
INTERMEDIO,1161,146.8350103419489
INTERMEDIO,1162,120.94090145895167
INTERMEDIO,1163,128.18436384548423
INTERMEDIO,1164,126.60056975929837
INTERMEDIO,1165,111.05930500720103
INTERMEDIO,1166,119.56288135054231
INTERMEDIO,1167,149.00460875564917
INTERMEDIO,1168,136.4708474584358
INTERMEDIO,1169,118.01194299832872
INTERMEDIO,1170,111.87279399640737
INTERMEDIO,1171,121.12529134304161
INTERMEDIO,1172,114.6185797386394
INTERMEDIO,1173,152.4256983183168
INTERMEDIO,1174,158.53727073120106
INTERMEDIO,1175,117.53051341530505
INTERMEDIO,1176,150.02057186080373
INTERMEDIO,1177,112.12362611195488
INTERMEDIO,1178,121.83821442580627
INTERMEDIO,1179,134.9586951410921
INTERMEDIO,1180,128.19751665622564
INTERMEDIO,1181,123.44272569030667
INTERMEDIO,1182,143.53938102246062
INTERMEDIO,1183,111.38908491426463
INTERMEDIO,1184,122.6533442466565
INTERMEDIO,1185,110.16125159280874
INTERMEDIO,1186,116.65115114898559
INTERMEDIO,1187,121.27779295602201
INTERMEDIO,1188,124.85961089917947
INTERMEDIO,1189,111.70525812113719
INTERMEDIO,1190,149.63311997135415
INTERMEDIO,1191,143.39296322006226
INTERMEDIO,1192,134.96466360174088
INTERMEDIO,1193,132.80568611891584
INTERMEDIO,1194,142.5523263678056
INTERMEDIO,1195,121.0094903100854
INTERMEDIO,1196,121.50282449109491
INTERMEDIO,1197,120.44609684444819
INTERMEDIO,1198,119.99554213721807
INTERMEDIO,1199,117.21358811002986
INTERMEDIO,1200,135.88318166789688
INTERMEDIO,1201,113.42330109557075
INTERMEDIO,1202,110.87933338197888
INTERMEDIO,1203,158.55909909453436
INTERMEDIO,1204,128.80524846205608
INTERMEDIO,1205,146.90853434524558
INTERMEDIO,1206,125.15518615780911
INTERMEDIO,1207,142.1920254227613
INTERMEDIO,1208,139.22972745201614
INTERMEDIO,1209,147.89947569635135
INTERMEDIO,1210,137.52197789191518
INTERMEDIO,1211,117.27161971565236
INTERMEDIO,1212,126.99167811236275
INTERMEDIO,1213,115.07242492920699
INTERMEDIO,1214,129.6232973847038
INTERMEDIO,1215,127.80275636168652
INTERMEDIO,1216,115.61226279153988
INTERMEDIO,1217,145.1831972872894
INTERMEDIO,1218,117.8815263912449
INTERMEDIO,1219,128.3762185328938
INTERMEDIO,1220,129.3863849449694
INTERMEDIO,1221,129.90622083415948
INTERMEDIO,1222,116.49151461330158
INTERMEDIO,1223,106.38559322094038
INTERMEDIO,1224,142.6480165884077
INTERMEDIO,1225,143.87992440156725
INTERMEDIO,1226,116.40481470057236
INTERMEDIO,1227,120.98614256988333
INTERMEDIO,1228,139.70198616198596
INTERMEDIO,1229,130.99162017745113
INTERMEDIO,1230,134.82138782395748
INTERMEDIO,1231,129.22695705301257
INTERMEDIO,1232,111.07816909048351
INTERMEDIO,1233,98.68993520580568
INTERMEDIO,1234,132.84681564186698
INTERMEDIO,1235,137.2569451473387
INTERMEDIO,1236,126.60289012066676
INTERMEDIO,1237,105.38269052723797
INTERMEDIO,1238,115.64721051971293
INTERMEDIO,1239,145.4616659913528
INTERMEDIO,1240,123.3188793096848
INTERMEDIO,1241,126.47103101358901
INTERMEDIO,1242,136.81602433104223
INTERMEDIO,1243,155.09429895197644
INTERMEDIO,1244,120.44060429255445
INTERMEDIO,1245,124.44085066980134
INTERMEDIO,1246,130.89566405857937
INTERMEDIO,1247,118.80233598056277
INTERMEDIO,1248,138.46217960318242
INTERMEDIO,1249,136.7453424202696
INTERMEDIO,1250,102.84650869281495
INTERMEDIO,1251,119.98258213950737
INTERMEDIO,1252,135.01368653758553
INTERMEDIO,1253,107.28298437801229
INTERMEDIO,1254,119.72850547593384
INTERMEDIO,1255,115.4447342479863
INTERMEDIO,1256,145.67066798417608
INTERMEDIO,1257,111.25961369990391
INTERMEDIO,1258,132.95362158214036
INTERMEDIO,1259,148.2171545828903
INTERMEDIO,1260,120.11151924408476
INTERMEDIO,1261,98.01973304998815
INTERMEDIO,1262,146.04515963150098
INTERMEDIO,1263,116.44857545121552
INTERMEDIO,1264,124.9183421258828
INTERMEDIO,1265,117.46531533392131
INTERMEDIO,1266,141.72326195095314
INTERMEDIO,1267,128.30145206397953
INTERMEDIO,1268,124.20019189062857
INTERMEDIO,1269,131.7900536181972
INTERMEDIO,1270,131.25800781213505
INTERMEDIO,1271,134.35975007033565
INTERMEDIO,1272,133.3739027424195
INTERMEDIO,1273,149.04869883878274
INTERMEDIO,1274,129.44095926903972
INTERMEDIO,1275,126.31885764268188
INTERMEDIO,1276,137.73349452116727
INTERMEDIO,1277,148.218680657825
INTERMEDIO,1278,130.32911758683366
INTERMEDIO,1279,157.30527935139654
INTERMEDIO,1280,113.62900483236892
INTERMEDIO,1281,110.84414503233316
INTERMEDIO,1282,118.61527364804049
INTERMEDIO,1283,112.79261715407031
INTERMEDIO,1284,129.563702955261
INTERMEDIO,1285,123.50034511949103
INTERMEDIO,1286,110.17068246048997
INTERMEDIO,1287,122.26958045485068
INTERMEDIO,1288,117.915808491468
INTERMEDIO,1289,143.47421757176375
INTERMEDIO,1290,138.79224257727847
INTERMEDIO,1291,127.75315974597977
INTERMEDIO,1292,156.18379081498725
INTERMEDIO,1293,116.03375967317669
INTERMEDIO,1294,128.95338269665643
INTERMEDIO,1295,141.49158694464583
INTERMEDIO,1296,142.1275725099182
INTERMEDIO,1297,124.48193376146418
INTERMEDIO,1298,108.70075211707487
INTERMEDIO,1299,153.77745828873668
INTERMEDIO,1300,137.3091033014989
INTERMEDIO,1301,128.89927408992367
INTERMEDIO,1302,126.15594079608499
INTERMEDIO,1303,109.76796735000939
INTERMEDIO,1304,128.18584904839963
INTERMEDIO,1305,118.17309063661781
INTERMEDIO,1306,129.60237717206184
INTERMEDIO,1307,142.77005505265808
INTERMEDIO,1308,145.667869583821
INTERMEDIO,1309,117.15435971514367
INTERMEDIO,1310,126.67408240538995
INTERMEDIO,1311,113.71937685828608
INTERMEDIO,1312,113.82018661404278
INTERMEDIO,1313,124.83724336481698
INTERMEDIO,1314,153.89928123817128
INTERMEDIO,1315,128.98473883909585
INTERMEDIO,1316,109.57251782774371
INTERMEDIO,1317,115.22025654017835
INTERMEDIO,1318,122.4059410293084
INTERMEDIO,1319,104.73618366773057
INTERMEDIO,1320,115.05357555217314
INTERMEDIO,1321,141.3981779266529
INTERMEDIO,1322,136.24533209495561
INTERMEDIO,1323,156.8377754000747
INTERMEDIO,1324,149.85720172333035
INTERMEDIO,1325,126.75323659189496
INTERMEDIO,1326,121.36114209739877
INTERMEDIO,1327,106.93818311496317
INTERMEDIO,1328,117.92421249385613
INTERMEDIO,1329,139.77945637020545
INTERMEDIO,1330,148.62319455859458
INTERMEDIO,1331,131.51131671846147
INTERMEDIO,1332,122.22101788378177
INTERMEDIO,1333,118.88556071059503
INTERMEDIO,1334,128.65035008510122
INTERMEDIO,1335,135.16947150355006
INTERMEDIO,1336,118.494098229576
INTERMEDIO,1337,134.42543297522369
INTERMEDIO,1338,138.96479509702834
INTERMEDIO,1339,120.7415972041791
INTERMEDIO,1340,120.07431098561987
INTERMEDIO,1341,131.51086531628533
INTERMEDIO,1342,127.90892726522846
INTERMEDIO,1343,140.15187402143863
INTERMEDIO,1344,129.71604274707892
INTERMEDIO,1345,142.0305139466325
INTERMEDIO,1346,123.11725541093847
INTERMEDIO,1347,117.36045733858394
INTERMEDIO,1348,120.79369722783166
INTERMEDIO,1349,130.25078840946458
INTERMEDIO,1350,116.38554888158865
INTERMEDIO,1351,122.996702059675
INTERMEDIO,1352,125.90495866003293
INTERMEDIO,1353,120.50977855035349
INTERMEDIO,1354,114.00635796937348
INTERMEDIO,1355,123.59183109376691
INTERMEDIO,1356,107.35689509900904
INTERMEDIO,1357,137.35815690663733
INTERMEDIO,1358,107.38731976518324
INTERMEDIO,1359,110.95406864313028
INTERMEDIO,1360,125.48051274874933
INTERMEDIO,1361,131.16505058377575
INTERMEDIO,1362,122.32394525972528
INTERMEDIO,1363,145.7216368084433
INTERMEDIO,1364,118.693053759935
INTERMEDIO,1365,122.87604262879631
INTERMEDIO,1366,138.41493012707198
INTERMEDIO,1367,142.3117160562875
INTERMEDIO,1368,129.0310781729268
INTERMEDIO,1369,130.25897649670216
INTERMEDIO,1370,146.90538135228013
INTERMEDIO,1371,146.6082621452729
INTERMEDIO,1372,136.9833786318655
INTERMEDIO,1373,129.2564087754918
INTERMEDIO,1374,132.9116450053068
INTERMEDIO,1375,147.3949675332475
INTERMEDIO,1376,133.3196469397443
INTERMEDIO,1377,139.3515107095091
INTERMEDIO,1378,108.75058139837401
INTERMEDIO,1379,130.46289503346304
INTERMEDIO,1380,128.04290267595718
INTERMEDIO,1381,109.87902834814398
INTERMEDIO,1382,124.38828831279845
INTERMEDIO,1383,120.46964074322275
INTERMEDIO,1384,109.55560067876544
INTERMEDIO,1385,127.14768658510759
INTERMEDIO,1386,113.70073247503271
INTERMEDIO,1387,123.22263477214014
INTERMEDIO,1388,119.4589048399099
INTERMEDIO,1389,144.30193179760775
INTERMEDIO,1390,121.94620774165632
INTERMEDIO,1391,130.7643417434799
INTERMEDIO,1392,125.72957254477055
INTERMEDIO,1393,127.80956195644428
INTERMEDIO,1394,115.68570811555038
INTERMEDIO,1395,111.66734821025017
INTERMEDIO,1396,127.76965129935999
INTERMEDIO,1397,139.82756071077583
INTERMEDIO,1398,111.2781309114488
INTERMEDIO,1399,116.50922121046801
INTERMEDIO,1400,121.07878521549023
INTERMEDIO,1401,127.22003868781691
INTERMEDIO,1402,124.89004597355488
INTERMEDIO,1403,114.52445970789837
INTERMEDIO,1404,131.8986298304769
INTERMEDIO,1405,160.44977087750692
INTERMEDIO,1406,127.92733695684066
INTERMEDIO,1407,139.20941049377993
INTERMEDIO,1408,121.71058396106426
INTERMEDIO,1409,120.89260210372615
INTERMEDIO,1410,106.21172254147345
INTERMEDIO,1411,123.08946260841293
INTERMEDIO,1412,142.91805161730517
INTERMEDIO,1413,126.40334436188499
INTERMEDIO,1414,125.31479704455812
INTERMEDIO,1415,136.93284989676528
INTERMEDIO,1416,135.94973696467665
INTERMEDIO,1417,145.98239120938817
INTERMEDIO,1418,122.1832908239393
INTERMEDIO,1419,123.22768852093162
INTERMEDIO,1420,106.01977383281213
INTERMEDIO,1421,127.02957205670558
INTERMEDIO,1422,113.29542218730725
INTERMEDIO,1423,148.48764778372836
INTERMEDIO,1424,139.9552587214489
INTERMEDIO,1425,137.25630224448366
INTERMEDIO,1426,155.8912286343368
INTERMEDIO,1427,155.9585117892437
INTERMEDIO,1428,130.95501019189578
INTERMEDIO,1429,130.61054004016341
INTERMEDIO,1430,114.40886313912543
INTERMEDIO,1431,135.06872955100556
INTERMEDIO,1432,134.38092114518108
INTERMEDIO,1433,137.55194600855873
INTERMEDIO,1434,133.0302342030909
INTERMEDIO,1435,135.11228499559058
INTERMEDIO,1436,139.57677008335213
INTERMEDIO,1437,126.19557411037647
INTERMEDIO,1438,142.91724302528033
INTERMEDIO,1439,134.7765583471989
INTERMEDIO,1440,136.18183085465162
INTERMEDIO,1441,131.09206047021394
INTERMEDIO,1442,147.91208228130256
INTERMEDIO,1443,111.8622368518316
INTERMEDIO,1444,125.12808437017925
INTERMEDIO,1445,119.35124278613591
INTERMEDIO,1446,118.67004501136418
INTERMEDIO,1447,117.72639857105895
INTERMEDIO,1448,136.01013515876883
INTERMEDIO,1449,133.43591330147416
INTERMEDIO,1450,108.76254811299805
INTERMEDIO,1451,121.92268725420261
INTERMEDIO,1452,146.05364789457104
INTERMEDIO,1453,140.33039642232688
INTERMEDIO,1454,109.04672079719465
INTERMEDIO,1455,124.9789068656451
INTERMEDIO,1456,122.1328614364898
INTERMEDIO,1457,126.61168868574511
INTERMEDIO,1458,126.46092498935376
INTERMEDIO,1459,142.14909640377962
INTERMEDIO,1460,113.77818253560002
INTERMEDIO,1461,121.99997352352055
INTERMEDIO,1462,134.19124791927067
INTERMEDIO,1463,128.23150361922987
INTERMEDIO,1464,132.88224214673656
INTERMEDIO,1465,138.9493304385598
INTERMEDIO,1466,152.31970878427296
INTERMEDIO,1467,147.09526426351363
INTERMEDIO,1468,137.29606669530085
INTERMEDIO,1469,138.98699481737745
INTERMEDIO,1470,143.1208174458068
INTERMEDIO,1471,135.68251275242403
INTERMEDIO,1472,138.91450385097417
INTERMEDIO,1473,120.08777216901461
INTERMEDIO,1474,128.09955216593045
INTERMEDIO,1475,124.89615541076682
INTERMEDIO,1476,118.90147234668869
INTERMEDIO,1477,127.38102528531292
INTERMEDIO,1478,127.89643773231401
INTERMEDIO,1479,141.4310577398908
INTERMEDIO,1480,126.44599960627025
INTERMEDIO,1481,123.86702006233855
INTERMEDIO,1482,153.72466308409946
INTERMEDIO,1483,95.78278875041681
INTERMEDIO,1484,130.5187768325506
INTERMEDIO,1485,127.79691627861948
INTERMEDIO,1486,131.5218314418174
INTERMEDIO,1487,125.7099119777547
INTERMEDIO,1488,156.54764769825533
INTERMEDIO,1489,150.0669609622831
INTERMEDIO,1490,145.2509059445989
INTERMEDIO,1491,124.99419449402257
INTERMEDIO,1492,149.53014002697103
INTERMEDIO,1493,136.57183023214282
INTERMEDIO,1494,130.82652166969217
INTERMEDIO,1495,132.73233690312208
INTERMEDIO,1496,129.29778380195546
INTERMEDIO,1497,145.79212660763676
INTERMEDIO,1498,128.22798690314997
INTERMEDIO,1499,127.81000621657394
INTERMEDIO,1500,135.49729585117598
INTERMEDIO,1501,118.04280636594802
INTERMEDIO,1502,127.28747822936484
INTERMEDIO,1503,119.20737418144554
INTERMEDIO,1504,113.16411609130844
INTERMEDIO,1505,123.31175605878379
INTERMEDIO,1506,124.24130253463159
INTERMEDIO,1507,127.63220009573968
INTERMEDIO,1508,135.25268189282556
INTERMEDIO,1509,137.51226455699776
INTERMEDIO,1510,145.86488546779012
INTERMEDIO,1511,146.53013193224834
INTERMEDIO,1512,129.75544647306901
INTERMEDIO,1513,128.67037804888344
INTERMEDIO,1514,129.96005568720696
INTERMEDIO,1515,116.10753432495163
INTERMEDIO,1516,98.83966894515373
INTERMEDIO,1517,147.8640995172958
INTERMEDIO,1518,112.45902649613028
INTERMEDIO,1519,139.84978509373482
INTERMEDIO,1520,130.48634745505436
INTERMEDIO,1521,116.95495368049257
INTERMEDIO,1522,134.13918121376366
INTERMEDIO,1523,129.78466300070232
INTERMEDIO,1524,118.09744690109123
INTERMEDIO,1525,119.41408562531821
INTERMEDIO,1526,136.69490803848814
INTERMEDIO,1527,126.16422367543274
INTERMEDIO,1528,153.41463497558354
INTERMEDIO,1529,121.08798164863518
INTERMEDIO,1530,135.6735257836833
INTERMEDIO,1531,149.85966258493397
INTERMEDIO,1532,105.0888904319165
INTERMEDIO,1533,118.49934078133694
INTERMEDIO,1534,131.98777803665502
INTERMEDIO,1535,133.42534971780694
INTERMEDIO,1536,130.53497438464132
INTERMEDIO,1537,109.48476292937066
INTERMEDIO,1538,131.2681526129137
INTERMEDIO,1539,140.3977281205069
INTERMEDIO,1540,139.63470889491592
INTERMEDIO,1541,152.90888094117525
INTERMEDIO,1542,125.64372298308234
INTERMEDIO,1543,120.89681024150853
INTERMEDIO,1544,145.14121264280436
INTERMEDIO,1545,134.04763780286817
INTERMEDIO,1546,142.96383072392925
INTERMEDIO,1547,128.58333352332937
INTERMEDIO,1548,138.86078612260795
INTERMEDIO,1549,114.91071182519104
INTERMEDIO,1550,133.00724637912572
INTERMEDIO,1551,151.3064108429968
INTERMEDIO,1552,127.51916195055972
INTERMEDIO,1553,118.6449919439823
INTERMEDIO,1554,156.72557198998098
INTERMEDIO,1555,103.48950311067179
INTERMEDIO,1556,145.84973475117948
INTERMEDIO,1557,124.85411032079409
INTERMEDIO,1558,111.91977911146472
INTERMEDIO,1559,131.5236502048197
INTERMEDIO,1560,131.1444624869276
INTERMEDIO,1561,108.66527164884933
INTERMEDIO,1562,136.1003182954079
INTERMEDIO,1563,144.51320624674145
INTERMEDIO,1564,121.12839828738028
INTERMEDIO,1565,122.19884841489431
INTERMEDIO,1566,120.70934018921953
INTERMEDIO,1567,116.15814463129878
INTERMEDIO,1568,119.5553227458547
INTERMEDIO,1569,133.71211366774529
INTERMEDIO,1570,139.58245739299582
INTERMEDIO,1571,101.85493131612895
INTERMEDIO,1572,118.71798864137037
INTERMEDIO,1573,143.4336413803133
INTERMEDIO,1574,111.83092190419319
INTERMEDIO,1575,128.6249375317552
INTERMEDIO,1576,122.81035282866725
INTERMEDIO,1577,121.11713640841407
INTERMEDIO,1578,134.41176946459365
INTERMEDIO,1579,119.36140822324985
INTERMEDIO,1580,123.29564286961794
INTERMEDIO,1581,143.39551900778469
INTERMEDIO,1582,126.09155257197486
INTERMEDIO,1583,135.23926874308006
INTERMEDIO,1584,139.72730505394998
INTERMEDIO,1585,138.49521374356905
INTERMEDIO,1586,131.88347532490417
INTERMEDIO,1587,129.14785956675556
INTERMEDIO,1588,121.76720198663989
INTERMEDIO,1589,115.75706737241516
INTERMEDIO,1590,146.89800040761395
INTERMEDIO,1591,151.16368625264244
INTERMEDIO,1592,136.6197048258118
INTERMEDIO,1593,109.0895130452112
INTERMEDIO,1594,119.87884466093678
INTERMEDIO,1595,131.948743097853
INTERMEDIO,1596,143.33150683567135
INTERMEDIO,1597,140.8820755774283
INTERMEDIO,1598,137.73818844177836
INTERMEDIO,1599,139.34568901581218
INTERMEDIO,1600,135.64502161506007
INTERMEDIO,1601,123.26193299734089
INTERMEDIO,1602,128.56023097520242
INTERMEDIO,1603,123.57709552069801
INTERMEDIO,1604,140.19475897425022
INTERMEDIO,1605,135.51775448692726
INTERMEDIO,1606,141.10155821966453
INTERMEDIO,1607,102.56312548434171
INTERMEDIO,1608,117.31582286601298
INTERMEDIO,1609,132.6529842125872
INTERMEDIO,1610,134.62389554622982
INTERMEDIO,1611,112.71721168451272
INTERMEDIO,1612,108.2687971071108
INTERMEDIO,1613,133.52518994685983
INTERMEDIO,1614,134.19467014331164
INTERMEDIO,1615,127.00956446032447
INTERMEDIO,1616,121.28613041784465
INTERMEDIO,1617,113.0874651896825
INTERMEDIO,1618,137.21182996015767
INTERMEDIO,1619,125.1013876056372
INTERMEDIO,1620,139.50774273370564
INTERMEDIO,1621,103.83150607463905
INTERMEDIO,1622,153.8623945861336
INTERMEDIO,1623,154.05579748340364
INTERMEDIO,1624,129.35466323169484
INTERMEDIO,1625,146.07117483831803
INTERMEDIO,1626,131.2406580912997
INTERMEDIO,1627,121.66003792407325
INTERMEDIO,1628,124.54090700864259
INTERMEDIO,1629,139.72813883402148
INTERMEDIO,1630,123.56889741096987
INTERMEDIO,1631,146.3606609790369
INTERMEDIO,1632,126.16335591235502
INTERMEDIO,1633,149.57941974904847
INTERMEDIO,1634,141.98557067403297
INTERMEDIO,1635,133.28608513921105
INTERMEDIO,1636,118.78453242059662
INTERMEDIO,1637,140.00323861011807
INTERMEDIO,1638,115.1491606756528
INTERMEDIO,1639,108.09859906975835
INTERMEDIO,1640,121.39111408727541
INTERMEDIO,1641,136.3957985945671
INTERMEDIO,1642,118.24287631210585
INTERMEDIO,1643,115.30148436651817
INTERMEDIO,1644,110.15460402125349
INTERMEDIO,1645,144.9660675204916
INTERMEDIO,1646,127.15524527661545
INTERMEDIO,1647,113.5532366545034
INTERMEDIO,1648,155.53702546795574
INTERMEDIO,1649,121.28259835805935
INTERMEDIO,1650,114.52498857290685
INTERMEDIO,1651,146.40716673691674
INTERMEDIO,1652,110.4330189862025
INTERMEDIO,1653,124.90298775199525
INTERMEDIO,1654,122.43868319634463
INTERMEDIO,1655,133.56813883948624
INTERMEDIO,1656,147.45279956717545
INTERMEDIO,1657,149.3676308442474
INTERMEDIO,1658,133.01205679450737
INTERMEDIO,1659,153.7515319144528
INTERMEDIO,1660,149.95448361075208
INTERMEDIO,1661,122.76834254620857
INTERMEDIO,1662,136.74528508663806
INTERMEDIO,1663,148.44872103759727
INTERMEDIO,1664,101.69538477070779
INTERMEDIO,1665,134.30884638807618
INTERMEDIO,1666,109.68209480644617
INTERMEDIO,1667,127.28046518509302
INTERMEDIO,1668,133.51138185852673
INTERMEDIO,1669,121.41111295745547
INTERMEDIO,1670,120.77272893781338
INTERMEDIO,1671,128.355958335409
INTERMEDIO,1672,125.78841965185022
INTERMEDIO,1673,145.50869846793555
INTERMEDIO,1674,131.64223097508236
INTERMEDIO,1675,152.70708165107277
INTERMEDIO,1676,130.71484646707952
INTERMEDIO,1677,106.38227454838507
INTERMEDIO,1678,109.97304124376686
INTERMEDIO,1679,129.5349563111926
INTERMEDIO,1680,152.92172481987254
INTERMEDIO,1681,137.09091004873386
INTERMEDIO,1682,129.381948921809
INTERMEDIO,1683,125.6747361813205
INTERMEDIO,1684,117.52221208652882
INTERMEDIO,1685,110.15743915962545
INTERMEDIO,1686,107.8856073547877
INTERMEDIO,1687,137.89679265664998
INTERMEDIO,1688,119.715451059703
INTERMEDIO,1689,146.70315191776825
INTERMEDIO,1690,131.72656598193606
INTERMEDIO,1691,118.26811368635971
INTERMEDIO,1692,155.1239704937491
INTERMEDIO,1693,144.75877535916283
INTERMEDIO,1694,131.74765678212734
INTERMEDIO,1695,135.42739659814788
INTERMEDIO,1696,121.5509431257599
INTERMEDIO,1697,124.18933694498911
INTERMEDIO,1698,119.28941516719946
INTERMEDIO,1699,99.05467542098994
INTERMEDIO,1700,109.15903913172001
INTERMEDIO,1701,129.7224338315163
INTERMEDIO,1702,121.63940231624011
INTERMEDIO,1703,107.81116850488607
INTERMEDIO,1704,122.45739599227757
INTERMEDIO,1705,140.50498925140306
INTERMEDIO,1706,116.68790748929584
INTERMEDIO,1707,102.42876130083044
INTERMEDIO,1708,142.19483713204576
INTERMEDIO,1709,113.10283985576001
INTERMEDIO,1710,128.16132762340965
INTERMEDIO,1711,122.02205853169765
INTERMEDIO,1712,126.70577059511344
INTERMEDIO,1713,115.94095528301466
INTERMEDIO,1714,148.4912661141217
INTERMEDIO,1715,117.41589327103232
INTERMEDIO,1716,121.5111993275894
INTERMEDIO,1717,141.29835438740562
INTERMEDIO,1718,130.28537196674878
INTERMEDIO,1719,132.2020405820765
INTERMEDIO,1720,135.23608321303695
INTERMEDIO,1721,142.2241989597154
INTERMEDIO,1722,132.43462776544305
INTERMEDIO,1723,131.2104783076531
INTERMEDIO,1724,149.8975255714288
INTERMEDIO,1725,117.72531518799069
INTERMEDIO,1726,138.81956933931573
INTERMEDIO,1727,109.77471204187043
INTERMEDIO,1728,141.58241708104086
INTERMEDIO,1729,135.39870440683802
INTERMEDIO,1730,122.67716750467451
INTERMEDIO,1731,135.0646672021865
INTERMEDIO,1732,142.87940174590238
INTERMEDIO,1733,150.06644660001467
INTERMEDIO,1734,115.64357025561907
INTERMEDIO,1735,147.76568415461247
INTERMEDIO,1736,131.95559576535982
INTERMEDIO,1737,135.86252538896224
INTERMEDIO,1738,100.07983052401252
INTERMEDIO,1739,120.49051521475415
INTERMEDIO,1740,120.12456076264216
INTERMEDIO,1741,122.05058979896569
INTERMEDIO,1742,104.9932294621911
INTERMEDIO,1743,131.00360158810923
INTERMEDIO,1744,136.64969623245418
INTERMEDIO,1745,138.40186699512748
INTERMEDIO,1746,99.00628091059967
INTERMEDIO,1747,116.69670477614079
INTERMEDIO,1748,139.49616559233408
INTERMEDIO,1749,136.39989575055222
INTERMEDIO,1750,129.56922423872996
INTERMEDIO,1751,138.4944334088087
INTERMEDIO,1752,147.14661188763594
INTERMEDIO,1753,166.03395162659132
INTERMEDIO,1754,142.46527660445244
INTERMEDIO,1755,124.11914584798458
INTERMEDIO,1756,120.93435890631463
INTERMEDIO,1757,132.76424739243018
INTERMEDIO,1758,138.54641259837538
INTERMEDIO,1759,144.55446554873012
INTERMEDIO,1760,154.3747274611656
INTERMEDIO,1761,126.28382795630081
INTERMEDIO,1762,121.38896374262913
INTERMEDIO,1763,134.68529741815865
INTERMEDIO,1764,116.71921785766716
INTERMEDIO,1765,158.45380949660023
INTERMEDIO,1766,122.57492665378633
INTERMEDIO,1767,150.63121573078715
INTERMEDIO,1768,146.86091085499586
INTERMEDIO,1769,143.39683292005014
INTERMEDIO,1770,139.025710843949
INTERMEDIO,1771,100.17758206373861
INTERMEDIO,1772,123.81935950383092
INTERMEDIO,1773,130.22198597191576
INTERMEDIO,1774,140.18089964347243
INTERMEDIO,1775,123.03287424160214
INTERMEDIO,1776,92.2668408837572
INTERMEDIO,1777,119.04725707135994
INTERMEDIO,1778,121.88199674048508
INTERMEDIO,1779,115.33848860899617
INTERMEDIO,1780,111.68294387996721
INTERMEDIO,1781,129.44142257962415
INTERMEDIO,1782,136.1478743305609
INTERMEDIO,1783,116.58725830921871
INTERMEDIO,1784,120.01975801291728
INTERMEDIO,1785,129.12937098627648
INTERMEDIO,1786,135.23308616185366
INTERMEDIO,1787,125.69441342121546
INTERMEDIO,1788,122.92364842492798
INTERMEDIO,1789,126.48203993849579
INTERMEDIO,1790,113.65594316466306
INTERMEDIO,1791,117.54735997745385
INTERMEDIO,1792,119.80893334069819
INTERMEDIO,1793,148.94176455000985
INTERMEDIO,1794,149.7255575419588
INTERMEDIO,1795,146.36666967874794
INTERMEDIO,1796,134.00881777142592
INTERMEDIO,1797,114.84914557559344
INTERMEDIO,1798,109.7448268846094
INTERMEDIO,1799,133.30874893137653
INTERMEDIO,1800,130.33343460229426
INTERMEDIO,1801,126.36178420945826
INTERMEDIO,1802,115.97309577859039
INTERMEDIO,1803,103.61263759048587
INTERMEDIO,1804,146.63389348127285
INTERMEDIO,1805,132.6010456988349
INTERMEDIO,1806,147.5017066329746
INTERMEDIO,1807,124.5225242828969
INTERMEDIO,1808,128.58612609813042
INTERMEDIO,1809,133.72473194275733
INTERMEDIO,1810,142.455117921036
INTERMEDIO,1811,126.47487573760519
INTERMEDIO,1812,129.86776073150708
INTERMEDIO,1813,149.2120637995495
INTERMEDIO,1814,109.91391267886596
INTERMEDIO,1815,136.31331774508638
INTERMEDIO,1816,146.39523118048513
INTERMEDIO,1817,128.39013275505442
INTERMEDIO,1818,116.39439871785983
INTERMEDIO,1819,143.08992558708442
INTERMEDIO,1820,143.62382519243744
INTERMEDIO,1821,137.57317566637025
INTERMEDIO,1822,144.6787653692943
INTERMEDIO,1823,131.89282404166383
INTERMEDIO,1824,139.60027776595095
INTERMEDIO,1825,121.49095724139649
INTERMEDIO,1826,123.31204274004568
INTERMEDIO,1827,102.26293648735026
INTERMEDIO,1828,130.91052589933255
INTERMEDIO,1829,128.57440457199777
INTERMEDIO,1830,123.75788482093415
INTERMEDIO,1831,117.761214609845
INTERMEDIO,1832,132.84260874832395
INTERMEDIO,1833,128.96284710734207
INTERMEDIO,1834,125.19266094442443
INTERMEDIO,1835,156.9353321343062
INTERMEDIO,1836,139.39326241886442
INTERMEDIO,1837,142.30863907374567
INTERMEDIO,1838,109.80811634454844
INTERMEDIO,1839,114.3196736441972
INTERMEDIO,1840,137.3552298482785
INTERMEDIO,1841,100.01238007833123
INTERMEDIO,1842,107.33655991433645
INTERMEDIO,1843,144.6721908295449
INTERMEDIO,1844,131.03005283413825
INTERMEDIO,1845,125.58678126479779
INTERMEDIO,1846,118.12070617893419
INTERMEDIO,1847,104.04755969633007
INTERMEDIO,1848,137.79751156295868
INTERMEDIO,1849,150.4884210451694
INTERMEDIO,1850,134.157318420761
INTERMEDIO,1851,120.91022500384308
INTERMEDIO,1852,107.30321593275008
INTERMEDIO,1853,144.24668687156827
INTERMEDIO,1854,135.51239325814694
INTERMEDIO,1855,135.40366309497972
INTERMEDIO,1856,121.65309265111956
INTERMEDIO,1857,129.7002595554655
INTERMEDIO,1858,116.44758667479327
INTERMEDIO,1859,151.12725570642755
INTERMEDIO,1860,138.76994524785474
INTERMEDIO,1861,136.0273953073509
INTERMEDIO,1862,137.28985512940525
INTERMEDIO,1863,133.57338627321218
INTERMEDIO,1864,127.88395589118463
INTERMEDIO,1865,127.24481636174023
INTERMEDIO,1866,116.40865967666481
INTERMEDIO,1867,133.25323446659823
INTERMEDIO,1868,135.008488725522
INTERMEDIO,1869,137.45197709841963
INTERMEDIO,1870,131.7147010839275
INTERMEDIO,1871,125.19024747999579
INTERMEDIO,1872,137.80845417058038
INTERMEDIO,1873,101.46904704076414
INTERMEDIO,1874,121.37189475840728
INTERMEDIO,1875,129.57811821915612
INTERMEDIO,1876,121.5903919225656
INTERMEDIO,1877,104.88307433260061
INTERMEDIO,1878,126.0840939804708
INTERMEDIO,1879,130.4178270593955
INTERMEDIO,1880,134.47863837254826
INTERMEDIO,1881,136.33279238000705
INTERMEDIO,1882,154.6377326438195
INTERMEDIO,1883,145.03386514432816
INTERMEDIO,1884,124.04392676430494
INTERMEDIO,1885,129.2527793351619
INTERMEDIO,1886,122.44090137068468
INTERMEDIO,1887,153.50746276338037
INTERMEDIO,1888,119.43879780682364
INTERMEDIO,1889,128.6925937791817
INTERMEDIO,1890,141.32696092999186
INTERMEDIO,1891,136.70690033851878
INTERMEDIO,1892,131.6723408033062
INTERMEDIO,1893,135.47410266441358
INTERMEDIO,1894,119.94900533872388
INTERMEDIO,1895,133.04566255396247
INTERMEDIO,1896,154.47594502997578
INTERMEDIO,1897,104.65513598838726
INTERMEDIO,1898,126.58920266739622
INTERMEDIO,1899,138.543473829446
INTERMEDIO,1900,135.9598733409655
INTERMEDIO,1901,104.90310485513724
INTERMEDIO,1902,151.62935514945286
INTERMEDIO,1903,130.487173581107
INTERMEDIO,1904,101.36559905708678
INTERMEDIO,1905,129.3388121779313
INTERMEDIO,1906,122.17766055927649
INTERMEDIO,1907,115.9048362160922
INTERMEDIO,1908,130.1772089083227
INTERMEDIO,1909,124.77418624223428
INTERMEDIO,1910,113.65750291564999
INTERMEDIO,1911,132.94585241829353
INTERMEDIO,1912,134.45088120149666
INTERMEDIO,1913,123.37169326153315
INTERMEDIO,1914,133.95120375704568
INTERMEDIO,1915,117.33235787117079
INTERMEDIO,1916,145.2086060792521
INTERMEDIO,1917,147.39268256734775
INTERMEDIO,1918,139.5979189414153
INTERMEDIO,1919,116.97371852340507
INTERMEDIO,1920,97.60348082202223
INTERMEDIO,1921,138.9041164011147
INTERMEDIO,1922,129.09901424590475
INTERMEDIO,1923,125.79378428788245
INTERMEDIO,1924,112.46436969176607
INTERMEDIO,1925,125.62513728962585
INTERMEDIO,1926,136.52324764867234
INTERMEDIO,1927,121.62769465076299
INTERMEDIO,1928,152.5596240282883
INTERMEDIO,1929,142.63664292283153
INTERMEDIO,1930,124.50939998867446
INTERMEDIO,1931,147.06742837185305
INTERMEDIO,1932,123.32395988257326
INTERMEDIO,1933,145.1050235964095
INTERMEDIO,1934,141.1447103070745
INTERMEDIO,1935,122.90179423002147
INTERMEDIO,1936,109.26954977521372
INTERMEDIO,1937,142.23185690939619
INTERMEDIO,1938,128.20593929354916
INTERMEDIO,1939,105.84527229701945
INTERMEDIO,1940,170.76722646338206
INTERMEDIO,1941,144.61548877330824
INTERMEDIO,1942,132.35139535663117
INTERMEDIO,1943,105.48666632268194
INTERMEDIO,1944,143.44077663353542
INTERMEDIO,1945,118.54055700477467
INTERMEDIO,1946,139.55274455854857
INTERMEDIO,1947,146.1919651431007
INTERMEDIO,1948,109.63385197306621
INTERMEDIO,1949,148.51742050752554
INTERMEDIO,1950,148.64096248462135
INTERMEDIO,1951,129.28155626885894
INTERMEDIO,1952,117.76770189649227
INTERMEDIO,1953,133.84908636263128
INTERMEDIO,1954,120.56892411820654
INTERMEDIO,1955,124.34474256546092
INTERMEDIO,1956,133.99893509622456
INTERMEDIO,1957,138.65917129735408
INTERMEDIO,1958,114.5648945603053
INTERMEDIO,1959,120.66956714640652
INTERMEDIO,1960,138.91877253071635
INTERMEDIO,1961,118.72863021253804
INTERMEDIO,1962,114.58154278341287
INTERMEDIO,1963,122.52282143914717
INTERMEDIO,1964,127.84416074704734
INTERMEDIO,1965,110.50371452862677
INTERMEDIO,1966,137.2064964323893
INTERMEDIO,1967,143.2879440607365
INTERMEDIO,1968,117.48115334607922
INTERMEDIO,1969,110.15635643066523
INTERMEDIO,1970,134.12991266972432
INTERMEDIO,1971,131.02937987776352
INTERMEDIO,1972,129.4290618260642
INTERMEDIO,1973,134.2514620981712
INTERMEDIO,1974,141.36856165070714
INTERMEDIO,1975,150.5406080304272
INTERMEDIO,1976,133.12533153522094
INTERMEDIO,1977,116.12069355714733
INTERMEDIO,1978,147.70474334321273
INTERMEDIO,1979,127.72045107996439
INTERMEDIO,1980,152.68579720772937
INTERMEDIO,1981,128.97435135577734
INTERMEDIO,1982,144.49004430962424
INTERMEDIO,1983,127.87953192984483
INTERMEDIO,1984,136.78059526079818
INTERMEDIO,1985,129.82038874797234
INTERMEDIO,1986,129.33148311676257
INTERMEDIO,1987,135.88216128972294
INTERMEDIO,1988,133.39498306039334
INTERMEDIO,1989,133.90601550984152
INTERMEDIO,1990,139.22333379326562
INTERMEDIO,1991,128.46758771008965
INTERMEDIO,1992,124.58237666809978
INTERMEDIO,1993,150.39718822949183
INTERMEDIO,1994,142.17971350633496
INTERMEDIO,1995,126.3169207139763
INTERMEDIO,1996,147.6921896552082
INTERMEDIO,1997,128.07089206262194
INTERMEDIO,1998,133.11110106185185
INTERMEDIO,1999,121.47494285489415
INTERMEDIO,2000,120.74206417279918
INTERMEDIO,2001,134.5739024959305
INTERMEDIO,2002,150.55246742604223
INTERMEDIO,2003,131.96744642378798
INTERMEDIO,2004,148.14890762674474
INTERMEDIO,2005,117.94595034063263
INTERMEDIO,2006,130.89029633842088
INTERMEDIO,2007,111.43275885244391
INTERMEDIO,2008,130.13672997188877
INTERMEDIO,2009,134.3298302061649
INTERMEDIO,2010,123.69701074873441
INTERMEDIO,2011,143.2008680138808
INTERMEDIO,2012,131.92677650979994
INTERMEDIO,2013,150.42829051955093
INTERMEDIO,2014,148.74075213602606
INTERMEDIO,2015,130.66019057931277
INTERMEDIO,2016,129.1109490398124
INTERMEDIO,2017,124.89249001277213
INTERMEDIO,2018,145.29205536602285
INTERMEDIO,2019,118.40151094443898
INTERMEDIO,2020,125.33684946422902
INTERMEDIO,2021,113.36993554044138
INTERMEDIO,2022,135.60886952064354
INTERMEDIO,2023,132.13839287951387
INTERMEDIO,2024,113.85391007196897
INTERMEDIO,2025,124.2594980500877
INTERMEDIO,2026,95.77163161691671
INTERMEDIO,2027,139.79310913850642
INTERMEDIO,2028,124.86441676085148
INTERMEDIO,2029,148.73755937481445
INTERMEDIO,2030,154.20342485762245
INTERMEDIO,2031,134.71835806337168
INTERMEDIO,2032,133.22059995074898
INTERMEDIO,2033,107.88029004931735
INTERMEDIO,2034,145.50940777174316
INTERMEDIO,2035,150.88701230385155
INTERMEDIO,2036,135.0638767826247
INTERMEDIO,2037,132.433462656442
INTERMEDIO,2038,141.49486528123006
INTERMEDIO,2039,133.6937598325382
INTERMEDIO,2040,140.0979589275211
INTERMEDIO,2041,149.71038518711345
INTERMEDIO,2042,108.02681656042793
INTERMEDIO,2043,131.91423647549186
INTERMEDIO,2044,138.83543322867777
INTERMEDIO,2045,104.54862961423126
INTERMEDIO,2046,123.68122912670093
INTERMEDIO,2047,125.08768398099978
INTERMEDIO,2048,128.09780053503115
INTERMEDIO,2049,116.02583876113886
INTERMEDIO,2050,144.14977243606194
INTERMEDIO,2051,104.94755611788153
INTERMEDIO,2052,130.42212800612458
INTERMEDIO,2053,143.5064515354097
INTERMEDIO,2054,110.79416487046065
INTERMEDIO,2055,128.6617952302801
INTERMEDIO,2056,118.42939000395532
INTERMEDIO,2057,104.83817405894985
INTERMEDIO,2058,117.83640054939183
INTERMEDIO,2059,140.96590636060702
INTERMEDIO,2060,106.96211373494125
INTERMEDIO,2061,136.7119175214164
INTERMEDIO,2062,147.81174623768933
INTERMEDIO,2063,118.44578227223464
INTERMEDIO,2064,144.25566504223985
INTERMEDIO,2065,119.09242669284278
INTERMEDIO,2066,140.2427969692004
INTERMEDIO,2067,117.59076026756664
INTERMEDIO,2068,114.35346436442089
INTERMEDIO,2069,128.00907359435075
INTERMEDIO,2070,99.15988249978106
INTERMEDIO,2071,125.021937856445
INTERMEDIO,2072,137.65042213308732
INTERMEDIO,2073,149.20369828941864
INTERMEDIO,2074,125.7664670242436
INTERMEDIO,2075,139.24465646691573
INTERMEDIO,2076,133.11325644395401
INTERMEDIO,2077,138.87454927848088
INTERMEDIO,2078,119.71325939463722
INTERMEDIO,2079,138.04016141789918
INTERMEDIO,2080,159.5662950656479
INTERMEDIO,2081,130.00825815480206
INTERMEDIO,2082,152.45677666736594
INTERMEDIO,2083,140.39065656205716
INTERMEDIO,2084,125.08044743146702
INTERMEDIO,2085,113.32440413294277
INTERMEDIO,2086,137.9925732602457
INTERMEDIO,2087,117.41157801096091
INTERMEDIO,2088,121.77101562610042
INTERMEDIO,2089,109.1859581412223
INTERMEDIO,2090,122.20648863505275
INTERMEDIO,2091,146.7130460724835
INTERMEDIO,2092,130.54234874376195
INTERMEDIO,2093,130.45941837330832
INTERMEDIO,2094,115.40856926112187
INTERMEDIO,2095,143.5185249376141
INTERMEDIO,2096,105.09579213312799
INTERMEDIO,2097,141.67666650119793
INTERMEDIO,2098,114.05025560399118
INTERMEDIO,2099,133.67274789338862
INTERMEDIO,2100,158.22781808259066
INTERMEDIO,2101,137.52419667358694
INTERMEDIO,2102,108.84694058143448
INTERMEDIO,2103,149.96143044488775
INTERMEDIO,2104,117.49314553218454
INTERMEDIO,2105,125.2596034891764
INTERMEDIO,2106,132.5667291345598
INTERMEDIO,2107,113.22136219998626
INTERMEDIO,2108,128.74245699980418
INTERMEDIO,2109,91.96384741851129
INTERMEDIO,2110,113.86539503258868
INTERMEDIO,2111,126.73544663637152
INTERMEDIO,2112,114.557743314406
INTERMEDIO,2113,135.7609120202012
INTERMEDIO,2114,130.9316935416642
INTERMEDIO,2115,151.27336160583673
INTERMEDIO,2116,132.0808390910109
INTERMEDIO,2117,126.21160390521425
INTERMEDIO,2118,129.66594170349148
INTERMEDIO,2119,100.5153136410047
INTERMEDIO,2120,109.68898001813184
INTERMEDIO,2121,135.68121046456668
INTERMEDIO,2122,143.55209224710578
INTERMEDIO,2123,116.26010877959314
INTERMEDIO,2124,129.89428556310503
INTERMEDIO,2125,115.11192780334538
INTERMEDIO,2126,119.83306805289948
INTERMEDIO,2127,139.8357920277889
INTERMEDIO,2128,139.83311839169332
INTERMEDIO,2129,119.76494242408019
INTERMEDIO,2130,150.63480991074238
INTERMEDIO,2131,140.23391367119527
INTERMEDIO,2132,133.6473926962398
INTERMEDIO,2133,147.53245458827837
INTERMEDIO,2134,124.59231964212778
INTERMEDIO,2135,141.1680794669942
INTERMEDIO,2136,127.75816631991837
INTERMEDIO,2137,129.70880587705128
INTERMEDIO,2138,124.31061659681795
INTERMEDIO,2139,117.66529389110539
INTERMEDIO,2140,152.7484615757936
INTERMEDIO,2141,137.27445585320496
INTERMEDIO,2142,143.96277522153994
INTERMEDIO,2143,140.2421312417474
INTERMEDIO,2144,136.11618722034643
INTERMEDIO,2145,134.41094604862596
INTERMEDIO,2146,121.81475222024969
INTERMEDIO,2147,137.37084796031806
INTERMEDIO,2148,145.2983602183243
INTERMEDIO,2149,142.9211320369277
INTERMEDIO,2150,147.52301640927368
INTERMEDIO,2151,125.17803510315136
INTERMEDIO,2152,138.86616612851444
INTERMEDIO,2153,140.18331172319006
INTERMEDIO,2154,128.35116742873203
INTERMEDIO,2155,119.89981679820187
INTERMEDIO,2156,122.44401921148572
INTERMEDIO,2157,114.91501684856173
INTERMEDIO,2158,121.97137770679403
INTERMEDIO,2159,133.4241025307731
INTERMEDIO,2160,117.599935728591
INTERMEDIO,2161,144.9200671601398
INTERMEDIO,2162,123.5480355650636
INTERMEDIO,2163,127.95358854872231
INTERMEDIO,2164,117.05439352308896
INTERMEDIO,2165,134.0635501830935
INTERMEDIO,2166,127.71570834616355
INTERMEDIO,2167,149.96389154827452
INTERMEDIO,2168,125.25161058397237
INTERMEDIO,2169,132.8810627568797
INTERMEDIO,2170,119.46873323560884
INTERMEDIO,2171,133.6371687912564
INTERMEDIO,2172,120.63096324126425
INTERMEDIO,2173,123.81542173244365
INTERMEDIO,2174,106.36613474033595
INTERMEDIO,2175,129.7439578050464
INTERMEDIO,2176,131.3596059962032
INTERMEDIO,2177,150.38628961264328
INTERMEDIO,2178,119.32144683442226
INTERMEDIO,2179,133.395542338547
INTERMEDIO,2180,126.48890945604744
INTERMEDIO,2181,124.17339420084292
INTERMEDIO,2182,125.90756326154238
INTERMEDIO,2183,125.38637458764735
INTERMEDIO,2184,132.9552889667539
INTERMEDIO,2185,142.24923123170962
INTERMEDIO,2186,154.54169406844835
INTERMEDIO,2187,91.96826792656631
INTERMEDIO,2188,156.6190101530869
INTERMEDIO,2189,136.74462689879738
INTERMEDIO,2190,128.1809732370042
INTERMEDIO,2191,114.63893493931253
INTERMEDIO,2192,135.3954336161141
INTERMEDIO,2193,120.7939654422713
INTERMEDIO,2194,102.27411017299815
INTERMEDIO,2195,133.28619760581378
INTERMEDIO,2196,129.38469233842642
INTERMEDIO,2197,126.46196969804438
INTERMEDIO,2198,125.0626768142889
INTERMEDIO,2199,131.32400641450732
INTERMEDIO,2200,149.12511140553949
INTERMEDIO,2201,121.12579181094732
INTERMEDIO,2202,166.37820732184747
INTERMEDIO,2203,131.90864166629655
INTERMEDIO,2204,132.54250889476373
INTERMEDIO,2205,130.16304684437517
INTERMEDIO,2206,122.28399112032776
INTERMEDIO,2207,127.9164921684214
INTERMEDIO,2208,134.5515793621707
INTERMEDIO,2209,113.8137591479056
INTERMEDIO,2210,118.60302177877794
INTERMEDIO,2211,128.98473241276363
INTERMEDIO,2212,117.33653644216629
INTERMEDIO,2213,132.10818181316603
INTERMEDIO,2214,131.99085048013166
INTERMEDIO,2215,128.09465708771071
INTERMEDIO,2216,136.56032002198586
INTERMEDIO,2217,131.46198451109234
INTERMEDIO,2218,129.12623576173203
INTERMEDIO,2219,118.46074812279949
INTERMEDIO,2220,132.77331175733775
INTERMEDIO,2221,128.38869473922628
INTERMEDIO,2222,141.04158876960395
INTERMEDIO,2223,127.98281220867602
INTERMEDIO,2224,124.73892254876488
INTERMEDIO,2225,131.31691001645095
INTERMEDIO,2226,129.68374006466541
INTERMEDIO,2227,145.06286672985988
INTERMEDIO,2228,147.3705335356871
INTERMEDIO,2229,128.64538566165353
INTERMEDIO,2230,120.75155968874873
INTERMEDIO,2231,128.5547470173496
INTERMEDIO,2232,141.91114409895033
INTERMEDIO,2233,144.67520215113407
INTERMEDIO,2234,130.22287867354524
INTERMEDIO,2235,150.6065839861973
INTERMEDIO,2236,115.01283327510076
INTERMEDIO,2237,114.70977426317931
INTERMEDIO,2238,119.64287186173243
INTERMEDIO,2239,146.87976102431196
INTERMEDIO,2240,142.2212443117525
INTERMEDIO,2241,132.77849793026311
INTERMEDIO,2242,113.5779675108034
INTERMEDIO,2243,142.45204374179343
INTERMEDIO,2244,120.66338979508873
INTERMEDIO,2245,104.98661480482059
INTERMEDIO,2246,108.5283687239035
INTERMEDIO,2247,129.85055873124907
INTERMEDIO,2248,140.15498678014885
INTERMEDIO,2249,125.10630115830193
INTERMEDIO,2250,131.41604037796426
INTERMEDIO,2251,125.96214642042113
INTERMEDIO,2252,131.31416517961745
INTERMEDIO,2253,109.92651392212403
INTERMEDIO,2254,113.95737547293214
INTERMEDIO,2255,141.7174334611792
INTERMEDIO,2256,138.95010018456
INTERMEDIO,2257,99.12130720517479
INTERMEDIO,2258,130.5092030394481
INTERMEDIO,2259,120.3863673799684
INTERMEDIO,2260,130.8925992900719
INTERMEDIO,2261,112.30572536579494
INTERMEDIO,2262,133.06311325622556
INTERMEDIO,2263,106.50270938692204
INTERMEDIO,2264,129.6171842547467
INTERMEDIO,2265,161.39807234339602
INTERMEDIO,2266,138.02240404185727
INTERMEDIO,2267,128.68734043843043
INTERMEDIO,2268,143.97257376649895
INTERMEDIO,2269,138.0112318904157
INTERMEDIO,2270,127.22581855352296
INTERMEDIO,2271,120.61672453794095
INTERMEDIO,2272,123.13462771420573
INTERMEDIO,2273,139.32485094091936
INTERMEDIO,2274,108.33519465962452
INTERMEDIO,2275,139.0661223461569
INTERMEDIO,2276,125.71937338791219
INTERMEDIO,2277,125.26943593003855
INTERMEDIO,2278,138.33169444556725
INTERMEDIO,2279,128.6211713919609
INTERMEDIO,2280,133.39536039382654
INTERMEDIO,2281,152.16287836232996
INTERMEDIO,2282,117.92225751848724
INTERMEDIO,2283,130.74750300996607
INTERMEDIO,2284,127.62603302655565
INTERMEDIO,2285,142.3744893132578
INTERMEDIO,2286,121.58052960630042
INTERMEDIO,2287,123.7647348596492
INTERMEDIO,2288,156.91452662618028
INTERMEDIO,2289,132.1845851040189
INTERMEDIO,2290,116.39924071829881
INTERMEDIO,2291,116.61905924070835
INTERMEDIO,2292,123.7700399786978
INTERMEDIO,2293,128.14974499706605
INTERMEDIO,2294,140.2980411325076
INTERMEDIO,2295,122.305209925156
INTERMEDIO,2296,127.94913694329274
INTERMEDIO,2297,132.53489200148553
INTERMEDIO,2298,127.27206203533507
INTERMEDIO,2299,134.14595843767083
INTERMEDIO,2300,125.21904234663317
INTERMEDIO,2301,142.02329854356276
INTERMEDIO,2302,115.826897428126
INTERMEDIO,2303,124.35050432457112
INTERMEDIO,2304,137.4403862475527
INTERMEDIO,2305,142.01491313638581
INTERMEDIO,2306,142.7602126166537
INTERMEDIO,2307,130.09778225561345
INTERMEDIO,2308,151.1564832175949
INTERMEDIO,2309,131.12943968602139
INTERMEDIO,2310,145.7878981896199
INTERMEDIO,2311,114.22021703634091
INTERMEDIO,2312,142.07543732633738
INTERMEDIO,2313,121.90945172609469
INTERMEDIO,2314,117.71319508287515
INTERMEDIO,2315,112.43786065095382
INTERMEDIO,2316,156.40314792880346
INTERMEDIO,2317,120.0620248775785
INTERMEDIO,2318,141.40992830601817
INTERMEDIO,2319,126.32428737586427
INTERMEDIO,2320,139.72078523913302
INTERMEDIO,2321,131.5970099654142
INTERMEDIO,2322,126.77431066214614
INTERMEDIO,2323,125.7293768009831
INTERMEDIO,2324,109.7416702411085
INTERMEDIO,2325,155.43550062265538
INTERMEDIO,2326,135.71986105613962
INTERMEDIO,2327,122.04066631636442
INTERMEDIO,2328,124.16287773942061
INTERMEDIO,2329,116.07433536113723
INTERMEDIO,2330,148.6336062242045
INTERMEDIO,2331,132.78683228616148
INTERMEDIO,2332,106.74441861044077
INTERMEDIO,2333,135.3999460900587
INTERMEDIO,2334,124.68394700196147
INTERMEDIO,2335,118.5326657398283
INTERMEDIO,2336,120.6280293538979
INTERMEDIO,2337,141.5044028681043
INTERMEDIO,2338,136.04823991341868
INTERMEDIO,2339,127.23162694325586
INTERMEDIO,2340,117.05827189853899
INTERMEDIO,2341,122.57185632872769
INTERMEDIO,2342,108.89235782194888
INTERMEDIO,2343,100.84540810752364
INTERMEDIO,2344,110.75109121963062
INTERMEDIO,2345,123.87793746988831
INTERMEDIO,2346,136.4942139861585
INTERMEDIO,2347,150.68305250049283
INTERMEDIO,2348,136.15661582455232
INTERMEDIO,2349,121.21798153026751
INTERMEDIO,2350,150.62426573689314
INTERMEDIO,2351,112.43229057556178
INTERMEDIO,2352,142.32773119222404
INTERMEDIO,2353,144.7014915755875
INTERMEDIO,2354,117.41326776795094
INTERMEDIO,2355,107.02420687079598
INTERMEDIO,2356,110.4133196986447
INTERMEDIO,2357,154.6477089498855
INTERMEDIO,2358,132.7566619871003
INTERMEDIO,2359,119.7091993192223
INTERMEDIO,2360,93.42330153397722
INTERMEDIO,2361,98.3585219372694
INTERMEDIO,2362,128.49025681812714
INTERMEDIO,2363,143.28389445573427
INTERMEDIO,2364,135.9028574546848
INTERMEDIO,2365,135.84011827694948
INTERMEDIO,2366,130.52501205919341
INTERMEDIO,2367,122.61890344645477
INTERMEDIO,2368,138.4756304704848
INTERMEDIO,2369,138.45981931723693
INTERMEDIO,2370,128.0089915128752
INTERMEDIO,2371,115.46026725707772
INTERMEDIO,2372,140.01199782602635
INTERMEDIO,2373,111.76476083822872
INTERMEDIO,2374,120.32559841646419
INTERMEDIO,2375,138.47593766801748
INTERMEDIO,2376,112.61228853911567
INTERMEDIO,2377,135.8431069133607
INTERMEDIO,2378,103.6524365519876
INTERMEDIO,2379,124.43723903848169
INTERMEDIO,2380,139.34661609946838
INTERMEDIO,2381,139.98453720836346
INTERMEDIO,2382,119.39496636311273
INTERMEDIO,2383,111.60539849667732
INTERMEDIO,2384,116.38971099360884
INTERMEDIO,2385,130.17418843383555
INTERMEDIO,2386,140.79032987535342
INTERMEDIO,2387,126.44391770737242
INTERMEDIO,2388,128.91845770645998
INTERMEDIO,2389,139.95216337019647
INTERMEDIO,2390,123.60347631549905
INTERMEDIO,2391,116.12763542655372
INTERMEDIO,2392,150.7323433531383
INTERMEDIO,2393,107.49478059745816
INTERMEDIO,2394,137.4681866362935
INTERMEDIO,2395,114.64242613653693
INTERMEDIO,2396,119.79181215974255
INTERMEDIO,2397,126.03456489060599
INTERMEDIO,2398,128.3898040602341
INTERMEDIO,2399,121.49451375060649
INTERMEDIO,2400,99.69271272015385
INTERMEDIO,2401,110.63501811791804
INTERMEDIO,2402,120.7396978375728
INTERMEDIO,2403,124.37927110107759
INTERMEDIO,2404,116.01971673659162
INTERMEDIO,2405,138.62014463525904
INTERMEDIO,2406,113.18420705138672
INTERMEDIO,2407,144.06245288761835
INTERMEDIO,2408,133.13909059117458
INTERMEDIO,2409,159.49645944712336
INTERMEDIO,2410,147.25169524702767
INTERMEDIO,2411,115.76923604677651
INTERMEDIO,2412,145.83838527870986
INTERMEDIO,2413,121.97150165342529
INTERMEDIO,2414,129.192106379093
INTERMEDIO,2415,111.98734173986573
INTERMEDIO,2416,132.57969500319908
INTERMEDIO,2417,152.09920435794737
INTERMEDIO,2418,103.03669835592926
INTERMEDIO,2419,123.95349540752134
INTERMEDIO,2420,131.47092086005858
INTERMEDIO,2421,131.45014374867523
INTERMEDIO,2422,121.07826653668118
INTERMEDIO,2423,165.3883483661382
INTERMEDIO,2424,118.08592195326098
INTERMEDIO,2425,132.39785259492226
INTERMEDIO,2426,131.93599636558193
INTERMEDIO,2427,126.70164426207249
INTERMEDIO,2428,133.27645270651323
INTERMEDIO,2429,126.13868030636162
INTERMEDIO,2430,136.20476382721407
INTERMEDIO,2431,149.14028304506627
INTERMEDIO,2432,131.52511722533268
INTERMEDIO,2433,119.68971515520758
INTERMEDIO,2434,153.40008810468942
INTERMEDIO,2435,115.77933970002903
INTERMEDIO,2436,115.81820038644675
INTERMEDIO,2437,119.0473446441535
INTERMEDIO,2438,127.12222113596025
INTERMEDIO,2439,138.28082354427025
INTERMEDIO,2440,141.81612508586127
INTERMEDIO,2441,123.38490263018372
INTERMEDIO,2442,141.95412168092494
INTERMEDIO,2443,124.94578059221486
INTERMEDIO,2444,162.9313492152481
INTERMEDIO,2445,133.44725137297024
INTERMEDIO,2446,133.15288155438193
INTERMEDIO,2447,126.90800296424638
INTERMEDIO,2448,128.63519570931928
INTERMEDIO,2449,118.81790051886438
INTERMEDIO,2450,136.77322211256828
INTERMEDIO,2451,108.61362302691683
INTERMEDIO,2452,130.4234013701848
INTERMEDIO,2453,126.87047517585889
INTERMEDIO,2454,147.06438071452726
INTERMEDIO,2455,147.33228703265047
INTERMEDIO,2456,128.4604503912496
INTERMEDIO,2457,114.15419248148206
INTERMEDIO,2458,137.64251571873382
INTERMEDIO,2459,126.26314484075641
INTERMEDIO,2460,128.7296999713442
INTERMEDIO,2461,141.86115074287844
INTERMEDIO,2462,125.77089009924154
INTERMEDIO,2463,123.72136170610756
INTERMEDIO,2464,119.74344594552143
INTERMEDIO,2465,148.2357526330988
INTERMEDIO,2466,140.061105418857
INTERMEDIO,2467,126.20805319976121
INTERMEDIO,2468,125.4008088938921
INTERMEDIO,2469,124.73830975668302
INTERMEDIO,2470,141.82642513954085
INTERMEDIO,2471,143.00420825251726
INTERMEDIO,2472,110.1526663988997
INTERMEDIO,2473,136.98458093410545
INTERMEDIO,2474,113.70541215153634
INTERMEDIO,2475,150.66698894451633
INTERMEDIO,2476,97.98967590828747
INTERMEDIO,2477,149.69851006499084
INTERMEDIO,2478,119.2861440664655
INTERMEDIO,2479,106.98944424947581
INTERMEDIO,2480,114.78810113333114
INTERMEDIO,2481,120.21443429397125
INTERMEDIO,2482,105.50143426854164
INTERMEDIO,2483,103.96703968209576
INTERMEDIO,2484,126.3361399563563
INTERMEDIO,2485,136.293102982928
INTERMEDIO,2486,135.1073765773414
INTERMEDIO,2487,157.26827860411578
INTERMEDIO,2488,128.92928802501942
INTERMEDIO,2489,119.93358063921063
INTERMEDIO,2490,131.24785567411868
INTERMEDIO,2491,124.8004813437794
INTERMEDIO,2492,105.89111724675539
INTERMEDIO,2493,117.40292979265186
INTERMEDIO,2494,121.30627025074824
INTERMEDIO,2495,130.56525501262584
INTERMEDIO,2496,115.32398232340482
INTERMEDIO,2497,133.88868413411663
INTERMEDIO,2498,136.47282701660114
INTERMEDIO,2499,138.19643692447076
INTERMEDIO,2500,131.31476665255605
INTERMEDIO,2501,129.55832171323254
INTERMEDIO,2502,97.86496472640427
INTERMEDIO,2503,142.9755463096963
INTERMEDIO,2504,93.22772662386913
INTERMEDIO,2505,126.38587365796509
INTERMEDIO,2506,119.16863413204649
INTERMEDIO,2507,114.37137519103342
INTERMEDIO,2508,129.4382032307099
INTERMEDIO,2509,125.14054312179469
INTERMEDIO,2510,132.77445420399164
INTERMEDIO,2511,155.5751232213237
INTERMEDIO,2512,119.5142135463288
INTERMEDIO,2513,145.5299560794916
INTERMEDIO,2514,122.54001203781314
INTERMEDIO,2515,131.4779389496226
INTERMEDIO,2516,108.83041335093196
INTERMEDIO,2517,132.17247517340658
INTERMEDIO,2518,131.9786543402924
INTERMEDIO,2519,108.23603262243871
INTERMEDIO,2520,132.37356994440657
INTERMEDIO,2521,103.29339271175685
INTERMEDIO,2522,123.7087913785799
INTERMEDIO,2523,131.2731525948984
INTERMEDIO,2524,164.0945867134012
INTERMEDIO,2525,142.8598539222221
INTERMEDIO,2526,113.04569763863893
INTERMEDIO,2527,118.20175229074204
INTERMEDIO,2528,132.753534492602
INTERMEDIO,2529,137.35323844678794
INTERMEDIO,2530,125.76679258290616
INTERMEDIO,2531,131.51597123064855
INTERMEDIO,2532,127.65304283651989
INTERMEDIO,2533,86.56727048720718
INTERMEDIO,2534,120.77539103183227
INTERMEDIO,2535,131.4622235616406
INTERMEDIO,2536,119.44870153618842
INTERMEDIO,2537,116.5699802894283
INTERMEDIO,2538,112.03776788748795
INTERMEDIO,2539,115.00700213343183
INTERMEDIO,2540,108.6453646086233
INTERMEDIO,2541,126.01057313936396
INTERMEDIO,2542,113.4342121390106
INTERMEDIO,2543,110.9602970422275
INTERMEDIO,2544,143.14070078353296
INTERMEDIO,2545,124.50579739269152
INTERMEDIO,2546,104.50724658530689
INTERMEDIO,2547,115.49427342391982
INTERMEDIO,2548,132.6791699989466
INTERMEDIO,2549,119.53483494051297
INTERMEDIO,2550,142.52638152056716
INTERMEDIO,2551,102.53474211857393
INTERMEDIO,2552,125.0963259870406
INTERMEDIO,2553,128.09275618450886
INTERMEDIO,2554,133.31678230529988
INTERMEDIO,2555,123.84243925094614
INTERMEDIO,2556,98.0221862373486
INTERMEDIO,2557,119.60061458292743
INTERMEDIO,2558,102.5643528223109
INTERMEDIO,2559,139.23973518420576
INTERMEDIO,2560,123.80240054051018
INTERMEDIO,2561,114.52649727540184
INTERMEDIO,2562,118.36820234808755
INTERMEDIO,2563,126.17419725523985
INTERMEDIO,2564,135.5351313279046
INTERMEDIO,2565,135.56514334037288
INTERMEDIO,2566,132.13968951135143
INTERMEDIO,2567,109.65293447620331
INTERMEDIO,2568,134.59209279159498
INTERMEDIO,2569,128.01118309035417
INTERMEDIO,2570,112.23685365204726
INTERMEDIO,2571,122.57885911659432
INTERMEDIO,2572,119.13366922404302
INTERMEDIO,2573,112.84162540503397
INTERMEDIO,2574,142.55250602733827
INTERMEDIO,2575,145.15677351062652
INTERMEDIO,2576,122.0910940674626
INTERMEDIO,2577,127.26566772593269
INTERMEDIO,2578,118.99150439740805
INTERMEDIO,2579,127.83191686192194
INTERMEDIO,2580,128.78079195254873
INTERMEDIO,2581,127.28617675289155
INTERMEDIO,2582,137.83127108974526
INTERMEDIO,2583,130.08002433639848
INTERMEDIO,2584,117.26594091904632
INTERMEDIO,2585,134.29206719479646
INTERMEDIO,2586,129.32329735163768
INTERMEDIO,2587,139.6731716339056
INTERMEDIO,2588,132.8037048527604
INTERMEDIO,2589,113.3650918508501
INTERMEDIO,2590,99.75456139427061
INTERMEDIO,2591,126.98857423780036
INTERMEDIO,2592,117.09425335836187
INTERMEDIO,2593,127.8019204748711
INTERMEDIO,2594,105.62041476870164
INTERMEDIO,2595,135.47325545923246
INTERMEDIO,2596,114.0872054105014
INTERMEDIO,2597,146.00069081836074
INTERMEDIO,2598,123.64274114850457
INTERMEDIO,2599,105.55937411267868
INTERMEDIO,2600,141.90047624382728
INTERMEDIO,2601,141.2426194150087
INTERMEDIO,2602,121.54987374103617
INTERMEDIO,2603,145.4007140518782
INTERMEDIO,2604,125.33768686753294
INTERMEDIO,2605,106.78371912425742
INTERMEDIO,2606,123.64263399581895
INTERMEDIO,2607,129.3833093770221
INTERMEDIO,2608,144.75985431693587
INTERMEDIO,2609,106.5461005986612
INTERMEDIO,2610,115.1213855990513
INTERMEDIO,2611,126.2307341641182
INTERMEDIO,2612,117.72391492093094
INTERMEDIO,2613,126.69608420059825
INTERMEDIO,2614,138.1270274062984
INTERMEDIO,2615,125.58265247686076
INTERMEDIO,2616,126.67456340852408
INTERMEDIO,2617,120.42986560114767
INTERMEDIO,2618,126.46753950160738
INTERMEDIO,2619,124.36548683652136
INTERMEDIO,2620,118.99399187159919
INTERMEDIO,2621,132.14112821844392
INTERMEDIO,2622,144.29177388470876
INTERMEDIO,2623,131.14219423559217
INTERMEDIO,2624,121.60205282183219
INTERMEDIO,2625,154.28892740921802
INTERMEDIO,2626,116.38628715422152
INTERMEDIO,2627,134.30930579497078
INTERMEDIO,2628,131.48069906539232
INTERMEDIO,2629,123.50934035585914
INTERMEDIO,2630,138.47438614517432
INTERMEDIO,2631,140.84360348114697
INTERMEDIO,2632,135.07696063274622
INTERMEDIO,2633,135.02928759789992
INTERMEDIO,2634,122.98554485410565
INTERMEDIO,2635,133.4495221934792
INTERMEDIO,2636,122.22812616123313
INTERMEDIO,2637,144.44451785362497
INTERMEDIO,2638,116.84376482284662
INTERMEDIO,2639,160.56785964453806
INTERMEDIO,2640,132.43192481794836
INTERMEDIO,2641,128.2430799394082
INTERMEDIO,2642,131.8315593436064
INTERMEDIO,2643,143.74816255708527
INTERMEDIO,2644,104.98400715089761
INTERMEDIO,2645,124.63700974212361
INTERMEDIO,2646,132.661684888957
INTERMEDIO,2647,142.5193848555241
INTERMEDIO,2648,140.6385420413892
INTERMEDIO,2649,136.45745152010727
INTERMEDIO,2650,156.11329392171885
INTERMEDIO,2651,105.9618134176358
INTERMEDIO,2652,132.16774701407036
INTERMEDIO,2653,133.1778906883088
INTERMEDIO,2654,124.46689656662213
INTERMEDIO,2655,114.48204060865496
INTERMEDIO,2656,115.78394599154583
INTERMEDIO,2657,124.96755760595875
INTERMEDIO,2658,114.2286147719054
INTERMEDIO,2659,105.0270866634972
INTERMEDIO,2660,128.4041438919428
INTERMEDIO,2661,120.15739741388602
INTERMEDIO,2662,117.91293589744826
INTERMEDIO,2663,125.36174524634092
INTERMEDIO,2664,136.0691930889809
INTERMEDIO,2665,148.2971860057909
INTERMEDIO,2666,133.0930145015587
INTERMEDIO,2667,134.23010555480974
INTERMEDIO,2668,134.97908849097863
INTERMEDIO,2669,126.65614626908467
INTERMEDIO,2670,123.9243485590311
INTERMEDIO,2671,128.20878432818904
INTERMEDIO,2672,114.88816866239488
INTERMEDIO,2673,123.07216255899048
INTERMEDIO,2674,123.06398195601875
INTERMEDIO,2675,114.95689609708272
INTERMEDIO,2676,117.31020395981227
INTERMEDIO,2677,128.2355997103388
INTERMEDIO,2678,140.01444661767883
INTERMEDIO,2679,153.13919676789627
INTERMEDIO,2680,122.00882284110648
INTERMEDIO,2681,136.26082998602448
INTERMEDIO,2682,120.14702972688823
INTERMEDIO,2683,119.45588130074995
INTERMEDIO,2684,126.83887050864257
INTERMEDIO,2685,133.30691211598185
INTERMEDIO,2686,109.7179886080727
INTERMEDIO,2687,131.3744768675199
INTERMEDIO,2688,120.01164611925988
INTERMEDIO,2689,96.47087617399443
INTERMEDIO,2690,115.80324207588167
INTERMEDIO,2691,127.97996954850261
INTERMEDIO,2692,117.23968385910555
INTERMEDIO,2693,116.66514755075492
INTERMEDIO,2694,134.9612647505178
INTERMEDIO,2695,126.477450325589
INTERMEDIO,2696,139.69878470955365
INTERMEDIO,2697,116.80912071729433
INTERMEDIO,2698,134.56639610263338
INTERMEDIO,2699,125.8947603653926
INTERMEDIO,2700,128.7768526971314
INTERMEDIO,2701,117.64127393958147
INTERMEDIO,2702,125.35292722740644
INTERMEDIO,2703,137.40319656349374
INTERMEDIO,2704,136.44157849885602
INTERMEDIO,2705,123.35001998777062
INTERMEDIO,2706,115.83660264447786
INTERMEDIO,2707,142.73251538638743
INTERMEDIO,2708,136.91586024461188
INTERMEDIO,2709,163.08989608158197
INTERMEDIO,2710,125.00481953647723
INTERMEDIO,2711,119.15121638992369
INTERMEDIO,2712,123.89607131170888
INTERMEDIO,2713,107.22937943603216
INTERMEDIO,2714,148.68028409393048
INTERMEDIO,2715,135.34190455159128
INTERMEDIO,2716,129.79010889796336
INTERMEDIO,2717,130.5210479843329
INTERMEDIO,2718,145.75434332920167
INTERMEDIO,2719,131.40221980557342
INTERMEDIO,2720,132.72415679847686
INTERMEDIO,2721,122.60745680555924
INTERMEDIO,2722,99.95887076245344
INTERMEDIO,2723,122.36921480185005
INTERMEDIO,2724,118.73169364916393
INTERMEDIO,2725,138.58582535926612
INTERMEDIO,2726,140.5891401262593
INTERMEDIO,2727,127.71390550650048
INTERMEDIO,2728,129.96126635349688
INTERMEDIO,2729,112.54820649876413
INTERMEDIO,2730,135.5268244957669
INTERMEDIO,2731,106.62925461170606
INTERMEDIO,2732,131.54704635483932
INTERMEDIO,2733,113.81730216070838
INTERMEDIO,2734,161.6910651369969
INTERMEDIO,2735,128.52603662897354
INTERMEDIO,2736,143.92053571550187
INTERMEDIO,2737,128.91291118887574
INTERMEDIO,2738,109.5361879799563
INTERMEDIO,2739,133.09514334224923
INTERMEDIO,2740,125.30256150852327
INTERMEDIO,2741,123.95217084833304
INTERMEDIO,2742,141.54448736119164
INTERMEDIO,2743,111.13320377437077
INTERMEDIO,2744,134.6181740411981
INTERMEDIO,2745,96.69713762879192
INTERMEDIO,2746,135.91706583662614
INTERMEDIO,2747,134.3174437235392
INTERMEDIO,2748,153.75170391359615
INTERMEDIO,2749,121.6290593647261
INTERMEDIO,2750,166.32688874035128
INTERMEDIO,2751,140.26433000945275
INTERMEDIO,2752,135.1025806157226
INTERMEDIO,2753,128.4086797108293
INTERMEDIO,2754,121.63413668317142
INTERMEDIO,2755,122.11059030992303
INTERMEDIO,2756,128.94447715924207
INTERMEDIO,2757,107.88563760504047
INTERMEDIO,2758,126.55948834191011
INTERMEDIO,2759,132.9922969025749
INTERMEDIO,2760,117.61026099856429
INTERMEDIO,2761,131.4135880866537
INTERMEDIO,2762,144.25290161095634
INTERMEDIO,2763,147.07264064027848
INTERMEDIO,2764,131.09434570087845
INTERMEDIO,2765,105.01200698755193
INTERMEDIO,2766,133.25485882490366
INTERMEDIO,2767,110.9669716734087
INTERMEDIO,2768,133.84915997391522
INTERMEDIO,2769,109.45403107802544
INTERMEDIO,2770,130.09551976062886
INTERMEDIO,2771,128.76597839586535
INTERMEDIO,2772,124.08502062955344
INTERMEDIO,2773,140.6586602618359
INTERMEDIO,2774,140.59250226729978
INTERMEDIO,2775,94.03122605379595
INTERMEDIO,2776,111.80633568503124
INTERMEDIO,2777,115.59458612547135
INTERMEDIO,2778,137.80410913367857
INTERMEDIO,2779,148.0081232748268
INTERMEDIO,2780,148.32154550792478
INTERMEDIO,2781,116.96538391509944
INTERMEDIO,2782,125.13091032122875
INTERMEDIO,2783,125.65267773745269
INTERMEDIO,2784,166.91425591517483
INTERMEDIO,2785,146.0754303834336
INTERMEDIO,2786,139.82658671684572
INTERMEDIO,2787,110.70391873009882
INTERMEDIO,2788,135.61543333285277
INTERMEDIO,2789,144.41865783520024
INTERMEDIO,2790,132.06786169815808
INTERMEDIO,2791,127.72075908442551
INTERMEDIO,2792,120.65480651613673
INTERMEDIO,2793,134.88127803026626
INTERMEDIO,2794,110.57735614392796
INTERMEDIO,2795,130.23421382571402
INTERMEDIO,2796,124.76680698606322
INTERMEDIO,2797,110.40648533699566
INTERMEDIO,2798,113.43657553090775
INTERMEDIO,2799,134.80681121848733
INTERMEDIO,2800,128.48229375450762
INTERMEDIO,2801,124.12012766660439
INTERMEDIO,2802,109.76563941521714
INTERMEDIO,2803,118.62463104932696
INTERMEDIO,2804,136.56338531122822
INTERMEDIO,2805,135.64024087272776
INTERMEDIO,2806,126.34685575453457
INTERMEDIO,2807,132.98988819798703
INTERMEDIO,2808,116.68717587639853
INTERMEDIO,2809,123.9839276774391
INTERMEDIO,2810,131.23572619946037
INTERMEDIO,2811,149.2774263263033
INTERMEDIO,2812,123.57310425690882
INTERMEDIO,2813,143.57666945143686
INTERMEDIO,2814,131.36536235098836
INTERMEDIO,2815,146.92595231762246
INTERMEDIO,2816,134.04235492341067
INTERMEDIO,2817,135.67383763675656
INTERMEDIO,2818,109.21373908588605
INTERMEDIO,2819,123.29515045768134
INTERMEDIO,2820,154.49216071866792
INTERMEDIO,2821,115.88383899764054
INTERMEDIO,2822,124.32943041266876
INTERMEDIO,2823,116.98465442517377
INTERMEDIO,2824,132.42601533334175
INTERMEDIO,2825,130.72046558844886
INTERMEDIO,2826,135.31199234566873
INTERMEDIO,2827,151.26107004571824
INTERMEDIO,2828,103.53696531799031
INTERMEDIO,2829,157.4222629140138
INTERMEDIO,2830,120.27472474566736
INTERMEDIO,2831,141.0559552074754
INTERMEDIO,2832,137.1201352133601
INTERMEDIO,2833,118.03557832403477
INTERMEDIO,2834,120.86054688574332
INTERMEDIO,2835,129.18523417223255
INTERMEDIO,2836,119.20348366584683
INTERMEDIO,2837,126.2822296946927
INTERMEDIO,2838,148.23880363691723
INTERMEDIO,2839,131.42335203974767
INTERMEDIO,2840,126.17789270846954
INTERMEDIO,2841,108.9872212814012
INTERMEDIO,2842,154.97320483129937
INTERMEDIO,2843,124.37408517019105
INTERMEDIO,2844,122.24695910973524
INTERMEDIO,2845,159.39290171060426
INTERMEDIO,2846,162.03018263622562
INTERMEDIO,2847,154.86696095555848
INTERMEDIO,2848,117.01819087140896
INTERMEDIO,2849,143.1996502467821
INTERMEDIO,2850,118.47947869365443
INTERMEDIO,2851,166.7225601197851
INTERMEDIO,2852,124.97186225498425
INTERMEDIO,2853,132.40593431336254
INTERMEDIO,2854,130.86653727865752
INTERMEDIO,2855,119.01802416731151
INTERMEDIO,2856,125.25205858586092
INTERMEDIO,2857,137.3496136942496
INTERMEDIO,2858,127.8280174735204
INTERMEDIO,2859,134.64796564404895
INTERMEDIO,2860,137.756952729528
INTERMEDIO,2861,105.73224307034941
INTERMEDIO,2862,129.17472156495805
INTERMEDIO,2863,138.69723787195406
INTERMEDIO,2864,128.61649995350064
INTERMEDIO,2865,125.03399468435664
INTERMEDIO,2866,127.18007230298502
INTERMEDIO,2867,142.22089633699736
INTERMEDIO,2868,144.64060248356043
INTERMEDIO,2869,119.62059396555739
INTERMEDIO,2870,129.11639034110723
INTERMEDIO,2871,130.01592958203608
INTERMEDIO,2872,116.908176341172
INTERMEDIO,2873,127.65245918966245
INTERMEDIO,2874,117.51334970896517
INTERMEDIO,2875,135.35842549914238
INTERMEDIO,2876,125.00402569335765
INTERMEDIO,2877,114.52946803097205
INTERMEDIO,2878,128.5174750336893
INTERMEDIO,2879,122.34070169447952
INTERMEDIO,2880,127.79649359818822
INTERMEDIO,2881,133.2866849200247
INTERMEDIO,2882,140.53096655834293
INTERMEDIO,2883,129.5552717814208
INTERMEDIO,2884,109.9272562076027
INTERMEDIO,2885,134.1948250799048
INTERMEDIO,2886,133.99200258871764
INTERMEDIO,2887,125.13545854184822
INTERMEDIO,2888,129.93613965157
INTERMEDIO,2889,143.95756473723773
INTERMEDIO,2890,121.91508556197965
INTERMEDIO,2891,117.63902933695793
INTERMEDIO,2892,106.61122548795836
INTERMEDIO,2893,98.54034548091622
INTERMEDIO,2894,109.68343324899126
INTERMEDIO,2895,118.48554996980026
INTERMEDIO,2896,134.24214711966098
INTERMEDIO,2897,131.65559679126196
INTERMEDIO,2898,131.17692058300605
INTERMEDIO,2899,142.94118327898124
INTERMEDIO,2900,141.9665431683918
INTERMEDIO,2901,135.98520824546583
INTERMEDIO,2902,155.72106902898616
INTERMEDIO,2903,151.83150452311008
INTERMEDIO,2904,122.13826603184911
INTERMEDIO,2905,146.00405157417995
INTERMEDIO,2906,139.94610014017357
INTERMEDIO,2907,141.25027010493926
INTERMEDIO,2908,138.78016451625578
INTERMEDIO,2909,151.64929699136192
INTERMEDIO,2910,142.66326084196592
INTERMEDIO,2911,143.21391255208667
INTERMEDIO,2912,128.35727842874064
INTERMEDIO,2913,144.99568231077984
INTERMEDIO,2914,132.76322976159858
INTERMEDIO,2915,144.7865376146115
INTERMEDIO,2916,147.19128420959123
INTERMEDIO,2917,147.77481671988062
INTERMEDIO,2918,142.85975386458313
INTERMEDIO,2919,133.5567711499257
INTERMEDIO,2920,108.28090333761558
INTERMEDIO,2921,119.84487203129865
INTERMEDIO,2922,123.26713193835936
INTERMEDIO,2923,121.18144300339681
INTERMEDIO,2924,124.16710221430687
INTERMEDIO,2925,125.55481089846232
INTERMEDIO,2926,79.11875194941666
INTERMEDIO,2927,112.21225781118804
INTERMEDIO,2928,158.43809741571613
INTERMEDIO,2929,130.4065289974232
INTERMEDIO,2930,121.39106506449342
INTERMEDIO,2931,162.58718536096063
INTERMEDIO,2932,135.05860505834568
INTERMEDIO,2933,104.61298654199769
INTERMEDIO,2934,126.54743043538764
INTERMEDIO,2935,119.68128585789572
INTERMEDIO,2936,132.43010015276923
INTERMEDIO,2937,134.7073950372816
INTERMEDIO,2938,141.57417478081152
INTERMEDIO,2939,111.60034388961432
INTERMEDIO,2940,133.83604280626838
INTERMEDIO,2941,102.45174708190581
INTERMEDIO,2942,133.01566056039013
INTERMEDIO,2943,135.44820273178448
INTERMEDIO,2944,126.45357167406358
INTERMEDIO,2945,142.34445842383835
INTERMEDIO,2946,148.25618676642839
INTERMEDIO,2947,131.26802942347902
INTERMEDIO,2948,134.52087078548473
INTERMEDIO,2949,122.0395590287882
INTERMEDIO,2950,136.76328366104383
INTERMEDIO,2951,104.00548683879403
INTERMEDIO,2952,124.00373690951369
INTERMEDIO,2953,141.0330097868379
INTERMEDIO,2954,115.33878902374765
INTERMEDIO,2955,120.82106544451611
INTERMEDIO,2956,127.404258421991
INTERMEDIO,2957,152.33044566391663
INTERMEDIO,2958,150.8996373281884
INTERMEDIO,2959,106.55817048106155
INTERMEDIO,2960,131.09230521758346
INTERMEDIO,2961,114.84922895525946
INTERMEDIO,2962,128.0927425228922
INTERMEDIO,2963,121.3870534324064
INTERMEDIO,2964,146.67060212965987
INTERMEDIO,2965,97.68384314874517
INTERMEDIO,2966,161.72401369850274
INTERMEDIO,2967,120.39610554368633
INTERMEDIO,2968,123.28383460675542
INTERMEDIO,2969,134.09555793759415
INTERMEDIO,2970,148.99628888039777
INTERMEDIO,2971,127.24221933466974
INTERMEDIO,2972,141.48214807184988
INTERMEDIO,2973,108.49158256726287
INTERMEDIO,2974,132.74630895676677
INTERMEDIO,2975,134.56787928021498
INTERMEDIO,2976,138.35302387546065
INTERMEDIO,2977,143.32505541893812
INTERMEDIO,2978,110.13514492503182
INTERMEDIO,2979,130.0756386145859
INTERMEDIO,2980,124.38850277634533
INTERMEDIO,2981,131.28985844229203
INTERMEDIO,2982,128.81224870027296
INTERMEDIO,2983,149.88184927035633
INTERMEDIO,2984,128.74367589563394
INTERMEDIO,2985,131.30966377154465
INTERMEDIO,2986,124.01491504473931
INTERMEDIO,2987,115.42041857149911
INTERMEDIO,2988,120.74800590403423
INTERMEDIO,2989,119.28190559324419
INTERMEDIO,2990,145.6342612595994
INTERMEDIO,2991,121.5349115412648
INTERMEDIO,2992,135.70948674407245
INTERMEDIO,2993,157.21599481754515
INTERMEDIO,2994,124.68105566032709
INTERMEDIO,2995,130.86708263326793
INTERMEDIO,2996,150.65474555967603
INTERMEDIO,2997,134.46239456152472
INTERMEDIO,2998,128.33185586547935
INTERMEDIO,2999,126.92605730362891
INTERMEDIO,3000,147.49141427590692
INTERMEDIO,3001,147.08044469138528
INTERMEDIO,3002,132.21450949635852
INTERMEDIO,3003,134.72541988462206
INTERMEDIO,3004,155.21067655945728
INTERMEDIO,3005,155.14560627058742
INTERMEDIO,3006,115.0699462370866
INTERMEDIO,3007,130.00936869013685
INTERMEDIO,3008,122.37542994174434
INTERMEDIO,3009,128.39232400849792
INTERMEDIO,3010,135.4833587076882
INTERMEDIO,3011,141.74551983552988
INTERMEDIO,3012,120.10650622290912
INTERMEDIO,3013,130.50016199483466
INTERMEDIO,3014,129.18861458171472
INTERMEDIO,3015,163.89908750287253
INTERMEDIO,3016,137.65317690045978
INTERMEDIO,3017,126.18269318650557
INTERMEDIO,3018,122.42421657194913
INTERMEDIO,3019,130.25310244285367
INTERMEDIO,3020,159.005748372472
INTERMEDIO,3021,133.1501726386768
INTERMEDIO,3022,122.5658565298096
INTERMEDIO,3023,127.76932945906255
INTERMEDIO,3024,139.27184806683798
INTERMEDIO,3025,146.24621064603383
INTERMEDIO,3026,135.81933702903464
INTERMEDIO,3027,129.35931545531804
INTERMEDIO,3028,105.13794149795382
INTERMEDIO,3029,147.12690371587775
INTERMEDIO,3030,140.34322619072842
INTERMEDIO,3031,119.88738453573568
INTERMEDIO,3032,112.79752927946788
INTERMEDIO,3033,122.33578844619001
INTERMEDIO,3034,134.68550955581094
INTERMEDIO,3035,171.35786178732315
INTERMEDIO,3036,144.71205416928922
INTERMEDIO,3037,140.574006232219
INTERMEDIO,3038,143.40001746144685
INTERMEDIO,3039,121.12597669648147
INTERMEDIO,3040,94.28536041152358
INTERMEDIO,3041,116.26177490385092
INTERMEDIO,3042,124.35590470005604
INTERMEDIO,3043,136.81680106830248
INTERMEDIO,3044,121.38343356436623
INTERMEDIO,3045,148.02405530227668
INTERMEDIO,3046,123.86093009173672
INTERMEDIO,3047,134.47435027624778
INTERMEDIO,3048,137.69194449157962
INTERMEDIO,3049,118.96827912226995
INTERMEDIO,3050,102.07021188772197
INTERMEDIO,3051,122.71892656004624
INTERMEDIO,3052,130.07770493076282
INTERMEDIO,3053,108.25664577591893
INTERMEDIO,3054,129.858617191377
INTERMEDIO,3055,149.3603162275259
INTERMEDIO,3056,141.74880366214686
INTERMEDIO,3057,120.1481676262962
INTERMEDIO,3058,137.95917311004777
INTERMEDIO,3059,134.49413728079836
INTERMEDIO,3060,109.2192774842332
INTERMEDIO,3061,116.4605376658726
INTERMEDIO,3062,122.71846207115512
INTERMEDIO,3063,113.22196267281932
INTERMEDIO,3064,133.31279913415997
INTERMEDIO,3065,149.53289017155356
INTERMEDIO,3066,117.013698734241
INTERMEDIO,3067,150.73381468277753
INTERMEDIO,3068,143.31278671800737
INTERMEDIO,3069,129.84959814499013
INTERMEDIO,3070,141.3442766705183
INTERMEDIO,3071,120.86431346168737
INTERMEDIO,3072,131.4861980487914
INTERMEDIO,3073,147.44302371411783
INTERMEDIO,3074,140.37766460126025
INTERMEDIO,3075,129.54225158949976
INTERMEDIO,3076,145.7758461239594
INTERMEDIO,3077,138.95958683043182
INTERMEDIO,3078,136.50736827410617
INTERMEDIO,3079,139.22754695590706
INTERMEDIO,3080,125.6391981182158
INTERMEDIO,3081,157.9486959809626
INTERMEDIO,3082,113.98301532633052
INTERMEDIO,3083,134.3828457256893
INTERMEDIO,3084,120.8993712520093
INTERMEDIO,3085,115.06808445810599
INTERMEDIO,3086,123.79562633319676
INTERMEDIO,3087,128.71481266637358
INTERMEDIO,3088,120.86798696254931
INTERMEDIO,3089,137.44067814822407
INTERMEDIO,3090,133.81654266839834
INTERMEDIO,3091,146.80531715270445
INTERMEDIO,3092,145.7199148654605
INTERMEDIO,3093,136.0782737263345
INTERMEDIO,3094,128.09137838602132
INTERMEDIO,3095,107.20807487808167
INTERMEDIO,3096,133.56331849858108
INTERMEDIO,3097,131.77422372402552
INTERMEDIO,3098,152.31936355524266
INTERMEDIO,3099,139.71050683728183
INTERMEDIO,3100,122.59775708376814
INTERMEDIO,3101,119.9345677954886
INTERMEDIO,3102,146.5086990833259
INTERMEDIO,3103,122.46784812633803
INTERMEDIO,3104,113.05276590564556
INTERMEDIO,3105,145.15388137582636
INTERMEDIO,3106,128.4300187802722
INTERMEDIO,3107,114.52813205771415
INTERMEDIO,3108,109.79167733457766
INTERMEDIO,3109,108.54418401604245
INTERMEDIO,3110,105.9678954062177
INTERMEDIO,3111,123.67967828120766
INTERMEDIO,3112,131.04373787737887
INTERMEDIO,3113,121.02704245106233
INTERMEDIO,3114,131.51093542019117
INTERMEDIO,3115,121.7711058394443
INTERMEDIO,3116,118.50379021126965
INTERMEDIO,3117,139.676217672852
INTERMEDIO,3118,108.78106636378803
INTERMEDIO,3119,149.7950871260864
INTERMEDIO,3120,115.64099593254358
INTERMEDIO,3121,116.77480153040678
INTERMEDIO,3122,135.8536877813288
INTERMEDIO,3123,104.41654771501942
INTERMEDIO,3124,133.63530879722924
INTERMEDIO,3125,112.44337058619237
INTERMEDIO,3126,121.14245220025973
INTERMEDIO,3127,101.51837808651806
INTERMEDIO,3128,118.16984385377724
INTERMEDIO,3129,115.84809804290282
INTERMEDIO,3130,148.15539861642594
INTERMEDIO,3131,145.5185820689138
INTERMEDIO,3132,124.52571966199399
INTERMEDIO,3133,150.83385523396822
INTERMEDIO,3134,145.5609441457103
INTERMEDIO,3135,117.05695327791148
INTERMEDIO,3136,114.90816015462572
INTERMEDIO,3137,131.31647903514943
INTERMEDIO,3138,116.80208931138024
INTERMEDIO,3139,116.59109688264078
INTERMEDIO,3140,121.3918838105166
INTERMEDIO,3141,106.39500529753988
INTERMEDIO,3142,136.66439351290532
INTERMEDIO,3143,135.21647950094746
INTERMEDIO,3144,89.19701590265458
INTERMEDIO,3145,125.33963763788846
INTERMEDIO,3146,124.99123232477154
INTERMEDIO,3147,124.9948493817255
INTERMEDIO,3148,127.8294420401727
INTERMEDIO,3149,138.5330735279357
INTERMEDIO,3150,104.75490502835241
INTERMEDIO,3151,116.1845463858619
INTERMEDIO,3152,142.7363288739138
INTERMEDIO,3153,123.87467821919046
INTERMEDIO,3154,126.23845086213205
INTERMEDIO,3155,153.19879095662884
INTERMEDIO,3156,127.05046522352339
INTERMEDIO,3157,133.1740886512927
INTERMEDIO,3158,135.47639742383544
INTERMEDIO,3159,131.26519027764752
INTERMEDIO,3160,152.62531506569744
INTERMEDIO,3161,132.16574342167695
INTERMEDIO,3162,107.69150452773934
INTERMEDIO,3163,137.4796018778629
INTERMEDIO,3164,130.18366761015585
INTERMEDIO,3165,120.296471084271
INTERMEDIO,3166,142.53217076546744
INTERMEDIO,3167,124.1703018773131
INTERMEDIO,3168,108.37738448756949
INTERMEDIO,3169,112.27290588511052
INTERMEDIO,3170,155.73922943049968
INTERMEDIO,3171,135.18855044568153
INTERMEDIO,3172,142.51252613365278
INTERMEDIO,3173,115.56256933526478
INTERMEDIO,3174,144.3940280784972
INTERMEDIO,3175,132.10225796219189
INTERMEDIO,3176,125.75064583821015
INTERMEDIO,3177,105.86873215644336
INTERMEDIO,3178,131.60812753998144
INTERMEDIO,3179,145.30735033039824
INTERMEDIO,3180,147.13980221379046
INTERMEDIO,3181,141.8489964601239
INTERMEDIO,3182,123.7272702496297
INTERMEDIO,3183,150.57651629202974
INTERMEDIO,3184,132.51729628909894
INTERMEDIO,3185,118.92234282619042
INTERMEDIO,3186,134.98894836835697
INTERMEDIO,3187,103.8739145688701
INTERMEDIO,3188,143.0133715003551
INTERMEDIO,3189,126.8770017087346
INTERMEDIO,3190,131.37559581886913
INTERMEDIO,3191,146.23026578160554
INTERMEDIO,3192,122.2121020181503
INTERMEDIO,3193,104.9466211301344
INTERMEDIO,3194,130.4518648062859
INTERMEDIO,3195,138.13281925755854
INTERMEDIO,3196,130.816088975562
INTERMEDIO,3197,127.31733990654766
INTERMEDIO,3198,132.79604233997162
INTERMEDIO,3199,123.97454512687577
INTERMEDIO,3200,126.08472749460387
INTERMEDIO,3201,102.20434067894531
INTERMEDIO,3202,125.86224748713246
INTERMEDIO,3203,134.17217219792275
INTERMEDIO,3204,147.35809912609668
INTERMEDIO,3205,128.97253276926872
INTERMEDIO,3206,130.82696132268495
INTERMEDIO,3207,135.1419309786153
INTERMEDIO,3208,133.81221505244946
INTERMEDIO,3209,147.24073393017758
INTERMEDIO,3210,126.75763931268692
INTERMEDIO,3211,141.28974937888538
INTERMEDIO,3212,115.90368690696143
INTERMEDIO,3213,130.2325056341253
INTERMEDIO,3214,144.3945702759133
INTERMEDIO,3215,142.33271672933714
INTERMEDIO,3216,136.4254251602788
INTERMEDIO,3217,133.98264416939568
INTERMEDIO,3218,116.44798506735609
INTERMEDIO,3219,120.38834367256537
INTERMEDIO,3220,144.69479608252865
INTERMEDIO,3221,145.51329906737712
INTERMEDIO,3222,129.55837837675293
INTERMEDIO,3223,135.9666689945107
INTERMEDIO,3224,155.07599512938654
INTERMEDIO,3225,123.93138719968864
INTERMEDIO,3226,121.34191485940666
INTERMEDIO,3227,112.96657038344136
INTERMEDIO,3228,165.13812051058966
INTERMEDIO,3229,111.17028339752025
INTERMEDIO,3230,144.9355156201759
INTERMEDIO,3231,161.66942743756942
INTERMEDIO,3232,125.15947273093312
INTERMEDIO,3233,138.5567199739713
INTERMEDIO,3234,119.08902939710381
INTERMEDIO,3235,131.86546533369994
INTERMEDIO,3236,166.01761238187675
INTERMEDIO,3237,133.3411071564121
INTERMEDIO,3238,138.02343388471877
INTERMEDIO,3239,152.35434831296857
INTERMEDIO,3240,139.73030830613544
INTERMEDIO,3241,132.914547914452
INTERMEDIO,3242,118.10708640198949
INTERMEDIO,3243,101.76798637523687
INTERMEDIO,3244,119.49269650282194
INTERMEDIO,3245,120.67091395795505
INTERMEDIO,3246,157.20882675098662
INTERMEDIO,3247,115.79130780790234
INTERMEDIO,3248,138.55959859418522
INTERMEDIO,3249,139.5750411942193
INTERMEDIO,3250,116.13895577301184
INTERMEDIO,3251,131.23659669550872
INTERMEDIO,3252,127.9485201606542
INTERMEDIO,3253,136.7889058282384
INTERMEDIO,3254,121.4571267610998
INTERMEDIO,3255,112.20105769487282
INTERMEDIO,3256,139.38577858819332
INTERMEDIO,3257,146.35293370047052
INTERMEDIO,3258,129.9966436863624
INTERMEDIO,3259,171.49893032318244
INTERMEDIO,3260,134.23657140942538
INTERMEDIO,3261,144.90562621628666
INTERMEDIO,3262,118.92978153667279
INTERMEDIO,3263,137.43937678746462
INTERMEDIO,3264,166.54099980617093
INTERMEDIO,3265,116.22024585723928
INTERMEDIO,3266,127.32199996013401
INTERMEDIO,3267,103.6182056155572
INTERMEDIO,3268,143.24577414986854
INTERMEDIO,3269,131.45898372922855
INTERMEDIO,3270,111.98216770705695
INTERMEDIO,3271,130.58044047532715
INTERMEDIO,3272,128.4961673506707
INTERMEDIO,3273,155.60935250685966
INTERMEDIO,3274,129.62201721374012
INTERMEDIO,3275,137.57058188128033
INTERMEDIO,3276,142.25938258929818
INTERMEDIO,3277,150.71788106772618
INTERMEDIO,3278,133.00515692929184
INTERMEDIO,3279,128.498251970346
INTERMEDIO,3280,131.90737061498902
INTERMEDIO,3281,139.27150020522808
INTERMEDIO,3282,145.69791980622122
INTERMEDIO,3283,139.9869461157769
INTERMEDIO,3284,118.19797775695773
INTERMEDIO,3285,159.3738658772209
INTERMEDIO,3286,141.76264695539322
INTERMEDIO,3287,124.32329972023587
INTERMEDIO,3288,139.92607909805676
INTERMEDIO,3289,117.40749933329099
INTERMEDIO,3290,126.47848468918242
INTERMEDIO,3291,114.45534372951062
INTERMEDIO,3292,140.8251143875839
INTERMEDIO,3293,119.87450761507759
INTERMEDIO,3294,150.72731914017805
INTERMEDIO,3295,127.21025193214055
INTERMEDIO,3296,124.9079561914548
INTERMEDIO,3297,110.33010910388079
INTERMEDIO,3298,148.13108148798185
INTERMEDIO,3299,122.58628131811565
INTERMEDIO,3300,142.41438479496372
INTERMEDIO,3301,121.39282685699153
INTERMEDIO,3302,134.92679801511582
INTERMEDIO,3303,118.04406580259024
INTERMEDIO,3304,149.9009343129018
INTERMEDIO,3305,124.37328147468328
INTERMEDIO,3306,127.20254290701236
INTERMEDIO,3307,140.64371300486997
INTERMEDIO,3308,140.9428366077953
INTERMEDIO,3309,131.80648692131305
INTERMEDIO,3310,123.6853647680403
INTERMEDIO,3311,118.38743946712539
INTERMEDIO,3312,131.77721011623296
INTERMEDIO,3313,142.91286844958537
INTERMEDIO,3314,124.33464386525984
INTERMEDIO,3315,150.05505065625866
INTERMEDIO,3316,118.61500697264029
INTERMEDIO,3317,149.44586614555993
INTERMEDIO,3318,148.64629080479554
INTERMEDIO,3319,134.05539295512193
INTERMEDIO,3320,114.13177937259891
INTERMEDIO,3321,128.3193019059166
INTERMEDIO,3322,158.0482490658482
INTERMEDIO,3323,150.0979784578676
INTERMEDIO,3324,117.2848336447004
INTERMEDIO,3325,104.65979835851914
INTERMEDIO,3326,132.42518931803616
INTERMEDIO,3327,130.17266447060226
INTERMEDIO,3328,106.66749339528106
INTERMEDIO,3329,139.07624798784954
INTERMEDIO,3330,134.19745901153425
INTERMEDIO,3331,132.51414692083796
INTERMEDIO,3332,153.3615494474629
INTERMEDIO,3333,120.54189455766644
INTERMEDIO,3334,142.5361545994166
INTERMEDIO,3335,139.78773399748866
INTERMEDIO,3336,112.94094447367372
INTERMEDIO,3337,157.91018046637225
INTERMEDIO,3338,138.15173112112947
INTERMEDIO,3339,119.80223050255029
INTERMEDIO,3340,120.36571870017526
INTERMEDIO,3341,95.09728889276339
INTERMEDIO,3342,131.5008562546975
INTERMEDIO,3343,112.39270458974022
INTERMEDIO,3344,116.41871991039906
INTERMEDIO,3345,126.21987877251284
INTERMEDIO,3346,122.25171257989906
INTERMEDIO,3347,154.380625706012
INTERMEDIO,3348,117.11274219324275
INTERMEDIO,3349,135.9711251967265
INTERMEDIO,3350,130.1041081852353
INTERMEDIO,3351,150.24410864653774
INTERMEDIO,3352,112.08985980945522
INTERMEDIO,3353,148.43867411624007
INTERMEDIO,3354,119.00068707606258
INTERMEDIO,3355,136.50562686814376
INTERMEDIO,3356,138.2418742057143
INTERMEDIO,3357,121.05265124564328
INTERMEDIO,3358,99.92859400318916
INTERMEDIO,3359,123.8008322633394
INTERMEDIO,3360,122.72616482040337
INTERMEDIO,3361,119.54648136401767
INTERMEDIO,3362,131.16630803979822
INTERMEDIO,3363,113.30339687717348
INTERMEDIO,3364,112.01566606697578
INTERMEDIO,3365,129.8486998209691
INTERMEDIO,3366,121.13762947795288
INTERMEDIO,3367,142.6975039019411
INTERMEDIO,3368,163.753754467261
INTERMEDIO,3369,160.7491886065992
INTERMEDIO,3370,135.5921889294734
INTERMEDIO,3371,123.67149198709113
INTERMEDIO,3372,130.3975892483296
INTERMEDIO,3373,138.27652587373908
INTERMEDIO,3374,103.73627261502185
INTERMEDIO,3375,125.63785389439238
INTERMEDIO,3376,125.9068917443706
INTERMEDIO,3377,140.26580349828328
INTERMEDIO,3378,121.39610882938734
INTERMEDIO,3379,134.34354972639767
INTERMEDIO,3380,160.69560766658827
INTERMEDIO,3381,133.87973665180075
INTERMEDIO,3382,120.19191095102029
INTERMEDIO,3383,141.16412371678524
INTERMEDIO,3384,151.61502868871702
INTERMEDIO,3385,122.94355386456557
INTERMEDIO,3386,153.98025048585907
INTERMEDIO,3387,147.75359783073574
INTERMEDIO,3388,127.51650104404584
INTERMEDIO,3389,125.64363794440261
INTERMEDIO,3390,115.91402486265281
INTERMEDIO,3391,153.53088774855254
INTERMEDIO,3392,140.23363721664313
INTERMEDIO,3393,116.35684231834668
INTERMEDIO,3394,134.6849931350722
INTERMEDIO,3395,131.95262681454062
INTERMEDIO,3396,129.0669867350107
INTERMEDIO,3397,128.028104001381
INTERMEDIO,3398,145.70595693771133
INTERMEDIO,3399,122.33453448742911
INTERMEDIO,3400,129.26039937860864
INTERMEDIO,3401,134.5029394216251
INTERMEDIO,3402,114.23961523383015
INTERMEDIO,3403,134.72748786303245
INTERMEDIO,3404,133.35617313713578
INTERMEDIO,3405,147.96408887665245
INTERMEDIO,3406,137.23903007603016
INTERMEDIO,3407,108.00376568074188
INTERMEDIO,3408,124.8588764017743
INTERMEDIO,3409,133.55729949229655
INTERMEDIO,3410,123.37911878207987
INTERMEDIO,3411,136.1532732369775
INTERMEDIO,3412,145.74274997876248
INTERMEDIO,3413,135.8012304708804
INTERMEDIO,3414,121.93957541801153
INTERMEDIO,3415,104.96571498708288
INTERMEDIO,3416,140.9923551318151
INTERMEDIO,3417,135.05157756822723
INTERMEDIO,3418,109.81379521645088
INTERMEDIO,3419,113.68511588548753
INTERMEDIO,3420,122.32611926425525
INTERMEDIO,3421,128.32106380152445
INTERMEDIO,3422,134.76373052715306
INTERMEDIO,3423,128.3437646144011
INTERMEDIO,3424,141.21189221793617
INTERMEDIO,3425,141.81256808834382
INTERMEDIO,3426,140.74530899308306
INTERMEDIO,3427,134.58715361336183
INTERMEDIO,3428,119.42680098809423
INTERMEDIO,3429,114.3326590402007
INTERMEDIO,3430,120.38055697095929
INTERMEDIO,3431,148.9185066895924
INTERMEDIO,3432,128.17445086524162
INTERMEDIO,3433,87.21509609802567
INTERMEDIO,3434,133.70752637508926
INTERMEDIO,3435,144.16073164822248
INTERMEDIO,3436,120.869999253919
INTERMEDIO,3437,144.55928600992857
INTERMEDIO,3438,126.46707305927609
INTERMEDIO,3439,110.32600732646345
INTERMEDIO,3440,124.22801202392445
INTERMEDIO,3441,140.6082450579097
INTERMEDIO,3442,126.06706570604207
INTERMEDIO,3443,111.34302706018813
INTERMEDIO,3444,114.07704754086778
INTERMEDIO,3445,123.49086824821742
INTERMEDIO,3446,154.43925244208444
INTERMEDIO,3447,131.06886994093873
INTERMEDIO,3448,129.17485665614709
INTERMEDIO,3449,125.26823383511368
INTERMEDIO,3450,132.57750668349112
INTERMEDIO,3451,104.56699476256875
INTERMEDIO,3452,132.2448890643336
INTERMEDIO,3453,131.59936383976765
INTERMEDIO,3454,119.65424178784733
INTERMEDIO,3455,137.71526972648184
INTERMEDIO,3456,122.61980866476318
INTERMEDIO,3457,122.93549494146993
INTERMEDIO,3458,133.70424931611498
INTERMEDIO,3459,146.65905691348942
INTERMEDIO,3460,108.31976636014053
INTERMEDIO,3461,128.52119165175284
INTERMEDIO,3462,120.24140622952183
INTERMEDIO,3463,133.68211020133276
INTERMEDIO,3464,154.12518531359967
INTERMEDIO,3465,120.49602420429085
INTERMEDIO,3466,125.65261593847825
INTERMEDIO,3467,127.84754294342544
INTERMEDIO,3468,132.17183937473155
INTERMEDIO,3469,134.69326426879198
INTERMEDIO,3470,128.36782763490055
INTERMEDIO,3471,125.55301955592215
INTERMEDIO,3472,118.44935889494995
INTERMEDIO,3473,149.39074976144423
INTERMEDIO,3474,123.21383016811347
INTERMEDIO,3475,115.16633874711691
INTERMEDIO,3476,103.74179458730517
INTERMEDIO,3477,143.80256294211796
INTERMEDIO,3478,117.35869401455463
INTERMEDIO,3479,127.86086340510582
INTERMEDIO,3480,118.97931257096005
INTERMEDIO,3481,131.47043126978843
INTERMEDIO,3482,136.57718992906922
INTERMEDIO,3483,119.30237348262042
INTERMEDIO,3484,150.8651201282391
INTERMEDIO,3485,156.94119055650296
INTERMEDIO,3486,125.033419542169
INTERMEDIO,3487,133.5169514352576
INTERMEDIO,3488,118.09569992941397
INTERMEDIO,3489,123.90954830958157
INTERMEDIO,3490,124.69475697993461
INTERMEDIO,3491,141.02249839854204
INTERMEDIO,3492,113.53715311471602
INTERMEDIO,3493,132.08729274114842
INTERMEDIO,3494,126.01878054111562
INTERMEDIO,3495,143.86654738064095
INTERMEDIO,3496,107.1094156100445
INTERMEDIO,3497,136.39742589609068
INTERMEDIO,3498,129.5030646292025
INTERMEDIO,3499,142.6556188831637
INTERMEDIO,3500,125.16253727391637
INTERMEDIO,3501,135.7580025766119
INTERMEDIO,3502,80.11428351919453
INTERMEDIO,3503,128.35175853580967
INTERMEDIO,3504,114.32252505661475
INTERMEDIO,3505,120.73268982551625
INTERMEDIO,3506,129.6544859839574
INTERMEDIO,3507,104.92117693181135
INTERMEDIO,3508,123.39202520037145
INTERMEDIO,3509,106.65640769889734
INTERMEDIO,3510,129.09635072613176
INTERMEDIO,3511,120.20093199933419
INTERMEDIO,3512,144.335302861982
INTERMEDIO,3513,132.8932466223143
INTERMEDIO,3514,129.57743248696104
INTERMEDIO,3515,103.53203026870762
INTERMEDIO,3516,118.05256198584316
INTERMEDIO,3517,128.39509884895102
INTERMEDIO,3518,129.78950216197006
INTERMEDIO,3519,149.04432622021983
INTERMEDIO,3520,132.35143161678576
INTERMEDIO,3521,115.05570795285824
INTERMEDIO,3522,140.7383343982949
INTERMEDIO,3523,125.8099707486773
INTERMEDIO,3524,124.10039538338891
INTERMEDIO,3525,137.92601476667986
INTERMEDIO,3526,157.37740554921135
INTERMEDIO,3527,128.78910641360426
INTERMEDIO,3528,136.98306691763287
INTERMEDIO,3529,115.60198473889935
INTERMEDIO,3530,124.59195282954501
INTERMEDIO,3531,121.82551229242515
INTERMEDIO,3532,112.30745656034087
INTERMEDIO,3533,127.96411330757138
INTERMEDIO,3534,132.74960767240134
INTERMEDIO,3535,140.19683469076955
INTERMEDIO,3536,126.42998031928701
INTERMEDIO,3537,139.72600249061847
INTERMEDIO,3538,147.26937465934685
INTERMEDIO,3539,126.81799532495829
INTERMEDIO,3540,137.70989445488237
INTERMEDIO,3541,119.19982173085063
INTERMEDIO,3542,116.55187714284803
INTERMEDIO,3543,124.07214825705128
INTERMEDIO,3544,154.32744949449543
INTERMEDIO,3545,121.3716983698837
INTERMEDIO,3546,126.85855107251616
INTERMEDIO,3547,113.9599263412872
INTERMEDIO,3548,145.4366327348658
INTERMEDIO,3549,129.1468693529726
INTERMEDIO,3550,144.42717504638765
INTERMEDIO,3551,135.7057968949871
INTERMEDIO,3552,146.9534945004832
INTERMEDIO,3553,132.11614158819998
INTERMEDIO,3554,117.77318258515098
INTERMEDIO,3555,111.07000035792286
INTERMEDIO,3556,104.84109663582447
INTERMEDIO,3557,127.99153568327546
INTERMEDIO,3558,135.99647754014643
INTERMEDIO,3559,138.2187806030692
INTERMEDIO,3560,133.55804406575936
INTERMEDIO,3561,125.414457953234
INTERMEDIO,3562,125.53068559573373
INTERMEDIO,3563,125.7541424474339
INTERMEDIO,3564,130.14395333543365
INTERMEDIO,3565,137.72723793064168
INTERMEDIO,3566,118.42017378393726
INTERMEDIO,3567,146.172442364646
INTERMEDIO,3568,127.47112362841455
INTERMEDIO,3569,133.2798837391298
INTERMEDIO,3570,116.399312780773
INTERMEDIO,3571,125.07548419669624
INTERMEDIO,3572,129.76390939301572
INTERMEDIO,3573,144.38357042266756
INTERMEDIO,3574,124.38215758043995
INTERMEDIO,3575,135.62157703074848
INTERMEDIO,3576,115.33232541124025
INTERMEDIO,3577,131.7725044185008
INTERMEDIO,3578,149.60187383831243
INTERMEDIO,3579,127.37839162965696
INTERMEDIO,3580,116.93957537864082
INTERMEDIO,3581,135.54918449693986
INTERMEDIO,3582,104.04224736797293
INTERMEDIO,3583,119.7027400622086
INTERMEDIO,3584,143.1062093232805
INTERMEDIO,3585,129.09407298336362
INTERMEDIO,3586,141.12321562443344
INTERMEDIO,3587,131.00595927471736
INTERMEDIO,3588,133.3242728094946
INTERMEDIO,3589,133.708744746775
INTERMEDIO,3590,108.43354375391603
INTERMEDIO,3591,132.15553487876014
INTERMEDIO,3592,134.09147078708276
INTERMEDIO,3593,111.2857288003299
INTERMEDIO,3594,161.06703130667862
INTERMEDIO,3595,110.255352760825
INTERMEDIO,3596,122.63777519295655
INTERMEDIO,3597,138.10679914466152
INTERMEDIO,3598,118.71808941436149
INTERMEDIO,3599,118.1474028855283
INTERMEDIO,3600,132.22947378140452
INTERMEDIO,3601,114.87497379534807
INTERMEDIO,3602,130.5250257483864
INTERMEDIO,3603,145.11175053271097
INTERMEDIO,3604,126.73687489704125
INTERMEDIO,3605,118.13125020187262
INTERMEDIO,3606,135.1840767903113
INTERMEDIO,3607,134.66618323992827
INTERMEDIO,3608,114.54419409132878
INTERMEDIO,3609,118.47537279561597
INTERMEDIO,3610,135.10972375543247
INTERMEDIO,3611,137.0891737976591
INTERMEDIO,3612,148.04165780395198
INTERMEDIO,3613,122.75138382157496
INTERMEDIO,3614,126.32263486908232
INTERMEDIO,3615,116.93099611453599
INTERMEDIO,3616,143.07164935168694
INTERMEDIO,3617,145.456326536743
INTERMEDIO,3618,128.10872256493641
INTERMEDIO,3619,145.5847603821184
INTERMEDIO,3620,141.43761554080604
INTERMEDIO,3621,147.40897549274735
INTERMEDIO,3622,136.42566971333648
INTERMEDIO,3623,140.27875423503016
INTERMEDIO,3624,123.46208187473742
INTERMEDIO,3625,175.89665631977314
INTERMEDIO,3626,148.3086192954742
INTERMEDIO,3627,129.68487168799825
INTERMEDIO,3628,135.72850646437544
INTERMEDIO,3629,139.4271281795959
INTERMEDIO,3630,139.7855827089751
INTERMEDIO,3631,155.29202132180092
INTERMEDIO,3632,125.31294790743573
INTERMEDIO,3633,127.28060909880077
INTERMEDIO,3634,129.63136799043832
INTERMEDIO,3635,122.9898013355634
INTERMEDIO,3636,116.40882927066491
INTERMEDIO,3637,135.52131017832235
INTERMEDIO,3638,147.7474060728324
INTERMEDIO,3639,142.994152011197
INTERMEDIO,3640,120.43876325122447
INTERMEDIO,3641,141.24699321937777
INTERMEDIO,3642,122.9731353495629
INTERMEDIO,3643,128.67253566062305
INTERMEDIO,3644,117.89961004012083
INTERMEDIO,3645,124.15219455491425
INTERMEDIO,3646,142.60310803824387
INTERMEDIO,3647,104.94752155683615
INTERMEDIO,3648,123.57772710867202
INTERMEDIO,3649,112.86360197754941
INTERMEDIO,3650,141.6297029267094
INTERMEDIO,3651,141.7242835246441
INTERMEDIO,3652,128.00763551259496
INTERMEDIO,3653,116.48688155411237
INTERMEDIO,3654,132.3422916216032
INTERMEDIO,3655,133.76202122019708
INTERMEDIO,3656,107.82720742413186
INTERMEDIO,3657,152.39833902131954
INTERMEDIO,3658,116.83118635165984
INTERMEDIO,3659,125.68517706478343
INTERMEDIO,3660,118.68370325449484
INTERMEDIO,3661,102.24583207228835
INTERMEDIO,3662,123.95996337394301
INTERMEDIO,3663,146.31914793728097
INTERMEDIO,3664,122.80719795295897
INTERMEDIO,3665,134.1287735448075
INTERMEDIO,3666,144.12063760290863
INTERMEDIO,3667,131.0330903903655
INTERMEDIO,3668,134.39645875671786
INTERMEDIO,3669,146.9421619017695
INTERMEDIO,3670,121.66696881434089
INTERMEDIO,3671,119.5130248496406
INTERMEDIO,3672,117.80037896336273
INTERMEDIO,3673,124.52913490213918
INTERMEDIO,3674,112.0763088281285
INTERMEDIO,3675,121.12595189865777
INTERMEDIO,3676,159.9207643292241
INTERMEDIO,3677,122.97260352649936
INTERMEDIO,3678,114.36032018965231
INTERMEDIO,3679,123.43488582117274
INTERMEDIO,3680,119.7854660824405
INTERMEDIO,3681,143.1789414319662
INTERMEDIO,3682,146.18121586810125
INTERMEDIO,3683,121.6859005547059
INTERMEDIO,3684,116.32068028122342
INTERMEDIO,3685,129.32642897894925
INTERMEDIO,3686,105.70253254514874
INTERMEDIO,3687,144.73424209892178
INTERMEDIO,3688,127.63493091536535
INTERMEDIO,3689,112.57659182027784
INTERMEDIO,3690,111.34576000337921
INTERMEDIO,3691,105.31019245240626
INTERMEDIO,3692,117.66599077601984
INTERMEDIO,3693,144.11350267967902
INTERMEDIO,3694,140.60889110883537
INTERMEDIO,3695,124.61718816994286
INTERMEDIO,3696,114.13078271755872
INTERMEDIO,3697,129.63359230093334
INTERMEDIO,3698,145.47542926311593
INTERMEDIO,3699,124.4405755066744
INTERMEDIO,3700,105.33514255318542
INTERMEDIO,3701,155.05064545190024
INTERMEDIO,3702,125.62692136550024
INTERMEDIO,3703,143.51191526689476
INTERMEDIO,3704,117.88970088722715
INTERMEDIO,3705,119.83537014965559
INTERMEDIO,3706,133.1642198895858
INTERMEDIO,3707,124.89860945017514
INTERMEDIO,3708,117.63426810871673
INTERMEDIO,3709,122.68253870731508
INTERMEDIO,3710,112.34428419708553
INTERMEDIO,3711,118.36794501275001
INTERMEDIO,3712,136.715211854844
INTERMEDIO,3713,121.01175553582254
INTERMEDIO,3714,142.77154467537133
INTERMEDIO,3715,129.95544506476728
INTERMEDIO,3716,116.72371701062167
INTERMEDIO,3717,150.03968424871547
INTERMEDIO,3718,124.44438724095134
INTERMEDIO,3719,139.5362201976399
INTERMEDIO,3720,140.77817599903966
INTERMEDIO,3721,140.0095299722752
INTERMEDIO,3722,137.72499042832052
INTERMEDIO,3723,107.40943668397432
INTERMEDIO,3724,141.17318353480928
INTERMEDIO,3725,122.40333961999019
INTERMEDIO,3726,109.34723555370147
INTERMEDIO,3727,147.36501446966778
INTERMEDIO,3728,130.30480632758858
INTERMEDIO,3729,155.7891720733255
INTERMEDIO,3730,110.488136245577
INTERMEDIO,3731,132.00808457741053
INTERMEDIO,3732,131.9200188773145
INTERMEDIO,3733,150.38595564483097
INTERMEDIO,3734,138.4533193741327
INTERMEDIO,3735,132.82565651631415
INTERMEDIO,3736,126.62662624520708
INTERMEDIO,3737,116.47004550101686
INTERMEDIO,3738,112.29767212775538
INTERMEDIO,3739,111.31852519403647
INTERMEDIO,3740,136.24042167077687
INTERMEDIO,3741,130.06811922062607
INTERMEDIO,3742,128.2773310304039
INTERMEDIO,3743,135.1579491601364
INTERMEDIO,3744,135.23155461138873
INTERMEDIO,3745,137.95290967326054
INTERMEDIO,3746,121.05795654165618
INTERMEDIO,3747,135.87738634925435
INTERMEDIO,3748,112.58081775948546
INTERMEDIO,3749,128.85708231188116
INTERMEDIO,3750,130.30288840646662
INTERMEDIO,3751,140.3678591669491
INTERMEDIO,3752,127.01099660422531
INTERMEDIO,3753,132.87579826990057
INTERMEDIO,3754,123.61305120088174
INTERMEDIO,3755,119.45434539946608
INTERMEDIO,3756,128.57801931711992
INTERMEDIO,3757,111.13914012406502
INTERMEDIO,3758,107.16152129086292
INTERMEDIO,3759,137.71284218035984
INTERMEDIO,3760,142.28544491745302
INTERMEDIO,3761,126.9506469329834
INTERMEDIO,3762,96.26588951633275
INTERMEDIO,3763,103.40774193925219
INTERMEDIO,3764,134.54341082945356
INTERMEDIO,3765,116.95729560875692
INTERMEDIO,3766,116.44825825414406
INTERMEDIO,3767,99.24747396662978
INTERMEDIO,3768,138.41392066390674
INTERMEDIO,3769,142.28014744011483
INTERMEDIO,3770,127.92492143255674
INTERMEDIO,3771,104.00138168717955
INTERMEDIO,3772,129.36619395021495
INTERMEDIO,3773,138.62260286903617
INTERMEDIO,3774,115.23795013589319
INTERMEDIO,3775,143.17781991215813
INTERMEDIO,3776,109.65041828261596
INTERMEDIO,3777,148.75308127776762
INTERMEDIO,3778,125.04458122638563
INTERMEDIO,3779,141.71114381826305
INTERMEDIO,3780,137.84063450034043
INTERMEDIO,3781,125.1982037523338
INTERMEDIO,3782,141.34788603010315
INTERMEDIO,3783,131.83250240280395
INTERMEDIO,3784,149.58951766894597
INTERMEDIO,3785,137.064917557075
INTERMEDIO,3786,110.0379707129459
INTERMEDIO,3787,106.06108116509023
INTERMEDIO,3788,110.97672010870234
INTERMEDIO,3789,127.41653324209142
INTERMEDIO,3790,136.43563861538917
INTERMEDIO,3791,125.54626768518762
INTERMEDIO,3792,126.42628141894254
INTERMEDIO,3793,130.18735474529592
INTERMEDIO,3794,118.64799958603166
INTERMEDIO,3795,111.40321814761555
INTERMEDIO,3796,125.18123314142719
INTERMEDIO,3797,129.3777758615911
INTERMEDIO,3798,131.38351293228789
INTERMEDIO,3799,149.78856336873594
INTERMEDIO,3800,128.82270213470477
INTERMEDIO,3801,146.85143149183338
INTERMEDIO,3802,114.55782550200075
INTERMEDIO,3803,130.742550666913
INTERMEDIO,3804,136.79826169298568
INTERMEDIO,3805,115.23169088921173
INTERMEDIO,3806,135.05869674392716
INTERMEDIO,3807,112.44851767899137
INTERMEDIO,3808,139.37430952561294
INTERMEDIO,3809,124.54574693654948
INTERMEDIO,3810,138.78130206462234
INTERMEDIO,3811,133.91143585564072
INTERMEDIO,3812,107.9232753441199
INTERMEDIO,3813,125.48169901633723
INTERMEDIO,3814,129.92369827733845
INTERMEDIO,3815,127.49425924220516
INTERMEDIO,3816,119.6400146435081
INTERMEDIO,3817,155.18086474321476
INTERMEDIO,3818,136.55060216365575
INTERMEDIO,3819,148.9269428300134
INTERMEDIO,3820,134.1379716023601
INTERMEDIO,3821,152.56154793489878
INTERMEDIO,3822,131.23092754993317
INTERMEDIO,3823,138.7251612662379
INTERMEDIO,3824,138.1178417493306
INTERMEDIO,3825,151.71324533638446
INTERMEDIO,3826,133.4208054460697
INTERMEDIO,3827,126.81100727123156
INTERMEDIO,3828,103.23354665191127
INTERMEDIO,3829,112.3272751411483
INTERMEDIO,3830,143.45875061983693
INTERMEDIO,3831,120.33104640757352
INTERMEDIO,3832,148.98474832305945
INTERMEDIO,3833,165.367621713585
INTERMEDIO,3834,130.11571643107897
INTERMEDIO,3835,148.74319954113975
INTERMEDIO,3836,130.02812714028
INTERMEDIO,3837,112.41266993639724
INTERMEDIO,3838,119.80787650049189
INTERMEDIO,3839,111.40571563135737
INTERMEDIO,3840,131.57569979755698
INTERMEDIO,3841,127.00834923320464
INTERMEDIO,3842,139.21886759853155
INTERMEDIO,3843,136.6202281017061
INTERMEDIO,3844,125.5805695980536
INTERMEDIO,3845,144.10622577619128
INTERMEDIO,3846,136.8516376823236
INTERMEDIO,3847,127.87847088393399
INTERMEDIO,3848,112.61680302700317
INTERMEDIO,3849,133.5893939137929
INTERMEDIO,3850,132.26214794133696
INTERMEDIO,3851,123.6752395529113
INTERMEDIO,3852,161.1056818349492
INTERMEDIO,3853,125.60183825152168
INTERMEDIO,3854,108.72420687275505
INTERMEDIO,3855,118.62673241272205
INTERMEDIO,3856,144.62981273827688
INTERMEDIO,3857,127.44005146697427
INTERMEDIO,3858,122.03122859955832
INTERMEDIO,3859,129.27882616106112
INTERMEDIO,3860,95.21617965486669
INTERMEDIO,3861,135.1570241716707
INTERMEDIO,3862,127.21152820856761
INTERMEDIO,3863,139.8748261566484
INTERMEDIO,3864,106.05743823177124
INTERMEDIO,3865,117.63697125934249
INTERMEDIO,3866,150.3484553517551
INTERMEDIO,3867,128.8420188098779
INTERMEDIO,3868,99.0971207122872
INTERMEDIO,3869,110.71080860793366
INTERMEDIO,3870,134.37065857268155
INTERMEDIO,3871,91.05677512794583
INTERMEDIO,3872,137.5078882324474
INTERMEDIO,3873,119.91003478622969
INTERMEDIO,3874,134.6718811977536
INTERMEDIO,3875,139.1440130774318
INTERMEDIO,3876,125.30873529570222
INTERMEDIO,3877,134.28106078688648
INTERMEDIO,3878,139.06735688683145
INTERMEDIO,3879,144.45680626979805
INTERMEDIO,3880,116.4547191798697
INTERMEDIO,3881,150.16342592285937
INTERMEDIO,3882,127.26741214806026
INTERMEDIO,3883,126.67562439282493
INTERMEDIO,3884,125.43001022019808
INTERMEDIO,3885,126.00218522671554
INTERMEDIO,3886,139.03930909187488
INTERMEDIO,3887,134.87436581332494
INTERMEDIO,3888,139.21954224163846
INTERMEDIO,3889,98.33915124652579
INTERMEDIO,3890,94.05306945262123
INTERMEDIO,3891,115.35354551251065
INTERMEDIO,3892,129.05962864961597
INTERMEDIO,3893,148.16620690358235
INTERMEDIO,3894,113.9603948493725
INTERMEDIO,3895,131.40711947727604
INTERMEDIO,3896,125.9230289726153
INTERMEDIO,3897,108.71177721171865
INTERMEDIO,3898,122.25632003923171
INTERMEDIO,3899,140.84262457669146
INTERMEDIO,3900,145.3140719298238
INTERMEDIO,3901,101.02230530590725
INTERMEDIO,3902,135.55686545815962
INTERMEDIO,3903,114.18798885771409
INTERMEDIO,3904,128.161918978462
INTERMEDIO,3905,146.64938944310288
INTERMEDIO,3906,125.49698512905186
INTERMEDIO,3907,117.80222510484305
INTERMEDIO,3908,148.0147248959027
INTERMEDIO,3909,124.72490057734427
INTERMEDIO,3910,132.5764852022868
INTERMEDIO,3911,135.0020402021531
INTERMEDIO,3912,136.46754628093817
INTERMEDIO,3913,131.19003212189972
INTERMEDIO,3914,101.35829486633777
INTERMEDIO,3915,129.53492501332553
INTERMEDIO,3916,137.7574830354991
INTERMEDIO,3917,128.98729255472975
INTERMEDIO,3918,139.8161814836199
INTERMEDIO,3919,137.9265818379377
INTERMEDIO,3920,140.64782556664795
INTERMEDIO,3921,134.59788837201162
INTERMEDIO,3922,119.31990555525155
INTERMEDIO,3923,137.45303054464168
INTERMEDIO,3924,152.89936236739516
INTERMEDIO,3925,111.46622022614663
INTERMEDIO,3926,103.24203279930836
INTERMEDIO,3927,115.1565960079104
INTERMEDIO,3928,105.16798423668428
INTERMEDIO,3929,123.11540801658334
INTERMEDIO,3930,118.96850549197595
INTERMEDIO,3931,121.79745183257536
INTERMEDIO,3932,130.20185087367707
INTERMEDIO,3933,143.14625661516646
INTERMEDIO,3934,143.4708603222586
INTERMEDIO,3935,132.23410746596784
INTERMEDIO,3936,121.64946002903169
INTERMEDIO,3937,138.31402159464878
INTERMEDIO,3938,135.4236708923084
INTERMEDIO,3939,121.45632126638615
INTERMEDIO,3940,116.66854487431252
INTERMEDIO,3941,103.41477201512524
INTERMEDIO,3942,136.6456240665116
INTERMEDIO,3943,134.93792419707145
INTERMEDIO,3944,141.02458562111167
INTERMEDIO,3945,125.86760896928686
INTERMEDIO,3946,109.67749443947412
INTERMEDIO,3947,121.13015670777327
INTERMEDIO,3948,127.110856156863
INTERMEDIO,3949,142.39832184413623
INTERMEDIO,3950,131.05985070973804
INTERMEDIO,3951,144.51664987448106
INTERMEDIO,3952,126.19294053886733
INTERMEDIO,3953,123.40231432030129
INTERMEDIO,3954,126.2830311666688
INTERMEDIO,3955,146.23406093396318
INTERMEDIO,3956,127.51308467950233
INTERMEDIO,3957,126.69730088393233
INTERMEDIO,3958,144.21072054871732
INTERMEDIO,3959,141.63028230109768
INTERMEDIO,3960,96.2693023808707
INTERMEDIO,3961,135.43964050332323
INTERMEDIO,3962,131.58649523439334
INTERMEDIO,3963,120.05404571287856
INTERMEDIO,3964,117.16067027468542
INTERMEDIO,3965,111.57583209438863
INTERMEDIO,3966,148.87808561381226
INTERMEDIO,3967,110.53261974287201
INTERMEDIO,3968,144.95171624437037
INTERMEDIO,3969,148.18700144070638
INTERMEDIO,3970,137.9146895718655
INTERMEDIO,3971,128.98529067260532
INTERMEDIO,3972,113.70234674334603
INTERMEDIO,3973,138.4516809487682
INTERMEDIO,3974,119.76464478196047
INTERMEDIO,3975,144.97463282191723
INTERMEDIO,3976,141.6531782514287
INTERMEDIO,3977,144.77719261698599
INTERMEDIO,3978,124.51115346618593
INTERMEDIO,3979,103.4892283294361
INTERMEDIO,3980,119.72688910125794
INTERMEDIO,3981,131.737023262555
INTERMEDIO,3982,141.0350951599097
INTERMEDIO,3983,121.2410764830254
INTERMEDIO,3984,135.12867396809028
INTERMEDIO,3985,144.60260145323855
INTERMEDIO,3986,121.53059454527323
INTERMEDIO,3987,135.53349119467543
INTERMEDIO,3988,158.56728935019729
INTERMEDIO,3989,130.6065239913736
INTERMEDIO,3990,130.65781663042821
INTERMEDIO,3991,124.90575441089001
INTERMEDIO,3992,133.71048445790987
INTERMEDIO,3993,125.88946130372764
INTERMEDIO,3994,129.09316577926288
INTERMEDIO,3995,140.77657544595147
INTERMEDIO,3996,139.30196939576655
INTERMEDIO,3997,126.59606144911402
INTERMEDIO,3998,131.19166192546012
INTERMEDIO,3999,99.69181109592579
INTERMEDIO,4000,152.26963955566137
INTERMEDIO,4001,126.32259550316383
INTERMEDIO,4002,163.0707499884668
INTERMEDIO,4003,112.91477165454575
INTERMEDIO,4004,134.0256563535899
INTERMEDIO,4005,124.57767334574471
INTERMEDIO,4006,132.18107066160272
INTERMEDIO,4007,128.98241267956735
INTERMEDIO,4008,127.18736057395076
INTERMEDIO,4009,125.19308934996245
INTERMEDIO,4010,137.7051033874059
INTERMEDIO,4011,152.99421359032553
INTERMEDIO,4012,108.71360975678427
INTERMEDIO,4013,112.85171193557115
INTERMEDIO,4014,120.26370627017124
INTERMEDIO,4015,142.88485324713383
INTERMEDIO,4016,151.08163485740954
INTERMEDIO,4017,120.14697788007825
INTERMEDIO,4018,149.88834825462254
INTERMEDIO,4019,113.16336176602591
INTERMEDIO,4020,132.11160471568084
INTERMEDIO,4021,151.46094216970732
INTERMEDIO,4022,151.05756036783086
INTERMEDIO,4023,141.9364982372366
INTERMEDIO,4024,142.06173754498442
INTERMEDIO,4025,107.69770680735647
INTERMEDIO,4026,138.4755694930921
INTERMEDIO,4027,138.07262828676718
INTERMEDIO,4028,123.89413672557014
INTERMEDIO,4029,130.621418495316
INTERMEDIO,4030,142.38924606325762
INTERMEDIO,4031,130.49202227373917
INTERMEDIO,4032,122.18884015542469
INTERMEDIO,4033,149.15452608445497
INTERMEDIO,4034,118.05912322943684
INTERMEDIO,4035,109.48393908507505
INTERMEDIO,4036,112.83108090777722
INTERMEDIO,4037,115.22018339503985
INTERMEDIO,4038,164.4551003286251
INTERMEDIO,4039,114.66750777922657
INTERMEDIO,4040,151.2986329546889
INTERMEDIO,4041,141.70377033264626
INTERMEDIO,4042,139.51267954186267
INTERMEDIO,4043,128.75695524811636
INTERMEDIO,4044,120.79765725947927
INTERMEDIO,4045,106.22367310077533
INTERMEDIO,4046,134.2479399314615
INTERMEDIO,4047,139.8934361429924
INTERMEDIO,4048,128.72133782854675
INTERMEDIO,4049,138.79182072217026
INTERMEDIO,4050,133.91832807828237
INTERMEDIO,4051,127.12712893695354
INTERMEDIO,4052,146.67393990439885
INTERMEDIO,4053,135.6280117975542
INTERMEDIO,4054,147.0696407827042
INTERMEDIO,4055,128.35881648444862
INTERMEDIO,4056,110.68978317789758
INTERMEDIO,4057,141.95471203893834
INTERMEDIO,4058,161.02912306293416
INTERMEDIO,4059,113.11266998586805
INTERMEDIO,4060,118.93668561833223
INTERMEDIO,4061,124.66290565215076
INTERMEDIO,4062,129.7805261434158
INTERMEDIO,4063,123.58549796261143
INTERMEDIO,4064,113.07428651154484
INTERMEDIO,4065,139.967413845243
INTERMEDIO,4066,121.62714193113283
INTERMEDIO,4067,128.8513122936221
INTERMEDIO,4068,116.92537490562557
INTERMEDIO,4069,117.96643497409936
INTERMEDIO,4070,150.8490330650619
INTERMEDIO,4071,111.7306659170832
INTERMEDIO,4072,134.65208377904372
INTERMEDIO,4073,110.49236573336727
INTERMEDIO,4074,123.88431613374196
INTERMEDIO,4075,133.74862604170696
INTERMEDIO,4076,133.4396514966918
INTERMEDIO,4077,118.62246914022633
INTERMEDIO,4078,143.71509050336624
INTERMEDIO,4079,121.6751278178606
INTERMEDIO,4080,120.58054169952258
INTERMEDIO,4081,131.60770800120218
INTERMEDIO,4082,117.36863377316318
INTERMEDIO,4083,134.55348130481232
INTERMEDIO,4084,131.09539633464266
INTERMEDIO,4085,130.11854825189323
INTERMEDIO,4086,141.11721150603594
INTERMEDIO,4087,129.2060942078855
INTERMEDIO,4088,128.08377360666537
INTERMEDIO,4089,111.67246641067877
INTERMEDIO,4090,129.19203013611315
INTERMEDIO,4091,127.1234227486729
INTERMEDIO,4092,135.13703402092875
INTERMEDIO,4093,149.89068827015834
INTERMEDIO,4094,125.95267882755226
INTERMEDIO,4095,130.84771409190284
INTERMEDIO,4096,110.71294429866185
INTERMEDIO,4097,133.82097902623954
INTERMEDIO,4098,118.70523980424086
INTERMEDIO,4099,133.28208508640174
INTERMEDIO,4100,117.60755998055137
INTERMEDIO,4101,142.76504861888057
INTERMEDIO,4102,142.99941017270942
INTERMEDIO,4103,165.2022350640971
INTERMEDIO,4104,128.3619649880954
INTERMEDIO,4105,118.61163067654314
INTERMEDIO,4106,113.20327099123006
INTERMEDIO,4107,124.78942081574273
INTERMEDIO,4108,104.87214532779112
INTERMEDIO,4109,109.55451166734011
INTERMEDIO,4110,127.96242688065158
INTERMEDIO,4111,138.62507436209555
INTERMEDIO,4112,139.45534954142153
INTERMEDIO,4113,144.03796047412814
INTERMEDIO,4114,143.59943822799684
INTERMEDIO,4115,129.4087553164707
INTERMEDIO,4116,129.76135656559518
INTERMEDIO,4117,120.65611578937134
INTERMEDIO,4118,124.94211150611982
INTERMEDIO,4119,139.62123611662307
INTERMEDIO,4120,119.71170497501267
INTERMEDIO,4121,146.09332202316835
INTERMEDIO,4122,134.23880539248802
INTERMEDIO,4123,134.0682333420281
INTERMEDIO,4124,148.8298712140582
INTERMEDIO,4125,132.47475293570946
INTERMEDIO,4126,137.72106202978443
INTERMEDIO,4127,111.81942985823103
INTERMEDIO,4128,128.1031720169617
INTERMEDIO,4129,138.14492030774733
INTERMEDIO,4130,135.95083660500555
INTERMEDIO,4131,141.04590051089636
INTERMEDIO,4132,136.84589434250645
INTERMEDIO,4133,122.36379758162543
INTERMEDIO,4134,154.14274604512383
INTERMEDIO,4135,123.82619089429176
INTERMEDIO,4136,135.42197512298466
INTERMEDIO,4137,144.8153595891346
INTERMEDIO,4138,147.45884270417295
INTERMEDIO,4139,120.38439606355313
INTERMEDIO,4140,114.11492228975365
INTERMEDIO,4141,154.14113358478136
INTERMEDIO,4142,138.5065767278638
INTERMEDIO,4143,110.82929858389957
INTERMEDIO,4144,124.31281761297721
INTERMEDIO,4145,133.06902467396148
INTERMEDIO,4146,113.33175835209408
INTERMEDIO,4147,141.9234477384469
INTERMEDIO,4148,148.29788412728553
INTERMEDIO,4149,150.4841348521766
INTERMEDIO,4150,147.49047803277796
INTERMEDIO,4151,109.93028194629676
INTERMEDIO,4152,138.34330417403444
INTERMEDIO,4153,88.88084732327083
INTERMEDIO,4154,114.89172494650532
INTERMEDIO,4155,142.2975598347363
INTERMEDIO,4156,150.8573485663337
INTERMEDIO,4157,120.32291165727787
INTERMEDIO,4158,123.39747778438925
INTERMEDIO,4159,133.43669800085837
INTERMEDIO,4160,137.72315301872624
INTERMEDIO,4161,137.36156765322974
INTERMEDIO,4162,140.22821196130343
INTERMEDIO,4163,121.3247772021199
INTERMEDIO,4164,108.78224997273767
INTERMEDIO,4165,142.96571157999958
INTERMEDIO,4166,152.67983281708518
INTERMEDIO,4167,151.98192803903578
INTERMEDIO,4168,152.24937789019341
INTERMEDIO,4169,132.79350488770078
INTERMEDIO,4170,123.9318645885027
INTERMEDIO,4171,131.6726171713975
INTERMEDIO,4172,136.51101512215175
INTERMEDIO,4173,128.61790436834121
INTERMEDIO,4174,121.5495811313302
INTERMEDIO,4175,137.62576485171542
INTERMEDIO,4176,123.91472130723685
INTERMEDIO,4177,129.5793140036183
INTERMEDIO,4178,138.50110855054498
INTERMEDIO,4179,141.773262392444
INTERMEDIO,4180,123.35631090373109
INTERMEDIO,4181,164.01262874011056
INTERMEDIO,4182,141.18368538719443
INTERMEDIO,4183,144.5307340000974
INTERMEDIO,4184,107.92594414751566
INTERMEDIO,4185,129.16633131064825
INTERMEDIO,4186,108.54492394287554
INTERMEDIO,4187,127.05397402512973
INTERMEDIO,4188,153.14325322975512
INTERMEDIO,4189,128.19930791295815
INTERMEDIO,4190,141.0120071651504
INTERMEDIO,4191,136.2629408116155
INTERMEDIO,4192,107.68589995836206
INTERMEDIO,4193,142.94778655318652
INTERMEDIO,4194,123.53265836333398
INTERMEDIO,4195,118.26575303175511
INTERMEDIO,4196,118.12642780006182
INTERMEDIO,4197,104.28891934824343
INTERMEDIO,4198,115.9933413707265
INTERMEDIO,4199,120.78733846194612
INTERMEDIO,4200,120.27901902829151
INTERMEDIO,4201,128.14384290790505
INTERMEDIO,4202,152.18581007935865
INTERMEDIO,4203,124.27965781390552
INTERMEDIO,4204,110.75144553839431
INTERMEDIO,4205,125.48453684463148
INTERMEDIO,4206,143.7815083344413
INTERMEDIO,4207,133.50289041722436
INTERMEDIO,4208,118.94794870031129
INTERMEDIO,4209,137.1512949419817
INTERMEDIO,4210,107.24994872098024
INTERMEDIO,4211,114.2996644547886
INTERMEDIO,4212,123.390259850556
INTERMEDIO,4213,110.11441430217131
INTERMEDIO,4214,130.99686619517578
INTERMEDIO,4215,132.14055600536912
INTERMEDIO,4216,153.41000317805398
INTERMEDIO,4217,122.39968385431833
INTERMEDIO,4218,129.4883105861896
INTERMEDIO,4219,145.93665524512483
INTERMEDIO,4220,123.91435372761354
INTERMEDIO,4221,134.1375688972551
INTERMEDIO,4222,147.11811815143398
INTERMEDIO,4223,132.6295466475006
INTERMEDIO,4224,119.8563474383007
INTERMEDIO,4225,130.6451513802386
INTERMEDIO,4226,112.08929723625128
INTERMEDIO,4227,120.91117867100247
INTERMEDIO,4228,114.84705561926572
INTERMEDIO,4229,127.07927080144535
INTERMEDIO,4230,120.7813891710462
INTERMEDIO,4231,137.9880627983311
INTERMEDIO,4232,153.88648314687018
INTERMEDIO,4233,120.9946873506803
INTERMEDIO,4234,136.65940325183888
INTERMEDIO,4235,123.75587668786764
INTERMEDIO,4236,100.87670139530458
INTERMEDIO,4237,124.0552433374077
INTERMEDIO,4238,130.26034683089023
INTERMEDIO,4239,149.77082790526958
INTERMEDIO,4240,138.40959304826066
INTERMEDIO,4241,154.2169528494903
INTERMEDIO,4242,137.95685540928866
INTERMEDIO,4243,133.32385486204876
INTERMEDIO,4244,134.09127308154163
INTERMEDIO,4245,122.4250793306943
INTERMEDIO,4246,123.56227046539544
INTERMEDIO,4247,128.33902586753604
INTERMEDIO,4248,121.87728118946094
INTERMEDIO,4249,144.2014181550914
INTERMEDIO,4250,128.21136265482585
INTERMEDIO,4251,129.552219254565
INTERMEDIO,4252,129.2425611589612
INTERMEDIO,4253,132.6075804188842
INTERMEDIO,4254,142.3203775741788
INTERMEDIO,4255,161.0384398634187
INTERMEDIO,4256,136.6371849952539
INTERMEDIO,4257,147.12893541937223
INTERMEDIO,4258,129.17498962028975
INTERMEDIO,4259,129.9965988893625
INTERMEDIO,4260,125.59378871010944
INTERMEDIO,4261,130.96092294566938
INTERMEDIO,4262,133.38949832001722
INTERMEDIO,4263,145.91800198010546
INTERMEDIO,4264,144.35120738065018
INTERMEDIO,4265,140.31489729921134
INTERMEDIO,4266,124.13421721612025
INTERMEDIO,4267,125.52308834035583
INTERMEDIO,4268,144.68509055631444
INTERMEDIO,4269,138.15634182302583
INTERMEDIO,4270,111.78064057507152
INTERMEDIO,4271,122.1835450038136
INTERMEDIO,4272,127.55912277837673
INTERMEDIO,4273,144.73674958477244
INTERMEDIO,4274,124.60018892022478
INTERMEDIO,4275,144.4565835248556
INTERMEDIO,4276,126.3714499312416
INTERMEDIO,4277,137.49995132291068
INTERMEDIO,4278,147.207521955448
INTERMEDIO,4279,156.22175036376717
INTERMEDIO,4280,140.322431908313
INTERMEDIO,4281,133.1455180377724
INTERMEDIO,4282,148.38647353433745
INTERMEDIO,4283,100.21561315271204
INTERMEDIO,4284,135.7265525818217
INTERMEDIO,4285,153.18530382490167
INTERMEDIO,4286,141.13377750491253
INTERMEDIO,4287,140.3350274543719
INTERMEDIO,4288,136.7656971348711
INTERMEDIO,4289,107.0485840562615
INTERMEDIO,4290,157.81120808224185
INTERMEDIO,4291,139.03923091306106
INTERMEDIO,4292,131.80308229418134
INTERMEDIO,4293,162.87510636307445
INTERMEDIO,4294,137.13949616247064
INTERMEDIO,4295,120.18721205277853
INTERMEDIO,4296,123.94801238704868
INTERMEDIO,4297,141.60706202485906
INTERMEDIO,4298,123.0785440176362
INTERMEDIO,4299,110.92242769548629
INTERMEDIO,4300,131.14535975172524
INTERMEDIO,4301,119.40085852537953
INTERMEDIO,4302,113.25732387224379
INTERMEDIO,4303,98.31088376652212
INTERMEDIO,4304,122.94489651147595
INTERMEDIO,4305,150.06255452901107
INTERMEDIO,4306,148.07827210836874
INTERMEDIO,4307,128.50822469231133
INTERMEDIO,4308,125.28862008528363
INTERMEDIO,4309,137.13401450303206
INTERMEDIO,4310,132.1367749847081
INTERMEDIO,4311,141.41026871603475
INTERMEDIO,4312,114.11594178489565
INTERMEDIO,4313,113.72172953290116
INTERMEDIO,4314,140.32809597723832
INTERMEDIO,4315,156.24497453414483
INTERMEDIO,4316,126.78205227112988
INTERMEDIO,4317,130.40537038233012
INTERMEDIO,4318,118.27136980574639
INTERMEDIO,4319,146.84280423751386
INTERMEDIO,4320,130.6431378472967
INTERMEDIO,4321,136.66028204108855
INTERMEDIO,4322,142.71675760475347
INTERMEDIO,4323,115.65052677001259
INTERMEDIO,4324,133.1001490598517
INTERMEDIO,4325,139.34111761232634
INTERMEDIO,4326,147.38411336452486
INTERMEDIO,4327,134.49510505205149
INTERMEDIO,4328,140.50872457248065
INTERMEDIO,4329,127.90950911820043
INTERMEDIO,4330,124.79041496259843
INTERMEDIO,4331,151.0939163743582
INTERMEDIO,4332,118.77150913466171
INTERMEDIO,4333,123.17560547203541
INTERMEDIO,4334,164.98210411549292
INTERMEDIO,4335,126.23196291207792
INTERMEDIO,4336,116.92083623603952
INTERMEDIO,4337,133.21230217127388
INTERMEDIO,4338,137.43086441051918
INTERMEDIO,4339,131.2613717645688
INTERMEDIO,4340,119.88189248485887
INTERMEDIO,4341,100.36102839429978
INTERMEDIO,4342,119.47954246423004
INTERMEDIO,4343,112.36791423468885
INTERMEDIO,4344,126.53625643957068
INTERMEDIO,4345,111.96415991826173
INTERMEDIO,4346,137.14897856956154
INTERMEDIO,4347,118.69376277185894
INTERMEDIO,4348,148.02548470935616
INTERMEDIO,4349,93.46473986115406
INTERMEDIO,4350,135.1497663361221
INTERMEDIO,4351,150.5899240631832
INTERMEDIO,4352,132.60253160272168
INTERMEDIO,4353,129.22246534136127
INTERMEDIO,4354,131.70468492193933
INTERMEDIO,4355,111.17663784348274
INTERMEDIO,4356,119.12846498642804
INTERMEDIO,4357,109.3038227243868
INTERMEDIO,4358,106.91305905992114
INTERMEDIO,4359,133.35599275219806
INTERMEDIO,4360,97.60238312164263
INTERMEDIO,4361,125.23065913632885
INTERMEDIO,4362,128.1357348370697
INTERMEDIO,4363,115.7565096915238
INTERMEDIO,4364,124.74191133681686
INTERMEDIO,4365,141.2617022048666
INTERMEDIO,4366,144.39191179546054
INTERMEDIO,4367,126.65797230827417
INTERMEDIO,4368,114.8195611731273
INTERMEDIO,4369,130.33338165714179
INTERMEDIO,4370,111.66250221901014
INTERMEDIO,4371,119.53719624079443
INTERMEDIO,4372,129.3411477688665
INTERMEDIO,4373,112.8904008444273
INTERMEDIO,4374,103.59591705529975
INTERMEDIO,4375,119.13286749508102
INTERMEDIO,4376,109.56026303707775
INTERMEDIO,4377,151.51855382500005
INTERMEDIO,4378,130.44219736806755
INTERMEDIO,4379,139.09856563979994
INTERMEDIO,4380,129.33310336141813
INTERMEDIO,4381,112.46326841141344
INTERMEDIO,4382,144.58523318531974
INTERMEDIO,4383,124.24104055571917
INTERMEDIO,4384,124.88735144656432
INTERMEDIO,4385,122.78377738268749
INTERMEDIO,4386,125.66033665042518
INTERMEDIO,4387,105.83148725118798
INTERMEDIO,4388,121.8953474698993
INTERMEDIO,4389,121.26357843476933
INTERMEDIO,4390,115.44507930135462
INTERMEDIO,4391,130.0378996260952
INTERMEDIO,4392,139.4968017771882
INTERMEDIO,4393,149.9897517948675
INTERMEDIO,4394,138.43854038563143
INTERMEDIO,4395,130.44802226923454
INTERMEDIO,4396,127.18140094886097
INTERMEDIO,4397,153.51921143209194
INTERMEDIO,4398,146.06544786966018
INTERMEDIO,4399,139.2511889329206
INTERMEDIO,4400,117.25359840495642
INTERMEDIO,4401,125.27690828964498
INTERMEDIO,4402,121.2325885343453
INTERMEDIO,4403,98.52608385119
INTERMEDIO,4404,142.91616418536142
INTERMEDIO,4405,117.40030543905459
INTERMEDIO,4406,146.93768375208984
INTERMEDIO,4407,129.46821140367553
INTERMEDIO,4408,143.18188279038037
INTERMEDIO,4409,109.040941467177
INTERMEDIO,4410,115.99468052467246
INTERMEDIO,4411,116.70201615588232
INTERMEDIO,4412,140.70998997707295
INTERMEDIO,4413,136.63627683830617
INTERMEDIO,4414,130.5273914593076
INTERMEDIO,4415,96.41289288588325
INTERMEDIO,4416,122.4056094352721
INTERMEDIO,4417,116.32802541242226
INTERMEDIO,4418,130.5929147229603
INTERMEDIO,4419,139.7058477725469
INTERMEDIO,4420,144.0433960406353
INTERMEDIO,4421,121.62444906194538
INTERMEDIO,4422,142.5864595716479
INTERMEDIO,4423,135.00221324643246
INTERMEDIO,4424,129.16723052275668
INTERMEDIO,4425,137.40024680618853
INTERMEDIO,4426,113.78936686038935
INTERMEDIO,4427,139.13742287424736
INTERMEDIO,4428,123.1126646770945
INTERMEDIO,4429,115.12025494426166
INTERMEDIO,4430,138.04556162868928
INTERMEDIO,4431,142.55778482137106
INTERMEDIO,4432,125.02920167228842
INTERMEDIO,4433,130.46617052682072
INTERMEDIO,4434,114.29342186878435
INTERMEDIO,4435,134.85573257880006
INTERMEDIO,4436,99.78491006328717
INTERMEDIO,4437,114.68030147062274
INTERMEDIO,4438,154.9400635203404
INTERMEDIO,4439,122.8997181024495
INTERMEDIO,4440,116.03369057417419
INTERMEDIO,4441,130.23626185075994
INTERMEDIO,4442,126.42002916196643
INTERMEDIO,4443,108.46469477133319
INTERMEDIO,4444,134.5412066845558
INTERMEDIO,4445,118.76223511390928
INTERMEDIO,4446,113.6555920928016
INTERMEDIO,4447,124.68945675276731
INTERMEDIO,4448,119.64022575475825
INTERMEDIO,4449,116.78507356330135
INTERMEDIO,4450,118.93535219253893
INTERMEDIO,4451,128.20257886982776
INTERMEDIO,4452,124.22638588651904
INTERMEDIO,4453,125.43971927967843
INTERMEDIO,4454,138.06140704824523
INTERMEDIO,4455,143.07200381291355
INTERMEDIO,4456,120.56482602418217
INTERMEDIO,4457,121.39218228365733
INTERMEDIO,4458,112.81181370018962
INTERMEDIO,4459,139.6726955538659
INTERMEDIO,4460,123.15756695203879
INTERMEDIO,4461,116.65713302405959
INTERMEDIO,4462,137.04660161409413
INTERMEDIO,4463,117.92533104062764
INTERMEDIO,4464,150.78285711980922
INTERMEDIO,4465,124.04783974923437
INTERMEDIO,4466,141.52550999834006
INTERMEDIO,4467,122.76097972446426
INTERMEDIO,4468,120.48090684507073
INTERMEDIO,4469,126.66950921480479
INTERMEDIO,4470,125.63834852109426
INTERMEDIO,4471,117.85116941589358
INTERMEDIO,4472,116.344189447316
INTERMEDIO,4473,120.40598598748109
INTERMEDIO,4474,119.58172668588614
INTERMEDIO,4475,126.63717026789601
INTERMEDIO,4476,125.66002803370989
INTERMEDIO,4477,114.52472169509409
INTERMEDIO,4478,126.10709411672057
INTERMEDIO,4479,125.01160880209527
INTERMEDIO,4480,99.11592760395352
INTERMEDIO,4481,127.42160935687474
INTERMEDIO,4482,127.6279248583622
INTERMEDIO,4483,127.56199907403038
INTERMEDIO,4484,129.51627170056992
INTERMEDIO,4485,144.92279403225467
INTERMEDIO,4486,129.00201502847597
INTERMEDIO,4487,122.67958202618526
INTERMEDIO,4488,119.48771749816363
INTERMEDIO,4489,114.79455764450981
INTERMEDIO,4490,119.40416456551078
INTERMEDIO,4491,111.28830437004429
INTERMEDIO,4492,125.1788078801666
INTERMEDIO,4493,136.90482128775702
INTERMEDIO,4494,150.6853053322095
INTERMEDIO,4495,114.63955212592175
INTERMEDIO,4496,120.8568960201827
INTERMEDIO,4497,143.83469108244648
INTERMEDIO,4498,152.17366885563743
INTERMEDIO,4499,130.19717711094373
INTERMEDIO,4500,122.30609720922901
INTERMEDIO,4501,112.26883974902793
INTERMEDIO,4502,112.53093474579795
INTERMEDIO,4503,117.53457413884186
INTERMEDIO,4504,128.4892069247216
INTERMEDIO,4505,131.25508085887964
INTERMEDIO,4506,138.23922164966535
INTERMEDIO,4507,122.15213721601414
INTERMEDIO,4508,143.41372538939714
INTERMEDIO,4509,151.36451081875094
INTERMEDIO,4510,148.99698172896538
INTERMEDIO,4511,118.63260120119143
INTERMEDIO,4512,121.31276213802505
INTERMEDIO,4513,136.7689986827307
INTERMEDIO,4514,123.68556799132
INTERMEDIO,4515,131.44467720258083
INTERMEDIO,4516,103.68951228041098
INTERMEDIO,4517,153.06746795288115
INTERMEDIO,4518,146.6928016684114
INTERMEDIO,4519,129.11551500076496
INTERMEDIO,4520,136.91604283535943
INTERMEDIO,4521,155.65605327410555
INTERMEDIO,4522,110.66291497095793
INTERMEDIO,4523,143.36171268012734
INTERMEDIO,4524,108.47191429438443
INTERMEDIO,4525,119.020746056806
INTERMEDIO,4526,122.60681572867718
INTERMEDIO,4527,149.33380098023125
INTERMEDIO,4528,147.5576068873281
INTERMEDIO,4529,151.5129366688242
INTERMEDIO,4530,128.14256972821408
INTERMEDIO,4531,131.4240788588109
INTERMEDIO,4532,125.15126390080047
INTERMEDIO,4533,147.8827922398105
INTERMEDIO,4534,127.8408581274903
INTERMEDIO,4535,101.27279611201824
INTERMEDIO,4536,108.10250758675632
INTERMEDIO,4537,102.1185070503854
INTERMEDIO,4538,145.89385591185368
INTERMEDIO,4539,123.99134554493631
INTERMEDIO,4540,125.41702819975362
INTERMEDIO,4541,134.5026026754269
INTERMEDIO,4542,116.31696971751677
INTERMEDIO,4543,133.76529178942351
INTERMEDIO,4544,124.16210821510487
INTERMEDIO,4545,136.1607361888734
INTERMEDIO,4546,141.8833495680113
INTERMEDIO,4547,106.3771737718347
INTERMEDIO,4548,118.20634571234258
INTERMEDIO,4549,128.80342435671096
INTERMEDIO,4550,125.68187135380029
INTERMEDIO,4551,127.18031711393662
INTERMEDIO,4552,148.0783527825065
INTERMEDIO,4553,123.36278428407991
INTERMEDIO,4554,153.5577743400796
INTERMEDIO,4555,117.06861913693463
INTERMEDIO,4556,144.49771043531183
INTERMEDIO,4557,135.75652362794943
INTERMEDIO,4558,133.17003887097408
INTERMEDIO,4559,133.66782213126777
INTERMEDIO,4560,127.17463961285763
INTERMEDIO,4561,118.64313670174876
INTERMEDIO,4562,112.84684587579376
INTERMEDIO,4563,132.22195713818792
INTERMEDIO,4564,143.45341793207106
INTERMEDIO,4565,127.0372642281987
INTERMEDIO,4566,145.18984028391063
INTERMEDIO,4567,104.55470697491084
INTERMEDIO,4568,102.65281466676913
INTERMEDIO,4569,150.23805543158244
INTERMEDIO,4570,137.11995324221022
INTERMEDIO,4571,115.56654057388687
INTERMEDIO,4572,112.98306204506277
INTERMEDIO,4573,150.59306153168683
INTERMEDIO,4574,101.18249496068653
INTERMEDIO,4575,141.539900155552
INTERMEDIO,4576,122.59947527155053
INTERMEDIO,4577,137.3476719750246
INTERMEDIO,4578,112.9768224823255
INTERMEDIO,4579,113.29687204555272
INTERMEDIO,4580,146.07659200630567
INTERMEDIO,4581,147.86422145012696
INTERMEDIO,4582,104.03880885243191
INTERMEDIO,4583,124.7668906110749
INTERMEDIO,4584,142.28864841098354
INTERMEDIO,4585,114.74231371620562
INTERMEDIO,4586,129.09511977325624
INTERMEDIO,4587,134.10273994375626
INTERMEDIO,4588,162.2169395285892
INTERMEDIO,4589,137.16759216631644
INTERMEDIO,4590,147.6447768878602
INTERMEDIO,4591,127.12138628939455
INTERMEDIO,4592,147.44832301579765
INTERMEDIO,4593,113.32935258900854
INTERMEDIO,4594,143.82631701716656
INTERMEDIO,4595,118.23707517414519
INTERMEDIO,4596,121.75228791652515
INTERMEDIO,4597,158.03360584547102
INTERMEDIO,4598,133.71981467836895
INTERMEDIO,4599,151.89853855006328
INTERMEDIO,4600,118.4262165726421
INTERMEDIO,4601,140.12928018704255
INTERMEDIO,4602,119.60924627749132
INTERMEDIO,4603,126.37400750750257
INTERMEDIO,4604,127.06099504704862
INTERMEDIO,4605,118.74108995631775
INTERMEDIO,4606,112.83709395959913
INTERMEDIO,4607,112.44431368445318
INTERMEDIO,4608,134.47621927285897
INTERMEDIO,4609,141.58117347279207
INTERMEDIO,4610,156.67695188199363
INTERMEDIO,4611,120.43576388489532
INTERMEDIO,4612,133.0911790577943
INTERMEDIO,4613,149.67902407524633
INTERMEDIO,4614,124.80500073122336
INTERMEDIO,4615,136.43705089236903
INTERMEDIO,4616,122.07298603594846
INTERMEDIO,4617,134.88214844757732
INTERMEDIO,4618,108.00947625006377
INTERMEDIO,4619,91.68290531046608
INTERMEDIO,4620,126.13680091976634
INTERMEDIO,4621,118.29444979755475
INTERMEDIO,4622,137.7923951360974
INTERMEDIO,4623,133.75428046943873
INTERMEDIO,4624,125.49145251004427
INTERMEDIO,4625,110.01136322299637
INTERMEDIO,4626,125.61627322603935
INTERMEDIO,4627,101.53718793436056
INTERMEDIO,4628,114.06983323172969
INTERMEDIO,4629,115.33599678801703
INTERMEDIO,4630,137.0366214581865
INTERMEDIO,4631,136.5832533618365
INTERMEDIO,4632,116.6705187746384
INTERMEDIO,4633,116.07778296363742
INTERMEDIO,4634,114.42921953196796
INTERMEDIO,4635,146.7657192664979
INTERMEDIO,4636,120.56905847534067
INTERMEDIO,4637,121.73214559649062
INTERMEDIO,4638,156.32621799927688
INTERMEDIO,4639,127.73456718379892
INTERMEDIO,4640,128.22175518583768
INTERMEDIO,4641,131.4347783265906
INTERMEDIO,4642,112.45308123311257
INTERMEDIO,4643,159.58655988330997
INTERMEDIO,4644,144.67929318640998
INTERMEDIO,4645,110.7577221801236
INTERMEDIO,4646,139.73904585309995
INTERMEDIO,4647,129.65295880427558
INTERMEDIO,4648,125.67904343000548
INTERMEDIO,4649,128.9299468654027
INTERMEDIO,4650,128.45211042921895
INTERMEDIO,4651,136.09680547377874
INTERMEDIO,4652,133.659544139311
INTERMEDIO,4653,126.95240536019219
INTERMEDIO,4654,144.8303931985163
INTERMEDIO,4655,133.72710302303997
INTERMEDIO,4656,134.12348811744016
INTERMEDIO,4657,138.59215975586886
INTERMEDIO,4658,130.8636433340739
INTERMEDIO,4659,126.08007656235336
INTERMEDIO,4660,144.64090135759668
INTERMEDIO,4661,131.2804379936561
INTERMEDIO,4662,136.10629108490537
INTERMEDIO,4663,135.89389471770895
INTERMEDIO,4664,127.85523873575359
INTERMEDIO,4665,131.09403431373678
INTERMEDIO,4666,141.75553393140842
INTERMEDIO,4667,145.18585071120583
INTERMEDIO,4668,136.18057263430563
INTERMEDIO,4669,127.6872563656985
INTERMEDIO,4670,115.67663973884429
INTERMEDIO,4671,137.60475538437873
INTERMEDIO,4672,136.82896968069736
INTERMEDIO,4673,127.01304093036063
INTERMEDIO,4674,138.715110294441
INTERMEDIO,4675,155.03038886666738
INTERMEDIO,4676,118.4235889562152
INTERMEDIO,4677,159.4158084205623
INTERMEDIO,4678,121.38736559529731
INTERMEDIO,4679,107.3980952980753
INTERMEDIO,4680,146.58275000445255
INTERMEDIO,4681,112.02118444924571
INTERMEDIO,4682,130.24098878008814
INTERMEDIO,4683,111.38448796550605
INTERMEDIO,4684,146.91704944561747
INTERMEDIO,4685,137.95271960711528
INTERMEDIO,4686,128.80989940027564
INTERMEDIO,4687,114.21464912590996
INTERMEDIO,4688,155.6584103440313
INTERMEDIO,4689,116.92459920296625
INTERMEDIO,4690,134.80563499625728
INTERMEDIO,4691,140.22048155309406
INTERMEDIO,4692,119.1217080385085
INTERMEDIO,4693,122.82380214274754
INTERMEDIO,4694,140.68331787889267
INTERMEDIO,4695,116.70757936554412
INTERMEDIO,4696,127.76716171191345
INTERMEDIO,4697,120.7798127546761
INTERMEDIO,4698,129.21608520909925
INTERMEDIO,4699,101.39711591111178
INTERMEDIO,4700,128.97752462787497
INTERMEDIO,4701,114.35479893834612
INTERMEDIO,4702,116.74251445735155
INTERMEDIO,4703,108.14770967330496
INTERMEDIO,4704,92.33886775442376
INTERMEDIO,4705,139.31347178947058
INTERMEDIO,4706,122.66462743326406
INTERMEDIO,4707,129.97868091966276
INTERMEDIO,4708,119.71299742001133
INTERMEDIO,4709,154.30546420324652
INTERMEDIO,4710,117.26037994296951
INTERMEDIO,4711,130.2099983308974
INTERMEDIO,4712,126.23438872037518
INTERMEDIO,4713,122.41309007651506
INTERMEDIO,4714,118.83905709399068
INTERMEDIO,4715,147.9419258331626
INTERMEDIO,4716,129.60783326109174
INTERMEDIO,4717,116.4360021913463
INTERMEDIO,4718,129.5645242111172
INTERMEDIO,4719,112.66170749549792
INTERMEDIO,4720,143.9709035262336
INTERMEDIO,4721,125.53538909386297
INTERMEDIO,4722,128.83190713225443
INTERMEDIO,4723,141.25152031734206
INTERMEDIO,4724,137.33318890615206
INTERMEDIO,4725,117.1665279246793
INTERMEDIO,4726,138.25886661343904
INTERMEDIO,4727,123.6579338222646
INTERMEDIO,4728,128.87191055208558
INTERMEDIO,4729,128.69569038537162
INTERMEDIO,4730,119.37152388517467
INTERMEDIO,4731,156.12270339713575
INTERMEDIO,4732,116.30705388715194
INTERMEDIO,4733,113.95239245148161
INTERMEDIO,4734,132.78242918639197
INTERMEDIO,4735,119.78723559887197
INTERMEDIO,4736,126.65327358485752
INTERMEDIO,4737,134.46900929223213
INTERMEDIO,4738,136.8214676197905
INTERMEDIO,4739,132.76866854656706
INTERMEDIO,4740,119.30954156872708
INTERMEDIO,4741,138.08389610016874
INTERMEDIO,4742,130.11021725873422
INTERMEDIO,4743,136.34436563895684
INTERMEDIO,4744,137.05152816834556
INTERMEDIO,4745,129.48255706200183
INTERMEDIO,4746,117.6751382175061
INTERMEDIO,4747,155.4550730295274
INTERMEDIO,4748,135.45703955348102
INTERMEDIO,4749,113.32953567423083
INTERMEDIO,4750,108.2428072863642
INTERMEDIO,4751,125.05457306829419
INTERMEDIO,4752,127.86090151500856
INTERMEDIO,4753,144.6094177390148
INTERMEDIO,4754,132.62861237070803
INTERMEDIO,4755,108.10270172151954
INTERMEDIO,4756,135.60573147627326
INTERMEDIO,4757,133.0020595542166
INTERMEDIO,4758,133.51313364836068
INTERMEDIO,4759,138.44801274961736
INTERMEDIO,4760,117.00273787340059
INTERMEDIO,4761,132.45957940265896
INTERMEDIO,4762,139.93261131411043
INTERMEDIO,4763,126.06437676123856
INTERMEDIO,4764,143.48891580684202
INTERMEDIO,4765,124.58269904460614
INTERMEDIO,4766,113.24777557238778
INTERMEDIO,4767,139.09638121124473
INTERMEDIO,4768,124.87594257374595
INTERMEDIO,4769,126.78959996711637
INTERMEDIO,4770,131.69242085111617
INTERMEDIO,4771,128.33593258258412
INTERMEDIO,4772,117.27061715060775
INTERMEDIO,4773,146.33680227559512
INTERMEDIO,4774,148.00149172441894
INTERMEDIO,4775,130.7914237559805
INTERMEDIO,4776,132.55465254642004
INTERMEDIO,4777,140.3359210415867
INTERMEDIO,4778,121.94957902674967
INTERMEDIO,4779,132.71035145895982
INTERMEDIO,4780,140.65346785737185
INTERMEDIO,4781,127.48138566503582
INTERMEDIO,4782,123.93423873830918
INTERMEDIO,4783,121.87458332854985
INTERMEDIO,4784,119.66823901015333
INTERMEDIO,4785,103.46139021997695
INTERMEDIO,4786,123.19874784549917
INTERMEDIO,4787,122.44727880674364
INTERMEDIO,4788,126.72910952995065
INTERMEDIO,4789,133.26538120700087
INTERMEDIO,4790,134.29496899650204
INTERMEDIO,4791,148.7369728456805
INTERMEDIO,4792,113.56654145133733
INTERMEDIO,4793,135.51192443044002
INTERMEDIO,4794,109.68565211261712
INTERMEDIO,4795,177.29348726588697
INTERMEDIO,4796,139.14047465728228
INTERMEDIO,4797,127.43671507047652
INTERMEDIO,4798,111.49330751233333
INTERMEDIO,4799,150.6014765101831
INTERMEDIO,4800,139.58941153084916
INTERMEDIO,4801,118.63243182319636
INTERMEDIO,4802,110.37250069640015
INTERMEDIO,4803,107.54595037653785
INTERMEDIO,4804,113.94767944409844
INTERMEDIO,4805,160.34857666954068
INTERMEDIO,4806,135.03325321877213
INTERMEDIO,4807,151.54330464457703
INTERMEDIO,4808,131.19709886340573
INTERMEDIO,4809,118.69548674441728
INTERMEDIO,4810,136.67572988982548
INTERMEDIO,4811,120.54776180711124
INTERMEDIO,4812,122.58543074846791
INTERMEDIO,4813,112.35326298620893
INTERMEDIO,4814,122.00071709602106
INTERMEDIO,4815,104.98080790967855
INTERMEDIO,4816,125.94225017690573
INTERMEDIO,4817,150.75109781617513
INTERMEDIO,4818,125.86695313324083
INTERMEDIO,4819,112.28670353398348
INTERMEDIO,4820,135.00165986557369
INTERMEDIO,4821,112.29686143267811
INTERMEDIO,4822,134.8031647822896
INTERMEDIO,4823,124.95719184806195
INTERMEDIO,4824,153.12011882749545
INTERMEDIO,4825,135.08847186964022
INTERMEDIO,4826,141.66805947976593
INTERMEDIO,4827,112.58020959486848
INTERMEDIO,4828,141.1994338632194
INTERMEDIO,4829,128.84934571832838
INTERMEDIO,4830,114.71184122204164
INTERMEDIO,4831,119.78052028377428
INTERMEDIO,4832,115.88223017699357
INTERMEDIO,4833,132.41339980422353
INTERMEDIO,4834,131.7440552385931
INTERMEDIO,4835,126.06944252729974
INTERMEDIO,4836,110.15630579056362
INTERMEDIO,4837,120.8610052308936
INTERMEDIO,4838,120.48318124977479
INTERMEDIO,4839,151.15530919872134
INTERMEDIO,4840,120.73050229784658
INTERMEDIO,4841,108.80987641564492
INTERMEDIO,4842,136.4687731814631
INTERMEDIO,4843,138.2910783365631
INTERMEDIO,4844,130.22033074380607
INTERMEDIO,4845,114.0656994331335
INTERMEDIO,4846,136.60706424297078
INTERMEDIO,4847,136.82287796779684
INTERMEDIO,4848,112.36862814226447
INTERMEDIO,4849,141.71393450249693
INTERMEDIO,4850,133.0902721329743
INTERMEDIO,4851,132.03927557460105
INTERMEDIO,4852,124.60965791595169
INTERMEDIO,4853,120.99781168500125
INTERMEDIO,4854,126.59466766517009
INTERMEDIO,4855,137.21352354633262
INTERMEDIO,4856,98.02227356142986
INTERMEDIO,4857,128.66292804106214
INTERMEDIO,4858,154.32668687288864
INTERMEDIO,4859,139.0117664616203
INTERMEDIO,4860,113.09557533690736
INTERMEDIO,4861,120.23157144447718
INTERMEDIO,4862,133.8763750168635
INTERMEDIO,4863,120.10981378454238
INTERMEDIO,4864,132.2544667713544
INTERMEDIO,4865,127.43986423204292
INTERMEDIO,4866,114.44877507803382
INTERMEDIO,4867,130.98133347479148
INTERMEDIO,4868,157.99202617031887
INTERMEDIO,4869,132.75714800490402
INTERMEDIO,4870,126.9251836326579
INTERMEDIO,4871,142.3542807038419
INTERMEDIO,4872,111.4348651102306
INTERMEDIO,4873,136.02827832468358
INTERMEDIO,4874,133.63833280750342
INTERMEDIO,4875,137.65003448727757
INTERMEDIO,4876,146.49199346115088
INTERMEDIO,4877,127.11345735116149
INTERMEDIO,4878,141.2379189702068
INTERMEDIO,4879,145.00867078141118
INTERMEDIO,4880,134.45859080682996
INTERMEDIO,4881,142.52300013855245
INTERMEDIO,4882,118.84427854115614
INTERMEDIO,4883,122.89215721801826
INTERMEDIO,4884,136.29400751742878
INTERMEDIO,4885,126.52330903999426
INTERMEDIO,4886,151.00276691867307
INTERMEDIO,4887,114.49683714479971
INTERMEDIO,4888,121.89332940638704
INTERMEDIO,4889,105.42982063890304
INTERMEDIO,4890,159.84658258328554
INTERMEDIO,4891,144.34292022495404
INTERMEDIO,4892,127.66469158036993
INTERMEDIO,4893,99.87249714987769
INTERMEDIO,4894,140.68023818410097
INTERMEDIO,4895,120.43337045222964
INTERMEDIO,4896,141.82260456103901
INTERMEDIO,4897,145.20910878897146
INTERMEDIO,4898,137.0098543251314
INTERMEDIO,4899,115.652425017391
INTERMEDIO,4900,132.80704018571598
INTERMEDIO,4901,149.80192084728313
INTERMEDIO,4902,146.36480423060087
INTERMEDIO,4903,131.35990303396622
INTERMEDIO,4904,106.07903033321625
INTERMEDIO,4905,129.2610705579657
INTERMEDIO,4906,146.55971925496362
INTERMEDIO,4907,132.58761225724234
INTERMEDIO,4908,109.67552926625989
INTERMEDIO,4909,139.99253478638877
INTERMEDIO,4910,122.83373620324662
INTERMEDIO,4911,116.70341268654417
INTERMEDIO,4912,115.69909601014439
INTERMEDIO,4913,149.47737291318947
INTERMEDIO,4914,138.5081262843031
INTERMEDIO,4915,140.34629183425008
INTERMEDIO,4916,141.5037156696252
INTERMEDIO,4917,138.6779085401434
INTERMEDIO,4918,130.3168702094861
INTERMEDIO,4919,111.67194056472067
INTERMEDIO,4920,129.05768838904504
INTERMEDIO,4921,116.93503825883653
INTERMEDIO,4922,147.22889771010546
INTERMEDIO,4923,127.27664682234834
INTERMEDIO,4924,123.36578498349795
INTERMEDIO,4925,137.7661283060704
INTERMEDIO,4926,122.45109615268831
INTERMEDIO,4927,142.15271284316273
INTERMEDIO,4928,141.92989476033281
INTERMEDIO,4929,158.61121351707618
INTERMEDIO,4930,119.14668006152081
INTERMEDIO,4931,142.823473110405
INTERMEDIO,4932,116.61015764179268
INTERMEDIO,4933,122.69136665846418
INTERMEDIO,4934,103.77903248318286
INTERMEDIO,4935,120.98345538228804
INTERMEDIO,4936,132.86312163792334
INTERMEDIO,4937,124.78725116934459
INTERMEDIO,4938,171.30335419806434
INTERMEDIO,4939,121.96460312989595
INTERMEDIO,4940,101.56253978326255
INTERMEDIO,4941,153.586352563668
INTERMEDIO,4942,127.53128581626707
INTERMEDIO,4943,146.17657631093633
INTERMEDIO,4944,147.19525434968986
INTERMEDIO,4945,131.08199077218862
INTERMEDIO,4946,112.03876209758891
INTERMEDIO,4947,145.09025290834086
INTERMEDIO,4948,121.36131791512875
INTERMEDIO,4949,120.31380786745443
INTERMEDIO,4950,140.16765624028116
INTERMEDIO,4951,130.6112499554439
INTERMEDIO,4952,127.27726217205213
INTERMEDIO,4953,149.63820663883095
INTERMEDIO,4954,123.94811760837092
INTERMEDIO,4955,112.29484721145543
INTERMEDIO,4956,119.09432209728637
INTERMEDIO,4957,111.56427301215834
INTERMEDIO,4958,109.56102667878721
INTERMEDIO,4959,133.8685201248019
INTERMEDIO,4960,121.85478790463974
INTERMEDIO,4961,121.04964707834014
INTERMEDIO,4962,106.91823151002733
INTERMEDIO,4963,147.12553969441373
INTERMEDIO,4964,134.463719408752
INTERMEDIO,4965,119.57158323553759
INTERMEDIO,4966,126.19956574180145
INTERMEDIO,4967,121.60847643604569
INTERMEDIO,4968,135.76942041994744
INTERMEDIO,4969,139.91841378234784
INTERMEDIO,4970,124.39239445096631
INTERMEDIO,4971,138.78075155684155
INTERMEDIO,4972,120.13056649303351
INTERMEDIO,4973,140.50450773646088
INTERMEDIO,4974,131.3812784463321
INTERMEDIO,4975,123.37878785517128
INTERMEDIO,4976,92.89385837137155
INTERMEDIO,4977,104.16316755113387
INTERMEDIO,4978,107.32020311785845
INTERMEDIO,4979,115.80353795457465
INTERMEDIO,4980,124.3046317845942
INTERMEDIO,4981,124.7300571164633
INTERMEDIO,4982,112.2637166888285
INTERMEDIO,4983,139.77870549220796
INTERMEDIO,4984,107.43383897964058
INTERMEDIO,4985,121.76274877099992
INTERMEDIO,4986,139.1868300995999
INTERMEDIO,4987,144.08939372771252
INTERMEDIO,4988,111.29337856094922
INTERMEDIO,4989,127.26427640220751
INTERMEDIO,4990,152.8228973818383
INTERMEDIO,4991,129.33878939163333
INTERMEDIO,4992,108.13841504842017
INTERMEDIO,4993,141.76025594951912
INTERMEDIO,4994,152.61707294084025
INTERMEDIO,4995,144.08822100424504
INTERMEDIO,4996,115.42466440015441
INTERMEDIO,4997,147.71289059328558
INTERMEDIO,4998,142.70162639896154
INTERMEDIO,4999,134.85807604390232
INTERMEDIO,5000,126.91681830432483
INTERMEDIO,5001,114.51904899848617
INTERMEDIO,5002,144.2028251144785
INTERMEDIO,5003,130.41121710547608
INTERMEDIO,5004,142.2270834250797
INTERMEDIO,5005,112.53657153239847
INTERMEDIO,5006,115.88102985586373
INTERMEDIO,5007,136.56073350146596
INTERMEDIO,5008,129.11386531774164
INTERMEDIO,5009,139.9142127975662
INTERMEDIO,5010,134.916406354734
INTERMEDIO,5011,129.97820660870204
INTERMEDIO,5012,113.80508581988596
INTERMEDIO,5013,109.59844895644073
INTERMEDIO,5014,125.44533750321648
INTERMEDIO,5015,113.20376511236901
INTERMEDIO,5016,141.00616229461048
INTERMEDIO,5017,129.1962477412569
INTERMEDIO,5018,118.59153725712348
INTERMEDIO,5019,151.5195093832947
INTERMEDIO,5020,135.7723113537473
INTERMEDIO,5021,140.67346114149208
INTERMEDIO,5022,105.926041452486
INTERMEDIO,5023,133.14756885372563
INTERMEDIO,5024,144.22557802731114
INTERMEDIO,5025,136.44357163895663
INTERMEDIO,5026,157.32650942443968
INTERMEDIO,5027,109.86109265725833
INTERMEDIO,5028,124.1577070114289
INTERMEDIO,5029,120.08479634372225
INTERMEDIO,5030,144.16095497854513
INTERMEDIO,5031,154.6700924223206
INTERMEDIO,5032,122.9220442621046
INTERMEDIO,5033,120.37778568459017
INTERMEDIO,5034,127.28096114581594
INTERMEDIO,5035,125.40833628391037
INTERMEDIO,5036,131.5973096982986
INTERMEDIO,5037,126.27428628654845
INTERMEDIO,5038,141.41072575616346
INTERMEDIO,5039,126.54308094123311
INTERMEDIO,5040,132.0337823612649
INTERMEDIO,5041,127.29528353783584
INTERMEDIO,5042,122.04550776060063
INTERMEDIO,5043,139.60572131577024
INTERMEDIO,5044,155.44056446326974
INTERMEDIO,5045,126.14962478293461
INTERMEDIO,5046,125.77143534442682
INTERMEDIO,5047,129.40278325684824
INTERMEDIO,5048,141.6339697650391
INTERMEDIO,5049,128.11549522007536
INTERMEDIO,5050,130.1251187338501
INTERMEDIO,5051,117.10813796873362
INTERMEDIO,5052,156.5625222216622
INTERMEDIO,5053,124.99020306652031
INTERMEDIO,5054,137.0548758912925
INTERMEDIO,5055,151.46996110634785
INTERMEDIO,5056,123.411767383004
INTERMEDIO,5057,112.75686346244221
INTERMEDIO,5058,104.70935150486825
INTERMEDIO,5059,107.41913437497277
INTERMEDIO,5060,143.2647579479469
INTERMEDIO,5061,149.87417797599127
INTERMEDIO,5062,137.75603594008317
INTERMEDIO,5063,128.45481042545094
INTERMEDIO,5064,144.76522317276934
INTERMEDIO,5065,124.8801045226811
INTERMEDIO,5066,146.01233088596297
INTERMEDIO,5067,115.59952597384799
INTERMEDIO,5068,118.60878898556757
INTERMEDIO,5069,146.91496454511548
INTERMEDIO,5070,135.55272780608294
INTERMEDIO,5071,115.13239056485791
INTERMEDIO,5072,121.46619573042722
INTERMEDIO,5073,129.922044634712
INTERMEDIO,5074,141.30655176773317
INTERMEDIO,5075,141.00959265860064
INTERMEDIO,5076,126.43265919723001
INTERMEDIO,5077,119.56221654271876
INTERMEDIO,5078,140.27340082994135
INTERMEDIO,5079,111.0221484834936
INTERMEDIO,5080,129.415863822933
INTERMEDIO,5081,121.83053663264747
INTERMEDIO,5082,108.99369782596317
INTERMEDIO,5083,138.74647413212165
INTERMEDIO,5084,117.90109824617642
INTERMEDIO,5085,125.17189523616167
INTERMEDIO,5086,150.94094482645144
INTERMEDIO,5087,138.51420267976076
INTERMEDIO,5088,131.38386389892815
INTERMEDIO,5089,129.5037122554218
INTERMEDIO,5090,142.22393567259607
INTERMEDIO,5091,140.84998451931688
INTERMEDIO,5092,127.03654530060092
INTERMEDIO,5093,125.857815211732
INTERMEDIO,5094,114.90096160993504
INTERMEDIO,5095,117.78344141329173
INTERMEDIO,5096,144.13263949238205
INTERMEDIO,5097,121.23209571200337
INTERMEDIO,5098,139.55165255599752
INTERMEDIO,5099,124.97175163311823
INTERMEDIO,5100,108.15467926402405
INTERMEDIO,5101,142.58291105743518
INTERMEDIO,5102,124.5461185837486
INTERMEDIO,5103,122.7422412199152
INTERMEDIO,5104,146.98558999753237
INTERMEDIO,5105,140.59908109104674
INTERMEDIO,5106,144.6829605697494
INTERMEDIO,5107,118.86238005562535
INTERMEDIO,5108,113.26910670504759
INTERMEDIO,5109,127.77295477865692
INTERMEDIO,5110,119.4652875929406
INTERMEDIO,5111,152.76802408318602
INTERMEDIO,5112,134.46632213404493
INTERMEDIO,5113,128.5060383896453
INTERMEDIO,5114,140.99635166008568
INTERMEDIO,5115,119.53148743709956
INTERMEDIO,5116,135.12884811533038
INTERMEDIO,5117,143.28762357268454
INTERMEDIO,5118,158.66525553203982
INTERMEDIO,5119,137.23694384247904
INTERMEDIO,5120,127.16556127931838
INTERMEDIO,5121,141.03403480016934
INTERMEDIO,5122,140.8654185459746
INTERMEDIO,5123,110.74732524357128
INTERMEDIO,5124,134.98039628894452
INTERMEDIO,5125,133.31135435250368
INTERMEDIO,5126,141.82319098866685
INTERMEDIO,5127,118.81929177897982
INTERMEDIO,5128,148.8604951898448
INTERMEDIO,5129,122.15447886837775
INTERMEDIO,5130,135.84215697692875
INTERMEDIO,5131,120.58992205398535
INTERMEDIO,5132,114.98749341174587
INTERMEDIO,5133,135.97736558635526
INTERMEDIO,5134,139.88284930446125
INTERMEDIO,5135,141.62332595411814
INTERMEDIO,5136,139.5550056739539
INTERMEDIO,5137,133.73489183125423
INTERMEDIO,5138,131.38080540084331
INTERMEDIO,5139,147.6540908131658
INTERMEDIO,5140,109.91599076494374
INTERMEDIO,5141,111.87791258882201
INTERMEDIO,5142,163.43973729751968
INTERMEDIO,5143,141.32654534392762
INTERMEDIO,5144,144.45505469131825
INTERMEDIO,5145,133.40030981309687
INTERMEDIO,5146,128.60762669933675
INTERMEDIO,5147,135.2524361225288
INTERMEDIO,5148,130.51443880580348
INTERMEDIO,5149,134.7816979374092
INTERMEDIO,5150,144.86658236673512
INTERMEDIO,5151,139.9368313102676
INTERMEDIO,5152,134.86996092713756
INTERMEDIO,5153,116.29982103819856
INTERMEDIO,5154,110.12808143488168
INTERMEDIO,5155,133.08192994815636
INTERMEDIO,5156,104.41401620275988
INTERMEDIO,5157,124.0537208118011
INTERMEDIO,5158,153.09010835658097
INTERMEDIO,5159,148.20518446916788
INTERMEDIO,5160,144.26352753888725
INTERMEDIO,5161,139.21305724315823
INTERMEDIO,5162,109.17522536578068
INTERMEDIO,5163,123.5078903129189
INTERMEDIO,5164,142.6385021805809
INTERMEDIO,5165,115.70124088343249
INTERMEDIO,5166,125.78456399629837
INTERMEDIO,5167,133.19012061722262
INTERMEDIO,5168,115.80628102659944
INTERMEDIO,5169,149.0341670591919
INTERMEDIO,5170,119.30532642045965
INTERMEDIO,5171,120.57061382186828
INTERMEDIO,5172,105.37421223052716
INTERMEDIO,5173,97.46915735112917
INTERMEDIO,5174,113.24116779338807
INTERMEDIO,5175,114.44225422048515
INTERMEDIO,5176,135.33743642556544
INTERMEDIO,5177,136.75682467376677
INTERMEDIO,5178,163.31261383751357
INTERMEDIO,5179,121.3538677954554
INTERMEDIO,5180,129.82136129461708
INTERMEDIO,5181,104.56204555501436
INTERMEDIO,5182,124.37682885813656
INTERMEDIO,5183,121.96781105951328
INTERMEDIO,5184,114.69676470860654
INTERMEDIO,5185,138.19568625177487
INTERMEDIO,5186,136.6279244065863
INTERMEDIO,5187,121.84819116507269
INTERMEDIO,5188,132.96178559726516
INTERMEDIO,5189,151.92091126523036
INTERMEDIO,5190,137.6645372935899
INTERMEDIO,5191,144.63646061740383
INTERMEDIO,5192,155.7826558827606
INTERMEDIO,5193,139.6706011057004
INTERMEDIO,5194,118.63050028375598
INTERMEDIO,5195,134.75179011203159
INTERMEDIO,5196,135.7819446693594
INTERMEDIO,5197,148.78991480453163
INTERMEDIO,5198,137.67181901238786
INTERMEDIO,5199,135.559355828527
INTERMEDIO,5200,138.17274915352138
INTERMEDIO,5201,114.19820277886176
INTERMEDIO,5202,137.45322089053371
INTERMEDIO,5203,168.9661171826584
INTERMEDIO,5204,149.85068517678621
INTERMEDIO,5205,138.13639963767963
INTERMEDIO,5206,118.9791871404202
INTERMEDIO,5207,132.90193226741553
INTERMEDIO,5208,152.21669078804797
INTERMEDIO,5209,153.58039790907446
INTERMEDIO,5210,139.44794087372102
INTERMEDIO,5211,136.043067445679
INTERMEDIO,5212,140.704725830431
INTERMEDIO,5213,114.49025506268305
INTERMEDIO,5214,141.2644977293746
INTERMEDIO,5215,137.9868835432428
INTERMEDIO,5216,127.09190984703179
INTERMEDIO,5217,123.44800762952949
INTERMEDIO,5218,135.2938022259716
INTERMEDIO,5219,118.13310916348392
INTERMEDIO,5220,126.98861178191797
INTERMEDIO,5221,135.97450565155802
INTERMEDIO,5222,133.4026803464912
INTERMEDIO,5223,122.33624222631546
INTERMEDIO,5224,141.27303200923367
INTERMEDIO,5225,141.86084613639122
INTERMEDIO,5226,144.6445092142368
INTERMEDIO,5227,119.23951095990573
INTERMEDIO,5228,126.0152791972741
INTERMEDIO,5229,127.72801554136792
INTERMEDIO,5230,100.71378220012828
INTERMEDIO,5231,139.61420164290138
INTERMEDIO,5232,144.40544955683717
INTERMEDIO,5233,123.70705870999882
INTERMEDIO,5234,127.6646059504664
INTERMEDIO,5235,116.5936520677207
INTERMEDIO,5236,120.42290252384224
INTERMEDIO,5237,122.66340182180022
INTERMEDIO,5238,125.27323870752087
INTERMEDIO,5239,119.92804731097843
INTERMEDIO,5240,127.13601698075121
INTERMEDIO,5241,107.76728708966378
INTERMEDIO,5242,142.32123574055367
INTERMEDIO,5243,131.1743417137376
INTERMEDIO,5244,129.55964747737934
INTERMEDIO,5245,122.16496541792134
INTERMEDIO,5246,109.29295931072585
INTERMEDIO,5247,128.20029093336507
INTERMEDIO,5248,155.8736767458638
INTERMEDIO,5249,130.28819262693628
INTERMEDIO,5250,131.49945338313245
INTERMEDIO,5251,145.69011503751256
INTERMEDIO,5252,113.88161180958923
INTERMEDIO,5253,126.00584183815491
INTERMEDIO,5254,137.99393075510625
INTERMEDIO,5255,151.12998936345596
INTERMEDIO,5256,144.14681717788758
INTERMEDIO,5257,135.76727490927678
INTERMEDIO,5258,147.14061340535764
INTERMEDIO,5259,91.66679673639655
INTERMEDIO,5260,145.1745722857898
INTERMEDIO,5261,119.6154220583464
INTERMEDIO,5262,107.73823701014003
INTERMEDIO,5263,146.9136966821707
INTERMEDIO,5264,119.45315101285081
INTERMEDIO,5265,120.19209251374363
INTERMEDIO,5266,119.09518653283888
INTERMEDIO,5267,119.82735405274404
INTERMEDIO,5268,116.0446696480369
INTERMEDIO,5269,135.26627892239046
INTERMEDIO,5270,140.7823331916182
INTERMEDIO,5271,135.48133138101724
INTERMEDIO,5272,145.78105489374718
INTERMEDIO,5273,138.93750643232735
INTERMEDIO,5274,104.5482573675429
INTERMEDIO,5275,160.74306317775665
INTERMEDIO,5276,135.19257805310266
INTERMEDIO,5277,156.1650929673773
INTERMEDIO,5278,128.66281308472722
INTERMEDIO,5279,130.50752436660315
INTERMEDIO,5280,128.9905345175922
INTERMEDIO,5281,138.84145941848362
INTERMEDIO,5282,136.7909078168725
INTERMEDIO,5283,128.91554283684602
INTERMEDIO,5284,144.75695372811447
INTERMEDIO,5285,146.00796456855116
INTERMEDIO,5286,117.26847049373163
INTERMEDIO,5287,128.96630288707414
INTERMEDIO,5288,116.94947637809477
INTERMEDIO,5289,146.52416039909295
INTERMEDIO,5290,157.6746312762286
INTERMEDIO,5291,116.5304600018312
INTERMEDIO,5292,130.97276895353588
INTERMEDIO,5293,133.7305916968892
INTERMEDIO,5294,142.65429107978377
INTERMEDIO,5295,126.35740324626744
INTERMEDIO,5296,104.50561291643346
INTERMEDIO,5297,122.82108603087411
INTERMEDIO,5298,128.23063655059897
INTERMEDIO,5299,134.42437265969156
INTERMEDIO,5300,138.28616842098307
INTERMEDIO,5301,155.63000403578047
INTERMEDIO,5302,113.02260389868081
INTERMEDIO,5303,114.61926163442872
INTERMEDIO,5304,125.50900128212595
INTERMEDIO,5305,94.18848188345221
INTERMEDIO,5306,131.55802781283563
INTERMEDIO,5307,135.7204164951454
INTERMEDIO,5308,148.75785867589988
INTERMEDIO,5309,127.81776657207445
INTERMEDIO,5310,118.61983081144574
INTERMEDIO,5311,141.85255527447964
INTERMEDIO,5312,135.15373665685783
INTERMEDIO,5313,131.30940671597057
INTERMEDIO,5314,113.37416103018143
INTERMEDIO,5315,115.45060966466824
INTERMEDIO,5316,129.06197803955635
INTERMEDIO,5317,123.54437447988226
INTERMEDIO,5318,123.38076320297117
INTERMEDIO,5319,123.15915538954982
INTERMEDIO,5320,108.85396195682942
INTERMEDIO,5321,145.477850703801
INTERMEDIO,5322,117.19159585062093
INTERMEDIO,5323,117.81248229851322
INTERMEDIO,5324,145.17149554555328
INTERMEDIO,5325,139.45696344852092
INTERMEDIO,5326,128.6467531422522
INTERMEDIO,5327,150.37121273005246
INTERMEDIO,5328,139.3165008340167
INTERMEDIO,5329,136.29562139886892
INTERMEDIO,5330,129.01732076953675
INTERMEDIO,5331,104.38087936679932
INTERMEDIO,5332,124.06051839383065
INTERMEDIO,5333,103.99203629361384
INTERMEDIO,5334,129.22722498232477
INTERMEDIO,5335,121.84867256799274
INTERMEDIO,5336,129.50968273591522
INTERMEDIO,5337,126.0024540633892
INTERMEDIO,5338,143.49258400084705
INTERMEDIO,5339,138.8269722249081
INTERMEDIO,5340,129.11286544117806
INTERMEDIO,5341,145.9937946932726
INTERMEDIO,5342,110.56956664451955
INTERMEDIO,5343,149.9609615549559
INTERMEDIO,5344,143.7877099606719
INTERMEDIO,5345,101.45508100058076
INTERMEDIO,5346,144.4795763473059
INTERMEDIO,5347,133.41175092121628
INTERMEDIO,5348,124.57646229780627
INTERMEDIO,5349,133.5727319324318
INTERMEDIO,5350,119.85658351973576
INTERMEDIO,5351,154.17302628022915
INTERMEDIO,5352,142.3666451559387
INTERMEDIO,5353,128.5557324114129
INTERMEDIO,5354,125.46631524191636
INTERMEDIO,5355,122.30992882111568
INTERMEDIO,5356,131.54955739119882
INTERMEDIO,5357,123.16884522358403
INTERMEDIO,5358,120.95600852153903
INTERMEDIO,5359,115.35820016257878
INTERMEDIO,5360,131.9321542335963
INTERMEDIO,5361,110.88166225934893
INTERMEDIO,5362,136.97627970747908
INTERMEDIO,5363,154.68927222823027
INTERMEDIO,5364,115.65240222001736
INTERMEDIO,5365,140.17891189842504
INTERMEDIO,5366,127.91327084548942
INTERMEDIO,5367,139.90408684824416
INTERMEDIO,5368,123.36866882880643
INTERMEDIO,5369,117.04409335686219
INTERMEDIO,5370,135.44944545702418
INTERMEDIO,5371,114.57645511892373
INTERMEDIO,5372,137.93409503836727
INTERMEDIO,5373,116.54724797576519
INTERMEDIO,5374,116.98199008336132
INTERMEDIO,5375,125.67446071980892
INTERMEDIO,5376,150.46449060706482
INTERMEDIO,5377,113.00302696018716
INTERMEDIO,5378,118.26507720806873
INTERMEDIO,5379,153.29618310319648
INTERMEDIO,5380,114.29651400608645
INTERMEDIO,5381,113.78123292946258
INTERMEDIO,5382,126.65218164199277
INTERMEDIO,5383,107.04815919490365
INTERMEDIO,5384,123.93067811937983
INTERMEDIO,5385,129.93328424982084
INTERMEDIO,5386,142.52369082384985
INTERMEDIO,5387,113.24227202687446
INTERMEDIO,5388,111.867404012223
INTERMEDIO,5389,110.66434634572167
INTERMEDIO,5390,163.67521534292516
INTERMEDIO,5391,130.44433462740233
INTERMEDIO,5392,132.3910945825684
INTERMEDIO,5393,114.58943315875136
INTERMEDIO,5394,142.34278132542136
INTERMEDIO,5395,114.26414679040971
INTERMEDIO,5396,117.37904414571591
INTERMEDIO,5397,149.8306393766123
INTERMEDIO,5398,137.77419055935476
INTERMEDIO,5399,114.08634879134888
INTERMEDIO,5400,122.27394701902895
INTERMEDIO,5401,140.33564611963737
INTERMEDIO,5402,127.09777750136729
INTERMEDIO,5403,116.69561503150337
INTERMEDIO,5404,103.03165480457716
INTERMEDIO,5405,132.81568233015813
INTERMEDIO,5406,121.94462197343961
INTERMEDIO,5407,132.17405740028818
INTERMEDIO,5408,133.586190979612
INTERMEDIO,5409,135.85231709968522
INTERMEDIO,5410,131.1450477773078
INTERMEDIO,5411,118.38109917416614
INTERMEDIO,5412,141.15412820074903
INTERMEDIO,5413,144.101540242864
INTERMEDIO,5414,112.49979195009482
INTERMEDIO,5415,116.63373671790694
INTERMEDIO,5416,160.2422060115648
INTERMEDIO,5417,139.40891729912875
INTERMEDIO,5418,132.59332704742548
INTERMEDIO,5419,128.68856909632422
INTERMEDIO,5420,133.09851792181905
INTERMEDIO,5421,139.53028979522855
INTERMEDIO,5422,146.88295907313534
INTERMEDIO,5423,149.18614338608214
INTERMEDIO,5424,143.52691326159868
INTERMEDIO,5425,121.41095855543428
INTERMEDIO,5426,119.01005663251009
INTERMEDIO,5427,128.47367844638242
INTERMEDIO,5428,104.58678255881672
INTERMEDIO,5429,145.54011804315084
INTERMEDIO,5430,116.81509739539432
INTERMEDIO,5431,145.61131006296708
INTERMEDIO,5432,134.72816551099112
INTERMEDIO,5433,128.8180365427114
INTERMEDIO,5434,141.3222001733545
INTERMEDIO,5435,145.6710799150102
INTERMEDIO,5436,138.7571922855789
INTERMEDIO,5437,112.52875381181074
INTERMEDIO,5438,157.0144094438736
INTERMEDIO,5439,141.8808435656749
INTERMEDIO,5440,108.08049196953311
INTERMEDIO,5441,124.19742877567946
INTERMEDIO,5442,117.60290137408418
INTERMEDIO,5443,125.11654605483034
INTERMEDIO,5444,113.99245092924146
INTERMEDIO,5445,151.22248542405006
INTERMEDIO,5446,135.902776674564
INTERMEDIO,5447,127.70521165778771
INTERMEDIO,5448,111.64338277088359
INTERMEDIO,5449,136.44310571576858
INTERMEDIO,5450,140.73659004513317
INTERMEDIO,5451,133.51685989354291
INTERMEDIO,5452,115.86317850555132
INTERMEDIO,5453,133.7183767604465
INTERMEDIO,5454,115.1405593036184
INTERMEDIO,5455,131.4653421426018
INTERMEDIO,5456,130.24899491083468
INTERMEDIO,5457,113.082092356771
INTERMEDIO,5458,121.76553325246427
INTERMEDIO,5459,136.50316041921573
INTERMEDIO,5460,107.67937767260814
INTERMEDIO,5461,129.7741652463972
INTERMEDIO,5462,118.80332247717293
INTERMEDIO,5463,129.5255878458613
INTERMEDIO,5464,139.91807645360248
INTERMEDIO,5465,115.58859767416232
INTERMEDIO,5466,143.81546197677005
INTERMEDIO,5467,98.47212133237439
INTERMEDIO,5468,122.62382506519099
INTERMEDIO,5469,125.78001557247325
INTERMEDIO,5470,137.84786321236476
INTERMEDIO,5471,124.72933511518775
INTERMEDIO,5472,119.5016990348827
INTERMEDIO,5473,133.2003756489836
INTERMEDIO,5474,121.39700454199475
INTERMEDIO,5475,120.80091244457647
INTERMEDIO,5476,125.4720450534102
INTERMEDIO,5477,122.93677024954658
INTERMEDIO,5478,135.34788761132253
INTERMEDIO,5479,108.53275335983462
INTERMEDIO,5480,134.67847893244718
INTERMEDIO,5481,114.0984282880006
INTERMEDIO,5482,123.39159908562705
INTERMEDIO,5483,159.507616857703
INTERMEDIO,5484,146.77275674613549
INTERMEDIO,5485,127.33251971533666
INTERMEDIO,5486,121.40072851290975
INTERMEDIO,5487,125.19376509854696
INTERMEDIO,5488,115.02109652597676
INTERMEDIO,5489,115.91956105556449
INTERMEDIO,5490,139.55643184386827
INTERMEDIO,5491,122.13769219376736
INTERMEDIO,5492,130.9071738777351
INTERMEDIO,5493,142.26598992204342
INTERMEDIO,5494,138.19961155047673
INTERMEDIO,5495,132.51016957038115
INTERMEDIO,5496,110.76256587627938
INTERMEDIO,5497,126.3676113821188
INTERMEDIO,5498,142.23363040487698
INTERMEDIO,5499,112.9778912532693
INTERMEDIO,5500,137.49788156109645
INTERMEDIO,5501,145.97334434826007
INTERMEDIO,5502,149.24105242169856
INTERMEDIO,5503,132.00335937695812
INTERMEDIO,5504,138.8324994771537
INTERMEDIO,5505,112.34739241847376
INTERMEDIO,5506,124.38276024715077
INTERMEDIO,5507,153.58353002217018
INTERMEDIO,5508,140.8391033628187
INTERMEDIO,5509,127.28055803076285
INTERMEDIO,5510,121.29721374956749
INTERMEDIO,5511,145.80426143346537
INTERMEDIO,5512,120.12121308532843
INTERMEDIO,5513,148.20584794290204
INTERMEDIO,5514,131.79323957688956
INTERMEDIO,5515,140.89543754895982
INTERMEDIO,5516,142.6906871766942
INTERMEDIO,5517,142.70153548831368
INTERMEDIO,5518,122.24064217094734
INTERMEDIO,5519,133.8144526875578
INTERMEDIO,5520,136.25655129678634
INTERMEDIO,5521,126.192284142566
INTERMEDIO,5522,120.85477195477726
INTERMEDIO,5523,124.30417407095989
INTERMEDIO,5524,97.1072970286958
INTERMEDIO,5525,142.65125940046622
INTERMEDIO,5526,114.7576139254414
INTERMEDIO,5527,129.75650411789053
INTERMEDIO,5528,120.7655008340772
INTERMEDIO,5529,134.46984172568898
INTERMEDIO,5530,141.34009604009884
INTERMEDIO,5531,129.5921352106988
INTERMEDIO,5532,124.72096819358491
INTERMEDIO,5533,144.21768528743326
INTERMEDIO,5534,122.41167550872518
INTERMEDIO,5535,112.89784863140132
INTERMEDIO,5536,131.10359804335963
INTERMEDIO,5537,167.27955514093924
INTERMEDIO,5538,149.76933175165817
INTERMEDIO,5539,130.7876536057142
INTERMEDIO,5540,125.27200115149218
INTERMEDIO,5541,124.95117422839748
INTERMEDIO,5542,137.54889379405674
INTERMEDIO,5543,146.2759430396282
INTERMEDIO,5544,144.41887054205566
INTERMEDIO,5545,112.9286363575295
INTERMEDIO,5546,131.1296824869662
INTERMEDIO,5547,120.67022949520968
INTERMEDIO,5548,107.12952611576567
INTERMEDIO,5549,139.09823879519863
INTERMEDIO,5550,127.89149944837892
INTERMEDIO,5551,120.8321086899472
INTERMEDIO,5552,143.19509552342174
INTERMEDIO,5553,126.24209972853699
INTERMEDIO,5554,131.03173313026414
INTERMEDIO,5555,118.5730879060767
INTERMEDIO,5556,129.5833976138034
INTERMEDIO,5557,128.10236323093665
INTERMEDIO,5558,142.69577914857675
INTERMEDIO,5559,122.570976837147
INTERMEDIO,5560,135.0530148887511
INTERMEDIO,5561,100.53955343288438
INTERMEDIO,5562,110.2680287190687
INTERMEDIO,5563,115.48980870791077
INTERMEDIO,5564,130.71847425144753
INTERMEDIO,5565,148.08386076768352
INTERMEDIO,5566,132.08584928069135
INTERMEDIO,5567,147.01081569196882
INTERMEDIO,5568,115.01177681349446
INTERMEDIO,5569,120.3092524947931
INTERMEDIO,5570,137.13727930290605
INTERMEDIO,5571,135.5265328711562
INTERMEDIO,5572,118.83548939752153
INTERMEDIO,5573,138.7196050568871
INTERMEDIO,5574,126.5695883139323
INTERMEDIO,5575,140.4927498157047
INTERMEDIO,5576,134.86257654527228
INTERMEDIO,5577,126.09232117884011
INTERMEDIO,5578,132.1529923551288
INTERMEDIO,5579,106.17390076978938
INTERMEDIO,5580,126.58178124441139
INTERMEDIO,5581,145.40657534452797
INTERMEDIO,5582,112.73699251508742
INTERMEDIO,5583,127.30329975462135
INTERMEDIO,5584,134.74224568625925
INTERMEDIO,5585,140.59008324314183
INTERMEDIO,5586,132.46635916843036
INTERMEDIO,5587,124.41891417675448
INTERMEDIO,5588,127.68323968552309
INTERMEDIO,5589,150.80590953326566
INTERMEDIO,5590,131.53642716096874
INTERMEDIO,5591,138.9654034905199
INTERMEDIO,5592,122.65927434335951
INTERMEDIO,5593,158.94474858776363
INTERMEDIO,5594,132.99498400129738
INTERMEDIO,5595,148.31620291206394
INTERMEDIO,5596,141.20702444318496
INTERMEDIO,5597,115.3550413259101
INTERMEDIO,5598,136.51964330418988
INTERMEDIO,5599,114.28033149640777
INTERMEDIO,5600,107.44027168396455
INTERMEDIO,5601,138.26013145641835
INTERMEDIO,5602,150.00579505303375
INTERMEDIO,5603,134.8917246312339
INTERMEDIO,5604,144.62238629211384
INTERMEDIO,5605,125.51547921697315
INTERMEDIO,5606,149.0004248633866
INTERMEDIO,5607,128.78472822126486
INTERMEDIO,5608,134.24803298319216
INTERMEDIO,5609,108.41519064741026
INTERMEDIO,5610,117.0988539392667
INTERMEDIO,5611,133.639382544117
INTERMEDIO,5612,104.67321412572483
INTERMEDIO,5613,119.36149334874162
INTERMEDIO,5614,134.48360262398342
INTERMEDIO,5615,103.62081389940961
INTERMEDIO,5616,136.97463544892452
INTERMEDIO,5617,115.31247683254716
INTERMEDIO,5618,142.9987947110401
INTERMEDIO,5619,123.77705359330714
INTERMEDIO,5620,126.39248796468095
INTERMEDIO,5621,125.4974255469745
INTERMEDIO,5622,115.32604961613268
INTERMEDIO,5623,125.22078890617956
INTERMEDIO,5624,148.1819167332509
INTERMEDIO,5625,123.651209356101
INTERMEDIO,5626,119.6207181287084
INTERMEDIO,5627,128.1103540678048
INTERMEDIO,5628,147.31448822740214
INTERMEDIO,5629,140.71940945731015
INTERMEDIO,5630,135.5395804556886
INTERMEDIO,5631,120.34559150407682
INTERMEDIO,5632,120.75102628524115
INTERMEDIO,5633,121.65387725464707
INTERMEDIO,5634,134.40088451234163
INTERMEDIO,5635,118.30993037359589
INTERMEDIO,5636,127.89518728651805
INTERMEDIO,5637,131.13608719112483
INTERMEDIO,5638,118.18551743025708
INTERMEDIO,5639,122.7452943030125
INTERMEDIO,5640,116.70438706860828
INTERMEDIO,5641,125.03076266577898
INTERMEDIO,5642,126.44321600139264
INTERMEDIO,5643,143.38304081012825
INTERMEDIO,5644,150.24755175366823
INTERMEDIO,5645,127.4845308934847
INTERMEDIO,5646,133.00995107663533
INTERMEDIO,5647,124.38627406588284
INTERMEDIO,5648,144.48167670029906
INTERMEDIO,5649,141.54889662115224
INTERMEDIO,5650,142.38896500637134
INTERMEDIO,5651,133.11836693375926
INTERMEDIO,5652,135.16030025515295
INTERMEDIO,5653,139.76128418288718
INTERMEDIO,5654,119.15987305605594
INTERMEDIO,5655,124.23073460128593
INTERMEDIO,5656,115.78477153092491
INTERMEDIO,5657,119.71812398133906
INTERMEDIO,5658,124.59146651977098
INTERMEDIO,5659,134.97636097271285
INTERMEDIO,5660,147.023755453379
INTERMEDIO,5661,154.25389556188537
INTERMEDIO,5662,151.26201237938133
INTERMEDIO,5663,141.72755283424897
INTERMEDIO,5664,128.98573253514664
INTERMEDIO,5665,124.75282838272106
INTERMEDIO,5666,145.20217693003607
INTERMEDIO,5667,115.20468923146802
INTERMEDIO,5668,125.66785525290169
INTERMEDIO,5669,132.11843636786057
INTERMEDIO,5670,144.27567921106697
INTERMEDIO,5671,122.712426695384
INTERMEDIO,5672,130.90776756160696
INTERMEDIO,5673,133.04444368956482
INTERMEDIO,5674,148.97157779375908
INTERMEDIO,5675,119.69068582929683
INTERMEDIO,5676,131.4084915223892
INTERMEDIO,5677,151.56006329107154
INTERMEDIO,5678,118.12604508201572
INTERMEDIO,5679,131.83325444031368
INTERMEDIO,5680,113.72476173089544
INTERMEDIO,5681,151.39970347293823
INTERMEDIO,5682,122.7811505899283
INTERMEDIO,5683,136.14224401241714
INTERMEDIO,5684,130.30258462769413
INTERMEDIO,5685,126.5631578854763
INTERMEDIO,5686,121.36308747171198
INTERMEDIO,5687,140.18516109708634
INTERMEDIO,5688,135.88554025570863
INTERMEDIO,5689,132.75683097525163
INTERMEDIO,5690,138.22001054068826
INTERMEDIO,5691,142.9967020893921
INTERMEDIO,5692,137.81108220421774
INTERMEDIO,5693,119.67075728548755
INTERMEDIO,5694,129.31901551855438
INTERMEDIO,5695,121.33560663281303
INTERMEDIO,5696,125.06226219172223
INTERMEDIO,5697,160.26157228752194
INTERMEDIO,5698,113.78495215405492
INTERMEDIO,5699,133.36145753223647
INTERMEDIO,5700,133.54768147091238
INTERMEDIO,5701,145.3852921514667
INTERMEDIO,5702,112.7787735779464
INTERMEDIO,5703,140.0707021478282
INTERMEDIO,5704,117.9537171791066
INTERMEDIO,5705,122.10524536560203
INTERMEDIO,5706,135.22702038779525
INTERMEDIO,5707,141.53041792529396
INTERMEDIO,5708,118.41300877755285
INTERMEDIO,5709,127.32144557380272
INTERMEDIO,5710,124.3446914435516
INTERMEDIO,5711,127.06695657918337
INTERMEDIO,5712,120.86411691964697
INTERMEDIO,5713,114.73788641724508
INTERMEDIO,5714,142.57440506540115
INTERMEDIO,5715,141.67846987630986
INTERMEDIO,5716,114.74187801144801
INTERMEDIO,5717,141.87376179552322
INTERMEDIO,5718,124.26341902449995
INTERMEDIO,5719,108.80194390416517
INTERMEDIO,5720,120.41343049860964
INTERMEDIO,5721,127.10597881849598
INTERMEDIO,5722,119.32517479148781
INTERMEDIO,5723,130.9668293726572
INTERMEDIO,5724,134.0606675760339
INTERMEDIO,5725,123.22254282068691
INTERMEDIO,5726,116.3255622875093
INTERMEDIO,5727,152.94317010177247
INTERMEDIO,5728,110.12780650702858
INTERMEDIO,5729,137.32986126682036
INTERMEDIO,5730,133.79671968405182
INTERMEDIO,5731,147.54113760371538
INTERMEDIO,5732,138.7816282210984
INTERMEDIO,5733,109.39084480937827
INTERMEDIO,5734,113.30330068569651
INTERMEDIO,5735,125.72588683395938
INTERMEDIO,5736,121.92962963167409
INTERMEDIO,5737,137.80071988656098
INTERMEDIO,5738,150.45622690309182
INTERMEDIO,5739,133.44778753887965
INTERMEDIO,5740,98.61036463663534
INTERMEDIO,5741,124.2844147432315
INTERMEDIO,5742,148.0438563089534
INTERMEDIO,5743,132.41822541957106
INTERMEDIO,5744,127.00906247381546
INTERMEDIO,5745,138.806157894511
INTERMEDIO,5746,128.5538680241142
INTERMEDIO,5747,159.45435853238394
INTERMEDIO,5748,143.0546428807601
INTERMEDIO,5749,112.2025374528977
INTERMEDIO,5750,139.6807506960093
INTERMEDIO,5751,118.80640437748005
INTERMEDIO,5752,134.81980259966042
INTERMEDIO,5753,103.01398233153503
INTERMEDIO,5754,106.09937100302737
INTERMEDIO,5755,141.32352504511215
INTERMEDIO,5756,144.6296186662403
INTERMEDIO,5757,101.32541144545873
INTERMEDIO,5758,130.6559831357462
INTERMEDIO,5759,123.59191676457851
INTERMEDIO,5760,135.53731921710786
INTERMEDIO,5761,134.43445268324564
INTERMEDIO,5762,121.32592446466226
INTERMEDIO,5763,119.06628083556555
INTERMEDIO,5764,126.70946210878608
INTERMEDIO,5765,113.89668466043446
INTERMEDIO,5766,99.3833445795988
INTERMEDIO,5767,118.95922457303308
INTERMEDIO,5768,149.67065858882845
INTERMEDIO,5769,132.38762848104
INTERMEDIO,5770,145.45854839075727
INTERMEDIO,5771,109.09211069425223
INTERMEDIO,5772,117.24033093604287
INTERMEDIO,5773,98.95688071014573
INTERMEDIO,5774,131.06663700622272
INTERMEDIO,5775,137.42521987242918
INTERMEDIO,5776,154.8128321937925
INTERMEDIO,5777,144.68186361634753
INTERMEDIO,5778,119.25066790221837
INTERMEDIO,5779,127.678172744553
INTERMEDIO,5780,122.50364446925617
INTERMEDIO,5781,138.25058010061602
INTERMEDIO,5782,144.62836025406074
INTERMEDIO,5783,140.0995414399832
INTERMEDIO,5784,109.74720781865935
INTERMEDIO,5785,145.5477736941291
INTERMEDIO,5786,92.5011695317234
INTERMEDIO,5787,106.42382219472485
INTERMEDIO,5788,140.60140163291885
INTERMEDIO,5789,116.20880977169021
INTERMEDIO,5790,134.7421428728295
INTERMEDIO,5791,121.00410609750257
INTERMEDIO,5792,115.00253861628073
INTERMEDIO,5793,142.67176071687382
INTERMEDIO,5794,94.38875871842073
INTERMEDIO,5795,117.88389675650097
INTERMEDIO,5796,132.8138549089544
INTERMEDIO,5797,145.44888272766704
INTERMEDIO,5798,146.62630662692004
INTERMEDIO,5799,136.40451306998804
INTERMEDIO,5800,129.9452612960543
INTERMEDIO,5801,124.163286545788
INTERMEDIO,5802,119.1028574819303
INTERMEDIO,5803,155.34183958806537
INTERMEDIO,5804,141.8638242563125
INTERMEDIO,5805,109.87850255966929
INTERMEDIO,5806,113.3756786302304
INTERMEDIO,5807,145.06510143985633
INTERMEDIO,5808,132.82359846327287
INTERMEDIO,5809,114.44775674786393
INTERMEDIO,5810,156.72715762535992
INTERMEDIO,5811,122.68813773731924
INTERMEDIO,5812,132.40827802224047
INTERMEDIO,5813,116.07735406206622
INTERMEDIO,5814,112.53513505722276
INTERMEDIO,5815,119.86691439330114
INTERMEDIO,5816,134.05141382861882
INTERMEDIO,5817,107.92984009671717
INTERMEDIO,5818,143.07303375306023
INTERMEDIO,5819,119.85933181416168
INTERMEDIO,5820,162.02393881932895
INTERMEDIO,5821,152.94969429680017
INTERMEDIO,5822,134.36254806730014
INTERMEDIO,5823,149.754006731535
INTERMEDIO,5824,132.76383167946506
INTERMEDIO,5825,141.89328173995412
INTERMEDIO,5826,127.01459554865815
INTERMEDIO,5827,148.42541505395005
INTERMEDIO,5828,130.44367652245708
INTERMEDIO,5829,120.73472879980339
INTERMEDIO,5830,137.80541736833635
INTERMEDIO,5831,134.77782937548363
INTERMEDIO,5832,137.13573623472195
INTERMEDIO,5833,144.0544343178389
INTERMEDIO,5834,121.36065571811312
INTERMEDIO,5835,117.06071434467357
INTERMEDIO,5836,132.55530700373424
INTERMEDIO,5837,102.38253458780231
INTERMEDIO,5838,142.69208416995872
INTERMEDIO,5839,123.21752790559842
INTERMEDIO,5840,116.1451420832621
INTERMEDIO,5841,106.662510223574
INTERMEDIO,5842,129.74363985970365
INTERMEDIO,5843,109.30811077292532
INTERMEDIO,5844,120.7027317801317
INTERMEDIO,5845,131.75381495619817
INTERMEDIO,5846,160.120750226353
INTERMEDIO,5847,104.48384370938747
INTERMEDIO,5848,141.1817343768691
INTERMEDIO,5849,134.7743267845525
INTERMEDIO,5850,102.65311313926117
INTERMEDIO,5851,141.01217190652628
INTERMEDIO,5852,124.44675892675396
INTERMEDIO,5853,146.3507784803625
INTERMEDIO,5854,109.98625230892627
INTERMEDIO,5855,132.15571040539263
INTERMEDIO,5856,128.9577056891069
INTERMEDIO,5857,151.5157955249745
INTERMEDIO,5858,119.48095376095831
INTERMEDIO,5859,135.42815000784668
INTERMEDIO,5860,116.41119214305613
INTERMEDIO,5861,123.47380739690408
INTERMEDIO,5862,122.37001975091043
INTERMEDIO,5863,141.8010678970176
INTERMEDIO,5864,139.15149469721672
INTERMEDIO,5865,136.5844988596665
INTERMEDIO,5866,147.84647720511816
INTERMEDIO,5867,119.43163031644507
INTERMEDIO,5868,122.47194395747643
INTERMEDIO,5869,140.79608803268755
INTERMEDIO,5870,158.70839476660686
INTERMEDIO,5871,142.75033479120634
INTERMEDIO,5872,147.9947596063775
INTERMEDIO,5873,125.36931738035881
INTERMEDIO,5874,128.23988610449942
INTERMEDIO,5875,131.47257220158718
INTERMEDIO,5876,126.15958852531102
INTERMEDIO,5877,126.77297947437948
INTERMEDIO,5878,150.49986193986973
INTERMEDIO,5879,130.68482095704633
INTERMEDIO,5880,100.97320668383736
INTERMEDIO,5881,132.47011503126723
INTERMEDIO,5882,113.32292445286421
INTERMEDIO,5883,128.57056566223773
INTERMEDIO,5884,146.48755467442658
INTERMEDIO,5885,122.66442737503422
INTERMEDIO,5886,120.5676975823904
INTERMEDIO,5887,146.00267439000046
INTERMEDIO,5888,123.41920402132227
INTERMEDIO,5889,115.42614275417843
INTERMEDIO,5890,148.8242173214983
INTERMEDIO,5891,159.67367845193237
INTERMEDIO,5892,127.67233732524853
INTERMEDIO,5893,135.8527513629075
INTERMEDIO,5894,120.45154380470855
INTERMEDIO,5895,144.07196153313518
INTERMEDIO,5896,131.73279062121213
INTERMEDIO,5897,126.30680751893952
INTERMEDIO,5898,131.7748700716476
INTERMEDIO,5899,117.15826910781887
INTERMEDIO,5900,123.11503540884297
INTERMEDIO,5901,150.83686396851363
INTERMEDIO,5902,120.7145771372122
INTERMEDIO,5903,125.82709845741974
INTERMEDIO,5904,136.02564815486926
INTERMEDIO,5905,91.40814684762054
INTERMEDIO,5906,140.53677342101201
INTERMEDIO,5907,112.11937147842242
INTERMEDIO,5908,135.81650307686752
INTERMEDIO,5909,145.92719733005947
INTERMEDIO,5910,121.03764030395762
INTERMEDIO,5911,151.59789537146554
INTERMEDIO,5912,165.901552487149
INTERMEDIO,5913,117.09833810019619
INTERMEDIO,5914,131.5323275833111
INTERMEDIO,5915,115.56597804840344
INTERMEDIO,5916,132.80123445933972
INTERMEDIO,5917,130.35905200626993
INTERMEDIO,5918,131.2239654535717
INTERMEDIO,5919,138.35408743776733
INTERMEDIO,5920,122.84692313806292
INTERMEDIO,5921,118.4680346299427
INTERMEDIO,5922,112.45831705542346
INTERMEDIO,5923,110.16174436778466
INTERMEDIO,5924,148.66416565295174
INTERMEDIO,5925,124.43642816392867
INTERMEDIO,5926,123.45212770676851
INTERMEDIO,5927,128.00351198593927
INTERMEDIO,5928,130.96808860617568
INTERMEDIO,5929,120.0301530824255
INTERMEDIO,5930,105.3136802463199
INTERMEDIO,5931,151.69050008749116
INTERMEDIO,5932,136.00333090656176
INTERMEDIO,5933,140.98084063225093
INTERMEDIO,5934,117.65676110971825
INTERMEDIO,5935,121.3617721337718
INTERMEDIO,5936,128.14156482373494
INTERMEDIO,5937,139.23613119323554
INTERMEDIO,5938,135.89198814170362
INTERMEDIO,5939,116.39514980789889
INTERMEDIO,5940,143.0706325991761
INTERMEDIO,5941,117.99748262610517
INTERMEDIO,5942,145.15137596013358
INTERMEDIO,5943,129.28960397135012
INTERMEDIO,5944,124.18008929718002
INTERMEDIO,5945,129.65235795646035
INTERMEDIO,5946,121.51624033648886
INTERMEDIO,5947,127.59048719455643
INTERMEDIO,5948,163.4193292729645
INTERMEDIO,5949,128.9139829527962
INTERMEDIO,5950,146.40461454167095
INTERMEDIO,5951,109.26592908617371
INTERMEDIO,5952,139.6195246555084
INTERMEDIO,5953,138.77799064203757
INTERMEDIO,5954,137.88708479448945
INTERMEDIO,5955,113.75757918280262
INTERMEDIO,5956,154.1611497640138
INTERMEDIO,5957,132.26764697744437
INTERMEDIO,5958,126.82364274832658
INTERMEDIO,5959,122.6271563686309
INTERMEDIO,5960,145.75680275889334
INTERMEDIO,5961,149.64035267574266
INTERMEDIO,5962,122.78810153176175
INTERMEDIO,5963,127.68575533700073
INTERMEDIO,5964,140.02598060661234
INTERMEDIO,5965,132.48347301291471
INTERMEDIO,5966,130.34849183768722
INTERMEDIO,5967,113.27004209010855
INTERMEDIO,5968,107.12541834704172
INTERMEDIO,5969,163.937793018442
INTERMEDIO,5970,168.2940286864875
INTERMEDIO,5971,107.03568479536732
INTERMEDIO,5972,113.76016098950831
INTERMEDIO,5973,138.34810687191128
INTERMEDIO,5974,130.73077896822596
INTERMEDIO,5975,136.29094900485012
INTERMEDIO,5976,134.03128102152044
INTERMEDIO,5977,142.37970430621806
INTERMEDIO,5978,125.31558841823205
INTERMEDIO,5979,139.77368039659916
INTERMEDIO,5980,118.23672602473167
INTERMEDIO,5981,120.8427657450541
INTERMEDIO,5982,144.3256467058195
INTERMEDIO,5983,123.83372213422366
INTERMEDIO,5984,139.48101121209905
INTERMEDIO,5985,128.10439641794457
INTERMEDIO,5986,152.83095865049566
INTERMEDIO,5987,117.34918659732695
INTERMEDIO,5988,126.55091730590999
INTERMEDIO,5989,129.82064905549606
INTERMEDIO,5990,140.86905323806064
INTERMEDIO,5991,132.94235003084094
INTERMEDIO,5992,140.1522506220956
INTERMEDIO,5993,122.53203234690126
INTERMEDIO,5994,141.52464664542734
INTERMEDIO,5995,137.55053058860233
INTERMEDIO,5996,148.08072204802846
INTERMEDIO,5997,135.02466121959407
INTERMEDIO,5998,130.1027938917721
INTERMEDIO,5999,128.09197666886834
INTERMEDIO,6000,131.74403419198114
INTERMEDIO,6001,119.90712694378544
INTERMEDIO,6002,132.57076765217892
INTERMEDIO,6003,117.43482358536555
INTERMEDIO,6004,131.88825713760755
INTERMEDIO,6005,124.22582206082808
INTERMEDIO,6006,121.8137632837157
INTERMEDIO,6007,146.55087625930602
INTERMEDIO,6008,123.55270697938577
INTERMEDIO,6009,115.35549515468568
INTERMEDIO,6010,145.5298685005815
INTERMEDIO,6011,108.380688835825
INTERMEDIO,6012,103.81033908620272
INTERMEDIO,6013,144.36565204061276
INTERMEDIO,6014,126.706769372773
INTERMEDIO,6015,132.81888224918578
INTERMEDIO,6016,108.98129347431069
INTERMEDIO,6017,127.27286383603762
INTERMEDIO,6018,134.76098240931577
INTERMEDIO,6019,139.52829635303257
INTERMEDIO,6020,128.77241039831694
INTERMEDIO,6021,128.48949239939722
INTERMEDIO,6022,138.82499950805308
INTERMEDIO,6023,125.54276629982162
INTERMEDIO,6024,147.64014055420972
INTERMEDIO,6025,134.88846307940528
INTERMEDIO,6026,173.06586888478245
INTERMEDIO,6027,140.22567275764098
INTERMEDIO,6028,106.72247650062474
INTERMEDIO,6029,135.2405384900401
INTERMEDIO,6030,139.56553260339967
INTERMEDIO,6031,153.21858289966002
INTERMEDIO,6032,156.86630996218432
INTERMEDIO,6033,136.82034038742387
INTERMEDIO,6034,153.31781906581656
INTERMEDIO,6035,128.28473948202503
INTERMEDIO,6036,129.77513188149945
INTERMEDIO,6037,134.61907382438673
INTERMEDIO,6038,126.57037183208375
INTERMEDIO,6039,123.6403085935371
INTERMEDIO,6040,154.89438552089166
INTERMEDIO,6041,155.65737916115162
INTERMEDIO,6042,133.0613730600799
INTERMEDIO,6043,145.31154462009243
INTERMEDIO,6044,118.94956466586011
INTERMEDIO,6045,99.1647816932402
INTERMEDIO,6046,160.44125876614964
INTERMEDIO,6047,124.6737503176096
INTERMEDIO,6048,107.90006042325928
INTERMEDIO,6049,131.1840801261964
INTERMEDIO,6050,127.46576568035546
INTERMEDIO,6051,127.49132989745812
INTERMEDIO,6052,140.4679901470861
INTERMEDIO,6053,137.47451954289332
INTERMEDIO,6054,139.99106133252894
INTERMEDIO,6055,130.66924316581773
INTERMEDIO,6056,128.9802059924246
INTERMEDIO,6057,122.94840695806371
INTERMEDIO,6058,139.52019325085058
INTERMEDIO,6059,115.08479400980129
INTERMEDIO,6060,125.4044353509143
INTERMEDIO,6061,157.67127356928964
INTERMEDIO,6062,131.64863650888802
INTERMEDIO,6063,141.79303105141963
INTERMEDIO,6064,143.8836048768963
INTERMEDIO,6065,148.03148682531662
INTERMEDIO,6066,129.24085303728918
INTERMEDIO,6067,98.2141389807246
INTERMEDIO,6068,144.10785341694813
INTERMEDIO,6069,145.58753372202364
INTERMEDIO,6070,111.45272891525256
INTERMEDIO,6071,133.2164529637849
INTERMEDIO,6072,142.2710900989083
INTERMEDIO,6073,130.9012104782883
INTERMEDIO,6074,151.04310178565146
INTERMEDIO,6075,111.7036702236253
INTERMEDIO,6076,127.1511911616545
INTERMEDIO,6077,126.22612372357216
INTERMEDIO,6078,136.55561573655385
INTERMEDIO,6079,143.5230572507606
INTERMEDIO,6080,119.58677968063479
INTERMEDIO,6081,97.29083017399635
INTERMEDIO,6082,145.65650959807667
INTERMEDIO,6083,117.8529749574516
INTERMEDIO,6084,111.61675995469349
INTERMEDIO,6085,119.29710846733794
INTERMEDIO,6086,124.22449934239006
INTERMEDIO,6087,123.97516687692584
INTERMEDIO,6088,138.00627118562383
INTERMEDIO,6089,124.36677236709386
INTERMEDIO,6090,150.61056633644185
INTERMEDIO,6091,126.9417038305162
INTERMEDIO,6092,141.95317609240112
INTERMEDIO,6093,127.36975540282212
INTERMEDIO,6094,134.63990033196643
INTERMEDIO,6095,123.36465201187706
INTERMEDIO,6096,156.23925624507967
INTERMEDIO,6097,144.97191417800076
INTERMEDIO,6098,105.93903818046103
INTERMEDIO,6099,94.42710416497894
INTERMEDIO,6100,122.46362620919822
INTERMEDIO,6101,153.26666981833716
INTERMEDIO,6102,150.45570895888568
INTERMEDIO,6103,113.33499106126779
INTERMEDIO,6104,112.73637254338918
INTERMEDIO,6105,143.03631397421114
INTERMEDIO,6106,116.31132443578737
INTERMEDIO,6107,136.0995151201159
INTERMEDIO,6108,137.26607913351032
INTERMEDIO,6109,103.75323539927997
INTERMEDIO,6110,108.75559376012211
INTERMEDIO,6111,116.13519637196191
INTERMEDIO,6112,140.06081294382238
INTERMEDIO,6113,113.86223636285732
INTERMEDIO,6114,108.01502060993087
INTERMEDIO,6115,109.69560361353905
INTERMEDIO,6116,141.4888045799834
INTERMEDIO,6117,135.87125679723079
INTERMEDIO,6118,108.40131894991836
INTERMEDIO,6119,149.43883428174664
INTERMEDIO,6120,135.9612557093573
INTERMEDIO,6121,128.78728865357607
INTERMEDIO,6122,135.4851054735271
INTERMEDIO,6123,102.15176828186173
INTERMEDIO,6124,126.14994082885354
INTERMEDIO,6125,134.2142408263254
INTERMEDIO,6126,139.2108614439061
INTERMEDIO,6127,130.25789663329942
INTERMEDIO,6128,133.31423687446323
INTERMEDIO,6129,144.48379129387206
INTERMEDIO,6130,121.34962810781252
INTERMEDIO,6131,109.66626168081537
INTERMEDIO,6132,114.13242002442894
INTERMEDIO,6133,131.20850584804572
INTERMEDIO,6134,125.99046050581526
INTERMEDIO,6135,125.19670191444837
INTERMEDIO,6136,121.24240752236832
INTERMEDIO,6137,120.69614009000013
INTERMEDIO,6138,132.89476508224013
INTERMEDIO,6139,138.35791908309668
INTERMEDIO,6140,135.4975525871127
INTERMEDIO,6141,133.5024768046757
INTERMEDIO,6142,115.05243322420687
INTERMEDIO,6143,135.83778551899482
INTERMEDIO,6144,139.34936932131114
INTERMEDIO,6145,137.59904404217457
INTERMEDIO,6146,127.05325568597488
INTERMEDIO,6147,157.05325794028386
INTERMEDIO,6148,142.2782669334414
INTERMEDIO,6149,124.93418530365756
INTERMEDIO,6150,121.91653446679396
INTERMEDIO,6151,113.64890977929052
INTERMEDIO,6152,132.40521906017057
INTERMEDIO,6153,136.1760732518304
INTERMEDIO,6154,141.661142740775
INTERMEDIO,6155,124.06948938735086
INTERMEDIO,6156,148.97985968691643
INTERMEDIO,6157,136.11252281148742
INTERMEDIO,6158,127.36096789954543
INTERMEDIO,6159,120.42365624117852
INTERMEDIO,6160,146.5892303828321
INTERMEDIO,6161,155.14189609997933
INTERMEDIO,6162,134.01297938689441
INTERMEDIO,6163,122.29929454303705
INTERMEDIO,6164,110.69840003110966
INTERMEDIO,6165,110.8756927295037
INTERMEDIO,6166,129.44941044136846
INTERMEDIO,6167,131.27634071048743
INTERMEDIO,6168,101.56536272914578
INTERMEDIO,6169,139.47166133336526
INTERMEDIO,6170,124.73845534940227
INTERMEDIO,6171,133.29346249434298
INTERMEDIO,6172,134.41366292016667
INTERMEDIO,6173,150.3945373359362
INTERMEDIO,6174,157.58330186375275
INTERMEDIO,6175,138.8550503452187
INTERMEDIO,6176,131.19761138475332
INTERMEDIO,6177,116.26279574160661
INTERMEDIO,6178,103.77101964455213
INTERMEDIO,6179,125.51190328712974
INTERMEDIO,6180,117.29859070415476
INTERMEDIO,6181,127.82073396712555
INTERMEDIO,6182,130.12995171410904
INTERMEDIO,6183,128.59591862409292
INTERMEDIO,6184,141.0348482920774
INTERMEDIO,6185,128.12610334274174
INTERMEDIO,6186,123.38940345553262
INTERMEDIO,6187,155.05343142087247
INTERMEDIO,6188,155.3320820614525
INTERMEDIO,6189,136.17027292923737
INTERMEDIO,6190,118.22258314788611
INTERMEDIO,6191,153.95400894739123
INTERMEDIO,6192,134.41301575265902
INTERMEDIO,6193,127.66868242124563
INTERMEDIO,6194,131.06551609117332
INTERMEDIO,6195,123.78078344927289
INTERMEDIO,6196,138.13299623475635
INTERMEDIO,6197,150.747245629651
INTERMEDIO,6198,133.27732469149325
INTERMEDIO,6199,132.39130911363196
INTERMEDIO,6200,126.18788343811356
INTERMEDIO,6201,127.05607854763102
INTERMEDIO,6202,144.18466638750684
INTERMEDIO,6203,159.07757439115426
INTERMEDIO,6204,133.8377955011445
INTERMEDIO,6205,140.87272069154557
INTERMEDIO,6206,126.95213477248576
INTERMEDIO,6207,124.04815941799657
INTERMEDIO,6208,121.47102320809417
INTERMEDIO,6209,120.72744588394605
INTERMEDIO,6210,152.99559176184087
INTERMEDIO,6211,142.92909965112298
INTERMEDIO,6212,119.80839136543196
INTERMEDIO,6213,128.1946090976127
INTERMEDIO,6214,144.3940458618405
INTERMEDIO,6215,109.06119856825973
INTERMEDIO,6216,104.99906075136764
INTERMEDIO,6217,143.17007014481868
INTERMEDIO,6218,130.51265343176826
INTERMEDIO,6219,143.03331573215536
INTERMEDIO,6220,121.03627052161043
INTERMEDIO,6221,122.62102985925137
INTERMEDIO,6222,123.26275884003874
INTERMEDIO,6223,118.4342261226699
INTERMEDIO,6224,128.1477692683691
INTERMEDIO,6225,140.09088086356724
INTERMEDIO,6226,123.27330616375893
INTERMEDIO,6227,110.99497792073085
INTERMEDIO,6228,134.89028146171935
INTERMEDIO,6229,153.6333820186058
INTERMEDIO,6230,122.31665436653093
INTERMEDIO,6231,129.4553827946479
INTERMEDIO,6232,130.2322035926218
INTERMEDIO,6233,129.78839093580797
INTERMEDIO,6234,122.8824071757735
INTERMEDIO,6235,137.76849880461248
INTERMEDIO,6236,137.85068867457073
INTERMEDIO,6237,146.54339741529026
INTERMEDIO,6238,143.17409862618095
INTERMEDIO,6239,117.69841381782827
INTERMEDIO,6240,115.87557061963948
INTERMEDIO,6241,125.40435374018504
INTERMEDIO,6242,138.1451751223926
INTERMEDIO,6243,117.10709264757837
INTERMEDIO,6244,139.70839981904743
INTERMEDIO,6245,93.79177596234038
INTERMEDIO,6246,122.62281218172521
INTERMEDIO,6247,114.36237205484701
INTERMEDIO,6248,129.57599176003492
INTERMEDIO,6249,110.06433950106947
INTERMEDIO,6250,141.4550283683267
INTERMEDIO,6251,122.048473818958
INTERMEDIO,6252,127.23278375556411
INTERMEDIO,6253,133.8843047979847
INTERMEDIO,6254,136.21260162576547
INTERMEDIO,6255,137.4266858449735
INTERMEDIO,6256,151.015760791427
INTERMEDIO,6257,101.31600228890255
INTERMEDIO,6258,112.69511554300395
INTERMEDIO,6259,122.85449224232397
INTERMEDIO,6260,115.94066837344401
INTERMEDIO,6261,129.017654732269
INTERMEDIO,6262,120.46930612055439
INTERMEDIO,6263,109.02083299433144
INTERMEDIO,6264,120.9376944561846
INTERMEDIO,6265,129.79847765103352
INTERMEDIO,6266,126.07420661415173
INTERMEDIO,6267,115.6523391298354
INTERMEDIO,6268,120.97906712388668
INTERMEDIO,6269,95.60271782218287
INTERMEDIO,6270,116.68910328088641
INTERMEDIO,6271,122.90307040630209
INTERMEDIO,6272,129.71954825362008
INTERMEDIO,6273,131.7022789498662
INTERMEDIO,6274,128.06346940649473
INTERMEDIO,6275,124.22618818661893
INTERMEDIO,6276,131.25281069901837
INTERMEDIO,6277,97.56166129061985
INTERMEDIO,6278,139.2654955614067
INTERMEDIO,6279,122.47958614310267
INTERMEDIO,6280,121.1480253344834
INTERMEDIO,6281,144.90376228524755
INTERMEDIO,6282,143.57923824535962
INTERMEDIO,6283,135.57793210839975
INTERMEDIO,6284,125.09597708127733
INTERMEDIO,6285,123.96631108660173
INTERMEDIO,6286,118.25162829884802
INTERMEDIO,6287,136.68289913247906
INTERMEDIO,6288,138.39978299742074
INTERMEDIO,6289,105.06696035671615
INTERMEDIO,6290,117.34970058851937
INTERMEDIO,6291,146.88459299230055
INTERMEDIO,6292,123.40897664348411
INTERMEDIO,6293,125.09329706863375
INTERMEDIO,6294,165.68120872007523
INTERMEDIO,6295,119.97339575340308
INTERMEDIO,6296,159.51998905933152
INTERMEDIO,6297,132.74286885697424
INTERMEDIO,6298,127.85527229631415
INTERMEDIO,6299,113.67842914190702
INTERMEDIO,6300,143.8598788666037
INTERMEDIO,6301,113.08463131222436
INTERMEDIO,6302,120.66284201545717
INTERMEDIO,6303,130.67135481809598
INTERMEDIO,6304,123.4038214450952
INTERMEDIO,6305,130.98113027633602
INTERMEDIO,6306,151.99027227259072
INTERMEDIO,6307,121.80585846841961
INTERMEDIO,6308,154.84542751338728
INTERMEDIO,6309,141.91124076555087
INTERMEDIO,6310,129.3572720217524
INTERMEDIO,6311,141.36616381301627
INTERMEDIO,6312,124.14246258930578
INTERMEDIO,6313,134.42309315922168
INTERMEDIO,6314,128.13267212148162
INTERMEDIO,6315,117.77955015542483
INTERMEDIO,6316,134.63232763701927
INTERMEDIO,6317,110.46838148617255
INTERMEDIO,6318,143.04768837671352
INTERMEDIO,6319,142.64305635069027
INTERMEDIO,6320,124.27775385944867
INTERMEDIO,6321,133.37648530401844
INTERMEDIO,6322,116.8829251799504
INTERMEDIO,6323,124.4381375456921
INTERMEDIO,6324,134.65925872664138
INTERMEDIO,6325,132.24277458623826
INTERMEDIO,6326,122.54409246369526
INTERMEDIO,6327,149.34246936381047
INTERMEDIO,6328,129.94957183284316
INTERMEDIO,6329,123.03104370704595
INTERMEDIO,6330,132.75711151693298
INTERMEDIO,6331,117.85051623052414
INTERMEDIO,6332,115.68322918313038
INTERMEDIO,6333,133.11689870908256
INTERMEDIO,6334,138.77072340132588
INTERMEDIO,6335,140.9001467663051
INTERMEDIO,6336,115.73876814494673
INTERMEDIO,6337,141.81467975943056
INTERMEDIO,6338,116.09172237603832
INTERMEDIO,6339,140.27868848849943
INTERMEDIO,6340,145.333218411556
INTERMEDIO,6341,133.12092631602354
INTERMEDIO,6342,136.8335917401874
INTERMEDIO,6343,121.19096897004526
INTERMEDIO,6344,124.8739134038491
INTERMEDIO,6345,139.6655190892721
INTERMEDIO,6346,138.05172803739157
INTERMEDIO,6347,118.36904679763427
INTERMEDIO,6348,119.83503222370288
INTERMEDIO,6349,135.64098828431761
INTERMEDIO,6350,110.75148473823822
INTERMEDIO,6351,126.90141648482835
INTERMEDIO,6352,130.310505571467
INTERMEDIO,6353,126.79512436345976
INTERMEDIO,6354,116.96807252085823
INTERMEDIO,6355,131.57370287856702
INTERMEDIO,6356,165.63030064133775
INTERMEDIO,6357,122.63092928665388
INTERMEDIO,6358,121.03037541918302
INTERMEDIO,6359,130.60231558661
INTERMEDIO,6360,142.62408602676544
INTERMEDIO,6361,130.73459592116788
INTERMEDIO,6362,132.55258717103706
INTERMEDIO,6363,127.23869787329218
INTERMEDIO,6364,133.75046459136178
INTERMEDIO,6365,140.03582850595632
INTERMEDIO,6366,132.79673559768017
INTERMEDIO,6367,146.48136113357782
INTERMEDIO,6368,149.5741535067211
INTERMEDIO,6369,140.91339196586415
INTERMEDIO,6370,129.19069761330093
INTERMEDIO,6371,130.2499040923455
INTERMEDIO,6372,146.30980419221592
INTERMEDIO,6373,137.26689796993114
INTERMEDIO,6374,121.77536793407923
INTERMEDIO,6375,129.99921140924673
INTERMEDIO,6376,125.58936230036467
INTERMEDIO,6377,128.27480362877134
INTERMEDIO,6378,129.64588255656167
INTERMEDIO,6379,96.6406107259436
INTERMEDIO,6380,130.11378417913832
INTERMEDIO,6381,133.9121070168024
INTERMEDIO,6382,129.7430812735788
INTERMEDIO,6383,146.73604633352826
INTERMEDIO,6384,131.34752324050802
INTERMEDIO,6385,144.65014810401806
INTERMEDIO,6386,133.37756197541324
INTERMEDIO,6387,125.58758273945013
INTERMEDIO,6388,130.19488746596713
INTERMEDIO,6389,137.68763637290988
INTERMEDIO,6390,111.8269713072087
INTERMEDIO,6391,126.5555031874223
INTERMEDIO,6392,138.73526739859017
INTERMEDIO,6393,129.50250765459828
INTERMEDIO,6394,126.18920748672478
INTERMEDIO,6395,136.40581284376066
INTERMEDIO,6396,131.99764649262062
INTERMEDIO,6397,107.12277037461205
INTERMEDIO,6398,134.47932362226638
INTERMEDIO,6399,111.43794036772279
INTERMEDIO,6400,137.95051895976235
INTERMEDIO,6401,152.5178607807963
INTERMEDIO,6402,128.03505212214304
INTERMEDIO,6403,138.30154385814657
INTERMEDIO,6404,128.17127210764457
INTERMEDIO,6405,115.26298727772422
INTERMEDIO,6406,133.7289867988545
INTERMEDIO,6407,150.93746387240512
INTERMEDIO,6408,136.6977324338286
INTERMEDIO,6409,111.22685948418328
INTERMEDIO,6410,151.09351921769797
INTERMEDIO,6411,140.94886793642476
INTERMEDIO,6412,137.30153359749465
INTERMEDIO,6413,128.0435960785245
INTERMEDIO,6414,121.44735151970538
INTERMEDIO,6415,150.67758205289928
INTERMEDIO,6416,132.61500976773803
INTERMEDIO,6417,130.2980580835804
INTERMEDIO,6418,105.05470320590126
INTERMEDIO,6419,139.7088683616541
INTERMEDIO,6420,149.8837275838154
INTERMEDIO,6421,142.29010775483104
INTERMEDIO,6422,148.7781828896913
INTERMEDIO,6423,149.88910130878918
INTERMEDIO,6424,139.11122536307172
INTERMEDIO,6425,140.45384076025064
INTERMEDIO,6426,127.24475005296206
INTERMEDIO,6427,115.80027497192125
INTERMEDIO,6428,131.69556377218555
INTERMEDIO,6429,142.09931997538968
INTERMEDIO,6430,129.78600686106495
INTERMEDIO,6431,119.82951086706491
INTERMEDIO,6432,131.29201817851455
INTERMEDIO,6433,163.28842355757803
INTERMEDIO,6434,142.279236334719
INTERMEDIO,6435,145.30969755597982
INTERMEDIO,6436,123.16733571188595
INTERMEDIO,6437,142.21241010768205
INTERMEDIO,6438,125.77000984709882
INTERMEDIO,6439,125.69570459300775
INTERMEDIO,6440,127.81336387659549
INTERMEDIO,6441,140.57551850335898
INTERMEDIO,6442,130.23706537533005
INTERMEDIO,6443,135.04086082479694
INTERMEDIO,6444,150.0498544758673
INTERMEDIO,6445,135.19072170480604
INTERMEDIO,6446,147.01418529097424
INTERMEDIO,6447,137.19918698508704
INTERMEDIO,6448,128.89836108982578
INTERMEDIO,6449,130.91509505028617
INTERMEDIO,6450,117.48101350499634
INTERMEDIO,6451,119.94803275434745
INTERMEDIO,6452,134.63491341753942
INTERMEDIO,6453,119.28716884352828
INTERMEDIO,6454,124.73471192072076
INTERMEDIO,6455,140.0355722718127
INTERMEDIO,6456,136.1331751451444
INTERMEDIO,6457,132.37512931689446
INTERMEDIO,6458,121.58324730224703
INTERMEDIO,6459,116.4677275399805
INTERMEDIO,6460,131.0455229332075
INTERMEDIO,6461,135.4913040446749
INTERMEDIO,6462,123.85181122464012
INTERMEDIO,6463,139.98231225798241
INTERMEDIO,6464,114.64675830404752
INTERMEDIO,6465,140.11282096109696
INTERMEDIO,6466,135.82148722160682
INTERMEDIO,6467,111.9229689356182
INTERMEDIO,6468,131.89029408709266
INTERMEDIO,6469,124.91063990446813
INTERMEDIO,6470,127.2827837932377
INTERMEDIO,6471,124.68856872678036
INTERMEDIO,6472,126.90429283980836
INTERMEDIO,6473,105.23597516786818
INTERMEDIO,6474,130.45099153928538
INTERMEDIO,6475,134.74471601357098
INTERMEDIO,6476,129.85822883856093
INTERMEDIO,6477,120.13136714871861
INTERMEDIO,6478,127.34135419774083
INTERMEDIO,6479,113.01754291954272
INTERMEDIO,6480,124.94210102197135
INTERMEDIO,6481,133.07409230834483
INTERMEDIO,6482,115.19146824734656
INTERMEDIO,6483,142.69961900855438
INTERMEDIO,6484,137.84440958800346
INTERMEDIO,6485,131.93875234421054
INTERMEDIO,6486,136.16976537336575
INTERMEDIO,6487,106.52527146993285
INTERMEDIO,6488,116.97777823111291
INTERMEDIO,6489,148.60829101048895
INTERMEDIO,6490,124.218919368919
INTERMEDIO,6491,138.63423726436747
INTERMEDIO,6492,114.77241933486837
INTERMEDIO,6493,145.4743849797798
INTERMEDIO,6494,108.94972974145253
INTERMEDIO,6495,134.15041046531752
INTERMEDIO,6496,99.83175184184364
INTERMEDIO,6497,143.79736819618722
INTERMEDIO,6498,152.69953219664447
INTERMEDIO,6499,140.68750918504563
INTERMEDIO,6500,164.5967387690084
INTERMEDIO,6501,134.3600366692914
INTERMEDIO,6502,126.92278013051421
INTERMEDIO,6503,99.82016467393152
INTERMEDIO,6504,138.06988439801125
INTERMEDIO,6505,134.43502856295794
INTERMEDIO,6506,145.12515193552704
INTERMEDIO,6507,135.67730941259228
INTERMEDIO,6508,127.8009474273212
INTERMEDIO,6509,114.3461839920221
INTERMEDIO,6510,99.43931996930952
INTERMEDIO,6511,119.59484102897329
INTERMEDIO,6512,120.29144389467096
INTERMEDIO,6513,154.5004129802429
INTERMEDIO,6514,128.66737594440912
INTERMEDIO,6515,125.4983134910911
INTERMEDIO,6516,137.53007883556393
INTERMEDIO,6517,111.50178088581679
INTERMEDIO,6518,126.01446624732236
INTERMEDIO,6519,156.50604337887492
INTERMEDIO,6520,137.92658596622897
INTERMEDIO,6521,112.59126945963817
INTERMEDIO,6522,112.92196504307427
INTERMEDIO,6523,132.35371743014642
INTERMEDIO,6524,138.30749664782786
INTERMEDIO,6525,122.04724602522951
INTERMEDIO,6526,127.89423639185283
INTERMEDIO,6527,123.97999144392557
INTERMEDIO,6528,124.53923890939585
INTERMEDIO,6529,123.7468058558637
INTERMEDIO,6530,108.43239651821416
INTERMEDIO,6531,128.97625534457188
INTERMEDIO,6532,122.25496621268547
INTERMEDIO,6533,129.6116439269269
INTERMEDIO,6534,143.2358403779531
INTERMEDIO,6535,124.06533805215912
INTERMEDIO,6536,143.81789623336712
INTERMEDIO,6537,135.75939706789958
INTERMEDIO,6538,124.77767342220065
INTERMEDIO,6539,133.5849353405103
INTERMEDIO,6540,132.36616702229642
INTERMEDIO,6541,139.25297032149695
INTERMEDIO,6542,101.72733044593792
INTERMEDIO,6543,112.30940373186198
INTERMEDIO,6544,141.1434061439753
INTERMEDIO,6545,141.80869455397223
INTERMEDIO,6546,147.91639374184055
INTERMEDIO,6547,119.72250292740597
INTERMEDIO,6548,140.95388555480085
INTERMEDIO,6549,138.92572982232096
INTERMEDIO,6550,128.2969723677413
INTERMEDIO,6551,132.39589738133728
INTERMEDIO,6552,150.8429919420624
INTERMEDIO,6553,118.33315858325831
INTERMEDIO,6554,151.95195717329142
INTERMEDIO,6555,133.2433064333702
INTERMEDIO,6556,120.93979410783282
INTERMEDIO,6557,112.76700903575195
INTERMEDIO,6558,122.41064062006026
INTERMEDIO,6559,129.1840996469743
INTERMEDIO,6560,127.60425203282348
INTERMEDIO,6561,131.17604942516934
INTERMEDIO,6562,125.45529769450229
INTERMEDIO,6563,144.2691898016463
INTERMEDIO,6564,104.52145543943416
INTERMEDIO,6565,119.57337846064426
INTERMEDIO,6566,99.04320965252651
INTERMEDIO,6567,124.09622629149747
INTERMEDIO,6568,112.5894364041857
INTERMEDIO,6569,119.6086488756575
INTERMEDIO,6570,138.6550515563592
INTERMEDIO,6571,121.33265369977673
INTERMEDIO,6572,156.35430257626908
INTERMEDIO,6573,148.80158694269605
INTERMEDIO,6574,109.33448150680852
INTERMEDIO,6575,125.47570595076303
INTERMEDIO,6576,147.1195030113493
INTERMEDIO,6577,130.1876223676484
INTERMEDIO,6578,94.89708071086913
INTERMEDIO,6579,142.2163071799959
INTERMEDIO,6580,142.12435951768578
INTERMEDIO,6581,149.84978901797894
INTERMEDIO,6582,127.57467605927172
INTERMEDIO,6583,147.2318189255082
INTERMEDIO,6584,141.99928526562505
INTERMEDIO,6585,122.33677831404978
INTERMEDIO,6586,136.33384322004616
INTERMEDIO,6587,125.88295499636104
INTERMEDIO,6588,129.7320578475131
INTERMEDIO,6589,136.14824669665617
INTERMEDIO,6590,100.96069539482096
INTERMEDIO,6591,117.95031672197318
INTERMEDIO,6592,117.42819929441406
INTERMEDIO,6593,115.76215312281884
INTERMEDIO,6594,115.9346350626272
INTERMEDIO,6595,131.86475263185275
INTERMEDIO,6596,127.74454223529258
INTERMEDIO,6597,126.21546277892628
INTERMEDIO,6598,114.09245028132679
INTERMEDIO,6599,112.27979722213725
INTERMEDIO,6600,121.2221042805275
INTERMEDIO,6601,132.0663346638904
INTERMEDIO,6602,113.5566700704492
INTERMEDIO,6603,125.0108372615438
INTERMEDIO,6604,115.333713211629
INTERMEDIO,6605,119.84444886688208
INTERMEDIO,6606,110.60743467039705
INTERMEDIO,6607,121.48261997829123
INTERMEDIO,6608,143.22220588482796
INTERMEDIO,6609,101.25904595111112
INTERMEDIO,6610,120.87385604459203
INTERMEDIO,6611,129.17559562527663
INTERMEDIO,6612,136.81660554653888
INTERMEDIO,6613,138.70117974642278
INTERMEDIO,6614,113.86538153236819
INTERMEDIO,6615,140.71246866059903
INTERMEDIO,6616,121.26872778759137
INTERMEDIO,6617,109.99092750586861
INTERMEDIO,6618,118.33157783757824
INTERMEDIO,6619,115.87174213291776
INTERMEDIO,6620,133.51684179401943
INTERMEDIO,6621,131.62792231788845
INTERMEDIO,6622,122.75355233595668
INTERMEDIO,6623,125.96475103182628
INTERMEDIO,6624,123.85969826604693
INTERMEDIO,6625,114.01258938922749
INTERMEDIO,6626,139.645375420466
INTERMEDIO,6627,116.38176696491351
INTERMEDIO,6628,147.40588136867257
INTERMEDIO,6629,149.11661150147577
INTERMEDIO,6630,122.2125908283765
INTERMEDIO,6631,131.00352608657857
INTERMEDIO,6632,132.78698889674513
INTERMEDIO,6633,130.89261653935657
INTERMEDIO,6634,150.8255161684426
INTERMEDIO,6635,132.43023339305594
INTERMEDIO,6636,145.7651112953398
INTERMEDIO,6637,108.2818648471588
INTERMEDIO,6638,141.50868213463787
INTERMEDIO,6639,115.99915618482613
INTERMEDIO,6640,135.68818941317903
INTERMEDIO,6641,131.99460644258608
INTERMEDIO,6642,137.3279798194296
INTERMEDIO,6643,118.86464883720406
INTERMEDIO,6644,127.0422517266181
INTERMEDIO,6645,114.85655927034703
INTERMEDIO,6646,123.12217837664338
INTERMEDIO,6647,128.40800492225264
INTERMEDIO,6648,127.7218174134045
INTERMEDIO,6649,117.29270670162973
INTERMEDIO,6650,121.50329291339598
INTERMEDIO,6651,112.60401451173388
INTERMEDIO,6652,118.31148721090236
INTERMEDIO,6653,133.31009032124228
INTERMEDIO,6654,132.82531611397664
INTERMEDIO,6655,120.80805808521785
INTERMEDIO,6656,131.5235978775978
INTERMEDIO,6657,112.42953738369687
INTERMEDIO,6658,139.72611225853962
INTERMEDIO,6659,132.64710112643985
INTERMEDIO,6660,137.97829946305757
INTERMEDIO,6661,127.20392720451214
INTERMEDIO,6662,109.27993323926557
INTERMEDIO,6663,93.63988411932348
INTERMEDIO,6664,134.48727543783093
INTERMEDIO,6665,148.87402011563887
INTERMEDIO,6666,137.85687851715613
INTERMEDIO,6667,128.8238400518064
INTERMEDIO,6668,127.51738891260707
INTERMEDIO,6669,141.7934115584497
INTERMEDIO,6670,147.35413240532523
INTERMEDIO,6671,136.9831443635358
INTERMEDIO,6672,121.29465372488596
INTERMEDIO,6673,162.3184201048678
INTERMEDIO,6674,142.68855036938703
INTERMEDIO,6675,115.26494475683387
INTERMEDIO,6676,131.05422883145755
INTERMEDIO,6677,116.38778999363586
INTERMEDIO,6678,131.19988393197744
INTERMEDIO,6679,133.03478683632736
INTERMEDIO,6680,154.91250068514793
INTERMEDIO,6681,114.44064235833872
INTERMEDIO,6682,114.89670610283598
INTERMEDIO,6683,130.31791198482307
INTERMEDIO,6684,121.7138928850545
INTERMEDIO,6685,108.64993289093698
INTERMEDIO,6686,122.86195814916083
INTERMEDIO,6687,157.46960354130138
INTERMEDIO,6688,127.43515165086264
INTERMEDIO,6689,145.30924859159737
INTERMEDIO,6690,118.17570646838792
INTERMEDIO,6691,133.78823314891366
INTERMEDIO,6692,142.93537328599555
INTERMEDIO,6693,149.13482391821125
INTERMEDIO,6694,112.70509921403233
INTERMEDIO,6695,119.91493210212182
INTERMEDIO,6696,130.56108927391088
INTERMEDIO,6697,160.72698315962595
INTERMEDIO,6698,162.59406413294923
INTERMEDIO,6699,114.56340215284438
INTERMEDIO,6700,116.17576314087819
INTERMEDIO,6701,101.67661354087085
INTERMEDIO,6702,144.15844837730597
INTERMEDIO,6703,132.16168811594167
INTERMEDIO,6704,123.872117140589
INTERMEDIO,6705,128.30958506766228
INTERMEDIO,6706,137.1833339921894
INTERMEDIO,6707,144.4196942893309
INTERMEDIO,6708,150.9296179769694
INTERMEDIO,6709,117.60205046226929
INTERMEDIO,6710,119.97118382289177
INTERMEDIO,6711,123.0835326848501
INTERMEDIO,6712,134.52646561902222
INTERMEDIO,6713,130.5465681925191
INTERMEDIO,6714,130.82315842111674
INTERMEDIO,6715,159.70432594668023
INTERMEDIO,6716,142.9159043394976
INTERMEDIO,6717,119.58055090592565
INTERMEDIO,6718,139.68966482234603
INTERMEDIO,6719,127.78930203664181
INTERMEDIO,6720,116.04372586014041
INTERMEDIO,6721,152.76349500782484
INTERMEDIO,6722,116.0360937504043
INTERMEDIO,6723,147.5102830632051
INTERMEDIO,6724,120.05104960574354
INTERMEDIO,6725,118.78099880764246
INTERMEDIO,6726,148.4207190825018
INTERMEDIO,6727,142.11447669227772
INTERMEDIO,6728,136.13201777627708
INTERMEDIO,6729,128.39651049559873
INTERMEDIO,6730,109.86032326227416
INTERMEDIO,6731,125.9404387275286
INTERMEDIO,6732,117.27927784420987
INTERMEDIO,6733,140.81814978974973
INTERMEDIO,6734,123.95921649990092
INTERMEDIO,6735,129.86639576740143
INTERMEDIO,6736,127.83888262873465
INTERMEDIO,6737,140.93202788192437
INTERMEDIO,6738,139.42155729258175
INTERMEDIO,6739,122.93373256912761
INTERMEDIO,6740,143.86220965520138
INTERMEDIO,6741,124.87798248580364
INTERMEDIO,6742,140.91010483009552
INTERMEDIO,6743,144.05898294753368
INTERMEDIO,6744,136.4094076843761
INTERMEDIO,6745,128.92578467119847
INTERMEDIO,6746,142.6329525747572
INTERMEDIO,6747,117.70020894037678
INTERMEDIO,6748,143.106140038468
INTERMEDIO,6749,148.3031191377634
INTERMEDIO,6750,144.57014052588082
INTERMEDIO,6751,134.4270599280108
INTERMEDIO,6752,145.19673324025217
INTERMEDIO,6753,108.581754941802
INTERMEDIO,6754,121.5934947628217
INTERMEDIO,6755,121.39424121807207
INTERMEDIO,6756,133.4381647314292
INTERMEDIO,6757,119.58257642731044
INTERMEDIO,6758,132.19585197407736
INTERMEDIO,6759,120.39292850767166
INTERMEDIO,6760,120.79939993055851
INTERMEDIO,6761,133.5964018994813
INTERMEDIO,6762,108.77195005747251
INTERMEDIO,6763,118.42130313967883
INTERMEDIO,6764,105.9558320433379
INTERMEDIO,6765,124.12501385177538
INTERMEDIO,6766,127.9806815678862
INTERMEDIO,6767,114.18096595964776
INTERMEDIO,6768,119.83038497685725
INTERMEDIO,6769,106.40617787743258
INTERMEDIO,6770,151.46375219721835
INTERMEDIO,6771,124.95312751352174
INTERMEDIO,6772,156.01852648099415
INTERMEDIO,6773,140.41716072351474
INTERMEDIO,6774,134.59239507416086
INTERMEDIO,6775,134.0572863030807
INTERMEDIO,6776,144.67497997171012
INTERMEDIO,6777,98.63252638889008
INTERMEDIO,6778,137.24163966837625
INTERMEDIO,6779,123.29182676249232
INTERMEDIO,6780,146.7045727542903
INTERMEDIO,6781,127.01995228751314
INTERMEDIO,6782,127.10858941945528
INTERMEDIO,6783,123.24721133390885
INTERMEDIO,6784,115.23655975824123
INTERMEDIO,6785,165.6108651133054
INTERMEDIO,6786,130.14757105456846
INTERMEDIO,6787,127.40149716317151
INTERMEDIO,6788,113.71897978156505
INTERMEDIO,6789,121.82889952493959
INTERMEDIO,6790,144.67625631317048
INTERMEDIO,6791,109.01513603925181
INTERMEDIO,6792,112.55916193767152
INTERMEDIO,6793,123.65697388238291
INTERMEDIO,6794,110.74893381439622
INTERMEDIO,6795,119.70259861304233
INTERMEDIO,6796,130.40177311710596
INTERMEDIO,6797,119.70204769786478
INTERMEDIO,6798,142.56278939946196
INTERMEDIO,6799,156.23205291173926
INTERMEDIO,6800,140.87302943634646
INTERMEDIO,6801,122.1950332121429
INTERMEDIO,6802,131.96371712521054
INTERMEDIO,6803,156.83461748697488
INTERMEDIO,6804,128.1941839848953
INTERMEDIO,6805,91.44858711119639
INTERMEDIO,6806,129.30066051320065
INTERMEDIO,6807,139.55781757019534
INTERMEDIO,6808,123.88644889330277
INTERMEDIO,6809,126.98728740059616
INTERMEDIO,6810,92.88928227896464
INTERMEDIO,6811,136.381287687415
INTERMEDIO,6812,134.5792044549925
INTERMEDIO,6813,136.85927387755743
INTERMEDIO,6814,141.0786579344173
INTERMEDIO,6815,132.30228157725975
INTERMEDIO,6816,122.60156216169254
INTERMEDIO,6817,140.71049469704235
INTERMEDIO,6818,153.80896830898885
INTERMEDIO,6819,129.76903121171594
INTERMEDIO,6820,109.43628153714639
INTERMEDIO,6821,126.9631728457783
INTERMEDIO,6822,134.3163717182012
INTERMEDIO,6823,111.87478608304463
INTERMEDIO,6824,121.09583665648466
INTERMEDIO,6825,106.72772876409246
INTERMEDIO,6826,138.9573427321442
INTERMEDIO,6827,117.10814904030137
INTERMEDIO,6828,129.78784656612393
INTERMEDIO,6829,131.07462865917867
INTERMEDIO,6830,111.96283685822493
INTERMEDIO,6831,114.83889589422654
INTERMEDIO,6832,135.44314269417723
INTERMEDIO,6833,140.29455018526082
INTERMEDIO,6834,137.56510420170076
INTERMEDIO,6835,129.94707389655028
INTERMEDIO,6836,139.27727799180897
INTERMEDIO,6837,125.90239704944823
INTERMEDIO,6838,112.41188373634543
INTERMEDIO,6839,126.8670299382024
INTERMEDIO,6840,110.37221669872471
INTERMEDIO,6841,146.56128242024909
INTERMEDIO,6842,129.78529551253783
INTERMEDIO,6843,138.14325480460775
INTERMEDIO,6844,148.04231366568774
INTERMEDIO,6845,149.73265654002464
INTERMEDIO,6846,132.442191747827
INTERMEDIO,6847,124.63824354565132
INTERMEDIO,6848,117.02467684289066
INTERMEDIO,6849,138.89297457326023
INTERMEDIO,6850,105.07097233080775
INTERMEDIO,6851,139.34914411849522
INTERMEDIO,6852,149.3495374377715
INTERMEDIO,6853,147.2259362570638
INTERMEDIO,6854,110.22441734395768
INTERMEDIO,6855,138.4889032709295
INTERMEDIO,6856,121.64123645061954
INTERMEDIO,6857,147.63130796288976
INTERMEDIO,6858,109.89758991814598
INTERMEDIO,6859,110.93518979898857
INTERMEDIO,6860,124.6520270288316
INTERMEDIO,6861,98.79291874363142
INTERMEDIO,6862,146.89340532036553
INTERMEDIO,6863,146.9957028824067
INTERMEDIO,6864,126.3234147443724
INTERMEDIO,6865,119.68043581630374
INTERMEDIO,6866,114.18628162304873
INTERMEDIO,6867,130.57063162409077
INTERMEDIO,6868,129.894948117623
INTERMEDIO,6869,113.70049502672308
INTERMEDIO,6870,121.28711057551803
INTERMEDIO,6871,134.43162709589345
INTERMEDIO,6872,130.03805754371692
INTERMEDIO,6873,133.29087024789823
INTERMEDIO,6874,123.86959187422609
INTERMEDIO,6875,145.77956021380547
INTERMEDIO,6876,139.69003711019337
INTERMEDIO,6877,131.8371469964986
INTERMEDIO,6878,136.22471143816
INTERMEDIO,6879,129.3944704649838
INTERMEDIO,6880,128.0102889312696
INTERMEDIO,6881,131.48409483810292
INTERMEDIO,6882,129.91048753810364
INTERMEDIO,6883,144.82335939351162
INTERMEDIO,6884,111.24189776461098
INTERMEDIO,6885,152.12291157707406
INTERMEDIO,6886,119.76499048788328
INTERMEDIO,6887,111.71329046144474
INTERMEDIO,6888,111.90868899885521
INTERMEDIO,6889,118.04496373349579
INTERMEDIO,6890,122.44857582775013
INTERMEDIO,6891,128.91426563377274
INTERMEDIO,6892,112.59711859115923
INTERMEDIO,6893,136.5277795312913
INTERMEDIO,6894,125.83775282079557
INTERMEDIO,6895,132.14176606686755
INTERMEDIO,6896,121.28616943074454
INTERMEDIO,6897,122.82963018678983
INTERMEDIO,6898,130.90568319239142
INTERMEDIO,6899,122.02106559255502
INTERMEDIO,6900,124.36528616187154
INTERMEDIO,6901,142.8695696272882
INTERMEDIO,6902,138.76526121404956
INTERMEDIO,6903,94.6458875297044
INTERMEDIO,6904,131.75238597383176
INTERMEDIO,6905,122.69382653830839
INTERMEDIO,6906,126.22309302173248
INTERMEDIO,6907,144.44586672734167
INTERMEDIO,6908,105.35042667013495
INTERMEDIO,6909,118.6655296331281
INTERMEDIO,6910,114.36894102719377
INTERMEDIO,6911,119.80763196887638
INTERMEDIO,6912,140.2210243490339
INTERMEDIO,6913,150.33273388694727
INTERMEDIO,6914,130.22421151386453
INTERMEDIO,6915,144.27409421191606
INTERMEDIO,6916,132.02947711392474
INTERMEDIO,6917,138.0408154495159
INTERMEDIO,6918,116.7060984528779
INTERMEDIO,6919,137.33437231829717
INTERMEDIO,6920,128.82208670633733
INTERMEDIO,6921,147.1723986951232
INTERMEDIO,6922,118.9163414319427
INTERMEDIO,6923,115.70966320904162
INTERMEDIO,6924,137.71963284186748
INTERMEDIO,6925,105.89983989848936
INTERMEDIO,6926,138.0980168658043
INTERMEDIO,6927,111.75092736682755
INTERMEDIO,6928,135.35586726572961
INTERMEDIO,6929,138.4480477384183
INTERMEDIO,6930,117.48330723412946
INTERMEDIO,6931,131.78897872279904
INTERMEDIO,6932,146.54032107103762
INTERMEDIO,6933,128.48666632586318
INTERMEDIO,6934,138.62120327240802
INTERMEDIO,6935,152.2568469290572
INTERMEDIO,6936,140.25923461442937
INTERMEDIO,6937,123.8557017776291
INTERMEDIO,6938,143.200883778876
INTERMEDIO,6939,146.66121731430587
INTERMEDIO,6940,100.64238573363245
INTERMEDIO,6941,141.01359198714937
INTERMEDIO,6942,127.62027895920872
INTERMEDIO,6943,116.64558158204335
INTERMEDIO,6944,143.35651163433997
INTERMEDIO,6945,131.60942339317438
INTERMEDIO,6946,121.27784789310702
INTERMEDIO,6947,125.47246348160795
INTERMEDIO,6948,130.1144381832907
INTERMEDIO,6949,123.76344888753863
INTERMEDIO,6950,123.65625829669142
INTERMEDIO,6951,102.15195194723587
INTERMEDIO,6952,148.67254257316023
INTERMEDIO,6953,146.89942227411353
INTERMEDIO,6954,141.86299168722618
INTERMEDIO,6955,109.08643882254802
INTERMEDIO,6956,123.43790599873088
INTERMEDIO,6957,141.9537950340924
INTERMEDIO,6958,133.49972198982147
INTERMEDIO,6959,127.17111776438699
INTERMEDIO,6960,105.91597603394264
INTERMEDIO,6961,126.74800130689906
INTERMEDIO,6962,142.28941409807385
INTERMEDIO,6963,138.8713105050598
INTERMEDIO,6964,128.98538102076162
INTERMEDIO,6965,133.11690113855897
INTERMEDIO,6966,105.96854242744277
INTERMEDIO,6967,111.07551595852325
INTERMEDIO,6968,126.84491975768675
INTERMEDIO,6969,127.80070743535926
INTERMEDIO,6970,100.85471119024064
INTERMEDIO,6971,120.21492349964718
INTERMEDIO,6972,128.55091172906995
INTERMEDIO,6973,130.52067907680197
INTERMEDIO,6974,123.82117729879005
INTERMEDIO,6975,119.37808202043428
INTERMEDIO,6976,137.43349198026638
INTERMEDIO,6977,126.14025578053638
INTERMEDIO,6978,127.31951917748239
INTERMEDIO,6979,118.85751812657759
INTERMEDIO,6980,137.53507250469823
INTERMEDIO,6981,124.30014081175143
INTERMEDIO,6982,130.95586821450377
INTERMEDIO,6983,138.7128064281702
INTERMEDIO,6984,138.26131618152027
INTERMEDIO,6985,127.9578209011668
INTERMEDIO,6986,141.3996782191164
INTERMEDIO,6987,119.95435731163711
INTERMEDIO,6988,153.07961006297379
INTERMEDIO,6989,125.06877969345273
INTERMEDIO,6990,151.58526243190454
INTERMEDIO,6991,96.4017673540822
INTERMEDIO,6992,128.2152288253464
INTERMEDIO,6993,134.23218593993684
INTERMEDIO,6994,122.98683054297746
INTERMEDIO,6995,119.24920451466335
INTERMEDIO,6996,127.43359304629953
INTERMEDIO,6997,138.51338954930074
INTERMEDIO,6998,140.33969399035215
INTERMEDIO,6999,131.59257595448017
INTERMEDIO,7000,135.08948453494403
INTERMEDIO,7001,149.17710879140807
INTERMEDIO,7002,129.947774571829
INTERMEDIO,7003,114.46233541969497
INTERMEDIO,7004,147.02489143173085
INTERMEDIO,7005,111.62870465290106
INTERMEDIO,7006,126.66139646557953
INTERMEDIO,7007,117.45018970982144
INTERMEDIO,7008,124.8639499945661
INTERMEDIO,7009,153.19099704157324
INTERMEDIO,7010,134.2977599332288
INTERMEDIO,7011,136.18042587135554
INTERMEDIO,7012,111.15984812454391
INTERMEDIO,7013,136.63341714961535
INTERMEDIO,7014,108.55859744101531
INTERMEDIO,7015,100.31003874785895
INTERMEDIO,7016,92.36698768513969
INTERMEDIO,7017,129.03246231782526
INTERMEDIO,7018,119.95154773207175
INTERMEDIO,7019,130.5835680268359
INTERMEDIO,7020,145.97152665810208
INTERMEDIO,7021,124.91141869916845
INTERMEDIO,7022,128.8258280396728
INTERMEDIO,7023,148.24839858216788
INTERMEDIO,7024,129.9019353862625
INTERMEDIO,7025,139.55397555816992
INTERMEDIO,7026,111.13385605580764
INTERMEDIO,7027,134.0397193791747
INTERMEDIO,7028,125.85637665045184
INTERMEDIO,7029,129.60185182322707
INTERMEDIO,7030,144.4457409689623
INTERMEDIO,7031,120.81440600498584
INTERMEDIO,7032,121.6955639233612
INTERMEDIO,7033,138.8036509446393
INTERMEDIO,7034,142.59173846121297
INTERMEDIO,7035,129.4055603170043
INTERMEDIO,7036,149.08569124756798
INTERMEDIO,7037,121.1474667424088
INTERMEDIO,7038,138.37285222738205
INTERMEDIO,7039,118.05301305150726
INTERMEDIO,7040,138.0243873973762
INTERMEDIO,7041,122.45153650848859
INTERMEDIO,7042,139.40675204972206
INTERMEDIO,7043,134.77664987797618
INTERMEDIO,7044,128.8804807730198
INTERMEDIO,7045,126.41105647443575
INTERMEDIO,7046,125.3085122139495
INTERMEDIO,7047,112.16057697336129
INTERMEDIO,7048,122.44233698374273
INTERMEDIO,7049,128.46566606540483
INTERMEDIO,7050,124.89929494373146
INTERMEDIO,7051,126.5761296194323
INTERMEDIO,7052,150.28630825514358
INTERMEDIO,7053,138.42055291090423
INTERMEDIO,7054,124.61687963263802
INTERMEDIO,7055,125.08778931604526
INTERMEDIO,7056,125.74413818560062
INTERMEDIO,7057,111.337524796146
INTERMEDIO,7058,146.82876208084502
INTERMEDIO,7059,136.5905086342656
INTERMEDIO,7060,99.33959849372145
INTERMEDIO,7061,133.0868147729605
INTERMEDIO,7062,138.82571834929522
INTERMEDIO,7063,112.14968915263859
INTERMEDIO,7064,132.12908406342746
INTERMEDIO,7065,93.92468010922904
INTERMEDIO,7066,119.39380119297799
INTERMEDIO,7067,134.7327700838312
INTERMEDIO,7068,132.7017750915072
INTERMEDIO,7069,119.36188430025905
INTERMEDIO,7070,120.13670370478687
INTERMEDIO,7071,116.5859030020885
INTERMEDIO,7072,137.0382570633304
INTERMEDIO,7073,140.19030633404523
INTERMEDIO,7074,116.5483811052592
INTERMEDIO,7075,142.42341941221187
INTERMEDIO,7076,119.08045861925609
INTERMEDIO,7077,121.72461746489539
INTERMEDIO,7078,126.22031345124915
INTERMEDIO,7079,129.6902296340769
INTERMEDIO,7080,117.51303897337306
INTERMEDIO,7081,134.07915286674458
INTERMEDIO,7082,138.6027491367722
INTERMEDIO,7083,146.21608930166738
INTERMEDIO,7084,139.04215814162785
INTERMEDIO,7085,109.56988564429416
INTERMEDIO,7086,121.69964566235221
INTERMEDIO,7087,127.46105171750287
INTERMEDIO,7088,163.75742683227693
INTERMEDIO,7089,124.98541804726212
INTERMEDIO,7090,159.99397904717043
INTERMEDIO,7091,124.51932890880525
INTERMEDIO,7092,125.56853860640918
INTERMEDIO,7093,146.22973786847334
INTERMEDIO,7094,132.40871949284755
INTERMEDIO,7095,131.54257042219868
INTERMEDIO,7096,127.8422323250391
INTERMEDIO,7097,142.71485512878675
INTERMEDIO,7098,122.54998803052325
INTERMEDIO,7099,151.5942707449089
INTERMEDIO,7100,143.20144111856115
INTERMEDIO,7101,112.02253281398106
INTERMEDIO,7102,122.54023592963792
INTERMEDIO,7103,148.36730844048407
INTERMEDIO,7104,125.42455714578443
INTERMEDIO,7105,115.48319220864384
INTERMEDIO,7106,133.81154195770986
INTERMEDIO,7107,141.72174995734966
INTERMEDIO,7108,140.8436915535338
INTERMEDIO,7109,129.77544311365227
INTERMEDIO,7110,131.31068700073683
INTERMEDIO,7111,129.09093385265933
INTERMEDIO,7112,131.5371366895786
INTERMEDIO,7113,104.56691279042464
INTERMEDIO,7114,134.7532037857266
INTERMEDIO,7115,148.0028314876543
INTERMEDIO,7116,127.67255553348866
INTERMEDIO,7117,111.95876532302148
INTERMEDIO,7118,117.82443221100178
INTERMEDIO,7119,155.88327373120853
INTERMEDIO,7120,145.12721573829873
INTERMEDIO,7121,139.67578109432432
INTERMEDIO,7122,123.28891103606897
INTERMEDIO,7123,131.25448565303492
INTERMEDIO,7124,121.06047594954052
INTERMEDIO,7125,141.46796860385012
INTERMEDIO,7126,134.47507468537978
INTERMEDIO,7127,126.4675660813921
INTERMEDIO,7128,138.74205481755496
INTERMEDIO,7129,127.80229080405127
INTERMEDIO,7130,121.32895540371173
INTERMEDIO,7131,130.96666516853108
INTERMEDIO,7132,137.67824490172595
INTERMEDIO,7133,138.603923067728
INTERMEDIO,7134,113.09790145382196
INTERMEDIO,7135,142.66466752900683
INTERMEDIO,7136,146.38573851047556
INTERMEDIO,7137,127.1325371337739
INTERMEDIO,7138,109.74806085024723
INTERMEDIO,7139,128.8300600501047
INTERMEDIO,7140,115.90329545375512
INTERMEDIO,7141,132.8722088186462
INTERMEDIO,7142,140.80274247953528
INTERMEDIO,7143,108.45875120671096
INTERMEDIO,7144,132.17056895876948
INTERMEDIO,7145,135.60135320178767
INTERMEDIO,7146,113.20901111893424
INTERMEDIO,7147,138.2734239264928
INTERMEDIO,7148,142.25341505267573
INTERMEDIO,7149,118.2502821493291
INTERMEDIO,7150,141.61883624747816
INTERMEDIO,7151,135.72279853068542
INTERMEDIO,7152,126.63337313959781
INTERMEDIO,7153,109.56361364823971
INTERMEDIO,7154,108.79802167420183
INTERMEDIO,7155,122.74316213753106
INTERMEDIO,7156,123.29460986737786
INTERMEDIO,7157,133.82113747292044
INTERMEDIO,7158,124.6214722083614
INTERMEDIO,7159,119.60147056625
INTERMEDIO,7160,146.11407773273493
INTERMEDIO,7161,138.903579327243
INTERMEDIO,7162,136.48271758877874
INTERMEDIO,7163,119.63903827240358
INTERMEDIO,7164,121.74654991723
INTERMEDIO,7165,117.079667522479
INTERMEDIO,7166,123.56658377847421
INTERMEDIO,7167,124.6824891509919
INTERMEDIO,7168,126.50243320513928
INTERMEDIO,7169,140.66534653077335
INTERMEDIO,7170,129.55014361296287
INTERMEDIO,7171,120.14561520865996
INTERMEDIO,7172,129.32020610385132
INTERMEDIO,7173,103.44600192587197
INTERMEDIO,7174,126.31145156543609
INTERMEDIO,7175,130.28711190471756
INTERMEDIO,7176,124.38954788506697
INTERMEDIO,7177,131.43855096118745
INTERMEDIO,7178,135.7677638038977
INTERMEDIO,7179,108.38577694510677
INTERMEDIO,7180,138.08681539963197
INTERMEDIO,7181,119.9486994166253
INTERMEDIO,7182,105.31831870407652
INTERMEDIO,7183,134.97028463815755
INTERMEDIO,7184,108.00849590529505
INTERMEDIO,7185,121.12420547477815
INTERMEDIO,7186,112.78310592013348
INTERMEDIO,7187,159.3695893490355
INTERMEDIO,7188,127.74761441695128
INTERMEDIO,7189,111.70211043254068
INTERMEDIO,7190,116.35919081974299
INTERMEDIO,7191,135.11276484691882
INTERMEDIO,7192,106.09897996320407
INTERMEDIO,7193,114.64374680090542
INTERMEDIO,7194,114.91014928224402
INTERMEDIO,7195,129.7943751754608
INTERMEDIO,7196,120.06304625439847
INTERMEDIO,7197,114.67764282100455
INTERMEDIO,7198,158.07647155795618
INTERMEDIO,7199,141.08691515890786
INTERMEDIO,7200,128.29429798570362
INTERMEDIO,7201,127.08835340111969
INTERMEDIO,7202,126.2269297095888
INTERMEDIO,7203,101.1664644512209
INTERMEDIO,7204,141.0637611714983
INTERMEDIO,7205,148.38365952402344
INTERMEDIO,7206,118.96801971949422
INTERMEDIO,7207,133.51330170669013
INTERMEDIO,7208,119.84508904763939
INTERMEDIO,7209,136.23880487782426
INTERMEDIO,7210,121.09468917413272
INTERMEDIO,7211,137.64316844028448
INTERMEDIO,7212,108.26364987943643
INTERMEDIO,7213,98.88973750240574
INTERMEDIO,7214,139.43514534736192
INTERMEDIO,7215,122.04133028737587
INTERMEDIO,7216,145.87985250287318
INTERMEDIO,7217,130.89207375574608
INTERMEDIO,7218,123.28714234513671
INTERMEDIO,7219,119.12491637317842
INTERMEDIO,7220,133.69773125838353
INTERMEDIO,7221,142.06825068517256
INTERMEDIO,7222,142.37059017098645
INTERMEDIO,7223,107.65426144989975
INTERMEDIO,7224,124.11762617215007
INTERMEDIO,7225,150.03904366952852
INTERMEDIO,7226,124.5778548980323
INTERMEDIO,7227,138.22660071327357
INTERMEDIO,7228,119.5379137961017
INTERMEDIO,7229,133.23478302094347
INTERMEDIO,7230,162.72312701741905
INTERMEDIO,7231,134.61781532963207
INTERMEDIO,7232,131.18845692325564
INTERMEDIO,7233,112.94389563371071
INTERMEDIO,7234,116.83637094280326
INTERMEDIO,7235,133.3388576119133
INTERMEDIO,7236,142.95473428890674
INTERMEDIO,7237,141.55837715568734
INTERMEDIO,7238,139.54977689224071
INTERMEDIO,7239,128.4283940732221
INTERMEDIO,7240,134.24035663318335
INTERMEDIO,7241,149.93079597092756
INTERMEDIO,7242,147.96495354082748
INTERMEDIO,7243,140.57471460680068
INTERMEDIO,7244,135.48492534770875
INTERMEDIO,7245,153.2048124810656
INTERMEDIO,7246,143.5954316742181
INTERMEDIO,7247,121.21340230989668
INTERMEDIO,7248,129.23613796158492
INTERMEDIO,7249,124.9586993264143
INTERMEDIO,7250,104.05833608616679
INTERMEDIO,7251,151.9378538693374
INTERMEDIO,7252,121.37286250696465
INTERMEDIO,7253,119.45567445960069
INTERMEDIO,7254,116.3847460397837
INTERMEDIO,7255,122.75049591809324
INTERMEDIO,7256,126.87339312704222
INTERMEDIO,7257,158.76409605349363
INTERMEDIO,7258,99.01581377667702
INTERMEDIO,7259,128.64285579508086
INTERMEDIO,7260,130.44110907633328
INTERMEDIO,7261,125.75877045862254
INTERMEDIO,7262,102.43585584865912
INTERMEDIO,7263,140.33971606891393
INTERMEDIO,7264,136.16016579439264
INTERMEDIO,7265,120.58104408676252
INTERMEDIO,7266,126.51763000406817
INTERMEDIO,7267,105.81819229861092
INTERMEDIO,7268,113.63749299536472
INTERMEDIO,7269,138.04741152568548
INTERMEDIO,7270,128.72856328382662
INTERMEDIO,7271,139.58609994715925
INTERMEDIO,7272,146.88498814215677
INTERMEDIO,7273,129.2602439855296
INTERMEDIO,7274,130.68104521716845
INTERMEDIO,7275,144.25691430867195
INTERMEDIO,7276,133.10726708635357
INTERMEDIO,7277,110.77551652710704
INTERMEDIO,7278,140.87159675821152
INTERMEDIO,7279,112.63547752678579
INTERMEDIO,7280,139.28846988605247
INTERMEDIO,7281,128.52850338846778
INTERMEDIO,7282,134.4813117863701
INTERMEDIO,7283,127.66702196932985
INTERMEDIO,7284,131.5301495312417
INTERMEDIO,7285,140.49479062532038
INTERMEDIO,7286,128.18698811233307
INTERMEDIO,7287,114.34216599074085
INTERMEDIO,7288,128.4418971368009
INTERMEDIO,7289,117.41620540647509
INTERMEDIO,7290,153.40926270641984
INTERMEDIO,7291,126.9208474375904
INTERMEDIO,7292,150.75147336083282
INTERMEDIO,7293,124.54385999014849
INTERMEDIO,7294,150.63623603076098
INTERMEDIO,7295,144.16702939333857
INTERMEDIO,7296,134.21979428656962
INTERMEDIO,7297,135.01198290949083
INTERMEDIO,7298,127.4939867384893
INTERMEDIO,7299,122.83345044996096
INTERMEDIO,7300,133.9123114338673
INTERMEDIO,7301,122.64904858360993
INTERMEDIO,7302,126.34620839980255
INTERMEDIO,7303,100.03655514858767
INTERMEDIO,7304,119.54464792936825
INTERMEDIO,7305,119.72792994433733
INTERMEDIO,7306,126.78089047687192
INTERMEDIO,7307,131.1170499616695
INTERMEDIO,7308,118.14063084858677
INTERMEDIO,7309,149.93900825005264
INTERMEDIO,7310,142.65229175462844
INTERMEDIO,7311,138.55309970751307
INTERMEDIO,7312,154.17246153926547
INTERMEDIO,7313,124.43895365840142
INTERMEDIO,7314,145.75745433170144
INTERMEDIO,7315,120.92168505813873
INTERMEDIO,7316,118.88898510656051
INTERMEDIO,7317,117.85378362752735
INTERMEDIO,7318,122.07111275192045
INTERMEDIO,7319,117.97918961610176
INTERMEDIO,7320,127.62978174936715
INTERMEDIO,7321,117.05438634482303
INTERMEDIO,7322,137.89502076109753
INTERMEDIO,7323,152.22452725762412
INTERMEDIO,7324,123.16075137194053
INTERMEDIO,7325,133.5430112115639
INTERMEDIO,7326,109.35814114834275
INTERMEDIO,7327,149.5230204611424
INTERMEDIO,7328,173.20704790343092
INTERMEDIO,7329,135.29293190209665
INTERMEDIO,7330,132.74441931162346
INTERMEDIO,7331,132.2855806414032
INTERMEDIO,7332,128.43363281856483
INTERMEDIO,7333,120.68830929388545
INTERMEDIO,7334,128.77559732645463
INTERMEDIO,7335,135.57040530477832
INTERMEDIO,7336,125.07121225891106
INTERMEDIO,7337,130.99187731359277
INTERMEDIO,7338,127.98402822305702
INTERMEDIO,7339,133.39833364710694
INTERMEDIO,7340,123.7908870641136
INTERMEDIO,7341,114.98452250470086
INTERMEDIO,7342,116.94485123765841
INTERMEDIO,7343,134.2081957402135
INTERMEDIO,7344,140.140394531153
INTERMEDIO,7345,138.07427715823235
INTERMEDIO,7346,127.08987789568866
INTERMEDIO,7347,142.45219365892765
INTERMEDIO,7348,148.22453087010422
INTERMEDIO,7349,118.06342979298309
INTERMEDIO,7350,153.27134295654434
INTERMEDIO,7351,141.20172290013562
INTERMEDIO,7352,129.6656781158207
INTERMEDIO,7353,145.41813861261159
INTERMEDIO,7354,120.80400537598679
INTERMEDIO,7355,143.3371345918355
INTERMEDIO,7356,118.37382987102028
INTERMEDIO,7357,119.3629096773136
INTERMEDIO,7358,122.64584877977093
INTERMEDIO,7359,120.68480899099396
INTERMEDIO,7360,137.52927573462793
INTERMEDIO,7361,129.96069883536748
INTERMEDIO,7362,165.26587129328593
INTERMEDIO,7363,120.48898710090373
INTERMEDIO,7364,123.52007718296106
INTERMEDIO,7365,122.14706193117773
INTERMEDIO,7366,115.06907948164138
INTERMEDIO,7367,146.77748151573184
INTERMEDIO,7368,139.1202214620768
INTERMEDIO,7369,121.6156369769769
INTERMEDIO,7370,132.168297296351
INTERMEDIO,7371,137.41544595777333
INTERMEDIO,7372,137.34777231077885
INTERMEDIO,7373,119.79314882089477
INTERMEDIO,7374,139.3931915799288
INTERMEDIO,7375,119.0896689553193
INTERMEDIO,7376,135.394552251572
INTERMEDIO,7377,144.47656266174005
INTERMEDIO,7378,131.03741287818235
INTERMEDIO,7379,125.57456116318339
INTERMEDIO,7380,130.26961446027977
INTERMEDIO,7381,116.26009633300771
INTERMEDIO,7382,115.9427261481354
INTERMEDIO,7383,123.45519443875018
INTERMEDIO,7384,124.56690176691647
INTERMEDIO,7385,107.59961065748331
INTERMEDIO,7386,125.15136155640727
INTERMEDIO,7387,102.76240897666761
INTERMEDIO,7388,131.95694367453603
INTERMEDIO,7389,147.86945463141933
INTERMEDIO,7390,156.80916865399013
INTERMEDIO,7391,127.98105995016905
INTERMEDIO,7392,126.37254242708543
INTERMEDIO,7393,119.07322542200733
INTERMEDIO,7394,124.51037652615152
INTERMEDIO,7395,106.23817998279115
INTERMEDIO,7396,127.46693573326385
INTERMEDIO,7397,117.38778137312887
INTERMEDIO,7398,150.82446573293527
INTERMEDIO,7399,129.14129803554832
INTERMEDIO,7400,142.22916382843056
INTERMEDIO,7401,149.17842856861725
INTERMEDIO,7402,114.95596589275239
INTERMEDIO,7403,117.26701429449972
INTERMEDIO,7404,135.7557550450807
INTERMEDIO,7405,124.0836604334834
INTERMEDIO,7406,120.8222036382881
INTERMEDIO,7407,128.51523708954272
INTERMEDIO,7408,114.8928001878795
INTERMEDIO,7409,140.3285327497718
INTERMEDIO,7410,137.0812033586274
INTERMEDIO,7411,130.029828850383
INTERMEDIO,7412,91.67375678085001
INTERMEDIO,7413,132.3050709251245
INTERMEDIO,7414,118.32643770577192
INTERMEDIO,7415,121.9526842625084
INTERMEDIO,7416,147.57174006056863
INTERMEDIO,7417,101.80747401483012
INTERMEDIO,7418,110.34609864205542
INTERMEDIO,7419,124.21641062841496
INTERMEDIO,7420,133.4488579134568
INTERMEDIO,7421,126.34491624152365
INTERMEDIO,7422,138.5452813179326
INTERMEDIO,7423,125.77335488799417
INTERMEDIO,7424,114.52399568519773
INTERMEDIO,7425,145.16345753114555
INTERMEDIO,7426,120.25926355051119
INTERMEDIO,7427,158.10439822333532
INTERMEDIO,7428,117.53257113894702
INTERMEDIO,7429,125.53385577049396
INTERMEDIO,7430,119.94391447994724
INTERMEDIO,7431,130.90060358857676
INTERMEDIO,7432,111.72456439420586
INTERMEDIO,7433,149.00476260161912
INTERMEDIO,7434,127.93032294918945
INTERMEDIO,7435,103.89054096958492
INTERMEDIO,7436,107.30245496536557
INTERMEDIO,7437,123.04389779339061
INTERMEDIO,7438,115.30649532712427
INTERMEDIO,7439,137.477832410258
INTERMEDIO,7440,141.18818253430874
INTERMEDIO,7441,111.03203059079118
INTERMEDIO,7442,119.29961046430313
INTERMEDIO,7443,118.53214518090508
INTERMEDIO,7444,114.41830852113414
INTERMEDIO,7445,129.73794285641864
INTERMEDIO,7446,127.96764451445874
INTERMEDIO,7447,137.23367068581615
INTERMEDIO,7448,129.90109000932785
INTERMEDIO,7449,132.59316288348435
INTERMEDIO,7450,152.31074379448742
INTERMEDIO,7451,127.48382632933165
INTERMEDIO,7452,100.67274778857418
INTERMEDIO,7453,117.5485278593197
INTERMEDIO,7454,127.57405417563719
INTERMEDIO,7455,108.85103932191778
INTERMEDIO,7456,123.36608737613784
INTERMEDIO,7457,151.0377835636301
INTERMEDIO,7458,145.67275230465867
INTERMEDIO,7459,141.69867984725548
INTERMEDIO,7460,114.8065120064937
INTERMEDIO,7461,138.63425532782702
INTERMEDIO,7462,130.7003684259819
INTERMEDIO,7463,139.40104104167625
INTERMEDIO,7464,131.39665963796503
INTERMEDIO,7465,151.13379436313215
INTERMEDIO,7466,155.61945427296493
INTERMEDIO,7467,151.24464697069152
INTERMEDIO,7468,112.57991261841869
INTERMEDIO,7469,159.9160006603816
INTERMEDIO,7470,140.18271517876724
INTERMEDIO,7471,128.5493976095771
INTERMEDIO,7472,144.05203210653644
INTERMEDIO,7473,140.70935031365428
INTERMEDIO,7474,106.4093902450311
INTERMEDIO,7475,95.41698864741731
INTERMEDIO,7476,136.26930741135803
INTERMEDIO,7477,94.99057490329965
INTERMEDIO,7478,130.38229235499767
INTERMEDIO,7479,124.78256268406112
INTERMEDIO,7480,139.49512177780733
INTERMEDIO,7481,119.99679243221041
INTERMEDIO,7482,123.96458270000802
INTERMEDIO,7483,155.58653625636458
INTERMEDIO,7484,146.04828155489383
INTERMEDIO,7485,132.28182468073402
INTERMEDIO,7486,147.89309036656536
INTERMEDIO,7487,117.1277853804183
INTERMEDIO,7488,136.6054933410178
INTERMEDIO,7489,127.51206984531281
INTERMEDIO,7490,141.46474351979828
INTERMEDIO,7491,117.0605235035121
INTERMEDIO,7492,131.89550446934305
INTERMEDIO,7493,125.91700375642517
INTERMEDIO,7494,135.97686824387443
INTERMEDIO,7495,115.09126179351495
INTERMEDIO,7496,138.64131441786316
INTERMEDIO,7497,137.47449514246108
INTERMEDIO,7498,125.91965759986911
INTERMEDIO,7499,99.48559808082322
INTERMEDIO,7500,143.43411429307068
INTERMEDIO,7501,150.80046782792436
INTERMEDIO,7502,124.86105068545928
INTERMEDIO,7503,132.42792718991478
INTERMEDIO,7504,118.5318605236294
INTERMEDIO,7505,112.43510740330137
INTERMEDIO,7506,135.1938027208391
INTERMEDIO,7507,127.38240573387912
INTERMEDIO,7508,136.52478397841304
INTERMEDIO,7509,130.3759529378313
INTERMEDIO,7510,122.16025123899297
INTERMEDIO,7511,137.50418063969687
INTERMEDIO,7512,154.87700477125665
INTERMEDIO,7513,147.86926085982324
INTERMEDIO,7514,153.29467611546008
INTERMEDIO,7515,126.8233022453443
INTERMEDIO,7516,138.523958796746
INTERMEDIO,7517,136.90967970800278
INTERMEDIO,7518,115.96612860712482
INTERMEDIO,7519,138.61417178849362
INTERMEDIO,7520,126.06600699387604
INTERMEDIO,7521,130.17781781684522
INTERMEDIO,7522,119.83821169266791
INTERMEDIO,7523,159.11563418259837
INTERMEDIO,7524,118.00720217593332
INTERMEDIO,7525,135.96673458764457
INTERMEDIO,7526,121.50742720462274
INTERMEDIO,7527,157.28424656419492
INTERMEDIO,7528,167.2345089062815
INTERMEDIO,7529,94.07784233441626
INTERMEDIO,7530,129.59760027102317
INTERMEDIO,7531,141.76210154631147
INTERMEDIO,7532,130.6590456072764
INTERMEDIO,7533,117.11146993833664
INTERMEDIO,7534,122.1058614587787
INTERMEDIO,7535,116.57945462410653
INTERMEDIO,7536,142.95216707046626
INTERMEDIO,7537,129.96296281773164
INTERMEDIO,7538,117.38267494975094
INTERMEDIO,7539,131.82587194181997
INTERMEDIO,7540,126.57032015504163
INTERMEDIO,7541,134.83874245000658
INTERMEDIO,7542,128.1573067491807
INTERMEDIO,7543,142.4989057895328
INTERMEDIO,7544,146.97176244702916
INTERMEDIO,7545,127.93100861155283
INTERMEDIO,7546,137.58453749383426
INTERMEDIO,7547,126.20694725630011
INTERMEDIO,7548,125.46039375399423
INTERMEDIO,7549,141.87269314224898
INTERMEDIO,7550,112.40770475743086
INTERMEDIO,7551,110.49833324695622
INTERMEDIO,7552,141.69125480009143
INTERMEDIO,7553,130.52970765318233
INTERMEDIO,7554,127.6192177832288
INTERMEDIO,7555,122.01558949948827
INTERMEDIO,7556,143.34351765296384
INTERMEDIO,7557,122.8206798979281
INTERMEDIO,7558,124.19850489279854
INTERMEDIO,7559,115.45676373046162
INTERMEDIO,7560,114.79341813713113
INTERMEDIO,7561,133.85346044200855
INTERMEDIO,7562,128.34938594431694
INTERMEDIO,7563,157.85558386855502
INTERMEDIO,7564,138.08677727972275
INTERMEDIO,7565,121.02328400693537
INTERMEDIO,7566,121.32860677383857
INTERMEDIO,7567,134.41424214242437
INTERMEDIO,7568,113.35249345179393
INTERMEDIO,7569,133.20096066315804
INTERMEDIO,7570,151.21980999234268
INTERMEDIO,7571,137.048026213504
INTERMEDIO,7572,133.0518750419948
INTERMEDIO,7573,100.82728810877765
INTERMEDIO,7574,143.8165980722058
INTERMEDIO,7575,140.62595792217058
INTERMEDIO,7576,119.09395016577453
INTERMEDIO,7577,126.19804194804048
INTERMEDIO,7578,125.87803467975249
INTERMEDIO,7579,154.51647208952235
INTERMEDIO,7580,128.91122795647695
INTERMEDIO,7581,114.47510829532618
INTERMEDIO,7582,94.54556124699647
INTERMEDIO,7583,121.35104222361616
INTERMEDIO,7584,120.42712475362833
INTERMEDIO,7585,135.40843687203244
INTERMEDIO,7586,146.34240035100282
INTERMEDIO,7587,112.20300502219257
INTERMEDIO,7588,142.8895685994692
INTERMEDIO,7589,125.22425787636864
INTERMEDIO,7590,105.47230051518582
INTERMEDIO,7591,125.95560300756398
INTERMEDIO,7592,119.02154576056124
INTERMEDIO,7593,118.81068146211591
INTERMEDIO,7594,150.80901715685766
INTERMEDIO,7595,126.22518525404391
INTERMEDIO,7596,121.41966310748825
INTERMEDIO,7597,125.56334518571042
INTERMEDIO,7598,117.77567580511602
INTERMEDIO,7599,120.93501739760582
INTERMEDIO,7600,154.33181446899118
INTERMEDIO,7601,153.53097157653934
INTERMEDIO,7602,115.3679450742123
INTERMEDIO,7603,102.09796002022601
INTERMEDIO,7604,128.50560284836078
INTERMEDIO,7605,107.69737489193385
INTERMEDIO,7606,119.76744849069634
INTERMEDIO,7607,141.82966719223754
INTERMEDIO,7608,125.02619072629959
INTERMEDIO,7609,156.4082028486399
INTERMEDIO,7610,133.8631301445439
INTERMEDIO,7611,134.95251874737357
INTERMEDIO,7612,124.16562820565376
INTERMEDIO,7613,118.97340255898925
INTERMEDIO,7614,141.90981447563533
INTERMEDIO,7615,122.38645024226872
INTERMEDIO,7616,150.1896634974798
INTERMEDIO,7617,109.75223678622305
INTERMEDIO,7618,122.85525691567169
INTERMEDIO,7619,142.35525134823766
INTERMEDIO,7620,92.22079147507903
INTERMEDIO,7621,124.47953459238884
INTERMEDIO,7622,125.06863124698961
INTERMEDIO,7623,121.1754177851375
INTERMEDIO,7624,120.23760856805546
INTERMEDIO,7625,162.01210782651785
INTERMEDIO,7626,137.16200391055673
INTERMEDIO,7627,107.53482120244023
INTERMEDIO,7628,148.1053749912559
INTERMEDIO,7629,98.48666405080043
INTERMEDIO,7630,137.1478742618908
INTERMEDIO,7631,131.37244129549157
INTERMEDIO,7632,126.45684688965795
INTERMEDIO,7633,131.93758876808687
INTERMEDIO,7634,139.08313219850956
INTERMEDIO,7635,110.04512686974881
INTERMEDIO,7636,149.3367968372027
INTERMEDIO,7637,129.83958532958275
INTERMEDIO,7638,129.49560069214306
INTERMEDIO,7639,154.69278215779786
INTERMEDIO,7640,153.61373070827398
INTERMEDIO,7641,145.15322530842064
INTERMEDIO,7642,114.26308288190107
INTERMEDIO,7643,147.3739877122697
INTERMEDIO,7644,126.96432686608767
INTERMEDIO,7645,136.71035132347845
INTERMEDIO,7646,129.0049128473311
INTERMEDIO,7647,134.08679024228016
INTERMEDIO,7648,112.76095983937435
INTERMEDIO,7649,110.22940246097642
INTERMEDIO,7650,127.24376831409825
INTERMEDIO,7651,126.86428448080243
INTERMEDIO,7652,139.71865945182515
INTERMEDIO,7653,100.61205286347575
INTERMEDIO,7654,142.26018396642294
INTERMEDIO,7655,126.2389357524338
INTERMEDIO,7656,117.37171346029331
INTERMEDIO,7657,112.18664623868602
INTERMEDIO,7658,123.73551447996563
INTERMEDIO,7659,120.62344603211658
INTERMEDIO,7660,135.80629000513082
INTERMEDIO,7661,142.0672488671893
INTERMEDIO,7662,145.0836105851098
INTERMEDIO,7663,127.19019184841305
INTERMEDIO,7664,118.07277120210908
INTERMEDIO,7665,129.12929613766718
INTERMEDIO,7666,134.91213782633687
INTERMEDIO,7667,133.21808482974308
INTERMEDIO,7668,133.8782278283832
INTERMEDIO,7669,99.51802869745134
INTERMEDIO,7670,138.48404303862412
INTERMEDIO,7671,136.97655862841592
INTERMEDIO,7672,125.0054168517251
INTERMEDIO,7673,114.67303601950925
INTERMEDIO,7674,134.25749926839256
INTERMEDIO,7675,104.28546980686663
INTERMEDIO,7676,148.97952288177046
INTERMEDIO,7677,136.66551592084912
INTERMEDIO,7678,148.44495889050967
INTERMEDIO,7679,117.24940809080466
INTERMEDIO,7680,154.05134972676763
INTERMEDIO,7681,130.88725945086134
INTERMEDIO,7682,145.48313377564997
INTERMEDIO,7683,141.58756711205868
INTERMEDIO,7684,136.40116986838933
INTERMEDIO,7685,138.08182898376484
INTERMEDIO,7686,150.03881710076058
INTERMEDIO,7687,147.45663542677698
INTERMEDIO,7688,148.6887919967837
INTERMEDIO,7689,129.48869722794115
INTERMEDIO,7690,111.36741604749565
INTERMEDIO,7691,135.6550067098704
INTERMEDIO,7692,129.15143930277958
INTERMEDIO,7693,137.35414280776476
INTERMEDIO,7694,137.11415229214376
INTERMEDIO,7695,136.39140566635282
INTERMEDIO,7696,125.65228196870441
INTERMEDIO,7697,135.31663439415559
INTERMEDIO,7698,123.00977166106775
INTERMEDIO,7699,129.56437451903628
INTERMEDIO,7700,118.94744842964957
INTERMEDIO,7701,136.94657345086642
INTERMEDIO,7702,103.72596696761656
INTERMEDIO,7703,137.37637155973883
INTERMEDIO,7704,140.8617902082888
INTERMEDIO,7705,141.44969521837533
INTERMEDIO,7706,133.53126246278185
INTERMEDIO,7707,150.28769940125846
INTERMEDIO,7708,110.50343323732162
INTERMEDIO,7709,144.59406731871084
INTERMEDIO,7710,134.6449755789348
INTERMEDIO,7711,112.82468163639565
INTERMEDIO,7712,129.6221771624412
INTERMEDIO,7713,126.90555173101734
INTERMEDIO,7714,153.50469310617987
INTERMEDIO,7715,146.87981605311228
INTERMEDIO,7716,137.08630641179263
INTERMEDIO,7717,106.07122542675242
INTERMEDIO,7718,138.2566922501257
INTERMEDIO,7719,136.69232945187775
INTERMEDIO,7720,122.90462490944186
INTERMEDIO,7721,152.05619849599375
INTERMEDIO,7722,124.08039779921276
INTERMEDIO,7723,117.95916446361046
INTERMEDIO,7724,123.99425185524615
INTERMEDIO,7725,122.18134854008974
INTERMEDIO,7726,124.81271042180654
INTERMEDIO,7727,131.19732828473116
INTERMEDIO,7728,127.81666563798649
INTERMEDIO,7729,147.68926670356248
INTERMEDIO,7730,128.72016245712794
INTERMEDIO,7731,134.81644905774428
INTERMEDIO,7732,122.99654075342852
INTERMEDIO,7733,130.19354921447945
INTERMEDIO,7734,114.77688031365066
INTERMEDIO,7735,115.5303008895496
INTERMEDIO,7736,128.55922135023025
INTERMEDIO,7737,123.0451577799555
INTERMEDIO,7738,146.8193362014809
INTERMEDIO,7739,152.87803036807082
INTERMEDIO,7740,151.5833387213492
INTERMEDIO,7741,117.47070167403902
INTERMEDIO,7742,138.77865423526987
INTERMEDIO,7743,114.4863333812222
INTERMEDIO,7744,112.67733782076826
INTERMEDIO,7745,142.7563412707757
INTERMEDIO,7746,122.52936750509585
INTERMEDIO,7747,128.77743091700643
INTERMEDIO,7748,136.96934937830054
INTERMEDIO,7749,129.24393932248108
INTERMEDIO,7750,130.02802220258454
INTERMEDIO,7751,161.86386123925206
INTERMEDIO,7752,128.5229438710307
INTERMEDIO,7753,118.2545910840447
INTERMEDIO,7754,124.76452373034343
INTERMEDIO,7755,124.28634449534883
INTERMEDIO,7756,140.65294711907288
INTERMEDIO,7757,137.77163602564627
INTERMEDIO,7758,135.02621487983944
INTERMEDIO,7759,113.67287391145761
INTERMEDIO,7760,136.23230010142802
INTERMEDIO,7761,143.51670014485046
INTERMEDIO,7762,116.7230267952496
INTERMEDIO,7763,143.43873332550368
INTERMEDIO,7764,128.8777112540635
INTERMEDIO,7765,139.91308760740102
INTERMEDIO,7766,136.3782102763325
INTERMEDIO,7767,127.2693234892344
INTERMEDIO,7768,132.52173529910715
INTERMEDIO,7769,124.50315767247747
INTERMEDIO,7770,127.23553823878615
INTERMEDIO,7771,155.56866069280872
INTERMEDIO,7772,123.87152730639858
INTERMEDIO,7773,127.505141965304
INTERMEDIO,7774,126.20439246759825
INTERMEDIO,7775,106.74099294786619
INTERMEDIO,7776,151.43401355125684
INTERMEDIO,7777,101.43776422162026
INTERMEDIO,7778,130.07508425384714
INTERMEDIO,7779,127.61420552068846
INTERMEDIO,7780,97.39495030603132
INTERMEDIO,7781,116.49700231866535
INTERMEDIO,7782,120.06517981642067
INTERMEDIO,7783,140.97058300889665
INTERMEDIO,7784,134.08630733563078
INTERMEDIO,7785,124.45033867201596
INTERMEDIO,7786,141.09288272688963
INTERMEDIO,7787,128.78852647485513
INTERMEDIO,7788,127.73092388626748
INTERMEDIO,7789,135.73181630578932
INTERMEDIO,7790,111.40644914075901
INTERMEDIO,7791,127.24359171371418
INTERMEDIO,7792,100.8053704324107
INTERMEDIO,7793,128.92880403846704
INTERMEDIO,7794,115.852631542403
INTERMEDIO,7795,128.1792286065652
INTERMEDIO,7796,133.03983003686244
INTERMEDIO,7797,119.10249313691654
INTERMEDIO,7798,124.44602494877805
INTERMEDIO,7799,103.03893821856525
INTERMEDIO,7800,133.7416432879981
INTERMEDIO,7801,117.22207584756005
INTERMEDIO,7802,98.39908348367844
INTERMEDIO,7803,130.7201673410935
INTERMEDIO,7804,135.70973361150757
INTERMEDIO,7805,125.26488101092144
INTERMEDIO,7806,129.27717222760157
INTERMEDIO,7807,110.73060318340337
INTERMEDIO,7808,161.42403578023846
INTERMEDIO,7809,127.81405822290417
INTERMEDIO,7810,123.64514829536735
INTERMEDIO,7811,127.08112457528009
INTERMEDIO,7812,112.08128597249363
INTERMEDIO,7813,126.95255190338987
INTERMEDIO,7814,126.58737863335107
INTERMEDIO,7815,112.25208926634222
INTERMEDIO,7816,124.59818276652369
INTERMEDIO,7817,121.16494167122417
INTERMEDIO,7818,124.47724738441993
INTERMEDIO,7819,138.57569495683225
INTERMEDIO,7820,118.2717904298999
INTERMEDIO,7821,103.28023697003823
INTERMEDIO,7822,128.3982314098466
INTERMEDIO,7823,107.60262698031094
INTERMEDIO,7824,141.25170277157005
INTERMEDIO,7825,99.17593942966833
INTERMEDIO,7826,109.98859651235959
INTERMEDIO,7827,106.49105965192345
INTERMEDIO,7828,136.96311521292597
INTERMEDIO,7829,158.6072368094975
INTERMEDIO,7830,153.28715816504408
INTERMEDIO,7831,144.0274405974551
INTERMEDIO,7832,137.1792042829616
INTERMEDIO,7833,142.02044999943854
INTERMEDIO,7834,128.80028830775402
INTERMEDIO,7835,152.801007932283
INTERMEDIO,7836,136.6161901798966
INTERMEDIO,7837,125.28993020005241
INTERMEDIO,7838,129.97779784956606
INTERMEDIO,7839,137.65662890305978
INTERMEDIO,7840,116.6330382936057
INTERMEDIO,7841,123.83326511928837
INTERMEDIO,7842,120.98385606376858
INTERMEDIO,7843,104.93596717981
INTERMEDIO,7844,123.57705077745499
INTERMEDIO,7845,121.00272576466395
INTERMEDIO,7846,108.94173151329431
INTERMEDIO,7847,132.79342970389746
INTERMEDIO,7848,159.96779799073687
INTERMEDIO,7849,133.5554858264621
INTERMEDIO,7850,139.2334211665057
INTERMEDIO,7851,111.45530201267094
INTERMEDIO,7852,137.99466578213418
INTERMEDIO,7853,135.49310421828278
INTERMEDIO,7854,154.29842879715827
INTERMEDIO,7855,131.72618049785524
INTERMEDIO,7856,129.32686825954883
INTERMEDIO,7857,108.73720166728422
INTERMEDIO,7858,124.71309990842377
INTERMEDIO,7859,135.82836660371197
INTERMEDIO,7860,135.67892787255622
INTERMEDIO,7861,131.01569712068803
INTERMEDIO,7862,127.62382026415528
INTERMEDIO,7863,130.2365668520387
INTERMEDIO,7864,150.3561703907127
INTERMEDIO,7865,149.0498663034635
INTERMEDIO,7866,146.88779491942844
INTERMEDIO,7867,115.03470673916229
INTERMEDIO,7868,141.9259639577173
INTERMEDIO,7869,128.97292684737778
INTERMEDIO,7870,141.93032835766314
INTERMEDIO,7871,141.54556023285735
INTERMEDIO,7872,134.0329600076899
INTERMEDIO,7873,109.7835835622817
INTERMEDIO,7874,141.6109710372853
INTERMEDIO,7875,142.40994872527298
INTERMEDIO,7876,130.5617237125712
INTERMEDIO,7877,124.88711622455484
INTERMEDIO,7878,124.88585031103958
INTERMEDIO,7879,146.35320796779752
INTERMEDIO,7880,108.00864693428385
INTERMEDIO,7881,118.68875725574384
INTERMEDIO,7882,127.75786664110367
INTERMEDIO,7883,113.12114167792542
INTERMEDIO,7884,122.5759481851435
INTERMEDIO,7885,113.63919034546797
INTERMEDIO,7886,153.07570471188617
INTERMEDIO,7887,111.74121147152842
INTERMEDIO,7888,157.62798178868204
INTERMEDIO,7889,114.36920715596871
INTERMEDIO,7890,136.434336193404
INTERMEDIO,7891,117.13420111984505
INTERMEDIO,7892,125.1121766093765
INTERMEDIO,7893,152.77661606485188
INTERMEDIO,7894,144.48736589677253
INTERMEDIO,7895,142.24905060704148
INTERMEDIO,7896,113.27272045999192
INTERMEDIO,7897,116.94223564366625
INTERMEDIO,7898,160.20126266381519
INTERMEDIO,7899,128.89621276267218
INTERMEDIO,7900,101.48291933156146
INTERMEDIO,7901,114.3682479566347
INTERMEDIO,7902,127.27323169252992
INTERMEDIO,7903,130.66014240369086
INTERMEDIO,7904,95.82239535436163
INTERMEDIO,7905,129.26789149155167
INTERMEDIO,7906,137.98490287559693
INTERMEDIO,7907,140.38014631052587
INTERMEDIO,7908,143.73482481204147
INTERMEDIO,7909,148.2792681461648
INTERMEDIO,7910,133.7442875238115
INTERMEDIO,7911,115.31852537115114
INTERMEDIO,7912,116.7463457338594
INTERMEDIO,7913,151.61278059005267
INTERMEDIO,7914,130.6946712813995
INTERMEDIO,7915,131.12720017838296
INTERMEDIO,7916,134.40184252119758
INTERMEDIO,7917,126.70140169556387
INTERMEDIO,7918,133.9336710931466
INTERMEDIO,7919,126.7610518322497
INTERMEDIO,7920,97.96906040805717
INTERMEDIO,7921,136.24610098199975
INTERMEDIO,7922,137.02336744039218
INTERMEDIO,7923,116.44022245861474
INTERMEDIO,7924,130.2548773236162
INTERMEDIO,7925,135.99916147437804
INTERMEDIO,7926,127.71573373222118
INTERMEDIO,7927,114.66245616487464
INTERMEDIO,7928,130.94913094760238
INTERMEDIO,7929,126.6213682143978
INTERMEDIO,7930,135.55893511121633
INTERMEDIO,7931,127.3213886549749
INTERMEDIO,7932,150.06373413258714
INTERMEDIO,7933,139.07182212049557
INTERMEDIO,7934,106.39341553971063
INTERMEDIO,7935,118.28337613319795
INTERMEDIO,7936,115.72782663000999
INTERMEDIO,7937,129.79093828580355
INTERMEDIO,7938,124.53674713770779
INTERMEDIO,7939,137.1933817059326
INTERMEDIO,7940,118.08945055015243
INTERMEDIO,7941,135.17485477591006
INTERMEDIO,7942,124.49453776333596
INTERMEDIO,7943,144.37777979891135
INTERMEDIO,7944,120.1041120018987
INTERMEDIO,7945,113.43332482871156
INTERMEDIO,7946,125.43775401943401
INTERMEDIO,7947,129.29989513808064
INTERMEDIO,7948,135.48700245844213
INTERMEDIO,7949,142.7304899934445
INTERMEDIO,7950,151.97351569695337
INTERMEDIO,7951,140.9945832696656
INTERMEDIO,7952,137.30981359923783
INTERMEDIO,7953,155.66202807198292
INTERMEDIO,7954,109.42301343086984
INTERMEDIO,7955,128.35058557805127
INTERMEDIO,7956,132.91963094973465
INTERMEDIO,7957,114.30450251396911
INTERMEDIO,7958,112.22836612949052
INTERMEDIO,7959,124.22837238461709
INTERMEDIO,7960,126.58981232949401
INTERMEDIO,7961,113.14613013664811
INTERMEDIO,7962,139.7315139617222
INTERMEDIO,7963,113.15597003494577
INTERMEDIO,7964,129.76600887961743
INTERMEDIO,7965,112.66267959730317
INTERMEDIO,7966,131.82034908166236
INTERMEDIO,7967,125.9448992830248
INTERMEDIO,7968,131.12984974009427
INTERMEDIO,7969,139.59421736836492
INTERMEDIO,7970,121.8916598275053
INTERMEDIO,7971,127.17919001746372
INTERMEDIO,7972,136.92577862585696
INTERMEDIO,7973,138.2596368147602
INTERMEDIO,7974,129.41569998396912
INTERMEDIO,7975,114.82148478291207
INTERMEDIO,7976,118.06616953122904
INTERMEDIO,7977,127.05761717919896
INTERMEDIO,7978,160.88737821227215
INTERMEDIO,7979,139.77638979548144
INTERMEDIO,7980,137.62271577751574
INTERMEDIO,7981,121.36066165028389
INTERMEDIO,7982,162.53788395817548
INTERMEDIO,7983,133.641154859614
INTERMEDIO,7984,170.15202391935446
INTERMEDIO,7985,144.69775328431206
INTERMEDIO,7986,131.53742821104078
INTERMEDIO,7987,122.71506908072325
INTERMEDIO,7988,119.16391406112359
INTERMEDIO,7989,132.40428139342413
INTERMEDIO,7990,125.60897932357405
INTERMEDIO,7991,153.22949280464604
INTERMEDIO,7992,115.99042861939934
INTERMEDIO,7993,124.58325844076155
INTERMEDIO,7994,138.9547004491743
INTERMEDIO,7995,153.9365846180588
INTERMEDIO,7996,120.55901105164477
INTERMEDIO,7997,138.6343709934203
INTERMEDIO,7998,128.85671972292687
INTERMEDIO,7999,143.6226126453278
INTERMEDIO,8000,152.07437085842378
INTERMEDIO,8001,117.0225573086833
INTERMEDIO,8002,124.40211727384417
INTERMEDIO,8003,126.81123044287668
INTERMEDIO,8004,140.99096807313597
INTERMEDIO,8005,123.84873933466945
INTERMEDIO,8006,138.22693830353973
INTERMEDIO,8007,126.96666016605572
INTERMEDIO,8008,110.36460090021653
INTERMEDIO,8009,147.46068736902777
INTERMEDIO,8010,138.12678645675427
INTERMEDIO,8011,112.78040975595366
INTERMEDIO,8012,138.89778892167516
INTERMEDIO,8013,126.15080497843002
INTERMEDIO,8014,154.3328985820392
INTERMEDIO,8015,123.4949576513443
INTERMEDIO,8016,140.01045004310862
INTERMEDIO,8017,123.3115663387529
INTERMEDIO,8018,129.06364457082677
INTERMEDIO,8019,115.68870522799456
INTERMEDIO,8020,116.61605729410195
INTERMEDIO,8021,141.39316999698394
INTERMEDIO,8022,158.000324474837
INTERMEDIO,8023,115.15282793698599
INTERMEDIO,8024,135.3818025688557
INTERMEDIO,8025,103.76622751279109
INTERMEDIO,8026,152.64438986324382
INTERMEDIO,8027,115.3439464671305
INTERMEDIO,8028,111.85851351863866
INTERMEDIO,8029,148.1248815136525
INTERMEDIO,8030,128.706554118874
INTERMEDIO,8031,119.92873140217057
INTERMEDIO,8032,124.69593712128463
INTERMEDIO,8033,135.34354261178223
INTERMEDIO,8034,157.05421564508487
INTERMEDIO,8035,135.33713695546567
INTERMEDIO,8036,118.16462571820051
INTERMEDIO,8037,122.00641414610368
INTERMEDIO,8038,141.5552205540339
INTERMEDIO,8039,142.0305476318118
INTERMEDIO,8040,128.9231580420704
INTERMEDIO,8041,136.99401312901784
INTERMEDIO,8042,136.62300634215504
INTERMEDIO,8043,119.70940309217059
INTERMEDIO,8044,121.36155172841099
INTERMEDIO,8045,145.8254576654289
INTERMEDIO,8046,135.7673270462071
INTERMEDIO,8047,127.92916143987097
INTERMEDIO,8048,122.91840377861732
INTERMEDIO,8049,108.39231811482601
INTERMEDIO,8050,153.013377190861
INTERMEDIO,8051,164.25114493800336
INTERMEDIO,8052,103.05411394175744
INTERMEDIO,8053,127.10153743025678
INTERMEDIO,8054,134.9634221054541
INTERMEDIO,8055,115.30624951449289
INTERMEDIO,8056,131.1287084149327
INTERMEDIO,8057,126.35716959902923
INTERMEDIO,8058,139.24152573100957
INTERMEDIO,8059,123.8493349970932
INTERMEDIO,8060,148.90354171468314
INTERMEDIO,8061,132.95166332519895
INTERMEDIO,8062,125.63659848158355
INTERMEDIO,8063,148.4683337161546
INTERMEDIO,8064,145.31969890116108
INTERMEDIO,8065,133.52516415719697
INTERMEDIO,8066,128.3955818800886
INTERMEDIO,8067,131.411679397111
INTERMEDIO,8068,131.3871062346183
INTERMEDIO,8069,106.98120139461177
INTERMEDIO,8070,145.04727118122256
INTERMEDIO,8071,122.46756865190412
INTERMEDIO,8072,139.5424645184561
INTERMEDIO,8073,126.0092853498599
INTERMEDIO,8074,112.54786182280192
INTERMEDIO,8075,114.06276465337214
INTERMEDIO,8076,134.83754287422926
INTERMEDIO,8077,126.23353434976507
INTERMEDIO,8078,141.26436521875615
INTERMEDIO,8079,119.15860879819168
INTERMEDIO,8080,134.2092130251527
INTERMEDIO,8081,139.30998676854438
INTERMEDIO,8082,123.89935260178741
INTERMEDIO,8083,129.3148900009475
INTERMEDIO,8084,117.52242806333494
INTERMEDIO,8085,119.83365357607559
INTERMEDIO,8086,133.72303446431934
INTERMEDIO,8087,106.56747710928931
INTERMEDIO,8088,130.7183434784008
INTERMEDIO,8089,132.80044746156528
INTERMEDIO,8090,112.0316833229719
INTERMEDIO,8091,159.58802164521015
INTERMEDIO,8092,125.59195950858326
INTERMEDIO,8093,140.0869205994494
INTERMEDIO,8094,135.62461788058334
INTERMEDIO,8095,133.50686274424365
INTERMEDIO,8096,114.23484785628045
INTERMEDIO,8097,134.10461878049924
INTERMEDIO,8098,120.12656602007465
INTERMEDIO,8099,126.97437494843473
INTERMEDIO,8100,124.02296137835484
INTERMEDIO,8101,134.66643675664542
INTERMEDIO,8102,111.43180608433066
INTERMEDIO,8103,124.38683764897812
INTERMEDIO,8104,117.85178680955569
INTERMEDIO,8105,139.83079991063815
INTERMEDIO,8106,117.40528548028882
INTERMEDIO,8107,125.6487424643169
INTERMEDIO,8108,109.8012216535783
INTERMEDIO,8109,124.05547967082397
INTERMEDIO,8110,126.88501124989767
INTERMEDIO,8111,123.21157321478188
INTERMEDIO,8112,169.4854253261016
INTERMEDIO,8113,96.51247155202
INTERMEDIO,8114,133.93731917481568
INTERMEDIO,8115,157.26944751222177
INTERMEDIO,8116,112.60042201509444
INTERMEDIO,8117,95.94826077149199
INTERMEDIO,8118,150.80507472763577
INTERMEDIO,8119,143.1735977470866
INTERMEDIO,8120,119.35296789004143
INTERMEDIO,8121,132.6837026828592
INTERMEDIO,8122,131.21919029645397
INTERMEDIO,8123,135.99860962530127
INTERMEDIO,8124,96.96006141822923
INTERMEDIO,8125,139.26183476487844
INTERMEDIO,8126,144.68894039044295
INTERMEDIO,8127,160.27677792947065
INTERMEDIO,8128,123.43941851170331
INTERMEDIO,8129,145.3347571775259
INTERMEDIO,8130,130.89684956887032
INTERMEDIO,8131,142.32456444927456
INTERMEDIO,8132,128.15185266745812
INTERMEDIO,8133,143.08407982406038
INTERMEDIO,8134,146.0323778734188
INTERMEDIO,8135,130.04435558737438
INTERMEDIO,8136,148.08878010096657
INTERMEDIO,8137,123.79851668790448
INTERMEDIO,8138,104.64969931998935
INTERMEDIO,8139,123.69413962364682
INTERMEDIO,8140,146.81975555033583
INTERMEDIO,8141,130.07674419561525
INTERMEDIO,8142,129.5793222946056
INTERMEDIO,8143,128.31346346028505
INTERMEDIO,8144,152.7257278751322
INTERMEDIO,8145,131.06847937301177
INTERMEDIO,8146,123.79938671513614
INTERMEDIO,8147,109.06034072856752
INTERMEDIO,8148,148.3785515047685
INTERMEDIO,8149,130.02532780611637
INTERMEDIO,8150,144.89555562304898
INTERMEDIO,8151,119.67107068091904
INTERMEDIO,8152,137.01682930372206
INTERMEDIO,8153,135.15002292737128
INTERMEDIO,8154,111.92419089141931
INTERMEDIO,8155,131.63665476408667
INTERMEDIO,8156,119.1619479753425
INTERMEDIO,8157,123.80187810725812
INTERMEDIO,8158,111.20000173813885
INTERMEDIO,8159,114.40654839805562
INTERMEDIO,8160,140.17481580249245
INTERMEDIO,8161,98.87473167914209
INTERMEDIO,8162,141.05812028374186
INTERMEDIO,8163,131.56298251455934
INTERMEDIO,8164,109.2069698586366
INTERMEDIO,8165,149.92785509285437
INTERMEDIO,8166,121.98217319152123
INTERMEDIO,8167,113.11953071832767
INTERMEDIO,8168,126.98110566591131
INTERMEDIO,8169,131.84501941707987
INTERMEDIO,8170,152.20160331057332
INTERMEDIO,8171,121.60117005431533
INTERMEDIO,8172,136.02087539426356
INTERMEDIO,8173,151.6443751864851
INTERMEDIO,8174,130.8492012160755
INTERMEDIO,8175,133.2079076870637
INTERMEDIO,8176,116.9562142018219
INTERMEDIO,8177,106.26629870277333
INTERMEDIO,8178,126.99657600081369
INTERMEDIO,8179,151.3690014474708
INTERMEDIO,8180,159.52323020566905
INTERMEDIO,8181,154.35241700711535
INTERMEDIO,8182,144.67490716387366
INTERMEDIO,8183,134.14089981144983
INTERMEDIO,8184,102.60595619092933
INTERMEDIO,8185,130.40739900304408
INTERMEDIO,8186,132.97390097945492
INTERMEDIO,8187,152.8483021144675
INTERMEDIO,8188,131.83864793475365
INTERMEDIO,8189,110.13329023328218
INTERMEDIO,8190,137.06294089518624
INTERMEDIO,8191,158.59968446400612
INTERMEDIO,8192,99.95512195007187
INTERMEDIO,8193,104.1922858615311
INTERMEDIO,8194,133.2921412005413
INTERMEDIO,8195,123.23712868439665
INTERMEDIO,8196,139.8068114084036
INTERMEDIO,8197,142.8216994056116
INTERMEDIO,8198,134.0483233208721
INTERMEDIO,8199,140.67226409638727
INTERMEDIO,8200,113.43026026297683
INTERMEDIO,8201,135.24777910285417
INTERMEDIO,8202,107.13781804660212
INTERMEDIO,8203,132.86247145255857
INTERMEDIO,8204,128.03818980501381
INTERMEDIO,8205,146.0124766525766
INTERMEDIO,8206,142.77286091202384
INTERMEDIO,8207,135.74871644369398
INTERMEDIO,8208,129.0463423190269
INTERMEDIO,8209,114.29564845140033
INTERMEDIO,8210,132.63964209066395
INTERMEDIO,8211,136.86799255754832
INTERMEDIO,8212,116.08975275502478
INTERMEDIO,8213,131.49581194097803
INTERMEDIO,8214,143.2486134892582
INTERMEDIO,8215,141.32906765377587
INTERMEDIO,8216,118.066461585671
INTERMEDIO,8217,118.90143179664541
INTERMEDIO,8218,130.2251738352921
INTERMEDIO,8219,141.86353918209292
INTERMEDIO,8220,132.80997587065065
INTERMEDIO,8221,140.89669216095098
INTERMEDIO,8222,137.45023116172243
INTERMEDIO,8223,148.73613313532945
INTERMEDIO,8224,125.253797016399
INTERMEDIO,8225,142.53749949472962
INTERMEDIO,8226,170.06566480175096
INTERMEDIO,8227,124.71033172108339
INTERMEDIO,8228,145.60583282780144
INTERMEDIO,8229,153.49854280989493
INTERMEDIO,8230,137.78854884093158
INTERMEDIO,8231,136.5497262458257
INTERMEDIO,8232,113.25027003608832
INTERMEDIO,8233,134.4748583143804
INTERMEDIO,8234,115.60053172089243
INTERMEDIO,8235,153.57080403476584
INTERMEDIO,8236,131.96824487069674
INTERMEDIO,8237,125.64721127931189
INTERMEDIO,8238,102.86141121325664
INTERMEDIO,8239,165.30000923332372
INTERMEDIO,8240,151.02527439263923
INTERMEDIO,8241,143.153875155655
INTERMEDIO,8242,124.0202378640466
INTERMEDIO,8243,150.14938270630364
INTERMEDIO,8244,128.25069191498508
INTERMEDIO,8245,125.08799127225804
INTERMEDIO,8246,148.84483545050176
INTERMEDIO,8247,92.26806366935271
INTERMEDIO,8248,129.35712424172345
INTERMEDIO,8249,119.70199007207891
INTERMEDIO,8250,123.1211199779996
INTERMEDIO,8251,126.46026253329914
INTERMEDIO,8252,131.04348793019528
INTERMEDIO,8253,137.46738354555788
INTERMEDIO,8254,113.4842410275235
INTERMEDIO,8255,118.71246481124454
INTERMEDIO,8256,152.15214883137858
INTERMEDIO,8257,119.69665602293243
INTERMEDIO,8258,132.42353970248388
INTERMEDIO,8259,134.58904460189893
INTERMEDIO,8260,120.51144518127118
INTERMEDIO,8261,153.72117775994607
INTERMEDIO,8262,134.10030594866265
INTERMEDIO,8263,157.7169777699802
INTERMEDIO,8264,139.12391182263133
INTERMEDIO,8265,123.87474030427802
INTERMEDIO,8266,101.51358593374508
INTERMEDIO,8267,154.97408739603415
INTERMEDIO,8268,111.67657753802678
INTERMEDIO,8269,122.29860372032259
INTERMEDIO,8270,156.77720381769356
INTERMEDIO,8271,131.74964974181225
INTERMEDIO,8272,128.15840044093204
INTERMEDIO,8273,176.18068553378987
INTERMEDIO,8274,132.90129703324837
INTERMEDIO,8275,146.8938406450966
INTERMEDIO,8276,114.62188361605563
INTERMEDIO,8277,131.87315660532306
INTERMEDIO,8278,130.94491877793374
INTERMEDIO,8279,135.22734863231523
INTERMEDIO,8280,141.01868895609377
INTERMEDIO,8281,141.41458633288656
INTERMEDIO,8282,137.7827884265976
INTERMEDIO,8283,126.84602024629629
INTERMEDIO,8284,125.17054520094631
INTERMEDIO,8285,141.64799158195567
INTERMEDIO,8286,143.1534087495999
INTERMEDIO,8287,107.78303548891373
INTERMEDIO,8288,126.29144763165718
INTERMEDIO,8289,121.30344202603777
INTERMEDIO,8290,126.56572049641984
INTERMEDIO,8291,125.5883479390312
INTERMEDIO,8292,126.52096580214159
INTERMEDIO,8293,153.70647959763295
INTERMEDIO,8294,124.80734169203537
INTERMEDIO,8295,122.02363156070868
INTERMEDIO,8296,117.1998429690268
INTERMEDIO,8297,113.03419068218479
INTERMEDIO,8298,115.95803718317639
INTERMEDIO,8299,144.11318053287079
INTERMEDIO,8300,125.09345502081193
INTERMEDIO,8301,140.13398365765565
INTERMEDIO,8302,140.83927091282425
INTERMEDIO,8303,141.26520633268072
INTERMEDIO,8304,140.65227613847534
INTERMEDIO,8305,142.9721838836526
INTERMEDIO,8306,103.6801556860797
INTERMEDIO,8307,133.1749549997333
INTERMEDIO,8308,132.37294373189386
INTERMEDIO,8309,113.82699522640246
INTERMEDIO,8310,152.66977610755708
INTERMEDIO,8311,136.34241923475977
INTERMEDIO,8312,127.21258697813637
INTERMEDIO,8313,135.7726689028783
INTERMEDIO,8314,149.2336740038456
INTERMEDIO,8315,140.63369440073032
INTERMEDIO,8316,146.57326793971748
INTERMEDIO,8317,172.12954078625657
INTERMEDIO,8318,108.06194096712093
INTERMEDIO,8319,129.37542664574127
INTERMEDIO,8320,148.89956811698352
INTERMEDIO,8321,136.70897616155918
INTERMEDIO,8322,134.22548155829088
INTERMEDIO,8323,157.18343050271872
INTERMEDIO,8324,138.11008917115913
INTERMEDIO,8325,151.78628115497173
INTERMEDIO,8326,93.07218755916439
INTERMEDIO,8327,155.61489271781022
INTERMEDIO,8328,116.09696363335283
INTERMEDIO,8329,120.30308677916706
INTERMEDIO,8330,145.32562328149103
INTERMEDIO,8331,130.40092460573325
INTERMEDIO,8332,111.12442745056244
INTERMEDIO,8333,135.44085284276102
INTERMEDIO,8334,136.2728944226456
INTERMEDIO,8335,131.05060607297966
INTERMEDIO,8336,144.300576862769
INTERMEDIO,8337,121.58011125567832
INTERMEDIO,8338,143.47372573688563
INTERMEDIO,8339,139.159285178993
INTERMEDIO,8340,124.42656320929228
INTERMEDIO,8341,119.48450531424675
INTERMEDIO,8342,130.69548769897008
INTERMEDIO,8343,101.66788138145775
INTERMEDIO,8344,127.40393631770651
INTERMEDIO,8345,114.71043688385292
INTERMEDIO,8346,158.04523873887192
INTERMEDIO,8347,126.47702446673532
INTERMEDIO,8348,135.21138575222957
INTERMEDIO,8349,134.6144494947264
INTERMEDIO,8350,105.7346984777176
INTERMEDIO,8351,147.38453281537394
INTERMEDIO,8352,129.569253381647
INTERMEDIO,8353,143.0369987090637
INTERMEDIO,8354,105.81574222584909
INTERMEDIO,8355,131.76847552287006
INTERMEDIO,8356,139.43250010653682
INTERMEDIO,8357,126.03749311055067
INTERMEDIO,8358,110.40760608254601
INTERMEDIO,8359,122.79961869447338
INTERMEDIO,8360,131.90711694895916
INTERMEDIO,8361,120.6711206725551
INTERMEDIO,8362,121.65347356062541
INTERMEDIO,8363,144.37896412212086
INTERMEDIO,8364,134.204748537995
INTERMEDIO,8365,132.70728377232373
INTERMEDIO,8366,125.09763616424334
INTERMEDIO,8367,112.51360050366053
INTERMEDIO,8368,148.71087937959962
INTERMEDIO,8369,140.67817233836584
INTERMEDIO,8370,131.28237504864035
INTERMEDIO,8371,121.90743423316317
INTERMEDIO,8372,122.31382200811392
INTERMEDIO,8373,115.04659861109151
INTERMEDIO,8374,124.89889556031848
INTERMEDIO,8375,136.52852458601313
INTERMEDIO,8376,127.38256679398029
INTERMEDIO,8377,154.18077733518544
INTERMEDIO,8378,140.28949905782423
INTERMEDIO,8379,119.05623045478998
INTERMEDIO,8380,142.95694319017815
INTERMEDIO,8381,112.42300536013718
INTERMEDIO,8382,112.8091703946925
INTERMEDIO,8383,135.33349591621968
INTERMEDIO,8384,149.2536995261898
INTERMEDIO,8385,123.3156243624035
INTERMEDIO,8386,135.67116420356984
INTERMEDIO,8387,123.72084345711566
INTERMEDIO,8388,146.46960321581415
INTERMEDIO,8389,104.08048214055603
INTERMEDIO,8390,140.99398969732374
INTERMEDIO,8391,102.42798694385358
INTERMEDIO,8392,161.34346308813872
INTERMEDIO,8393,119.92589941853761
INTERMEDIO,8394,155.3526928388365
INTERMEDIO,8395,95.72481822669016
INTERMEDIO,8396,105.0186325996154
INTERMEDIO,8397,131.62959993930355
INTERMEDIO,8398,138.92384585027992
INTERMEDIO,8399,105.3267496009953
INTERMEDIO,8400,117.51793622392711
INTERMEDIO,8401,141.47682867928296
INTERMEDIO,8402,144.93151537609333
INTERMEDIO,8403,123.38325010291732
INTERMEDIO,8404,124.5880414217786
INTERMEDIO,8405,137.94119091103974
INTERMEDIO,8406,127.8963396026032
INTERMEDIO,8407,109.89731533188301
INTERMEDIO,8408,163.49996660392588
INTERMEDIO,8409,123.97062764795473
INTERMEDIO,8410,138.47470482949322
INTERMEDIO,8411,110.03286363007655
INTERMEDIO,8412,115.02643352464507
INTERMEDIO,8413,124.8424844135371
INTERMEDIO,8414,134.4314612211551
INTERMEDIO,8415,132.23630438260489
INTERMEDIO,8416,133.14536061288155
INTERMEDIO,8417,140.9285444659797
INTERMEDIO,8418,132.88654194622694
INTERMEDIO,8419,147.67989899101852
INTERMEDIO,8420,152.13438050634593
INTERMEDIO,8421,111.78124016173746
INTERMEDIO,8422,106.27046978174916
INTERMEDIO,8423,120.20648530465118
INTERMEDIO,8424,133.4753982553942
INTERMEDIO,8425,127.58400720103734
INTERMEDIO,8426,117.1357867547418
INTERMEDIO,8427,109.67911828450218
INTERMEDIO,8428,118.19189090831988
INTERMEDIO,8429,103.64738639974732
INTERMEDIO,8430,154.1205906795937
INTERMEDIO,8431,146.93973855132126
INTERMEDIO,8432,129.65761535877445
INTERMEDIO,8433,118.82757675355853
INTERMEDIO,8434,136.65014579554014
INTERMEDIO,8435,102.58820738019499
INTERMEDIO,8436,121.82731289861778
INTERMEDIO,8437,119.67756823181156
INTERMEDIO,8438,132.458622197533
INTERMEDIO,8439,128.06953687397447
INTERMEDIO,8440,126.9774597263884
INTERMEDIO,8441,135.75204211434067
INTERMEDIO,8442,132.56148631862334
INTERMEDIO,8443,152.21593724435817
INTERMEDIO,8444,123.34756427147437
INTERMEDIO,8445,155.1117790270325
INTERMEDIO,8446,147.1535457237926
INTERMEDIO,8447,145.84694155471252
INTERMEDIO,8448,119.9231253708758
INTERMEDIO,8449,101.22080637360689
INTERMEDIO,8450,140.39886652277923
INTERMEDIO,8451,139.68159220496014
INTERMEDIO,8452,141.21500199530934
INTERMEDIO,8453,117.49329455068883
INTERMEDIO,8454,114.69066614123632
INTERMEDIO,8455,106.62947898848502
INTERMEDIO,8456,133.34273394257866
INTERMEDIO,8457,139.1162196846491
INTERMEDIO,8458,129.45169910246452
INTERMEDIO,8459,137.47662569681384
INTERMEDIO,8460,139.52475450862678
INTERMEDIO,8461,139.47499668323962
INTERMEDIO,8462,141.53478620796173
INTERMEDIO,8463,128.22713784360357
INTERMEDIO,8464,127.51115590721435
INTERMEDIO,8465,118.54144443212328
INTERMEDIO,8466,143.24937997028428
INTERMEDIO,8467,145.16094969167864
INTERMEDIO,8468,125.40360969651458
INTERMEDIO,8469,136.161178208868
INTERMEDIO,8470,135.60888505674077
INTERMEDIO,8471,142.0947811973918
INTERMEDIO,8472,159.18973527538714
INTERMEDIO,8473,133.11575005930607
INTERMEDIO,8474,115.69998146473185
INTERMEDIO,8475,119.6281228184596
INTERMEDIO,8476,153.72867431349673
INTERMEDIO,8477,126.8896182141654
INTERMEDIO,8478,129.6471619936545
INTERMEDIO,8479,115.35621827307591
INTERMEDIO,8480,128.69562180605095
INTERMEDIO,8481,120.49287055918981
INTERMEDIO,8482,133.03457442463875
INTERMEDIO,8483,123.91456314388614
INTERMEDIO,8484,137.65593874907995
INTERMEDIO,8485,121.99091880676134
INTERMEDIO,8486,134.11718244822978
INTERMEDIO,8487,112.39063064885093
INTERMEDIO,8488,153.78442543124518
INTERMEDIO,8489,118.5078332189819
INTERMEDIO,8490,109.00997883797127
INTERMEDIO,8491,150.2804805036749
INTERMEDIO,8492,136.56187116891613
INTERMEDIO,8493,108.01007500587087
INTERMEDIO,8494,120.7461040766471
INTERMEDIO,8495,118.90095671102979
INTERMEDIO,8496,135.01222678395933
INTERMEDIO,8497,134.84230047768128
INTERMEDIO,8498,129.54924498111356
INTERMEDIO,8499,115.55238063019846
INTERMEDIO,8500,145.62999655771986
INTERMEDIO,8501,142.69803499566476
INTERMEDIO,8502,148.6251959522387
INTERMEDIO,8503,146.70178195175689
INTERMEDIO,8504,133.21360382476752
INTERMEDIO,8505,136.28670565932742
INTERMEDIO,8506,126.26714719301907
INTERMEDIO,8507,129.42926578834275
INTERMEDIO,8508,112.91677393836572
INTERMEDIO,8509,129.0779199807379
INTERMEDIO,8510,143.00519781489737
INTERMEDIO,8511,124.32714009728146
INTERMEDIO,8512,149.41646879646026
INTERMEDIO,8513,117.59915382065714
INTERMEDIO,8514,141.96962345847282
INTERMEDIO,8515,143.8444160084691
INTERMEDIO,8516,122.36359110198953
INTERMEDIO,8517,98.6668954329276
INTERMEDIO,8518,146.77792206940634
INTERMEDIO,8519,107.47799367608818
INTERMEDIO,8520,122.5725773307441
INTERMEDIO,8521,142.240145125745
INTERMEDIO,8522,142.145026124307
INTERMEDIO,8523,132.00887765963594
INTERMEDIO,8524,149.7538628009244
INTERMEDIO,8525,133.36791169461048
INTERMEDIO,8526,130.06966306337688
INTERMEDIO,8527,129.3863870775616
INTERMEDIO,8528,142.56430137131753
INTERMEDIO,8529,139.9434481356229
INTERMEDIO,8530,133.03604616189995
INTERMEDIO,8531,130.28513392532219
INTERMEDIO,8532,121.02160770241892
INTERMEDIO,8533,108.92133148129045
INTERMEDIO,8534,128.5348078760025
INTERMEDIO,8535,116.48670255703335
INTERMEDIO,8536,116.2853551584848
INTERMEDIO,8537,127.15539951608373
INTERMEDIO,8538,163.4937788799812
INTERMEDIO,8539,121.56787228490415
INTERMEDIO,8540,126.99830957275496
INTERMEDIO,8541,131.61330072119443
INTERMEDIO,8542,148.8106006091838
INTERMEDIO,8543,121.82940569720631
INTERMEDIO,8544,139.05103212269924
INTERMEDIO,8545,119.51650332888707
INTERMEDIO,8546,108.67062318885279
INTERMEDIO,8547,135.3620504141545
INTERMEDIO,8548,144.4810218095807
INTERMEDIO,8549,132.25200082671978
INTERMEDIO,8550,137.64202017556204
INTERMEDIO,8551,134.5609713434633
INTERMEDIO,8552,138.0600552413931
INTERMEDIO,8553,135.4916079181158
INTERMEDIO,8554,164.13732601507147
INTERMEDIO,8555,126.00652678826329
INTERMEDIO,8556,130.36849346271407
INTERMEDIO,8557,144.59382689902856
INTERMEDIO,8558,145.87775796782583
INTERMEDIO,8559,137.60570040402055
INTERMEDIO,8560,139.04885167313725
INTERMEDIO,8561,147.32880284275492
INTERMEDIO,8562,126.43248042625278
INTERMEDIO,8563,130.0227461094597
INTERMEDIO,8564,145.0969032534035
INTERMEDIO,8565,141.81137319241472
INTERMEDIO,8566,130.9139412462847
INTERMEDIO,8567,117.01878640294794
INTERMEDIO,8568,125.90500893944385
INTERMEDIO,8569,134.4938904468673
INTERMEDIO,8570,148.3200873826457
INTERMEDIO,8571,144.4286007844421
INTERMEDIO,8572,143.61393495143886
INTERMEDIO,8573,137.7859011401004
INTERMEDIO,8574,126.94283709526134
INTERMEDIO,8575,116.74381284560077
INTERMEDIO,8576,145.11685419575218
INTERMEDIO,8577,125.88576816880403
INTERMEDIO,8578,124.03813437514741
INTERMEDIO,8579,148.39930633310033
INTERMEDIO,8580,129.3754232798942
INTERMEDIO,8581,114.83787771727705
INTERMEDIO,8582,112.8031302639246
INTERMEDIO,8583,109.23413582555007
INTERMEDIO,8584,141.87953087879632
INTERMEDIO,8585,135.31669155888147
INTERMEDIO,8586,123.23439373033825
INTERMEDIO,8587,105.23781353738276
INTERMEDIO,8588,125.2632491756804
INTERMEDIO,8589,136.60574926013174
INTERMEDIO,8590,160.42899865193425
INTERMEDIO,8591,149.32461404263344
INTERMEDIO,8592,130.43399337597242
INTERMEDIO,8593,131.4976523059285
INTERMEDIO,8594,128.05695525341673
INTERMEDIO,8595,121.86820703230615
INTERMEDIO,8596,135.37528495547912
INTERMEDIO,8597,129.54677245673204
INTERMEDIO,8598,126.83676681636094
INTERMEDIO,8599,110.6095511204021
INTERMEDIO,8600,146.0953852273446
INTERMEDIO,8601,121.86721520496484
INTERMEDIO,8602,116.89213753314534
INTERMEDIO,8603,123.97746023872413
INTERMEDIO,8604,124.26559802752428
INTERMEDIO,8605,126.15289690813266
INTERMEDIO,8606,118.4851505316637
INTERMEDIO,8607,147.20890062977625
INTERMEDIO,8608,130.59354281830684
INTERMEDIO,8609,140.6276095223875
INTERMEDIO,8610,102.7028520657972
INTERMEDIO,8611,100.47517758084426
INTERMEDIO,8612,115.90448671303685
INTERMEDIO,8613,126.63388958537021
INTERMEDIO,8614,112.42243063287343
INTERMEDIO,8615,135.61754672713133
INTERMEDIO,8616,149.2078147805064
INTERMEDIO,8617,129.84824735004636
INTERMEDIO,8618,141.46677556685285
INTERMEDIO,8619,105.59555211179169
INTERMEDIO,8620,130.73055525011375
INTERMEDIO,8621,133.16233826210532
INTERMEDIO,8622,112.977010884282
INTERMEDIO,8623,154.00157624347236
INTERMEDIO,8624,138.78153619356092
INTERMEDIO,8625,118.89306311814542
INTERMEDIO,8626,139.97702946819828
INTERMEDIO,8627,146.79606870053587
INTERMEDIO,8628,122.37596597353055
INTERMEDIO,8629,127.11620853819998
INTERMEDIO,8630,137.96071236665932
INTERMEDIO,8631,124.9901087728528
INTERMEDIO,8632,116.30314729109696
INTERMEDIO,8633,127.69057908352413
INTERMEDIO,8634,124.97807886358964
INTERMEDIO,8635,133.12718883721112
INTERMEDIO,8636,107.74197589803555
INTERMEDIO,8637,138.21123968026598
INTERMEDIO,8638,159.0244796955303
INTERMEDIO,8639,136.548294995275
INTERMEDIO,8640,130.76971360123812
INTERMEDIO,8641,120.88079533949735
INTERMEDIO,8642,122.27427536602968
INTERMEDIO,8643,122.24117641354015
INTERMEDIO,8644,120.82187434169666
INTERMEDIO,8645,118.0927094879726
INTERMEDIO,8646,119.23156395039467
INTERMEDIO,8647,143.50707924261818
INTERMEDIO,8648,137.4957970799583
INTERMEDIO,8649,133.94803339954382
INTERMEDIO,8650,120.15104634006936
INTERMEDIO,8651,140.74396499885182
INTERMEDIO,8652,126.99344205033658
INTERMEDIO,8653,133.61898341514097
INTERMEDIO,8654,150.1157963062922
INTERMEDIO,8655,128.45676200289265
INTERMEDIO,8656,144.29132261948533
INTERMEDIO,8657,157.79579247108575
INTERMEDIO,8658,126.37997293285484
INTERMEDIO,8659,129.79586133521013
INTERMEDIO,8660,142.24324574850385
INTERMEDIO,8661,149.4031286023586
INTERMEDIO,8662,160.84570294900706
INTERMEDIO,8663,104.02460176112515
INTERMEDIO,8664,110.19984066928143
INTERMEDIO,8665,132.35274007830702
INTERMEDIO,8666,96.7750424300193
INTERMEDIO,8667,120.74420356026863
INTERMEDIO,8668,128.31744563472392
INTERMEDIO,8669,151.05384995748568
INTERMEDIO,8670,117.45981231211452
INTERMEDIO,8671,152.4059472140517
INTERMEDIO,8672,133.35941898944253
INTERMEDIO,8673,137.41074183823056
INTERMEDIO,8674,108.53227441529098
INTERMEDIO,8675,124.17042190560869
INTERMEDIO,8676,131.15287532302773
INTERMEDIO,8677,107.60313202227724
INTERMEDIO,8678,136.38818351559962
INTERMEDIO,8679,134.09508720107488
INTERMEDIO,8680,108.16999989293231
INTERMEDIO,8681,139.5735242521065
INTERMEDIO,8682,132.23024637339097
INTERMEDIO,8683,153.91008635510056
INTERMEDIO,8684,140.38513475572236
INTERMEDIO,8685,132.40578150992607
INTERMEDIO,8686,130.46346224187093
INTERMEDIO,8687,140.14317413138716
INTERMEDIO,8688,122.48793542577644
INTERMEDIO,8689,108.57518072069847
INTERMEDIO,8690,156.98191291904172
INTERMEDIO,8691,140.7435908719037
INTERMEDIO,8692,108.81376652918595
INTERMEDIO,8693,136.62659226770126
INTERMEDIO,8694,151.21507768707303
INTERMEDIO,8695,119.59390741407339
INTERMEDIO,8696,154.82694234854046
INTERMEDIO,8697,146.70507609631485
INTERMEDIO,8698,121.74840609942952
INTERMEDIO,8699,127.6007569245626
INTERMEDIO,8700,119.08176583456105
INTERMEDIO,8701,121.30268573638828
INTERMEDIO,8702,117.80709729886884
INTERMEDIO,8703,146.54045145063566
INTERMEDIO,8704,113.47424362086952
INTERMEDIO,8705,133.1537725152602
INTERMEDIO,8706,129.5838837030231
INTERMEDIO,8707,132.6896144856883
INTERMEDIO,8708,138.02054964326038
INTERMEDIO,8709,144.31626292640732
INTERMEDIO,8710,134.9632978453923
INTERMEDIO,8711,121.89169292263746
INTERMEDIO,8712,132.01241453889057
INTERMEDIO,8713,145.44084300095963
INTERMEDIO,8714,127.45959861319362
INTERMEDIO,8715,125.05916345506289
INTERMEDIO,8716,129.25039318521456
INTERMEDIO,8717,118.23129299132722
INTERMEDIO,8718,137.82607141266806
INTERMEDIO,8719,143.26446348347648
INTERMEDIO,8720,148.3358188050462
INTERMEDIO,8721,139.12804403264823
INTERMEDIO,8722,125.38448923752415
INTERMEDIO,8723,124.28416793311729
INTERMEDIO,8724,127.38217740734599
INTERMEDIO,8725,119.47829895877192
INTERMEDIO,8726,126.18571195395678
INTERMEDIO,8727,134.74713227272602
INTERMEDIO,8728,125.89293198866798
INTERMEDIO,8729,132.72475557920978
INTERMEDIO,8730,132.20789923019845
INTERMEDIO,8731,111.52125492742492
INTERMEDIO,8732,124.56779161661278
INTERMEDIO,8733,107.81675671713424
INTERMEDIO,8734,123.33368298950042
INTERMEDIO,8735,123.7186975182525
INTERMEDIO,8736,116.35547573799886
INTERMEDIO,8737,130.92767195117906
INTERMEDIO,8738,140.94326667323077
INTERMEDIO,8739,139.51389868311347
INTERMEDIO,8740,141.33459653157962
INTERMEDIO,8741,127.69610818123452
INTERMEDIO,8742,113.14434681718501
INTERMEDIO,8743,137.06912866850203
INTERMEDIO,8744,123.90046552271842
INTERMEDIO,8745,122.771074728683
INTERMEDIO,8746,137.05857953653225
INTERMEDIO,8747,100.01257372076488
INTERMEDIO,8748,132.865528217238
INTERMEDIO,8749,155.6345113176489
INTERMEDIO,8750,128.66035760273093
INTERMEDIO,8751,145.16714172462042
INTERMEDIO,8752,136.95980608445925
INTERMEDIO,8753,98.54297570175201
INTERMEDIO,8754,131.94089975059234
INTERMEDIO,8755,133.53178451238517
INTERMEDIO,8756,112.90256501996139
INTERMEDIO,8757,118.28421200572005
INTERMEDIO,8758,118.9250613842556
INTERMEDIO,8759,124.22174795450725
INTERMEDIO,8760,138.25210061832837
INTERMEDIO,8761,156.6128604943292
INTERMEDIO,8762,139.324732835662
INTERMEDIO,8763,137.11719610422418
INTERMEDIO,8764,128.0551937084307
INTERMEDIO,8765,103.44302896044002
INTERMEDIO,8766,103.88219524801683
INTERMEDIO,8767,127.07349013540943
INTERMEDIO,8768,138.12672173790708
INTERMEDIO,8769,127.255809703832
INTERMEDIO,8770,135.10231808567613
INTERMEDIO,8771,143.7163326154907
INTERMEDIO,8772,119.76214882874649
INTERMEDIO,8773,109.25697512644264
INTERMEDIO,8774,120.53886275239115
INTERMEDIO,8775,127.84814101799259
INTERMEDIO,8776,123.38707116311657
INTERMEDIO,8777,149.754095383071
INTERMEDIO,8778,136.47639575510317
INTERMEDIO,8779,111.40117436193407
INTERMEDIO,8780,115.4917597341952
INTERMEDIO,8781,128.96667017645836
INTERMEDIO,8782,136.2248676346282
INTERMEDIO,8783,119.56886177701794
INTERMEDIO,8784,137.9221454485928
INTERMEDIO,8785,126.61736196612857
INTERMEDIO,8786,149.43165679555563
INTERMEDIO,8787,129.96783029277861
INTERMEDIO,8788,137.26579420117548
INTERMEDIO,8789,131.38835005518064
INTERMEDIO,8790,132.4246244446839
INTERMEDIO,8791,138.20285489428753
INTERMEDIO,8792,121.93714420052152
INTERMEDIO,8793,138.19150371572744
INTERMEDIO,8794,120.56386907551583
INTERMEDIO,8795,144.8711772279784
INTERMEDIO,8796,134.34716141613947
INTERMEDIO,8797,118.24102302684881
INTERMEDIO,8798,152.6616731021962
INTERMEDIO,8799,129.0809743883184
INTERMEDIO,8800,146.89433268290617
INTERMEDIO,8801,126.53736987219585
INTERMEDIO,8802,135.79055980081154
INTERMEDIO,8803,135.6802344992885
INTERMEDIO,8804,126.4841783732317
INTERMEDIO,8805,141.6167849153611
INTERMEDIO,8806,130.59649361230325
INTERMEDIO,8807,128.6152525403115
INTERMEDIO,8808,134.30899456259039
INTERMEDIO,8809,127.19035819775405
INTERMEDIO,8810,141.235290866299
INTERMEDIO,8811,131.42069093728813
INTERMEDIO,8812,133.90772151301772
INTERMEDIO,8813,151.99984385317262
INTERMEDIO,8814,119.38342957316328
INTERMEDIO,8815,142.03242596036893
INTERMEDIO,8816,123.70676964578202
INTERMEDIO,8817,135.56429064786082
INTERMEDIO,8818,142.68842676865643
INTERMEDIO,8819,150.52012796154486
INTERMEDIO,8820,153.36738866257997
INTERMEDIO,8821,139.91957818798107
INTERMEDIO,8822,155.53751878909205
INTERMEDIO,8823,146.40425893499068
INTERMEDIO,8824,128.4661614717368
INTERMEDIO,8825,118.811361839374
INTERMEDIO,8826,152.45063102875577
INTERMEDIO,8827,141.56286166737402
INTERMEDIO,8828,121.80375682441255
INTERMEDIO,8829,127.29209777365438
INTERMEDIO,8830,131.8034085480328
INTERMEDIO,8831,131.0559153546483
INTERMEDIO,8832,140.85613146892067
INTERMEDIO,8833,114.34554234271599
INTERMEDIO,8834,117.67577491790341
INTERMEDIO,8835,112.20080779181313
INTERMEDIO,8836,111.95152104862599
INTERMEDIO,8837,123.86518591603313
INTERMEDIO,8838,95.27614721422663
INTERMEDIO,8839,151.42021207948278
INTERMEDIO,8840,120.31429064131561
INTERMEDIO,8841,148.04820355686658
INTERMEDIO,8842,109.07700279068234
INTERMEDIO,8843,113.15470324983899
INTERMEDIO,8844,115.38008092547507
INTERMEDIO,8845,131.96093711063253
INTERMEDIO,8846,134.19471387550308
INTERMEDIO,8847,118.10087599729843
INTERMEDIO,8848,114.63403925252858
INTERMEDIO,8849,130.8003677469655
INTERMEDIO,8850,103.57298818969308
INTERMEDIO,8851,117.62061434342235
INTERMEDIO,8852,117.21041402884084
INTERMEDIO,8853,162.60975258036004
INTERMEDIO,8854,131.69306526143947
INTERMEDIO,8855,132.32046809308574
INTERMEDIO,8856,131.71230496848798
INTERMEDIO,8857,116.89539193087275
INTERMEDIO,8858,108.65246697973889
INTERMEDIO,8859,144.26786540590643
INTERMEDIO,8860,123.30054780420284
INTERMEDIO,8861,146.4845492266063
INTERMEDIO,8862,143.2146129119669
INTERMEDIO,8863,103.63373041555629
INTERMEDIO,8864,130.44044708635263
INTERMEDIO,8865,117.91132156790088
INTERMEDIO,8866,142.35024820490585
INTERMEDIO,8867,119.85600281404034
INTERMEDIO,8868,110.59265305913989
INTERMEDIO,8869,118.73545700631877
INTERMEDIO,8870,133.28200007979572
INTERMEDIO,8871,144.76773100963732
INTERMEDIO,8872,128.3144174381049
INTERMEDIO,8873,153.40005934700872
INTERMEDIO,8874,120.3113762222404
INTERMEDIO,8875,89.6339616767046
INTERMEDIO,8876,160.82946996921137
INTERMEDIO,8877,131.42823730929035
INTERMEDIO,8878,131.97673124479763
INTERMEDIO,8879,122.21255438632255
INTERMEDIO,8880,107.8325613686302
INTERMEDIO,8881,120.95984531183555
INTERMEDIO,8882,126.76960278517124
INTERMEDIO,8883,128.45978051745192
INTERMEDIO,8884,127.17547266102356
INTERMEDIO,8885,144.82553229256223
INTERMEDIO,8886,127.14121328135124
INTERMEDIO,8887,117.99489920142946
INTERMEDIO,8888,110.28446818215926
INTERMEDIO,8889,116.84814276719415
INTERMEDIO,8890,116.12877318014742
INTERMEDIO,8891,119.9593848247689
INTERMEDIO,8892,147.10376137504733
INTERMEDIO,8893,138.7732534222146
INTERMEDIO,8894,139.11084897414474
INTERMEDIO,8895,126.00921409107441
INTERMEDIO,8896,122.5665624031522
INTERMEDIO,8897,103.63150062531861
INTERMEDIO,8898,127.10641350128002
INTERMEDIO,8899,130.9425290172155
INTERMEDIO,8900,141.50889006310032
INTERMEDIO,8901,138.55874462272868
INTERMEDIO,8902,119.97194410684898
INTERMEDIO,8903,125.4378060031875
INTERMEDIO,8904,136.7343942425883
INTERMEDIO,8905,139.3517766327973
INTERMEDIO,8906,125.01140464385871
INTERMEDIO,8907,119.26719718230565
INTERMEDIO,8908,140.9875052306207
INTERMEDIO,8909,103.85821355008008
INTERMEDIO,8910,136.04239427697453
INTERMEDIO,8911,120.58051985915098
INTERMEDIO,8912,120.82033659813645
INTERMEDIO,8913,131.3104586973472
INTERMEDIO,8914,113.40549941215326
INTERMEDIO,8915,139.29333152014348
INTERMEDIO,8916,146.93795652079098
INTERMEDIO,8917,132.22971807890104
INTERMEDIO,8918,142.48893527665552
INTERMEDIO,8919,145.8598141925609
INTERMEDIO,8920,125.35414184732696
INTERMEDIO,8921,138.6611587065431
INTERMEDIO,8922,114.08437109122029
INTERMEDIO,8923,124.16682180534049
INTERMEDIO,8924,113.93753757256387
INTERMEDIO,8925,111.539602821347
INTERMEDIO,8926,124.57010546801526
INTERMEDIO,8927,137.93778059593637
INTERMEDIO,8928,174.77547092003067
INTERMEDIO,8929,124.81670525318498
INTERMEDIO,8930,114.23356371740451
INTERMEDIO,8931,118.55983612360058
INTERMEDIO,8932,113.78303196330283
INTERMEDIO,8933,115.85653507626688
INTERMEDIO,8934,119.09788753557241
INTERMEDIO,8935,133.10897817246723
INTERMEDIO,8936,113.51035211448861
INTERMEDIO,8937,136.2285051112087
INTERMEDIO,8938,134.30946486101416
INTERMEDIO,8939,126.08363000114589
INTERMEDIO,8940,129.81215802485437
INTERMEDIO,8941,143.944515254947
INTERMEDIO,8942,110.48413543073559
INTERMEDIO,8943,143.47477011368161
INTERMEDIO,8944,135.16995335228006
INTERMEDIO,8945,142.59657750589602
INTERMEDIO,8946,136.19258111202387
INTERMEDIO,8947,128.4711655889518
INTERMEDIO,8948,171.6626280696891
INTERMEDIO,8949,127.14676539918484
INTERMEDIO,8950,106.2535096727972
INTERMEDIO,8951,114.85367282921177
INTERMEDIO,8952,124.9466419205789
INTERMEDIO,8953,119.7589804267912
INTERMEDIO,8954,130.46958068916337
INTERMEDIO,8955,125.73431753236193
INTERMEDIO,8956,145.35355906333743
INTERMEDIO,8957,132.6704573229328
INTERMEDIO,8958,123.2297722405796
INTERMEDIO,8959,150.49898872578015
INTERMEDIO,8960,129.92837960642467
INTERMEDIO,8961,136.20922165621013
INTERMEDIO,8962,112.86761129492992
INTERMEDIO,8963,137.1282130258169
INTERMEDIO,8964,114.59050653632181
INTERMEDIO,8965,126.21157883633784
INTERMEDIO,8966,119.70190507147046
INTERMEDIO,8967,140.97041791436598
INTERMEDIO,8968,133.2873516334919
INTERMEDIO,8969,138.21629182996588
INTERMEDIO,8970,116.57060481231387
INTERMEDIO,8971,113.98860477149753
INTERMEDIO,8972,142.29562645836407
INTERMEDIO,8973,154.7945000114252
INTERMEDIO,8974,119.11112696813576
INTERMEDIO,8975,117.33609042815539
INTERMEDIO,8976,119.21346195947228
INTERMEDIO,8977,124.54841321206173
INTERMEDIO,8978,126.7111625039347
INTERMEDIO,8979,110.21109976027515
INTERMEDIO,8980,132.88089542716847
INTERMEDIO,8981,122.70274303289114
INTERMEDIO,8982,149.7086298859642
INTERMEDIO,8983,122.65413129744194
INTERMEDIO,8984,128.59240544781966
INTERMEDIO,8985,132.0826488802568
INTERMEDIO,8986,121.1149855675402
INTERMEDIO,8987,121.50827632923992
INTERMEDIO,8988,140.2104703019687
INTERMEDIO,8989,110.11315374103157
INTERMEDIO,8990,128.5796045310518
INTERMEDIO,8991,131.79195249093354
INTERMEDIO,8992,131.5091147267353
INTERMEDIO,8993,143.4667437905614
INTERMEDIO,8994,140.23602658052204
INTERMEDIO,8995,107.70827224666719
INTERMEDIO,8996,145.55833483741054
INTERMEDIO,8997,128.80934010923238
INTERMEDIO,8998,132.24560763598333
INTERMEDIO,8999,106.18473601203581
INTERMEDIO,9000,165.5012761614547
INTERMEDIO,9001,120.98061373775543
INTERMEDIO,9002,136.4309270360349
INTERMEDIO,9003,142.4805284185946
INTERMEDIO,9004,151.23317785304653
INTERMEDIO,9005,153.86357658390943
INTERMEDIO,9006,127.82733549235304
INTERMEDIO,9007,157.0621192104988
INTERMEDIO,9008,133.402087679802
INTERMEDIO,9009,133.62704772677353
INTERMEDIO,9010,120.63696624466398
INTERMEDIO,9011,125.09226865612081
INTERMEDIO,9012,146.2141415270734
INTERMEDIO,9013,153.83909198806344
INTERMEDIO,9014,141.37792735456148
INTERMEDIO,9015,135.88869738628463
INTERMEDIO,9016,137.4279713703938
INTERMEDIO,9017,134.62241753724345
INTERMEDIO,9018,133.9980750459547
INTERMEDIO,9019,115.38973801871893
INTERMEDIO,9020,124.29890403591098
INTERMEDIO,9021,143.52278875791313
INTERMEDIO,9022,144.48004099078906
INTERMEDIO,9023,129.27311017394862
INTERMEDIO,9024,116.95716930702719
INTERMEDIO,9025,131.49109412068643
INTERMEDIO,9026,164.10217210024857
INTERMEDIO,9027,124.197857868885
INTERMEDIO,9028,124.22598503152409
INTERMEDIO,9029,126.28108785149011
INTERMEDIO,9030,157.45009243764883
INTERMEDIO,9031,132.89597947165026
INTERMEDIO,9032,114.63881037599197
INTERMEDIO,9033,106.50506046705634
INTERMEDIO,9034,110.68950620782287
INTERMEDIO,9035,129.2604465602337
INTERMEDIO,9036,123.60652728015361
INTERMEDIO,9037,87.54071257218826
INTERMEDIO,9038,121.96133074184665
INTERMEDIO,9039,152.47070886042883
INTERMEDIO,9040,149.63045359843971
INTERMEDIO,9041,142.8458119466284
INTERMEDIO,9042,107.19800333131693
INTERMEDIO,9043,121.83266972629352
INTERMEDIO,9044,143.00362893027238
INTERMEDIO,9045,108.09026157933066
INTERMEDIO,9046,131.61376817984382
INTERMEDIO,9047,150.44045884781315
INTERMEDIO,9048,126.12856427228849
INTERMEDIO,9049,136.3721769789142
INTERMEDIO,9050,135.53747426451264
INTERMEDIO,9051,123.774308540206
INTERMEDIO,9052,154.34623150195995
INTERMEDIO,9053,104.79671284968593
INTERMEDIO,9054,153.9830880113811
INTERMEDIO,9055,135.91125245578968
INTERMEDIO,9056,116.76828157993212
INTERMEDIO,9057,143.75779057878876
INTERMEDIO,9058,152.11658341322442
INTERMEDIO,9059,124.63853945685008
INTERMEDIO,9060,150.98595228170035
INTERMEDIO,9061,146.00539398662522
INTERMEDIO,9062,125.59057583218518
INTERMEDIO,9063,129.30413576165856
INTERMEDIO,9064,117.19303033335774
INTERMEDIO,9065,106.9443998243535
INTERMEDIO,9066,150.3205893551713
INTERMEDIO,9067,122.63784924845602
INTERMEDIO,9068,137.1008695319471
INTERMEDIO,9069,126.40619930188019
INTERMEDIO,9070,135.2695950228054
INTERMEDIO,9071,154.20379241863125
INTERMEDIO,9072,115.90182103441657
INTERMEDIO,9073,121.54697720951357
INTERMEDIO,9074,141.84767551417494
INTERMEDIO,9075,149.15941240176303
INTERMEDIO,9076,122.51804903651612
INTERMEDIO,9077,144.58319492821346
INTERMEDIO,9078,141.40285922602195
INTERMEDIO,9079,136.48645738151265
INTERMEDIO,9080,129.93677627905686
INTERMEDIO,9081,159.89179693680313
INTERMEDIO,9082,153.36720318490433
INTERMEDIO,9083,130.53400677334488
INTERMEDIO,9084,126.56190152788095
INTERMEDIO,9085,120.92606780544591
INTERMEDIO,9086,123.2463153548413
INTERMEDIO,9087,137.5299479347581
INTERMEDIO,9088,118.59185503459875
INTERMEDIO,9089,134.76108211135687
INTERMEDIO,9090,117.39497308003398
INTERMEDIO,9091,138.00540011230953
INTERMEDIO,9092,127.36524425259242
INTERMEDIO,9093,132.89265490306488
INTERMEDIO,9094,150.74009221253485
INTERMEDIO,9095,143.21005549686953
INTERMEDIO,9096,136.04723971598082
INTERMEDIO,9097,135.2090342547463
INTERMEDIO,9098,114.80542290136279
INTERMEDIO,9099,121.67283664168049
INTERMEDIO,9100,106.50480167820888
INTERMEDIO,9101,149.6146918043774
INTERMEDIO,9102,152.8287304362396
INTERMEDIO,9103,145.3830590338548
INTERMEDIO,9104,153.2295217161797
INTERMEDIO,9105,160.05193610221627
INTERMEDIO,9106,137.2017378364579
INTERMEDIO,9107,123.50644189487642
INTERMEDIO,9108,109.32621465525011
INTERMEDIO,9109,141.00717300216564
INTERMEDIO,9110,134.159392680349
INTERMEDIO,9111,132.63477951937725
INTERMEDIO,9112,146.40999675673984
INTERMEDIO,9113,142.84474562894428
INTERMEDIO,9114,140.6234329097085
INTERMEDIO,9115,106.58279649825441
INTERMEDIO,9116,117.51559280337362
INTERMEDIO,9117,134.73996643818225
INTERMEDIO,9118,115.39599935138102
INTERMEDIO,9119,116.86960340091485
INTERMEDIO,9120,125.39618775416618
INTERMEDIO,9121,134.00872060064015
INTERMEDIO,9122,154.0297179495927
INTERMEDIO,9123,127.56610896345651
INTERMEDIO,9124,146.7376266603546
INTERMEDIO,9125,124.06429717794875
INTERMEDIO,9126,126.17433248306025
INTERMEDIO,9127,110.37227356479612
INTERMEDIO,9128,144.15782772852523
INTERMEDIO,9129,122.17057438099992
INTERMEDIO,9130,151.2378869139201
INTERMEDIO,9131,142.24312173347548
INTERMEDIO,9132,130.40181762293145
INTERMEDIO,9133,108.80708049264813
INTERMEDIO,9134,142.08836257268186
INTERMEDIO,9135,135.2912217380628
INTERMEDIO,9136,152.55617638504756
INTERMEDIO,9137,112.79662864632971
INTERMEDIO,9138,109.34623597181678
INTERMEDIO,9139,126.5707109187659
INTERMEDIO,9140,120.6669287131104
INTERMEDIO,9141,135.52859114263052
INTERMEDIO,9142,142.48047022931863
INTERMEDIO,9143,141.20373268737646
INTERMEDIO,9144,106.1810417835814
INTERMEDIO,9145,117.16324258239625
INTERMEDIO,9146,101.43102232624759
INTERMEDIO,9147,139.702483751133
INTERMEDIO,9148,140.52613030442978
INTERMEDIO,9149,143.39116476345586
INTERMEDIO,9150,124.79188334712796
INTERMEDIO,9151,127.46137473676987
INTERMEDIO,9152,114.67393798279588
INTERMEDIO,9153,126.68762294070467
INTERMEDIO,9154,121.7784516464258
INTERMEDIO,9155,119.9739136383615
INTERMEDIO,9156,151.8842160041705
INTERMEDIO,9157,145.56454523344723
INTERMEDIO,9158,164.93085026091487
INTERMEDIO,9159,134.38045414043415
INTERMEDIO,9160,116.49551990741571
INTERMEDIO,9161,132.91007877168158
INTERMEDIO,9162,133.4483242248757
INTERMEDIO,9163,138.06993197025676
INTERMEDIO,9164,136.47326985898613
INTERMEDIO,9165,132.90417638713697
INTERMEDIO,9166,120.82596904762292
INTERMEDIO,9167,109.20442081463545
INTERMEDIO,9168,127.51964808058904
INTERMEDIO,9169,151.9849473412232
INTERMEDIO,9170,127.75552573355513
INTERMEDIO,9171,119.09310795537057
INTERMEDIO,9172,109.89274514012372
INTERMEDIO,9173,114.64638189968169
INTERMEDIO,9174,145.6635740428241
INTERMEDIO,9175,140.93177578178233
INTERMEDIO,9176,135.74779955811658
INTERMEDIO,9177,135.85842408090699
INTERMEDIO,9178,145.44099719492445
INTERMEDIO,9179,117.6166376130969
INTERMEDIO,9180,114.94609200496225
INTERMEDIO,9181,115.61818904419711
INTERMEDIO,9182,141.9780950837781
INTERMEDIO,9183,129.28131507423788
INTERMEDIO,9184,151.35800859571611
INTERMEDIO,9185,127.71529203460338
INTERMEDIO,9186,141.61181073822985
INTERMEDIO,9187,133.8731245877335
INTERMEDIO,9188,137.97620938542815
INTERMEDIO,9189,124.99792990678408
INTERMEDIO,9190,118.94330342101078
INTERMEDIO,9191,134.06968067721485
INTERMEDIO,9192,141.65799843449486
INTERMEDIO,9193,132.3541783091608
INTERMEDIO,9194,106.79597762159409
INTERMEDIO,9195,111.81003151814744
INTERMEDIO,9196,130.96884961816235
INTERMEDIO,9197,126.05233785592513
INTERMEDIO,9198,124.76731252909475
INTERMEDIO,9199,120.63402017972315
INTERMEDIO,9200,123.1915483268581
INTERMEDIO,9201,149.62040850691366
INTERMEDIO,9202,135.97458010698762
INTERMEDIO,9203,146.84324611300656
INTERMEDIO,9204,126.06970538545376
INTERMEDIO,9205,124.25057427131932
INTERMEDIO,9206,142.65228890333037
INTERMEDIO,9207,129.79678156331397
INTERMEDIO,9208,137.10423968365527
INTERMEDIO,9209,131.42483530203592
INTERMEDIO,9210,144.0913804638918
INTERMEDIO,9211,133.83426595989084
INTERMEDIO,9212,131.17163107044016
INTERMEDIO,9213,117.90103167072338
INTERMEDIO,9214,128.23516628646243
INTERMEDIO,9215,126.98251848919756
INTERMEDIO,9216,156.67594083421992
INTERMEDIO,9217,113.0140705188694
INTERMEDIO,9218,136.07967204075823
INTERMEDIO,9219,152.9296620760495
INTERMEDIO,9220,132.5233636933935
INTERMEDIO,9221,128.0693482247693
INTERMEDIO,9222,132.01162887811003
INTERMEDIO,9223,134.24417830599626
INTERMEDIO,9224,162.52199725543636
INTERMEDIO,9225,126.76645124363822
INTERMEDIO,9226,127.05103525172336
INTERMEDIO,9227,137.23037357793794
INTERMEDIO,9228,125.66312852179657
INTERMEDIO,9229,144.57147558084384
INTERMEDIO,9230,130.35176870545112
INTERMEDIO,9231,119.48625610623735
INTERMEDIO,9232,149.34797162912128
INTERMEDIO,9233,137.429983370103
INTERMEDIO,9234,124.4775158501304
INTERMEDIO,9235,142.65283581108224
INTERMEDIO,9236,111.44286291245089
INTERMEDIO,9237,114.31189066959962
INTERMEDIO,9238,128.05819282306666
INTERMEDIO,9239,115.94710534396299
INTERMEDIO,9240,118.05452075506146
INTERMEDIO,9241,127.33073039935147
INTERMEDIO,9242,112.3477575044923
INTERMEDIO,9243,141.21486081786307
INTERMEDIO,9244,131.2567062346431
INTERMEDIO,9245,124.0556239875019
INTERMEDIO,9246,114.42796954261925
INTERMEDIO,9247,133.587199305009
INTERMEDIO,9248,104.19961524471776
INTERMEDIO,9249,102.41825466991043
INTERMEDIO,9250,137.70419298781934
INTERMEDIO,9251,121.21267460468826
INTERMEDIO,9252,128.7782765711704
INTERMEDIO,9253,102.49586934487135
INTERMEDIO,9254,156.89629170528448
INTERMEDIO,9255,145.60132562604772
INTERMEDIO,9256,115.73273131623827
INTERMEDIO,9257,110.94807029973751
INTERMEDIO,9258,154.13908082066592
INTERMEDIO,9259,133.97698808026703
INTERMEDIO,9260,119.04712969111746
INTERMEDIO,9261,146.93051481703995
INTERMEDIO,9262,122.1460496180922
INTERMEDIO,9263,128.5661052763229
INTERMEDIO,9264,146.23605885972842
INTERMEDIO,9265,124.66174791088328
INTERMEDIO,9266,126.5834281025978
INTERMEDIO,9267,100.7421517231563
INTERMEDIO,9268,108.04884080791878
INTERMEDIO,9269,142.1397207149966
INTERMEDIO,9270,134.53311746008825
INTERMEDIO,9271,124.9762369452179
INTERMEDIO,9272,128.55275068313375
INTERMEDIO,9273,133.02930574323236
INTERMEDIO,9274,98.70118037494268
INTERMEDIO,9275,111.13153579904315
INTERMEDIO,9276,132.86861650337502
INTERMEDIO,9277,124.45863558330336
INTERMEDIO,9278,146.10337047408797
INTERMEDIO,9279,124.4585924358446
INTERMEDIO,9280,130.74319684037556
INTERMEDIO,9281,123.560102667595
INTERMEDIO,9282,113.50694036976715
INTERMEDIO,9283,142.79506385186255
INTERMEDIO,9284,129.54579188708
INTERMEDIO,9285,126.91409750527276
INTERMEDIO,9286,141.89699640612235
INTERMEDIO,9287,141.79631338656458
INTERMEDIO,9288,120.94098818963158
INTERMEDIO,9289,132.3568988493786
INTERMEDIO,9290,133.5184498448823
INTERMEDIO,9291,107.08286007116895
INTERMEDIO,9292,127.89579579032933
INTERMEDIO,9293,123.63428042183418
INTERMEDIO,9294,122.42142207540192
INTERMEDIO,9295,98.36892990177299
INTERMEDIO,9296,134.076144780507
INTERMEDIO,9297,126.46892051937071
INTERMEDIO,9298,158.50244122999
INTERMEDIO,9299,130.29187451231886
INTERMEDIO,9300,139.0043947145643
INTERMEDIO,9301,144.53029260194074
INTERMEDIO,9302,115.27811547805094
INTERMEDIO,9303,118.04143750083283
INTERMEDIO,9304,147.89990947175315
INTERMEDIO,9305,137.88151550450416
INTERMEDIO,9306,139.45749601164164
INTERMEDIO,9307,127.66736460469336
INTERMEDIO,9308,135.63691509006887
INTERMEDIO,9309,98.82455260188623
INTERMEDIO,9310,112.41510527843478
INTERMEDIO,9311,135.82879167543814
INTERMEDIO,9312,131.48741775516996
INTERMEDIO,9313,126.60690985424469
INTERMEDIO,9314,134.969041057955
INTERMEDIO,9315,129.95832219762207
INTERMEDIO,9316,142.65175162931638
INTERMEDIO,9317,133.59140039328955
INTERMEDIO,9318,138.0777854259563
INTERMEDIO,9319,121.1358225037571
INTERMEDIO,9320,144.24036895200183
INTERMEDIO,9321,126.49872002975181
INTERMEDIO,9322,138.50563214228893
INTERMEDIO,9323,140.70937807694986
INTERMEDIO,9324,107.85966769723282
INTERMEDIO,9325,142.7038988232829
INTERMEDIO,9326,138.32078810775587
INTERMEDIO,9327,116.15974857659971
INTERMEDIO,9328,137.57066825951193
INTERMEDIO,9329,166.06574023733165
INTERMEDIO,9330,129.8180391243721
INTERMEDIO,9331,131.71586912199513
INTERMEDIO,9332,101.78158803609065
INTERMEDIO,9333,119.78748549222323
INTERMEDIO,9334,130.84585198946857
INTERMEDIO,9335,131.94188380910205
INTERMEDIO,9336,136.31869890550925
INTERMEDIO,9337,127.0702186518783
INTERMEDIO,9338,125.65238893207963
INTERMEDIO,9339,152.798171052547
INTERMEDIO,9340,108.89935879762871
INTERMEDIO,9341,127.20606191754756
INTERMEDIO,9342,142.48464242135495
INTERMEDIO,9343,110.83644782270065
INTERMEDIO,9344,120.32570248112678
INTERMEDIO,9345,98.39832850532491
INTERMEDIO,9346,106.59057623710588
INTERMEDIO,9347,119.28810023821795
INTERMEDIO,9348,126.76029390415464
INTERMEDIO,9349,140.06128856769058
INTERMEDIO,9350,115.15456694328417
INTERMEDIO,9351,119.47558955101131
INTERMEDIO,9352,122.48158302843524
INTERMEDIO,9353,106.65595865106465
INTERMEDIO,9354,125.31033331871781
INTERMEDIO,9355,113.19100928781833
INTERMEDIO,9356,126.1279105705987
INTERMEDIO,9357,140.66640855808225
INTERMEDIO,9358,151.2608605911579
INTERMEDIO,9359,144.95718622394963
INTERMEDIO,9360,140.33303064607944
INTERMEDIO,9361,128.2449024883375
INTERMEDIO,9362,147.90182295915537
INTERMEDIO,9363,119.04190273957887
INTERMEDIO,9364,108.13916394713134
INTERMEDIO,9365,124.80987356742457
INTERMEDIO,9366,132.32564670440905
INTERMEDIO,9367,112.95782429013143
INTERMEDIO,9368,125.0055807703798
INTERMEDIO,9369,133.5043676649718
INTERMEDIO,9370,114.21690444100751
INTERMEDIO,9371,166.10841173512586
INTERMEDIO,9372,134.20794994930125
INTERMEDIO,9373,123.18470270798733
INTERMEDIO,9374,120.17451928849968
INTERMEDIO,9375,104.32892359262607
INTERMEDIO,9376,134.51063262218466
INTERMEDIO,9377,127.66726268132858
INTERMEDIO,9378,117.39818129396188
INTERMEDIO,9379,144.62289546833784
INTERMEDIO,9380,112.16277800309781
INTERMEDIO,9381,92.18246693150458
INTERMEDIO,9382,107.27161453411587
INTERMEDIO,9383,143.00833150987611
INTERMEDIO,9384,109.55055770911049
INTERMEDIO,9385,114.12970630478239
INTERMEDIO,9386,116.5839758567246
INTERMEDIO,9387,133.7980968501705
INTERMEDIO,9388,140.6912299262157
INTERMEDIO,9389,131.25884866239122
INTERMEDIO,9390,129.04379410973993
INTERMEDIO,9391,141.03779369823462
INTERMEDIO,9392,133.25776157658515
INTERMEDIO,9393,132.39352702670257
INTERMEDIO,9394,133.18500344991511
INTERMEDIO,9395,125.17778983476086
INTERMEDIO,9396,135.6897253230088
INTERMEDIO,9397,122.3174119755518
INTERMEDIO,9398,119.16103375805987
INTERMEDIO,9399,131.34883641118165
INTERMEDIO,9400,125.88804683414433
INTERMEDIO,9401,131.42537870927046
INTERMEDIO,9402,132.38157291037516
INTERMEDIO,9403,133.08233407966026
INTERMEDIO,9404,115.82508767490482
INTERMEDIO,9405,113.42281081518946
INTERMEDIO,9406,145.62948680423418
INTERMEDIO,9407,144.7230626489153
INTERMEDIO,9408,121.3544638246867
INTERMEDIO,9409,122.26423084754187
INTERMEDIO,9410,164.47030247443567
INTERMEDIO,9411,137.33057959818888
INTERMEDIO,9412,130.71854490212257
INTERMEDIO,9413,103.36620279363206
INTERMEDIO,9414,135.88138708873637
INTERMEDIO,9415,137.61492412228546
INTERMEDIO,9416,138.17155009316582
INTERMEDIO,9417,133.36977884701352
INTERMEDIO,9418,134.11034613999763
INTERMEDIO,9419,150.92873735751516
INTERMEDIO,9420,149.01410312766436
INTERMEDIO,9421,119.78360103558674
INTERMEDIO,9422,129.82001711797275
INTERMEDIO,9423,148.93856119591098
INTERMEDIO,9424,140.74027776595568
INTERMEDIO,9425,108.79412950989081
INTERMEDIO,9426,143.1905627951826
INTERMEDIO,9427,114.40525917996072
INTERMEDIO,9428,138.16220249320736
INTERMEDIO,9429,117.66279231459015
INTERMEDIO,9430,138.06983348754756
INTERMEDIO,9431,137.7994366755535
INTERMEDIO,9432,143.56303217201383
INTERMEDIO,9433,153.4453355160796
INTERMEDIO,9434,114.43988359600579
INTERMEDIO,9435,117.81317891794195
INTERMEDIO,9436,127.16452637726175
INTERMEDIO,9437,128.85352304089145
INTERMEDIO,9438,125.95693613743677
INTERMEDIO,9439,131.81067517163515
INTERMEDIO,9440,133.72710167620787
INTERMEDIO,9441,133.61348265287904
INTERMEDIO,9442,126.09018057663374
INTERMEDIO,9443,139.8313567771049
INTERMEDIO,9444,139.1097666646752
INTERMEDIO,9445,145.35204382581483
INTERMEDIO,9446,154.10513219039424
INTERMEDIO,9447,134.7367351930592
INTERMEDIO,9448,121.50964418786415
INTERMEDIO,9449,130.31102360193591
INTERMEDIO,9450,130.3661565129124
INTERMEDIO,9451,144.3449964156513
INTERMEDIO,9452,112.88751484827469
INTERMEDIO,9453,136.79900711367824
INTERMEDIO,9454,132.61580348822594
INTERMEDIO,9455,127.39005623562618
INTERMEDIO,9456,112.92149845556357
INTERMEDIO,9457,95.98883593815411
INTERMEDIO,9458,150.71923091561976
INTERMEDIO,9459,148.4467129025929
INTERMEDIO,9460,126.2410927153033
INTERMEDIO,9461,106.8305506649383
INTERMEDIO,9462,124.89071295271721
INTERMEDIO,9463,150.90677563062047
INTERMEDIO,9464,134.59512761886685
INTERMEDIO,9465,140.53808662935234
INTERMEDIO,9466,135.410880196041
INTERMEDIO,9467,131.44139220027637
INTERMEDIO,9468,108.28781717019307
INTERMEDIO,9469,129.8030919708968
INTERMEDIO,9470,84.84520464011736
INTERMEDIO,9471,132.4221382289374
INTERMEDIO,9472,105.88027079703062
INTERMEDIO,9473,131.1889648348978
INTERMEDIO,9474,144.82542577787552
INTERMEDIO,9475,132.49498456951403
INTERMEDIO,9476,163.63847913018512
INTERMEDIO,9477,121.9044310952134
INTERMEDIO,9478,116.25680513731282
INTERMEDIO,9479,105.7477577178824
INTERMEDIO,9480,130.51176383324707
INTERMEDIO,9481,120.93255483296001
INTERMEDIO,9482,124.40965583871261
INTERMEDIO,9483,131.37807203548442
INTERMEDIO,9484,120.1493786596232
INTERMEDIO,9485,140.96711201369303
INTERMEDIO,9486,108.06692361872948
INTERMEDIO,9487,128.18509959360793
INTERMEDIO,9488,139.34669955072698
INTERMEDIO,9489,124.09253863362879
INTERMEDIO,9490,146.13434027954978
INTERMEDIO,9491,125.07718408811539
INTERMEDIO,9492,137.54451681894813
INTERMEDIO,9493,144.74192526170899
INTERMEDIO,9494,126.41890294057589
INTERMEDIO,9495,109.320119585362
INTERMEDIO,9496,127.18191273045868
INTERMEDIO,9497,130.91343673202758
INTERMEDIO,9498,138.26509100509503
INTERMEDIO,9499,145.011278428251
INTERMEDIO,9500,133.8576640200395
INTERMEDIO,9501,148.23614382805243
INTERMEDIO,9502,121.44305573666946
INTERMEDIO,9503,122.7619676602185
INTERMEDIO,9504,114.68259438422109
INTERMEDIO,9505,116.03445371726907
INTERMEDIO,9506,145.16894477561328
INTERMEDIO,9507,140.55049615948116
INTERMEDIO,9508,132.4393656721194
INTERMEDIO,9509,141.6166076668558
INTERMEDIO,9510,136.37560437056325
INTERMEDIO,9511,139.22004577350924
INTERMEDIO,9512,128.94092435780541
INTERMEDIO,9513,132.0998924363265
INTERMEDIO,9514,130.2523530650881
INTERMEDIO,9515,143.41446687506817
INTERMEDIO,9516,119.51244495918132
INTERMEDIO,9517,100.96092597795776
INTERMEDIO,9518,136.43126129723393
INTERMEDIO,9519,159.05511890423213
INTERMEDIO,9520,137.47385991938563
INTERMEDIO,9521,125.43222486169526
INTERMEDIO,9522,122.41639722390937
INTERMEDIO,9523,140.42127371678728
INTERMEDIO,9524,127.00371887706494
INTERMEDIO,9525,148.4731986120411
INTERMEDIO,9526,122.56692608812767
INTERMEDIO,9527,129.58088041664223
INTERMEDIO,9528,138.95763753683056
INTERMEDIO,9529,109.51201354999881
INTERMEDIO,9530,151.94927160155768
INTERMEDIO,9531,152.98458637786973
INTERMEDIO,9532,140.85203658193797
INTERMEDIO,9533,135.34418034706678
INTERMEDIO,9534,121.9150002992713
INTERMEDIO,9535,128.37124215077569
INTERMEDIO,9536,130.8487010118045
INTERMEDIO,9537,133.59436130606596
INTERMEDIO,9538,110.39566999598004
INTERMEDIO,9539,128.87816396386765
INTERMEDIO,9540,130.2382130096503
INTERMEDIO,9541,137.79105187756497
INTERMEDIO,9542,122.38962365630991
INTERMEDIO,9543,121.73786693990814
INTERMEDIO,9544,121.50616952682205
INTERMEDIO,9545,137.82137717776806
INTERMEDIO,9546,122.41693743334302
INTERMEDIO,9547,144.34594170167935
INTERMEDIO,9548,122.53447171015831
INTERMEDIO,9549,106.0929478206729
INTERMEDIO,9550,149.20186977876136
INTERMEDIO,9551,130.1379657697653
INTERMEDIO,9552,110.29692795198102
INTERMEDIO,9553,116.44868291713499
INTERMEDIO,9554,111.59613396796627
INTERMEDIO,9555,152.92218637804402
INTERMEDIO,9556,110.1309999429674
INTERMEDIO,9557,120.53384165045696
INTERMEDIO,9558,128.77986032488604
INTERMEDIO,9559,118.4027055929956
INTERMEDIO,9560,136.91239721492627
INTERMEDIO,9561,103.71835653853952
INTERMEDIO,9562,143.3077066101806
INTERMEDIO,9563,124.87817134634899
INTERMEDIO,9564,115.09829584012745
INTERMEDIO,9565,129.32451059696623
INTERMEDIO,9566,153.66805482934637
INTERMEDIO,9567,131.4869694248676
INTERMEDIO,9568,129.58288439967478
INTERMEDIO,9569,115.39360629205855
INTERMEDIO,9570,115.65030499309334
INTERMEDIO,9571,145.59321030111568
INTERMEDIO,9572,134.52028630941268
INTERMEDIO,9573,154.3438455476208
INTERMEDIO,9574,153.8184264205221
INTERMEDIO,9575,154.13371480552394
INTERMEDIO,9576,126.50140023881936
INTERMEDIO,9577,105.34847479013347
INTERMEDIO,9578,156.9768633976275
INTERMEDIO,9579,141.99475412806092
INTERMEDIO,9580,142.78412276022078
INTERMEDIO,9581,125.12755243792003
INTERMEDIO,9582,111.4313803773762
INTERMEDIO,9583,116.70322351933297
INTERMEDIO,9584,130.07468242483074
INTERMEDIO,9585,157.48418137250613
INTERMEDIO,9586,136.31746353452297
INTERMEDIO,9587,110.60416546226641
INTERMEDIO,9588,121.79637117287773
INTERMEDIO,9589,135.7443807225905
INTERMEDIO,9590,110.02274529851375
INTERMEDIO,9591,134.59443816731581
INTERMEDIO,9592,122.07529551138633
INTERMEDIO,9593,141.47039978894213
INTERMEDIO,9594,133.6897155353843
INTERMEDIO,9595,154.63746815976032
INTERMEDIO,9596,144.6588971538084
INTERMEDIO,9597,118.17984349105761
INTERMEDIO,9598,111.11239759670168
INTERMEDIO,9599,128.3537942515144
INTERMEDIO,9600,135.69866094482327
INTERMEDIO,9601,121.55285776419841
INTERMEDIO,9602,100.86405374004545
INTERMEDIO,9603,126.35051682875977
INTERMEDIO,9604,125.49553370423301
INTERMEDIO,9605,115.25728021227837
INTERMEDIO,9606,140.53362312492277
INTERMEDIO,9607,109.12298040941945
INTERMEDIO,9608,126.42261652566403
INTERMEDIO,9609,114.41389402679226
INTERMEDIO,9610,130.9003186472812
INTERMEDIO,9611,121.79114917662775
INTERMEDIO,9612,110.91780858959717
INTERMEDIO,9613,123.4075663771414
INTERMEDIO,9614,126.49927155717008
INTERMEDIO,9615,130.95944784450987
INTERMEDIO,9616,155.73139738003033
INTERMEDIO,9617,131.00348879911775
INTERMEDIO,9618,147.6057791251671
INTERMEDIO,9619,113.21306846824892
INTERMEDIO,9620,121.78527254984587
INTERMEDIO,9621,142.37465873058505
INTERMEDIO,9622,134.06506525472716
INTERMEDIO,9623,129.17137916228623
INTERMEDIO,9624,112.16710440902554
INTERMEDIO,9625,129.92117322053113
INTERMEDIO,9626,119.50684221888643
INTERMEDIO,9627,133.28794795133763
INTERMEDIO,9628,137.31028354465735
INTERMEDIO,9629,120.32400169244237
INTERMEDIO,9630,93.31344676362703
INTERMEDIO,9631,126.23990580966577
INTERMEDIO,9632,121.79334072836494
INTERMEDIO,9633,113.34722706686543
INTERMEDIO,9634,99.88500239832292
INTERMEDIO,9635,130.05617302622255
INTERMEDIO,9636,121.96166188353438
INTERMEDIO,9637,135.95215781084013
INTERMEDIO,9638,124.04619710952039
INTERMEDIO,9639,101.44723008254698
INTERMEDIO,9640,130.18498504857084
INTERMEDIO,9641,124.78987252529714
INTERMEDIO,9642,125.63386310592253
INTERMEDIO,9643,137.01222386647626
INTERMEDIO,9644,127.91699017566762
INTERMEDIO,9645,110.06036528789798
INTERMEDIO,9646,107.75322043765448
INTERMEDIO,9647,113.9953742421629
INTERMEDIO,9648,121.29119330512125
INTERMEDIO,9649,158.0101234035477
INTERMEDIO,9650,105.21590951832461
INTERMEDIO,9651,111.82184802339253
INTERMEDIO,9652,146.07815598893893
INTERMEDIO,9653,122.36501658076477
INTERMEDIO,9654,137.73230415923055
INTERMEDIO,9655,106.80085635686109
INTERMEDIO,9656,124.84168290292156
INTERMEDIO,9657,122.45069363148372
INTERMEDIO,9658,101.06780650326168
INTERMEDIO,9659,114.05476411149726
INTERMEDIO,9660,118.92809507455921
INTERMEDIO,9661,125.16045732508896
INTERMEDIO,9662,110.73430681336413
INTERMEDIO,9663,131.44435092119184
INTERMEDIO,9664,119.36309589596748
INTERMEDIO,9665,124.87475648215103
INTERMEDIO,9666,141.1811740120837
INTERMEDIO,9667,131.17333104528782
INTERMEDIO,9668,128.62727777588648
INTERMEDIO,9669,96.9860225542366
INTERMEDIO,9670,118.35406929645792
INTERMEDIO,9671,119.70743788488072
INTERMEDIO,9672,122.81890488477126
INTERMEDIO,9673,132.909732653149
INTERMEDIO,9674,103.68344777144401
INTERMEDIO,9675,166.48734626729123
INTERMEDIO,9676,128.60070474719146
INTERMEDIO,9677,112.74910960607589
INTERMEDIO,9678,140.30021367394173
INTERMEDIO,9679,127.4783699640953
INTERMEDIO,9680,130.74978136519792
INTERMEDIO,9681,113.59453798884063
INTERMEDIO,9682,166.31766052435944
INTERMEDIO,9683,125.53471620476466
INTERMEDIO,9684,109.36692955652313
INTERMEDIO,9685,138.70460676863686
INTERMEDIO,9686,132.57509907269272
INTERMEDIO,9687,124.94070156220299
INTERMEDIO,9688,132.65691214651977
INTERMEDIO,9689,148.68257852542197
INTERMEDIO,9690,126.3457776502618
INTERMEDIO,9691,141.86332314155217
INTERMEDIO,9692,112.01252517473831
INTERMEDIO,9693,148.05122902217917
INTERMEDIO,9694,126.5618631742928
INTERMEDIO,9695,120.58290905508564
INTERMEDIO,9696,105.68820681015127
INTERMEDIO,9697,136.20855928735537
INTERMEDIO,9698,121.66449474836698
INTERMEDIO,9699,157.13499236344967
INTERMEDIO,9700,138.9750935503481
INTERMEDIO,9701,106.80259165879286
INTERMEDIO,9702,129.9918036703821
INTERMEDIO,9703,139.77479045902845
INTERMEDIO,9704,136.04594463772088
INTERMEDIO,9705,145.89306662248578
INTERMEDIO,9706,153.53449445323028
INTERMEDIO,9707,119.46099313126196
INTERMEDIO,9708,121.68978891458283
INTERMEDIO,9709,92.94626861603255
INTERMEDIO,9710,136.4708816303229
INTERMEDIO,9711,116.4918320245965
INTERMEDIO,9712,119.14395722855568
INTERMEDIO,9713,118.33389174892052
INTERMEDIO,9714,123.63287502042685
INTERMEDIO,9715,127.44692017165788
INTERMEDIO,9716,139.6960855666118
INTERMEDIO,9717,147.83716215976034
INTERMEDIO,9718,125.96997038637691
INTERMEDIO,9719,139.9872983137095
INTERMEDIO,9720,106.81102847821762
INTERMEDIO,9721,114.90797370700615
INTERMEDIO,9722,132.87684214160683
INTERMEDIO,9723,154.06140068899887
INTERMEDIO,9724,143.65173328819708
INTERMEDIO,9725,148.31048084704636
INTERMEDIO,9726,139.38390605252616
INTERMEDIO,9727,132.54444272890737
INTERMEDIO,9728,140.75270593318646
INTERMEDIO,9729,143.50186684019957
INTERMEDIO,9730,135.45687151027195
INTERMEDIO,9731,140.06316773065794
INTERMEDIO,9732,134.03046572603247
INTERMEDIO,9733,150.65551728336797
INTERMEDIO,9734,109.20750035823602
INTERMEDIO,9735,121.71462442853358
INTERMEDIO,9736,141.5210940416515
INTERMEDIO,9737,149.32847016522135
INTERMEDIO,9738,142.52407554852522
INTERMEDIO,9739,131.60555614950562
INTERMEDIO,9740,112.17679140593039
INTERMEDIO,9741,125.82718270812371
INTERMEDIO,9742,144.321707347044
INTERMEDIO,9743,141.08374404220848
INTERMEDIO,9744,128.32524111320487
INTERMEDIO,9745,124.3405333312788
INTERMEDIO,9746,113.92887785953322
INTERMEDIO,9747,128.22112192951192
INTERMEDIO,9748,119.7879238466708
INTERMEDIO,9749,119.01708380214313
INTERMEDIO,9750,118.86086326216292
INTERMEDIO,9751,124.94444765010482
INTERMEDIO,9752,133.0265537645178
INTERMEDIO,9753,134.0532906676028
INTERMEDIO,9754,154.97651920314024
INTERMEDIO,9755,147.42737743888276
INTERMEDIO,9756,145.03913322767198
INTERMEDIO,9757,129.36256585374645
INTERMEDIO,9758,126.92933448948017
INTERMEDIO,9759,136.4331808184878
INTERMEDIO,9760,148.83841211823335
INTERMEDIO,9761,144.71678383333096
INTERMEDIO,9762,138.9977476726586
INTERMEDIO,9763,130.87543138326538
INTERMEDIO,9764,124.15479612310693
INTERMEDIO,9765,121.43212167573779
INTERMEDIO,9766,125.94855137238756
INTERMEDIO,9767,152.41102678626646
INTERMEDIO,9768,153.40264560289208
INTERMEDIO,9769,120.97552141934787
INTERMEDIO,9770,143.64918061958278
INTERMEDIO,9771,114.64656486105535
INTERMEDIO,9772,132.61502677192507
INTERMEDIO,9773,138.54995120100546
INTERMEDIO,9774,131.31244286657457
INTERMEDIO,9775,113.98414616057255
INTERMEDIO,9776,115.84748801691782
INTERMEDIO,9777,121.58157937151742
INTERMEDIO,9778,131.29886492535826
INTERMEDIO,9779,137.645654626456
INTERMEDIO,9780,128.44625819634632
INTERMEDIO,9781,137.63220595466285
INTERMEDIO,9782,149.15764885748737
INTERMEDIO,9783,120.6786976085292
INTERMEDIO,9784,115.05117992145546
INTERMEDIO,9785,101.90049731881436
INTERMEDIO,9786,120.09501918069208
INTERMEDIO,9787,124.7347613191938
INTERMEDIO,9788,128.7177761100999
INTERMEDIO,9789,139.52600554098822
INTERMEDIO,9790,114.70210426959265
INTERMEDIO,9791,131.49279084380194
INTERMEDIO,9792,122.23947139370927
INTERMEDIO,9793,147.0604079015684
INTERMEDIO,9794,137.2363544333171
INTERMEDIO,9795,123.68083682805636
INTERMEDIO,9796,134.7907577365321
INTERMEDIO,9797,139.99536851167534
INTERMEDIO,9798,151.0481177856337
INTERMEDIO,9799,132.80836134097166
INTERMEDIO,9800,130.6450342040834
INTERMEDIO,9801,92.99611205534494
INTERMEDIO,9802,129.65652566898564
INTERMEDIO,9803,135.44320822379987
INTERMEDIO,9804,141.09478926297808
INTERMEDIO,9805,103.75448940478198
INTERMEDIO,9806,126.17764411159123
INTERMEDIO,9807,127.81922823850837
INTERMEDIO,9808,120.29391119184902
INTERMEDIO,9809,134.83336224652146
INTERMEDIO,9810,103.89979165316376
INTERMEDIO,9811,131.47283461759736
INTERMEDIO,9812,158.93942232760384
INTERMEDIO,9813,124.72428293720058
INTERMEDIO,9814,131.10806088507218
INTERMEDIO,9815,142.75692653003554
INTERMEDIO,9816,135.89505969819413
INTERMEDIO,9817,130.4598447054532
INTERMEDIO,9818,135.5482469082686
INTERMEDIO,9819,112.50048157723796
INTERMEDIO,9820,127.0603517157508
INTERMEDIO,9821,112.14163302937565
INTERMEDIO,9822,105.39806992633561
INTERMEDIO,9823,134.84755228611706
INTERMEDIO,9824,124.01965795576328
INTERMEDIO,9825,117.4135683086715
INTERMEDIO,9826,110.78140880847567
INTERMEDIO,9827,119.83878188854622
INTERMEDIO,9828,143.8372933541068
INTERMEDIO,9829,151.3316029812887
INTERMEDIO,9830,139.3415606679697
INTERMEDIO,9831,123.38227866109361
INTERMEDIO,9832,141.76564078293052
INTERMEDIO,9833,134.28588523146863
INTERMEDIO,9834,112.90059731037023
INTERMEDIO,9835,122.92186917213729
INTERMEDIO,9836,103.29877348855756
INTERMEDIO,9837,120.04441106711018
INTERMEDIO,9838,112.25363858543074
INTERMEDIO,9839,118.8771118781548
INTERMEDIO,9840,111.29203364141452
INTERMEDIO,9841,135.06187776246344
INTERMEDIO,9842,129.7635276644763
INTERMEDIO,9843,138.73262863016956
INTERMEDIO,9844,123.93372149381567
INTERMEDIO,9845,135.89483365792242
INTERMEDIO,9846,117.57473139110755
INTERMEDIO,9847,130.3262312562719
INTERMEDIO,9848,156.93563739649312
INTERMEDIO,9849,119.7708209011192
INTERMEDIO,9850,135.63126870149358
INTERMEDIO,9851,117.42693588995543
INTERMEDIO,9852,116.55309028400748
INTERMEDIO,9853,141.63158166863226
INTERMEDIO,9854,143.17571097745557
INTERMEDIO,9855,148.02421083930398
INTERMEDIO,9856,119.22843626368889
INTERMEDIO,9857,118.54890147572212
INTERMEDIO,9858,149.09659473456352
INTERMEDIO,9859,127.35420473697931
INTERMEDIO,9860,134.47329632484434
INTERMEDIO,9861,164.93027302671868
INTERMEDIO,9862,120.1954528398988
INTERMEDIO,9863,114.11287384084109
INTERMEDIO,9864,114.87796281253156
INTERMEDIO,9865,127.81103234335957
INTERMEDIO,9866,131.12912502385083
INTERMEDIO,9867,127.83969219617862
INTERMEDIO,9868,144.53456607324082
INTERMEDIO,9869,126.4829487288097
INTERMEDIO,9870,159.30970074467098
INTERMEDIO,9871,114.75835503508584
INTERMEDIO,9872,101.752339338906
INTERMEDIO,9873,136.50278229296032
INTERMEDIO,9874,111.7344873625402
INTERMEDIO,9875,130.99618223694725
INTERMEDIO,9876,133.84793584869695
INTERMEDIO,9877,136.10834431836258
INTERMEDIO,9878,124.93191427398953
INTERMEDIO,9879,143.2569801181577
INTERMEDIO,9880,130.43810294975054
INTERMEDIO,9881,144.44476229996593
INTERMEDIO,9882,114.76208345929851
INTERMEDIO,9883,121.7111716959817
INTERMEDIO,9884,108.38221764887534
INTERMEDIO,9885,138.970542633782
INTERMEDIO,9886,148.72322407301456
INTERMEDIO,9887,137.64894161256024
INTERMEDIO,9888,127.28779608153833
INTERMEDIO,9889,138.57591650704765
INTERMEDIO,9890,119.18888114377714
INTERMEDIO,9891,112.29668580631548
INTERMEDIO,9892,122.26722787553496
INTERMEDIO,9893,114.93168332752087
INTERMEDIO,9894,123.23417203132726
INTERMEDIO,9895,139.58368697639258
INTERMEDIO,9896,149.91228228945081
INTERMEDIO,9897,160.1714758047844
INTERMEDIO,9898,142.9612824231164
INTERMEDIO,9899,142.5598242001736
INTERMEDIO,9900,124.03143541366241
INTERMEDIO,9901,128.16833519979104
INTERMEDIO,9902,127.04993968930373
INTERMEDIO,9903,122.69522106503734
INTERMEDIO,9904,151.02947195749707
INTERMEDIO,9905,132.4634510048524
INTERMEDIO,9906,119.43509576505564
INTERMEDIO,9907,134.21107063292752
INTERMEDIO,9908,121.24809322896229
INTERMEDIO,9909,151.44823853008597
INTERMEDIO,9910,134.77297574131876
INTERMEDIO,9911,130.48362013154173
INTERMEDIO,9912,158.995516626553
INTERMEDIO,9913,115.24462453066586
INTERMEDIO,9914,137.1091073852031
INTERMEDIO,9915,124.17178816600838
INTERMEDIO,9916,153.01974208384775
INTERMEDIO,9917,141.1058744039963
INTERMEDIO,9918,137.41317518696286
INTERMEDIO,9919,131.2686717560747
INTERMEDIO,9920,132.62415699447058
INTERMEDIO,9921,116.35507873625714
INTERMEDIO,9922,140.60296011421116
INTERMEDIO,9923,114.44424798205884
INTERMEDIO,9924,132.57735378161712
INTERMEDIO,9925,136.72819319924497
INTERMEDIO,9926,164.22041314529463
INTERMEDIO,9927,140.0275612633332
INTERMEDIO,9928,136.18741990396805
INTERMEDIO,9929,102.5610944179002
INTERMEDIO,9930,153.2493830424885
INTERMEDIO,9931,145.77012278951656
INTERMEDIO,9932,141.17453198278693
INTERMEDIO,9933,140.05568399650213
INTERMEDIO,9934,121.46138205543589
INTERMEDIO,9935,133.43816088557816
INTERMEDIO,9936,139.0819204180725
INTERMEDIO,9937,132.90559760043718
INTERMEDIO,9938,117.51354232766366
INTERMEDIO,9939,105.27719055476835
INTERMEDIO,9940,113.58322953424383
INTERMEDIO,9941,119.31452053759304
INTERMEDIO,9942,132.81980858231532
INTERMEDIO,9943,127.45624508392649
INTERMEDIO,9944,161.9330699682736
INTERMEDIO,9945,152.72124168221382
INTERMEDIO,9946,135.7813015161672
INTERMEDIO,9947,121.25164640090416
INTERMEDIO,9948,126.0492510031002
INTERMEDIO,9949,144.20472633390835
INTERMEDIO,9950,130.53298931930155
INTERMEDIO,9951,102.53201919018326
INTERMEDIO,9952,132.99516346426597
INTERMEDIO,9953,130.08909227310147
INTERMEDIO,9954,144.94306111615498
INTERMEDIO,9955,130.42624793274842
INTERMEDIO,9956,136.38120924443976
INTERMEDIO,9957,135.3562741086461
INTERMEDIO,9958,131.37361209901954
INTERMEDIO,9959,150.1057985097706
INTERMEDIO,9960,137.11765843185805
INTERMEDIO,9961,120.21556829366797
INTERMEDIO,9962,117.32648273122945
INTERMEDIO,9963,118.04077888839538
INTERMEDIO,9964,117.50109760715587
INTERMEDIO,9965,121.23320648751533
INTERMEDIO,9966,108.05232142815854
INTERMEDIO,9967,134.24697009232946
INTERMEDIO,9968,122.1149141896046
INTERMEDIO,9969,121.0384687874909
INTERMEDIO,9970,136.94907517357225
INTERMEDIO,9971,125.31344277760716
INTERMEDIO,9972,134.09426771915727
INTERMEDIO,9973,131.17625469241077
INTERMEDIO,9974,125.49446222293031
INTERMEDIO,9975,130.6315499855679
INTERMEDIO,9976,92.214126502568
INTERMEDIO,9977,133.5908937416251
INTERMEDIO,9978,132.44058761290555
INTERMEDIO,9979,146.60941790364234
INTERMEDIO,9980,127.17127581625117
INTERMEDIO,9981,135.7614775572034
INTERMEDIO,9982,146.80809542650556
INTERMEDIO,9983,120.82002227847228
INTERMEDIO,9984,128.23210771408725
INTERMEDIO,9985,116.55337446404423
INTERMEDIO,9986,120.09678195595785
INTERMEDIO,9987,128.22977514221586
INTERMEDIO,9988,120.47525532459201
INTERMEDIO,9989,153.12570893192887
INTERMEDIO,9990,124.18785247410428
INTERMEDIO,9991,120.3783122073138
INTERMEDIO,9992,120.52287971133458
INTERMEDIO,9993,148.5740173913376
INTERMEDIO,9994,138.05187150984813
INTERMEDIO,9995,130.51560700067662
INTERMEDIO,9996,126.88057929902801
INTERMEDIO,9997,147.72255002830573
INTERMEDIO,9998,100.91328482501592
INTERMEDIO,9999,156.4064724264977
INTERMEDIO,10000,129.87300079308835
ARRIESGADO,1,185.93450327470157
ARRIESGADO,2,137.49933039138716
ARRIESGADO,3,114.1584287797189
ARRIESGADO,4,134.11237501874857
ARRIESGADO,5,113.78094752142036
ARRIESGADO,6,159.44109260402237
ARRIESGADO,7,140.43227280687702
ARRIESGADO,8,113.61363781589701
ARRIESGADO,9,134.11150342773004
ARRIESGADO,10,165.2045076117571
ARRIESGADO,11,108.60671896489406
ARRIESGADO,12,111.13131156262514
ARRIESGADO,13,139.184992959567
ARRIESGADO,14,134.31190952806637
ARRIESGADO,15,116.79532077580205
ARRIESGADO,16,172.4932287335623
ARRIESGADO,17,177.70804622009032
ARRIESGADO,18,139.48290009297068
ARRIESGADO,19,111.02332187641886
ARRIESGADO,20,130.03274479854068
ARRIESGADO,21,141.5909411852196
ARRIESGADO,22,165.44544139320476
ARRIESGADO,23,151.9174800572203
ARRIESGADO,24,109.55806284894183
ARRIESGADO,25,148.46175394089798
ARRIESGADO,26,150.9132647021323
ARRIESGADO,27,173.6311288311863
ARRIESGADO,28,160.259279565806
ARRIESGADO,29,158.0793995369351
ARRIESGADO,30,167.15298811760658
ARRIESGADO,31,115.60218037318484
ARRIESGADO,32,137.86655170197076
ARRIESGADO,33,111.68208215997079
ARRIESGADO,34,118.62122793765332
ARRIESGADO,35,125.18404304493721
ARRIESGADO,36,115.67770964683791
ARRIESGADO,37,118.98699629547555
ARRIESGADO,38,165.65437200993063
ARRIESGADO,39,157.4369403304926
ARRIESGADO,40,135.82660235191042
ARRIESGADO,41,140.51218249641954
ARRIESGADO,42,121.59239846677109
ARRIESGADO,43,128.30927879810747
ARRIESGADO,44,167.64504663777376
ARRIESGADO,45,130.5986979609906
ARRIESGADO,46,148.54547595178659
ARRIESGADO,47,127.7510561984879
ARRIESGADO,48,131.32938097790748
ARRIESGADO,49,144.46852954017757
ARRIESGADO,50,158.77923911729644
ARRIESGADO,51,181.00526095974843
ARRIESGADO,52,169.86064432203537
ARRIESGADO,53,121.11910467508201
ARRIESGADO,54,139.78254831950585
ARRIESGADO,55,122.9639542248204
ARRIESGADO,56,129.0969513446613
ARRIESGADO,57,161.12370637738817
ARRIESGADO,58,119.1077566379159
ARRIESGADO,59,98.65876116087748
ARRIESGADO,60,105.99053671636356
ARRIESGADO,61,109.02858797893974
ARRIESGADO,62,151.85979425497493
ARRIESGADO,63,105.97103349409936
ARRIESGADO,64,158.64015247235426
ARRIESGADO,65,125.8792560174005
ARRIESGADO,66,159.4131563267786
ARRIESGADO,67,168.31015807347978
ARRIESGADO,68,143.27659967617313
ARRIESGADO,69,114.05602999058297
ARRIESGADO,70,131.25345189441902
ARRIESGADO,71,171.91720999071535
ARRIESGADO,72,179.01722514260493
ARRIESGADO,73,147.63792652719937
ARRIESGADO,74,115.09526006421736
ARRIESGADO,75,173.6485535191516
ARRIESGADO,76,122.56365451901009
ARRIESGADO,77,99.50042130655429
ARRIESGADO,78,126.75927180280046
ARRIESGADO,79,154.54602054423071
ARRIESGADO,80,120.67134878393695
ARRIESGADO,81,152.88825239979346
ARRIESGADO,82,123.42824516094242
ARRIESGADO,83,121.93193555626705
ARRIESGADO,84,142.84512466305026
ARRIESGADO,85,146.22680951455374
ARRIESGADO,86,157.66871037000445
ARRIESGADO,87,164.33689042219362
ARRIESGADO,88,128.21560798216632
ARRIESGADO,89,119.22882929016718
ARRIESGADO,90,112.32137983423792
ARRIESGADO,91,156.77650077949122
ARRIESGADO,92,111.8731287672391
ARRIESGADO,93,144.00725054690741
ARRIESGADO,94,142.92201066196773
ARRIESGADO,95,126.69857815637927
ARRIESGADO,96,134.34140041204256
ARRIESGADO,97,140.98194328939957
ARRIESGADO,98,154.19771349799342
ARRIESGADO,99,146.61764772541136
ARRIESGADO,100,154.8130531543036
ARRIESGADO,101,154.03708589636568
ARRIESGADO,102,113.08062632422178
ARRIESGADO,103,152.4642178919192
ARRIESGADO,104,194.5561654689745
ARRIESGADO,105,144.04938480979519
ARRIESGADO,106,146.52319413896967
ARRIESGADO,107,136.85237068114756
ARRIESGADO,108,183.7465495906965
ARRIESGADO,109,181.49812927155975
ARRIESGADO,110,107.20290712470049
ARRIESGADO,111,169.5766083045259
ARRIESGADO,112,92.37498025917347
ARRIESGADO,113,135.9260568317053
ARRIESGADO,114,148.64877002496365
ARRIESGADO,115,122.55579687029281
ARRIESGADO,116,102.47820731540908
ARRIESGADO,117,107.87288383181104
ARRIESGADO,118,142.61687526846393
ARRIESGADO,119,164.89599115687446
ARRIESGADO,120,144.47845296496047
ARRIESGADO,121,150.84669929214843
ARRIESGADO,122,128.89549212231893
ARRIESGADO,123,150.99020600948256
ARRIESGADO,124,100.07400193296034
ARRIESGADO,125,112.9687802663281
ARRIESGADO,126,114.17741487062587
ARRIESGADO,127,127.86950238475355
ARRIESGADO,128,115.33738917920996
ARRIESGADO,129,107.88760376300598
ARRIESGADO,130,175.60607294594303
ARRIESGADO,131,149.50039202845636
ARRIESGADO,132,111.58779627417397
ARRIESGADO,133,162.01058945890296
ARRIESGADO,134,104.11801145708138
ARRIESGADO,135,139.22460188879305
ARRIESGADO,136,130.89740314933323
ARRIESGADO,137,105.12361073911637
ARRIESGADO,138,155.97410149032552
ARRIESGADO,139,149.79259029076638
ARRIESGADO,140,133.23538500332157
ARRIESGADO,141,153.92417805928636
ARRIESGADO,142,134.98328153337695
ARRIESGADO,143,164.71154254058845
ARRIESGADO,144,133.80650833221614
ARRIESGADO,145,123.42472334459052
ARRIESGADO,146,151.88088178264132
ARRIESGADO,147,119.09309441268576
ARRIESGADO,148,134.3729335096574
ARRIESGADO,149,156.50824296650956
ARRIESGADO,150,152.1442156948947
ARRIESGADO,151,143.587073991788
ARRIESGADO,152,169.5405155384787
ARRIESGADO,153,169.22317275733505
ARRIESGADO,154,138.59911567015303
ARRIESGADO,155,133.00803257633729
ARRIESGADO,156,128.35440324689915
ARRIESGADO,157,90.0298413930235
ARRIESGADO,158,154.76451606258576
ARRIESGADO,159,119.36684609605824
ARRIESGADO,160,123.66243224723952
ARRIESGADO,161,130.44896638576657
ARRIESGADO,162,140.05153156865762
ARRIESGADO,163,124.56691764445888
ARRIESGADO,164,189.26548142760046
ARRIESGADO,165,132.65741608162028
ARRIESGADO,166,146.72649618477945
ARRIESGADO,167,149.75919133838622
ARRIESGADO,168,121.93683332799417
ARRIESGADO,169,157.79493473745023
ARRIESGADO,170,134.64045671535325
ARRIESGADO,171,163.10766910381804
ARRIESGADO,172,135.8343843341792
ARRIESGADO,173,167.50573347885597
ARRIESGADO,174,131.20371815310838
ARRIESGADO,175,140.62265328361295
ARRIESGADO,176,112.4333548411642
ARRIESGADO,177,170.35106534137932
ARRIESGADO,178,132.84085094372148
ARRIESGADO,179,158.30475546574394
ARRIESGADO,180,156.84257424089262
ARRIESGADO,181,132.73464186455806
ARRIESGADO,182,193.32562550052126
ARRIESGADO,183,113.62069951589193
ARRIESGADO,184,117.38036496152505
ARRIESGADO,185,146.481810096497
ARRIESGADO,186,122.8980649885256
ARRIESGADO,187,138.72180165698597
ARRIESGADO,188,139.9078729648497
ARRIESGADO,189,159.01172562219054
ARRIESGADO,190,133.84743024519688
ARRIESGADO,191,126.65359486220243
ARRIESGADO,192,151.37580672378044
ARRIESGADO,193,123.4340893905189
ARRIESGADO,194,102.91282797186608
ARRIESGADO,195,152.87335049429043
ARRIESGADO,196,109.71056997488914
ARRIESGADO,197,137.55502784890032
ARRIESGADO,198,170.11112611186854
ARRIESGADO,199,149.24352993971587
ARRIESGADO,200,128.5553490701965
ARRIESGADO,201,167.75760908194545
ARRIESGADO,202,154.60312917143912
ARRIESGADO,203,172.7395542704664
ARRIESGADO,204,108.49712949468353
ARRIESGADO,205,147.18051941920874
ARRIESGADO,206,147.98585934806061
ARRIESGADO,207,152.52961796856363
ARRIESGADO,208,143.60333212478258
ARRIESGADO,209,117.78719102953814
ARRIESGADO,210,150.87145487492703
ARRIESGADO,211,136.41117101132875
ARRIESGADO,212,145.69567141561706
ARRIESGADO,213,113.31001451414002
ARRIESGADO,214,182.05270923675263
ARRIESGADO,215,139.61364161624604
ARRIESGADO,216,159.74550192312805
ARRIESGADO,217,151.27425784023978
ARRIESGADO,218,146.6552388347342
ARRIESGADO,219,160.03369962474446
ARRIESGADO,220,151.09359825565969
ARRIESGADO,221,144.01360693116587
ARRIESGADO,222,153.91583457606131
ARRIESGADO,223,148.54391975797316
ARRIESGADO,224,97.95501696740885
ARRIESGADO,225,152.53669461526198
ARRIESGADO,226,128.46544854414873
ARRIESGADO,227,127.74924129943304
ARRIESGADO,228,131.88329231999046
ARRIESGADO,229,123.21259210399921
ARRIESGADO,230,110.74741557860021
ARRIESGADO,231,111.16513359063394
ARRIESGADO,232,161.435161486987
ARRIESGADO,233,158.76048653790582
ARRIESGADO,234,133.48858535534532
ARRIESGADO,235,123.55898470539545
ARRIESGADO,236,129.44274914652487
ARRIESGADO,237,140.28909952657492
ARRIESGADO,238,189.65114543678504
ARRIESGADO,239,155.87297254193453
ARRIESGADO,240,149.26651994124475
ARRIESGADO,241,108.89492483751248
ARRIESGADO,242,99.59837532138087
ARRIESGADO,243,138.92461055527417
ARRIESGADO,244,149.16951228350268
ARRIESGADO,245,139.54913173360427
ARRIESGADO,246,140.04703611825684
ARRIESGADO,247,167.26657798905788
ARRIESGADO,248,119.27174368903964
ARRIESGADO,249,117.40805802046296
ARRIESGADO,250,143.13576980289577
ARRIESGADO,251,169.5154604026723
ARRIESGADO,252,121.25206751511087
ARRIESGADO,253,123.14895337257265
ARRIESGADO,254,106.43471590980386
ARRIESGADO,255,113.78451121629598
ARRIESGADO,256,109.50723359957902
ARRIESGADO,257,100.05112489265464
ARRIESGADO,258,119.78305312325494
ARRIESGADO,259,126.03417397309572
ARRIESGADO,260,116.06912118884362
ARRIESGADO,261,98.2813020107213
ARRIESGADO,262,125.79056648409608
ARRIESGADO,263,137.1029149059423
ARRIESGADO,264,137.66700700232732
ARRIESGADO,265,137.3262240259792
ARRIESGADO,266,134.9134093514742
ARRIESGADO,267,116.79497416938725
ARRIESGADO,268,114.21971594385987
ARRIESGADO,269,138.462928009544
ARRIESGADO,270,85.8232748464244
ARRIESGADO,271,147.566873920519
ARRIESGADO,272,156.36634644601864
ARRIESGADO,273,133.2259239720864
ARRIESGADO,274,145.0987129718451
ARRIESGADO,275,129.73046647436482
ARRIESGADO,276,126.57264963514005
ARRIESGADO,277,91.83327983644892
ARRIESGADO,278,141.99668799037016
ARRIESGADO,279,110.7718176915341
ARRIESGADO,280,148.41852708616744
ARRIESGADO,281,111.61825345820446
ARRIESGADO,282,165.8721589645755
ARRIESGADO,283,136.663097513272
ARRIESGADO,284,148.88807156126427
ARRIESGADO,285,138.43800876894338
ARRIESGADO,286,95.63157529536986
ARRIESGADO,287,101.9034427619537
ARRIESGADO,288,125.61000018992848
ARRIESGADO,289,146.2134720154678
ARRIESGADO,290,120.04000826879899
ARRIESGADO,291,133.13239105584955
ARRIESGADO,292,174.8774504873099
ARRIESGADO,293,142.24877966322396
ARRIESGADO,294,126.30444494339906
ARRIESGADO,295,125.12047761057401
ARRIESGADO,296,152.92324510086877
ARRIESGADO,297,124.22800912788416
ARRIESGADO,298,110.16775743091988
ARRIESGADO,299,157.20548739571268
ARRIESGADO,300,127.07629944880338
ARRIESGADO,301,123.41398923959295
ARRIESGADO,302,162.24974255815357
ARRIESGADO,303,93.14932263991072
ARRIESGADO,304,123.19480163987153
ARRIESGADO,305,117.52243398726561
ARRIESGADO,306,150.0599416379762
ARRIESGADO,307,151.52366428037652
ARRIESGADO,308,142.07762389790824
ARRIESGADO,309,168.34031945253312
ARRIESGADO,310,175.60000908732297
ARRIESGADO,311,122.44344890006707
ARRIESGADO,312,153.70829488101205
ARRIESGADO,313,164.766409213232
ARRIESGADO,314,116.48443145564619
ARRIESGADO,315,172.43228924476466
ARRIESGADO,316,152.06599190528985
ARRIESGADO,317,177.44668573840946
ARRIESGADO,318,123.53198700947878
ARRIESGADO,319,147.0832203273244
ARRIESGADO,320,155.45454320746626
ARRIESGADO,321,117.27955944808153
ARRIESGADO,322,135.8026782017932
ARRIESGADO,323,120.43177405258324
ARRIESGADO,324,136.12415538884065
ARRIESGADO,325,127.94905286795161
ARRIESGADO,326,139.32121819030246
ARRIESGADO,327,180.98659840748047
ARRIESGADO,328,140.98874156068607
ARRIESGADO,329,165.88263893916331
ARRIESGADO,330,106.44770480583588
ARRIESGADO,331,126.28339069290114
ARRIESGADO,332,162.72801920143246
ARRIESGADO,333,152.55516626559736
ARRIESGADO,334,179.2523333435455
ARRIESGADO,335,145.17656453545388
ARRIESGADO,336,161.88843961193595
ARRIESGADO,337,106.33096681445653
ARRIESGADO,338,172.95681292580377
ARRIESGADO,339,119.45559389925864
ARRIESGADO,340,112.13649406919994
ARRIESGADO,341,158.75693555175857
ARRIESGADO,342,174.49666026300784
ARRIESGADO,343,122.00610676351451
ARRIESGADO,344,150.09922902048424
ARRIESGADO,345,180.09855555822287
ARRIESGADO,346,119.84647401497999
ARRIESGADO,347,144.65976284434524
ARRIESGADO,348,136.73918569143902
ARRIESGADO,349,142.9537039919389
ARRIESGADO,350,101.19567122713052
ARRIESGADO,351,132.32401018967118
ARRIESGADO,352,125.64263054947449
ARRIESGADO,353,109.94064712048814
ARRIESGADO,354,133.9362345550816
ARRIESGADO,355,116.88437855654975
ARRIESGADO,356,130.71059836404402
ARRIESGADO,357,173.82716082147246
ARRIESGADO,358,151.67086660988844
ARRIESGADO,359,159.3492519140002
ARRIESGADO,360,116.77209848654218
ARRIESGADO,361,120.59268187385122
ARRIESGADO,362,164.09767948283408
ARRIESGADO,363,139.6393005087647
ARRIESGADO,364,150.88186060806146
ARRIESGADO,365,107.5314950378456
ARRIESGADO,366,180.44671656609682
ARRIESGADO,367,126.73561116904453
ARRIESGADO,368,157.3966291720729
ARRIESGADO,369,174.6620224143901
ARRIESGADO,370,173.37321410390706
ARRIESGADO,371,167.19842131949508
ARRIESGADO,372,166.69846461192222
ARRIESGADO,373,102.56547591713459
ARRIESGADO,374,115.31985574399111
ARRIESGADO,375,98.32216247851049
ARRIESGADO,376,130.0724655092735
ARRIESGADO,377,137.74440522770763
ARRIESGADO,378,160.45117034621862
ARRIESGADO,379,155.39448555295473
ARRIESGADO,380,149.37322460964762
ARRIESGADO,381,144.2246381585525
ARRIESGADO,382,178.46560937803505
ARRIESGADO,383,150.10131253569645
ARRIESGADO,384,175.92396839392248
ARRIESGADO,385,151.5452979173703
ARRIESGADO,386,141.5033600301469
ARRIESGADO,387,151.43906084805724
ARRIESGADO,388,145.53558916985958
ARRIESGADO,389,151.3511817951252
ARRIESGADO,390,166.85984431301284
ARRIESGADO,391,130.2399509302937
ARRIESGADO,392,106.02388896508302
ARRIESGADO,393,128.54615654057224
ARRIESGADO,394,156.18774033337925
ARRIESGADO,395,179.31087917533148
ARRIESGADO,396,181.489513121532
ARRIESGADO,397,124.61584454307885
ARRIESGADO,398,111.45869018880296
ARRIESGADO,399,77.97476830713859
ARRIESGADO,400,144.85601721354047
ARRIESGADO,401,109.87378815017375
ARRIESGADO,402,95.58042476097837
ARRIESGADO,403,121.04323158257263
ARRIESGADO,404,109.1340868172781
ARRIESGADO,405,157.9803390769984
ARRIESGADO,406,141.20889573462108
ARRIESGADO,407,122.2123140889437
ARRIESGADO,408,190.87862754944678
ARRIESGADO,409,147.78608583643083
ARRIESGADO,410,166.30829432301795
ARRIESGADO,411,140.78914460378485
ARRIESGADO,412,125.54843037982756
ARRIESGADO,413,148.8275893517641
ARRIESGADO,414,138.42740196109312
ARRIESGADO,415,170.40697643664186
ARRIESGADO,416,125.83867660824447
ARRIESGADO,417,144.27494995955826
ARRIESGADO,418,101.51274207841978
ARRIESGADO,419,127.12616467119726
ARRIESGADO,420,155.68132042254067
ARRIESGADO,421,145.73561348615718
ARRIESGADO,422,169.10830000462985
ARRIESGADO,423,168.542988918602
ARRIESGADO,424,143.45909805272143
ARRIESGADO,425,127.14034053001392
ARRIESGADO,426,145.86490509658864
ARRIESGADO,427,164.09766043217743
ARRIESGADO,428,123.50212697499693
ARRIESGADO,429,154.15750219092263
ARRIESGADO,430,112.75214668427827
ARRIESGADO,431,141.34205335063362
ARRIESGADO,432,115.87160967187158
ARRIESGADO,433,128.09845656030646
ARRIESGADO,434,139.82373800043473
ARRIESGADO,435,168.61045661898004
ARRIESGADO,436,102.6616889379247
ARRIESGADO,437,147.21987323472516
ARRIESGADO,438,153.27199204312038
ARRIESGADO,439,172.57158627142914
ARRIESGADO,440,157.8264201596054
ARRIESGADO,441,157.21892967874294
ARRIESGADO,442,136.0794752033639
ARRIESGADO,443,115.60649491728701
ARRIESGADO,444,122.51038418019854
ARRIESGADO,445,133.8507196022217
ARRIESGADO,446,174.68391956249172
ARRIESGADO,447,125.17695541202943
ARRIESGADO,448,109.60092950358239
ARRIESGADO,449,148.09644534070094
ARRIESGADO,450,120.1846946063404
ARRIESGADO,451,168.03352272156997
ARRIESGADO,452,133.27651075136376
ARRIESGADO,453,154.398519010221
ARRIESGADO,454,138.3887571255459
ARRIESGADO,455,134.1189307107115
ARRIESGADO,456,126.25789949368345
ARRIESGADO,457,106.18795968973666
ARRIESGADO,458,122.72501750744729
ARRIESGADO,459,175.1117785589044
ARRIESGADO,460,145.90618204297164
ARRIESGADO,461,131.19904987883345
ARRIESGADO,462,153.93886927765251
ARRIESGADO,463,114.53349636286538
ARRIESGADO,464,112.43005418383534
ARRIESGADO,465,177.8536014935248
ARRIESGADO,466,132.6592914142817
ARRIESGADO,467,143.21150609213794
ARRIESGADO,468,154.81907371927736
ARRIESGADO,469,114.18685877694055
ARRIESGADO,470,112.41315379469346
ARRIESGADO,471,109.14566148350883
ARRIESGADO,472,159.09639713694432
ARRIESGADO,473,181.8088314412231
ARRIESGADO,474,94.96337888755073
ARRIESGADO,475,96.69823411187772
ARRIESGADO,476,168.44279858601743
ARRIESGADO,477,130.68463222379995
ARRIESGADO,478,115.92835809093845
ARRIESGADO,479,165.92123798446815
ARRIESGADO,480,130.4120832390161
ARRIESGADO,481,187.8753279054345
ARRIESGADO,482,172.79736812841227
ARRIESGADO,483,135.60903298344653
ARRIESGADO,484,144.2408762094836
ARRIESGADO,485,159.25987695762421
ARRIESGADO,486,147.26508974009982
ARRIESGADO,487,180.4269834919627
ARRIESGADO,488,110.72659047321248
ARRIESGADO,489,123.50675482967716
ARRIESGADO,490,115.75629907074781
ARRIESGADO,491,136.5557907708957
ARRIESGADO,492,171.46187130125787
ARRIESGADO,493,119.15575165613402
ARRIESGADO,494,123.3066546375736
ARRIESGADO,495,152.49341290217447
ARRIESGADO,496,127.08039803898347
ARRIESGADO,497,134.2093561509736
ARRIESGADO,498,170.40714852214836
ARRIESGADO,499,130.81358613973256
ARRIESGADO,500,132.12252785402023
ARRIESGADO,501,153.1276992157428
ARRIESGADO,502,162.33131737089136
ARRIESGADO,503,177.655684202478
ARRIESGADO,504,124.53647818397947
ARRIESGADO,505,122.3452011498618
ARRIESGADO,506,172.73174981861965
ARRIESGADO,507,132.19437466581914
ARRIESGADO,508,164.37865340911756
ARRIESGADO,509,137.90656697038347
ARRIESGADO,510,120.6346019605002
ARRIESGADO,511,115.87378322682436
ARRIESGADO,512,89.9542139390803
ARRIESGADO,513,140.7104106789669
ARRIESGADO,514,157.00652695896633
ARRIESGADO,515,151.3094044218959
ARRIESGADO,516,178.61000754516948
ARRIESGADO,517,157.26694830627693
ARRIESGADO,518,105.39720041699373
ARRIESGADO,519,141.41119838133307
ARRIESGADO,520,121.86216790786841
ARRIESGADO,521,190.73357462841952
ARRIESGADO,522,125.79473022850729
ARRIESGADO,523,179.53853820526155
ARRIESGADO,524,130.18784727116537
ARRIESGADO,525,163.1965887469732
ARRIESGADO,526,119.83885385833642
ARRIESGADO,527,169.00425162470287
ARRIESGADO,528,127.36076850555101
ARRIESGADO,529,133.83107387932736
ARRIESGADO,530,153.4479226505684
ARRIESGADO,531,127.46798616179642
ARRIESGADO,532,146.85913562249368
ARRIESGADO,533,98.19202854729038
ARRIESGADO,534,149.1811588437757
ARRIESGADO,535,144.09605788279956
ARRIESGADO,536,126.6358331182014
ARRIESGADO,537,124.54936439560905
ARRIESGADO,538,151.858958698003
ARRIESGADO,539,104.73027885230627
ARRIESGADO,540,145.14056074361153
ARRIESGADO,541,132.3569413037214
ARRIESGADO,542,102.62717484542335
ARRIESGADO,543,110.88511809941718
ARRIESGADO,544,201.81013898992606
ARRIESGADO,545,99.54666964633182
ARRIESGADO,546,148.13020594160417
ARRIESGADO,547,140.5493774614169
ARRIESGADO,548,122.72602358603724
ARRIESGADO,549,122.44229476845267
ARRIESGADO,550,137.96505620681245
ARRIESGADO,551,144.65672167470132
ARRIESGADO,552,102.49065568780733
ARRIESGADO,553,146.04109660710702
ARRIESGADO,554,161.62978416733057
ARRIESGADO,555,141.89725601455334
ARRIESGADO,556,156.17744280551952
ARRIESGADO,557,149.8669472650802
ARRIESGADO,558,156.68973631580394
ARRIESGADO,559,134.75552183350462
ARRIESGADO,560,163.29400665626105
ARRIESGADO,561,146.38224784059693
ARRIESGADO,562,123.70931701547447
ARRIESGADO,563,141.4119231844434
ARRIESGADO,564,128.6173053572046
ARRIESGADO,565,183.87097707350844
ARRIESGADO,566,116.81376912382596
ARRIESGADO,567,125.7556347145059
ARRIESGADO,568,112.41857419093057
ARRIESGADO,569,140.06641074590976
ARRIESGADO,570,92.15070653250453
ARRIESGADO,571,134.26829523125187
ARRIESGADO,572,109.41013508697014
ARRIESGADO,573,137.2352989705427
ARRIESGADO,574,124.34040272179938
ARRIESGADO,575,123.50186436148678
ARRIESGADO,576,101.82109605723298
ARRIESGADO,577,114.49690501630086
ARRIESGADO,578,134.17188340973928
ARRIESGADO,579,137.0156555365094
ARRIESGADO,580,104.42603001000197
ARRIESGADO,581,130.807356315585
ARRIESGADO,582,174.2179232557132
ARRIESGADO,583,144.30647373163225
ARRIESGADO,584,112.63351207363408
ARRIESGADO,585,134.91355998367567
ARRIESGADO,586,106.74870198517404
ARRIESGADO,587,159.51846473161143
ARRIESGADO,588,128.06596714000662
ARRIESGADO,589,128.10930311902587
ARRIESGADO,590,124.81717934602024
ARRIESGADO,591,111.78837018866304
ARRIESGADO,592,113.2042190467993
ARRIESGADO,593,107.36422201547352
ARRIESGADO,594,185.85103418778039
ARRIESGADO,595,147.08385295369672
ARRIESGADO,596,146.0016795744421
ARRIESGADO,597,171.05123775442885
ARRIESGADO,598,126.68306926663483
ARRIESGADO,599,134.82081687112034
ARRIESGADO,600,107.82677126558335
ARRIESGADO,601,154.06683268978531
ARRIESGADO,602,151.0565371400035
ARRIESGADO,603,121.6056242194089
ARRIESGADO,604,103.56632909044224
ARRIESGADO,605,180.88057210409335
ARRIESGADO,606,128.61187458769672
ARRIESGADO,607,148.61400519673788
ARRIESGADO,608,98.78849542726782
ARRIESGADO,609,163.89873344324835
ARRIESGADO,610,153.72447907348393
ARRIESGADO,611,95.9751254933728
ARRIESGADO,612,109.83133012144594
ARRIESGADO,613,128.05241045258833
ARRIESGADO,614,120.26785235537866
ARRIESGADO,615,159.44285011718662
ARRIESGADO,616,171.54436248617102
ARRIESGADO,617,122.76860945952933
ARRIESGADO,618,127.80619621195683
ARRIESGADO,619,154.35033296827112
ARRIESGADO,620,150.50028863757916
ARRIESGADO,621,126.08395664872332
ARRIESGADO,622,152.61650475665522
ARRIESGADO,623,170.7363223657166
ARRIESGADO,624,163.22200851026946
ARRIESGADO,625,131.21520503172115
ARRIESGADO,626,140.2867562449945
ARRIESGADO,627,146.75948704373218
ARRIESGADO,628,146.8342504470327
ARRIESGADO,629,128.8186677045077
ARRIESGADO,630,146.08214835138315
ARRIESGADO,631,126.87818585738472
ARRIESGADO,632,118.68337988887342
ARRIESGADO,633,140.1357691271531
ARRIESGADO,634,100.83591559121223
ARRIESGADO,635,162.56295331844896
ARRIESGADO,636,134.42058357722186
ARRIESGADO,637,138.14910492944722
ARRIESGADO,638,161.21173014978734
ARRIESGADO,639,159.58786222041513
ARRIESGADO,640,150.1525189564985
ARRIESGADO,641,138.94813855654607
ARRIESGADO,642,177.6793834873957
ARRIESGADO,643,186.42906115619144
ARRIESGADO,644,153.74125107815902
ARRIESGADO,645,94.16211183750849
ARRIESGADO,646,130.69027503373874
ARRIESGADO,647,199.0023724232774
ARRIESGADO,648,162.62848651200792
ARRIESGADO,649,178.64421435801776
ARRIESGADO,650,147.22716888699313
ARRIESGADO,651,129.93021776013452
ARRIESGADO,652,122.56822909644222
ARRIESGADO,653,125.4661713067334
ARRIESGADO,654,153.0731333532244
ARRIESGADO,655,113.96246251855479
ARRIESGADO,656,159.9114362165124
ARRIESGADO,657,135.85973573447671
ARRIESGADO,658,123.56858288689776
ARRIESGADO,659,145.21014368308613
ARRIESGADO,660,90.28838184879532
ARRIESGADO,661,156.8643489525362
ARRIESGADO,662,143.55817017527463
ARRIESGADO,663,144.0040689829768
ARRIESGADO,664,161.56696515982176
ARRIESGADO,665,114.73511223466241
ARRIESGADO,666,119.07040530064678
ARRIESGADO,667,217.2891311249386
ARRIESGADO,668,157.54953284543703
ARRIESGADO,669,136.66699167770958
ARRIESGADO,670,160.39557458288846
ARRIESGADO,671,147.86577824279328
ARRIESGADO,672,135.40747726868284
ARRIESGADO,673,155.2027442528684
ARRIESGADO,674,150.03024939438302
ARRIESGADO,675,170.51710519816868
ARRIESGADO,676,107.62064034362432
ARRIESGADO,677,125.49100144000026
ARRIESGADO,678,108.98538681575607
ARRIESGADO,679,146.39164612601095
ARRIESGADO,680,148.40944438998247
ARRIESGADO,681,158.8875593681757
ARRIESGADO,682,114.96152728706392
ARRIESGADO,683,144.45990721547685
ARRIESGADO,684,152.69083911362088
ARRIESGADO,685,115.1393458151226
ARRIESGADO,686,118.05544404662574
ARRIESGADO,687,117.02964246933414
ARRIESGADO,688,112.7848359277014
ARRIESGADO,689,126.19813964370513
ARRIESGADO,690,140.04276580755365
ARRIESGADO,691,122.67061644305855
ARRIESGADO,692,134.82370395767137
ARRIESGADO,693,146.0944424665221
ARRIESGADO,694,97.00099785841284
ARRIESGADO,695,139.05526995567837
ARRIESGADO,696,111.97187055604748
ARRIESGADO,697,189.21216250330392
ARRIESGADO,698,106.63293272217231
ARRIESGADO,699,137.78664323540198
ARRIESGADO,700,135.792927317818
ARRIESGADO,701,156.20367180236303
ARRIESGADO,702,124.4863771023534
ARRIESGADO,703,111.8111032287239
ARRIESGADO,704,135.02771476526243
ARRIESGADO,705,136.598560947519
ARRIESGADO,706,144.09555242872
ARRIESGADO,707,154.24809233462872
ARRIESGADO,708,114.96533245417586
ARRIESGADO,709,143.42034960154047
ARRIESGADO,710,152.3727301560724
ARRIESGADO,711,187.15217132872144
ARRIESGADO,712,149.37946657299128
ARRIESGADO,713,148.68625420074721
ARRIESGADO,714,148.33364501803746
ARRIESGADO,715,112.86354711478923
ARRIESGADO,716,140.50406162223038
ARRIESGADO,717,138.58453454550553
ARRIESGADO,718,177.51959312618942
ARRIESGADO,719,135.92527166727348
ARRIESGADO,720,122.5944715997625
ARRIESGADO,721,141.00468781901887
ARRIESGADO,722,127.68747206350528
ARRIESGADO,723,142.02823583638036
ARRIESGADO,724,128.98869732219296
ARRIESGADO,725,145.6879303482491
ARRIESGADO,726,132.8825715004696
ARRIESGADO,727,153.91548931934688
ARRIESGADO,728,149.41835204319614
ARRIESGADO,729,128.23052590084177
ARRIESGADO,730,130.79565808202193
ARRIESGADO,731,181.5095723021511
ARRIESGADO,732,125.74700246758235
ARRIESGADO,733,158.71350526527996
ARRIESGADO,734,142.18289145564916
ARRIESGADO,735,135.4812670837635
ARRIESGADO,736,146.04124160828508
ARRIESGADO,737,115.5765482450034
ARRIESGADO,738,112.79516048555956
ARRIESGADO,739,161.95727842098043
ARRIESGADO,740,122.6000570461795
ARRIESGADO,741,109.46034469889673
ARRIESGADO,742,154.54010141155476
ARRIESGADO,743,160.77154212167858
ARRIESGADO,744,147.57294540069086
ARRIESGADO,745,149.93757245037676
ARRIESGADO,746,131.97760784320437
ARRIESGADO,747,139.39723046920057
ARRIESGADO,748,178.5334385774834
ARRIESGADO,749,182.3356641143314
ARRIESGADO,750,122.69326727579892
ARRIESGADO,751,144.25385334863765
ARRIESGADO,752,88.62466620763715
ARRIESGADO,753,130.05174741385605
ARRIESGADO,754,144.1428399562756
ARRIESGADO,755,116.66848431666793
ARRIESGADO,756,120.4879315669119
ARRIESGADO,757,151.29748366293273
ARRIESGADO,758,168.2597285514113
ARRIESGADO,759,153.98144292814243
ARRIESGADO,760,131.38735031866904
ARRIESGADO,761,171.20456888150358
ARRIESGADO,762,142.33852496724208
ARRIESGADO,763,137.52799866724638
ARRIESGADO,764,155.84348005627245
ARRIESGADO,765,143.82842983414116
ARRIESGADO,766,158.15168963653218
ARRIESGADO,767,151.5418819316931
ARRIESGADO,768,133.13709998426933
ARRIESGADO,769,147.03246120064074
ARRIESGADO,770,119.94840910841316
ARRIESGADO,771,147.6835532609336
ARRIESGADO,772,111.88037949948753
ARRIESGADO,773,109.67046995096827
ARRIESGADO,774,148.49909220687726
ARRIESGADO,775,171.2040884775755
ARRIESGADO,776,84.15207519981395
ARRIESGADO,777,140.0470402261744
ARRIESGADO,778,126.46291804817436
ARRIESGADO,779,124.75737998104486
ARRIESGADO,780,156.21470093683428
ARRIESGADO,781,165.8894214002983
ARRIESGADO,782,120.65269471518782
ARRIESGADO,783,105.84119031018643
ARRIESGADO,784,135.75058625776538
ARRIESGADO,785,128.00278270694542
ARRIESGADO,786,137.80150532350208
ARRIESGADO,787,127.86445175037858
ARRIESGADO,788,147.52707718443756
ARRIESGADO,789,132.3477846908046
ARRIESGADO,790,145.04285963594592
ARRIESGADO,791,149.58448374844914
ARRIESGADO,792,133.1064438379921
ARRIESGADO,793,140.93225358457303
ARRIESGADO,794,131.69948245216435
ARRIESGADO,795,144.88742914168517
ARRIESGADO,796,108.07108558225721
ARRIESGADO,797,154.54179575303445
ARRIESGADO,798,109.94579930051553
ARRIESGADO,799,145.97184015996035
ARRIESGADO,800,100.85149200957211
ARRIESGADO,801,143.00333576634745
ARRIESGADO,802,143.630835549392
ARRIESGADO,803,151.44925525922008
ARRIESGADO,804,146.77853455575752
ARRIESGADO,805,134.73831852528562
ARRIESGADO,806,155.73022950255228
ARRIESGADO,807,108.42223162962155
ARRIESGADO,808,149.84008655120442
ARRIESGADO,809,114.19535547959563
ARRIESGADO,810,138.17720190877077
ARRIESGADO,811,112.39755528838069
ARRIESGADO,812,108.0035839141393
ARRIESGADO,813,128.00614993997203
ARRIESGADO,814,118.569156458152
ARRIESGADO,815,159.28004065511354
ARRIESGADO,816,175.9746770459881
ARRIESGADO,817,114.03110818704286
ARRIESGADO,818,175.56060409458075
ARRIESGADO,819,166.3415590737817
ARRIESGADO,820,160.42357994848328
ARRIESGADO,821,171.46282817393734
ARRIESGADO,822,151.20644104598486
ARRIESGADO,823,133.19160810797445
ARRIESGADO,824,155.53945692865656
ARRIESGADO,825,140.81314848825062
ARRIESGADO,826,147.50522137477773
ARRIESGADO,827,154.3132228026512
ARRIESGADO,828,155.93067934970213
ARRIESGADO,829,155.17175360094421
ARRIESGADO,830,140.53786890041238
ARRIESGADO,831,108.21170195441363
ARRIESGADO,832,146.4474091423929
ARRIESGADO,833,160.82368385465747
ARRIESGADO,834,122.85977266546284
ARRIESGADO,835,160.6437394305125
ARRIESGADO,836,123.09953397376997
ARRIESGADO,837,134.18438178042464
ARRIESGADO,838,123.21475340443314
ARRIESGADO,839,124.68305584217943
ARRIESGADO,840,188.876052149765
ARRIESGADO,841,87.393891890619
ARRIESGADO,842,121.82428063659658
ARRIESGADO,843,163.48465663020866
ARRIESGADO,844,129.7852605207379
ARRIESGADO,845,106.69584917724329
ARRIESGADO,846,169.5967408403801
ARRIESGADO,847,148.95455595147254
ARRIESGADO,848,137.17233378962882
ARRIESGADO,849,155.70161610924723
ARRIESGADO,850,164.26146360352496
ARRIESGADO,851,171.74964610177943
ARRIESGADO,852,147.41212610190547
ARRIESGADO,853,150.13500590801866
ARRIESGADO,854,106.17452469616966
ARRIESGADO,855,123.7797131986144
ARRIESGADO,856,141.66433845804275
ARRIESGADO,857,107.79361851070365
ARRIESGADO,858,133.51256139636325
ARRIESGADO,859,107.69832217152059
ARRIESGADO,860,196.3574300198619
ARRIESGADO,861,155.48955262087873
ARRIESGADO,862,129.69321109721417
ARRIESGADO,863,114.97491283387032
ARRIESGADO,864,94.59640999913312
ARRIESGADO,865,146.11374925001078
ARRIESGADO,866,163.4392903654764
ARRIESGADO,867,142.89438610466124
ARRIESGADO,868,149.46992750295323
ARRIESGADO,869,162.21850972199425
ARRIESGADO,870,109.54023728817245
ARRIESGADO,871,147.89148454860424
ARRIESGADO,872,150.9420785825848
ARRIESGADO,873,145.54579889186073
ARRIESGADO,874,133.61737147117796
ARRIESGADO,875,154.8490525317451
ARRIESGADO,876,159.74969507952292
ARRIESGADO,877,169.94815527159773
ARRIESGADO,878,125.9249426012103
ARRIESGADO,879,121.39037015306778
ARRIESGADO,880,138.6943541609396
ARRIESGADO,881,135.93823698861056
ARRIESGADO,882,119.57694922971183
ARRIESGADO,883,170.7435567344338
ARRIESGADO,884,141.05951900744626
ARRIESGADO,885,132.1922763273117
ARRIESGADO,886,143.30825490609254
ARRIESGADO,887,146.95515385338814
ARRIESGADO,888,128.59287363980528
ARRIESGADO,889,126.09669056536859
ARRIESGADO,890,137.34032563550954
ARRIESGADO,891,133.21054682845585
ARRIESGADO,892,125.1574531078463
ARRIESGADO,893,107.95056667808524
ARRIESGADO,894,167.69047581547565
ARRIESGADO,895,106.4515644450408
ARRIESGADO,896,131.2215227807938
ARRIESGADO,897,164.33159566706414
ARRIESGADO,898,144.93374292215432
ARRIESGADO,899,152.0751402556859
ARRIESGADO,900,134.49368692846835
ARRIESGADO,901,164.0396866937992
ARRIESGADO,902,176.6629343248764
ARRIESGADO,903,131.42180775714039
ARRIESGADO,904,133.33155626671012
ARRIESGADO,905,135.24221595324445
ARRIESGADO,906,116.33051700600197
ARRIESGADO,907,97.76537349069436
ARRIESGADO,908,135.16291904769216
ARRIESGADO,909,152.82092045427427
ARRIESGADO,910,181.71968730104433
ARRIESGADO,911,148.62197135599786
ARRIESGADO,912,121.62021504236142
ARRIESGADO,913,161.96677658554435
ARRIESGADO,914,146.37906766135063
ARRIESGADO,915,99.55544309202115
ARRIESGADO,916,165.97464333885262
ARRIESGADO,917,189.26276565499734
ARRIESGADO,918,107.73832402935375
ARRIESGADO,919,167.60149305359536
ARRIESGADO,920,131.18154320845642
ARRIESGADO,921,158.96524178736996
ARRIESGADO,922,106.4884633684823
ARRIESGADO,923,143.02240273567887
ARRIESGADO,924,148.2581777515195
ARRIESGADO,925,131.31143228024607
ARRIESGADO,926,115.6165820897879
ARRIESGADO,927,137.323268544093
ARRIESGADO,928,138.6175830621607
ARRIESGADO,929,171.59078788903048
ARRIESGADO,930,160.71111348904867
ARRIESGADO,931,146.2890858425119
ARRIESGADO,932,153.29114265331077
ARRIESGADO,933,149.26366289822167
ARRIESGADO,934,116.2957516038321
ARRIESGADO,935,134.4802870116347
ARRIESGADO,936,174.40997006397484
ARRIESGADO,937,149.8904797043247
ARRIESGADO,938,122.66824259838835
ARRIESGADO,939,135.63870832317264
ARRIESGADO,940,138.18027150213263
ARRIESGADO,941,152.99540041996323
ARRIESGADO,942,114.82050433341875
ARRIESGADO,943,117.6719290237807
ARRIESGADO,944,117.83039534097945
ARRIESGADO,945,206.0893692878841
ARRIESGADO,946,143.74229051444186
ARRIESGADO,947,129.00763350821185
ARRIESGADO,948,152.46998126621858
ARRIESGADO,949,93.56545987744052
ARRIESGADO,950,113.64150931417132
ARRIESGADO,951,144.4682319237238
ARRIESGADO,952,78.47215349873588
ARRIESGADO,953,114.68101040313012
ARRIESGADO,954,95.99283393152841
ARRIESGADO,955,136.61998352184327
ARRIESGADO,956,154.14856481796116
ARRIESGADO,957,124.34438092204303
ARRIESGADO,958,128.8671043139682
ARRIESGADO,959,137.08427383923063
ARRIESGADO,960,143.0035850845947
ARRIESGADO,961,154.33697970347265
ARRIESGADO,962,88.61440729655797
ARRIESGADO,963,142.69889680224048
ARRIESGADO,964,146.07560124133323
ARRIESGADO,965,125.95394121573354
ARRIESGADO,966,116.77367309173911
ARRIESGADO,967,154.06216514479095
ARRIESGADO,968,113.49511268277075
ARRIESGADO,969,160.15870992968755
ARRIESGADO,970,134.77698336589194
ARRIESGADO,971,129.98064885189723
ARRIESGADO,972,117.3034643093936
ARRIESGADO,973,164.43432622959287
ARRIESGADO,974,170.28101338442073
ARRIESGADO,975,157.2356233548265
ARRIESGADO,976,138.26348481572052
ARRIESGADO,977,149.67289848840218
ARRIESGADO,978,145.98101893309573
ARRIESGADO,979,116.77517970164787
ARRIESGADO,980,106.47477200752786
ARRIESGADO,981,137.10564202991083
ARRIESGADO,982,158.04851671425942
ARRIESGADO,983,99.6394417388905
ARRIESGADO,984,114.47319905474808
ARRIESGADO,985,148.54953554962353
ARRIESGADO,986,141.71583382469217
ARRIESGADO,987,117.09328131865648
ARRIESGADO,988,168.528001724475
ARRIESGADO,989,94.74297516269415
ARRIESGADO,990,147.24943636709506
ARRIESGADO,991,121.13769052435306
ARRIESGADO,992,128.0382288776592
ARRIESGADO,993,165.1914721699884
ARRIESGADO,994,108.2000160263292
ARRIESGADO,995,105.46965546726908
ARRIESGADO,996,154.19978845335396
ARRIESGADO,997,145.20371223540397
ARRIESGADO,998,187.20972074049791
ARRIESGADO,999,175.91033901263228
ARRIESGADO,1000,168.9145969382881
ARRIESGADO,1001,141.1716872499977
ARRIESGADO,1002,114.02707487825934
ARRIESGADO,1003,174.90296843949997
ARRIESGADO,1004,137.9679309388247
ARRIESGADO,1005,123.1140121954235
ARRIESGADO,1006,200.707078689339
ARRIESGADO,1007,127.19307029966764
ARRIESGADO,1008,186.93949788010997
ARRIESGADO,1009,157.83074193448152
ARRIESGADO,1010,129.24792144840535
ARRIESGADO,1011,159.41156386481754
ARRIESGADO,1012,122.10977958820708
ARRIESGADO,1013,124.5075697683375
ARRIESGADO,1014,135.52335652861316
ARRIESGADO,1015,135.9215377335857
ARRIESGADO,1016,120.57456013686758
ARRIESGADO,1017,127.05994349487366
ARRIESGADO,1018,143.8903746687197
ARRIESGADO,1019,157.6930291125525
ARRIESGADO,1020,137.05390325177208
ARRIESGADO,1021,161.8585933932963
ARRIESGADO,1022,139.50586225846592
ARRIESGADO,1023,177.33737722547716
ARRIESGADO,1024,113.20256629613125
ARRIESGADO,1025,158.61467204426202
ARRIESGADO,1026,154.76827648109713
ARRIESGADO,1027,166.320213961538
ARRIESGADO,1028,145.9542877387602
ARRIESGADO,1029,141.50380923201317
ARRIESGADO,1030,114.05179139290524
ARRIESGADO,1031,110.94887160203531
ARRIESGADO,1032,110.38325682370403
ARRIESGADO,1033,136.55358951374208
ARRIESGADO,1034,165.06943760485075
ARRIESGADO,1035,141.3231090073623
ARRIESGADO,1036,191.34160178288835
ARRIESGADO,1037,150.68922686901405
ARRIESGADO,1038,97.2323979995793
ARRIESGADO,1039,144.35603711679377
ARRIESGADO,1040,156.76794295454542
ARRIESGADO,1041,156.87986556337788
ARRIESGADO,1042,150.01002918372475
ARRIESGADO,1043,167.63230434996282
ARRIESGADO,1044,141.78183508978287
ARRIESGADO,1045,120.84417402997246
ARRIESGADO,1046,125.62215601962012
ARRIESGADO,1047,165.09351404469942
ARRIESGADO,1048,112.63536522558083
ARRIESGADO,1049,174.34948011505108
ARRIESGADO,1050,147.89463362849554
ARRIESGADO,1051,140.36304239757132
ARRIESGADO,1052,136.21239399076575
ARRIESGADO,1053,113.69814208561746
ARRIESGADO,1054,158.95707586924874
ARRIESGADO,1055,164.75156927855485
ARRIESGADO,1056,177.24063099053296
ARRIESGADO,1057,172.08476432389196
ARRIESGADO,1058,124.59567888902194
ARRIESGADO,1059,154.64997492192234
ARRIESGADO,1060,94.21342077840471
ARRIESGADO,1061,150.94519875281998
ARRIESGADO,1062,150.71890592762762
ARRIESGADO,1063,150.1524027839018
ARRIESGADO,1064,135.4841375064916
ARRIESGADO,1065,132.0010964521482
ARRIESGADO,1066,147.2632791575844
ARRIESGADO,1067,143.45921854017763
ARRIESGADO,1068,138.8564657766363
ARRIESGADO,1069,152.30453578422592
ARRIESGADO,1070,172.55085724117544
ARRIESGADO,1071,172.39001201867458
ARRIESGADO,1072,121.8879031317087
ARRIESGADO,1073,138.98183444126198
ARRIESGADO,1074,159.690354192452
ARRIESGADO,1075,152.6352364154768
ARRIESGADO,1076,185.47271891572979
ARRIESGADO,1077,111.74697135475321
ARRIESGADO,1078,172.2748313406175
ARRIESGADO,1079,112.26917744239817
ARRIESGADO,1080,153.66952087323713
ARRIESGADO,1081,137.97266385940856
ARRIESGADO,1082,143.48653818636248
ARRIESGADO,1083,145.26469347443404
ARRIESGADO,1084,111.23027173889646
ARRIESGADO,1085,120.76241605944203
ARRIESGADO,1086,128.5586672652622
ARRIESGADO,1087,167.6676119267546
ARRIESGADO,1088,152.61527078247144
ARRIESGADO,1089,124.22824352412755
ARRIESGADO,1090,162.32822248410454
ARRIESGADO,1091,119.00714545457843
ARRIESGADO,1092,137.81287467675986
ARRIESGADO,1093,132.25833217211382
ARRIESGADO,1094,138.93526710348323
ARRIESGADO,1095,179.33669743067307
ARRIESGADO,1096,163.81100766992847
ARRIESGADO,1097,155.73623440132002
ARRIESGADO,1098,151.20069482423526
ARRIESGADO,1099,151.42503164796673
ARRIESGADO,1100,179.586271159657
ARRIESGADO,1101,140.43377476508945
ARRIESGADO,1102,162.49308029332911
ARRIESGADO,1103,115.4117610286005
ARRIESGADO,1104,153.27612959929556
ARRIESGADO,1105,170.05018159751722
ARRIESGADO,1106,101.64315866531956
ARRIESGADO,1107,126.57416233230767
ARRIESGADO,1108,111.36340233646071
ARRIESGADO,1109,154.17346160040344
ARRIESGADO,1110,128.94595610106862
ARRIESGADO,1111,127.92001329933102
ARRIESGADO,1112,127.90048990802482
ARRIESGADO,1113,153.17144337556024
ARRIESGADO,1114,160.20138665610662
ARRIESGADO,1115,154.8680236315987
ARRIESGADO,1116,118.09731476300887
ARRIESGADO,1117,86.92886424634916
ARRIESGADO,1118,137.41357298971008
ARRIESGADO,1119,155.96029994488575
ARRIESGADO,1120,144.2612288326285
ARRIESGADO,1121,135.748382825284
ARRIESGADO,1122,149.54111158539376
ARRIESGADO,1123,115.59914378393995
ARRIESGADO,1124,135.2812514541005
ARRIESGADO,1125,158.83035701592306
ARRIESGADO,1126,208.43105416484823
ARRIESGADO,1127,134.205236713771
ARRIESGADO,1128,155.26314374186518
ARRIESGADO,1129,147.80820360960766
ARRIESGADO,1130,162.14497077260458
ARRIESGADO,1131,144.99574892630457
ARRIESGADO,1132,127.75933128106402
ARRIESGADO,1133,148.74576339937386
ARRIESGADO,1134,166.75978206347145
ARRIESGADO,1135,131.2211525550717
ARRIESGADO,1136,134.33144291180153
ARRIESGADO,1137,107.18196573663369
ARRIESGADO,1138,201.91951841004266
ARRIESGADO,1139,144.11169139690705
ARRIESGADO,1140,134.57711194314783
ARRIESGADO,1141,126.18849424211429
ARRIESGADO,1142,136.01041105665345
ARRIESGADO,1143,161.69570477787653
ARRIESGADO,1144,129.63875560023132
ARRIESGADO,1145,119.66453954866336
ARRIESGADO,1146,108.7266302769567
ARRIESGADO,1147,143.20712135783083
ARRIESGADO,1148,132.3304114957972
ARRIESGADO,1149,153.6786245606711
ARRIESGADO,1150,126.20872313934852
ARRIESGADO,1151,155.17069481264556
ARRIESGADO,1152,134.20225675007197
ARRIESGADO,1153,140.2583512165802
ARRIESGADO,1154,112.28045667647845
ARRIESGADO,1155,134.926308155112
ARRIESGADO,1156,129.73324775845347
ARRIESGADO,1157,149.5020467597492
ARRIESGADO,1158,152.68617607444756
ARRIESGADO,1159,151.1027987040808
ARRIESGADO,1160,151.27690491952234
ARRIESGADO,1161,133.16927396316729
ARRIESGADO,1162,181.4108661097793
ARRIESGADO,1163,139.7938267679974
ARRIESGADO,1164,126.08144540475206
ARRIESGADO,1165,137.8253168791427
ARRIESGADO,1166,143.98089290516018
ARRIESGADO,1167,122.31429628755751
ARRIESGADO,1168,103.60133062016256
ARRIESGADO,1169,128.466711870138
ARRIESGADO,1170,145.50962237532755
ARRIESGADO,1171,149.9566212055989
ARRIESGADO,1172,128.2140077009997
ARRIESGADO,1173,137.42106092562557
ARRIESGADO,1174,167.79084844147772
ARRIESGADO,1175,122.1143299900221
ARRIESGADO,1176,140.70197354220224
ARRIESGADO,1177,136.4559630645285
ARRIESGADO,1178,148.1048199423353
ARRIESGADO,1179,114.07549479517891
ARRIESGADO,1180,165.2103631038084
ARRIESGADO,1181,157.21130187302907
ARRIESGADO,1182,114.72349047108142
ARRIESGADO,1183,129.88478814361815
ARRIESGADO,1184,110.59752372200995
ARRIESGADO,1185,107.54976224632273
ARRIESGADO,1186,168.30314767740037
ARRIESGADO,1187,140.8559521321279
ARRIESGADO,1188,125.77057969356575
ARRIESGADO,1189,131.38027934898727
ARRIESGADO,1190,131.7276462831218
ARRIESGADO,1191,137.02632728030616
ARRIESGADO,1192,144.09117839236774
ARRIESGADO,1193,122.98910355236947
ARRIESGADO,1194,159.395623888692
ARRIESGADO,1195,173.24761404685708
ARRIESGADO,1196,146.80963560696947
ARRIESGADO,1197,108.45550041120943
ARRIESGADO,1198,150.1654381208529
ARRIESGADO,1199,159.2301416581855
ARRIESGADO,1200,114.12190895417687
ARRIESGADO,1201,138.94592738909517
ARRIESGADO,1202,105.8580507807265
ARRIESGADO,1203,113.78781572203496
ARRIESGADO,1204,135.53291620517595
ARRIESGADO,1205,132.99273527756992
ARRIESGADO,1206,109.98999744624135
ARRIESGADO,1207,105.98007398463834
ARRIESGADO,1208,163.78547925085022
ARRIESGADO,1209,208.40668885073813
ARRIESGADO,1210,104.24319411217586
ARRIESGADO,1211,166.28408885253978
ARRIESGADO,1212,144.38000560612508
ARRIESGADO,1213,172.18816736064625
ARRIESGADO,1214,93.0077038423806
ARRIESGADO,1215,111.43624222649035
ARRIESGADO,1216,157.62957338560005
ARRIESGADO,1217,142.6569099572817
ARRIESGADO,1218,155.08389379651723
ARRIESGADO,1219,135.3019191724905
ARRIESGADO,1220,145.36232021861082
ARRIESGADO,1221,137.13349682307575
ARRIESGADO,1222,139.73077901651158
ARRIESGADO,1223,153.05239975821067
ARRIESGADO,1224,130.56028358085481
ARRIESGADO,1225,135.28060533600575
ARRIESGADO,1226,162.89187635184035
ARRIESGADO,1227,163.8162925876189
ARRIESGADO,1228,135.69868499527163
ARRIESGADO,1229,135.47375988985104
ARRIESGADO,1230,171.11267315458213
ARRIESGADO,1231,147.0912577599275
ARRIESGADO,1232,130.14075091218808
ARRIESGADO,1233,120.21429655919786
ARRIESGADO,1234,154.02432766649477
ARRIESGADO,1235,174.92394040773024
ARRIESGADO,1236,142.22643266866925
ARRIESGADO,1237,127.13994924940934
ARRIESGADO,1238,176.9951945184088
ARRIESGADO,1239,166.53038751096824
ARRIESGADO,1240,120.53271279516306
ARRIESGADO,1241,149.52797182591402
ARRIESGADO,1242,170.33758249981742
ARRIESGADO,1243,155.1679733292509
ARRIESGADO,1244,161.50912236123602
ARRIESGADO,1245,162.4809675489473
ARRIESGADO,1246,180.34336624538668
ARRIESGADO,1247,169.45430351825019
ARRIESGADO,1248,90.79748099850353
ARRIESGADO,1249,157.59805065730026
ARRIESGADO,1250,121.85833332889146
ARRIESGADO,1251,118.61122891659025
ARRIESGADO,1252,148.1809636311116
ARRIESGADO,1253,106.6237328423456
ARRIESGADO,1254,144.5499923855303
ARRIESGADO,1255,185.67482162080034
ARRIESGADO,1256,154.20151146399738
ARRIESGADO,1257,136.65796908530973
ARRIESGADO,1258,92.11997106391779
ARRIESGADO,1259,119.88011010389044
ARRIESGADO,1260,129.66976080326947
ARRIESGADO,1261,152.98337573476277
ARRIESGADO,1262,148.28374791507076
ARRIESGADO,1263,152.23256784176488
ARRIESGADO,1264,142.91869960791257
ARRIESGADO,1265,140.25450809066044
ARRIESGADO,1266,137.05542714697057
ARRIESGADO,1267,105.53106877182124
ARRIESGADO,1268,164.45723417586342
ARRIESGADO,1269,169.94192034699242
ARRIESGADO,1270,148.75784872205398
ARRIESGADO,1271,139.2176522929456
ARRIESGADO,1272,133.14074761902822
ARRIESGADO,1273,116.97889019903101
ARRIESGADO,1274,128.4673836018966
ARRIESGADO,1275,131.80386064944943
ARRIESGADO,1276,146.11445235504203
ARRIESGADO,1277,183.443202635467
ARRIESGADO,1278,141.09333553280226
ARRIESGADO,1279,129.41988876110963
ARRIESGADO,1280,126.47113058116622
ARRIESGADO,1281,142.48098944203943
ARRIESGADO,1282,152.9460778729802
ARRIESGADO,1283,127.3468057573711
ARRIESGADO,1284,98.21021277480912
ARRIESGADO,1285,166.67605435676836
ARRIESGADO,1286,155.30378907241465
ARRIESGADO,1287,165.75910275027303
ARRIESGADO,1288,183.1531339092344
ARRIESGADO,1289,104.37122501537722
ARRIESGADO,1290,157.64423434741678
ARRIESGADO,1291,119.58155483863972
ARRIESGADO,1292,148.066132250773
ARRIESGADO,1293,141.74218422171532
ARRIESGADO,1294,134.7947218319842
ARRIESGADO,1295,113.21452936079463
ARRIESGADO,1296,169.03706714482635
ARRIESGADO,1297,115.12194865612848
ARRIESGADO,1298,92.4227020363377
ARRIESGADO,1299,140.07497445291648
ARRIESGADO,1300,126.37282280924279
ARRIESGADO,1301,132.70577594666105
ARRIESGADO,1302,127.14608628945416
ARRIESGADO,1303,175.85645725675866
ARRIESGADO,1304,151.99369512098772
ARRIESGADO,1305,149.5272554080045
ARRIESGADO,1306,166.91775804450793
ARRIESGADO,1307,130.74446748278157
ARRIESGADO,1308,158.49153711580527
ARRIESGADO,1309,123.90409136284033
ARRIESGADO,1310,114.95159154061473
ARRIESGADO,1311,140.421941947447
ARRIESGADO,1312,153.42424810106064
ARRIESGADO,1313,138.12509389671837
ARRIESGADO,1314,134.10835546505137
ARRIESGADO,1315,139.53002161153537
ARRIESGADO,1316,129.3296041816696
ARRIESGADO,1317,139.3658771853861
ARRIESGADO,1318,119.29161303156371
ARRIESGADO,1319,154.792212824405
ARRIESGADO,1320,172.10766016564196
ARRIESGADO,1321,133.6386577906072
ARRIESGADO,1322,108.83550430505537
ARRIESGADO,1323,92.45029346158188
ARRIESGADO,1324,148.82060251557644
ARRIESGADO,1325,142.87690612162552
ARRIESGADO,1326,148.13101564988008
ARRIESGADO,1327,123.44886366897263
ARRIESGADO,1328,177.27494688204436
ARRIESGADO,1329,167.27831067515248
ARRIESGADO,1330,161.69998542865443
ARRIESGADO,1331,151.29008527259685
ARRIESGADO,1332,131.87022909399786
ARRIESGADO,1333,151.42231150757158
ARRIESGADO,1334,124.97962073538395
ARRIESGADO,1335,152.27415357688807
ARRIESGADO,1336,115.66569462213556
ARRIESGADO,1337,118.93003648082734
ARRIESGADO,1338,132.59936716400682
ARRIESGADO,1339,136.65920615625024
ARRIESGADO,1340,142.55584978366798
ARRIESGADO,1341,148.30905001393242
ARRIESGADO,1342,114.3176540785069
ARRIESGADO,1343,143.24210058818704
ARRIESGADO,1344,116.91786676495164
ARRIESGADO,1345,134.85653989372733
ARRIESGADO,1346,170.52031495493807
ARRIESGADO,1347,124.170226865029
ARRIESGADO,1348,136.35623076987665
ARRIESGADO,1349,119.92580333701792
ARRIESGADO,1350,136.55025565191684
ARRIESGADO,1351,107.90728071091768
ARRIESGADO,1352,142.74596249684066
ARRIESGADO,1353,120.43970679033666
ARRIESGADO,1354,184.76461251651733
ARRIESGADO,1355,133.79649184620942
ARRIESGADO,1356,143.48992192645284
ARRIESGADO,1357,102.1978916087223
ARRIESGADO,1358,186.1925835687339
ARRIESGADO,1359,181.10817706875574
ARRIESGADO,1360,143.611573886786
ARRIESGADO,1361,127.48561607396887
ARRIESGADO,1362,127.84545699641245
ARRIESGADO,1363,121.18501464496336
ARRIESGADO,1364,181.12401875599792
ARRIESGADO,1365,148.75907872073088
ARRIESGADO,1366,157.6557036505195
ARRIESGADO,1367,155.5769643890074
ARRIESGADO,1368,117.51835980794536
ARRIESGADO,1369,140.28505403394547
ARRIESGADO,1370,117.60819124572978
ARRIESGADO,1371,130.1140809663606
ARRIESGADO,1372,153.2159162981781
ARRIESGADO,1373,129.62443025902306
ARRIESGADO,1374,125.56753964933068
ARRIESGADO,1375,118.25412701710584
ARRIESGADO,1376,147.97068805784852
ARRIESGADO,1377,130.84504803280862
ARRIESGADO,1378,112.03565603153712
ARRIESGADO,1379,115.9159447059329
ARRIESGADO,1380,127.22220307532989
ARRIESGADO,1381,87.1308372483025
ARRIESGADO,1382,137.80374784067797
ARRIESGADO,1383,143.72707536129656
ARRIESGADO,1384,135.11568337478778
ARRIESGADO,1385,111.59926615700327
ARRIESGADO,1386,104.10775447151623
ARRIESGADO,1387,130.27996594204967
ARRIESGADO,1388,123.32694381436683
ARRIESGADO,1389,128.70416527179435
ARRIESGADO,1390,131.72362154297196
ARRIESGADO,1391,135.265055772381
ARRIESGADO,1392,144.37875654169298
ARRIESGADO,1393,172.82254286406578
ARRIESGADO,1394,125.0704952933123
ARRIESGADO,1395,125.64244133859667
ARRIESGADO,1396,137.29636341679569
ARRIESGADO,1397,119.65409218361853
ARRIESGADO,1398,128.2773042275267
ARRIESGADO,1399,160.06424679145985
ARRIESGADO,1400,111.42388155047793
ARRIESGADO,1401,132.02472868059493
ARRIESGADO,1402,130.14326606932602
ARRIESGADO,1403,223.39910445815173
ARRIESGADO,1404,139.0658256378821
ARRIESGADO,1405,124.79701744800435
ARRIESGADO,1406,148.66904329018138
ARRIESGADO,1407,132.7866620750048
ARRIESGADO,1408,166.0342527006557
ARRIESGADO,1409,177.06124687651828
ARRIESGADO,1410,107.38110640909684
ARRIESGADO,1411,113.12540906458483
ARRIESGADO,1412,121.15550061101308
ARRIESGADO,1413,87.61242098459455
ARRIESGADO,1414,173.0757762792568
ARRIESGADO,1415,117.6119760460231
ARRIESGADO,1416,148.6282782773582
ARRIESGADO,1417,117.88355929553605
ARRIESGADO,1418,153.7788123405979
ARRIESGADO,1419,158.4973381944467
ARRIESGADO,1420,142.71643719875965
ARRIESGADO,1421,131.29261955734395
ARRIESGADO,1422,130.32060569103623
ARRIESGADO,1423,136.67690564591453
ARRIESGADO,1424,138.19106391565333
ARRIESGADO,1425,127.81492773439952
ARRIESGADO,1426,135.01227237148584
ARRIESGADO,1427,152.6087139726473
ARRIESGADO,1428,144.73997709150512
ARRIESGADO,1429,120.56276278956558
ARRIESGADO,1430,148.4839288690259
ARRIESGADO,1431,141.3638220327521
ARRIESGADO,1432,150.089696715057
ARRIESGADO,1433,176.5648994193396
ARRIESGADO,1434,147.28760401768608
ARRIESGADO,1435,169.6434090574331
ARRIESGADO,1436,182.75641887615024
ARRIESGADO,1437,142.11422614164962
ARRIESGADO,1438,149.52269078075943
ARRIESGADO,1439,179.2712787586212
ARRIESGADO,1440,145.14074199490733
ARRIESGADO,1441,103.30494651590945
ARRIESGADO,1442,174.96739114308886
ARRIESGADO,1443,161.02549765389807
ARRIESGADO,1444,136.87737527372957
ARRIESGADO,1445,134.62790682666338
ARRIESGADO,1446,117.69541166177196
ARRIESGADO,1447,147.12092325913702
ARRIESGADO,1448,192.75102708609063
ARRIESGADO,1449,145.55399618000703
ARRIESGADO,1450,180.12359308298463
ARRIESGADO,1451,187.31850246421246
ARRIESGADO,1452,159.1470239660135
ARRIESGADO,1453,103.73906206490508
ARRIESGADO,1454,171.69665497522982
ARRIESGADO,1455,158.9827594764607
ARRIESGADO,1456,116.9706747961532
ARRIESGADO,1457,88.01426902678156
ARRIESGADO,1458,130.14387665582092
ARRIESGADO,1459,153.09986945997366
ARRIESGADO,1460,139.30345762663887
ARRIESGADO,1461,136.2040813540525
ARRIESGADO,1462,98.71536782357349
ARRIESGADO,1463,126.45739965257884
ARRIESGADO,1464,137.135315785415
ARRIESGADO,1465,134.71837646494146
ARRIESGADO,1466,154.56862066426697
ARRIESGADO,1467,168.46023138125756
ARRIESGADO,1468,132.09024306334453
ARRIESGADO,1469,122.59038319257373
ARRIESGADO,1470,125.22334355262271
ARRIESGADO,1471,138.2720155152534
ARRIESGADO,1472,97.96040512141725
ARRIESGADO,1473,155.6869851947744
ARRIESGADO,1474,116.47410448668217
ARRIESGADO,1475,155.7278533845632
ARRIESGADO,1476,151.5466309881
ARRIESGADO,1477,154.67791835850664
ARRIESGADO,1478,134.14682663213017
ARRIESGADO,1479,130.37834241348443
ARRIESGADO,1480,160.79614355396907
ARRIESGADO,1481,142.26438491473968
ARRIESGADO,1482,161.8673356443967
ARRIESGADO,1483,160.40611303863477
ARRIESGADO,1484,132.5377906999332
ARRIESGADO,1485,170.12469500092362
ARRIESGADO,1486,173.18877789243643
ARRIESGADO,1487,171.4115719930986
ARRIESGADO,1488,165.89144343368423
ARRIESGADO,1489,113.64702566068526
ARRIESGADO,1490,173.5338703752902
ARRIESGADO,1491,156.92841109887775
ARRIESGADO,1492,166.09523991865385
ARRIESGADO,1493,127.31339808781648
ARRIESGADO,1494,146.33369510203448
ARRIESGADO,1495,113.73706960868277
ARRIESGADO,1496,113.39089656895949
ARRIESGADO,1497,119.30130238604738
ARRIESGADO,1498,133.7586087702875
ARRIESGADO,1499,144.50255245942387
ARRIESGADO,1500,140.30065016898212
ARRIESGADO,1501,99.40900349985334
ARRIESGADO,1502,138.5023384121646
ARRIESGADO,1503,127.11831551046716
ARRIESGADO,1504,141.71898642489637
ARRIESGADO,1505,102.9706976467116
ARRIESGADO,1506,147.53291505784298
ARRIESGADO,1507,132.26831912425268
ARRIESGADO,1508,153.06511312026615
ARRIESGADO,1509,137.6478161865421
ARRIESGADO,1510,133.2117846741418
ARRIESGADO,1511,111.71221336727574
ARRIESGADO,1512,148.23139056100234
ARRIESGADO,1513,128.0640203624333
ARRIESGADO,1514,143.3351299075585
ARRIESGADO,1515,168.3101907278562
ARRIESGADO,1516,143.45791031198246
ARRIESGADO,1517,123.52896143848064
ARRIESGADO,1518,152.16684012315028
ARRIESGADO,1519,108.98021010722353
ARRIESGADO,1520,159.70795895799617
ARRIESGADO,1521,163.2566886559206
ARRIESGADO,1522,174.81436476341128
ARRIESGADO,1523,168.6753709764339
ARRIESGADO,1524,169.45705179772054
ARRIESGADO,1525,115.75886286642391
ARRIESGADO,1526,193.2899772489637
ARRIESGADO,1527,139.29841977528483
ARRIESGADO,1528,114.938316423723
ARRIESGADO,1529,144.4147535930087
ARRIESGADO,1530,102.9453191622375
ARRIESGADO,1531,118.10686511725523
ARRIESGADO,1532,146.87535861845305
ARRIESGADO,1533,136.80979784280834
ARRIESGADO,1534,122.28597918686101
ARRIESGADO,1535,129.11890125354563
ARRIESGADO,1536,131.06876297554842
ARRIESGADO,1537,136.01291229105055
ARRIESGADO,1538,119.58916843896314
ARRIESGADO,1539,124.27144682023734
ARRIESGADO,1540,103.70645646027937
ARRIESGADO,1541,156.07236490780357
ARRIESGADO,1542,142.16114549304675
ARRIESGADO,1543,161.02665654683125
ARRIESGADO,1544,154.00581635643795
ARRIESGADO,1545,138.95185072362844
ARRIESGADO,1546,120.86983113367808
ARRIESGADO,1547,160.6122908382092
ARRIESGADO,1548,136.04201077975128
ARRIESGADO,1549,144.95223522699447
ARRIESGADO,1550,124.6213375553447
ARRIESGADO,1551,137.64754917357067
ARRIESGADO,1552,142.15676623953243
ARRIESGADO,1553,168.62347714699817
ARRIESGADO,1554,161.637007254733
ARRIESGADO,1555,153.63184602875378
ARRIESGADO,1556,130.84674471287977
ARRIESGADO,1557,138.792700766917
ARRIESGADO,1558,126.4376995803886
ARRIESGADO,1559,120.11746415740048
ARRIESGADO,1560,142.12794011356033
ARRIESGADO,1561,156.52601542823632
ARRIESGADO,1562,155.32644118547452
ARRIESGADO,1563,176.11931960565138
ARRIESGADO,1564,158.9194925602269
ARRIESGADO,1565,130.02280017472438
ARRIESGADO,1566,125.2979054525252
ARRIESGADO,1567,104.64857373989959
ARRIESGADO,1568,174.09765811781497
ARRIESGADO,1569,130.22856491971936
ARRIESGADO,1570,105.59591895010895
ARRIESGADO,1571,140.2708942371151
ARRIESGADO,1572,110.54321466964439
ARRIESGADO,1573,136.47549248282505
ARRIESGADO,1574,133.4865340496621
ARRIESGADO,1575,151.98278132283207
ARRIESGADO,1576,97.43960267114774
ARRIESGADO,1577,110.57319132161113
ARRIESGADO,1578,157.40450325484068
ARRIESGADO,1579,92.46761187392374
ARRIESGADO,1580,143.81797199611606
ARRIESGADO,1581,162.4878603422262
ARRIESGADO,1582,118.62908099399439
ARRIESGADO,1583,115.40008022699125
ARRIESGADO,1584,157.70780592991173
ARRIESGADO,1585,136.72468523204782
ARRIESGADO,1586,129.52727082590715
ARRIESGADO,1587,165.76516490892863
ARRIESGADO,1588,115.00561947452536
ARRIESGADO,1589,158.15848427594986
ARRIESGADO,1590,155.9071234294224
ARRIESGADO,1591,143.47941861944574
ARRIESGADO,1592,149.43476185119206
ARRIESGADO,1593,144.41957505884693
ARRIESGADO,1594,148.12210317708755
ARRIESGADO,1595,134.60427658459645
ARRIESGADO,1596,131.75396872008596
ARRIESGADO,1597,120.84647063713882
ARRIESGADO,1598,173.8502122467312
ARRIESGADO,1599,193.8844678838429
ARRIESGADO,1600,173.53346804927696
ARRIESGADO,1601,170.61319637287366
ARRIESGADO,1602,202.53430352698592
ARRIESGADO,1603,157.82353839577556
ARRIESGADO,1604,132.3471958337328
ARRIESGADO,1605,152.1027206832169
ARRIESGADO,1606,107.01313155580078
ARRIESGADO,1607,162.58224295525136
ARRIESGADO,1608,152.36253757519685
ARRIESGADO,1609,98.75206864297891
ARRIESGADO,1610,155.74051152310543
ARRIESGADO,1611,127.91775611857192
ARRIESGADO,1612,133.92110813335984
ARRIESGADO,1613,133.88683431718906
ARRIESGADO,1614,87.6169529333324
ARRIESGADO,1615,148.90827136028685
ARRIESGADO,1616,139.90288601742117
ARRIESGADO,1617,112.3220496254123
ARRIESGADO,1618,117.24640891994241
ARRIESGADO,1619,164.85374427530633
ARRIESGADO,1620,123.2255151794
ARRIESGADO,1621,129.82588047769434
ARRIESGADO,1622,165.07503381581034
ARRIESGADO,1623,113.71228581884938
ARRIESGADO,1624,138.14735948751556
ARRIESGADO,1625,133.84118781629368
ARRIESGADO,1626,153.84914772548225
ARRIESGADO,1627,122.18869689326357
ARRIESGADO,1628,139.5835329662052
ARRIESGADO,1629,180.439321428816
ARRIESGADO,1630,167.41470085633873
ARRIESGADO,1631,143.90980396634234
ARRIESGADO,1632,127.55267285856169
ARRIESGADO,1633,130.31837741281944
ARRIESGADO,1634,170.11990803945915
ARRIESGADO,1635,147.4441736575778
ARRIESGADO,1636,168.26465165328557
ARRIESGADO,1637,144.69274412001374
ARRIESGADO,1638,138.62741942886592
ARRIESGADO,1639,194.17502663138112
ARRIESGADO,1640,166.2558239845338
ARRIESGADO,1641,130.46826118710118
ARRIESGADO,1642,142.20938683933952
ARRIESGADO,1643,181.54636407902947
ARRIESGADO,1644,182.77080279654444
ARRIESGADO,1645,114.90566897610091
ARRIESGADO,1646,134.58063528137725
ARRIESGADO,1647,163.22976218754184
ARRIESGADO,1648,133.55767249010663
ARRIESGADO,1649,118.04041518215601
ARRIESGADO,1650,131.36279896599623
ARRIESGADO,1651,101.46050410490822
ARRIESGADO,1652,136.7497859370164
ARRIESGADO,1653,151.22589309221254
ARRIESGADO,1654,133.5115283657152
ARRIESGADO,1655,122.19795899698181
ARRIESGADO,1656,146.0747858503735
ARRIESGADO,1657,139.7158741053197
ARRIESGADO,1658,137.93305454880812
ARRIESGADO,1659,142.67366126160695
ARRIESGADO,1660,173.3000361236558
ARRIESGADO,1661,145.69892027237364
ARRIESGADO,1662,123.55538612875452
ARRIESGADO,1663,125.38723005486256
ARRIESGADO,1664,116.1720994909988
ARRIESGADO,1665,180.73831407766062
ARRIESGADO,1666,137.79017942711
ARRIESGADO,1667,138.19665938386896
ARRIESGADO,1668,155.40307052993444
ARRIESGADO,1669,119.0745479231505
ARRIESGADO,1670,116.74010654933284
ARRIESGADO,1671,113.5164747547242
ARRIESGADO,1672,154.42026706367986
ARRIESGADO,1673,167.12802332859977
ARRIESGADO,1674,112.10210542547514
ARRIESGADO,1675,154.10782014516496
ARRIESGADO,1676,121.12338752216873
ARRIESGADO,1677,120.52777705186924
ARRIESGADO,1678,112.92824367773767
ARRIESGADO,1679,170.77457513673164
ARRIESGADO,1680,164.59288733366952
ARRIESGADO,1681,122.50609142089586
ARRIESGADO,1682,131.3036006556601
ARRIESGADO,1683,136.97573438166694
ARRIESGADO,1684,136.67315199498725
ARRIESGADO,1685,138.21575828887222
ARRIESGADO,1686,110.91025374755843
ARRIESGADO,1687,119.50914606751118
ARRIESGADO,1688,129.49921344801592
ARRIESGADO,1689,163.47692192649131
ARRIESGADO,1690,129.10306107003277
ARRIESGADO,1691,151.43798323480686
ARRIESGADO,1692,144.83333299755606
ARRIESGADO,1693,140.94307573088656
ARRIESGADO,1694,164.2146696882369
ARRIESGADO,1695,152.3549815725653
ARRIESGADO,1696,133.2445900584486
ARRIESGADO,1697,141.05386522990727
ARRIESGADO,1698,144.72902793801066
ARRIESGADO,1699,120.61889446847889
ARRIESGADO,1700,154.74111845701697
ARRIESGADO,1701,111.00519960986442
ARRIESGADO,1702,93.63852483526304
ARRIESGADO,1703,120.74455994995989
ARRIESGADO,1704,119.44257852922331
ARRIESGADO,1705,126.40834690377548
ARRIESGADO,1706,108.55265027333661
ARRIESGADO,1707,110.65833606023068
ARRIESGADO,1708,123.5106949156164
ARRIESGADO,1709,146.17975951272518
ARRIESGADO,1710,142.86199043735564
ARRIESGADO,1711,134.91813405217263
ARRIESGADO,1712,117.73130491227643
ARRIESGADO,1713,140.20514576023677
ARRIESGADO,1714,159.75083322849343
ARRIESGADO,1715,134.3439225055452
ARRIESGADO,1716,124.37936531223562
ARRIESGADO,1717,141.77515835000997
ARRIESGADO,1718,125.99001281782826
ARRIESGADO,1719,146.99046660939572
ARRIESGADO,1720,164.82284985561273
ARRIESGADO,1721,139.5989515486952
ARRIESGADO,1722,142.57826560899719
ARRIESGADO,1723,131.43574865284475
ARRIESGADO,1724,153.3657874521573
ARRIESGADO,1725,133.8559593452927
ARRIESGADO,1726,119.59591475212501
ARRIESGADO,1727,138.60349634538886
ARRIESGADO,1728,132.59449571590542
ARRIESGADO,1729,104.56829956616173
ARRIESGADO,1730,114.55463138007856
ARRIESGADO,1731,116.1221924213807
ARRIESGADO,1732,83.6155148215499
ARRIESGADO,1733,112.9342239008725
ARRIESGADO,1734,162.25667365616607
ARRIESGADO,1735,168.83353107519187
ARRIESGADO,1736,135.36062946533653
ARRIESGADO,1737,128.9196115383576
ARRIESGADO,1738,163.2717922550371
ARRIESGADO,1739,106.11147840451939
ARRIESGADO,1740,139.964723651445
ARRIESGADO,1741,131.28864036225977
ARRIESGADO,1742,162.41346807519272
ARRIESGADO,1743,149.02858044954297
ARRIESGADO,1744,148.3715045095307
ARRIESGADO,1745,131.15342068217697
ARRIESGADO,1746,128.56014585416904
ARRIESGADO,1747,130.71317967869086
ARRIESGADO,1748,144.39942420094468
ARRIESGADO,1749,153.21755337849683
ARRIESGADO,1750,158.92350632056372
ARRIESGADO,1751,112.96590699369052
ARRIESGADO,1752,126.79111304356216
ARRIESGADO,1753,155.25242893225965
ARRIESGADO,1754,171.15846755433256
ARRIESGADO,1755,162.95941611575643
ARRIESGADO,1756,147.99723297643018
ARRIESGADO,1757,130.24067362137163
ARRIESGADO,1758,150.70030348909012
ARRIESGADO,1759,175.8756859437816
ARRIESGADO,1760,117.78916243870889
ARRIESGADO,1761,127.24980470564184
ARRIESGADO,1762,105.45501313517366
ARRIESGADO,1763,132.28386683873052
ARRIESGADO,1764,146.1203239813811
ARRIESGADO,1765,151.21285657303608
ARRIESGADO,1766,131.51592455511005
ARRIESGADO,1767,119.52055958150041
ARRIESGADO,1768,142.00798931821936
ARRIESGADO,1769,127.6296532305949
ARRIESGADO,1770,139.2922215474532
ARRIESGADO,1771,108.32541282460794
ARRIESGADO,1772,153.5876367728676
ARRIESGADO,1773,122.22914457511595
ARRIESGADO,1774,147.5202261861548
ARRIESGADO,1775,130.5979079049318
ARRIESGADO,1776,138.28647384796594
ARRIESGADO,1777,129.11510280134445
ARRIESGADO,1778,139.18453102954828
ARRIESGADO,1779,129.68229680598282
ARRIESGADO,1780,118.49494113760755
ARRIESGADO,1781,127.7603684424194
ARRIESGADO,1782,147.87996414368737
ARRIESGADO,1783,117.32925579278474
ARRIESGADO,1784,152.17188513762082
ARRIESGADO,1785,153.19546418251778
ARRIESGADO,1786,129.0757828203364
ARRIESGADO,1787,167.68769795693873
ARRIESGADO,1788,155.72597765838105
ARRIESGADO,1789,167.55058183410304
ARRIESGADO,1790,67.72434853477192
ARRIESGADO,1791,155.21120000783785
ARRIESGADO,1792,175.6417198334617
ARRIESGADO,1793,95.73289474561395
ARRIESGADO,1794,153.8174625130888
ARRIESGADO,1795,212.453419643616
ARRIESGADO,1796,131.87337216710247
ARRIESGADO,1797,139.5650957353853
ARRIESGADO,1798,101.05248967085285
ARRIESGADO,1799,128.1580712344664
ARRIESGADO,1800,119.78704304730554
ARRIESGADO,1801,159.1353694619418
ARRIESGADO,1802,144.45597683659108
ARRIESGADO,1803,160.66597249622816
ARRIESGADO,1804,138.2336295980978
ARRIESGADO,1805,132.9700525156567
ARRIESGADO,1806,121.52025074049492
ARRIESGADO,1807,122.1645010825565
ARRIESGADO,1808,126.74058868730681
ARRIESGADO,1809,120.92812905154426
ARRIESGADO,1810,154.54926327668835
ARRIESGADO,1811,155.64569973913905
ARRIESGADO,1812,142.750192356953
ARRIESGADO,1813,164.69464129408286
ARRIESGADO,1814,121.12688249841793
ARRIESGADO,1815,169.71887369699056
ARRIESGADO,1816,165.16780671770255
ARRIESGADO,1817,162.61524352415267
ARRIESGADO,1818,153.44099765987272
ARRIESGADO,1819,115.21556568609452
ARRIESGADO,1820,175.78870099072844
ARRIESGADO,1821,88.59011519971003
ARRIESGADO,1822,114.71467453833614
ARRIESGADO,1823,128.53433165516165
ARRIESGADO,1824,178.68443978520702
ARRIESGADO,1825,147.76570324282307
ARRIESGADO,1826,121.1776249289499
ARRIESGADO,1827,151.22780645136226
ARRIESGADO,1828,179.92780090655188
ARRIESGADO,1829,132.1191722568552
ARRIESGADO,1830,162.53427949686983
ARRIESGADO,1831,138.0389281417636
ARRIESGADO,1832,121.1077657204383
ARRIESGADO,1833,131.63225830086796
ARRIESGADO,1834,186.97978341275174
ARRIESGADO,1835,137.40257547892816
ARRIESGADO,1836,95.66646689866496
ARRIESGADO,1837,135.83370486542987
ARRIESGADO,1838,126.15233472583117
ARRIESGADO,1839,139.35649241441072
ARRIESGADO,1840,136.97961528810578
ARRIESGADO,1841,154.53596180400845
ARRIESGADO,1842,145.10277024392138
ARRIESGADO,1843,125.02788903223639
ARRIESGADO,1844,167.78093080840463
ARRIESGADO,1845,126.55307098326179
ARRIESGADO,1846,155.72113265016236
ARRIESGADO,1847,125.5692835540425
ARRIESGADO,1848,135.32516747465525
ARRIESGADO,1849,149.78737784440912
ARRIESGADO,1850,123.82534544563768
ARRIESGADO,1851,142.83484014570442
ARRIESGADO,1852,120.31214186492971
ARRIESGADO,1853,152.46877626080226
ARRIESGADO,1854,156.91635513237227
ARRIESGADO,1855,132.138966031567
ARRIESGADO,1856,131.44384433409425
ARRIESGADO,1857,109.85890915707826
ARRIESGADO,1858,128.53457115765838
ARRIESGADO,1859,147.0317430171998
ARRIESGADO,1860,161.60257303877484
ARRIESGADO,1861,130.16906235842737
ARRIESGADO,1862,170.37130090421164
ARRIESGADO,1863,154.2597070455251
ARRIESGADO,1864,165.0208829015131
ARRIESGADO,1865,179.5059624569439
ARRIESGADO,1866,176.14617734788155
ARRIESGADO,1867,183.88743096955247
ARRIESGADO,1868,149.99217389151946
ARRIESGADO,1869,147.59428478008002
ARRIESGADO,1870,147.14125633271465
ARRIESGADO,1871,179.2554801474931
ARRIESGADO,1872,101.02166883448659
ARRIESGADO,1873,137.27382339026363
ARRIESGADO,1874,130.0976117775947
ARRIESGADO,1875,119.19239769275595
ARRIESGADO,1876,116.40857940085034
ARRIESGADO,1877,162.43794945557136
ARRIESGADO,1878,138.87300133733615
ARRIESGADO,1879,121.19045320292238
ARRIESGADO,1880,122.9983594016014
ARRIESGADO,1881,100.10915612882239
ARRIESGADO,1882,139.14503026350908
ARRIESGADO,1883,119.50745738057199
ARRIESGADO,1884,123.69108154567503
ARRIESGADO,1885,136.36160275066567
ARRIESGADO,1886,155.79679432795317
ARRIESGADO,1887,132.24244436472145
ARRIESGADO,1888,150.32566445918758
ARRIESGADO,1889,156.61173324820197
ARRIESGADO,1890,109.428323148565
ARRIESGADO,1891,141.67610836119684
ARRIESGADO,1892,139.91115945533812
ARRIESGADO,1893,158.4687633350432
ARRIESGADO,1894,152.61077972625506
ARRIESGADO,1895,201.48054902357896
ARRIESGADO,1896,154.07074595067516
ARRIESGADO,1897,122.97186932375563
ARRIESGADO,1898,138.0251054706161
ARRIESGADO,1899,144.11840278887095
ARRIESGADO,1900,116.56512051133112
ARRIESGADO,1901,161.69589227923177
ARRIESGADO,1902,145.71274211417497
ARRIESGADO,1903,154.34111865063855
ARRIESGADO,1904,162.72109231395072
ARRIESGADO,1905,114.29458954806724
ARRIESGADO,1906,120.03237489988146
ARRIESGADO,1907,163.7065858807174
ARRIESGADO,1908,159.2204227248571
ARRIESGADO,1909,140.7473820057821
ARRIESGADO,1910,129.09582598364224
ARRIESGADO,1911,136.50350349162815
ARRIESGADO,1912,169.4084619220026
ARRIESGADO,1913,143.22538705417702
ARRIESGADO,1914,159.44758010498404
ARRIESGADO,1915,142.26456601868256
ARRIESGADO,1916,130.1573890785264
ARRIESGADO,1917,157.31163190244325
ARRIESGADO,1918,92.56956477443804
ARRIESGADO,1919,126.75474041046006
ARRIESGADO,1920,151.76005354262412
ARRIESGADO,1921,137.47540214416597
ARRIESGADO,1922,119.31824109024718
ARRIESGADO,1923,71.8278086186371
ARRIESGADO,1924,144.57875427169822
ARRIESGADO,1925,143.95881412784726
ARRIESGADO,1926,135.82173831683073
ARRIESGADO,1927,159.82206271356665
ARRIESGADO,1928,178.63897902120388
ARRIESGADO,1929,118.96456428854977
ARRIESGADO,1930,132.5652937137937
ARRIESGADO,1931,142.04125976961035
ARRIESGADO,1932,150.65002197872607
ARRIESGADO,1933,143.27759307477325
ARRIESGADO,1934,167.4730432717881
ARRIESGADO,1935,112.4217656562105
ARRIESGADO,1936,145.10474662816708
ARRIESGADO,1937,152.46267535328312
ARRIESGADO,1938,184.2704819548983
ARRIESGADO,1939,170.5137456951154
ARRIESGADO,1940,149.320492113365
ARRIESGADO,1941,122.01490834676193
ARRIESGADO,1942,124.01363977208725
ARRIESGADO,1943,125.05290130195536
ARRIESGADO,1944,126.6414819215375
ARRIESGADO,1945,154.23291432578884
ARRIESGADO,1946,142.04558151037904
ARRIESGADO,1947,179.6954473434084
ARRIESGADO,1948,157.3272317580575
ARRIESGADO,1949,152.29022543018806
ARRIESGADO,1950,167.84471168212232
ARRIESGADO,1951,118.59461400373301
ARRIESGADO,1952,150.28220119110622
ARRIESGADO,1953,163.04531976868867
ARRIESGADO,1954,140.02683174884461
ARRIESGADO,1955,220.37865515345885
ARRIESGADO,1956,179.37855017964725
ARRIESGADO,1957,129.298736223088
ARRIESGADO,1958,131.71651827871418
ARRIESGADO,1959,138.26050890698636
ARRIESGADO,1960,103.22568444650445
ARRIESGADO,1961,172.29548347242053
ARRIESGADO,1962,111.08761899101376
ARRIESGADO,1963,123.66588668815683
ARRIESGADO,1964,139.7099373363028
ARRIESGADO,1965,155.1365167554888
ARRIESGADO,1966,143.4637761319362
ARRIESGADO,1967,156.07809233540118
ARRIESGADO,1968,120.15585541722312
ARRIESGADO,1969,151.12847560378236
ARRIESGADO,1970,158.03943283766932
ARRIESGADO,1971,120.10708234188736
ARRIESGADO,1972,148.1471408320233
ARRIESGADO,1973,110.44852226305868
ARRIESGADO,1974,140.9116289479109
ARRIESGADO,1975,120.83097722160679
ARRIESGADO,1976,156.31549254961098
ARRIESGADO,1977,104.60381028747342
ARRIESGADO,1978,150.4650912959626
ARRIESGADO,1979,137.37561078889954
ARRIESGADO,1980,160.02372683928783
ARRIESGADO,1981,130.1879946438852
ARRIESGADO,1982,151.25539636074183
ARRIESGADO,1983,139.39616469652918
ARRIESGADO,1984,138.03075932675017
ARRIESGADO,1985,134.92370386583002
ARRIESGADO,1986,145.3797104159795
ARRIESGADO,1987,111.72848143696977
ARRIESGADO,1988,156.23949819373098
ARRIESGADO,1989,178.438009004837
ARRIESGADO,1990,165.59461165479962
ARRIESGADO,1991,177.86994170644232
ARRIESGADO,1992,123.53859100303507
ARRIESGADO,1993,130.2616166823345
ARRIESGADO,1994,153.60593036536332
ARRIESGADO,1995,148.80969119354052
ARRIESGADO,1996,120.72468375541752
ARRIESGADO,1997,129.57552869188126
ARRIESGADO,1998,144.11164324990918
ARRIESGADO,1999,142.71524659069107
ARRIESGADO,2000,150.8907309995135
ARRIESGADO,2001,109.2618605806867
ARRIESGADO,2002,125.21373476637778
ARRIESGADO,2003,122.34358680763798
ARRIESGADO,2004,129.68706103610347
ARRIESGADO,2005,112.86883681937141
ARRIESGADO,2006,118.95190523178195
ARRIESGADO,2007,203.23142451319885
ARRIESGADO,2008,153.64197448902823
ARRIESGADO,2009,131.91164196632093
ARRIESGADO,2010,113.60867965852222
ARRIESGADO,2011,174.31177428130576
ARRIESGADO,2012,155.0163215025671
ARRIESGADO,2013,142.40222813526896
ARRIESGADO,2014,160.52013068271165
ARRIESGADO,2015,119.98668125203362
ARRIESGADO,2016,101.41540217527863
ARRIESGADO,2017,173.82991108155957
ARRIESGADO,2018,128.07659434866224
ARRIESGADO,2019,131.4082085451355
ARRIESGADO,2020,141.75981449775404
ARRIESGADO,2021,144.02993634671176
ARRIESGADO,2022,167.82820385210033
ARRIESGADO,2023,135.88037993666504
ARRIESGADO,2024,123.19992694706181
ARRIESGADO,2025,147.68260444194846
ARRIESGADO,2026,133.56645707709436
ARRIESGADO,2027,155.69929822326475
ARRIESGADO,2028,107.52154410772926
ARRIESGADO,2029,101.48501753479786
ARRIESGADO,2030,166.53987562399408
ARRIESGADO,2031,152.98369261237917
ARRIESGADO,2032,111.07653642128967
ARRIESGADO,2033,147.22969467787266
ARRIESGADO,2034,168.26936116160238
ARRIESGADO,2035,160.88170101174575
ARRIESGADO,2036,155.52792199250334
ARRIESGADO,2037,153.2641226237961
ARRIESGADO,2038,150.1760668346348
ARRIESGADO,2039,136.48749583398657
ARRIESGADO,2040,131.47586203509317
ARRIESGADO,2041,112.06079001150607
ARRIESGADO,2042,130.28148444716498
ARRIESGADO,2043,172.37744440342271
ARRIESGADO,2044,153.42393231616006
ARRIESGADO,2045,94.44875672393377
ARRIESGADO,2046,150.0510786142589
ARRIESGADO,2047,143.68556804869192
ARRIESGADO,2048,98.8796089963158
ARRIESGADO,2049,141.48221523055224
ARRIESGADO,2050,137.61932221271874
ARRIESGADO,2051,125.5794139900334
ARRIESGADO,2052,143.01300473458593
ARRIESGADO,2053,119.00634593220022
ARRIESGADO,2054,145.1020863536984
ARRIESGADO,2055,84.29157175263235
ARRIESGADO,2056,166.82978731417518
ARRIESGADO,2057,125.05129446625064
ARRIESGADO,2058,158.6994765557265
ARRIESGADO,2059,114.83642719764092
ARRIESGADO,2060,141.19126546998942
ARRIESGADO,2061,157.81326296905428
ARRIESGADO,2062,170.69728094915305
ARRIESGADO,2063,93.44484368353828
ARRIESGADO,2064,170.40063947707935
ARRIESGADO,2065,119.90481949968641
ARRIESGADO,2066,101.06488469742855
ARRIESGADO,2067,148.3224577998153
ARRIESGADO,2068,127.68690568507934
ARRIESGADO,2069,139.03931216741398
ARRIESGADO,2070,127.25581102637157
ARRIESGADO,2071,141.13561879884233
ARRIESGADO,2072,109.40435223236838
ARRIESGADO,2073,169.55595326639894
ARRIESGADO,2074,183.3290147861106
ARRIESGADO,2075,155.4390715923097
ARRIESGADO,2076,170.32661652004552
ARRIESGADO,2077,145.50763527856148
ARRIESGADO,2078,119.323634685842
ARRIESGADO,2079,133.6148599610506
ARRIESGADO,2080,101.01191330348179
ARRIESGADO,2081,144.3158374096554
ARRIESGADO,2082,163.12052380188234
ARRIESGADO,2083,107.12844282106965
ARRIESGADO,2084,124.74272035970753
ARRIESGADO,2085,135.14433825508004
ARRIESGADO,2086,104.75119411979843
ARRIESGADO,2087,92.18311617786698
ARRIESGADO,2088,144.58749183512504
ARRIESGADO,2089,115.6362012256087
ARRIESGADO,2090,121.21878798331639
ARRIESGADO,2091,113.93681915046821
ARRIESGADO,2092,116.03873225554986
ARRIESGADO,2093,104.49362762653055
ARRIESGADO,2094,96.87410117604763
ARRIESGADO,2095,139.49980978812485
ARRIESGADO,2096,111.73300483995666
ARRIESGADO,2097,162.26979432542538
ARRIESGADO,2098,162.72255110045626
ARRIESGADO,2099,173.3560322001851
ARRIESGADO,2100,105.48661224654695
ARRIESGADO,2101,120.1657679687577
ARRIESGADO,2102,169.38536445394078
ARRIESGADO,2103,126.92459142304033
ARRIESGADO,2104,182.36533921547132
ARRIESGADO,2105,169.69947500561872
ARRIESGADO,2106,156.15586901388647
ARRIESGADO,2107,137.38267342739786
ARRIESGADO,2108,159.66554097191639
ARRIESGADO,2109,126.39259826920039
ARRIESGADO,2110,162.56199275018716
ARRIESGADO,2111,132.29065742484676
ARRIESGADO,2112,118.51210519897441
ARRIESGADO,2113,114.20385657646744
ARRIESGADO,2114,140.55532358522467
ARRIESGADO,2115,129.29384666343046
ARRIESGADO,2116,113.17505482869703
ARRIESGADO,2117,164.15600398314078
ARRIESGADO,2118,138.98817108123373
ARRIESGADO,2119,134.60252426106004
ARRIESGADO,2120,108.8737062937698
ARRIESGADO,2121,148.8350867010789
ARRIESGADO,2122,140.78606596294247
ARRIESGADO,2123,133.84171129046408
ARRIESGADO,2124,147.5275073203674
ARRIESGADO,2125,155.71137972897077
ARRIESGADO,2126,150.03188804276303
ARRIESGADO,2127,127.77273060485463
ARRIESGADO,2128,178.72921287143842
ARRIESGADO,2129,134.2983532788526
ARRIESGADO,2130,154.27904429031972
ARRIESGADO,2131,150.3314505420226
ARRIESGADO,2132,125.78902795815038
ARRIESGADO,2133,102.67416510772969
ARRIESGADO,2134,125.492550423828
ARRIESGADO,2135,122.03793289505784
ARRIESGADO,2136,181.53636682206556
ARRIESGADO,2137,142.6090519131556
ARRIESGADO,2138,162.72043479081097
ARRIESGADO,2139,154.61316629751693
ARRIESGADO,2140,172.94455887802442
ARRIESGADO,2141,98.4362856489538
ARRIESGADO,2142,187.26016239347862
ARRIESGADO,2143,150.96341573796482
ARRIESGADO,2144,127.2739426735862
ARRIESGADO,2145,156.9508753279191
ARRIESGADO,2146,176.49194817476598
ARRIESGADO,2147,120.28953178113419
ARRIESGADO,2148,129.83778317359128
ARRIESGADO,2149,146.21799710709712
ARRIESGADO,2150,147.85789157100842
ARRIESGADO,2151,129.35469789076902
ARRIESGADO,2152,142.3987992702203
ARRIESGADO,2153,130.29310916815328
ARRIESGADO,2154,109.34860598767364
ARRIESGADO,2155,125.16990163366448
ARRIESGADO,2156,138.95569637430825
ARRIESGADO,2157,105.7781417159719
ARRIESGADO,2158,91.66124916396873
ARRIESGADO,2159,143.94370675181764
ARRIESGADO,2160,116.87610680805632
ARRIESGADO,2161,165.97671820412498
ARRIESGADO,2162,112.73879391308402
ARRIESGADO,2163,103.77898400537163
ARRIESGADO,2164,165.62289528175552
ARRIESGADO,2165,132.63963665392416
ARRIESGADO,2166,166.0358477997202
ARRIESGADO,2167,140.89691155462066
ARRIESGADO,2168,164.9939849249967
ARRIESGADO,2169,151.57663908797798
ARRIESGADO,2170,193.62774097895098
ARRIESGADO,2171,135.09606102271155
ARRIESGADO,2172,160.85577752213922
ARRIESGADO,2173,140.9781958685443
ARRIESGADO,2174,120.50176676012532
ARRIESGADO,2175,148.61994117493958
ARRIESGADO,2176,191.20347527987343
ARRIESGADO,2177,133.68214890490805
ARRIESGADO,2178,150.98864017983126
ARRIESGADO,2179,174.8530295662455
ARRIESGADO,2180,144.65443153705874
ARRIESGADO,2181,134.44270038156316
ARRIESGADO,2182,129.4495708264148
ARRIESGADO,2183,133.49569779211814
ARRIESGADO,2184,150.9635770040166
ARRIESGADO,2185,129.0281248556862
ARRIESGADO,2186,157.04322136177146
ARRIESGADO,2187,124.26513117492557
ARRIESGADO,2188,156.5301385938175
ARRIESGADO,2189,125.13411034339374
ARRIESGADO,2190,152.48032695892954
ARRIESGADO,2191,119.69908366259693
ARRIESGADO,2192,145.44333496837697
ARRIESGADO,2193,140.94412508580737
ARRIESGADO,2194,136.33650091625682
ARRIESGADO,2195,130.7206906630607
ARRIESGADO,2196,129.131271714514
ARRIESGADO,2197,125.66613045071274
ARRIESGADO,2198,127.9679710519376
ARRIESGADO,2199,162.424062186965
ARRIESGADO,2200,127.73812901121646
ARRIESGADO,2201,129.0679601710344
ARRIESGADO,2202,118.47763170505904
ARRIESGADO,2203,180.18664004332743
ARRIESGADO,2204,130.18015359895395
ARRIESGADO,2205,140.76998235710457
ARRIESGADO,2206,120.01182269068696
ARRIESGADO,2207,141.36037852128473
ARRIESGADO,2208,148.54651501841437
ARRIESGADO,2209,149.92075238841042
ARRIESGADO,2210,136.70602692738373
ARRIESGADO,2211,156.6030684971262
ARRIESGADO,2212,173.8092943253163
ARRIESGADO,2213,129.86313513640098
ARRIESGADO,2214,150.80758719173838
ARRIESGADO,2215,94.92145500129833
ARRIESGADO,2216,139.59475882140626
ARRIESGADO,2217,134.59017846709878
ARRIESGADO,2218,144.4714817867871
ARRIESGADO,2219,126.89623642449871
ARRIESGADO,2220,185.21462369965374
ARRIESGADO,2221,130.30117402340346
ARRIESGADO,2222,122.65414886364613
ARRIESGADO,2223,158.68861490484954
ARRIESGADO,2224,173.80829890929016
ARRIESGADO,2225,149.11729971245182
ARRIESGADO,2226,184.59813929081992
ARRIESGADO,2227,124.81159156920832
ARRIESGADO,2228,160.35423529103005
ARRIESGADO,2229,137.73041663649036
ARRIESGADO,2230,112.09014721077091
ARRIESGADO,2231,164.13728881842115
ARRIESGADO,2232,127.84134922780979
ARRIESGADO,2233,107.42040720834758
ARRIESGADO,2234,135.6194770675958
ARRIESGADO,2235,123.92915735895568
ARRIESGADO,2236,135.15421133250808
ARRIESGADO,2237,129.70964333191804
ARRIESGADO,2238,169.8587543371092
ARRIESGADO,2239,159.31122060946404
ARRIESGADO,2240,159.94330243712315
ARRIESGADO,2241,176.95201314471868
ARRIESGADO,2242,135.36672741137974
ARRIESGADO,2243,120.84460569336646
ARRIESGADO,2244,94.82635259612292
ARRIESGADO,2245,145.87781290684248
ARRIESGADO,2246,87.21734754074201
ARRIESGADO,2247,150.23653313412132
ARRIESGADO,2248,139.20678373029742
ARRIESGADO,2249,143.40370771848515
ARRIESGADO,2250,128.93955800873366
ARRIESGADO,2251,124.00337418041266
ARRIESGADO,2252,116.40186386476513
ARRIESGADO,2253,165.39008818220972
ARRIESGADO,2254,139.2630438825603
ARRIESGADO,2255,118.72304742938539
ARRIESGADO,2256,173.29742657535036
ARRIESGADO,2257,158.35738019111406
ARRIESGADO,2258,156.80165243871377
ARRIESGADO,2259,192.70708772388508
ARRIESGADO,2260,150.2434394934065
ARRIESGADO,2261,132.6171293380544
ARRIESGADO,2262,146.4049355527003
ARRIESGADO,2263,124.58270555915975
ARRIESGADO,2264,135.98995490135454
ARRIESGADO,2265,141.2030772762322
ARRIESGADO,2266,147.78357819611057
ARRIESGADO,2267,105.68393315731998
ARRIESGADO,2268,104.70040907316434
ARRIESGADO,2269,179.32124418695568
ARRIESGADO,2270,168.8317001259423
ARRIESGADO,2271,145.9853396796056
ARRIESGADO,2272,98.06515570526452
ARRIESGADO,2273,111.87639822285824
ARRIESGADO,2274,168.93878414530067
ARRIESGADO,2275,155.22643113412772
ARRIESGADO,2276,160.6165594232948
ARRIESGADO,2277,117.93009351113116
ARRIESGADO,2278,164.51701920545818
ARRIESGADO,2279,156.70153266427377
ARRIESGADO,2280,125.02666064121799
ARRIESGADO,2281,129.50038055214043
ARRIESGADO,2282,173.8897663109602
ARRIESGADO,2283,152.824150941923
ARRIESGADO,2284,161.61633297727084
ARRIESGADO,2285,158.70458751743996
ARRIESGADO,2286,166.70690924003094
ARRIESGADO,2287,167.66807892201635
ARRIESGADO,2288,146.98920432994686
ARRIESGADO,2289,158.35361194121725
ARRIESGADO,2290,140.63677641161615
ARRIESGADO,2291,116.59684939948468
ARRIESGADO,2292,133.65760074423406
ARRIESGADO,2293,131.4775640378224
ARRIESGADO,2294,127.48438444556908
ARRIESGADO,2295,122.8622333789373
ARRIESGADO,2296,136.67265379388596
ARRIESGADO,2297,129.27637973475976
ARRIESGADO,2298,164.0106457271228
ARRIESGADO,2299,157.90032297491788
ARRIESGADO,2300,144.15261421387015
ARRIESGADO,2301,141.97507654669766
ARRIESGADO,2302,133.65099384111846
ARRIESGADO,2303,144.17149304225862
ARRIESGADO,2304,170.62086185287902
ARRIESGADO,2305,160.41859154619556
ARRIESGADO,2306,141.78875470314352
ARRIESGADO,2307,159.49693558854273
ARRIESGADO,2308,124.62574235822345
ARRIESGADO,2309,134.68367757807394
ARRIESGADO,2310,135.04892492252003
ARRIESGADO,2311,147.44972282801376
ARRIESGADO,2312,168.4175499895897
ARRIESGADO,2313,163.13840144856118
ARRIESGADO,2314,131.0332396016946
ARRIESGADO,2315,124.04797803726343
ARRIESGADO,2316,101.9865626050432
ARRIESGADO,2317,126.3351026274813
ARRIESGADO,2318,124.02903341817152
ARRIESGADO,2319,95.21847865663344
ARRIESGADO,2320,146.53729328853782
ARRIESGADO,2321,127.73922484661334
ARRIESGADO,2322,142.69036960972213
ARRIESGADO,2323,157.65361176722982
ARRIESGADO,2324,147.5252164861968
ARRIESGADO,2325,106.24492236536408
ARRIESGADO,2326,133.95629022886325
ARRIESGADO,2327,140.3592445801637
ARRIESGADO,2328,115.16085375898504
ARRIESGADO,2329,124.27577023339062
ARRIESGADO,2330,168.59324232834408
ARRIESGADO,2331,138.44985465030413
ARRIESGADO,2332,140.24859827703378
ARRIESGADO,2333,161.02525350003057
ARRIESGADO,2334,172.2721252529794
ARRIESGADO,2335,158.56633728253402
ARRIESGADO,2336,134.42123114629317
ARRIESGADO,2337,185.10131324360927
ARRIESGADO,2338,132.78524032506627
ARRIESGADO,2339,175.34839330212108
ARRIESGADO,2340,133.02177383304675
ARRIESGADO,2341,165.4579852425689
ARRIESGADO,2342,127.15647878709565
ARRIESGADO,2343,120.52708308777946
ARRIESGADO,2344,134.89901023950267
ARRIESGADO,2345,140.76111740117045
ARRIESGADO,2346,178.9366859166836
ARRIESGADO,2347,155.06698334983025
ARRIESGADO,2348,117.31893891478637
ARRIESGADO,2349,126.44351285935244
ARRIESGADO,2350,115.38680601900441
ARRIESGADO,2351,218.56577272503955
ARRIESGADO,2352,120.79258438922004
ARRIESGADO,2353,175.18596436855523
ARRIESGADO,2354,127.79353830647162
ARRIESGADO,2355,164.06229813620934
ARRIESGADO,2356,120.9836283531494
ARRIESGADO,2357,177.43718888454012
ARRIESGADO,2358,157.34321708881782
ARRIESGADO,2359,118.19793170147253
ARRIESGADO,2360,133.35399945908017
ARRIESGADO,2361,119.85673569356976
ARRIESGADO,2362,142.13625368155
ARRIESGADO,2363,153.01019517038003
ARRIESGADO,2364,119.44001176743251
ARRIESGADO,2365,137.9256349657973
ARRIESGADO,2366,105.42430823390211
ARRIESGADO,2367,124.46841171125531
ARRIESGADO,2368,164.16536965021572
ARRIESGADO,2369,143.35422640495713
ARRIESGADO,2370,145.79033114411473
ARRIESGADO,2371,109.93150939722716
ARRIESGADO,2372,117.0494216098084
ARRIESGADO,2373,174.3839734286263
ARRIESGADO,2374,177.281796335443
ARRIESGADO,2375,114.52367959022489
ARRIESGADO,2376,154.27551528064188
ARRIESGADO,2377,172.6481303949463
ARRIESGADO,2378,165.44815797771116
ARRIESGADO,2379,155.90859243292374
ARRIESGADO,2380,120.43707886044936
ARRIESGADO,2381,146.5066398791195
ARRIESGADO,2382,174.59309405015372
ARRIESGADO,2383,129.75499242513516
ARRIESGADO,2384,120.67676374439402
ARRIESGADO,2385,111.27323323003061
ARRIESGADO,2386,137.20815398788343
ARRIESGADO,2387,120.83273572823994
ARRIESGADO,2388,130.76467796136555
ARRIESGADO,2389,102.61387294189458
ARRIESGADO,2390,119.35350317041585
ARRIESGADO,2391,174.42800853773386
ARRIESGADO,2392,151.40248213447376
ARRIESGADO,2393,124.73376054775491
ARRIESGADO,2394,139.85420771133147
ARRIESGADO,2395,97.78422203908723
ARRIESGADO,2396,154.9739494437708
ARRIESGADO,2397,117.72627215515624
ARRIESGADO,2398,142.57037695185846
ARRIESGADO,2399,90.7635275267213
ARRIESGADO,2400,122.20843015302201
ARRIESGADO,2401,187.0944526528111
ARRIESGADO,2402,127.29364904593795
ARRIESGADO,2403,133.0363744854016
ARRIESGADO,2404,177.92574095129214
ARRIESGADO,2405,153.94339821775228
ARRIESGADO,2406,142.38103299594223
ARRIESGADO,2407,119.16427806007081
ARRIESGADO,2408,118.02129069496019
ARRIESGADO,2409,165.56520140735313
ARRIESGADO,2410,105.10955188742857
ARRIESGADO,2411,148.26605023439146
ARRIESGADO,2412,113.33101930357105
ARRIESGADO,2413,159.1057664593096
ARRIESGADO,2414,159.80388332882995
ARRIESGADO,2415,155.05248853477337
ARRIESGADO,2416,158.14376068735118
ARRIESGADO,2417,157.424962147955
ARRIESGADO,2418,118.5650110694448
ARRIESGADO,2419,138.91423220293842
ARRIESGADO,2420,137.77967891259178
ARRIESGADO,2421,134.89764981647235
ARRIESGADO,2422,153.12561971971954
ARRIESGADO,2423,145.99540526486408
ARRIESGADO,2424,170.6482180353882
ARRIESGADO,2425,149.66965518533627
ARRIESGADO,2426,141.0596263390695
ARRIESGADO,2427,191.5105184701198
ARRIESGADO,2428,118.99951885000127
ARRIESGADO,2429,146.17942446711425
ARRIESGADO,2430,161.52962317988147
ARRIESGADO,2431,177.88924154784257
ARRIESGADO,2432,144.52871307565624
ARRIESGADO,2433,122.00108445397811
ARRIESGADO,2434,111.14249093556327
ARRIESGADO,2435,142.76167277821202
ARRIESGADO,2436,169.44615131470388
ARRIESGADO,2437,137.2185931618564
ARRIESGADO,2438,145.82304534464993
ARRIESGADO,2439,217.94126123454794
ARRIESGADO,2440,111.94297395193487
ARRIESGADO,2441,141.6065522588724
ARRIESGADO,2442,139.6869370377673
ARRIESGADO,2443,128.21930490341344
ARRIESGADO,2444,169.3823381621946
ARRIESGADO,2445,124.73542487610212
ARRIESGADO,2446,164.2566407864738
ARRIESGADO,2447,129.08196558814268
ARRIESGADO,2448,111.87658113120752
ARRIESGADO,2449,141.64214412206206
ARRIESGADO,2450,130.9897634915703
ARRIESGADO,2451,144.54674735494484
ARRIESGADO,2452,154.65884306172367
ARRIESGADO,2453,111.94805957035496
ARRIESGADO,2454,166.29682895895502
ARRIESGADO,2455,119.6160562445348
ARRIESGADO,2456,166.93621725003013
ARRIESGADO,2457,145.29164329129907
ARRIESGADO,2458,134.9906051545047
ARRIESGADO,2459,169.8374003733377
ARRIESGADO,2460,127.82255595116963
ARRIESGADO,2461,115.26812894798483
ARRIESGADO,2462,129.9190146784274
ARRIESGADO,2463,161.59266036228271
ARRIESGADO,2464,148.9476994898344
ARRIESGADO,2465,108.96623377752071
ARRIESGADO,2466,130.3363085856009
ARRIESGADO,2467,132.74654309637907
ARRIESGADO,2468,154.7623242609024
ARRIESGADO,2469,91.15488489824581
ARRIESGADO,2470,167.30901696633424
ARRIESGADO,2471,115.96100598838923
ARRIESGADO,2472,132.6395106732191
ARRIESGADO,2473,154.33033963310788
ARRIESGADO,2474,125.59966033732539
ARRIESGADO,2475,127.67342309124766
ARRIESGADO,2476,126.42259410932108
ARRIESGADO,2477,150.17535684974018
ARRIESGADO,2478,140.1558482446223
ARRIESGADO,2479,174.13429792157336
ARRIESGADO,2480,167.09457347270197
ARRIESGADO,2481,147.03137007207425
ARRIESGADO,2482,146.4780720400272
ARRIESGADO,2483,122.24923230544763
ARRIESGADO,2484,134.3018344189861
ARRIESGADO,2485,118.28828903012831
ARRIESGADO,2486,131.36682037107786
ARRIESGADO,2487,180.04897370817181
ARRIESGADO,2488,187.21645203639173
ARRIESGADO,2489,118.29635420274943
ARRIESGADO,2490,137.47095314582194
ARRIESGADO,2491,151.71489084636514
ARRIESGADO,2492,149.62707889401327
ARRIESGADO,2493,141.31224642759042
ARRIESGADO,2494,126.57534093657264
ARRIESGADO,2495,176.25242540064266
ARRIESGADO,2496,135.52761125779776
ARRIESGADO,2497,117.69164452201167
ARRIESGADO,2498,98.31325338157771
ARRIESGADO,2499,163.87914311496212
ARRIESGADO,2500,178.24850214116736
ARRIESGADO,2501,138.24643736402987
ARRIESGADO,2502,150.72162715525715
ARRIESGADO,2503,189.21159019813092
ARRIESGADO,2504,118.47531919917554
ARRIESGADO,2505,119.11629744815636
ARRIESGADO,2506,117.95742775084695
ARRIESGADO,2507,128.17635198099904
ARRIESGADO,2508,128.57430888965612
ARRIESGADO,2509,130.53560458822255
ARRIESGADO,2510,129.32736647347625
ARRIESGADO,2511,152.19493825258476
ARRIESGADO,2512,152.9556233031604
ARRIESGADO,2513,113.7873778714676
ARRIESGADO,2514,172.7313481828503
ARRIESGADO,2515,175.9828404569735
ARRIESGADO,2516,157.95375546942694
ARRIESGADO,2517,135.79337887021242
ARRIESGADO,2518,128.51609256163525
ARRIESGADO,2519,149.0566533901074
ARRIESGADO,2520,143.13630330952398
ARRIESGADO,2521,128.90670840431795
ARRIESGADO,2522,119.65537848861106
ARRIESGADO,2523,148.88617467041752
ARRIESGADO,2524,138.17856190459483
ARRIESGADO,2525,172.03605787876347
ARRIESGADO,2526,111.5988745984567
ARRIESGADO,2527,127.23411570336673
ARRIESGADO,2528,96.2757420117889
ARRIESGADO,2529,156.61792469130313
ARRIESGADO,2530,163.6906317135686
ARRIESGADO,2531,161.41692878822982
ARRIESGADO,2532,162.3286258539419
ARRIESGADO,2533,115.1383146985722
ARRIESGADO,2534,92.3420298559104
ARRIESGADO,2535,140.49062157033342
ARRIESGADO,2536,142.39204173657643
ARRIESGADO,2537,129.365975702561
ARRIESGADO,2538,110.9291269780577
ARRIESGADO,2539,130.44583140071109
ARRIESGADO,2540,163.43701208008136
ARRIESGADO,2541,95.92703865500243
ARRIESGADO,2542,129.24391859399734
ARRIESGADO,2543,132.61877339450717
ARRIESGADO,2544,142.3453099973448
ARRIESGADO,2545,124.37947646102708
ARRIESGADO,2546,172.88723827565644
ARRIESGADO,2547,148.31522311418917
ARRIESGADO,2548,98.91541760277404
ARRIESGADO,2549,130.87416019430862
ARRIESGADO,2550,142.09680439778313
ARRIESGADO,2551,141.84601212704754
ARRIESGADO,2552,122.71846776785978
ARRIESGADO,2553,120.09669328379616
ARRIESGADO,2554,122.21398371294029
ARRIESGADO,2555,105.35468495526212
ARRIESGADO,2556,143.16147224986133
ARRIESGADO,2557,104.43294665694827
ARRIESGADO,2558,120.11350029357605
ARRIESGADO,2559,137.18592325224736
ARRIESGADO,2560,134.83459159212407
ARRIESGADO,2561,128.80854039323174
ARRIESGADO,2562,169.46791652962366
ARRIESGADO,2563,151.68429735000535
ARRIESGADO,2564,138.77020454329704
ARRIESGADO,2565,187.24868030557064
ARRIESGADO,2566,152.2015971335039
ARRIESGADO,2567,109.62553165074092
ARRIESGADO,2568,114.67659790021348
ARRIESGADO,2569,141.14730655444515
ARRIESGADO,2570,157.53694340324878
ARRIESGADO,2571,158.2862162477428
ARRIESGADO,2572,125.31624935276646
ARRIESGADO,2573,148.04602088368318
ARRIESGADO,2574,147.87414614706873
ARRIESGADO,2575,164.1181972054456
ARRIESGADO,2576,165.09339456319532
ARRIESGADO,2577,142.48210836736922
ARRIESGADO,2578,190.24159422373071
ARRIESGADO,2579,140.13475457515182
ARRIESGADO,2580,164.7036638496752
ARRIESGADO,2581,154.8446875376859
ARRIESGADO,2582,107.68372304632821
ARRIESGADO,2583,122.47179038825382
ARRIESGADO,2584,172.34060575738465
ARRIESGADO,2585,156.7691670297612
ARRIESGADO,2586,140.0666791296581
ARRIESGADO,2587,125.3706003434606
ARRIESGADO,2588,131.82840923775433
ARRIESGADO,2589,128.88345632969836
ARRIESGADO,2590,156.28344565883376
ARRIESGADO,2591,130.73007822899723
ARRIESGADO,2592,156.47110811040375
ARRIESGADO,2593,185.7022077586861
ARRIESGADO,2594,137.9540953219384
ARRIESGADO,2595,153.6568152073188
ARRIESGADO,2596,115.53994643262534
ARRIESGADO,2597,156.29979145997808
ARRIESGADO,2598,159.33036785841887
ARRIESGADO,2599,128.6849648391502
ARRIESGADO,2600,164.70334005480206
ARRIESGADO,2601,175.48097833165437
ARRIESGADO,2602,146.15808526465068
ARRIESGADO,2603,154.1326191489805
ARRIESGADO,2604,112.52913749297801
ARRIESGADO,2605,123.18507176458438
ARRIESGADO,2606,110.98541776085955
ARRIESGADO,2607,185.00034366251074
ARRIESGADO,2608,147.81746191519235
ARRIESGADO,2609,117.52631398731954
ARRIESGADO,2610,117.88909716612343
ARRIESGADO,2611,153.86907118884994
ARRIESGADO,2612,139.10150526259446
ARRIESGADO,2613,94.57767846820217
ARRIESGADO,2614,114.37736223340782
ARRIESGADO,2615,159.33388421020732
ARRIESGADO,2616,149.99596443801437
ARRIESGADO,2617,154.13097173683124
ARRIESGADO,2618,137.73587366145063
ARRIESGADO,2619,128.85125567084128
ARRIESGADO,2620,141.33149894904477
ARRIESGADO,2621,152.68457919040793
ARRIESGADO,2622,119.7691395336689
ARRIESGADO,2623,139.00243949099885
ARRIESGADO,2624,121.12522348188332
ARRIESGADO,2625,148.74412292906325
ARRIESGADO,2626,136.9629725941664
ARRIESGADO,2627,134.694891073269
ARRIESGADO,2628,146.90793183616648
ARRIESGADO,2629,173.60027397093597
ARRIESGADO,2630,114.68431443563117
ARRIESGADO,2631,141.61788541206732
ARRIESGADO,2632,120.69633072009533
ARRIESGADO,2633,165.699901573588
ARRIESGADO,2634,135.87379715884617
ARRIESGADO,2635,98.58092106447789
ARRIESGADO,2636,152.32449751862714
ARRIESGADO,2637,106.78309763960559
ARRIESGADO,2638,134.8610809191098
ARRIESGADO,2639,131.24379857474162
ARRIESGADO,2640,151.2476990645871
ARRIESGADO,2641,166.95115663548182
ARRIESGADO,2642,100.55771587976848
ARRIESGADO,2643,138.6412213180576
ARRIESGADO,2644,147.23959628472534
ARRIESGADO,2645,143.85308194644804
ARRIESGADO,2646,116.69923343968925
ARRIESGADO,2647,144.1559404352183
ARRIESGADO,2648,192.5033992265582
ARRIESGADO,2649,133.51215065816933
ARRIESGADO,2650,111.32900592605408
ARRIESGADO,2651,89.70889397897099
ARRIESGADO,2652,119.95514644238064
ARRIESGADO,2653,189.18086880639157
ARRIESGADO,2654,137.59169929441381
ARRIESGADO,2655,126.18144850407346
ARRIESGADO,2656,189.793205609736
ARRIESGADO,2657,157.10046512043985
ARRIESGADO,2658,145.84311218284026
ARRIESGADO,2659,134.81681531328152
ARRIESGADO,2660,129.72706672869245
ARRIESGADO,2661,196.46846710244182
ARRIESGADO,2662,103.36582638799719
ARRIESGADO,2663,125.17797235415122
ARRIESGADO,2664,149.81039636239584
ARRIESGADO,2665,165.20488024421263
ARRIESGADO,2666,84.17370504737049
ARRIESGADO,2667,151.92894933031278
ARRIESGADO,2668,151.81037452727608
ARRIESGADO,2669,153.68411371466587
ARRIESGADO,2670,143.1241713836303
ARRIESGADO,2671,146.8797129008412
ARRIESGADO,2672,137.83943503041027
ARRIESGADO,2673,185.90166455706873
ARRIESGADO,2674,138.94283093477105
ARRIESGADO,2675,152.32884472156536
ARRIESGADO,2676,142.1751511253627
ARRIESGADO,2677,138.52211740590943
ARRIESGADO,2678,130.61876700043481
ARRIESGADO,2679,165.7953835660366
ARRIESGADO,2680,122.51094954252122
ARRIESGADO,2681,154.40487476426836
ARRIESGADO,2682,161.53364197461542
ARRIESGADO,2683,121.72900122647091
ARRIESGADO,2684,144.83368629993745
ARRIESGADO,2685,166.00597222636242
ARRIESGADO,2686,164.45978898087859
ARRIESGADO,2687,114.55716085611864
ARRIESGADO,2688,133.30027809120793
ARRIESGADO,2689,132.75904091067832
ARRIESGADO,2690,160.56703045579303
ARRIESGADO,2691,132.009469842823
ARRIESGADO,2692,157.99047788828418
ARRIESGADO,2693,155.99383586124662
ARRIESGADO,2694,160.23383148669032
ARRIESGADO,2695,174.94358566065802
ARRIESGADO,2696,147.4209847135591
ARRIESGADO,2697,135.44987171916435
ARRIESGADO,2698,120.4999388488042
ARRIESGADO,2699,107.92455451666231
ARRIESGADO,2700,127.35976790367542
ARRIESGADO,2701,153.31255099692936
ARRIESGADO,2702,136.01139743310702
ARRIESGADO,2703,135.24011740363918
ARRIESGADO,2704,137.13249691702504
ARRIESGADO,2705,144.58981940693354
ARRIESGADO,2706,114.21253254253656
ARRIESGADO,2707,139.87085365125586
ARRIESGADO,2708,181.6184057542522
ARRIESGADO,2709,145.4013495237816
ARRIESGADO,2710,168.8283134870301
ARRIESGADO,2711,143.56656513575314
ARRIESGADO,2712,117.85066115446573
ARRIESGADO,2713,131.3162326188214
ARRIESGADO,2714,127.73330224900145
ARRIESGADO,2715,161.59384724498045
ARRIESGADO,2716,114.77276038757586
ARRIESGADO,2717,129.09831776631174
ARRIESGADO,2718,170.77131737983515
ARRIESGADO,2719,121.67414773222922
ARRIESGADO,2720,116.30141524143052
ARRIESGADO,2721,110.87658351705473
ARRIESGADO,2722,144.32005821166484
ARRIESGADO,2723,125.21867445785175
ARRIESGADO,2724,118.56348036382272
ARRIESGADO,2725,152.696407778492
ARRIESGADO,2726,143.7623094402721
ARRIESGADO,2727,203.54053744059505
ARRIESGADO,2728,133.63993498284205
ARRIESGADO,2729,185.1193551312276
ARRIESGADO,2730,150.83549565714387
ARRIESGADO,2731,156.34840341800833
ARRIESGADO,2732,141.0855517698486
ARRIESGADO,2733,148.25837313646895
ARRIESGADO,2734,140.51340704152966
ARRIESGADO,2735,146.2665232026049
ARRIESGADO,2736,133.07352762943648
ARRIESGADO,2737,150.41312403060917
ARRIESGADO,2738,185.62002371810513
ARRIESGADO,2739,121.07853149817242
ARRIESGADO,2740,101.32330327713451
ARRIESGADO,2741,151.17108754700797
ARRIESGADO,2742,155.18762396313127
ARRIESGADO,2743,150.04911121108134
ARRIESGADO,2744,128.46018066550738
ARRIESGADO,2745,144.56812333959473
ARRIESGADO,2746,134.9882366098409
ARRIESGADO,2747,174.11224634885306
ARRIESGADO,2748,95.90797236199627
ARRIESGADO,2749,119.44990091352766
ARRIESGADO,2750,140.22043914077247
ARRIESGADO,2751,144.4451572466706
ARRIESGADO,2752,155.81008540744628
ARRIESGADO,2753,106.85043284481425
ARRIESGADO,2754,107.99217264183179
ARRIESGADO,2755,120.54161216582413
ARRIESGADO,2756,172.6634688012856
ARRIESGADO,2757,116.83600996900827
ARRIESGADO,2758,186.96338368737756
ARRIESGADO,2759,182.94543291519275
ARRIESGADO,2760,160.90964721441586
ARRIESGADO,2761,124.79669794465666
ARRIESGADO,2762,164.67962646608044
ARRIESGADO,2763,145.85905471145344
ARRIESGADO,2764,136.66624747419056
ARRIESGADO,2765,102.4806684525848
ARRIESGADO,2766,165.38373604327404
ARRIESGADO,2767,153.34280206338684
ARRIESGADO,2768,135.31377122453262
ARRIESGADO,2769,145.21844613955759
ARRIESGADO,2770,153.71206486655572
ARRIESGADO,2771,127.94093541985958
ARRIESGADO,2772,151.19299061180143
ARRIESGADO,2773,143.7732598620061
ARRIESGADO,2774,129.76762358422386
ARRIESGADO,2775,151.13580963648377
ARRIESGADO,2776,125.64529080089818
ARRIESGADO,2777,154.76735346420276
ARRIESGADO,2778,115.16173279148545
ARRIESGADO,2779,132.16319572125886
ARRIESGADO,2780,139.84935386380295
ARRIESGADO,2781,154.0586769304856
ARRIESGADO,2782,154.07785517460442
ARRIESGADO,2783,136.37464079589984
ARRIESGADO,2784,142.01222745326325
ARRIESGADO,2785,134.23878676822588
ARRIESGADO,2786,128.2884699086591
ARRIESGADO,2787,104.01407438509098
ARRIESGADO,2788,176.81435819664114
ARRIESGADO,2789,159.36895073299155
ARRIESGADO,2790,141.82073608754934
ARRIESGADO,2791,135.09137373727452
ARRIESGADO,2792,70.6256739955438
ARRIESGADO,2793,141.68678409187157
ARRIESGADO,2794,175.13311944781015
ARRIESGADO,2795,128.3959371704879
ARRIESGADO,2796,115.23493415842233
ARRIESGADO,2797,132.12435708856805
ARRIESGADO,2798,146.33917880058618
ARRIESGADO,2799,147.73969680845053
ARRIESGADO,2800,199.23348675622708
ARRIESGADO,2801,152.6885285881122
ARRIESGADO,2802,127.8002777790304
ARRIESGADO,2803,160.77472586674517
ARRIESGADO,2804,140.04229404342811
ARRIESGADO,2805,127.49111512538632
ARRIESGADO,2806,132.1642152704466
ARRIESGADO,2807,144.96795874729955
ARRIESGADO,2808,143.03171288939365
ARRIESGADO,2809,151.77400359946512
ARRIESGADO,2810,139.38652550854314
ARRIESGADO,2811,101.71769914210532
ARRIESGADO,2812,106.22386642736211
ARRIESGADO,2813,174.39424153335614
ARRIESGADO,2814,111.07475744382911
ARRIESGADO,2815,99.6877067006104
ARRIESGADO,2816,163.20003035837743
ARRIESGADO,2817,172.57388313598932
ARRIESGADO,2818,148.58502444663912
ARRIESGADO,2819,157.14802725772333
ARRIESGADO,2820,133.38714075939157
ARRIESGADO,2821,137.91760987708867
ARRIESGADO,2822,121.51684543968405
ARRIESGADO,2823,137.91716747745815
ARRIESGADO,2824,119.65753320024056
ARRIESGADO,2825,115.6951502903846
ARRIESGADO,2826,87.46808414878593
ARRIESGADO,2827,155.20046323191895
ARRIESGADO,2828,162.86461511586705
ARRIESGADO,2829,133.03642111674324
ARRIESGADO,2830,182.70101526627423
ARRIESGADO,2831,124.46855016472202
ARRIESGADO,2832,152.6971450730498
ARRIESGADO,2833,121.10878777279241
ARRIESGADO,2834,152.22550273391357
ARRIESGADO,2835,148.0937651276349
ARRIESGADO,2836,145.11927061764973
ARRIESGADO,2837,122.96003923983992
ARRIESGADO,2838,149.2215143841226
ARRIESGADO,2839,158.37939177232673
ARRIESGADO,2840,131.20800858581035
ARRIESGADO,2841,160.109750388277
ARRIESGADO,2842,151.386881779833
ARRIESGADO,2843,153.13958164198837
ARRIESGADO,2844,133.98763030152367
ARRIESGADO,2845,129.0947029589819
ARRIESGADO,2846,204.30954486091144
ARRIESGADO,2847,153.23600662479734
ARRIESGADO,2848,174.11520602817387
ARRIESGADO,2849,142.9060112013588
ARRIESGADO,2850,156.2000288367201
ARRIESGADO,2851,194.90954356143723
ARRIESGADO,2852,120.81316096960208
ARRIESGADO,2853,125.58539387034685
ARRIESGADO,2854,140.88527673682643
ARRIESGADO,2855,116.97551854578361
ARRIESGADO,2856,101.3432236925108
ARRIESGADO,2857,124.3568794074168
ARRIESGADO,2858,131.02582721653025
ARRIESGADO,2859,167.10952274383772
ARRIESGADO,2860,125.00000096541545
ARRIESGADO,2861,153.21814884035484
ARRIESGADO,2862,158.22659203080727
ARRIESGADO,2863,163.68758045136653
ARRIESGADO,2864,132.98637082107777
ARRIESGADO,2865,147.57451942398734
ARRIESGADO,2866,169.1424366233428
ARRIESGADO,2867,161.0947501020117
ARRIESGADO,2868,166.63951811976415
ARRIESGADO,2869,131.94182445495315
ARRIESGADO,2870,156.30564738352246
ARRIESGADO,2871,163.38753320041917
ARRIESGADO,2872,142.4212131556033
ARRIESGADO,2873,173.61549894913009
ARRIESGADO,2874,155.87967474261654
ARRIESGADO,2875,146.1963449068453
ARRIESGADO,2876,106.79854850849853
ARRIESGADO,2877,162.85073461233586
ARRIESGADO,2878,146.0710360376097
ARRIESGADO,2879,170.44313193783512
ARRIESGADO,2880,142.78654256337182
ARRIESGADO,2881,104.15260677461464
ARRIESGADO,2882,139.1197965663812
ARRIESGADO,2883,138.6173763091442
ARRIESGADO,2884,202.5875050957075
ARRIESGADO,2885,155.2380092690629
ARRIESGADO,2886,125.55259674687383
ARRIESGADO,2887,135.50068878837686
ARRIESGADO,2888,127.56107766879586
ARRIESGADO,2889,155.7056087744267
ARRIESGADO,2890,108.3627094630609
ARRIESGADO,2891,181.06052324524532
ARRIESGADO,2892,116.93550504768697
ARRIESGADO,2893,185.62872192750837
ARRIESGADO,2894,135.73387100452425
ARRIESGADO,2895,120.18734703990573
ARRIESGADO,2896,185.40038720510555
ARRIESGADO,2897,176.62489070112989
ARRIESGADO,2898,110.55685997715955
ARRIESGADO,2899,163.6199778588912
ARRIESGADO,2900,127.6128517769852
ARRIESGADO,2901,102.00882400535484
ARRIESGADO,2902,122.65064456471038
ARRIESGADO,2903,122.35432574371562
ARRIESGADO,2904,97.9585802255646
ARRIESGADO,2905,140.32735735587292
ARRIESGADO,2906,161.55993560888064
ARRIESGADO,2907,139.467307111806
ARRIESGADO,2908,138.14295426873554
ARRIESGADO,2909,138.43209634446237
ARRIESGADO,2910,128.83312342114385
ARRIESGADO,2911,129.76017539987816
ARRIESGADO,2912,133.17699717612587
ARRIESGADO,2913,95.76818632304705
ARRIESGADO,2914,157.69536567694956
ARRIESGADO,2915,137.8408392108676
ARRIESGADO,2916,151.4332413251653
ARRIESGADO,2917,120.29189720271299
ARRIESGADO,2918,99.6348029744943
ARRIESGADO,2919,129.86673839568908
ARRIESGADO,2920,125.63847405858378
ARRIESGADO,2921,171.48528155885847
ARRIESGADO,2922,145.9836462088922
ARRIESGADO,2923,160.7242927179539
ARRIESGADO,2924,136.8214906481478
ARRIESGADO,2925,169.84791709794058
ARRIESGADO,2926,164.1542223173814
ARRIESGADO,2927,190.17641569906053
ARRIESGADO,2928,127.08442153533744
ARRIESGADO,2929,135.068203941142
ARRIESGADO,2930,139.27837891350796
ARRIESGADO,2931,159.74713468806073
ARRIESGADO,2932,110.99556262248494
ARRIESGADO,2933,151.33229484915316
ARRIESGADO,2934,115.50417484347004
ARRIESGADO,2935,134.15415015703869
ARRIESGADO,2936,130.88119428313257
ARRIESGADO,2937,143.68540143317648
ARRIESGADO,2938,122.31134472900096
ARRIESGADO,2939,176.86358142776567
ARRIESGADO,2940,126.95554457492224
ARRIESGADO,2941,165.50600564275214
ARRIESGADO,2942,136.05557599276165
ARRIESGADO,2943,145.7719548885867
ARRIESGADO,2944,137.44852193624436
ARRIESGADO,2945,132.38188478061102
ARRIESGADO,2946,85.33795240053391
ARRIESGADO,2947,140.58019109122608
ARRIESGADO,2948,107.68077241967148
ARRIESGADO,2949,115.57687183937435
ARRIESGADO,2950,174.9895784037493
ARRIESGADO,2951,147.96735000050876
ARRIESGADO,2952,115.57900206416824
ARRIESGADO,2953,167.202442017203
ARRIESGADO,2954,118.57134778959862
ARRIESGADO,2955,141.152990292918
ARRIESGADO,2956,138.23121795572814
ARRIESGADO,2957,125.07854862755956
ARRIESGADO,2958,149.90219983562514
ARRIESGADO,2959,129.3044947807805
ARRIESGADO,2960,156.32402928329418
ARRIESGADO,2961,124.37063635290886
ARRIESGADO,2962,147.40502330519473
ARRIESGADO,2963,148.34850175089403
ARRIESGADO,2964,182.27406563202254
ARRIESGADO,2965,159.9719943573576
ARRIESGADO,2966,115.96791369097207
ARRIESGADO,2967,156.5762011043037
ARRIESGADO,2968,134.4639736927053
ARRIESGADO,2969,131.09232736917852
ARRIESGADO,2970,120.45393507481126
ARRIESGADO,2971,115.71652451816365
ARRIESGADO,2972,129.0836635282945
ARRIESGADO,2973,161.70072566992954
ARRIESGADO,2974,163.23156740830782
ARRIESGADO,2975,127.32730062606399
ARRIESGADO,2976,154.73493684703587
ARRIESGADO,2977,127.42800779234851
ARRIESGADO,2978,115.88369626461278
ARRIESGADO,2979,147.82690443898147
ARRIESGADO,2980,127.39055443265276
ARRIESGADO,2981,161.6441942291703
ARRIESGADO,2982,149.4865153692054
ARRIESGADO,2983,111.86529378952375
ARRIESGADO,2984,140.89477798931685
ARRIESGADO,2985,162.25076163442756
ARRIESGADO,2986,192.0723610523623
ARRIESGADO,2987,162.1250697519157
ARRIESGADO,2988,121.20844416393831
ARRIESGADO,2989,109.87231003845821
ARRIESGADO,2990,166.6876514512678
ARRIESGADO,2991,137.0380035759733
ARRIESGADO,2992,160.51220715874243
ARRIESGADO,2993,143.34641331317886
ARRIESGADO,2994,154.5952214252364
ARRIESGADO,2995,180.60507109858997
ARRIESGADO,2996,150.29721519972216
ARRIESGADO,2997,132.29178220221863
ARRIESGADO,2998,118.32781320280338
ARRIESGADO,2999,140.05530450493535
ARRIESGADO,3000,128.32946059647395
ARRIESGADO,3001,116.8859439290609
ARRIESGADO,3002,156.17655423486474
ARRIESGADO,3003,142.11166088149614
ARRIESGADO,3004,158.37389062439445
ARRIESGADO,3005,160.42784006515723
ARRIESGADO,3006,109.61570823080287
ARRIESGADO,3007,118.96162268350503
ARRIESGADO,3008,158.15085471203273
ARRIESGADO,3009,109.25279732923481
ARRIESGADO,3010,173.17031392440938
ARRIESGADO,3011,100.85381906980476
ARRIESGADO,3012,126.77819680955182
ARRIESGADO,3013,168.5374430667222
ARRIESGADO,3014,135.12003564088906
ARRIESGADO,3015,113.47629644169402
ARRIESGADO,3016,144.26863768512064
ARRIESGADO,3017,140.8627192136828
ARRIESGADO,3018,167.74826574870121
ARRIESGADO,3019,165.68786625688816
ARRIESGADO,3020,101.29505802967388
ARRIESGADO,3021,120.50292976137807
ARRIESGADO,3022,135.98742946215415
ARRIESGADO,3023,148.22313376730364
ARRIESGADO,3024,115.05625654888355
ARRIESGADO,3025,120.02213161615646
ARRIESGADO,3026,136.1115499972644
ARRIESGADO,3027,156.32339197703988
ARRIESGADO,3028,101.48989726663825
ARRIESGADO,3029,148.0617157379255
ARRIESGADO,3030,159.70358402862558
ARRIESGADO,3031,146.5592416116238
ARRIESGADO,3032,138.50697105322865
ARRIESGADO,3033,133.37770018177724
ARRIESGADO,3034,114.22439133712477
ARRIESGADO,3035,149.86281933081565
ARRIESGADO,3036,130.04369461819937
ARRIESGADO,3037,163.56789319836895
ARRIESGADO,3038,174.33653210077344
ARRIESGADO,3039,155.81962382445607
ARRIESGADO,3040,162.92489704662628
ARRIESGADO,3041,176.87793411373855
ARRIESGADO,3042,126.58113451532834
ARRIESGADO,3043,116.42317203775224
ARRIESGADO,3044,170.18460323944535
ARRIESGADO,3045,120.31009816395006
ARRIESGADO,3046,172.20315631876494
ARRIESGADO,3047,144.9412935080925
ARRIESGADO,3048,130.17336734036047
ARRIESGADO,3049,117.16641728927132
ARRIESGADO,3050,155.47594413867705
ARRIESGADO,3051,156.94814029026256
ARRIESGADO,3052,148.71459229764002
ARRIESGADO,3053,127.03338047621152
ARRIESGADO,3054,161.044174127823
ARRIESGADO,3055,157.50921109165304
ARRIESGADO,3056,162.72620117903543
ARRIESGADO,3057,153.75879381375074
ARRIESGADO,3058,133.01184569725044
ARRIESGADO,3059,119.80874850069137
ARRIESGADO,3060,180.9308857734825
ARRIESGADO,3061,129.31018657963722
ARRIESGADO,3062,133.7285588373627
ARRIESGADO,3063,134.5801517692015
ARRIESGADO,3064,129.9965079612411
ARRIESGADO,3065,116.99946808011472
ARRIESGADO,3066,194.50820050328727
ARRIESGADO,3067,155.69243327817085
ARRIESGADO,3068,137.08659114572845
ARRIESGADO,3069,128.99185404082593
ARRIESGADO,3070,143.19149664455225
ARRIESGADO,3071,141.4432330203944
ARRIESGADO,3072,158.81945014032976
ARRIESGADO,3073,139.10479495146322
ARRIESGADO,3074,137.36003570882036
ARRIESGADO,3075,139.9237663123258
ARRIESGADO,3076,146.69358561887358
ARRIESGADO,3077,121.20339453539876
ARRIESGADO,3078,132.1397219365452
ARRIESGADO,3079,147.54692219410248
ARRIESGADO,3080,139.03735142500696
ARRIESGADO,3081,144.4980435438593
ARRIESGADO,3082,151.91069789068234
ARRIESGADO,3083,125.85580367849994
ARRIESGADO,3084,144.22701324312308
ARRIESGADO,3085,121.35891508516067
ARRIESGADO,3086,134.29321664097947
ARRIESGADO,3087,145.19380305838004
ARRIESGADO,3088,152.21678751525525
ARRIESGADO,3089,112.46087811227514
ARRIESGADO,3090,122.54970328405197
ARRIESGADO,3091,137.35047365921076
ARRIESGADO,3092,132.88300721230664
ARRIESGADO,3093,139.1893968387393
ARRIESGADO,3094,115.69476482806057
ARRIESGADO,3095,133.81366038076982
ARRIESGADO,3096,147.33082199733968
ARRIESGADO,3097,95.34472565732946
ARRIESGADO,3098,112.75991675413573
ARRIESGADO,3099,105.09832520957045
ARRIESGADO,3100,137.26504520979387
ARRIESGADO,3101,144.7993653946467
ARRIESGADO,3102,79.88897763554223
ARRIESGADO,3103,135.22714231585914
ARRIESGADO,3104,165.96254749105134
ARRIESGADO,3105,167.04135198336417
ARRIESGADO,3106,124.09650089515262
ARRIESGADO,3107,147.1589949662431
ARRIESGADO,3108,137.04392418591766
ARRIESGADO,3109,118.22930904450402
ARRIESGADO,3110,148.4485563869526
ARRIESGADO,3111,143.3478961261333
ARRIESGADO,3112,129.60403893706487
ARRIESGADO,3113,161.07496258091
ARRIESGADO,3114,156.11380783313288
ARRIESGADO,3115,142.0933695301262
ARRIESGADO,3116,152.71617351427284
ARRIESGADO,3117,113.61259978861631
ARRIESGADO,3118,164.39385350051924
ARRIESGADO,3119,154.67178982666644
ARRIESGADO,3120,153.4114074475787
ARRIESGADO,3121,165.74116817449587
ARRIESGADO,3122,116.29138064130278
ARRIESGADO,3123,140.78217542277636
ARRIESGADO,3124,105.0296205000057
ARRIESGADO,3125,90.20048328861355
ARRIESGADO,3126,151.8048051372875
ARRIESGADO,3127,116.54187812752616
ARRIESGADO,3128,121.65665834445319
ARRIESGADO,3129,162.85619290811897
ARRIESGADO,3130,135.15607153155975
ARRIESGADO,3131,129.73813653988466
ARRIESGADO,3132,153.57893318885095
ARRIESGADO,3133,152.72435220421065
ARRIESGADO,3134,129.08158855381654
ARRIESGADO,3135,134.30828998278267
ARRIESGADO,3136,160.3210243928848
ARRIESGADO,3137,163.29897605394893
ARRIESGADO,3138,122.35105138957722
ARRIESGADO,3139,136.71872280634014
ARRIESGADO,3140,167.06119332351648
ARRIESGADO,3141,135.3813670957759
ARRIESGADO,3142,150.187725321835
ARRIESGADO,3143,166.0040946193398
ARRIESGADO,3144,161.66269410670992
ARRIESGADO,3145,181.67579625702479
ARRIESGADO,3146,145.65408483589522
ARRIESGADO,3147,147.31883778730943
ARRIESGADO,3148,141.43968672709798
ARRIESGADO,3149,139.35713060970778
ARRIESGADO,3150,175.04156948101294
ARRIESGADO,3151,117.8012560878728
ARRIESGADO,3152,115.61600598238083
ARRIESGADO,3153,102.04548896518624
ARRIESGADO,3154,157.48862738590992
ARRIESGADO,3155,131.69516654513788
ARRIESGADO,3156,156.89685606730046
ARRIESGADO,3157,179.8092256513392
ARRIESGADO,3158,109.78548589003586
ARRIESGADO,3159,134.94573803672282
ARRIESGADO,3160,148.18674489414022
ARRIESGADO,3161,174.64805065468906
ARRIESGADO,3162,130.36171778306363
ARRIESGADO,3163,163.98635853181221
ARRIESGADO,3164,100.23753114726964
ARRIESGADO,3165,184.09298484204942
ARRIESGADO,3166,149.40842688070137
ARRIESGADO,3167,136.581005783562
ARRIESGADO,3168,133.47614879580493
ARRIESGADO,3169,140.44086300863512
ARRIESGADO,3170,118.93944921681387
ARRIESGADO,3171,134.20857511757274
ARRIESGADO,3172,146.3615887575745
ARRIESGADO,3173,136.0593792308163
ARRIESGADO,3174,141.64443575830495
ARRIESGADO,3175,148.35241234305732
ARRIESGADO,3176,125.06217767959792
ARRIESGADO,3177,156.24313620829193
ARRIESGADO,3178,129.1330033498648
ARRIESGADO,3179,119.92699622823731
ARRIESGADO,3180,141.29629145721862
ARRIESGADO,3181,159.49126170254675
ARRIESGADO,3182,182.4812718423976
ARRIESGADO,3183,139.97045519327355
ARRIESGADO,3184,171.81933292082203
ARRIESGADO,3185,117.52485180373219
ARRIESGADO,3186,174.2431022449631
ARRIESGADO,3187,141.08427152905023
ARRIESGADO,3188,145.876979491226
ARRIESGADO,3189,174.3552833278462
ARRIESGADO,3190,169.70486891761732
ARRIESGADO,3191,127.38288685221484
ARRIESGADO,3192,118.14044956154586
ARRIESGADO,3193,140.94598549897913
ARRIESGADO,3194,111.63629661045195
ARRIESGADO,3195,148.0559716445655
ARRIESGADO,3196,157.43846432913244
ARRIESGADO,3197,187.6223828869237
ARRIESGADO,3198,127.8661182987971
ARRIESGADO,3199,134.50679959490384
ARRIESGADO,3200,142.76648053848817
ARRIESGADO,3201,140.9795140372636
ARRIESGADO,3202,121.82259388414217
ARRIESGADO,3203,170.6490213722734
ARRIESGADO,3204,167.71636059742872
ARRIESGADO,3205,149.05723202277613
ARRIESGADO,3206,128.91452001854137
ARRIESGADO,3207,138.83514363583257
ARRIESGADO,3208,139.82651561465778
ARRIESGADO,3209,157.09185786002755
ARRIESGADO,3210,149.50466578475059
ARRIESGADO,3211,172.8589489919181
ARRIESGADO,3212,123.3276622841768
ARRIESGADO,3213,111.30154838622866
ARRIESGADO,3214,153.5829883959997
ARRIESGADO,3215,151.37875098655329
ARRIESGADO,3216,127.03597700243594
ARRIESGADO,3217,161.72933025103055
ARRIESGADO,3218,139.67579656922283
ARRIESGADO,3219,204.214363660116
ARRIESGADO,3220,122.54821761223081
ARRIESGADO,3221,151.4221266566936
ARRIESGADO,3222,140.18058900892208
ARRIESGADO,3223,149.20023538029324
ARRIESGADO,3224,151.46688843651498
ARRIESGADO,3225,132.27947990587973
ARRIESGADO,3226,135.80149449932827
ARRIESGADO,3227,165.51968953045346
ARRIESGADO,3228,131.89340264127438
ARRIESGADO,3229,129.53698914304533
ARRIESGADO,3230,149.2205474953069
ARRIESGADO,3231,150.54187626336275
ARRIESGADO,3232,127.10182689201876
ARRIESGADO,3233,128.16167883135122
ARRIESGADO,3234,144.22957524046993
ARRIESGADO,3235,169.76857763402276
ARRIESGADO,3236,148.22703518762413
ARRIESGADO,3237,132.27727129865315
ARRIESGADO,3238,137.09404575496396
ARRIESGADO,3239,106.1060147143591
ARRIESGADO,3240,153.88008597531453
ARRIESGADO,3241,127.61098125200105
ARRIESGADO,3242,129.21567019470618
ARRIESGADO,3243,172.93163729745032
ARRIESGADO,3244,151.921997080106
ARRIESGADO,3245,141.3833340409251
ARRIESGADO,3246,118.67343561118462
ARRIESGADO,3247,135.08358119770926
ARRIESGADO,3248,158.35009627268155
ARRIESGADO,3249,140.6773314925762
ARRIESGADO,3250,92.54034693109057
ARRIESGADO,3251,115.23266005149021
ARRIESGADO,3252,151.9292489062482
ARRIESGADO,3253,113.37847620120102
ARRIESGADO,3254,161.0262836337918
ARRIESGADO,3255,131.72008144822325
ARRIESGADO,3256,127.81935556808368
ARRIESGADO,3257,97.22659989970171
ARRIESGADO,3258,123.18861819744208
ARRIESGADO,3259,151.61293838024136
ARRIESGADO,3260,138.6480265489021
ARRIESGADO,3261,163.47807190833808
ARRIESGADO,3262,125.5400956016241
ARRIESGADO,3263,157.53724436240662
ARRIESGADO,3264,96.65639734714958
ARRIESGADO,3265,149.88888824511452
ARRIESGADO,3266,106.28529621205482
ARRIESGADO,3267,174.76200330288506
ARRIESGADO,3268,113.891021163869
ARRIESGADO,3269,159.39312554500015
ARRIESGADO,3270,152.75070072721024
ARRIESGADO,3271,141.92950156506325
ARRIESGADO,3272,145.9894273368256
ARRIESGADO,3273,138.15625462732845
ARRIESGADO,3274,156.69951372337914
ARRIESGADO,3275,134.62456048470247
ARRIESGADO,3276,184.6070763961927
ARRIESGADO,3277,117.4707379389153
ARRIESGADO,3278,155.3508799501778
ARRIESGADO,3279,114.97168370918804
ARRIESGADO,3280,128.71613879915688
ARRIESGADO,3281,133.1734374513648
ARRIESGADO,3282,123.23046706229337
ARRIESGADO,3283,146.6906784804571
ARRIESGADO,3284,110.31478719225981
ARRIESGADO,3285,113.3053419498712
ARRIESGADO,3286,137.9177304746941
ARRIESGADO,3287,177.23137087559
ARRIESGADO,3288,168.94883766337517
ARRIESGADO,3289,136.12327433480192
ARRIESGADO,3290,98.18141997464205
ARRIESGADO,3291,149.48790844874125
ARRIESGADO,3292,122.64112022411663
ARRIESGADO,3293,127.98372944172368
ARRIESGADO,3294,126.03410807256365
ARRIESGADO,3295,145.35886738635006
ARRIESGADO,3296,149.84393817448083
ARRIESGADO,3297,162.01620647444852
ARRIESGADO,3298,163.7337626429007
ARRIESGADO,3299,183.33508308762282
ARRIESGADO,3300,124.27654329329927
ARRIESGADO,3301,136.4692258174519
ARRIESGADO,3302,139.77217402980443
ARRIESGADO,3303,144.12497359697247
ARRIESGADO,3304,105.33484669497935
ARRIESGADO,3305,177.41296409286085
ARRIESGADO,3306,109.77305732557137
ARRIESGADO,3307,162.31199768673443
ARRIESGADO,3308,139.8188934122966
ARRIESGADO,3309,131.85271934771552
ARRIESGADO,3310,181.26767086192277
ARRIESGADO,3311,212.4386029935147
ARRIESGADO,3312,150.11319948417926
ARRIESGADO,3313,111.10429464111304
ARRIESGADO,3314,93.67804846710965
ARRIESGADO,3315,139.93362799899478
ARRIESGADO,3316,103.73607106998546
ARRIESGADO,3317,148.85961363970173
ARRIESGADO,3318,154.06110578364476
ARRIESGADO,3319,137.3383022903382
ARRIESGADO,3320,145.28501279057363
ARRIESGADO,3321,161.47835667329988
ARRIESGADO,3322,152.42122722155045
ARRIESGADO,3323,163.98122282537423
ARRIESGADO,3324,153.13173025664065
ARRIESGADO,3325,149.03729322439378
ARRIESGADO,3326,94.37605324178256
ARRIESGADO,3327,171.18146391866193
ARRIESGADO,3328,140.19111440706402
ARRIESGADO,3329,153.30245633379405
ARRIESGADO,3330,163.30106186023266
ARRIESGADO,3331,129.19915516209744
ARRIESGADO,3332,140.9991188030149
ARRIESGADO,3333,158.25341160733558
ARRIESGADO,3334,125.79777411590737
ARRIESGADO,3335,135.1176507146105
ARRIESGADO,3336,152.08956670140566
ARRIESGADO,3337,115.56097717729592
ARRIESGADO,3338,144.20020472514176
ARRIESGADO,3339,188.87282472157813
ARRIESGADO,3340,144.50804622234716
ARRIESGADO,3341,159.74839913266192
ARRIESGADO,3342,126.63624025426826
ARRIESGADO,3343,173.7379284479305
ARRIESGADO,3344,141.4375166380861
ARRIESGADO,3345,141.23767756309223
ARRIESGADO,3346,151.15546805869414
ARRIESGADO,3347,137.39723711477185
ARRIESGADO,3348,179.37530122737678
ARRIESGADO,3349,116.61581215454493
ARRIESGADO,3350,110.07387230205673
ARRIESGADO,3351,122.03128077872861
ARRIESGADO,3352,209.59937058383306
ARRIESGADO,3353,125.46876902482458
ARRIESGADO,3354,131.2291864758294
ARRIESGADO,3355,118.07894800674778
ARRIESGADO,3356,132.6875340676983
ARRIESGADO,3357,139.4757752853368
ARRIESGADO,3358,159.70590796803185
ARRIESGADO,3359,130.64203610210214
ARRIESGADO,3360,145.22238952993507
ARRIESGADO,3361,129.3839516706175
ARRIESGADO,3362,136.272870759286
ARRIESGADO,3363,157.65752501762523
ARRIESGADO,3364,138.035677188398
ARRIESGADO,3365,174.38408776911018
ARRIESGADO,3366,141.2702199469119
ARRIESGADO,3367,87.34147037374484
ARRIESGADO,3368,160.50728538798765
ARRIESGADO,3369,125.99980886698029
ARRIESGADO,3370,136.91071392386726
ARRIESGADO,3371,102.16600868203089
ARRIESGADO,3372,131.77478138658068
ARRIESGADO,3373,159.60197019224768
ARRIESGADO,3374,119.07598698015828
ARRIESGADO,3375,123.26909705049152
ARRIESGADO,3376,116.51054749275252
ARRIESGADO,3377,115.57672544869564
ARRIESGADO,3378,130.35090011313198
ARRIESGADO,3379,152.30728260280267
ARRIESGADO,3380,166.8926193214831
ARRIESGADO,3381,171.0529798789617
ARRIESGADO,3382,130.3568374883166
ARRIESGADO,3383,160.11365213400808
ARRIESGADO,3384,152.98763942562096
ARRIESGADO,3385,155.42346658747763
ARRIESGADO,3386,136.5767168388452
ARRIESGADO,3387,135.37336165632544
ARRIESGADO,3388,169.30237795584355
ARRIESGADO,3389,133.5784456106006
ARRIESGADO,3390,165.66566148418832
ARRIESGADO,3391,88.00537901247986
ARRIESGADO,3392,129.75203735573356
ARRIESGADO,3393,122.26965752818312
ARRIESGADO,3394,131.38590314987843
ARRIESGADO,3395,126.661137108995
ARRIESGADO,3396,164.3902238527863
ARRIESGADO,3397,121.3787058942449
ARRIESGADO,3398,196.09710935919728
ARRIESGADO,3399,104.66727996020211
ARRIESGADO,3400,157.10993418434765
ARRIESGADO,3401,117.14989351149357
ARRIESGADO,3402,145.75894632328558
ARRIESGADO,3403,116.8136359519235
ARRIESGADO,3404,141.45148130644918
ARRIESGADO,3405,111.37363872335592
ARRIESGADO,3406,137.82256820753418
ARRIESGADO,3407,103.58918635865518
ARRIESGADO,3408,105.70375411555233
ARRIESGADO,3409,172.25972819970193
ARRIESGADO,3410,159.17620782496465
ARRIESGADO,3411,165.64375685394762
ARRIESGADO,3412,125.7761250019993
ARRIESGADO,3413,132.67331514705842
ARRIESGADO,3414,152.59865631417705
ARRIESGADO,3415,135.63895990355908
ARRIESGADO,3416,126.94305223151203
ARRIESGADO,3417,141.15121976695977
ARRIESGADO,3418,147.67272906049118
ARRIESGADO,3419,188.20882336257236
ARRIESGADO,3420,152.53189211164894
ARRIESGADO,3421,170.5732377470408
ARRIESGADO,3422,144.2775515586522
ARRIESGADO,3423,97.92353155873712
ARRIESGADO,3424,131.14019025647968
ARRIESGADO,3425,177.3517220074513
ARRIESGADO,3426,152.76803358121467
ARRIESGADO,3427,148.18370310246817
ARRIESGADO,3428,166.73295240522665
ARRIESGADO,3429,122.54863401511976
ARRIESGADO,3430,123.72055399321725
ARRIESGADO,3431,136.18576407640074
ARRIESGADO,3432,143.48909818611162
ARRIESGADO,3433,139.24600191286243
ARRIESGADO,3434,142.54837454466343
ARRIESGADO,3435,163.31543020645535
ARRIESGADO,3436,159.70382792689088
ARRIESGADO,3437,122.6378934608444
ARRIESGADO,3438,104.07548562985934
ARRIESGADO,3439,142.48441585585897
ARRIESGADO,3440,124.30196651379032
ARRIESGADO,3441,119.38746965173407
ARRIESGADO,3442,128.3776822155242
ARRIESGADO,3443,117.66305627373298
ARRIESGADO,3444,167.18504386299185
ARRIESGADO,3445,110.32168784517485
ARRIESGADO,3446,125.85106241428014
ARRIESGADO,3447,135.75873891772846
ARRIESGADO,3448,167.3846171747475
ARRIESGADO,3449,116.14089350896577
ARRIESGADO,3450,123.66437929419314
ARRIESGADO,3451,180.8721370619745
ARRIESGADO,3452,148.52963781614247
ARRIESGADO,3453,119.46206865813785
ARRIESGADO,3454,156.4034649652019
ARRIESGADO,3455,139.69452770975485
ARRIESGADO,3456,133.3634493772912
ARRIESGADO,3457,147.91686231129356
ARRIESGADO,3458,158.83380640605142
ARRIESGADO,3459,121.00574445125949
ARRIESGADO,3460,130.79204360995163
ARRIESGADO,3461,143.78863334026852
ARRIESGADO,3462,147.46366216485774
ARRIESGADO,3463,142.98807970739992
ARRIESGADO,3464,143.39802621245593
ARRIESGADO,3465,143.97255448589928
ARRIESGADO,3466,104.9437665424278
ARRIESGADO,3467,147.05222493075522
ARRIESGADO,3468,139.46551108873754
ARRIESGADO,3469,154.16028077145054
ARRIESGADO,3470,133.64754102842332
ARRIESGADO,3471,174.74088194670466
ARRIESGADO,3472,137.57657766701604
ARRIESGADO,3473,155.2960592623342
ARRIESGADO,3474,146.96449208593788
ARRIESGADO,3475,145.71044980084574
ARRIESGADO,3476,149.02140099529328
ARRIESGADO,3477,181.50424067993512
ARRIESGADO,3478,156.21765464067016
ARRIESGADO,3479,130.8448393750028
ARRIESGADO,3480,158.7564656930893
ARRIESGADO,3481,159.9532991036526
ARRIESGADO,3482,153.45706808403884
ARRIESGADO,3483,128.3719831286987
ARRIESGADO,3484,139.9558915800246
ARRIESGADO,3485,181.30500730164545
ARRIESGADO,3486,130.5069888852059
ARRIESGADO,3487,159.07318833297973
ARRIESGADO,3488,154.790283176048
ARRIESGADO,3489,122.87504954980011
ARRIESGADO,3490,111.88139319858317
ARRIESGADO,3491,150.11461384536938
ARRIESGADO,3492,140.3787121127385
ARRIESGADO,3493,120.51219458037451
ARRIESGADO,3494,149.24948504952408
ARRIESGADO,3495,114.8268786560251
ARRIESGADO,3496,146.89553483040117
ARRIESGADO,3497,153.32314729345313
ARRIESGADO,3498,144.74406077781737
ARRIESGADO,3499,137.36331833506682
ARRIESGADO,3500,136.56109945929097
ARRIESGADO,3501,118.63045305567981
ARRIESGADO,3502,145.7298286733323
ARRIESGADO,3503,166.71192304951884
ARRIESGADO,3504,139.95858893943762
ARRIESGADO,3505,110.98703083856235
ARRIESGADO,3506,173.79076668055157
ARRIESGADO,3507,157.91045189244394
ARRIESGADO,3508,133.27892948258653
ARRIESGADO,3509,152.55769557465788
ARRIESGADO,3510,132.78155237936585
ARRIESGADO,3511,141.80081027358437
ARRIESGADO,3512,135.6370125797265
ARRIESGADO,3513,158.55417072420772
ARRIESGADO,3514,140.86931019701905
ARRIESGADO,3515,132.75980107082927
ARRIESGADO,3516,114.01931361592997
ARRIESGADO,3517,127.4137091836383
ARRIESGADO,3518,155.93008896539905
ARRIESGADO,3519,148.1689056746389
ARRIESGADO,3520,162.00518227041238
ARRIESGADO,3521,171.12894625623332
ARRIESGADO,3522,125.37545932165294
ARRIESGADO,3523,136.7325388184493
ARRIESGADO,3524,123.32346791445656
ARRIESGADO,3525,116.57962395543255
ARRIESGADO,3526,183.70860093408663
ARRIESGADO,3527,145.85856351852212
ARRIESGADO,3528,146.51563012717986
ARRIESGADO,3529,138.44200664334207
ARRIESGADO,3530,101.04156971138795
ARRIESGADO,3531,115.48501837303634
ARRIESGADO,3532,108.9264283323565
ARRIESGADO,3533,121.56730766755928
ARRIESGADO,3534,153.4691187749943
ARRIESGADO,3535,146.20203249911464
ARRIESGADO,3536,136.4257151947341
ARRIESGADO,3537,128.6453282674511
ARRIESGADO,3538,125.04963326046655
ARRIESGADO,3539,149.2609903596302
ARRIESGADO,3540,129.00535300757514
ARRIESGADO,3541,118.5017344740268
ARRIESGADO,3542,158.77067734929594
ARRIESGADO,3543,169.35231963945006
ARRIESGADO,3544,162.17104298299836
ARRIESGADO,3545,141.18220034884484
ARRIESGADO,3546,129.29959556053535
ARRIESGADO,3547,117.02807857185445
ARRIESGADO,3548,131.8572374465967
ARRIESGADO,3549,121.01772055028621
ARRIESGADO,3550,109.66529836131875
ARRIESGADO,3551,88.05279435538124
ARRIESGADO,3552,124.30532481841439
ARRIESGADO,3553,156.7689592551849
ARRIESGADO,3554,133.40383225677758
ARRIESGADO,3555,137.8900104163548
ARRIESGADO,3556,142.16994342381872
ARRIESGADO,3557,171.8268577737702
ARRIESGADO,3558,164.82424727506606
ARRIESGADO,3559,181.14317983468894
ARRIESGADO,3560,152.86812357853603
ARRIESGADO,3561,147.13941344544165
ARRIESGADO,3562,137.80652162577283
ARRIESGADO,3563,92.51833362162648
ARRIESGADO,3564,143.97618161691793
ARRIESGADO,3565,128.34360884054297
ARRIESGADO,3566,121.33670345456838
ARRIESGADO,3567,155.98209388484386
ARRIESGADO,3568,94.51343341720165
ARRIESGADO,3569,141.83635825449366
ARRIESGADO,3570,139.0694325830709
ARRIESGADO,3571,143.68606151639602
ARRIESGADO,3572,139.32258396783308
ARRIESGADO,3573,158.72467029144738
ARRIESGADO,3574,130.15441846887296
ARRIESGADO,3575,121.0212224210325
ARRIESGADO,3576,139.4368840338895
ARRIESGADO,3577,135.65842075854962
ARRIESGADO,3578,171.19389637420193
ARRIESGADO,3579,135.15127331088004
ARRIESGADO,3580,129.83319391311343
ARRIESGADO,3581,117.61026822134926
ARRIESGADO,3582,141.80042359804634
ARRIESGADO,3583,112.46047926499867
ARRIESGADO,3584,142.256824303207
ARRIESGADO,3585,127.38713253733265
ARRIESGADO,3586,137.98298998533423
ARRIESGADO,3587,128.56610651838662
ARRIESGADO,3588,143.06517780118992
ARRIESGADO,3589,142.97069965027288
ARRIESGADO,3590,125.22973316348154
ARRIESGADO,3591,156.5195551709285
ARRIESGADO,3592,105.46185377516028
ARRIESGADO,3593,135.00456503071808
ARRIESGADO,3594,130.79198987885727
ARRIESGADO,3595,153.72905399596468
ARRIESGADO,3596,201.6417832412149
ARRIESGADO,3597,171.59767034986137
ARRIESGADO,3598,151.58012319758018
ARRIESGADO,3599,138.59819257063316
ARRIESGADO,3600,117.47327091739442
ARRIESGADO,3601,133.21760303936472
ARRIESGADO,3602,142.9380866795712
ARRIESGADO,3603,137.84565052345877
ARRIESGADO,3604,155.33888125744812
ARRIESGADO,3605,149.31195150463458
ARRIESGADO,3606,159.52833856285554
ARRIESGADO,3607,149.14415725427935
ARRIESGADO,3608,142.38385027590766
ARRIESGADO,3609,101.00181276226866
ARRIESGADO,3610,114.32594399487473
ARRIESGADO,3611,133.65995935502718
ARRIESGADO,3612,129.8957535883416
ARRIESGADO,3613,149.78171732793825
ARRIESGADO,3614,130.95590286868278
ARRIESGADO,3615,118.74918151756444
ARRIESGADO,3616,149.36201755224496
ARRIESGADO,3617,159.75130244785763
ARRIESGADO,3618,126.85280773309879
ARRIESGADO,3619,130.56535611089535
ARRIESGADO,3620,109.77794887097596
ARRIESGADO,3621,137.81175943880365
ARRIESGADO,3622,119.68220386798028
ARRIESGADO,3623,146.09201480205422
ARRIESGADO,3624,149.2012547728735
ARRIESGADO,3625,144.1507095208507
ARRIESGADO,3626,159.82442881637692
ARRIESGADO,3627,123.28836429023572
ARRIESGADO,3628,124.9832974509686
ARRIESGADO,3629,128.25893530425742
ARRIESGADO,3630,154.8427921584518
ARRIESGADO,3631,114.41780707552675
ARRIESGADO,3632,112.70781523751332
ARRIESGADO,3633,134.01110712958058
ARRIESGADO,3634,117.55502076612976
ARRIESGADO,3635,138.0879557661296
ARRIESGADO,3636,132.36541135943673
ARRIESGADO,3637,157.22262208153114
ARRIESGADO,3638,166.4443488986612
ARRIESGADO,3639,136.2935608224179
ARRIESGADO,3640,108.15861373612572
ARRIESGADO,3641,92.90371113852154
ARRIESGADO,3642,119.21960317791373
ARRIESGADO,3643,141.147898859725
ARRIESGADO,3644,126.05265785610366
ARRIESGADO,3645,158.4543245102441
ARRIESGADO,3646,132.36424223153116
ARRIESGADO,3647,144.87290488820915
ARRIESGADO,3648,136.6563360724451
ARRIESGADO,3649,134.1699751141996
ARRIESGADO,3650,128.62012970921302
ARRIESGADO,3651,145.8835223931287
ARRIESGADO,3652,136.86215761794048
ARRIESGADO,3653,105.71407218234958
ARRIESGADO,3654,151.06896379874703
ARRIESGADO,3655,140.85610179128224
ARRIESGADO,3656,146.17176215579255
ARRIESGADO,3657,143.1659929710198
ARRIESGADO,3658,177.13436338895792
ARRIESGADO,3659,125.45182407095511
ARRIESGADO,3660,139.06569285198924
ARRIESGADO,3661,125.78579661485253
ARRIESGADO,3662,125.50348841638014
ARRIESGADO,3663,149.3594458305877
ARRIESGADO,3664,141.9943283143076
ARRIESGADO,3665,105.41709011491373
ARRIESGADO,3666,109.82239894181782
ARRIESGADO,3667,130.2991156354398
ARRIESGADO,3668,93.99454884162091
ARRIESGADO,3669,134.48097110423328
ARRIESGADO,3670,113.6101595820694
ARRIESGADO,3671,157.90256170154547
ARRIESGADO,3672,120.24664847694277
ARRIESGADO,3673,136.7493961616387
ARRIESGADO,3674,149.67761398849362
ARRIESGADO,3675,153.62595225571766
ARRIESGADO,3676,132.05233832453226
ARRIESGADO,3677,128.06777678559166
ARRIESGADO,3678,203.82916442966186
ARRIESGADO,3679,108.97986889535704
ARRIESGADO,3680,156.59097495033564
ARRIESGADO,3681,146.37055878647254
ARRIESGADO,3682,135.46171535069783
ARRIESGADO,3683,147.59799228647927
ARRIESGADO,3684,128.66011585795178
ARRIESGADO,3685,126.47417044597722
ARRIESGADO,3686,144.65255822695528
ARRIESGADO,3687,124.74369573587775
ARRIESGADO,3688,157.75151152178142
ARRIESGADO,3689,129.73479033832163
ARRIESGADO,3690,150.06919542839782
ARRIESGADO,3691,170.1010761718284
ARRIESGADO,3692,117.03221047907357
ARRIESGADO,3693,103.33092195375053
ARRIESGADO,3694,144.95741881284567
ARRIESGADO,3695,150.89450813335475
ARRIESGADO,3696,163.85473570036487
ARRIESGADO,3697,133.91030744835925
ARRIESGADO,3698,140.72937743215215
ARRIESGADO,3699,155.44079946918347
ARRIESGADO,3700,194.54016435071378
ARRIESGADO,3701,157.51056714913142
ARRIESGADO,3702,148.69233267850183
ARRIESGADO,3703,99.62885800362915
ARRIESGADO,3704,150.4155709494848
ARRIESGADO,3705,163.6470682548599
ARRIESGADO,3706,121.43123667743505
ARRIESGADO,3707,150.33049880135331
ARRIESGADO,3708,107.41346667102646
ARRIESGADO,3709,164.03793558245602
ARRIESGADO,3710,151.62935971306962
ARRIESGADO,3711,119.41139715367886
ARRIESGADO,3712,185.39672943019698
ARRIESGADO,3713,127.63892464541112
ARRIESGADO,3714,119.4067764776065
ARRIESGADO,3715,120.72648052494104
ARRIESGADO,3716,127.36281629636333
ARRIESGADO,3717,148.0094065003491
ARRIESGADO,3718,172.14018299378984
ARRIESGADO,3719,168.91972924377774
ARRIESGADO,3720,105.77508996121955
ARRIESGADO,3721,128.17156573021765
ARRIESGADO,3722,153.37026490849442
ARRIESGADO,3723,166.7384628604345
ARRIESGADO,3724,110.75322340999145
ARRIESGADO,3725,155.20029702418563
ARRIESGADO,3726,125.85399170729559
ARRIESGADO,3727,126.53423269533714
ARRIESGADO,3728,133.9898381307792
ARRIESGADO,3729,140.3464457338424
ARRIESGADO,3730,131.44750748674662
ARRIESGADO,3731,111.49561196549482
ARRIESGADO,3732,98.43492357135237
ARRIESGADO,3733,136.31970739720404
ARRIESGADO,3734,131.06301071658564
ARRIESGADO,3735,107.26058950826628
ARRIESGADO,3736,120.07874634743487
ARRIESGADO,3737,148.42387156475377
ARRIESGADO,3738,94.27950413060069
ARRIESGADO,3739,130.17410468274593
ARRIESGADO,3740,170.21086768389472
ARRIESGADO,3741,147.96713175099973
ARRIESGADO,3742,134.9770877320929
ARRIESGADO,3743,129.13221612181644
ARRIESGADO,3744,134.58667947687292
ARRIESGADO,3745,160.22493907673604
ARRIESGADO,3746,148.03702781721796
ARRIESGADO,3747,130.75148121001496
ARRIESGADO,3748,145.9655455807641
ARRIESGADO,3749,160.6390708925241
ARRIESGADO,3750,114.19734900619832
ARRIESGADO,3751,145.8732028519989
ARRIESGADO,3752,157.8969616704542
ARRIESGADO,3753,140.39517324794565
ARRIESGADO,3754,135.19502945081882
ARRIESGADO,3755,95.47303197825711
ARRIESGADO,3756,129.12823953379996
ARRIESGADO,3757,163.55587678939636
ARRIESGADO,3758,201.67151133980835
ARRIESGADO,3759,151.86524940671174
ARRIESGADO,3760,144.75941626062544
ARRIESGADO,3761,170.59682229062219
ARRIESGADO,3762,154.7736839658325
ARRIESGADO,3763,142.12140604876686
ARRIESGADO,3764,115.4147885722655
ARRIESGADO,3765,114.81312873499341
ARRIESGADO,3766,152.86223229863032
ARRIESGADO,3767,122.88482156277819
ARRIESGADO,3768,131.5078879437325
ARRIESGADO,3769,146.06223046195313
ARRIESGADO,3770,127.60087098682902
ARRIESGADO,3771,133.37042841196785
ARRIESGADO,3772,182.0705199323523
ARRIESGADO,3773,138.4216038679745
ARRIESGADO,3774,122.17588315601616
ARRIESGADO,3775,129.29714597092686
ARRIESGADO,3776,146.68089970393325
ARRIESGADO,3777,160.49620950325036
ARRIESGADO,3778,132.97097214468417
ARRIESGADO,3779,153.65629299551165
ARRIESGADO,3780,132.20181059999726
ARRIESGADO,3781,145.55547340872283
ARRIESGADO,3782,117.00516713853965
ARRIESGADO,3783,132.56111471250483
ARRIESGADO,3784,170.35345685919134
ARRIESGADO,3785,128.58424332341323
ARRIESGADO,3786,136.60433652114298
ARRIESGADO,3787,175.23344948893677
ARRIESGADO,3788,142.87382912874196
ARRIESGADO,3789,105.6883269808786
ARRIESGADO,3790,111.66974894100348
ARRIESGADO,3791,75.37894930070007
ARRIESGADO,3792,124.61474153856419
ARRIESGADO,3793,142.9738574222442
ARRIESGADO,3794,168.01271381497952
ARRIESGADO,3795,153.82315965510483
ARRIESGADO,3796,123.69825399543406
ARRIESGADO,3797,131.61852638495185
ARRIESGADO,3798,168.7485543540214
ARRIESGADO,3799,130.8594546350314
ARRIESGADO,3800,164.12285635407466
ARRIESGADO,3801,136.37334266691533
ARRIESGADO,3802,146.39095714360147
ARRIESGADO,3803,179.37770447496908
ARRIESGADO,3804,99.00402428287056
ARRIESGADO,3805,141.99207349366827
ARRIESGADO,3806,121.08173325613781
ARRIESGADO,3807,139.72386550157
ARRIESGADO,3808,123.34515568135873
ARRIESGADO,3809,163.38186494765154
ARRIESGADO,3810,101.38439749644654
ARRIESGADO,3811,153.420457739542
ARRIESGADO,3812,150.02880610856315
ARRIESGADO,3813,169.83786135781958
ARRIESGADO,3814,166.62664196460474
ARRIESGADO,3815,159.27369901337437
ARRIESGADO,3816,124.75739894630418
ARRIESGADO,3817,138.78506871919873
ARRIESGADO,3818,150.34519843734535
ARRIESGADO,3819,127.30343671602455
ARRIESGADO,3820,169.44138638303318
ARRIESGADO,3821,149.848415196816
ARRIESGADO,3822,126.10929097623591
ARRIESGADO,3823,98.58207989515184
ARRIESGADO,3824,125.69920443417364
ARRIESGADO,3825,166.64176641475328
ARRIESGADO,3826,143.42759194114083
ARRIESGADO,3827,154.8568774562278
ARRIESGADO,3828,148.357075845459
ARRIESGADO,3829,140.0954142829409
ARRIESGADO,3830,166.68408954465042
ARRIESGADO,3831,141.04931700552908
ARRIESGADO,3832,177.78333775520042
ARRIESGADO,3833,128.2000300331435
ARRIESGADO,3834,139.90994720337835
ARRIESGADO,3835,178.14705060824062
ARRIESGADO,3836,84.5929147527977
ARRIESGADO,3837,135.4531267187324
ARRIESGADO,3838,161.02060762368257
ARRIESGADO,3839,134.06961465876114
ARRIESGADO,3840,122.31924550329005
ARRIESGADO,3841,137.75770349259852
ARRIESGADO,3842,141.76314835424023
ARRIESGADO,3843,166.67500306047697
ARRIESGADO,3844,151.6897966226862
ARRIESGADO,3845,160.57972206406043
ARRIESGADO,3846,145.22367737494525
ARRIESGADO,3847,189.96047038614682
ARRIESGADO,3848,139.31739536800671
ARRIESGADO,3849,146.48932764663826
ARRIESGADO,3850,131.51410824457992
ARRIESGADO,3851,184.41037969518715
ARRIESGADO,3852,157.53036173427486
ARRIESGADO,3853,168.97297348704546
ARRIESGADO,3854,151.16174947725875
ARRIESGADO,3855,109.61345661003311
ARRIESGADO,3856,124.9717636952638
ARRIESGADO,3857,141.5623257076755
ARRIESGADO,3858,156.2902213790737
ARRIESGADO,3859,164.59956060444102
ARRIESGADO,3860,131.80030018308807
ARRIESGADO,3861,139.38249407132832
ARRIESGADO,3862,135.77435282399753
ARRIESGADO,3863,152.16733742842882
ARRIESGADO,3864,138.11506372718296
ARRIESGADO,3865,178.21051165384378
ARRIESGADO,3866,116.84045005869778
ARRIESGADO,3867,179.7158393638133
ARRIESGADO,3868,170.45087001374307
ARRIESGADO,3869,102.8137291943133
ARRIESGADO,3870,89.67075289487269
ARRIESGADO,3871,167.22056124464171
ARRIESGADO,3872,157.0602665795975
ARRIESGADO,3873,158.41016532835638
ARRIESGADO,3874,119.52251645888335
ARRIESGADO,3875,162.3146126792495
ARRIESGADO,3876,144.88465441528868
ARRIESGADO,3877,150.48475963422945
ARRIESGADO,3878,166.80238272995146
ARRIESGADO,3879,118.85944762356615
ARRIESGADO,3880,149.2689206432038
ARRIESGADO,3881,136.72656634863867
ARRIESGADO,3882,178.42307308520046
ARRIESGADO,3883,186.07114252888658
ARRIESGADO,3884,175.24412994307718
ARRIESGADO,3885,169.8100403552073
ARRIESGADO,3886,74.85157544189104
ARRIESGADO,3887,150.71586223373228
ARRIESGADO,3888,109.40576855053784
ARRIESGADO,3889,148.2873348853173
ARRIESGADO,3890,113.12147249781476
ARRIESGADO,3891,152.85439809166073
ARRIESGADO,3892,115.22011035410871
ARRIESGADO,3893,126.02811018121209
ARRIESGADO,3894,102.59684723072502
ARRIESGADO,3895,136.70590182036864
ARRIESGADO,3896,88.08430086370424
ARRIESGADO,3897,130.68040898492703
ARRIESGADO,3898,152.60711792252866
ARRIESGADO,3899,136.3261254706034
ARRIESGADO,3900,123.13779075821176
ARRIESGADO,3901,118.00119598505104
ARRIESGADO,3902,152.22654858553088
ARRIESGADO,3903,184.14999791458425
ARRIESGADO,3904,131.31160155536574
ARRIESGADO,3905,137.63151696955694
ARRIESGADO,3906,151.2494812945857
ARRIESGADO,3907,162.0098334456669
ARRIESGADO,3908,154.16516640836502
ARRIESGADO,3909,120.44574303474947
ARRIESGADO,3910,142.5824473224284
ARRIESGADO,3911,133.11296484869803
ARRIESGADO,3912,69.94077094851416
ARRIESGADO,3913,153.68018781554386
ARRIESGADO,3914,148.76154607568157
ARRIESGADO,3915,119.42830981071641
ARRIESGADO,3916,105.64344711650065
ARRIESGADO,3917,157.65137010686504
ARRIESGADO,3918,169.30419703858868
ARRIESGADO,3919,127.32795252008319
ARRIESGADO,3920,106.15945961357379
ARRIESGADO,3921,153.9107551405188
ARRIESGADO,3922,86.49335840023825
ARRIESGADO,3923,126.33513275655173
ARRIESGADO,3924,152.05461199133782
ARRIESGADO,3925,129.59453668442376
ARRIESGADO,3926,149.78998015210664
ARRIESGADO,3927,124.74791985230809
ARRIESGADO,3928,149.06862718146863
ARRIESGADO,3929,150.26020367077552
ARRIESGADO,3930,114.64687597877608
ARRIESGADO,3931,124.83729215392233
ARRIESGADO,3932,127.78027545129119
ARRIESGADO,3933,169.3738420626194
ARRIESGADO,3934,136.48217424474797
ARRIESGADO,3935,141.37822752098288
ARRIESGADO,3936,135.74690958170734
ARRIESGADO,3937,132.20925854761816
ARRIESGADO,3938,125.28062208844027
ARRIESGADO,3939,159.52249010229605
ARRIESGADO,3940,159.7477363139349
ARRIESGADO,3941,145.47852403630256
ARRIESGADO,3942,131.9223164031192
ARRIESGADO,3943,106.11796095121974
ARRIESGADO,3944,180.68656110834803
ARRIESGADO,3945,149.58884716994802
ARRIESGADO,3946,117.67859116751265
ARRIESGADO,3947,181.72626736743186
ARRIESGADO,3948,120.06492610186172
ARRIESGADO,3949,114.59140963446585
ARRIESGADO,3950,127.72980660393209
ARRIESGADO,3951,124.04559805973781
ARRIESGADO,3952,159.94649316416013
ARRIESGADO,3953,105.77922533805766
ARRIESGADO,3954,106.41368356672807
ARRIESGADO,3955,118.60763804454993
ARRIESGADO,3956,146.7549985732589
ARRIESGADO,3957,117.8170056078965
ARRIESGADO,3958,107.03909000300705
ARRIESGADO,3959,133.85831183915278
ARRIESGADO,3960,134.4508672603313
ARRIESGADO,3961,109.77622134313296
ARRIESGADO,3962,137.12807578853048
ARRIESGADO,3963,130.23726019968734
ARRIESGADO,3964,170.44400563063124
ARRIESGADO,3965,130.11732437472037
ARRIESGADO,3966,122.67586867484187
ARRIESGADO,3967,110.87518880893174
ARRIESGADO,3968,133.71920460754197
ARRIESGADO,3969,150.6366284110254
ARRIESGADO,3970,147.8644428887241
ARRIESGADO,3971,184.35917126865465
ARRIESGADO,3972,157.53696889344857
ARRIESGADO,3973,152.7966384575329
ARRIESGADO,3974,149.20013815469522
ARRIESGADO,3975,157.14602084088068
ARRIESGADO,3976,130.20140178705012
ARRIESGADO,3977,136.30287767419068
ARRIESGADO,3978,194.21987722001305
ARRIESGADO,3979,132.6432488491291
ARRIESGADO,3980,117.37767618990121
ARRIESGADO,3981,152.79150227412572
ARRIESGADO,3982,175.7593090837275
ARRIESGADO,3983,172.7024690036368
ARRIESGADO,3984,121.76733338975455
ARRIESGADO,3985,158.32225192597772
ARRIESGADO,3986,150.09725076978128
ARRIESGADO,3987,184.83907594676032
ARRIESGADO,3988,160.98080740010334
ARRIESGADO,3989,128.81599142805968
ARRIESGADO,3990,125.41897007061058
ARRIESGADO,3991,170.2489432923338
ARRIESGADO,3992,146.283438369553
ARRIESGADO,3993,179.78041330736136
ARRIESGADO,3994,144.75499997809996
ARRIESGADO,3995,141.10846936451983
ARRIESGADO,3996,105.8654049850955
ARRIESGADO,3997,159.51348639094948
ARRIESGADO,3998,138.90362672508235
ARRIESGADO,3999,166.1095091235855
ARRIESGADO,4000,147.24194715541518
ARRIESGADO,4001,108.20085611882983
ARRIESGADO,4002,108.68270278220247
ARRIESGADO,4003,157.0768001584725
ARRIESGADO,4004,153.54098249947793
ARRIESGADO,4005,180.7463178274428
ARRIESGADO,4006,138.87328814396588
ARRIESGADO,4007,142.52628557570583
ARRIESGADO,4008,125.86407380235677
ARRIESGADO,4009,152.73201338626026
ARRIESGADO,4010,166.79050893322812
ARRIESGADO,4011,143.08084173804605
ARRIESGADO,4012,165.33109715082347
ARRIESGADO,4013,145.62638833634523
ARRIESGADO,4014,159.3368707338576
ARRIESGADO,4015,126.78929593992476
ARRIESGADO,4016,131.16270248712982
ARRIESGADO,4017,154.77598956305047
ARRIESGADO,4018,133.86868687587406
ARRIESGADO,4019,147.79383980663695
ARRIESGADO,4020,143.32547749574252
ARRIESGADO,4021,136.69925890144467
ARRIESGADO,4022,149.98270107618484
ARRIESGADO,4023,143.06613555430118
ARRIESGADO,4024,159.10848876567474
ARRIESGADO,4025,130.7488711539485
ARRIESGADO,4026,188.8347517158273
ARRIESGADO,4027,151.6889504341875
ARRIESGADO,4028,129.14965112206966
ARRIESGADO,4029,137.45933010486138
ARRIESGADO,4030,156.1781480184114
ARRIESGADO,4031,134.11397323067993
ARRIESGADO,4032,142.444895686809
ARRIESGADO,4033,170.49800652663131
ARRIESGADO,4034,125.48855155229211
ARRIESGADO,4035,110.97780889867994
ARRIESGADO,4036,106.86670276381227
ARRIESGADO,4037,139.756606347267
ARRIESGADO,4038,127.15705962377685
ARRIESGADO,4039,118.69054689356973
ARRIESGADO,4040,135.69914440417267
ARRIESGADO,4041,147.0420166980839
ARRIESGADO,4042,157.32034060221315
ARRIESGADO,4043,114.03309479817563
ARRIESGADO,4044,131.3792740319644
ARRIESGADO,4045,123.07330711551727
ARRIESGADO,4046,152.40238169157254
ARRIESGADO,4047,178.5578623675357
ARRIESGADO,4048,119.20553975308346
ARRIESGADO,4049,130.54640753644713
ARRIESGADO,4050,148.1800428720409
ARRIESGADO,4051,175.1576242782866
ARRIESGADO,4052,168.52981445571103
ARRIESGADO,4053,126.60276564294759
ARRIESGADO,4054,148.4219363187044
ARRIESGADO,4055,122.0152552870977
ARRIESGADO,4056,144.85371041122187
ARRIESGADO,4057,147.94685258339166
ARRIESGADO,4058,149.83138939661234
ARRIESGADO,4059,147.09878038892435
ARRIESGADO,4060,149.9940388142636
ARRIESGADO,4061,114.36847584990825
ARRIESGADO,4062,123.23112165687269
ARRIESGADO,4063,161.53420351850306
ARRIESGADO,4064,119.36701147090163
ARRIESGADO,4065,161.18762015795215
ARRIESGADO,4066,143.80632777285587
ARRIESGADO,4067,126.33209279568246
ARRIESGADO,4068,122.40414092892647
ARRIESGADO,4069,143.4629952593446
ARRIESGADO,4070,132.46154931886593
ARRIESGADO,4071,131.93235374774525
ARRIESGADO,4072,121.13116480876297
ARRIESGADO,4073,146.73770077902918
ARRIESGADO,4074,122.48307942734873
ARRIESGADO,4075,134.2295037782362
ARRIESGADO,4076,147.90902261313704
ARRIESGADO,4077,125.70006763208427
ARRIESGADO,4078,134.571747528382
ARRIESGADO,4079,146.87048332153677
ARRIESGADO,4080,135.71087882933105
ARRIESGADO,4081,151.72875862692428
ARRIESGADO,4082,133.9313063425365
ARRIESGADO,4083,179.5802428275832
ARRIESGADO,4084,174.18924376610462
ARRIESGADO,4085,137.80815216334943
ARRIESGADO,4086,163.24912066498123
ARRIESGADO,4087,158.16960985133775
ARRIESGADO,4088,161.5040990516614
ARRIESGADO,4089,148.05757459861243
ARRIESGADO,4090,129.9484779050072
ARRIESGADO,4091,139.37272952794615
ARRIESGADO,4092,120.80489280072771
ARRIESGADO,4093,136.93306098228936
ARRIESGADO,4094,125.83284847560236
ARRIESGADO,4095,127.44084894572019
ARRIESGADO,4096,117.23521361100029
ARRIESGADO,4097,112.57397288773159
ARRIESGADO,4098,150.0642479631274
ARRIESGADO,4099,132.2974508777926
ARRIESGADO,4100,182.08989061651096
ARRIESGADO,4101,134.13186315947502
ARRIESGADO,4102,156.53092734923783
ARRIESGADO,4103,127.90411734592124
ARRIESGADO,4104,126.0796371145358
ARRIESGADO,4105,168.14207843712092
ARRIESGADO,4106,166.04646283992201
ARRIESGADO,4107,112.2502037220158
ARRIESGADO,4108,187.86139188839985
ARRIESGADO,4109,142.85665802289526
ARRIESGADO,4110,129.00020741065072
ARRIESGADO,4111,132.04864609738127
ARRIESGADO,4112,162.542215080196
ARRIESGADO,4113,142.8086092315066
ARRIESGADO,4114,119.3828786054714
ARRIESGADO,4115,118.40668790320747
ARRIESGADO,4116,165.00914340197698
ARRIESGADO,4117,146.76984417029033
ARRIESGADO,4118,177.93044484883734
ARRIESGADO,4119,127.76522032114104
ARRIESGADO,4120,112.75965990848033
ARRIESGADO,4121,178.11616708435756
ARRIESGADO,4122,163.90918412869843
ARRIESGADO,4123,149.8467822509253
ARRIESGADO,4124,136.62344583874318
ARRIESGADO,4125,122.29394893936615
ARRIESGADO,4126,135.86695453016372
ARRIESGADO,4127,185.98122814050168
ARRIESGADO,4128,166.93118419850637
ARRIESGADO,4129,145.64209602953065
ARRIESGADO,4130,132.8579183968328
ARRIESGADO,4131,148.0025443433818
ARRIESGADO,4132,157.42958692666264
ARRIESGADO,4133,155.10729791835766
ARRIESGADO,4134,152.61474276233582
ARRIESGADO,4135,147.99651588958145
ARRIESGADO,4136,172.18702517987188
ARRIESGADO,4137,145.4791177344928
ARRIESGADO,4138,146.1738305885685
ARRIESGADO,4139,129.3322216532242
ARRIESGADO,4140,174.23064504890047
ARRIESGADO,4141,144.20303777061883
ARRIESGADO,4142,150.28544910015066
ARRIESGADO,4143,146.34080560315124
ARRIESGADO,4144,84.12278709663832
ARRIESGADO,4145,147.1406324380242
ARRIESGADO,4146,150.11647241986742
ARRIESGADO,4147,163.23049906055948
ARRIESGADO,4148,152.68007859613274
ARRIESGADO,4149,106.77224503996084
ARRIESGADO,4150,110.84618396789202
ARRIESGADO,4151,154.19558176293373
ARRIESGADO,4152,127.06922623406916
ARRIESGADO,4153,126.50704583552529
ARRIESGADO,4154,152.75658655073073
ARRIESGADO,4155,150.05811600657358
ARRIESGADO,4156,183.58616372161669
ARRIESGADO,4157,116.79006093324364
ARRIESGADO,4158,152.64370261511274
ARRIESGADO,4159,163.24676386439407
ARRIESGADO,4160,152.5036560205924
ARRIESGADO,4161,144.19035200418108
ARRIESGADO,4162,181.40949049114658
ARRIESGADO,4163,152.789789139391
ARRIESGADO,4164,138.81906984685494
ARRIESGADO,4165,138.51579749504816
ARRIESGADO,4166,148.1693707487891
ARRIESGADO,4167,157.4041393064925
ARRIESGADO,4168,139.64432261688756
ARRIESGADO,4169,125.62879901576578
ARRIESGADO,4170,133.2056934925296
ARRIESGADO,4171,162.97003587641737
ARRIESGADO,4172,189.579574294101
ARRIESGADO,4173,170.94475049113657
ARRIESGADO,4174,200.73813786810098
ARRIESGADO,4175,88.81398049519534
ARRIESGADO,4176,147.5035828348286
ARRIESGADO,4177,146.27287712469385
ARRIESGADO,4178,177.2994637771107
ARRIESGADO,4179,127.79566041420286
ARRIESGADO,4180,120.355661532925
ARRIESGADO,4181,106.00981374677211
ARRIESGADO,4182,168.342770468832
ARRIESGADO,4183,136.31226607441388
ARRIESGADO,4184,113.24103959186463
ARRIESGADO,4185,133.54796888806982
ARRIESGADO,4186,144.06893570620164
ARRIESGADO,4187,139.17829843612495
ARRIESGADO,4188,107.96893749875287
ARRIESGADO,4189,160.85948590062173
ARRIESGADO,4190,109.50842461719428
ARRIESGADO,4191,102.73145959395791
ARRIESGADO,4192,159.9582743782073
ARRIESGADO,4193,160.4968792915273
ARRIESGADO,4194,107.63147527043552
ARRIESGADO,4195,145.1497632931189
ARRIESGADO,4196,136.04126260515253
ARRIESGADO,4197,147.7605943917348
ARRIESGADO,4198,115.49998289199439
ARRIESGADO,4199,160.8024155337983
ARRIESGADO,4200,122.37709943869542
ARRIESGADO,4201,124.35628867023415
ARRIESGADO,4202,161.9458389958467
ARRIESGADO,4203,137.2234152610345
ARRIESGADO,4204,173.00205790748976
ARRIESGADO,4205,147.60762769011535
ARRIESGADO,4206,121.90011096550883
ARRIESGADO,4207,98.86607872769638
ARRIESGADO,4208,164.48419443152716
ARRIESGADO,4209,132.43552385425215
ARRIESGADO,4210,130.44373707426033
ARRIESGADO,4211,107.20277647309993
ARRIESGADO,4212,115.99945675516287
ARRIESGADO,4213,142.53492361961216
ARRIESGADO,4214,144.34592466610297
ARRIESGADO,4215,104.10776990234828
ARRIESGADO,4216,123.76108906134164
ARRIESGADO,4217,119.39271395500538
ARRIESGADO,4218,154.9758147564066
ARRIESGADO,4219,147.01685763291744
ARRIESGADO,4220,158.89829825511526
ARRIESGADO,4221,123.46167406566462
ARRIESGADO,4222,114.26508618709624
ARRIESGADO,4223,153.97757872069636
ARRIESGADO,4224,125.2196373861985
ARRIESGADO,4225,164.23238050440415
ARRIESGADO,4226,155.13209073860602
ARRIESGADO,4227,135.2795081824009
ARRIESGADO,4228,161.8351569278932
ARRIESGADO,4229,142.6323537982923
ARRIESGADO,4230,153.55819326379128
ARRIESGADO,4231,126.54553299992722
ARRIESGADO,4232,140.50845586423128
ARRIESGADO,4233,140.61478187253755
ARRIESGADO,4234,173.86583291113095
ARRIESGADO,4235,154.94083641891933
ARRIESGADO,4236,101.1439850041528
ARRIESGADO,4237,150.30836580986968
ARRIESGADO,4238,178.1921818779005
ARRIESGADO,4239,106.32891396838602
ARRIESGADO,4240,112.00766861973483
ARRIESGADO,4241,153.4535486269586
ARRIESGADO,4242,176.43488363544128
ARRIESGADO,4243,148.1140221349076
ARRIESGADO,4244,163.2777729570783
ARRIESGADO,4245,149.83704190152906
ARRIESGADO,4246,153.28366766522657
ARRIESGADO,4247,142.7394862964633
ARRIESGADO,4248,147.65922455463422
ARRIESGADO,4249,155.9628284363224
ARRIESGADO,4250,170.44464902347985
ARRIESGADO,4251,128.42664525484608
ARRIESGADO,4252,117.03714185905437
ARRIESGADO,4253,143.28301119504928
ARRIESGADO,4254,91.81850663053342
ARRIESGADO,4255,181.67484707099987
ARRIESGADO,4256,122.61075723185105
ARRIESGADO,4257,109.84792684528551
ARRIESGADO,4258,156.2511579715714
ARRIESGADO,4259,152.44229281470342
ARRIESGADO,4260,164.69205829493387
ARRIESGADO,4261,184.0589546661851
ARRIESGADO,4262,163.33140809661933
ARRIESGADO,4263,172.06100268840729
ARRIESGADO,4264,180.83736517923163
ARRIESGADO,4265,146.51544028178526
ARRIESGADO,4266,133.80091406660983
ARRIESGADO,4267,117.29974790138476
ARRIESGADO,4268,171.7524529543913
ARRIESGADO,4269,112.1663941647085
ARRIESGADO,4270,126.12256377826057
ARRIESGADO,4271,124.09608096313666
ARRIESGADO,4272,121.34837916877335
ARRIESGADO,4273,199.3651160121949
ARRIESGADO,4274,134.22216152714702
ARRIESGADO,4275,158.2059642447742
ARRIESGADO,4276,145.5160122591023
ARRIESGADO,4277,164.89911988556347
ARRIESGADO,4278,137.40299567764018
ARRIESGADO,4279,88.41834631822954
ARRIESGADO,4280,169.526113632612
ARRIESGADO,4281,158.46388631661492
ARRIESGADO,4282,108.65627400795319
ARRIESGADO,4283,119.05354223303998
ARRIESGADO,4284,107.73981627934262
ARRIESGADO,4285,158.45553910765443
ARRIESGADO,4286,180.04481198283358
ARRIESGADO,4287,152.60354354067002
ARRIESGADO,4288,183.1502394766364
ARRIESGADO,4289,165.83371966013047
ARRIESGADO,4290,124.33898131071666
ARRIESGADO,4291,128.27819007603313
ARRIESGADO,4292,163.21704476879648
ARRIESGADO,4293,138.32900096819202
ARRIESGADO,4294,148.76317131253953
ARRIESGADO,4295,144.7447180198546
ARRIESGADO,4296,140.54093249773734
ARRIESGADO,4297,110.64583397326115
ARRIESGADO,4298,135.35149191925217
ARRIESGADO,4299,177.14156704410155
ARRIESGADO,4300,92.59952396148965
ARRIESGADO,4301,130.1476409528912
ARRIESGADO,4302,142.74898480612953
ARRIESGADO,4303,150.52502759913375
ARRIESGADO,4304,137.86178282026736
ARRIESGADO,4305,113.34946286020526
ARRIESGADO,4306,113.66278438771099
ARRIESGADO,4307,111.87411217377004
ARRIESGADO,4308,173.44134591319494
ARRIESGADO,4309,107.84691971759375
ARRIESGADO,4310,173.42724899410308
ARRIESGADO,4311,126.64038594752681
ARRIESGADO,4312,141.3119181617679
ARRIESGADO,4313,141.57023098385636
ARRIESGADO,4314,136.99593807642896
ARRIESGADO,4315,207.73794130368225
ARRIESGADO,4316,121.69226343333514
ARRIESGADO,4317,129.65535909138293
ARRIESGADO,4318,179.33753488054026
ARRIESGADO,4319,134.1292566512082
ARRIESGADO,4320,132.08666270414486
ARRIESGADO,4321,140.68849923592597
ARRIESGADO,4322,135.22699982127233
ARRIESGADO,4323,180.30549677258645
ARRIESGADO,4324,174.17275702471713
ARRIESGADO,4325,168.69473108866435
ARRIESGADO,4326,148.30954027576027
ARRIESGADO,4327,93.81269312999375
ARRIESGADO,4328,155.00166718923415
ARRIESGADO,4329,135.52061636049456
ARRIESGADO,4330,180.4651461072757
ARRIESGADO,4331,114.87629390931926
ARRIESGADO,4332,116.94038666551911
ARRIESGADO,4333,134.98167649359803
ARRIESGADO,4334,138.62082076858124
ARRIESGADO,4335,132.06212121473962
ARRIESGADO,4336,142.8326004142015
ARRIESGADO,4337,152.71140117694347
ARRIESGADO,4338,145.19878905949864
ARRIESGADO,4339,126.76876790268149
ARRIESGADO,4340,166.37200241034213
ARRIESGADO,4341,175.6468261066256
ARRIESGADO,4342,118.65584429572365
ARRIESGADO,4343,145.78704894247468
ARRIESGADO,4344,175.10349940467947
ARRIESGADO,4345,121.09954657968869
ARRIESGADO,4346,145.72356288159142
ARRIESGADO,4347,162.68070439938705
ARRIESGADO,4348,161.80497242511368
ARRIESGADO,4349,155.48269121361514
ARRIESGADO,4350,171.06455861969246
ARRIESGADO,4351,125.0010871844501
ARRIESGADO,4352,158.00214480909753
ARRIESGADO,4353,172.76930661472917
ARRIESGADO,4354,135.31620218674405
ARRIESGADO,4355,147.74004691882564
ARRIESGADO,4356,101.94249749658607
ARRIESGADO,4357,151.7428755548349
ARRIESGADO,4358,141.50261347582696
ARRIESGADO,4359,158.51018119348765
ARRIESGADO,4360,125.69312110500728
ARRIESGADO,4361,170.74030302371395
ARRIESGADO,4362,119.76100760639737
ARRIESGADO,4363,119.3968221520652
ARRIESGADO,4364,188.25866489370623
ARRIESGADO,4365,127.46918939025075
ARRIESGADO,4366,132.94085086414435
ARRIESGADO,4367,192.78590778760258
ARRIESGADO,4368,107.23355510860634
ARRIESGADO,4369,126.7012390822848
ARRIESGADO,4370,169.60272544662135
ARRIESGADO,4371,125.13387862197767
ARRIESGADO,4372,122.02950368814709
ARRIESGADO,4373,165.02293534321032
ARRIESGADO,4374,145.57573635336283
ARRIESGADO,4375,130.13118198765395
ARRIESGADO,4376,127.5217489485609
ARRIESGADO,4377,143.83868389841322
ARRIESGADO,4378,116.81907477366931
ARRIESGADO,4379,156.84248998436973
ARRIESGADO,4380,105.20917948349776
ARRIESGADO,4381,98.81622944834685
ARRIESGADO,4382,144.67707635346625
ARRIESGADO,4383,121.39342116894123
ARRIESGADO,4384,152.3296470938021
ARRIESGADO,4385,111.75883403872128
ARRIESGADO,4386,164.73881743050697
ARRIESGADO,4387,139.11201762863593
ARRIESGADO,4388,194.375763849483
ARRIESGADO,4389,141.96933774660835
ARRIESGADO,4390,143.36211263978115
ARRIESGADO,4391,119.7873540365184
ARRIESGADO,4392,94.18155768030367
ARRIESGADO,4393,152.7629541460624
ARRIESGADO,4394,156.09386855902486
ARRIESGADO,4395,126.70958336074796
ARRIESGADO,4396,182.3786756352446
ARRIESGADO,4397,177.00838789673278
ARRIESGADO,4398,179.08416646929953
ARRIESGADO,4399,131.7966086644057
ARRIESGADO,4400,131.75574570241838
ARRIESGADO,4401,139.833682413556
ARRIESGADO,4402,130.92775236760613
ARRIESGADO,4403,188.67655371642422
ARRIESGADO,4404,130.4232487789123
ARRIESGADO,4405,139.59592777208832
ARRIESGADO,4406,122.0135735937888
ARRIESGADO,4407,124.80773498414077
ARRIESGADO,4408,187.25914582382498
ARRIESGADO,4409,166.58059314289204
ARRIESGADO,4410,115.75526932026722
ARRIESGADO,4411,118.18938351479923
ARRIESGADO,4412,179.23532055520903
ARRIESGADO,4413,201.17810338573724
ARRIESGADO,4414,155.052677699999
ARRIESGADO,4415,142.3917946703683
ARRIESGADO,4416,146.67530149902709
ARRIESGADO,4417,134.183992896744
ARRIESGADO,4418,122.57878699815629
ARRIESGADO,4419,151.2389875269116
ARRIESGADO,4420,143.63608304153342
ARRIESGADO,4421,128.13466983564138
ARRIESGADO,4422,188.92022918310025
ARRIESGADO,4423,171.51790479966877
ARRIESGADO,4424,178.45259686740803
ARRIESGADO,4425,161.31133106608704
ARRIESGADO,4426,136.72353617107362
ARRIESGADO,4427,135.95422841300507
ARRIESGADO,4428,161.52583884724027
ARRIESGADO,4429,121.10554948590101
ARRIESGADO,4430,125.52454399566156
ARRIESGADO,4431,158.910099100863
ARRIESGADO,4432,132.5145342685333
ARRIESGADO,4433,123.1081051024391
ARRIESGADO,4434,125.0099051952963
ARRIESGADO,4435,147.98629923442084
ARRIESGADO,4436,108.9930906214217
ARRIESGADO,4437,104.8083168243277
ARRIESGADO,4438,173.61507208625395
ARRIESGADO,4439,128.96006189037908
ARRIESGADO,4440,170.32565872802385
ARRIESGADO,4441,141.60026449571768
ARRIESGADO,4442,167.22761684714112
ARRIESGADO,4443,131.0459269046907
ARRIESGADO,4444,162.224283892588
ARRIESGADO,4445,106.63104860135094
ARRIESGADO,4446,148.1292551539926
ARRIESGADO,4447,134.97281619436694
ARRIESGADO,4448,168.86226435077188
ARRIESGADO,4449,150.84026463843298
ARRIESGADO,4450,128.55344514418343
ARRIESGADO,4451,127.32723685402681
ARRIESGADO,4452,143.41879829740472
ARRIESGADO,4453,124.28208369934258
ARRIESGADO,4454,119.63649651575778
ARRIESGADO,4455,131.30778104779378
ARRIESGADO,4456,150.553993510204
ARRIESGADO,4457,153.08690238074584
ARRIESGADO,4458,176.5189412456608
ARRIESGADO,4459,112.21237980050236
ARRIESGADO,4460,133.32351784849942
ARRIESGADO,4461,170.79848141396658
ARRIESGADO,4462,116.36572268637758
ARRIESGADO,4463,113.23699000499184
ARRIESGADO,4464,189.77509235226222
ARRIESGADO,4465,166.62183753344175
ARRIESGADO,4466,95.8375500183411
ARRIESGADO,4467,131.10002684137194
ARRIESGADO,4468,160.47548798167352
ARRIESGADO,4469,138.89121765485024
ARRIESGADO,4470,149.83997580177427
ARRIESGADO,4471,121.22211959606297
ARRIESGADO,4472,134.94866195357827
ARRIESGADO,4473,137.474620403205
ARRIESGADO,4474,141.67508602080093
ARRIESGADO,4475,145.00348843558118
ARRIESGADO,4476,183.53900789904645
ARRIESGADO,4477,126.99597985405236
ARRIESGADO,4478,156.19171190363613
ARRIESGADO,4479,119.27555629576872
ARRIESGADO,4480,178.19786997852722
ARRIESGADO,4481,119.23881634517063
ARRIESGADO,4482,146.80141268023826
ARRIESGADO,4483,140.49030745395186
ARRIESGADO,4484,147.42575223769296
ARRIESGADO,4485,158.48529591799658
ARRIESGADO,4486,129.29874561956007
ARRIESGADO,4487,151.33936420459898
ARRIESGADO,4488,125.53812680700739
ARRIESGADO,4489,111.27560754145338
ARRIESGADO,4490,91.55098294872721
ARRIESGADO,4491,173.59814635675352
ARRIESGADO,4492,126.02786504674769
ARRIESGADO,4493,154.17858903531243
ARRIESGADO,4494,108.38405707596439
ARRIESGADO,4495,98.65463047351564
ARRIESGADO,4496,160.01749820653768
ARRIESGADO,4497,175.11631853494873
ARRIESGADO,4498,135.39273999678153
ARRIESGADO,4499,136.0847070708652
ARRIESGADO,4500,129.88192504802436
ARRIESGADO,4501,129.68756018637308
ARRIESGADO,4502,178.58125071199498
ARRIESGADO,4503,143.8656731565609
ARRIESGADO,4504,176.60952551074456
ARRIESGADO,4505,97.7062450462187
ARRIESGADO,4506,134.2198728672078
ARRIESGADO,4507,138.16015533720957
ARRIESGADO,4508,139.55572173561558
ARRIESGADO,4509,144.96463131400864
ARRIESGADO,4510,121.27242580234284
ARRIESGADO,4511,166.01274591365032
ARRIESGADO,4512,139.1107217247302
ARRIESGADO,4513,170.65008749220843
ARRIESGADO,4514,185.87839626735718
ARRIESGADO,4515,126.99382490904914
ARRIESGADO,4516,121.64809482134278
ARRIESGADO,4517,151.12419604077775
ARRIESGADO,4518,190.21222236852606
ARRIESGADO,4519,150.76975935936107
ARRIESGADO,4520,114.11807715547528
ARRIESGADO,4521,122.58538606285074
ARRIESGADO,4522,127.43906503721911
ARRIESGADO,4523,112.26174677525802
ARRIESGADO,4524,200.8250798839003
ARRIESGADO,4525,156.53863506466405
ARRIESGADO,4526,165.96762335735312
ARRIESGADO,4527,151.69706681130864
ARRIESGADO,4528,108.86476822059764
ARRIESGADO,4529,110.61990736096246
ARRIESGADO,4530,108.51830057732624
ARRIESGADO,4531,135.8568232265156
ARRIESGADO,4532,113.71945166265334
ARRIESGADO,4533,152.88751875837636
ARRIESGADO,4534,145.35624355424432
ARRIESGADO,4535,147.99603730045638
ARRIESGADO,4536,173.74546472262537
ARRIESGADO,4537,130.63194719994092
ARRIESGADO,4538,171.09035348001612
ARRIESGADO,4539,110.77972493171552
ARRIESGADO,4540,141.9190334146422
ARRIESGADO,4541,147.0677578089981
ARRIESGADO,4542,123.95817959458981
ARRIESGADO,4543,189.03564603470593
ARRIESGADO,4544,156.08278687769192
ARRIESGADO,4545,137.9952048150199
ARRIESGADO,4546,160.37634269473395
ARRIESGADO,4547,136.876220811268
ARRIESGADO,4548,164.8077657529872
ARRIESGADO,4549,135.50260828308072
ARRIESGADO,4550,165.01084039889835
ARRIESGADO,4551,101.07504103111033
ARRIESGADO,4552,139.32329823772474
ARRIESGADO,4553,133.2268698822815
ARRIESGADO,4554,121.75975860240631
ARRIESGADO,4555,158.82726127872706
ARRIESGADO,4556,148.49304145942347
ARRIESGADO,4557,130.48985025740436
ARRIESGADO,4558,127.57650230760098
ARRIESGADO,4559,78.77776967134054
ARRIESGADO,4560,155.00610330531347
ARRIESGADO,4561,119.73944018326021
ARRIESGADO,4562,170.80013030331256
ARRIESGADO,4563,172.9703346996702
ARRIESGADO,4564,110.0586611836542
ARRIESGADO,4565,159.27968408322877
ARRIESGADO,4566,123.07753821244384
ARRIESGADO,4567,125.80467310051068
ARRIESGADO,4568,139.18762049305693
ARRIESGADO,4569,130.7923203495696
ARRIESGADO,4570,135.90650164945095
ARRIESGADO,4571,147.8311825879883
ARRIESGADO,4572,146.92746463258956
ARRIESGADO,4573,112.11851619295058
ARRIESGADO,4574,149.4604579667748
ARRIESGADO,4575,120.08021875165738
ARRIESGADO,4576,155.67077310647406
ARRIESGADO,4577,116.38705040430033
ARRIESGADO,4578,184.07560857950673
ARRIESGADO,4579,143.78071184724368
ARRIESGADO,4580,156.42279966341974
ARRIESGADO,4581,143.6314322075201
ARRIESGADO,4582,168.39251718603697
ARRIESGADO,4583,158.872423967108
ARRIESGADO,4584,119.57418044024155
ARRIESGADO,4585,135.38217107318832
ARRIESGADO,4586,136.8492894377144
ARRIESGADO,4587,141.99644568109326
ARRIESGADO,4588,170.40897031895605
ARRIESGADO,4589,150.83534350980113
ARRIESGADO,4590,151.1808274591883
ARRIESGADO,4591,141.47520792606082
ARRIESGADO,4592,114.67375185777256
ARRIESGADO,4593,160.66179480748883
ARRIESGADO,4594,136.2498508171221
ARRIESGADO,4595,141.98729627125223
ARRIESGADO,4596,137.54047467667527
ARRIESGADO,4597,155.0777535659233
ARRIESGADO,4598,108.82773738618171
ARRIESGADO,4599,131.70805486837423
ARRIESGADO,4600,120.49930359963878
ARRIESGADO,4601,125.7828820101667
ARRIESGADO,4602,187.95246651501222
ARRIESGADO,4603,167.43545069237797
ARRIESGADO,4604,66.0625240131007
ARRIESGADO,4605,118.43816346461396
ARRIESGADO,4606,140.75702773429344
ARRIESGADO,4607,138.30593280038624
ARRIESGADO,4608,155.54269282509296
ARRIESGADO,4609,137.20499207132934
ARRIESGADO,4610,148.55780261044237
ARRIESGADO,4611,143.21109702323878
ARRIESGADO,4612,142.56043109384578
ARRIESGADO,4613,172.82447872866956
ARRIESGADO,4614,106.50379938619015
ARRIESGADO,4615,187.2879439698048
ARRIESGADO,4616,138.29477076749998
ARRIESGADO,4617,118.83675352126184
ARRIESGADO,4618,152.90187856206123
ARRIESGADO,4619,114.68332485254227
ARRIESGADO,4620,134.88218866173318
ARRIESGADO,4621,161.75703312004188
ARRIESGADO,4622,113.39721316356486
ARRIESGADO,4623,134.97721430370586
ARRIESGADO,4624,117.58792985004698
ARRIESGADO,4625,121.04186698801533
ARRIESGADO,4626,191.1576019234816
ARRIESGADO,4627,125.65956659801455
ARRIESGADO,4628,121.95323198866306
ARRIESGADO,4629,166.97396894883346
ARRIESGADO,4630,108.40839002497616
ARRIESGADO,4631,155.94127057018295
ARRIESGADO,4632,128.08095236717884
ARRIESGADO,4633,83.4041382934405
ARRIESGADO,4634,146.73655794407497
ARRIESGADO,4635,196.7199318741341
ARRIESGADO,4636,164.30093115251617
ARRIESGADO,4637,146.20519784287217
ARRIESGADO,4638,157.8490861993149
ARRIESGADO,4639,110.9730310121174
ARRIESGADO,4640,123.18561796869186
ARRIESGADO,4641,129.44314362018895
ARRIESGADO,4642,154.5290684461791
ARRIESGADO,4643,143.2323854876641
ARRIESGADO,4644,143.59921758409752
ARRIESGADO,4645,126.86303550832262
ARRIESGADO,4646,153.904929765115
ARRIESGADO,4647,100.95092696224798
ARRIESGADO,4648,146.07779939911268
ARRIESGADO,4649,190.07672611998274
ARRIESGADO,4650,108.20137365003127
ARRIESGADO,4651,142.63027729518632
ARRIESGADO,4652,128.8035792206268
ARRIESGADO,4653,153.626086127192
ARRIESGADO,4654,148.09303761176108
ARRIESGADO,4655,145.8372849328529
ARRIESGADO,4656,129.1229155526189
ARRIESGADO,4657,141.8467006425474
ARRIESGADO,4658,118.6791612577584
ARRIESGADO,4659,144.4475307941257
ARRIESGADO,4660,127.8193223428715
ARRIESGADO,4661,164.26097255480457
ARRIESGADO,4662,120.89696705603797
ARRIESGADO,4663,149.7295992091593
ARRIESGADO,4664,149.41305676533608
ARRIESGADO,4665,164.70239788696333
ARRIESGADO,4666,143.88814965182567
ARRIESGADO,4667,140.55805138319505
ARRIESGADO,4668,136.41310470673818
ARRIESGADO,4669,152.0582520032817
ARRIESGADO,4670,173.18547739172203
ARRIESGADO,4671,126.17977079077465
ARRIESGADO,4672,147.53011986383981
ARRIESGADO,4673,173.3023041352081
ARRIESGADO,4674,150.59531312517694
ARRIESGADO,4675,166.84689190143686
ARRIESGADO,4676,91.25463424324855
ARRIESGADO,4677,129.65498374087218
ARRIESGADO,4678,93.98598220487469
ARRIESGADO,4679,144.43645424309364
ARRIESGADO,4680,156.1752435379043
ARRIESGADO,4681,151.50686263938871
ARRIESGADO,4682,187.80253474509817
ARRIESGADO,4683,127.17213774107826
ARRIESGADO,4684,111.6361016736358
ARRIESGADO,4685,135.21795778218615
ARRIESGADO,4686,135.03993683504453
ARRIESGADO,4687,127.91294204650661
ARRIESGADO,4688,130.19569412291736
ARRIESGADO,4689,142.29697761451004
ARRIESGADO,4690,140.62886698302754
ARRIESGADO,4691,143.80725325936118
ARRIESGADO,4692,131.3535455262528
ARRIESGADO,4693,134.00473779415856
ARRIESGADO,4694,128.35535856338717
ARRIESGADO,4695,128.49443937578258
ARRIESGADO,4696,163.01750771282153
ARRIESGADO,4697,162.05517493004976
ARRIESGADO,4698,147.13693000543475
ARRIESGADO,4699,150.47458908310554
ARRIESGADO,4700,127.88062158154673
ARRIESGADO,4701,105.63380483043133
ARRIESGADO,4702,159.8799145053827
ARRIESGADO,4703,101.03885616781773
ARRIESGADO,4704,129.37428487102784
ARRIESGADO,4705,115.70191213247217
ARRIESGADO,4706,126.83099095935353
ARRIESGADO,4707,92.90921652664682
ARRIESGADO,4708,107.41655365465871
ARRIESGADO,4709,100.97044855881433
ARRIESGADO,4710,150.80377484552278
ARRIESGADO,4711,116.64661941514004
ARRIESGADO,4712,128.1540752432296
ARRIESGADO,4713,82.36116150180494
ARRIESGADO,4714,129.31061107075334
ARRIESGADO,4715,114.33648390168153
ARRIESGADO,4716,111.71811390478754
ARRIESGADO,4717,125.26452167636828
ARRIESGADO,4718,137.72506247423604
ARRIESGADO,4719,115.08247630567729
ARRIESGADO,4720,135.73516573582802
ARRIESGADO,4721,161.36426235147263
ARRIESGADO,4722,156.43529059899103
ARRIESGADO,4723,146.46120742835848
ARRIESGADO,4724,128.29000138595268
ARRIESGADO,4725,125.829618187079
ARRIESGADO,4726,125.00120181315525
ARRIESGADO,4727,152.55636058701174
ARRIESGADO,4728,125.07134163510695
ARRIESGADO,4729,173.67989568658257
ARRIESGADO,4730,119.52875585120157
ARRIESGADO,4731,128.4456145079716
ARRIESGADO,4732,170.28716061728014
ARRIESGADO,4733,147.67881501246634
ARRIESGADO,4734,112.97803256331633
ARRIESGADO,4735,109.9142681906297
ARRIESGADO,4736,163.78410083104666
ARRIESGADO,4737,100.02333686306851
ARRIESGADO,4738,155.48267512524762
ARRIESGADO,4739,193.3720641168559
ARRIESGADO,4740,141.25041582595964
ARRIESGADO,4741,127.24424351634337
ARRIESGADO,4742,124.67228973850118
ARRIESGADO,4743,145.39299949492934
ARRIESGADO,4744,142.1757878466561
ARRIESGADO,4745,141.18592727877007
ARRIESGADO,4746,173.2102676279416
ARRIESGADO,4747,138.52308071550678
ARRIESGADO,4748,141.08388133884844
ARRIESGADO,4749,156.50806979271246
ARRIESGADO,4750,115.36935354725236
ARRIESGADO,4751,147.48537874548825
ARRIESGADO,4752,121.7378474454498
ARRIESGADO,4753,157.94147813707653
ARRIESGADO,4754,114.37023124631787
ARRIESGADO,4755,134.40252620363387
ARRIESGADO,4756,162.75601377972532
ARRIESGADO,4757,109.32075819202566
ARRIESGADO,4758,111.30108517663915
ARRIESGADO,4759,137.58393802139176
ARRIESGADO,4760,97.49189294475198
ARRIESGADO,4761,128.45383896162215
ARRIESGADO,4762,128.12045958828583
ARRIESGADO,4763,138.72705437437733
ARRIESGADO,4764,141.95960144088176
ARRIESGADO,4765,129.18572835772278
ARRIESGADO,4766,168.93517259240636
ARRIESGADO,4767,182.51722508883682
ARRIESGADO,4768,121.313794260441
ARRIESGADO,4769,109.56115549245315
ARRIESGADO,4770,160.21326996605472
ARRIESGADO,4771,179.65431243243583
ARRIESGADO,4772,153.54247644679947
ARRIESGADO,4773,153.11468359952087
ARRIESGADO,4774,122.15582787875053
ARRIESGADO,4775,173.19590586798714
ARRIESGADO,4776,159.87230968332295
ARRIESGADO,4777,149.62948494995467
ARRIESGADO,4778,163.203954956919
ARRIESGADO,4779,149.04033935786052
ARRIESGADO,4780,92.76004668792027
ARRIESGADO,4781,98.56933858008263
ARRIESGADO,4782,114.48492541126613
ARRIESGADO,4783,100.27796458181417
ARRIESGADO,4784,124.98474348406984
ARRIESGADO,4785,134.82290819502052
ARRIESGADO,4786,135.75328872989297
ARRIESGADO,4787,136.80734127816947
ARRIESGADO,4788,128.51464756584386
ARRIESGADO,4789,133.93845004280047
ARRIESGADO,4790,127.23637143094857
ARRIESGADO,4791,106.72519109566397
ARRIESGADO,4792,75.16982232897267
ARRIESGADO,4793,123.62444673831126
ARRIESGADO,4794,151.73802186615
ARRIESGADO,4795,124.22027322684379
ARRIESGADO,4796,151.75790762969118
ARRIESGADO,4797,168.71586624336388
ARRIESGADO,4798,139.2757776955377
ARRIESGADO,4799,162.8265467984197
ARRIESGADO,4800,153.18720783873485
ARRIESGADO,4801,149.95686620019347
ARRIESGADO,4802,153.4719943200284
ARRIESGADO,4803,99.84503554133073
ARRIESGADO,4804,135.77653271091455
ARRIESGADO,4805,107.09978830486592
ARRIESGADO,4806,142.85913985375677
ARRIESGADO,4807,188.21752008370837
ARRIESGADO,4808,151.91267967000104
ARRIESGADO,4809,121.31560538233144
ARRIESGADO,4810,126.58302308959729
ARRIESGADO,4811,150.04694214891836
ARRIESGADO,4812,150.26841155055146
ARRIESGADO,4813,117.95037003307692
ARRIESGADO,4814,131.3877378714435
ARRIESGADO,4815,150.2309571018441
ARRIESGADO,4816,156.0431242516599
ARRIESGADO,4817,142.55932217458263
ARRIESGADO,4818,138.6460833051158
ARRIESGADO,4819,141.2503491510732
ARRIESGADO,4820,127.84573457565996
ARRIESGADO,4821,145.67089933261582
ARRIESGADO,4822,142.6814266244267
ARRIESGADO,4823,142.10002765533014
ARRIESGADO,4824,139.53250871679953
ARRIESGADO,4825,133.14513778148566
ARRIESGADO,4826,142.75496468031068
ARRIESGADO,4827,100.80124222801678
ARRIESGADO,4828,178.70686599808903
ARRIESGADO,4829,142.51141982980315
ARRIESGADO,4830,132.75385503799924
ARRIESGADO,4831,151.41402629931403
ARRIESGADO,4832,104.38303930588933
ARRIESGADO,4833,198.95829214956035
ARRIESGADO,4834,122.05189811466465
ARRIESGADO,4835,104.5460655498786
ARRIESGADO,4836,198.22377129553735
ARRIESGADO,4837,133.52715037378755
ARRIESGADO,4838,115.25571217687192
ARRIESGADO,4839,170.79101320853397
ARRIESGADO,4840,196.1718136331421
ARRIESGADO,4841,136.03764855718376
ARRIESGADO,4842,179.6456436478071
ARRIESGADO,4843,153.35434709899388
ARRIESGADO,4844,158.89313590459886
ARRIESGADO,4845,134.67151567476117
ARRIESGADO,4846,150.17893993619725
ARRIESGADO,4847,192.17400014421827
ARRIESGADO,4848,156.24446250263907
ARRIESGADO,4849,113.54227206796207
ARRIESGADO,4850,157.99304095181537
ARRIESGADO,4851,121.21369606032424
ARRIESGADO,4852,167.90494469328303
ARRIESGADO,4853,123.74481513425752
ARRIESGADO,4854,145.0507654042407
ARRIESGADO,4855,138.55649579884548
ARRIESGADO,4856,141.5940324311503
ARRIESGADO,4857,124.93212903562025
ARRIESGADO,4858,145.30513098040444
ARRIESGADO,4859,119.23580798208252
ARRIESGADO,4860,122.54805883518193
ARRIESGADO,4861,125.21406806390941
ARRIESGADO,4862,133.87773090565364
ARRIESGADO,4863,140.11358688583442
ARRIESGADO,4864,100.76986522790907
ARRIESGADO,4865,121.9052809937514
ARRIESGADO,4866,158.37140559910293
ARRIESGADO,4867,152.06129701070893
ARRIESGADO,4868,144.3237201342996
ARRIESGADO,4869,149.19398040654204
ARRIESGADO,4870,185.89111465230795
ARRIESGADO,4871,160.8432693695489
ARRIESGADO,4872,149.12599247842226
ARRIESGADO,4873,125.0613540516296
ARRIESGADO,4874,158.94008090263824
ARRIESGADO,4875,90.68180071086921
ARRIESGADO,4876,137.28746863614091
ARRIESGADO,4877,128.903259964799
ARRIESGADO,4878,152.6107268883962
ARRIESGADO,4879,158.5417242928694
ARRIESGADO,4880,107.33876381526258
ARRIESGADO,4881,165.55342259323385
ARRIESGADO,4882,133.8246261358555
ARRIESGADO,4883,141.18604187508484
ARRIESGADO,4884,141.8026691710725
ARRIESGADO,4885,165.84135304237654
ARRIESGADO,4886,138.6583814470205
ARRIESGADO,4887,156.79909548939673
ARRIESGADO,4888,196.4370894977525
ARRIESGADO,4889,166.98682127118204
ARRIESGADO,4890,142.5419588284391
ARRIESGADO,4891,157.479921718514
ARRIESGADO,4892,118.21186028078647
ARRIESGADO,4893,110.06898404404615
ARRIESGADO,4894,150.13392407247431
ARRIESGADO,4895,125.95755456925366
ARRIESGADO,4896,131.45712082806529
ARRIESGADO,4897,166.8713563170639
ARRIESGADO,4898,151.70402795325228
ARRIESGADO,4899,116.88811362613467
ARRIESGADO,4900,89.18778356199137
ARRIESGADO,4901,171.28797512390295
ARRIESGADO,4902,144.26732106910762
ARRIESGADO,4903,112.96193016920952
ARRIESGADO,4904,153.7946786752521
ARRIESGADO,4905,177.1395883407103
ARRIESGADO,4906,140.7820876745934
ARRIESGADO,4907,179.53577979500858
ARRIESGADO,4908,176.80182181580068
ARRIESGADO,4909,117.10858759650469
ARRIESGADO,4910,134.585592543132
ARRIESGADO,4911,143.78262282466108
ARRIESGADO,4912,146.59782622453463
ARRIESGADO,4913,130.00846342143967
ARRIESGADO,4914,141.78293778677647
ARRIESGADO,4915,140.00006196160223
ARRIESGADO,4916,127.56218608766581
ARRIESGADO,4917,163.11844731852153
ARRIESGADO,4918,129.25662957311533
ARRIESGADO,4919,133.09491092908013
ARRIESGADO,4920,133.42796892268814
ARRIESGADO,4921,106.22246299964868
ARRIESGADO,4922,119.1179782274491
ARRIESGADO,4923,152.09512624406173
ARRIESGADO,4924,127.8533765910752
ARRIESGADO,4925,139.67326310309338
ARRIESGADO,4926,172.11666679070373
ARRIESGADO,4927,148.0836024372734
ARRIESGADO,4928,129.6145870390868
ARRIESGADO,4929,139.0675833431269
ARRIESGADO,4930,144.79105346990252
ARRIESGADO,4931,172.74961334696405
ARRIESGADO,4932,144.12666742034816
ARRIESGADO,4933,163.6809398839651
ARRIESGADO,4934,157.87861032542375
ARRIESGADO,4935,112.61115615469348
ARRIESGADO,4936,126.16312133158551
ARRIESGADO,4937,126.75153402919074
ARRIESGADO,4938,182.79448428178097
ARRIESGADO,4939,122.41841113930776
ARRIESGADO,4940,121.96697442124919
ARRIESGADO,4941,122.19747872572361
ARRIESGADO,4942,114.94002207915597
ARRIESGADO,4943,151.56272132527417
ARRIESGADO,4944,147.62888396403503
ARRIESGADO,4945,139.9791276706615
ARRIESGADO,4946,179.8726140787032
ARRIESGADO,4947,125.96520195084537
ARRIESGADO,4948,144.3517640766812
ARRIESGADO,4949,121.7603612859801
ARRIESGADO,4950,106.78664348473596
ARRIESGADO,4951,121.61643809325352
ARRIESGADO,4952,145.45822814017913
ARRIESGADO,4953,166.5395491909938
ARRIESGADO,4954,126.34498547116229
ARRIESGADO,4955,118.8032594264744
ARRIESGADO,4956,150.76653299085973
ARRIESGADO,4957,147.94909878476267
ARRIESGADO,4958,102.84261775893401
ARRIESGADO,4959,107.51118783563655
ARRIESGADO,4960,98.56105312152293
ARRIESGADO,4961,139.62264675961123
ARRIESGADO,4962,151.1328381400985
ARRIESGADO,4963,149.95778302588167
ARRIESGADO,4964,157.9872784243717
ARRIESGADO,4965,106.17520940242879
ARRIESGADO,4966,120.13138258002733
ARRIESGADO,4967,119.72575504875965
ARRIESGADO,4968,109.85970012645166
ARRIESGADO,4969,138.15066252190877
ARRIESGADO,4970,134.34513666123775
ARRIESGADO,4971,119.33875089204483
ARRIESGADO,4972,134.74107682558764
ARRIESGADO,4973,102.20903692484272
ARRIESGADO,4974,149.543460905627
ARRIESGADO,4975,122.24229200575786
ARRIESGADO,4976,162.1341040588733
ARRIESGADO,4977,127.59749713037137
ARRIESGADO,4978,154.40664698622203
ARRIESGADO,4979,93.57356226575675
ARRIESGADO,4980,120.88661764753172
ARRIESGADO,4981,111.57062013025974
ARRIESGADO,4982,159.0529625708524
ARRIESGADO,4983,147.6434402100233
ARRIESGADO,4984,169.3526915143351
ARRIESGADO,4985,189.68947711853997
ARRIESGADO,4986,157.31401441023456
ARRIESGADO,4987,125.91508028564185
ARRIESGADO,4988,116.2269740613371
ARRIESGADO,4989,162.9458755483294
ARRIESGADO,4990,140.57957703012715
ARRIESGADO,4991,104.52706589036077
ARRIESGADO,4992,147.0707208838346
ARRIESGADO,4993,158.5124824000812
ARRIESGADO,4994,140.17788119964194
ARRIESGADO,4995,128.22832063419534
ARRIESGADO,4996,139.07220884643735
ARRIESGADO,4997,132.23800492952736
ARRIESGADO,4998,143.57621976369194
ARRIESGADO,4999,163.26037822162868
ARRIESGADO,5000,161.2393732574005
ARRIESGADO,5001,139.20867209111265
ARRIESGADO,5002,149.6071691896126
ARRIESGADO,5003,125.98227289341062
ARRIESGADO,5004,131.86205983726182
ARRIESGADO,5005,122.65228498917206
ARRIESGADO,5006,111.72120376921765
ARRIESGADO,5007,111.59514392112096
ARRIESGADO,5008,90.51956679344202
ARRIESGADO,5009,118.92277976520948
ARRIESGADO,5010,139.82754905738238
ARRIESGADO,5011,146.99163885673525
ARRIESGADO,5012,124.85629772651748
ARRIESGADO,5013,162.40232016454692
ARRIESGADO,5014,120.91675893632109
ARRIESGADO,5015,176.6256308456785
ARRIESGADO,5016,145.4917157662059
ARRIESGADO,5017,142.56235255904988
ARRIESGADO,5018,129.93600953270936
ARRIESGADO,5019,175.99545041681813
ARRIESGADO,5020,113.48970125420571
ARRIESGADO,5021,173.1146193243243
ARRIESGADO,5022,164.55843884664196
ARRIESGADO,5023,173.42030788829618
ARRIESGADO,5024,162.6300578523997
ARRIESGADO,5025,162.49322550730065
ARRIESGADO,5026,173.80059210978757
ARRIESGADO,5027,152.84970073008446
ARRIESGADO,5028,142.40329812582817
ARRIESGADO,5029,122.8077201370745
ARRIESGADO,5030,128.2307314564621
ARRIESGADO,5031,102.34315248868488
ARRIESGADO,5032,144.51641543984272
ARRIESGADO,5033,149.60696621173463
ARRIESGADO,5034,75.28540505230981
ARRIESGADO,5035,103.73144273345328
ARRIESGADO,5036,132.03649381876764
ARRIESGADO,5037,201.26343297871952
ARRIESGADO,5038,154.16155468644598
ARRIESGADO,5039,171.45884360781497
ARRIESGADO,5040,122.16591387035945
ARRIESGADO,5041,157.639913823235
ARRIESGADO,5042,171.17841669317534
ARRIESGADO,5043,147.29606072747586
ARRIESGADO,5044,160.81963333656836
ARRIESGADO,5045,113.70756907092455
ARRIESGADO,5046,154.61510283190492
ARRIESGADO,5047,127.44065227206224
ARRIESGADO,5048,181.34271329268483
ARRIESGADO,5049,122.35060920966637
ARRIESGADO,5050,150.98734342855983
ARRIESGADO,5051,151.75635132248513
ARRIESGADO,5052,151.37440022311895
ARRIESGADO,5053,134.88376727059608
ARRIESGADO,5054,165.68121317751744
ARRIESGADO,5055,150.71727237075737
ARRIESGADO,5056,161.57717042256203
ARRIESGADO,5057,121.8601602429444
ARRIESGADO,5058,129.13851415966815
ARRIESGADO,5059,158.22424530017742
ARRIESGADO,5060,126.84212523905353
ARRIESGADO,5061,123.76365400352533
ARRIESGADO,5062,155.8937834525559
ARRIESGADO,5063,125.38921003330275
ARRIESGADO,5064,110.14636672576218
ARRIESGADO,5065,149.93319627982504
ARRIESGADO,5066,141.66944220662424
ARRIESGADO,5067,140.77486355502685
ARRIESGADO,5068,146.34113870305885
ARRIESGADO,5069,157.33405587161147
ARRIESGADO,5070,181.18874380512847
ARRIESGADO,5071,136.8683159122785
ARRIESGADO,5072,156.93908696890037
ARRIESGADO,5073,117.18070638845663
ARRIESGADO,5074,120.3434194737329
ARRIESGADO,5075,141.6622080077247
ARRIESGADO,5076,99.03797023026708
ARRIESGADO,5077,139.86359960961659
ARRIESGADO,5078,101.73281201338523
ARRIESGADO,5079,158.6725303604022
ARRIESGADO,5080,175.85857207429316
ARRIESGADO,5081,129.08933223428284
ARRIESGADO,5082,129.1994771115584
ARRIESGADO,5083,141.123113150658
ARRIESGADO,5084,151.22547990548549
ARRIESGADO,5085,141.82864696845712
ARRIESGADO,5086,143.32652535188066
ARRIESGADO,5087,122.80691363650266
ARRIESGADO,5088,138.95095721017242
ARRIESGADO,5089,177.67111676053707
ARRIESGADO,5090,181.67443324649844
ARRIESGADO,5091,134.40439589817348
ARRIESGADO,5092,127.55822903381419
ARRIESGADO,5093,139.4067967820971
ARRIESGADO,5094,154.75949922449382
ARRIESGADO,5095,156.6724463046071
ARRIESGADO,5096,86.13142322464383
ARRIESGADO,5097,159.5872270114279
ARRIESGADO,5098,103.24576184114044
ARRIESGADO,5099,128.64196651142575
ARRIESGADO,5100,162.9942424882563
ARRIESGADO,5101,133.33287919355737
ARRIESGADO,5102,130.68319147866166
ARRIESGADO,5103,99.97920901691528
ARRIESGADO,5104,162.9717346498214
ARRIESGADO,5105,179.79575109605136
ARRIESGADO,5106,153.88948910194986
ARRIESGADO,5107,137.0606980690672
ARRIESGADO,5108,176.41293777962
ARRIESGADO,5109,108.76858547841874
ARRIESGADO,5110,121.78051944473374
ARRIESGADO,5111,177.92575157582357
ARRIESGADO,5112,142.41236909845819
ARRIESGADO,5113,132.16100330952253
ARRIESGADO,5114,97.52532581569855
ARRIESGADO,5115,167.21850976993855
ARRIESGADO,5116,129.40706718231291
ARRIESGADO,5117,161.9474334409079
ARRIESGADO,5118,126.90104377574997
ARRIESGADO,5119,134.44768512534677
ARRIESGADO,5120,145.7318853970512
ARRIESGADO,5121,153.73553150011406
ARRIESGADO,5122,135.29975247378468
ARRIESGADO,5123,188.42975843321713
ARRIESGADO,5124,138.17919190837355
ARRIESGADO,5125,126.62545957460298
ARRIESGADO,5126,147.78316974857864
ARRIESGADO,5127,164.54004751631658
ARRIESGADO,5128,140.91592036540627
ARRIESGADO,5129,152.4030809024385
ARRIESGADO,5130,98.39594661613243
ARRIESGADO,5131,139.3080229475132
ARRIESGADO,5132,196.40717829174466
ARRIESGADO,5133,147.50632278139463
ARRIESGADO,5134,90.40852392271077
ARRIESGADO,5135,143.78069112875352
ARRIESGADO,5136,155.6365140434057
ARRIESGADO,5137,147.82574517862122
ARRIESGADO,5138,134.35190651050002
ARRIESGADO,5139,148.5588588872683
ARRIESGADO,5140,135.05337479198477
ARRIESGADO,5141,112.5119794552773
ARRIESGADO,5142,126.11423043286409
ARRIESGADO,5143,124.16739529792581
ARRIESGADO,5144,136.72213331228227
ARRIESGADO,5145,186.0200752885664
ARRIESGADO,5146,135.2227842722837
ARRIESGADO,5147,147.35708614644315
ARRIESGADO,5148,121.36905483041029
ARRIESGADO,5149,137.5323973223268
ARRIESGADO,5150,116.61676599147256
ARRIESGADO,5151,151.1871689377552
ARRIESGADO,5152,142.25264311199055
ARRIESGADO,5153,119.57370350596403
ARRIESGADO,5154,148.74264856401982
ARRIESGADO,5155,157.53090217582036
ARRIESGADO,5156,130.82449805176157
ARRIESGADO,5157,154.81924582848163
ARRIESGADO,5158,103.475934517053
ARRIESGADO,5159,92.36077386846995
ARRIESGADO,5160,121.51134518184466
ARRIESGADO,5161,185.3780363706314
ARRIESGADO,5162,143.16996918831552
ARRIESGADO,5163,169.34556370554523
ARRIESGADO,5164,152.93680319029778
ARRIESGADO,5165,134.07976098246115
ARRIESGADO,5166,124.29234938535895
ARRIESGADO,5167,115.16348686832895
ARRIESGADO,5168,171.22494095076016
ARRIESGADO,5169,113.44752019796955
ARRIESGADO,5170,180.3136588953891
ARRIESGADO,5171,138.42170573659124
ARRIESGADO,5172,140.7856506436514
ARRIESGADO,5173,122.50650291971164
ARRIESGADO,5174,131.08790682808936
ARRIESGADO,5175,142.66598994089748
ARRIESGADO,5176,117.04737952387043
ARRIESGADO,5177,98.15867446308964
ARRIESGADO,5178,181.8941973889875
ARRIESGADO,5179,143.08004919997992
ARRIESGADO,5180,100.97994950847911
ARRIESGADO,5181,125.00647476542935
ARRIESGADO,5182,119.73484625650232
ARRIESGADO,5183,100.59468417255658
ARRIESGADO,5184,130.95027068665473
ARRIESGADO,5185,163.10326081097617
ARRIESGADO,5186,144.66610208241568
ARRIESGADO,5187,141.91374755256246
ARRIESGADO,5188,170.18752491922427
ARRIESGADO,5189,132.3770923841836
ARRIESGADO,5190,154.44081480161032
ARRIESGADO,5191,117.82683793683032
ARRIESGADO,5192,160.13797365540978
ARRIESGADO,5193,189.63031594449717
ARRIESGADO,5194,143.52932725674953
ARRIESGADO,5195,187.4946844297532
ARRIESGADO,5196,122.18433408328721
ARRIESGADO,5197,128.1641837476508
ARRIESGADO,5198,133.36023827554024
ARRIESGADO,5199,157.37036685292492
ARRIESGADO,5200,133.07950295237583
ARRIESGADO,5201,140.83881746288324
ARRIESGADO,5202,118.57073237980046
ARRIESGADO,5203,126.54723530433337
ARRIESGADO,5204,149.65895011314694
ARRIESGADO,5205,148.31662251360828
ARRIESGADO,5206,147.78160129030024
ARRIESGADO,5207,102.01359986155087
ARRIESGADO,5208,138.99562067846364
ARRIESGADO,5209,162.4301159909611
ARRIESGADO,5210,117.51402623452917
ARRIESGADO,5211,135.51904864716715
ARRIESGADO,5212,147.88178676756357
ARRIESGADO,5213,100.13610793456435
ARRIESGADO,5214,109.22267447268206
ARRIESGADO,5215,188.28428695860418
ARRIESGADO,5216,121.71473283488203
ARRIESGADO,5217,156.0700446583784
ARRIESGADO,5218,154.71413838132597
ARRIESGADO,5219,114.87778594230707
ARRIESGADO,5220,131.6232925233984
ARRIESGADO,5221,128.13118014204554
ARRIESGADO,5222,162.2581207237516
ARRIESGADO,5223,125.76559332685716
ARRIESGADO,5224,106.44441226088432
ARRIESGADO,5225,132.7921270442735
ARRIESGADO,5226,159.2143444487549
ARRIESGADO,5227,154.86190923409592
ARRIESGADO,5228,128.20400460986278
ARRIESGADO,5229,151.02016215194882
ARRIESGADO,5230,142.28229489423666
ARRIESGADO,5231,130.67048853560823
ARRIESGADO,5232,118.55743086291552
ARRIESGADO,5233,170.19157042203358
ARRIESGADO,5234,168.6695176606225
ARRIESGADO,5235,95.31129962789194
ARRIESGADO,5236,127.70244711368004
ARRIESGADO,5237,117.29413732467336
ARRIESGADO,5238,141.92859838084973
ARRIESGADO,5239,128.96250775309227
ARRIESGADO,5240,160.58817462661221
ARRIESGADO,5241,141.69187157289088
ARRIESGADO,5242,133.85149521876463
ARRIESGADO,5243,179.86586520100735
ARRIESGADO,5244,133.78089632657034
ARRIESGADO,5245,121.16208580234257
ARRIESGADO,5246,159.51444934336996
ARRIESGADO,5247,154.46751360562794
ARRIESGADO,5248,129.2814825881662
ARRIESGADO,5249,127.24350396744774
ARRIESGADO,5250,138.12078445690418
ARRIESGADO,5251,131.68128179488292
ARRIESGADO,5252,143.10479029866153
ARRIESGADO,5253,166.8167776707407
ARRIESGADO,5254,159.08256449578704
ARRIESGADO,5255,102.58216367005873
ARRIESGADO,5256,132.2011712503545
ARRIESGADO,5257,168.31886863328347
ARRIESGADO,5258,109.33205776643327
ARRIESGADO,5259,153.42997445137385
ARRIESGADO,5260,104.01682528900076
ARRIESGADO,5261,124.03174403611072
ARRIESGADO,5262,120.84392386550913
ARRIESGADO,5263,125.73251999350856
ARRIESGADO,5264,129.78780586956694
ARRIESGADO,5265,139.24357195741126
ARRIESGADO,5266,136.82147680821768
ARRIESGADO,5267,148.6289492880539
ARRIESGADO,5268,138.39972170333087
ARRIESGADO,5269,156.8075978625104
ARRIESGADO,5270,167.31733880926905
ARRIESGADO,5271,116.14949669727241
ARRIESGADO,5272,130.42669623078498
ARRIESGADO,5273,124.39880940640958
ARRIESGADO,5274,92.8441257146379
ARRIESGADO,5275,98.1390694213558
ARRIESGADO,5276,156.19697830226264
ARRIESGADO,5277,175.77212697601075
ARRIESGADO,5278,135.85290911436846
ARRIESGADO,5279,117.4456420135609
ARRIESGADO,5280,153.67037360903487
ARRIESGADO,5281,176.24802422845775
ARRIESGADO,5282,161.51086494796337
ARRIESGADO,5283,121.2477689671836
ARRIESGADO,5284,126.38436941747212
ARRIESGADO,5285,136.7091530113551
ARRIESGADO,5286,143.98996754188676
ARRIESGADO,5287,155.33095194801302
ARRIESGADO,5288,148.000478152273
ARRIESGADO,5289,156.41058517045084
ARRIESGADO,5290,109.25825599043957
ARRIESGADO,5291,123.83297833907551
ARRIESGADO,5292,157.5217396152293
ARRIESGADO,5293,154.4103541744246
ARRIESGADO,5294,120.68575825511004
ARRIESGADO,5295,146.0334084469323
ARRIESGADO,5296,154.68417361988327
ARRIESGADO,5297,118.3278082241972
ARRIESGADO,5298,181.2603628976942
ARRIESGADO,5299,156.5770235271501
ARRIESGADO,5300,143.68693642742423
ARRIESGADO,5301,153.1304158016256
ARRIESGADO,5302,152.14849677250857
ARRIESGADO,5303,178.41130575610094
ARRIESGADO,5304,116.8736457691444
ARRIESGADO,5305,151.55628818330635
ARRIESGADO,5306,149.79261208640273
ARRIESGADO,5307,122.75104626666575
ARRIESGADO,5308,81.93457923202111
ARRIESGADO,5309,141.42471925452367
ARRIESGADO,5310,120.83352472666239
ARRIESGADO,5311,145.09010294657548
ARRIESGADO,5312,122.41179136273638
ARRIESGADO,5313,135.06828489120718
ARRIESGADO,5314,153.64211465159093
ARRIESGADO,5315,95.92146346550336
ARRIESGADO,5316,173.79394041520183
ARRIESGADO,5317,130.61662929809734
ARRIESGADO,5318,179.0957696523698
ARRIESGADO,5319,123.85697853314515
ARRIESGADO,5320,157.62998036168838
ARRIESGADO,5321,168.21542404562743
ARRIESGADO,5322,131.91822517156763
ARRIESGADO,5323,131.01567831598527
ARRIESGADO,5324,146.78267379150464
ARRIESGADO,5325,125.50440765765929
ARRIESGADO,5326,157.42631287515619
ARRIESGADO,5327,154.44401010031677
ARRIESGADO,5328,131.95427255850137
ARRIESGADO,5329,146.73269572543603
ARRIESGADO,5330,177.27163685429684
ARRIESGADO,5331,113.77984282764247
ARRIESGADO,5332,131.81275592775478
ARRIESGADO,5333,164.55112045236976
ARRIESGADO,5334,118.283024937898
ARRIESGADO,5335,157.78909618122339
ARRIESGADO,5336,105.65281452485937
ARRIESGADO,5337,167.42246682061625
ARRIESGADO,5338,116.71728522404483
ARRIESGADO,5339,94.38001364795275
ARRIESGADO,5340,109.42095425073313
ARRIESGADO,5341,129.4780199908877
ARRIESGADO,5342,160.07197867121403
ARRIESGADO,5343,176.7834482272279
ARRIESGADO,5344,143.84951621450398
ARRIESGADO,5345,112.79303126713884
ARRIESGADO,5346,120.21625603830515
ARRIESGADO,5347,178.89228337147628
ARRIESGADO,5348,136.68316764365662
ARRIESGADO,5349,174.09573053498377
ARRIESGADO,5350,177.15237420242775
ARRIESGADO,5351,117.08393378600796
ARRIESGADO,5352,124.80158625566169
ARRIESGADO,5353,195.62144135440792
ARRIESGADO,5354,158.39082812450468
ARRIESGADO,5355,126.51540462650675
ARRIESGADO,5356,171.1068292578382
ARRIESGADO,5357,157.63288804467345
ARRIESGADO,5358,114.38368224284466
ARRIESGADO,5359,156.11401326574673
ARRIESGADO,5360,106.75498108946368
ARRIESGADO,5361,144.86070113286377
ARRIESGADO,5362,159.1313329038978
ARRIESGADO,5363,138.03642388500248
ARRIESGADO,5364,96.32801510231567
ARRIESGADO,5365,153.32365709242325
ARRIESGADO,5366,141.87203756970996
ARRIESGADO,5367,135.2290011713028
ARRIESGADO,5368,140.29343874917424
ARRIESGADO,5369,121.67614011385608
ARRIESGADO,5370,136.4909221476111
ARRIESGADO,5371,142.47690803647117
ARRIESGADO,5372,118.67094845538202
ARRIESGADO,5373,155.45712364743275
ARRIESGADO,5374,163.69428800027848
ARRIESGADO,5375,211.9204367967142
ARRIESGADO,5376,121.02710832363984
ARRIESGADO,5377,163.42955409772242
ARRIESGADO,5378,148.7395114290162
ARRIESGADO,5379,139.3242039321171
ARRIESGADO,5380,140.87509761824566
ARRIESGADO,5381,100.44314558600752
ARRIESGADO,5382,145.3725388736365
ARRIESGADO,5383,126.16567778807622
ARRIESGADO,5384,129.50932381435206
ARRIESGADO,5385,175.2578780959121
ARRIESGADO,5386,175.70564433359598
ARRIESGADO,5387,141.07822115775025
ARRIESGADO,5388,129.24807206882994
ARRIESGADO,5389,124.31222792891026
ARRIESGADO,5390,129.42720876510978
ARRIESGADO,5391,141.3576549185264
ARRIESGADO,5392,113.21470894923766
ARRIESGADO,5393,151.80472752375638
ARRIESGADO,5394,148.19302656877306
ARRIESGADO,5395,126.9457896839652
ARRIESGADO,5396,116.90841648059038
ARRIESGADO,5397,124.42843513278028
ARRIESGADO,5398,162.85843790540318
ARRIESGADO,5399,161.22386444922023
ARRIESGADO,5400,128.78350316105133
ARRIESGADO,5401,146.53653575385377
ARRIESGADO,5402,184.32303861250898
ARRIESGADO,5403,143.40680354303186
ARRIESGADO,5404,155.06518300701754
ARRIESGADO,5405,112.87364556056036
ARRIESGADO,5406,159.9311938169665
ARRIESGADO,5407,118.66190402048235
ARRIESGADO,5408,150.95659488462405
ARRIESGADO,5409,160.0405948963877
ARRIESGADO,5410,129.70058255012083
ARRIESGADO,5411,141.93097797275817
ARRIESGADO,5412,144.546174479154
ARRIESGADO,5413,161.996462768246
ARRIESGADO,5414,164.9663496985661
ARRIESGADO,5415,168.90339983777721
ARRIESGADO,5416,164.36243842775548
ARRIESGADO,5417,149.96573370357922
ARRIESGADO,5418,168.68782607685773
ARRIESGADO,5419,131.47010365249207
ARRIESGADO,5420,121.6994024771547
ARRIESGADO,5421,144.09296482984746
ARRIESGADO,5422,142.35586622165766
ARRIESGADO,5423,127.22048523184313
ARRIESGADO,5424,117.97653282572996
ARRIESGADO,5425,189.61521519629284
ARRIESGADO,5426,126.49521168805256
ARRIESGADO,5427,149.58829218437018
ARRIESGADO,5428,139.02767030426259
ARRIESGADO,5429,146.06371280359642
ARRIESGADO,5430,120.82663083053377
ARRIESGADO,5431,116.5856385987453
ARRIESGADO,5432,139.0177689545523
ARRIESGADO,5433,160.7334208143128
ARRIESGADO,5434,152.10074964937257
ARRIESGADO,5435,109.20620704786555
ARRIESGADO,5436,139.60044731696505
ARRIESGADO,5437,158.9008277327087
ARRIESGADO,5438,156.78371728102854
ARRIESGADO,5439,137.71796824031708
ARRIESGADO,5440,166.8269183731763
ARRIESGADO,5441,130.60095088485153
ARRIESGADO,5442,166.63187977976258
ARRIESGADO,5443,77.38037765679854
ARRIESGADO,5444,125.67473041090135
ARRIESGADO,5445,144.3161500161359
ARRIESGADO,5446,108.17629571506728
ARRIESGADO,5447,151.9394013926349
ARRIESGADO,5448,126.46088018329883
ARRIESGADO,5449,129.5808194455551
ARRIESGADO,5450,136.01335633110654
ARRIESGADO,5451,127.48331692573194
ARRIESGADO,5452,145.38508000963617
ARRIESGADO,5453,181.81555944758637
ARRIESGADO,5454,184.03694073660313
ARRIESGADO,5455,127.21122207006289
ARRIESGADO,5456,133.7395238788466
ARRIESGADO,5457,116.46350272552728
ARRIESGADO,5458,132.68937324584843
ARRIESGADO,5459,169.39136417758857
ARRIESGADO,5460,117.74822640384976
ARRIESGADO,5461,124.15046235129948
ARRIESGADO,5462,170.0201248903653
ARRIESGADO,5463,145.4565709474505
ARRIESGADO,5464,139.69759096796744
ARRIESGADO,5465,149.11315687189324
ARRIESGADO,5466,120.30937608558857
ARRIESGADO,5467,153.24199557600352
ARRIESGADO,5468,153.37694571405456
ARRIESGADO,5469,106.94970147354884
ARRIESGADO,5470,145.6880499210125
ARRIESGADO,5471,128.0071468545073
ARRIESGADO,5472,135.00440156364178
ARRIESGADO,5473,145.4201187520833
ARRIESGADO,5474,110.71502918617774
ARRIESGADO,5475,96.7562848632729
ARRIESGADO,5476,158.11686911135536
ARRIESGADO,5477,120.88160123463169
ARRIESGADO,5478,129.49404678970137
ARRIESGADO,5479,98.84632466607135
ARRIESGADO,5480,153.33982641038554
ARRIESGADO,5481,152.82165020654736
ARRIESGADO,5482,124.27780505782434
ARRIESGADO,5483,148.52424904288176
ARRIESGADO,5484,178.66148659971833
ARRIESGADO,5485,113.31308702119874
ARRIESGADO,5486,144.18584686062192
ARRIESGADO,5487,179.94210095899163
ARRIESGADO,5488,120.89136248038751
ARRIESGADO,5489,171.02808456984158
ARRIESGADO,5490,171.24849162492194
ARRIESGADO,5491,92.04163309688049
ARRIESGADO,5492,117.92710414417182
ARRIESGADO,5493,108.50384766674486
ARRIESGADO,5494,161.8740043171352
ARRIESGADO,5495,127.05905690341945
ARRIESGADO,5496,131.1389152090302
ARRIESGADO,5497,132.099262752961
ARRIESGADO,5498,136.11710015083247
ARRIESGADO,5499,165.52290017838402
ARRIESGADO,5500,133.53844349671596
ARRIESGADO,5501,146.90721967224644
ARRIESGADO,5502,141.93851028779466
ARRIESGADO,5503,102.11768517429728
ARRIESGADO,5504,167.30409085832187
ARRIESGADO,5505,121.16216441502664
ARRIESGADO,5506,144.0570246019861
ARRIESGADO,5507,175.70875025580708
ARRIESGADO,5508,119.13355493096068
ARRIESGADO,5509,123.93698777583488
ARRIESGADO,5510,116.17238703834433
ARRIESGADO,5511,122.68073237837169
ARRIESGADO,5512,108.2516114283241
ARRIESGADO,5513,113.19441690928626
ARRIESGADO,5514,158.73870754009258
ARRIESGADO,5515,131.30870047633834
ARRIESGADO,5516,145.00402993659935
ARRIESGADO,5517,159.41302446773088
ARRIESGADO,5518,120.88266418633509
ARRIESGADO,5519,131.19964405802853
ARRIESGADO,5520,183.11126623577672
ARRIESGADO,5521,139.69427832314017
ARRIESGADO,5522,118.56379704722328
ARRIESGADO,5523,119.6873417422072
ARRIESGADO,5524,134.66687376539832
ARRIESGADO,5525,168.2310449847316
ARRIESGADO,5526,151.08299511557
ARRIESGADO,5527,127.86704729940544
ARRIESGADO,5528,137.17252198793557
ARRIESGADO,5529,130.47572264737005
ARRIESGADO,5530,131.3874233909564
ARRIESGADO,5531,119.97835861809406
ARRIESGADO,5532,130.75602035665918
ARRIESGADO,5533,161.9680686457456
ARRIESGADO,5534,148.6802884157433
ARRIESGADO,5535,146.35097570156447
ARRIESGADO,5536,107.52856907496391
ARRIESGADO,5537,112.71415484125154
ARRIESGADO,5538,113.2157252578992
ARRIESGADO,5539,135.6957782983322
ARRIESGADO,5540,155.94320065196104
ARRIESGADO,5541,155.40276034952055
ARRIESGADO,5542,128.927641319195
ARRIESGADO,5543,129.56338712994497
ARRIESGADO,5544,170.88557707289763
ARRIESGADO,5545,132.32561926070034
ARRIESGADO,5546,139.92175964921734
ARRIESGADO,5547,152.3462701603246
ARRIESGADO,5548,122.43260979264552
ARRIESGADO,5549,163.82768226289429
ARRIESGADO,5550,184.90973544499843
ARRIESGADO,5551,134.25764059322708
ARRIESGADO,5552,146.26954722099018
ARRIESGADO,5553,128.86161607528038
ARRIESGADO,5554,174.997788558023
ARRIESGADO,5555,156.93451276846525
ARRIESGADO,5556,159.26464734765335
ARRIESGADO,5557,117.55959583240426
ARRIESGADO,5558,154.7870505608412
ARRIESGADO,5559,133.7533201391627
ARRIESGADO,5560,141.28281302590523
ARRIESGADO,5561,134.12327489166154
ARRIESGADO,5562,138.0342346713511
ARRIESGADO,5563,112.6359092997794
ARRIESGADO,5564,145.10077486272755
ARRIESGADO,5565,159.0415366286832
ARRIESGADO,5566,132.63396715315676
ARRIESGADO,5567,106.97467915228228
ARRIESGADO,5568,131.99615364832934
ARRIESGADO,5569,164.26502741733017
ARRIESGADO,5570,134.89391138642742
ARRIESGADO,5571,123.46522419878283
ARRIESGADO,5572,121.55424712753245
ARRIESGADO,5573,160.33840463316105
ARRIESGADO,5574,111.46832646077773
ARRIESGADO,5575,124.35179921702134
ARRIESGADO,5576,125.28504822597199
ARRIESGADO,5577,171.0217859587662
ARRIESGADO,5578,114.63470182735796
ARRIESGADO,5579,144.10312214749106
ARRIESGADO,5580,119.29761314731759
ARRIESGADO,5581,149.17724166096414
ARRIESGADO,5582,114.68441296752523
ARRIESGADO,5583,119.61505464495046
ARRIESGADO,5584,149.58418194815107
ARRIESGADO,5585,145.19109557504186
ARRIESGADO,5586,167.7706670280472
ARRIESGADO,5587,129.68579713896239
ARRIESGADO,5588,131.19384385426451
ARRIESGADO,5589,105.82202462297928
ARRIESGADO,5590,150.85724102887502
ARRIESGADO,5591,178.92933527377852
ARRIESGADO,5592,97.01085435665942
ARRIESGADO,5593,131.2125913732464
ARRIESGADO,5594,141.75165749456622
ARRIESGADO,5595,134.2046598146822
ARRIESGADO,5596,191.0198769231544
ARRIESGADO,5597,107.98267477060672
ARRIESGADO,5598,169.56636884271938
ARRIESGADO,5599,105.30335212222207
ARRIESGADO,5600,114.70051865186728
ARRIESGADO,5601,150.64070955959298
ARRIESGADO,5602,128.0482665550618
ARRIESGADO,5603,155.97899873968365
ARRIESGADO,5604,125.57494309544231
ARRIESGADO,5605,115.61652320957185
ARRIESGADO,5606,127.02975810689169
ARRIESGADO,5607,160.12261915295332
ARRIESGADO,5608,121.42140246195062
ARRIESGADO,5609,137.16249561806168
ARRIESGADO,5610,193.4695810340464
ARRIESGADO,5611,137.46882522894455
ARRIESGADO,5612,138.55693943343366
ARRIESGADO,5613,157.0333493261197
ARRIESGADO,5614,113.05923300176302
ARRIESGADO,5615,117.1216915200541
ARRIESGADO,5616,97.05605720792896
ARRIESGADO,5617,118.64997741950162
ARRIESGADO,5618,149.67228665332038
ARRIESGADO,5619,137.9833267287115
ARRIESGADO,5620,150.98752278178208
ARRIESGADO,5621,142.19069211634155
ARRIESGADO,5622,144.1469882332363
ARRIESGADO,5623,152.4509478028391
ARRIESGADO,5624,174.36631842525705
ARRIESGADO,5625,107.99721955439918
ARRIESGADO,5626,131.8335838439665
ARRIESGADO,5627,195.82927529347506
ARRIESGADO,5628,153.76541658228695
ARRIESGADO,5629,178.7396489310038
ARRIESGADO,5630,125.77624548467367
ARRIESGADO,5631,143.6660255437537
ARRIESGADO,5632,175.21390473302293
ARRIESGADO,5633,166.36128620181046
ARRIESGADO,5634,170.06428849580593
ARRIESGADO,5635,178.85005574898628
ARRIESGADO,5636,127.70446075500351
ARRIESGADO,5637,146.84045636292825
ARRIESGADO,5638,120.23462261466966
ARRIESGADO,5639,97.19947426494214
ARRIESGADO,5640,167.36876672182112
ARRIESGADO,5641,104.87989062106308
ARRIESGADO,5642,129.3241686375394
ARRIESGADO,5643,157.6781710672743
ARRIESGADO,5644,124.53683425126079
ARRIESGADO,5645,135.7604742974175
ARRIESGADO,5646,164.55684529019862
ARRIESGADO,5647,139.9648045152254
ARRIESGADO,5648,99.02155704536321
ARRIESGADO,5649,130.60776763913978
ARRIESGADO,5650,158.60395186348615
ARRIESGADO,5651,124.17789379574816
ARRIESGADO,5652,121.48054440359505
ARRIESGADO,5653,148.5225199544334
ARRIESGADO,5654,130.84778064419262
ARRIESGADO,5655,158.56693828667593
ARRIESGADO,5656,172.65168223353353
ARRIESGADO,5657,152.43946952499786
ARRIESGADO,5658,140.02620091192506
ARRIESGADO,5659,151.3361795641335
ARRIESGADO,5660,146.8357433216591
ARRIESGADO,5661,110.48372907530636
ARRIESGADO,5662,145.12463944674042
ARRIESGADO,5663,153.40405422331128
ARRIESGADO,5664,111.55090861640075
ARRIESGADO,5665,156.5242705558918
ARRIESGADO,5666,119.899124752475
ARRIESGADO,5667,134.64730997574895
ARRIESGADO,5668,188.58540929689192
ARRIESGADO,5669,165.57215863279563
ARRIESGADO,5670,134.76497519572672
ARRIESGADO,5671,169.8907679220928
ARRIESGADO,5672,115.90347030009434
ARRIESGADO,5673,158.90599627141674
ARRIESGADO,5674,169.41490414484167
ARRIESGADO,5675,149.43310277788282
ARRIESGADO,5676,135.94691756141046
ARRIESGADO,5677,132.06954012627722
ARRIESGADO,5678,168.7949150939883
ARRIESGADO,5679,159.51458717487608
ARRIESGADO,5680,168.58664532923845
ARRIESGADO,5681,152.2985358972827
ARRIESGADO,5682,121.32831799942618
ARRIESGADO,5683,167.27159029285983
ARRIESGADO,5684,186.09919560711273
ARRIESGADO,5685,141.29546340828944
ARRIESGADO,5686,151.8429737959304
ARRIESGADO,5687,196.6134245424138
ARRIESGADO,5688,147.67980524027703
ARRIESGADO,5689,153.8102861316189
ARRIESGADO,5690,142.47208976850501
ARRIESGADO,5691,152.2091646487972
ARRIESGADO,5692,114.55274064897226
ARRIESGADO,5693,163.64613426728272
ARRIESGADO,5694,106.25980066622444
ARRIESGADO,5695,137.80438371490118
ARRIESGADO,5696,166.53009710763962
ARRIESGADO,5697,147.89039646850765
ARRIESGADO,5698,160.9531040311149
ARRIESGADO,5699,133.36223523420864
ARRIESGADO,5700,129.06827774695557
ARRIESGADO,5701,181.92835432377603
ARRIESGADO,5702,131.28769370873562
ARRIESGADO,5703,125.85033239222764
ARRIESGADO,5704,156.75042355296074
ARRIESGADO,5705,152.74224206211454
ARRIESGADO,5706,167.33091739672483
ARRIESGADO,5707,151.12515575452417
ARRIESGADO,5708,135.44333313720568
ARRIESGADO,5709,144.8510839218009
ARRIESGADO,5710,131.81184005578626
ARRIESGADO,5711,163.705141933083
ARRIESGADO,5712,119.73769190951468
ARRIESGADO,5713,180.25017047520197
ARRIESGADO,5714,123.65705266975795
ARRIESGADO,5715,103.07424459407024
ARRIESGADO,5716,116.06723463288766
ARRIESGADO,5717,151.73902657295596
ARRIESGADO,5718,159.03508280994828
ARRIESGADO,5719,153.59882156662357
ARRIESGADO,5720,113.5562094106166
ARRIESGADO,5721,164.75476311304791
ARRIESGADO,5722,132.44469641073388
ARRIESGADO,5723,132.39170883803556
ARRIESGADO,5724,163.36854420387527
ARRIESGADO,5725,143.48279286753365
ARRIESGADO,5726,110.74520103560845
ARRIESGADO,5727,169.83983527864066
ARRIESGADO,5728,111.66219085822662
ARRIESGADO,5729,155.2639251582857
ARRIESGADO,5730,121.14841751387
ARRIESGADO,5731,127.09132590940644
ARRIESGADO,5732,150.60478608923955
ARRIESGADO,5733,154.69883908265103
ARRIESGADO,5734,112.69575197571241
ARRIESGADO,5735,160.43399156118096
ARRIESGADO,5736,151.21863275101828
ARRIESGADO,5737,110.66400209760798
ARRIESGADO,5738,144.4057643686734
ARRIESGADO,5739,159.6785111948678
ARRIESGADO,5740,134.65630106394806
ARRIESGADO,5741,132.22499491386912
ARRIESGADO,5742,115.42436910514971
ARRIESGADO,5743,128.68755990738683
ARRIESGADO,5744,156.9434491603062
ARRIESGADO,5745,141.66113512550277
ARRIESGADO,5746,142.92109811735318
ARRIESGADO,5747,164.90196851604574
ARRIESGADO,5748,137.51446402100322
ARRIESGADO,5749,171.61316829930894
ARRIESGADO,5750,137.02935701225667
ARRIESGADO,5751,128.255050543689
ARRIESGADO,5752,150.55514403758903
ARRIESGADO,5753,118.19528233709228
ARRIESGADO,5754,117.89636547643299
ARRIESGADO,5755,130.48004917747127
ARRIESGADO,5756,177.48796558896407
ARRIESGADO,5757,158.54236686803085
ARRIESGADO,5758,133.34653788206631
ARRIESGADO,5759,178.41537964853902
ARRIESGADO,5760,96.77031815840999
ARRIESGADO,5761,169.2090773791957
ARRIESGADO,5762,97.00190498788143
ARRIESGADO,5763,142.3346270673969
ARRIESGADO,5764,121.47209413637107
ARRIESGADO,5765,120.84622085901779
ARRIESGADO,5766,163.85726083026873
ARRIESGADO,5767,130.37550354057686
ARRIESGADO,5768,159.69913117585386
ARRIESGADO,5769,133.83482163489717
ARRIESGADO,5770,140.02067352198
ARRIESGADO,5771,129.84040981927197
ARRIESGADO,5772,163.07743893986338
ARRIESGADO,5773,168.91121930457373
ARRIESGADO,5774,123.89449342089037
ARRIESGADO,5775,164.93382258490308
ARRIESGADO,5776,125.66076806725401
ARRIESGADO,5777,135.82903681906552
ARRIESGADO,5778,120.65683799257266
ARRIESGADO,5779,187.49879948958647
ARRIESGADO,5780,143.02975291314632
ARRIESGADO,5781,108.10220924310448
ARRIESGADO,5782,122.69920320686967
ARRIESGADO,5783,86.3618373087966
ARRIESGADO,5784,143.9442272477585
ARRIESGADO,5785,121.56299412652746
ARRIESGADO,5786,139.90839816956327
ARRIESGADO,5787,145.2714131680035
ARRIESGADO,5788,117.22457822530812
ARRIESGADO,5789,127.86131397077342
ARRIESGADO,5790,106.50551748687288
ARRIESGADO,5791,108.66319973673887
ARRIESGADO,5792,122.04051861337373
ARRIESGADO,5793,148.74726816685126
ARRIESGADO,5794,118.21951719487603
ARRIESGADO,5795,198.13221893198016
ARRIESGADO,5796,105.39149004266085
ARRIESGADO,5797,123.49892877841597
ARRIESGADO,5798,141.07707300545718
ARRIESGADO,5799,124.84685041531654
ARRIESGADO,5800,133.09584306385725
ARRIESGADO,5801,141.97563774360495
ARRIESGADO,5802,139.94227372442
ARRIESGADO,5803,126.54219880264829
ARRIESGADO,5804,135.62766075951538
ARRIESGADO,5805,180.98350229533148
ARRIESGADO,5806,111.15316402457505
ARRIESGADO,5807,198.4125249561877
ARRIESGADO,5808,167.5796479667126
ARRIESGADO,5809,136.26974375119016
ARRIESGADO,5810,126.1155939009154
ARRIESGADO,5811,143.34263516935152
ARRIESGADO,5812,156.39985856089064
ARRIESGADO,5813,136.73325120064092
ARRIESGADO,5814,135.24423622971037
ARRIESGADO,5815,124.66614310378012
ARRIESGADO,5816,150.15414003480078
ARRIESGADO,5817,150.2827930751796
ARRIESGADO,5818,157.38458257482569
ARRIESGADO,5819,156.57775066613948
ARRIESGADO,5820,121.51329606677794
ARRIESGADO,5821,141.88021550199875
ARRIESGADO,5822,151.15050582285198
ARRIESGADO,5823,140.1650721412106
ARRIESGADO,5824,164.18246866122178
ARRIESGADO,5825,162.96302526871796
ARRIESGADO,5826,151.16907269090302
ARRIESGADO,5827,128.27171976769813
ARRIESGADO,5828,146.76749346493324
ARRIESGADO,5829,146.34843700682467
ARRIESGADO,5830,172.16397334362077
ARRIESGADO,5831,119.38354489942637
ARRIESGADO,5832,134.18885401133883
ARRIESGADO,5833,138.18081812856647
ARRIESGADO,5834,178.7148241463893
ARRIESGADO,5835,143.32730423361747
ARRIESGADO,5836,119.4116623084689
ARRIESGADO,5837,151.13592114476177
ARRIESGADO,5838,165.72097517541042
ARRIESGADO,5839,121.74644244297416
ARRIESGADO,5840,141.1849021071074
ARRIESGADO,5841,120.21575328231481
ARRIESGADO,5842,118.53461318592274
ARRIESGADO,5843,139.6861469594195
ARRIESGADO,5844,141.81042840707704
ARRIESGADO,5845,109.82978608850209
ARRIESGADO,5846,93.26030734923204
ARRIESGADO,5847,122.0368357644584
ARRIESGADO,5848,128.64759500706998
ARRIESGADO,5849,145.91400318025094
ARRIESGADO,5850,150.74433519853545
ARRIESGADO,5851,146.11275083971097
ARRIESGADO,5852,181.49491295606353
ARRIESGADO,5853,117.56848938243043
ARRIESGADO,5854,170.529988850427
ARRIESGADO,5855,159.89047640843808
ARRIESGADO,5856,111.71892034060696
ARRIESGADO,5857,130.38337511593042
ARRIESGADO,5858,104.76704420270323
ARRIESGADO,5859,193.91759351716
ARRIESGADO,5860,104.76601592105126
ARRIESGADO,5861,160.19020875651643
ARRIESGADO,5862,151.15260391161232
ARRIESGADO,5863,160.8160531559457
ARRIESGADO,5864,143.24068067357035
ARRIESGADO,5865,162.71223754697192
ARRIESGADO,5866,125.12229100079534
ARRIESGADO,5867,155.0566475214016
ARRIESGADO,5868,128.45794372444374
ARRIESGADO,5869,165.28789845139102
ARRIESGADO,5870,132.4665150790199
ARRIESGADO,5871,154.7154064308183
ARRIESGADO,5872,166.0547652914955
ARRIESGADO,5873,168.66771062220306
ARRIESGADO,5874,104.78108678928223
ARRIESGADO,5875,137.08983324139484
ARRIESGADO,5876,117.02372036130522
ARRIESGADO,5877,136.7492989804382
ARRIESGADO,5878,161.47477307984605
ARRIESGADO,5879,146.818250336026
ARRIESGADO,5880,130.08158023516708
ARRIESGADO,5881,132.5654151322232
ARRIESGADO,5882,136.11511461259903
ARRIESGADO,5883,159.17647840952597
ARRIESGADO,5884,133.1478169418801
ARRIESGADO,5885,172.78851212598332
ARRIESGADO,5886,117.80204787689254
ARRIESGADO,5887,132.99826669436393
ARRIESGADO,5888,121.49313949606959
ARRIESGADO,5889,141.6824353129659
ARRIESGADO,5890,163.69461354285866
ARRIESGADO,5891,132.51412348004013
ARRIESGADO,5892,126.75474709016649
ARRIESGADO,5893,160.57898399977108
ARRIESGADO,5894,104.06459273276593
ARRIESGADO,5895,145.48606435869547
ARRIESGADO,5896,136.784273989504
ARRIESGADO,5897,162.92870541114488
ARRIESGADO,5898,144.24471214075575
ARRIESGADO,5899,117.32063185785096
ARRIESGADO,5900,147.4598108707353
ARRIESGADO,5901,146.9226541887296
ARRIESGADO,5902,141.3233778981698
ARRIESGADO,5903,129.55584487224044
ARRIESGADO,5904,132.3932306490813
ARRIESGADO,5905,139.899135749381
ARRIESGADO,5906,169.03653295719738
ARRIESGADO,5907,132.62457860903018
ARRIESGADO,5908,125.67896677037758
ARRIESGADO,5909,158.22455813035603
ARRIESGADO,5910,119.01677060273269
ARRIESGADO,5911,165.51513987740293
ARRIESGADO,5912,170.34083695563552
ARRIESGADO,5913,151.63094895904078
ARRIESGADO,5914,135.63401189834363
ARRIESGADO,5915,145.77638743392146
ARRIESGADO,5916,117.58630333404483
ARRIESGADO,5917,107.1165732438441
ARRIESGADO,5918,137.0241149567535
ARRIESGADO,5919,129.32668836326175
ARRIESGADO,5920,118.79997730142873
ARRIESGADO,5921,142.88671392245388
ARRIESGADO,5922,119.09488695972409
ARRIESGADO,5923,139.0109749296394
ARRIESGADO,5924,127.5594688519273
ARRIESGADO,5925,123.07021950774616
ARRIESGADO,5926,140.76557994204137
ARRIESGADO,5927,171.43753777053587
ARRIESGADO,5928,156.57063732815794
ARRIESGADO,5929,134.504604031586
ARRIESGADO,5930,176.27396686471695
ARRIESGADO,5931,135.56249971414965
ARRIESGADO,5932,123.95585255140577
ARRIESGADO,5933,119.37864617803443
ARRIESGADO,5934,147.46095139356038
ARRIESGADO,5935,130.23340512244616
ARRIESGADO,5936,141.11260252465345
ARRIESGADO,5937,189.71879485541442
ARRIESGADO,5938,154.44037084065064
ARRIESGADO,5939,170.99361247661022
ARRIESGADO,5940,154.34859258918596
ARRIESGADO,5941,153.86048624201422
ARRIESGADO,5942,136.69094249585652
ARRIESGADO,5943,151.6571732260706
ARRIESGADO,5944,169.03101842125216
ARRIESGADO,5945,134.573654448931
ARRIESGADO,5946,117.26748664475942
ARRIESGADO,5947,124.84821042516066
ARRIESGADO,5948,150.82113515363181
ARRIESGADO,5949,127.6743474139532
ARRIESGADO,5950,106.0661124765044
ARRIESGADO,5951,133.06425869461222
ARRIESGADO,5952,180.7037218565412
ARRIESGADO,5953,141.6741145202951
ARRIESGADO,5954,132.46805165609092
ARRIESGADO,5955,141.200779994428
ARRIESGADO,5956,145.89427501177875
ARRIESGADO,5957,138.7405470977622
ARRIESGADO,5958,172.30040974185454
ARRIESGADO,5959,147.7365868005346
ARRIESGADO,5960,132.924468104725
ARRIESGADO,5961,160.03380270447926
ARRIESGADO,5962,121.84854963118454
ARRIESGADO,5963,113.88736665979546
ARRIESGADO,5964,132.90784174876643
ARRIESGADO,5965,160.13909791759082
ARRIESGADO,5966,116.69287671956192
ARRIESGADO,5967,138.68784767029132
ARRIESGADO,5968,189.57190476373543
ARRIESGADO,5969,146.34787132258973
ARRIESGADO,5970,128.78130026440778
ARRIESGADO,5971,129.50358083646165
ARRIESGADO,5972,136.00448441702923
ARRIESGADO,5973,135.58618786588727
ARRIESGADO,5974,147.89177377891434
ARRIESGADO,5975,160.11564705681667
ARRIESGADO,5976,118.50344193050826
ARRIESGADO,5977,144.4431985059107
ARRIESGADO,5978,118.10508476250874
ARRIESGADO,5979,136.53917780755836
ARRIESGADO,5980,164.31648137461653
ARRIESGADO,5981,138.85513857258627
ARRIESGADO,5982,160.78893701941212
ARRIESGADO,5983,141.92447646983663
ARRIESGADO,5984,141.910388766307
ARRIESGADO,5985,144.99816775397625
ARRIESGADO,5986,149.4872547749717
ARRIESGADO,5987,176.93979469723317
ARRIESGADO,5988,134.16610233875508
ARRIESGADO,5989,150.8568989088591
ARRIESGADO,5990,117.23645251536267
ARRIESGADO,5991,141.00055017225594
ARRIESGADO,5992,150.76221067561582
ARRIESGADO,5993,190.42096724495846
ARRIESGADO,5994,148.81052870231107
ARRIESGADO,5995,126.96793872802468
ARRIESGADO,5996,125.85882036193631
ARRIESGADO,5997,139.75749785110847
ARRIESGADO,5998,133.27053141393293
ARRIESGADO,5999,146.37809792519442
ARRIESGADO,6000,161.91332195419935
ARRIESGADO,6001,125.71193183584398
ARRIESGADO,6002,120.46344342071512
ARRIESGADO,6003,116.30215391752618
ARRIESGADO,6004,130.61452513296143
ARRIESGADO,6005,112.68107870442556
ARRIESGADO,6006,118.68378588120827
ARRIESGADO,6007,143.96018001087944
ARRIESGADO,6008,151.22818781612668
ARRIESGADO,6009,172.3763390375058
ARRIESGADO,6010,157.31255835634494
ARRIESGADO,6011,101.18760814081332
ARRIESGADO,6012,117.21021147716395
ARRIESGADO,6013,109.0275901338236
ARRIESGADO,6014,159.7119601659341
ARRIESGADO,6015,178.46789716337886
ARRIESGADO,6016,141.9400050073213
ARRIESGADO,6017,148.61185167958442
ARRIESGADO,6018,168.819872965473
ARRIESGADO,6019,151.98320004887498
ARRIESGADO,6020,114.00933054759737
ARRIESGADO,6021,140.38307925644054
ARRIESGADO,6022,115.26613564671311
ARRIESGADO,6023,155.40506074914586
ARRIESGADO,6024,126.54773312805122
ARRIESGADO,6025,126.34063641779944
ARRIESGADO,6026,152.24674035943278
ARRIESGADO,6027,184.79439395213967
ARRIESGADO,6028,205.90713816465293
ARRIESGADO,6029,152.3734615786792
ARRIESGADO,6030,125.38418394516675
ARRIESGADO,6031,135.92466623620123
ARRIESGADO,6032,154.2570714139656
ARRIESGADO,6033,161.23396270116217
ARRIESGADO,6034,148.17919453350027
ARRIESGADO,6035,143.8478336845596
ARRIESGADO,6036,103.81345127945646
ARRIESGADO,6037,174.17344589217512
ARRIESGADO,6038,125.43634374683342
ARRIESGADO,6039,125.76417634879114
ARRIESGADO,6040,182.48160778767468
ARRIESGADO,6041,110.93059414081696
ARRIESGADO,6042,103.02332091817838
ARRIESGADO,6043,113.63543803341636
ARRIESGADO,6044,152.71422797514975
ARRIESGADO,6045,137.38995467252346
ARRIESGADO,6046,151.0915165690116
ARRIESGADO,6047,136.0464806547379
ARRIESGADO,6048,135.00878130652532
ARRIESGADO,6049,110.32825102748059
ARRIESGADO,6050,146.16306756486958
ARRIESGADO,6051,161.2189143651446
ARRIESGADO,6052,141.54058315167669
ARRIESGADO,6053,136.68577674120996
ARRIESGADO,6054,148.82620736445205
ARRIESGADO,6055,115.99147404020344
ARRIESGADO,6056,147.19519109325856
ARRIESGADO,6057,117.78308825295407
ARRIESGADO,6058,142.74377058622179
ARRIESGADO,6059,110.93342537279409
ARRIESGADO,6060,96.24407283778655
ARRIESGADO,6061,160.24878614838235
ARRIESGADO,6062,123.73647715122267
ARRIESGADO,6063,166.7288948424512
ARRIESGADO,6064,155.22792445846537
ARRIESGADO,6065,143.44111991250975
ARRIESGADO,6066,104.20000412326802
ARRIESGADO,6067,102.96949854861643
ARRIESGADO,6068,112.11709378174935
ARRIESGADO,6069,132.3569567918137
ARRIESGADO,6070,99.35771682010314
ARRIESGADO,6071,132.16329104606075
ARRIESGADO,6072,175.25984521459745
ARRIESGADO,6073,118.23486614689025
ARRIESGADO,6074,141.72739452780937
ARRIESGADO,6075,127.22861013836496
ARRIESGADO,6076,108.55730557415825
ARRIESGADO,6077,132.88774200539973
ARRIESGADO,6078,108.13151268679587
ARRIESGADO,6079,159.77906973952716
ARRIESGADO,6080,126.14409939582951
ARRIESGADO,6081,130.62791883863588
ARRIESGADO,6082,139.5753328432424
ARRIESGADO,6083,150.78778666747237
ARRIESGADO,6084,121.29508975392513
ARRIESGADO,6085,136.94537154317717
ARRIESGADO,6086,120.84187855126544
ARRIESGADO,6087,130.23678515796354
ARRIESGADO,6088,119.01726728120633
ARRIESGADO,6089,110.3004653527467
ARRIESGADO,6090,150.97633406259834
ARRIESGADO,6091,182.75744122350878
ARRIESGADO,6092,162.4275771393063
ARRIESGADO,6093,156.10370130051504
ARRIESGADO,6094,140.49447194910792
ARRIESGADO,6095,113.25015893941003
ARRIESGADO,6096,147.67441601606632
ARRIESGADO,6097,118.7589553150811
ARRIESGADO,6098,111.22670372057743
ARRIESGADO,6099,114.64484989447232
ARRIESGADO,6100,146.8190143338826
ARRIESGADO,6101,143.68935443779824
ARRIESGADO,6102,130.0329770694225
ARRIESGADO,6103,90.80746168742404
ARRIESGADO,6104,109.23709564844218
ARRIESGADO,6105,134.60479658922512
ARRIESGADO,6106,123.5078439423743
ARRIESGADO,6107,131.4486492905562
ARRIESGADO,6108,128.32213317655606
ARRIESGADO,6109,134.9720475024636
ARRIESGADO,6110,192.88491254885525
ARRIESGADO,6111,139.07867967325254
ARRIESGADO,6112,122.51215060517282
ARRIESGADO,6113,103.36355232254198
ARRIESGADO,6114,152.5055345748699
ARRIESGADO,6115,112.6237322174289
ARRIESGADO,6116,178.50166279619748
ARRIESGADO,6117,139.78653037008513
ARRIESGADO,6118,100.58623025255109
ARRIESGADO,6119,142.1871582924907
ARRIESGADO,6120,101.65657911299031
ARRIESGADO,6121,121.28154504344838
ARRIESGADO,6122,151.67818996537804
ARRIESGADO,6123,146.38283769105323
ARRIESGADO,6124,146.4797919932463
ARRIESGADO,6125,130.25683687640029
ARRIESGADO,6126,143.4960176630936
ARRIESGADO,6127,145.8050773474012
ARRIESGADO,6128,122.5085268851371
ARRIESGADO,6129,159.77293067845918
ARRIESGADO,6130,179.92220011732962
ARRIESGADO,6131,128.00487201199408
ARRIESGADO,6132,179.51224732866137
ARRIESGADO,6133,104.589305749582
ARRIESGADO,6134,139.6668392380888
ARRIESGADO,6135,134.1083706869414
ARRIESGADO,6136,105.92591190816088
ARRIESGADO,6137,105.00951295784884
ARRIESGADO,6138,117.75667914060222
ARRIESGADO,6139,106.85398349917844
ARRIESGADO,6140,158.04935910384242
ARRIESGADO,6141,185.0066864823968
ARRIESGADO,6142,122.22171609053862
ARRIESGADO,6143,136.64957231013983
ARRIESGADO,6144,143.61358551464838
ARRIESGADO,6145,120.7238271915645
ARRIESGADO,6146,143.10765210558213
ARRIESGADO,6147,136.19396005970913
ARRIESGADO,6148,136.8932175965027
ARRIESGADO,6149,111.989948551105
ARRIESGADO,6150,175.67233888433523
ARRIESGADO,6151,107.79151525013111
ARRIESGADO,6152,125.3606388857929
ARRIESGADO,6153,129.12294358818536
ARRIESGADO,6154,127.82677174760254
ARRIESGADO,6155,163.0823187939749
ARRIESGADO,6156,126.42133291586431
ARRIESGADO,6157,144.02115567697373
ARRIESGADO,6158,156.66965151446533
ARRIESGADO,6159,126.95823476594389
ARRIESGADO,6160,152.5401848675335
ARRIESGADO,6161,172.8628358926268
ARRIESGADO,6162,136.79970391774535
ARRIESGADO,6163,147.471930529635
ARRIESGADO,6164,155.64587355022795
ARRIESGADO,6165,104.28897450400687
ARRIESGADO,6166,128.69141195132602
ARRIESGADO,6167,151.65000985095878
ARRIESGADO,6168,139.99507412288125
ARRIESGADO,6169,162.415030724367
ARRIESGADO,6170,154.60184992081344
ARRIESGADO,6171,107.35276934420648
ARRIESGADO,6172,140.2472854389095
ARRIESGADO,6173,120.6750716157328
ARRIESGADO,6174,154.28788448709304
ARRIESGADO,6175,143.51744166108313
ARRIESGADO,6176,153.7940341923056
ARRIESGADO,6177,128.0504059784754
ARRIESGADO,6178,150.97837754217863
ARRIESGADO,6179,146.17488415220245
ARRIESGADO,6180,119.87200742935967
ARRIESGADO,6181,168.15650652271705
ARRIESGADO,6182,116.45264031829947
ARRIESGADO,6183,136.1721168451822
ARRIESGADO,6184,108.34554771071343
ARRIESGADO,6185,154.92138727282443
ARRIESGADO,6186,136.19064379991948
ARRIESGADO,6187,136.65098550664572
ARRIESGADO,6188,173.89508241969236
ARRIESGADO,6189,126.94370479878211
ARRIESGADO,6190,102.2990256939917
ARRIESGADO,6191,127.50591973486785
ARRIESGADO,6192,162.5247387208866
ARRIESGADO,6193,103.29747806975536
ARRIESGADO,6194,108.80472801584536
ARRIESGADO,6195,159.36727144300949
ARRIESGADO,6196,131.9968924034498
ARRIESGADO,6197,172.69180050594503
ARRIESGADO,6198,147.87333918328468
ARRIESGADO,6199,164.93310796523568
ARRIESGADO,6200,129.28466105223748
ARRIESGADO,6201,147.04663486273213
ARRIESGADO,6202,135.10169500395938
ARRIESGADO,6203,125.10444675506923
ARRIESGADO,6204,139.1907093607296
ARRIESGADO,6205,126.70742292826333
ARRIESGADO,6206,141.37531644732138
ARRIESGADO,6207,138.42289800480785
ARRIESGADO,6208,123.33065222452328
ARRIESGADO,6209,164.40786113708432
ARRIESGADO,6210,165.4583685692904
ARRIESGADO,6211,154.56441145625058
ARRIESGADO,6212,156.53943319407298
ARRIESGADO,6213,163.57218648251197
ARRIESGADO,6214,111.11156780998932
ARRIESGADO,6215,115.90822239896856
ARRIESGADO,6216,136.15177592191043
ARRIESGADO,6217,133.26286445125118
ARRIESGADO,6218,132.13716688001517
ARRIESGADO,6219,145.03489329873736
ARRIESGADO,6220,193.6282288310077
ARRIESGADO,6221,174.45396184885826
ARRIESGADO,6222,135.25016212843568
ARRIESGADO,6223,144.79003686485186
ARRIESGADO,6224,110.87274244941972
ARRIESGADO,6225,140.35137893223913
ARRIESGADO,6226,113.52856719991972
ARRIESGADO,6227,156.870683518067
ARRIESGADO,6228,149.00017504375867
ARRIESGADO,6229,179.15561774697167
ARRIESGADO,6230,148.88501571594813
ARRIESGADO,6231,180.27690794033862
ARRIESGADO,6232,154.93675777549458
ARRIESGADO,6233,136.81014091879797
ARRIESGADO,6234,150.09316437147652
ARRIESGADO,6235,107.99774645472004
ARRIESGADO,6236,133.75460521563255
ARRIESGADO,6237,152.3053311573878
ARRIESGADO,6238,178.6618144317102
ARRIESGADO,6239,148.00161759582488
ARRIESGADO,6240,139.05589587457678
ARRIESGADO,6241,118.72423299824307
ARRIESGADO,6242,180.27559999025132
ARRIESGADO,6243,119.47866153477379
ARRIESGADO,6244,145.17101439512226
ARRIESGADO,6245,155.81135367976802
ARRIESGADO,6246,121.2587371605567
ARRIESGADO,6247,134.78042616957967
ARRIESGADO,6248,134.5712890047876
ARRIESGADO,6249,128.14501879056505
ARRIESGADO,6250,188.13778647837614
ARRIESGADO,6251,138.88551897961906
ARRIESGADO,6252,163.4493916914877
ARRIESGADO,6253,103.59101269218411
ARRIESGADO,6254,135.98533648009
ARRIESGADO,6255,151.0958136008099
ARRIESGADO,6256,133.2629025311013
ARRIESGADO,6257,168.88773432439444
ARRIESGADO,6258,139.90568026881417
ARRIESGADO,6259,165.79513037402114
ARRIESGADO,6260,140.61455311909438
ARRIESGADO,6261,166.87800250135535
ARRIESGADO,6262,141.27156596023048
ARRIESGADO,6263,133.52820218048006
ARRIESGADO,6264,125.10366875155773
ARRIESGADO,6265,168.6286397754161
ARRIESGADO,6266,163.55152371022743
ARRIESGADO,6267,119.17660615217751
ARRIESGADO,6268,121.41977530365287
ARRIESGADO,6269,128.13721204312327
ARRIESGADO,6270,147.42528491273515
ARRIESGADO,6271,158.7743789643501
ARRIESGADO,6272,140.86816428558708
ARRIESGADO,6273,147.41534800978937
ARRIESGADO,6274,155.44175801340492
ARRIESGADO,6275,139.82174820744478
ARRIESGADO,6276,118.87786922041985
ARRIESGADO,6277,113.07886311493534
ARRIESGADO,6278,184.87506354668108
ARRIESGADO,6279,142.87611968388975
ARRIESGADO,6280,142.3647884428116
ARRIESGADO,6281,146.71676541763676
ARRIESGADO,6282,178.1448210645102
ARRIESGADO,6283,142.87721203661079
ARRIESGADO,6284,141.43060323030576
ARRIESGADO,6285,114.90980292598914
ARRIESGADO,6286,136.6758354884109
ARRIESGADO,6287,155.1132372073005
ARRIESGADO,6288,126.88428364162759
ARRIESGADO,6289,191.2351123260374
ARRIESGADO,6290,171.46103243848646
ARRIESGADO,6291,184.4737190535243
ARRIESGADO,6292,162.91473454449647
ARRIESGADO,6293,137.93238592722437
ARRIESGADO,6294,126.91105753293921
ARRIESGADO,6295,128.40669932857736
ARRIESGADO,6296,95.84121181440419
ARRIESGADO,6297,118.57534367253835
ARRIESGADO,6298,163.50501350612234
ARRIESGADO,6299,113.90706702607292
ARRIESGADO,6300,99.54849078592085
ARRIESGADO,6301,128.0816045040916
ARRIESGADO,6302,145.04926167895087
ARRIESGADO,6303,124.87858140614293
ARRIESGADO,6304,141.24270823574545
ARRIESGADO,6305,89.31867459024076
ARRIESGADO,6306,140.39051041719028
ARRIESGADO,6307,145.60973234009037
ARRIESGADO,6308,132.26939083992727
ARRIESGADO,6309,167.28022440721645
ARRIESGADO,6310,114.51995356835586
ARRIESGADO,6311,195.83659184680752
ARRIESGADO,6312,160.49043847769713
ARRIESGADO,6313,153.57142596329186
ARRIESGADO,6314,127.12986168429292
ARRIESGADO,6315,175.46917702018152
ARRIESGADO,6316,110.1402344720925
ARRIESGADO,6317,123.45759509409626
ARRIESGADO,6318,105.1005518884757
ARRIESGADO,6319,122.60992487724474
ARRIESGADO,6320,114.37370278863492
ARRIESGADO,6321,108.60015585311665
ARRIESGADO,6322,109.39845814181045
ARRIESGADO,6323,131.9570847994993
ARRIESGADO,6324,128.34957552766377
ARRIESGADO,6325,106.48424498336986
ARRIESGADO,6326,170.06333701832307
ARRIESGADO,6327,137.92457628240044
ARRIESGADO,6328,159.41031233909314
ARRIESGADO,6329,137.18446478356034
ARRIESGADO,6330,151.288652662812
ARRIESGADO,6331,91.31946923487223
ARRIESGADO,6332,139.55232287344637
ARRIESGADO,6333,125.84509733752324
ARRIESGADO,6334,144.7043646685497
ARRIESGADO,6335,157.2897787965433
ARRIESGADO,6336,144.99462624497554
ARRIESGADO,6337,163.0676892765597
ARRIESGADO,6338,132.22924757550447
ARRIESGADO,6339,107.48057556673724
ARRIESGADO,6340,148.7137771757228
ARRIESGADO,6341,152.39720408742895
ARRIESGADO,6342,125.47932295549514
ARRIESGADO,6343,128.36952419264148
ARRIESGADO,6344,105.57998547303801
ARRIESGADO,6345,143.29422463399143
ARRIESGADO,6346,98.97062432651533
ARRIESGADO,6347,125.08020326864964
ARRIESGADO,6348,158.71465141211624
ARRIESGADO,6349,143.75663556525365
ARRIESGADO,6350,190.53047191877351
ARRIESGADO,6351,124.89318966732708
ARRIESGADO,6352,120.9298389877114
ARRIESGADO,6353,125.51203252486518
ARRIESGADO,6354,122.43343651541855
ARRIESGADO,6355,131.3793389889489
ARRIESGADO,6356,148.45031113905392
ARRIESGADO,6357,123.88813916335687
ARRIESGADO,6358,120.31599872493747
ARRIESGADO,6359,104.22519500365043
ARRIESGADO,6360,129.32918288136608
ARRIESGADO,6361,176.20028595648725
ARRIESGADO,6362,156.76976680695165
ARRIESGADO,6363,144.81013097754047
ARRIESGADO,6364,108.6187768389809
ARRIESGADO,6365,124.08597260680682
ARRIESGADO,6366,157.90091004463346
ARRIESGADO,6367,116.12622946554102
ARRIESGADO,6368,148.8495918145879
ARRIESGADO,6369,149.85942825292454
ARRIESGADO,6370,138.94786666646831
ARRIESGADO,6371,145.4315893618409
ARRIESGADO,6372,181.15177424378916
ARRIESGADO,6373,129.83562580482393
ARRIESGADO,6374,115.39277085234829
ARRIESGADO,6375,105.60829888234802
ARRIESGADO,6376,134.62567365906273
ARRIESGADO,6377,136.17009090665886
ARRIESGADO,6378,150.47307443462958
ARRIESGADO,6379,115.00357417859175
ARRIESGADO,6380,135.74164520895897
ARRIESGADO,6381,137.53899835014198
ARRIESGADO,6382,131.57956843774488
ARRIESGADO,6383,130.47221333621576
ARRIESGADO,6384,141.65652560057288
ARRIESGADO,6385,159.49504673963145
ARRIESGADO,6386,87.14927728462702
ARRIESGADO,6387,118.0907112728715
ARRIESGADO,6388,161.98424922693462
ARRIESGADO,6389,207.6574897195563
ARRIESGADO,6390,137.94591086836155
ARRIESGADO,6391,188.26456926670278
ARRIESGADO,6392,128.35584349240634
ARRIESGADO,6393,95.54256996682487
ARRIESGADO,6394,127.19328822358756
ARRIESGADO,6395,94.88915743572808
ARRIESGADO,6396,133.4187608424947
ARRIESGADO,6397,115.98590869823147
ARRIESGADO,6398,152.90639238600068
ARRIESGADO,6399,165.76255518051389
ARRIESGADO,6400,111.0059471635723
ARRIESGADO,6401,91.88736148165961
ARRIESGADO,6402,154.8593604418249
ARRIESGADO,6403,97.06160210910028
ARRIESGADO,6404,126.33006711758019
ARRIESGADO,6405,167.2421088054764
ARRIESGADO,6406,151.8276038459151
ARRIESGADO,6407,112.82717732512067
ARRIESGADO,6408,137.25908501365973
ARRIESGADO,6409,147.55191831843635
ARRIESGADO,6410,137.7136524944868
ARRIESGADO,6411,144.88647959759055
ARRIESGADO,6412,112.57517480346559
ARRIESGADO,6413,131.97743357233136
ARRIESGADO,6414,147.9156881962307
ARRIESGADO,6415,156.84897106030124
ARRIESGADO,6416,157.98636337517183
ARRIESGADO,6417,130.90126737743213
ARRIESGADO,6418,195.15951139981235
ARRIESGADO,6419,124.93557854241746
ARRIESGADO,6420,128.5046537482878
ARRIESGADO,6421,131.33639702879546
ARRIESGADO,6422,188.2539378530377
ARRIESGADO,6423,149.01519789700438
ARRIESGADO,6424,152.63735614475837
ARRIESGADO,6425,178.923755566646
ARRIESGADO,6426,130.59415847211562
ARRIESGADO,6427,142.4562329709582
ARRIESGADO,6428,134.07144291363159
ARRIESGADO,6429,86.94435017259907
ARRIESGADO,6430,115.7753339321559
ARRIESGADO,6431,115.98198321832129
ARRIESGADO,6432,170.7440796808727
ARRIESGADO,6433,141.712238152443
ARRIESGADO,6434,137.00716676964112
ARRIESGADO,6435,135.01638452181356
ARRIESGADO,6436,138.8624526434788
ARRIESGADO,6437,161.57966985642577
ARRIESGADO,6438,160.02564277981588
ARRIESGADO,6439,132.6078561204242
ARRIESGADO,6440,137.8092793571185
ARRIESGADO,6441,141.42419598515625
ARRIESGADO,6442,146.62794511216762
ARRIESGADO,6443,134.04576703441234
ARRIESGADO,6444,172.4676582911979
ARRIESGADO,6445,146.60537744642005
ARRIESGADO,6446,167.64120082539017
ARRIESGADO,6447,171.75059597908364
ARRIESGADO,6448,159.50993747076762
ARRIESGADO,6449,161.49080902298124
ARRIESGADO,6450,152.412916678821
ARRIESGADO,6451,109.63677663574892
ARRIESGADO,6452,157.66829446612482
ARRIESGADO,6453,133.79880351660816
ARRIESGADO,6454,131.85040658862494
ARRIESGADO,6455,143.4223317102007
ARRIESGADO,6456,152.35610341544373
ARRIESGADO,6457,126.77950313174176
ARRIESGADO,6458,139.3300152154445
ARRIESGADO,6459,161.76650838180234
ARRIESGADO,6460,155.40623111007892
ARRIESGADO,6461,139.1506456893494
ARRIESGADO,6462,167.10998012048947
ARRIESGADO,6463,128.43790829152314
ARRIESGADO,6464,131.9823214630552
ARRIESGADO,6465,177.69480375862247
ARRIESGADO,6466,145.44164060850417
ARRIESGADO,6467,156.34128254293555
ARRIESGADO,6468,181.32597465218242
ARRIESGADO,6469,157.56621306115886
ARRIESGADO,6470,157.61088811659397
ARRIESGADO,6471,154.38027612760348
ARRIESGADO,6472,183.60939881239972
ARRIESGADO,6473,126.02401014039889
ARRIESGADO,6474,129.7254137250956
ARRIESGADO,6475,170.64753459499633
ARRIESGADO,6476,114.76995991747052
ARRIESGADO,6477,130.7684703915128
ARRIESGADO,6478,134.4925763758331
ARRIESGADO,6479,134.8136680004683
ARRIESGADO,6480,150.41424760324054
ARRIESGADO,6481,147.72653445692316
ARRIESGADO,6482,170.2671963988384
ARRIESGADO,6483,147.25627922446049
ARRIESGADO,6484,123.12881638360086
ARRIESGADO,6485,122.41081909957073
ARRIESGADO,6486,131.6680645767089
ARRIESGADO,6487,167.40877044169676
ARRIESGADO,6488,172.87774697673956
ARRIESGADO,6489,110.5258304599902
ARRIESGADO,6490,127.0035243623186
ARRIESGADO,6491,126.79281628580563
ARRIESGADO,6492,157.58184782744723
ARRIESGADO,6493,125.26577664438676
ARRIESGADO,6494,161.853123263222
ARRIESGADO,6495,99.57257366582057
ARRIESGADO,6496,161.5211116224495
ARRIESGADO,6497,143.91829156443094
ARRIESGADO,6498,167.03159846400996
ARRIESGADO,6499,127.61509747996075
ARRIESGADO,6500,142.40308495577472
ARRIESGADO,6501,191.89405420195322
ARRIESGADO,6502,152.8790573544408
ARRIESGADO,6503,161.41228309230888
ARRIESGADO,6504,137.09445000871696
ARRIESGADO,6505,160.26281398555298
ARRIESGADO,6506,156.3080118287963
ARRIESGADO,6507,150.53137458809633
ARRIESGADO,6508,147.20977226080308
ARRIESGADO,6509,124.08789864521724
ARRIESGADO,6510,117.03193174091281
ARRIESGADO,6511,121.57062362483082
ARRIESGADO,6512,166.48733642788682
ARRIESGADO,6513,189.87606077622448
ARRIESGADO,6514,133.77599597232123
ARRIESGADO,6515,114.13270713508876
ARRIESGADO,6516,120.81586725492348
ARRIESGADO,6517,117.85930557190993
ARRIESGADO,6518,109.6021184148139
ARRIESGADO,6519,142.29058288189287
ARRIESGADO,6520,161.27403433820533
ARRIESGADO,6521,136.80238113051905
ARRIESGADO,6522,159.083845847698
ARRIESGADO,6523,170.18732411992403
ARRIESGADO,6524,118.74961196815097
ARRIESGADO,6525,165.6558904731575
ARRIESGADO,6526,99.69534016347448
ARRIESGADO,6527,131.89790025121482
ARRIESGADO,6528,125.20306604460468
ARRIESGADO,6529,94.72507658385321
ARRIESGADO,6530,120.89127537501972
ARRIESGADO,6531,118.36137193138295
ARRIESGADO,6532,144.47597251797046
ARRIESGADO,6533,137.32378163599537
ARRIESGADO,6534,77.48535977746896
ARRIESGADO,6535,177.8721412377136
ARRIESGADO,6536,166.15720749687156
ARRIESGADO,6537,180.74478895284193
ARRIESGADO,6538,121.25919769747199
ARRIESGADO,6539,116.68286627856479
ARRIESGADO,6540,99.71346052510803
ARRIESGADO,6541,180.268026856716
ARRIESGADO,6542,113.28834824933273
ARRIESGADO,6543,124.31074293302763
ARRIESGADO,6544,134.65402065588194
ARRIESGADO,6545,153.89371538088682
ARRIESGADO,6546,153.76503968892192
ARRIESGADO,6547,144.00188646397086
ARRIESGADO,6548,123.73089482559902
ARRIESGADO,6549,152.7008917536769
ARRIESGADO,6550,162.82117330231907
ARRIESGADO,6551,173.5563397855444
ARRIESGADO,6552,119.96089983832334
ARRIESGADO,6553,118.26513196257224
ARRIESGADO,6554,135.74998635744063
ARRIESGADO,6555,148.91135103533597
ARRIESGADO,6556,136.62073703444153
ARRIESGADO,6557,124.77422221255542
ARRIESGADO,6558,142.2024932863982
ARRIESGADO,6559,74.95052254894411
ARRIESGADO,6560,126.50820883028757
ARRIESGADO,6561,148.86944585551578
ARRIESGADO,6562,120.49895969697859
ARRIESGADO,6563,137.39682977035588
ARRIESGADO,6564,114.38840951695026
ARRIESGADO,6565,147.18192732101372
ARRIESGADO,6566,144.156167260278
ARRIESGADO,6567,167.8029142410602
ARRIESGADO,6568,129.3477232505287
ARRIESGADO,6569,154.4744086801541
ARRIESGADO,6570,154.09798734410415
ARRIESGADO,6571,104.34346486707129
ARRIESGADO,6572,158.78500411548146
ARRIESGADO,6573,152.9720772938017
ARRIESGADO,6574,116.78669046940082
ARRIESGADO,6575,121.94122511361688
ARRIESGADO,6576,139.90458114747392
ARRIESGADO,6577,153.96162773628058
ARRIESGADO,6578,135.31272384063595
ARRIESGADO,6579,163.53754730825355
ARRIESGADO,6580,138.50379905895636
ARRIESGADO,6581,126.78854413262131
ARRIESGADO,6582,155.53707289535475
ARRIESGADO,6583,152.27840615520492
ARRIESGADO,6584,165.55480143291902
ARRIESGADO,6585,144.58563723889097
ARRIESGADO,6586,174.99692700478457
ARRIESGADO,6587,177.04826534700112
ARRIESGADO,6588,147.0034893357202
ARRIESGADO,6589,155.08802110689226
ARRIESGADO,6590,106.28975001195174
ARRIESGADO,6591,200.89483832545025
ARRIESGADO,6592,131.89692362186221
ARRIESGADO,6593,135.7418387019358
ARRIESGADO,6594,137.23982999047308
ARRIESGADO,6595,154.00145009315688
ARRIESGADO,6596,145.21219817476344
ARRIESGADO,6597,158.71276601161514
ARRIESGADO,6598,103.76751541630057
ARRIESGADO,6599,146.03056764053656
ARRIESGADO,6600,166.1597697361226
ARRIESGADO,6601,160.74785776295437
ARRIESGADO,6602,148.3975292099019
ARRIESGADO,6603,146.586992464491
ARRIESGADO,6604,169.79301666630954
ARRIESGADO,6605,108.74842727891729
ARRIESGADO,6606,190.97341663469675
ARRIESGADO,6607,116.79885666197437
ARRIESGADO,6608,130.8626182186124
ARRIESGADO,6609,122.8403788643563
ARRIESGADO,6610,136.03441880965943
ARRIESGADO,6611,152.65370807917094
ARRIESGADO,6612,141.35252043347668
ARRIESGADO,6613,153.80258653960666
ARRIESGADO,6614,158.5035007511568
ARRIESGADO,6615,172.83098023628347
ARRIESGADO,6616,173.67618950398378
ARRIESGADO,6617,160.55334049534505
ARRIESGADO,6618,125.95714591219067
ARRIESGADO,6619,124.87121077232958
ARRIESGADO,6620,160.26748687732237
ARRIESGADO,6621,158.23872407175494
ARRIESGADO,6622,135.54771836235366
ARRIESGADO,6623,127.54068474472464
ARRIESGADO,6624,123.83783044903663
ARRIESGADO,6625,129.2996306393282
ARRIESGADO,6626,99.63195391541662
ARRIESGADO,6627,116.50229105934754
ARRIESGADO,6628,139.6234085903423
ARRIESGADO,6629,125.0131013615009
ARRIESGADO,6630,123.44529315927544
ARRIESGADO,6631,131.6548483014719
ARRIESGADO,6632,151.28041408129008
ARRIESGADO,6633,106.27003429828409
ARRIESGADO,6634,118.86347452492629
ARRIESGADO,6635,164.8524397319273
ARRIESGADO,6636,126.8017303785125
ARRIESGADO,6637,118.99596921538523
ARRIESGADO,6638,155.93242073223638
ARRIESGADO,6639,149.94096499109762
ARRIESGADO,6640,129.7177400029495
ARRIESGADO,6641,138.90071559564024
ARRIESGADO,6642,153.7505660763207
ARRIESGADO,6643,128.79377311499832
ARRIESGADO,6644,169.63237342419163
ARRIESGADO,6645,121.9114628925104
ARRIESGADO,6646,146.5764950470561
ARRIESGADO,6647,102.54433382977844
ARRIESGADO,6648,126.16668587763908
ARRIESGADO,6649,151.85495613336798
ARRIESGADO,6650,152.82444595661372
ARRIESGADO,6651,144.74598299670782
ARRIESGADO,6652,144.7459582622924
ARRIESGADO,6653,91.08077196629199
ARRIESGADO,6654,112.26946754662175
ARRIESGADO,6655,113.2143114657172
ARRIESGADO,6656,117.01505154741164
ARRIESGADO,6657,141.6123611711345
ARRIESGADO,6658,167.27024299572753
ARRIESGADO,6659,174.6310793178967
ARRIESGADO,6660,115.43405283860379
ARRIESGADO,6661,159.4006651170771
ARRIESGADO,6662,143.6573869602199
ARRIESGADO,6663,144.0710575528903
ARRIESGADO,6664,139.06855856981875
ARRIESGADO,6665,145.13013349254868
ARRIESGADO,6666,132.95390133846524
ARRIESGADO,6667,102.64824848748388
ARRIESGADO,6668,170.621473132329
ARRIESGADO,6669,118.39659347969538
ARRIESGADO,6670,106.06805882073527
ARRIESGADO,6671,100.47521083170442
ARRIESGADO,6672,199.7009512086166
ARRIESGADO,6673,151.94607718134176
ARRIESGADO,6674,176.68288255129332
ARRIESGADO,6675,152.86122452505
ARRIESGADO,6676,144.46211463220757
ARRIESGADO,6677,101.39797495473077
ARRIESGADO,6678,124.85681293919706
ARRIESGADO,6679,192.73318569264197
ARRIESGADO,6680,135.4777899422395
ARRIESGADO,6681,138.58885496185022
ARRIESGADO,6682,143.16613103730805
ARRIESGADO,6683,131.7760379513218
ARRIESGADO,6684,123.2023358524968
ARRIESGADO,6685,170.49045116508577
ARRIESGADO,6686,126.62742621803312
ARRIESGADO,6687,171.10775706315886
ARRIESGADO,6688,117.22393131873989
ARRIESGADO,6689,152.7387011287275
ARRIESGADO,6690,115.34774338124711
ARRIESGADO,6691,128.32199646028403
ARRIESGADO,6692,185.98071994902665
ARRIESGADO,6693,118.51184517047793
ARRIESGADO,6694,171.79253027495548
ARRIESGADO,6695,160.52141435702288
ARRIESGADO,6696,180.19373914031067
ARRIESGADO,6697,130.43179681032353
ARRIESGADO,6698,158.63013266043265
ARRIESGADO,6699,127.11005135703108
ARRIESGADO,6700,185.16374619356856
ARRIESGADO,6701,183.4207498909128
ARRIESGADO,6702,134.74398454412403
ARRIESGADO,6703,124.31295048045396
ARRIESGADO,6704,150.78187603077475
ARRIESGADO,6705,143.0173751448893
ARRIESGADO,6706,148.71142366124062
ARRIESGADO,6707,131.33098997083223
ARRIESGADO,6708,136.0145132557816
ARRIESGADO,6709,136.68781416387847
ARRIESGADO,6710,168.35634580380318
ARRIESGADO,6711,126.62547675364195
ARRIESGADO,6712,156.79322728680938
ARRIESGADO,6713,169.77813447731876
ARRIESGADO,6714,106.10310227298707
ARRIESGADO,6715,153.5318549117185
ARRIESGADO,6716,131.90358671701344
ARRIESGADO,6717,113.63809654758525
ARRIESGADO,6718,136.20600744198265
ARRIESGADO,6719,132.2416122986544
ARRIESGADO,6720,167.83777482682757
ARRIESGADO,6721,155.20428414585496
ARRIESGADO,6722,157.69543830106915
ARRIESGADO,6723,106.08050663340681
ARRIESGADO,6724,155.55295704973503
ARRIESGADO,6725,126.54562398877266
ARRIESGADO,6726,143.68938008553482
ARRIESGADO,6727,192.2436650038281
ARRIESGADO,6728,163.21070221129474
ARRIESGADO,6729,122.68107282840728
ARRIESGADO,6730,162.5772334441059
ARRIESGADO,6731,169.2010882611291
ARRIESGADO,6732,131.8040012377938
ARRIESGADO,6733,145.6563177840437
ARRIESGADO,6734,147.8637531191872
ARRIESGADO,6735,115.05931505738491
ARRIESGADO,6736,138.19412315041978
ARRIESGADO,6737,116.44336339602954
ARRIESGADO,6738,115.64392930210212
ARRIESGADO,6739,109.29436114067661
ARRIESGADO,6740,171.30082598323764
ARRIESGADO,6741,95.2120776796559
ARRIESGADO,6742,149.43210843210608
ARRIESGADO,6743,143.42564865027828
ARRIESGADO,6744,118.04465071584588
ARRIESGADO,6745,120.5997636295162
ARRIESGADO,6746,130.0615933326052
ARRIESGADO,6747,184.2543861040151
ARRIESGADO,6748,141.7071813094896
ARRIESGADO,6749,94.49248596532996
ARRIESGADO,6750,140.4239848193368
ARRIESGADO,6751,155.98784435037322
ARRIESGADO,6752,176.93517174986732
ARRIESGADO,6753,160.30199588585515
ARRIESGADO,6754,168.1145086692453
ARRIESGADO,6755,154.8375469131242
ARRIESGADO,6756,144.95149062690567
ARRIESGADO,6757,105.25800787389396
ARRIESGADO,6758,149.41488262668145
ARRIESGADO,6759,159.6378222144891
ARRIESGADO,6760,166.57242210324455
ARRIESGADO,6761,154.99403550350934
ARRIESGADO,6762,120.93487742193298
ARRIESGADO,6763,192.66362129601384
ARRIESGADO,6764,151.44484109253634
ARRIESGADO,6765,158.83797588347022
ARRIESGADO,6766,160.1181492775951
ARRIESGADO,6767,119.14279647892147
ARRIESGADO,6768,127.99327452365117
ARRIESGADO,6769,119.68138256169281
ARRIESGADO,6770,157.69470953795357
ARRIESGADO,6771,155.20526773413906
ARRIESGADO,6772,147.68944852879986
ARRIESGADO,6773,161.01127987441527
ARRIESGADO,6774,168.68074472285923
ARRIESGADO,6775,125.41178718475007
ARRIESGADO,6776,138.19438046691266
ARRIESGADO,6777,167.6548959206204
ARRIESGADO,6778,143.8570370001997
ARRIESGADO,6779,145.7668792719663
ARRIESGADO,6780,120.53449520123104
ARRIESGADO,6781,163.98156001095745
ARRIESGADO,6782,86.37127569227752
ARRIESGADO,6783,139.1049102025051
ARRIESGADO,6784,194.9593930633852
ARRIESGADO,6785,135.74769170812198
ARRIESGADO,6786,152.69473858578414
ARRIESGADO,6787,161.49768294032143
ARRIESGADO,6788,116.876122700068
ARRIESGADO,6789,143.02134373711547
ARRIESGADO,6790,189.5318090725069
ARRIESGADO,6791,171.50042927087952
ARRIESGADO,6792,139.71998522148732
ARRIESGADO,6793,151.39756280276936
ARRIESGADO,6794,153.3632374692457
ARRIESGADO,6795,138.36973783028873
ARRIESGADO,6796,150.27448601874443
ARRIESGADO,6797,180.97693532854467
ARRIESGADO,6798,158.32054114150296
ARRIESGADO,6799,133.31673069204908
ARRIESGADO,6800,168.459856802755
ARRIESGADO,6801,149.06129571693717
ARRIESGADO,6802,144.08754025018652
ARRIESGADO,6803,150.9503910211784
ARRIESGADO,6804,183.47858043923938
ARRIESGADO,6805,127.1915485546219
ARRIESGADO,6806,123.71856968974272
ARRIESGADO,6807,157.21292989784683
ARRIESGADO,6808,123.44198682762433
ARRIESGADO,6809,155.75302292186345
ARRIESGADO,6810,115.40898771487251
ARRIESGADO,6811,151.82489611919527
ARRIESGADO,6812,141.98956168880903
ARRIESGADO,6813,194.04778419791882
ARRIESGADO,6814,135.24462845379804
ARRIESGADO,6815,175.91458257053534
ARRIESGADO,6816,132.4501513786422
ARRIESGADO,6817,141.72656533740644
ARRIESGADO,6818,177.0396174266642
ARRIESGADO,6819,174.60244236891162
ARRIESGADO,6820,174.4414142257712
ARRIESGADO,6821,149.60227672932004
ARRIESGADO,6822,132.7281400835219
ARRIESGADO,6823,122.04466481345354
ARRIESGADO,6824,141.84339935596321
ARRIESGADO,6825,130.7647700525448
ARRIESGADO,6826,123.13673488773182
ARRIESGADO,6827,156.68644570662832
ARRIESGADO,6828,152.08936728969584
ARRIESGADO,6829,143.4125341479907
ARRIESGADO,6830,190.05301428473095
ARRIESGADO,6831,127.03750943540854
ARRIESGADO,6832,149.06971632091046
ARRIESGADO,6833,169.6464826763662
ARRIESGADO,6834,150.34609300773394
ARRIESGADO,6835,105.75067252160137
ARRIESGADO,6836,103.72317927989104
ARRIESGADO,6837,124.41013203545666
ARRIESGADO,6838,148.56859600700292
ARRIESGADO,6839,148.4706540366647
ARRIESGADO,6840,171.92694240164468
ARRIESGADO,6841,146.1396993548487
ARRIESGADO,6842,133.05387734886983
ARRIESGADO,6843,133.82123250159387
ARRIESGADO,6844,168.33226318392542
ARRIESGADO,6845,134.73237877394598
ARRIESGADO,6846,160.206777790632
ARRIESGADO,6847,155.51356616280466
ARRIESGADO,6848,171.88416509625782
ARRIESGADO,6849,87.92266179683071
ARRIESGADO,6850,145.67880977360306
ARRIESGADO,6851,152.2023433504081
ARRIESGADO,6852,163.2719494435042
ARRIESGADO,6853,145.52053933360804
ARRIESGADO,6854,135.17499126776553
ARRIESGADO,6855,150.07445993099864
ARRIESGADO,6856,142.36100318851692
ARRIESGADO,6857,141.44675122923303
ARRIESGADO,6858,142.56585942162297
ARRIESGADO,6859,171.01208783504663
ARRIESGADO,6860,128.8669765513533
ARRIESGADO,6861,144.02927385834272
ARRIESGADO,6862,182.79013817228653
ARRIESGADO,6863,130.21007824037468
ARRIESGADO,6864,145.73322670073398
ARRIESGADO,6865,168.92788418534374
ARRIESGADO,6866,109.34074866037705
ARRIESGADO,6867,139.49409917940193
ARRIESGADO,6868,143.10930444885733
ARRIESGADO,6869,160.56813174462818
ARRIESGADO,6870,112.6465906185038
ARRIESGADO,6871,153.65043221388657
ARRIESGADO,6872,149.71526984404258
ARRIESGADO,6873,126.81998128209764
ARRIESGADO,6874,145.0417177301007
ARRIESGADO,6875,157.11597103561255
ARRIESGADO,6876,161.99568516537065
ARRIESGADO,6877,132.2866258600939
ARRIESGADO,6878,155.03207042197374
ARRIESGADO,6879,120.11636955453125
ARRIESGADO,6880,122.99167470337866
ARRIESGADO,6881,138.6854098836666
ARRIESGADO,6882,136.6886975821128
ARRIESGADO,6883,165.52244897310962
ARRIESGADO,6884,142.26799505527336
ARRIESGADO,6885,133.42585948137662
ARRIESGADO,6886,166.05167737023737
ARRIESGADO,6887,171.31731327840527
ARRIESGADO,6888,107.3512761179124
ARRIESGADO,6889,140.3429556173806
ARRIESGADO,6890,122.14390826919394
ARRIESGADO,6891,135.77810716094916
ARRIESGADO,6892,150.38005154231567
ARRIESGADO,6893,156.0440339850777
ARRIESGADO,6894,127.13696519794078
ARRIESGADO,6895,112.88157613682264
ARRIESGADO,6896,111.15585348191958
ARRIESGADO,6897,124.55643428129234
ARRIESGADO,6898,122.18297001509497
ARRIESGADO,6899,164.8149730273624
ARRIESGADO,6900,146.71723378882376
ARRIESGADO,6901,160.1603726752735
ARRIESGADO,6902,127.99095551834432
ARRIESGADO,6903,118.88287016272452
ARRIESGADO,6904,98.77375631603061
ARRIESGADO,6905,148.23331410064836
ARRIESGADO,6906,117.06236668666236
ARRIESGADO,6907,204.84829811779423
ARRIESGADO,6908,148.4163415985034
ARRIESGADO,6909,117.44416664906684
ARRIESGADO,6910,153.1945314334404
ARRIESGADO,6911,122.05293873018397
ARRIESGADO,6912,119.05376108386183
ARRIESGADO,6913,162.12265333525863
ARRIESGADO,6914,121.4745973845734
ARRIESGADO,6915,155.15484209996998
ARRIESGADO,6916,140.82575423064156
ARRIESGADO,6917,164.55062213471425
ARRIESGADO,6918,124.40801297215518
ARRIESGADO,6919,142.10568325976377
ARRIESGADO,6920,147.4298692061466
ARRIESGADO,6921,164.12236121578707
ARRIESGADO,6922,130.7863115755503
ARRIESGADO,6923,96.17182729854716
ARRIESGADO,6924,139.03506477047392
ARRIESGADO,6925,156.96801178848787
ARRIESGADO,6926,145.5129391760996
ARRIESGADO,6927,121.51749498164878
ARRIESGADO,6928,152.435487253179
ARRIESGADO,6929,126.40960548119173
ARRIESGADO,6930,166.10733676193928
ARRIESGADO,6931,133.5343350239857
ARRIESGADO,6932,131.20171910444378
ARRIESGADO,6933,101.51206993521335
ARRIESGADO,6934,149.7747791181975
ARRIESGADO,6935,156.43400289035486
ARRIESGADO,6936,169.8902736374231
ARRIESGADO,6937,159.35738414421962
ARRIESGADO,6938,165.19039456677262
ARRIESGADO,6939,163.79324529676487
ARRIESGADO,6940,159.96938302929507
ARRIESGADO,6941,176.5629521559099
ARRIESGADO,6942,113.21906961310245
ARRIESGADO,6943,116.88143428355787
ARRIESGADO,6944,162.54218159548589
ARRIESGADO,6945,161.88857113422563
ARRIESGADO,6946,151.36698897582718
ARRIESGADO,6947,154.32930565731505
ARRIESGADO,6948,124.85716122648505
ARRIESGADO,6949,150.63488754185087
ARRIESGADO,6950,117.1621434883953
ARRIESGADO,6951,133.30737250114387
ARRIESGADO,6952,166.724708011776
ARRIESGADO,6953,135.09942256911103
ARRIESGADO,6954,172.8553567700938
ARRIESGADO,6955,84.70493429660031
ARRIESGADO,6956,158.60510793480998
ARRIESGADO,6957,127.21656424644397
ARRIESGADO,6958,149.54717379015668
ARRIESGADO,6959,150.27607821100258
ARRIESGADO,6960,175.96026286821794
ARRIESGADO,6961,152.0254182281211
ARRIESGADO,6962,107.82920826322429
ARRIESGADO,6963,182.39650357868646
ARRIESGADO,6964,121.62659748521754
ARRIESGADO,6965,149.38668176015125
ARRIESGADO,6966,145.97790111465116
ARRIESGADO,6967,114.68906825906402
ARRIESGADO,6968,79.70359771614439
ARRIESGADO,6969,119.26950784278581
ARRIESGADO,6970,162.45462882161485
ARRIESGADO,6971,168.69314515244236
ARRIESGADO,6972,139.9111941321289
ARRIESGADO,6973,166.51121086768367
ARRIESGADO,6974,153.56356482707042
ARRIESGADO,6975,165.87405417462716
ARRIESGADO,6976,130.18453555594212
ARRIESGADO,6977,165.5378534001259
ARRIESGADO,6978,137.9854840913799
ARRIESGADO,6979,148.40975247660094
ARRIESGADO,6980,115.76327168038652
ARRIESGADO,6981,148.85762578414548
ARRIESGADO,6982,128.87958399106364
ARRIESGADO,6983,120.09427067873716
ARRIESGADO,6984,164.43149891083272
ARRIESGADO,6985,167.72527889279405
ARRIESGADO,6986,141.4035743644149
ARRIESGADO,6987,115.64406002741215
ARRIESGADO,6988,138.69877418163546
ARRIESGADO,6989,119.2308206873202
ARRIESGADO,6990,148.93512029242086
ARRIESGADO,6991,143.50647234046932
ARRIESGADO,6992,129.4850267396652
ARRIESGADO,6993,183.6892683987981
ARRIESGADO,6994,110.4876118271284
ARRIESGADO,6995,132.00699052132197
ARRIESGADO,6996,195.31542014238664
ARRIESGADO,6997,153.14116725286326
ARRIESGADO,6998,126.24242041433318
ARRIESGADO,6999,134.54342086620167
ARRIESGADO,7000,122.27345764767146
ARRIESGADO,7001,151.73161597076367
ARRIESGADO,7002,152.43414786677312
ARRIESGADO,7003,125.53191918005078
ARRIESGADO,7004,126.67141285068467
ARRIESGADO,7005,140.65282401616386
ARRIESGADO,7006,121.7650753494579
ARRIESGADO,7007,158.94057800531692
ARRIESGADO,7008,137.616656660781
ARRIESGADO,7009,151.4274055088137
ARRIESGADO,7010,177.24183773033636
ARRIESGADO,7011,112.24457522647131
ARRIESGADO,7012,151.36021633538869
ARRIESGADO,7013,135.04261315660474
ARRIESGADO,7014,165.70190048623664
ARRIESGADO,7015,175.58159430279272
ARRIESGADO,7016,118.82389266715936
ARRIESGADO,7017,106.37207147529871
ARRIESGADO,7018,129.18577101024928
ARRIESGADO,7019,101.03349933581026
ARRIESGADO,7020,168.0574007232048
ARRIESGADO,7021,140.83953497601246
ARRIESGADO,7022,149.4798493822034
ARRIESGADO,7023,142.95493307972066
ARRIESGADO,7024,140.70321540129606
ARRIESGADO,7025,143.04542112775894
ARRIESGADO,7026,168.6167777670817
ARRIESGADO,7027,134.68301353064868
ARRIESGADO,7028,140.12003068686283
ARRIESGADO,7029,154.7181599880843
ARRIESGADO,7030,148.2633770455438
ARRIESGADO,7031,124.53688387910864
ARRIESGADO,7032,131.82705483169798
ARRIESGADO,7033,149.91328656132424
ARRIESGADO,7034,102.98805409876874
ARRIESGADO,7035,157.62730938274768
ARRIESGADO,7036,130.27284626301542
ARRIESGADO,7037,126.14247561204704
ARRIESGADO,7038,120.95161000794123
ARRIESGADO,7039,158.61583049505552
ARRIESGADO,7040,157.5155188666581
ARRIESGADO,7041,181.86339484891664
ARRIESGADO,7042,120.06121547880053
ARRIESGADO,7043,158.72625013727023
ARRIESGADO,7044,149.65932348827968
ARRIESGADO,7045,123.37990818669374
ARRIESGADO,7046,138.3484726650647
ARRIESGADO,7047,117.44534977156809
ARRIESGADO,7048,132.38003525022953
ARRIESGADO,7049,137.87966625749658
ARRIESGADO,7050,118.39043375582138
ARRIESGADO,7051,144.90619413271452
ARRIESGADO,7052,155.92209839293992
ARRIESGADO,7053,140.23322529425235
ARRIESGADO,7054,129.05865669374316
ARRIESGADO,7055,176.4024195026153
ARRIESGADO,7056,199.18883538525398
ARRIESGADO,7057,118.48021723865142
ARRIESGADO,7058,148.1928610288794
ARRIESGADO,7059,130.35124950212563
ARRIESGADO,7060,134.05809171740253
ARRIESGADO,7061,153.29227465530224
ARRIESGADO,7062,123.1850649586789
ARRIESGADO,7063,158.65230417013552
ARRIESGADO,7064,150.1221286933956
ARRIESGADO,7065,114.86732257344588
ARRIESGADO,7066,165.09820365004498
ARRIESGADO,7067,107.78861315946108
ARRIESGADO,7068,145.35799316446526
ARRIESGADO,7069,134.64973250184548
ARRIESGADO,7070,114.52897475292437
ARRIESGADO,7071,127.83346617155544
ARRIESGADO,7072,141.47845248582243
ARRIESGADO,7073,127.79346070170905
ARRIESGADO,7074,139.3197092652238
ARRIESGADO,7075,162.78904783880412
ARRIESGADO,7076,140.17048539397857
ARRIESGADO,7077,116.42033156718195
ARRIESGADO,7078,128.43694206669085
ARRIESGADO,7079,91.6546048553219
ARRIESGADO,7080,97.28677978800384
ARRIESGADO,7081,181.99033964256478
ARRIESGADO,7082,131.74744056191577
ARRIESGADO,7083,143.1361075815884
ARRIESGADO,7084,166.90464351657891
ARRIESGADO,7085,138.93323969755176
ARRIESGADO,7086,151.4381461298988
ARRIESGADO,7087,109.29092268488739
ARRIESGADO,7088,140.56744973932675
ARRIESGADO,7089,140.44491025721535
ARRIESGADO,7090,127.37792322946564
ARRIESGADO,7091,129.16564084883106
ARRIESGADO,7092,163.86319369107727
ARRIESGADO,7093,113.8669715368307
ARRIESGADO,7094,135.16643176432072
ARRIESGADO,7095,143.1443852500038
ARRIESGADO,7096,117.76932737188395
ARRIESGADO,7097,134.14081787604866
ARRIESGADO,7098,150.50425926100493
ARRIESGADO,7099,125.77469019777573
ARRIESGADO,7100,163.45876780544936
ARRIESGADO,7101,108.03102551530264
ARRIESGADO,7102,111.02614712669545
ARRIESGADO,7103,126.83278423090172
ARRIESGADO,7104,141.60101348925622
ARRIESGADO,7105,120.67437325533935
ARRIESGADO,7106,127.51991980901971
ARRIESGADO,7107,90.7993338696789
ARRIESGADO,7108,157.5187692713366
ARRIESGADO,7109,165.9995420670162
ARRIESGADO,7110,131.96162618932001
ARRIESGADO,7111,173.90118560009358
ARRIESGADO,7112,131.42985478202337
ARRIESGADO,7113,129.57326893146023
ARRIESGADO,7114,153.29063472014835
ARRIESGADO,7115,154.25520431676392
ARRIESGADO,7116,171.1929200878235
ARRIESGADO,7117,127.43311362735821
ARRIESGADO,7118,91.36560383470845
ARRIESGADO,7119,127.19436916765702
ARRIESGADO,7120,150.1214109955648
ARRIESGADO,7121,151.40256238392197
ARRIESGADO,7122,148.07671603239802
ARRIESGADO,7123,193.4794078113501
ARRIESGADO,7124,141.36317818983835
ARRIESGADO,7125,122.63509388700633
ARRIESGADO,7126,172.96668479612123
ARRIESGADO,7127,106.86615768380689
ARRIESGADO,7128,173.71789389225992
ARRIESGADO,7129,140.28454189521645
ARRIESGADO,7130,145.1642837560257
ARRIESGADO,7131,139.59902664734716
ARRIESGADO,7132,139.283670530612
ARRIESGADO,7133,188.52196486433945
ARRIESGADO,7134,173.78380961461005
ARRIESGADO,7135,101.58201016054012
ARRIESGADO,7136,155.9525990153984
ARRIESGADO,7137,142.71616834624103
ARRIESGADO,7138,115.46191289572381
ARRIESGADO,7139,119.6294192454445
ARRIESGADO,7140,137.579436773585
ARRIESGADO,7141,114.54373947570217
ARRIESGADO,7142,135.90301052013612
ARRIESGADO,7143,151.47243236884628
ARRIESGADO,7144,125.23561632369025
ARRIESGADO,7145,171.99096440114278
ARRIESGADO,7146,132.1778326935367
ARRIESGADO,7147,179.9567696954226
ARRIESGADO,7148,127.5903392275906
ARRIESGADO,7149,102.5788624453778
ARRIESGADO,7150,169.17188469753214
ARRIESGADO,7151,141.0610759196481
ARRIESGADO,7152,154.57360640477603
ARRIESGADO,7153,134.74586971521484
ARRIESGADO,7154,85.23626990345856
ARRIESGADO,7155,170.738312026837
ARRIESGADO,7156,168.406071688233
ARRIESGADO,7157,146.5709958918384
ARRIESGADO,7158,149.58968022726617
ARRIESGADO,7159,117.42624975329959
ARRIESGADO,7160,163.92746583595607
ARRIESGADO,7161,123.89286643291719
ARRIESGADO,7162,167.5961712576516
ARRIESGADO,7163,133.77745480428598
ARRIESGADO,7164,152.72517292166268
ARRIESGADO,7165,103.51063041837044
ARRIESGADO,7166,132.07506501717188
ARRIESGADO,7167,131.62275262538927
ARRIESGADO,7168,102.67949997743149
ARRIESGADO,7169,161.78930336820787
ARRIESGADO,7170,133.32358530907592
ARRIESGADO,7171,155.12296594596606
ARRIESGADO,7172,150.65826124264163
ARRIESGADO,7173,132.56652414206314
ARRIESGADO,7174,159.81826558415108
ARRIESGADO,7175,127.82744650470914
ARRIESGADO,7176,154.56309426578022
ARRIESGADO,7177,151.4829620529224
ARRIESGADO,7178,113.03952652990957
ARRIESGADO,7179,150.11463121223738
ARRIESGADO,7180,164.03497134187364
ARRIESGADO,7181,171.16764678382145
ARRIESGADO,7182,179.16452795478165
ARRIESGADO,7183,118.86592535447824
ARRIESGADO,7184,134.86489916544008
ARRIESGADO,7185,120.66936313994361
ARRIESGADO,7186,140.87206058235054
ARRIESGADO,7187,136.29976938924403
ARRIESGADO,7188,136.09786127381423
ARRIESGADO,7189,157.14902484409475
ARRIESGADO,7190,116.99327232140314
ARRIESGADO,7191,145.82540712307159
ARRIESGADO,7192,120.43131062900049
ARRIESGADO,7193,168.05970411509713
ARRIESGADO,7194,143.79644225455226
ARRIESGADO,7195,177.08042832429754
ARRIESGADO,7196,169.84243497805193
ARRIESGADO,7197,142.1935082857376
ARRIESGADO,7198,125.28391340939278
ARRIESGADO,7199,170.99309830163443
ARRIESGADO,7200,172.3480762217723
ARRIESGADO,7201,124.7619334236872
ARRIESGADO,7202,108.63718981644958
ARRIESGADO,7203,107.82730742729066
ARRIESGADO,7204,131.94023418795214
ARRIESGADO,7205,139.24482141866775
ARRIESGADO,7206,136.36475618673865
ARRIESGADO,7207,145.70709809769923
ARRIESGADO,7208,124.64462777026837
ARRIESGADO,7209,116.43127718273136
ARRIESGADO,7210,139.60785370352406
ARRIESGADO,7211,135.11509489363243
ARRIESGADO,7212,165.45238880079913
ARRIESGADO,7213,112.10025713855555
ARRIESGADO,7214,152.95340335365285
ARRIESGADO,7215,106.45604025031618
ARRIESGADO,7216,134.6599708686778
ARRIESGADO,7217,142.84462438432323
ARRIESGADO,7218,134.206173925126
ARRIESGADO,7219,128.32884675742002
ARRIESGADO,7220,148.9569563324768
ARRIESGADO,7221,101.9416112400444
ARRIESGADO,7222,140.70114934173182
ARRIESGADO,7223,183.4786892061802
ARRIESGADO,7224,149.066132232895
ARRIESGADO,7225,143.1438327779245
ARRIESGADO,7226,133.90349423980044
ARRIESGADO,7227,156.09270355808854
ARRIESGADO,7228,135.0925079909055
ARRIESGADO,7229,132.32909796689484
ARRIESGADO,7230,125.6685476951263
ARRIESGADO,7231,140.95757448402867
ARRIESGADO,7232,158.4682316665392
ARRIESGADO,7233,154.73035365305176
ARRIESGADO,7234,139.78338282494352
ARRIESGADO,7235,123.41955226138276
ARRIESGADO,7236,144.5135762011409
ARRIESGADO,7237,167.66537599491903
ARRIESGADO,7238,146.59308805634785
ARRIESGADO,7239,118.97275912506716
ARRIESGADO,7240,131.7004044354845
ARRIESGADO,7241,146.91815570508626
ARRIESGADO,7242,126.37175698078401
ARRIESGADO,7243,155.14415460861142
ARRIESGADO,7244,136.9214761886084
ARRIESGADO,7245,145.52267871456968
ARRIESGADO,7246,126.38574271398913
ARRIESGADO,7247,143.8619423114578
ARRIESGADO,7248,158.82165913740195
ARRIESGADO,7249,109.83969250226414
ARRIESGADO,7250,170.6281167616637
ARRIESGADO,7251,159.04158804850644
ARRIESGADO,7252,150.7324700763873
ARRIESGADO,7253,133.0425113012686
ARRIESGADO,7254,108.08941701931914
ARRIESGADO,7255,111.04864530257632
ARRIESGADO,7256,126.58132665819866
ARRIESGADO,7257,218.11492783933414
ARRIESGADO,7258,135.33630252072845
ARRIESGADO,7259,131.57718897410163
ARRIESGADO,7260,185.26203642477438
ARRIESGADO,7261,113.65979017824814
ARRIESGADO,7262,124.52300520744303
ARRIESGADO,7263,133.0611016414918
ARRIESGADO,7264,96.54883583475419
ARRIESGADO,7265,129.95259339758155
ARRIESGADO,7266,136.211114675862
ARRIESGADO,7267,185.9829339775627
ARRIESGADO,7268,114.36560290091005
ARRIESGADO,7269,154.2528670707967
ARRIESGADO,7270,151.0884601738849
ARRIESGADO,7271,142.1584277042602
ARRIESGADO,7272,154.58748021113968
ARRIESGADO,7273,146.5031485074687
ARRIESGADO,7274,117.55165245703213
ARRIESGADO,7275,126.36937374705764
ARRIESGADO,7276,145.92374397394565
ARRIESGADO,7277,141.99325968879722
ARRIESGADO,7278,143.5544997380852
ARRIESGADO,7279,156.0416078232824
ARRIESGADO,7280,171.58597914085098
ARRIESGADO,7281,147.50216380940998
ARRIESGADO,7282,92.81721523528996
ARRIESGADO,7283,150.16727870371494
ARRIESGADO,7284,104.09135788611962
ARRIESGADO,7285,151.98082073673916
ARRIESGADO,7286,139.04120864485546
ARRIESGADO,7287,138.1580270805977
ARRIESGADO,7288,149.95558729327553
ARRIESGADO,7289,128.85225563913085
ARRIESGADO,7290,166.88546378685854
ARRIESGADO,7291,139.83540598827776
ARRIESGADO,7292,186.76472978584144
ARRIESGADO,7293,176.4650644392652
ARRIESGADO,7294,152.96250091055938
ARRIESGADO,7295,146.27942192406033
ARRIESGADO,7296,117.49011511538345
ARRIESGADO,7297,176.68963168667653
ARRIESGADO,7298,153.66389521966678
ARRIESGADO,7299,138.48185841608185
ARRIESGADO,7300,181.18441660382808
ARRIESGADO,7301,104.02092134308378
ARRIESGADO,7302,130.41881724319907
ARRIESGADO,7303,213.85515439329203
ARRIESGADO,7304,137.2642873549328
ARRIESGADO,7305,129.3563975807675
ARRIESGADO,7306,171.16317549865508
ARRIESGADO,7307,147.2591228562535
ARRIESGADO,7308,141.44329512242766
ARRIESGADO,7309,171.12285032286746
ARRIESGADO,7310,141.18996523435592
ARRIESGADO,7311,117.85283791233444
ARRIESGADO,7312,120.0872291661209
ARRIESGADO,7313,94.30993176106543
ARRIESGADO,7314,174.1987193912156
ARRIESGADO,7315,97.43026441475493
ARRIESGADO,7316,140.63061995951676
ARRIESGADO,7317,120.33329181067162
ARRIESGADO,7318,133.46031066538936
ARRIESGADO,7319,131.08756138223228
ARRIESGADO,7320,126.66556005802444
ARRIESGADO,7321,146.97030913184713
ARRIESGADO,7322,167.75119738500263
ARRIESGADO,7323,132.97361922743767
ARRIESGADO,7324,106.09322221069297
ARRIESGADO,7325,139.7516178337753
ARRIESGADO,7326,98.37381391783165
ARRIESGADO,7327,170.99069258191412
ARRIESGADO,7328,118.86161133370965
ARRIESGADO,7329,123.21937292415808
ARRIESGADO,7330,179.8896637608385
ARRIESGADO,7331,146.15489015641387
ARRIESGADO,7332,166.19185442229062
ARRIESGADO,7333,148.94385079418754
ARRIESGADO,7334,158.17328631713954
ARRIESGADO,7335,107.96755245395849
ARRIESGADO,7336,144.69663073502755
ARRIESGADO,7337,167.79558526495444
ARRIESGADO,7338,122.54909402643433
ARRIESGADO,7339,159.18190004816114
ARRIESGADO,7340,173.49448881498458
ARRIESGADO,7341,142.88272103136057
ARRIESGADO,7342,183.59490252691126
ARRIESGADO,7343,135.12186008153367
ARRIESGADO,7344,118.34883600230474
ARRIESGADO,7345,106.28102828584376
ARRIESGADO,7346,110.99279832995143
ARRIESGADO,7347,172.79185609011574
ARRIESGADO,7348,141.42891636541066
ARRIESGADO,7349,153.5444828326326
ARRIESGADO,7350,129.85053575248025
ARRIESGADO,7351,139.34580229783464
ARRIESGADO,7352,143.10733648998735
ARRIESGADO,7353,150.74201658319134
ARRIESGADO,7354,156.35645000550338
ARRIESGADO,7355,144.444350965302
ARRIESGADO,7356,176.7010950462623
ARRIESGADO,7357,143.03006773292407
ARRIESGADO,7358,192.2383970042259
ARRIESGADO,7359,135.95462222501445
ARRIESGADO,7360,161.31390328562193
ARRIESGADO,7361,144.00434932031334
ARRIESGADO,7362,132.01991171025963
ARRIESGADO,7363,138.99915907163938
ARRIESGADO,7364,152.3936226977258
ARRIESGADO,7365,194.65351274505076
ARRIESGADO,7366,147.54769087083437
ARRIESGADO,7367,141.98265179218146
ARRIESGADO,7368,155.63576089216104
ARRIESGADO,7369,137.33656776193942
ARRIESGADO,7370,131.51061588432393
ARRIESGADO,7371,153.99202697865223
ARRIESGADO,7372,123.69188215496834
ARRIESGADO,7373,155.76119325393176
ARRIESGADO,7374,143.408353403617
ARRIESGADO,7375,109.3218705621998
ARRIESGADO,7376,144.76176565991452
ARRIESGADO,7377,126.13805349486597
ARRIESGADO,7378,132.47814993884884
ARRIESGADO,7379,120.13668450321438
ARRIESGADO,7380,137.14608736585862
ARRIESGADO,7381,157.24763956992794
ARRIESGADO,7382,151.42266319533385
ARRIESGADO,7383,164.59363331846035
ARRIESGADO,7384,143.19501559707908
ARRIESGADO,7385,166.11568908073266
ARRIESGADO,7386,111.63522071884472
ARRIESGADO,7387,120.83188497175503
ARRIESGADO,7388,134.96193997680555
ARRIESGADO,7389,136.96115129579135
ARRIESGADO,7390,149.6413037391625
ARRIESGADO,7391,132.72922218772078
ARRIESGADO,7392,129.7002951378982
ARRIESGADO,7393,133.51785039498174
ARRIESGADO,7394,184.80510223286748
ARRIESGADO,7395,111.83816280280848
ARRIESGADO,7396,120.28490510766977
ARRIESGADO,7397,159.42584647170077
ARRIESGADO,7398,182.27296066308088
ARRIESGADO,7399,161.97990506671684
ARRIESGADO,7400,114.30976955109975
ARRIESGADO,7401,165.59142890590886
ARRIESGADO,7402,151.11913020582182
ARRIESGADO,7403,168.26103082524398
ARRIESGADO,7404,177.7752234103932
ARRIESGADO,7405,149.3109963223843
ARRIESGADO,7406,135.49293239865344
ARRIESGADO,7407,154.21484233415342
ARRIESGADO,7408,118.78984055780857
ARRIESGADO,7409,111.67088633809992
ARRIESGADO,7410,91.17364555990595
ARRIESGADO,7411,128.68582062711315
ARRIESGADO,7412,113.35087245515075
ARRIESGADO,7413,137.6637884642909
ARRIESGADO,7414,110.53032552170876
ARRIESGADO,7415,118.555055318409
ARRIESGADO,7416,106.25172351821159
ARRIESGADO,7417,186.67929223960317
ARRIESGADO,7418,163.5964055940958
ARRIESGADO,7419,140.29271122874303
ARRIESGADO,7420,97.04931858170912
ARRIESGADO,7421,128.5051383824981
ARRIESGADO,7422,112.75308173377923
ARRIESGADO,7423,155.57294274716875
ARRIESGADO,7424,134.66067746301772
ARRIESGADO,7425,177.20191871046845
ARRIESGADO,7426,123.46123214905501
ARRIESGADO,7427,161.0111124612701
ARRIESGADO,7428,139.52373478275044
ARRIESGADO,7429,122.39810466595317
ARRIESGADO,7430,120.17397623026508
ARRIESGADO,7431,181.16647779228035
ARRIESGADO,7432,88.63893701273419
ARRIESGADO,7433,127.00586235699427
ARRIESGADO,7434,153.48008032771028
ARRIESGADO,7435,125.95300870717742
ARRIESGADO,7436,182.82737609316504
ARRIESGADO,7437,148.14219952944111
ARRIESGADO,7438,182.70096701485832
ARRIESGADO,7439,142.6951048532571
ARRIESGADO,7440,139.66574315949188
ARRIESGADO,7441,171.848423863016
ARRIESGADO,7442,113.51816987889916
ARRIESGADO,7443,174.47912938712156
ARRIESGADO,7444,141.51921378295458
ARRIESGADO,7445,150.47891974667698
ARRIESGADO,7446,141.02233707468824
ARRIESGADO,7447,173.99980679372482
ARRIESGADO,7448,132.59810567609608
ARRIESGADO,7449,123.38337186443137
ARRIESGADO,7450,117.08185348069415
ARRIESGADO,7451,147.6030023295922
ARRIESGADO,7452,138.99675295295572
ARRIESGADO,7453,128.867432953125
ARRIESGADO,7454,125.41232585484337
ARRIESGADO,7455,129.2534396966228
ARRIESGADO,7456,177.05130891837067
ARRIESGADO,7457,165.46106680852577
ARRIESGADO,7458,120.4293528048791
ARRIESGADO,7459,138.16283002191403
ARRIESGADO,7460,149.15387692449585
ARRIESGADO,7461,151.72531739811328
ARRIESGADO,7462,160.16132629428793
ARRIESGADO,7463,160.249607536849
ARRIESGADO,7464,108.28310782548256
ARRIESGADO,7465,112.38630849984385
ARRIESGADO,7466,120.59569892060097
ARRIESGADO,7467,187.13533824945637
ARRIESGADO,7468,134.3954818519926
ARRIESGADO,7469,128.92560003535823
ARRIESGADO,7470,141.71596088906273
ARRIESGADO,7471,162.24935144193128
ARRIESGADO,7472,107.9708614425068
ARRIESGADO,7473,163.30281614080653
ARRIESGADO,7474,154.22238411858498
ARRIESGADO,7475,137.87714000629646
ARRIESGADO,7476,115.99920432890566
ARRIESGADO,7477,155.97154402251496
ARRIESGADO,7478,161.355013236798
ARRIESGADO,7479,136.38490025625796
ARRIESGADO,7480,165.30146487277653
ARRIESGADO,7481,165.69853587525117
ARRIESGADO,7482,134.83097421209868
ARRIESGADO,7483,153.24373963896085
ARRIESGADO,7484,128.8956563216305
ARRIESGADO,7485,153.18102492434545
ARRIESGADO,7486,126.97258257742703
ARRIESGADO,7487,123.44591044687817
ARRIESGADO,7488,145.77244401904886
ARRIESGADO,7489,159.36070074968848
ARRIESGADO,7490,143.39220295217712
ARRIESGADO,7491,148.2846759426693
ARRIESGADO,7492,142.03845038025136
ARRIESGADO,7493,154.70790183658025
ARRIESGADO,7494,169.69220704698577
ARRIESGADO,7495,146.1593938162903
ARRIESGADO,7496,152.99317657883023
ARRIESGADO,7497,80.45661574624691
ARRIESGADO,7498,155.49461930622383
ARRIESGADO,7499,138.4171444328063
ARRIESGADO,7500,150.97090742974018
ARRIESGADO,7501,165.07720983523816
ARRIESGADO,7502,117.50691900129405
ARRIESGADO,7503,120.73102054734409
ARRIESGADO,7504,127.20208392773097
ARRIESGADO,7505,128.4265884842799
ARRIESGADO,7506,117.68841365499433
ARRIESGADO,7507,146.34977744118837
ARRIESGADO,7508,124.21589829201064
ARRIESGADO,7509,180.24831662832332
ARRIESGADO,7510,122.60954579980105
ARRIESGADO,7511,120.44402745772501
ARRIESGADO,7512,145.00325127177118
ARRIESGADO,7513,113.86653497022942
ARRIESGADO,7514,143.43855266148003
ARRIESGADO,7515,151.97382213961149
ARRIESGADO,7516,84.3271826648057
ARRIESGADO,7517,159.1798174160562
ARRIESGADO,7518,132.62611542148903
ARRIESGADO,7519,113.996417385346
ARRIESGADO,7520,156.51556799499903
ARRIESGADO,7521,122.74230718425022
ARRIESGADO,7522,132.5860079653211
ARRIESGADO,7523,145.78097374094597
ARRIESGADO,7524,106.33996006298864
ARRIESGADO,7525,165.23061895938173
ARRIESGADO,7526,138.3554006403197
ARRIESGADO,7527,133.61906557659927
ARRIESGADO,7528,154.93611692153573
ARRIESGADO,7529,109.55849386374976
ARRIESGADO,7530,199.45162176360276
ARRIESGADO,7531,165.58289834485294
ARRIESGADO,7532,130.47777333917645
ARRIESGADO,7533,119.12757894381284
ARRIESGADO,7534,174.25962441481462
ARRIESGADO,7535,172.71275882705504
ARRIESGADO,7536,144.37463477416065
ARRIESGADO,7537,136.67791510539826
ARRIESGADO,7538,117.84625359070236
ARRIESGADO,7539,169.24474700166004
ARRIESGADO,7540,152.17228787949708
ARRIESGADO,7541,132.3422829378503
ARRIESGADO,7542,105.41220378174299
ARRIESGADO,7543,161.35154988396988
ARRIESGADO,7544,114.13791123820226
ARRIESGADO,7545,142.31813662413293
ARRIESGADO,7546,161.50398399206435
ARRIESGADO,7547,165.37207571684056
ARRIESGADO,7548,144.78597582238447
ARRIESGADO,7549,152.21656808338685
ARRIESGADO,7550,172.41541795416603
ARRIESGADO,7551,150.8081860653786
ARRIESGADO,7552,128.0250446693912
ARRIESGADO,7553,112.15963032687303
ARRIESGADO,7554,138.90233344239385
ARRIESGADO,7555,101.11151454355536
ARRIESGADO,7556,108.03666891858165
ARRIESGADO,7557,159.26033456742692
ARRIESGADO,7558,175.77268225320108
ARRIESGADO,7559,180.62378043347013
ARRIESGADO,7560,139.04523786900972
ARRIESGADO,7561,157.12520564138663
ARRIESGADO,7562,189.17731573215596
ARRIESGADO,7563,129.5663050848863
ARRIESGADO,7564,173.80935462197334
ARRIESGADO,7565,162.34141237702485
ARRIESGADO,7566,95.60680205922966
ARRIESGADO,7567,125.53876297738265
ARRIESGADO,7568,133.1944666753009
ARRIESGADO,7569,134.60199718042145
ARRIESGADO,7570,132.09575102881738
ARRIESGADO,7571,139.1392617293842
ARRIESGADO,7572,107.67895255606301
ARRIESGADO,7573,136.5944457783663
ARRIESGADO,7574,149.64240349931382
ARRIESGADO,7575,141.3628318224213
ARRIESGADO,7576,142.53141998659248
ARRIESGADO,7577,138.44871744483777
ARRIESGADO,7578,141.362172399182
ARRIESGADO,7579,150.5297302613011
ARRIESGADO,7580,160.50346892308946
ARRIESGADO,7581,104.14717778135517
ARRIESGADO,7582,111.07356698462037
ARRIESGADO,7583,147.97669072775673
ARRIESGADO,7584,142.07255609772247
ARRIESGADO,7585,158.25479185049684
ARRIESGADO,7586,142.44809888192506
ARRIESGADO,7587,125.41879137723531
ARRIESGADO,7588,127.8086422024588
ARRIESGADO,7589,146.8489002865163
ARRIESGADO,7590,166.17079272895708
ARRIESGADO,7591,116.12025985486217
ARRIESGADO,7592,148.42444420581583
ARRIESGADO,7593,148.4074752319079
ARRIESGADO,7594,139.84148335727133
ARRIESGADO,7595,132.26444110211767
ARRIESGADO,7596,182.75226574034403
ARRIESGADO,7597,100.37673854613647
ARRIESGADO,7598,112.75612612475024
ARRIESGADO,7599,192.25814070710356
ARRIESGADO,7600,112.26328305832844
ARRIESGADO,7601,112.98591722060073
ARRIESGADO,7602,147.95482982452717
ARRIESGADO,7603,120.21469865734618
ARRIESGADO,7604,118.86948187295951
ARRIESGADO,7605,139.67311777892417
ARRIESGADO,7606,154.16741378675536
ARRIESGADO,7607,120.45191865444495
ARRIESGADO,7608,149.81455672862953
ARRIESGADO,7609,127.70002636575663
ARRIESGADO,7610,138.6113862295439
ARRIESGADO,7611,113.90018247510768
ARRIESGADO,7612,128.04132028914702
ARRIESGADO,7613,119.32569221004883
ARRIESGADO,7614,132.2274254508791
ARRIESGADO,7615,119.24359284984084
ARRIESGADO,7616,130.962826279797
ARRIESGADO,7617,158.75962089928083
ARRIESGADO,7618,161.91266785792806
ARRIESGADO,7619,152.22694491811032
ARRIESGADO,7620,125.35444695215963
ARRIESGADO,7621,121.43888352943179
ARRIESGADO,7622,124.61890066697806
ARRIESGADO,7623,133.0508012304056
ARRIESGADO,7624,138.32588351683575
ARRIESGADO,7625,156.70964940989202
ARRIESGADO,7626,134.62302348948475
ARRIESGADO,7627,94.55044892626367
ARRIESGADO,7628,126.2846979345401
ARRIESGADO,7629,203.43869027755645
ARRIESGADO,7630,125.40192857692313
ARRIESGADO,7631,150.47039401173555
ARRIESGADO,7632,116.49502354115438
ARRIESGADO,7633,143.15763795977375
ARRIESGADO,7634,125.99643084018854
ARRIESGADO,7635,154.01766746374994
ARRIESGADO,7636,180.70044207320657
ARRIESGADO,7637,134.33202380587187
ARRIESGADO,7638,130.25107449349505
ARRIESGADO,7639,141.28509863640326
ARRIESGADO,7640,173.22955537927902
ARRIESGADO,7641,152.89368703307298
ARRIESGADO,7642,111.23065057633289
ARRIESGADO,7643,159.93209346462743
ARRIESGADO,7644,154.57919840199474
ARRIESGADO,7645,130.10791305022065
ARRIESGADO,7646,130.73208432321525
ARRIESGADO,7647,134.58789092039706
ARRIESGADO,7648,128.34780752968072
ARRIESGADO,7649,136.56753886332174
ARRIESGADO,7650,109.60699645376756
ARRIESGADO,7651,128.26974031354234
ARRIESGADO,7652,134.62934103154325
ARRIESGADO,7653,152.53432059532602
ARRIESGADO,7654,130.3308315761394
ARRIESGADO,7655,155.65644864737035
ARRIESGADO,7656,146.04779330265626
ARRIESGADO,7657,162.72127305494865
ARRIESGADO,7658,129.50922539737127
ARRIESGADO,7659,148.95356300624724
ARRIESGADO,7660,188.43748905595015
ARRIESGADO,7661,140.93189013496945
ARRIESGADO,7662,145.59005931869754
ARRIESGADO,7663,140.40887713185904
ARRIESGADO,7664,150.5122645295762
ARRIESGADO,7665,211.44273685734345
ARRIESGADO,7666,104.68319240708581
ARRIESGADO,7667,131.67109595257114
ARRIESGADO,7668,151.833928957656
ARRIESGADO,7669,114.6694319354095
ARRIESGADO,7670,152.3014704218363
ARRIESGADO,7671,166.09138687809576
ARRIESGADO,7672,163.88006076985522
ARRIESGADO,7673,100.69257047673152
ARRIESGADO,7674,165.8376591743222
ARRIESGADO,7675,83.16314001259393
ARRIESGADO,7676,125.86186197118045
ARRIESGADO,7677,139.24760626845443
ARRIESGADO,7678,133.84315814234114
ARRIESGADO,7679,145.58229765355532
ARRIESGADO,7680,137.86253111571042
ARRIESGADO,7681,129.7523229614838
ARRIESGADO,7682,141.84922014398012
ARRIESGADO,7683,111.58864841516183
ARRIESGADO,7684,135.28089214823007
ARRIESGADO,7685,159.3026983185429
ARRIESGADO,7686,159.6040574558186
ARRIESGADO,7687,125.44661983911048
ARRIESGADO,7688,135.31035695407942
ARRIESGADO,7689,112.87618999297914
ARRIESGADO,7690,167.5153048135794
ARRIESGADO,7691,171.03862315288538
ARRIESGADO,7692,112.27659469820104
ARRIESGADO,7693,113.94169109389848
ARRIESGADO,7694,130.99654764134837
ARRIESGADO,7695,155.6269746461209
ARRIESGADO,7696,148.57493517849275
ARRIESGADO,7697,131.41004248199803
ARRIESGADO,7698,160.0067742651148
ARRIESGADO,7699,122.93502267237076
ARRIESGADO,7700,133.54228948799638
ARRIESGADO,7701,135.28140372552798
ARRIESGADO,7702,118.13607708372473
ARRIESGADO,7703,129.75858856461096
ARRIESGADO,7704,114.20516515174837
ARRIESGADO,7705,114.65033088911593
ARRIESGADO,7706,149.0673795074466
ARRIESGADO,7707,117.10574570874098
ARRIESGADO,7708,139.92334732521752
ARRIESGADO,7709,167.724669580704
ARRIESGADO,7710,123.3741743769792
ARRIESGADO,7711,160.54246997922655
ARRIESGADO,7712,158.17242470111222
ARRIESGADO,7713,119.85996310088726
ARRIESGADO,7714,130.6643486966634
ARRIESGADO,7715,99.73499887876483
ARRIESGADO,7716,126.14977216373752
ARRIESGADO,7717,146.06900067819564
ARRIESGADO,7718,114.01954051227608
ARRIESGADO,7719,133.22705772223165
ARRIESGADO,7720,137.06114760577165
ARRIESGADO,7721,115.71940032618159
ARRIESGADO,7722,107.06365404448044
ARRIESGADO,7723,157.03787204637717
ARRIESGADO,7724,132.03295487680512
ARRIESGADO,7725,183.1366495452064
ARRIESGADO,7726,153.7576286411034
ARRIESGADO,7727,124.6903699214144
ARRIESGADO,7728,110.3944309544589
ARRIESGADO,7729,163.68772809860812
ARRIESGADO,7730,159.0855207739427
ARRIESGADO,7731,143.33339085323368
ARRIESGADO,7732,171.60018400694167
ARRIESGADO,7733,97.24660992992523
ARRIESGADO,7734,118.7835641199258
ARRIESGADO,7735,174.42756213171086
ARRIESGADO,7736,148.4538560420274
ARRIESGADO,7737,125.79075141647661
ARRIESGADO,7738,119.2707827072415
ARRIESGADO,7739,134.3159733300194
ARRIESGADO,7740,126.23589267551085
ARRIESGADO,7741,167.56369600263065
ARRIESGADO,7742,126.38792540820424
ARRIESGADO,7743,177.18558496343135
ARRIESGADO,7744,130.51332320073436
ARRIESGADO,7745,163.87273020820084
ARRIESGADO,7746,120.59126301516774
ARRIESGADO,7747,155.88959402126713
ARRIESGADO,7748,154.78985445893414
ARRIESGADO,7749,110.09663317059079
ARRIESGADO,7750,191.0880554024372
ARRIESGADO,7751,93.30405302209181
ARRIESGADO,7752,158.3168719265166
ARRIESGADO,7753,166.851297006813
ARRIESGADO,7754,131.2645419779752
ARRIESGADO,7755,142.43038393139136
ARRIESGADO,7756,135.4883889810537
ARRIESGADO,7757,118.52495172027892
ARRIESGADO,7758,143.51452535948286
ARRIESGADO,7759,150.71135538298316
ARRIESGADO,7760,176.10434386936961
ARRIESGADO,7761,119.59856516165429
ARRIESGADO,7762,153.65957679416277
ARRIESGADO,7763,153.60594505301367
ARRIESGADO,7764,141.26600500473657
ARRIESGADO,7765,123.9465059590174
ARRIESGADO,7766,169.2500589104206
ARRIESGADO,7767,164.34166128388614
ARRIESGADO,7768,96.50672297905255
ARRIESGADO,7769,140.46855374629408
ARRIESGADO,7770,79.05496018607325
ARRIESGADO,7771,171.7539876661889
ARRIESGADO,7772,148.96632211860273
ARRIESGADO,7773,124.08556594309277
ARRIESGADO,7774,151.0725432466078
ARRIESGADO,7775,125.71443947580985
ARRIESGADO,7776,119.88720629714999
ARRIESGADO,7777,152.7141633306951
ARRIESGADO,7778,116.35016197219653
ARRIESGADO,7779,154.2672982658319
ARRIESGADO,7780,158.99501380336343
ARRIESGADO,7781,106.19651111990379
ARRIESGADO,7782,111.68351168749888
ARRIESGADO,7783,129.72583565955497
ARRIESGADO,7784,138.58508312061858
ARRIESGADO,7785,135.78562222325678
ARRIESGADO,7786,188.9599485212187
ARRIESGADO,7787,102.89821388555
ARRIESGADO,7788,133.3849720776351
ARRIESGADO,7789,167.91788368819883
ARRIESGADO,7790,104.60856080585766
ARRIESGADO,7791,128.02561141936312
ARRIESGADO,7792,107.46336463505908
ARRIESGADO,7793,155.25844295506639
ARRIESGADO,7794,179.9723642105498
ARRIESGADO,7795,163.07167251228373
ARRIESGADO,7796,161.77505127525893
ARRIESGADO,7797,148.77593419319496
ARRIESGADO,7798,169.80221607188776
ARRIESGADO,7799,132.2943570722946
ARRIESGADO,7800,175.45983477800388
ARRIESGADO,7801,114.36365692741848
ARRIESGADO,7802,145.06456529351945
ARRIESGADO,7803,151.6808865059197
ARRIESGADO,7804,117.91672665882398
ARRIESGADO,7805,118.44251173191326
ARRIESGADO,7806,127.94145837558447
ARRIESGADO,7807,150.82606059141276
ARRIESGADO,7808,125.80460543273213
ARRIESGADO,7809,134.15697389496452
ARRIESGADO,7810,146.12544243939635
ARRIESGADO,7811,134.02014947170028
ARRIESGADO,7812,114.55565385141189
ARRIESGADO,7813,137.3024421577909
ARRIESGADO,7814,174.0951419918029
ARRIESGADO,7815,142.4455924314896
ARRIESGADO,7816,153.6423639442494
ARRIESGADO,7817,124.82857603713805
ARRIESGADO,7818,169.4651901434122
ARRIESGADO,7819,121.5466223796397
ARRIESGADO,7820,165.98028758113875
ARRIESGADO,7821,134.76191124523032
ARRIESGADO,7822,125.15985671378665
ARRIESGADO,7823,153.96054530736697
ARRIESGADO,7824,124.3068359856282
ARRIESGADO,7825,129.3485129875235
ARRIESGADO,7826,151.51822437864882
ARRIESGADO,7827,174.59421978386536
ARRIESGADO,7828,182.55775938945206
ARRIESGADO,7829,129.0297148043659
ARRIESGADO,7830,113.62069420207433
ARRIESGADO,7831,126.4267727133596
ARRIESGADO,7832,152.85361860971108
ARRIESGADO,7833,160.5247802498584
ARRIESGADO,7834,105.54123888091637
ARRIESGADO,7835,145.89912234717343
ARRIESGADO,7836,119.92821184426782
ARRIESGADO,7837,137.09132714163664
ARRIESGADO,7838,125.96567259007472
ARRIESGADO,7839,151.72861072674166
ARRIESGADO,7840,171.68671077597256
ARRIESGADO,7841,163.85948878809796
ARRIESGADO,7842,136.0666933318273
ARRIESGADO,7843,138.863088879999
ARRIESGADO,7844,124.93198007617742
ARRIESGADO,7845,112.00412176042482
ARRIESGADO,7846,129.78575703183972
ARRIESGADO,7847,103.68222353581267
ARRIESGADO,7848,101.1922861075168
ARRIESGADO,7849,117.38268321696758
ARRIESGADO,7850,153.68545447616606
ARRIESGADO,7851,171.85906008643207
ARRIESGADO,7852,160.16172191881168
ARRIESGADO,7853,127.3878069190549
ARRIESGADO,7854,105.42724768742039
ARRIESGADO,7855,108.10285769509173
ARRIESGADO,7856,145.7182990947701
ARRIESGADO,7857,144.89806135174834
ARRIESGADO,7858,145.12996277324808
ARRIESGADO,7859,137.25475496111193
ARRIESGADO,7860,92.21385244173396
ARRIESGADO,7861,144.39919475647815
ARRIESGADO,7862,162.5932783197831
ARRIESGADO,7863,154.3364929325817
ARRIESGADO,7864,97.95239505909521
ARRIESGADO,7865,172.2797461450982
ARRIESGADO,7866,146.15696599856298
ARRIESGADO,7867,106.22556958849243
ARRIESGADO,7868,164.35753641847944
ARRIESGADO,7869,170.1583010652779
ARRIESGADO,7870,131.30780191456577
ARRIESGADO,7871,149.7047608661825
ARRIESGADO,7872,121.08099436755073
ARRIESGADO,7873,139.06290343079607
ARRIESGADO,7874,129.39565321168786
ARRIESGADO,7875,146.40185840681434
ARRIESGADO,7876,144.03790770498088
ARRIESGADO,7877,126.65382756032582
ARRIESGADO,7878,127.60658244978201
ARRIESGADO,7879,155.5720711499048
ARRIESGADO,7880,124.66614942119779
ARRIESGADO,7881,113.27137486935642
ARRIESGADO,7882,174.31404721382683
ARRIESGADO,7883,142.79234755940064
ARRIESGADO,7884,182.32264345327397
ARRIESGADO,7885,131.37671843943883
ARRIESGADO,7886,143.0493280758725
ARRIESGADO,7887,185.11651943261217
ARRIESGADO,7888,138.25552496149461
ARRIESGADO,7889,169.66704093064416
ARRIESGADO,7890,143.14328957457383
ARRIESGADO,7891,166.77812842416765
ARRIESGADO,7892,157.71516851776667
ARRIESGADO,7893,132.39096100744683
ARRIESGADO,7894,115.07967015249727
ARRIESGADO,7895,154.98925795729633
ARRIESGADO,7896,134.2242541594527
ARRIESGADO,7897,123.31002933171065
ARRIESGADO,7898,153.4879393686627
ARRIESGADO,7899,131.28909407774034
ARRIESGADO,7900,72.52735188876136
ARRIESGADO,7901,150.75035461905338
ARRIESGADO,7902,122.10148027862093
ARRIESGADO,7903,119.09971520312757
ARRIESGADO,7904,189.3722549336462
ARRIESGADO,7905,104.57020429084476
ARRIESGADO,7906,139.32602505616285
ARRIESGADO,7907,141.30682971322582
ARRIESGADO,7908,167.9267210137022
ARRIESGADO,7909,155.41936620351427
ARRIESGADO,7910,146.57774937977115
ARRIESGADO,7911,166.9935215097917
ARRIESGADO,7912,134.30240973028089
ARRIESGADO,7913,139.8335243197743
ARRIESGADO,7914,153.23685312627737
ARRIESGADO,7915,108.8838721123302
ARRIESGADO,7916,143.1820745312712
ARRIESGADO,7917,141.3097556947812
ARRIESGADO,7918,158.6202239601071
ARRIESGADO,7919,172.48950388031432
ARRIESGADO,7920,139.6030533462474
ARRIESGADO,7921,180.84861970003914
ARRIESGADO,7922,130.65688740339635
ARRIESGADO,7923,148.08136551807462
ARRIESGADO,7924,162.5580965385793
ARRIESGADO,7925,123.97030645871948
ARRIESGADO,7926,170.40218577358445
ARRIESGADO,7927,151.1210382714906
ARRIESGADO,7928,135.87275298226163
ARRIESGADO,7929,107.44521664355608
ARRIESGADO,7930,145.16104323324612
ARRIESGADO,7931,129.26281126478997
ARRIESGADO,7932,136.6396684827048
ARRIESGADO,7933,112.1914721680304
ARRIESGADO,7934,117.32179987113288
ARRIESGADO,7935,154.66385542078947
ARRIESGADO,7936,143.87796590873853
ARRIESGADO,7937,128.56464020330816
ARRIESGADO,7938,139.56857025738077
ARRIESGADO,7939,156.4048874805927
ARRIESGADO,7940,156.84792268132878
ARRIESGADO,7941,129.35120526486568
ARRIESGADO,7942,130.94805778630626
ARRIESGADO,7943,160.413418764644
ARRIESGADO,7944,165.31182833301517
ARRIESGADO,7945,121.84509785295643
ARRIESGADO,7946,156.47185478555804
ARRIESGADO,7947,120.53363055541936
ARRIESGADO,7948,143.8996162422975
ARRIESGADO,7949,168.88603402432443
ARRIESGADO,7950,142.0563131816331
ARRIESGADO,7951,178.78548304803513
ARRIESGADO,7952,142.55295199758532
ARRIESGADO,7953,143.08632532071613
ARRIESGADO,7954,125.6342950575252
ARRIESGADO,7955,152.0773849333105
ARRIESGADO,7956,140.43311404061572
ARRIESGADO,7957,163.01270275726017
ARRIESGADO,7958,119.55697642586452
ARRIESGADO,7959,129.97314450348415
ARRIESGADO,7960,151.71123643467098
ARRIESGADO,7961,140.4352948713185
ARRIESGADO,7962,152.47685878915215
ARRIESGADO,7963,110.13804499927795
ARRIESGADO,7964,133.6140989812314
ARRIESGADO,7965,160.71017616520788
ARRIESGADO,7966,175.68872946348517
ARRIESGADO,7967,108.99310188176045
ARRIESGADO,7968,187.27296842776911
ARRIESGADO,7969,120.47184795185824
ARRIESGADO,7970,150.98992631670285
ARRIESGADO,7971,125.51427665927517
ARRIESGADO,7972,145.13456478806617
ARRIESGADO,7973,111.88961434496926
ARRIESGADO,7974,176.72583002242993
ARRIESGADO,7975,143.9886687647837
ARRIESGADO,7976,81.73079408885985
ARRIESGADO,7977,124.37295039581846
ARRIESGADO,7978,100.19073642038424
ARRIESGADO,7979,152.7969923233492
ARRIESGADO,7980,161.3672529989982
ARRIESGADO,7981,125.09166051238685
ARRIESGADO,7982,144.5902979238653
ARRIESGADO,7983,163.90750779638608
ARRIESGADO,7984,119.98439783513668
ARRIESGADO,7985,167.83812431950687
ARRIESGADO,7986,141.15776260242023
ARRIESGADO,7987,74.7943850092521
ARRIESGADO,7988,186.27652288818004
ARRIESGADO,7989,114.91209651828702
ARRIESGADO,7990,144.06480478087468
ARRIESGADO,7991,171.4702831938976
ARRIESGADO,7992,136.42498127380074
ARRIESGADO,7993,159.58753016708596
ARRIESGADO,7994,139.16512789373982
ARRIESGADO,7995,161.0418509018117
ARRIESGADO,7996,124.59752993218244
ARRIESGADO,7997,162.65967421754107
ARRIESGADO,7998,146.39101905062276
ARRIESGADO,7999,120.1980577403437
ARRIESGADO,8000,142.3322307055667
ARRIESGADO,8001,145.57038556335982
ARRIESGADO,8002,144.28036747669202
ARRIESGADO,8003,122.75782912411488
ARRIESGADO,8004,176.42551345789718
ARRIESGADO,8005,117.0891139603698
ARRIESGADO,8006,153.44371434905116
ARRIESGADO,8007,146.847148638246
ARRIESGADO,8008,157.5835213489923
ARRIESGADO,8009,162.35074447772905
ARRIESGADO,8010,166.08543719922702
ARRIESGADO,8011,138.4619046073044
ARRIESGADO,8012,167.1015389403092
ARRIESGADO,8013,126.90328984334528
ARRIESGADO,8014,132.2814285049227
ARRIESGADO,8015,171.19395994194878
ARRIESGADO,8016,177.1321205375345
ARRIESGADO,8017,181.22878655943927
ARRIESGADO,8018,150.40956780518786
ARRIESGADO,8019,109.75697901319671
ARRIESGADO,8020,99.66775662954991
ARRIESGADO,8021,154.09735460124983
ARRIESGADO,8022,144.22086138423322
ARRIESGADO,8023,154.39166740012917
ARRIESGADO,8024,123.48633788780457
ARRIESGADO,8025,129.62786955536689
ARRIESGADO,8026,103.08644191432676
ARRIESGADO,8027,168.2400052160043
ARRIESGADO,8028,153.92225219208154
ARRIESGADO,8029,149.79735274246013
ARRIESGADO,8030,145.1418848515313
ARRIESGADO,8031,123.1336860010508
ARRIESGADO,8032,139.09353686349561
ARRIESGADO,8033,165.84689811677495
ARRIESGADO,8034,126.73781406257143
ARRIESGADO,8035,148.85194518194044
ARRIESGADO,8036,166.58646979273138
ARRIESGADO,8037,111.04598660263777
ARRIESGADO,8038,143.53171458486594
ARRIESGADO,8039,181.15524129721058
ARRIESGADO,8040,130.37318807833302
ARRIESGADO,8041,115.55265387483651
ARRIESGADO,8042,144.2119160254094
ARRIESGADO,8043,144.53690343682047
ARRIESGADO,8044,155.60547756415602
ARRIESGADO,8045,126.4779262888413
ARRIESGADO,8046,195.1119606808569
ARRIESGADO,8047,89.70068749968712
ARRIESGADO,8048,157.74575897247786
ARRIESGADO,8049,99.41390778941519
ARRIESGADO,8050,145.47267704675318
ARRIESGADO,8051,156.48980662643078
ARRIESGADO,8052,198.03593778535895
ARRIESGADO,8053,135.63711099427223
ARRIESGADO,8054,143.72261582900288
ARRIESGADO,8055,165.7176730603558
ARRIESGADO,8056,139.29491971773106
ARRIESGADO,8057,121.88250560707475
ARRIESGADO,8058,153.78841073312478
ARRIESGADO,8059,152.99275828037835
ARRIESGADO,8060,129.2475795579832
ARRIESGADO,8061,140.28634473111606
ARRIESGADO,8062,143.3748146478524
ARRIESGADO,8063,146.04219851201626
ARRIESGADO,8064,100.93716146531901
ARRIESGADO,8065,87.43070419182493
ARRIESGADO,8066,147.6951537528975
ARRIESGADO,8067,123.15223250180546
ARRIESGADO,8068,125.48827794653383
ARRIESGADO,8069,166.6160699105043
ARRIESGADO,8070,105.99242734470413
ARRIESGADO,8071,148.68869923898347
ARRIESGADO,8072,177.80254920179755
ARRIESGADO,8073,181.0278501192595
ARRIESGADO,8074,131.77059575025473
ARRIESGADO,8075,159.1530552077624
ARRIESGADO,8076,104.703116330726
ARRIESGADO,8077,108.8624385981742
ARRIESGADO,8078,191.91940817155802
ARRIESGADO,8079,136.13266254591863
ARRIESGADO,8080,144.30623126000242
ARRIESGADO,8081,100.6961790344645
ARRIESGADO,8082,155.59265638590165
ARRIESGADO,8083,198.05219862809838
ARRIESGADO,8084,123.25350152051988
ARRIESGADO,8085,142.10172472209734
ARRIESGADO,8086,138.6935022153371
ARRIESGADO,8087,129.8593020054695
ARRIESGADO,8088,147.1782595006316
ARRIESGADO,8089,142.80510253686728
ARRIESGADO,8090,169.61780057022705
ARRIESGADO,8091,176.85882709646958
ARRIESGADO,8092,160.564084266475
ARRIESGADO,8093,136.92927664075683
ARRIESGADO,8094,134.7708842434575
ARRIESGADO,8095,137.27653557017695
ARRIESGADO,8096,118.15338506295292
ARRIESGADO,8097,124.33310001873207
ARRIESGADO,8098,186.6326566676474
ARRIESGADO,8099,94.47249836225588
ARRIESGADO,8100,185.2136567589775
ARRIESGADO,8101,176.0606558734131
ARRIESGADO,8102,113.77970130335068
ARRIESGADO,8103,155.67405702567478
ARRIESGADO,8104,133.59560913742183
ARRIESGADO,8105,133.98744542199148
ARRIESGADO,8106,148.48921687140736
ARRIESGADO,8107,142.6388599545615
ARRIESGADO,8108,149.9341140685516
ARRIESGADO,8109,136.01574000983308
ARRIESGADO,8110,138.03885204353784
ARRIESGADO,8111,148.1728600741934
ARRIESGADO,8112,176.47927626554267
ARRIESGADO,8113,119.46451231191949
ARRIESGADO,8114,131.2823692595694
ARRIESGADO,8115,133.61359375964776
ARRIESGADO,8116,161.19690920591628
ARRIESGADO,8117,120.50929452077669
ARRIESGADO,8118,188.3869984041245
ARRIESGADO,8119,129.52550083176192
ARRIESGADO,8120,145.86235031030054
ARRIESGADO,8121,122.40887735516374
ARRIESGADO,8122,112.57101614834819
ARRIESGADO,8123,194.9841681635512
ARRIESGADO,8124,114.73320895441802
ARRIESGADO,8125,174.45059000106917
ARRIESGADO,8126,146.7262364407767
ARRIESGADO,8127,163.2880280378074
ARRIESGADO,8128,143.69221793727596
ARRIESGADO,8129,154.48044242877938
ARRIESGADO,8130,144.67452472721405
ARRIESGADO,8131,175.87283879906525
ARRIESGADO,8132,90.41527290474558
ARRIESGADO,8133,153.67048880837558
ARRIESGADO,8134,110.14870828014628
ARRIESGADO,8135,105.90085428051681
ARRIESGADO,8136,148.41471796188745
ARRIESGADO,8137,118.4546551658219
ARRIESGADO,8138,101.24996909088341
ARRIESGADO,8139,122.3219544693075
ARRIESGADO,8140,114.94120085922656
ARRIESGADO,8141,156.8230566043242
ARRIESGADO,8142,118.05515469474818
ARRIESGADO,8143,163.24052730807585
ARRIESGADO,8144,149.10666808277236
ARRIESGADO,8145,153.48133200110215
ARRIESGADO,8146,146.71597705177487
ARRIESGADO,8147,104.7906429835639
ARRIESGADO,8148,163.08428253993924
ARRIESGADO,8149,111.86883128684549
ARRIESGADO,8150,150.37999776772867
ARRIESGADO,8151,147.00892358764497
ARRIESGADO,8152,161.2695231857106
ARRIESGADO,8153,155.5636771833667
ARRIESGADO,8154,118.30846816811192
ARRIESGADO,8155,171.29901784869494
ARRIESGADO,8156,129.10637874085648
ARRIESGADO,8157,125.00563179051517
ARRIESGADO,8158,146.8585708005827
ARRIESGADO,8159,134.83738433726245
ARRIESGADO,8160,181.51749152526537
ARRIESGADO,8161,165.77616478627434
ARRIESGADO,8162,143.81458727346717
ARRIESGADO,8163,129.2225505583737
ARRIESGADO,8164,158.86759044729615
ARRIESGADO,8165,100.71725563112096
ARRIESGADO,8166,169.92597238913382
ARRIESGADO,8167,153.64665887767234
ARRIESGADO,8168,169.53055278051264
ARRIESGADO,8169,159.50063057474708
ARRIESGADO,8170,128.57473761965275
ARRIESGADO,8171,121.5515136192763
ARRIESGADO,8172,105.78168138274148
ARRIESGADO,8173,131.72683132735256
ARRIESGADO,8174,136.35484743183395
ARRIESGADO,8175,125.86315303176902
ARRIESGADO,8176,149.29391974939324
ARRIESGADO,8177,162.8275247854607
ARRIESGADO,8178,141.28393713654245
ARRIESGADO,8179,176.5221372740189
ARRIESGADO,8180,111.72817117785047
ARRIESGADO,8181,152.14071268218586
ARRIESGADO,8182,125.2454103481656
ARRIESGADO,8183,142.50304476261135
ARRIESGADO,8184,163.5068147299365
ARRIESGADO,8185,126.11187657761384
ARRIESGADO,8186,114.72810899588228
ARRIESGADO,8187,149.62251777994848
ARRIESGADO,8188,162.1992664691316
ARRIESGADO,8189,172.68719118519783
ARRIESGADO,8190,170.4592635656477
ARRIESGADO,8191,148.95116410133792
ARRIESGADO,8192,145.0310733217052
ARRIESGADO,8193,126.92089289630432
ARRIESGADO,8194,176.03643198618022
ARRIESGADO,8195,137.68165880802863
ARRIESGADO,8196,148.86334136690408
ARRIESGADO,8197,162.82781047062937
ARRIESGADO,8198,176.20383945268355
ARRIESGADO,8199,131.42423772434938
ARRIESGADO,8200,147.49163998030804
ARRIESGADO,8201,152.65494097039567
ARRIESGADO,8202,117.43703755354012
ARRIESGADO,8203,130.27585623890204
ARRIESGADO,8204,121.47678737442469
ARRIESGADO,8205,148.9156105836364
ARRIESGADO,8206,128.49970339413264
ARRIESGADO,8207,151.27161091072702
ARRIESGADO,8208,114.40697710624558
ARRIESGADO,8209,160.28642451487676
ARRIESGADO,8210,149.95780486024233
ARRIESGADO,8211,134.21900337687535
ARRIESGADO,8212,124.65732373022546
ARRIESGADO,8213,117.95043851099506
ARRIESGADO,8214,133.262672509039
ARRIESGADO,8215,143.48317282742826
ARRIESGADO,8216,132.3533168946379
ARRIESGADO,8217,136.87383302253758
ARRIESGADO,8218,139.10419536013
ARRIESGADO,8219,147.8581864044652
ARRIESGADO,8220,116.11501423963834
ARRIESGADO,8221,150.58469025902195
ARRIESGADO,8222,131.23380058670006
ARRIESGADO,8223,155.02897335918684
ARRIESGADO,8224,115.71736044190185
ARRIESGADO,8225,111.18241007740096
ARRIESGADO,8226,112.53244490475544
ARRIESGADO,8227,172.10182381933112
ARRIESGADO,8228,116.5869408402974
ARRIESGADO,8229,111.9832801386781
ARRIESGADO,8230,161.66008377514908
ARRIESGADO,8231,185.24318433361304
ARRIESGADO,8232,139.90692262781795
ARRIESGADO,8233,162.3232311478876
ARRIESGADO,8234,121.27304398014391
ARRIESGADO,8235,111.88431735659724
ARRIESGADO,8236,131.06163938185264
ARRIESGADO,8237,109.26917782701703
ARRIESGADO,8238,145.1037323828678
ARRIESGADO,8239,150.5152183107072
ARRIESGADO,8240,124.80534147927784
ARRIESGADO,8241,132.68950225010514
ARRIESGADO,8242,117.12053025134026
ARRIESGADO,8243,185.74754786609157
ARRIESGADO,8244,182.31005206238723
ARRIESGADO,8245,152.09287710643366
ARRIESGADO,8246,98.77315183629243
ARRIESGADO,8247,141.28295307471268
ARRIESGADO,8248,120.35054128494858
ARRIESGADO,8249,133.50010633009
ARRIESGADO,8250,117.36203141988925
ARRIESGADO,8251,162.57018400730195
ARRIESGADO,8252,124.72681162642745
ARRIESGADO,8253,156.9021555653602
ARRIESGADO,8254,135.42177995410393
ARRIESGADO,8255,126.2104772428627
ARRIESGADO,8256,143.2104552548049
ARRIESGADO,8257,117.09771001899769
ARRIESGADO,8258,116.85391650909759
ARRIESGADO,8259,103.97506081583077
ARRIESGADO,8260,114.14188237106656
ARRIESGADO,8261,102.66687605171302
ARRIESGADO,8262,166.15720157885687
ARRIESGADO,8263,154.14335289589272
ARRIESGADO,8264,165.00607335126475
ARRIESGADO,8265,110.42475784854885
ARRIESGADO,8266,141.67121695428264
ARRIESGADO,8267,108.3035858328471
ARRIESGADO,8268,138.9888008762514
ARRIESGADO,8269,89.18638277652104
ARRIESGADO,8270,157.28114713680935
ARRIESGADO,8271,162.0515291161382
ARRIESGADO,8272,125.60961958204861
ARRIESGADO,8273,121.68523895469555
ARRIESGADO,8274,134.57296867322336
ARRIESGADO,8275,165.42658573179423
ARRIESGADO,8276,123.01010726723315
ARRIESGADO,8277,182.29797367102879
ARRIESGADO,8278,127.29950649770826
ARRIESGADO,8279,148.89013214863118
ARRIESGADO,8280,121.91072721507132
ARRIESGADO,8281,126.39029247261448
ARRIESGADO,8282,150.66995912659453
ARRIESGADO,8283,162.22697439109373
ARRIESGADO,8284,147.89110299628217
ARRIESGADO,8285,158.49352051669797
ARRIESGADO,8286,177.70292154188033
ARRIESGADO,8287,167.53854803689984
ARRIESGADO,8288,94.66503409557654
ARRIESGADO,8289,150.24972262733533
ARRIESGADO,8290,128.128846071696
ARRIESGADO,8291,137.0363293914521
ARRIESGADO,8292,148.08714126685373
ARRIESGADO,8293,136.39446572938175
ARRIESGADO,8294,146.63093560385343
ARRIESGADO,8295,128.91372392773368
ARRIESGADO,8296,128.58087652903956
ARRIESGADO,8297,138.22304230254122
ARRIESGADO,8298,120.64427011880372
ARRIESGADO,8299,171.910463620205
ARRIESGADO,8300,99.06241653704454
ARRIESGADO,8301,142.6709713889065
ARRIESGADO,8302,125.79274716478334
ARRIESGADO,8303,96.30322274253574
ARRIESGADO,8304,140.04844460164688
ARRIESGADO,8305,128.7117746573175
ARRIESGADO,8306,123.80915474982501
ARRIESGADO,8307,153.92313115325348
ARRIESGADO,8308,132.89876186285196
ARRIESGADO,8309,118.8969472831105
ARRIESGADO,8310,166.05997007919876
ARRIESGADO,8311,118.93476795850543
ARRIESGADO,8312,164.08821062713565
ARRIESGADO,8313,121.06701039341382
ARRIESGADO,8314,131.96716012222393
ARRIESGADO,8315,151.60755860150354
ARRIESGADO,8316,171.31123629227943
ARRIESGADO,8317,130.71549086484498
ARRIESGADO,8318,148.69185774315295
ARRIESGADO,8319,84.20570867711228
ARRIESGADO,8320,149.84697864937897
ARRIESGADO,8321,135.25226629898128
ARRIESGADO,8322,140.84253563134544
ARRIESGADO,8323,99.17220835385264
ARRIESGADO,8324,108.59652285814458
ARRIESGADO,8325,136.110303769644
ARRIESGADO,8326,112.2342348496111
ARRIESGADO,8327,100.77417114385064
ARRIESGADO,8328,127.00553071951202
ARRIESGADO,8329,163.72768127722932
ARRIESGADO,8330,123.1519684927363
ARRIESGADO,8331,113.50383034292308
ARRIESGADO,8332,146.63975929181964
ARRIESGADO,8333,150.37533256308276
ARRIESGADO,8334,98.50608423697481
ARRIESGADO,8335,127.42657850249685
ARRIESGADO,8336,157.03553956275448
ARRIESGADO,8337,148.01619679315894
ARRIESGADO,8338,131.17689164594077
ARRIESGADO,8339,151.18833290199157
ARRIESGADO,8340,151.57766981079234
ARRIESGADO,8341,148.66000946959392
ARRIESGADO,8342,167.21007268468497
ARRIESGADO,8343,137.38246264378589
ARRIESGADO,8344,116.98240596027499
ARRIESGADO,8345,156.52375877762285
ARRIESGADO,8346,121.03865807752459
ARRIESGADO,8347,134.83553623526024
ARRIESGADO,8348,176.0432503491157
ARRIESGADO,8349,116.72706976592579
ARRIESGADO,8350,140.52073525719746
ARRIESGADO,8351,165.7810757148659
ARRIESGADO,8352,128.71513960004495
ARRIESGADO,8353,137.08704575274385
ARRIESGADO,8354,121.98778440840917
ARRIESGADO,8355,134.93151567846863
ARRIESGADO,8356,142.1656694613936
ARRIESGADO,8357,99.20445276614078
ARRIESGADO,8358,122.01688006740675
ARRIESGADO,8359,174.74560075404423
ARRIESGADO,8360,126.55600572242739
ARRIESGADO,8361,138.44259172720126
ARRIESGADO,8362,148.49684201196987
ARRIESGADO,8363,138.50281632916403
ARRIESGADO,8364,173.14184186542772
ARRIESGADO,8365,130.96835197692482
ARRIESGADO,8366,153.46820282335847
ARRIESGADO,8367,118.71384294117324
ARRIESGADO,8368,101.94815893308632
ARRIESGADO,8369,192.65863557353705
ARRIESGADO,8370,139.3945724429462
ARRIESGADO,8371,172.83266724991313
ARRIESGADO,8372,125.00195359402979
ARRIESGADO,8373,152.536669452923
ARRIESGADO,8374,161.74812011743194
ARRIESGADO,8375,150.83209392487794
ARRIESGADO,8376,142.84986365002328
ARRIESGADO,8377,141.01072006134467
ARRIESGADO,8378,110.32879916605403
ARRIESGADO,8379,133.3887921603246
ARRIESGADO,8380,156.88923331297627
ARRIESGADO,8381,188.53333808863994
ARRIESGADO,8382,126.67727906571325
ARRIESGADO,8383,113.00278303551954
ARRIESGADO,8384,179.55325042968133
ARRIESGADO,8385,115.82602065766903
ARRIESGADO,8386,147.48584173420852
ARRIESGADO,8387,134.07192714532235
ARRIESGADO,8388,137.41096744871237
ARRIESGADO,8389,104.11277421253376
ARRIESGADO,8390,129.06598134397706
ARRIESGADO,8391,171.913337557285
ARRIESGADO,8392,139.76365537842983
ARRIESGADO,8393,103.24719322330432
ARRIESGADO,8394,101.93268612354078
ARRIESGADO,8395,105.91256852192083
ARRIESGADO,8396,145.35003776062834
ARRIESGADO,8397,173.37051067896348
ARRIESGADO,8398,92.212682190034
ARRIESGADO,8399,110.70872135774947
ARRIESGADO,8400,134.1849886745883
ARRIESGADO,8401,132.88355775130302
ARRIESGADO,8402,133.6575850030885
ARRIESGADO,8403,115.46509115605407
ARRIESGADO,8404,101.3445114261967
ARRIESGADO,8405,98.98473039747444
ARRIESGADO,8406,121.3829109979576
ARRIESGADO,8407,146.18318757639912
ARRIESGADO,8408,132.94424473596575
ARRIESGADO,8409,95.83263810667077
ARRIESGADO,8410,96.71118101985395
ARRIESGADO,8411,159.26121421313331
ARRIESGADO,8412,154.47561344161008
ARRIESGADO,8413,162.9939365116472
ARRIESGADO,8414,147.85844361632073
ARRIESGADO,8415,143.46647842939714
ARRIESGADO,8416,143.98311822574217
ARRIESGADO,8417,141.4673409756501
ARRIESGADO,8418,136.86339880877588
ARRIESGADO,8419,103.75364831072984
ARRIESGADO,8420,142.0275355424499
ARRIESGADO,8421,164.09053609934767
ARRIESGADO,8422,116.96522986946414
ARRIESGADO,8423,152.9491461648227
ARRIESGADO,8424,173.08757204897464
ARRIESGADO,8425,152.35991148620698
ARRIESGADO,8426,133.3157314954225
ARRIESGADO,8427,160.91532097063583
ARRIESGADO,8428,149.92639814288762
ARRIESGADO,8429,169.00773924994002
ARRIESGADO,8430,135.17588508929904
ARRIESGADO,8431,160.85627641030976
ARRIESGADO,8432,136.8216490598234
ARRIESGADO,8433,120.87439479083405
ARRIESGADO,8434,140.4675457787608
ARRIESGADO,8435,129.1667803422274
ARRIESGADO,8436,152.34096997069668
ARRIESGADO,8437,138.4645810059875
ARRIESGADO,8438,155.91352812860188
ARRIESGADO,8439,159.87323359587816
ARRIESGADO,8440,139.5395081404151
ARRIESGADO,8441,145.93338340574653
ARRIESGADO,8442,167.421503071641
ARRIESGADO,8443,126.10679997244529
ARRIESGADO,8444,172.0991561272807
ARRIESGADO,8445,130.9504404205084
ARRIESGADO,8446,176.20842395112405
ARRIESGADO,8447,140.60886548581206
ARRIESGADO,8448,123.59786557167163
ARRIESGADO,8449,108.22068523712079
ARRIESGADO,8450,156.59708721151117
ARRIESGADO,8451,151.41481278555761
ARRIESGADO,8452,128.40473240181836
ARRIESGADO,8453,106.92348053432069
ARRIESGADO,8454,138.547420808987
ARRIESGADO,8455,118.15884087717609
ARRIESGADO,8456,126.9526289891029
ARRIESGADO,8457,126.54802204931492
ARRIESGADO,8458,174.06449176548554
ARRIESGADO,8459,142.67310721606745
ARRIESGADO,8460,108.39719876325518
ARRIESGADO,8461,112.50202344154994
ARRIESGADO,8462,150.2612590730098
ARRIESGADO,8463,179.32867123983738
ARRIESGADO,8464,133.77014164464032
ARRIESGADO,8465,155.96656011262314
ARRIESGADO,8466,114.99337167014498
ARRIESGADO,8467,134.73246149716536
ARRIESGADO,8468,110.31811219119388
ARRIESGADO,8469,159.58839526502493
ARRIESGADO,8470,127.89763363753389
ARRIESGADO,8471,139.2164642405881
ARRIESGADO,8472,156.0793887499301
ARRIESGADO,8473,121.99747079861507
ARRIESGADO,8474,126.19724319070856
ARRIESGADO,8475,157.68241957541113
ARRIESGADO,8476,132.49738125379866
ARRIESGADO,8477,113.44845760960989
ARRIESGADO,8478,128.1130922656771
ARRIESGADO,8479,139.35050464900485
ARRIESGADO,8480,162.83951262479928
ARRIESGADO,8481,137.97678947107096
ARRIESGADO,8482,122.3324323243541
ARRIESGADO,8483,84.4098876018453
ARRIESGADO,8484,161.54684918637577
ARRIESGADO,8485,161.23358259671767
ARRIESGADO,8486,134.71387416109653
ARRIESGADO,8487,123.35593746055935
ARRIESGADO,8488,139.227081850393
ARRIESGADO,8489,153.31804732752363
ARRIESGADO,8490,139.2295091686704
ARRIESGADO,8491,128.37965713107238
ARRIESGADO,8492,175.25179438571251
ARRIESGADO,8493,180.7416128579264
ARRIESGADO,8494,157.01788641445205
ARRIESGADO,8495,133.81706716196092
ARRIESGADO,8496,150.721232074184
ARRIESGADO,8497,139.2500572795845
ARRIESGADO,8498,157.30328209450474
ARRIESGADO,8499,142.26704493371835
ARRIESGADO,8500,170.47866726973996
ARRIESGADO,8501,128.46391901335375
ARRIESGADO,8502,136.81461896315247
ARRIESGADO,8503,133.3296107006526
ARRIESGADO,8504,158.31396794526995
ARRIESGADO,8505,127.80946609922735
ARRIESGADO,8506,122.62968839261504
ARRIESGADO,8507,153.24369489917615
ARRIESGADO,8508,138.48141452982324
ARRIESGADO,8509,163.04319712993686
ARRIESGADO,8510,146.67236358282577
ARRIESGADO,8511,148.30862766838663
ARRIESGADO,8512,154.06105791245986
ARRIESGADO,8513,138.67268810984498
ARRIESGADO,8514,136.36019337389016
ARRIESGADO,8515,122.90887348056465
ARRIESGADO,8516,97.74434321887846
ARRIESGADO,8517,127.17140521141272
ARRIESGADO,8518,105.2740813589199
ARRIESGADO,8519,118.51992017804425
ARRIESGADO,8520,156.33564559838456
ARRIESGADO,8521,174.30671745232024
ARRIESGADO,8522,121.79745938704346
ARRIESGADO,8523,152.22643978431506
ARRIESGADO,8524,118.9955140049418
ARRIESGADO,8525,113.50950920146165
ARRIESGADO,8526,148.306661076041
ARRIESGADO,8527,110.19096321018378
ARRIESGADO,8528,149.60153123791656
ARRIESGADO,8529,164.64296456369223
ARRIESGADO,8530,171.45665170873025
ARRIESGADO,8531,119.25285040965116
ARRIESGADO,8532,173.75363435106064
ARRIESGADO,8533,132.58746994389753
ARRIESGADO,8534,152.36377042639845
ARRIESGADO,8535,116.96329597505841
ARRIESGADO,8536,102.12415782119196
ARRIESGADO,8537,141.47300748825998
ARRIESGADO,8538,93.37623420198699
ARRIESGADO,8539,162.16999376397746
ARRIESGADO,8540,121.55983852399564
ARRIESGADO,8541,177.26851569276175
ARRIESGADO,8542,142.51903808681774
ARRIESGADO,8543,125.21399884308792
ARRIESGADO,8544,141.2800702596318
ARRIESGADO,8545,110.39503374847527
ARRIESGADO,8546,163.55219833533934
ARRIESGADO,8547,133.8164305533458
ARRIESGADO,8548,146.11400567208472
ARRIESGADO,8549,176.6695490066059
ARRIESGADO,8550,162.51421995594075
ARRIESGADO,8551,144.26688359830936
ARRIESGADO,8552,132.96071039842116
ARRIESGADO,8553,106.86397091766366
ARRIESGADO,8554,121.77090549705434
ARRIESGADO,8555,135.04186273085466
ARRIESGADO,8556,124.86452782930753
ARRIESGADO,8557,199.26300649935305
ARRIESGADO,8558,125.32245427132612
ARRIESGADO,8559,141.24640471470508
ARRIESGADO,8560,134.160276344494
ARRIESGADO,8561,142.26981479526907
ARRIESGADO,8562,145.16534069061106
ARRIESGADO,8563,155.84627359039936
ARRIESGADO,8564,149.31595800572788
ARRIESGADO,8565,168.47638708306872
ARRIESGADO,8566,113.44755799474895
ARRIESGADO,8567,114.24298950458652
ARRIESGADO,8568,113.62696231575629
ARRIESGADO,8569,127.65787705569264
ARRIESGADO,8570,106.8089866060814
ARRIESGADO,8571,131.13379340463953
ARRIESGADO,8572,142.53831040324258
ARRIESGADO,8573,149.90245138695414
ARRIESGADO,8574,146.59505468840655
ARRIESGADO,8575,174.69222146042256
ARRIESGADO,8576,124.24217934370665
ARRIESGADO,8577,124.5998088955028
ARRIESGADO,8578,135.22181908457895
ARRIESGADO,8579,164.00446608507616
ARRIESGADO,8580,140.87446245932443
ARRIESGADO,8581,137.54875798777132
ARRIESGADO,8582,151.92700416434795
ARRIESGADO,8583,153.55802506894292
ARRIESGADO,8584,153.83186814613177
ARRIESGADO,8585,113.6979007562883
ARRIESGADO,8586,110.96718557499389
ARRIESGADO,8587,85.48517748915192
ARRIESGADO,8588,173.1855636039132
ARRIESGADO,8589,136.0689691897442
ARRIESGADO,8590,114.69257380720818
ARRIESGADO,8591,144.16781809592362
ARRIESGADO,8592,184.40660124145504
ARRIESGADO,8593,166.5707299085686
ARRIESGADO,8594,138.5454311199291
ARRIESGADO,8595,132.61784366734605
ARRIESGADO,8596,146.51863361714354
ARRIESGADO,8597,131.1207635158033
ARRIESGADO,8598,125.43351123059733
ARRIESGADO,8599,146.41118021212876
ARRIESGADO,8600,135.9885008072562
ARRIESGADO,8601,138.80310141705243
ARRIESGADO,8602,112.21504923826235
ARRIESGADO,8603,150.27798093859798
ARRIESGADO,8604,137.09933116139237
ARRIESGADO,8605,120.28921516335383
ARRIESGADO,8606,135.32757318585706
ARRIESGADO,8607,185.44088873493973
ARRIESGADO,8608,134.70035542234035
ARRIESGADO,8609,121.26132700865986
ARRIESGADO,8610,126.32860673699045
ARRIESGADO,8611,118.58908127707167
ARRIESGADO,8612,129.2305532682572
ARRIESGADO,8613,132.70865513840823
ARRIESGADO,8614,139.75732322290358
ARRIESGADO,8615,168.4541506774471
ARRIESGADO,8616,167.14962805976768
ARRIESGADO,8617,166.85273246904097
ARRIESGADO,8618,150.26367118817302
ARRIESGADO,8619,156.89404214961374
ARRIESGADO,8620,145.57320598188147
ARRIESGADO,8621,115.30806196645969
ARRIESGADO,8622,115.44184759250149
ARRIESGADO,8623,134.9490822245694
ARRIESGADO,8624,135.87982035288405
ARRIESGADO,8625,127.84610222014344
ARRIESGADO,8626,166.34216051602806
ARRIESGADO,8627,147.4982473012963
ARRIESGADO,8628,153.90329106615638
ARRIESGADO,8629,143.77015663162962
ARRIESGADO,8630,109.50095498596427
ARRIESGADO,8631,144.9777452026015
ARRIESGADO,8632,131.74413919750432
ARRIESGADO,8633,144.2191437086203
ARRIESGADO,8634,105.79061944302566
ARRIESGADO,8635,113.84754064082631
ARRIESGADO,8636,111.46321544284157
ARRIESGADO,8637,159.96053807436292
ARRIESGADO,8638,136.9563811375075
ARRIESGADO,8639,159.79287612231735
ARRIESGADO,8640,158.56360643316276
ARRIESGADO,8641,163.0241781602796
ARRIESGADO,8642,104.80472379155358
ARRIESGADO,8643,150.2740675331561
ARRIESGADO,8644,140.7682202037566
ARRIESGADO,8645,149.53008731313463
ARRIESGADO,8646,125.35589287949668
ARRIESGADO,8647,110.98048303506735
ARRIESGADO,8648,116.42337719527059
ARRIESGADO,8649,115.0899675316582
ARRIESGADO,8650,143.35721240079502
ARRIESGADO,8651,158.187220925155
ARRIESGADO,8652,104.24187439613398
ARRIESGADO,8653,129.17412802501212
ARRIESGADO,8654,156.8313446572199
ARRIESGADO,8655,128.85258132106202
ARRIESGADO,8656,129.18612399506495
ARRIESGADO,8657,149.61451449629104
ARRIESGADO,8658,160.7858501355267
ARRIESGADO,8659,101.57734187119593
ARRIESGADO,8660,193.6750153750342
ARRIESGADO,8661,124.91128373454681
ARRIESGADO,8662,127.23349170724016
ARRIESGADO,8663,135.33141579135022
ARRIESGADO,8664,139.96805698278757
ARRIESGADO,8665,127.75976700636933
ARRIESGADO,8666,138.84810151522703
ARRIESGADO,8667,108.09677573583096
ARRIESGADO,8668,176.29237268035104
ARRIESGADO,8669,136.6187459052028
ARRIESGADO,8670,115.68068709384883
ARRIESGADO,8671,121.69361626569084
ARRIESGADO,8672,161.06435669531075
ARRIESGADO,8673,160.74419916451166
ARRIESGADO,8674,148.97438022791926
ARRIESGADO,8675,101.95568180238293
ARRIESGADO,8676,129.80585424833038
ARRIESGADO,8677,128.62773954503345
ARRIESGADO,8678,127.49809210325294
ARRIESGADO,8679,140.6999452748103
ARRIESGADO,8680,139.46896618915486
ARRIESGADO,8681,124.1799270797167
ARRIESGADO,8682,173.07540898786493
ARRIESGADO,8683,120.37875784285244
ARRIESGADO,8684,102.65001492064873
ARRIESGADO,8685,156.29149520237564
ARRIESGADO,8686,132.44405939575086
ARRIESGADO,8687,125.71118802636595
ARRIESGADO,8688,121.27608516531875
ARRIESGADO,8689,159.83865052555214
ARRIESGADO,8690,169.9529046265932
ARRIESGADO,8691,137.41523022228066
ARRIESGADO,8692,99.47439947773601
ARRIESGADO,8693,150.77545752214758
ARRIESGADO,8694,151.55213928589433
ARRIESGADO,8695,132.69224869761678
ARRIESGADO,8696,117.5314233954229
ARRIESGADO,8697,152.94544553337298
ARRIESGADO,8698,156.47399729953216
ARRIESGADO,8699,143.163306202586
ARRIESGADO,8700,158.41335636879853
ARRIESGADO,8701,185.23257860388904
ARRIESGADO,8702,158.71456308125823
ARRIESGADO,8703,152.30528364081695
ARRIESGADO,8704,151.3846909118631
ARRIESGADO,8705,126.74041086449655
ARRIESGADO,8706,129.94194604692836
ARRIESGADO,8707,123.98025307695818
ARRIESGADO,8708,167.3150493237922
ARRIESGADO,8709,147.30682560903372
ARRIESGADO,8710,132.0388360928018
ARRIESGADO,8711,130.62738669848923
ARRIESGADO,8712,149.85740949444212
ARRIESGADO,8713,131.5452768849205
ARRIESGADO,8714,131.30298426066562
ARRIESGADO,8715,107.34960365564814
ARRIESGADO,8716,130.63040130072824
ARRIESGADO,8717,118.10195067255601
ARRIESGADO,8718,135.9273995825554
ARRIESGADO,8719,160.94427464673882
ARRIESGADO,8720,161.5556516747113
ARRIESGADO,8721,115.30227277163938
ARRIESGADO,8722,130.20614420268367
ARRIESGADO,8723,159.94210867197526
ARRIESGADO,8724,132.73026817996873
ARRIESGADO,8725,115.20680967556834
ARRIESGADO,8726,189.40148654720582
ARRIESGADO,8727,132.80118733776055
ARRIESGADO,8728,129.9890839828528
ARRIESGADO,8729,155.19199303996908
ARRIESGADO,8730,128.09671142653252
ARRIESGADO,8731,141.1976431681449
ARRIESGADO,8732,124.05382867741898
ARRIESGADO,8733,131.53656468291572
ARRIESGADO,8734,123.58202778541434
ARRIESGADO,8735,125.14739853528903
ARRIESGADO,8736,143.66574487387183
ARRIESGADO,8737,124.9430527026984
ARRIESGADO,8738,135.93263781397562
ARRIESGADO,8739,124.4520801313815
ARRIESGADO,8740,157.66918693567118
ARRIESGADO,8741,138.80127643924206
ARRIESGADO,8742,130.8096649844563
ARRIESGADO,8743,151.2777707578253
ARRIESGADO,8744,134.21826867557937
ARRIESGADO,8745,113.10630552628939
ARRIESGADO,8746,161.8561285190926
ARRIESGADO,8747,110.5969025084127
ARRIESGADO,8748,163.89937208416475
ARRIESGADO,8749,136.29140139729992
ARRIESGADO,8750,159.8608182288037
ARRIESGADO,8751,119.47258115297933
ARRIESGADO,8752,160.79887647183972
ARRIESGADO,8753,134.64133223320164
ARRIESGADO,8754,113.07358366202386
ARRIESGADO,8755,126.3765102095997
ARRIESGADO,8756,144.62037886655543
ARRIESGADO,8757,101.80138435705786
ARRIESGADO,8758,148.54210781538984
ARRIESGADO,8759,153.7424831851271
ARRIESGADO,8760,138.98986625370875
ARRIESGADO,8761,118.43350625886848
ARRIESGADO,8762,135.9050979719182
ARRIESGADO,8763,128.45440439138105
ARRIESGADO,8764,108.25495702319198
ARRIESGADO,8765,131.03741657051995
ARRIESGADO,8766,140.25016776690802
ARRIESGADO,8767,153.60396134017682
ARRIESGADO,8768,151.8792352050794
ARRIESGADO,8769,155.76548436027772
ARRIESGADO,8770,148.30303739598767
ARRIESGADO,8771,102.59487666712484
ARRIESGADO,8772,105.01861972393525
ARRIESGADO,8773,128.21683437753413
ARRIESGADO,8774,119.03693332863523
ARRIESGADO,8775,91.91970087607243
ARRIESGADO,8776,120.66560163204176
ARRIESGADO,8777,180.1479102554532
ARRIESGADO,8778,117.30244060494444
ARRIESGADO,8779,179.76912648492186
ARRIESGADO,8780,141.507376372007
ARRIESGADO,8781,118.48069047232754
ARRIESGADO,8782,115.43533520211088
ARRIESGADO,8783,114.52493957357103
ARRIESGADO,8784,131.3273763669454
ARRIESGADO,8785,118.69279203015488
ARRIESGADO,8786,127.3457959227086
ARRIESGADO,8787,122.5637546682337
ARRIESGADO,8788,126.57487532511897
ARRIESGADO,8789,155.7275037315717
ARRIESGADO,8790,129.74323713529526
ARRIESGADO,8791,122.42401438676264
ARRIESGADO,8792,152.26924475325825
ARRIESGADO,8793,147.73093945064392
ARRIESGADO,8794,136.631675390007
ARRIESGADO,8795,94.88245350237261
ARRIESGADO,8796,147.98812572189496
ARRIESGADO,8797,113.8876117684733
ARRIESGADO,8798,190.4256167539046
ARRIESGADO,8799,142.32579863497446
ARRIESGADO,8800,100.42926460104901
ARRIESGADO,8801,112.09845779634861
ARRIESGADO,8802,145.0042792812714
ARRIESGADO,8803,132.73675267382106
ARRIESGADO,8804,136.3774815923634
ARRIESGADO,8805,184.3000974261405
ARRIESGADO,8806,119.94833178555717
ARRIESGADO,8807,117.5331441686569
ARRIESGADO,8808,149.0018312922426
ARRIESGADO,8809,110.95968176867808
ARRIESGADO,8810,139.35980124290205
ARRIESGADO,8811,145.33088726473704
ARRIESGADO,8812,168.90603408934385
ARRIESGADO,8813,139.57710558896386
ARRIESGADO,8814,148.90020859295547
ARRIESGADO,8815,177.2067356454143
ARRIESGADO,8816,124.56287712533879
ARRIESGADO,8817,137.0089393330903
ARRIESGADO,8818,147.58970683259287
ARRIESGADO,8819,156.34535663697315
ARRIESGADO,8820,120.30439989188493
ARRIESGADO,8821,94.40011754047269
ARRIESGADO,8822,172.07533241179124
ARRIESGADO,8823,137.10246794459073
ARRIESGADO,8824,136.98930890038824
ARRIESGADO,8825,113.88152055043811
ARRIESGADO,8826,128.18183020753565
ARRIESGADO,8827,124.94254811590042
ARRIESGADO,8828,132.39285991545268
ARRIESGADO,8829,69.13221478755389
ARRIESGADO,8830,145.1777033857163
ARRIESGADO,8831,155.75081590585182
ARRIESGADO,8832,174.2925514131861
ARRIESGADO,8833,168.12501007899283
ARRIESGADO,8834,162.8744590560999
ARRIESGADO,8835,108.24253293799188
ARRIESGADO,8836,131.4480805150937
ARRIESGADO,8837,164.86417925694874
ARRIESGADO,8838,142.54137353743994
ARRIESGADO,8839,142.26018434270534
ARRIESGADO,8840,115.32662432591533
ARRIESGADO,8841,119.41587633103705
ARRIESGADO,8842,132.74306148125555
ARRIESGADO,8843,127.15418771639935
ARRIESGADO,8844,148.26212081667595
ARRIESGADO,8845,110.02641992507218
ARRIESGADO,8846,172.79401497898198
ARRIESGADO,8847,98.70604945432174
ARRIESGADO,8848,151.1393894274919
ARRIESGADO,8849,139.5737741823819
ARRIESGADO,8850,154.36863223692936
ARRIESGADO,8851,116.06118154831796
ARRIESGADO,8852,121.59949704956789
ARRIESGADO,8853,135.7490519720751
ARRIESGADO,8854,98.43553351926617
ARRIESGADO,8855,156.4225130668731
ARRIESGADO,8856,147.1477997284844
ARRIESGADO,8857,125.75302925670289
ARRIESGADO,8858,83.96408586993691
ARRIESGADO,8859,121.97418591024648
ARRIESGADO,8860,145.0962024624175
ARRIESGADO,8861,121.37708386531133
ARRIESGADO,8862,119.487772767629
ARRIESGADO,8863,151.6092411472656
ARRIESGADO,8864,170.02163632110663
ARRIESGADO,8865,140.14652406847807
ARRIESGADO,8866,109.45156505983083
ARRIESGADO,8867,149.45156115710242
ARRIESGADO,8868,130.8962440896052
ARRIESGADO,8869,133.7531821436496
ARRIESGADO,8870,170.8513775659213
ARRIESGADO,8871,182.87519335890937
ARRIESGADO,8872,106.86186047982338
ARRIESGADO,8873,124.79356533485974
ARRIESGADO,8874,182.30980418504853
ARRIESGADO,8875,154.81109898468466
ARRIESGADO,8876,140.20527025441083
ARRIESGADO,8877,143.87968111895916
ARRIESGADO,8878,155.14407638643613
ARRIESGADO,8879,110.65892016971884
ARRIESGADO,8880,184.48407699176508
ARRIESGADO,8881,123.01226098233694
ARRIESGADO,8882,133.68392887951964
ARRIESGADO,8883,140.26146922267128
ARRIESGADO,8884,177.36237404776136
ARRIESGADO,8885,129.95437948014728
ARRIESGADO,8886,121.57378189107601
ARRIESGADO,8887,161.1422462185135
ARRIESGADO,8888,130.5289824943101
ARRIESGADO,8889,133.59229576858124
ARRIESGADO,8890,193.50880842736083
ARRIESGADO,8891,122.58353624606136
ARRIESGADO,8892,126.19573003621372
ARRIESGADO,8893,149.94367125931635
ARRIESGADO,8894,94.52596380367073
ARRIESGADO,8895,138.05757237977485
ARRIESGADO,8896,154.66324705930526
ARRIESGADO,8897,108.19139884478398
ARRIESGADO,8898,133.2923668748184
ARRIESGADO,8899,145.9348368888752
ARRIESGADO,8900,106.15026099049243
ARRIESGADO,8901,127.07370782985919
ARRIESGADO,8902,161.65151099908752
ARRIESGADO,8903,145.28910797895978
ARRIESGADO,8904,132.11375759100633
ARRIESGADO,8905,161.4336124936484
ARRIESGADO,8906,128.25671976916178
ARRIESGADO,8907,156.80120405457032
ARRIESGADO,8908,147.75042418039493
ARRIESGADO,8909,143.54080221962172
ARRIESGADO,8910,120.77772707107815
ARRIESGADO,8911,137.27232585212386
ARRIESGADO,8912,124.79421722718092
ARRIESGADO,8913,145.4551482279197
ARRIESGADO,8914,146.7601524398953
ARRIESGADO,8915,140.27030780562674
ARRIESGADO,8916,135.9628299233248
ARRIESGADO,8917,145.69217967671997
ARRIESGADO,8918,167.04802408986234
ARRIESGADO,8919,78.62800081209078
ARRIESGADO,8920,150.4047514162633
ARRIESGADO,8921,164.54369906387427
ARRIESGADO,8922,197.3101335501327
ARRIESGADO,8923,150.14323129210462
ARRIESGADO,8924,187.7688114244339
ARRIESGADO,8925,159.0082602707453
ARRIESGADO,8926,116.33125592270628
ARRIESGADO,8927,102.01589132110314
ARRIESGADO,8928,108.24046118546538
ARRIESGADO,8929,145.69066226626853
ARRIESGADO,8930,132.66812755375253
ARRIESGADO,8931,137.17017355752816
ARRIESGADO,8932,94.89229499830655
ARRIESGADO,8933,135.69455992822685
ARRIESGADO,8934,113.77330026360383
ARRIESGADO,8935,134.0045034993782
ARRIESGADO,8936,134.43187055008949
ARRIESGADO,8937,130.26309106744856
ARRIESGADO,8938,111.04743051320996
ARRIESGADO,8939,123.1785064604913
ARRIESGADO,8940,163.6494842325772
ARRIESGADO,8941,110.46794125797314
ARRIESGADO,8942,109.42890700364453
ARRIESGADO,8943,132.3845153442229
ARRIESGADO,8944,155.62074549432774
ARRIESGADO,8945,129.01964806418388
ARRIESGADO,8946,210.94206212847894
ARRIESGADO,8947,161.32113265850214
ARRIESGADO,8948,147.54658284090004
ARRIESGADO,8949,112.08249325925986
ARRIESGADO,8950,99.59840255903217
ARRIESGADO,8951,113.25306888611789
ARRIESGADO,8952,168.45823914017117
ARRIESGADO,8953,159.70813306921292
ARRIESGADO,8954,116.82244139147002
ARRIESGADO,8955,120.10253169069345
ARRIESGADO,8956,96.59338628261601
ARRIESGADO,8957,127.55601235049211
ARRIESGADO,8958,112.33725789621123
ARRIESGADO,8959,119.17968709572051
ARRIESGADO,8960,133.88430187241
ARRIESGADO,8961,155.32191781852902
ARRIESGADO,8962,111.88765560228148
ARRIESGADO,8963,151.29967038906167
ARRIESGADO,8964,174.64826004316572
ARRIESGADO,8965,140.571121143437
ARRIESGADO,8966,205.1217009859281
ARRIESGADO,8967,153.64633219508403
ARRIESGADO,8968,140.42339119391622
ARRIESGADO,8969,175.2333788879766
ARRIESGADO,8970,116.65665623516269
ARRIESGADO,8971,133.62638973523275
ARRIESGADO,8972,149.31197718996103
ARRIESGADO,8973,171.67440209207112
ARRIESGADO,8974,146.5447659180224
ARRIESGADO,8975,121.27121626219102
ARRIESGADO,8976,106.83089885752568
ARRIESGADO,8977,147.7793859768909
ARRIESGADO,8978,122.11108187576585
ARRIESGADO,8979,180.19461112115255
ARRIESGADO,8980,159.08412474931347
ARRIESGADO,8981,120.57520629534386
ARRIESGADO,8982,112.97399688813042
ARRIESGADO,8983,126.51092389725714
ARRIESGADO,8984,159.78475300956018
ARRIESGADO,8985,130.22917648601944
ARRIESGADO,8986,141.7848711968611
ARRIESGADO,8987,143.30903980426058
ARRIESGADO,8988,129.93066583935624
ARRIESGADO,8989,158.2109636801919
ARRIESGADO,8990,178.25478700771998
ARRIESGADO,8991,110.13947840428034
ARRIESGADO,8992,142.64872281314027
ARRIESGADO,8993,148.93584751012358
ARRIESGADO,8994,172.97752228256158
ARRIESGADO,8995,137.74821124785274
ARRIESGADO,8996,138.49953754482624
ARRIESGADO,8997,127.61570650249945
ARRIESGADO,8998,152.5625776813062
ARRIESGADO,8999,173.21531125595038
ARRIESGADO,9000,105.88590642652576
ARRIESGADO,9001,110.31433017702868
ARRIESGADO,9002,147.56382766121163
ARRIESGADO,9003,153.68858372326554
ARRIESGADO,9004,143.59842747657592
ARRIESGADO,9005,134.50736014052606
ARRIESGADO,9006,152.79535751062141
ARRIESGADO,9007,132.16202309609398
ARRIESGADO,9008,175.72124860714464
ARRIESGADO,9009,142.31916801670152
ARRIESGADO,9010,130.8730497043734
ARRIESGADO,9011,130.2334402126047
ARRIESGADO,9012,135.16242295915143
ARRIESGADO,9013,123.94685258422915
ARRIESGADO,9014,107.18354136856749
ARRIESGADO,9015,138.50271149751956
ARRIESGADO,9016,143.72078850551884
ARRIESGADO,9017,147.27599640496913
ARRIESGADO,9018,124.49939615775253
ARRIESGADO,9019,150.2356063944761
ARRIESGADO,9020,119.48008584428372
ARRIESGADO,9021,117.27039377323368
ARRIESGADO,9022,117.26535652379766
ARRIESGADO,9023,116.09706255445597
ARRIESGADO,9024,130.90822383063377
ARRIESGADO,9025,123.7552954703209
ARRIESGADO,9026,111.30941859479407
ARRIESGADO,9027,149.76623888371415
ARRIESGADO,9028,144.52362734784558
ARRIESGADO,9029,129.51416435710684
ARRIESGADO,9030,128.28656822434507
ARRIESGADO,9031,150.3510136407922
ARRIESGADO,9032,119.72746755865202
ARRIESGADO,9033,126.69670941566453
ARRIESGADO,9034,137.6285030095185
ARRIESGADO,9035,131.02485549381245
ARRIESGADO,9036,155.0462110530416
ARRIESGADO,9037,122.48309989875321
ARRIESGADO,9038,114.1503742131618
ARRIESGADO,9039,133.7299593453107
ARRIESGADO,9040,149.62398450085948
ARRIESGADO,9041,142.9435319373284
ARRIESGADO,9042,105.73758126175414
ARRIESGADO,9043,142.14747916603483
ARRIESGADO,9044,113.23274017004584
ARRIESGADO,9045,165.49467219704619
ARRIESGADO,9046,156.12506463484507
ARRIESGADO,9047,156.4655879630802
ARRIESGADO,9048,149.22771213423098
ARRIESGADO,9049,149.10423228584077
ARRIESGADO,9050,139.35617949125844
ARRIESGADO,9051,138.3716684258804
ARRIESGADO,9052,160.20765733660787
ARRIESGADO,9053,144.6044457771511
ARRIESGADO,9054,158.51826142257252
ARRIESGADO,9055,153.84003700984013
ARRIESGADO,9056,124.2178873790423
ARRIESGADO,9057,144.4678705132146
ARRIESGADO,9058,123.24325212536914
ARRIESGADO,9059,183.58748288389296
ARRIESGADO,9060,129.39134202902596
ARRIESGADO,9061,125.26365591064292
ARRIESGADO,9062,99.11264406125002
ARRIESGADO,9063,120.1809565668563
ARRIESGADO,9064,135.8794717590783
ARRIESGADO,9065,101.11304138002671
ARRIESGADO,9066,122.648729202423
ARRIESGADO,9067,141.70640120280365
ARRIESGADO,9068,121.8206036249969
ARRIESGADO,9069,124.31232847475982
ARRIESGADO,9070,155.66948185255745
ARRIESGADO,9071,176.1563673593622
ARRIESGADO,9072,166.15855529313083
ARRIESGADO,9073,99.91048279469771
ARRIESGADO,9074,104.85004186660514
ARRIESGADO,9075,153.218383315034
ARRIESGADO,9076,117.24501551143446
ARRIESGADO,9077,127.24841616585907
ARRIESGADO,9078,145.9810042924336
ARRIESGADO,9079,182.3213261193724
ARRIESGADO,9080,172.5342719242875
ARRIESGADO,9081,153.0973492996489
ARRIESGADO,9082,173.11840211928026
ARRIESGADO,9083,129.6843610559505
ARRIESGADO,9084,117.15990162891096
ARRIESGADO,9085,148.58027087437426
ARRIESGADO,9086,129.5615812174854
ARRIESGADO,9087,116.3606685724099
ARRIESGADO,9088,165.721988012024
ARRIESGADO,9089,185.1688371913445
ARRIESGADO,9090,124.83029456923175
ARRIESGADO,9091,144.22141052929922
ARRIESGADO,9092,145.84450406623247
ARRIESGADO,9093,125.97675653519988
ARRIESGADO,9094,136.42749730835703
ARRIESGADO,9095,160.78188056608013
ARRIESGADO,9096,95.32498871360214
ARRIESGADO,9097,152.68571372407254
ARRIESGADO,9098,111.63314421152803
ARRIESGADO,9099,173.97476553813695
ARRIESGADO,9100,183.34338912782724
ARRIESGADO,9101,126.34976892559617
ARRIESGADO,9102,163.48627613657425
ARRIESGADO,9103,113.93951032189065
ARRIESGADO,9104,159.2879953682244
ARRIESGADO,9105,148.31760734093268
ARRIESGADO,9106,134.49175177831566
ARRIESGADO,9107,159.63692132190997
ARRIESGADO,9108,130.72087377078853
ARRIESGADO,9109,133.47607826860553
ARRIESGADO,9110,145.29028248995448
ARRIESGADO,9111,140.38153180244691
ARRIESGADO,9112,160.48354659725834
ARRIESGADO,9113,144.537120643897
ARRIESGADO,9114,142.55024037186752
ARRIESGADO,9115,187.35586445276587
ARRIESGADO,9116,124.42837578226674
ARRIESGADO,9117,106.49340261172824
ARRIESGADO,9118,109.77677947342278
ARRIESGADO,9119,98.75487266406871
ARRIESGADO,9120,178.08704890125816
ARRIESGADO,9121,138.0687816489342
ARRIESGADO,9122,120.05583290988656
ARRIESGADO,9123,133.66774343434764
ARRIESGADO,9124,120.86768358805449
ARRIESGADO,9125,147.00849562276738
ARRIESGADO,9126,118.38661504289371
ARRIESGADO,9127,124.03473994318071
ARRIESGADO,9128,152.21953415410744
ARRIESGADO,9129,177.6573848008357
ARRIESGADO,9130,96.84700070327608
ARRIESGADO,9131,158.20101026033134
ARRIESGADO,9132,148.27424010760998
ARRIESGADO,9133,114.96283576954168
ARRIESGADO,9134,143.82087436055187
ARRIESGADO,9135,134.11315713838647
ARRIESGADO,9136,175.1196842918938
ARRIESGADO,9137,153.890444297334
ARRIESGADO,9138,157.50637813466065
ARRIESGADO,9139,104.88392851737004
ARRIESGADO,9140,169.83819357975233
ARRIESGADO,9141,106.94759489601657
ARRIESGADO,9142,115.6794004364764
ARRIESGADO,9143,138.9211386118959
ARRIESGADO,9144,117.25926467292247
ARRIESGADO,9145,139.22829133155855
ARRIESGADO,9146,144.95931629912695
ARRIESGADO,9147,122.8800669383564
ARRIESGADO,9148,130.88233211169353
ARRIESGADO,9149,132.41013143666618
ARRIESGADO,9150,153.77239728893096
ARRIESGADO,9151,113.05896298417196
ARRIESGADO,9152,153.63833897424126
ARRIESGADO,9153,120.40791919515898
ARRIESGADO,9154,137.82431664665162
ARRIESGADO,9155,115.01691067911814
ARRIESGADO,9156,160.23849323499195
ARRIESGADO,9157,116.23760174723095
ARRIESGADO,9158,145.38936977103612
ARRIESGADO,9159,111.19217474656757
ARRIESGADO,9160,95.76994921143765
ARRIESGADO,9161,150.8857754984954
ARRIESGADO,9162,158.43099768440504
ARRIESGADO,9163,112.87665799101644
ARRIESGADO,9164,121.33801123806154
ARRIESGADO,9165,150.92542225581346
ARRIESGADO,9166,143.27613814134625
ARRIESGADO,9167,216.17604236650766
ARRIESGADO,9168,120.89944068475393
ARRIESGADO,9169,157.7515610482988
ARRIESGADO,9170,163.12909517876
ARRIESGADO,9171,139.49278396415372
ARRIESGADO,9172,155.02446289766792
ARRIESGADO,9173,126.6303984772045
ARRIESGADO,9174,140.98928915781886
ARRIESGADO,9175,192.92546967592793
ARRIESGADO,9176,171.41200708764455
ARRIESGADO,9177,155.96967258214724
ARRIESGADO,9178,129.33143935872005
ARRIESGADO,9179,149.40912978979145
ARRIESGADO,9180,107.6210292644716
ARRIESGADO,9181,164.25029974442188
ARRIESGADO,9182,152.01560937281607
ARRIESGADO,9183,140.92186238086575
ARRIESGADO,9184,169.12558095629683
ARRIESGADO,9185,118.16541505159691
ARRIESGADO,9186,134.88748829046287
ARRIESGADO,9187,110.25311381149761
ARRIESGADO,9188,165.87256068763526
ARRIESGADO,9189,121.16306210778724
ARRIESGADO,9190,120.78833404217036
ARRIESGADO,9191,155.3367728716172
ARRIESGADO,9192,127.83513098674989
ARRIESGADO,9193,109.63398361010239
ARRIESGADO,9194,119.96548245005278
ARRIESGADO,9195,128.20418039564305
ARRIESGADO,9196,175.38371915913467
ARRIESGADO,9197,140.79175492954846
ARRIESGADO,9198,159.63329205070198
ARRIESGADO,9199,167.35615809825651
ARRIESGADO,9200,128.2998178061487
ARRIESGADO,9201,129.15387910925304
ARRIESGADO,9202,116.2963956969819
ARRIESGADO,9203,133.99867217228876
ARRIESGADO,9204,145.04685982980678
ARRIESGADO,9205,135.5031933219947
ARRIESGADO,9206,137.5153664697217
ARRIESGADO,9207,132.72460543103034
ARRIESGADO,9208,175.8731561148022
ARRIESGADO,9209,148.31359830913152
ARRIESGADO,9210,129.4332020652393
ARRIESGADO,9211,115.82708054361514
ARRIESGADO,9212,129.40431480376427
ARRIESGADO,9213,99.86772973873991
ARRIESGADO,9214,153.58677892752314
ARRIESGADO,9215,118.6407798577618
ARRIESGADO,9216,94.63722635670524
ARRIESGADO,9217,197.03004043750968
ARRIESGADO,9218,154.52892548060427
ARRIESGADO,9219,131.92706722448
ARRIESGADO,9220,140.22580056590914
ARRIESGADO,9221,154.97207553876228
ARRIESGADO,9222,104.31698353208984
ARRIESGADO,9223,150.0927852639291
ARRIESGADO,9224,107.45473689029859
ARRIESGADO,9225,124.96182307533725
ARRIESGADO,9226,91.69897845347543
ARRIESGADO,9227,122.96503169739377
ARRIESGADO,9228,164.49525630776932
ARRIESGADO,9229,151.9435444159016
ARRIESGADO,9230,182.15702475559414
ARRIESGADO,9231,141.1563245388484
ARRIESGADO,9232,182.1958058625334
ARRIESGADO,9233,147.70440320280622
ARRIESGADO,9234,121.84753772684311
ARRIESGADO,9235,144.52497525488863
ARRIESGADO,9236,131.18296557406003
ARRIESGADO,9237,129.99593990856314
ARRIESGADO,9238,113.80970015467874
ARRIESGADO,9239,178.11708997423364
ARRIESGADO,9240,160.99527838125059
ARRIESGADO,9241,171.3228012252084
ARRIESGADO,9242,148.79888392521985
ARRIESGADO,9243,141.40597975528306
ARRIESGADO,9244,166.24568834438855
ARRIESGADO,9245,115.70919470529192
ARRIESGADO,9246,134.21808484415837
ARRIESGADO,9247,132.38792845599002
ARRIESGADO,9248,180.78126810551768
ARRIESGADO,9249,138.55613352575082
ARRIESGADO,9250,114.4420484497137
ARRIESGADO,9251,124.55170577259098
ARRIESGADO,9252,119.47144085892445
ARRIESGADO,9253,154.2435060620147
ARRIESGADO,9254,117.33793272355517
ARRIESGADO,9255,130.22645737182594
ARRIESGADO,9256,102.77099752086372
ARRIESGADO,9257,101.0866001929162
ARRIESGADO,9258,115.84260868954165
ARRIESGADO,9259,134.23959201885344
ARRIESGADO,9260,151.6152944144018
ARRIESGADO,9261,145.9747491677182
ARRIESGADO,9262,145.07408315182784
ARRIESGADO,9263,132.07077404647904
ARRIESGADO,9264,129.96317499181643
ARRIESGADO,9265,107.61415168622831
ARRIESGADO,9266,131.54922345471232
ARRIESGADO,9267,133.48650802394144
ARRIESGADO,9268,121.7917205620307
ARRIESGADO,9269,155.19082489957665
ARRIESGADO,9270,119.3999424161295
ARRIESGADO,9271,153.42722620841138
ARRIESGADO,9272,112.99787287207337
ARRIESGADO,9273,157.8013733737885
ARRIESGADO,9274,143.3489330169615
ARRIESGADO,9275,132.91238575402673
ARRIESGADO,9276,127.6970773991263
ARRIESGADO,9277,119.77597576219452
ARRIESGADO,9278,108.78901045029394
ARRIESGADO,9279,127.55923096482238
ARRIESGADO,9280,120.97648712813546
ARRIESGADO,9281,162.80154031304096
ARRIESGADO,9282,181.60135447923557
ARRIESGADO,9283,150.60328109280863
ARRIESGADO,9284,179.7292083694692
ARRIESGADO,9285,132.10792803919583
ARRIESGADO,9286,132.5078099479161
ARRIESGADO,9287,88.89303917552601
ARRIESGADO,9288,125.91776565068969
ARRIESGADO,9289,122.75288591124414
ARRIESGADO,9290,153.9632323685036
ARRIESGADO,9291,154.3508782526019
ARRIESGADO,9292,132.29939620034466
ARRIESGADO,9293,138.81708024612504
ARRIESGADO,9294,181.82564577266612
ARRIESGADO,9295,119.86700217386236
ARRIESGADO,9296,150.7043015897935
ARRIESGADO,9297,152.18806013292865
ARRIESGADO,9298,135.0979317387548
ARRIESGADO,9299,140.1929265533464
ARRIESGADO,9300,123.99510119450215
ARRIESGADO,9301,115.81598136147329
ARRIESGADO,9302,125.15315351788475
ARRIESGADO,9303,130.3866086342183
ARRIESGADO,9304,131.4498388528937
ARRIESGADO,9305,127.88676723353933
ARRIESGADO,9306,107.80261161025538
ARRIESGADO,9307,115.42420800793836
ARRIESGADO,9308,165.8737786557061
ARRIESGADO,9309,141.16031142267585
ARRIESGADO,9310,104.0496928863476
ARRIESGADO,9311,140.55654719213527
ARRIESGADO,9312,151.86518037980184
ARRIESGADO,9313,132.03941294003474
ARRIESGADO,9314,133.74197106264018
ARRIESGADO,9315,168.45624877024653
ARRIESGADO,9316,158.6567560211483
ARRIESGADO,9317,145.1223414992252
ARRIESGADO,9318,160.473886726502
ARRIESGADO,9319,112.05436641576674
ARRIESGADO,9320,129.17174172796484
ARRIESGADO,9321,125.0277387050817
ARRIESGADO,9322,159.56301490443073
ARRIESGADO,9323,131.17101630096298
ARRIESGADO,9324,184.40320420959307
ARRIESGADO,9325,150.4043624672483
ARRIESGADO,9326,144.28518186530073
ARRIESGADO,9327,172.05091831920677
ARRIESGADO,9328,141.96203142945424
ARRIESGADO,9329,134.24071901670962
ARRIESGADO,9330,175.24695190506236
ARRIESGADO,9331,123.9112759792364
ARRIESGADO,9332,135.03191478465033
ARRIESGADO,9333,129.14081359224895
ARRIESGADO,9334,152.68689699298616
ARRIESGADO,9335,87.5315897319001
ARRIESGADO,9336,158.93714471022275
ARRIESGADO,9337,112.5034775135966
ARRIESGADO,9338,139.595193695405
ARRIESGADO,9339,141.8534606455054
ARRIESGADO,9340,138.73985470604484
ARRIESGADO,9341,160.04528390488738
ARRIESGADO,9342,101.96168266823179
ARRIESGADO,9343,183.97350929719624
ARRIESGADO,9344,147.51316179403656
ARRIESGADO,9345,122.45626939323006
ARRIESGADO,9346,94.74373277994815
ARRIESGADO,9347,118.43658189918308
ARRIESGADO,9348,151.51907133864344
ARRIESGADO,9349,123.88334214656496
ARRIESGADO,9350,121.6912084665305
ARRIESGADO,9351,170.085583220026
ARRIESGADO,9352,154.68869613822093
ARRIESGADO,9353,206.25859220681266
ARRIESGADO,9354,130.9260754661222
ARRIESGADO,9355,102.54919987449725
ARRIESGADO,9356,151.21069263495545
ARRIESGADO,9357,170.21085089122602
ARRIESGADO,9358,158.8905746833268
ARRIESGADO,9359,183.18257487449938
ARRIESGADO,9360,147.27593678173338
ARRIESGADO,9361,141.0060045196729
ARRIESGADO,9362,146.7051870921925
ARRIESGADO,9363,106.6266873753535
ARRIESGADO,9364,168.09936467614438
ARRIESGADO,9365,156.47387055184248
ARRIESGADO,9366,189.19883859934146
ARRIESGADO,9367,118.5507657817748
ARRIESGADO,9368,127.6295174571672
ARRIESGADO,9369,144.85933225700262
ARRIESGADO,9370,144.81098335950765
ARRIESGADO,9371,116.60880686716136
ARRIESGADO,9372,154.9866089922848
ARRIESGADO,9373,126.24224843621921
ARRIESGADO,9374,164.20331828321065
ARRIESGADO,9375,155.50558319826212
ARRIESGADO,9376,148.29872633052827
ARRIESGADO,9377,126.27115613404015
ARRIESGADO,9378,182.667222998712
ARRIESGADO,9379,162.2338644552672
ARRIESGADO,9380,163.8907810106285
ARRIESGADO,9381,146.43468390950517
ARRIESGADO,9382,113.56676397726628
ARRIESGADO,9383,188.81739060739534
ARRIESGADO,9384,145.73237437321424
ARRIESGADO,9385,116.54507240664282
ARRIESGADO,9386,108.96187075182337
ARRIESGADO,9387,177.8034141429225
ARRIESGADO,9388,159.30991778503082
ARRIESGADO,9389,138.67350758770237
ARRIESGADO,9390,142.23483801000168
ARRIESGADO,9391,130.5333363534508
ARRIESGADO,9392,169.84232482546642
ARRIESGADO,9393,120.9171649555891
ARRIESGADO,9394,146.73343248357654
ARRIESGADO,9395,149.67745980616579
ARRIESGADO,9396,168.65588026172492
ARRIESGADO,9397,157.57106446543528
ARRIESGADO,9398,106.50839505922185
ARRIESGADO,9399,135.5769916923856
ARRIESGADO,9400,132.56355102523236
ARRIESGADO,9401,129.63484645854768
ARRIESGADO,9402,155.5231023819632
ARRIESGADO,9403,148.18128276163594
ARRIESGADO,9404,120.71352356852708
ARRIESGADO,9405,148.85707714039285
ARRIESGADO,9406,120.75117839169305
ARRIESGADO,9407,169.93366956855616
ARRIESGADO,9408,126.98674761304699
ARRIESGADO,9409,147.53389140005962
ARRIESGADO,9410,151.03459062254765
ARRIESGADO,9411,143.05939837613013
ARRIESGADO,9412,134.69891559620993
ARRIESGADO,9413,127.25298433622581
ARRIESGADO,9414,164.50644706546456
ARRIESGADO,9415,136.14865961286654
ARRIESGADO,9416,145.97774664538423
ARRIESGADO,9417,164.92746062846211
ARRIESGADO,9418,186.11986372344168
ARRIESGADO,9419,125.25074644245278
ARRIESGADO,9420,143.54042606049046
ARRIESGADO,9421,122.52143166823731
ARRIESGADO,9422,139.18650915547317
ARRIESGADO,9423,117.72138215344175
ARRIESGADO,9424,119.08676913957555
ARRIESGADO,9425,143.76599108546964
ARRIESGADO,9426,107.25992546846992
ARRIESGADO,9427,170.8658394084405
ARRIESGADO,9428,178.00603553379045
ARRIESGADO,9429,166.5549996255735
ARRIESGADO,9430,163.31018894251275
ARRIESGADO,9431,91.93129871135687
ARRIESGADO,9432,156.89492593454355
ARRIESGADO,9433,123.64744532205864
ARRIESGADO,9434,184.23060648333757
ARRIESGADO,9435,155.4055825447098
ARRIESGADO,9436,121.46946365936776
ARRIESGADO,9437,176.0310305885309
ARRIESGADO,9438,102.77822460475619
ARRIESGADO,9439,149.00893593402878
ARRIESGADO,9440,157.75407354675033
ARRIESGADO,9441,155.86904925411477
ARRIESGADO,9442,168.86515929824282
ARRIESGADO,9443,130.81543516442002
ARRIESGADO,9444,133.32427472103748
ARRIESGADO,9445,133.42450895787118
ARRIESGADO,9446,116.05958004253472
ARRIESGADO,9447,144.8591244720133
ARRIESGADO,9448,145.28528277874705
ARRIESGADO,9449,152.57411567318908
ARRIESGADO,9450,134.36748052473396
ARRIESGADO,9451,157.07864543626405
ARRIESGADO,9452,120.87334998409634
ARRIESGADO,9453,153.5255055804274
ARRIESGADO,9454,108.72090210725686
ARRIESGADO,9455,139.01593249753728
ARRIESGADO,9456,174.6546237126912
ARRIESGADO,9457,137.9816673102502
ARRIESGADO,9458,146.24638653436443
ARRIESGADO,9459,127.1125235364388
ARRIESGADO,9460,185.0021555636182
ARRIESGADO,9461,114.52455386887264
ARRIESGADO,9462,136.75715203078533
ARRIESGADO,9463,139.439345275938
ARRIESGADO,9464,114.07682540833227
ARRIESGADO,9465,132.16919120051557
ARRIESGADO,9466,135.56909277689388
ARRIESGADO,9467,117.42841218089728
ARRIESGADO,9468,105.19040625736437
ARRIESGADO,9469,135.47001987452555
ARRIESGADO,9470,151.62101028388014
ARRIESGADO,9471,122.91150703823585
ARRIESGADO,9472,107.09412307501566
ARRIESGADO,9473,145.53807440061556
ARRIESGADO,9474,154.32368339293282
ARRIESGADO,9475,147.5274098597282
ARRIESGADO,9476,170.43274449917743
ARRIESGADO,9477,146.4577461170442
ARRIESGADO,9478,127.0599225554958
ARRIESGADO,9479,113.42711362683826
ARRIESGADO,9480,167.92119034808292
ARRIESGADO,9481,126.33695584221229
ARRIESGADO,9482,138.9546603522885
ARRIESGADO,9483,174.7878261802074
ARRIESGADO,9484,140.63776258372712
ARRIESGADO,9485,96.04292976461369
ARRIESGADO,9486,161.09448595247474
ARRIESGADO,9487,181.78595822255642
ARRIESGADO,9488,134.42760679578728
ARRIESGADO,9489,116.65788109283666
ARRIESGADO,9490,122.52595327475008
ARRIESGADO,9491,156.3605514299425
ARRIESGADO,9492,133.3571048382526
ARRIESGADO,9493,175.74505067819698
ARRIESGADO,9494,165.33688456006183
ARRIESGADO,9495,128.8993609924949
ARRIESGADO,9496,121.59718758062832
ARRIESGADO,9497,108.03982961376444
ARRIESGADO,9498,136.76359219510516
ARRIESGADO,9499,133.51151187330487
ARRIESGADO,9500,155.07314538272908
ARRIESGADO,9501,113.72539118326742
ARRIESGADO,9502,179.7544464494813
ARRIESGADO,9503,123.28827727995858
ARRIESGADO,9504,134.78236878529356
ARRIESGADO,9505,109.06558283240766
ARRIESGADO,9506,143.26139123271838
ARRIESGADO,9507,147.67816738407666
ARRIESGADO,9508,135.23086809370096
ARRIESGADO,9509,154.93979467403972
ARRIESGADO,9510,146.45583874510993
ARRIESGADO,9511,143.4226967452338
ARRIESGADO,9512,130.69135411313482
ARRIESGADO,9513,167.09778201959557
ARRIESGADO,9514,134.76361323451727
ARRIESGADO,9515,138.3527614416149
ARRIESGADO,9516,145.95109518340573
ARRIESGADO,9517,193.10372903804256
ARRIESGADO,9518,131.59833866345272
ARRIESGADO,9519,91.75863336309247
ARRIESGADO,9520,116.0906102990546
ARRIESGADO,9521,202.40437779386457
ARRIESGADO,9522,135.05286013849906
ARRIESGADO,9523,133.30333163213754
ARRIESGADO,9524,109.52707625035453
ARRIESGADO,9525,144.24885807628667
ARRIESGADO,9526,199.46749679219272
ARRIESGADO,9527,99.18667656613582
ARRIESGADO,9528,170.38389455384788
ARRIESGADO,9529,123.08298456196084
ARRIESGADO,9530,142.69976482031558
ARRIESGADO,9531,120.18523280368794
ARRIESGADO,9532,146.03836525321256
ARRIESGADO,9533,154.8896641730066
ARRIESGADO,9534,157.81720920033123
ARRIESGADO,9535,128.24439585547603
ARRIESGADO,9536,187.83922764436534
ARRIESGADO,9537,125.33730621004861
ARRIESGADO,9538,153.79578954482764
ARRIESGADO,9539,121.75945630601535
ARRIESGADO,9540,143.9226619280177
ARRIESGADO,9541,152.39607324916764
ARRIESGADO,9542,144.60566041551772
ARRIESGADO,9543,136.91089809703135
ARRIESGADO,9544,151.5757419540733
ARRIESGADO,9545,123.85052790874533
ARRIESGADO,9546,113.10936072763317
ARRIESGADO,9547,111.63781882529562
ARRIESGADO,9548,129.6610939841613
ARRIESGADO,9549,150.51877293153527
ARRIESGADO,9550,188.03385902868285
ARRIESGADO,9551,128.7376386729042
ARRIESGADO,9552,147.4006784019071
ARRIESGADO,9553,141.8070901323288
ARRIESGADO,9554,170.41306794315977
ARRIESGADO,9555,129.12103309805113
ARRIESGADO,9556,124.48185280569619
ARRIESGADO,9557,100.70192380953853
ARRIESGADO,9558,132.74861902207482
ARRIESGADO,9559,142.18858688933452
ARRIESGADO,9560,127.50740640069733
ARRIESGADO,9561,135.05700481575374
ARRIESGADO,9562,128.78776049396814
ARRIESGADO,9563,131.72432856646589
ARRIESGADO,9564,95.21175653648909
ARRIESGADO,9565,139.8881234777297
ARRIESGADO,9566,147.65440444952708
ARRIESGADO,9567,134.71720890411498
ARRIESGADO,9568,136.7005741024796
ARRIESGADO,9569,122.8949215651474
ARRIESGADO,9570,105.84646983037973
ARRIESGADO,9571,169.40974910556235
ARRIESGADO,9572,153.78305023628798
ARRIESGADO,9573,141.93719152806804
ARRIESGADO,9574,129.26282028788614
ARRIESGADO,9575,173.2006651592586
ARRIESGADO,9576,173.01821728647562
ARRIESGADO,9577,157.27271600337434
ARRIESGADO,9578,141.45953914456038
ARRIESGADO,9579,148.8331991151352
ARRIESGADO,9580,155.78367079424754
ARRIESGADO,9581,177.29753682763902
ARRIESGADO,9582,147.76638574990685
ARRIESGADO,9583,132.7757517866778
ARRIESGADO,9584,137.81178849696332
ARRIESGADO,9585,115.31957929482826
ARRIESGADO,9586,162.55553985465465
ARRIESGADO,9587,152.14840063218736
ARRIESGADO,9588,99.63799404878696
ARRIESGADO,9589,142.063282496206
ARRIESGADO,9590,150.20378159728392
ARRIESGADO,9591,138.09653856137186
ARRIESGADO,9592,146.0687565868167
ARRIESGADO,9593,136.59699841584688
ARRIESGADO,9594,159.04378099482153
ARRIESGADO,9595,147.8601698936643
ARRIESGADO,9596,123.1509894083497
ARRIESGADO,9597,110.37025727135563
ARRIESGADO,9598,131.29232564063142
ARRIESGADO,9599,106.01688632007057
ARRIESGADO,9600,121.0760590154266
ARRIESGADO,9601,180.5059750436576
ARRIESGADO,9602,156.73063604589393
ARRIESGADO,9603,141.9877907383027
ARRIESGADO,9604,179.9376204812359
ARRIESGADO,9605,101.40375247057719
ARRIESGADO,9606,148.58951548662463
ARRIESGADO,9607,126.30798787115104
ARRIESGADO,9608,174.52764919504907
ARRIESGADO,9609,104.0618064121474
ARRIESGADO,9610,156.70725044512113
ARRIESGADO,9611,136.30199187043746
ARRIESGADO,9612,142.285663266042
ARRIESGADO,9613,150.15193342568216
ARRIESGADO,9614,118.21138132101359
ARRIESGADO,9615,121.74384382942057
ARRIESGADO,9616,146.13443325883352
ARRIESGADO,9617,160.33239030859744
ARRIESGADO,9618,152.86679952181348
ARRIESGADO,9619,119.62774971315743
ARRIESGADO,9620,146.10536861347535
ARRIESGADO,9621,135.36266317143185
ARRIESGADO,9622,174.8542394240859
ARRIESGADO,9623,141.9095047562666
ARRIESGADO,9624,136.20976411518828
ARRIESGADO,9625,119.88200741696114
ARRIESGADO,9626,179.35053015371452
ARRIESGADO,9627,160.39545118500942
ARRIESGADO,9628,142.05348570869617
ARRIESGADO,9629,147.8547742944452
ARRIESGADO,9630,163.61829863674822
ARRIESGADO,9631,139.47080182138353
ARRIESGADO,9632,152.04480999306048
ARRIESGADO,9633,127.36767110467885
ARRIESGADO,9634,117.0234409371527
ARRIESGADO,9635,103.3270931614579
ARRIESGADO,9636,113.63439351350058
ARRIESGADO,9637,128.88180534104865
ARRIESGADO,9638,88.9346946502386
ARRIESGADO,9639,145.07888782302857
ARRIESGADO,9640,106.15076509051426
ARRIESGADO,9641,153.2506336049623
ARRIESGADO,9642,158.1420912014571
ARRIESGADO,9643,132.9280409596758
ARRIESGADO,9644,159.1074673627026
ARRIESGADO,9645,217.49796553394344
ARRIESGADO,9646,147.77587852181767
ARRIESGADO,9647,124.77479691958459
ARRIESGADO,9648,113.14645498234688
ARRIESGADO,9649,121.17767666730721
ARRIESGADO,9650,126.42750886306777
ARRIESGADO,9651,138.0786585320122
ARRIESGADO,9652,110.72045888865313
ARRIESGADO,9653,163.25723076750444
ARRIESGADO,9654,167.06827287097548
ARRIESGADO,9655,133.2274550892978
ARRIESGADO,9656,116.0266168485309
ARRIESGADO,9657,194.88949031828412
ARRIESGADO,9658,189.1995752363546
ARRIESGADO,9659,138.61222106883284
ARRIESGADO,9660,116.08393302956156
ARRIESGADO,9661,112.78005663320911
ARRIESGADO,9662,181.01366643441452
ARRIESGADO,9663,132.6078425842025
ARRIESGADO,9664,159.30500699518177
ARRIESGADO,9665,104.53786783968562
ARRIESGADO,9666,120.91162638566605
ARRIESGADO,9667,144.82205440347704
ARRIESGADO,9668,131.72585563539243
ARRIESGADO,9669,162.04207173516028
ARRIESGADO,9670,152.07472115206303
ARRIESGADO,9671,158.7061948904068
ARRIESGADO,9672,119.0980139588168
ARRIESGADO,9673,108.84577040526025
ARRIESGADO,9674,151.67955726018806
ARRIESGADO,9675,97.75967272220223
ARRIESGADO,9676,117.05567997376436
ARRIESGADO,9677,101.75176891353051
ARRIESGADO,9678,66.61909328657104
ARRIESGADO,9679,167.83197344265514
ARRIESGADO,9680,113.53291178323049
ARRIESGADO,9681,138.12827037857312
ARRIESGADO,9682,155.23344250286885
ARRIESGADO,9683,116.415949476383
ARRIESGADO,9684,126.70416578940642
ARRIESGADO,9685,95.18537342318373
ARRIESGADO,9686,123.65647331258025
ARRIESGADO,9687,149.0645288013552
ARRIESGADO,9688,122.93605692934362
ARRIESGADO,9689,154.225627717104
ARRIESGADO,9690,151.38413806345267
ARRIESGADO,9691,136.1792300018353
ARRIESGADO,9692,113.82137626707956
ARRIESGADO,9693,119.68086665128928
ARRIESGADO,9694,133.80334092159512
ARRIESGADO,9695,100.50706628586143
ARRIESGADO,9696,159.71066445667407
ARRIESGADO,9697,115.40124103999985
ARRIESGADO,9698,200.93830904700124
ARRIESGADO,9699,130.99859613694252
ARRIESGADO,9700,148.37483720188013
ARRIESGADO,9701,130.76832889787772
ARRIESGADO,9702,154.54794240524427
ARRIESGADO,9703,108.98786019918236
ARRIESGADO,9704,173.50624247260967
ARRIESGADO,9705,178.71358586439698
ARRIESGADO,9706,145.96404554698378
ARRIESGADO,9707,186.28983295480288
ARRIESGADO,9708,147.3073234759137
ARRIESGADO,9709,143.3407658890749
ARRIESGADO,9710,141.97883035059684
ARRIESGADO,9711,155.05024348311565
ARRIESGADO,9712,147.0850618772449
ARRIESGADO,9713,141.3231640268875
ARRIESGADO,9714,111.5849430808003
ARRIESGADO,9715,117.1003804835818
ARRIESGADO,9716,143.07434787076141
ARRIESGADO,9717,143.15031211658007
ARRIESGADO,9718,153.29664032020557
ARRIESGADO,9719,128.1254769183906
ARRIESGADO,9720,99.7456227195559
ARRIESGADO,9721,160.82429827110568
ARRIESGADO,9722,151.55645710483265
ARRIESGADO,9723,136.8045317669359
ARRIESGADO,9724,164.46254836393845
ARRIESGADO,9725,148.06545212129447
ARRIESGADO,9726,134.52351127403563
ARRIESGADO,9727,128.27121875870625
ARRIESGADO,9728,198.9841923704236
ARRIESGADO,9729,128.80135540035172
ARRIESGADO,9730,125.80716031675377
ARRIESGADO,9731,160.44419687386636
ARRIESGADO,9732,107.15905941966106
ARRIESGADO,9733,116.90629656786874
ARRIESGADO,9734,123.99909202478665
ARRIESGADO,9735,153.8900465391502
ARRIESGADO,9736,132.76725220204946
ARRIESGADO,9737,179.79736105571845
ARRIESGADO,9738,120.5238092310824
ARRIESGADO,9739,162.42818647071104
ARRIESGADO,9740,159.0380648388457
ARRIESGADO,9741,121.60309587792236
ARRIESGADO,9742,120.72798784910799
ARRIESGADO,9743,117.88118311616984
ARRIESGADO,9744,158.80430104431082
ARRIESGADO,9745,197.39985411498208
ARRIESGADO,9746,108.7813623852372
ARRIESGADO,9747,164.5453188461735
ARRIESGADO,9748,121.09345750672438
ARRIESGADO,9749,137.28957536551496
ARRIESGADO,9750,198.00260775578974
ARRIESGADO,9751,136.7881696044348
ARRIESGADO,9752,130.38734303454248
ARRIESGADO,9753,146.3844228756492
ARRIESGADO,9754,158.20946076552173
ARRIESGADO,9755,118.87121897874196
ARRIESGADO,9756,152.6576363991781
ARRIESGADO,9757,97.3324795539727
ARRIESGADO,9758,168.79960011297288
ARRIESGADO,9759,124.79993645878426
ARRIESGADO,9760,142.84473316462118
ARRIESGADO,9761,145.63700647417278
ARRIESGADO,9762,122.97557662899159
ARRIESGADO,9763,132.4209931009121
ARRIESGADO,9764,127.24394737809143
ARRIESGADO,9765,178.19671025241212
ARRIESGADO,9766,104.05711496762433
ARRIESGADO,9767,141.7409010974933
ARRIESGADO,9768,115.56769619324447
ARRIESGADO,9769,131.9942387510088
ARRIESGADO,9770,109.90994889306297
ARRIESGADO,9771,164.8335904541364
ARRIESGADO,9772,145.52099115648411
ARRIESGADO,9773,147.03164228089653
ARRIESGADO,9774,124.02222544727908
ARRIESGADO,9775,167.85064116325833
ARRIESGADO,9776,170.38027692783666
ARRIESGADO,9777,180.4390275065272
ARRIESGADO,9778,140.7601495535988
ARRIESGADO,9779,149.2637869072372
ARRIESGADO,9780,167.7011734737751
ARRIESGADO,9781,106.97327812823283
ARRIESGADO,9782,146.36908943105635
ARRIESGADO,9783,143.01156111756788
ARRIESGADO,9784,134.18970200278633
ARRIESGADO,9785,126.04426428878412
ARRIESGADO,9786,129.91488365350403
ARRIESGADO,9787,133.72524839978868
ARRIESGADO,9788,147.23354835040226
ARRIESGADO,9789,110.59437206089419
ARRIESGADO,9790,179.1753259163929
ARRIESGADO,9791,148.4260983003444
ARRIESGADO,9792,159.8578218278475
ARRIESGADO,9793,174.6955262088692
ARRIESGADO,9794,164.16143766065855
ARRIESGADO,9795,138.61917215261207
ARRIESGADO,9796,141.3483160325201
ARRIESGADO,9797,140.8195368025184
ARRIESGADO,9798,162.29688386564436
ARRIESGADO,9799,155.44855313212474
ARRIESGADO,9800,192.3391384989447
ARRIESGADO,9801,150.22192828552724
ARRIESGADO,9802,124.92927569327689
ARRIESGADO,9803,117.47641290470396
ARRIESGADO,9804,132.12142961121168
ARRIESGADO,9805,178.52964763444245
ARRIESGADO,9806,136.93440247652825
ARRIESGADO,9807,122.46409969049922
ARRIESGADO,9808,124.60225866821925
ARRIESGADO,9809,168.14852670694788
ARRIESGADO,9810,151.55731107822987
ARRIESGADO,9811,150.4450871616159
ARRIESGADO,9812,121.20870771200373
ARRIESGADO,9813,172.45528306554797
ARRIESGADO,9814,173.00427252868784
ARRIESGADO,9815,137.117832605505
ARRIESGADO,9816,159.7152621734805
ARRIESGADO,9817,121.59466746870798
ARRIESGADO,9818,146.29041862176712
ARRIESGADO,9819,144.08360273406782
ARRIESGADO,9820,110.16414184646696
ARRIESGADO,9821,125.94044913918047
ARRIESGADO,9822,152.87616844297852
ARRIESGADO,9823,140.603517936868
ARRIESGADO,9824,178.01569612795683
ARRIESGADO,9825,101.14577206497643
ARRIESGADO,9826,128.08039437256818
ARRIESGADO,9827,129.99280488891435
ARRIESGADO,9828,149.0869276187315
ARRIESGADO,9829,171.7429236409838
ARRIESGADO,9830,144.71767025600073
ARRIESGADO,9831,135.1764581979222
ARRIESGADO,9832,139.3547774323412
ARRIESGADO,9833,147.67232758331218
ARRIESGADO,9834,120.63713840278257
ARRIESGADO,9835,161.48754621659674
ARRIESGADO,9836,157.15082459824973
ARRIESGADO,9837,116.89531092681524
ARRIESGADO,9838,180.27377860526084
ARRIESGADO,9839,124.49686328101969
ARRIESGADO,9840,172.21265324057842
ARRIESGADO,9841,134.73244539550046
ARRIESGADO,9842,135.60452988554653
ARRIESGADO,9843,142.55008561684616
ARRIESGADO,9844,146.93568476115564
ARRIESGADO,9845,171.3595600880147
ARRIESGADO,9846,84.66450702415966
ARRIESGADO,9847,151.97928737598403
ARRIESGADO,9848,141.21866344578578
ARRIESGADO,9849,139.63411182074563
ARRIESGADO,9850,148.97549720166725
ARRIESGADO,9851,155.90524730298452
ARRIESGADO,9852,107.43705243873023
ARRIESGADO,9853,175.78374218356058
ARRIESGADO,9854,161.3658894874932
ARRIESGADO,9855,152.6229450408145
ARRIESGADO,9856,105.31914622703938
ARRIESGADO,9857,164.31999488116355
ARRIESGADO,9858,155.50308058040028
ARRIESGADO,9859,190.40359138758123
ARRIESGADO,9860,134.43773469551286
ARRIESGADO,9861,124.6899939977262
ARRIESGADO,9862,116.53660582778349
ARRIESGADO,9863,107.1676891371237
ARRIESGADO,9864,118.53072581319145
ARRIESGADO,9865,197.04787077945204
ARRIESGADO,9866,156.32295289127583
ARRIESGADO,9867,139.62609401459576
ARRIESGADO,9868,159.48533247320037
ARRIESGADO,9869,200.39916710753928
ARRIESGADO,9870,144.7817825639491
ARRIESGADO,9871,124.75563303904013
ARRIESGADO,9872,128.17858131314316
ARRIESGADO,9873,149.69628906988984
ARRIESGADO,9874,143.59129856933
ARRIESGADO,9875,153.24655375901844
ARRIESGADO,9876,156.94658106048774
ARRIESGADO,9877,126.13201151538851
ARRIESGADO,9878,117.07330883189192
ARRIESGADO,9879,120.02086823198673
ARRIESGADO,9880,163.15344498919995
ARRIESGADO,9881,124.01945877359287
ARRIESGADO,9882,152.72888957968968
ARRIESGADO,9883,109.73934594240067
ARRIESGADO,9884,175.21178300548843
ARRIESGADO,9885,119.95063509814949
ARRIESGADO,9886,130.63997991303557
ARRIESGADO,9887,139.77730383282568
ARRIESGADO,9888,160.2356998922586
ARRIESGADO,9889,175.45031693246054
ARRIESGADO,9890,177.01810596189313
ARRIESGADO,9891,119.43229103493351
ARRIESGADO,9892,102.4894280830566
ARRIESGADO,9893,163.97291322619617
ARRIESGADO,9894,179.600416519341
ARRIESGADO,9895,173.71497728168308
ARRIESGADO,9896,149.68399617007353
ARRIESGADO,9897,157.7834732598428
ARRIESGADO,9898,119.50342109579493
ARRIESGADO,9899,128.46672652211458
ARRIESGADO,9900,118.8946701802063
ARRIESGADO,9901,128.94929054303498
ARRIESGADO,9902,114.95905373237177
ARRIESGADO,9903,129.21655201141138
ARRIESGADO,9904,137.33358416809057
ARRIESGADO,9905,114.15486525944402
ARRIESGADO,9906,120.219997218853
ARRIESGADO,9907,87.97346610169605
ARRIESGADO,9908,158.39943671218163
ARRIESGADO,9909,155.79005572455378
ARRIESGADO,9910,131.6183766847593
ARRIESGADO,9911,135.38899696929022
ARRIESGADO,9912,146.0216299747841
ARRIESGADO,9913,150.31224400372383
ARRIESGADO,9914,114.43400834072202
ARRIESGADO,9915,127.89943823136865
ARRIESGADO,9916,125.91156380011282
ARRIESGADO,9917,147.3611573048067
ARRIESGADO,9918,114.23620504556524
ARRIESGADO,9919,152.48812713802886
ARRIESGADO,9920,157.6768797858297
ARRIESGADO,9921,120.39866819325835
ARRIESGADO,9922,98.4080985025436
ARRIESGADO,9923,142.70159864910073
ARRIESGADO,9924,167.68495368170042
ARRIESGADO,9925,103.87893661998615
ARRIESGADO,9926,161.12321877869704
ARRIESGADO,9927,78.58163243804957
ARRIESGADO,9928,139.5569347882388
ARRIESGADO,9929,143.96100232827467
ARRIESGADO,9930,108.40755633881695
ARRIESGADO,9931,117.24876617941311
ARRIESGADO,9932,138.52069092851286
ARRIESGADO,9933,119.02930915228703
ARRIESGADO,9934,134.9700361015137
ARRIESGADO,9935,167.4607315388706
ARRIESGADO,9936,119.26811430535153
ARRIESGADO,9937,179.825580224191
ARRIESGADO,9938,166.10963785593034
ARRIESGADO,9939,146.66624910181636
ARRIESGADO,9940,132.30155466755215
ARRIESGADO,9941,136.51606788324577
ARRIESGADO,9942,118.07110347439445
ARRIESGADO,9943,167.49507112879834
ARRIESGADO,9944,115.21581798440148
ARRIESGADO,9945,112.89317128500754
ARRIESGADO,9946,145.17302344808425
ARRIESGADO,9947,154.24881388197647
ARRIESGADO,9948,147.95035975413063
ARRIESGADO,9949,170.85743280549582
ARRIESGADO,9950,153.9543666373812
ARRIESGADO,9951,175.71906674432114
ARRIESGADO,9952,148.09367803194456
ARRIESGADO,9953,173.4331882348094
ARRIESGADO,9954,169.84861313338467
ARRIESGADO,9955,119.53898447625966
ARRIESGADO,9956,142.79027552205747
ARRIESGADO,9957,133.39212210554464
ARRIESGADO,9958,115.82866211458686
ARRIESGADO,9959,179.19291763876035
ARRIESGADO,9960,139.463815024949
ARRIESGADO,9961,137.65208940445942
ARRIESGADO,9962,142.81691308092527
ARRIESGADO,9963,118.63896670866411
ARRIESGADO,9964,164.73018743385109
ARRIESGADO,9965,179.6289455493036
ARRIESGADO,9966,141.23639120090368
ARRIESGADO,9967,154.69603054865672
ARRIESGADO,9968,129.65470572794538
ARRIESGADO,9969,147.09854438125322
ARRIESGADO,9970,121.63322228894529
ARRIESGADO,9971,119.12739161769017
ARRIESGADO,9972,136.07371765221657
ARRIESGADO,9973,156.993787402941
ARRIESGADO,9974,148.26630726244701
ARRIESGADO,9975,173.38661745339112
ARRIESGADO,9976,140.74953543855034
ARRIESGADO,9977,155.26902521251034
ARRIESGADO,9978,131.15511587514365
ARRIESGADO,9979,119.86006692478706
ARRIESGADO,9980,123.90675419073449
ARRIESGADO,9981,114.9411480558447
ARRIESGADO,9982,139.15406179630742
ARRIESGADO,9983,139.4146195830496
ARRIESGADO,9984,133.95896203044467
ARRIESGADO,9985,168.04239774655767
ARRIESGADO,9986,151.10203947522845
ARRIESGADO,9987,133.81073409740367
ARRIESGADO,9988,135.06988488013616
ARRIESGADO,9989,141.69062946466482
ARRIESGADO,9990,153.93773997401013
ARRIESGADO,9991,129.17038969176144
ARRIESGADO,9992,171.74802911019853
ARRIESGADO,9993,112.32308047588319
ARRIESGADO,9994,168.41645326688746
ARRIESGADO,9995,132.99170363315432
ARRIESGADO,9996,118.99985057883372
ARRIESGADO,9997,160.9962918079674
ARRIESGADO,9998,146.00238254789483
ARRIESGADO,9999,135.47853873630524
ARRIESGADO,10000,144.94344958659624
