date,player_id,player_name,minutos_promedio_historico,partidos_historicos_minutos,minutos_promedio_ultimos_5
2026-02-22,p_008yS2,Franco Armani,,0.0,
2026-04-03,p_016O0E,Mateo Ramirez,,0.0,
2026-01-25,p_02CSwU,Luca Raffin,,0.0,
2026-01-28,p_02CSwU,Luca Raffin,3.0,1.0,3.0
2026-02-25,p_02CSwU,Luca Raffin,2.5,2.0,2.5
2026-03-11,p_02CSwU,Luca Raffin,4.0,3.0,4.0
2026-03-15,p_02CSwU,Luca Raffin,21.25,4.0,21.25
2026-04-05,p_02CSwU,Luca Raffin,17.4,5.0,17.4
2026-05-03,p_02CSwU,Luca Raffin,29.5,6.0,34.8
2026-08-17,p_02CSwU,Luca Raffin,29.0,7.0,39.6
2026-01-25,p_02UzGW,Leandro Paredes,,0.0,
2026-01-29,p_02UzGW,Leandro Paredes,90.0,1.0,90.0
2026-02-01,p_02UzGW,Leandro Paredes,90.0,2.0,90.0
2026-02-09,p_02UzGW,Leandro Paredes,89.0,3.0,89.0
2026-02-15,p_02UzGW,Leandro Paredes,89.25,4.0,89.25
2026-02-28,p_02UzGW,Leandro Paredes,88.2,5.0,88.2
2026-03-05,p_02UzGW,Leandro Paredes,79.66666666666667,6.0,77.6
2026-03-11,p_02UzGW,Leandro Paredes,80.71428571428571,7.0,77.0
2026-03-16,p_02UzGW,Leandro Paredes,81.875,8.0,77.6
2026-03-22,p_02UzGW,Leandro Paredes,82.77777777777777,9.0,77.6
2026-04-02,p_02UzGW,Leandro Paredes,83.4,10.0,78.6
2026-04-19,p_02UzGW,Leandro Paredes,78.45454545454545,11.0,77.0
2026-04-23,p_02UzGW,Leandro Paredes,77.91666666666667,12.0,74.0
2026-05-02,p_02UzGW,Leandro Paredes,74.07692307692308,13.0,61.6
2026-05-09,p_02UzGW,Leandro Paredes,69.78571428571429,14.0,46.4
2026-08-02,p_02UzGW,Leandro Paredes,73.13333333333334,15.0,52.6
2026-08-05,p_02UzGW,Leandro Paredes,74.1875,16.0,64.8
2026-08-08,p_02UzGW,Leandro Paredes,74.82352941176471,17.0,67.4
2026-08-16,p_02UzGW,Leandro Paredes,75.66666666666667,18.0,79.8
2026-08-29,p_02UzGW,Leandro Paredes,74.05263157894737,19.0,86.0
2026-01-22,p_038W5d,Rafael Profini,,0.0,
2026-01-29,p_038W5d,Rafael Profini,85.0,1.0,85.0
2026-02-03,p_038W5d,Rafael Profini,83.0,2.0,83.0
2026-02-07,p_038W5d,Rafael Profini,85.33333333333333,3.0,85.33333333333333
2026-02-14,p_038W5d,Rafael Profini,85.75,4.0,85.75
2026-02-23,p_038W5d,Rafael Profini,86.6,5.0,86.6
2026-02-26,p_038W5d,Rafael Profini,87.16666666666667,6.0,87.6
2026-03-01,p_038W5d,Rafael Profini,83.71428571428571,7.0,84.0
2026-03-10,p_038W5d,Rafael Profini,84.5,8.0,84.0
2026-03-16,p_038W5d,Rafael Profini,85.11111111111111,9.0,84.6
2026-03-21,p_038W5d,Rafael Profini,85.6,10.0,84.6
2026-04-03,p_038W5d,Rafael Profini,86.0,11.0,84.6
2026-04-11,p_038W5d,Rafael Profini,85.66666666666667,12.0,88.4
2026-04-17,p_038W5d,Rafael Profini,86.0,13.0,88.4
2026-04-27,p_038W5d,Rafael Profini,84.28571428571429,14.0,82.8
2026-05-02,p_038W5d,Rafael Profini,84.66666666666667,15.0,82.8
2026-05-10,p_038W5d,Rafael Profini,83.0625,16.0,76.6
2026-05-12,p_038W5d,Rafael Profini,82.94117647058823,17.0,76.4
2026-01-26,p_03caFD,Manuel García,,0.0,
2026-02-08,p_03caFD,Manuel García,90.0,1.0,90.0
2026-02-14,p_03caFD,Manuel García,90.0,2.0,90.0
2026-02-26,p_03caFD,Manuel García,86.33333333333333,3.0,86.33333333333333
2026-03-03,p_03caFD,Manuel García,65.5,4.0,65.5
2026-03-11,p_03caFD,Manuel García,70.4,5.0,70.4
2026-03-15,p_03caFD,Manuel García,73.66666666666667,6.0,70.4
2026-03-22,p_03caFD,Manuel García,76.0,7.0,70.4
2026-04-02,p_03caFD,Manuel García,77.75,8.0,72.6
2026-04-13,p_03caFD,Manuel García,79.11111111111111,9.0,90.0
2026-04-19,p_03caFD,Manuel García,75.7,10.0,81.0
2026-04-25,p_03caFD,Manuel García,69.0909090909091,11.0,63.6
2026-05-03,p_03caFD,Manuel García,64.5,12.0,48.4
2026-07-23,p_03caFD,Manuel García,63.69230769230769,13.0,41.2
2026-01-24,p_042eAN,Marcelo Torres,,0.0,
2026-01-28,p_042eAN,Marcelo Torres,88.0,1.0,88.0
2026-02-02,p_042eAN,Marcelo Torres,82.5,2.0,82.5
2026-02-09,p_042eAN,Marcelo Torres,83.66666666666667,3.0,83.66666666666667
2026-02-15,p_042eAN,Marcelo Torres,85.25,4.0,85.25
2026-02-21,p_042eAN,Marcelo Torres,80.8,5.0,80.8
2026-02-25,p_042eAN,Marcelo Torres,79.5,6.0,77.8
2026-03-02,p_042eAN,Marcelo Torres,77.71428571428571,7.0,75.8
2026-03-11,p_042eAN,Marcelo Torres,77.25,8.0,73.4
2026-03-15,p_042eAN,Marcelo Torres,77.77777777777777,9.0,71.8
2026-03-21,p_042eAN,Marcelo Torres,79.0,10.0,77.2
2026-04-05,p_042eAN,Marcelo Torres,78.36363636363636,11.0,77.0
2026-04-13,p_042eAN,Marcelo Torres,79.33333333333333,12.0,81.6
2026-04-18,p_042eAN,Marcelo Torres,79.15384615384616,13.0,82.2
2026-04-26,p_042eAN,Marcelo Torres,79.07142857142857,14.0,81.4
2026-05-03,p_042eAN,Marcelo Torres,79.0,15.0,79.0
2026-05-11,p_042eAN,Marcelo Torres,78.5625,16.0,79.0
2026-05-14,p_042eAN,Marcelo Torres,78.41176470588235,17.0,76.2
2026-07-24,p_042eAN,Marcelo Torres,78.66666666666667,18.0,77.4
2026-09-05,p_042eAN,Marcelo Torres,76.84210526315789,19.0,70.6
2026-09-13,p_042eAN,Marcelo Torres,73.65,20.0,57.6
2026-01-23,p_04WuOt,Facundo Gulli,,0.0,
2026-01-27,p_04WuOt,Facundo Gulli,90.0,1.0,90.0
2026-01-31,p_04WuOt,Facundo Gulli,76.0,2.0,76.0
2026-02-08,p_04WuOt,Facundo Gulli,74.0,3.0,74.0
2026-02-22,p_04WuOt,Facundo Gulli,66.75,4.0,66.75
2026-02-24,p_04WuOt,Facundo Gulli,57.2,5.0,57.2
2026-03-01,p_04WuOt,Facundo Gulli,60.333333333333336,6.0,54.4
2026-03-11,p_04WuOt,Facundo Gulli,54.714285714285715,7.0,46.2
2026-03-16,p_04WuOt,Facundo Gulli,55.75,8.0,44.8
2026-03-25,p_04WuOt,Facundo Gulli,56.55555555555556,9.0,48.4
2026-04-03,p_04WuOt,Facundo Gulli,59.3,10.0,61.4
2026-04-12,p_04WuOt,Facundo Gulli,59.09090909090909,11.0,57.6
2026-04-20,p_04WuOt,Facundo Gulli,54.416666666666664,12.0,54.0
2026-04-25,p_04WuOt,Facundo Gulli,55.15384615384615,13.0,54.2
2026-05-02,p_04WuOt,Facundo Gulli,56.57142857142857,14.0,56.6
2026-05-10,p_04WuOt,Facundo Gulli,55.8,15.0,48.8
2026-07-26,p_04WuOt,Facundo Gulli,55.1875,16.0,46.6
2026-07-28,p_04WuOt,Facundo Gulli,55.294117647058826,17.0,57.4
2026-08-04,p_04WuOt,Facundo Gulli,54.72222222222222,18.0,53.6
2026-08-09,p_04WuOt,Facundo Gulli,52.473684210526315,19.0,41.0
2026-09-01,p_04WuOt,Facundo Gulli,52.5,20.0,42.6
2026-09-05,p_04WuOt,Facundo Gulli,51.23809523809524,21.0,38.6
2026-07-31,p_05GdkR,Rodrigo Granillo,,0.0,
2026-08-08,p_05GdkR,Rodrigo Granillo,1.0,1.0,1.0
2026-08-17,p_05GdkR,Rodrigo Granillo,5.0,2.0,5.0
2026-02-24,p_05SKXO,Emiliano Chiavassa,,0.0,
2026-03-01,p_05SKXO,Emiliano Chiavassa,1.0,1.0,1.0
2026-03-15,p_05SKXO,Emiliano Chiavassa,9.5,2.0,9.5
2026-07-25,p_05SKXO,Emiliano Chiavassa,9.0,3.0,9.0
2026-07-30,p_05SKXO,Emiliano Chiavassa,8.75,4.0,8.75
2026-08-18,p_05SKXO,Emiliano Chiavassa,12.2,5.0,12.2
2026-08-25,p_05SKXO,Emiliano Chiavassa,17.666666666666668,6.0,21.0
2026-08-30,p_05SKXO,Emiliano Chiavassa,19.285714285714285,7.0,23.2
2026-09-12,p_05SKXO,Emiliano Chiavassa,18.25,8.0,23.8
2026-07-29,p_05b1pn,Matías Giménez,,0.0,
2026-08-01,p_05b1pn,Matías Giménez,29.0,1.0,29.0
2026-08-09,p_05b1pn,Matías Giménez,29.5,2.0,29.5
2026-08-16,p_05b1pn,Matías Giménez,25.666666666666668,3.0,25.666666666666668
2026-08-25,p_05b1pn,Matías Giménez,21.25,4.0,21.25
2026-08-30,p_05b1pn,Matías Giménez,21.0,5.0,21.0
2026-09-07,p_05b1pn,Matías Giménez,25.0,6.0,24.2
2026-09-13,p_05b1pn,Matías Giménez,24.714285714285715,7.0,22.8
2026-01-22,p_06z1T4,Rodrigo Auzmendi,,0.0,
2026-01-30,p_06z1T4,Rodrigo Auzmendi,14.0,1.0,14.0
2026-02-03,p_06z1T4,Rodrigo Auzmendi,21.5,2.0,21.5
2026-02-08,p_06z1T4,Rodrigo Auzmendi,39.666666666666664,3.0,39.666666666666664
2026-02-14,p_06z1T4,Rodrigo Auzmendi,36.75,4.0,36.75
2026-02-21,p_06z1T4,Rodrigo Auzmendi,32.0,5.0,32.0
2026-02-26,p_06z1T4,Rodrigo Auzmendi,28.166666666666668,6.0,31.0
2026-03-16,p_06z1T4,Rodrigo Auzmendi,26.0,7.0,27.8
2026-03-25,p_06z1T4,Rodrigo Auzmendi,26.125,8.0,18.0
2026-04-03,p_06z1T4,Rodrigo Auzmendi,27.22222222222222,9.0,19.6
2026-04-12,p_06z1T4,Rodrigo Auzmendi,26.9,10.0,21.8
2026-04-20,p_06z1T4,Rodrigo Auzmendi,28.545454545454547,11.0,29.0
2026-04-25,p_06z1T4,Rodrigo Auzmendi,33.25,12.0,43.4
2026-05-02,p_06z1T4,Rodrigo Auzmendi,37.61538461538461,13.0,56.0
2026-05-10,p_06z1T4,Rodrigo Auzmendi,41.357142857142854,14.0,66.8
2026-07-26,p_06z1T4,Rodrigo Auzmendi,44.333333333333336,15.0,79.2
2026-07-28,p_06z1T4,Rodrigo Auzmendi,46.375,16.0,85.6
2026-08-04,p_06z1T4,Rodrigo Auzmendi,48.94117647058823,17.0,86.6
2026-08-09,p_06z1T4,Rodrigo Auzmendi,51.22222222222222,18.0,86.6
2026-08-15,p_06z1T4,Rodrigo Auzmendi,53.26315789473684,19.0,86.6
2026-08-21,p_06z1T4,Rodrigo Auzmendi,55.1,20.0,87.4
2026-09-01,p_06z1T4,Rodrigo Auzmendi,56.76190476190476,21.0,90.0
2026-09-05,p_06z1T4,Rodrigo Auzmendi,58.27272727272727,22.0,90.0
2026-09-13,p_06z1T4,Rodrigo Auzmendi,59.30434782608695,23.0,88.4
2026-02-16,p_079Jwk,Matías García,,0.0,
2026-02-25,p_079Jwk,Matías García,15.0,1.0,15.0
2026-03-02,p_079Jwk,Matías García,17.0,2.0,17.0
2026-03-12,p_079Jwk,Matías García,16.333333333333332,3.0,16.333333333333332
2026-03-18,p_079Jwk,Matías García,29.25,4.0,29.25
2026-03-25,p_079Jwk,Matías García,39.8,5.0,39.8
2026-04-03,p_079Jwk,Matías García,47.0,6.0,53.4
2026-04-11,p_079Jwk,Matías García,53.142857142857146,7.0,67.6
2026-04-19,p_079Jwk,Matías García,57.75,8.0,82.6
2026-05-02,p_079Jwk,Matías García,56.333333333333336,9.0,78.0
2026-02-03,p_07Ga56,Diego Diaz,,0.0,
2026-02-14,p_07Ga56,Diego Diaz,11.0,1.0,11.0
2026-02-23,p_07Ga56,Diego Diaz,12.0,2.0,12.0
2026-02-26,p_07Ga56,Diego Diaz,16.666666666666668,3.0,16.666666666666668
2026-03-16,p_07Ga56,Diego Diaz,19.25,4.0,19.25
2026-04-17,p_07Ga56,Diego Diaz,19.2,5.0,19.2
2026-05-12,p_07Ga56,Diego Diaz,16.166666666666668,6.0,17.2
2026-08-24,p_07K4zy,Enner Valencia,,0.0,
2026-08-29,p_07K4zy,Enner Valencia,13.0,1.0,13.0
2026-09-05,p_07K4zy,Enner Valencia,21.0,2.0,21.0
2026-09-12,p_07K4zy,Enner Valencia,44.0,3.0,44.0
2026-02-25,p_07QXJP,Tomas Sultani,,0.0,
2026-01-22,p_07rsoz,Ruben Botta,,0.0,
2026-01-29,p_07rsoz,Ruben Botta,76.0,1.0,76.0
2026-02-02,p_07rsoz,Ruben Botta,72.5,2.0,72.5
2026-02-08,p_07rsoz,Ruben Botta,78.33333333333333,3.0,78.33333333333333
2026-02-14,p_07rsoz,Ruben Botta,74.75,4.0,74.75
2026-02-20,p_07rsoz,Ruben Botta,68.8,5.0,68.8
2026-02-24,p_07rsoz,Ruben Botta,67.5,6.0,65.8
2026-03-02,p_07rsoz,Ruben Botta,69.28571428571429,7.0,68.0
2026-03-12,p_07rsoz,Ruben Botta,69.125,8.0,63.6
2026-03-16,p_07rsoz,Ruben Botta,66.44444444444444,9.0,59.8
2026-03-21,p_07rsoz,Ruben Botta,66.8,10.0,64.8
2026-04-23,p_07rsoz,Ruben Botta,63.90909090909091,11.0,59.6
2026-05-04,p_07rsoz,Ruben Botta,65.58333333333333,12.0,60.4
2026-01-24,p_08bYm3,Franco Nicola,,0.0,
2026-01-28,p_08bYm3,Franco Nicola,41.0,1.0,41.0
2026-02-01,p_08bYm3,Franco Nicola,51.5,2.0,51.5
2026-02-08,p_08bYm3,Franco Nicola,49.333333333333336,3.0,49.333333333333336
2026-02-20,p_08bYm3,Franco Nicola,48.25,4.0,48.25
2026-03-04,p_08bYm3,Franco Nicola,40.2,5.0,40.2
2026-03-12,p_08bYm3,Franco Nicola,35.166666666666664,6.0,34.0
2026-03-16,p_08bYm3,Franco Nicola,38.857142857142854,7.0,33.8
2026-03-21,p_08bYm3,Franco Nicola,41.125,8.0,36.2
2026-04-05,p_08bYm3,Franco Nicola,46.44444444444444,9.0,45.0
2026-04-12,p_08bYm3,Franco Nicola,50.8,10.0,61.4
2026-04-19,p_08bYm3,Franco Nicola,54.36363636363637,11.0,77.4
2026-04-26,p_08bYm3,Franco Nicola,56.833333333333336,12.0,82.0
2026-05-03,p_08bYm3,Franco Nicola,58.92307692307692,13.0,87.4
2026-07-26,p_08bYm3,Franco Nicola,61.142857142857146,14.0,87.6
2026-07-31,p_08bYm3,Franco Nicola,62.46666666666667,15.0,85.8
2026-08-04,p_08bYm3,Franco Nicola,63.625,16.0,84.0
2026-08-08,p_08bYm3,Franco Nicola,65.17647058823529,17.0,85.2
2026-08-17,p_08bYm3,Franco Nicola,65.55555555555556,18.0,82.8
2026-08-22,p_08bYm3,Franco Nicola,66.73684210526316,19.0,82.4
2026-08-30,p_08bYm3,Franco Nicola,67.9,20.0,84.2
2026-09-07,p_08bYm3,Franco Nicola,68.38095238095238,21.0,83.6
2026-09-12,p_08bYm3,Franco Nicola,69.18181818181819,22.0,82.8
2026-01-25,p_08sFr2,Nicólas Watson,,0.0,
2026-02-01,p_08sFr2,Nicólas Watson,84.0,1.0,84.0
2026-02-09,p_08sFr2,Nicólas Watson,48.0,2.0,48.0
2026-02-21,p_08sFr2,Nicólas Watson,37.333333333333336,3.0,37.333333333333336
2026-02-25,p_08sFr2,Nicólas Watson,46.0,4.0,46.0
2026-03-02,p_08sFr2,Nicólas Watson,47.8,5.0,47.8
2026-03-25,p_08sFr2,Nicólas Watson,51.666666666666664,6.0,45.2
2026-04-03,p_08sFr2,Nicólas Watson,50.714285714285715,7.0,51.8
2026-04-11,p_08sFr2,Nicólas Watson,55.625,8.0,66.6
2026-04-19,p_08sFr2,Nicólas Watson,59.44444444444444,9.0,70.2
2026-04-24,p_08sFr2,Nicólas Watson,62.5,10.0,77.2
2026-05-02,p_08sFr2,Nicólas Watson,58.81818181818182,11.0,67.4
2026-07-26,p_08sFr2,Nicólas Watson,61.416666666666664,12.0,76.4
2026-07-29,p_08sFr2,Nicólas Watson,57.0,13.0,59.2
2026-08-02,p_08sFr2,Nicólas Watson,56.142857142857146,14.0,50.2
2026-08-08,p_08sFr2,Nicólas Watson,57.06666666666667,15.0,46.2
2026-08-15,p_08sFr2,Nicólas Watson,55.0,16.0,46.6
2026-08-23,p_08sFr2,Nicólas Watson,52.64705882352941,17.0,31.6
2026-08-29,p_08sFr2,Nicólas Watson,50.22222222222222,18.0,32.6
2026-09-14,p_08sFr2,Nicólas Watson,49.1578947368421,19.0,29.6
2026-09-14,p_08sFr2,Nicólas Watson,48.95,20.0,24.6
2026-01-22,p_08vwDR,Alejandro Villarreal,,0.0,
2026-02-02,p_08vwDR,Alejandro Villarreal,6.0,1.0,6.0
2026-03-03,p_08vwDR,Alejandro Villarreal,25.5,2.0,25.5
2026-03-16,p_08vwDR,Alejandro Villarreal,22.666666666666668,3.0,22.666666666666668
2026-03-22,p_08vwDR,Alejandro Villarreal,17.25,4.0,17.25
2026-03-31,p_08vwDR,Alejandro Villarreal,16.6,5.0,16.6
2026-04-04,p_08vwDR,Alejandro Villarreal,23.0,6.0,26.4
2026-04-11,p_08vwDR,Alejandro Villarreal,28.571428571428573,7.0,29.8
2026-04-26,p_08vwDR,Alejandro Villarreal,25.5,8.0,27.2
2026-01-25,p_09kVaG,Nicolás Fernández,,0.0,
2026-01-29,p_09kVaG,Nicolás Fernández,90.0,1.0,90.0
2026-02-03,p_09kVaG,Nicolás Fernández,90.0,2.0,90.0
2026-02-08,p_09kVaG,Nicolás Fernández,80.0,3.0,80.0
2026-02-15,p_09kVaG,Nicolás Fernández,75.5,4.0,75.5
2026-02-20,p_09kVaG,Nicolás Fernández,74.2,5.0,74.2
2026-02-25,p_09kVaG,Nicolás Fernández,73.5,6.0,70.2
2026-03-03,p_09kVaG,Nicolás Fernández,73.57142857142857,7.0,67.0
2026-03-12,p_09kVaG,Nicolás Fernández,70.0,8.0,64.0
2026-03-15,p_09kVaG,Nicolás Fernández,65.66666666666667,9.0,57.8
2026-03-22,p_09kVaG,Nicolás Fernández,60.5,10.0,46.8
2026-04-05,p_09kVaG,Nicolás Fernández,60.45454545454545,11.0,44.8
2026-04-11,p_09kVaG,Nicolás Fernández,56.416666666666664,12.0,32.4
2026-04-20,p_09kVaG,Nicolás Fernández,56.53846153846154,13.0,35.0
2026-04-26,p_09kVaG,Nicolás Fernández,58.285714285714285,14.0,45.0
2026-05-03,p_09kVaG,Nicolás Fernández,55.8,15.0,46.4
2026-05-12,p_09kVaG,Nicolás Fernández,53.5,16.0,38.2
2026-05-17,p_09kVaG,Nicolás Fernández,53.88235294117647,17.0,47.8
2026-05-24,p_09kVaG,Nicolás Fernández,53.0,18.0,43.8
2026-07-23,p_09kVaG,Nicolás Fernández,50.94736842105263,19.0,30.4
2026-08-01,p_09kVaG,Nicolás Fernández,51.45,20.0,38.4
2026-08-06,p_09kVaG,Nicolás Fernández,51.142857142857146,21.0,43.6
2026-08-23,p_09kVaG,Nicolás Fernández,51.90909090909091,22.0,45.2
2026-08-30,p_09kVaG,Nicolás Fernández,53.56521739130435,23.0,55.6
2026-09-04,p_09kVaG,Nicolás Fernández,54.0,24.0,65.6
2026-09-13,p_09kVaG,Nicolás Fernández,54.8,25.0,68.2
2026-01-30,p_0A4RLJ,Marcos López,,0.0,
2026-01-24,p_0A6bdg,Luciano Herrera,,0.0,
2026-01-28,p_0A6bdg,Luciano Herrera,74.0,1.0,74.0
2026-02-01,p_0A6bdg,Luciano Herrera,68.0,2.0,68.0
2026-02-08,p_0A6bdg,Luciano Herrera,75.33333333333333,3.0,75.33333333333333
2026-02-16,p_0A6bdg,Luciano Herrera,67.75,4.0,67.75
2026-02-21,p_0A6bdg,Luciano Herrera,69.0,5.0,69.0
2026-02-25,p_0A6bdg,Luciano Herrera,60.166666666666664,6.0,57.4
2026-03-01,p_0A6bdg,Luciano Herrera,60.142857142857146,7.0,57.0
2026-03-11,p_0A6bdg,Luciano Herrera,63.875,8.0,57.0
2026-03-17,p_0A6bdg,Luciano Herrera,66.66666666666667,9.0,65.8
2026-03-21,p_0A6bdg,Luciano Herrera,64.5,10.0,60.0
2026-04-05,p_0A6bdg,Luciano Herrera,60.54545454545455,11.0,61.0
2026-04-12,p_0A6bdg,Luciano Herrera,55.833333333333336,12.0,49.8
2026-04-17,p_0A6bdg,Luciano Herrera,52.61538461538461,13.0,34.6
2026-04-26,p_0A6bdg,Luciano Herrera,52.07142857142857,14.0,25.8
2026-05-04,p_0A6bdg,Luciano Herrera,50.333333333333336,15.0,22.0
2026-03-31,p_0AbFcl,Emanuel Iniguez,,0.0,
2026-05-03,p_0AbFcl,Emanuel Iniguez,55.0,1.0,55.0
2026-07-25,p_0AqJh0,Federico Medina,,0.0,
2026-08-14,p_0AqJh0,Federico Medina,18.0,1.0,18.0
2026-08-23,p_0AqJh0,Federico Medina,54.0,2.0,54.0
2026-08-30,p_0AqJh0,Federico Medina,59.333333333333336,3.0,59.333333333333336
2026-09-05,p_0AqJh0,Federico Medina,58.75,4.0,58.75
2026-09-14,p_0AqJh0,Federico Medina,53.0,5.0,53.0
2026-09-14,p_0AqJh0,Federico Medina,47.0,6.0,52.8
2026-01-24,p_0AsvjF,Augusto Max,,0.0,
2026-01-28,p_0AsvjF,Augusto Max,88.0,1.0,88.0
2026-02-02,p_0AsvjF,Augusto Max,89.0,2.0,89.0
2026-02-15,p_0AsvjF,Augusto Max,82.66666666666667,3.0,82.66666666666667
2026-02-21,p_0AsvjF,Augusto Max,84.5,4.0,84.5
2026-02-25,p_0AsvjF,Augusto Max,84.4,5.0,84.4
2026-03-02,p_0AsvjF,Augusto Max,83.83333333333333,6.0,83.0
2026-03-11,p_0AsvjF,Augusto Max,84.71428571428571,7.0,83.0
2026-03-15,p_0AsvjF,Augusto Max,85.375,8.0,87.0
2026-03-21,p_0AsvjF,Augusto Max,85.88888888888889,9.0,87.0
2026-04-13,p_0AsvjF,Augusto Max,85.2,10.0,86.0
2026-04-18,p_0AsvjF,Augusto Max,85.63636363636364,11.0,87.8
2026-04-26,p_0AsvjF,Augusto Max,86.0,12.0,87.8
2026-05-11,p_0AsvjF,Augusto Max,86.3076923076923,13.0,87.8
2026-05-14,p_0AsvjF,Augusto Max,84.21428571428571,14.0,81.2
2026-07-29,p_0AsvjF,Augusto Max,83.2,15.0,79.2
2026-08-02,p_0AsvjF,Augusto Max,79.5625,16.0,66.2
2026-08-09,p_0AsvjF,Augusto Max,75.05882352941177,17.0,48.8
2026-08-15,p_0AsvjF,Augusto Max,75.88888888888889,18.0,48.8
2026-08-22,p_0AsvjF,Augusto Max,76.63157894736842,19.0,55.4
2026-08-29,p_0AsvjF,Augusto Max,75.05,20.0,50.6
2026-01-26,p_0AvvFI,Alfio Oviedo,,0.0,
2026-01-29,p_0AvvFI,Alfio Oviedo,14.0,1.0,14.0
2026-02-02,p_0AvvFI,Alfio Oviedo,19.0,2.0,19.0
2026-02-22,p_0AvvFI,Alfio Oviedo,17.333333333333332,3.0,17.333333333333332
2026-02-25,p_0AvvFI,Alfio Oviedo,15.5,4.0,15.5
2026-03-10,p_0AvvFI,Alfio Oviedo,15.8,5.0,15.8
2026-03-16,p_0AvvFI,Alfio Oviedo,22.0,6.0,23.6
2026-03-21,p_0AvvFI,Alfio Oviedo,23.0,7.0,24.6
2026-04-12,p_0AvvFI,Alfio Oviedo,28.75,8.0,35.6
2026-07-25,p_0AvvFI,Alfio Oviedo,30.555555555555557,9.0,42.6
2026-08-01,p_0AvvFI,Alfio Oviedo,33.7,10.0,51.6
2026-08-06,p_0AvvFI,Alfio Oviedo,31.363636363636363,11.0,42.6
2026-09-01,p_0AvvFI,Alfio Oviedo,30.583333333333332,12.0,41.2
2026-01-29,p_0BJM1s,Rodrigo Sayavedra,,0.0,
2026-02-09,p_0BJM1s,Rodrigo Sayavedra,24.0,1.0,24.0
2026-02-21,p_0BJM1s,Rodrigo Sayavedra,14.5,2.0,14.5
2026-04-19,p_0BJM1s,Rodrigo Sayavedra,15.333333333333334,3.0,15.333333333333334
2026-04-24,p_0BJM1s,Rodrigo Sayavedra,34.0,4.0,34.0
2026-01-23,p_0BJh0v,Luca Rafaelli,,0.0,
2026-01-26,p_0BJh0v,Luca Rafaelli,11.0,1.0,11.0
2026-02-16,p_0BJh0v,Luca Rafaelli,43.0,2.0,43.0
2026-02-20,p_0BJh0v,Luca Rafaelli,35.0,3.0,35.0
2026-02-24,p_0BJh0v,Luca Rafaelli,29.5,4.0,29.5
2026-03-01,p_0BJh0v,Luca Rafaelli,29.6,5.0,29.6
2026-03-12,p_0BJh0v,Luca Rafaelli,35.166666666666664,6.0,40.0
2026-03-17,p_0BJh0v,Luca Rafaelli,30.571428571428573,7.0,25.6
2026-03-22,p_0BJh0v,Luca Rafaelli,29.75,8.0,26.6
2026-07-26,p_0BzJUD,Ramiro Paunero,,0.0,
2026-08-08,p_0BzJUD,Ramiro Paunero,69.0,1.0,69.0
2026-02-26,p_0CHQCV,Emilio Giaccone,,0.0,
2026-04-03,p_0CHQCV,Emilio Giaccone,27.0,1.0,27.0
2026-07-25,p_0CHQCV,Emilio Giaccone,17.5,2.0,17.5
2026-08-06,p_0CHQCV,Emilio Giaccone,31.333333333333332,3.0,31.333333333333332
2026-08-15,p_0CHQCV,Emilio Giaccone,25.5,4.0,25.5
2026-08-21,p_0CHQCV,Emilio Giaccone,33.0,5.0,33.0
2026-08-28,p_0CHQCV,Emilio Giaccone,42.5,6.0,45.6
2026-09-08,p_0CHQCV,Emilio Giaccone,49.285714285714285,7.0,62.0
2026-09-12,p_0CHQCV,Emilio Giaccone,50.875,8.0,62.6
2026-01-25,p_0CIjyP,Antony Alonso,,0.0,
2026-01-29,p_0CIjyP,Antony Alonso,90.0,1.0,90.0
2026-02-01,p_0CIjyP,Antony Alonso,90.0,2.0,90.0
2026-02-09,p_0CIjyP,Antony Alonso,90.0,3.0,90.0
2026-02-16,p_0CIjyP,Antony Alonso,90.0,4.0,90.0
2026-02-21,p_0CIjyP,Antony Alonso,90.0,5.0,90.0
2026-02-25,p_0CIjyP,Antony Alonso,90.0,6.0,90.0
2026-03-02,p_0CIjyP,Antony Alonso,89.14285714285714,7.0,88.8
2026-03-12,p_0CIjyP,Antony Alonso,87.75,8.0,86.4
2026-03-18,p_0CIjyP,Antony Alonso,85.44444444444444,9.0,81.8
2026-03-25,p_0CIjyP,Antony Alonso,85.9,10.0,81.8
2026-04-03,p_0CIjyP,Antony Alonso,83.54545454545455,11.0,75.8
2026-04-11,p_0CIjyP,Antony Alonso,82.0,12.0,72.0
2026-04-19,p_0CIjyP,Antony Alonso,80.53846153846153,13.0,69.0
2026-04-24,p_0CIjyP,Antony Alonso,78.0,14.0,64.6
2026-05-02,p_0CIjyP,Antony Alonso,78.73333333333333,15.0,64.4
2026-07-26,p_0CIjyP,Antony Alonso,75.75,16.0,58.6
2026-07-29,p_0CIjyP,Antony Alonso,74.88235294117646,17.0,57.8
2026-08-02,p_0CIjyP,Antony Alonso,75.72222222222223,18.0,63.2
2026-08-08,p_0CIjyP,Antony Alonso,75.42105263157895,19.0,68.2
2026-08-15,p_0CIjyP,Antony Alonso,75.45,20.0,65.6
2026-08-23,p_0CIjyP,Antony Alonso,76.04761904761905,21.0,77.0
2026-08-29,p_0CIjyP,Antony Alonso,73.45454545454545,22.0,68.6
2026-09-14,p_0CIjyP,Antony Alonso,72.21739130434783,23.0,59.6
2026-09-14,p_0CIjyP,Antony Alonso,71.08333333333333,24.0,54.6
2026-02-21,p_0CLSyZ,Federico Anselmo,,0.0,
2026-03-03,p_0CLSyZ,Federico Anselmo,11.0,1.0,11.0
2026-04-06,p_0CLSyZ,Federico Anselmo,12.0,2.0,12.0
2026-04-20,p_0CLSyZ,Federico Anselmo,12.0,3.0,12.0
2026-07-25,p_0CLSyZ,Federico Anselmo,12.0,4.0,12.0
2026-08-01,p_0CLSyZ,Federico Anselmo,13.2,5.0,13.2
2026-08-10,p_0CLSyZ,Federico Anselmo,13.833333333333334,6.0,14.4
2026-08-30,p_0CLSyZ,Federico Anselmo,14.0,7.0,14.8
2026-09-05,p_0CLSyZ,Federico Anselmo,13.5,8.0,14.4
2026-01-24,p_0CUSKe,Santiago Lencina,,0.0,
2026-01-28,p_0CUSKe,Santiago Lencina,15.0,1.0,15.0
2026-02-02,p_0CUSKe,Santiago Lencina,14.5,2.0,14.5
2026-02-26,p_0CUSKe,Santiago Lencina,16.333333333333332,3.0,16.333333333333332
2026-05-14,p_0CUSKe,Santiago Lencina,15.75,4.0,15.75
2026-08-14,p_0CkNz5,Mateo Martínez,,0.0,
2026-08-24,p_0CkNz5,Mateo Martínez,74.0,1.0,74.0
2026-08-31,p_0CkNz5,Mateo Martínez,82.0,2.0,82.0
2026-01-22,p_0CoDTg,Esteban Lucero,,0.0,
2026-01-29,p_0CoDTg,Esteban Lucero,14.0,1.0,14.0
2026-02-02,p_0CoDTg,Esteban Lucero,52.0,2.0,52.0
2026-02-08,p_0CoDTg,Esteban Lucero,64.66666666666667,3.0,64.66666666666667
2026-02-14,p_0CoDTg,Esteban Lucero,71.0,4.0,71.0
2026-02-24,p_0CoDTg,Esteban Lucero,70.2,5.0,70.2
2026-03-02,p_0CoDTg,Esteban Lucero,73.33333333333333,6.0,85.2
2026-03-16,p_0CoDTg,Esteban Lucero,63.0,7.0,67.4
2026-03-21,p_0CoDTg,Esteban Lucero,57.625,8.0,53.4
2026-07-29,p_0CoDTg,Esteban Lucero,51.333333333333336,9.0,35.6
2026-08-01,p_0CoDTg,Esteban Lucero,55.2,10.0,40.2
2026-01-23,p_0CoGTg,Claudio Baeza,,0.0,
2026-01-27,p_0CoGTg,Claudio Baeza,90.0,1.0,90.0
2026-01-31,p_0CoGTg,Claudio Baeza,90.0,2.0,90.0
2026-02-09,p_0CoGTg,Claudio Baeza,85.0,3.0,85.0
2026-02-14,p_0CoGTg,Claudio Baeza,84.5,4.0,84.5
2026-02-22,p_0CoGTg,Claudio Baeza,85.6,5.0,85.6
2026-02-25,p_0CoGTg,Claudio Baeza,86.33333333333333,6.0,85.6
2026-03-02,p_0CoGTg,Claudio Baeza,76.71428571428571,7.0,71.4
2026-03-10,p_0CoGTg,Claudio Baeza,78.375,8.0,74.4
2026-03-14,p_0CoGTg,Claudio Baeza,78.55555555555556,9.0,73.8
2026-04-03,p_0CoGTg,Claudio Baeza,71.3,10.0,57.0
2026-04-14,p_0CoGTg,Claudio Baeza,73.0,11.0,57.0
2026-04-27,p_0CoGTg,Claudio Baeza,68.25,12.0,56.4
2026-05-04,p_0CoGTg,Claudio Baeza,64.07692307692308,13.0,41.2
2026-05-11,p_0CoGTg,Claudio Baeza,65.92857142857143,14.0,43.2
2026-07-24,p_0CoGTg,Claudio Baeza,67.53333333333333,15.0,60.0
2026-07-30,p_0CoGTg,Claudio Baeza,68.1875,16.0,57.6
2026-08-08,p_0CoGTg,Claudio Baeza,69.47058823529412,17.0,72.4
2026-08-17,p_0CoGTg,Claudio Baeza,67.11111111111111,18.0,75.0
2026-09-11,p_0CoGTg,Claudio Baeza,65.10526315789474,19.0,62.8
2026-04-12,p_0CziMH,Mateo Mendía,,0.0,
2026-04-20,p_0CziMH,Mateo Mendía,90.0,1.0,90.0
2026-04-25,p_0CziMH,Mateo Mendía,90.0,2.0,90.0
2026-05-03,p_0CziMH,Mateo Mendía,90.0,3.0,90.0
2026-07-25,p_0CziMH,Mateo Mendía,90.0,4.0,90.0
2026-08-16,p_0CziMH,Mateo Mendía,90.0,5.0,90.0
2026-08-23,p_0CziMH,Mateo Mendía,90.0,6.0,90.0
2026-09-04,p_0CziMH,Mateo Mendía,90.0,7.0,90.0
2026-09-12,p_0CziMH,Mateo Mendía,90.0,8.0,90.0
2026-01-22,p_0DWgd7,Danilo Arboleda,,0.0,
2026-01-30,p_0DWgd7,Danilo Arboleda,90.0,1.0,90.0
2026-02-03,p_0DWgd7,Danilo Arboleda,90.0,2.0,90.0
2026-02-08,p_0DWgd7,Danilo Arboleda,90.0,3.0,90.0
2026-02-14,p_0DWgd7,Danilo Arboleda,90.0,4.0,90.0
2026-02-21,p_0DWgd7,Danilo Arboleda,90.0,5.0,90.0
2026-02-26,p_0DWgd7,Danilo Arboleda,90.0,6.0,90.0
2026-03-03,p_0DWgd7,Danilo Arboleda,90.0,7.0,90.0
2026-03-11,p_0DWgd7,Danilo Arboleda,90.0,8.0,90.0
2026-03-15,p_0DWgd7,Danilo Arboleda,90.0,9.0,90.0
2026-03-21,p_0DWgd7,Danilo Arboleda,90.0,10.0,90.0
2026-04-06,p_0DWgd7,Danilo Arboleda,90.0,11.0,90.0
2026-04-13,p_0DWgd7,Danilo Arboleda,90.0,12.0,90.0
2026-04-20,p_0DWgd7,Danilo Arboleda,90.0,13.0,90.0
2026-07-25,p_0DWgd7,Danilo Arboleda,85.35714285714286,14.0,77.0
2026-07-28,p_0DWgd7,Danilo Arboleda,85.66666666666667,15.0,77.0
2026-08-09,p_0DWgd7,Danilo Arboleda,85.9375,16.0,77.0
2026-08-15,p_0DWgd7,Danilo Arboleda,86.17647058823529,17.0,77.0
2026-08-21,p_0DWgd7,Danilo Arboleda,86.38888888888889,18.0,77.0
2026-09-01,p_0DWgd7,Danilo Arboleda,86.57894736842105,19.0,90.0
2026-09-05,p_0DWgd7,Danilo Arboleda,86.75,20.0,90.0
2026-09-13,p_0DWgd7,Danilo Arboleda,86.9047619047619,21.0,90.0
2026-09-13,p_0Dmkk5,Jerónimo Dómina,,0.0,
2026-01-26,p_0E6fVC,Juan Manuel Insaurralde,,0.0,
2026-02-08,p_0E6fVC,Juan Manuel Insaurralde,60.0,1.0,60.0
2026-02-14,p_0E6fVC,Juan Manuel Insaurralde,75.0,2.0,75.0
2026-02-20,p_0E6fVC,Juan Manuel Insaurralde,80.0,3.0,80.0
2026-02-26,p_0E6fVC,Juan Manuel Insaurralde,82.5,4.0,82.5
2026-03-03,p_0E6fVC,Juan Manuel Insaurralde,84.0,5.0,84.0
2026-03-11,p_0E6fVC,Juan Manuel Insaurralde,85.0,6.0,90.0
2026-03-15,p_0E6fVC,Juan Manuel Insaurralde,85.71428571428571,7.0,90.0
2026-03-22,p_0E6fVC,Juan Manuel Insaurralde,86.25,8.0,90.0
2026-04-02,p_0E6fVC,Juan Manuel Insaurralde,86.66666666666667,9.0,90.0
2026-04-13,p_0E6fVC,Juan Manuel Insaurralde,87.0,10.0,90.0
2026-04-19,p_0E6fVC,Juan Manuel Insaurralde,87.27272727272727,11.0,90.0
2026-04-25,p_0E6fVC,Juan Manuel Insaurralde,87.5,12.0,90.0
2026-07-23,p_0E6fVC,Juan Manuel Insaurralde,87.07692307692308,13.0,88.4
2026-07-28,p_0E6fVC,Juan Manuel Insaurralde,87.28571428571429,14.0,88.4
2026-08-08,p_0E6fVC,Juan Manuel Insaurralde,87.46666666666667,15.0,88.4
2026-08-16,p_0E6fVC,Juan Manuel Insaurralde,85.8125,16.0,82.6
2026-08-23,p_0E6fVC,Juan Manuel Insaurralde,86.05882352941177,17.0,82.6
2026-08-28,p_0E6fVC,Juan Manuel Insaurralde,86.27777777777777,18.0,84.2
2026-09-04,p_0E6fVC,Juan Manuel Insaurralde,86.47368421052632,19.0,84.2
2026-09-13,p_0E6fVC,Juan Manuel Insaurralde,86.65,20.0,84.2
2026-01-30,p_0E84w7,Juan Luis Alfaro,,0.0,
2026-02-03,p_0E84w7,Juan Luis Alfaro,82.0,1.0,82.0
2026-02-08,p_0E84w7,Juan Luis Alfaro,63.5,2.0,63.5
2026-08-01,p_0E84w7,Juan Luis Alfaro,57.333333333333336,3.0,57.333333333333336
2026-08-14,p_0E84w7,Juan Luis Alfaro,45.0,4.0,45.0
2026-04-19,p_0EHXR1,Tomás Pérez,,0.0,
2026-05-03,p_0EHXR1,Tomás Pérez,20.0,1.0,20.0
2026-08-01,p_0EHXR1,Tomás Pérez,25.0,2.0,25.0
2026-08-09,p_0EHXR1,Tomás Pérez,25.333333333333332,3.0,25.333333333333332
2026-08-17,p_0EHXR1,Tomás Pérez,24.75,4.0,24.75
2026-08-23,p_0EHXR1,Tomás Pérez,20.2,5.0,20.2
2026-09-06,p_0EHXR1,Tomás Pérez,17.166666666666668,6.0,16.6
2026-01-27,p_0EQwZX,Blas Armoa,,0.0,
2026-02-25,p_0EQwZX,Blas Armoa,28.0,1.0,28.0
2026-02-28,p_0EQwZX,Blas Armoa,18.0,2.0,18.0
2026-03-18,p_0EQwZX,Blas Armoa,21.0,3.0,21.0
2026-04-21,p_0EQwZX,Blas Armoa,23.5,4.0,23.5
2026-04-26,p_0EQwZX,Blas Armoa,33.4,5.0,33.4
2026-05-04,p_0EQwZX,Blas Armoa,38.5,6.0,40.6
2026-07-24,p_0EQwZX,Blas Armoa,35.57142857142857,7.0,42.6
2026-07-28,p_0EQwZX,Blas Armoa,36.75,8.0,46.2
2026-02-01,p_0FJbuK,Juan Cruz Randazzo,,0.0,
2026-02-16,p_0FJbuK,Juan Cruz Randazzo,24.0,1.0,24.0
2026-02-21,p_0FJbuK,Juan Cruz Randazzo,18.5,2.0,18.5
2026-02-25,p_0FJbuK,Juan Cruz Randazzo,40.333333333333336,3.0,40.333333333333336
2026-03-02,p_0FJbuK,Juan Cruz Randazzo,52.75,4.0,52.75
2026-03-12,p_0FJbuK,Juan Cruz Randazzo,60.2,5.0,60.2
2026-03-18,p_0FJbuK,Juan Cruz Randazzo,65.16666666666667,6.0,73.4
2026-03-25,p_0FJbuK,Juan Cruz Randazzo,68.71428571428571,7.0,88.8
2026-04-03,p_0FJbuK,Juan Cruz Randazzo,71.375,8.0,90.0
2026-04-19,p_0FJbuK,Juan Cruz Randazzo,73.44444444444444,9.0,90.0
2026-04-24,p_0FJbuK,Juan Cruz Randazzo,75.1,10.0,90.0
2026-05-02,p_0FJbuK,Juan Cruz Randazzo,76.45454545454545,11.0,90.0
2026-01-25,p_0FN6nM,Ramiro Hernandes,,0.0,
2026-01-29,p_0FN6nM,Ramiro Hernandes,8.0,1.0,8.0
2026-02-03,p_0FN6nM,Ramiro Hernandes,15.0,2.0,15.0
2026-02-08,p_0FN6nM,Ramiro Hernandes,20.0,3.0,20.0
2026-02-15,p_0FN6nM,Ramiro Hernandes,26.25,4.0,26.25
2026-02-25,p_0FN6nM,Ramiro Hernandes,30.0,5.0,30.0
2026-03-03,p_0FN6nM,Ramiro Hernandes,26.166666666666668,6.0,29.8
2026-03-12,p_0FN6nM,Ramiro Hernandes,23.857142857142858,7.0,27.4
2026-03-15,p_0FN6nM,Ramiro Hernandes,28.25,8.0,33.2
2026-03-22,p_0FN6nM,Ramiro Hernandes,28.77777777777778,9.0,30.8
2026-04-05,p_0FN6nM,Ramiro Hernandes,30.4,10.0,30.8
2026-04-11,p_0FN6nM,Ramiro Hernandes,28.727272727272727,11.0,31.8
2026-04-20,p_0FN6nM,Ramiro Hernandes,29.0,12.0,36.2
2026-04-26,p_0FN6nM,Ramiro Hernandes,31.923076923076923,13.0,37.8
2026-05-03,p_0FN6nM,Ramiro Hernandes,34.57142857142857,14.0,45.0
2026-05-12,p_0FN6nM,Ramiro Hernandes,36.6,15.0,49.0
2026-05-17,p_0FN6nM,Ramiro Hernandes,36.1875,16.0,52.6
2026-05-24,p_0FN6nM,Ramiro Hernandes,38.470588235294116,17.0,61.2
2026-07-23,p_0FN6nM,Ramiro Hernandes,37.833333333333336,18.0,53.2
2026-08-01,p_0FN6nM,Ramiro Hernandes,36.31578947368421,19.0,41.2
2026-08-06,p_0FN6nM,Ramiro Hernandes,35.2,20.0,31.0
2026-08-10,p_0FN6nM,Ramiro Hernandes,37.80952380952381,21.0,43.0
2026-08-15,p_0FN6nM,Ramiro Hernandes,40.09090909090909,22.0,45.6
2026-08-23,p_0FN6nM,Ramiro Hernandes,38.869565217391305,23.0,42.6
2026-08-30,p_0FN6nM,Ramiro Hernandes,39.125,24.0,49.8
2026-09-04,p_0FN6nM,Ramiro Hernandes,41.16,25.0,65.0
2026-09-13,p_0FN6nM,Ramiro Hernandes,40.80769230769231,26.0,53.4
2026-01-22,p_0FsNVe,Lautaro Gómez,,0.0,
2026-01-30,p_0FsNVe,Lautaro Gómez,23.0,1.0,23.0
2026-02-03,p_0FsNVe,Lautaro Gómez,22.5,2.0,22.5
2026-02-08,p_0FsNVe,Lautaro Gómez,30.0,3.0,30.0
2026-02-14,p_0FsNVe,Lautaro Gómez,38.0,4.0,38.0
2026-02-21,p_0FsNVe,Lautaro Gómez,45.8,5.0,45.8
2026-02-26,p_0FsNVe,Lautaro Gómez,45.666666666666664,6.0,50.2
2026-03-03,p_0FsNVe,Lautaro Gómez,47.42857142857143,7.0,57.4
2026-03-11,p_0FsNVe,Lautaro Gómez,51.625,8.0,64.6
2026-03-15,p_0FsNVe,Lautaro Gómez,52.666666666666664,9.0,64.4
2026-03-21,p_0FsNVe,Lautaro Gómez,49.9,10.0,54.0
2026-04-06,p_0FsNVe,Lautaro Gómez,50.0,11.0,55.2
2026-04-13,p_0FsNVe,Lautaro Gómez,46.416666666666664,12.0,45.0
2026-04-20,p_0FsNVe,Lautaro Gómez,42.92307692307692,13.0,29.0
2026-04-26,p_0FsNVe,Lautaro Gómez,45.42857142857143,14.0,32.4
2026-05-02,p_0FsNVe,Lautaro Gómez,44.266666666666666,15.0,33.0
2026-07-25,p_0FsNVe,Lautaro Gómez,43.25,16.0,28.4
2026-07-28,p_0FsNVe,Lautaro Gómez,44.94117647058823,17.0,41.4
2026-08-01,p_0FsNVe,Lautaro Gómez,44.94444444444444,18.0,50.2
2026-08-10,p_0FsNVe,Lautaro Gómez,43.94736842105263,19.0,39.8
2026-08-23,p_0FsNVe,Lautaro Gómez,44.0,20.0,43.2
2026-09-05,p_0FsNVe,Lautaro Gómez,42.857142857142854,21.0,41.6
2026-09-14,p_0FsNVe,Lautaro Gómez,42.95454545454545,22.0,36.2
2026-09-14,p_0FsNVe,Lautaro Gómez,44.52173913043478,23.0,43.0
2026-01-22,p_0GQIIZ,Luis Ignacio Abraham,,0.0,
2026-01-30,p_0GQIIZ,Luis Ignacio Abraham,90.0,1.0,90.0
2026-02-03,p_0GQIIZ,Luis Ignacio Abraham,90.0,2.0,90.0
2026-02-08,p_0GQIIZ,Luis Ignacio Abraham,90.0,3.0,90.0
2026-02-14,p_0GQIIZ,Luis Ignacio Abraham,90.0,4.0,90.0
2026-02-21,p_0GQIIZ,Luis Ignacio Abraham,90.0,5.0,90.0
2026-02-26,p_0GQIIZ,Luis Ignacio Abraham,90.0,6.0,90.0
2026-03-03,p_0GQIIZ,Luis Ignacio Abraham,90.0,7.0,90.0
2026-03-11,p_0GQIIZ,Luis Ignacio Abraham,90.0,8.0,90.0
2026-03-15,p_0GQIIZ,Luis Ignacio Abraham,90.0,9.0,90.0
2026-03-21,p_0GQIIZ,Luis Ignacio Abraham,90.0,10.0,90.0
2026-04-06,p_0GQIIZ,Luis Ignacio Abraham,90.0,11.0,90.0
2026-04-13,p_0GQIIZ,Luis Ignacio Abraham,90.0,12.0,90.0
2026-04-20,p_0GQIIZ,Luis Ignacio Abraham,90.0,13.0,90.0
2026-04-26,p_0GQIIZ,Luis Ignacio Abraham,90.0,14.0,90.0
2026-05-02,p_0GQIIZ,Luis Ignacio Abraham,90.0,15.0,90.0
2026-07-25,p_0GQIIZ,Luis Ignacio Abraham,90.0,16.0,90.0
2026-07-28,p_0GQIIZ,Luis Ignacio Abraham,90.0,17.0,90.0
2026-08-01,p_0GQIIZ,Luis Ignacio Abraham,90.0,18.0,90.0
2026-08-10,p_0GQIIZ,Luis Ignacio Abraham,90.0,19.0,90.0
2026-08-14,p_0GQIIZ,Luis Ignacio Abraham,90.0,20.0,90.0
2026-08-23,p_0GQIIZ,Luis Ignacio Abraham,86.80952380952381,21.0,76.6
2026-08-30,p_0GQIIZ,Luis Ignacio Abraham,86.95454545454545,22.0,76.6
2026-09-14,p_0GQIIZ,Luis Ignacio Abraham,87.08695652173913,23.0,76.6
2026-09-14,p_0GQIIZ,Luis Ignacio Abraham,87.20833333333333,24.0,76.6
2026-01-24,p_0GThAu,Matías Zaracho,,0.0,
2026-01-28,p_0GThAu,Matías Zaracho,33.0,1.0,33.0
2026-02-02,p_0GThAu,Matías Zaracho,26.0,2.0,26.0
2026-02-07,p_0GThAu,Matías Zaracho,27.333333333333332,3.0,27.333333333333332
2026-02-14,p_0GThAu,Matías Zaracho,25.75,4.0,25.75
2026-02-20,p_0GThAu,Matías Zaracho,25.8,5.0,25.8
2026-02-26,p_0GThAu,Matías Zaracho,26.166666666666668,6.0,24.8
2026-03-04,p_0GThAu,Matías Zaracho,26.142857142857142,7.0,26.2
2026-03-11,p_0GThAu,Matías Zaracho,32.625,8.0,35.8
2026-03-16,p_0GThAu,Matías Zaracho,35.44444444444444,9.0,43.2
2026-04-12,p_0GThAu,Matías Zaracho,35.0,10.0,44.2
2026-04-19,p_0GThAu,Matías Zaracho,34.63636363636363,11.0,44.8
2026-04-25,p_0GThAu,Matías Zaracho,34.083333333333336,12.0,45.2
2026-05-03,p_0GThAu,Matías Zaracho,36.15384615384615,13.0,41.8
2026-05-10,p_0GThAu,Matías Zaracho,37.857142857142854,14.0,42.2
2026-05-13,p_0GThAu,Matías Zaracho,40.6,15.0,51.8
2026-07-24,p_0GThAu,Matías Zaracho,43.1875,16.0,62.0
2026-07-29,p_0GThAu,Matías Zaracho,45.94117647058823,17.0,74.4
2026-08-01,p_0GThAu,Matías Zaracho,45.111111111111114,18.0,68.4
2026-08-24,p_0GThAu,Matías Zaracho,47.473684210526315,19.0,74.4
2026-08-31,p_0GThAu,Matías Zaracho,46.8,20.0,65.4
2026-09-07,p_0GThAu,Matías Zaracho,47.57142857142857,21.0,61.6
2026-09-14,p_0GThAu,Matías Zaracho,48.04545454545455,22.0,55.2
2026-09-14,p_0GThAu,Matías Zaracho,48.95652173913044,23.0,62.8
2026-08-30,p_0GbFtW,Renzo Malanca,,0.0,
2026-09-05,p_0GbFtW,Renzo Malanca,90.0,1.0,90.0
2026-01-26,p_0Gnu2O,Nicolás Guerra,,0.0,
2026-02-04,p_0Gnu2O,Nicolás Guerra,15.0,1.0,15.0
2026-02-09,p_0Gnu2O,Nicolás Guerra,44.0,2.0,44.0
2026-02-16,p_0Gnu2O,Nicolás Guerra,44.333333333333336,3.0,44.333333333333336
2026-02-20,p_0Gnu2O,Nicolás Guerra,35.5,4.0,35.5
2026-03-01,p_0Gnu2O,Nicolás Guerra,31.0,5.0,31.0
2026-03-12,p_0Gnu2O,Nicolás Guerra,29.833333333333332,6.0,32.8
2026-03-17,p_0Gnu2O,Nicolás Guerra,27.571428571428573,7.0,21.0
2026-03-22,p_0Gnu2O,Nicolás Guerra,25.375,8.0,14.0
2026-04-07,p_0Gnu2O,Nicolás Guerra,25.0,9.0,16.6
2026-04-11,p_0Gnu2O,Nicolás Guerra,28.1,10.0,25.2
2026-04-18,p_0Gnu2O,Nicolás Guerra,31.272727272727273,11.0,33.0
2026-05-05,p_0Gnu2O,Nicolás Guerra,34.416666666666664,12.0,44.0
2026-07-24,p_0Gnu2O,Nicolás Guerra,35.23076923076923,13.0,51.0
2026-07-30,p_0Gnu2O,Nicolás Guerra,34.42857142857143,14.0,51.4
2026-08-03,p_0Gnu2O,Nicolás Guerra,32.93333333333333,15.0,42.6
2026-09-01,p_0Gnu2O,Nicolás Guerra,32.4375,16.0,35.0
2026-09-08,p_0Gnu2O,Nicolás Guerra,31.11764705882353,17.0,23.2
2026-09-15,p_0Gnu2O,Nicolás Guerra,31.166666666666668,18.0,20.6
2026-09-15,p_0Gnu2O,Nicolás Guerra,30.68421052631579,19.0,20.2
2026-01-22,p_0H4brP,Tomás Silva,,0.0,
2026-01-26,p_0H4brP,Tomás Silva,90.0,1.0,90.0
2026-02-01,p_0H4brP,Tomás Silva,90.0,2.0,90.0
2026-02-08,p_0H4brP,Tomás Silva,90.0,3.0,90.0
2026-02-15,p_0H4brP,Tomás Silva,90.0,4.0,90.0
2026-02-21,p_0H4brP,Tomás Silva,90.0,5.0,90.0
2026-02-24,p_0H4brP,Tomás Silva,90.0,6.0,90.0
2026-03-02,p_0H4brP,Tomás Silva,90.0,7.0,90.0
2026-03-11,p_0H4brP,Tomás Silva,90.0,8.0,90.0
2026-03-23,p_0H4brP,Tomás Silva,90.0,9.0,90.0
2026-04-01,p_0H4brP,Tomás Silva,90.0,10.0,90.0
2026-04-20,p_0H4brP,Tomás Silva,90.0,11.0,90.0
2026-04-25,p_0H4brP,Tomás Silva,90.0,12.0,90.0
2026-07-25,p_0H4brP,Tomás Silva,90.0,13.0,90.0
2026-07-30,p_0H4brP,Tomás Silva,90.0,14.0,90.0
2026-08-09,p_0H4brP,Tomás Silva,90.0,15.0,90.0
2026-08-16,p_0H4brP,Tomás Silva,90.0,16.0,90.0
2026-08-23,p_0H4brP,Tomás Silva,88.52941176470588,17.0,85.0
2026-08-31,p_0H4brP,Tomás Silva,88.61111111111111,18.0,85.0
2026-09-04,p_0H4brP,Tomás Silva,87.15789473684211,19.0,79.2
2026-09-12,p_0H4brP,Tomás Silva,86.05,20.0,74.2
2026-08-01,p_0HLKx2,Gonzalo Requena,,0.0,
2026-08-15,p_0HLKx2,Gonzalo Requena,5.0,1.0,5.0
2026-09-06,p_0Hiw2z,Gonzalo Lobos,,0.0,
2026-09-14,p_0Hiw2z,Gonzalo Lobos,6.0,1.0,6.0
2026-09-14,p_0Hiw2z,Gonzalo Lobos,4.0,2.0,4.0
2026-08-30,p_0HtrYt,Ramiro Martino,,0.0,
2026-09-06,p_0HtrYt,Ramiro Martino,3.0,1.0,3.0
2026-02-24,p_0Hy7kK,Agustín Bravo,,0.0,
2026-03-01,p_0Hy7kK,Agustín Bravo,61.0,1.0,61.0
2026-01-24,p_0IAs6W,Leonard Costa,,0.0,
2026-01-27,p_0IAs6W,Leonard Costa,71.0,1.0,71.0
2026-02-04,p_0IAs6W,Leonard Costa,80.5,2.0,80.5
2026-02-10,p_0IAs6W,Leonard Costa,83.66666666666667,3.0,83.66666666666667
2026-02-15,p_0IAs6W,Leonard Costa,85.25,4.0,85.25
2026-02-21,p_0IAs6W,Leonard Costa,86.2,5.0,86.2
2026-02-26,p_0IAs6W,Leonard Costa,81.5,6.0,83.6
2026-03-03,p_0IAs6W,Leonard Costa,82.71428571428571,7.0,83.6
2026-03-12,p_0IAs6W,Leonard Costa,80.25,8.0,78.2
2026-03-15,p_0IAs6W,Leonard Costa,81.33333333333333,9.0,78.2
2026-03-23,p_0IAs6W,Leonard Costa,82.2,10.0,78.2
2026-04-02,p_0IAs6W,Leonard Costa,74.81818181818181,11.0,66.8
2026-04-11,p_0IAs6W,Leonard Costa,76.08333333333333,12.0,66.8
2026-04-26,p_0IAs6W,Leonard Costa,71.6923076923077,13.0,58.0
2026-05-03,p_0IAs6W,Leonard Costa,73.0,14.0,58.0
2026-05-10,p_0IAs6W,Leonard Costa,71.13333333333334,15.0,49.0
2026-07-26,p_0IAs6W,Leonard Costa,66.9375,16.0,49.6
2026-07-30,p_0IAs6W,Leonard Costa,68.29411764705883,17.0,49.6
2026-08-08,p_0IAs6W,Leonard Costa,69.5,18.0,63.8
2026-08-22,p_0IAs6W,Leonard Costa,70.57894736842105,19.0,63.8
2026-08-31,p_0IAs6W,Leonard Costa,70.75,20.0,69.6
2026-09-06,p_0IAs6W,Leonard Costa,71.66666666666667,21.0,86.8
2026-09-12,p_0IAs6W,Leonard Costa,72.5,22.0,86.8
2026-02-03,p_0ICZI3,Gino Infantino,,0.0,
2026-03-31,p_0ICZI3,Gino Infantino,20.0,1.0,20.0
2026-01-22,p_0Jq46V,Facundo Sanguinetti,,0.0,
2026-01-30,p_0Jq46V,Facundo Sanguinetti,90.0,1.0,90.0
2026-02-03,p_0Jq46V,Facundo Sanguinetti,90.0,2.0,90.0
2026-02-08,p_0Jq46V,Facundo Sanguinetti,90.0,3.0,90.0
2026-02-14,p_0Jq46V,Facundo Sanguinetti,90.0,4.0,90.0
2026-02-21,p_0Jq46V,Facundo Sanguinetti,90.0,5.0,90.0
2026-02-26,p_0Jq46V,Facundo Sanguinetti,90.0,6.0,90.0
2026-03-03,p_0Jq46V,Facundo Sanguinetti,90.0,7.0,90.0
2026-03-11,p_0Jq46V,Facundo Sanguinetti,90.0,8.0,90.0
2026-03-15,p_0Jq46V,Facundo Sanguinetti,90.0,9.0,90.0
2026-03-21,p_0Jq46V,Facundo Sanguinetti,90.0,10.0,90.0
2026-04-06,p_0Jq46V,Facundo Sanguinetti,90.0,11.0,90.0
2026-04-13,p_0Jq46V,Facundo Sanguinetti,90.0,12.0,90.0
2026-04-20,p_0Jq46V,Facundo Sanguinetti,90.0,13.0,90.0
2026-04-26,p_0Jq46V,Facundo Sanguinetti,90.0,14.0,90.0
2026-05-02,p_0Jq46V,Facundo Sanguinetti,90.0,15.0,90.0
2026-07-25,p_0Jq46V,Facundo Sanguinetti,90.0,16.0,90.0
2026-07-28,p_0Jq46V,Facundo Sanguinetti,90.0,17.0,90.0
2026-08-01,p_0Jq46V,Facundo Sanguinetti,90.0,18.0,90.0
2026-08-10,p_0Jq46V,Facundo Sanguinetti,90.0,19.0,90.0
2026-08-09,p_0K6uRT,Gastón Togni,,0.0,
2026-08-16,p_0K6uRT,Gastón Togni,26.0,1.0,26.0
2026-08-31,p_0K6uRT,Gastón Togni,45.5,2.0,45.5
2026-09-12,p_0K6uRT,Gastón Togni,50.666666666666664,3.0,50.666666666666664
2026-01-24,p_0KHX0U,Santiago Sosa,,0.0,
2026-01-28,p_0KHX0U,Santiago Sosa,90.0,1.0,90.0
2026-02-02,p_0KHX0U,Santiago Sosa,90.0,2.0,90.0
2026-02-07,p_0KHX0U,Santiago Sosa,90.0,3.0,90.0
2026-02-14,p_0KHX0U,Santiago Sosa,90.0,4.0,90.0
2026-02-20,p_0KHX0U,Santiago Sosa,90.0,5.0,90.0
2026-02-26,p_0KHX0U,Santiago Sosa,90.0,6.0,90.0
2026-03-04,p_0KHX0U,Santiago Sosa,90.0,7.0,90.0
2026-03-11,p_0KHX0U,Santiago Sosa,90.0,8.0,90.0
2026-03-16,p_0KHX0U,Santiago Sosa,90.0,9.0,90.0
2026-03-22,p_0KHX0U,Santiago Sosa,90.0,10.0,90.0
2026-04-04,p_0KHX0U,Santiago Sosa,90.0,11.0,90.0
2026-04-12,p_0KHX0U,Santiago Sosa,90.0,12.0,90.0
2026-04-19,p_0KHX0U,Santiago Sosa,90.0,13.0,90.0
2026-04-25,p_0KHX0U,Santiago Sosa,88.5,14.0,85.8
2026-05-03,p_0KHX0U,Santiago Sosa,88.26666666666667,15.0,84.8
2026-05-10,p_0KHX0U,Santiago Sosa,88.375,16.0,84.8
2026-05-13,p_0KHX0U,Santiago Sosa,88.47058823529412,17.0,84.8
2026-07-24,p_0KHX0U,Santiago Sosa,90.22222222222223,18.0,90.8
2026-07-29,p_0KHX0U,Santiago Sosa,90.21052631578948,19.0,95.0
2026-03-11,p_0Kla66,Santiago Segovia,,0.0,
2026-05-03,p_0Kla66,Santiago Segovia,12.0,1.0,12.0
2026-01-28,p_0L0xAY,Jorge de Asis,,0.0,
2026-02-25,p_0L0xAY,Jorge de Asis,13.0,1.0,13.0
2026-01-24,p_0L7hVd,Walter Núñez,,0.0,
2026-01-28,p_0L7hVd,Walter Núñez,16.0,1.0,16.0
2026-02-01,p_0L7hVd,Walter Núñez,30.5,2.0,30.5
2026-02-08,p_0L7hVd,Walter Núñez,35.333333333333336,3.0,35.333333333333336
2026-02-16,p_0L7hVd,Walter Núñez,44.25,4.0,44.25
2026-02-21,p_0L7hVd,Walter Núñez,44.4,5.0,44.4
2026-02-25,p_0L7hVd,Walter Núñez,49.333333333333336,6.0,56.0
2026-03-01,p_0L7hVd,Walter Núñez,50.714285714285715,7.0,58.8
2026-03-11,p_0L7hVd,Walter Núñez,52.625,8.0,63.0
2026-03-17,p_0L7hVd,Walter Núñez,55.55555555555556,9.0,64.6
2026-03-21,p_0L7hVd,Walter Núñez,53.2,10.0,62.0
2026-04-05,p_0L7hVd,Walter Núñez,56.45454545454545,11.0,65.0
2026-04-12,p_0L7hVd,Walter Núñez,53.666666666666664,12.0,57.8
2026-04-26,p_0L7hVd,Walter Núñez,53.0,13.0,53.6
2026-05-04,p_0L7hVd,Walter Núñez,53.785714285714285,14.0,50.6
2026-07-25,p_0L7hVd,Walter Núñez,51.2,15.0,47.2
2026-07-31,p_0L7hVd,Walter Núñez,52.4375,16.0,43.6
2026-09-11,p_0L7hVd,Walter Núñez,51.1764705882353,17.0,45.2
2026-03-11,p_0LPXZq,Iván Gómez,,0.0,
2026-03-14,p_0LPXZq,Iván Gómez,25.0,1.0,25.0
2026-04-01,p_0LPXZq,Iván Gómez,57.5,2.0,57.5
2026-04-12,p_0LPXZq,Iván Gómez,68.33333333333333,3.0,68.33333333333333
2026-04-20,p_0LPXZq,Iván Gómez,73.75,4.0,73.75
2026-05-03,p_0LPXZq,Iván Gómez,77.0,5.0,77.0
2026-07-25,p_0LPXZq,Iván Gómez,76.5,6.0,86.8
2026-07-30,p_0LPXZq,Iván Gómez,74.71428571428571,7.0,81.6
2026-08-16,p_0LPXZq,Iván Gómez,72.875,8.0,75.6
2026-08-23,p_0LPXZq,Iván Gómez,74.11111111111111,9.0,74.4
2026-09-04,p_0LPXZq,Iván Gómez,75.7,10.0,74.4
2026-09-12,p_0LPXZq,Iván Gómez,77.0,11.0,77.6
2026-01-24,p_0LQUK3,Renzo Tesuri,,0.0,
2026-01-28,p_0LQUK3,Renzo Tesuri,90.0,1.0,90.0
2026-02-01,p_0LQUK3,Renzo Tesuri,82.0,2.0,82.0
2026-02-08,p_0LQUK3,Renzo Tesuri,77.0,3.0,77.0
2026-02-15,p_0LQUK3,Renzo Tesuri,73.0,4.0,73.0
2026-02-20,p_0LQUK3,Renzo Tesuri,74.4,5.0,74.4
2026-02-25,p_0LQUK3,Renzo Tesuri,77.0,6.0,74.4
2026-03-04,p_0LQUK3,Renzo Tesuri,78.85714285714286,7.0,77.6
2026-03-12,p_0LQUK3,Renzo Tesuri,77.875,8.0,78.4
2026-03-16,p_0LQUK3,Renzo Tesuri,79.22222222222223,9.0,84.2
2026-03-21,p_0LQUK3,Renzo Tesuri,80.3,10.0,86.2
2026-04-05,p_0LQUK3,Renzo Tesuri,81.0909090909091,11.0,86.0
2026-04-12,p_0LQUK3,Renzo Tesuri,80.08333333333333,12.0,81.8
2026-04-19,p_0LQUK3,Renzo Tesuri,80.0,13.0,83.4
2026-04-26,p_0LQUK3,Renzo Tesuri,77.5,14.0,74.4
2026-05-03,p_0LQUK3,Renzo Tesuri,77.33333333333333,15.0,71.4
2026-07-26,p_0LQUK3,Renzo Tesuri,77.5,16.0,69.6
2026-07-31,p_0LQUK3,Renzo Tesuri,78.23529411764706,17.0,73.8
2026-08-04,p_0LQUK3,Renzo Tesuri,78.38888888888889,18.0,74.2
2026-08-08,p_0LQUK3,Renzo Tesuri,78.73684210526316,19.0,82.2
2026-08-17,p_0LQUK3,Renzo Tesuri,78.85,20.0,83.4
2026-08-22,p_0LQUK3,Renzo Tesuri,78.71428571428571,21.0,82.6
2026-08-30,p_0LQUK3,Renzo Tesuri,79.13636363636364,22.0,82.2
2026-09-07,p_0LQUK3,Renzo Tesuri,78.78260869565217,23.0,80.2
2026-09-12,p_0LQUK3,Renzo Tesuri,79.08333333333333,24.0,80.4
2026-08-02,p_0LQkv7,Valentín Lucero,,0.0,
2026-01-26,p_0Lb3J0,Joaquín Laso,,0.0,
2026-01-29,p_0Lb3J0,Joaquín Laso,85.0,1.0,85.0
2026-02-02,p_0Lb3J0,Joaquín Laso,85.0,2.0,85.0
2026-02-07,p_0Lb3J0,Joaquín Laso,80.0,3.0,80.0
2026-02-12,p_0Lb3J0,Joaquín Laso,82.5,4.0,82.5
2026-02-22,p_0Lb3J0,Joaquín Laso,84.0,5.0,84.0
2026-03-02,p_0Lb3J0,Joaquín Laso,85.0,6.0,85.0
2026-03-10,p_0Lb3J0,Joaquín Laso,85.71428571428571,7.0,86.0
2026-03-16,p_0Lb3J0,Joaquín Laso,86.25,8.0,90.0
2026-03-21,p_0Lb3J0,Joaquín Laso,86.66666666666667,9.0,90.0
2026-04-02,p_0Lb3J0,Joaquín Laso,87.0,10.0,90.0
2026-04-12,p_0Lb3J0,Joaquín Laso,87.27272727272727,11.0,90.0
2026-04-21,p_0Lb3J0,Joaquín Laso,87.5,12.0,90.0
2026-04-25,p_0Lb3J0,Joaquín Laso,87.6923076923077,13.0,90.0
2026-08-01,p_0Lb3J0,Joaquín Laso,87.85714285714286,14.0,90.0
2026-08-06,p_0Lb3J0,Joaquín Laso,87.66666666666667,15.0,89.0
2026-08-08,p_0Lb3J0,Joaquín Laso,87.8125,16.0,89.0
2026-02-03,p_0LtJFs,Lautaro Villegas,,0.0,
2026-02-08,p_0LtJFs,Lautaro Villegas,45.0,1.0,45.0
2026-02-14,p_0LtJFs,Lautaro Villegas,53.0,2.0,53.0
2026-02-21,p_0LtJFs,Lautaro Villegas,61.0,3.0,61.0
2026-02-26,p_0LtJFs,Lautaro Villegas,57.0,4.0,57.0
2026-03-03,p_0LtJFs,Lautaro Villegas,57.2,5.0,57.2
2026-03-11,p_0LtJFs,Lautaro Villegas,55.166666666666664,6.0,57.2
2026-03-15,p_0LtJFs,Lautaro Villegas,53.714285714285715,7.0,54.0
2026-03-21,p_0LtJFs,Lautaro Villegas,57.5,8.0,55.4
2026-04-06,p_0LtJFs,Lautaro Villegas,54.666666666666664,9.0,52.8
2026-04-13,p_0LtJFs,Lautaro Villegas,57.5,10.0,57.8
2026-04-20,p_0LtJFs,Lautaro Villegas,58.18181818181818,11.0,61.8
2026-04-26,p_0LtJFs,Lautaro Villegas,55.583333333333336,12.0,58.2
2026-05-02,p_0LtJFs,Lautaro Villegas,54.76923076923077,13.0,50.4
2026-07-25,p_0LtJFs,Lautaro Villegas,52.285714285714285,14.0,48.0
2026-07-28,p_0LtJFs,Lautaro Villegas,50.93333333333333,15.0,37.8
2026-08-01,p_0LtJFs,Lautaro Villegas,52.9375,16.0,41.4
2026-08-14,p_0LtJFs,Lautaro Villegas,53.588235294117645,17.0,48.8
2026-01-26,p_0MExly,Javier Burrai,,0.0,
2026-01-30,p_0MExly,Javier Burrai,90.0,1.0,90.0
2026-02-04,p_0MExly,Javier Burrai,90.0,2.0,90.0
2026-02-08,p_0MExly,Javier Burrai,90.0,3.0,90.0
2026-02-14,p_0MExly,Javier Burrai,90.0,4.0,90.0
2026-02-20,p_0MExly,Javier Burrai,90.0,5.0,90.0
2026-02-26,p_0MExly,Javier Burrai,90.0,6.0,90.0
2026-03-03,p_0MExly,Javier Burrai,90.0,7.0,90.0
2026-03-11,p_0MExly,Javier Burrai,90.0,8.0,90.0
2026-03-15,p_0MExly,Javier Burrai,90.0,9.0,90.0
2026-03-22,p_0MExly,Javier Burrai,90.0,10.0,90.0
2026-04-02,p_0MExly,Javier Burrai,90.0,11.0,90.0
2026-04-13,p_0MExly,Javier Burrai,90.0,12.0,90.0
2026-04-19,p_0MExly,Javier Burrai,90.0,13.0,90.0
2026-04-25,p_0MExly,Javier Burrai,90.0,14.0,90.0
2026-05-03,p_0MExly,Javier Burrai,90.0,15.0,90.0
2026-01-31,p_0MiMDp,Florián Monzón,,0.0,
2026-02-09,p_0MiMDp,Florián Monzón,26.0,1.0,26.0
2026-02-14,p_0MiMDp,Florián Monzón,52.5,2.0,52.5
2026-02-22,p_0MiMDp,Florián Monzón,63.666666666666664,3.0,63.666666666666664
2026-02-25,p_0MiMDp,Florián Monzón,63.75,4.0,63.75
2026-03-02,p_0MiMDp,Florián Monzón,69.0,5.0,69.0
2026-03-10,p_0MiMDp,Florián Monzón,72.33333333333333,6.0,81.6
2026-03-14,p_0MiMDp,Florián Monzón,71.0,7.0,78.4
2026-03-21,p_0MiMDp,Florián Monzón,72.0,8.0,77.0
2026-04-03,p_0MiMDp,Florián Monzón,72.66666666666667,9.0,79.8
2026-04-14,p_0MiMDp,Florián Monzón,74.3,10.0,79.6
2026-04-20,p_0MiMDp,Florián Monzón,74.27272727272727,11.0,76.6
2026-04-27,p_0MiMDp,Florián Monzón,74.66666666666667,12.0,79.8
2026-05-04,p_0MiMDp,Florián Monzón,73.84615384615384,13.0,76.8
2026-05-11,p_0MiMDp,Florián Monzón,75.0,14.0,79.2
2026-07-24,p_0MiMDp,Florián Monzón,76.0,15.0,79.4
2026-02-09,p_0MwF8F,Lucas Besozzi,,0.0,
2026-02-13,p_0MwF8F,Lucas Besozzi,14.0,1.0,14.0
2026-03-02,p_0MwF8F,Lucas Besozzi,11.0,2.0,11.0
2026-03-05,p_0MwF8F,Lucas Besozzi,14.0,3.0,14.0
2026-03-17,p_0MwF8F,Lucas Besozzi,15.0,4.0,15.0
2026-03-21,p_0MwF8F,Lucas Besozzi,17.6,5.0,17.6
2026-03-27,p_0MwF8F,Lucas Besozzi,18.5,6.0,19.4
2026-04-01,p_0MwF8F,Lucas Besozzi,19.0,7.0,22.2
2026-04-13,p_0MwF8F,Lucas Besozzi,19.25,8.0,22.4
2026-04-21,p_0MwF8F,Lucas Besozzi,18.77777777777778,9.0,21.8
2026-04-24,p_0MwF8F,Lucas Besozzi,23.2,10.0,28.8
2026-05-02,p_0MwF8F,Lucas Besozzi,22.727272727272727,11.0,27.8
2026-05-10,p_0MwF8F,Lucas Besozzi,22.666666666666668,12.0,27.8
2026-07-26,p_0MwF8F,Lucas Besozzi,22.923076923076923,13.0,28.8
2026-08-03,p_0MwF8F,Lucas Besozzi,25.714285714285715,14.0,38.2
2026-08-06,p_0MwF8F,Lucas Besozzi,28.066666666666666,15.0,37.8
2026-08-12,p_0MwF8F,Lucas Besozzi,30.75,16.0,48.4
2026-08-17,p_0MwF8F,Lucas Besozzi,29.470588235294116,17.0,45.8
2026-08-25,p_0MwF8F,Lucas Besozzi,28.555555555555557,18.0,43.2
2026-08-29,p_0MwF8F,Lucas Besozzi,28.0,19.0,34.4
2026-09-06,p_0MwF8F,Lucas Besozzi,27.65,20.0,26.4
2026-09-14,p_0MwF8F,Lucas Besozzi,29.142857142857142,21.0,24.0
2026-09-14,p_0MwF8F,Lucas Besozzi,31.363636363636363,22.0,37.8
2026-04-19,p_0NEh7a,Lucas Román,,0.0,
2026-08-17,p_0Ndsjk,Juan Policella,,0.0,
2026-09-06,p_0Ndsjk,Juan Policella,1.0,1.0,1.0
2026-09-11,p_0Ndsjk,Juan Policella,33.0,2.0,33.0
2026-01-24,p_0Nf4Z8,Facundo Cambeses,,0.0,
2026-01-28,p_0Nf4Z8,Facundo Cambeses,90.0,1.0,90.0
2026-02-02,p_0Nf4Z8,Facundo Cambeses,90.0,2.0,90.0
2026-02-07,p_0Nf4Z8,Facundo Cambeses,90.0,3.0,90.0
2026-02-14,p_0Nf4Z8,Facundo Cambeses,90.0,4.0,90.0
2026-02-20,p_0Nf4Z8,Facundo Cambeses,90.0,5.0,90.0
2026-02-26,p_0Nf4Z8,Facundo Cambeses,90.0,6.0,90.0
2026-03-04,p_0Nf4Z8,Facundo Cambeses,90.0,7.0,90.0
2026-03-11,p_0Nf4Z8,Facundo Cambeses,90.0,8.0,90.0
2026-03-16,p_0Nf4Z8,Facundo Cambeses,90.0,9.0,90.0
2026-03-22,p_0Nf4Z8,Facundo Cambeses,90.0,10.0,90.0
2026-04-04,p_0Nf4Z8,Facundo Cambeses,90.0,11.0,90.0
2026-04-12,p_0Nf4Z8,Facundo Cambeses,90.0,12.0,90.0
2026-04-19,p_0Nf4Z8,Facundo Cambeses,90.0,13.0,90.0
2026-04-25,p_0Nf4Z8,Facundo Cambeses,90.0,14.0,90.0
2026-05-03,p_0Nf4Z8,Facundo Cambeses,90.0,15.0,90.0
2026-05-10,p_0Nf4Z8,Facundo Cambeses,90.0,16.0,90.0
2026-05-13,p_0Nf4Z8,Facundo Cambeses,90.0,17.0,90.0
2026-07-24,p_0Nf4Z8,Facundo Cambeses,91.66666666666667,18.0,96.0
2026-07-29,p_0Nf4Z8,Facundo Cambeses,91.57894736842105,19.0,96.0
2026-08-01,p_0Nf4Z8,Facundo Cambeses,91.5,20.0,96.0
2026-08-09,p_0Nf4Z8,Facundo Cambeses,91.42857142857143,21.0,96.0
2026-08-14,p_0Nf4Z8,Facundo Cambeses,91.36363636363636,22.0,96.0
2026-08-24,p_0Nf4Z8,Facundo Cambeses,91.30434782608695,23.0,90.0
2026-08-31,p_0Nf4Z8,Facundo Cambeses,91.25,24.0,90.0
2026-09-07,p_0Nf4Z8,Facundo Cambeses,91.2,25.0,90.0
2026-09-14,p_0Nf4Z8,Facundo Cambeses,91.15384615384616,26.0,90.0
2026-09-14,p_0Nf4Z8,Facundo Cambeses,91.11111111111111,27.0,90.0
2026-01-30,p_0NulPm,Claudio Bravo,,0.0,
2026-02-03,p_0NulPm,Claudio Bravo,37.0,1.0,37.0
2026-03-16,p_0NulPm,Claudio Bravo,48.0,2.0,48.0
2026-03-31,p_0NulPm,Claudio Bravo,32.333333333333336,3.0,32.333333333333336
2026-04-28,p_0NulPm,Claudio Bravo,27.75,4.0,27.75
2026-05-10,p_0NulPm,Claudio Bravo,26.4,5.0,26.4
2026-08-01,p_0NulPm,Claudio Bravo,23.166666666666668,6.0,20.4
2026-08-25,p_0NulPm,Claudio Bravo,24.142857142857142,7.0,14.6
2026-09-13,p_0NulPm,Claudio Bravo,32.375,8.0,32.4
2026-01-23,p_0O1Z5O,Ezequiel Herrera,,0.0,
2026-01-27,p_0O1Z5O,Ezequiel Herrera,78.0,1.0,78.0
2026-01-31,p_0O1Z5O,Ezequiel Herrera,84.0,2.0,84.0
2026-02-08,p_0O1Z5O,Ezequiel Herrera,86.0,3.0,86.0
2026-02-14,p_0O1Z5O,Ezequiel Herrera,87.0,4.0,87.0
2026-02-22,p_0O1Z5O,Ezequiel Herrera,87.6,5.0,87.6
2026-03-01,p_0O1Z5O,Ezequiel Herrera,88.0,6.0,90.0
2026-03-11,p_0O1Z5O,Ezequiel Herrera,88.28571428571429,7.0,90.0
2026-03-16,p_0O1Z5O,Ezequiel Herrera,88.5,8.0,90.0
2026-03-25,p_0O1Z5O,Ezequiel Herrera,88.66666666666667,9.0,90.0
2026-04-03,p_0O1Z5O,Ezequiel Herrera,88.8,10.0,90.0
2026-04-12,p_0O1Z5O,Ezequiel Herrera,88.9090909090909,11.0,90.0
2026-04-20,p_0O1Z5O,Ezequiel Herrera,89.0,12.0,90.0
2026-04-25,p_0O1Z5O,Ezequiel Herrera,89.07692307692308,13.0,90.0
2026-05-02,p_0O1Z5O,Ezequiel Herrera,89.14285714285714,14.0,90.0
2026-05-10,p_0O1Z5O,Ezequiel Herrera,89.2,15.0,90.0
2026-07-26,p_0O1Z5O,Ezequiel Herrera,91.0625,16.0,95.8
2026-07-28,p_0O1Z5O,Ezequiel Herrera,90.23529411764706,17.0,93.2
2026-08-21,p_0O1Z5O,Ezequiel Herrera,90.16666666666667,18.0,93.0
2026-09-01,p_0O1Z5O,Ezequiel Herrera,90.15789473684211,19.0,93.0
2026-09-05,p_0O1Z5O,Ezequiel Herrera,90.15,20.0,93.0
2026-09-13,p_0O1Z5O,Ezequiel Herrera,90.14285714285714,21.0,87.2
2026-01-28,p_0O6mnx,Manuel Brondo,,0.0,
2026-02-08,p_0O6mnx,Manuel Brondo,28.0,1.0,28.0
2026-02-15,p_0O6mnx,Manuel Brondo,16.5,2.0,16.5
2026-02-25,p_0O6mnx,Manuel Brondo,12.0,3.0,12.0
2026-03-04,p_0O6mnx,Manuel Brondo,20.25,4.0,20.25
2026-05-03,p_0O6mnx,Manuel Brondo,18.4,5.0,18.4
2026-07-31,p_0O6mnx,Manuel Brondo,15.5,6.0,13.0
2026-08-04,p_0O6mnx,Manuel Brondo,13.428571428571429,7.0,12.2
2026-08-08,p_0O6mnx,Manuel Brondo,13.625,8.0,14.6
2026-08-17,p_0O6mnx,Manuel Brondo,14.11111111111111,9.0,9.2
2026-08-22,p_0O6mnx,Manuel Brondo,20.3,10.0,22.2
2026-08-30,p_0O6mnx,Manuel Brondo,25.727272727272727,11.0,38.0
2026-07-25,p_0OYcSE,Thomas Ríos,,0.0,
2026-07-31,p_0OYcSE,Thomas Ríos,8.0,1.0,8.0
2026-08-02,p_0OYcSE,Thomas Ríos,33.5,2.0,33.5
2026-08-09,p_0OYcSE,Thomas Ríos,52.0,3.0,52.0
2026-08-15,p_0OYcSE,Thomas Ríos,50.25,4.0,50.25
2026-08-23,p_0OYcSE,Thomas Ríos,52.8,5.0,52.8
2026-08-31,p_0OYcSE,Thomas Ríos,57.333333333333336,6.0,67.2
2026-02-03,p_0Ppa0V,Lisandro Piñero,,0.0,
2026-02-08,p_0Ppa0V,Lisandro Piñero,34.0,1.0,34.0
2026-02-14,p_0Ppa0V,Lisandro Piñero,39.5,2.0,39.5
2026-02-21,p_0Ppa0V,Lisandro Piñero,46.333333333333336,3.0,46.333333333333336
2026-02-26,p_0Ppa0V,Lisandro Piñero,54.0,4.0,54.0
2026-03-03,p_0Ppa0V,Lisandro Piñero,57.0,5.0,57.0
2026-03-11,p_0Ppa0V,Lisandro Piñero,55.0,6.0,59.2
2026-03-15,p_0Ppa0V,Lisandro Piñero,51.285714285714285,7.0,56.0
2026-04-06,p_0Ppa0V,Lisandro Piñero,46.5,8.0,46.6
2026-04-13,p_0Ppa0V,Lisandro Piñero,42.666666666666664,9.0,33.6
2026-04-20,p_0Ppa0V,Lisandro Piñero,38.5,10.0,20.0
2026-04-26,p_0Ppa0V,Lisandro Piñero,36.09090909090909,11.0,13.4
2026-05-02,p_0Ppa0V,Lisandro Piñero,36.833333333333336,12.0,16.6
2026-08-10,p_0Ppa0V,Lisandro Piñero,35.61538461538461,13.0,18.2
2026-08-14,p_0Ppa0V,Lisandro Piñero,34.92857142857143,14.0,21.0
2026-08-23,p_0Ppa0V,Lisandro Piñero,36.6,15.0,32.8
2026-08-30,p_0Ppa0V,Lisandro Piñero,35.5,16.0,34.2
2026-09-05,p_0Ppa0V,Lisandro Piñero,35.35294117647059,17.0,31.8
2026-09-14,p_0Ppa0V,Lisandro Piñero,36.72222222222222,18.0,39.6
2026-09-14,p_0Ppa0V,Lisandro Piñero,35.36842105263158,19.0,36.6
2026-01-26,p_0PsDow,Gastón Arturia,,0.0,
2026-01-30,p_0PsDow,Gastón Arturia,15.0,1.0,15.0
2026-02-04,p_0PsDow,Gastón Arturia,50.5,2.0,50.5
2026-02-08,p_0PsDow,Gastón Arturia,63.666666666666664,3.0,63.666666666666664
2026-02-14,p_0PsDow,Gastón Arturia,70.25,4.0,70.25
2026-03-03,p_0PsDow,Gastón Arturia,74.2,5.0,74.2
2026-07-28,p_0PsDow,Gastón Arturia,69.33333333333333,6.0,80.2
2026-08-08,p_0PsDow,Gastón Arturia,61.714285714285715,7.0,66.2
2026-08-23,p_0PsDow,Gastón Arturia,57.625,8.0,54.0
2026-09-04,p_0PsDow,Gastón Arturia,52.22222222222222,9.0,37.8
2026-09-13,p_0PsDow,Gastón Arturia,47.8,10.0,21.4
2026-01-23,p_0QZ5qI,Tobías Andrada,,0.0,
2026-01-27,p_0QZ5qI,Tobías Andrada,89.0,1.0,89.0
2026-01-31,p_0QZ5qI,Tobías Andrada,89.5,2.0,89.5
2026-02-09,p_0QZ5qI,Tobías Andrada,89.66666666666667,3.0,89.66666666666667
2026-02-14,p_0QZ5qI,Tobías Andrada,89.75,4.0,89.75
2026-02-22,p_0QZ5qI,Tobías Andrada,89.8,5.0,89.8
2026-02-25,p_0QZ5qI,Tobías Andrada,89.83333333333333,6.0,90.0
2026-03-02,p_0QZ5qI,Tobías Andrada,89.85714285714286,7.0,90.0
2026-03-10,p_0QZ5qI,Tobías Andrada,89.875,8.0,90.0
2026-03-14,p_0QZ5qI,Tobías Andrada,89.88888888888889,9.0,90.0
2026-03-21,p_0QZ5qI,Tobías Andrada,89.9,10.0,90.0
2026-04-03,p_0QZ5qI,Tobías Andrada,89.9090909090909,11.0,90.0
2026-04-14,p_0QZ5qI,Tobías Andrada,89.91666666666667,12.0,90.0
2026-04-20,p_0QZ5qI,Tobías Andrada,89.92307692307692,13.0,90.0
2026-04-27,p_0QZ5qI,Tobías Andrada,89.92857142857143,14.0,90.0
2026-05-11,p_0QZ5qI,Tobías Andrada,89.93333333333334,15.0,90.0
2026-07-24,p_0QZ5qI,Tobías Andrada,89.9375,16.0,90.0
2026-08-08,p_0QZ5qI,Tobías Andrada,89.82352941176471,17.0,89.6
2026-08-16,p_0QZ5qI,Tobías Andrada,89.83333333333333,18.0,89.6
2026-08-23,p_0QZ5qI,Tobías Andrada,89.47368421052632,19.0,88.2
2026-08-30,p_0QZ5qI,Tobías Andrada,89.5,20.0,88.2
2026-09-06,p_0QZ5qI,Tobías Andrada,89.42857142857143,21.0,87.8
2026-09-12,p_0QZ5qI,Tobías Andrada,88.86363636363636,22.0,85.6
2026-01-24,p_0QeOVx,Rodrigo Insúa,,0.0,
2026-01-28,p_0QeOVx,Rodrigo Insúa,90.0,1.0,90.0
2026-02-01,p_0QeOVx,Rodrigo Insúa,90.0,2.0,90.0
2026-02-09,p_0QeOVx,Rodrigo Insúa,90.0,3.0,90.0
2026-02-16,p_0QeOVx,Rodrigo Insúa,90.0,4.0,90.0
2026-02-21,p_0QeOVx,Rodrigo Insúa,90.0,5.0,90.0
2026-02-25,p_0QeOVx,Rodrigo Insúa,90.0,6.0,90.0
2026-03-01,p_0QeOVx,Rodrigo Insúa,90.0,7.0,90.0
2026-03-12,p_0QeOVx,Rodrigo Insúa,90.0,8.0,90.0
2026-03-16,p_0QeOVx,Rodrigo Insúa,90.0,9.0,90.0
2026-03-24,p_0QeOVx,Rodrigo Insúa,90.0,10.0,90.0
2026-04-02,p_0QeOVx,Rodrigo Insúa,90.0,11.0,90.0
2026-04-12,p_0QeOVx,Rodrigo Insúa,90.0,12.0,90.0
2026-04-20,p_0QeOVx,Rodrigo Insúa,90.0,13.0,90.0
2026-04-25,p_0QeOVx,Rodrigo Insúa,90.0,14.0,90.0
2026-05-02,p_0QeOVx,Rodrigo Insúa,90.0,15.0,90.0
2026-07-25,p_0QeOVx,Rodrigo Insúa,90.0,16.0,90.0
2026-07-29,p_0QeOVx,Rodrigo Insúa,90.0,17.0,90.0
2026-08-02,p_0QeOVx,Rodrigo Insúa,90.0,18.0,90.0
2026-08-09,p_0QeOVx,Rodrigo Insúa,90.0,19.0,90.0
2026-08-17,p_0QeOVx,Rodrigo Insúa,89.9,20.0,89.6
2026-08-23,p_0QeOVx,Rodrigo Insúa,88.42857142857143,21.0,83.4
2026-09-01,p_0QeOVx,Rodrigo Insúa,88.5,22.0,83.4
2026-09-14,p_0QeOVx,Rodrigo Insúa,85.17391304347827,23.0,67.8
2026-09-14,p_0QeOVx,Rodrigo Insúa,82.91666666666667,24.0,56.0
2026-02-01,p_0RThr5,Ángel Romero,,0.0,
2026-02-09,p_0RThr5,Ángel Romero,45.0,1.0,45.0
2026-02-15,p_0RThr5,Ángel Romero,37.0,2.0,37.0
2026-02-20,p_0RThr5,Ángel Romero,46.666666666666664,3.0,46.666666666666664
2026-04-02,p_0RThr5,Ángel Romero,42.0,4.0,42.0
2026-04-11,p_0RThr5,Ángel Romero,36.2,5.0,36.2
2026-04-23,p_0RThr5,Ángel Romero,37.666666666666664,6.0,36.2
2026-05-02,p_0RThr5,Ángel Romero,38.714285714285715,7.0,39.4
2026-05-09,p_0RThr5,Ángel Romero,43.375,8.0,41.4
2026-07-26,p_0RThr5,Ángel Romero,40.22222222222222,9.0,38.8
2026-09-12,p_0RThr5,Ángel Romero,40.7,10.0,45.2
2026-01-23,p_0RVLhG,Ezequiel Naya,,0.0,
2026-01-28,p_0RVLhG,Ezequiel Naya,80.0,1.0,80.0
2026-01-31,p_0RVLhG,Ezequiel Naya,84.0,2.0,84.0
2026-02-07,p_0RVLhG,Ezequiel Naya,77.0,3.0,77.0
2026-03-12,p_0RVLhG,Ezequiel Naya,59.0,4.0,59.0
2026-03-18,p_0RVLhG,Ezequiel Naya,47.4,5.0,47.4
2026-03-23,p_0RVLhG,Ezequiel Naya,52.0,6.0,46.4
2026-04-05,p_0RVLhG,Ezequiel Naya,55.857142857142854,7.0,44.6
2026-04-14,p_0RVLhG,Ezequiel Naya,54.5,8.0,41.0
2026-04-20,p_0RVLhG,Ezequiel Naya,55.77777777777778,9.0,53.2
2026-04-24,p_0RVLhG,Ezequiel Naya,59.1,10.0,70.8
2026-05-02,p_0RVLhG,Ezequiel Naya,60.72727272727273,11.0,71.2
2026-07-24,p_0RVLhG,Ezequiel Naya,61.25,12.0,68.8
2026-07-31,p_0RVLhG,Ezequiel Naya,62.53846153846154,13.0,75.4
2026-08-11,p_0RVLhG,Ezequiel Naya,59.0,14.0,64.8
2026-08-24,p_0RVLhG,Ezequiel Naya,55.266666666666666,15.0,47.6
2026-08-30,p_0RVLhG,Ezequiel Naya,53.25,16.0,36.8
2026-09-06,p_0RVLhG,Ezequiel Naya,55.411764705882355,17.0,41.4
2026-08-02,p_0Rgcjg,Carlos Arce,,0.0,
2026-02-04,p_0SXASP,Stéfano Moreyra,,0.0,
2026-02-10,p_0SXASP,Stéfano Moreyra,2.0,1.0,2.0
2026-03-03,p_0SXASP,Stéfano Moreyra,4.0,2.0,4.0
2026-03-15,p_0SXASP,Stéfano Moreyra,4.666666666666667,3.0,4.666666666666667
2026-04-02,p_0SXASP,Stéfano Moreyra,5.25,4.0,5.25
2026-05-03,p_0SXASP,Stéfano Moreyra,16.8,5.0,16.8
2026-08-15,p_0SXASP,Stéfano Moreyra,14.166666666666666,6.0,16.6
2026-01-29,p_0TKEkA,Mikel Amondarain,,0.0,
2026-02-02,p_0TKEkA,Mikel Amondarain,90.0,1.0,90.0
2026-02-15,p_0TKEkA,Mikel Amondarain,52.0,2.0,52.0
2026-02-20,p_0TKEkA,Mikel Amondarain,52.333333333333336,3.0,52.333333333333336
2026-02-25,p_0TKEkA,Mikel Amondarain,44.75,4.0,44.75
2026-03-02,p_0TKEkA,Mikel Amondarain,53.8,5.0,53.8
2026-03-13,p_0TKEkA,Mikel Amondarain,59.833333333333336,6.0,53.8
2026-03-18,p_0TKEkA,Mikel Amondarain,62.714285714285715,7.0,67.0
2026-03-23,p_0TKEkA,Mikel Amondarain,66.125,8.0,74.4
2026-04-03,p_0TKEkA,Mikel Amondarain,68.77777777777777,9.0,88.0
2026-04-11,p_0TKEkA,Mikel Amondarain,70.9,10.0,88.0
2026-04-18,p_0TKEkA,Mikel Amondarain,67.54545454545455,11.0,76.8
2026-04-25,p_0TKEkA,Mikel Amondarain,69.41666666666667,12.0,78.8
2026-05-03,p_0TKEkA,Mikel Amondarain,70.92307692307692,13.0,78.6
2026-05-10,p_0TKEkA,Mikel Amondarain,68.07142857142857,14.0,66.8
2026-07-26,p_0TKEkA,Mikel Amondarain,69.53333333333333,15.0,66.8
2026-01-22,p_0U9NrS,Matías Morello,,0.0,
2026-04-04,p_0U9NrS,Matías Morello,90.0,1.0,90.0
2026-04-11,p_0U9NrS,Matías Morello,62.5,2.0,62.5
2026-04-19,p_0U9NrS,Matías Morello,70.33333333333333,3.0,70.33333333333333
2026-01-23,p_0UPCHl,Fabricio Pérez,,0.0,
2026-01-29,p_0UPCHl,Fabricio Pérez,79.0,1.0,79.0
2026-02-02,p_0UPCHl,Fabricio Pérez,80.5,2.0,80.5
2026-02-09,p_0UPCHl,Fabricio Pérez,68.66666666666667,3.0,68.66666666666667
2026-02-15,p_0UPCHl,Fabricio Pérez,62.75,4.0,62.75
2026-02-20,p_0UPCHl,Fabricio Pérez,66.0,5.0,66.0
2026-02-25,p_0UPCHl,Fabricio Pérez,67.66666666666667,6.0,65.4
2026-03-02,p_0UPCHl,Fabricio Pérez,70.14285714285714,7.0,66.0
2026-03-18,p_0UPCHl,Fabricio Pérez,69.0,8.0,69.2
2026-03-23,p_0UPCHl,Fabricio Pérez,66.33333333333333,9.0,69.2
2026-04-03,p_0UPCHl,Fabricio Pérez,62.4,10.0,58.8
2026-04-11,p_0UPCHl,Fabricio Pérez,61.72727272727273,11.0,54.6
2026-04-18,p_0UPCHl,Fabricio Pérez,64.08333333333333,12.0,55.6
2026-04-25,p_0UPCHl,Fabricio Pérez,63.61538461538461,13.0,55.0
2026-05-03,p_0UPCHl,Fabricio Pérez,59.142857142857146,14.0,46.2
2026-07-26,p_0UPCHl,Fabricio Pérez,56.266666666666666,15.0,44.0
2026-08-01,p_0UPCHl,Fabricio Pérez,53.875,16.0,36.6
2026-08-05,p_0UPCHl,Fabricio Pérez,54.94117647058823,17.0,33.0
2026-08-08,p_0UPCHl,Fabricio Pérez,55.22222222222222,18.0,33.4
2026-08-23,p_0UPCHl,Fabricio Pérez,52.89473684210526,19.0,35.4
2026-09-12,p_0UPCHl,Fabricio Pérez,52.5,20.0,41.2
2026-01-24,p_0URNSN,Renzo Giampaoli,,0.0,
2026-01-28,p_0URNSN,Renzo Giampaoli,90.0,1.0,90.0
2026-02-02,p_0URNSN,Renzo Giampaoli,90.0,2.0,90.0
2026-02-09,p_0URNSN,Renzo Giampaoli,90.0,3.0,90.0
2026-02-15,p_0URNSN,Renzo Giampaoli,90.0,4.0,90.0
2026-02-21,p_0URNSN,Renzo Giampaoli,87.8,5.0,87.8
2026-02-25,p_0URNSN,Renzo Giampaoli,88.16666666666667,6.0,87.8
2026-03-02,p_0URNSN,Renzo Giampaoli,88.42857142857143,7.0,87.8
2026-03-11,p_0URNSN,Renzo Giampaoli,88.625,8.0,87.8
2026-03-15,p_0URNSN,Renzo Giampaoli,88.77777777777777,9.0,87.8
2026-03-21,p_0URNSN,Renzo Giampaoli,86.7,10.0,85.6
2026-04-13,p_0URNSN,Renzo Giampaoli,81.54545454545455,11.0,73.6
2026-04-18,p_0URNSN,Renzo Giampaoli,82.25,12.0,73.6
2026-05-03,p_0URNSN,Renzo Giampaoli,81.3076923076923,13.0,69.6
2026-05-11,p_0URNSN,Renzo Giampaoli,81.92857142857143,14.0,69.6
2026-05-14,p_0URNSN,Renzo Giampaoli,78.66666666666667,15.0,62.6
2026-07-24,p_0URNSN,Renzo Giampaoli,79.375,16.0,74.6
2026-07-29,p_0URNSN,Renzo Giampaoli,80.0,17.0,74.6
2026-08-22,p_0URNSN,Renzo Giampaoli,79.72222222222223,18.0,75.6
2026-08-29,p_0URNSN,Renzo Giampaoli,78.0,19.0,67.0
2026-09-13,p_0URNSN,Renzo Giampaoli,75.05,20.0,64.2
2026-01-24,p_0Ubl4U,Gianluca Ferrari,,0.0,
2026-01-28,p_0Ubl4U,Gianluca Ferrari,90.0,1.0,90.0
2026-02-01,p_0Ubl4U,Gianluca Ferrari,90.0,2.0,90.0
2026-02-08,p_0Ubl4U,Gianluca Ferrari,90.0,3.0,90.0
2026-02-15,p_0Ubl4U,Gianluca Ferrari,90.0,4.0,90.0
2026-02-20,p_0Ubl4U,Gianluca Ferrari,90.0,5.0,90.0
2026-02-25,p_0Ubl4U,Gianluca Ferrari,90.0,6.0,90.0
2026-03-04,p_0Ubl4U,Gianluca Ferrari,90.0,7.0,90.0
2026-03-21,p_0Ubl4U,Gianluca Ferrari,90.0,8.0,90.0
2026-01-23,p_0Uy6sL,Orlando Gill,,0.0,
2026-01-27,p_0Uy6sL,Orlando Gill,90.0,1.0,90.0
2026-01-31,p_0Uy6sL,Orlando Gill,90.0,2.0,90.0
2026-02-08,p_0Uy6sL,Orlando Gill,90.0,3.0,90.0
2026-02-14,p_0Uy6sL,Orlando Gill,90.0,4.0,90.0
2026-02-22,p_0Uy6sL,Orlando Gill,90.0,5.0,90.0
2026-02-24,p_0Uy6sL,Orlando Gill,90.0,6.0,90.0
2026-03-01,p_0Uy6sL,Orlando Gill,90.0,7.0,90.0
2026-03-11,p_0Uy6sL,Orlando Gill,90.0,8.0,90.0
2026-03-16,p_0Uy6sL,Orlando Gill,90.0,9.0,90.0
2026-04-03,p_0Uy6sL,Orlando Gill,90.0,10.0,90.0
2026-04-12,p_0Uy6sL,Orlando Gill,90.0,11.0,90.0
2026-04-20,p_0Uy6sL,Orlando Gill,90.0,12.0,90.0
2026-04-25,p_0Uy6sL,Orlando Gill,90.0,13.0,90.0
2026-05-10,p_0Uy6sL,Orlando Gill,90.0,14.0,90.0
2026-07-26,p_0Uy6sL,Orlando Gill,92.0,15.0,96.0
2026-07-28,p_0Uy6sL,Orlando Gill,91.875,16.0,96.0
2026-08-04,p_0Uy6sL,Orlando Gill,91.76470588235294,17.0,96.0
2026-08-09,p_0Uy6sL,Orlando Gill,91.66666666666667,18.0,96.0
2026-02-09,p_0V59vw,Santiago Fernández,,0.0,
2026-02-14,p_0V59vw,Santiago Fernández,90.0,1.0,90.0
2026-02-21,p_0V59vw,Santiago Fernández,90.0,2.0,90.0
2026-02-24,p_0V59vw,Santiago Fernández,90.0,3.0,90.0
2026-03-01,p_0V59vw,Santiago Fernández,90.0,4.0,90.0
2026-03-12,p_0V59vw,Santiago Fernández,90.0,5.0,90.0
2026-03-15,p_0V59vw,Santiago Fernández,90.0,6.0,90.0
2026-03-21,p_0V59vw,Santiago Fernández,90.0,7.0,90.0
2026-04-02,p_0V59vw,Santiago Fernández,90.0,8.0,90.0
2026-04-13,p_0V59vw,Santiago Fernández,90.0,9.0,90.0
2026-04-19,p_0V59vw,Santiago Fernández,90.0,10.0,90.0
2026-04-25,p_0V59vw,Santiago Fernández,90.0,11.0,90.0
2026-05-09,p_0V59vw,Santiago Fernández,86.25,12.0,81.0
2026-07-25,p_0V59vw,Santiago Fernández,86.53846153846153,13.0,81.0
2026-07-30,p_0V59vw,Santiago Fernández,83.57142857142857,14.0,72.0
2026-08-12,p_0V59vw,Santiago Fernández,84.0,15.0,72.0
2026-08-18,p_0V59vw,Santiago Fernández,84.375,16.0,72.0
2026-08-25,p_0V59vw,Santiago Fernández,80.52941176470588,17.0,66.8
2026-02-25,p_0VB0PT,Tomás Ortiz,,0.0,
2026-01-28,p_0VScM6,Tiago Cravero,,0.0,
2026-01-31,p_0VScM6,Tiago Cravero,45.0,1.0,45.0
2026-02-07,p_0VScM6,Tiago Cravero,61.0,2.0,61.0
2026-02-16,p_0VScM6,Tiago Cravero,42.0,3.0,42.0
2026-02-24,p_0VScM6,Tiago Cravero,42.75,4.0,42.75
2026-02-28,p_0VScM6,Tiago Cravero,37.6,5.0,37.6
2026-03-12,p_0VScM6,Tiago Cravero,36.833333333333336,6.0,35.2
2026-03-18,p_0VScM6,Tiago Cravero,31.714285714285715,7.0,20.0
2026-04-14,p_0VScM6,Tiago Cravero,33.375,8.0,28.2
2026-04-20,p_0VScM6,Tiago Cravero,39.666666666666664,9.0,37.2
2026-04-24,p_0VScM6,Tiago Cravero,44.7,10.0,51.8
2026-05-02,p_0VScM6,Tiago Cravero,48.81818181818182,11.0,63.2
2026-07-24,p_0VScM6,Tiago Cravero,52.25,12.0,81.0
2026-07-31,p_0VScM6,Tiago Cravero,55.15384615384615,13.0,90.0
2026-08-04,p_0VScM6,Tiago Cravero,53.214285714285715,14.0,77.6
2026-08-11,p_0VScM6,Tiago Cravero,50.46666666666667,15.0,62.0
2026-08-24,p_0VScM6,Tiago Cravero,48.5,16.0,47.8
2026-01-24,p_0VZwYw,Lucas Nahuel Castro,,0.0,
2026-01-28,p_0VZwYw,Lucas Nahuel Castro,20.0,1.0,20.0
2026-02-02,p_0VZwYw,Lucas Nahuel Castro,16.5,2.0,16.5
2026-02-09,p_0VZwYw,Lucas Nahuel Castro,32.666666666666664,3.0,32.666666666666664
2026-02-15,p_0VZwYw,Lucas Nahuel Castro,26.0,4.0,26.0
2026-02-21,p_0VZwYw,Lucas Nahuel Castro,21.4,5.0,21.4
2026-02-25,p_0VZwYw,Lucas Nahuel Castro,18.833333333333332,6.0,18.6
2026-03-02,p_0VZwYw,Lucas Nahuel Castro,18.571428571428573,7.0,19.4
2026-03-11,p_0VZwYw,Lucas Nahuel Castro,20.0,8.0,12.4
2026-04-05,p_0VZwYw,Lucas Nahuel Castro,25.444444444444443,9.0,25.0
2026-05-03,p_0VZwYw,Lucas Nahuel Castro,28.9,10.0,36.4
2026-07-24,p_0VZwYw,Lucas Nahuel Castro,26.363636363636363,11.0,35.4
2026-07-29,p_0VZwYw,Lucas Nahuel Castro,31.666666666666668,12.0,50.0
2026-08-02,p_0VZwYw,Lucas Nahuel Castro,36.15384615384615,13.0,62.0
2026-08-07,p_0VZwYw,Lucas Nahuel Castro,38.857142857142854,14.0,63.0
2026-08-15,p_0VZwYw,Lucas Nahuel Castro,40.733333333333334,15.0,64.4
2026-08-21,p_0VZwYw,Lucas Nahuel Castro,43.4375,16.0,81.0
2026-08-30,p_0VZwYw,Lucas Nahuel Castro,44.76470588235294,17.0,76.2
2026-09-05,p_0VZwYw,Lucas Nahuel Castro,47.27777777777778,18.0,76.2
2026-09-12,p_0VZwYw,Lucas Nahuel Castro,49.26315789473684,19.0,78.4
2026-08-16,p_0Vhadv,Thiago Almada,,0.0,
2026-08-23,p_0Vhadv,Thiago Almada,83.0,1.0,83.0
2026-08-30,p_0Vhadv,Thiago Almada,86.5,2.0,86.5
2026-09-06,p_0Vhadv,Thiago Almada,87.66666666666667,3.0,87.66666666666667
2026-09-12,p_0Vhadv,Thiago Almada,88.25,4.0,88.25
2026-07-26,p_0W32WZ,Milton Céliz,,0.0,
2026-07-29,p_0W32WZ,Milton Céliz,90.0,1.0,90.0
2026-08-02,p_0W32WZ,Milton Céliz,90.0,2.0,90.0
2026-08-08,p_0W32WZ,Milton Céliz,90.0,3.0,90.0
2026-08-15,p_0W32WZ,Milton Céliz,90.0,4.0,90.0
2026-08-23,p_0W32WZ,Milton Céliz,90.0,5.0,90.0
2026-08-29,p_0W32WZ,Milton Céliz,90.0,6.0,90.0
2026-09-04,p_0W32WZ,Milton Céliz,90.0,7.0,90.0
2026-09-14,p_0W32WZ,Milton Céliz,90.0,8.0,90.0
2026-09-14,p_0W32WZ,Milton Céliz,90.0,9.0,90.0
2026-01-28,p_0W7h2O,Diego Tarzia,,0.0,
2026-01-23,p_0Wi4L8,Alexis Cuello,,0.0,
2026-01-27,p_0Wi4L8,Alexis Cuello,90.0,1.0,90.0
2026-01-31,p_0Wi4L8,Alexis Cuello,90.0,2.0,90.0
2026-02-08,p_0Wi4L8,Alexis Cuello,90.0,3.0,90.0
2026-02-14,p_0Wi4L8,Alexis Cuello,90.0,4.0,90.0
2026-02-22,p_0Wi4L8,Alexis Cuello,90.0,5.0,90.0
2026-02-24,p_0Wi4L8,Alexis Cuello,90.0,6.0,90.0
2026-03-01,p_0Wi4L8,Alexis Cuello,90.0,7.0,90.0
2026-03-11,p_0Wi4L8,Alexis Cuello,90.0,8.0,90.0
2026-03-16,p_0Wi4L8,Alexis Cuello,90.0,9.0,90.0
2026-03-25,p_0Wi4L8,Alexis Cuello,90.0,10.0,90.0
2026-04-03,p_0Wi4L8,Alexis Cuello,90.0,11.0,90.0
2026-04-12,p_0Wi4L8,Alexis Cuello,90.0,12.0,90.0
2026-04-20,p_0Wi4L8,Alexis Cuello,90.0,13.0,90.0
2026-04-25,p_0Wi4L8,Alexis Cuello,88.14285714285714,14.0,84.8
2026-05-02,p_0Wi4L8,Alexis Cuello,85.26666666666667,15.0,75.8
2026-07-26,p_0Wi4L8,Alexis Cuello,85.5625,16.0,75.8
2026-07-28,p_0Wi4L8,Alexis Cuello,85.82352941176471,17.0,75.8
2026-08-04,p_0Wi4L8,Alexis Cuello,86.05555555555556,18.0,75.8
2026-08-09,p_0Wi4L8,Alexis Cuello,86.26315789473684,19.0,81.0
2026-08-15,p_0Wi4L8,Alexis Cuello,86.45,20.0,90.0
2026-08-21,p_0Wi4L8,Alexis Cuello,86.61904761904762,21.0,90.0
2026-09-01,p_0Wi4L8,Alexis Cuello,86.77272727272727,22.0,90.0
2026-09-05,p_0Wi4L8,Alexis Cuello,86.91304347826087,23.0,90.0
2026-09-13,p_0Wi4L8,Alexis Cuello,87.0,24.0,89.8
2026-01-23,p_0WiaUz,Imanol Gonzalez,,0.0,
2026-01-27,p_0WiaUz,Imanol Gonzalez,90.0,1.0,90.0
2026-02-09,p_0WiaUz,Imanol Gonzalez,90.0,2.0,90.0
2026-02-21,p_0WiaUz,Imanol Gonzalez,90.0,3.0,90.0
2026-02-25,p_0WiaUz,Imanol Gonzalez,90.0,4.0,90.0
2026-02-28,p_0WiaUz,Imanol Gonzalez,90.0,5.0,90.0
2026-03-12,p_0WiaUz,Imanol Gonzalez,90.0,6.0,90.0
2026-01-23,p_0YK7Rt,Sasha Marcich,,0.0,
2026-01-29,p_0YK7Rt,Sasha Marcich,90.0,1.0,90.0
2026-02-04,p_0YK7Rt,Sasha Marcich,79.0,2.0,79.0
2026-02-09,p_0YK7Rt,Sasha Marcich,82.66666666666667,3.0,82.66666666666667
2026-02-13,p_0YK7Rt,Sasha Marcich,84.5,4.0,84.5
2026-03-02,p_0YK7Rt,Sasha Marcich,82.8,5.0,82.8
2026-03-05,p_0YK7Rt,Sasha Marcich,70.66666666666667,6.0,66.8
2026-03-13,p_0YK7Rt,Sasha Marcich,73.42857142857143,7.0,71.2
2026-03-17,p_0YK7Rt,Sasha Marcich,75.5,8.0,71.2
2026-03-21,p_0YK7Rt,Sasha Marcich,77.11111111111111,9.0,71.2
2026-03-27,p_0YK7Rt,Sasha Marcich,78.4,10.0,74.0
2026-04-01,p_0YK7Rt,Sasha Marcich,79.45454545454545,11.0,90.0
2026-04-13,p_0YK7Rt,Sasha Marcich,80.33333333333333,12.0,90.0
2026-04-21,p_0YK7Rt,Sasha Marcich,81.07692307692308,13.0,90.0
2026-04-24,p_0YK7Rt,Sasha Marcich,81.71428571428571,14.0,90.0
2026-05-10,p_0YK7Rt,Sasha Marcich,82.26666666666667,15.0,90.0
2026-07-26,p_0YK7Rt,Sasha Marcich,82.0625,16.0,87.8
2026-08-03,p_0YK7Rt,Sasha Marcich,82.52941176470588,17.0,87.8
2026-08-06,p_0YK7Rt,Sasha Marcich,82.94444444444444,18.0,87.8
2026-08-12,p_0YK7Rt,Sasha Marcich,83.3157894736842,19.0,87.8
2026-08-17,p_0YK7Rt,Sasha Marcich,83.65,20.0,87.8
2026-08-25,p_0YK7Rt,Sasha Marcich,83.95238095238095,21.0,90.0
2026-08-29,p_0YK7Rt,Sasha Marcich,84.22727272727273,22.0,90.0
2026-09-06,p_0YK7Rt,Sasha Marcich,84.47826086956522,23.0,90.0
2026-09-14,p_0YK7Rt,Sasha Marcich,84.70833333333333,24.0,90.0
2026-09-14,p_0YK7Rt,Sasha Marcich,84.92,25.0,90.0
2026-07-25,p_0YLsCx,Yeison Moreno,,0.0,
2026-07-29,p_0YLsCx,Yeison Moreno,58.0,1.0,58.0
2026-08-01,p_0YLsCx,Yeison Moreno,59.5,2.0,59.5
2026-08-08,p_0YLsCx,Yeison Moreno,58.666666666666664,3.0,58.666666666666664
2026-08-17,p_0YLsCx,Yeison Moreno,61.0,4.0,61.0
2026-08-21,p_0YLsCx,Yeison Moreno,60.2,5.0,60.2
2026-01-24,p_0YyuFZ,Nazareno Colombo,,0.0,
2026-01-28,p_0YyuFZ,Nazareno Colombo,69.0,1.0,69.0
2026-02-02,p_0YyuFZ,Nazareno Colombo,70.0,2.0,70.0
2026-03-04,p_0YyuFZ,Nazareno Colombo,73.33333333333333,3.0,73.33333333333333
2026-03-11,p_0YyuFZ,Nazareno Colombo,58.0,4.0,58.0
2026-03-16,p_0YyuFZ,Nazareno Colombo,51.4,5.0,51.4
2026-03-22,p_0YyuFZ,Nazareno Colombo,54.0,6.0,51.0
2026-04-19,p_0YyuFZ,Nazareno Colombo,47.0,7.0,37.8
2026-05-13,p_0YyuFZ,Nazareno Colombo,52.375,8.0,39.8
2026-07-24,p_0YyuFZ,Nazareno Colombo,48.888888888888886,9.0,41.6
2026-07-29,p_0YyuFZ,Nazareno Colombo,53.0,10.0,54.6
2026-08-01,p_0YyuFZ,Nazareno Colombo,56.36363636363637,11.0,59.2
2026-08-09,p_0YyuFZ,Nazareno Colombo,55.5,12.0,67.4
2026-01-22,p_0ZM9a1,Abiel Osorio,,0.0,
2026-01-29,p_0ZM9a1,Abiel Osorio,26.0,1.0,26.0
2026-02-02,p_0ZM9a1,Abiel Osorio,57.5,2.0,57.5
2026-03-12,p_0ZM9a1,Abiel Osorio,53.0,3.0,53.0
2026-02-25,p_0ZUeue,Thiago Silvero,,0.0,
2026-03-10,p_0ZUeue,Thiago Silvero,10.0,1.0,10.0
2026-03-14,p_0ZUeue,Thiago Silvero,50.0,2.0,50.0
2026-03-21,p_0ZUeue,Thiago Silvero,63.333333333333336,3.0,63.333333333333336
2026-07-24,p_0ZUeue,Thiago Silvero,48.5,4.0,48.5
2026-07-30,p_0ZUeue,Thiago Silvero,56.8,5.0,56.8
2026-08-08,p_0ZUeue,Thiago Silvero,62.333333333333336,6.0,72.8
2026-08-17,p_0ZUeue,Thiago Silvero,66.28571428571429,7.0,72.8
2026-08-23,p_0ZUeue,Thiago Silvero,69.25,8.0,72.8
2026-08-29,p_0ZUeue,Thiago Silvero,71.55555555555556,9.0,90.0
2026-09-06,p_0ZUeue,Thiago Silvero,73.4,10.0,90.0
2026-09-11,p_0ZUeue,Thiago Silvero,74.9090909090909,11.0,90.0
2026-01-22,p_0ZcWJC,Nazareno Roselli,,0.0,
2026-01-29,p_0ZcWJC,Nazareno Roselli,1.0,1.0,1.0
2026-02-24,p_0ZcWJC,Nazareno Roselli,1.0,2.0,1.0
2026-03-10,p_0ZgxsX,Lucas Menossi,,0.0,
2026-04-17,p_0ZgxsX,Lucas Menossi,4.0,1.0,4.0
2026-05-02,p_0ZgxsX,Lucas Menossi,16.0,2.0,16.0
2026-05-10,p_0ZgxsX,Lucas Menossi,21.0,3.0,21.0
2026-05-12,p_0ZgxsX,Lucas Menossi,18.0,4.0,18.0
2026-07-25,p_0ZgxsX,Lucas Menossi,18.6,5.0,18.6
2026-08-01,p_0ZgxsX,Lucas Menossi,30.333333333333332,6.0,35.6
2026-08-06,p_0ZgxsX,Lucas Menossi,38.857142857142854,7.0,48.0
2026-08-11,p_0ZgxsX,Lucas Menossi,44.25,8.0,58.2
2026-08-15,p_0ZgxsX,Lucas Menossi,49.22222222222222,9.0,74.2
2026-08-21,p_0ZgxsX,Lucas Menossi,52.1,10.0,85.6
2026-08-28,p_0ZgxsX,Lucas Menossi,55.54545454545455,11.0,85.8
2026-09-08,p_0ZgxsX,Lucas Menossi,57.416666666666664,12.0,83.4
2026-09-12,p_0ZgxsX,Lucas Menossi,59.84615384615385,13.0,84.8
2026-01-22,p_0Zmsp3,Mauro Méndez,,0.0,
2026-01-30,p_0Zmsp3,Mauro Méndez,81.0,1.0,81.0
2026-02-03,p_0Zmsp3,Mauro Méndez,85.5,2.0,85.5
2026-02-08,p_0Zmsp3,Mauro Méndez,86.66666666666667,3.0,86.66666666666667
2026-02-14,p_0Zmsp3,Mauro Méndez,87.5,4.0,87.5
2026-02-21,p_0Zmsp3,Mauro Méndez,85.4,5.0,85.4
2026-02-26,p_0Zmsp3,Mauro Méndez,84.66666666666667,6.0,85.4
2026-03-03,p_0Zmsp3,Mauro Méndez,85.42857142857143,7.0,85.4
2026-03-11,p_0Zmsp3,Mauro Méndez,86.0,8.0,85.6
2026-03-15,p_0Zmsp3,Mauro Méndez,86.44444444444444,9.0,85.6
2026-03-21,p_0Zmsp3,Mauro Méndez,85.5,10.0,85.6
2026-04-06,p_0Zmsp3,Mauro Méndez,85.36363636363636,11.0,86.2
2026-04-13,p_0Zmsp3,Mauro Méndez,85.75,12.0,86.2
2026-04-20,p_0Zmsp3,Mauro Méndez,86.07692307692308,13.0,86.2
2026-04-26,p_0Zmsp3,Mauro Méndez,86.35714285714286,14.0,86.2
2026-05-02,p_0Zmsp3,Mauro Méndez,86.6,15.0,88.8
2026-08-15,p_0Zmsp3,Mauro Méndez,86.125,16.0,87.8
2026-08-24,p_0Zmsp3,Mauro Méndez,85.76470588235294,17.0,85.8
2026-09-01,p_0Zmsp3,Mauro Méndez,85.33333333333333,18.0,83.4
2026-09-05,p_0Zmsp3,Mauro Méndez,84.94736842105263,19.0,81.0
2026-09-13,p_0Zmsp3,Mauro Méndez,82.95,20.0,72.0
2026-01-28,p_0ZteUQ,Guillermo Enrique,,0.0,
2026-02-12,p_0ZteUQ,Guillermo Enrique,29.0,1.0,29.0
2026-02-23,p_0ZteUQ,Guillermo Enrique,37.0,2.0,37.0
2026-03-03,p_0ZteUQ,Guillermo Enrique,26.666666666666668,3.0,26.666666666666668
2026-03-16,p_0ZteUQ,Guillermo Enrique,38.5,4.0,38.5
2026-03-22,p_0ZteUQ,Guillermo Enrique,32.4,5.0,32.4
2026-03-31,p_0ZteUQ,Guillermo Enrique,32.5,6.0,33.2
2026-01-28,p_0a8sV7,Nicolás Zalazar,,0.0,
2026-02-02,p_0a8sV7,Nicolás Zalazar,90.0,1.0,90.0
2026-02-07,p_0a8sV7,Nicolás Zalazar,90.0,2.0,90.0
2026-02-12,p_0a8sV7,Nicolás Zalazar,90.0,3.0,90.0
2026-02-23,p_0a8sV7,Nicolás Zalazar,90.0,4.0,90.0
2026-03-03,p_0a8sV7,Nicolás Zalazar,88.8,5.0,88.8
2026-03-12,p_0a8sV7,Nicolás Zalazar,89.0,6.0,88.8
2026-03-16,p_0a8sV7,Nicolás Zalazar,89.14285714285714,7.0,88.8
2026-03-22,p_0a8sV7,Nicolás Zalazar,89.25,8.0,88.8
2026-03-31,p_0a8sV7,Nicolás Zalazar,89.33333333333333,9.0,88.8
2026-04-04,p_0a8sV7,Nicolás Zalazar,89.4,10.0,90.0
2026-04-19,p_0a8sV7,Nicolás Zalazar,88.54545454545455,11.0,88.0
2026-04-26,p_0a8sV7,Nicolás Zalazar,88.66666666666667,12.0,88.0
2026-05-03,p_0a8sV7,Nicolás Zalazar,88.76923076923077,13.0,88.0
2026-07-24,p_0a8sV7,Nicolás Zalazar,88.85714285714286,14.0,88.0
2026-07-29,p_0a8sV7,Nicolás Zalazar,88.93333333333334,15.0,88.0
2026-08-02,p_0a8sV7,Nicolás Zalazar,89.0,16.0,90.0
2026-08-07,p_0a8sV7,Nicolás Zalazar,89.05882352941177,17.0,90.0
2026-08-30,p_0a8sV7,Nicolás Zalazar,89.11111111111111,18.0,90.0
2026-09-05,p_0a8sV7,Nicolás Zalazar,89.15789473684211,19.0,90.0
2026-03-03,p_0aF5io,Facundo Cobos,,0.0,
2026-03-12,p_0aF5io,Facundo Cobos,45.0,1.0,45.0
2026-03-22,p_0aF5io,Facundo Cobos,59.0,2.0,59.0
2026-04-04,p_0aF5io,Facundo Cobos,54.333333333333336,3.0,54.333333333333336
2026-04-12,p_0aF5io,Facundo Cobos,59.5,4.0,59.5
2026-04-18,p_0aF5io,Facundo Cobos,62.0,5.0,62.0
2026-04-24,p_0aF5io,Facundo Cobos,66.66666666666667,6.0,71.0
2026-05-05,p_0aF5io,Facundo Cobos,69.28571428571429,7.0,73.4
2026-07-25,p_0aF5io,Facundo Cobos,71.0,8.0,81.0
2026-07-29,p_0aF5io,Facundo Cobos,70.66666666666667,9.0,79.6
2026-08-01,p_0aF5io,Facundo Cobos,72.2,10.0,82.4
2026-08-29,p_0aF5io,Facundo Cobos,66.63636363636364,11.0,66.6
2026-08-08,p_0aKkyA,Valente Pierani,,0.0,
2026-08-23,p_0aKkyA,Valente Pierani,60.0,1.0,60.0
2026-09-12,p_0aKkyA,Valente Pierani,75.0,2.0,75.0
2026-08-09,p_0aaaPP,Nicolás Blanco,,0.0,
2026-08-15,p_0aaaPP,Nicolás Blanco,63.0,1.0,63.0
2026-02-04,p_0afatN,Gastón Lodico,,0.0,
2026-02-09,p_0afatN,Gastón Lodico,59.0,1.0,59.0
2026-02-16,p_0afatN,Gastón Lodico,62.0,2.0,62.0
2026-02-20,p_0afatN,Gastón Lodico,68.66666666666667,3.0,68.66666666666667
2026-02-24,p_0afatN,Gastón Lodico,73.0,4.0,73.0
2026-03-01,p_0afatN,Gastón Lodico,76.4,5.0,76.4
2026-03-12,p_0afatN,Gastón Lodico,78.66666666666667,6.0,82.6
2026-03-17,p_0afatN,Gastón Lodico,78.28571428571429,7.0,84.8
2026-03-22,p_0afatN,Gastón Lodico,78.5,8.0,84.4
2026-04-07,p_0afatN,Gastón Lodico,79.33333333333333,9.0,84.4
2026-04-11,p_0afatN,Gastón Lodico,79.1,10.0,81.8
2026-04-18,p_0afatN,Gastón Lodico,79.36363636363636,11.0,80.2
2026-04-26,p_0afatN,Gastón Lodico,79.25,12.0,80.6
2026-05-05,p_0afatN,Gastón Lodico,79.38461538461539,13.0,80.8
2026-08-03,p_0afatN,Gastón Lodico,79.0,14.0,78.4
2026-08-14,p_0afatN,Gastón Lodico,74.73333333333333,15.0,66.0
2026-08-24,p_0afatN,Gastón Lodico,71.9375,16.0,55.6
2026-09-07,p_0afatN,Gastón Lodico,71.0,17.0,51.2
2026-09-14,p_0afatN,Gastón Lodico,70.33333333333333,18.0,46.8
2026-09-14,p_0afatN,Gastón Lodico,70.94736842105263,19.0,48.4
2026-01-24,p_0aq8MN,Maxi Puig,,0.0,
2026-02-09,p_0aq8MN,Maxi Puig,19.0,1.0,19.0
2026-07-29,p_0aq8MN,Maxi Puig,10.5,2.0,10.5
2026-08-02,p_0aq8MN,Maxi Puig,7.333333333333333,3.0,7.333333333333333
2026-01-24,p_0cCrOD,Nicolás Laméndola,,0.0,
2026-01-28,p_0cCrOD,Nicolás Laméndola,89.0,1.0,89.0
2026-02-01,p_0cCrOD,Nicolás Laméndola,88.5,2.0,88.5
2026-02-08,p_0cCrOD,Nicolás Laméndola,87.0,3.0,87.0
2026-02-15,p_0cCrOD,Nicolás Laméndola,82.75,4.0,82.75
2026-02-20,p_0cCrOD,Nicolás Laméndola,84.2,5.0,84.2
2026-02-25,p_0cCrOD,Nicolás Laméndola,83.83333333333333,6.0,82.8
2026-03-04,p_0cCrOD,Nicolás Laméndola,80.28571428571429,7.0,77.0
2026-03-12,p_0cCrOD,Nicolás Laméndola,72.625,8.0,64.0
2026-03-21,p_0cCrOD,Nicolás Laméndola,67.77777777777777,9.0,55.8
2026-04-05,p_0cCrOD,Nicolás Laméndola,70.0,10.0,55.8
2026-04-12,p_0cCrOD,Nicolás Laméndola,71.27272727272727,11.0,56.2
2026-04-19,p_0cCrOD,Nicolás Laméndola,72.75,12.0,62.2
2026-04-26,p_0cCrOD,Nicolás Laméndola,73.61538461538461,13.0,75.2
2026-05-03,p_0cCrOD,Nicolás Laméndola,73.64285714285714,14.0,84.2
2026-07-26,p_0cCrOD,Nicolás Laméndola,74.66666666666667,15.0,84.0
2026-08-04,p_0cCrOD,Nicolás Laméndola,75.0625,16.0,83.4
2026-08-08,p_0cCrOD,Nicolás Laméndola,73.70588235294117,17.0,76.0
2026-08-17,p_0cCrOD,Nicolás Laméndola,74.05555555555556,18.0,75.2
2026-08-22,p_0cCrOD,Nicolás Laméndola,74.84210526315789,19.0,78.2
2026-08-30,p_0cCrOD,Nicolás Laméndola,75.25,20.0,77.0
2026-09-07,p_0cCrOD,Nicolás Laméndola,75.95238095238095,21.0,78.8
2026-09-12,p_0cCrOD,Nicolás Laméndola,76.5909090909091,22.0,86.4
2026-07-23,p_0cTrXS,Gastón González,,0.0,
2026-07-28,p_0cTrXS,Gastón González,1.0,1.0,1.0
2026-08-08,p_0cTrXS,Gastón González,15.0,2.0,15.0
2026-08-16,p_0cTrXS,Gastón González,13.333333333333334,3.0,13.333333333333334
2026-08-23,p_0cTrXS,Gastón González,13.75,4.0,13.75
2026-08-28,p_0cTrXS,Gastón González,15.4,5.0,15.4
2026-09-04,p_0cTrXS,Gastón González,16.833333333333332,6.0,20.0
2026-09-13,p_0cTrXS,Gastón González,21.285714285714285,7.0,23.8
2026-01-23,p_0ciPTe,Diego Barrera,,0.0,
2026-01-28,p_0ciPTe,Diego Barrera,70.0,1.0,70.0
2026-01-31,p_0ciPTe,Diego Barrera,74.5,2.0,74.5
2026-02-07,p_0ciPTe,Diego Barrera,58.666666666666664,3.0,58.666666666666664
2026-02-16,p_0ciPTe,Diego Barrera,56.75,4.0,56.75
2026-02-24,p_0ciPTe,Diego Barrera,49.8,5.0,49.8
2026-02-28,p_0ciPTe,Diego Barrera,49.0,6.0,44.8
2026-03-12,p_0ciPTe,Diego Barrera,51.57142857142857,7.0,42.4
2026-03-18,p_0ciPTe,Diego Barrera,56.375,8.0,55.0
2026-03-23,p_0ciPTe,Diego Barrera,57.77777777777778,9.0,58.6
2026-04-05,p_0ciPTe,Diego Barrera,61.0,10.0,72.2
2026-04-14,p_0ciPTe,Diego Barrera,63.63636363636363,11.0,81.2
2026-04-20,p_0ciPTe,Diego Barrera,64.25,12.0,82.0
2026-04-24,p_0ciPTe,Diego Barrera,66.23076923076923,13.0,82.0
2026-05-02,p_0ciPTe,Diego Barrera,67.92857142857143,14.0,86.2
2026-07-24,p_0ciPTe,Diego Barrera,69.4,15.0,86.2
2026-07-31,p_0ciPTe,Diego Barrera,70.6875,16.0,86.2
2026-08-04,p_0ciPTe,Diego Barrera,71.82352941176471,17.0,90.0
2026-08-11,p_0ciPTe,Diego Barrera,72.83333333333333,18.0,90.0
2026-08-16,p_0ciPTe,Diego Barrera,73.57894736842105,19.0,89.4
2026-08-24,p_0ciPTe,Diego Barrera,74.4,20.0,89.4
2026-08-30,p_0ciPTe,Diego Barrera,74.80952380952381,21.0,88.0
2026-09-06,p_0ciPTe,Diego Barrera,75.0909090909091,22.0,86.2
2026-09-12,p_0ciPTe,Diego Barrera,75.04347826086956,23.0,83.0
2026-01-28,p_0dGmfh,Junior Arias,,0.0,
2026-02-02,p_0dGmfh,Junior Arias,90.0,1.0,90.0
2026-02-07,p_0dGmfh,Junior Arias,90.0,2.0,90.0
2026-02-12,p_0dGmfh,Junior Arias,90.0,3.0,90.0
2026-02-23,p_0dGmfh,Junior Arias,90.0,4.0,90.0
2026-03-03,p_0dGmfh,Junior Arias,86.2,5.0,86.2
2026-03-16,p_0dGmfh,Junior Arias,79.33333333333333,6.0,77.2
2026-03-22,p_0dGmfh,Junior Arias,68.14285714285714,7.0,59.4
2026-03-31,p_0dGmfh,Junior Arias,68.0,8.0,54.8
2026-04-04,p_0dGmfh,Junior Arias,62.55555555555556,9.0,40.6
2026-04-11,p_0dGmfh,Junior Arias,62.5,10.0,38.8
2026-02-25,p_0dtSF3,Lucas Alario,,0.0,
2026-04-11,p_0dtSF3,Lucas Alario,5.0,1.0,5.0
2026-05-03,p_0dtSF3,Lucas Alario,11.0,2.0,11.0
2026-05-10,p_0dtSF3,Lucas Alario,37.333333333333336,3.0,37.333333333333336
2026-07-26,p_0dtSF3,Lucas Alario,28.25,4.0,28.25
2026-08-01,p_0dtSF3,Lucas Alario,23.6,5.0,23.6
2026-08-05,p_0dtSF3,Lucas Alario,21.333333333333332,6.0,24.6
2026-08-23,p_0dtSF3,Lucas Alario,18.857142857142858,7.0,22.0
2026-03-04,p_0ffQti,Damián Pizarro,,0.0,
2026-03-11,p_0ffQti,Damián Pizarro,59.0,1.0,59.0
2026-01-22,p_0flG1Q,Lucas Palavecino,,0.0,
2026-01-30,p_0flG1Q,Lucas Palavecino,9.0,1.0,9.0
2026-02-08,p_0flG1Q,Lucas Palavecino,19.0,2.0,19.0
2026-03-21,p_0foRei,Máximo Cabrera,,0.0,
2026-03-04,p_0fwM0U,Ignacio Rodríguez,,0.0,
2026-05-10,p_0fwM0U,Ignacio Rodríguez,6.0,1.0,6.0
2026-07-24,p_0fwM0U,Ignacio Rodríguez,3.5,2.0,3.5
2026-07-29,p_0fwM0U,Ignacio Rodríguez,12.666666666666666,3.0,12.666666666666666
2026-08-01,p_0fwM0U,Ignacio Rodríguez,32.0,4.0,32.0
2026-08-09,p_0fwM0U,Ignacio Rodríguez,43.6,5.0,43.6
2026-08-14,p_0fwM0U,Ignacio Rodríguez,51.333333333333336,6.0,60.4
2026-08-24,p_0fwM0U,Ignacio Rodríguez,56.857142857142854,7.0,78.2
2026-09-07,p_0fwM0U,Ignacio Rodríguez,59.25,8.0,87.2
2026-09-14,p_0fwM0U,Ignacio Rodríguez,62.666666666666664,9.0,87.2
2026-09-14,p_0fwM0U,Ignacio Rodríguez,65.4,10.0,87.2
2026-01-26,p_0gjjEz,Lautaro Giaccone,,0.0,
2026-02-03,p_0gjjEz,Lautaro Giaccone,90.0,1.0,90.0
2026-02-07,p_0gjjEz,Lautaro Giaccone,86.5,2.0,86.5
2026-02-13,p_0gjjEz,Lautaro Giaccone,68.33333333333333,3.0,68.33333333333333
2026-03-01,p_0gjjEz,Lautaro Giaccone,58.25,4.0,58.25
2026-03-23,p_0gjjEz,Lautaro Giaccone,57.8,5.0,57.8
2026-03-31,p_0gjjEz,Lautaro Giaccone,48.5,6.0,40.2
2026-04-19,p_0gjjEz,Lautaro Giaccone,44.142857142857146,7.0,27.2
2026-04-28,p_0gjjEz,Lautaro Giaccone,41.375,8.0,25.2
2026-05-03,p_0gjjEz,Lautaro Giaccone,37.111111111111114,9.0,20.2
2026-05-13,p_0gjjEz,Lautaro Giaccone,35.3,10.0,12.8
2026-01-24,p_0gsu1O,Nicolás Bolcato,,0.0,
2026-01-27,p_0gsu1O,Nicolás Bolcato,90.0,1.0,90.0
2026-02-04,p_0gsu1O,Nicolás Bolcato,90.0,2.0,90.0
2026-02-10,p_0gsu1O,Nicolás Bolcato,90.0,3.0,90.0
2026-02-15,p_0gsu1O,Nicolás Bolcato,90.0,4.0,90.0
2026-02-21,p_0gsu1O,Nicolás Bolcato,90.0,5.0,90.0
2026-02-26,p_0gsu1O,Nicolás Bolcato,90.0,6.0,90.0
2026-03-03,p_0gsu1O,Nicolás Bolcato,90.0,7.0,90.0
2026-03-12,p_0gsu1O,Nicolás Bolcato,90.0,8.0,90.0
2026-03-15,p_0gsu1O,Nicolás Bolcato,90.0,9.0,90.0
2026-03-23,p_0gsu1O,Nicolás Bolcato,88.6,10.0,87.2
2026-04-02,p_0gsu1O,Nicolás Bolcato,88.72727272727273,11.0,87.2
2026-04-11,p_0gsu1O,Nicolás Bolcato,88.83333333333333,12.0,87.2
2026-04-20,p_0gsu1O,Nicolás Bolcato,88.92307692307692,13.0,87.2
2026-04-26,p_0gsu1O,Nicolás Bolcato,89.0,14.0,87.2
2026-05-10,p_0gsu1O,Nicolás Bolcato,89.06666666666666,15.0,90.0
2026-07-26,p_0gsu1O,Nicolás Bolcato,89.125,16.0,90.0
2026-07-30,p_0gsu1O,Nicolás Bolcato,89.17647058823529,17.0,90.0
2026-08-08,p_0gsu1O,Nicolás Bolcato,89.22222222222223,18.0,90.0
2026-08-22,p_0gsu1O,Nicolás Bolcato,89.26315789473684,19.0,90.0
2026-08-31,p_0gsu1O,Nicolás Bolcato,89.3,20.0,90.0
2026-09-06,p_0gsu1O,Nicolás Bolcato,89.33333333333333,21.0,90.0
2026-09-12,p_0gsu1O,Nicolás Bolcato,89.36363636363636,22.0,90.0
2026-08-01,p_0gtMnj,Ramiro Gagliardi,,0.0,
2026-04-17,p_0h46on,Fabian Noguera,,0.0,
2026-04-26,p_0h46on,Fabian Noguera,25.0,1.0,25.0
2026-01-24,p_0hLVOV,Franco Garcia,,0.0,
2026-01-28,p_0hLVOV,Franco Garcia,10.0,1.0,10.0
2026-02-01,p_0hLVOV,Franco Garcia,19.0,2.0,19.0
2026-02-08,p_0hLVOV,Franco Garcia,20.333333333333332,3.0,20.333333333333332
2026-03-01,p_0hLVOV,Franco Garcia,20.0,4.0,20.0
2026-04-05,p_0hLVOV,Franco Garcia,20.8,5.0,20.8
2026-04-12,p_0hLVOV,Franco Garcia,28.5,6.0,32.2
2026-05-04,p_0hLVOV,Franco Garcia,30.857142857142858,7.0,35.6
2026-01-25,p_0hv5Lo,Ander Herrera,,0.0,
2026-01-29,p_0hv5Lo,Ander Herrera,79.0,1.0,79.0
2026-02-01,p_0hv5Lo,Ander Herrera,62.0,2.0,62.0
2026-02-28,p_0hv5Lo,Ander Herrera,65.0,3.0,65.0
2026-03-16,p_0hv5Lo,Ander Herrera,52.5,4.0,52.5
2026-03-22,p_0hv5Lo,Ander Herrera,49.8,5.0,49.8
2026-04-02,p_0hv5Lo,Ander Herrera,53.333333333333336,6.0,48.2
2026-04-11,p_0hv5Lo,Ander Herrera,54.42857142857143,7.0,51.4
2026-04-19,p_0hv5Lo,Ander Herrera,56.25,8.0,51.0
2026-01-28,p_0i1DU3,Nicolás Goitea,,0.0,
2026-02-01,p_0i1DU3,Nicolás Goitea,90.0,1.0,90.0
2026-02-16,p_0i1DU3,Nicolás Goitea,90.0,2.0,90.0
2026-02-25,p_0i1DU3,Nicolás Goitea,75.0,3.0,75.0
2026-03-01,p_0i1DU3,Nicolás Goitea,78.75,4.0,78.75
2026-03-11,p_0i1DU3,Nicolás Goitea,81.0,5.0,81.0
2026-03-17,p_0i1DU3,Nicolás Goitea,82.5,6.0,81.0
2026-03-21,p_0i1DU3,Nicolás Goitea,83.57142857142857,7.0,81.0
2026-04-17,p_0i1DU3,Nicolás Goitea,84.375,8.0,90.0
2026-05-04,p_0i1DU3,Nicolás Goitea,85.0,9.0,90.0
2026-07-25,p_0i1DU3,Nicolás Goitea,85.5,10.0,90.0
2026-08-02,p_0i1DU3,Nicolás Goitea,85.9090909090909,11.0,90.0
2026-01-22,p_0i7rxV,Santiago Dalmasso,,0.0,
2026-02-01,p_0i7rxV,Santiago Dalmasso,11.0,1.0,11.0
2026-02-08,p_0i7rxV,Santiago Dalmasso,8.0,2.0,8.0
2026-02-15,p_0i7rxV,Santiago Dalmasso,12.0,3.0,12.0
2026-02-21,p_0i7rxV,Santiago Dalmasso,12.0,4.0,12.0
2026-04-01,p_0i7rxV,Santiago Dalmasso,18.6,5.0,18.6
2026-01-22,p_0iuC7I,Leonardo Gil,,0.0,
2026-01-27,p_0iuC7I,Leonardo Gil,90.0,1.0,90.0
2026-02-01,p_0iuC7I,Leonardo Gil,90.0,2.0,90.0
2026-02-08,p_0iuC7I,Leonardo Gil,78.33333333333333,3.0,78.33333333333333
2026-02-14,p_0iuC7I,Leonardo Gil,81.0,4.0,81.0
2026-02-21,p_0iuC7I,Leonardo Gil,82.6,5.0,82.6
2026-02-26,p_0iuC7I,Leonardo Gil,83.33333333333333,6.0,82.0
2026-03-03,p_0iuC7I,Leonardo Gil,84.28571428571429,7.0,82.0
2026-03-13,p_0iuC7I,Leonardo Gil,85.0,8.0,89.0
2026-03-16,p_0iuC7I,Leonardo Gil,85.55555555555556,9.0,89.2
2026-03-24,p_0iuC7I,Leonardo Gil,85.2,10.0,87.8
2026-04-05,p_0iuC7I,Leonardo Gil,85.63636363636364,11.0,88.4
2026-04-12,p_0iuC7I,Leonardo Gil,81.0,12.0,76.4
2026-04-21,p_0iuC7I,Leonardo Gil,76.61538461538461,13.0,63.2
2026-04-28,p_0iuC7I,Leonardo Gil,77.57142857142857,14.0,63.2
2026-05-03,p_0iuC7I,Leonardo Gil,78.0,15.0,63.6
2026-05-09,p_0iuC7I,Leonardo Gil,74.75,16.0,50.8
2026-05-13,p_0iuC7I,Leonardo Gil,75.17647058823529,17.0,61.2
2026-07-25,p_0iuC7I,Leonardo Gil,77.66666666666667,18.0,80.4
2026-07-30,p_0iuC7I,Leonardo Gil,78.26315789473684,19.0,80.2
2026-08-04,p_0iuC7I,Leonardo Gil,78.85,20.0,81.4
2026-08-09,p_0iuC7I,Leonardo Gil,79.33333333333333,21.0,94.0
2026-08-16,p_0iuC7I,Leonardo Gil,79.81818181818181,22.0,95.6
2026-08-29,p_0iuC7I,Leonardo Gil,76.73913043478261,23.0,73.4
2026-09-04,p_0iuC7I,Leonardo Gil,74.58333333333333,24.0,60.6
2026-09-14,p_0iuC7I,Leonardo Gil,74.32,25.0,56.2
2026-09-14,p_0iuC7I,Leonardo Gil,71.65384615384616,26.0,39.4
2026-01-22,p_0ivFZd,Juan Saborido,,0.0,
2026-01-26,p_0ivFZd,Juan Saborido,83.0,1.0,83.0
2026-02-01,p_0ivFZd,Juan Saborido,86.5,2.0,86.5
2026-02-08,p_0ivFZd,Juan Saborido,87.66666666666667,3.0,87.66666666666667
2026-02-15,p_0ivFZd,Juan Saborido,88.25,4.0,88.25
2026-02-21,p_0ivFZd,Juan Saborido,88.6,5.0,88.6
2026-02-24,p_0ivFZd,Juan Saborido,88.83333333333333,6.0,90.0
2026-03-02,p_0ivFZd,Juan Saborido,89.0,7.0,90.0
2026-03-11,p_0ivFZd,Juan Saborido,89.125,8.0,90.0
2026-03-14,p_0ivFZd,Juan Saborido,89.22222222222223,9.0,90.0
2026-03-23,p_0ivFZd,Juan Saborido,89.3,10.0,90.0
2026-04-01,p_0ivFZd,Juan Saborido,89.36363636363636,11.0,90.0
2026-04-20,p_0ivFZd,Juan Saborido,89.41666666666667,12.0,90.0
2026-04-25,p_0ivFZd,Juan Saborido,89.46153846153847,13.0,90.0
2026-05-03,p_0ivFZd,Juan Saborido,86.28571428571429,14.0,81.0
2026-07-30,p_0ivFZd,Juan Saborido,86.53333333333333,15.0,81.0
2026-08-09,p_0ivFZd,Juan Saborido,83.0,16.0,69.0
2026-08-23,p_0ivFZd,Juan Saborido,83.41176470588235,17.0,69.0
2026-08-31,p_0ivFZd,Juan Saborido,83.77777777777777,18.0,69.0
2026-09-04,p_0ivFZd,Juan Saborido,80.89473684210526,19.0,65.8
2026-09-12,p_0ivFZd,Juan Saborido,81.1,20.0,64.8
2026-01-29,p_0jBQTV,Walter Bou,,0.0,
2026-02-09,p_0jBQTV,Walter Bou,22.0,1.0,22.0
2026-02-13,p_0jBQTV,Walter Bou,11.5,2.0,11.5
2026-03-02,p_0jBQTV,Walter Bou,35.0,3.0,35.0
2026-03-05,p_0jBQTV,Walter Bou,43.75,4.0,43.75
2026-03-13,p_0jBQTV,Walter Bou,49.4,5.0,49.4
2026-03-17,p_0jBQTV,Walter Bou,52.333333333333336,6.0,58.4
2026-03-21,p_0jBQTV,Walter Bou,55.857142857142854,7.0,73.6
2026-03-27,p_0jBQTV,Walter Bou,57.25,8.0,70.6
2026-05-02,p_0jBQTV,Walter Bou,58.44444444444444,9.0,70.2
2026-05-10,p_0jBQTV,Walter Bou,58.5,10.0,67.6
2026-08-06,p_0jBQTV,Walter Bou,53.63636363636363,11.0,55.2
2026-02-14,p_0jI613,David Zalazar,,0.0,
2026-02-21,p_0jI613,David Zalazar,30.0,1.0,30.0
2026-02-26,p_0jI613,David Zalazar,37.5,2.0,37.5
2026-03-03,p_0jI613,David Zalazar,35.666666666666664,3.0,35.666666666666664
2026-03-11,p_0jI613,David Zalazar,38.0,4.0,38.0
2026-03-15,p_0jI613,David Zalazar,48.4,5.0,48.4
2026-03-21,p_0jI613,David Zalazar,51.166666666666664,6.0,55.4
2026-04-06,p_0jI613,David Zalazar,55.714285714285715,7.0,63.0
2026-04-13,p_0jI613,David Zalazar,59.125,8.0,73.2
2026-04-20,p_0jI613,David Zalazar,62.44444444444444,9.0,82.0
2026-04-26,p_0jI613,David Zalazar,62.5,10.0,76.6
2026-05-02,p_0jI613,David Zalazar,60.90909090909091,11.0,72.6
2026-07-25,p_0jI613,David Zalazar,61.583333333333336,12.0,69.8
2026-07-28,p_0jI613,David Zalazar,61.30769230769231,13.0,64.8
2026-08-01,p_0jI613,David Zalazar,62.0,14.0,61.2
2026-08-10,p_0jI613,David Zalazar,62.13333333333333,15.0,61.4
2026-08-23,p_0jI613,David Zalazar,62.25,16.0,65.2
2026-08-30,p_0jI613,David Zalazar,60.411764705882355,17.0,57.6
2026-09-05,p_0jI613,David Zalazar,57.833333333333336,18.0,48.8
2026-01-26,p_0jbZo9,Cristian Zabala,,0.0,
2026-01-30,p_0jbZo9,Cristian Zabala,75.0,1.0,75.0
2026-02-04,p_0jbZo9,Cristian Zabala,82.5,2.0,82.5
2026-02-08,p_0jbZo9,Cristian Zabala,85.0,3.0,85.0
2026-02-14,p_0jbZo9,Cristian Zabala,83.5,4.0,83.5
2026-02-20,p_0jbZo9,Cristian Zabala,84.8,5.0,84.8
2026-02-26,p_0jbZo9,Cristian Zabala,84.33333333333333,6.0,86.2
2026-03-03,p_0jbZo9,Cristian Zabala,84.71428571428571,7.0,85.6
2026-03-11,p_0jbZo9,Cristian Zabala,85.25,8.0,85.4
2026-03-15,p_0jbZo9,Cristian Zabala,85.77777777777777,9.0,87.6
2026-03-22,p_0jbZo9,Cristian Zabala,86.0,10.0,87.2
2026-04-02,p_0jbZo9,Cristian Zabala,85.18181818181819,11.0,86.2
2026-04-13,p_0jbZo9,Cristian Zabala,85.58333333333333,12.0,86.8
2026-04-19,p_0jbZo9,Cristian Zabala,85.23076923076923,13.0,85.2
2026-04-25,p_0jbZo9,Cristian Zabala,85.57142857142857,14.0,85.2
2026-05-03,p_0jbZo9,Cristian Zabala,84.93333333333334,15.0,82.8
2026-07-23,p_0jbZo9,Cristian Zabala,85.25,16.0,85.4
2026-07-28,p_0jbZo9,Cristian Zabala,85.52941176470588,17.0,85.4
2026-08-08,p_0jbZo9,Cristian Zabala,85.77777777777777,18.0,87.2
2026-08-23,p_0jbZo9,Cristian Zabala,86.0,19.0,87.2
2026-08-28,p_0jbZo9,Cristian Zabala,86.2,20.0,90.0
2026-09-04,p_0jbZo9,Cristian Zabala,86.38095238095238,21.0,90.0
2026-09-13,p_0jbZo9,Cristian Zabala,86.54545454545455,22.0,90.0
2026-01-24,p_0ji027,Leandro Díaz,,0.0,
2026-01-28,p_0ji027,Leandro Díaz,90.0,1.0,90.0
2026-02-01,p_0ji027,Leandro Díaz,90.0,2.0,90.0
2026-02-08,p_0ji027,Leandro Díaz,90.0,3.0,90.0
2026-02-15,p_0ji027,Leandro Díaz,90.0,4.0,90.0
2026-02-20,p_0ji027,Leandro Díaz,89.4,5.0,89.4
2026-03-12,p_0ji027,Leandro Díaz,81.83333333333333,6.0,80.2
2026-03-16,p_0ji027,Leandro Díaz,71.85714285714286,7.0,64.6
2026-03-21,p_0ji027,Leandro Díaz,67.125,8.0,53.4
2026-04-05,p_0ji027,Leandro Díaz,69.66666666666667,9.0,53.4
2026-04-12,p_0ji027,Leandro Díaz,71.7,10.0,54.0
2026-04-19,p_0ji027,Leandro Díaz,73.36363636363636,11.0,63.2
2026-04-26,p_0ji027,Leandro Díaz,74.75,12.0,78.8
2026-05-03,p_0ji027,Leandro Díaz,75.92307692307692,13.0,90.0
2026-07-26,p_0ji027,Leandro Díaz,76.85714285714286,14.0,89.8
2026-07-31,p_0ji027,Leandro Díaz,77.73333333333333,15.0,89.8
2026-08-04,p_0ji027,Leandro Díaz,78.4375,16.0,89.6
2026-08-30,p_0ji027,Leandro Díaz,76.05882352941177,17.0,79.2
2026-09-07,p_0ji027,Leandro Díaz,76.16666666666667,18.0,76.8
2026-09-12,p_0ji027,Leandro Díaz,76.42105263157895,19.0,75.2
2026-07-24,p_0kRKnI,Tomás Marchiori,,0.0,
2026-07-30,p_0kRKnI,Tomás Marchiori,90.0,1.0,90.0
2026-08-08,p_0kRKnI,Tomás Marchiori,90.0,2.0,90.0
2026-08-17,p_0kRKnI,Tomás Marchiori,90.0,3.0,90.0
2026-08-23,p_0kRKnI,Tomás Marchiori,90.0,4.0,90.0
2026-08-29,p_0kRKnI,Tomás Marchiori,90.0,5.0,90.0
2026-09-06,p_0kRKnI,Tomás Marchiori,90.0,6.0,90.0
2026-09-11,p_0kRKnI,Tomás Marchiori,90.0,7.0,90.0
2026-03-17,p_0kjymf,Agustín Massaccesi,,0.0,
2026-03-22,p_0kjymf,Agustín Massaccesi,81.0,1.0,81.0
2026-04-26,p_0kjymf,Agustín Massaccesi,74.5,2.0,74.5
2026-05-05,p_0kjymf,Agustín Massaccesi,79.33333333333333,3.0,79.33333333333333
2026-08-03,p_0kjymf,Agustín Massaccesi,63.5,4.0,63.5
2026-08-09,p_0kjymf,Agustín Massaccesi,68.8,5.0,68.8
2026-08-16,p_0kjymf,Agustín Massaccesi,61.666666666666664,6.0,57.8
2026-09-01,p_0kjymf,Agustín Massaccesi,56.57142857142857,7.0,49.4
2026-09-15,p_0kjymf,Agustín Massaccesi,50.125,8.0,32.6
2026-09-15,p_0kjymf,Agustín Massaccesi,48.666666666666664,9.0,36.8
2026-08-17,p_0kqzA5,Juan Giménez,,0.0,
2026-01-26,p_0kthqn,Carlos Villalba,,0.0,
2026-01-30,p_0kthqn,Carlos Villalba,33.0,1.0,33.0
2026-02-04,p_0kthqn,Carlos Villalba,48.5,2.0,48.5
2026-02-08,p_0kthqn,Carlos Villalba,53.0,3.0,53.0
2026-02-20,p_0kthqn,Carlos Villalba,42.5,4.0,42.5
2026-02-26,p_0kthqn,Carlos Villalba,47.8,5.0,47.8
2026-03-03,p_0kthqn,Carlos Villalba,47.333333333333336,6.0,50.2
2026-03-15,p_0kthqn,Carlos Villalba,40.714285714285715,7.0,37.6
2026-03-22,p_0kthqn,Carlos Villalba,44.0,8.0,38.6
2026-04-02,p_0kthqn,Carlos Villalba,49.0,9.0,54.2
2026-04-13,p_0kthqn,Carlos Villalba,52.2,10.0,56.6
2026-01-28,p_0lXOYJ,Baltasar Rodríguez,,0.0,
2026-02-02,p_0lXOYJ,Baltasar Rodríguez,19.0,1.0,19.0
2026-02-07,p_0lXOYJ,Baltasar Rodríguez,24.5,2.0,24.5
2026-02-14,p_0lXOYJ,Baltasar Rodríguez,39.333333333333336,3.0,39.333333333333336
2026-02-20,p_0lXOYJ,Baltasar Rodríguez,40.75,4.0,40.75
2026-02-26,p_0lXOYJ,Baltasar Rodríguez,46.0,5.0,46.0
2026-03-16,p_0lXOYJ,Baltasar Rodríguez,42.666666666666664,6.0,47.4
2026-04-04,p_0lXOYJ,Baltasar Rodríguez,40.714285714285715,7.0,47.2
2026-04-12,p_0lXOYJ,Baltasar Rodríguez,46.0,8.0,50.0
2026-04-19,p_0lXOYJ,Baltasar Rodríguez,47.44444444444444,9.0,52.8
2026-04-25,p_0lXOYJ,Baltasar Rodríguez,47.2,10.0,48.4
2026-05-03,p_0lXOYJ,Baltasar Rodríguez,45.54545454545455,11.0,49.0
2026-05-13,p_0lXOYJ,Baltasar Rodríguez,47.75,12.0,57.6
2026-07-29,p_0lXOYJ,Baltasar Rodríguez,48.53846153846154,13.0,52.6
2026-08-15,p_0lXOYJ,Baltasar Rodríguez,46.214285714285715,14.0,44.0
2026-08-31,p_0lXOYJ,Baltasar Rodríguez,47.2,15.0,47.2
2026-09-06,p_0lXOYJ,Baltasar Rodríguez,49.4375,16.0,58.0
2026-08-15,p_0lZVBC,Lautaro Morales,,0.0,
2026-01-24,p_0lnkFp,Dardo Federico Miloc,,0.0,
2026-01-28,p_0lnkFp,Dardo Federico Miloc,71.0,1.0,71.0
2026-02-09,p_0lnkFp,Dardo Federico Miloc,42.0,2.0,42.0
2026-02-16,p_0lnkFp,Dardo Federico Miloc,35.0,3.0,35.0
2026-02-21,p_0lnkFp,Dardo Federico Miloc,32.5,4.0,32.5
2026-02-25,p_0lnkFp,Dardo Federico Miloc,35.0,5.0,35.0
2026-03-01,p_0lnkFp,Dardo Federico Miloc,44.166666666666664,6.0,38.8
2026-03-12,p_0lnkFp,Dardo Federico Miloc,50.714285714285715,7.0,54.2
2026-03-16,p_0lnkFp,Dardo Federico Miloc,55.625,8.0,68.0
2026-03-24,p_0lnkFp,Dardo Federico Miloc,57.55555555555556,9.0,77.6
2026-04-02,p_0lnkFp,Dardo Federico Miloc,60.8,10.0,86.6
2026-04-12,p_0lnkFp,Dardo Federico Miloc,63.45454545454545,11.0,86.6
2026-04-20,p_0lnkFp,Dardo Federico Miloc,65.66666666666667,12.0,86.6
2026-04-25,p_0lnkFp,Dardo Federico Miloc,66.92307692307692,13.0,85.0
2026-05-02,p_0lnkFp,Dardo Federico Miloc,67.21428571428571,14.0,84.6
2026-07-25,p_0lnkFp,Dardo Federico Miloc,65.73333333333333,15.0,75.6
2026-07-29,p_0lnkFp,Dardo Federico Miloc,67.25,16.0,75.6
2026-08-02,p_0lnkFp,Dardo Federico Miloc,68.58823529411765,17.0,75.6
2026-08-09,p_0lnkFp,Dardo Federico Miloc,69.77777777777777,18.0,77.2
2026-08-17,p_0lnkFp,Dardo Federico Miloc,70.84210526315789,19.0,81.0
2026-09-01,p_0lnkFp,Dardo Federico Miloc,68.85,20.0,78.2
2026-09-07,p_0lnkFp,Dardo Federico Miloc,69.85714285714286,21.0,78.2
2026-09-14,p_0lnkFp,Dardo Federico Miloc,70.77272727272727,22.0,78.2
2026-09-14,p_0lnkFp,Dardo Federico Miloc,71.6086956521739,23.0,78.2
2026-02-04,p_0m4kQE,Mauricio Martínez,,0.0,
2026-02-08,p_0m4kQE,Mauricio Martínez,28.0,1.0,28.0
2026-02-14,p_0m4kQE,Mauricio Martínez,25.5,2.0,25.5
2026-02-20,p_0m4kQE,Mauricio Martínez,25.666666666666668,3.0,25.666666666666668
2026-02-26,p_0m4kQE,Mauricio Martínez,24.5,4.0,24.5
2026-03-03,p_0m4kQE,Mauricio Martínez,28.6,5.0,28.6
2026-03-11,p_0m4kQE,Mauricio Martínez,38.833333333333336,6.0,41.0
2026-04-02,p_0m4kQE,Mauricio Martínez,43.714285714285715,7.0,51.0
2026-04-13,p_0m4kQE,Mauricio Martínez,48.375,8.0,62.0
2026-04-19,p_0m4kQE,Mauricio Martínez,53.0,9.0,75.8
2026-04-25,p_0m4kQE,Mauricio Martínez,56.4,10.0,84.2
2026-05-03,p_0m4kQE,Mauricio Martínez,59.45454545454545,11.0,84.2
2026-07-28,p_0m4kQE,Mauricio Martínez,62.0,12.0,87.6
2026-08-08,p_0m4kQE,Mauricio Martínez,59.92307692307692,13.0,78.4
2026-08-16,p_0m4kQE,Mauricio Martínez,62.07142857142857,14.0,78.4
2026-08-23,p_0m4kQE,Mauricio Martínez,63.93333333333333,15.0,79.0
2026-08-28,p_0m4kQE,Mauricio Martínez,65.5625,16.0,79.0
2026-09-04,p_0m4kQE,Mauricio Martínez,67.0,17.0,79.0
2026-09-13,p_0m4kQE,Mauricio Martínez,68.27777777777777,18.0,90.0
2026-01-24,p_0mFzAI,Tomás Porra,,0.0,
2026-01-28,p_0mFzAI,Tomás Porra,72.0,1.0,72.0
2026-02-01,p_0mFzAI,Tomás Porra,81.0,2.0,81.0
2026-02-09,p_0mFzAI,Tomás Porra,81.33333333333333,3.0,81.33333333333333
2026-02-16,p_0mFzAI,Tomás Porra,83.5,4.0,83.5
2026-02-21,p_0mFzAI,Tomás Porra,81.4,5.0,81.4
2026-02-25,p_0mFzAI,Tomás Porra,78.16666666666667,6.0,79.4
2026-03-01,p_0mFzAI,Tomás Porra,79.71428571428571,7.0,79.2
2026-03-12,p_0mFzAI,Tomás Porra,80.875,8.0,80.6
2026-03-16,p_0mFzAI,Tomás Porra,81.88888888888889,9.0,80.6
2026-03-24,p_0mFzAI,Tomás Porra,82.7,10.0,84.0
2026-04-02,p_0mFzAI,Tomás Porra,79.27272727272727,11.0,80.6
2026-04-12,p_0mFzAI,Tomás Porra,76.41666666666667,12.0,71.8
2026-04-20,p_0mFzAI,Tomás Porra,77.46153846153847,13.0,72.0
2026-04-25,p_0mFzAI,Tomás Porra,76.92857142857143,14.0,68.0
2026-05-02,p_0mFzAI,Tomás Porra,77.8,15.0,68.0
2026-07-25,p_0mFzAI,Tomás Porra,78.5625,16.0,77.0
2026-07-29,p_0mFzAI,Tomás Porra,77.88235294117646,17.0,81.4
2026-08-02,p_0mFzAI,Tomás Porra,78.5,18.0,81.2
2026-08-09,p_0mFzAI,Tomás Porra,78.94736842105263,19.0,84.6
2026-08-17,p_0mFzAI,Tomás Porra,79.5,20.0,84.6
2026-08-23,p_0mFzAI,Tomás Porra,80.0,21.0,84.6
2026-09-01,p_0mFzAI,Tomás Porra,79.95454545454545,22.0,87.0
2026-09-07,p_0mFzAI,Tomás Porra,80.3913043478261,23.0,87.2
2026-09-14,p_0mFzAI,Tomás Porra,80.79166666666667,24.0,87.8
2026-09-14,p_0mFzAI,Tomás Porra,80.6,25.0,85.0
2026-01-25,p_0mTgY4,Juan Barinaga,,0.0,
2026-01-29,p_0mTgY4,Juan Barinaga,90.0,1.0,90.0
2026-02-01,p_0mTgY4,Juan Barinaga,90.0,2.0,90.0
2026-02-09,p_0mTgY4,Juan Barinaga,90.0,3.0,90.0
2026-02-15,p_0mTgY4,Juan Barinaga,85.75,4.0,85.75
2026-04-02,p_0mTgY4,Juan Barinaga,81.8,5.0,81.8
2026-04-11,p_0mTgY4,Juan Barinaga,83.16666666666667,6.0,81.8
2026-04-23,p_0mTgY4,Juan Barinaga,84.14285714285714,7.0,81.8
2026-05-02,p_0mTgY4,Juan Barinaga,84.875,8.0,81.8
2026-09-14,p_0mTgY4,Juan Barinaga,79.22222222222223,9.0,74.0
2026-09-14,p_0mTgY4,Juan Barinaga,75.9,10.0,70.0
2026-01-29,p_0mUgM6,Joaquín Tobio Burgos,,0.0,
2026-02-02,p_0mUgM6,Joaquín Tobio Burgos,76.0,1.0,76.0
2026-02-09,p_0mUgM6,Joaquín Tobio Burgos,60.5,2.0,60.5
2026-02-20,p_0mUgM6,Joaquín Tobio Burgos,55.333333333333336,3.0,55.333333333333336
2026-02-25,p_0mUgM6,Joaquín Tobio Burgos,58.5,4.0,58.5
2026-03-02,p_0mUgM6,Joaquín Tobio Burgos,50.4,5.0,50.4
2026-03-13,p_0mUgM6,Joaquín Tobio Burgos,42.5,6.0,35.8
2026-05-03,p_0mUgM6,Joaquín Tobio Burgos,45.57142857142857,7.0,39.6
2026-07-26,p_0mUgM6,Joaquín Tobio Burgos,40.375,8.0,31.4
2026-08-01,p_0mUgM6,Joaquín Tobio Burgos,43.888888888888886,9.0,32.2
2026-08-05,p_0mUgM6,Joaquín Tobio Burgos,48.5,10.0,46.6
2026-08-08,p_0mUgM6,Joaquín Tobio Burgos,49.54545454545455,11.0,58.0
2026-08-15,p_0mUgM6,Joaquín Tobio Burgos,46.333333333333336,12.0,47.4
2026-08-23,p_0mUgM6,Joaquín Tobio Burgos,49.69230769230769,13.0,64.6
2026-08-31,p_0mUgM6,Joaquín Tobio Burgos,47.92857142857143,14.0,55.2
2026-09-06,p_0mUgM6,Joaquín Tobio Burgos,49.666666666666664,15.0,52.0
2026-09-12,p_0mUgM6,Joaquín Tobio Burgos,48.125,16.0,45.0
2026-04-11,p_0nB8to,Felipe Tempone,,0.0,
2026-04-18,p_0nB8to,Felipe Tempone,1.0,1.0,1.0
2026-04-24,p_0nB8to,Felipe Tempone,3.0,2.0,3.0
2026-05-02,p_0nB8to,Felipe Tempone,10.0,3.0,10.0
2026-05-10,p_0nB8to,Felipe Tempone,7.75,4.0,7.75
2026-08-30,p_0nB8to,Felipe Tempone,6.4,5.0,6.4
2026-09-06,p_0nB8to,Felipe Tempone,20.333333333333332,6.0,24.2
2026-09-13,p_0nB8to,Felipe Tempone,30.285714285714285,7.0,41.2
2026-01-24,p_0naJM3,Nicolás Barros Schelotto,,0.0,
2026-01-28,p_0naJM3,Nicolás Barros Schelotto,90.0,1.0,90.0
2026-02-02,p_0naJM3,Nicolás Barros Schelotto,83.5,2.0,83.5
2026-02-09,p_0naJM3,Nicolás Barros Schelotto,85.66666666666667,3.0,85.66666666666667
2026-02-15,p_0naJM3,Nicolás Barros Schelotto,85.25,4.0,85.25
2026-02-21,p_0naJM3,Nicolás Barros Schelotto,80.8,5.0,80.8
2026-02-25,p_0naJM3,Nicolás Barros Schelotto,78.0,6.0,75.6
2026-03-02,p_0naJM3,Nicolás Barros Schelotto,77.28571428571429,7.0,74.8
2026-03-11,p_0naJM3,Nicolás Barros Schelotto,75.125,8.0,68.8
2026-03-15,p_0naJM3,Nicolás Barros Schelotto,75.88888888888889,9.0,68.4
2026-03-21,p_0naJM3,Nicolás Barros Schelotto,76.3,10.0,71.8
2026-04-05,p_0naJM3,Nicolás Barros Schelotto,75.9090909090909,11.0,73.4
2026-04-13,p_0naJM3,Nicolás Barros Schelotto,76.16666666666667,12.0,74.6
2026-04-18,p_0naJM3,Nicolás Barros Schelotto,75.15384615384616,13.0,75.2
2026-04-26,p_0naJM3,Nicolás Barros Schelotto,73.85714285714286,14.0,70.2
2026-05-03,p_0naJM3,Nicolás Barros Schelotto,73.53333333333333,15.0,68.0
2026-05-14,p_0naJM3,Nicolás Barros Schelotto,73.4375,16.0,68.0
2026-07-29,p_0naJM3,Nicolás Barros Schelotto,71.76470588235294,17.0,61.2
2026-08-02,p_0naJM3,Nicolás Barros Schelotto,68.16666666666667,18.0,50.0
2026-08-09,p_0naJM3,Nicolás Barros Schelotto,67.78947368421052,19.0,50.8
2026-08-22,p_0naJM3,Nicolás Barros Schelotto,68.1,20.0,51.8
2026-07-26,p_0nbgqX,Allan Wlk,,0.0,
2026-08-03,p_0nbgqX,Allan Wlk,19.0,1.0,19.0
2026-08-06,p_0nbgqX,Allan Wlk,42.0,2.0,42.0
2026-08-12,p_0nbgqX,Allan Wlk,34.333333333333336,3.0,34.333333333333336
2026-08-17,p_0nbgqX,Allan Wlk,42.0,4.0,42.0
2026-08-25,p_0nbgqX,Allan Wlk,46.4,5.0,46.4
2026-08-29,p_0nbgqX,Allan Wlk,50.666666666666664,6.0,57.0
2026-09-06,p_0nbgqX,Allan Wlk,49.857142857142854,7.0,53.0
2026-09-14,p_0nbgqX,Allan Wlk,52.25,8.0,63.0
2026-09-14,p_0nbgqX,Allan Wlk,55.111111111111114,9.0,65.6
2026-02-21,p_0oAo40,Giovanni Cantizano,,0.0,
2026-05-03,p_0oAo40,Giovanni Cantizano,15.0,1.0,15.0
2026-05-10,p_0oAo40,Giovanni Cantizano,52.5,2.0,52.5
2026-07-29,p_0oAo40,Giovanni Cantizano,50.0,3.0,50.0
2026-08-02,p_0oAo40,Giovanni Cantizano,55.25,4.0,55.25
2026-08-07,p_0oAo40,Giovanni Cantizano,62.2,5.0,62.2
2026-08-25,p_0oAo40,Giovanni Cantizano,63.666666666666664,6.0,73.4
2026-08-29,p_0oAo40,Giovanni Cantizano,67.42857142857143,7.0,73.4
2026-09-06,p_0oAo40,Giovanni Cantizano,67.375,8.0,77.8
2026-09-13,p_0oAo40,Giovanni Cantizano,61.55555555555556,9.0,66.6
2026-01-26,p_0oDcvI,Alan Lescano,,0.0,
2026-01-30,p_0oDcvI,Alan Lescano,90.0,1.0,90.0
2026-02-03,p_0oDcvI,Alan Lescano,84.0,2.0,84.0
2026-02-07,p_0oDcvI,Alan Lescano,79.33333333333333,3.0,79.33333333333333
2026-02-13,p_0oDcvI,Alan Lescano,82.0,4.0,82.0
2026-03-01,p_0oDcvI,Alan Lescano,83.6,5.0,83.6
2026-03-11,p_0oDcvI,Alan Lescano,81.16666666666667,6.0,79.4
2026-03-16,p_0oDcvI,Alan Lescano,80.28571428571429,7.0,78.8
2026-03-23,p_0oDcvI,Alan Lescano,80.125,8.0,80.6
2026-03-27,p_0oDcvI,Alan Lescano,81.22222222222223,9.0,80.6
2026-03-31,p_0oDcvI,Alan Lescano,82.1,10.0,80.6
2026-04-06,p_0oDcvI,Alan Lescano,81.54545454545455,11.0,82.0
2026-04-11,p_0oDcvI,Alan Lescano,82.25,12.0,85.0
2026-04-19,p_0oDcvI,Alan Lescano,81.76923076923077,13.0,84.4
2026-04-28,p_0oDcvI,Alan Lescano,82.28571428571429,14.0,84.2
2026-05-03,p_0oDcvI,Alan Lescano,82.6,15.0,83.6
2026-05-10,p_0oDcvI,Alan Lescano,81.3125,16.0,80.8
2026-05-13,p_0oDcvI,Alan Lescano,81.82352941176471,17.0,80.8
2026-05-17,p_0oDcvI,Alan Lescano,83.11111111111111,18.0,86.6
2026-07-23,p_0oDcvI,Alan Lescano,83.3157894736842,19.0,86.2
2026-07-29,p_0oDcvI,Alan Lescano,83.65,20.0,86.8
2026-08-09,p_0oDcvI,Alan Lescano,83.47619047619048,21.0,90.4
2026-08-16,p_0oDcvI,Alan Lescano,83.77272727272727,22.0,90.4
2026-08-25,p_0oDcvI,Alan Lescano,84.04347826086956,23.0,87.4
2026-08-30,p_0oDcvI,Alan Lescano,84.04166666666667,24.0,86.8
2026-02-01,p_0oMwsf,Alexis Segovia,,0.0,
2026-03-12,p_0oMwsf,Alexis Segovia,6.0,1.0,6.0
2026-03-16,p_0oMwsf,Alexis Segovia,9.0,2.0,9.0
2026-04-05,p_0oMwsf,Alexis Segovia,17.0,3.0,17.0
2026-04-12,p_0oMwsf,Alexis Segovia,14.25,4.0,14.25
2026-04-19,p_0oMwsf,Alexis Segovia,11.6,5.0,11.6
2026-04-26,p_0oMwsf,Alexis Segovia,13.5,6.0,15.0
2026-01-23,p_0oupcN,Fernando Juarez,,0.0,
2026-01-28,p_0oupcN,Fernando Juarez,90.0,1.0,90.0
2026-01-31,p_0oupcN,Fernando Juarez,67.5,2.0,67.5
2026-02-07,p_0oupcN,Fernando Juarez,75.0,3.0,75.0
2026-08-16,p_0pU39H,Franco Minerva,,0.0,
2026-08-31,p_0pU39H,Franco Minerva,25.0,1.0,25.0
2026-04-13,p_0pUbCv,César Pérez,,0.0,
2026-04-18,p_0pUbCv,César Pérez,26.0,1.0,26.0
2026-05-04,p_0pUbCv,César Pérez,35.5,2.0,35.5
2026-07-24,p_0pUbCv,César Pérez,43.666666666666664,3.0,43.666666666666664
2026-07-29,p_0pUbCv,César Pérez,55.25,4.0,55.25
2026-08-01,p_0pUbCv,César Pérez,62.2,5.0,62.2
2026-08-09,p_0pUbCv,César Pérez,66.83333333333333,6.0,75.0
2026-08-17,p_0pUbCv,César Pérez,70.14285714285714,7.0,84.0
2026-08-23,p_0pUbCv,César Pérez,72.625,8.0,90.0
2026-08-31,p_0pUbCv,César Pérez,74.33333333333333,9.0,89.6
2026-09-06,p_0pUbCv,César Pérez,75.9,10.0,89.6
2026-09-11,p_0pUbCv,César Pérez,77.0909090909091,11.0,89.4
2026-01-26,p_0pvncd,Francisco Álvarez,,0.0,
2026-01-30,p_0pvncd,Francisco Álvarez,84.0,1.0,84.0
2026-02-03,p_0pvncd,Francisco Álvarez,87.0,2.0,87.0
2026-02-07,p_0pvncd,Francisco Álvarez,88.0,3.0,88.0
2026-02-13,p_0pvncd,Francisco Álvarez,88.5,4.0,88.5
2026-03-01,p_0pvncd,Francisco Álvarez,88.8,5.0,88.8
2026-03-11,p_0pvncd,Francisco Álvarez,89.0,6.0,90.0
2026-03-16,p_0pvncd,Francisco Álvarez,89.14285714285714,7.0,90.0
2026-03-23,p_0pvncd,Francisco Álvarez,89.25,8.0,90.0
2026-03-27,p_0pvncd,Francisco Álvarez,89.33333333333333,9.0,90.0
2026-03-31,p_0pvncd,Francisco Álvarez,89.4,10.0,90.0
2026-04-06,p_0pvncd,Francisco Álvarez,89.45454545454545,11.0,90.0
2026-04-19,p_0pvncd,Francisco Álvarez,89.5,12.0,90.0
2026-04-28,p_0pvncd,Francisco Álvarez,89.53846153846153,13.0,90.0
2026-05-03,p_0pvncd,Francisco Álvarez,89.57142857142857,14.0,90.0
2026-05-10,p_0pvncd,Francisco Álvarez,89.6,15.0,90.0
2026-05-13,p_0pvncd,Francisco Álvarez,89.625,16.0,90.0
2026-05-17,p_0pvncd,Francisco Álvarez,91.41176470588235,17.0,96.0
2026-07-23,p_0pvncd,Francisco Álvarez,93.0,18.0,102.0
2026-07-29,p_0pvncd,Francisco Álvarez,92.84210526315789,19.0,102.0
2026-08-01,p_0pvncd,Francisco Álvarez,92.7,20.0,102.0
2026-08-09,p_0pvncd,Francisco Álvarez,92.57142857142857,21.0,102.0
2026-08-16,p_0pvncd,Francisco Álvarez,92.45454545454545,22.0,96.0
2026-08-25,p_0pvncd,Francisco Álvarez,92.34782608695652,23.0,90.0
2026-08-30,p_0pvncd,Francisco Álvarez,92.25,24.0,90.0
2026-09-07,p_0pvncd,Francisco Álvarez,92.16,25.0,90.0
2026-09-13,p_0pvncd,Francisco Álvarez,92.07692307692308,26.0,90.0
2026-01-23,p_0pxwpN,Carlos Izquierdoz,,0.0,
2026-01-29,p_0pxwpN,Carlos Izquierdoz,90.0,1.0,90.0
2026-02-04,p_0pxwpN,Carlos Izquierdoz,90.0,2.0,90.0
2026-02-09,p_0pxwpN,Carlos Izquierdoz,90.0,3.0,90.0
2026-03-05,p_0pxwpN,Carlos Izquierdoz,90.0,4.0,90.0
2026-03-13,p_0pxwpN,Carlos Izquierdoz,90.0,5.0,90.0
2026-03-17,p_0pxwpN,Carlos Izquierdoz,90.0,6.0,90.0
2026-03-21,p_0pxwpN,Carlos Izquierdoz,90.0,7.0,90.0
2026-03-27,p_0pxwpN,Carlos Izquierdoz,90.0,8.0,90.0
2026-04-01,p_0pxwpN,Carlos Izquierdoz,90.0,9.0,90.0
2026-04-13,p_0pxwpN,Carlos Izquierdoz,90.0,10.0,90.0
2026-04-24,p_0pxwpN,Carlos Izquierdoz,90.0,11.0,90.0
2026-05-02,p_0pxwpN,Carlos Izquierdoz,90.0,12.0,90.0
2026-05-10,p_0pxwpN,Carlos Izquierdoz,90.0,13.0,90.0
2026-08-03,p_0pxwpN,Carlos Izquierdoz,90.0,14.0,90.0
2026-08-06,p_0pxwpN,Carlos Izquierdoz,90.0,15.0,90.0
2026-08-12,p_0pxwpN,Carlos Izquierdoz,90.0,16.0,90.0
2026-08-17,p_0pxwpN,Carlos Izquierdoz,90.0,17.0,90.0
2026-08-25,p_0pxwpN,Carlos Izquierdoz,90.0,18.0,90.0
2026-08-29,p_0pxwpN,Carlos Izquierdoz,90.0,19.0,90.0
2026-09-06,p_0pxwpN,Carlos Izquierdoz,90.0,20.0,90.0
2026-09-14,p_0pxwpN,Carlos Izquierdoz,90.0,21.0,90.0
2026-09-14,p_0pxwpN,Carlos Izquierdoz,89.86363636363636,22.0,89.4
2026-09-07,p_0qf9Rl,Matías Pérez,,0.0,
2026-09-14,p_0qf9Rl,Matías Pérez,90.0,1.0,90.0
2026-09-14,p_0qf9Rl,Matías Pérez,90.0,2.0,90.0
2026-01-26,p_0qmDxs,Siro Rosané,,0.0,
2026-01-30,p_0qmDxs,Siro Rosané,23.0,1.0,23.0
2026-02-03,p_0qmDxs,Siro Rosané,34.0,2.0,34.0
2026-02-10,p_0qmDxs,Siro Rosané,52.666666666666664,3.0,52.666666666666664
2026-02-15,p_0qmDxs,Siro Rosané,62.0,4.0,62.0
2026-02-22,p_0qmDxs,Siro Rosané,61.8,5.0,61.8
2026-02-26,p_0qmDxs,Siro Rosané,59.0,6.0,66.2
2026-03-03,p_0qmDxs,Siro Rosané,54.42857142857143,7.0,62.6
2026-03-12,p_0qmDxs,Siro Rosané,53.25,8.0,53.6
2026-03-16,p_0qmDxs,Siro Rosané,49.22222222222222,9.0,39.0
2026-03-22,p_0qmDxs,Siro Rosané,49.9,10.0,38.0
2026-04-04,p_0qmDxs,Siro Rosané,52.36363636363637,11.0,44.4
2026-04-12,p_0qmDxs,Siro Rosané,50.166666666666664,12.0,44.2
2026-05-05,p_0qmDxs,Siro Rosané,51.69230769230769,13.0,49.2
2026-07-25,p_0qmDxs,Siro Rosané,50.07142857142857,14.0,51.6
2026-07-29,p_0qmDxs,Siro Rosané,51.266666666666666,15.0,54.0
2026-08-01,p_0qmDxs,Siro Rosané,51.875,16.0,50.8
2026-08-08,p_0qmDxs,Siro Rosané,50.11764705882353,17.0,50.0
2026-08-17,p_0qmDxs,Siro Rosané,47.666666666666664,18.0,37.2
2026-08-29,p_0qmDxs,Siro Rosané,46.89473684210526,19.0,38.0
2026-09-04,p_0qmDxs,Siro Rosané,45.6,20.0,28.6
2026-09-15,p_0qmDxs,Siro Rosané,46.38095238095238,21.0,28.8
2026-09-15,p_0qmDxs,Siro Rosané,44.86363636363637,22.0,27.0
2026-01-24,p_0rDLh7,Iván Villalba,,0.0,
2026-01-27,p_0rDLh7,Iván Villalba,90.0,1.0,90.0
2026-02-04,p_0rDLh7,Iván Villalba,90.0,2.0,90.0
2026-02-10,p_0rDLh7,Iván Villalba,90.0,3.0,90.0
2026-02-15,p_0rDLh7,Iván Villalba,90.0,4.0,90.0
2026-02-21,p_0rDLh7,Iván Villalba,83.8,5.0,83.8
2026-02-26,p_0rDLh7,Iván Villalba,84.83333333333333,6.0,83.8
2026-03-03,p_0rDLh7,Iván Villalba,84.28571428571429,7.0,82.0
2026-03-12,p_0rDLh7,Iván Villalba,85.0,8.0,82.0
2026-03-23,p_0rDLh7,Iván Villalba,80.55555555555556,9.0,73.0
2026-04-02,p_0rDLh7,Iván Villalba,81.5,10.0,79.2
2026-04-11,p_0rDLh7,Iván Villalba,75.0,11.0,63.2
2026-04-20,p_0rDLh7,Iván Villalba,74.66666666666667,12.0,61.2
2026-05-03,p_0rDLh7,Iván Villalba,75.84615384615384,13.0,61.2
2026-05-10,p_0rDLh7,Iván Villalba,73.64285714285714,14.0,61.2
2026-07-26,p_0rDLh7,Iván Villalba,74.73333333333333,15.0,61.2
2026-07-30,p_0rDLh7,Iván Villalba,74.8125,16.0,74.4
2026-08-15,p_0rDLh7,Iván Villalba,70.82352941176471,17.0,61.6
2026-08-22,p_0rDLh7,Iván Villalba,71.88888888888889,18.0,61.6
2026-08-31,p_0rDLh7,Iván Villalba,72.84210526315789,19.0,70.6
2026-09-06,p_0rDLh7,Iván Villalba,73.7,20.0,70.6
2026-09-12,p_0rDLh7,Iván Villalba,74.47619047619048,21.0,73.4
2026-03-12,p_0rvVb2,Alexandro Maidana,,0.0,
2026-03-15,p_0rvVb2,Alexandro Maidana,90.0,1.0,90.0
2026-03-21,p_0rvVb2,Alexandro Maidana,90.0,2.0,90.0
2026-04-02,p_0rvVb2,Alexandro Maidana,90.0,3.0,90.0
2026-04-13,p_0rvVb2,Alexandro Maidana,71.25,4.0,71.25
2026-04-19,p_0rvVb2,Alexandro Maidana,75.0,5.0,75.0
2026-04-25,p_0rvVb2,Alexandro Maidana,77.5,6.0,75.0
2026-05-02,p_0rvVb2,Alexandro Maidana,79.28571428571429,7.0,75.0
2026-05-09,p_0rvVb2,Alexandro Maidana,80.625,8.0,75.0
2026-08-12,p_0rvVb2,Alexandro Maidana,80.33333333333333,9.0,87.6
2026-08-18,p_0rvVb2,Alexandro Maidana,81.3,10.0,87.6
2026-08-25,p_0rvVb2,Alexandro Maidana,78.0,11.0,78.6
2026-02-04,p_0s5hPU,Matías Gallardo,,0.0,
2026-02-09,p_0s5hPU,Matías Gallardo,18.0,1.0,18.0
2026-02-20,p_0s5hPU,Matías Gallardo,14.0,2.0,14.0
2026-02-24,p_0s5hPU,Matías Gallardo,10.666666666666666,3.0,10.666666666666666
2026-03-12,p_0s5hPU,Matías Gallardo,11.75,4.0,11.75
2026-03-22,p_0s5hPU,Matías Gallardo,15.4,5.0,15.4
2026-04-07,p_0s5hPU,Matías Gallardo,13.5,6.0,12.6
2026-04-11,p_0s5hPU,Matías Gallardo,13.285714285714286,7.0,13.0
2026-04-18,p_0s5hPU,Matías Gallardo,12.625,8.0,13.8
2026-07-24,p_0s5hPU,Matías Gallardo,12.555555555555555,9.0,13.2
2026-07-30,p_0s5hPU,Matías Gallardo,18.9,10.0,22.4
2026-08-03,p_0s5hPU,Matías Gallardo,25.363636363636363,11.0,39.6
2026-08-09,p_0s5hPU,Matías Gallardo,29.5,12.0,52.2
2026-08-16,p_0s5hPU,Matías Gallardo,34.15384615384615,13.0,68.6
2026-08-22,p_0s5hPU,Matías Gallardo,38.142857142857146,14.0,84.2
2026-09-01,p_0s5hPU,Matías Gallardo,41.6,15.0,87.0
2026-09-08,p_0s5hPU,Matías Gallardo,43.5625,16.0,83.6
2026-04-11,p_0sEghq,Nicolas Freire,,0.0,
2026-05-02,p_0sEghq,Nicolas Freire,7.0,1.0,7.0
2026-01-24,p_0sOPFt,Gaston Suso,,0.0,
2026-01-28,p_0sOPFt,Gaston Suso,90.0,1.0,90.0
2026-02-01,p_0sOPFt,Gaston Suso,90.0,2.0,90.0
2026-02-08,p_0sOPFt,Gaston Suso,90.0,3.0,90.0
2026-02-15,p_0sOPFt,Gaston Suso,90.0,4.0,90.0
2026-02-20,p_0sOPFt,Gaston Suso,90.0,5.0,90.0
2026-02-25,p_0sOPFt,Gaston Suso,90.0,6.0,90.0
2026-03-04,p_0sOPFt,Gaston Suso,90.0,7.0,90.0
2026-03-12,p_0sOPFt,Gaston Suso,90.0,8.0,90.0
2026-03-16,p_0sOPFt,Gaston Suso,90.0,9.0,90.0
2026-03-21,p_0sOPFt,Gaston Suso,90.0,10.0,90.0
2026-04-05,p_0sOPFt,Gaston Suso,90.0,11.0,90.0
2026-04-12,p_0sOPFt,Gaston Suso,90.0,12.0,90.0
2026-04-19,p_0sOPFt,Gaston Suso,90.0,13.0,90.0
2026-04-26,p_0sOPFt,Gaston Suso,90.0,14.0,90.0
2026-05-03,p_0sOPFt,Gaston Suso,90.0,15.0,90.0
2026-01-26,p_0sVAfb,Martín Garnerone,,0.0,
2026-01-30,p_0sVAfb,Martín Garnerone,23.0,1.0,23.0
2026-02-03,p_0sVAfb,Martín Garnerone,40.5,2.0,40.5
2026-02-10,p_0sVAfb,Martín Garnerone,52.333333333333336,3.0,52.333333333333336
2026-02-15,p_0sVAfb,Martín Garnerone,56.75,4.0,56.75
2026-02-22,p_0sVAfb,Martín Garnerone,63.4,5.0,63.4
2026-02-26,p_0sVAfb,Martín Garnerone,60.333333333333336,6.0,67.8
2026-03-03,p_0sVAfb,Martín Garnerone,60.714285714285715,7.0,68.8
2026-03-12,p_0sVAfb,Martín Garnerone,58.75,8.0,62.6
2026-03-16,p_0sVAfb,Martín Garnerone,59.44444444444444,9.0,61.6
2026-03-22,p_0sVAfb,Martín Garnerone,61.2,10.0,59.0
2026-04-04,p_0sVAfb,Martín Garnerone,62.63636363636363,11.0,65.4
2026-04-12,p_0sVAfb,Martín Garnerone,64.33333333333333,12.0,69.4
2026-04-18,p_0sVAfb,Martín Garnerone,64.6923076923077,13.0,74.2
2026-04-24,p_0sVAfb,Martín Garnerone,64.64285714285714,14.0,74.0
2026-05-05,p_0sVAfb,Martín Garnerone,61.93333333333333,15.0,63.4
2026-09-04,p_0sVAfb,Martín Garnerone,60.875,16.0,57.0
2026-09-15,p_0sVAfb,Martín Garnerone,57.76470588235294,17.0,42.0
2026-09-15,p_0sVAfb,Martín Garnerone,54.833333333333336,18.0,29.2
2026-07-25,p_0sXQtM,Santino Vera,,0.0,
2026-07-25,p_0sc7Zk,Mauro Arambarri,,0.0,
2026-07-29,p_0sc7Zk,Mauro Arambarri,23.0,1.0,23.0
2026-08-30,p_0sc7Zk,Mauro Arambarri,34.0,2.0,34.0
2026-09-06,p_0sc7Zk,Mauro Arambarri,23.333333333333332,3.0,23.333333333333332
2026-09-12,p_0sc7Zk,Mauro Arambarri,17.75,4.0,17.75
2026-01-30,p_0sdiQh,Lucas Suárez,,0.0,
2026-02-04,p_0sdiQh,Lucas Suárez,90.0,1.0,90.0
2026-02-08,p_0sdiQh,Lucas Suárez,90.0,2.0,90.0
2026-02-20,p_0sdiQh,Lucas Suárez,75.0,3.0,75.0
2026-03-11,p_0sdiQh,Lucas Suárez,65.5,4.0,65.5
2026-03-15,p_0sdiQh,Lucas Suárez,70.4,5.0,70.4
2026-03-22,p_0sdiQh,Lucas Suárez,73.66666666666667,6.0,70.4
2026-04-02,p_0sdiQh,Lucas Suárez,63.285714285714285,7.0,52.6
2026-04-13,p_0sdiQh,Lucas Suárez,57.75,8.0,47.4
2026-04-25,p_0sdiQh,Lucas Suárez,60.44444444444444,9.0,56.4
2026-05-03,p_0sdiQh,Lucas Suárez,55.0,10.0,39.6
2026-07-23,p_0sdiQh,Lucas Suárez,58.18181818181818,11.0,39.6
2026-07-28,p_0sdiQh,Lucas Suárez,60.833333333333336,12.0,57.4
2026-08-08,p_0sdiQh,Lucas Suárez,63.07692307692308,13.0,71.6
2026-08-16,p_0sdiQh,Lucas Suárez,65.0,14.0,73.2
2026-08-23,p_0sdiQh,Lucas Suárez,66.66666666666667,15.0,90.0
2026-08-28,p_0sdiQh,Lucas Suárez,68.125,16.0,90.0
2026-09-04,p_0sdiQh,Lucas Suárez,69.41176470588235,17.0,90.0
2026-01-23,p_0t17ZI,Alex Luna,,0.0,
2026-01-26,p_0t17ZI,Alex Luna,90.0,1.0,90.0
2026-02-04,p_0t17ZI,Alex Luna,90.0,2.0,90.0
2026-02-09,p_0t17ZI,Alex Luna,84.0,3.0,84.0
2026-02-16,p_0t17ZI,Alex Luna,85.5,4.0,85.5
2026-02-20,p_0t17ZI,Alex Luna,84.8,5.0,84.8
2026-02-24,p_0t17ZI,Alex Luna,85.66666666666667,6.0,84.8
2026-03-01,p_0t17ZI,Alex Luna,86.28571428571429,7.0,84.8
2026-03-12,p_0t17ZI,Alex Luna,85.5,8.0,86.4
2026-03-17,p_0t17ZI,Alex Luna,86.0,9.0,86.4
2026-03-22,p_0t17ZI,Alex Luna,85.4,10.0,86.0
2026-04-07,p_0t17ZI,Alex Luna,84.27272727272727,11.0,82.6
2026-04-11,p_0t17ZI,Alex Luna,83.75,12.0,80.2
2026-04-18,p_0t17ZI,Alex Luna,82.53846153846153,13.0,77.8
2026-04-26,p_0t17ZI,Alex Luna,83.07142857142857,14.0,77.8
2026-07-24,p_0t17ZI,Alex Luna,81.53333333333333,15.0,73.8
2026-07-30,p_0t17ZI,Alex Luna,80.5625,16.0,72.4
2026-08-03,p_0t17ZI,Alex Luna,81.0,17.0,74.4
2026-08-09,p_0t17ZI,Alex Luna,81.27777777777777,18.0,78.0
2026-08-16,p_0t17ZI,Alex Luna,81.6842105263158,19.0,77.8
2026-08-22,p_0t17ZI,Alex Luna,81.45,20.0,81.2
2026-09-08,p_0t17ZI,Alex Luna,81.0952380952381,21.0,82.8
2026-09-15,p_0t17ZI,Alex Luna,81.5,22.0,83.2
2026-09-15,p_0t17ZI,Alex Luna,81.8695652173913,23.0,84.0
2026-03-16,p_0tFMTS,Malcom Braida,,0.0,
2026-04-02,p_0tFMTS,Malcom Braida,3.0,1.0,3.0
2026-04-11,p_0tFMTS,Malcom Braida,41.5,2.0,41.5
2026-04-23,p_0tFMTS,Malcom Braida,57.666666666666664,3.0,57.666666666666664
2026-05-02,p_0tFMTS,Malcom Braida,65.75,4.0,65.75
2026-05-09,p_0tFMTS,Malcom Braida,70.6,5.0,70.6
2026-07-26,p_0tFMTS,Malcom Braida,71.33333333333333,6.0,85.0
2026-01-24,p_0tQtiw,Juan Sforza,,0.0,
2026-01-27,p_0tQtiw,Juan Sforza,36.0,1.0,36.0
2026-02-01,p_0tQtiw,Juan Sforza,49.0,2.0,49.0
2026-02-09,p_0tQtiw,Juan Sforza,61.0,3.0,61.0
2026-02-14,p_0tQtiw,Juan Sforza,68.25,4.0,68.25
2026-02-21,p_0tQtiw,Juan Sforza,72.6,5.0,72.6
2026-02-24,p_0tQtiw,Juan Sforza,75.5,6.0,83.4
2026-03-01,p_0tQtiw,Juan Sforza,77.57142857142857,7.0,89.0
2026-03-12,p_0tQtiw,Juan Sforza,79.125,8.0,90.0
2026-03-15,p_0tQtiw,Juan Sforza,80.33333333333333,9.0,90.0
2026-03-21,p_0tQtiw,Juan Sforza,81.3,10.0,90.0
2026-04-02,p_0tQtiw,Juan Sforza,80.27272727272727,11.0,86.0
2026-04-13,p_0tQtiw,Juan Sforza,77.33333333333333,12.0,77.0
2026-04-19,p_0tQtiw,Juan Sforza,73.07692307692308,13.0,63.4
2026-04-25,p_0tQtiw,Juan Sforza,69.78571428571429,14.0,50.8
2026-05-09,p_0tQtiw,Juan Sforza,66.73333333333333,15.0,37.6
2026-08-30,p_0tQtiw,Juan Sforza,64.6875,16.0,30.4
2026-09-05,p_0tQtiw,Juan Sforza,61.529411764705884,17.0,23.6
2026-09-12,p_0tQtiw,Juan Sforza,63.111111111111114,18.0,37.2
2026-07-31,p_0tg63O,Julián Fernández,,0.0,
2026-08-04,p_0tg63O,Julián Fernández,1.0,1.0,1.0
2026-08-08,p_0tg63O,Julián Fernández,3.0,2.0,3.0
2026-08-17,p_0tg63O,Julián Fernández,32.0,3.0,32.0
2026-09-07,p_0tg63O,Julián Fernández,24.5,4.0,24.5
2026-09-12,p_0tg63O,Julián Fernández,20.4,5.0,20.4
2026-07-26,p_0uIte1,Facundo Pimienta,,0.0,
2026-04-12,p_0uUosN,Fernando Bersano,,0.0,
2026-01-29,p_0uhVcs,Kevin Zenón,,0.0,
2026-02-01,p_0uhVcs,Kevin Zenón,87.0,1.0,87.0
2026-02-09,p_0uhVcs,Kevin Zenón,53.0,2.0,53.0
2026-02-28,p_0uhVcs,Kevin Zenón,59.666666666666664,3.0,59.666666666666664
2026-07-26,p_0uhVcs,Kevin Zenón,54.0,4.0,54.0
2026-08-05,p_0uhVcs,Kevin Zenón,56.2,5.0,56.2
2026-08-29,p_0uhVcs,Kevin Zenón,47.666666666666664,6.0,39.8
2026-09-05,p_0uhVcs,Kevin Zenón,42.42857142857143,7.0,38.2
2026-01-25,p_0ujJJG,Thiago Cardozo,,0.0,
2026-01-29,p_0ujJJG,Thiago Cardozo,90.0,1.0,90.0
2026-02-03,p_0ujJJG,Thiago Cardozo,90.0,2.0,90.0
2026-02-08,p_0ujJJG,Thiago Cardozo,90.0,3.0,90.0
2026-02-15,p_0ujJJG,Thiago Cardozo,90.0,4.0,90.0
2026-02-20,p_0ujJJG,Thiago Cardozo,90.0,5.0,90.0
2026-02-25,p_0ujJJG,Thiago Cardozo,90.0,6.0,90.0
2026-03-03,p_0ujJJG,Thiago Cardozo,90.0,7.0,90.0
2026-03-12,p_0ujJJG,Thiago Cardozo,90.0,8.0,90.0
2026-03-15,p_0ujJJG,Thiago Cardozo,90.0,9.0,90.0
2026-03-22,p_0ujJJG,Thiago Cardozo,90.0,10.0,90.0
2026-04-05,p_0ujJJG,Thiago Cardozo,90.0,11.0,90.0
2026-04-11,p_0ujJJG,Thiago Cardozo,90.0,12.0,90.0
2026-04-20,p_0ujJJG,Thiago Cardozo,90.0,13.0,90.0
2026-04-26,p_0ujJJG,Thiago Cardozo,90.0,14.0,90.0
2026-05-03,p_0ujJJG,Thiago Cardozo,90.0,15.0,90.0
2026-05-09,p_0ujJJG,Thiago Cardozo,90.0,16.0,90.0
2026-05-12,p_0ujJJG,Thiago Cardozo,90.0,17.0,90.0
2026-05-17,p_0ujJJG,Thiago Cardozo,90.0,18.0,90.0
2026-05-24,p_0ujJJG,Thiago Cardozo,91.57894736842105,19.0,96.0
2026-08-01,p_0ujJJG,Thiago Cardozo,91.5,20.0,96.0
2026-08-06,p_0ujJJG,Thiago Cardozo,91.42857142857143,21.0,96.0
2026-08-10,p_0ujJJG,Thiago Cardozo,91.36363636363636,22.0,96.0
2026-08-15,p_0ujJJG,Thiago Cardozo,91.30434782608695,23.0,96.0
2026-08-23,p_0ujJJG,Thiago Cardozo,91.25,24.0,90.0
2026-08-30,p_0ujJJG,Thiago Cardozo,91.2,25.0,90.0
2026-09-04,p_0ujJJG,Thiago Cardozo,91.15384615384616,26.0,90.0
2026-09-13,p_0ujJJG,Thiago Cardozo,91.11111111111111,27.0,90.0
2026-04-11,p_0v7y0D,Joaquín Pereyra,,0.0,
2026-05-03,p_0v7y0D,Joaquín Pereyra,62.0,1.0,62.0
2026-08-08,p_0v7y0D,Joaquín Pereyra,76.0,2.0,76.0
2026-08-23,p_0v7y0D,Joaquín Pereyra,77.0,3.0,77.0
2026-08-21,p_0vA7J1,Matías Rocha,,0.0,
2026-01-23,p_0vHFrW,Ignacio Perruzzi,,0.0,
2026-01-27,p_0vHFrW,Ignacio Perruzzi,90.0,1.0,90.0
2026-01-31,p_0vHFrW,Ignacio Perruzzi,90.0,2.0,90.0
2026-02-08,p_0vHFrW,Ignacio Perruzzi,90.0,3.0,90.0
2026-02-14,p_0vHFrW,Ignacio Perruzzi,87.5,4.0,87.5
2026-02-22,p_0vHFrW,Ignacio Perruzzi,88.0,5.0,88.0
2026-02-24,p_0vHFrW,Ignacio Perruzzi,77.66666666666667,6.0,75.2
2026-03-01,p_0vHFrW,Ignacio Perruzzi,74.71428571428571,7.0,68.6
2026-03-11,p_0vHFrW,Ignacio Perruzzi,65.5,8.0,50.8
2026-03-16,p_0vHFrW,Ignacio Perruzzi,68.22222222222223,9.0,52.8
2026-03-25,p_0vHFrW,Ignacio Perruzzi,70.3,10.0,52.6
2026-04-03,p_0vHFrW,Ignacio Perruzzi,68.81818181818181,11.0,58.2
2026-05-10,p_0vHFrW,Ignacio Perruzzi,65.83333333333333,12.0,53.4
2026-07-26,p_0vHFrW,Ignacio Perruzzi,65.46153846153847,13.0,65.4
2026-08-15,p_0vHFrW,Ignacio Perruzzi,64.0,14.0,56.4
2026-08-21,p_0vHFrW,Ignacio Perruzzi,65.73333333333333,15.0,56.6
2026-09-01,p_0vHFrW,Ignacio Perruzzi,64.4375,16.0,54.8
2026-09-05,p_0vHFrW,Ignacio Perruzzi,64.41176470588235,17.0,61.0
2026-09-13,p_0vHFrW,Ignacio Perruzzi,65.83333333333333,18.0,66.8
2026-01-23,p_0veUmD,Lucas González,,0.0,
2026-01-28,p_0veUmD,Lucas González,75.0,1.0,75.0
2026-01-31,p_0veUmD,Lucas González,82.5,2.0,82.5
2026-02-07,p_0veUmD,Lucas González,59.333333333333336,3.0,59.333333333333336
2026-02-16,p_0veUmD,Lucas González,54.25,4.0,54.25
2026-02-22,p_0veUmD,Lucas González,52.4,5.0,52.4
2026-02-24,p_0veUmD,Lucas González,58.666666666666664,6.0,55.4
2026-02-28,p_0veUmD,Lucas González,60.714285714285715,7.0,52.0
2026-03-12,p_0veUmD,Lucas González,62.375,8.0,64.2
2026-03-18,p_0veUmD,Lucas González,65.33333333333333,9.0,74.2
2026-03-23,p_0veUmD,Lucas González,63.3,10.0,74.2
2026-04-20,p_0veUmD,Lucas González,63.63636363636363,11.0,69.6
2026-04-24,p_0veUmD,Lucas González,64.08333333333333,12.0,68.8
2026-05-02,p_0veUmD,Lucas González,65.07692307692308,13.0,69.4
2026-07-24,p_0veUmD,Lucas González,63.642857142857146,14.0,60.6
2026-07-31,p_0veUmD,Lucas González,60.2,15.0,54.0
2026-08-04,p_0veUmD,Lucas González,62.0625,16.0,58.6
2026-08-11,p_0veUmD,Lucas González,63.64705882352941,17.0,62.6
2026-08-16,p_0veUmD,Lucas González,64.05555555555556,18.0,61.4
2026-08-24,p_0veUmD,Lucas González,63.05263157894737,19.0,61.4
2026-08-30,p_0veUmD,Lucas González,61.05,20.0,63.6
2026-09-06,p_0veUmD,Lucas González,62.42857142857143,21.0,63.6
2026-09-12,p_0veUmD,Lucas González,63.68181818181818,22.0,63.8
2026-01-28,p_0vreM8,Agustín Quiroga,,0.0,
2026-01-31,p_0vreM8,Agustín Quiroga,45.0,1.0,45.0
2026-02-07,p_0vreM8,Agustín Quiroga,67.5,2.0,67.5
2026-02-16,p_0vreM8,Agustín Quiroga,75.0,3.0,75.0
2026-02-22,p_0vreM8,Agustín Quiroga,67.5,4.0,67.5
2026-02-24,p_0vreM8,Agustín Quiroga,69.0,5.0,69.0
2026-03-18,p_0vreM8,Agustín Quiroga,65.0,6.0,69.0
2026-03-23,p_0vreM8,Agustín Quiroga,57.857142857142854,7.0,54.0
2026-04-05,p_0vreM8,Agustín Quiroga,52.0,8.0,38.2
2026-04-14,p_0vreM8,Agustín Quiroga,51.22222222222222,9.0,38.2
2026-04-20,p_0vreM8,Agustín Quiroga,53.2,10.0,37.4
2026-04-24,p_0vreM8,Agustín Quiroga,56.54545454545455,11.0,46.4
2026-05-02,p_0vreM8,Agustín Quiroga,59.333333333333336,12.0,61.4
2026-07-25,p_0vreM8,Agustín Quiroga,61.69230769230769,13.0,77.2
2026-07-29,p_0vreM8,Agustín Quiroga,63.714285714285715,14.0,86.2
2026-08-01,p_0vreM8,Agustín Quiroga,65.46666666666667,15.0,90.0
2026-08-08,p_0vreM8,Agustín Quiroga,67.0,16.0,90.0
2026-01-24,p_0vs7Dx,Kevin Ortiz,,0.0,
2026-01-28,p_0vs7Dx,Kevin Ortiz,90.0,1.0,90.0
2026-02-01,p_0vs7Dx,Kevin Ortiz,90.0,2.0,90.0
2026-02-08,p_0vs7Dx,Kevin Ortiz,90.0,3.0,90.0
2026-02-15,p_0vs7Dx,Kevin Ortiz,90.0,4.0,90.0
2026-02-20,p_0vs7Dx,Kevin Ortiz,89.4,5.0,89.4
2026-02-25,p_0vs7Dx,Kevin Ortiz,89.5,6.0,89.4
2026-03-04,p_0vs7Dx,Kevin Ortiz,89.57142857142857,7.0,89.4
2026-03-16,p_0vs7Dx,Kevin Ortiz,89.625,8.0,89.4
2026-04-12,p_0vs7Dx,Kevin Ortiz,81.55555555555556,9.0,74.8
2026-05-03,p_0vs7Dx,Kevin Ortiz,82.4,10.0,75.4
2026-07-26,p_0vs7Dx,Kevin Ortiz,75.0,11.0,57.6
2026-07-31,p_0vs7Dx,Kevin Ortiz,68.83333333333333,12.0,39.8
2026-08-04,p_0vs7Dx,Kevin Ortiz,64.23076923076923,13.0,23.6
2026-08-17,p_0vs7Dx,Kevin Ortiz,60.0,14.0,21.2
2026-07-25,p_0w9V85,Lautaro Giannetti,,0.0,
2026-07-31,p_0w9V85,Lautaro Giannetti,20.0,1.0,20.0
2026-08-02,p_0w9V85,Lautaro Giannetti,55.0,2.0,55.0
2026-08-09,p_0w9V85,Lautaro Giannetti,66.66666666666667,3.0,66.66666666666667
2026-08-15,p_0w9V85,Lautaro Giannetti,72.5,4.0,72.5
2026-08-23,p_0w9V85,Lautaro Giannetti,76.0,5.0,76.0
2026-08-31,p_0w9V85,Lautaro Giannetti,78.33333333333333,6.0,90.0
2026-09-06,p_0w9V85,Lautaro Giannetti,80.0,7.0,90.0
2026-09-11,p_0w9V85,Lautaro Giannetti,81.25,8.0,90.0
2026-01-31,p_0wOnZY,Luciano Dario Vietto,,0.0,
2026-02-08,p_0wOnZY,Luciano Dario Vietto,20.0,1.0,20.0
2026-02-14,p_0wOnZY,Luciano Dario Vietto,23.5,2.0,23.5
2026-02-22,p_0wOnZY,Luciano Dario Vietto,25.666666666666668,3.0,25.666666666666668
2026-02-24,p_0wOnZY,Luciano Dario Vietto,35.25,4.0,35.25
2026-03-01,p_0wOnZY,Luciano Dario Vietto,34.8,5.0,34.8
2026-03-11,p_0wOnZY,Luciano Dario Vietto,40.5,6.0,44.6
2026-03-16,p_0wOnZY,Luciano Dario Vietto,38.57142857142857,7.0,44.6
2026-03-25,p_0wOnZY,Luciano Dario Vietto,41.625,8.0,51.2
2026-04-12,p_0wOnZY,Luciano Dario Vietto,45.55555555555556,9.0,53.8
2026-04-20,p_0wOnZY,Luciano Dario Vietto,45.5,10.0,56.2
2026-01-26,p_0wfa6H,Leandro Lozano,,0.0,
2026-01-30,p_0wfa6H,Leandro Lozano,90.0,1.0,90.0
2026-02-03,p_0wfa6H,Leandro Lozano,90.0,2.0,90.0
2026-02-07,p_0wfa6H,Leandro Lozano,90.0,3.0,90.0
2026-02-13,p_0wfa6H,Leandro Lozano,90.0,4.0,90.0
2026-03-01,p_0wfa6H,Leandro Lozano,90.0,5.0,90.0
2026-03-11,p_0wfa6H,Leandro Lozano,86.66666666666667,6.0,86.0
2026-03-16,p_0wfa6H,Leandro Lozano,87.14285714285714,7.0,86.0
2026-03-23,p_0wfa6H,Leandro Lozano,87.5,8.0,86.0
2026-03-27,p_0wfa6H,Leandro Lozano,87.77777777777777,9.0,86.0
2026-04-28,p_0wfa6H,Leandro Lozano,85.4,10.0,80.8
2026-05-10,p_0wfa6H,Leandro Lozano,85.81818181818181,11.0,84.8
2026-05-13,p_0wfa6H,Leandro Lozano,86.16666666666667,12.0,84.8
2026-05-17,p_0wfa6H,Leandro Lozano,88.76923076923077,13.0,90.8
2026-08-02,p_0wfa6H,Leandro Lozano,91.0,14.0,96.8
2026-08-05,p_0wfa6H,Leandro Lozano,85.93333333333334,15.0,87.0
2026-08-08,p_0wfa6H,Leandro Lozano,86.1875,16.0,87.0
2026-08-16,p_0wfa6H,Leandro Lozano,86.41176470588235,17.0,87.0
2026-09-06,p_0wgKrv,Luis Díaz,,0.0,
2026-09-12,p_0wgKrv,Luis Díaz,33.0,1.0,33.0
2026-07-29,p_0wjNc4,Franco Cervi,,0.0,
2026-01-23,p_0wvzBl,Fabricio Iacovich,,0.0,
2026-01-29,p_0wvzBl,Fabricio Iacovich,45.0,1.0,45.0
2026-02-02,p_0wvzBl,Fabricio Iacovich,67.5,2.0,67.5
2026-03-23,p_0wvzBl,Fabricio Iacovich,75.0,3.0,75.0
2026-04-03,p_0wvzBl,Fabricio Iacovich,78.75,4.0,78.75
2026-05-03,p_0wvzBl,Fabricio Iacovich,81.0,5.0,81.0
2026-08-05,p_0wvzBl,Fabricio Iacovich,82.5,6.0,90.0
2026-08-08,p_0wvzBl,Fabricio Iacovich,83.57142857142857,7.0,90.0
2026-09-12,p_0wvzBl,Fabricio Iacovich,84.375,8.0,90.0
2026-01-30,p_0xLjjR,Nicolas Carlos Colazo,,0.0,
2026-02-03,p_0xLjjR,Nicolas Carlos Colazo,8.0,1.0,8.0
2026-02-08,p_0xLjjR,Nicolas Carlos Colazo,26.5,2.0,26.5
2026-04-05,p_0xdX07,Bautista Barros Schelotto,,0.0,
2026-04-18,p_0xdX07,Bautista Barros Schelotto,88.0,1.0,88.0
2026-05-11,p_0xdX07,Bautista Barros Schelotto,50.0,2.0,50.0
2026-07-24,p_0xdX07,Bautista Barros Schelotto,38.0,3.0,38.0
2026-07-29,p_0xdX07,Bautista Barros Schelotto,48.5,4.0,48.5
2026-08-02,p_0xdX07,Bautista Barros Schelotto,56.8,5.0,56.8
2026-08-09,p_0xdX07,Bautista Barros Schelotto,52.166666666666664,6.0,45.0
2026-08-15,p_0xdX07,Bautista Barros Schelotto,45.57142857142857,7.0,43.8
2026-08-22,p_0xdX07,Bautista Barros Schelotto,51.125,8.0,59.0
2026-08-29,p_0xdX07,Bautista Barros Schelotto,55.44444444444444,9.0,61.0
2026-09-05,p_0xdX07,Bautista Barros Schelotto,58.9,10.0,61.0
2026-09-13,p_0xdX07,Bautista Barros Schelotto,61.72727272727273,11.0,73.2
2026-01-22,p_0yKkMd,Santiago Esquivel,,0.0,
2026-02-03,p_0yKkMd,Santiago Esquivel,79.0,1.0,79.0
2026-02-08,p_0yKkMd,Santiago Esquivel,84.5,2.0,84.5
2026-03-11,p_0yKkMd,Santiago Esquivel,60.0,3.0,60.0
2026-03-15,p_0yKkMd,Santiago Esquivel,56.25,4.0,56.25
2026-03-21,p_0yKkMd,Santiago Esquivel,54.0,5.0,54.0
2026-04-26,p_0yKkMd,Santiago Esquivel,54.666666666666664,6.0,49.8
2026-05-02,p_0yKkMd,Santiago Esquivel,53.285714285714285,7.0,40.8
2026-07-25,p_0yKkMd,Santiago Esquivel,55.375,8.0,52.6
2026-07-28,p_0yKkMd,Santiago Esquivel,55.666666666666664,9.0,55.2
2026-08-01,p_0yKkMd,Santiago Esquivel,50.8,10.0,47.6
2026-08-10,p_0yKkMd,Santiago Esquivel,46.90909090909091,11.0,37.6
2026-08-14,p_0yKkMd,Santiago Esquivel,49.166666666666664,12.0,43.4
2026-09-05,p_0yKkMd,Santiago Esquivel,47.15384615384615,13.0,34.0
2026-09-14,p_0yKkMd,Santiago Esquivel,45.92857142857143,14.0,28.4
2026-09-14,p_0yKkMd,Santiago Esquivel,48.86666666666667,15.0,45.0
2026-01-27,p_0ybyPC,Ulises Sánchez,,0.0,
2026-02-03,p_0ybyPC,Ulises Sánchez,90.0,1.0,90.0
2026-02-09,p_0ybyPC,Ulises Sánchez,85.0,2.0,85.0
2026-02-14,p_0ybyPC,Ulises Sánchez,83.66666666666667,3.0,83.66666666666667
2026-02-21,p_0ybyPC,Ulises Sánchez,84.5,4.0,84.5
2026-02-25,p_0ybyPC,Ulises Sánchez,81.8,5.0,81.8
2026-02-28,p_0ybyPC,Ulises Sánchez,75.66666666666667,6.0,72.8
2026-03-12,p_0ybyPC,Ulises Sánchez,68.71428571428571,7.0,62.2
2026-03-18,p_0ybyPC,Ulises Sánchez,69.0,8.0,60.2
2026-04-03,p_0ybyPC,Ulises Sánchez,71.33333333333333,9.0,60.8
2026-04-12,p_0ybyPC,Ulises Sánchez,69.7,10.0,57.6
2026-04-26,p_0ybyPC,Ulises Sánchez,67.45454545454545,11.0,57.6
2026-07-28,p_0ybyPC,Ulises Sánchez,62.333333333333336,12.0,53.4
2026-08-18,p_0ybyPC,Ulises Sánchez,59.07692307692308,13.0,43.2
2026-08-22,p_0ybyPC,Ulises Sánchez,55.42857142857143,14.0,26.8
2026-09-11,p_0ybyPC,Ulises Sánchez,52.333333333333336,15.0,17.6
2026-01-22,p_0yyPLQ,Matías Mansilla,,0.0,
2026-01-29,p_0yyPLQ,Matías Mansilla,90.0,1.0,90.0
2026-02-03,p_0yyPLQ,Matías Mansilla,90.0,2.0,90.0
2026-02-07,p_0yyPLQ,Matías Mansilla,90.0,3.0,90.0
2026-02-14,p_0yyPLQ,Matías Mansilla,90.0,4.0,90.0
2026-02-23,p_0yyPLQ,Matías Mansilla,90.0,5.0,90.0
2026-02-26,p_0yyPLQ,Matías Mansilla,90.0,6.0,90.0
2026-03-01,p_0yyPLQ,Matías Mansilla,90.0,7.0,90.0
2026-03-10,p_0yyPLQ,Matías Mansilla,90.0,8.0,90.0
2026-03-16,p_0yyPLQ,Matías Mansilla,90.0,9.0,90.0
2026-03-21,p_0yyPLQ,Matías Mansilla,90.0,10.0,90.0
2026-04-03,p_0yyPLQ,Matías Mansilla,90.0,11.0,90.0
2026-04-11,p_0yyPLQ,Matías Mansilla,90.0,12.0,90.0
2026-04-17,p_0yyPLQ,Matías Mansilla,90.0,13.0,90.0
2026-04-27,p_0yyPLQ,Matías Mansilla,90.0,14.0,90.0
2026-05-02,p_0yyPLQ,Matías Mansilla,90.0,15.0,90.0
2026-05-10,p_0yyPLQ,Matías Mansilla,90.0,16.0,90.0
2026-05-12,p_0yyPLQ,Matías Mansilla,90.0,17.0,90.0
2026-07-25,p_0yyPLQ,Matías Mansilla,90.0,18.0,90.0
2026-08-01,p_0yyPLQ,Matías Mansilla,90.0,19.0,90.0
2026-08-06,p_0yyPLQ,Matías Mansilla,90.0,20.0,90.0
2026-08-11,p_0yyPLQ,Matías Mansilla,90.0,21.0,90.0
2026-08-15,p_0yyPLQ,Matías Mansilla,90.0,22.0,90.0
2026-08-21,p_0yyPLQ,Matías Mansilla,90.0,23.0,90.0
2026-08-28,p_0yyPLQ,Matías Mansilla,90.0,24.0,90.0
2026-09-08,p_0yyPLQ,Matías Mansilla,90.0,25.0,90.0
2026-09-12,p_0yyPLQ,Matías Mansilla,90.0,26.0,90.0
2026-01-26,p_0z2imt,Ulises Delgado,,0.0,
2026-01-24,p_0zKhoP,Matías Galarza,,0.0,
2026-01-27,p_0zKhoP,Matías Galarza,90.0,1.0,90.0
2026-02-01,p_0zKhoP,Matías Galarza,88.5,2.0,88.5
2026-02-09,p_0zKhoP,Matías Galarza,89.0,3.0,89.0
2026-02-14,p_0zKhoP,Matías Galarza,89.25,4.0,89.25
2026-02-21,p_0zKhoP,Matías Galarza,89.4,5.0,89.4
2026-02-24,p_0zKhoP,Matías Galarza,89.33333333333333,6.0,89.2
2026-03-01,p_0zKhoP,Matías Galarza,81.0,7.0,78.0
2026-03-12,p_0zKhoP,Matías Galarza,82.125,8.0,78.0
2026-03-15,p_0zKhoP,Matías Galarza,80.88888888888889,9.0,74.2
2026-03-21,p_0zKhoP,Matías Galarza,81.0,10.0,72.6
2026-04-02,p_0zKhoP,Matías Galarza,75.45454545454545,11.0,58.8
2026-04-13,p_0zKhoP,Matías Galarza,76.66666666666667,12.0,70.6
2026-04-19,p_0zKhoP,Matías Galarza,77.6923076923077,13.0,70.6
2026-04-25,p_0zKhoP,Matías Galarza,78.57142857142857,14.0,74.4
2026-05-02,p_0zKhoP,Matías Galarza,79.33333333333333,15.0,76.0
2026-05-09,p_0zKhoP,Matías Galarza,80.0,16.0,90.0
2026-07-25,p_0zKhoP,Matías Galarza,79.41176470588235,17.0,86.0
2026-07-30,p_0zKhoP,Matías Galarza,80.0,18.0,86.0
2026-08-12,p_0zKhoP,Matías Galarza,80.52631578947368,19.0,86.0
2026-08-18,p_0zKhoP,Matías Galarza,81.0,20.0,86.0
2026-08-25,p_0zKhoP,Matías Galarza,81.42857142857143,21.0,86.0
2026-08-30,p_0zKhoP,Matías Galarza,81.81818181818181,22.0,90.0
2026-09-05,p_0zKhoP,Matías Galarza,82.17391304347827,23.0,90.0
2026-02-10,p_103CvJ,Luciano Gómez,,0.0,
2026-02-15,p_103CvJ,Luciano Gómez,13.0,1.0,13.0
2026-02-26,p_103CvJ,Luciano Gómez,22.0,2.0,22.0
2026-03-03,p_103CvJ,Luciano Gómez,17.666666666666668,3.0,17.666666666666668
2026-03-12,p_103CvJ,Luciano Gómez,16.25,4.0,16.25
2026-03-15,p_103CvJ,Luciano Gómez,16.8,5.0,16.8
2026-03-23,p_103CvJ,Luciano Gómez,29.0,6.0,32.2
2026-04-02,p_103CvJ,Luciano Gómez,37.57142857142857,7.0,43.8
2026-04-11,p_103CvJ,Luciano Gómez,44.125,8.0,60.0
2026-04-20,p_103CvJ,Luciano Gómez,44.22222222222222,9.0,66.6
2026-04-26,p_103CvJ,Luciano Gómez,42.1,10.0,67.4
2026-05-10,p_103CvJ,Luciano Gómez,46.45454545454545,11.0,67.4
2026-07-26,p_103CvJ,Luciano Gómez,49.75,12.0,66.8
2026-07-30,p_103CvJ,Luciano Gómez,52.61538461538461,13.0,66.2
2026-08-15,p_103CvJ,Luciano Gómez,51.07142857142857,14.0,63.4
2026-01-22,p_103r5t,Juan Gauto,,0.0,
2026-01-26,p_103r5t,Juan Gauto,79.0,1.0,79.0
2026-02-01,p_103r5t,Juan Gauto,78.0,2.0,78.0
2026-02-08,p_103r5t,Juan Gauto,80.33333333333333,3.0,80.33333333333333
2026-02-15,p_103r5t,Juan Gauto,82.75,4.0,82.75
2026-02-21,p_103r5t,Juan Gauto,83.4,5.0,83.4
2026-02-24,p_103r5t,Juan Gauto,83.16666666666667,6.0,84.0
2026-03-02,p_103r5t,Juan Gauto,80.42857142857143,7.0,81.4
2026-03-11,p_103r5t,Juan Gauto,70.75,8.0,65.0
2026-03-14,p_103r5t,Juan Gauto,72.88888888888889,9.0,65.0
2026-03-23,p_103r5t,Juan Gauto,74.6,10.0,65.8
2026-04-01,p_103r5t,Juan Gauto,70.36363636363636,11.0,55.0
2026-04-12,p_103r5t,Juan Gauto,70.25,12.0,56.0
2026-04-20,p_103r5t,Juan Gauto,69.84615384615384,13.0,68.4
2026-04-25,p_103r5t,Juan Gauto,65.21428571428571,14.0,51.4
2026-05-03,p_103r5t,Juan Gauto,62.0,15.0,36.8
2026-07-25,p_103r5t,Juan Gauto,62.75,16.0,46.0
2026-07-30,p_103r5t,Juan Gauto,63.76470588235294,17.0,48.2
2026-08-23,p_103r5t,Juan Gauto,60.666666666666664,18.0,36.8
2026-08-31,p_103r5t,Juan Gauto,62.21052631578947,19.0,53.8
2026-09-12,p_103r5t,Juan Gauto,60.55,20.0,56.2
2026-03-17,p_105dCk,Yoshan Valois,,0.0,
2026-03-21,p_105dCk,Yoshan Valois,13.0,1.0,13.0
2026-03-27,p_105dCk,Yoshan Valois,10.0,2.0,10.0
2026-04-01,p_105dCk,Yoshan Valois,14.0,3.0,14.0
2026-04-13,p_105dCk,Yoshan Valois,24.5,4.0,24.5
2026-04-21,p_105dCk,Yoshan Valois,26.2,5.0,26.2
2026-04-24,p_105dCk,Yoshan Valois,35.5,6.0,40.0
2026-05-02,p_105dCk,Yoshan Valois,39.714285714285715,7.0,51.6
2026-05-10,p_105dCk,Yoshan Valois,46.0,8.0,65.2
2026-07-26,p_105dCk,Yoshan Valois,43.77777777777778,9.0,59.2
2026-08-03,p_105dCk,Yoshan Valois,46.5,10.0,66.8
2026-08-06,p_105dCk,Yoshan Valois,44.54545454545455,11.0,55.4
2026-08-12,p_105dCk,Yoshan Valois,46.75,12.0,56.6
2026-08-17,p_105dCk,Yoshan Valois,45.07692307692308,13.0,43.6
2026-08-25,p_105dCk,Yoshan Valois,43.714285714285715,14.0,43.6
2026-08-29,p_105dCk,Yoshan Valois,42.86666666666667,15.0,35.6
2026-09-06,p_105dCk,Yoshan Valois,43.0,16.0,39.6
2026-09-14,p_105dCk,Yoshan Valois,41.705882352941174,17.0,29.6
2026-09-14,p_105dCk,Yoshan Valois,40.05555555555556,18.0,27.0
2026-01-23,p_10iCWI,Leandro González Pírez,,0.0,
2026-01-29,p_10iCWI,Leandro González Pírez,90.0,1.0,90.0
2026-02-02,p_10iCWI,Leandro González Pírez,90.0,2.0,90.0
2026-02-09,p_10iCWI,Leandro González Pírez,90.0,3.0,90.0
2026-02-15,p_10iCWI,Leandro González Pírez,90.0,4.0,90.0
2026-02-20,p_10iCWI,Leandro González Pírez,90.0,5.0,90.0
2026-02-25,p_10iCWI,Leandro González Pírez,90.0,6.0,90.0
2026-03-02,p_10iCWI,Leandro González Pírez,90.0,7.0,90.0
2026-03-18,p_10iCWI,Leandro González Pírez,90.0,8.0,90.0
2026-03-23,p_10iCWI,Leandro González Pírez,90.0,9.0,90.0
2026-04-03,p_10iCWI,Leandro González Pírez,90.0,10.0,90.0
2026-04-11,p_10iCWI,Leandro González Pírez,90.0,11.0,90.0
2026-04-18,p_10iCWI,Leandro González Pírez,83.91666666666667,12.0,75.4
2026-04-25,p_10iCWI,Leandro González Pírez,78.0,13.0,58.8
2026-05-10,p_10iCWI,Leandro González Pírez,78.85714285714286,14.0,58.8
2026-08-31,p_10iCWI,Leandro González Pírez,79.6,15.0,58.8
2026-09-06,p_10iCWI,Leandro González Pírez,80.25,16.0,58.8
2026-09-12,p_10iCWI,Leandro González Pírez,80.05882352941177,17.0,70.8
2026-01-26,p_10pgVf,Javier Ferreira,,0.0,
2026-02-15,p_10pgVf,Javier Ferreira,11.0,1.0,11.0
2026-02-22,p_10pgVf,Javier Ferreira,28.0,2.0,28.0
2026-02-26,p_10pgVf,Javier Ferreira,39.333333333333336,3.0,39.333333333333336
2026-03-03,p_10pgVf,Javier Ferreira,43.25,4.0,43.25
2026-03-12,p_10pgVf,Javier Ferreira,37.2,5.0,37.2
2026-03-16,p_10pgVf,Javier Ferreira,35.166666666666664,6.0,40.0
2026-03-22,p_10pgVf,Javier Ferreira,33.57142857142857,7.0,35.8
2026-04-04,p_10pgVf,Javier Ferreira,31.0,8.0,26.0
2026-04-12,p_10pgVf,Javier Ferreira,28.333333333333332,9.0,16.4
2026-04-18,p_10pgVf,Javier Ferreira,27.6,10.0,18.0
2026-04-24,p_10pgVf,Javier Ferreira,27.09090909090909,11.0,17.4
2026-05-05,p_10pgVf,Javier Ferreira,30.833333333333332,12.0,27.0
2026-07-25,p_10pgVf,Javier Ferreira,33.15384615384615,13.0,36.6
2026-07-29,p_10pgVf,Javier Ferreira,33.07142857142857,14.0,41.6
2026-08-17,p_10pgVf,Javier Ferreira,31.133333333333333,15.0,38.2
2026-09-15,p_10pgVf,Javier Ferreira,31.25,16.0,40.4
2026-09-15,p_10pgVf,Javier Ferreira,30.176470588235293,17.0,28.6
2026-01-25,p_10sBb4,Milton Delgado,,0.0,
2026-02-01,p_10sBb4,Milton Delgado,11.0,1.0,11.0
2026-02-09,p_10sBb4,Milton Delgado,15.0,2.0,15.0
2026-02-15,p_10sBb4,Milton Delgado,40.0,3.0,40.0
2026-02-20,p_10sBb4,Milton Delgado,31.5,4.0,31.5
2026-02-28,p_10sBb4,Milton Delgado,43.2,5.0,43.2
2026-03-05,p_10sBb4,Milton Delgado,44.833333333333336,6.0,51.6
2026-03-11,p_10sBb4,Milton Delgado,51.285714285714285,7.0,65.8
2026-03-16,p_10sBb4,Milton Delgado,56.125,8.0,65.8
2026-03-22,p_10sBb4,Milton Delgado,59.888888888888886,9.0,82.6
2026-04-02,p_10sBb4,Milton Delgado,62.9,10.0,82.6
2026-04-11,p_10sBb4,Milton Delgado,65.36363636363636,11.0,90.0
2026-04-19,p_10sBb4,Milton Delgado,61.25,12.0,75.2
2026-04-23,p_10sBb4,Milton Delgado,63.46153846153846,13.0,75.2
2026-05-02,p_10sBb4,Milton Delgado,63.357142857142854,14.0,69.6
2026-05-09,p_10sBb4,Milton Delgado,60.06666666666667,15.0,54.4
2026-07-26,p_10sBb4,Milton Delgado,63.8125,16.0,60.4
2026-08-05,p_10sBb4,Milton Delgado,64.47058823529412,17.0,72.2
2026-08-08,p_10sBb4,Milton Delgado,65.88888888888889,18.0,72.2
2026-08-16,p_10sBb4,Milton Delgado,67.15789473684211,19.0,77.8
2026-08-24,p_10sBb4,Milton Delgado,68.3,20.0,93.0
2026-08-29,p_10sBb4,Milton Delgado,67.66666666666667,21.0,80.0
2026-02-08,p_1187qF,Maximiliano Villa,,0.0,
2026-02-15,p_1187qF,Maximiliano Villa,20.0,1.0,20.0
2026-02-20,p_1187qF,Maximiliano Villa,55.0,2.0,55.0
2026-02-25,p_1187qF,Maximiliano Villa,64.0,3.0,64.0
2026-03-12,p_1187qF,Maximiliano Villa,70.0,4.0,70.0
2026-03-16,p_1187qF,Maximiliano Villa,74.0,5.0,74.0
2026-03-21,p_1187qF,Maximiliano Villa,76.66666666666667,6.0,88.0
2026-04-05,p_1187qF,Maximiliano Villa,78.57142857142857,7.0,88.0
2026-04-12,p_1187qF,Maximiliano Villa,80.0,8.0,89.6
2026-04-19,p_1187qF,Maximiliano Villa,81.11111111111111,9.0,90.0
2026-04-26,p_1187qF,Maximiliano Villa,82.0,10.0,90.0
2026-05-03,p_1187qF,Maximiliano Villa,82.72727272727273,11.0,90.0
2026-07-26,p_1187qF,Maximiliano Villa,83.33333333333333,12.0,90.0
2026-07-31,p_1187qF,Maximiliano Villa,83.84615384615384,13.0,90.0
2026-08-04,p_1187qF,Maximiliano Villa,84.28571428571429,14.0,90.0
2026-08-08,p_1187qF,Maximiliano Villa,84.66666666666667,15.0,90.0
2026-02-07,p_11I8XF,Ezequiel Cannavo,,0.0,
2026-02-14,p_11I8XF,Ezequiel Cannavo,90.0,1.0,90.0
2026-02-20,p_11I8XF,Ezequiel Cannavo,90.0,2.0,90.0
2026-02-26,p_11I8XF,Ezequiel Cannavo,90.0,3.0,90.0
2026-03-04,p_11I8XF,Ezequiel Cannavo,90.0,4.0,90.0
2026-03-11,p_11I8XF,Ezequiel Cannavo,90.0,5.0,90.0
2026-03-16,p_11I8XF,Ezequiel Cannavo,90.0,6.0,90.0
2026-03-22,p_11I8XF,Ezequiel Cannavo,90.0,7.0,90.0
2026-04-04,p_11I8XF,Ezequiel Cannavo,90.0,8.0,90.0
2026-04-12,p_11I8XF,Ezequiel Cannavo,90.0,9.0,90.0
2026-04-19,p_11I8XF,Ezequiel Cannavo,89.4,10.0,88.8
2026-04-25,p_11I8XF,Ezequiel Cannavo,89.45454545454545,11.0,88.8
2026-05-03,p_11I8XF,Ezequiel Cannavo,89.5,12.0,88.8
2026-07-24,p_11I8XF,Ezequiel Cannavo,88.3076923076923,13.0,85.6
2026-07-29,p_11I8XF,Ezequiel Cannavo,88.42857142857143,14.0,85.6
2026-08-01,p_11I8XF,Ezequiel Cannavo,88.53333333333333,15.0,86.8
2026-08-09,p_11I8XF,Ezequiel Cannavo,85.8125,16.0,77.8
2026-08-14,p_11I8XF,Ezequiel Cannavo,86.05882352941177,17.0,77.8
2026-08-24,p_11I8XF,Ezequiel Cannavo,86.27777777777777,18.0,81.0
2026-08-31,p_11I8XF,Ezequiel Cannavo,86.47368421052632,19.0,81.0
2026-09-07,p_11I8XF,Ezequiel Cannavo,86.6,20.0,80.8
2026-09-14,p_11I8XF,Ezequiel Cannavo,86.76190476190476,21.0,89.8
2026-09-14,p_11I8XF,Ezequiel Cannavo,84.81818181818181,22.0,80.6
2026-01-22,p_11jmli,Misael Aguirre,,0.0,
2026-01-29,p_11jmli,Misael Aguirre,11.0,1.0,11.0
2026-02-03,p_11jmli,Misael Aguirre,21.0,2.0,21.0
2026-02-07,p_11jmli,Misael Aguirre,22.0,3.0,22.0
2026-02-14,p_11jmli,Misael Aguirre,21.0,4.0,21.0
2026-02-23,p_11jmli,Misael Aguirre,17.2,5.0,17.2
2026-02-26,p_11jmli,Misael Aguirre,21.833333333333332,6.0,24.0
2026-03-16,p_11jmli,Misael Aguirre,21.571428571428573,7.0,21.8
2026-03-21,p_11jmli,Misael Aguirre,21.625,8.0,21.4
2026-07-25,p_11jmli,Misael Aguirre,21.555555555555557,9.0,22.0
2026-08-01,p_11jmli,Misael Aguirre,28.4,10.0,39.6
2026-08-06,p_11jmli,Misael Aguirre,33.09090909090909,11.0,46.6
2026-08-11,p_11jmli,Misael Aguirre,35.25,12.0,54.4
2026-08-15,p_11jmli,Misael Aguirre,37.23076923076923,13.0,62.2
2026-08-28,p_11jmli,Misael Aguirre,35.42857142857143,14.0,60.4
2026-09-08,p_11jmli,Misael Aguirre,34.333333333333336,15.0,46.2
2026-09-12,p_11jmli,Misael Aguirre,33.4375,16.0,34.2
2026-03-12,p_11rLEz,Juan Espínola,,0.0,
2026-03-16,p_11rLEz,Juan Espínola,10.0,1.0,10.0
2026-04-12,p_11rLEz,Juan Espínola,50.0,2.0,50.0
2026-04-20,p_11rLEz,Juan Espínola,63.333333333333336,3.0,63.333333333333336
2026-04-25,p_11rLEz,Juan Espínola,70.0,4.0,70.0
2026-05-02,p_11rLEz,Juan Espínola,74.0,5.0,74.0
2026-07-24,p_12I3Qr,Gonzalo Escudero,,0.0,
2026-08-14,p_12I3Qr,Gonzalo Escudero,90.0,1.0,90.0
2026-08-31,p_12I3Qr,Gonzalo Escudero,53.0,2.0,53.0
2026-01-25,p_12lRQi,Ayrton Costa,,0.0,
2026-01-29,p_12lRQi,Ayrton Costa,90.0,1.0,90.0
2026-02-01,p_12lRQi,Ayrton Costa,90.0,2.0,90.0
2026-02-09,p_12lRQi,Ayrton Costa,90.0,3.0,90.0
2026-02-15,p_12lRQi,Ayrton Costa,90.0,4.0,90.0
2026-02-20,p_12lRQi,Ayrton Costa,90.0,5.0,90.0
2026-02-28,p_12lRQi,Ayrton Costa,90.0,6.0,90.0
2026-03-05,p_12lRQi,Ayrton Costa,90.0,7.0,90.0
2026-03-11,p_12lRQi,Ayrton Costa,90.0,8.0,90.0
2026-03-16,p_12lRQi,Ayrton Costa,90.0,9.0,90.0
2026-03-22,p_12lRQi,Ayrton Costa,90.0,10.0,90.0
2026-04-19,p_12lRQi,Ayrton Costa,90.0,11.0,90.0
2026-05-09,p_12lRQi,Ayrton Costa,90.0,12.0,90.0
2026-08-02,p_12lRQi,Ayrton Costa,91.15384615384616,13.0,93.0
2026-08-08,p_12lRQi,Ayrton Costa,91.07142857142857,14.0,93.0
2026-08-16,p_12lRQi,Ayrton Costa,88.0,15.0,84.0
2026-08-24,p_12lRQi,Ayrton Costa,85.3125,16.0,75.0
2026-01-24,p_12npfJ,Gabriel Rojas,,0.0,
2026-01-28,p_12npfJ,Gabriel Rojas,90.0,1.0,90.0
2026-02-02,p_12npfJ,Gabriel Rojas,90.0,2.0,90.0
2026-02-07,p_12npfJ,Gabriel Rojas,90.0,3.0,90.0
2026-02-14,p_12npfJ,Gabriel Rojas,90.0,4.0,90.0
2026-02-20,p_12npfJ,Gabriel Rojas,90.0,5.0,90.0
2026-02-26,p_12npfJ,Gabriel Rojas,90.0,6.0,90.0
2026-03-04,p_12npfJ,Gabriel Rojas,90.0,7.0,90.0
2026-03-11,p_12npfJ,Gabriel Rojas,90.0,8.0,90.0
2026-03-16,p_12npfJ,Gabriel Rojas,90.0,9.0,90.0
2026-03-22,p_12npfJ,Gabriel Rojas,90.0,10.0,90.0
2026-05-03,p_12npfJ,Gabriel Rojas,90.0,11.0,90.0
2026-05-10,p_12npfJ,Gabriel Rojas,90.0,12.0,90.0
2026-05-13,p_12npfJ,Gabriel Rojas,90.0,13.0,90.0
2026-02-01,p_12oUPV,Hugo Nervo,,0.0,
2026-02-08,p_12oUPV,Hugo Nervo,19.0,1.0,19.0
2026-02-14,p_12oUPV,Hugo Nervo,17.5,2.0,17.5
2026-02-21,p_12oUPV,Hugo Nervo,12.0,3.0,12.0
2026-03-03,p_12oUPV,Hugo Nervo,31.5,4.0,31.5
2026-04-12,p_12oUPV,Hugo Nervo,28.0,5.0,28.0
2026-05-09,p_12oUPV,Hugo Nervo,23.666666666666668,6.0,24.6
2026-05-13,p_12oUPV,Hugo Nervo,25.857142857142858,7.0,29.2
2026-07-25,p_12oUPV,Hugo Nervo,37.625,8.0,53.0
2026-07-30,p_12oUPV,Hugo Nervo,43.44444444444444,9.0,53.0
2026-08-04,p_12oUPV,Hugo Nervo,48.1,10.0,68.2
2026-08-09,p_12oUPV,Hugo Nervo,51.90909090909091,11.0,85.8
2026-08-16,p_12oUPV,Hugo Nervo,55.083333333333336,12.0,96.0
2026-08-23,p_12oUPV,Hugo Nervo,57.76923076923077,13.0,90.0
2026-08-29,p_12oUPV,Hugo Nervo,60.07142857142857,14.0,90.0
2026-09-04,p_12oUPV,Hugo Nervo,62.06666666666667,15.0,90.0
2026-09-14,p_12oUPV,Hugo Nervo,63.8125,16.0,90.0
2026-09-14,p_12oUPV,Hugo Nervo,60.35294117647059,17.0,73.0
2026-01-25,p_12pouK,Nicolás Benegas,,0.0,
2026-01-29,p_12pouK,Nicolás Benegas,63.0,1.0,63.0
2026-02-01,p_12pouK,Nicolás Benegas,43.5,2.0,43.5
2026-02-09,p_12pouK,Nicolás Benegas,33.0,3.0,33.0
2026-02-16,p_12pouK,Nicolás Benegas,40.75,4.0,40.75
2026-02-21,p_12pouK,Nicolás Benegas,50.6,5.0,50.6
2026-02-25,p_12pouK,Nicolás Benegas,57.166666666666664,6.0,56.0
2026-03-02,p_12pouK,Nicolás Benegas,49.857142857142854,7.0,52.4
2026-03-12,p_12pouK,Nicolás Benegas,45.125,8.0,52.4
2026-03-18,p_12pouK,Nicolás Benegas,43.77777777777778,9.0,46.2
2026-04-03,p_12pouK,Nicolás Benegas,42.7,10.0,34.8
2026-07-26,p_12pouK,Nicolás Benegas,40.09090909090909,11.0,19.6
2026-08-02,p_12pouK,Nicolás Benegas,39.166666666666664,12.0,24.2
2026-08-15,p_12pouK,Nicolás Benegas,40.92307692307692,13.0,34.2
2026-08-23,p_12pouK,Nicolás Benegas,39.07142857142857,14.0,30.6
2026-08-29,p_12pouK,Nicolás Benegas,41.2,15.0,38.2
2026-09-04,p_12pouK,Nicolás Benegas,43.125,16.0,49.8
2026-09-14,p_12pouK,Nicolás Benegas,44.05882352941177,17.0,55.8
2026-09-14,p_12pouK,Nicolás Benegas,45.55555555555556,18.0,57.6
2026-07-24,p_12xt1i,Facundo Suárez,,0.0,
2026-08-09,p_12xt1i,Facundo Suárez,14.0,1.0,14.0
2026-08-16,p_12xt1i,Facundo Suárez,13.5,2.0,13.5
2026-08-22,p_12xt1i,Facundo Suárez,17.666666666666668,3.0,17.666666666666668
2026-09-01,p_12xt1i,Facundo Suárez,18.0,4.0,18.0
2026-09-08,p_12xt1i,Facundo Suárez,17.8,5.0,17.8
2026-01-22,p_137tuu,Ignacio Vázquez,,0.0,
2026-01-26,p_137tuu,Ignacio Vázquez,90.0,1.0,90.0
2026-02-01,p_137tuu,Ignacio Vázquez,90.0,2.0,90.0
2026-02-08,p_137tuu,Ignacio Vázquez,90.0,3.0,90.0
2026-02-15,p_137tuu,Ignacio Vázquez,90.0,4.0,90.0
2026-02-21,p_137tuu,Ignacio Vázquez,90.0,5.0,90.0
2026-02-24,p_137tuu,Ignacio Vázquez,90.0,6.0,90.0
2026-03-02,p_137tuu,Ignacio Vázquez,90.0,7.0,90.0
2026-03-11,p_137tuu,Ignacio Vázquez,90.0,8.0,90.0
2026-03-14,p_137tuu,Ignacio Vázquez,90.0,9.0,90.0
2026-03-23,p_137tuu,Ignacio Vázquez,90.0,10.0,90.0
2026-07-25,p_137tuu,Ignacio Vázquez,90.0,11.0,90.0
2026-07-30,p_137tuu,Ignacio Vázquez,90.0,12.0,90.0
2026-08-09,p_137tuu,Ignacio Vázquez,90.0,13.0,90.0
2026-08-16,p_137tuu,Ignacio Vázquez,90.0,14.0,90.0
2026-08-31,p_137tuu,Ignacio Vázquez,90.0,15.0,90.0
2026-09-04,p_137tuu,Ignacio Vázquez,90.0,16.0,90.0
2026-07-23,p_13K9bt,Tomás Badaloni,,0.0,
2026-07-29,p_13K9bt,Tomás Badaloni,90.0,1.0,90.0
2026-08-02,p_13K9bt,Tomás Badaloni,76.5,2.0,76.5
2026-08-07,p_13K9bt,Tomás Badaloni,53.333333333333336,3.0,53.333333333333336
2026-08-17,p_13K9bt,Tomás Badaloni,44.75,4.0,44.75
2026-08-29,p_13K9bt,Tomás Badaloni,53.8,5.0,53.8
2026-01-25,p_13PyWD,Enzo Giménez,,0.0,
2026-01-28,p_13PyWD,Enzo Giménez,90.0,1.0,90.0
2026-02-02,p_13PyWD,Enzo Giménez,90.0,2.0,90.0
2026-02-07,p_13PyWD,Enzo Giménez,90.0,3.0,90.0
2026-02-16,p_13PyWD,Enzo Giménez,90.0,4.0,90.0
2026-02-21,p_13PyWD,Enzo Giménez,90.0,5.0,90.0
2026-02-25,p_13PyWD,Enzo Giménez,90.0,6.0,90.0
2026-03-01,p_13PyWD,Enzo Giménez,90.0,7.0,90.0
2026-03-11,p_13PyWD,Enzo Giménez,90.0,8.0,90.0
2026-03-15,p_13PyWD,Enzo Giménez,90.0,9.0,90.0
2026-03-23,p_13PyWD,Enzo Giménez,90.0,10.0,90.0
2026-04-05,p_13PyWD,Enzo Giménez,90.0,11.0,90.0
2026-04-12,p_13PyWD,Enzo Giménez,90.0,12.0,90.0
2026-04-19,p_13PyWD,Enzo Giménez,90.0,13.0,90.0
2026-05-10,p_13PyWD,Enzo Giménez,89.0,14.0,87.2
2026-05-13,p_13PyWD,Enzo Giménez,86.06666666666666,15.0,78.2
2026-05-16,p_13PyWD,Enzo Giménez,85.5625,16.0,75.8
2026-01-24,p_13nKVT,Matko Miljevic,,0.0,
2026-01-28,p_13nKVT,Matko Miljevic,90.0,1.0,90.0
2026-02-02,p_13nKVT,Matko Miljevic,90.0,2.0,90.0
2026-02-07,p_13nKVT,Matko Miljevic,80.0,3.0,80.0
2026-02-14,p_13nKVT,Matko Miljevic,77.25,4.0,77.25
2026-02-20,p_13nKVT,Matko Miljevic,74.6,5.0,74.6
2026-02-26,p_13nKVT,Matko Miljevic,72.5,6.0,69.0
2026-03-11,p_13nKVT,Matko Miljevic,66.57142857142857,7.0,57.2
2026-03-16,p_13nKVT,Matko Miljevic,62.25,8.0,51.6
2026-04-04,p_13nKVT,Matko Miljevic,60.333333333333336,9.0,46.8
2026-04-19,p_13nKVT,Matko Miljevic,55.0,10.0,35.4
2026-04-25,p_13nKVT,Matko Miljevic,54.09090909090909,11.0,32.0
2026-05-10,p_13nKVT,Matko Miljevic,50.0,12.0,26.8
2026-05-13,p_13nKVT,Matko Miljevic,47.07692307692308,13.0,22.8
2026-07-24,p_13nKVT,Matko Miljevic,44.92857142857143,14.0,17.2
2026-07-29,p_13nKVT,Matko Miljevic,47.46666666666667,15.0,32.4
2026-08-01,p_13nKVT,Matko Miljevic,49.125,16.0,38.2
2026-08-09,p_13nKVT,Matko Miljevic,49.64705882352941,17.0,48.8
2026-08-14,p_13nKVT,Matko Miljevic,50.166666666666664,18.0,58.2
2026-08-24,p_13nKVT,Matko Miljevic,52.26315789473684,19.0,72.8
2026-08-31,p_13nKVT,Matko Miljevic,53.3,20.0,70.8
2026-09-07,p_13nKVT,Matko Miljevic,55.04761904761905,21.0,74.0
2026-09-14,p_13nKVT,Matko Miljevic,53.95454545454545,22.0,68.6
2026-09-14,p_13nKVT,Matko Miljevic,51.95652173913044,23.0,58.4
2026-01-27,p_14Npfn,Maher Carrizo,,0.0,
2026-04-26,p_14QNqn,Lucas Silva,,0.0,
2026-05-16,p_14QNqn,Lucas Silva,1.0,1.0,1.0
2026-07-25,p_14QNqn,Lucas Silva,17.5,2.0,17.5
2026-07-29,p_14QNqn,Lucas Silva,41.666666666666664,3.0,41.666666666666664
2026-08-25,p_14TOcz,Agustín Álvarez,,0.0,
2026-08-30,p_14TOcz,Agustín Álvarez,61.0,1.0,61.0
2026-09-05,p_14TOcz,Agustín Álvarez,60.5,2.0,60.5
2026-09-12,p_14TOcz,Agustín Álvarez,63.0,3.0,63.0
2026-07-24,p_155U4Y,Pacha Espino,,0.0,
2026-08-24,p_155U4Y,Pacha Espino,59.0,1.0,59.0
2026-08-31,p_155U4Y,Pacha Espino,36.5,2.0,36.5
2026-01-24,p_15Ftki,Rodrigo Atencio,,0.0,
2026-01-27,p_15Ftki,Rodrigo Atencio,1.0,1.0,1.0
2026-02-10,p_15Ftki,Rodrigo Atencio,4.5,2.0,4.5
2026-02-15,p_15Ftki,Rodrigo Atencio,5.0,3.0,5.0
2026-02-21,p_15Ftki,Rodrigo Atencio,8.25,4.0,8.25
2026-02-26,p_15Ftki,Rodrigo Atencio,13.0,5.0,13.0
2026-03-03,p_15Ftki,Rodrigo Atencio,14.5,6.0,17.2
2026-03-12,p_15Ftki,Rodrigo Atencio,16.285714285714285,7.0,21.0
2026-03-15,p_15Ftki,Rodrigo Atencio,19.875,8.0,28.8
2026-03-23,p_15Ftki,Rodrigo Atencio,22.666666666666668,9.0,34.2
2026-04-02,p_15Ftki,Rodrigo Atencio,27.5,10.0,42.0
2026-04-11,p_15Ftki,Rodrigo Atencio,32.36363636363637,11.0,53.8
2026-04-20,p_15Ftki,Rodrigo Atencio,37.166666666666664,12.0,66.4
2026-04-26,p_15Ftki,Rodrigo Atencio,41.23076923076923,13.0,75.4
2026-05-03,p_15Ftki,Rodrigo Atencio,39.57142857142857,14.0,70.0
2026-05-10,p_15Ftki,Rodrigo Atencio,42.93333333333333,15.0,73.8
2026-07-26,p_15Ftki,Rodrigo Atencio,41.875,16.0,62.8
2026-08-08,p_15Ftki,Rodrigo Atencio,39.588235294117645,17.0,45.4
2026-08-15,p_15Ftki,Rodrigo Atencio,40.94444444444444,18.0,40.2
2026-08-17,p_15HxSV,Sebastián Zaracho,,0.0,
2026-09-06,p_15HxSV,Sebastián Zaracho,90.0,1.0,90.0
2026-01-23,p_15T8Aa,Manuel Insaurralde,,0.0,
2026-01-27,p_15T8Aa,Manuel Insaurralde,6.0,1.0,6.0
2026-04-03,p_15T8Aa,Manuel Insaurralde,34.0,2.0,34.0
2026-04-12,p_15T8Aa,Manuel Insaurralde,44.666666666666664,3.0,44.666666666666664
2026-04-20,p_15T8Aa,Manuel Insaurralde,56.0,4.0,56.0
2026-04-25,p_15T8Aa,Manuel Insaurralde,62.8,5.0,62.8
2026-05-02,p_15T8Aa,Manuel Insaurralde,67.33333333333333,6.0,79.6
2026-05-10,p_15T8Aa,Manuel Insaurralde,69.28571428571429,7.0,83.4
2026-07-26,p_15T8Aa,Manuel Insaurralde,75.625,8.0,94.2
2026-08-21,p_15T8Aa,Manuel Insaurralde,72.22222222222223,9.0,85.2
2026-09-05,p_15T8Aa,Manuel Insaurralde,68.2,10.0,73.6
2026-09-13,p_15T8Aa,Manuel Insaurralde,69.0,11.0,71.0
2026-01-24,p_15wJtA,Ignacio Fernández,,0.0,
2026-01-28,p_15wJtA,Ignacio Fernández,70.0,1.0,70.0
2026-02-09,p_15wJtA,Ignacio Fernández,57.5,2.0,57.5
2026-02-15,p_15wJtA,Ignacio Fernández,68.33333333333333,3.0,68.33333333333333
2026-02-21,p_15wJtA,Ignacio Fernández,73.0,4.0,73.0
2026-02-25,p_15wJtA,Ignacio Fernández,73.0,5.0,73.0
2026-03-02,p_15wJtA,Ignacio Fernández,72.0,6.0,72.4
2026-03-11,p_15wJtA,Ignacio Fernández,72.28571428571429,7.0,78.2
2026-03-15,p_15wJtA,Ignacio Fernández,74.5,8.0,78.2
2026-03-21,p_15wJtA,Ignacio Fernández,76.22222222222223,9.0,78.8
2026-04-05,p_15wJtA,Ignacio Fernández,77.6,10.0,82.2
2026-04-13,p_15wJtA,Ignacio Fernández,78.72727272727273,11.0,86.8
2026-04-26,p_15wJtA,Ignacio Fernández,77.41666666666667,12.0,84.6
2026-05-03,p_15wJtA,Ignacio Fernández,78.3076923076923,13.0,84.4
2026-05-11,p_15wJtA,Ignacio Fernández,79.07142857142857,14.0,84.2
2026-05-14,p_15wJtA,Ignacio Fernández,79.8,15.0,84.2
2026-07-24,p_15wJtA,Ignacio Fernández,80.4375,16.0,84.2
2026-07-29,p_15wJtA,Ignacio Fernández,81.0,17.0,89.6
2026-08-02,p_15wJtA,Ignacio Fernández,81.11111111111111,18.0,88.4
2026-08-09,p_15wJtA,Ignacio Fernández,81.42105263157895,19.0,88.0
2026-08-15,p_15wJtA,Ignacio Fernández,81.55,20.0,86.8
2026-08-22,p_15wJtA,Ignacio Fernández,81.33333333333333,21.0,84.2
2026-08-29,p_15wJtA,Ignacio Fernández,81.72727272727273,22.0,84.2
2026-09-05,p_15wJtA,Ignacio Fernández,82.04347826086956,23.0,85.4
2026-09-13,p_15wJtA,Ignacio Fernández,82.375,24.0,86.0
2026-01-23,p_16FDGx,Nicolas Linares,,0.0,
2026-01-27,p_16FDGx,Nicolas Linares,90.0,1.0,90.0
2026-02-03,p_16FDGx,Nicolas Linares,90.0,2.0,90.0
2026-02-25,p_16FDGx,Nicolas Linares,71.33333333333333,3.0,71.33333333333333
2026-02-28,p_16FDGx,Nicolas Linares,76.0,4.0,76.0
2026-03-12,p_16FDGx,Nicolas Linares,78.8,5.0,78.8
2026-03-18,p_16FDGx,Nicolas Linares,80.66666666666667,6.0,78.8
2026-03-21,p_16FDGx,Nicolas Linares,80.57142857142857,7.0,76.8
2026-07-29,p_16FDGx,Nicolas Linares,81.75,8.0,88.0
2026-01-24,p_16TE0v,Luca Regiardo,,0.0,
2026-02-25,p_16TE0v,Luca Regiardo,65.0,1.0,65.0
2026-03-01,p_16TE0v,Luca Regiardo,77.5,2.0,77.5
2026-03-11,p_16TE0v,Luca Regiardo,81.66666666666667,3.0,81.66666666666667
2026-03-17,p_16TE0v,Luca Regiardo,83.75,4.0,83.75
2026-03-21,p_16TE0v,Luca Regiardo,85.0,5.0,85.0
2026-04-05,p_16TE0v,Luca Regiardo,85.83333333333333,6.0,90.0
2026-04-12,p_16TE0v,Luca Regiardo,86.42857142857143,7.0,90.0
2026-04-17,p_16TE0v,Luca Regiardo,86.875,8.0,90.0
2026-04-26,p_16TE0v,Luca Regiardo,87.22222222222223,9.0,90.0
2026-05-04,p_16TE0v,Luca Regiardo,87.5,10.0,90.0
2026-07-25,p_16TE0v,Luca Regiardo,87.72727272727273,11.0,90.0
2026-07-31,p_16TE0v,Luca Regiardo,87.91666666666667,12.0,90.0
2026-08-02,p_16TE0v,Luca Regiardo,88.07692307692308,13.0,90.0
2026-08-09,p_16TE0v,Luca Regiardo,88.21428571428571,14.0,90.0
2026-08-15,p_16TE0v,Luca Regiardo,88.33333333333333,15.0,90.0
2026-08-23,p_16TE0v,Luca Regiardo,88.4375,16.0,90.0
2026-08-31,p_16TE0v,Luca Regiardo,88.52941176470588,17.0,90.0
2026-09-06,p_16TE0v,Luca Regiardo,88.61111111111111,18.0,90.0
2026-09-11,p_16TE0v,Luca Regiardo,88.6842105263158,19.0,90.0
2026-02-20,p_16mEjs,Darío Cáceres,,0.0,
2026-02-24,p_16mEjs,Darío Cáceres,29.0,1.0,29.0
2026-03-21,p_16mEjs,Darío Cáceres,15.0,2.0,15.0
2026-04-07,p_16mEjs,Darío Cáceres,18.333333333333332,3.0,18.333333333333332
2026-04-13,p_16mEjs,Darío Cáceres,25.0,4.0,25.0
2026-04-18,p_16mEjs,Darío Cáceres,31.4,5.0,31.4
2026-04-23,p_16mEjs,Darío Cáceres,29.333333333333332,6.0,29.4
2026-05-04,p_16mEjs,Darío Cáceres,35.285714285714285,7.0,43.4
2026-08-11,p_16mEjs,Darío Cáceres,38.375,8.0,50.4
2026-08-16,p_16mEjs,Darío Cáceres,44.111111111111114,9.0,59.4
2026-08-24,p_16mEjs,Darío Cáceres,48.7,10.0,66.0
2026-08-30,p_16mEjs,Darío Cáceres,52.45454545454545,11.0,80.2
2026-09-06,p_16mEjs,Darío Cáceres,55.583333333333336,12.0,84.0
2026-09-12,p_16mEjs,Darío Cáceres,58.23076923076923,13.0,90.0
2026-01-26,p_173wGq,Brayan Cortés,,0.0,
2026-01-30,p_173wGq,Brayan Cortés,90.0,1.0,90.0
2026-02-03,p_173wGq,Brayan Cortés,90.0,2.0,90.0
2026-02-07,p_173wGq,Brayan Cortés,90.0,3.0,90.0
2026-02-13,p_173wGq,Brayan Cortés,90.0,4.0,90.0
2026-03-01,p_173wGq,Brayan Cortés,90.0,5.0,90.0
2026-03-11,p_173wGq,Brayan Cortés,90.0,6.0,90.0
2026-03-16,p_173wGq,Brayan Cortés,90.0,7.0,90.0
2026-03-23,p_173wGq,Brayan Cortés,90.0,8.0,90.0
2026-03-27,p_173wGq,Brayan Cortés,90.0,9.0,90.0
2026-03-31,p_173wGq,Brayan Cortés,90.0,10.0,90.0
2026-04-06,p_173wGq,Brayan Cortés,90.0,11.0,90.0
2026-04-11,p_173wGq,Brayan Cortés,90.0,12.0,90.0
2026-04-19,p_173wGq,Brayan Cortés,90.0,13.0,90.0
2026-04-28,p_173wGq,Brayan Cortés,90.0,14.0,90.0
2026-05-03,p_173wGq,Brayan Cortés,90.0,15.0,90.0
2026-05-10,p_173wGq,Brayan Cortés,90.0,16.0,90.0
2026-05-13,p_173wGq,Brayan Cortés,90.0,17.0,90.0
2026-05-17,p_173wGq,Brayan Cortés,91.66666666666667,18.0,96.0
2026-07-23,p_173wGq,Brayan Cortés,93.15789473684211,19.0,102.0
2026-07-29,p_173wGq,Brayan Cortés,93.0,20.0,102.0
2026-08-01,p_173wGq,Brayan Cortés,92.85714285714286,21.0,102.0
2026-08-09,p_173wGq,Brayan Cortés,92.72727272727273,22.0,102.0
2026-08-16,p_173wGq,Brayan Cortés,92.6086956521739,23.0,96.0
2026-08-25,p_173wGq,Brayan Cortés,92.5,24.0,90.0
2026-08-30,p_173wGq,Brayan Cortés,92.4,25.0,90.0
2026-09-07,p_173wGq,Brayan Cortés,92.3076923076923,26.0,90.0
2026-09-13,p_173wGq,Brayan Cortés,92.22222222222223,27.0,90.0
2026-05-03,p_18Akr9,Luciano Sábato,,0.0,
2026-08-15,p_18Akr9,Luciano Sábato,17.0,1.0,17.0
2026-01-23,p_18D9V6,Matías Reali,,0.0,
2026-02-22,p_18D9V6,Matías Reali,45.0,1.0,45.0
2026-03-01,p_18D9V6,Matías Reali,45.0,2.0,45.0
2026-03-25,p_18D9V6,Matías Reali,41.0,3.0,41.0
2026-04-03,p_18D9V6,Matías Reali,34.0,4.0,34.0
2026-04-12,p_18D9V6,Matías Reali,33.8,5.0,33.8
2026-04-20,p_18D9V6,Matías Reali,33.666666666666664,6.0,31.4
2026-04-25,p_18D9V6,Matías Reali,39.42857142857143,7.0,37.2
2026-05-02,p_18D9V6,Matías Reali,42.625,8.0,43.6
2026-05-10,p_18D9V6,Matías Reali,46.77777777777778,9.0,57.0
2026-08-04,p_18D9V6,Matías Reali,45.2,10.0,56.6
2026-08-15,p_18D9V6,Matías Reali,47.36363636363637,11.0,63.8
2026-08-21,p_18D9V6,Matías Reali,50.916666666666664,12.0,67.0
2026-09-01,p_18D9V6,Matías Reali,53.38461538461539,13.0,70.6
2026-09-05,p_18fazm,Matías Satas,,0.0,
2026-09-12,p_18fazm,Matías Satas,68.0,1.0,68.0
2026-01-25,p_18n3tl,Cristian Paz,,0.0,
2026-01-29,p_18n3tl,Cristian Paz,90.0,1.0,90.0
2026-02-01,p_18n3tl,Cristian Paz,90.0,2.0,90.0
2026-02-09,p_18n3tl,Cristian Paz,90.0,3.0,90.0
2026-02-16,p_18n3tl,Cristian Paz,90.0,4.0,90.0
2026-02-21,p_18n3tl,Cristian Paz,90.0,5.0,90.0
2026-02-25,p_18n3tl,Cristian Paz,87.16666666666667,6.0,86.6
2026-03-02,p_18n3tl,Cristian Paz,87.57142857142857,7.0,86.6
2026-03-12,p_18n3tl,Cristian Paz,87.875,8.0,86.6
2026-03-18,p_18n3tl,Cristian Paz,88.11111111111111,9.0,86.6
2026-03-25,p_18n3tl,Cristian Paz,88.3,10.0,86.6
2026-04-03,p_18n3tl,Cristian Paz,88.45454545454545,11.0,90.0
2026-04-11,p_18n3tl,Cristian Paz,88.58333333333333,12.0,90.0
2026-04-24,p_18n3tl,Cristian Paz,88.6923076923077,13.0,90.0
2026-05-02,p_18n3tl,Cristian Paz,88.78571428571429,14.0,90.0
2026-07-26,p_18n3tl,Cristian Paz,88.86666666666666,15.0,90.0
2026-07-29,p_18n3tl,Cristian Paz,88.9375,16.0,90.0
2026-08-02,p_18n3tl,Cristian Paz,89.0,17.0,90.0
2026-08-08,p_18n3tl,Cristian Paz,89.05555555555556,18.0,90.0
2026-08-15,p_18n3tl,Cristian Paz,89.10526315789474,19.0,90.0
2026-08-23,p_18n3tl,Cristian Paz,89.15,20.0,90.0
2026-08-29,p_18n3tl,Cristian Paz,89.19047619047619,21.0,90.0
2026-09-04,p_18n3tl,Cristian Paz,89.22727272727273,22.0,90.0
2026-09-14,p_18n3tl,Cristian Paz,89.26086956521739,23.0,90.0
2026-09-14,p_18n3tl,Cristian Paz,89.29166666666667,24.0,90.0
2026-02-25,p_18siex,Francisco Scarpeccio,,0.0,
2026-03-11,p_18siex,Francisco Scarpeccio,31.0,1.0,31.0
2026-04-05,p_18siex,Francisco Scarpeccio,16.0,2.0,16.0
2026-04-12,p_18siex,Francisco Scarpeccio,12.333333333333334,3.0,12.333333333333334
2026-04-17,p_18siex,Francisco Scarpeccio,26.0,4.0,26.0
2026-04-26,p_18siex,Francisco Scarpeccio,36.0,5.0,36.0
2026-07-31,p_18siex,Francisco Scarpeccio,34.333333333333336,6.0,35.0
2026-08-09,p_18siex,Francisco Scarpeccio,30.571428571428573,7.0,36.4
2026-08-15,p_18siex,Francisco Scarpeccio,29.125,8.0,39.2
2026-08-31,p_18siex,Francisco Scarpeccio,28.77777777777778,9.0,31.0
2026-09-06,p_18siex,Francisco Scarpeccio,26.9,10.0,17.8
2026-01-31,p_198uFp,Gregorio Rodríguez,,0.0,
2026-02-08,p_198uFp,Gregorio Rodríguez,45.0,1.0,45.0
2026-02-14,p_198uFp,Gregorio Rodríguez,45.0,2.0,45.0
2026-02-22,p_198uFp,Gregorio Rodríguez,56.666666666666664,3.0,56.666666666666664
2026-02-24,p_198uFp,Gregorio Rodríguez,53.75,4.0,53.75
2026-03-01,p_198uFp,Gregorio Rodríguez,52.0,5.0,52.0
2026-03-11,p_198uFp,Gregorio Rodríguez,48.833333333333336,6.0,49.6
2026-03-16,p_198uFp,Gregorio Rodríguez,45.714285714285715,7.0,46.0
2026-03-25,p_198uFp,Gregorio Rodríguez,40.125,8.0,30.2
2026-04-03,p_198uFp,Gregorio Rodríguez,41.666666666666664,9.0,32.0
2026-04-12,p_198uFp,Gregorio Rodríguez,44.1,10.0,36.2
2026-04-25,p_198uFp,Gregorio Rodríguez,46.09090909090909,11.0,42.8
2026-05-10,p_198uFp,Gregorio Rodríguez,44.333333333333336,12.0,42.4
2026-07-28,p_198uFp,Gregorio Rodríguez,42.07692307692308,13.0,45.2
2026-01-25,p_19ULPU,Nicolás Sansotre,,0.0,
2026-01-29,p_19ULPU,Nicolás Sansotre,90.0,1.0,90.0
2026-02-01,p_19ULPU,Nicolás Sansotre,78.0,2.0,78.0
2026-02-09,p_19ULPU,Nicolás Sansotre,82.0,3.0,82.0
2026-02-16,p_19ULPU,Nicolás Sansotre,84.0,4.0,84.0
2026-02-21,p_19ULPU,Nicolás Sansotre,85.2,5.0,85.2
2026-02-25,p_19ULPU,Nicolás Sansotre,86.0,6.0,85.2
2026-03-02,p_19ULPU,Nicolás Sansotre,86.57142857142857,7.0,90.0
2026-03-12,p_19ULPU,Nicolás Sansotre,87.0,8.0,90.0
2026-03-18,p_19ULPU,Nicolás Sansotre,87.33333333333333,9.0,90.0
2026-03-25,p_19ULPU,Nicolás Sansotre,87.6,10.0,90.0
2026-04-03,p_19ULPU,Nicolás Sansotre,87.81818181818181,11.0,90.0
2026-04-11,p_19ULPU,Nicolás Sansotre,88.0,12.0,90.0
2026-07-26,p_19ULPU,Nicolás Sansotre,88.15384615384616,13.0,90.0
2026-07-29,p_19ULPU,Nicolás Sansotre,88.28571428571429,14.0,90.0
2026-08-02,p_19ULPU,Nicolás Sansotre,88.4,15.0,90.0
2026-08-08,p_19ULPU,Nicolás Sansotre,88.1875,16.0,89.0
2026-08-15,p_19ULPU,Nicolás Sansotre,88.29411764705883,17.0,89.0
2026-08-23,p_19ULPU,Nicolás Sansotre,87.61111111111111,18.0,86.2
2026-08-29,p_19ULPU,Nicolás Sansotre,87.73684210526316,19.0,86.2
2026-09-04,p_19ULPU,Nicolás Sansotre,87.85,20.0,86.2
2026-09-14,p_19ULPU,Nicolás Sansotre,87.95238095238095,21.0,87.2
2026-09-14,p_19ULPU,Nicolás Sansotre,88.04545454545455,22.0,87.2
2026-01-23,p_1A6WgI,Aaron Quirós,,0.0,
2026-01-27,p_1A6WgI,Aaron Quirós,90.0,1.0,90.0
2026-02-09,p_1A6WgI,Aaron Quirós,90.0,2.0,90.0
2026-03-02,p_1A6WgI,Aaron Quirós,60.333333333333336,3.0,60.333333333333336
2026-04-20,p_1A6WgI,Aaron Quirós,45.5,4.0,45.5
2026-04-27,p_1A6WgI,Aaron Quirós,40.2,5.0,40.2
2026-05-04,p_1A6WgI,Aaron Quirós,48.5,6.0,40.2
2026-01-22,p_1A84Jv,Lautaro Vargas,,0.0,
2026-01-29,p_1A84Jv,Lautaro Vargas,90.0,1.0,90.0
2026-02-03,p_1A84Jv,Lautaro Vargas,85.5,2.0,85.5
2026-02-07,p_1A84Jv,Lautaro Vargas,79.0,3.0,79.0
2026-02-14,p_1A84Jv,Lautaro Vargas,81.75,4.0,81.75
2026-02-23,p_1A84Jv,Lautaro Vargas,83.4,5.0,83.4
2026-02-26,p_1A84Jv,Lautaro Vargas,84.5,6.0,83.4
2026-03-01,p_1A84Jv,Lautaro Vargas,85.28571428571429,7.0,85.2
2026-03-10,p_1A84Jv,Lautaro Vargas,85.875,8.0,90.0
2026-03-16,p_1A84Jv,Lautaro Vargas,86.33333333333333,9.0,90.0
2026-03-21,p_1A84Jv,Lautaro Vargas,86.7,10.0,90.0
2026-04-03,p_1A84Jv,Lautaro Vargas,85.54545454545455,11.0,86.8
2026-04-17,p_1A84Jv,Lautaro Vargas,85.91666666666667,12.0,86.8
2026-04-27,p_1A84Jv,Lautaro Vargas,86.23076923076923,13.0,86.8
2026-05-02,p_1A84Jv,Lautaro Vargas,86.5,14.0,86.8
2026-05-10,p_1A84Jv,Lautaro Vargas,86.73333333333333,15.0,86.8
2026-05-12,p_1A84Jv,Lautaro Vargas,86.9375,16.0,90.0
2026-07-25,p_1A84Jv,Lautaro Vargas,87.05882352941177,17.0,89.8
2026-08-01,p_1A84Jv,Lautaro Vargas,87.22222222222223,18.0,89.8
2026-08-06,p_1A84Jv,Lautaro Vargas,86.15789473684211,19.0,85.2
2026-08-11,p_1A84Jv,Lautaro Vargas,86.35,20.0,85.2
2026-08-15,p_1A84Jv,Lautaro Vargas,85.47619047619048,21.0,80.8
2026-01-23,p_1AI1PK,Nicolás Tripichio,,0.0,
2026-01-27,p_1AI1PK,Nicolás Tripichio,84.0,1.0,84.0
2026-01-31,p_1AI1PK,Nicolás Tripichio,86.0,2.0,86.0
2026-02-08,p_1AI1PK,Nicolás Tripichio,87.0,3.0,87.0
2026-02-14,p_1AI1PK,Nicolás Tripichio,87.75,4.0,87.75
2026-02-22,p_1AI1PK,Nicolás Tripichio,88.0,5.0,88.0
2026-02-24,p_1AI1PK,Nicolás Tripichio,88.16666666666667,6.0,89.0
2026-03-01,p_1AI1PK,Nicolás Tripichio,83.71428571428571,7.0,82.8
2026-03-11,p_1AI1PK,Nicolás Tripichio,84.375,8.0,82.8
2026-03-16,p_1AI1PK,Nicolás Tripichio,85.0,9.0,82.8
2026-03-25,p_1AI1PK,Nicolás Tripichio,84.3,10.0,80.6
2026-04-03,p_1AI1PK,Nicolás Tripichio,84.81818181818181,11.0,80.8
2026-04-20,p_1AI1PK,Nicolás Tripichio,85.25,12.0,87.4
2026-04-25,p_1AI1PK,Nicolás Tripichio,85.61538461538461,13.0,87.6
2026-05-02,p_1AI1PK,Nicolás Tripichio,85.92857142857143,14.0,87.6
2026-05-10,p_1AI1PK,Nicolás Tripichio,86.2,15.0,90.0
2026-07-26,p_1AI1PK,Nicolás Tripichio,85.625,16.0,87.4
2026-07-28,p_1AI1PK,Nicolás Tripichio,85.88235294117646,17.0,87.4
2026-08-04,p_1AI1PK,Nicolás Tripichio,86.11111111111111,18.0,87.4
2026-08-09,p_1AI1PK,Nicolás Tripichio,86.3157894736842,19.0,87.4
2026-08-15,p_1AI1PK,Nicolás Tripichio,86.5,20.0,87.4
2026-08-21,p_1AI1PK,Nicolás Tripichio,86.66666666666667,21.0,90.0
2026-09-01,p_1AI1PK,Nicolás Tripichio,86.81818181818181,22.0,90.0
2026-09-05,p_1AI1PK,Nicolás Tripichio,86.95652173913044,23.0,90.0
2026-09-13,p_1AI1PK,Nicolás Tripichio,87.08333333333333,24.0,90.0
2026-01-26,p_1AQvrE,Tobías Ramírez,,0.0,
2026-04-12,p_1AQvrE,Tobías Ramírez,90.0,1.0,90.0
2026-09-05,p_1AncBV,Carlos Palacios,,0.0,
2026-09-12,p_1AncBV,Carlos Palacios,31.0,1.0,31.0
2026-07-24,p_1Apn7T,Federico Laurelli,,0.0,
2026-07-29,p_1Apn7T,Federico Laurelli,86.0,1.0,86.0
2026-08-02,p_1Apn7T,Federico Laurelli,88.0,2.0,88.0
2026-08-15,p_1Apn7T,Federico Laurelli,78.33333333333333,3.0,78.33333333333333
2026-08-16,p_1Au20E,Agustín Nadruz,,0.0,
2026-01-24,p_1AxSLL,Manuel Duarte,,0.0,
2026-03-16,p_1AxSLL,Manuel Duarte,18.0,1.0,18.0
2026-04-02,p_1AxSLL,Manuel Duarte,22.5,2.0,22.5
2026-08-09,p_1AxSLL,Manuel Duarte,19.666666666666668,3.0,19.666666666666668
2026-08-17,p_1AxSLL,Manuel Duarte,19.25,4.0,19.25
2026-08-31,p_1BSzUv,Thiago Martínez,,0.0,
2026-01-22,p_1Bugui,Damián Fernández,,0.0,
2026-02-08,p_1Bugui,Damián Fernández,89.0,1.0,89.0
2026-02-14,p_1Bugui,Damián Fernández,89.5,2.0,89.5
2026-02-24,p_1Bugui,Damián Fernández,89.66666666666667,3.0,89.66666666666667
2026-03-12,p_1Bugui,Damián Fernández,89.75,4.0,89.75
2026-03-16,p_1Bugui,Damián Fernández,77.6,5.0,77.6
2026-03-21,p_1Bugui,Damián Fernández,76.33333333333333,6.0,73.8
2026-04-07,p_1Bugui,Damián Fernández,71.85714285714286,7.0,64.8
2026-04-13,p_1Bugui,Damián Fernández,68.5,8.0,55.8
2026-04-18,p_1Bugui,Damián Fernández,70.88888888888889,9.0,55.8
2026-04-23,p_1Bugui,Damián Fernández,72.8,10.0,68.0
2026-05-04,p_1Bugui,Damián Fernández,74.36363636363636,11.0,72.0
2026-07-24,p_1Bugui,Damián Fernández,71.91666666666667,12.0,72.0
2026-07-29,p_1Bugui,Damián Fernández,73.3076923076923,13.0,81.0
2026-08-01,p_1Bugui,Damián Fernández,74.5,14.0,81.0
2026-08-09,p_1Bugui,Damián Fernández,75.53333333333333,15.0,81.0
2026-08-17,p_1Bugui,Damián Fernández,76.4375,16.0,81.0
2026-08-23,p_1Bugui,Damián Fernández,77.23529411764706,17.0,90.0
2026-08-31,p_1Bugui,Damián Fernández,77.94444444444444,18.0,90.0
2026-09-06,p_1Bugui,Damián Fernández,78.57894736842105,19.0,90.0
2026-09-11,p_1Bugui,Damián Fernández,79.15,20.0,90.0
2026-01-22,p_1CLF1j,David Martínez,,0.0,
2026-01-29,p_1CLF1j,David Martínez,90.0,1.0,90.0
2026-02-02,p_1CLF1j,David Martínez,90.0,2.0,90.0
2026-02-20,p_1CLF1j,David Martínez,70.33333333333333,3.0,70.33333333333333
2026-03-02,p_1CLF1j,David Martínez,71.75,4.0,71.75
2026-03-12,p_1CLF1j,David Martínez,75.4,5.0,75.4
2026-03-16,p_1CLF1j,David Martínez,77.83333333333333,6.0,75.4
2026-03-21,p_1CLF1j,David Martínez,79.57142857142857,7.0,75.4
2026-04-07,p_1CLF1j,David Martínez,80.875,8.0,87.2
2026-04-13,p_1CLF1j,David Martínez,81.88888888888889,9.0,90.0
2026-04-18,p_1CLF1j,David Martínez,81.7,10.0,88.0
2026-05-04,p_1CLF1j,David Martínez,80.72727272727273,11.0,84.2
2026-07-24,p_1CLF1j,David Martínez,77.75,12.0,75.2
2026-08-09,p_1CLF1j,David Martínez,78.6923076923077,13.0,75.2
2026-08-17,p_1CLF1j,David Martínez,79.5,14.0,75.2
2026-08-23,p_1CLF1j,David Martínez,80.2,15.0,77.2
2026-08-31,p_1CLF1j,David Martínez,80.8125,16.0,81.0
2026-09-06,p_1CLF1j,David Martínez,81.3529411764706,17.0,90.0
2026-09-11,p_1CLF1j,David Martínez,81.83333333333333,18.0,90.0
2026-02-21,p_1Cmt8v,Federico Mancuello,,0.0,
2026-01-24,p_1CvIxl,Nelson Insfrán,,0.0,
2026-01-28,p_1CvIxl,Nelson Insfrán,90.0,1.0,90.0
2026-02-02,p_1CvIxl,Nelson Insfrán,90.0,2.0,90.0
2026-02-09,p_1CvIxl,Nelson Insfrán,90.0,3.0,90.0
2026-02-15,p_1CvIxl,Nelson Insfrán,90.0,4.0,90.0
2026-02-21,p_1CvIxl,Nelson Insfrán,90.0,5.0,90.0
2026-02-25,p_1CvIxl,Nelson Insfrán,90.0,6.0,90.0
2026-03-02,p_1CvIxl,Nelson Insfrán,90.0,7.0,90.0
2026-03-11,p_1CvIxl,Nelson Insfrán,90.0,8.0,90.0
2026-04-05,p_1CvIxl,Nelson Insfrán,83.11111111111111,9.0,77.6
2026-04-13,p_1CvIxl,Nelson Insfrán,83.8,10.0,77.6
2026-04-18,p_1CvIxl,Nelson Insfrán,84.36363636363636,11.0,77.6
2026-04-26,p_1CvIxl,Nelson Insfrán,84.83333333333333,12.0,77.6
2026-05-03,p_1CvIxl,Nelson Insfrán,85.23076923076923,13.0,77.6
2026-05-11,p_1CvIxl,Nelson Insfrán,85.57142857142857,14.0,90.0
2026-05-14,p_1CvIxl,Nelson Insfrán,85.86666666666666,15.0,90.0
2026-07-24,p_1CvIxl,Nelson Insfrán,86.125,16.0,90.0
2026-07-29,p_1CvIxl,Nelson Insfrán,86.3529411764706,17.0,90.0
2026-08-02,p_1CvIxl,Nelson Insfrán,86.55555555555556,18.0,90.0
2026-08-09,p_1CvIxl,Nelson Insfrán,86.73684210526316,19.0,90.0
2026-08-15,p_1CvIxl,Nelson Insfrán,86.9,20.0,90.0
2026-08-22,p_1CvIxl,Nelson Insfrán,87.04761904761905,21.0,90.0
2026-08-29,p_1CvIxl,Nelson Insfrán,87.18181818181819,22.0,90.0
2026-09-05,p_1CvIxl,Nelson Insfrán,87.30434782608695,23.0,90.0
2026-09-13,p_1CvIxl,Nelson Insfrán,87.41666666666667,24.0,90.0
2026-03-15,p_1DGB1S,Ramiro Macagno,,0.0,
2026-03-02,p_1DLX4X,Luciano Romero,,0.0,
2026-02-16,p_1DqJZI,Jherson Mosquera,,0.0,
2026-01-23,p_1Dr7TL,Eduardo Salvio,,0.0,
2026-01-29,p_1Dr7TL,Eduardo Salvio,85.0,1.0,85.0
2026-02-04,p_1Dr7TL,Eduardo Salvio,81.5,2.0,81.5
2026-02-09,p_1Dr7TL,Eduardo Salvio,84.0,3.0,84.0
2026-02-13,p_1Dr7TL,Eduardo Salvio,82.0,4.0,82.0
2026-03-02,p_1Dr7TL,Eduardo Salvio,78.6,5.0,78.6
2026-03-05,p_1Dr7TL,Eduardo Salvio,70.83333333333333,6.0,68.0
2026-03-13,p_1Dr7TL,Eduardo Salvio,69.42857142857143,7.0,64.6
2026-03-17,p_1Dr7TL,Eduardo Salvio,71.75,8.0,64.4
2026-03-21,p_1Dr7TL,Eduardo Salvio,70.66666666666667,9.0,61.6
2026-03-27,p_1Dr7TL,Eduardo Salvio,71.9,10.0,65.2
2026-04-01,p_1Dr7TL,Eduardo Salvio,72.45454545454545,11.0,74.4
2026-04-13,p_1Dr7TL,Eduardo Salvio,73.33333333333333,12.0,78.8
2026-04-21,p_1Dr7TL,Eduardo Salvio,73.46153846153847,13.0,76.2
2026-04-24,p_1Dr7TL,Eduardo Salvio,69.5,14.0,67.4
2026-05-02,p_1Dr7TL,Eduardo Salvio,69.66666666666667,15.0,65.2
2026-05-10,p_1Dr7TL,Eduardo Salvio,66.6875,16.0,54.0
2026-07-26,p_1Dr7TL,Eduardo Salvio,66.52941176470588,17.0,50.2
2026-08-06,p_1Dr7TL,Eduardo Salvio,64.38888888888889,18.0,40.8
2026-08-12,p_1Dr7TL,Eduardo Salvio,64.26315789473684,19.0,49.6
2026-08-17,p_1Dr7TL,Eduardo Salvio,65.1,20.0,51.4
2026-08-25,p_1Dr7TL,Eduardo Salvio,65.04761904761905,21.0,59.8
2026-08-29,p_1Dr7TL,Eduardo Salvio,66.04545454545455,22.0,64.4
2026-09-06,p_1Dr7TL,Eduardo Salvio,66.17391304347827,23.0,72.6
2026-09-14,p_1Dr7TL,Eduardo Salvio,66.91666666666667,24.0,77.0
2026-09-14,p_1Dr7TL,Eduardo Salvio,67.84,25.0,78.8
2026-07-29,p_1E2OCn,Alan Alcaraz,,0.0,
2026-08-25,p_1E2OCn,Alan Alcaraz,10.0,1.0,10.0
2026-01-27,p_1E6fsW,Bautista Dadín,,0.0,
2026-02-04,p_1E6fsW,Bautista Dadín,19.0,1.0,19.0
2026-02-15,p_1E6fsW,Bautista Dadín,18.5,2.0,18.5
2026-02-26,p_1E6fsW,Bautista Dadín,12.666666666666666,3.0,12.666666666666666
2026-04-20,p_1E6fsW,Bautista Dadín,11.75,4.0,11.75
2026-05-03,p_1E6fsW,Bautista Dadín,10.8,5.0,10.8
2026-07-29,p_1E6fsW,Bautista Dadín,16.5,6.0,16.0
2026-08-15,p_1E6fsW,Bautista Dadín,20.571428571428573,7.0,21.4
2026-08-21,p_1E6fsW,Bautista Dadín,20.625,8.0,25.4
2026-08-30,p_1E6fsW,Bautista Dadín,20.22222222222222,9.0,27.0
2026-09-05,p_1E6fsW,Bautista Dadín,25.2,10.0,39.6
2026-09-12,p_1E6fsW,Bautista Dadín,27.0,11.0,39.6
2026-01-23,p_1E7ljC,Gabriel Neves,,0.0,
2026-01-29,p_1E7ljC,Gabriel Neves,68.0,1.0,68.0
2026-02-02,p_1E7ljC,Gabriel Neves,34.5,2.0,34.5
2026-02-15,p_1E7ljC,Gabriel Neves,48.333333333333336,3.0,48.333333333333336
2026-03-13,p_1E7ljC,Gabriel Neves,45.5,4.0,45.5
2026-03-18,p_1E7ljC,Gabriel Neves,38.4,5.0,38.4
2026-03-23,p_1E7ljC,Gabriel Neves,32.166666666666664,6.0,25.0
2026-04-03,p_1E7ljC,Gabriel Neves,30.285714285714285,7.0,28.6
2026-04-11,p_1E7ljC,Gabriel Neves,29.375,8.0,18.0
2026-04-25,p_1E7ljC,Gabriel Neves,36.111111111111114,9.0,28.6
2026-05-03,p_1E7ljC,Gabriel Neves,40.6,10.0,42.8
2026-05-10,p_1E7ljC,Gabriel Neves,39.72727272727273,11.0,48.8
2026-08-01,p_1E7ljC,Gabriel Neves,41.083333333333336,12.0,56.2
2026-08-05,p_1E7ljC,Gabriel Neves,39.38461538461539,13.0,55.4
2026-08-08,p_1E7ljC,Gabriel Neves,38.142857142857146,14.0,41.8
2026-08-31,p_1E7ljC,Gabriel Neves,41.6,15.0,43.6
2026-09-06,p_1E7ljC,Gabriel Neves,44.625,16.0,55.4
2026-09-12,p_1E7ljC,Gabriel Neves,44.64705882352941,17.0,53.2
2026-07-24,p_1E9CEK,Máximo Rodríguez,,0.0,
2026-07-29,p_1E9CEK,Máximo Rodríguez,84.0,1.0,84.0
2026-08-01,p_1E9CEK,Máximo Rodríguez,75.0,2.0,75.0
2026-01-22,p_1EJPD1,Nicolás Meriano,,0.0,
2026-01-30,p_1EJPD1,Nicolás Meriano,90.0,1.0,90.0
2026-02-21,p_1EJPD1,Nicolás Meriano,67.5,2.0,67.5
2026-02-26,p_1EJPD1,Nicolás Meriano,75.0,3.0,75.0
2026-03-03,p_1EJPD1,Nicolás Meriano,61.5,4.0,61.5
2026-03-11,p_1EJPD1,Nicolás Meriano,53.8,5.0,53.8
2026-03-15,p_1EJPD1,Nicolás Meriano,49.666666666666664,6.0,41.6
2026-03-21,p_1EJPD1,Nicolás Meriano,55.42857142857143,7.0,50.6
2026-04-13,p_1EJPD1,Nicolás Meriano,54.75,8.0,42.6
2026-04-20,p_1EJPD1,Nicolás Meriano,58.666666666666664,9.0,56.4
2026-04-26,p_1EJPD1,Nicolás Meriano,61.8,10.0,69.8
2026-05-02,p_1EJPD1,Nicolás Meriano,64.36363636363636,11.0,82.0
2026-07-25,p_1EJPD1,Nicolás Meriano,66.5,12.0,82.0
2026-07-28,p_1EJPD1,Nicolás Meriano,68.3076923076923,13.0,90.0
2026-08-01,p_1EJPD1,Nicolás Meriano,69.85714285714286,14.0,90.0
2026-08-10,p_1EJPD1,Nicolás Meriano,71.2,15.0,90.0
2026-08-14,p_1EJPD1,Nicolás Meriano,72.375,16.0,90.0
2026-08-23,p_1EJPD1,Nicolás Meriano,73.41176470588235,17.0,90.0
2026-08-30,p_1EJPD1,Nicolás Meriano,74.33333333333333,18.0,90.0
2026-09-05,p_1EJPD1,Nicolás Meriano,75.15789473684211,19.0,90.0
2026-09-14,p_1EJPD1,Nicolás Meriano,73.65,20.0,81.0
2026-09-14,p_1EJPD1,Nicolás Meriano,74.42857142857143,21.0,81.0
2026-01-25,p_1EMq3A,Alcides Benítez,,0.0,
2026-01-29,p_1EMq3A,Alcides Benítez,45.0,1.0,45.0
2026-02-03,p_1EMq3A,Alcides Benítez,34.0,2.0,34.0
2026-02-08,p_1EMq3A,Alcides Benítez,52.666666666666664,3.0,52.666666666666664
2026-02-15,p_1EMq3A,Alcides Benítez,62.0,4.0,62.0
2026-02-20,p_1EMq3A,Alcides Benítez,58.6,5.0,58.6
2026-02-25,p_1EMq3A,Alcides Benítez,60.5,6.0,63.6
2026-03-03,p_1EMq3A,Alcides Benítez,64.71428571428571,7.0,77.0
2026-03-12,p_1EMq3A,Alcides Benítez,62.25,8.0,68.0
2026-03-15,p_1EMq3A,Alcides Benítez,64.11111111111111,9.0,65.8
2026-03-22,p_1EMq3A,Alcides Benítez,66.7,10.0,74.8
2026-04-05,p_1EMq3A,Alcides Benítez,68.81818181818181,11.0,78.8
2026-04-20,p_1EMq3A,Alcides Benítez,70.58333333333333,12.0,78.8
2026-04-26,p_1EMq3A,Alcides Benítez,70.3076923076923,13.0,83.2
2026-05-03,p_1EMq3A,Alcides Benítez,70.21428571428571,14.0,81.2
2026-05-09,p_1EMq3A,Alcides Benítez,66.26666666666667,15.0,65.4
2026-08-01,p_1EMq3A,Alcides Benítez,63.1875,16.0,50.8
2026-08-23,p_1EMq3A,Alcides Benítez,62.11764705882353,17.0,41.8
2026-08-30,p_1EMq3A,Alcides Benítez,60.833333333333336,18.0,36.2
2026-09-04,p_1EMq3A,Alcides Benítez,62.36842105263158,19.0,40.4
2026-09-13,p_1EMq3A,Alcides Benítez,63.75,20.0,56.2
2026-01-26,p_1EQeWa,Santiago Salle,,0.0,
2026-01-30,p_1EQeWa,Santiago Salle,90.0,1.0,90.0
2026-02-04,p_1EQeWa,Santiago Salle,77.0,2.0,77.0
2026-02-08,p_1EQeWa,Santiago Salle,72.0,3.0,72.0
2026-02-14,p_1EQeWa,Santiago Salle,65.25,4.0,65.25
2026-02-20,p_1EQeWa,Santiago Salle,65.0,5.0,65.0
2026-02-26,p_1EQeWa,Santiago Salle,67.83333333333333,6.0,63.4
2026-03-03,p_1EQeWa,Santiago Salle,64.57142857142857,7.0,59.6
2026-03-11,p_1EQeWa,Santiago Salle,60.375,8.0,53.4
2026-03-15,p_1EQeWa,Santiago Salle,54.111111111111114,9.0,45.2
2026-03-22,p_1EQeWa,Santiago Salle,51.0,10.0,37.0
2026-04-13,p_1EQeWa,Santiago Salle,48.09090909090909,11.0,24.4
2026-04-19,p_1EQeWa,Santiago Salle,50.916666666666664,12.0,31.8
2026-04-25,p_1EQeWa,Santiago Salle,53.92307692307692,13.0,43.6
2026-05-03,p_1EQeWa,Santiago Salle,56.07142857142857,14.0,59.6
2026-07-23,p_1EQeWa,Santiago Salle,58.333333333333336,15.0,73.0
2026-07-28,p_1EQeWa,Santiago Salle,59.9375,16.0,86.0
2026-08-08,p_1EQeWa,Santiago Salle,60.76470588235294,17.0,84.4
2026-08-16,p_1EQeWa,Santiago Salle,62.388888888888886,18.0,84.4
2026-08-23,p_1EQeWa,Santiago Salle,63.8421052631579,19.0,85.6
2026-08-28,p_1EQeWa,Santiago Salle,65.15,20.0,85.6
2026-09-04,p_1EQeWa,Santiago Salle,65.19047619047619,21.0,82.0
2026-09-13,p_1EQeWa,Santiago Salle,65.95454545454545,22.0,83.6
2026-03-12,p_1F3hhQ,José Ingratti,,0.0,
2026-03-23,p_1F6yoe,Leonel Bucca,,0.0,
2026-04-02,p_1F6yoe,Leonel Bucca,8.0,1.0,8.0
2026-04-11,p_1F6yoe,Leonel Bucca,17.5,2.0,17.5
2026-04-20,p_1F6yoe,Leonel Bucca,34.0,3.0,34.0
2026-04-26,p_1F6yoe,Leonel Bucca,41.5,4.0,41.5
2026-05-03,p_1F6yoe,Leonel Bucca,34.8,5.0,34.8
2026-07-26,p_1F6yoe,Leonel Bucca,41.166666666666664,6.0,47.8
2026-07-30,p_1F6yoe,Leonel Bucca,44.42857142857143,7.0,55.2
2026-08-08,p_1F6yoe,Leonel Bucca,41.375,8.0,45.8
2026-08-15,p_1F6yoe,Leonel Bucca,37.77777777777778,9.0,34.8
2026-08-22,p_1F6yoe,Leonel Bucca,37.0,10.0,39.2
2026-08-31,p_1F6yoe,Leonel Bucca,34.81818181818182,11.0,27.2
2026-09-12,p_1F6yoe,Leonel Bucca,37.583333333333336,12.0,28.0
2026-04-05,p_1FISj1,Fabricio Bustos,,0.0,
2026-04-12,p_1FISj1,Fabricio Bustos,90.0,1.0,90.0
2026-05-03,p_1FISj1,Fabricio Bustos,45.5,2.0,45.5
2026-05-14,p_1FISj1,Fabricio Bustos,60.0,3.0,60.0
2026-05-16,p_1FISj1,Fabricio Bustos,63.75,4.0,63.75
2026-05-24,p_1FISj1,Fabricio Bustos,60.0,5.0,60.0
2026-03-31,p_1FrBw2,David Juarez,,0.0,
2026-02-07,p_1GFFz1,Gonzalo Piñeiro,,0.0,
2026-02-22,p_1GFFz1,Gonzalo Piñeiro,17.0,1.0,17.0
2026-02-25,p_1GFFz1,Gonzalo Piñeiro,13.5,2.0,13.5
2026-04-02,p_1GFFz1,Gonzalo Piñeiro,33.333333333333336,3.0,33.333333333333336
2026-04-12,p_1GFFz1,Gonzalo Piñeiro,27.75,4.0,27.75
2026-04-21,p_1GFFz1,Gonzalo Piñeiro,31.2,5.0,31.2
2026-04-25,p_1GFFz1,Gonzalo Piñeiro,39.0,6.0,43.4
2026-08-18,p_1GQOph,Bruno Trey,,0.0,
2026-08-02,p_1GV82y,Dylan Gorosito,,0.0,
2026-08-16,p_1GV82y,Dylan Gorosito,75.0,1.0,75.0
2026-08-24,p_1GV82y,Dylan Gorosito,47.5,2.0,47.5
2026-08-29,p_1GV82y,Dylan Gorosito,61.666666666666664,3.0,61.666666666666664
2026-09-05,p_1GV82y,Dylan Gorosito,68.75,4.0,68.75
2026-09-12,p_1GV82y,Dylan Gorosito,73.0,5.0,73.0
2026-08-09,p_1GXkY9,Mateo García,,0.0,
2026-08-15,p_1GXkY9,Mateo García,19.0,1.0,19.0
2026-08-23,p_1GXkY9,Mateo García,23.0,2.0,23.0
2026-08-31,p_1GXkY9,Mateo García,18.666666666666668,3.0,18.666666666666668
2026-09-06,p_1GXkY9,Mateo García,18.25,4.0,18.25
2026-08-30,p_1GfCUr,Ezequiel Ávila,,0.0,
2026-09-13,p_1GfCUr,Ezequiel Ávila,31.0,1.0,31.0
2026-01-24,p_1HGvGm,Martín Luciano,,0.0,
2026-01-28,p_1HGvGm,Martín Luciano,74.0,1.0,74.0
2026-02-01,p_1HGvGm,Martín Luciano,59.5,2.0,59.5
2026-02-08,p_1HGvGm,Martín Luciano,69.66666666666667,3.0,69.66666666666667
2026-03-17,p_1HGvGm,Martín Luciano,63.5,4.0,63.5
2026-03-21,p_1HGvGm,Martín Luciano,66.2,5.0,66.2
2026-07-31,p_1HGvGm,Martín Luciano,55.333333333333336,6.0,51.6
2026-08-09,p_1HGvGm,Martín Luciano,59.142857142857146,7.0,59.0
2026-08-15,p_1HGvGm,Martín Luciano,57.375,8.0,50.0
2026-01-27,p_1HKdTo,Lautaro Carrera,,0.0,
2026-02-03,p_1HKdTo,Lautaro Carrera,90.0,1.0,90.0
2026-02-14,p_1HKdTo,Lautaro Carrera,90.0,2.0,90.0
2026-03-12,p_1HKdTo,Lautaro Carrera,75.0,3.0,75.0
2026-03-18,p_1HKdTo,Lautaro Carrera,57.0,4.0,57.0
2026-03-21,p_1HKdTo,Lautaro Carrera,47.6,5.0,47.6
2026-04-21,p_1HKdTo,Lautaro Carrera,54.666666666666664,6.0,47.6
2026-05-04,p_1HKdTo,Lautaro Carrera,49.0,7.0,32.6
2026-07-24,p_1HKdTo,Lautaro Carrera,46.25,8.0,29.0
2026-07-28,p_1HKdTo,Lautaro Carrera,41.888888888888886,9.0,29.8
2026-08-01,p_1HKdTo,Lautaro Carrera,42.2,10.0,36.8
2026-08-09,p_1HKdTo,Lautaro Carrera,46.54545454545455,11.0,36.8
2026-08-22,p_1HKdTo,Lautaro Carrera,49.666666666666664,12.0,50.6
2026-01-22,p_1HS5gG,Hernán Galindez,,0.0,
2026-01-27,p_1HS5gG,Hernán Galindez,90.0,1.0,90.0
2026-02-01,p_1HS5gG,Hernán Galindez,90.0,2.0,90.0
2026-02-08,p_1HS5gG,Hernán Galindez,90.0,3.0,90.0
2026-02-14,p_1HS5gG,Hernán Galindez,90.0,4.0,90.0
2026-02-21,p_1HS5gG,Hernán Galindez,90.0,5.0,90.0
2026-02-26,p_1HS5gG,Hernán Galindez,90.0,6.0,90.0
2026-03-03,p_1HS5gG,Hernán Galindez,90.0,7.0,90.0
2026-03-13,p_1HS5gG,Hernán Galindez,90.0,8.0,90.0
2026-03-16,p_1HS5gG,Hernán Galindez,90.0,9.0,90.0
2026-04-05,p_1HS5gG,Hernán Galindez,90.0,10.0,90.0
2026-04-12,p_1HS5gG,Hernán Galindez,90.0,11.0,90.0
2026-04-21,p_1HS5gG,Hernán Galindez,90.0,12.0,90.0
2026-04-28,p_1HS5gG,Hernán Galindez,90.0,13.0,90.0
2026-05-03,p_1HS5gG,Hernán Galindez,90.0,14.0,90.0
2026-05-09,p_1HS5gG,Hernán Galindez,90.0,15.0,90.0
2026-05-13,p_1HS5gG,Hernán Galindez,91.875,16.0,96.0
2026-07-25,p_1HS5gG,Hernán Galindez,93.52941176470588,17.0,102.0
2026-07-30,p_1HS5gG,Hernán Galindez,93.33333333333333,18.0,102.0
2026-08-04,p_1HS5gG,Hernán Galindez,93.15789473684211,19.0,102.0
2026-08-09,p_1HS5gG,Hernán Galindez,93.0,20.0,102.0
2026-08-16,p_1HS5gG,Hernán Galindez,92.85714285714286,21.0,96.0
2026-08-23,p_1HS5gG,Hernán Galindez,92.72727272727273,22.0,90.0
2026-08-29,p_1HS5gG,Hernán Galindez,92.6086956521739,23.0,90.0
2026-09-04,p_1HS5gG,Hernán Galindez,92.5,24.0,90.0
2026-09-14,p_1HS5gG,Hernán Galindez,92.4,25.0,90.0
2026-09-14,p_1HS5gG,Hernán Galindez,92.3076923076923,26.0,90.0
2026-02-22,p_1HgyrD,Manuel Fernández,,0.0,
2026-03-10,p_1HgyrD,Manuel Fernández,4.0,1.0,4.0
2026-03-16,p_1HgyrD,Manuel Fernández,6.5,2.0,6.5
2026-03-21,p_1HgyrD,Manuel Fernández,4.666666666666667,3.0,4.666666666666667
2026-04-25,p_1HgyrD,Manuel Fernández,8.75,4.0,8.75
2026-05-03,p_1HgyrD,Manuel Fernández,8.0,5.0,8.0
2026-01-23,p_1HqLta,Juan Fedorco,,0.0,
2026-01-28,p_1HqLta,Juan Fedorco,19.0,1.0,19.0
2026-02-08,p_1HqLta,Juan Fedorco,54.5,2.0,54.5
2026-02-25,p_1HqLta,Juan Fedorco,66.33333333333333,3.0,66.33333333333333
2026-02-28,p_1HqLta,Juan Fedorco,72.25,4.0,72.25
2026-03-10,p_1HqLta,Juan Fedorco,75.8,5.0,75.8
2026-04-04,p_1HqLta,Juan Fedorco,78.16666666666667,6.0,90.0
2026-04-11,p_1HqLta,Juan Fedorco,67.57142857142857,7.0,72.8
2026-05-02,p_1HqLta,Juan Fedorco,61.125,8.0,58.0
2026-05-10,p_1HqLta,Juan Fedorco,55.55555555555556,9.0,42.2
2026-07-26,p_1HqLta,Juan Fedorco,52.5,10.0,29.2
2026-07-31,p_1HqLta,Juan Fedorco,55.90909090909091,11.0,29.2
2026-08-09,p_1HqLta,Juan Fedorco,58.75,12.0,46.4
2026-08-30,p_1HqLta,Juan Fedorco,61.15384615384615,13.0,61.2
2026-09-06,p_1HqLta,Juan Fedorco,57.714285714285715,14.0,61.6
2026-09-13,p_1HqLta,Juan Fedorco,59.86666666666667,15.0,74.6
2026-08-30,p_1I81cW,Diego Rodríguez,,0.0,
2026-09-05,p_1I81cW,Diego Rodríguez,90.0,1.0,90.0
2026-09-14,p_1I81cW,Diego Rodríguez,90.0,2.0,90.0
2026-09-14,p_1I81cW,Diego Rodríguez,90.0,3.0,90.0
2026-01-26,p_1IquRb,Alan Barrionuevo,,0.0,
2026-01-29,p_1IquRb,Alan Barrionuevo,90.0,1.0,90.0
2026-02-02,p_1IquRb,Alan Barrionuevo,90.0,2.0,90.0
2026-02-07,p_1IquRb,Alan Barrionuevo,90.0,3.0,90.0
2026-02-12,p_1IquRb,Alan Barrionuevo,90.0,4.0,90.0
2026-02-22,p_1IquRb,Alan Barrionuevo,90.0,5.0,90.0
2026-02-25,p_1IquRb,Alan Barrionuevo,90.0,6.0,90.0
2026-03-02,p_1IquRb,Alan Barrionuevo,90.0,7.0,90.0
2026-03-10,p_1IquRb,Alan Barrionuevo,90.0,8.0,90.0
2026-03-16,p_1IquRb,Alan Barrionuevo,90.0,9.0,90.0
2026-03-21,p_1IquRb,Alan Barrionuevo,90.0,10.0,90.0
2026-04-02,p_1IquRb,Alan Barrionuevo,90.0,11.0,90.0
2026-04-21,p_1IquRb,Alan Barrionuevo,90.0,12.0,90.0
2026-04-25,p_1IquRb,Alan Barrionuevo,90.0,13.0,90.0
2026-05-03,p_1IquRb,Alan Barrionuevo,90.0,14.0,90.0
2026-07-25,p_1IquRb,Alan Barrionuevo,90.0,15.0,90.0
2026-08-01,p_1IquRb,Alan Barrionuevo,90.0,16.0,90.0
2026-08-06,p_1IquRb,Alan Barrionuevo,90.0,17.0,90.0
2026-08-08,p_1IquRb,Alan Barrionuevo,90.0,18.0,90.0
2026-08-15,p_1IquRb,Alan Barrionuevo,90.0,19.0,90.0
2026-08-24,p_1IquRb,Alan Barrionuevo,90.0,20.0,90.0
2026-09-01,p_1IquRb,Alan Barrionuevo,90.0,21.0,90.0
2026-09-05,p_1IquRb,Alan Barrionuevo,90.0,22.0,90.0
2026-09-13,p_1IquRb,Alan Barrionuevo,90.0,23.0,90.0
2026-02-14,p_1Iyu97,Esteban Fernández,,0.0,
2026-02-21,p_1Iyu97,Esteban Fernández,3.0,1.0,3.0
2026-03-12,p_1Iyu97,Esteban Fernández,11.0,2.0,11.0
2026-03-21,p_1Iyu97,Esteban Fernández,13.666666666666666,3.0,13.666666666666666
2026-04-03,p_1Iyu97,Esteban Fernández,24.0,4.0,24.0
2026-04-12,p_1Iyu97,Esteban Fernández,32.6,5.0,32.6
2026-04-21,p_1Iyu97,Esteban Fernández,34.666666666666664,6.0,41.0
2026-04-26,p_1Iyu97,Esteban Fernández,41.0,7.0,53.0
2026-05-04,p_1Iyu97,Esteban Fernández,42.75,8.0,60.2
2026-07-24,p_1Iyu97,Esteban Fernández,43.0,9.0,58.2
2026-07-28,p_1Iyu97,Esteban Fernández,45.1,10.0,57.6
2026-08-01,p_1Iyu97,Esteban Fernández,48.63636363636363,11.0,65.4
2026-08-18,p_1Iyu97,Esteban Fernández,48.333333333333336,12.0,58.6
2026-08-22,p_1Iyu97,Esteban Fernández,49.38461538461539,13.0,60.0
2026-08-30,p_1Iyu97,Esteban Fernández,51.57142857142857,14.0,67.0
2026-09-05,p_1Iyu97,Esteban Fernández,52.333333333333336,15.0,66.8
2026-09-11,p_1Iyu97,Esteban Fernández,54.6875,16.0,68.0
2026-08-09,p_1J5ap6,Santino Aguirre,,0.0,
2026-01-26,p_1JEoJq,Jonás Acevedo,,0.0,
2026-02-04,p_1JEoJq,Jonás Acevedo,45.0,1.0,45.0
2026-02-16,p_1JEoJq,Jonás Acevedo,63.0,2.0,63.0
2026-02-24,p_1JEoJq,Jonás Acevedo,44.666666666666664,3.0,44.666666666666664
2026-04-18,p_1JEoJq,Jonás Acevedo,37.25,4.0,37.25
2026-04-26,p_1JEoJq,Jonás Acevedo,31.4,5.0,31.4
2026-05-05,p_1JEoJq,Jonás Acevedo,26.333333333333332,6.0,22.6
2026-08-16,p_1JEoJq,Jonás Acevedo,23.571428571428573,7.0,7.8
2026-08-22,p_1JEoJq,Jonás Acevedo,22.25,8.0,8.8
2026-09-01,p_1JEoJq,Jonás Acevedo,21.555555555555557,9.0,9.0
2026-09-15,p_1JEoJq,Jonás Acevedo,20.4,10.0,9.4
2026-09-15,p_1JEoJq,Jonás Acevedo,19.454545454545453,11.0,11.2
2026-01-22,p_1JQZ6o,Matías Borgogno,,0.0,
2026-01-26,p_1JQZ6o,Matías Borgogno,90.0,1.0,90.0
2026-02-01,p_1JQZ6o,Matías Borgogno,90.0,2.0,90.0
2026-02-08,p_1JQZ6o,Matías Borgogno,90.0,3.0,90.0
2026-02-15,p_1JQZ6o,Matías Borgogno,90.0,4.0,90.0
2026-02-21,p_1JQZ6o,Matías Borgogno,90.0,5.0,90.0
2026-02-24,p_1JQZ6o,Matías Borgogno,90.0,6.0,90.0
2026-03-02,p_1JQZ6o,Matías Borgogno,90.0,7.0,90.0
2026-03-11,p_1JQZ6o,Matías Borgogno,90.0,8.0,90.0
2026-03-14,p_1JQZ6o,Matías Borgogno,90.0,9.0,90.0
2026-03-23,p_1JQZ6o,Matías Borgogno,90.0,10.0,90.0
2026-04-01,p_1JQZ6o,Matías Borgogno,90.0,11.0,90.0
2026-04-12,p_1JQZ6o,Matías Borgogno,90.0,12.0,90.0
2026-04-20,p_1JQZ6o,Matías Borgogno,90.0,13.0,90.0
2026-04-25,p_1JQZ6o,Matías Borgogno,90.0,14.0,90.0
2026-05-03,p_1JQZ6o,Matías Borgogno,90.0,15.0,90.0
2026-07-24,p_1JQZ6o,Matías Borgogno,90.0,16.0,90.0
2026-07-29,p_1JQZ6o,Matías Borgogno,90.0,17.0,90.0
2026-08-01,p_1JQZ6o,Matías Borgogno,90.0,18.0,90.0
2026-08-09,p_1JQZ6o,Matías Borgogno,90.0,19.0,90.0
2026-08-17,p_1JQZ6o,Matías Borgogno,90.0,20.0,90.0
2026-08-23,p_1JQZ6o,Matías Borgogno,90.0,21.0,90.0
2026-08-31,p_1JQZ6o,Matías Borgogno,90.0,22.0,90.0
2026-09-06,p_1JQZ6o,Matías Borgogno,90.0,23.0,90.0
2026-09-11,p_1JQZ6o,Matías Borgogno,90.0,24.0,90.0
2026-01-26,p_1JUF3l,Felipe Zenobio,,0.0,
2026-01-29,p_1JUF3l,Felipe Zenobio,90.0,1.0,90.0
2026-02-02,p_1JUF3l,Felipe Zenobio,90.0,2.0,90.0
2026-02-07,p_1JUF3l,Felipe Zenobio,90.0,3.0,90.0
2026-02-12,p_1JUF3l,Felipe Zenobio,90.0,4.0,90.0
2026-02-22,p_1JUF3l,Felipe Zenobio,90.0,5.0,90.0
2026-03-02,p_1JUF3l,Felipe Zenobio,90.0,6.0,90.0
2026-03-10,p_1JUF3l,Felipe Zenobio,90.0,7.0,90.0
2026-03-16,p_1JUF3l,Felipe Zenobio,90.0,8.0,90.0
2026-03-21,p_1JUF3l,Felipe Zenobio,90.0,9.0,90.0
2026-04-02,p_1JUF3l,Felipe Zenobio,90.0,10.0,90.0
2026-04-12,p_1JUF3l,Felipe Zenobio,90.0,11.0,90.0
2026-04-21,p_1JUF3l,Felipe Zenobio,90.0,12.0,90.0
2026-04-25,p_1JUF3l,Felipe Zenobio,90.0,13.0,90.0
2026-05-03,p_1JUF3l,Felipe Zenobio,90.0,14.0,90.0
2026-07-25,p_1JUF3l,Felipe Zenobio,90.0,15.0,90.0
2026-08-01,p_1JUF3l,Felipe Zenobio,90.0,16.0,90.0
2026-08-06,p_1JUF3l,Felipe Zenobio,90.0,17.0,90.0
2026-08-08,p_1JUF3l,Felipe Zenobio,90.0,18.0,90.0
2026-08-24,p_1JUF3l,Felipe Zenobio,90.0,19.0,90.0
2026-09-01,p_1JUF3l,Felipe Zenobio,90.0,20.0,90.0
2026-09-05,p_1JUF3l,Felipe Zenobio,90.0,21.0,90.0
2026-09-13,p_1JUF3l,Felipe Zenobio,90.0,22.0,90.0
2026-01-23,p_1JcSyH,Lucas Varaldo,,0.0,
2026-01-28,p_1JcSyH,Lucas Varaldo,90.0,1.0,90.0
2026-01-31,p_1JcSyH,Lucas Varaldo,46.0,2.0,46.0
2026-02-07,p_1JcSyH,Lucas Varaldo,55.333333333333336,3.0,55.333333333333336
2026-03-12,p_1JcSyH,Lucas Varaldo,54.25,4.0,54.25
2026-03-23,p_1JcSyH,Lucas Varaldo,45.6,5.0,45.6
2026-04-05,p_1JcSyH,Lucas Varaldo,39.833333333333336,6.0,29.8
2026-04-14,p_1JcSyH,Lucas Varaldo,34.42857142857143,7.0,29.8
2026-04-20,p_1JcSyH,Lucas Varaldo,30.75,8.0,16.0
2026-04-24,p_1JcSyH,Lucas Varaldo,27.444444444444443,9.0,6.0
2026-05-02,p_1JcSyH,Lucas Varaldo,30.5,10.0,15.4
2026-07-31,p_1JcSyH,Lucas Varaldo,27.90909090909091,11.0,13.6
2026-08-04,p_1JcSyH,Lucas Varaldo,32.0,12.0,28.6
2026-09-12,p_1JcSyH,Lucas Varaldo,30.923076923076923,13.0,31.2
2026-01-26,p_1JsXOB,Sergio Ojeda,,0.0,
2026-01-30,p_1JsXOB,Sergio Ojeda,90.0,1.0,90.0
2026-02-10,p_1JsXOB,Sergio Ojeda,90.0,2.0,90.0
2026-03-22,p_1JsXOB,Sergio Ojeda,90.0,3.0,90.0
2026-04-12,p_1JsXOB,Sergio Ojeda,90.0,4.0,90.0
2026-04-18,p_1JsXOB,Sergio Ojeda,90.0,5.0,90.0
2026-04-24,p_1JsXOB,Sergio Ojeda,90.0,6.0,90.0
2026-05-05,p_1JsXOB,Sergio Ojeda,90.0,7.0,90.0
2026-07-25,p_1JsXOB,Sergio Ojeda,90.0,8.0,90.0
2026-07-29,p_1JsXOB,Sergio Ojeda,90.0,9.0,90.0
2026-08-01,p_1JsXOB,Sergio Ojeda,90.0,10.0,90.0
2026-08-08,p_1JsXOB,Sergio Ojeda,90.0,11.0,90.0
2026-08-17,p_1JsXOB,Sergio Ojeda,90.0,12.0,90.0
2026-08-21,p_1JsXOB,Sergio Ojeda,90.0,13.0,90.0
2026-08-29,p_1JsXOB,Sergio Ojeda,90.0,14.0,90.0
2026-04-05,p_1JvZlr,Juan Meza,,0.0,
2026-04-12,p_1JvZlr,Juan Meza,38.0,1.0,38.0
2026-04-19,p_1JvZlr,Juan Meza,33.5,2.0,33.5
2026-04-26,p_1JvZlr,Juan Meza,37.333333333333336,3.0,37.333333333333336
2026-05-14,p_1JvZlr,Juan Meza,33.75,4.0,33.75
2026-05-16,p_1JvZlr,Juan Meza,33.0,5.0,33.0
2026-05-24,p_1JvZlr,Juan Meza,42.5,6.0,43.4
2026-08-02,p_1JvZlr,Juan Meza,49.142857142857146,7.0,55.4
2026-09-06,p_1JvZlr,Juan Meza,45.875,8.0,51.0
2026-09-12,p_1JvZlr,Juan Meza,42.22222222222222,9.0,49.0
2026-01-23,p_1K6Fr9,Fernando Martínez,,0.0,
2026-01-28,p_1K6Fr9,Fernando Martínez,20.0,1.0,20.0
2026-01-31,p_1K6Fr9,Fernando Martínez,15.5,2.0,15.5
2026-02-22,p_1K6Fr9,Fernando Martínez,31.333333333333332,3.0,31.333333333333332
2026-02-24,p_1K6Fr9,Fernando Martínez,23.75,4.0,23.75
2026-02-28,p_1K6Fr9,Fernando Martínez,19.2,5.0,19.2
2026-03-12,p_1K6Fr9,Fernando Martínez,23.5,6.0,24.2
2026-03-18,p_1K6Fr9,Fernando Martínez,20.285714285714285,7.0,22.2
2026-03-23,p_1K6Fr9,Fernando Martínez,18.625,8.0,11.0
2026-04-05,p_1K6Fr9,Fernando Martínez,17.77777777777778,9.0,13.0
2026-04-14,p_1K6Fr9,Fernando Martínez,25.0,10.0,30.8
2026-04-20,p_1K6Fr9,Fernando Martínez,30.90909090909091,11.0,39.8
2026-04-24,p_1K6Fr9,Fernando Martínez,35.75,12.0,57.4
2026-05-02,p_1K6Fr9,Fernando Martínez,39.92307692307692,13.0,74.0
2026-07-24,p_1K6Fr9,Fernando Martínez,41.857142857142854,14.0,85.2
2026-07-31,p_1K6Fr9,Fernando Martínez,43.733333333333334,15.0,81.2
2026-08-04,p_1K6Fr9,Fernando Martínez,46.625,16.0,81.2
2026-08-11,p_1K6Fr9,Fernando Martínez,49.1764705882353,17.0,81.4
2026-08-16,p_1K6Fr9,Fernando Martínez,51.44444444444444,18.0,81.4
2026-08-24,p_1K6Fr9,Fernando Martínez,53.473684210526315,19.0,86.0
2026-08-30,p_1K6Fr9,Fernando Martínez,55.3,20.0,90.0
2026-09-06,p_1K6Fr9,Fernando Martínez,56.61904761904762,21.0,88.6
2026-09-12,p_1K6Fr9,Fernando Martínez,58.13636363636363,22.0,88.6
2026-04-12,p_1KXD5Y,Germán Pezzella,,0.0,
2026-05-03,p_1KXD5Y,Germán Pezzella,45.0,1.0,45.0
2026-05-16,p_1KXD5Y,Germán Pezzella,67.5,2.0,67.5
2026-05-24,p_1KXD5Y,Germán Pezzella,47.333333333333336,3.0,47.333333333333336
2026-02-14,p_1KeqP5,Imanol Machuca,,0.0,
2026-02-22,p_1KeqP5,Imanol Machuca,4.0,1.0,4.0
2026-02-25,p_1KeqP5,Imanol Machuca,8.5,2.0,8.5
2026-03-02,p_1KeqP5,Imanol Machuca,29.333333333333332,3.0,29.333333333333332
2026-01-23,p_1KfXQ1,Facundo Mansilla Zahir,,0.0,
2026-01-28,p_1KfXQ1,Facundo Mansilla Zahir,90.0,1.0,90.0
2026-01-31,p_1KfXQ1,Facundo Mansilla Zahir,90.0,2.0,90.0
2026-02-07,p_1KfXQ1,Facundo Mansilla Zahir,90.0,3.0,90.0
2026-02-16,p_1KfXQ1,Facundo Mansilla Zahir,90.0,4.0,90.0
2026-02-22,p_1KfXQ1,Facundo Mansilla Zahir,90.0,5.0,90.0
2026-02-24,p_1KfXQ1,Facundo Mansilla Zahir,90.0,6.0,90.0
2026-02-28,p_1KfXQ1,Facundo Mansilla Zahir,90.0,7.0,90.0
2026-03-12,p_1KfXQ1,Facundo Mansilla Zahir,90.0,8.0,90.0
2026-03-18,p_1KfXQ1,Facundo Mansilla Zahir,90.0,9.0,90.0
2026-03-23,p_1KfXQ1,Facundo Mansilla Zahir,90.0,10.0,90.0
2026-04-05,p_1KfXQ1,Facundo Mansilla Zahir,89.0,11.0,87.8
2026-04-14,p_1KfXQ1,Facundo Mansilla Zahir,85.33333333333333,12.0,78.8
2026-07-24,p_1KfXQ1,Facundo Mansilla Zahir,85.6923076923077,13.0,78.8
2026-07-31,p_1KfXQ1,Facundo Mansilla Zahir,86.0,14.0,78.8
2026-08-04,p_1KfXQ1,Facundo Mansilla Zahir,86.26666666666667,15.0,78.8
2026-08-11,p_1KfXQ1,Facundo Mansilla Zahir,86.5,16.0,81.0
2026-08-30,p_1KfXQ1,Facundo Mansilla Zahir,85.23529411764706,17.0,85.0
2026-09-06,p_1KfXQ1,Facundo Mansilla Zahir,85.5,18.0,85.0
2026-09-12,p_1KfXQ1,Facundo Mansilla Zahir,85.73684210526316,19.0,85.0
2026-01-26,p_1L8rOr,Ezequiel Forclaz,,0.0,
2026-01-30,p_1L8rOr,Ezequiel Forclaz,11.0,1.0,11.0
2026-02-10,p_1L8rOr,Ezequiel Forclaz,21.5,2.0,21.5
2026-02-15,p_1L8rOr,Ezequiel Forclaz,19.333333333333332,3.0,19.333333333333332
2026-02-26,p_1L8rOr,Ezequiel Forclaz,18.25,4.0,18.25
2026-02-13,p_1LQFWe,Kendry Páez,,0.0,
2026-02-22,p_1LQFWe,Kendry Páez,19.0,1.0,19.0
2026-02-26,p_1LQFWe,Kendry Páez,22.0,2.0,22.0
2026-03-13,p_1LQFWe,Kendry Páez,23.666666666666668,3.0,23.666666666666668
2026-03-15,p_1LQFWe,Kendry Páez,40.0,4.0,40.0
2026-04-19,p_1LQFWe,Kendry Páez,41.0,5.0,41.0
2026-04-26,p_1LQFWe,Kendry Páez,43.666666666666664,6.0,48.6
2026-05-03,p_1LQFWe,Kendry Páez,38.857142857142854,7.0,45.6
2026-05-10,p_1LQFWe,Kendry Páez,39.625,8.0,49.2
2026-05-24,p_1LQFWe,Kendry Páez,40.0,9.0,40.0
2026-01-24,p_1LtoAE,Álex Arce,,0.0,
2026-03-03,p_1LtoAE,Álex Arce,89.0,1.0,89.0
2026-03-12,p_1LtoAE,Álex Arce,50.5,2.0,50.5
2026-03-15,p_1LtoAE,Álex Arce,40.0,3.0,40.0
2026-03-23,p_1LtoAE,Álex Arce,31.75,4.0,31.75
2026-04-02,p_1LtoAE,Álex Arce,43.2,5.0,43.2
2026-04-11,p_1LtoAE,Álex Arce,39.5,6.0,29.6
2026-04-20,p_1LtoAE,Álex Arce,40.285714285714285,7.0,36.2
2026-04-26,p_1LtoAE,Álex Arce,38.5,8.0,37.6
2026-05-10,p_1LtoAE,Álex Arce,42.77777777777778,9.0,51.6
2026-07-26,p_1LtoAE,Álex Arce,47.5,10.0,51.8
2026-07-30,p_1LtoAE,Álex Arce,51.36363636363637,11.0,65.6
2026-08-08,p_1LtoAE,Álex Arce,54.583333333333336,12.0,74.6
2026-08-15,p_1LtoAE,Álex Arce,57.30769230769231,13.0,87.4
2026-08-22,p_1LtoAE,Álex Arce,55.357142857142854,14.0,78.0
2026-08-31,p_1LtoAE,Álex Arce,57.666666666666664,15.0,78.0
2026-09-06,p_1LtoAE,Álex Arce,59.6875,16.0,78.0
2026-09-12,p_1LtoAE,Álex Arce,61.470588235294116,17.0,78.0
2026-03-14,p_1N9vQt,Celías Ingenthron,,0.0,
2026-04-12,p_1N9vQt,Celías Ingenthron,79.0,1.0,79.0
2026-05-03,p_1N9vQt,Celías Ingenthron,84.5,2.0,84.5
2026-09-04,p_1N9vQt,Celías Ingenthron,86.33333333333333,3.0,86.33333333333333
2026-09-12,p_1N9vQt,Celías Ingenthron,71.0,4.0,71.0
2026-02-25,p_1NRR02,Pol Fernández,,0.0,
2026-03-01,p_1NRR02,Pol Fernández,30.0,1.0,30.0
2026-03-11,p_1NRR02,Pol Fernández,18.0,2.0,18.0
2026-03-15,p_1NRR02,Pol Fernández,16.0,3.0,16.0
2026-03-23,p_1NRR02,Pol Fernández,17.0,4.0,17.0
2026-04-05,p_1NRR02,Pol Fernández,25.8,5.0,25.8
2026-04-12,p_1NRR02,Pol Fernández,32.166666666666664,6.0,32.6
2026-04-19,p_1NRR02,Pol Fernández,40.42857142857143,7.0,49.4
2026-05-10,p_1NRR02,Pol Fernández,44.0,8.0,60.8
2026-05-13,p_1NRR02,Pol Fernández,49.111111111111114,9.0,74.8
2026-05-16,p_1NRR02,Pol Fernández,48.4,10.0,71.0
2026-08-02,p_1NRR02,Pol Fernández,50.45454545454545,11.0,72.4
2026-08-07,p_1NRR02,Pol Fernández,46.916666666666664,12.0,56.0
2026-08-17,p_1NRR02,Pol Fernández,43.69230769230769,13.0,43.2
2026-08-25,p_1NRR02,Pol Fernández,46.5,14.0,41.8
2026-09-13,p_1NRR02,Pol Fernández,44.13333333333333,15.0,35.6
2026-01-22,p_1NZkbt,Eric Ramírez,,0.0,
2026-01-27,p_1NZkbt,Eric Ramírez,19.0,1.0,19.0
2026-02-01,p_1NZkbt,Eric Ramírez,13.5,2.0,13.5
2026-02-26,p_1NZkbt,Eric Ramírez,27.333333333333332,3.0,27.333333333333332
2026-03-16,p_1NZkbt,Eric Ramírez,28.25,4.0,28.25
2026-03-24,p_1NZkbt,Eric Ramírez,24.2,5.0,24.2
2026-04-05,p_1NZkbt,Eric Ramírez,22.166666666666668,6.0,22.8
2026-04-28,p_1NZkbt,Eric Ramírez,19.428571428571427,7.0,21.8
2026-05-03,p_1NZkbt,Eric Ramírez,17.75,8.0,12.0
2026-05-09,p_1NZkbt,Eric Ramírez,15.88888888888889,9.0,6.0
2026-08-01,p_1NZkbt,Eric Ramírez,16.6,10.0,9.0
2026-08-11,p_1NZkbt,Eric Ramírez,16.0,11.0,8.6
2026-08-15,p_1NZkbt,Eric Ramírez,14.75,12.0,8.2
2026-08-21,p_1NZkbt,Eric Ramírez,14.538461538461538,13.0,9.4
2026-08-28,p_1NZkbt,Eric Ramírez,14.214285714285714,14.0,11.2
2026-09-08,p_1NZkbt,Eric Ramírez,14.066666666666666,15.0,9.0
2026-09-12,p_1NZkbt,Eric Ramírez,14.4375,16.0,11.0
2026-08-07,p_1NnBUf,Lucas Acosta,,0.0,
2026-08-15,p_1NnBUf,Lucas Acosta,90.0,1.0,90.0
2026-08-21,p_1NnBUf,Lucas Acosta,90.0,2.0,90.0
2026-08-30,p_1NnBUf,Lucas Acosta,90.0,3.0,90.0
2026-09-05,p_1NnBUf,Lucas Acosta,90.0,4.0,90.0
2026-09-12,p_1NnBUf,Lucas Acosta,90.0,5.0,90.0
2026-01-23,p_1O1XFB,Lisandro Magallán,,0.0,
2026-01-27,p_1O1XFB,Lisandro Magallán,90.0,1.0,90.0
2026-01-31,p_1O1XFB,Lisandro Magallán,90.0,2.0,90.0
2026-02-09,p_1O1XFB,Lisandro Magallán,90.0,3.0,90.0
2026-02-14,p_1O1XFB,Lisandro Magallán,90.0,4.0,90.0
2026-02-22,p_1O1XFB,Lisandro Magallán,90.0,5.0,90.0
2026-02-25,p_1O1XFB,Lisandro Magallán,90.0,6.0,90.0
2026-03-02,p_1O1XFB,Lisandro Magallán,90.0,7.0,90.0
2026-03-10,p_1O1XFB,Lisandro Magallán,90.0,8.0,90.0
2026-03-14,p_1O1XFB,Lisandro Magallán,90.0,9.0,90.0
2026-03-21,p_1O1XFB,Lisandro Magallán,90.0,10.0,90.0
2026-04-03,p_1O1XFB,Lisandro Magallán,90.0,11.0,90.0
2026-04-14,p_1O1XFB,Lisandro Magallán,90.0,12.0,90.0
2026-04-20,p_1O1XFB,Lisandro Magallán,90.0,13.0,90.0
2026-05-11,p_1O1XFB,Lisandro Magallán,88.64285714285714,14.0,86.2
2026-07-24,p_1O1XFB,Lisandro Magallán,88.73333333333333,15.0,86.2
2026-07-30,p_1O1XFB,Lisandro Magallán,88.8125,16.0,86.2
2026-08-17,p_1O1XFB,Lisandro Magallán,88.88235294117646,17.0,86.2
2026-08-23,p_1O1XFB,Lisandro Magallán,88.94444444444444,18.0,86.2
2026-09-11,p_1O1XFB,Lisandro Magallán,89.0,19.0,90.0
2026-01-24,p_1OBnRG,Franco Torres,,0.0,
2026-01-28,p_1OBnRG,Franco Torres,70.0,1.0,70.0
2026-02-02,p_1OBnRG,Franco Torres,78.0,2.0,78.0
2026-02-09,p_1OBnRG,Franco Torres,75.33333333333333,3.0,75.33333333333333
2026-02-15,p_1OBnRG,Franco Torres,73.5,4.0,73.5
2026-02-21,p_1OBnRG,Franco Torres,71.4,5.0,71.4
2026-02-25,p_1OBnRG,Franco Torres,63.666666666666664,6.0,62.4
2026-03-02,p_1OBnRG,Franco Torres,57.857142857142854,7.0,49.8
2026-03-11,p_1OBnRG,Franco Torres,52.625,8.0,39.0
2026-03-15,p_1OBnRG,Franco Torres,49.111111111111114,9.0,29.6
2026-03-21,p_1OBnRG,Franco Torres,47.2,10.0,23.0
2026-04-05,p_1OBnRG,Franco Torres,44.54545454545455,11.0,21.6
2026-04-13,p_1OBnRG,Franco Torres,41.75,12.0,19.2
2026-04-18,p_1OBnRG,Franco Torres,39.53846153846154,13.0,18.6
2026-04-26,p_1OBnRG,Franco Torres,39.07142857142857,14.0,21.0
2026-05-03,p_1OBnRG,Franco Torres,37.86666666666667,15.0,19.2
2026-07-24,p_1OBnRG,Franco Torres,36.625,16.0,19.2
2026-08-09,p_1OBnRG,Franco Torres,34.529411764705884,17.0,17.2
2026-08-22,p_1OBnRG,Franco Torres,33.22222222222222,18.0,16.8
2026-08-29,p_1OBnRG,Franco Torres,32.1578947368421,19.0,12.8
2026-09-05,p_1OBnRG,Franco Torres,32.4,20.0,16.0
2026-09-13,p_1OBnRG,Franco Torres,32.23809523809524,21.0,18.2
2026-01-24,p_1OO5Lc,Ezequiel Ham,,0.0,
2026-01-28,p_1OO5Lc,Ezequiel Ham,69.0,1.0,69.0
2026-02-01,p_1OO5Lc,Ezequiel Ham,71.5,2.0,71.5
2026-02-08,p_1OO5Lc,Ezequiel Ham,70.0,3.0,70.0
2026-02-15,p_1OO5Lc,Ezequiel Ham,63.75,4.0,63.75
2026-02-20,p_1OO5Lc,Ezequiel Ham,54.8,5.0,54.8
2026-02-25,p_1OO5Lc,Ezequiel Ham,49.833333333333336,6.0,46.0
2026-03-04,p_1OO5Lc,Ezequiel Ham,47.142857142857146,7.0,37.4
2026-03-12,p_1OO5Lc,Ezequiel Ham,43.625,8.0,27.8
2026-03-16,p_1OO5Lc,Ezequiel Ham,48.77777777777778,9.0,36.8
2026-03-21,p_1OO5Lc,Ezequiel Ham,51.2,10.0,47.6
2026-04-05,p_1OO5Lc,Ezequiel Ham,53.27272727272727,11.0,57.4
2026-04-12,p_1OO5Lc,Ezequiel Ham,54.583333333333336,12.0,65.0
2026-04-19,p_1OO5Lc,Ezequiel Ham,55.84615384615385,13.0,75.4
2026-04-26,p_1OO5Lc,Ezequiel Ham,52.785714285714285,14.0,60.0
2026-08-30,p_1OO5Lc,Ezequiel Ham,49.666666666666664,15.0,46.6
2026-03-01,p_1OPWAY,Iván Morales,,0.0,
2026-03-11,p_1OPWAY,Iván Morales,20.0,1.0,20.0
2026-03-16,p_1OPWAY,Iván Morales,17.5,2.0,17.5
2026-03-23,p_1OPWAY,Iván Morales,38.0,3.0,38.0
2026-03-27,p_1OPWAY,Iván Morales,51.0,4.0,51.0
2026-03-31,p_1OPWAY,Iván Morales,56.0,5.0,56.0
2026-04-06,p_1OPWAY,Iván Morales,58.666666666666664,6.0,66.4
2026-04-11,p_1OPWAY,Iván Morales,62.142857142857146,7.0,80.0
2026-04-19,p_1OPWAY,Iván Morales,63.875,8.0,79.4
2026-04-28,p_1OPWAY,Iván Morales,66.66666666666667,9.0,79.2
2026-05-03,p_1OPWAY,Iván Morales,67.8,10.0,79.6
2026-05-10,p_1OPWAY,Iván Morales,68.0909090909091,11.0,79.4
2026-05-13,p_1OPWAY,Iván Morales,64.91666666666667,12.0,68.8
2026-05-17,p_1OPWAY,Iván Morales,65.6923076923077,13.0,68.6
2026-07-23,p_1OPWAY,Iván Morales,66.85714285714286,14.0,67.2
2026-08-16,p_1OPWAY,Iván Morales,65.4,15.0,60.6
2026-08-30,p_1OPWAY,Iván Morales,62.625,16.0,50.6
2026-09-13,p_1OPWAY,Iván Morales,59.1764705882353,17.0,45.4
2026-08-17,p_1OwbCC,Juan Miguel Arrayago,,0.0,
2026-08-22,p_1OwbCC,Juan Miguel Arrayago,90.0,1.0,90.0
2026-08-30,p_1OwbCC,Juan Miguel Arrayago,90.0,2.0,90.0
2026-09-06,p_1OwbCC,Juan Miguel Arrayago,90.0,3.0,90.0
2026-09-13,p_1OwbCC,Juan Miguel Arrayago,90.0,4.0,90.0
2026-02-22,p_1PTJbZ,Juan Cardozo,,0.0,
2026-02-24,p_1PTJbZ,Juan Cardozo,19.0,1.0,19.0
2026-02-28,p_1PTJbZ,Juan Cardozo,23.5,2.0,23.5
2026-03-12,p_1PTJbZ,Juan Cardozo,45.666666666666664,3.0,45.666666666666664
2026-03-18,p_1PTJbZ,Juan Cardozo,54.0,4.0,54.0
2026-03-23,p_1PTJbZ,Juan Cardozo,61.2,5.0,61.2
2026-04-05,p_1PTJbZ,Juan Cardozo,66.0,6.0,75.4
2026-04-20,p_1PTJbZ,Juan Cardozo,69.42857142857143,7.0,87.8
2026-04-24,p_1PTJbZ,Juan Cardozo,63.375,8.0,74.0
2026-08-04,p_1PTJbZ,Juan Cardozo,57.77777777777778,9.0,60.8
2026-01-25,p_1PvYK3,Lautaro Blanco,,0.0,
2026-01-29,p_1PvYK3,Lautaro Blanco,90.0,1.0,90.0
2026-02-01,p_1PvYK3,Lautaro Blanco,90.0,2.0,90.0
2026-02-09,p_1PvYK3,Lautaro Blanco,90.0,3.0,90.0
2026-02-15,p_1PvYK3,Lautaro Blanco,90.0,4.0,90.0
2026-02-20,p_1PvYK3,Lautaro Blanco,90.0,5.0,90.0
2026-02-28,p_1PvYK3,Lautaro Blanco,90.0,6.0,90.0
2026-03-05,p_1PvYK3,Lautaro Blanco,90.0,7.0,90.0
2026-03-11,p_1PvYK3,Lautaro Blanco,90.0,8.0,90.0
2026-03-16,p_1PvYK3,Lautaro Blanco,90.0,9.0,90.0
2026-03-22,p_1PvYK3,Lautaro Blanco,90.0,10.0,90.0
2026-04-02,p_1PvYK3,Lautaro Blanco,90.0,11.0,90.0
2026-04-19,p_1PvYK3,Lautaro Blanco,83.33333333333333,12.0,74.0
2026-05-09,p_1PvYK3,Lautaro Blanco,83.84615384615384,13.0,74.0
2026-07-26,p_1PvYK3,Lautaro Blanco,86.42857142857143,14.0,80.0
2026-08-02,p_1PvYK3,Lautaro Blanco,86.66666666666667,15.0,80.0
2026-08-05,p_1PvYK3,Lautaro Blanco,86.875,16.0,80.0
2026-08-08,p_1PvYK3,Lautaro Blanco,87.05882352941177,17.0,96.0
2026-08-16,p_1PvYK3,Lautaro Blanco,87.22222222222223,18.0,96.0
2026-08-24,p_1PvYK3,Lautaro Blanco,87.36842105263158,19.0,90.0
2026-08-29,p_1PvYK3,Lautaro Blanco,87.5,20.0,90.0
2026-09-05,p_1PvYK3,Lautaro Blanco,87.61904761904762,21.0,90.0
2026-09-12,p_1PvYK3,Lautaro Blanco,84.63636363636364,22.0,76.4
2026-02-02,p_1QJBGG,Gonzalo Martínez,,0.0,
2026-02-07,p_1QJBGG,Gonzalo Martínez,9.0,1.0,9.0
2026-02-12,p_1QJBGG,Gonzalo Martínez,13.5,2.0,13.5
2026-02-25,p_1QJBGG,Gonzalo Martínez,15.333333333333334,3.0,15.333333333333334
2026-03-02,p_1QJBGG,Gonzalo Martínez,14.25,4.0,14.25
2026-03-16,p_1QJBGG,Gonzalo Martínez,13.6,5.0,13.6
2026-03-21,p_1QJBGG,Gonzalo Martínez,16.333333333333332,6.0,17.8
2026-04-02,p_1QJBGG,Gonzalo Martínez,19.0,7.0,21.2
2026-04-12,p_1QJBGG,Gonzalo Martínez,25.25,8.0,31.2
2026-04-21,p_1QJBGG,Gonzalo Martínez,30.333333333333332,9.0,43.2
2026-04-25,p_1QJBGG,Gonzalo Martínez,33.2,10.0,52.8
2026-07-25,p_1QJBGG,Gonzalo Martínez,33.0,11.0,53.0
2026-08-01,p_1QJBGG,Gonzalo Martínez,32.583333333333336,12.0,51.6
2026-08-06,p_1QJBGG,Gonzalo Martínez,35.23076923076923,13.0,51.2
2026-08-08,p_1QJBGG,Gonzalo Martínez,35.92857142857143,14.0,46.0
2026-02-25,p_1QjqgM,Williams Barlasina,,0.0,
2026-03-01,p_1QjqgM,Williams Barlasina,17.0,1.0,17.0
2026-03-11,p_1QjqgM,Williams Barlasina,53.5,2.0,53.5
2026-03-17,p_1QjqgM,Williams Barlasina,65.66666666666667,3.0,65.66666666666667
2026-03-21,p_1QjqgM,Williams Barlasina,71.75,4.0,71.75
2026-01-28,p_1QvEWx,David Sotelo,,0.0,
2026-02-01,p_1QvEWx,David Sotelo,9.0,1.0,9.0
2026-02-08,p_1QvEWx,David Sotelo,27.0,2.0,27.0
2026-02-16,p_1QvEWx,David Sotelo,33.0,3.0,33.0
2026-02-21,p_1QvEWx,David Sotelo,27.25,4.0,27.25
2026-02-25,p_1QvEWx,David Sotelo,25.2,5.0,25.2
2026-03-17,p_1QvEWx,David Sotelo,27.333333333333332,6.0,31.0
2026-03-21,p_1QvEWx,David Sotelo,31.857142857142858,7.0,33.8
2026-04-05,p_1QvEWx,David Sotelo,30.5,8.0,29.0
2026-07-31,p_1QvEWx,David Sotelo,29.77777777777778,9.0,31.8
2026-08-02,p_1QvEWx,David Sotelo,35.8,10.0,46.4
2026-01-23,p_1R1UR4,Matías Sepúlveda,,0.0,
2026-01-29,p_1R1UR4,Matías Sepúlveda,5.0,1.0,5.0
2026-02-09,p_1R1UR4,Matías Sepúlveda,13.5,2.0,13.5
2026-02-13,p_1R1UR4,Matías Sepúlveda,9.333333333333334,3.0,9.333333333333334
2026-03-02,p_1R1UR4,Matías Sepúlveda,13.25,4.0,13.25
2026-03-05,p_1R1UR4,Matías Sepúlveda,24.6,5.0,24.6
2026-03-27,p_1R1UR4,Matías Sepúlveda,25.333333333333332,6.0,29.4
2026-04-01,p_1R1UR4,Matías Sepúlveda,23.428571428571427,7.0,27.4
2026-04-13,p_1R1UR4,Matías Sepúlveda,29.125,8.0,41.0
2026-04-21,p_1R1UR4,Matías Sepúlveda,32.22222222222222,9.0,47.4
2026-04-24,p_1R1UR4,Matías Sepúlveda,36.2,10.0,47.8
2026-05-02,p_1R1UR4,Matías Sepúlveda,33.90909090909091,11.0,44.2
2026-05-10,p_1R1UR4,Matías Sepúlveda,36.75,12.0,55.4
2026-07-26,p_1R1UR4,Matías Sepúlveda,34.76923076923077,13.0,43.8
2026-08-03,p_1R1UR4,Matías Sepúlveda,37.285714285714285,14.0,46.4
2026-08-06,p_1R1UR4,Matías Sepúlveda,40.8,15.0,50.0
2026-08-12,p_1R1UR4,Matías Sepúlveda,42.6875,16.0,62.0
2026-08-17,p_1R1UR4,Matías Sepúlveda,41.64705882352941,17.0,53.4
2026-08-25,p_1R1UR4,Matías Sepúlveda,40.77777777777778,18.0,56.4
2026-08-29,p_1R1UR4,Matías Sepúlveda,39.578947368421055,19.0,46.0
2026-09-06,p_1R1UR4,Matías Sepúlveda,38.65,20.0,32.2
2026-09-14,p_1R1UR4,Matías Sepúlveda,38.285714285714285,21.0,24.2
2026-09-14,p_1R1UR4,Matías Sepúlveda,40.54545454545455,22.0,36.8
2026-08-07,p_1RFvBi,Braian Cufré,,0.0,
2026-08-15,p_1RFvBi,Braian Cufré,90.0,1.0,90.0
2026-02-07,p_1RHzae,Adrián Fernández,,0.0,
2026-02-14,p_1RHzae,Adrián Fernández,1.0,1.0,1.0
2026-02-20,p_1RHzae,Adrián Fernández,2.0,2.0,2.0
2026-02-26,p_1RHzae,Adrián Fernández,10.666666666666666,3.0,10.666666666666666
2026-03-04,p_1RHzae,Adrián Fernández,27.25,4.0,27.25
2026-03-11,p_1RHzae,Adrián Fernández,38.6,5.0,38.6
2026-03-16,p_1RHzae,Adrián Fernández,42.833333333333336,6.0,51.2
2026-03-22,p_1RHzae,Adrián Fernández,45.142857142857146,7.0,62.4
2026-04-04,p_1RHzae,Adrián Fernández,50.125,8.0,73.8
2026-04-12,p_1RHzae,Adrián Fernández,53.77777777777778,9.0,75.0
2026-04-19,p_1RHzae,Adrián Fernández,55.7,10.0,72.8
2026-04-25,p_1RHzae,Adrián Fernández,56.27272727272727,11.0,72.4
2026-05-10,p_1RHzae,Adrián Fernández,52.083333333333336,12.0,61.8
2026-05-13,p_1RHzae,Adrián Fernández,54.07692307692308,13.0,60.4
2026-08-31,p_1RHzae,Adrián Fernández,54.642857142857146,14.0,56.2
2026-09-07,p_1RHzae,Adrián Fernández,52.8,15.0,47.0
2026-09-14,p_1RHzae,Adrián Fernández,50.0625,16.0,36.4
2026-09-14,p_1RHzae,Adrián Fernández,47.588235294117645,17.0,36.8
2026-07-29,p_1Rhs05,Agustín Graneros,,0.0,
2026-09-14,p_1Rhs05,Agustín Graneros,24.0,1.0,24.0
2026-09-14,p_1Rhs05,Agustín Graneros,21.5,2.0,21.5
2026-09-14,p_1S7dIi,Adrián Balboa,,0.0,
2026-09-14,p_1S7dIi,Adrián Balboa,90.0,1.0,90.0
2026-01-23,p_1SE1Bg,Edwuin Cetré,,0.0,
2026-02-15,p_1SE1Bg,Edwuin Cetré,26.0,1.0,26.0
2026-02-20,p_1SE1Bg,Edwuin Cetré,26.5,2.0,26.5
2026-02-25,p_1SE1Bg,Edwuin Cetré,22.333333333333332,3.0,22.333333333333332
2026-03-02,p_1SE1Bg,Edwuin Cetré,24.25,4.0,24.25
2026-03-13,p_1SE1Bg,Edwuin Cetré,36.8,5.0,36.8
2026-03-18,p_1SE1Bg,Edwuin Cetré,45.666666666666664,6.0,49.6
2026-03-23,p_1SE1Bg,Edwuin Cetré,45.57142857142857,7.0,53.2
2026-04-03,p_1SE1Bg,Edwuin Cetré,47.75,8.0,63.0
2026-04-18,p_1SE1Bg,Edwuin Cetré,46.333333333333336,9.0,64.0
2026-04-25,p_1SE1Bg,Edwuin Cetré,44.9,10.0,53.0
2026-05-03,p_1SE1Bg,Edwuin Cetré,46.81818181818182,11.0,48.2
2026-05-10,p_1SE1Bg,Edwuin Cetré,50.083333333333336,12.0,56.4
2026-07-26,p_1SE1Bg,Edwuin Cetré,53.15384615384615,13.0,61.8
2026-08-05,p_1SE1Bg,Edwuin Cetré,49.714285714285715,14.0,55.8
2026-08-08,p_1SE1Bg,Edwuin Cetré,48.4,15.0,55.4
2026-08-15,p_1SE1Bg,Edwuin Cetré,49.125,16.0,54.2
2026-08-23,p_1SE1Bg,Edwuin Cetré,47.05882352941177,17.0,39.8
2026-08-31,p_1SE1Bg,Edwuin Cetré,46.94444444444444,18.0,30.8
2026-09-06,p_1SE1Bg,Edwuin Cetré,45.31578947368421,19.0,33.0
2026-09-12,p_1SE1Bg,Edwuin Cetré,46.3,20.0,40.0
2026-02-07,p_1Sh6eR,Martín Garay,,0.0,
2026-02-12,p_1Sh6eR,Martín Garay,17.0,1.0,17.0
2026-02-22,p_1Sh6eR,Martín Garay,24.0,2.0,24.0
2026-02-25,p_1Sh6eR,Martín Garay,26.333333333333332,3.0,26.333333333333332
2026-03-10,p_1Sh6eR,Martín Garay,42.25,4.0,42.25
2026-03-16,p_1Sh6eR,Martín Garay,42.8,5.0,42.8
2026-03-21,p_1Sh6eR,Martín Garay,50.666666666666664,6.0,57.4
2026-04-12,p_1Sh6eR,Martín Garay,56.285714285714285,7.0,69.2
2026-04-21,p_1Sh6eR,Martín Garay,53.375,8.0,69.6
2026-07-25,p_1Sh6eR,Martín Garay,49.666666666666664,9.0,55.6
2026-08-01,p_1Sh6eR,Martín Garay,52.4,10.0,62.0
2026-08-06,p_1Sh6eR,Martín Garay,55.81818181818182,11.0,62.0
2026-08-08,p_1Sh6eR,Martín Garay,58.666666666666664,12.0,62.0
2026-08-15,p_1Sh6eR,Martín Garay,61.07692307692308,13.0,73.4
2026-08-24,p_1Sh6eR,Martín Garay,63.142857142857146,14.0,87.4
2026-09-01,p_1Sh6eR,Martín Garay,64.93333333333334,15.0,90.0
2026-09-05,p_1Sh6eR,Martín Garay,64.9375,16.0,85.0
2026-09-13,p_1Sh6eR,Martín Garay,63.76470588235294,17.0,76.0
2026-08-17,p_1TApRe,Valentino Felici,,0.0,
2026-02-08,p_1TFqG2,David Fernández,,0.0,
2026-02-20,p_1TFqG2,David Fernández,1.0,1.0,1.0
2026-04-18,p_1TFqG2,David Fernández,15.0,2.0,15.0
2026-04-05,p_1THzRF,Gonzalo González,,0.0,
2026-07-25,p_1THzRF,Gonzalo González,2.0,1.0,2.0
2026-07-29,p_1THzRF,Gonzalo González,46.0,2.0,46.0
2026-08-01,p_1THzRF,Gonzalo González,59.333333333333336,3.0,59.333333333333336
2026-08-08,p_1THzRF,Gonzalo González,61.5,4.0,61.5
2026-08-17,p_1THzRF,Gonzalo González,66.0,5.0,66.0
2026-08-21,p_1THzRF,Gonzalo González,67.66666666666667,6.0,80.8
2026-08-29,p_1THzRF,Gonzalo González,70.85714285714286,7.0,80.8
2026-09-04,p_1THzRF,Gonzalo González,73.25,8.0,81.6
2026-09-15,p_1THzRF,Gonzalo González,70.11111111111111,9.0,77.0
2026-09-15,p_1THzRF,Gonzalo González,68.6,10.0,71.2
2026-02-02,p_1TPSrY,Tomás Palacios,,0.0,
2026-02-09,p_1TPSrY,Tomás Palacios,52.0,1.0,52.0
2026-02-15,p_1TPSrY,Tomás Palacios,71.0,2.0,71.0
2026-02-20,p_1TPSrY,Tomás Palacios,77.33333333333333,3.0,77.33333333333333
2026-02-25,p_1TPSrY,Tomás Palacios,80.5,4.0,80.5
2026-03-02,p_1TPSrY,Tomás Palacios,82.4,5.0,82.4
2026-03-13,p_1TPSrY,Tomás Palacios,83.66666666666667,6.0,90.0
2026-03-18,p_1TPSrY,Tomás Palacios,84.57142857142857,7.0,90.0
2026-03-23,p_1TPSrY,Tomás Palacios,85.25,8.0,90.0
2026-04-03,p_1TPSrY,Tomás Palacios,85.77777777777777,9.0,90.0
2026-04-25,p_1TPSrY,Tomás Palacios,83.7,10.0,85.0
2026-05-10,p_1TPSrY,Tomás Palacios,84.27272727272727,11.0,85.0
2026-07-26,p_1TPSrY,Tomás Palacios,84.75,12.0,85.0
2026-08-01,p_1TPSrY,Tomás Palacios,85.15384615384616,13.0,85.0
2026-08-05,p_1TPSrY,Tomás Palacios,84.21428571428571,14.0,81.4
2026-08-15,p_1TPSrY,Tomás Palacios,84.6,15.0,86.4
2026-08-23,p_1TPSrY,Tomás Palacios,84.9375,16.0,86.4
2026-09-06,p_1TPSrY,Tomás Palacios,85.23529411764706,17.0,86.4
2026-08-17,p_1Tat7C,Facundo Cruz,,0.0,
2026-03-22,p_1TrZ51,Pablo Magnín,,0.0,
2026-04-13,p_1TrZ51,Pablo Magnín,1.0,1.0,1.0
2026-04-19,p_1TrZ51,Pablo Magnín,29.5,2.0,29.5
2026-04-25,p_1TrZ51,Pablo Magnín,39.666666666666664,3.0,39.666666666666664
2026-05-03,p_1TrZ51,Pablo Magnín,45.25,4.0,45.25
2026-07-23,p_1TrZ51,Pablo Magnín,45.2,5.0,45.2
2026-07-28,p_1TrZ51,Pablo Magnín,47.166666666666664,6.0,56.4
2026-08-16,p_1TrZ51,Pablo Magnín,48.285714285714285,7.0,55.8
2026-08-28,p_1TrZ51,Pablo Magnín,43.5,8.0,45.8
2026-04-11,p_1U6bCS,Nicolas Paz,,0.0,
2026-01-23,p_1UNG97,Manuel Lanzini,,0.0,
2026-01-27,p_1UNG97,Manuel Lanzini,75.0,1.0,75.0
2026-01-31,p_1UNG97,Manuel Lanzini,72.5,2.0,72.5
2026-02-09,p_1UNG97,Manuel Lanzini,69.33333333333333,3.0,69.33333333333333
2026-02-14,p_1UNG97,Manuel Lanzini,73.0,4.0,73.0
2026-02-22,p_1UNG97,Manuel Lanzini,75.6,5.0,75.6
2026-02-25,p_1UNG97,Manuel Lanzini,75.83333333333333,6.0,76.0
2026-03-02,p_1UNG97,Manuel Lanzini,77.85714285714286,7.0,80.0
2026-03-10,p_1UNG97,Manuel Lanzini,79.25,8.0,85.2
2026-03-14,p_1UNG97,Manuel Lanzini,79.33333333333333,9.0,84.4
2026-03-21,p_1UNG97,Manuel Lanzini,79.3,10.0,83.0
2026-04-03,p_1UNG97,Manuel Lanzini,80.27272727272727,11.0,85.6
2026-04-14,p_1UNG97,Manuel Lanzini,81.0,12.0,85.4
2026-04-20,p_1UNG97,Manuel Lanzini,74.92307692307692,13.0,68.0
2026-04-27,p_1UNG97,Manuel Lanzini,75.21428571428571,14.0,67.8
2026-05-04,p_1UNG97,Manuel Lanzini,74.46666666666667,15.0,64.8
2026-05-11,p_1UNG97,Manuel Lanzini,75.375,16.0,64.6
2026-07-24,p_1UNG97,Manuel Lanzini,76.23529411764706,17.0,64.8
2026-07-30,p_1UNG97,Manuel Lanzini,76.33333333333333,18.0,80.0
2026-08-08,p_1UNG97,Manuel Lanzini,76.84210526315789,19.0,81.4
2026-08-17,p_1UNG97,Manuel Lanzini,77.1,20.0,85.0
2026-08-23,p_1UNG97,Manuel Lanzini,77.66666666666667,21.0,85.0
2026-08-29,p_1UNG97,Manuel Lanzini,78.0909090909091,22.0,84.4
2026-09-06,p_1UNG97,Manuel Lanzini,78.6086956521739,23.0,86.8
2026-09-11,p_1UNG97,Manuel Lanzini,76.375,24.0,74.6
2026-02-01,p_1Uzxie,Gonzalo Maroni,,0.0,
2026-02-09,p_1Uzxie,Gonzalo Maroni,45.0,1.0,45.0
2026-02-16,p_1Uzxie,Gonzalo Maroni,45.0,2.0,45.0
2026-02-21,p_1Uzxie,Gonzalo Maroni,45.0,3.0,45.0
2026-02-25,p_1Uzxie,Gonzalo Maroni,40.75,4.0,40.75
2026-03-16,p_1Uzxie,Gonzalo Maroni,41.6,5.0,41.6
2026-03-24,p_1Uzxie,Gonzalo Maroni,42.166666666666664,6.0,41.6
2026-04-02,p_1Uzxie,Gonzalo Maroni,42.57142857142857,7.0,41.6
2026-04-25,p_1Uzxie,Gonzalo Maroni,46.75,8.0,47.8
2026-05-02,p_1Uzxie,Gonzalo Maroni,43.666666666666664,9.0,46.0
2026-07-25,p_1Uzxie,Gonzalo Maroni,41.7,10.0,41.8
2026-07-29,p_1Uzxie,Gonzalo Maroni,40.81818181818182,11.0,39.2
2026-08-02,p_1Uzxie,Gonzalo Maroni,38.333333333333336,12.0,32.4
2026-08-09,p_1Uzxie,Gonzalo Maroni,37.23076923076923,13.0,22.0
2026-08-17,p_1Uzxie,Gonzalo Maroni,36.714285714285715,14.0,24.2
2026-08-23,p_1Uzxie,Gonzalo Maroni,40.266666666666666,15.0,37.4
2026-09-01,p_1Uzxie,Gonzalo Maroni,40.5625,16.0,40.0
2026-09-07,p_1Uzxie,Gonzalo Maroni,38.88235294117647,17.0,40.2
2026-09-14,p_1Uzxie,Gonzalo Maroni,41.22222222222222,18.0,51.6
2026-09-14,p_1Uzxie,Gonzalo Maroni,43.78947368421053,19.0,63.6
2026-04-03,p_1VlIuF,Brian Andrada,,0.0,
2026-04-12,p_1VlIuF,Brian Andrada,55.0,1.0,55.0
2026-04-21,p_1VlIuF,Brian Andrada,50.0,2.0,50.0
2026-05-04,p_1VlIuF,Brian Andrada,39.0,3.0,39.0
2026-08-22,p_1VlIuF,Brian Andrada,44.75,4.0,44.75
2026-08-30,p_1VlIuF,Brian Andrada,37.8,5.0,37.8
2026-09-05,p_1VlIuF,Brian Andrada,36.0,6.0,32.2
2026-09-11,p_1VlIuF,Brian Andrada,31.0,7.0,23.4
2026-04-19,p_1Vz4a2,Alejo Duarte,,0.0,
2026-03-21,p_1W6Loj,Luciano González,,0.0,
2026-04-07,p_1W6Loj,Luciano González,34.0,1.0,34.0
2026-04-23,p_1W6Loj,Luciano González,39.5,2.0,39.5
2026-05-04,p_1W6Loj,Luciano González,32.333333333333336,3.0,32.333333333333336
2026-01-27,p_1WFkRF,Juan Bisanz,,0.0,
2026-02-01,p_1WFkRF,Juan Bisanz,65.0,1.0,65.0
2026-02-08,p_1WFkRF,Juan Bisanz,50.0,2.0,50.0
2026-02-14,p_1WFkRF,Juan Bisanz,38.666666666666664,3.0,38.666666666666664
2026-03-03,p_1WFkRF,Juan Bisanz,36.0,4.0,36.0
2026-03-13,p_1WFkRF,Juan Bisanz,31.6,5.0,31.6
2026-03-16,p_1WFkRF,Juan Bisanz,32.166666666666664,6.0,25.6
2026-04-05,p_1WFkRF,Juan Bisanz,38.142857142857146,7.0,33.4
2026-04-12,p_1WFkRF,Juan Bisanz,34.625,8.0,32.2
2026-04-21,p_1WFkRF,Juan Bisanz,34.22222222222222,9.0,32.8
2026-04-28,p_1WFkRF,Juan Bisanz,34.0,10.0,36.4
2026-05-03,p_1WFkRF,Juan Bisanz,37.45454545454545,11.0,43.8
2026-05-09,p_1WFkRF,Juan Bisanz,36.5,12.0,34.2
2026-05-13,p_1WFkRF,Juan Bisanz,37.30769230769231,13.0,41.6
2026-07-25,p_1WFkRF,Juan Bisanz,38.642857142857146,14.0,46.6
2026-07-30,p_1WFkRF,Juan Bisanz,41.53333333333333,15.0,56.6
2026-08-04,p_1WFkRF,Juan Bisanz,44.5625,16.0,60.2
2026-08-09,p_1WFkRF,Juan Bisanz,46.23529411764706,17.0,69.6
2026-08-16,p_1WFkRF,Juan Bisanz,48.666666666666664,18.0,78.2
2026-08-23,p_1WFkRF,Juan Bisanz,49.10526315789474,19.0,78.4
2026-08-29,p_1WFkRF,Juan Bisanz,50.3,20.0,76.6
2026-09-04,p_1WFkRF,Juan Bisanz,52.19047619047619,21.0,76.6
2026-09-14,p_1WFkRF,Juan Bisanz,51.31818181818182,22.0,68.6
2026-09-14,p_1WFkRF,Juan Bisanz,51.78260869565217,23.0,63.0
2026-01-27,p_1WWgZ2,Luis Angulo,,0.0,
2026-01-22,p_1XRQ6D,Alan Sosa,,0.0,
2026-01-28,p_1XRQ6D,Alan Sosa,21.0,1.0,21.0
2026-02-02,p_1XRQ6D,Alan Sosa,25.0,2.0,25.0
2026-02-07,p_1XRQ6D,Alan Sosa,31.666666666666668,3.0,31.666666666666668
2026-02-12,p_1XRQ6D,Alan Sosa,30.25,4.0,30.25
2026-02-23,p_1XRQ6D,Alan Sosa,42.2,5.0,42.2
2026-03-03,p_1XRQ6D,Alan Sosa,50.166666666666664,6.0,56.0
2026-03-12,p_1XRQ6D,Alan Sosa,55.857142857142854,7.0,68.2
2026-03-31,p_1XRQ6D,Alan Sosa,57.375,8.0,72.8
2026-04-26,p_1XRQ6D,Alan Sosa,56.0,9.0,76.6
2026-07-24,p_1XRQ6D,Alan Sosa,50.9,10.0,59.6
2026-07-29,p_1XRQ6D,Alan Sosa,52.36363636363637,11.0,55.0
2026-08-02,p_1XRQ6D,Alan Sosa,50.333333333333336,12.0,42.6
2026-08-07,p_1XRQ6D,Alan Sosa,53.38461538461539,13.0,47.0
2026-08-15,p_1XRQ6D,Alan Sosa,56.0,14.0,56.0
2026-08-21,p_1XRQ6D,Alan Sosa,58.266666666666666,15.0,73.0
2026-07-31,p_1Xc1ly,Federico Rodríguez,,0.0,
2026-05-03,p_1XeGjp,Leonardo Rios,,0.0,
2026-02-07,p_1YM31q,Marcos Rojo,,0.0,
2026-02-14,p_1YM31q,Marcos Rojo,79.0,1.0,79.0
2026-02-20,p_1YM31q,Marcos Rojo,78.5,2.0,78.5
2026-03-16,p_1YM31q,Marcos Rojo,67.33333333333333,3.0,67.33333333333333
2026-03-22,p_1YM31q,Marcos Rojo,56.25,4.0,56.25
2026-04-04,p_1YM31q,Marcos Rojo,58.4,5.0,58.4
2026-04-12,p_1YM31q,Marcos Rojo,63.666666666666664,6.0,60.6
2026-05-10,p_1YM31q,Marcos Rojo,66.0,7.0,61.0
2026-05-13,p_1YM31q,Marcos Rojo,68.875,8.0,69.8
2026-07-29,p_1YM31q,Marcos Rojo,71.22222222222223,9.0,83.2
2026-08-01,p_1YM31q,Marcos Rojo,73.1,10.0,87.8
2026-08-09,p_1YM31q,Marcos Rojo,74.63636363636364,11.0,87.8
2026-08-14,p_1YM31q,Marcos Rojo,75.91666666666667,12.0,89.8
2026-08-24,p_1YM31q,Marcos Rojo,77.0,13.0,90.0
2026-09-07,p_1YM31q,Marcos Rojo,77.92857142857143,14.0,90.0
2026-09-14,p_1YM31q,Marcos Rojo,78.73333333333333,15.0,90.0
2026-09-14,p_1YM31q,Marcos Rojo,79.4375,16.0,90.0
2026-08-24,p_1YnHkL,Francisco Fraga,,0.0,
2026-08-31,p_1YnHkL,Francisco Fraga,35.0,1.0,35.0
2026-01-25,p_1ZDLjj,Mariano Bracamonte,,0.0,
2026-02-01,p_1ZDLjj,Mariano Bracamonte,90.0,1.0,90.0
2026-03-25,p_1ZDLjj,Mariano Bracamonte,90.0,2.0,90.0
2026-04-24,p_1ZDLjj,Mariano Bracamonte,85.0,3.0,85.0
2026-05-02,p_1ZDLjj,Mariano Bracamonte,80.75,4.0,80.75
2026-07-26,p_1ZDLjj,Mariano Bracamonte,82.6,5.0,82.6
2026-07-29,p_1ZDLjj,Mariano Bracamonte,83.83333333333333,6.0,82.6
2026-08-02,p_1ZDLjj,Mariano Bracamonte,84.57142857142857,7.0,82.4
2026-08-08,p_1ZDLjj,Mariano Bracamonte,85.25,8.0,85.4
2026-08-15,p_1ZDLjj,Mariano Bracamonte,77.22222222222223,9.0,74.4
2026-08-23,p_1ZDLjj,Mariano Bracamonte,70.9,10.0,59.2
2026-08-29,p_1ZDLjj,Mariano Bracamonte,71.81818181818181,11.0,57.4
2026-09-04,p_1ZDLjj,Mariano Bracamonte,73.33333333333333,12.0,57.6
2026-09-14,p_1ZDLjj,Mariano Bracamonte,74.61538461538461,13.0,57.6
2026-09-14,p_1ZDLjj,Mariano Bracamonte,75.71428571428571,14.0,73.0
2026-01-25,p_1ZsIeq,Yonatan Goitía,,0.0,
2026-01-29,p_1ZsIeq,Yonatan Goitía,56.0,1.0,56.0
2026-02-01,p_1ZsIeq,Yonatan Goitía,73.0,2.0,73.0
2026-02-09,p_1ZsIeq,Yonatan Goitía,74.66666666666667,3.0,74.66666666666667
2026-02-16,p_1ZsIeq,Yonatan Goitía,74.5,4.0,74.5
2026-02-21,p_1ZsIeq,Yonatan Goitía,74.6,5.0,74.6
2026-02-25,p_1ZsIeq,Yonatan Goitía,77.16666666666667,6.0,81.4
2026-03-02,p_1ZsIeq,Yonatan Goitía,76.28571428571429,7.0,77.6
2026-03-12,p_1ZsIeq,Yonatan Goitía,69.125,8.0,65.8
2026-03-18,p_1ZsIeq,Yonatan Goitía,70.88888888888889,9.0,68.0
2026-03-25,p_1ZsIeq,Yonatan Goitía,66.4,10.0,58.2
2026-04-03,p_1ZsIeq,Yonatan Goitía,63.09090909090909,11.0,46.2
2026-04-24,p_1ZsIeq,Yonatan Goitía,58.166666666666664,12.0,32.8
2026-07-26,p_1ZsIeq,Yonatan Goitía,60.61538461538461,13.0,47.0
2026-07-29,p_1ZsIeq,Yonatan Goitía,58.357142857142854,14.0,35.8
2026-08-02,p_1ZsIeq,Yonatan Goitía,54.53333333333333,15.0,30.8
2026-08-08,p_1ZsIeq,Yonatan Goitía,51.4375,16.0,25.8
2026-08-15,p_1ZsIeq,Yonatan Goitía,49.8235294117647,17.0,29.8
2026-08-23,p_1ZsIeq,Yonatan Goitía,47.166666666666664,18.0,12.2
2026-08-29,p_1ZsIeq,Yonatan Goitía,49.36842105263158,19.0,24.2
2026-09-04,p_1ZsIeq,Yonatan Goitía,50.95,20.0,40.2
2026-09-14,p_1ZsIeq,Yonatan Goitía,52.80952380952381,21.0,57.2
2026-09-14,p_1ZsIeq,Yonatan Goitía,52.45454545454545,22.0,61.4
2026-01-23,p_1Zygll,Tomás Ezequiel Guidara,,0.0,
2026-01-29,p_1Zygll,Tomás Ezequiel Guidara,80.0,1.0,80.0
2026-02-04,p_1Zygll,Tomás Ezequiel Guidara,78.5,2.0,78.5
2026-02-09,p_1Zygll,Tomás Ezequiel Guidara,67.33333333333333,3.0,67.33333333333333
2026-02-13,p_1Zygll,Tomás Ezequiel Guidara,72.75,4.0,72.75
2026-03-05,p_1Zygll,Tomás Ezequiel Guidara,76.2,5.0,76.2
2026-03-13,p_1Zygll,Tomás Ezequiel Guidara,78.5,6.0,78.2
2026-03-17,p_1Zygll,Tomás Ezequiel Guidara,80.14285714285714,7.0,80.8
2026-03-21,p_1Zygll,Tomás Ezequiel Guidara,81.375,8.0,89.8
2026-03-27,p_1Zygll,Tomás Ezequiel Guidara,82.33333333333333,9.0,90.0
2026-04-01,p_1Zygll,Tomás Ezequiel Guidara,81.9,10.0,87.6
2026-04-13,p_1Zygll,Tomás Ezequiel Guidara,82.63636363636364,11.0,87.6
2026-04-21,p_1Zygll,Tomás Ezequiel Guidara,83.25,12.0,87.6
2026-04-24,p_1Zygll,Tomás Ezequiel Guidara,83.76923076923077,13.0,87.6
2026-05-10,p_1Zygll,Tomás Ezequiel Guidara,79.07142857142857,14.0,73.2
2026-08-03,p_1Zygll,Tomás Ezequiel Guidara,79.8,15.0,75.6
2026-08-12,p_1Zygll,Tomás Ezequiel Guidara,80.4375,16.0,75.6
2026-08-17,p_1Zygll,Tomás Ezequiel Guidara,81.0,17.0,75.6
2026-08-25,p_1Zygll,Tomás Ezequiel Guidara,81.16666666666667,18.0,74.4
2026-08-29,p_1Zygll,Tomás Ezequiel Guidara,81.63157894736842,19.0,88.8
2026-09-06,p_1Zygll,Tomás Ezequiel Guidara,82.05,20.0,88.8
2026-01-22,p_1aIUNj,Tomás Adoryán,,0.0,
2026-01-30,p_1aIUNj,Tomás Adoryán,67.0,1.0,67.0
2026-02-03,p_1aIUNj,Tomás Adoryán,67.5,2.0,67.5
2026-02-08,p_1aIUNj,Tomás Adoryán,63.666666666666664,3.0,63.666666666666664
2026-02-14,p_1aIUNj,Tomás Adoryán,55.0,4.0,55.0
2026-02-21,p_1aIUNj,Tomás Adoryán,46.6,5.0,46.6
2026-02-26,p_1aIUNj,Tomás Adoryán,46.333333333333336,6.0,42.2
2026-03-11,p_1aIUNj,Tomás Adoryán,44.285714285714285,7.0,35.0
2026-03-15,p_1aIUNj,Tomás Adoryán,44.375,8.0,32.8
2026-03-21,p_1aIUNj,Tomás Adoryán,48.0,9.0,42.4
2026-04-06,p_1aIUNj,Tomás Adoryán,46.4,10.0,46.2
2026-07-25,p_1aIUNj,Tomás Adoryán,49.27272727272727,11.0,52.8
2026-07-28,p_1aIUNj,Tomás Adoryán,47.833333333333336,12.0,52.8
2026-08-01,p_1aIUNj,Tomás Adoryán,50.53846153846154,13.0,60.4
2026-08-10,p_1aIUNj,Tomás Adoryán,52.785714285714285,14.0,61.4
2026-08-23,p_1aIUNj,Tomás Adoryán,52.266666666666666,15.0,64.0
2026-08-30,p_1aIUNj,Tomás Adoryán,53.4375,16.0,62.6
2026-09-05,p_1aIUNj,Tomás Adoryán,54.76470588235294,17.0,71.4
2026-09-14,p_1aIUNj,Tomás Adoryán,55.05555555555556,18.0,66.8
2026-09-14,p_1aIUNj,Tomás Adoryán,56.31578947368421,19.0,66.2
2026-08-09,p_1aIsbS,Gerónimo Patritti,,0.0,
2026-02-03,p_1aur1M,Julián Mavilla,,0.0,
2026-02-25,p_1aur1M,Julián Mavilla,4.0,1.0,4.0
2026-03-03,p_1aur1M,Julián Mavilla,25.5,2.0,25.5
2026-03-12,p_1aur1M,Julián Mavilla,32.0,3.0,32.0
2026-03-22,p_1aur1M,Julián Mavilla,36.5,4.0,36.5
2026-04-26,p_1aur1M,Julián Mavilla,44.2,5.0,44.2
2026-07-23,p_1aur1M,Julián Mavilla,44.333333333333336,6.0,52.4
2026-08-08,p_1aur1M,Julián Mavilla,38.857142857142854,7.0,44.2
2026-08-16,p_1aur1M,Julián Mavilla,44.0,8.0,51.2
2026-08-23,p_1aur1M,Julián Mavilla,47.44444444444444,9.0,56.2
2026-08-28,p_1aur1M,Julián Mavilla,49.5,10.0,54.8
2026-09-04,p_1aur1M,Julián Mavilla,53.09090909090909,11.0,63.6
2026-09-13,p_1aur1M,Julián Mavilla,55.5,12.0,78.8
2026-01-30,p_1b14GV,Tobias Leiva,,0.0,
2026-02-22,p_1b14GV,Tobias Leiva,13.0,1.0,13.0
2026-03-16,p_1b14GV,Tobias Leiva,23.0,2.0,23.0
2026-07-23,p_1bLNCG,Manuel Vicentini,,0.0,
2026-01-24,p_1bUOsk,Alexis Steimbach,,0.0,
2026-01-28,p_1bUOsk,Alexis Steimbach,90.0,1.0,90.0
2026-02-02,p_1bUOsk,Alexis Steimbach,90.0,2.0,90.0
2026-02-09,p_1bUOsk,Alexis Steimbach,90.0,3.0,90.0
2026-02-15,p_1bUOsk,Alexis Steimbach,90.0,4.0,90.0
2026-02-21,p_1bUOsk,Alexis Steimbach,90.0,5.0,90.0
2026-02-25,p_1bUOsk,Alexis Steimbach,90.0,6.0,90.0
2026-03-02,p_1bUOsk,Alexis Steimbach,90.0,7.0,90.0
2026-03-11,p_1bUOsk,Alexis Steimbach,90.0,8.0,90.0
2026-03-15,p_1bUOsk,Alexis Steimbach,90.0,9.0,90.0
2026-03-21,p_1bUOsk,Alexis Steimbach,90.0,10.0,90.0
2026-04-13,p_1bUOsk,Alexis Steimbach,90.0,11.0,90.0
2026-04-18,p_1bUOsk,Alexis Steimbach,90.0,12.0,90.0
2026-04-26,p_1bUOsk,Alexis Steimbach,89.07692307692308,13.0,87.6
2026-05-03,p_1bUOsk,Alexis Steimbach,89.14285714285714,14.0,87.6
2026-05-11,p_1bUOsk,Alexis Steimbach,89.2,15.0,87.6
2026-05-14,p_1bUOsk,Alexis Steimbach,89.25,16.0,87.6
2026-07-24,p_1bUOsk,Alexis Steimbach,89.29411764705883,17.0,87.6
2026-07-29,p_1bUOsk,Alexis Steimbach,84.88888888888889,18.0,74.0
2026-08-02,p_1bUOsk,Alexis Steimbach,85.15789473684211,19.0,74.0
2026-08-09,p_1bUOsk,Alexis Steimbach,85.4,20.0,74.0
2026-08-15,p_1bUOsk,Alexis Steimbach,85.61904761904762,21.0,74.0
2026-09-05,p_1bUOsk,Alexis Steimbach,83.31818181818181,22.0,63.0
2026-09-13,p_1bUOsk,Alexis Steimbach,80.26086956521739,23.0,63.6
2026-01-24,p_1baCzH,Valentín Depietri,,0.0,
2026-01-27,p_1baCzH,Valentín Depietri,16.0,1.0,16.0
2026-02-01,p_1baCzH,Valentín Depietri,22.0,2.0,22.0
2026-02-09,p_1baCzH,Valentín Depietri,40.333333333333336,3.0,40.333333333333336
2026-04-02,p_1baCzH,Valentín Depietri,43.0,4.0,43.0
2026-04-13,p_1baCzH,Valentín Depietri,37.4,5.0,37.4
2026-04-19,p_1baCzH,Valentín Depietri,34.833333333333336,6.0,38.6
2026-04-25,p_1baCzH,Valentín Depietri,32.57142857142857,7.0,36.8
2026-05-02,p_1baCzH,Valentín Depietri,34.125,8.0,30.4
2026-05-09,p_1baCzH,Valentín Depietri,37.666666666666664,9.0,33.4
2026-07-25,p_1baCzH,Valentín Depietri,38.4,10.0,39.4
2026-07-30,p_1baCzH,Valentín Depietri,38.0,11.0,41.8
2026-08-12,p_1baCzH,Valentín Depietri,36.583333333333336,12.0,42.2
2026-08-18,p_1baCzH,Valentín Depietri,34.84615384615385,13.0,36.0
2026-08-25,p_1baCzH,Valentín Depietri,38.785714285714285,14.0,40.8
2026-08-30,p_1baCzH,Valentín Depietri,41.666666666666664,15.0,48.2
2026-09-05,p_1baCzH,Valentín Depietri,44.0,16.0,57.2
2026-09-12,p_1baCzH,Valentín Depietri,45.411764705882355,17.0,66.6
2026-01-24,p_1bbvOc,Bruno Barticciotto,,0.0,
2026-02-14,p_1bbvOc,Bruno Barticciotto,24.0,1.0,24.0
2026-04-19,p_1bbvOc,Bruno Barticciotto,20.5,2.0,20.5
2026-07-30,p_1bbvOc,Bruno Barticciotto,17.333333333333332,3.0,17.333333333333332
2026-09-04,p_1bbvOc,Bruno Barticciotto,18.25,4.0,18.25
2026-09-14,p_1bbvOc,Bruno Barticciotto,19.0,5.0,19.0
2026-09-14,p_1bbvOc,Bruno Barticciotto,19.666666666666668,6.0,18.8
2026-02-03,p_1bvAtW,Juan Antonini,,0.0,
2026-02-10,p_1bvAtW,Juan Antonini,90.0,1.0,90.0
2026-02-15,p_1bvAtW,Juan Antonini,90.0,2.0,90.0
2026-02-22,p_1bvAtW,Juan Antonini,90.0,3.0,90.0
2026-02-26,p_1bvAtW,Juan Antonini,90.0,4.0,90.0
2026-03-03,p_1bvAtW,Juan Antonini,90.0,5.0,90.0
2026-03-22,p_1bvAtW,Juan Antonini,86.5,6.0,85.8
2026-04-04,p_1bvAtW,Juan Antonini,86.85714285714286,7.0,85.6
2026-04-12,p_1bvAtW,Juan Antonini,87.25,8.0,85.6
2026-04-18,p_1bvAtW,Juan Antonini,87.55555555555556,9.0,85.6
2026-04-24,p_1bvAtW,Juan Antonini,81.4,10.0,72.8
2026-08-29,p_1bvAtW,Juan Antonini,81.54545454545455,11.0,75.6
2026-09-04,p_1bvAtW,Juan Antonini,79.41666666666667,12.0,69.0
2026-09-15,p_1bvAtW,Juan Antonini,80.23076923076923,13.0,69.0
2026-09-15,p_1bvAtW,Juan Antonini,80.92857142857143,14.0,69.0
2026-05-03,p_1cMCZC,Lisandro Duarte,,0.0,
2026-01-26,p_1dEFgX,Jabes Saralegui,,0.0,
2026-01-29,p_1dEFgX,Jabes Saralegui,68.0,1.0,68.0
2026-02-02,p_1dEFgX,Jabes Saralegui,73.0,2.0,73.0
2026-02-25,p_1dEFgX,Jabes Saralegui,63.666666666666664,3.0,63.666666666666664
2026-03-02,p_1dEFgX,Jabes Saralegui,64.5,4.0,64.5
2026-04-12,p_1dEFgX,Jabes Saralegui,67.4,5.0,67.4
2026-04-21,p_1dEFgX,Jabes Saralegui,59.333333333333336,6.0,57.6
2026-04-25,p_1dEFgX,Jabes Saralegui,60.857142857142854,7.0,56.0
2026-05-03,p_1dEFgX,Jabes Saralegui,62.625,8.0,62.0
2026-08-01,p_1dEFgX,Jabes Saralegui,56.77777777777778,9.0,50.6
2026-08-06,p_1dEFgX,Jabes Saralegui,59.3,10.0,51.2
2026-08-08,p_1dEFgX,Jabes Saralegui,60.09090909090909,11.0,61.0
2026-08-15,p_1dEFgX,Jabes Saralegui,62.166666666666664,12.0,64.0
2026-08-24,p_1dEFgX,Jabes Saralegui,63.53846153846154,13.0,65.0
2026-09-01,p_1dEFgX,Jabes Saralegui,64.07142857142857,14.0,77.2
2026-09-05,p_1dEFgX,Jabes Saralegui,64.4,15.0,74.6
2026-09-13,p_1dEFgX,Jabes Saralegui,66.0,16.0,79.0
2026-01-26,p_1dEwbs,Yair Arismendi,,0.0,
2026-01-30,p_1dEwbs,Yair Arismendi,90.0,1.0,90.0
2026-02-04,p_1dEwbs,Yair Arismendi,90.0,2.0,90.0
2026-02-08,p_1dEwbs,Yair Arismendi,75.0,3.0,75.0
2026-02-14,p_1dEwbs,Yair Arismendi,78.75,4.0,78.75
2026-02-20,p_1dEwbs,Yair Arismendi,81.0,5.0,81.0
2026-02-26,p_1dEwbs,Yair Arismendi,76.33333333333333,6.0,73.6
2026-03-03,p_1dEwbs,Yair Arismendi,71.85714285714286,7.0,64.6
2026-03-15,p_1dEwbs,Yair Arismendi,66.0,8.0,60.6
2026-04-13,p_1dEwbs,Yair Arismendi,61.22222222222222,9.0,47.2
2026-01-23,p_1dhUli,Juan Pablo Pignani,,0.0,
2026-02-22,p_1dhUli,Juan Pablo Pignani,90.0,1.0,90.0
2026-02-24,p_1dhUli,Juan Pablo Pignani,54.5,2.0,54.5
2026-02-28,p_1dhUli,Juan Pablo Pignani,66.33333333333333,3.0,66.33333333333333
2026-03-12,p_1dhUli,Juan Pablo Pignani,72.25,4.0,72.25
2026-03-18,p_1dhUli,Juan Pablo Pignani,75.8,5.0,75.8
2026-03-23,p_1dhUli,Juan Pablo Pignani,78.16666666666667,6.0,75.8
2026-04-05,p_1dhUli,Juan Pablo Pignani,79.85714285714286,7.0,90.0
2026-01-27,p_1dtHf7,Lucas Carrizo,,0.0,
2026-02-01,p_1dtHf7,Lucas Carrizo,49.0,1.0,49.0
2026-02-08,p_1dtHf7,Lucas Carrizo,69.5,2.0,69.5
2026-02-14,p_1dtHf7,Lucas Carrizo,76.33333333333333,3.0,76.33333333333333
2026-02-21,p_1dtHf7,Lucas Carrizo,79.75,4.0,79.75
2026-02-26,p_1dtHf7,Lucas Carrizo,81.8,5.0,81.8
2026-03-03,p_1dtHf7,Lucas Carrizo,77.33333333333333,6.0,83.0
2026-03-13,p_1dtHf7,Lucas Carrizo,79.14285714285714,7.0,83.0
2026-04-12,p_1dtHf7,Lucas Carrizo,79.5,8.0,81.4
2026-04-21,p_1dtHf7,Lucas Carrizo,70.88888888888889,9.0,63.8
2026-04-28,p_1dtHf7,Lucas Carrizo,72.8,10.0,63.8
2026-05-03,p_1dtHf7,Lucas Carrizo,74.36363636363636,11.0,70.8
2026-05-09,p_1dtHf7,Lucas Carrizo,75.66666666666667,12.0,70.8
2026-05-13,p_1dtHf7,Lucas Carrizo,76.07692307692308,13.0,70.6
2026-08-04,p_1dtHf7,Lucas Carrizo,79.21428571428571,14.0,94.2
2026-08-09,p_1dtHf7,Lucas Carrizo,79.93333333333334,15.0,94.2
2026-08-15,p_1dtHf7,Lucas Carrizo,80.5625,16.0,94.2
2026-08-23,p_1dtHf7,Lucas Carrizo,81.11764705882354,17.0,94.2
2026-09-06,p_1dtHf7,Lucas Carrizo,81.61111111111111,18.0,96.0
2026-09-11,p_1dtHf7,Lucas Carrizo,82.05263157894737,19.0,90.0
2026-01-26,p_1eITB1,Renzo Bacchia,,0.0,
2026-01-30,p_1eITB1,Renzo Bacchia,90.0,1.0,90.0
2026-02-03,p_1eITB1,Renzo Bacchia,90.0,2.0,90.0
2026-02-10,p_1eITB1,Renzo Bacchia,90.0,3.0,90.0
2026-02-15,p_1eITB1,Renzo Bacchia,90.0,4.0,90.0
2026-02-02,p_1eezYL,Adolfo Gaich,,0.0,
2026-02-09,p_1eezYL,Adolfo Gaich,45.0,1.0,45.0
2026-02-25,p_1eezYL,Adolfo Gaich,34.0,2.0,34.0
2026-03-02,p_1eezYL,Adolfo Gaich,51.0,3.0,51.0
2026-03-13,p_1eezYL,Adolfo Gaich,39.0,4.0,39.0
2026-03-18,p_1eezYL,Adolfo Gaich,33.2,5.0,33.2
2026-03-23,p_1eezYL,Adolfo Gaich,28.666666666666668,6.0,25.4
2026-04-11,p_1eezYL,Adolfo Gaich,27.142857142857142,7.0,24.4
2026-04-25,p_1eezYL,Adolfo Gaich,32.875,8.0,22.0
2026-05-10,p_1eezYL,Adolfo Gaich,36.55555555555556,9.0,34.6
2026-08-08,p_1eezYL,Adolfo Gaich,34.0,10.0,34.8
2026-08-15,p_1eezYL,Adolfo Gaich,39.09090909090909,11.0,51.6
2026-08-31,p_1eezYL,Adolfo Gaich,40.916666666666664,12.0,60.2
2026-09-06,p_1eezYL,Adolfo Gaich,38.30769230769231,13.0,47.0
2026-09-12,p_1eezYL,Adolfo Gaich,40.214285714285715,14.0,46.8
2026-05-03,p_1etzwn,Lucas Ramos,,0.0,
2026-08-17,p_1etzwn,Lucas Ramos,77.0,1.0,77.0
2026-05-10,p_1f3gtx,Claudio Corvalan,,0.0,
2026-01-23,p_1fUvIv,Ezequiel Cerutti,,0.0,
2026-01-27,p_1fUvIv,Ezequiel Cerutti,79.0,1.0,79.0
2026-01-31,p_1fUvIv,Ezequiel Cerutti,74.0,2.0,74.0
2026-02-08,p_1fUvIv,Ezequiel Cerutti,76.33333333333333,3.0,76.33333333333333
2026-02-14,p_1fUvIv,Ezequiel Cerutti,74.75,4.0,74.75
2026-02-22,p_1fUvIv,Ezequiel Cerutti,75.8,5.0,75.8
2026-03-11,p_1fUvIv,Ezequiel Cerutti,67.5,6.0,65.2
2026-01-28,p_1fdtGl,Leonel Di Plácido,,0.0,
2026-02-01,p_1fdtGl,Leonel Di Plácido,90.0,1.0,90.0
2026-02-08,p_1fdtGl,Leonel Di Plácido,90.0,2.0,90.0
2026-02-15,p_1fdtGl,Leonel Di Plácido,88.33333333333333,3.0,88.33333333333333
2026-02-20,p_1fdtGl,Leonel Di Plácido,88.75,4.0,88.75
2026-02-25,p_1fdtGl,Leonel Di Plácido,84.0,5.0,84.0
2026-03-04,p_1fdtGl,Leonel Di Plácido,81.33333333333333,6.0,79.6
2026-07-26,p_1fdtGl,Leonel Di Plácido,82.57142857142857,7.0,79.6
2026-08-08,p_1fdtGl,Leonel Di Plácido,74.875,8.0,66.8
2026-08-17,p_1fdtGl,Leonel Di Plácido,67.55555555555556,9.0,50.6
2026-08-22,p_1fdtGl,Leonel Di Plácido,69.8,10.0,55.6
2026-08-30,p_1fdtGl,Leonel Di Plácido,71.63636363636364,11.0,60.0
2026-09-07,p_1fdtGl,Leonel Di Plácido,73.16666666666667,12.0,60.0
2026-09-12,p_1fdtGl,Leonel Di Plácido,74.46153846153847,13.0,73.8
2026-02-13,p_1g7DRY,Juan Carlos Portillo,,0.0,
2026-01-22,p_1h4yOi,Julián Palacios,,0.0,
2026-01-29,p_1h4yOi,Julián Palacios,79.0,1.0,79.0
2026-02-03,p_1h4yOi,Julián Palacios,80.0,2.0,80.0
2026-02-07,p_1h4yOi,Julián Palacios,75.33333333333333,3.0,75.33333333333333
2026-02-14,p_1h4yOi,Julián Palacios,74.5,4.0,74.5
2026-02-23,p_1h4yOi,Julián Palacios,77.2,5.0,77.2
2026-02-26,p_1h4yOi,Julián Palacios,75.0,6.0,74.2
2026-03-01,p_1h4yOi,Julián Palacios,74.28571428571429,7.0,72.0
2026-03-10,p_1h4yOi,Julián Palacios,73.25,8.0,72.0
2026-03-16,p_1h4yOi,Julián Palacios,73.0,9.0,71.8
2026-04-03,p_1h4yOi,Julián Palacios,74.1,10.0,71.0
2026-04-11,p_1h4yOi,Julián Palacios,74.81818181818181,11.0,74.6
2026-04-17,p_1h4yOi,Julián Palacios,75.91666666666667,12.0,78.2
2026-04-27,p_1h4yOi,Julián Palacios,77.0,13.0,83.0
2026-05-02,p_1h4yOi,Julián Palacios,77.71428571428571,14.0,86.2
2026-05-10,p_1h4yOi,Julián Palacios,78.53333333333333,15.0,87.4
2026-05-12,p_1h4yOi,Julián Palacios,78.6875,16.0,87.2
2026-07-25,p_1h4yOi,Julián Palacios,79.3529411764706,17.0,87.6
2026-08-01,p_1h4yOi,Julián Palacios,79.94444444444444,18.0,87.6
2026-08-06,p_1h4yOi,Julián Palacios,80.47368421052632,19.0,88.2
2026-08-11,p_1h4yOi,Julián Palacios,80.6,20.0,86.8
2026-08-15,p_1h4yOi,Julián Palacios,81.04761904761905,21.0,88.6
2026-08-21,p_1h4yOi,Julián Palacios,81.45454545454545,22.0,88.6
2026-09-12,p_1h4yOi,Julián Palacios,81.6086956521739,23.0,87.6
2026-02-20,p_1hS0Fx,Ramiro Tulián,,0.0,
2026-02-25,p_1hS0Fx,Ramiro Tulián,5.0,1.0,5.0
2026-05-03,p_1hS0Fx,Ramiro Tulián,6.5,2.0,6.5
2026-08-01,p_1hS0Fx,Ramiro Tulián,12.666666666666666,3.0,12.666666666666666
2026-08-06,p_1hS0Fx,Ramiro Tulián,10.75,4.0,10.75
2026-08-23,p_1hS0Fx,Ramiro Tulián,11.0,5.0,11.0
2026-01-26,p_1hfCZH,Santiago López,,0.0,
2026-01-29,p_1hfCZH,Santiago López,23.0,1.0,23.0
2026-02-07,p_1hfCZH,Santiago López,17.5,2.0,17.5
2026-02-12,p_1hfCZH,Santiago López,15.0,3.0,15.0
2026-02-22,p_1hfCZH,Santiago López,16.0,4.0,16.0
2026-02-25,p_1hfCZH,Santiago López,30.0,5.0,30.0
2026-03-02,p_1hfCZH,Santiago López,37.166666666666664,6.0,40.0
2026-03-10,p_1hfCZH,Santiago López,43.142857142857146,7.0,53.4
2026-03-16,p_1hfCZH,Santiago López,47.875,8.0,67.6
2026-03-21,p_1hfCZH,Santiago López,52.55555555555556,9.0,81.8
2026-04-02,p_1hfCZH,Santiago López,56.3,10.0,82.6
2026-04-12,p_1hfCZH,Santiago López,58.36363636363637,11.0,83.8
2026-04-21,p_1hfCZH,Santiago López,60.916666666666664,12.0,85.8
2026-04-25,p_1hfCZH,Santiago López,58.61538461538461,13.0,75.8
2026-05-03,p_1hfCZH,Santiago López,58.642857142857146,14.0,69.6
2026-07-25,p_1hfCZH,Santiago López,60.06666666666667,15.0,67.6
2026-08-01,p_1hfCZH,Santiago López,57.125,16.0,54.4
2026-08-06,p_1hfCZH,Santiago López,59.05882352941177,17.0,54.6
2026-08-08,p_1hfCZH,Santiago López,60.77777777777778,18.0,66.4
2026-08-15,p_1hfCZH,Santiago López,62.05263157894737,19.0,71.6
2026-08-24,p_1hfCZH,Santiago López,61.9,20.0,67.4
2026-09-01,p_1hfCZH,Santiago López,62.333333333333336,21.0,79.0
2026-09-05,p_1hfCZH,Santiago López,62.63636363636363,22.0,74.8
2026-09-13,p_1hfCZH,Santiago López,61.869565217391305,23.0,65.8
2026-01-25,p_1hr765,Juan Velázquez,,0.0,
2026-01-29,p_1hr765,Juan Velázquez,83.0,1.0,83.0
2026-03-12,p_1hr765,Juan Velázquez,77.5,2.0,77.5
2026-03-15,p_1hr765,Juan Velázquez,78.0,3.0,78.0
2026-03-22,p_1hr765,Juan Velázquez,72.75,4.0,72.75
2026-04-05,p_1hr765,Juan Velázquez,61.2,5.0,61.2
2026-04-11,p_1hr765,Juan Velázquez,54.833333333333336,6.0,49.2
2026-05-09,p_1hr765,Juan Velázquez,52.857142857142854,7.0,43.0
2026-05-24,p_1hr765,Juan Velázquez,48.375,8.0,30.6
2026-07-23,p_1hr765,Juan Velázquez,50.0,9.0,31.8
2026-08-10,p_1hr765,Juan Velázquez,51.8,10.0,42.4
2026-08-15,p_1hr765,Juan Velázquez,54.18181818181818,11.0,53.4
2026-08-23,p_1hr765,Juan Velázquez,57.166666666666664,12.0,63.2
2026-08-30,p_1hr765,Juan Velázquez,56.23076923076923,13.0,68.8
2026-09-04,p_1hr765,Juan Velázquez,53.142857142857146,14.0,58.8
2026-01-30,p_1hrtDH,Facundo Alaggia,,0.0,
2026-03-22,p_1hrtDH,Facundo Alaggia,26.0,1.0,26.0
2026-04-02,p_1hrtDH,Facundo Alaggia,13.5,2.0,13.5
2026-04-19,p_1hrtDH,Facundo Alaggia,12.0,3.0,12.0
2026-02-25,p_1iFHLw,Lautaro Petruchi,,0.0,
2026-02-28,p_1iFHLw,Lautaro Petruchi,90.0,1.0,90.0
2026-03-22,p_1iOyfJ,Nicolás Pasquini,,0.0,
2026-04-02,p_1iOyfJ,Nicolás Pasquini,89.0,1.0,89.0
2026-04-13,p_1iOyfJ,Nicolás Pasquini,89.5,2.0,89.5
2026-04-19,p_1iOyfJ,Nicolás Pasquini,62.333333333333336,3.0,62.333333333333336
2026-04-25,p_1iOyfJ,Nicolás Pasquini,64.5,4.0,64.5
2026-05-03,p_1iOyfJ,Nicolás Pasquini,69.6,5.0,69.6
2026-09-13,p_1iOyfJ,Nicolás Pasquini,73.0,6.0,69.8
2026-01-31,p_1iV802,Mauricio Cardillo,,0.0,
2026-02-08,p_1iV802,Mauricio Cardillo,9.0,1.0,9.0
2026-02-14,p_1iV802,Mauricio Cardillo,9.5,2.0,9.5
2026-02-24,p_1iV802,Mauricio Cardillo,9.666666666666666,3.0,9.666666666666666
2026-03-01,p_1iV802,Mauricio Cardillo,29.25,4.0,29.25
2026-03-16,p_1iV802,Mauricio Cardillo,34.8,5.0,34.8
2026-03-25,p_1iV802,Mauricio Cardillo,31.0,6.0,35.4
2026-07-26,p_1iV802,Mauricio Cardillo,31.714285714285715,7.0,40.6
2026-08-04,p_1iV802,Mauricio Cardillo,33.375,8.0,47.6
2026-01-23,p_1iogLn,Fermín Antonini,,0.0,
2026-02-03,p_1iogLn,Fermín Antonini,55.0,1.0,55.0
2026-02-21,p_1iogLn,Fermín Antonini,32.5,2.0,32.5
2026-02-25,p_1iogLn,Fermín Antonini,36.666666666666664,3.0,36.666666666666664
2026-02-28,p_1iogLn,Fermín Antonini,45.5,4.0,45.5
2026-03-12,p_1iogLn,Fermín Antonini,49.0,5.0,49.0
2026-03-18,p_1iogLn,Fermín Antonini,55.833333333333336,6.0,56.0
2026-03-21,p_1iogLn,Fermín Antonini,60.714285714285715,7.0,72.0
2026-04-12,p_1iogLn,Fermín Antonini,58.75,8.0,72.0
2026-04-21,p_1iogLn,Fermín Antonini,60.111111111111114,9.0,71.8
2026-04-26,p_1iogLn,Fermín Antonini,61.6,10.0,74.2
2026-05-04,p_1iogLn,Fermín Antonini,61.0,11.0,67.2
2026-07-24,p_1iogLn,Fermín Antonini,63.416666666666664,12.0,67.2
2026-07-28,p_1iogLn,Fermín Antonini,64.84615384615384,13.0,74.6
2026-08-01,p_1iogLn,Fermín Antonini,66.64285714285714,14.0,78.4
2026-08-09,p_1iogLn,Fermín Antonini,67.26666666666667,15.0,78.6
2026-08-18,p_1iogLn,Fermín Antonini,68.6875,16.0,85.6
2026-08-22,p_1iogLn,Fermín Antonini,69.52941176470588,17.0,84.2
2026-08-30,p_1iogLn,Fermín Antonini,69.77777777777777,18.0,82.6
2026-09-05,p_1iogLn,Fermín Antonini,70.26315789473684,19.0,80.4
2026-09-11,p_1iogLn,Fermín Antonini,70.75,20.0,81.2
2026-01-31,p_1j4h24,Alan Daian Laprida,,0.0,
2026-02-07,p_1j4h24,Alan Daian Laprida,27.0,1.0,27.0
2026-02-16,p_1j4h24,Alan Daian Laprida,22.5,2.0,22.5
2026-02-22,p_1j4h24,Alan Daian Laprida,43.666666666666664,3.0,43.666666666666664
2026-02-24,p_1j4h24,Alan Daian Laprida,50.5,4.0,50.5
2026-02-28,p_1j4h24,Alan Daian Laprida,52.8,5.0,52.8
2026-04-05,p_1j4h24,Alan Daian Laprida,46.666666666666664,6.0,50.6
2026-04-14,p_1j4h24,Alan Daian Laprida,46.42857142857143,7.0,56.0
2026-07-24,p_1j4h24,Alan Daian Laprida,46.25,8.0,47.8
2026-08-24,p_1j4h24,Alan Daian Laprida,43.333333333333336,9.0,37.6
2026-09-06,p_1j4h24,Alan Daian Laprida,39.7,10.0,26.6
2026-08-02,p_1jWnXm,Lucas Lamella,,0.0,
2026-01-23,p_1k9Cqy,Braian Romero,,0.0,
2026-01-27,p_1k9Cqy,Braian Romero,86.0,1.0,86.0
2026-02-22,p_1k9Cqy,Braian Romero,86.5,2.0,86.5
2026-03-02,p_1k9Cqy,Braian Romero,66.33333333333333,3.0,66.33333333333333
2026-03-10,p_1k9Cqy,Braian Romero,50.0,4.0,50.0
2026-03-14,p_1k9Cqy,Braian Romero,45.4,5.0,45.4
2026-03-21,p_1k9Cqy,Braian Romero,39.666666666666664,6.0,30.4
2026-04-03,p_1k9Cqy,Braian Romero,35.714285714285715,7.0,15.4
2026-04-14,p_1k9Cqy,Braian Romero,31.375,8.0,10.4
2026-04-27,p_1k9Cqy,Braian Romero,29.666666666666668,9.0,13.4
2026-02-14,p_1lW6rS,Alexis Gonzalez,,0.0,
2026-04-02,p_1lW6rS,Alexis Gonzalez,11.0,1.0,11.0
2026-01-25,p_1lrNAx,Lautaro Gutierrez,,0.0,
2026-01-29,p_1lrNAx,Lautaro Gutierrez,7.0,1.0,7.0
2026-02-03,p_1lrNAx,Lautaro Gutierrez,12.5,2.0,12.5
2026-02-08,p_1lrNAx,Lautaro Gutierrez,18.333333333333332,3.0,18.333333333333332
2026-03-03,p_1lrNAx,Lautaro Gutierrez,20.75,4.0,20.75
2026-03-12,p_1lrNAx,Lautaro Gutierrez,21.0,5.0,21.0
2026-03-15,p_1lrNAx,Lautaro Gutierrez,19.5,6.0,22.0
2026-03-22,p_1lrNAx,Lautaro Gutierrez,19.857142857142858,7.0,22.8
2026-04-05,p_1lrNAx,Lautaro Gutierrez,21.125,8.0,22.8
2026-04-11,p_1lrNAx,Lautaro Gutierrez,21.333333333333332,9.0,21.8
2026-04-20,p_1lrNAx,Lautaro Gutierrez,28.2,10.0,35.4
2026-04-26,p_1lrNAx,Lautaro Gutierrez,27.727272727272727,11.0,37.6
2026-05-12,p_1lrNAx,Lautaro Gutierrez,31.916666666666668,12.0,48.8
2026-05-17,p_1lrNAx,Lautaro Gutierrez,31.76923076923077,13.0,48.8
2026-08-01,p_1lrNAx,Lautaro Gutierrez,29.714285714285715,14.0,44.8
2026-08-10,p_1lrNAx,Lautaro Gutierrez,27.933333333333334,15.0,27.4
2026-08-23,p_1lrNAx,Lautaro Gutierrez,27.1875,16.0,26.0
2026-09-13,p_1lrNAx,Lautaro Gutierrez,26.235294117647058,17.0,12.6
2026-02-02,p_1lykSO,Gaspar Duarte,,0.0,
2026-02-07,p_1lykSO,Gaspar Duarte,45.0,1.0,45.0
2026-02-25,p_1lykSO,Gaspar Duarte,45.0,2.0,45.0
2026-03-01,p_1lykSO,Gaspar Duarte,36.666666666666664,3.0,36.666666666666664
2026-03-11,p_1lykSO,Gaspar Duarte,31.25,4.0,31.25
2026-03-15,p_1lykSO,Gaspar Duarte,29.8,5.0,29.8
2026-03-23,p_1lykSO,Gaspar Duarte,35.0,6.0,33.0
2026-04-05,p_1lykSO,Gaspar Duarte,34.0,7.0,29.6
2026-04-12,p_1lykSO,Gaspar Duarte,38.25,8.0,39.2
2026-04-19,p_1lykSO,Gaspar Duarte,40.55555555555556,9.0,48.0
2026-04-24,p_1lykSO,Gaspar Duarte,37.9,10.0,46.0
2026-09-13,p_1lykSO,Gaspar Duarte,37.54545454545455,11.0,40.6
2026-02-01,p_1mCeKO,Ignacio Ramírez,,0.0,
2026-02-08,p_1mCeKO,Ignacio Ramírez,19.0,1.0,19.0
2026-02-16,p_1mCeKO,Ignacio Ramírez,11.5,2.0,11.5
2026-02-21,p_1mCeKO,Ignacio Ramírez,27.666666666666668,3.0,27.666666666666668
2026-03-01,p_1mCeKO,Ignacio Ramírez,43.25,4.0,43.25
2026-03-11,p_1mCeKO,Ignacio Ramírez,47.8,5.0,47.8
2026-03-17,p_1mCeKO,Ignacio Ramírez,50.333333333333336,6.0,56.6
2026-04-17,p_1mCeKO,Ignacio Ramírez,56.0,7.0,73.8
2026-04-26,p_1mCeKO,Ignacio Ramírez,50.75,8.0,64.6
2026-05-04,p_1mCeKO,Ignacio Ramírez,46.22222222222222,9.0,48.6
2026-07-25,p_1mCeKO,Ignacio Ramírez,46.1,10.0,44.4
2026-07-31,p_1mCeKO,Ignacio Ramírez,43.18181818181818,11.0,34.6
2026-08-02,p_1mCeKO,Ignacio Ramírez,45.333333333333336,12.0,30.4
2026-08-09,p_1mCeKO,Ignacio Ramírez,43.69230769230769,13.0,32.4
2026-08-15,p_1mCeKO,Ignacio Ramírez,45.642857142857146,14.0,44.6
2026-08-23,p_1mCeKO,Ignacio Ramírez,46.86666666666667,15.0,48.4
2026-09-06,p_1mCeKO,Ignacio Ramírez,46.75,16.0,54.6
2026-09-11,p_1mCeKO,Ignacio Ramírez,44.588235294117645,17.0,42.8
2026-02-03,p_1mCr0i,Agustín Módica,,0.0,
2026-02-09,p_1mCr0i,Agustín Módica,56.0,1.0,56.0
2026-02-14,p_1mCr0i,Agustín Módica,60.5,2.0,60.5
2026-02-21,p_1mCr0i,Agustín Módica,62.333333333333336,3.0,62.333333333333336
2026-02-28,p_1mCr0i,Agustín Módica,69.25,4.0,69.25
2026-03-12,p_1mCr0i,Agustín Módica,64.4,5.0,64.4
2026-03-18,p_1mCr0i,Agustín Módica,61.166666666666664,6.0,62.2
2026-03-21,p_1mCr0i,Agustín Módica,61.57142857142857,7.0,62.0
2026-04-03,p_1mCr0i,Agustín Módica,64.125,8.0,65.2
2026-04-12,p_1mCr0i,Agustín Módica,66.33333333333333,9.0,64.0
2026-04-21,p_1mCr0i,Agustín Módica,68.7,10.0,73.0
2026-04-26,p_1mCr0i,Agustín Módica,69.63636363636364,11.0,79.8
2026-05-04,p_1mCr0i,Agustín Módica,70.83333333333333,12.0,83.8
2026-07-24,p_1mCr0i,Agustín Módica,67.53846153846153,13.0,73.0
2026-07-28,p_1mCr0i,Agustín Módica,68.64285714285714,14.0,72.8
2026-08-01,p_1mCr0i,Agustín Módica,68.73333333333333,15.0,68.8
2026-08-09,p_1mCr0i,Agustín Módica,69.4375,16.0,69.0
2026-08-18,p_1mCr0i,Agustín Módica,70.6470588235294,17.0,70.2
2026-08-22,p_1mCr0i,Agustín Módica,71.27777777777777,18.0,81.0
2026-08-30,p_1mCr0i,Agustín Módica,72.26315789473684,19.0,82.4
2026-09-11,p_1mCr0i,Agustín Módica,71.9,20.0,81.4
2026-01-23,p_1mwRpu,Emanuel Mammana,,0.0,
2026-01-27,p_1mwRpu,Emanuel Mammana,1.0,1.0,1.0
2026-01-31,p_1mwRpu,Emanuel Mammana,2.0,2.0,2.0
2026-02-09,p_1mwRpu,Emanuel Mammana,31.333333333333332,3.0,31.333333333333332
2026-02-14,p_1mwRpu,Emanuel Mammana,46.0,4.0,46.0
2026-02-22,p_1mwRpu,Emanuel Mammana,54.8,5.0,54.8
2026-02-25,p_1mwRpu,Emanuel Mammana,60.666666666666664,6.0,72.6
2026-03-02,p_1mwRpu,Emanuel Mammana,64.85714285714286,7.0,90.0
2026-03-10,p_1mwRpu,Emanuel Mammana,68.0,8.0,90.0
2026-03-14,p_1mwRpu,Emanuel Mammana,70.44444444444444,9.0,90.0
2026-03-21,p_1mwRpu,Emanuel Mammana,72.4,10.0,90.0
2026-04-03,p_1mwRpu,Emanuel Mammana,73.63636363636364,11.0,89.2
2026-04-14,p_1mwRpu,Emanuel Mammana,75.0,12.0,89.2
2026-04-20,p_1mwRpu,Emanuel Mammana,76.15384615384616,13.0,89.2
2026-04-27,p_1mwRpu,Emanuel Mammana,77.14285714285714,14.0,89.2
2026-05-04,p_1mwRpu,Emanuel Mammana,78.0,15.0,89.2
2026-05-11,p_1mwRpu,Emanuel Mammana,78.75,16.0,90.0
2026-07-30,p_1mwRpu,Emanuel Mammana,79.41176470588235,17.0,90.0
2026-08-08,p_1mwRpu,Emanuel Mammana,75.22222222222223,18.0,72.8
2026-08-29,p_1mwRpu,Emanuel Mammana,76.0,19.0,72.8
2026-09-06,p_1mwRpu,Emanuel Mammana,76.7,20.0,72.8
2026-09-11,p_1mwRpu,Emanuel Mammana,77.33333333333333,21.0,72.8
2026-02-08,p_1nfVbw,Gonzalo Zelarayán,,0.0,
2026-03-12,p_1nfVbw,Gonzalo Zelarayán,3.0,1.0,3.0
2026-08-10,p_1nfVbw,Gonzalo Zelarayán,7.0,2.0,7.0
2026-01-23,p_1nyNwE,Diego Herazo,,0.0,
2026-01-27,p_1nyNwE,Diego Herazo,11.0,1.0,11.0
2026-02-08,p_1nyNwE,Diego Herazo,16.0,2.0,16.0
2026-02-24,p_1nyNwE,Diego Herazo,17.333333333333332,3.0,17.333333333333332
2026-04-20,p_1nyNwE,Diego Herazo,16.5,4.0,16.5
2026-04-25,p_1nyNwE,Diego Herazo,14.2,5.0,14.2
2026-05-02,p_1nyNwE,Diego Herazo,12.5,6.0,12.8
2026-05-10,p_1nyNwE,Diego Herazo,12.0,7.0,10.4
2026-08-04,p_1nyNwE,Diego Herazo,14.75,8.0,13.2
2026-02-02,p_1o2WFf,Jeremías Merlo,,0.0,
2026-02-09,p_1o2WFf,Jeremías Merlo,64.0,1.0,64.0
2026-02-25,p_1o2WFf,Jeremías Merlo,54.5,2.0,54.5
2026-03-11,p_1o2WFf,Jeremías Merlo,39.333333333333336,3.0,39.333333333333336
2026-07-24,p_1o2WFf,Jeremías Merlo,31.5,4.0,31.5
2026-07-29,p_1o2WFf,Jeremías Merlo,27.2,5.0,27.2
2026-08-02,p_1o2WFf,Jeremías Merlo,33.5,6.0,27.4
2026-01-23,p_1oAIvS,Matías Recalde,,0.0,
2026-01-27,p_1oAIvS,Matías Recalde,7.0,1.0,7.0
2026-02-03,p_1oAIvS,Matías Recalde,4.5,2.0,4.5
2026-02-09,p_1oAIvS,Matías Recalde,21.666666666666668,3.0,21.666666666666668
2026-02-14,p_1oAIvS,Matías Recalde,38.75,4.0,38.75
2026-02-25,p_1oAIvS,Matías Recalde,49.0,5.0,49.0
2026-02-28,p_1oAIvS,Matías Recalde,43.833333333333336,6.0,51.2
2026-03-21,p_1oAIvS,Matías Recalde,39.42857142857143,7.0,53.4
2026-04-12,p_1oAIvS,Matías Recalde,38.875,8.0,49.2
2026-04-26,p_1oAIvS,Matías Recalde,37.111111111111114,9.0,35.8
2026-05-04,p_1oAIvS,Matías Recalde,36.0,10.0,23.0
2026-07-24,p_1oAIvS,Matías Recalde,40.90909090909091,11.0,37.4
2026-07-28,p_1oAIvS,Matías Recalde,45.0,12.0,52.8
2026-08-01,p_1oAIvS,Matías Recalde,48.46153846153846,13.0,63.8
2026-08-09,p_1oAIvS,Matías Recalde,51.42857142857143,14.0,77.2
2026-08-18,p_1oAIvS,Matías Recalde,54.0,15.0,90.0
2026-08-22,p_1oAIvS,Matías Recalde,56.25,16.0,90.0
2026-08-30,p_1oAIvS,Matías Recalde,58.23529411764706,17.0,90.0
2026-09-05,p_1oAIvS,Matías Recalde,60.0,18.0,90.0
2026-09-11,p_1oAIvS,Matías Recalde,61.578947368421055,19.0,90.0
2026-07-24,p_1ocr4B,Jonás Cabrera,,0.0,
2026-05-03,p_1p2Z98,Matías Salvo,,0.0,
2026-01-29,p_1pc7aP,Leonardo Landriel,,0.0,
2026-02-09,p_1pc7aP,Leonardo Landriel,13.0,1.0,13.0
2026-02-04,p_1pyxN1,Dylan Aquino,,0.0,
2026-02-09,p_1pyxN1,Dylan Aquino,45.0,1.0,45.0
2026-02-13,p_1pyxN1,Dylan Aquino,34.0,2.0,34.0
2026-03-02,p_1pyxN1,Dylan Aquino,31.0,3.0,31.0
2026-03-05,p_1pyxN1,Dylan Aquino,37.75,4.0,37.75
2026-03-13,p_1pyxN1,Dylan Aquino,39.2,5.0,39.2
2026-03-17,p_1pyxN1,Dylan Aquino,36.5,6.0,34.8
2026-03-21,p_1pyxN1,Dylan Aquino,40.142857142857146,7.0,42.6
2026-04-13,p_1pyxN1,Dylan Aquino,39.0,8.0,43.8
2026-04-21,p_1pyxN1,Dylan Aquino,36.333333333333336,9.0,35.2
2026-04-24,p_1pyxN1,Dylan Aquino,35.4,10.0,31.6
2026-05-02,p_1pyxN1,Dylan Aquino,34.45454545454545,11.0,32.0
2026-05-10,p_1pyxN1,Dylan Aquino,37.25,12.0,33.2
2026-07-26,p_1pyxN1,Dylan Aquino,39.30769230769231,13.0,39.8
2026-08-03,p_1pyxN1,Dylan Aquino,38.5,14.0,42.4
2026-08-06,p_1pyxN1,Dylan Aquino,37.86666666666667,15.0,42.8
2026-08-12,p_1pyxN1,Dylan Aquino,36.6875,16.0,41.6
2026-08-17,p_1pyxN1,Dylan Aquino,39.294117647058826,17.0,44.2
2026-08-25,p_1pyxN1,Dylan Aquino,41.833333333333336,18.0,48.4
2026-08-29,p_1pyxN1,Dylan Aquino,43.421052631578945,19.0,57.2
2026-01-23,p_1qCu0J,Fernando Alarcón,,0.0,
2026-01-26,p_1qCu0J,Fernando Alarcón,90.0,1.0,90.0
2026-02-16,p_1qCu0J,Fernando Alarcón,67.5,2.0,67.5
2026-02-20,p_1qCu0J,Fernando Alarcón,75.0,3.0,75.0
2026-02-24,p_1qCu0J,Fernando Alarcón,78.75,4.0,78.75
2026-03-01,p_1qCu0J,Fernando Alarcón,81.0,5.0,81.0
2026-03-12,p_1qCu0J,Fernando Alarcón,82.5,6.0,81.0
2026-03-17,p_1qCu0J,Fernando Alarcón,83.57142857142857,7.0,90.0
2026-03-22,p_1qCu0J,Fernando Alarcón,84.375,8.0,90.0
2026-04-07,p_1qCu0J,Fernando Alarcón,85.0,9.0,90.0
2026-04-11,p_1qCu0J,Fernando Alarcón,85.5,10.0,90.0
2026-04-18,p_1qCu0J,Fernando Alarcón,85.9090909090909,11.0,90.0
2026-05-05,p_1qCu0J,Fernando Alarcón,86.25,12.0,90.0
2026-07-24,p_1qCu0J,Fernando Alarcón,86.53846153846153,13.0,90.0
2026-07-30,p_1qCu0J,Fernando Alarcón,86.78571428571429,14.0,90.0
2026-08-03,p_1qCu0J,Fernando Alarcón,87.0,15.0,90.0
2026-08-09,p_1qCu0J,Fernando Alarcón,84.375,16.0,81.0
2026-08-16,p_1qCu0J,Fernando Alarcón,84.70588235294117,17.0,81.0
2026-08-22,p_1qCu0J,Fernando Alarcón,85.0,18.0,81.0
2026-09-01,p_1qCu0J,Fernando Alarcón,85.26315789473684,19.0,81.0
2026-09-08,p_1qCu0J,Fernando Alarcón,85.5,20.0,81.0
2026-09-15,p_1qCu0J,Fernando Alarcón,85.71428571428571,21.0,90.0
2026-09-15,p_1qCu0J,Fernando Alarcón,84.22727272727273,22.0,82.6
2026-04-05,p_1qKkWG,Lautaro Pereyra,,0.0,
2026-04-26,p_1qKkWG,Lautaro Pereyra,6.0,1.0,6.0
2026-05-03,p_1qKkWG,Lautaro Pereyra,8.0,2.0,8.0
2026-07-25,p_1qKkWG,Lautaro Pereyra,20.333333333333332,3.0,20.333333333333332
2026-07-29,p_1qKkWG,Lautaro Pereyra,26.5,4.0,26.5
2026-08-02,p_1qKkWG,Lautaro Pereyra,23.0,5.0,23.0
2026-08-08,p_1qKkWG,Lautaro Pereyra,26.666666666666668,6.0,30.8
2026-08-23,p_1qKkWG,Lautaro Pereyra,23.571428571428573,7.0,29.8
2026-07-24,p_1qZR7t,Lautaro Díaz,,0.0,
2026-07-29,p_1qZR7t,Lautaro Díaz,45.0,1.0,45.0
2026-08-01,p_1qZR7t,Lautaro Díaz,61.5,2.0,61.5
2026-08-09,p_1qZR7t,Lautaro Díaz,66.33333333333333,3.0,66.33333333333333
2026-08-14,p_1qZR7t,Lautaro Díaz,70.25,4.0,70.25
2026-09-07,p_1qZR7t,Lautaro Díaz,61.4,5.0,61.4
2026-09-14,p_1qZR7t,Lautaro Díaz,64.66666666666667,6.0,68.6
2026-09-14,p_1qZR7t,Lautaro Díaz,67.14285714285714,7.0,69.4
2026-08-04,p_1qfgXN,Nahuel Arias,,0.0,
2026-08-08,p_1sL1oM,Joaquín Rivero,,0.0,
2026-04-12,p_1tAEiS,Gonzalo Sosa,,0.0,
2026-04-19,p_1tAEiS,Gonzalo Sosa,31.0,1.0,31.0
2026-05-03,p_1tAEiS,Gonzalo Sosa,38.0,2.0,38.0
2026-03-21,p_1tL0oC,Gonzalo Errecalde,,0.0,
2026-04-05,p_1tL0oC,Gonzalo Errecalde,60.0,1.0,60.0
2026-05-11,p_1tL0oC,Gonzalo Errecalde,75.0,2.0,75.0
2026-07-24,p_1tL0oC,Gonzalo Errecalde,50.666666666666664,3.0,50.666666666666664
2026-02-10,p_1twCUH,Ramon Abila,,0.0,
2026-02-15,p_1twCUH,Ramon Abila,20.0,1.0,20.0
2026-02-22,p_1twCUH,Ramon Abila,24.5,2.0,24.5
2026-03-03,p_1twCUH,Ramon Abila,20.333333333333332,3.0,20.333333333333332
2026-03-12,p_1twCUH,Ramon Abila,26.5,4.0,26.5
2026-03-16,p_1twCUH,Ramon Abila,23.0,5.0,23.0
2026-03-22,p_1twCUH,Ramon Abila,30.166666666666668,6.0,32.2
2026-04-12,p_1twCUH,Ramon Abila,26.0,7.0,26.6
2026-01-22,p_1u5P1L,César Ibáñez,,0.0,
2026-01-27,p_1u5P1L,César Ibáñez,19.0,1.0,19.0
2026-02-01,p_1u5P1L,César Ibáñez,50.5,2.0,50.5
2026-02-08,p_1u5P1L,César Ibáñez,57.333333333333336,3.0,57.333333333333336
2026-02-14,p_1u5P1L,César Ibáñez,65.5,4.0,65.5
2026-02-21,p_1u5P1L,César Ibáñez,70.4,5.0,70.4
2026-03-03,p_1u5P1L,César Ibáñez,66.66666666666667,6.0,76.2
2026-03-13,p_1u5P1L,César Ibáñez,70.0,7.0,77.8
2026-03-16,p_1u5P1L,César Ibáñez,72.5,8.0,81.6
2026-03-24,p_1u5P1L,César Ibáñez,74.44444444444444,9.0,81.6
2026-04-05,p_1u5P1L,César Ibáñez,76.0,10.0,81.6
2026-04-12,p_1u5P1L,César Ibáñez,77.27272727272727,11.0,90.0
2026-04-21,p_1u5P1L,César Ibáñez,78.33333333333333,12.0,90.0
2026-04-28,p_1u5P1L,César Ibáñez,79.23076923076923,13.0,90.0
2026-05-09,p_1u5P1L,César Ibáñez,80.0,14.0,90.0
2026-05-13,p_1u5P1L,César Ibáñez,82.66666666666667,15.0,96.0
2026-07-25,p_1u5P1L,César Ibáñez,84.0,16.0,98.8
2026-07-30,p_1u5P1L,César Ibáñez,84.29411764705883,17.0,98.6
2026-08-23,p_1u5P1L,César Ibáñez,83.44444444444444,18.0,94.4
2026-08-29,p_1u5P1L,César Ibáñez,83.78947368421052,19.0,94.4
2026-09-04,p_1u5P1L,César Ibáñez,84.1,20.0,88.4
2026-09-14,p_1u5P1L,César Ibáñez,84.19047619047619,21.0,84.8
2026-09-14,p_1u5P1L,César Ibáñez,84.45454545454545,22.0,85.0
2026-01-24,p_1u6e88,Guido Herrera,,0.0,
2026-01-27,p_1u6e88,Guido Herrera,90.0,1.0,90.0
2026-02-01,p_1u6e88,Guido Herrera,90.0,2.0,90.0
2026-02-09,p_1u6e88,Guido Herrera,90.0,3.0,90.0
2026-02-14,p_1u6e88,Guido Herrera,90.0,4.0,90.0
2026-02-21,p_1u6e88,Guido Herrera,90.0,5.0,90.0
2026-02-24,p_1u6e88,Guido Herrera,90.0,6.0,90.0
2026-03-01,p_1u6e88,Guido Herrera,90.0,7.0,90.0
2026-03-12,p_1u6e88,Guido Herrera,90.0,8.0,90.0
2026-03-15,p_1u6e88,Guido Herrera,90.0,9.0,90.0
2026-03-21,p_1u6e88,Guido Herrera,90.0,10.0,90.0
2026-04-02,p_1u6e88,Guido Herrera,90.0,11.0,90.0
2026-04-13,p_1u6e88,Guido Herrera,90.0,12.0,90.0
2026-04-19,p_1u6e88,Guido Herrera,90.0,13.0,90.0
2026-04-25,p_1u6e88,Guido Herrera,90.0,14.0,90.0
2026-05-02,p_1u6e88,Guido Herrera,90.0,15.0,90.0
2026-05-09,p_1u6e88,Guido Herrera,90.0,16.0,90.0
2026-02-01,p_1uaYbk,Rodrigo Bogarín,,0.0,
2026-02-16,p_1uaYbk,Rodrigo Bogarín,8.0,1.0,8.0
2026-04-20,p_1uaYbk,Rodrigo Bogarín,12.5,2.0,12.5
2026-04-25,p_1uaYbk,Rodrigo Bogarín,11.0,3.0,11.0
2026-05-02,p_1uaYbk,Rodrigo Bogarín,19.5,4.0,19.5
2026-07-29,p_1uaYbk,Rodrigo Bogarín,31.4,5.0,31.4
2026-08-23,p_1uaYbk,Rodrigo Bogarín,29.5,6.0,33.8
2026-01-23,p_1urJ9k,Franco Jara,,0.0,
2026-01-26,p_1urJ9k,Franco Jara,90.0,1.0,90.0
2026-02-04,p_1urJ9k,Franco Jara,90.0,2.0,90.0
2026-02-09,p_1urJ9k,Franco Jara,90.0,3.0,90.0
2026-02-24,p_1urJ9k,Franco Jara,90.0,4.0,90.0
2026-03-01,p_1urJ9k,Franco Jara,78.0,5.0,78.0
2026-03-12,p_1urJ9k,Franco Jara,72.5,6.0,69.0
2026-03-17,p_1urJ9k,Franco Jara,73.0,7.0,66.2
2026-04-18,p_1urJ9k,Franco Jara,71.125,8.0,59.8
2026-04-26,p_1urJ9k,Franco Jara,65.66666666666667,9.0,46.2
2026-05-05,p_1urJ9k,Franco Jara,65.1,10.0,52.2
2026-01-30,p_1vAkWz,Agustin Seyral,,0.0,
2026-02-08,p_1vAkWz,Agustin Seyral,4.0,1.0,4.0
2026-03-03,p_1vAkWz,Agustin Seyral,4.0,2.0,4.0
2026-03-11,p_1vAkWz,Agustin Seyral,17.666666666666668,3.0,17.666666666666668
2026-03-15,p_1vAkWz,Agustin Seyral,35.75,4.0,35.75
2026-03-22,p_1vAkWz,Agustin Seyral,46.6,5.0,46.6
2026-04-02,p_1vAkWz,Agustin Seyral,53.833333333333336,6.0,63.8
2026-04-13,p_1vAkWz,Agustin Seyral,59.0,7.0,81.0
2026-04-19,p_1vAkWz,Agustin Seyral,62.875,8.0,90.0
2026-04-25,p_1vAkWz,Agustin Seyral,65.88888888888889,9.0,90.0
2026-05-03,p_1vAkWz,Agustin Seyral,68.3,10.0,90.0
2026-01-23,p_1vDFZe,Luciano Cabral,,0.0,
2026-01-31,p_1vDFZe,Luciano Cabral,59.0,1.0,59.0
2026-02-08,p_1vDFZe,Luciano Cabral,52.0,2.0,52.0
2026-02-13,p_1vDFZe,Luciano Cabral,38.0,3.0,38.0
2026-02-28,p_1vDFZe,Luciano Cabral,32.0,4.0,32.0
2026-03-10,p_1vDFZe,Luciano Cabral,31.4,5.0,31.4
2026-03-17,p_1vDFZe,Luciano Cabral,33.666666666666664,6.0,28.6
2026-03-21,p_1vDFZe,Luciano Cabral,33.42857142857143,7.0,26.0
2026-07-31,p_1vDFZe,Luciano Cabral,31.0,8.0,26.8
2026-08-09,p_1vDFZe,Luciano Cabral,27.88888888888889,9.0,24.6
2026-08-22,p_1vDFZe,Luciano Cabral,25.5,10.0,19.6
2026-09-06,p_1vDFZe,Luciano Cabral,23.90909090909091,11.0,12.2
2026-01-25,p_1vKOON,Ángel Di Maria,,0.0,
2026-01-28,p_1vKOON,Ángel Di Maria,90.0,1.0,90.0
2026-02-02,p_1vKOON,Ángel Di Maria,89.0,2.0,89.0
2026-02-07,p_1vKOON,Ángel Di Maria,89.33333333333333,3.0,89.33333333333333
2026-02-16,p_1vKOON,Ángel Di Maria,89.5,4.0,89.5
2026-02-21,p_1vKOON,Ángel Di Maria,89.6,5.0,89.6
2026-02-25,p_1vKOON,Ángel Di Maria,89.66666666666667,6.0,89.6
2026-03-01,p_1vKOON,Ángel Di Maria,85.42857142857143,7.0,84.0
2026-03-15,p_1vKOON,Ángel Di Maria,82.375,8.0,78.2
2026-04-19,p_1vKOON,Ángel Di Maria,76.44444444444444,9.0,66.0
2026-04-24,p_1vKOON,Ángel Di Maria,70.9,10.0,52.2
2026-05-10,p_1vKOON,Ángel Di Maria,69.54545454545455,11.0,45.4
2026-05-13,p_1vKOON,Ángel Di Maria,71.0,12.0,50.8
2026-05-16,p_1vKOON,Ángel Di Maria,73.61538461538461,13.0,59.6
2026-07-23,p_1vKOON,Ángel Di Maria,74.78571428571429,14.0,71.8
2026-07-29,p_1vKOON,Ángel Di Maria,75.6,15.0,85.0
2026-08-02,p_1vKOON,Ángel Di Maria,76.5,16.0,91.8
2026-08-07,p_1vKOON,Ángel Di Maria,77.0,17.0,91.4
2026-08-25,p_1vKOON,Ángel Di Maria,77.44444444444444,18.0,87.4
2026-08-29,p_1vKOON,Ángel Di Maria,78.10526315789474,19.0,87.4
2026-09-06,p_1vKOON,Ángel Di Maria,78.7,20.0,88.0
2026-09-13,p_1vKOON,Ángel Di Maria,79.19047619047619,21.0,87.8
2026-01-22,p_1vLyyJ,Natanael Guzmán,,0.0,
2026-01-28,p_1vLyyJ,Natanael Guzmán,69.0,1.0,69.0
2026-02-02,p_1vLyyJ,Natanael Guzmán,65.0,2.0,65.0
2026-02-23,p_1vLyyJ,Natanael Guzmán,58.333333333333336,3.0,58.333333333333336
2026-03-03,p_1vLyyJ,Natanael Guzmán,48.5,4.0,48.5
2026-03-12,p_1vLyyJ,Natanael Guzmán,42.0,5.0,42.0
2026-03-16,p_1vLyyJ,Natanael Guzmán,37.666666666666664,6.0,31.4
2026-03-22,p_1vLyyJ,Natanael Guzmán,42.142857142857146,7.0,33.0
2026-04-04,p_1vLyyJ,Natanael Guzmán,42.5,8.0,33.0
2026-04-11,p_1vLyyJ,Natanael Guzmán,41.77777777777778,9.0,36.4
2026-04-26,p_1vLyyJ,Natanael Guzmán,42.1,10.0,42.2
2026-07-24,p_1vLyyJ,Natanael Guzmán,38.72727272727273,11.0,40.0
2026-08-21,p_1vLyyJ,Natanael Guzmán,35.833333333333336,12.0,27.0
2026-01-23,p_1va0ir,Gonzalo Pérez,,0.0,
2026-01-29,p_1va0ir,Gonzalo Pérez,10.0,1.0,10.0
2026-03-02,p_1va0ir,Gonzalo Pérez,11.5,2.0,11.5
2026-03-21,p_1va0ir,Gonzalo Pérez,37.666666666666664,3.0,37.666666666666664
2026-03-27,p_1va0ir,Gonzalo Pérez,30.0,4.0,30.0
2026-04-24,p_1va0ir,Gonzalo Pérez,33.0,5.0,33.0
2026-05-02,p_1va0ir,Gonzalo Pérez,39.5,6.0,45.4
2026-07-26,p_1va0ir,Gonzalo Pérez,46.714285714285715,7.0,60.8
2026-08-06,p_1va0ir,Gonzalo Pérez,52.125,8.0,60.8
2026-08-12,p_1va0ir,Gonzalo Pérez,56.333333333333336,9.0,77.4
2026-08-25,p_1va0ir,Gonzalo Pérez,50.8,10.0,68.6
2026-09-14,p_1va0ir,Gonzalo Pérez,54.09090909090909,11.0,71.6
2026-09-14,p_1va0ir,Gonzalo Pérez,57.083333333333336,12.0,71.6
2026-01-24,p_1voGzb,Kevin Vázquez,,0.0,
2026-01-27,p_1voGzb,Kevin Vázquez,1.0,1.0,1.0
2026-05-03,p_1voGzb,Kevin Vázquez,1.0,2.0,1.0
2026-07-30,p_1voGzb,Kevin Vázquez,30.666666666666668,3.0,30.666666666666668
2026-08-08,p_1voGzb,Kevin Vázquez,28.0,4.0,28.0
2026-08-15,p_1voGzb,Kevin Vázquez,24.2,5.0,24.2
2026-01-24,p_1vpOnq,Gastón Martirena,,0.0,
2026-02-02,p_1vpOnq,Gastón Martirena,79.0,1.0,79.0
2026-03-22,p_1vpOnq,Gastón Martirena,84.5,2.0,84.5
2026-04-04,p_1vpOnq,Gastón Martirena,86.33333333333333,3.0,86.33333333333333
2026-04-12,p_1vpOnq,Gastón Martirena,65.0,4.0,65.0
2026-05-10,p_1vpOnq,Gastón Martirena,58.2,5.0,58.2
2026-05-13,p_1vpOnq,Gastón Martirena,63.5,6.0,60.4
2026-08-01,p_1vpOnq,Gastón Martirena,71.57142857142857,7.0,66.4
2026-08-08,p_1vpaON,Thyago Ayala,,0.0,
2026-08-16,p_1vpaON,Thyago Ayala,90.0,1.0,90.0
2026-08-23,p_1vpaON,Thyago Ayala,90.0,2.0,90.0
2026-08-28,p_1vpaON,Thyago Ayala,90.0,3.0,90.0
2026-09-04,p_1vpaON,Thyago Ayala,90.0,4.0,90.0
2026-09-13,p_1vpaON,Thyago Ayala,90.0,5.0,90.0
2026-01-24,p_1wbURI,Adrián Martínez,,0.0,
2026-01-28,p_1wbURI,Adrián Martínez,90.0,1.0,90.0
2026-02-02,p_1wbURI,Adrián Martínez,90.0,2.0,90.0
2026-02-07,p_1wbURI,Adrián Martínez,90.0,3.0,90.0
2026-02-14,p_1wbURI,Adrián Martínez,90.0,4.0,90.0
2026-02-20,p_1wbURI,Adrián Martínez,90.0,5.0,90.0
2026-02-26,p_1wbURI,Adrián Martínez,90.0,6.0,90.0
2026-03-16,p_1wbURI,Adrián Martínez,83.0,7.0,80.2
2026-03-22,p_1wbURI,Adrián Martínez,83.875,8.0,80.2
2026-04-04,p_1wbURI,Adrián Martínez,78.0,9.0,68.4
2026-04-12,p_1wbURI,Adrián Martínez,79.2,10.0,68.4
2026-04-19,p_1wbURI,Adrián Martínez,80.18181818181819,11.0,68.4
2026-04-25,p_1wbURI,Adrián Martínez,81.0,12.0,78.2
2026-05-03,p_1wbURI,Adrián Martínez,81.6923076923077,13.0,78.2
2026-05-10,p_1wbURI,Adrián Martínez,82.28571428571429,14.0,90.0
2026-05-13,p_1wbURI,Adrián Martínez,82.8,15.0,90.0
2026-08-01,p_1wbURI,Adrián Martínez,82.3125,16.0,87.0
2026-08-09,p_1wbURI,Adrián Martínez,82.76470588235294,17.0,87.0
2026-08-31,p_1wbURI,Adrián Martínez,79.33333333333333,18.0,73.2
2026-09-07,p_1wbURI,Adrián Martínez,79.89473684210526,19.0,73.2
2026-09-14,p_1wbURI,Adrián Martínez,80.4,20.0,73.2
2026-09-14,p_1wbURI,Adrián Martínez,80.85714285714286,21.0,76.2
2026-01-22,p_1wp3do,Sergio Vittor,,0.0,
2026-01-30,p_1wp3do,Sergio Vittor,90.0,1.0,90.0
2026-02-03,p_1wp3do,Sergio Vittor,90.0,2.0,90.0
2026-02-08,p_1wp3do,Sergio Vittor,90.0,3.0,90.0
2026-02-14,p_1wp3do,Sergio Vittor,90.0,4.0,90.0
2026-02-26,p_1wp3do,Sergio Vittor,90.0,5.0,90.0
2026-03-03,p_1wp3do,Sergio Vittor,86.5,6.0,85.8
2026-03-11,p_1wp3do,Sergio Vittor,83.71428571428571,7.0,81.2
2026-04-06,p_1wp3do,Sergio Vittor,80.875,8.0,75.4
2026-04-13,p_1wp3do,Sergio Vittor,76.88888888888889,9.0,66.4
2026-04-20,p_1wp3do,Sergio Vittor,78.2,10.0,66.4
2026-04-26,p_1wp3do,Sergio Vittor,79.27272727272727,11.0,70.6
2026-05-02,p_1wp3do,Sergio Vittor,77.83333333333333,12.0,69.6
2026-01-23,p_1wpZS1,Franco Moyano,,0.0,
2026-01-26,p_1wpZS1,Franco Moyano,65.0,1.0,65.0
2026-02-09,p_1wpZS1,Franco Moyano,55.0,2.0,55.0
2026-01-25,p_1x6fIA,Lisandro López,,0.0,
2026-01-29,p_1x6fIA,Lisandro López,90.0,1.0,90.0
2026-02-03,p_1x6fIA,Lisandro López,90.0,2.0,90.0
2026-02-08,p_1x6fIA,Lisandro López,90.0,3.0,90.0
2026-02-15,p_1x6fIA,Lisandro López,90.0,4.0,90.0
2026-02-20,p_1x6fIA,Lisandro López,90.0,5.0,90.0
2026-02-25,p_1x6fIA,Lisandro López,90.0,6.0,90.0
2026-03-03,p_1x6fIA,Lisandro López,83.28571428571429,7.0,80.6
2026-04-11,p_1x6fIA,Lisandro López,84.125,8.0,80.6
2026-04-20,p_1x6fIA,Lisandro López,83.33333333333333,9.0,78.0
2026-04-26,p_1x6fIA,Lisandro López,84.0,10.0,78.0
2026-05-03,p_1x6fIA,Lisandro López,84.54545454545455,11.0,78.0
2026-05-09,p_1x6fIA,Lisandro López,85.0,12.0,87.4
2026-05-12,p_1x6fIA,Lisandro López,85.38461538461539,13.0,87.4
2026-05-17,p_1x6fIA,Lisandro López,85.71428571428571,14.0,90.0
2026-07-23,p_1x6fIA,Lisandro López,80.93333333333334,15.0,74.8
2026-08-01,p_1x6fIA,Lisandro López,81.5,16.0,74.8
2026-08-06,p_1x6fIA,Lisandro López,82.0,17.0,74.8
2026-08-10,p_1x6fIA,Lisandro López,82.44444444444444,18.0,74.8
2026-08-15,p_1x6fIA,Lisandro López,82.84210526315789,19.0,74.8
2026-08-23,p_1x6fIA,Lisandro López,83.2,20.0,90.0
2026-08-30,p_1x6fIA,Lisandro López,83.52380952380952,21.0,90.0
2026-09-04,p_1x6fIA,Lisandro López,83.81818181818181,22.0,90.0
2026-09-13,p_1x6fIA,Lisandro López,84.08695652173913,23.0,90.0
2026-07-24,p_1xBOI8,Alejandro Tello,,0.0,
2026-07-29,p_1xBOI8,Alejandro Tello,59.0,1.0,59.0
2026-08-01,p_1xBOI8,Alejandro Tello,66.5,2.0,66.5
2026-08-09,p_1xBOI8,Alejandro Tello,59.333333333333336,3.0,59.333333333333336
2026-08-14,p_1xBOI8,Alejandro Tello,66.75,4.0,66.75
2026-01-23,p_1xKto7,Jonathan Galván,,0.0,
2026-01-26,p_1xKto7,Jonathan Galván,90.0,1.0,90.0
2026-02-04,p_1xKto7,Jonathan Galván,90.0,2.0,90.0
2026-02-09,p_1xKto7,Jonathan Galván,90.0,3.0,90.0
2026-02-16,p_1xKto7,Jonathan Galván,90.0,4.0,90.0
2026-02-20,p_1xKto7,Jonathan Galván,90.0,5.0,90.0
2026-02-24,p_1xKto7,Jonathan Galván,84.33333333333333,6.0,83.2
2026-03-17,p_1xKto7,Jonathan Galván,76.42857142857143,7.0,71.0
2026-04-07,p_1xKto7,Jonathan Galván,68.0,8.0,54.8
2026-04-11,p_1xKto7,Jonathan Galván,70.44444444444444,9.0,54.8
2026-04-18,p_1xKto7,Jonathan Galván,72.4,10.0,54.8
2026-04-26,p_1xKto7,Jonathan Galván,72.0909090909091,11.0,57.4
2026-05-05,p_1xKto7,Jonathan Galván,73.58333333333333,12.0,69.6
2026-07-24,p_1xKto7,Jonathan Galván,71.38461538461539,13.0,76.8
2026-07-30,p_1xKto7,Jonathan Galván,72.71428571428571,14.0,76.8
2026-08-03,p_1xKto7,Jonathan Galván,73.86666666666666,15.0,76.8
2026-08-09,p_1xKto7,Jonathan Galván,72.0625,16.0,72.0
2026-08-16,p_1xKto7,Jonathan Galván,71.58823529411765,17.0,66.8
2026-08-22,p_1xKto7,Jonathan Galván,71.16666666666667,18.0,70.6
2026-09-01,p_1xKto7,Jonathan Galván,72.15789473684211,19.0,70.6
2026-09-08,p_1xKto7,Jonathan Galván,72.8,20.0,69.6
2026-09-15,p_1xKto7,Jonathan Galván,72.80952380952381,21.0,75.2
2026-09-15,p_1xKto7,Jonathan Galván,73.5909090909091,22.0,80.4
2026-02-21,p_1xPFDe,Ángel Stringa,,0.0,
2026-04-24,p_1xPFDe,Ángel Stringa,35.0,1.0,35.0
2026-01-22,p_1xgZEc,Ayrton Portillo,,0.0,
2026-01-29,p_1xgZEc,Ayrton Portillo,90.0,1.0,90.0
2026-02-02,p_1xgZEc,Ayrton Portillo,90.0,2.0,90.0
2026-02-08,p_1xgZEc,Ayrton Portillo,90.0,3.0,90.0
2026-02-14,p_1xgZEc,Ayrton Portillo,90.0,4.0,90.0
2026-02-20,p_1xgZEc,Ayrton Portillo,90.0,5.0,90.0
2026-04-07,p_1xgZEc,Ayrton Portillo,82.5,6.0,81.0
2026-04-13,p_1xgZEc,Ayrton Portillo,77.14285714285714,7.0,72.0
2026-04-18,p_1xgZEc,Ayrton Portillo,78.75,8.0,72.0
2026-04-23,p_1xgZEc,Ayrton Portillo,79.44444444444444,9.0,71.0
2026-05-04,p_1xgZEc,Ayrton Portillo,78.7,10.0,67.4
2026-07-29,p_1xgZEc,Ayrton Portillo,79.72727272727273,11.0,76.4
2026-08-01,p_1xgZEc,Ayrton Portillo,75.08333333333333,12.0,72.2
2026-08-09,p_1xgZEc,Ayrton Portillo,75.15384615384616,13.0,69.4
2026-08-17,p_1xgZEc,Ayrton Portillo,74.57142857142857,14.0,65.8
2026-08-23,p_1xgZEc,Ayrton Portillo,73.33333333333333,15.0,62.6
2026-02-14,p_1xgiEY,Manuel Mónaco,,0.0,
2026-03-24,p_1xk50a,Sebastián Meza,,0.0,
2026-01-22,p_1xn0Ep,Lautaro Ríos,,0.0,
2026-01-30,p_1xn0Ep,Lautaro Ríos,90.0,1.0,90.0
2026-02-08,p_1xn0Ep,Lautaro Ríos,75.5,2.0,75.5
2026-03-03,p_1xn0Ep,Lautaro Ríos,76.66666666666667,3.0,76.66666666666667
2026-04-13,p_1xn0Ep,Lautaro Ríos,68.75,4.0,68.75
2026-03-22,p_1yBLpe,Leandro Brey,,0.0,
2026-04-02,p_1yBLpe,Leandro Brey,8.0,1.0,8.0
2026-04-19,p_1yBLpe,Leandro Brey,49.0,2.0,49.0
2026-04-23,p_1yBLpe,Leandro Brey,62.666666666666664,3.0,62.666666666666664
2026-05-02,p_1yBLpe,Leandro Brey,69.5,4.0,69.5
2026-05-09,p_1yBLpe,Leandro Brey,73.6,5.0,73.6
2026-09-12,p_1yBLpe,Leandro Brey,81.33333333333333,6.0,96.0
2026-01-26,p_1ymuBP,Junior Marabel,,0.0,
2026-01-30,p_1ymuBP,Junior Marabel,57.0,1.0,57.0
2026-02-04,p_1ymuBP,Junior Marabel,41.5,2.0,41.5
2026-02-08,p_1ymuBP,Junior Marabel,37.0,3.0,37.0
2026-02-14,p_1ymuBP,Junior Marabel,50.25,4.0,50.25
2026-02-20,p_1ymuBP,Junior Marabel,58.2,5.0,58.2
2026-02-26,p_1ymuBP,Junior Marabel,63.5,6.0,64.8
2026-03-03,p_1ymuBP,Junior Marabel,67.28571428571429,7.0,77.6
2026-03-11,p_1ymuBP,Junior Marabel,67.0,8.0,85.0
2026-03-15,p_1ymuBP,Junior Marabel,68.22222222222223,9.0,82.6
2026-03-22,p_1ymuBP,Junior Marabel,67.4,10.0,76.6
2026-04-02,p_1ymuBP,Junior Marabel,69.36363636363636,11.0,76.4
2026-04-13,p_1ymuBP,Junior Marabel,70.41666666666667,12.0,74.8
2026-04-19,p_1ymuBP,Junior Marabel,71.92307692307692,13.0,79.8
2026-04-25,p_1ymuBP,Junior Marabel,73.0,14.0,81.6
2026-05-03,p_1ymuBP,Junior Marabel,73.26666666666667,15.0,85.0
2026-07-23,p_1ymuBP,Junior Marabel,73.1875,16.0,81.6
2026-07-28,p_1ymuBP,Junior Marabel,73.82352941176471,17.0,82.0
2026-08-08,p_1ymuBP,Junior Marabel,74.72222222222223,18.0,82.0
2026-08-16,p_1ymuBP,Junior Marabel,75.47368421052632,19.0,82.4
2026-08-23,p_1ymuBP,Junior Marabel,75.7,20.0,83.0
2026-08-28,p_1ymuBP,Junior Marabel,75.95238095238095,21.0,84.8
2026-09-04,p_1ymuBP,Junior Marabel,76.18181818181819,22.0,84.2
2026-09-13,p_1ymuBP,Junior Marabel,76.78260869565217,23.0,84.2
2026-01-26,p_1yovx2,Mateo Bajamich,,0.0,
2026-01-30,p_1yovx2,Mateo Bajamich,79.0,1.0,79.0
2026-02-03,p_1yovx2,Mateo Bajamich,71.5,2.0,71.5
2026-02-10,p_1yovx2,Mateo Bajamich,69.0,3.0,69.0
2026-02-15,p_1yovx2,Mateo Bajamich,68.0,4.0,68.0
2026-02-22,p_1yovx2,Mateo Bajamich,66.6,5.0,66.6
2026-02-26,p_1yovx2,Mateo Bajamich,60.166666666666664,6.0,56.4
2026-03-12,p_1yovx2,Mateo Bajamich,56.57142857142857,7.0,50.6
2026-03-16,p_1yovx2,Mateo Bajamich,60.75,8.0,55.8
2026-03-22,p_1yovx2,Mateo Bajamich,55.44444444444444,9.0,45.4
2026-04-04,p_1yovx2,Mateo Bajamich,51.2,10.0,35.8
2026-04-12,p_1yovx2,Mateo Bajamich,54.72727272727273,11.0,48.2
2026-04-18,p_1yovx2,Mateo Bajamich,57.666666666666664,12.0,59.2
2026-04-24,p_1yovx2,Mateo Bajamich,58.46153846153846,13.0,54.8
2026-05-05,p_1yovx2,Mateo Bajamich,56.0,14.0,57.0
2026-07-29,p_1yovx2,Mateo Bajamich,54.2,15.0,60.2
2026-08-01,p_1yovx2,Mateo Bajamich,56.1875,16.0,59.4
2026-08-08,p_1yovx2,Mateo Bajamich,54.8235294117647,17.0,48.0
2026-09-04,p_1yovx2,Mateo Bajamich,53.55555555555556,18.0,40.8
2026-01-22,p_1yzkvo,Roberto Agustin Bochi,,0.0,
2026-01-28,p_1yzkvo,Roberto Agustin Bochi,84.0,1.0,84.0
2026-02-02,p_1yzkvo,Roberto Agustin Bochi,64.5,2.0,64.5
2026-02-07,p_1yzkvo,Roberto Agustin Bochi,64.33333333333333,3.0,64.33333333333333
2026-02-12,p_1yzkvo,Roberto Agustin Bochi,70.75,4.0,70.75
2026-02-23,p_1yzkvo,Roberto Agustin Bochi,65.6,5.0,65.6
2026-03-03,p_1yzkvo,Roberto Agustin Bochi,65.33333333333333,6.0,61.6
2026-03-12,p_1yzkvo,Roberto Agustin Bochi,68.85714285714286,7.0,70.6
2026-03-16,p_1yzkvo,Roberto Agustin Bochi,71.5,8.0,75.8
2026-04-04,p_1yzkvo,Roberto Agustin Bochi,73.44444444444444,9.0,75.6
2026-01-30,p_1zCh3h,Jonatan Gomez,,0.0,
2026-02-04,p_1zCh3h,Jonatan Gomez,82.0,1.0,82.0
2026-02-20,p_1zCh3h,Jonatan Gomez,63.5,2.0,63.5
2026-02-26,p_1zCh3h,Jonatan Gomez,45.0,3.0,45.0
2026-03-03,p_1zCh3h,Jonatan Gomez,38.75,4.0,38.75
2026-03-11,p_1zCh3h,Jonatan Gomez,42.8,5.0,42.8
2026-03-15,p_1zCh3h,Jonatan Gomez,38.5,6.0,29.8
2026-03-22,p_1zCh3h,Jonatan Gomez,33.285714285714285,7.0,21.2
2026-04-02,p_1zCh3h,Jonatan Gomez,38.0,8.0,33.8
2026-04-19,p_1zCh3h,Jonatan Gomez,34.77777777777778,9.0,31.6
2026-04-25,p_1zCh3h,Jonatan Gomez,33.2,10.0,23.6
2026-05-03,p_1zCh3h,Jonatan Gomez,37.81818181818182,11.0,37.0
2026-02-03,p_1zFkoM,Agustin Morales,,0.0,
2026-01-23,p_1zRg0F,Fabricio Lopez,,0.0,
2026-01-31,p_1zRg0F,Fabricio Lopez,12.0,1.0,12.0
2026-02-08,p_1zRg0F,Fabricio Lopez,28.5,2.0,28.5
2026-02-24,p_1zRg0F,Fabricio Lopez,49.0,3.0,49.0
2026-04-12,p_1zRg0F,Fabricio Lopez,59.25,4.0,59.25
2026-05-10,p_1zRg0F,Fabricio Lopez,52.2,5.0,52.2
2026-02-02,p_1zT5yZ,Juan Cortazzo,,0.0,
2026-02-15,p_1zT5yZ,Juan Cortazzo,4.0,1.0,4.0
2026-02-21,p_1zT5yZ,Juan Cortazzo,7.5,2.0,7.5
2026-03-02,p_1zT5yZ,Juan Cortazzo,10.666666666666666,3.0,10.666666666666666
2026-03-15,p_1zT5yZ,Juan Cortazzo,12.0,4.0,12.0
2026-04-26,p_1zT5yZ,Juan Cortazzo,14.0,5.0,14.0
2026-07-24,p_1zT5yZ,Juan Cortazzo,13.666666666666666,6.0,15.6
2026-07-29,p_1zT5yZ,Juan Cortazzo,18.142857142857142,7.0,22.4
2026-08-02,p_1zT5yZ,Juan Cortazzo,17.75,8.0,22.0
2026-08-09,p_1zT5yZ,Juan Cortazzo,25.77777777777778,9.0,36.8
2026-08-15,p_1zT5yZ,Juan Cortazzo,32.2,10.0,50.4
2026-08-22,p_1zT5yZ,Juan Cortazzo,32.54545454545455,11.0,55.2
2026-01-24,p_209otm,Giovanni Baroni,,0.0,
2026-01-27,p_209otm,Giovanni Baroni,66.0,1.0,66.0
2026-02-01,p_209otm,Giovanni Baroni,64.0,2.0,64.0
2026-02-09,p_209otm,Giovanni Baroni,65.0,3.0,65.0
2026-02-14,p_209otm,Giovanni Baroni,69.25,4.0,69.25
2026-02-21,p_209otm,Giovanni Baroni,70.8,5.0,70.8
2026-02-24,p_209otm,Giovanni Baroni,59.166666666666664,6.0,57.8
2026-03-01,p_209otm,Giovanni Baroni,60.714285714285715,7.0,59.4
2026-03-15,p_209otm,Giovanni Baroni,62.125,8.0,60.4
2026-03-21,p_209otm,Giovanni Baroni,60.22222222222222,9.0,53.0
2026-04-25,p_209otm,Giovanni Baroni,62.0,10.0,53.2
2026-05-02,p_209otm,Giovanni Baroni,57.09090909090909,11.0,54.6
2026-05-09,p_209otm,Giovanni Baroni,54.333333333333336,12.0,45.4
2026-07-25,p_209otm,Giovanni Baroni,54.46153846153846,13.0,42.2
2026-08-12,p_209otm,Giovanni Baroni,54.57142857142857,14.0,44.4
2026-08-30,p_209otm,Giovanni Baroni,53.93333333333333,15.0,37.8
2026-09-05,p_209otm,Giovanni Baroni,51.0625,16.0,37.8
2026-09-12,p_209otm,Giovanni Baroni,49.35294117647059,17.0,37.4
2026-02-26,p_20d5BY,Facundo González,,0.0,
2026-04-05,p_20d5BY,Facundo González,90.0,1.0,90.0
2026-07-29,p_20d5BY,Facundo González,53.5,2.0,53.5
2026-01-24,p_21OTES,Gabriel Arias,,0.0,
2026-01-28,p_21OTES,Gabriel Arias,90.0,1.0,90.0
2026-02-01,p_21OTES,Gabriel Arias,90.0,2.0,90.0
2026-02-08,p_21OTES,Gabriel Arias,90.0,3.0,90.0
2026-02-16,p_21OTES,Gabriel Arias,90.0,4.0,90.0
2026-02-21,p_21OTES,Gabriel Arias,90.0,5.0,90.0
2026-02-25,p_21OTES,Gabriel Arias,90.0,6.0,90.0
2026-01-25,p_21aKQT,Facundo Miño,,0.0,
2026-01-29,p_21aKQT,Facundo Miño,34.0,1.0,34.0
2026-02-01,p_21aKQT,Facundo Miño,55.5,2.0,55.5
2026-02-09,p_21aKQT,Facundo Miño,37.666666666666664,3.0,37.666666666666664
2026-02-16,p_21aKQT,Facundo Miño,32.25,4.0,32.25
2026-02-21,p_21aKQT,Facundo Miño,43.8,5.0,43.8
2026-02-25,p_21aKQT,Facundo Miño,51.5,6.0,55.0
2026-03-02,p_21aKQT,Facundo Miño,57.0,7.0,57.6
2026-03-12,p_21aKQT,Facundo Miño,61.125,8.0,75.2
2026-03-18,p_21aKQT,Facundo Miño,64.33333333333333,9.0,90.0
2026-03-25,p_21aKQT,Facundo Miño,63.6,10.0,83.4
2026-04-11,p_21aKQT,Facundo Miño,59.18181818181818,11.0,68.4
2026-04-19,p_21aKQT,Facundo Miño,56.416666666666664,12.0,55.6
2026-04-24,p_21aKQT,Facundo Miño,59.0,13.0,55.6
2026-05-02,p_21aKQT,Facundo Miño,61.214285714285715,14.0,55.6
2026-07-26,p_21aKQT,Facundo Miño,63.13333333333333,15.0,62.2
2026-07-29,p_21aKQT,Facundo Miño,64.5625,16.0,76.4
2026-08-08,p_21aKQT,Facundo Miño,64.6470588235294,17.0,84.4
2026-08-15,p_21aKQT,Facundo Miño,66.05555555555556,18.0,84.4
2026-08-23,p_21aKQT,Facundo Miño,67.3157894736842,19.0,84.4
2026-08-29,p_21aKQT,Facundo Miño,68.45,20.0,84.4
2026-09-04,p_21aKQT,Facundo Miño,69.47619047619048,21.0,85.2
2026-04-13,p_21agZ1,Mateo Seoane,,0.0,
2026-04-18,p_21agZ1,Mateo Seoane,27.0,1.0,27.0
2026-04-26,p_21agZ1,Mateo Seoane,42.0,2.0,42.0
2026-05-03,p_21agZ1,Mateo Seoane,28.333333333333332,3.0,28.333333333333332
2026-05-11,p_21agZ1,Mateo Seoane,43.75,4.0,43.75
2026-07-24,p_21agZ1,Mateo Seoane,50.2,5.0,50.2
2026-07-29,p_21agZ1,Mateo Seoane,56.666666666666664,6.0,62.6
2026-08-02,p_21agZ1,Mateo Seoane,57.857142857142854,7.0,64.2
2026-08-09,p_21agZ1,Mateo Seoane,61.875,8.0,82.0
2026-08-15,p_21agZ1,Mateo Seoane,56.77777777777778,9.0,67.2
2026-08-29,p_21agZ1,Mateo Seoane,60.1,10.0,70.0
2026-09-05,p_21agZ1,Mateo Seoane,62.72727272727273,11.0,70.0
2026-09-13,p_21agZ1,Mateo Seoane,63.166666666666664,12.0,70.6
2026-02-02,p_21gmQu,Marcos Acuña,,0.0,
2026-02-07,p_21gmQu,Marcos Acuña,20.0,1.0,20.0
2026-02-13,p_21gmQu,Marcos Acuña,32.5,2.0,32.5
2026-03-03,p_21gmQu,Marcos Acuña,41.666666666666664,3.0,41.666666666666664
2026-03-13,p_21gmQu,Marcos Acuña,53.75,4.0,53.75
2026-03-15,p_21gmQu,Marcos Acuña,60.6,5.0,60.6
2026-03-22,p_21gmQu,Marcos Acuña,65.5,6.0,74.6
2026-04-12,p_21gmQu,Marcos Acuña,68.42857142857143,7.0,82.8
2026-04-19,p_21gmQu,Marcos Acuña,71.125,8.0,88.8
2026-04-26,p_21gmQu,Marcos Acuña,73.22222222222223,9.0,88.8
2026-05-03,p_21gmQu,Marcos Acuña,74.9,10.0,89.2
2026-05-10,p_21gmQu,Marcos Acuña,76.27272727272727,11.0,89.2
2026-05-14,p_21gmQu,Marcos Acuña,78.25,12.0,92.0
2026-05-16,p_21gmQu,Marcos Acuña,74.76923076923077,13.0,80.6
2026-05-24,p_21gmQu,Marcos Acuña,69.92857142857143,14.0,64.0
2026-07-25,p_21gmQu,Marcos Acuña,69.93333333333334,15.0,60.0
2026-07-29,p_21gmQu,Marcos Acuña,71.1875,16.0,60.0
2026-08-30,p_21gmQu,Marcos Acuña,70.58823529411765,17.0,52.2
2026-09-06,p_21gmQu,Marcos Acuña,71.22222222222223,18.0,62.0
2026-09-12,p_21gmQu,Marcos Acuña,71.73684210526316,19.0,76.8
2026-01-23,p_2203UO,Cristian Medina,,0.0,
2026-01-29,p_2203UO,Cristian Medina,90.0,1.0,90.0
2026-02-02,p_2203UO,Cristian Medina,89.5,2.0,89.5
2026-02-09,p_2203UO,Cristian Medina,89.66666666666667,3.0,89.66666666666667
2026-02-15,p_2203UO,Cristian Medina,88.5,4.0,88.5
2026-05-05,p_229nHT,Bautista Pieroni,,0.0,
2026-01-24,p_22Hl59,Fausto Vera,,0.0,
2026-01-28,p_22Hl59,Fausto Vera,60.0,1.0,60.0
2026-02-02,p_22Hl59,Fausto Vera,75.0,2.0,75.0
2026-02-07,p_22Hl59,Fausto Vera,80.0,3.0,80.0
2026-02-22,p_22Hl59,Fausto Vera,74.75,4.0,74.75
2026-02-26,p_22Hl59,Fausto Vera,73.0,5.0,73.0
2026-03-03,p_22Hl59,Fausto Vera,75.83333333333333,6.0,79.0
2026-03-13,p_22Hl59,Fausto Vera,77.85714285714286,7.0,79.0
2026-03-15,p_22Hl59,Fausto Vera,79.375,8.0,79.0
2026-03-22,p_22Hl59,Fausto Vera,80.55555555555556,9.0,85.2
2026-04-05,p_22Hl59,Fausto Vera,81.5,10.0,90.0
2026-04-12,p_22Hl59,Fausto Vera,82.27272727272727,11.0,90.0
2026-05-10,p_22Hl59,Fausto Vera,82.91666666666667,12.0,90.0
2026-05-14,p_22Hl59,Fausto Vera,82.46153846153847,13.0,87.4
2026-05-16,p_22Hl59,Fausto Vera,83.0,14.0,87.4
2026-05-24,p_22Hl59,Fausto Vera,83.46666666666667,15.0,87.4
2026-07-25,p_22Hl59,Fausto Vera,83.875,16.0,87.4
2026-07-29,p_22Hl59,Fausto Vera,81.58823529411765,17.0,78.4
2026-08-02,p_22Hl59,Fausto Vera,79.55555555555556,18.0,72.0
2026-08-16,p_22Hl59,Fausto Vera,78.6842105263158,19.0,66.6
2026-08-30,p_22Hl59,Fausto Vera,76.1,20.0,54.0
2026-09-06,p_22Hl59,Fausto Vera,76.76190476190476,21.0,54.0
2026-09-12,p_22Hl59,Fausto Vera,77.36363636363636,22.0,63.0
2026-02-07,p_22YOzJ,Julián Fernández,,0.0,
2026-02-16,p_22YOzJ,Julián Fernández,45.0,1.0,45.0
2026-02-21,p_22YOzJ,Julián Fernández,40.0,2.0,40.0
2026-02-25,p_22YOzJ,Julián Fernández,56.666666666666664,3.0,56.666666666666664
2026-03-01,p_22YOzJ,Julián Fernández,60.0,4.0,60.0
2026-03-11,p_22YOzJ,Julián Fernández,63.0,5.0,63.0
2026-03-15,p_22YOzJ,Julián Fernández,65.5,6.0,69.6
2026-04-12,p_22YOzJ,Julián Fernández,68.71428571428571,7.0,80.2
2026-04-19,p_22YOzJ,Julián Fernández,69.0,8.0,76.4
2026-04-24,p_22YOzJ,Julián Fernández,68.33333333333333,9.0,75.0
2026-05-16,p_22YOzJ,Julián Fernández,70.5,10.0,78.0
2026-07-23,p_22YOzJ,Julián Fernández,65.81818181818181,11.0,66.2
2026-08-07,p_22YOzJ,Julián Fernández,67.83333333333333,12.0,66.6
2026-08-17,p_22YOzJ,Julián Fernández,66.92307692307692,13.0,63.6
2026-02-15,p_22qheS,Jeremías Lucco,,0.0,
2026-04-20,p_22qheS,Jeremías Lucco,1.0,1.0,1.0
2026-04-26,p_22qheS,Jeremías Lucco,12.0,2.0,12.0
2026-08-09,p_22qheS,Jeremías Lucco,15.0,3.0,15.0
2026-08-17,p_22qheS,Jeremías Lucco,17.25,4.0,17.25
2026-08-23,p_22qheS,Jeremías Lucco,20.6,5.0,20.6
2026-09-06,p_22qheS,Jeremías Lucco,20.0,6.0,23.8
2026-09-11,p_22qheS,Jeremías Lucco,21.0,7.0,24.6
2026-01-25,p_235aQ1,Jeremías Ledesma,,0.0,
2026-01-28,p_235aQ1,Jeremías Ledesma,90.0,1.0,90.0
2026-02-02,p_235aQ1,Jeremías Ledesma,90.0,2.0,90.0
2026-02-07,p_235aQ1,Jeremías Ledesma,90.0,3.0,90.0
2026-02-16,p_235aQ1,Jeremías Ledesma,90.0,4.0,90.0
2026-02-21,p_235aQ1,Jeremías Ledesma,90.0,5.0,90.0
2026-02-25,p_235aQ1,Jeremías Ledesma,90.0,6.0,90.0
2026-03-01,p_235aQ1,Jeremías Ledesma,90.0,7.0,90.0
2026-03-15,p_235aQ1,Jeremías Ledesma,90.0,8.0,90.0
2026-03-23,p_235aQ1,Jeremías Ledesma,90.0,9.0,90.0
2026-04-19,p_235aQ1,Jeremías Ledesma,90.0,10.0,90.0
2026-04-24,p_235aQ1,Jeremías Ledesma,90.0,11.0,90.0
2026-05-10,p_235aQ1,Jeremías Ledesma,90.0,12.0,90.0
2026-05-13,p_235aQ1,Jeremías Ledesma,90.0,13.0,90.0
2026-05-16,p_235aQ1,Jeremías Ledesma,92.14285714285714,14.0,96.0
2026-07-23,p_235aQ1,Jeremías Ledesma,92.0,15.0,96.0
2026-07-29,p_235aQ1,Jeremías Ledesma,91.875,16.0,96.0
2026-08-02,p_235aQ1,Jeremías Ledesma,91.76470588235294,17.0,96.0
2026-08-07,p_235aQ1,Jeremías Ledesma,91.66666666666667,18.0,96.0
2026-08-25,p_235aQ1,Jeremías Ledesma,91.57894736842105,19.0,90.0
2026-08-29,p_235aQ1,Jeremías Ledesma,91.5,20.0,90.0
2026-09-06,p_235aQ1,Jeremías Ledesma,91.42857142857143,21.0,90.0
2026-09-13,p_235aQ1,Jeremías Ledesma,91.36363636363636,22.0,90.0
2026-01-24,p_23RfET,Saul Salcedo,,0.0,
2026-01-28,p_23RfET,Saul Salcedo,90.0,1.0,90.0
2026-02-01,p_23RfET,Saul Salcedo,90.0,2.0,90.0
2026-02-08,p_23RfET,Saul Salcedo,90.0,3.0,90.0
2026-02-16,p_23RfET,Saul Salcedo,90.0,4.0,90.0
2026-02-21,p_23RfET,Saul Salcedo,90.0,5.0,90.0
2026-03-01,p_23RfET,Saul Salcedo,90.0,6.0,90.0
2026-03-11,p_23RfET,Saul Salcedo,90.0,7.0,90.0
2026-03-17,p_23RfET,Saul Salcedo,90.0,8.0,90.0
2026-04-05,p_23RfET,Saul Salcedo,90.0,9.0,90.0
2026-04-12,p_23RfET,Saul Salcedo,90.0,10.0,90.0
2026-04-17,p_23RfET,Saul Salcedo,90.0,11.0,90.0
2026-04-26,p_23RfET,Saul Salcedo,90.0,12.0,90.0
2026-05-04,p_23RfET,Saul Salcedo,90.0,13.0,90.0
2026-01-24,p_23S3AO,Augusto Schott,,0.0,
2026-01-27,p_23S3AO,Augusto Schott,90.0,1.0,90.0
2026-02-01,p_23S3AO,Augusto Schott,90.0,2.0,90.0
2026-02-09,p_23S3AO,Augusto Schott,90.0,3.0,90.0
2026-02-14,p_23S3AO,Augusto Schott,90.0,4.0,90.0
2026-02-21,p_23S3AO,Augusto Schott,90.0,5.0,90.0
2026-02-24,p_23S3AO,Augusto Schott,90.0,6.0,90.0
2026-03-01,p_23S3AO,Augusto Schott,90.0,7.0,90.0
2026-03-12,p_23S3AO,Augusto Schott,90.0,8.0,90.0
2026-03-15,p_23S3AO,Augusto Schott,90.0,9.0,90.0
2026-03-21,p_23S3AO,Augusto Schott,90.0,10.0,90.0
2026-04-02,p_23S3AO,Augusto Schott,88.9090909090909,11.0,87.6
2026-04-13,p_23S3AO,Augusto Schott,89.0,12.0,87.6
2026-04-19,p_23S3AO,Augusto Schott,89.07692307692308,13.0,87.6
2026-05-02,p_23S3AO,Augusto Schott,87.78571428571429,14.0,83.8
2026-05-09,p_23S3AO,Augusto Schott,87.93333333333334,15.0,83.8
2026-07-25,p_23S3AO,Augusto Schott,87.5625,16.0,84.6
2026-07-30,p_23S3AO,Augusto Schott,85.05882352941177,17.0,75.6
2026-08-12,p_23S3AO,Augusto Schott,85.11111111111111,18.0,74.8
2026-08-18,p_23S3AO,Augusto Schott,85.36842105263158,19.0,78.6
2026-08-25,p_23S3AO,Augusto Schott,84.1,20.0,72.6
2026-08-30,p_23S3AO,Augusto Schott,84.38095238095238,21.0,74.2
2026-09-05,p_23S3AO,Augusto Schott,84.63636363636364,22.0,83.2
2026-09-12,p_23S3AO,Augusto Schott,84.8695652173913,23.0,84.0
2026-08-23,p_23dnxW,Martín Soto,,0.0,
2026-08-29,p_23dnxW,Martín Soto,17.0,1.0,17.0
2026-08-23,p_24ceIP,Ezequiel Burdín,,0.0,
2026-08-31,p_24ceIP,Ezequiel Burdín,2.0,1.0,2.0
2026-09-11,p_24ceIP,Ezequiel Burdín,1.5,2.0,1.5
2026-01-26,p_26QJ6K,Matias Ruiz Diaz,,0.0,
2026-01-30,p_26QJ6K,Matias Ruiz Diaz,90.0,1.0,90.0
2026-02-03,p_26QJ6K,Matias Ruiz Diaz,90.0,2.0,90.0
2026-07-28,p_26xhDF,Brandon Oviedo,,0.0,
2026-08-01,p_26xhDF,Brandon Oviedo,90.0,1.0,90.0
2026-08-10,p_26xhDF,Brandon Oviedo,90.0,2.0,90.0
2026-08-14,p_26xhDF,Brandon Oviedo,81.33333333333333,3.0,81.33333333333333
2026-08-23,p_26xhDF,Brandon Oviedo,83.5,4.0,83.5
2026-08-30,p_26xhDF,Brandon Oviedo,84.8,5.0,84.8
2026-09-05,p_26xhDF,Brandon Oviedo,85.66666666666667,6.0,84.8
2026-09-14,p_26xhDF,Brandon Oviedo,86.28571428571429,7.0,84.8
2026-09-14,p_26xhDF,Brandon Oviedo,86.75,8.0,90.0
2026-08-21,p_27utpF,Mateo Vales,,0.0,
2026-08-30,p_27utpF,Mateo Vales,73.0,1.0,73.0
2026-09-05,p_27utpF,Mateo Vales,68.0,2.0,68.0
2026-09-12,p_27utpF,Mateo Vales,75.33333333333333,3.0,75.33333333333333
2026-01-26,p_287xJj,Gustavo Abregú,,0.0,
2026-02-04,p_287xJj,Gustavo Abregú,45.0,1.0,45.0
2026-02-09,p_287xJj,Gustavo Abregú,67.5,2.0,67.5
2026-02-16,p_287xJj,Gustavo Abregú,68.66666666666667,3.0,68.66666666666667
2026-02-20,p_287xJj,Gustavo Abregú,74.0,4.0,74.0
2026-03-01,p_287xJj,Gustavo Abregú,70.4,5.0,70.4
2026-03-12,p_287xJj,Gustavo Abregú,62.666666666666664,6.0,66.2
2026-03-17,p_287xJj,Gustavo Abregú,66.14285714285714,7.0,65.6
2026-03-22,p_287xJj,Gustavo Abregú,69.125,8.0,69.4
2026-04-07,p_287xJj,Gustavo Abregú,71.44444444444444,9.0,69.4
2026-04-11,p_287xJj,Gustavo Abregú,73.2,10.0,76.0
2026-04-18,p_287xJj,Gustavo Abregú,74.0,11.0,87.6
2026-04-26,p_287xJj,Gustavo Abregú,74.66666666666667,12.0,86.6
2026-05-05,p_287xJj,Gustavo Abregú,75.84615384615384,13.0,86.6
2026-07-24,p_287xJj,Gustavo Abregú,76.85714285714286,14.0,86.6
2026-07-30,p_287xJj,Gustavo Abregú,75.66666666666667,15.0,80.6
2026-08-03,p_287xJj,Gustavo Abregú,76.5625,16.0,82.2
2026-08-09,p_287xJj,Gustavo Abregú,77.3529411764706,17.0,83.8
2026-08-16,p_287xJj,Gustavo Abregú,78.05555555555556,18.0,83.8
2026-08-22,p_287xJj,Gustavo Abregú,78.6842105263158,19.0,83.8
2026-09-01,p_287xJj,Gustavo Abregú,78.8,20.0,88.2
2026-09-08,p_287xJj,Gustavo Abregú,79.33333333333333,21.0,88.2
2026-09-15,p_287xJj,Gustavo Abregú,79.04545454545455,22.0,84.8
2026-09-15,p_287xJj,Gustavo Abregú,79.52173913043478,23.0,84.8
2026-01-25,p_28SEJq,Alexis Maldonado,,0.0,
2026-01-29,p_28SEJq,Alexis Maldonado,90.0,1.0,90.0
2026-02-08,p_28SEJq,Alexis Maldonado,90.0,2.0,90.0
2026-02-15,p_28SEJq,Alexis Maldonado,75.0,3.0,75.0
2026-02-20,p_28SEJq,Alexis Maldonado,78.75,4.0,78.75
2026-02-25,p_28SEJq,Alexis Maldonado,81.0,5.0,81.0
2026-03-03,p_28SEJq,Alexis Maldonado,82.5,6.0,81.0
2026-03-15,p_28SEJq,Alexis Maldonado,83.42857142857143,7.0,80.8
2026-04-05,p_28SEJq,Alexis Maldonado,78.625,8.0,80.8
2026-04-11,p_28SEJq,Alexis Maldonado,79.88888888888889,9.0,80.8
2026-04-20,p_28SEJq,Alexis Maldonado,73.2,10.0,65.4
2026-04-26,p_28SEJq,Alexis Maldonado,74.72727272727273,11.0,65.4
2026-05-03,p_28SEJq,Alexis Maldonado,76.0,12.0,65.6
2026-05-09,p_28SEJq,Alexis Maldonado,77.07692307692308,13.0,74.6
2026-05-12,p_28SEJq,Alexis Maldonado,71.64285714285714,14.0,56.8
2026-05-17,p_28SEJq,Alexis Maldonado,72.86666666666666,15.0,72.2
2026-05-24,p_28SEJq,Alexis Maldonado,75.8125,16.0,78.2
2026-07-23,p_28SEJq,Alexis Maldonado,74.0,17.0,69.2
2026-08-01,p_28SEJq,Alexis Maldonado,74.88888888888889,18.0,69.2
2026-08-06,p_28SEJq,Alexis Maldonado,75.6842105263158,19.0,87.0
2026-08-10,p_28SEJq,Alexis Maldonado,76.4,20.0,87.0
2026-08-15,p_28SEJq,Alexis Maldonado,77.04761904761905,21.0,81.0
2026-02-04,p_28dMyW,Jeremías Lázaro,,0.0,
2026-02-09,p_28dMyW,Jeremías Lázaro,17.0,1.0,17.0
2026-02-20,p_28dMyW,Jeremías Lázaro,21.0,2.0,21.0
2026-03-01,p_28dMyW,Jeremías Lázaro,25.333333333333332,3.0,25.333333333333332
2026-03-12,p_28dMyW,Jeremías Lázaro,21.5,4.0,21.5
2026-03-22,p_28dMyW,Jeremías Lázaro,20.0,5.0,20.0
2026-04-07,p_28dMyW,Jeremías Lázaro,19.5,6.0,20.0
2026-04-11,p_28dMyW,Jeremías Lázaro,18.571428571428573,7.0,17.6
2026-04-18,p_28dMyW,Jeremías Lázaro,19.0,8.0,15.2
2026-04-26,p_28dMyW,Jeremías Lázaro,19.22222222222222,9.0,17.4
2026-05-05,p_28dMyW,Jeremías Lázaro,20.3,10.0,20.6
2026-07-24,p_28dMyW,Jeremías Lázaro,26.0,11.0,33.8
2026-07-30,p_28dMyW,Jeremías Lázaro,25.833333333333332,12.0,36.0
2026-08-03,p_28dMyW,Jeremías Lázaro,24.76923076923077,13.0,34.0
2026-08-09,p_28dMyW,Jeremías Lázaro,24.785714285714285,14.0,34.8
2026-08-16,p_28dMyW,Jeremías Lázaro,26.133333333333333,15.0,37.8
2026-08-22,p_28dMyW,Jeremías Lázaro,26.0625,16.0,26.2
2026-09-01,p_28dMyW,Jeremías Lázaro,26.41176470588235,17.0,27.8
2026-09-08,p_28dMyW,Jeremías Lázaro,29.38888888888889,18.0,41.4
2026-09-15,p_28dMyW,Jeremías Lázaro,29.526315789473685,19.0,42.8
2026-09-15,p_28dMyW,Jeremías Lázaro,31.45,20.0,47.4
2026-02-10,p_28qGUE,Matías Valenti,,0.0,
2026-02-15,p_28qGUE,Matías Valenti,90.0,1.0,90.0
2026-02-22,p_28qGUE,Matías Valenti,67.5,2.0,67.5
2026-02-26,p_28qGUE,Matías Valenti,75.0,3.0,75.0
2026-03-03,p_28qGUE,Matías Valenti,78.75,4.0,78.75
2026-03-12,p_28qGUE,Matías Valenti,81.0,5.0,81.0
2026-03-16,p_28qGUE,Matías Valenti,82.5,6.0,81.0
2026-03-22,p_28qGUE,Matías Valenti,83.57142857142857,7.0,90.0
2026-04-04,p_28qGUE,Matías Valenti,78.75,8.0,81.0
2026-04-18,p_28qGUE,Matías Valenti,80.0,9.0,81.0
2026-04-24,p_28qGUE,Matías Valenti,81.0,10.0,81.0
2026-05-05,p_28qGUE,Matías Valenti,74.0909090909091,11.0,64.0
2026-07-25,p_28qGUE,Matías Valenti,75.41666666666667,12.0,64.0
2026-08-17,p_28qGUE,Matías Valenti,76.53846153846153,13.0,73.0
2026-08-21,p_28qGUE,Matías Valenti,77.5,14.0,73.0
2026-08-29,p_28qGUE,Matías Valenti,78.33333333333333,15.0,73.0
2026-09-04,p_28qGUE,Matías Valenti,79.0625,16.0,90.0
2026-09-15,p_28qGUE,Matías Valenti,79.70588235294117,17.0,90.0
2026-09-15,p_28qGUE,Matías Valenti,80.27777777777777,18.0,90.0
2026-01-26,p_28tcTH,Alejandro Cabrera,,0.0,
2026-01-30,p_28tcTH,Alejandro Cabrera,67.0,1.0,67.0
2026-02-03,p_28tcTH,Alejandro Cabrera,56.0,2.0,56.0
2026-03-12,p_28tcTH,Alejandro Cabrera,46.0,3.0,46.0
2026-03-16,p_28tcTH,Alejandro Cabrera,50.75,4.0,50.75
2026-03-22,p_28tcTH,Alejandro Cabrera,51.8,5.0,51.8
2026-04-04,p_28tcTH,Alejandro Cabrera,45.333333333333336,6.0,41.0
2026-04-12,p_28tcTH,Alejandro Cabrera,51.714285714285715,7.0,50.0
2026-04-18,p_28tcTH,Alejandro Cabrera,56.5,8.0,62.8
2026-04-24,p_28tcTH,Alejandro Cabrera,59.111111111111114,9.0,65.8
2026-05-05,p_28tcTH,Alejandro Cabrera,62.2,10.0,72.6
2026-08-21,p_28tcTH,Alejandro Cabrera,64.72727272727273,11.0,88.0
2026-08-29,p_28tcTH,Alejandro Cabrera,66.83333333333333,12.0,88.0
2026-09-04,p_28tcTH,Alejandro Cabrera,68.61538461538461,13.0,88.0
2026-09-15,p_28tcTH,Alejandro Cabrera,70.14285714285714,14.0,90.0
2026-09-15,p_28tcTH,Alejandro Cabrera,71.46666666666667,15.0,90.0
2026-01-22,p_2A29Ip,Fernando Román,,0.0,
2026-01-28,p_2A29Ip,Fernando Román,90.0,1.0,90.0
2026-02-02,p_2A29Ip,Fernando Román,90.0,2.0,90.0
2026-02-07,p_2A29Ip,Fernando Román,86.66666666666667,3.0,86.66666666666667
2026-02-12,p_2A29Ip,Fernando Román,76.25,4.0,76.25
2026-02-23,p_2A29Ip,Fernando Román,79.0,5.0,79.0
2026-03-03,p_2A29Ip,Fernando Román,80.83333333333333,6.0,79.0
2026-03-12,p_2A29Ip,Fernando Román,82.14285714285714,7.0,79.0
2026-03-16,p_2A29Ip,Fernando Román,83.125,8.0,81.0
2026-03-22,p_2A29Ip,Fernando Román,83.88888888888889,9.0,90.0
2026-04-04,p_2A29Ip,Fernando Román,80.0,10.0,81.0
2026-04-11,p_2A29Ip,Fernando Román,80.9090909090909,11.0,81.0
2026-04-19,p_2A29Ip,Fernando Román,81.66666666666667,12.0,81.0
2026-04-26,p_2A29Ip,Fernando Román,76.0,13.0,64.6
2026-05-03,p_2A29Ip,Fernando Román,72.71428571428571,14.0,52.6
2026-07-24,p_2A29Ip,Fernando Román,68.46666666666667,15.0,45.4
2026-07-29,p_2A29Ip,Fernando Román,64.5625,16.0,28.6
2026-08-01,p_2A29Ip,Fernando Román,62.1764705882353,17.0,15.4
2026-08-09,p_2A29Ip,Fernando Román,60.166666666666664,18.0,19.0
2026-08-17,p_2A29Ip,Fernando Román,61.73684210526316,19.0,31.0
2026-08-23,p_2A29Ip,Fernando Román,62.1,20.0,43.0
2026-08-31,p_2A29Ip,Fernando Román,63.42857142857143,21.0,59.8
2026-09-06,p_2A29Ip,Fernando Román,64.63636363636364,22.0,73.0
2026-09-11,p_2A29Ip,Fernando Román,65.73913043478261,23.0,85.8
2026-03-11,p_2AGsdf,Julián Kadijevic,,0.0,
2026-03-15,p_2AGsdf,Julián Kadijevic,62.0,1.0,62.0
2026-01-23,p_2AQDyY,Jhon Córdoba,,0.0,
2026-02-16,p_2AQDyY,Jhon Córdoba,89.0,1.0,89.0
2026-02-20,p_2AQDyY,Jhon Córdoba,85.0,2.0,85.0
2026-02-24,p_2AQDyY,Jhon Córdoba,82.33333333333333,3.0,82.33333333333333
2026-03-01,p_2AQDyY,Jhon Córdoba,76.75,4.0,76.75
2026-03-17,p_2AQDyY,Jhon Córdoba,66.8,5.0,66.8
2026-03-22,p_2AQDyY,Jhon Córdoba,66.66666666666667,6.0,62.2
2026-04-07,p_2AQDyY,Jhon Córdoba,69.57142857142857,7.0,63.4
2026-04-11,p_2AQDyY,Jhon Córdoba,70.625,8.0,63.6
2026-04-18,p_2AQDyY,Jhon Córdoba,69.77777777777777,9.0,64.2
2026-04-26,p_2AQDyY,Jhon Córdoba,69.6,10.0,72.4
2026-05-05,p_2AQDyY,Jhon Córdoba,70.63636363636364,11.0,75.4
2026-07-24,p_2AQDyY,Jhon Córdoba,70.91666666666667,12.0,72.8
2026-07-30,p_2AQDyY,Jhon Córdoba,71.3076923076923,13.0,72.4
2026-08-03,p_2AQDyY,Jhon Córdoba,71.78571428571429,14.0,75.4
2026-08-09,p_2AQDyY,Jhon Córdoba,71.33333333333333,15.0,74.8
2026-08-16,p_2AQDyY,Jhon Córdoba,69.6875,16.0,67.6
2026-08-22,p_2AQDyY,Jhon Córdoba,69.41176470588235,17.0,65.8
2026-09-01,p_2AQDyY,Jhon Córdoba,68.77777777777777,18.0,62.2
2026-09-08,p_2AQDyY,Jhon Córdoba,69.36842105263158,19.0,62.6
2026-09-15,p_2AQDyY,Jhon Córdoba,68.8,20.0,61.2
2026-09-15,p_2AQDyY,Jhon Córdoba,66.57142857142857,21.0,56.6
2026-05-03,p_2AgfXH,Emmanuel Gómez,,0.0,
2026-08-15,p_2AgfXH,Emmanuel Gómez,90.0,1.0,90.0
2026-01-22,p_2BQd7q,Leandro Lescano,,0.0,
2026-02-21,p_2BQd7q,Leandro Lescano,71.0,1.0,71.0
2026-02-26,p_2BQd7q,Leandro Lescano,53.0,2.0,53.0
2026-05-03,p_2BQd7q,Leandro Lescano,45.0,3.0,45.0
2026-07-25,p_2BQd7q,Leandro Lescano,45.0,4.0,45.0
2026-07-30,p_2BQd7q,Leandro Lescano,36.2,5.0,36.2
2026-08-16,p_2BQd7q,Leandro Lescano,33.666666666666664,6.0,26.2
2026-09-04,p_2BQd7q,Leandro Lescano,41.714285714285715,7.0,37.2
2026-05-03,p_2BSeTF,Maximiliano Meza,,0.0,
2026-05-10,p_2BSeTF,Maximiliano Meza,45.0,1.0,45.0
2026-07-26,p_2BSeTF,Maximiliano Meza,45.0,2.0,45.0
2026-07-31,p_2BSeTF,Maximiliano Meza,39.0,3.0,39.0
2026-08-09,p_2BSeTF,Maximiliano Meza,40.5,4.0,40.5
2026-08-17,p_2BSeTF,Maximiliano Meza,36.8,5.0,36.8
2026-08-22,p_2BSeTF,Maximiliano Meza,35.5,6.0,33.6
2026-08-30,p_2BSeTF,Maximiliano Meza,30.571428571428573,7.0,24.8
2026-09-06,p_2BSeTF,Maximiliano Meza,28.375,8.0,22.0
2026-09-13,p_2BSeTF,Maximiliano Meza,33.111111111111114,9.0,27.2
2026-01-24,p_2CN78Q,Matias Gomez,,0.0,
2026-01-27,p_2CN78Q,Matias Gomez,54.0,1.0,54.0
2026-01-22,p_2CcRpn,Fabio Pereyra,,0.0,
2026-01-27,p_2CcRpn,Fabio Pereyra,90.0,1.0,90.0
2026-02-01,p_2CcRpn,Fabio Pereyra,90.0,2.0,90.0
2026-02-08,p_2CcRpn,Fabio Pereyra,90.0,3.0,90.0
2026-02-14,p_2CcRpn,Fabio Pereyra,90.0,4.0,90.0
2026-02-21,p_2CcRpn,Fabio Pereyra,90.0,5.0,90.0
2026-02-26,p_2CcRpn,Fabio Pereyra,90.0,6.0,90.0
2026-03-03,p_2CcRpn,Fabio Pereyra,90.0,7.0,90.0
2026-03-13,p_2CcRpn,Fabio Pereyra,90.0,8.0,90.0
2026-03-16,p_2CcRpn,Fabio Pereyra,90.0,9.0,90.0
2026-03-24,p_2CcRpn,Fabio Pereyra,90.0,10.0,90.0
2026-04-05,p_2CcRpn,Fabio Pereyra,90.0,11.0,90.0
2026-04-12,p_2CcRpn,Fabio Pereyra,90.0,12.0,90.0
2026-04-21,p_2CcRpn,Fabio Pereyra,90.0,13.0,90.0
2026-04-28,p_2CcRpn,Fabio Pereyra,90.0,14.0,90.0
2026-05-03,p_2CcRpn,Fabio Pereyra,90.0,15.0,90.0
2026-05-09,p_2CcRpn,Fabio Pereyra,90.0,16.0,90.0
2026-07-25,p_2CcRpn,Fabio Pereyra,90.88235294117646,17.0,93.0
2026-07-30,p_2CcRpn,Fabio Pereyra,86.27777777777777,18.0,76.6
2026-09-14,p_2CcRpn,Fabio Pereyra,84.10526315789474,19.0,67.6
2026-09-14,p_2CcRpn,Fabio Pereyra,84.4,20.0,67.6
2026-01-23,p_2D7OBP,Lucas Robertone,,0.0,
2026-01-27,p_2D7OBP,Lucas Robertone,1.0,1.0,1.0
2026-01-31,p_2D7OBP,Lucas Robertone,10.5,2.0,10.5
2026-02-09,p_2D7OBP,Lucas Robertone,16.0,3.0,16.0
2026-02-14,p_2D7OBP,Lucas Robertone,15.0,4.0,15.0
2026-02-22,p_2D7OBP,Lucas Robertone,14.6,5.0,14.6
2026-02-25,p_2D7OBP,Lucas Robertone,23.0,6.0,27.4
2026-03-02,p_2D7OBP,Lucas Robertone,29.857142857142858,7.0,37.6
2026-03-10,p_2D7OBP,Lucas Robertone,34.375,8.0,45.4
2026-03-14,p_2D7OBP,Lucas Robertone,40.44444444444444,9.0,60.8
2026-03-21,p_2D7OBP,Lucas Robertone,44.8,10.0,75.0
2026-04-14,p_2D7OBP,Lucas Robertone,47.81818181818182,11.0,77.6
2026-04-20,p_2D7OBP,Lucas Robertone,46.166666666666664,12.0,69.0
2026-04-27,p_2D7OBP,Lucas Robertone,49.53846153846154,13.0,73.8
2026-05-11,p_2D7OBP,Lucas Robertone,52.42857142857143,14.0,74.0
2026-07-24,p_2D7OBP,Lucas Robertone,53.666666666666664,15.0,71.4
2026-07-30,p_2D7OBP,Lucas Robertone,51.0625,16.0,58.2
2026-08-08,p_2D7OBP,Lucas Robertone,49.1764705882353,17.0,56.4
2026-08-17,p_2D7OBP,Lucas Robertone,51.0,18.0,54.8
2026-08-23,p_2D7OBP,Lucas Robertone,52.526315789473685,19.0,52.8
2026-08-29,p_2D7OBP,Lucas Robertone,54.4,20.0,56.6
2026-09-06,p_2D7OBP,Lucas Robertone,55.095238095238095,21.0,68.0
2026-09-11,p_2D7OBP,Lucas Robertone,55.86363636363637,22.0,78.6
2026-02-01,p_2DN8Ao,Lautaro Mora,,0.0,
2026-02-08,p_2DN8Ao,Lautaro Mora,19.0,1.0,19.0
2026-02-14,p_2DN8Ao,Lautaro Mora,12.5,2.0,12.5
2026-03-03,p_2DN8Ao,Lautaro Mora,10.333333333333334,3.0,10.333333333333334
2026-03-16,p_2DN8Ao,Lautaro Mora,9.75,4.0,9.75
2026-08-04,p_2DN8Ao,Lautaro Mora,9.4,5.0,9.4
2026-08-09,p_2DN8Ao,Lautaro Mora,9.333333333333334,6.0,7.4
2026-08-16,p_2DN8Ao,Lautaro Mora,9.714285714285714,7.0,8.6
2026-08-23,p_2DN8Ao,Lautaro Mora,10.625,8.0,10.8
2026-08-29,p_2DN8Ao,Lautaro Mora,17.555555555555557,9.0,23.8
2026-01-23,p_2DQVsu,Eric Meza,,0.0,
2026-01-29,p_2DQVsu,Eric Meza,68.0,1.0,68.0
2026-02-02,p_2DQVsu,Eric Meza,79.0,2.0,79.0
2026-02-09,p_2DQVsu,Eric Meza,82.66666666666667,3.0,82.66666666666667
2026-02-15,p_2DQVsu,Eric Meza,78.75,4.0,78.75
2026-02-20,p_2DQVsu,Eric Meza,75.6,5.0,75.6
2026-02-25,p_2DQVsu,Eric Meza,74.33333333333333,6.0,75.6
2026-03-02,p_2DQVsu,Eric Meza,74.0,7.0,72.0
2026-03-18,p_2DQVsu,Eric Meza,73.5,8.0,68.0
2026-03-23,p_2DQVsu,Eric Meza,73.55555555555556,9.0,69.4
2026-04-03,p_2DQVsu,Eric Meza,75.2,10.0,74.8
2026-04-18,p_2DQVsu,Eric Meza,76.54545454545455,11.0,79.2
2026-07-26,p_2DQVsu,Eric Meza,73.91666666666667,12.0,73.8
2026-08-01,p_2DQVsu,Eric Meza,75.15384615384616,13.0,77.8
2026-08-05,p_2DQVsu,Eric Meza,76.21428571428571,14.0,81.0
2026-08-15,p_2DQVsu,Eric Meza,77.13333333333334,15.0,81.0
2026-08-23,p_2DQVsu,Eric Meza,74.125,16.0,68.8
2026-08-31,p_2DQVsu,Eric Meza,72.41176470588235,17.0,68.8
2026-09-06,p_2DQVsu,Eric Meza,70.88888888888889,18.0,59.8
2026-09-12,p_2DQVsu,Eric Meza,71.89473684210526,19.0,59.8
2026-01-24,p_2Dj6gK,Aníbal Moreno,,0.0,
2026-01-28,p_2Dj6gK,Aníbal Moreno,90.0,1.0,90.0
2026-02-02,p_2Dj6gK,Aníbal Moreno,90.0,2.0,90.0
2026-02-07,p_2Dj6gK,Aníbal Moreno,90.0,3.0,90.0
2026-02-13,p_2Dj6gK,Aníbal Moreno,90.0,4.0,90.0
2026-02-22,p_2Dj6gK,Aníbal Moreno,87.0,5.0,87.0
2026-02-26,p_2Dj6gK,Aníbal Moreno,87.5,6.0,87.0
2026-03-03,p_2Dj6gK,Aníbal Moreno,85.85714285714286,7.0,84.2
2026-03-13,p_2Dj6gK,Aníbal Moreno,86.25,8.0,84.0
2026-03-15,p_2Dj6gK,Aníbal Moreno,86.66666666666667,9.0,84.0
2026-03-22,p_2Dj6gK,Aníbal Moreno,85.2,10.0,83.4
2026-04-05,p_2Dj6gK,Aníbal Moreno,85.63636363636364,11.0,83.4
2026-04-12,p_2Dj6gK,Aníbal Moreno,86.0,12.0,86.2
2026-04-19,p_2Dj6gK,Aníbal Moreno,86.3076923076923,13.0,86.4
2026-04-26,p_2Dj6gK,Aníbal Moreno,86.57142857142857,14.0,86.4
2026-05-03,p_2Dj6gK,Aníbal Moreno,86.8,15.0,90.0
2026-05-10,p_2Dj6gK,Aníbal Moreno,87.0,16.0,90.0
2026-05-14,p_2Dj6gK,Aníbal Moreno,88.94117647058823,17.0,96.0
2026-05-16,p_2Dj6gK,Aníbal Moreno,89.0,18.0,96.0
2026-05-24,p_2Dj6gK,Aníbal Moreno,87.26315789473684,19.0,89.2
2026-08-02,p_2Dj6gK,Aníbal Moreno,87.35,20.0,89.0
2026-08-08,p_2Dj6gK,Aníbal Moreno,87.47619047619048,21.0,89.0
2026-08-16,p_2Dj6gK,Aníbal Moreno,87.5909090909091,22.0,83.0
2026-08-23,p_2Dj6gK,Aníbal Moreno,87.69565217391305,23.0,83.0
2026-01-25,p_2DxNya,Alexander Díaz,,0.0,
2026-01-29,p_2DxNya,Alexander Díaz,27.0,1.0,27.0
2026-02-01,p_2DxNya,Alexander Díaz,46.5,2.0,46.5
2026-02-25,p_2DxNya,Alexander Díaz,56.666666666666664,3.0,56.666666666666664
2026-03-02,p_2DxNya,Alexander Díaz,53.75,4.0,53.75
2026-03-12,p_2DxNya,Alexander Díaz,52.0,5.0,52.0
2026-03-18,p_2DxNya,Alexander Díaz,50.833333333333336,6.0,55.6
2026-03-25,p_2DxNya,Alexander Díaz,51.714285714285715,7.0,53.8
2026-04-03,p_2DxNya,Alexander Díaz,56.5,8.0,56.4
2026-04-11,p_2DxNya,Alexander Díaz,58.666666666666664,9.0,62.6
2026-07-26,p_2DxNya,Alexander Díaz,61.8,10.0,71.6
2026-07-29,p_2DxNya,Alexander Díaz,61.72727272727273,11.0,74.8
2026-08-02,p_2DxNya,Alexander Díaz,62.083333333333336,12.0,76.6
2026-08-08,p_2DxNya,Alexander Díaz,64.23076923076923,13.0,76.6
2026-08-15,p_2DxNya,Alexander Díaz,64.71428571428571,14.0,75.6
2026-08-23,p_2DxNya,Alexander Díaz,65.4,15.0,72.6
2026-08-29,p_2DxNya,Alexander Díaz,62.5,16.0,64.2
2026-09-04,p_2DxNya,Alexander Díaz,59.35294117647059,17.0,52.8
2026-09-14,p_2DxNya,Alexander Díaz,57.77777777777778,18.0,41.0
2026-09-14,p_2DxNya,Alexander Díaz,59.473684210526315,19.0,44.8
2026-08-14,p_2Dzb5G,Alexander Machado,,0.0,
2026-08-23,p_2Dzb5G,Alexander Machado,80.0,1.0,80.0
2026-08-30,p_2Dzb5G,Alexander Machado,79.0,2.0,79.0
2026-09-05,p_2Dzb5G,Alexander Machado,79.33333333333333,3.0,79.33333333333333
2026-09-14,p_2Dzb5G,Alexander Machado,82.0,4.0,82.0
2026-09-14,p_2Dzb5G,Alexander Machado,83.0,5.0,83.0
2026-07-24,p_2EGkZh,Domingo Blanco,,0.0,
2026-07-29,p_2EGkZh,Domingo Blanco,20.0,1.0,20.0
2026-08-01,p_2EGkZh,Domingo Blanco,17.5,2.0,17.5
2026-08-09,p_2EGkZh,Domingo Blanco,20.333333333333332,3.0,20.333333333333332
2026-08-17,p_2EGkZh,Domingo Blanco,30.0,4.0,30.0
2026-08-23,p_2EGkZh,Domingo Blanco,35.2,5.0,35.2
2026-09-06,p_2EGkZh,Domingo Blanco,32.166666666666664,6.0,34.6
2026-01-22,p_2EKu08,Felipe Bussio,,0.0,
2026-01-26,p_2EKu08,Felipe Bussio,90.0,1.0,90.0
2026-02-01,p_2EKu08,Felipe Bussio,79.0,2.0,79.0
2026-02-08,p_2EKu08,Felipe Bussio,71.66666666666667,3.0,71.66666666666667
2026-02-15,p_2EKu08,Felipe Bussio,71.25,4.0,71.25
2026-02-24,p_2EKu08,Felipe Bussio,75.0,5.0,75.0
2026-03-02,p_2EKu08,Felipe Bussio,66.66666666666667,6.0,62.0
2026-03-11,p_2EKu08,Felipe Bussio,58.142857142857146,7.0,49.8
2026-03-23,p_2EKu08,Felipe Bussio,51.0,8.0,38.6
2026-04-01,p_2EKu08,Felipe Bussio,55.333333333333336,9.0,42.6
2026-07-25,p_2EKu08,Felipe Bussio,50.5,10.0,26.0
2026-08-23,p_2EKu08,Felipe Bussio,46.0,11.0,21.2
2026-01-24,p_2F62xT,Lautaro Godoy,,0.0,
2026-01-28,p_2F62xT,Lautaro Godoy,1.0,1.0,1.0
2026-02-08,p_2F62xT,Lautaro Godoy,1.5,2.0,1.5
2026-02-15,p_2F62xT,Lautaro Godoy,10.666666666666666,3.0,10.666666666666666
2026-02-20,p_2F62xT,Lautaro Godoy,8.75,4.0,8.75
2026-02-25,p_2F62xT,Lautaro Godoy,16.2,5.0,16.2
2026-03-04,p_2F62xT,Lautaro Godoy,23.333333333333332,6.0,27.8
2026-03-16,p_2F62xT,Lautaro Godoy,24.0,7.0,33.0
2026-04-05,p_2F62xT,Lautaro Godoy,26.5,8.0,36.0
2026-04-12,p_2F62xT,Lautaro Godoy,25.88888888888889,9.0,39.6
2026-04-19,p_2F62xT,Lautaro Godoy,25.2,10.0,34.2
2026-04-26,p_2F62xT,Lautaro Godoy,23.454545454545453,11.0,23.6
2026-05-03,p_2F62xT,Lautaro Godoy,29.0,12.0,36.0
2026-07-26,p_2F62xT,Lautaro Godoy,33.69230769230769,13.0,45.2
2026-07-31,p_2F62xT,Lautaro Godoy,37.642857142857146,14.0,58.8
2026-08-04,p_2F62xT,Lautaro Godoy,41.06666666666667,15.0,72.8
2026-08-08,p_2F62xT,Lautaro Godoy,43.8125,16.0,88.6
2026-08-17,p_2F62xT,Lautaro Godoy,46.529411764705884,17.0,88.6
2026-08-22,p_2F62xT,Lautaro Godoy,48.94444444444444,18.0,88.6
2026-08-30,p_2F62xT,Lautaro Godoy,51.10526315789474,19.0,88.8
2026-09-07,p_2F62xT,Lautaro Godoy,53.05,20.0,89.0
2026-09-12,p_2F62xT,Lautaro Godoy,54.80952380952381,21.0,90.0
2026-08-01,p_2F6lf3,Germán Guiffrey,,0.0,
2026-08-09,p_2F6lf3,Germán Guiffrey,45.0,1.0,45.0
2026-08-22,p_2F6lf3,Germán Guiffrey,62.0,2.0,62.0
2026-02-21,p_2FOJTC,Lucas Emanuel Gamba,,0.0,
2026-03-16,p_2FOJTC,Lucas Emanuel Gamba,2.0,1.0,2.0
2026-03-24,p_2FOJTC,Lucas Emanuel Gamba,14.0,2.0,14.0
2026-04-02,p_2FOJTC,Lucas Emanuel Gamba,18.0,3.0,18.0
2026-05-02,p_2FOJTC,Lucas Emanuel Gamba,24.75,4.0,24.75
2026-08-09,p_2FOJTC,Lucas Emanuel Gamba,22.0,5.0,22.0
2026-08-24,p_2FsuJc,Facundo Herrera,,0.0,
2026-08-29,p_2FsuJc,Facundo Herrera,45.0,1.0,45.0
2026-09-05,p_2FsuJc,Facundo Herrera,67.5,2.0,67.5
2026-08-25,p_2GJUhU,Thiago Laplace,,0.0,
2026-01-23,p_2GcFwZ,Lautaro Millán,,0.0,
2026-01-28,p_2GcFwZ,Lautaro Millán,31.0,1.0,31.0
2026-01-31,p_2GcFwZ,Lautaro Millán,49.0,2.0,49.0
2026-02-08,p_2GcFwZ,Lautaro Millán,47.666666666666664,3.0,47.666666666666664
2026-02-13,p_2GcFwZ,Lautaro Millán,58.25,4.0,58.25
2026-02-21,p_2GcFwZ,Lautaro Millán,61.8,5.0,61.8
2026-02-25,p_2GcFwZ,Lautaro Millán,65.5,6.0,72.4
2026-02-28,p_2GcFwZ,Lautaro Millán,62.57142857142857,7.0,68.0
2026-03-10,p_2GcFwZ,Lautaro Millán,62.375,8.0,71.2
2026-03-21,p_2GcFwZ,Lautaro Millán,60.44444444444444,9.0,62.2
2026-04-04,p_2GcFwZ,Lautaro Millán,61.0,10.0,60.2
2026-04-18,p_2GcFwZ,Lautaro Millán,60.72727272727273,11.0,55.0
2026-04-24,p_2GcFwZ,Lautaro Millán,57.5,12.0,50.4
2026-05-02,p_2GcFwZ,Lautaro Millán,54.92307692307692,13.0,43.0
2026-05-10,p_2GcFwZ,Lautaro Millán,52.785714285714285,14.0,39.0
2026-08-09,p_2GcFwZ,Lautaro Millán,50.266666666666666,15.0,28.8
2026-08-17,p_2GcFwZ,Lautaro Millán,49.9375,16.0,26.2
2026-08-22,p_2GcFwZ,Lautaro Millán,50.588235294117645,17.0,34.0
2026-08-30,p_2GcFwZ,Lautaro Millán,52.333333333333336,18.0,45.6
2026-09-13,p_2GcFwZ,Lautaro Millán,53.63157894736842,19.0,56.0
2026-07-25,p_2HsKZ1,Ezequiel Unsain,,0.0,
2026-07-30,p_2HsKZ1,Ezequiel Unsain,90.0,1.0,90.0
2026-08-12,p_2HsKZ1,Ezequiel Unsain,90.0,2.0,90.0
2026-08-18,p_2HsKZ1,Ezequiel Unsain,90.0,3.0,90.0
2026-08-25,p_2HsKZ1,Ezequiel Unsain,90.0,4.0,90.0
2026-08-30,p_2HsKZ1,Ezequiel Unsain,90.0,5.0,90.0
2026-09-05,p_2HsKZ1,Ezequiel Unsain,90.0,6.0,90.0
2026-09-12,p_2HsKZ1,Ezequiel Unsain,90.0,7.0,90.0
2026-03-01,p_2HueRI,Gabriel Florentín,,0.0,
2026-03-11,p_2HueRI,Gabriel Florentín,21.0,1.0,21.0
2026-05-03,p_2HueRI,Gabriel Florentín,18.5,2.0,18.5
2026-05-17,p_2HueRI,Gabriel Florentín,18.666666666666668,3.0,18.666666666666668
2026-07-29,p_2HueRI,Gabriel Florentín,25.75,4.0,25.75
2026-08-01,p_2HueRI,Gabriel Florentín,22.8,5.0,22.8
2026-08-09,p_2HueRI,Gabriel Florentín,26.5,6.0,27.6
2026-08-16,p_2HueRI,Gabriel Florentín,23.857142857142858,7.0,26.0
2026-08-25,p_2HueRI,Gabriel Florentín,24.625,8.0,28.2
2026-08-30,p_2HueRI,Gabriel Florentín,22.555555555555557,9.0,20.0
2026-09-07,p_2HueRI,Gabriel Florentín,21.2,10.0,19.6
2026-09-13,p_2HueRI,Gabriel Florentín,21.272727272727273,11.0,15.0
2026-03-02,p_2ITZER,Facundo Sánchez,,0.0,
2026-04-01,p_2ITZER,Facundo Sánchez,80.0,1.0,80.0
2026-04-24,p_2ITZER,Facundo Sánchez,68.0,2.0,68.0
2026-05-02,p_2ITZER,Facundo Sánchez,49.0,3.0,49.0
2026-02-26,p_2IanNl,Gabriel Díaz,,0.0,
2026-03-03,p_2IanNl,Gabriel Díaz,45.0,1.0,45.0
2026-03-11,p_2IanNl,Gabriel Díaz,55.0,2.0,55.0
2026-03-15,p_2IanNl,Gabriel Díaz,61.0,3.0,61.0
2026-04-19,p_2IanNl,Gabriel Díaz,55.5,4.0,55.5
2026-04-25,p_2IanNl,Gabriel Díaz,50.4,5.0,50.4
2026-07-23,p_2IanNl,Gabriel Díaz,43.0,6.0,42.6
2026-07-28,p_2IanNl,Gabriel Díaz,49.57142857142857,7.0,47.4
2026-08-08,p_2IanNl,Gabriel Díaz,49.0,8.0,41.8
2026-09-04,p_2IanNl,Gabriel Díaz,43.666666666666664,9.0,34.2
2026-02-15,p_2JAW7x,Martin Nicolas Benitez,,0.0,
2026-02-25,p_2JAW7x,Martin Nicolas Benitez,10.0,1.0,10.0
2026-03-04,p_2JAW7x,Martin Nicolas Benitez,16.0,2.0,16.0
2026-01-22,p_2JMaoS,Lucas Souto,,0.0,
2026-01-29,p_2JMaoS,Lucas Souto,90.0,1.0,90.0
2026-02-02,p_2JMaoS,Lucas Souto,90.0,2.0,90.0
2026-02-08,p_2JMaoS,Lucas Souto,75.0,3.0,75.0
2026-02-14,p_2JMaoS,Lucas Souto,78.75,4.0,78.75
2026-02-20,p_2JMaoS,Lucas Souto,81.0,5.0,81.0
2026-02-24,p_2JMaoS,Lucas Souto,82.5,6.0,81.0
2026-03-02,p_2JMaoS,Lucas Souto,83.57142857142857,7.0,81.0
2026-03-12,p_2JMaoS,Lucas Souto,84.375,8.0,90.0
2026-03-16,p_2JMaoS,Lucas Souto,85.0,9.0,90.0
2026-03-21,p_2JMaoS,Lucas Souto,85.5,10.0,90.0
2026-04-07,p_2JMaoS,Lucas Souto,85.9090909090909,11.0,90.0
2026-04-18,p_2JMaoS,Lucas Souto,86.25,12.0,90.0
2026-04-23,p_2JMaoS,Lucas Souto,86.53846153846153,13.0,90.0
2026-05-04,p_2JMaoS,Lucas Souto,86.78571428571429,14.0,90.0
2026-07-24,p_2JMaoS,Lucas Souto,87.0,15.0,90.0
2026-07-29,p_2JMaoS,Lucas Souto,87.1875,16.0,90.0
2026-08-01,p_2JMaoS,Lucas Souto,87.3529411764706,17.0,90.0
2026-02-13,p_2L5dje,Thomás de Martis,,0.0,
2026-03-05,p_2L5dje,Thomás de Martis,14.0,1.0,14.0
2026-03-13,p_2L5dje,Thomás de Martis,29.5,2.0,29.5
2026-04-01,p_2L5dje,Thomás de Martis,23.666666666666668,3.0,23.666666666666668
2026-04-21,p_2L5dje,Thomás de Martis,19.5,4.0,19.5
2026-08-14,p_2M9PCX,Gino Santilli,,0.0,
2026-08-23,p_2M9PCX,Gino Santilli,90.0,1.0,90.0
2026-01-22,p_2N5L7Q,Mauro Luna Diale,,0.0,
2026-08-06,p_2N5L7Q,Mauro Luna Diale,11.0,1.0,11.0
2026-08-11,p_2N5L7Q,Mauro Luna Diale,16.0,2.0,16.0
2026-08-15,p_2N5L7Q,Mauro Luna Diale,18.0,3.0,18.0
2026-08-21,p_2N5L7Q,Mauro Luna Diale,31.5,4.0,31.5
2026-08-28,p_2N5L7Q,Mauro Luna Diale,43.2,5.0,43.2
2026-09-12,p_2N5L7Q,Mauro Luna Diale,39.833333333333336,6.0,45.6
2026-02-22,p_2N66aZ,Joaquín Freitas,,0.0,
2026-02-26,p_2N66aZ,Joaquín Freitas,63.0,1.0,63.0
2026-03-03,p_2N66aZ,Joaquín Freitas,64.5,2.0,64.5
2026-03-13,p_2N66aZ,Joaquín Freitas,72.66666666666667,3.0,72.66666666666667
2026-03-15,p_2N66aZ,Joaquín Freitas,65.75,4.0,65.75
2026-03-22,p_2N66aZ,Joaquín Freitas,61.6,5.0,61.6
2026-04-05,p_2N66aZ,Joaquín Freitas,63.833333333333336,6.0,64.0
2026-04-19,p_2N66aZ,Joaquín Freitas,55.57142857142857,7.0,52.0
2026-04-26,p_2N66aZ,Joaquín Freitas,52.75,8.0,40.8
2026-05-03,p_2N66aZ,Joaquín Freitas,49.44444444444444,9.0,36.4
2026-05-10,p_2N66aZ,Joaquín Freitas,44.6,10.0,27.6
2026-05-14,p_2N66aZ,Joaquín Freitas,42.36363636363637,11.0,16.6
2026-05-16,p_2N66aZ,Joaquín Freitas,41.333333333333336,12.0,21.4
2026-05-24,p_2N66aZ,Joaquín Freitas,44.07692307692308,13.0,30.2
2026-07-25,p_2N66aZ,Joaquín Freitas,47.357142857142854,14.0,43.6
2026-07-29,p_2N66aZ,Joaquín Freitas,47.2,15.0,52.4
2026-08-02,p_2N66aZ,Joaquín Freitas,49.875,16.0,66.4
2026-08-08,p_2N66aZ,Joaquín Freitas,50.88235294117647,17.0,73.8
2026-08-16,p_2N66aZ,Joaquín Freitas,52.333333333333336,18.0,73.8
2026-08-23,p_2N66aZ,Joaquín Freitas,52.89473684210526,19.0,68.4
2026-01-24,p_2N9XHp,Iván Tapia,,0.0,
2026-01-28,p_2N9XHp,Iván Tapia,82.0,1.0,82.0
2026-02-01,p_2N9XHp,Iván Tapia,86.0,2.0,86.0
2026-02-09,p_2N9XHp,Iván Tapia,81.0,3.0,81.0
2026-02-16,p_2N9XHp,Iván Tapia,82.75,4.0,82.75
2026-02-21,p_2N9XHp,Iván Tapia,80.8,5.0,80.8
2026-02-25,p_2N9XHp,Iván Tapia,82.33333333333333,6.0,82.4
2026-03-01,p_2N9XHp,Iván Tapia,80.85714285714286,7.0,78.8
2026-03-12,p_2N9XHp,Iván Tapia,79.75,8.0,79.0
2026-03-16,p_2N9XHp,Iván Tapia,80.88888888888889,9.0,79.4
2026-03-24,p_2N9XHp,Iván Tapia,79.2,10.0,77.6
2026-04-02,p_2N9XHp,Iván Tapia,80.18181818181819,11.0,77.6
2026-04-12,p_2N9XHp,Iván Tapia,78.58333333333333,12.0,75.4
2026-04-20,p_2N9XHp,Iván Tapia,77.38461538461539,13.0,73.6
2026-04-25,p_2N9XHp,Iván Tapia,76.42857142857143,14.0,68.4
2026-05-02,p_2N9XHp,Iván Tapia,74.33333333333333,15.0,64.6
2026-07-25,p_2N9XHp,Iván Tapia,73.8125,16.0,59.8
2026-07-29,p_2N9XHp,Iván Tapia,74.70588235294117,17.0,65.4
2026-08-02,p_2N9XHp,Iván Tapia,74.44444444444444,18.0,66.8
2026-08-09,p_2N9XHp,Iván Tapia,74.52631578947368,19.0,69.2
2026-08-17,p_2N9XHp,Iván Tapia,74.4,20.0,74.6
2026-08-23,p_2N9XHp,Iván Tapia,74.42857142857143,21.0,76.4
2026-09-01,p_2N9XHp,Iván Tapia,74.63636363636364,22.0,74.4
2026-09-07,p_2N9XHp,Iván Tapia,75.30434782608695,23.0,78.4
2026-09-14,p_2N9XHp,Iván Tapia,75.16666666666667,24.0,77.6
2026-09-14,p_2N9XHp,Iván Tapia,75.76,25.0,81.2
2026-01-22,p_2N9wLu,Federico Acevedo,,0.0,
2026-01-28,p_2N9wLu,Federico Acevedo,90.0,1.0,90.0
2026-02-02,p_2N9wLu,Federico Acevedo,90.0,2.0,90.0
2026-02-07,p_2N9wLu,Federico Acevedo,90.0,3.0,90.0
2026-02-12,p_2N9wLu,Federico Acevedo,88.0,4.0,88.0
2026-02-23,p_2N9wLu,Federico Acevedo,87.0,5.0,87.0
2026-03-03,p_2N9wLu,Federico Acevedo,87.5,6.0,87.0
2026-03-12,p_2N9wLu,Federico Acevedo,87.85714285714286,7.0,87.0
2026-03-16,p_2N9wLu,Federico Acevedo,88.125,8.0,87.0
2026-03-22,p_2N9wLu,Federico Acevedo,88.33333333333333,9.0,88.6
2026-03-31,p_2N9wLu,Federico Acevedo,85.2,10.0,83.4
2026-04-04,p_2N9wLu,Federico Acevedo,85.63636363636364,11.0,83.4
2026-04-19,p_2N9wLu,Federico Acevedo,83.08333333333333,12.0,76.4
2026-01-24,p_2NHgvd,Facundo Colidio,,0.0,
2026-01-28,p_2NHgvd,Facundo Colidio,61.0,1.0,61.0
2026-02-02,p_2NHgvd,Facundo Colidio,64.5,2.0,64.5
2026-02-07,p_2NHgvd,Facundo Colidio,68.66666666666667,3.0,68.66666666666667
2026-02-22,p_2NHgvd,Facundo Colidio,66.75,4.0,66.75
2026-03-03,p_2NHgvd,Facundo Colidio,71.4,5.0,71.4
2026-03-13,p_2NHgvd,Facundo Colidio,59.666666666666664,6.0,59.4
2026-04-05,p_2NHgvd,Facundo Colidio,53.285714285714285,7.0,48.8
2026-04-12,p_2NHgvd,Facundo Colidio,55.75,8.0,48.0
2026-04-19,p_2NHgvd,Facundo Colidio,59.55555555555556,9.0,53.8
2026-04-26,p_2NHgvd,Facundo Colidio,62.6,10.0,53.8
2026-05-03,p_2NHgvd,Facundo Colidio,65.0,11.0,71.4
2026-05-10,p_2NHgvd,Facundo Colidio,67.08333333333333,12.0,86.4
2026-05-14,p_2NHgvd,Facundo Colidio,66.92307692307692,13.0,84.8
2026-05-16,p_2NHgvd,Facundo Colidio,67.5,14.0,81.8
2026-05-24,p_2NHgvd,Facundo Colidio,68.53333333333333,15.0,80.4
2026-07-25,p_2NHgvd,Facundo Colidio,69.875,16.0,80.6
2026-07-29,p_2NHgvd,Facundo Colidio,69.70588235294117,17.0,76.0
2026-08-02,p_2NHgvd,Facundo Colidio,66.88888888888889,18.0,66.8
2026-01-24,p_2Nqqrm,Facundo Samuel Guch,,0.0,
2026-01-28,p_2Nqqrm,Facundo Samuel Guch,80.0,1.0,80.0
2026-02-01,p_2Nqqrm,Facundo Samuel Guch,71.0,2.0,71.0
2026-02-08,p_2Nqqrm,Facundo Samuel Guch,69.66666666666667,3.0,69.66666666666667
2026-02-16,p_2Nqqrm,Facundo Samuel Guch,73.75,4.0,73.75
2026-02-21,p_2Nqqrm,Facundo Samuel Guch,68.0,5.0,68.0
2026-02-25,p_2Nqqrm,Facundo Samuel Guch,59.333333333333336,6.0,55.2
2026-03-11,p_2Nqqrm,Facundo Samuel Guch,63.714285714285715,7.0,60.8
2026-03-21,p_2Nqqrm,Facundo Samuel Guch,66.875,8.0,65.2
2026-04-05,p_2Nqqrm,Facundo Samuel Guch,67.11111111111111,9.0,61.8
2026-04-12,p_2Nqqrm,Facundo Samuel Guch,67.0,10.0,66.0
2026-04-17,p_2Nqqrm,Facundo Samuel Guch,67.81818181818181,11.0,78.0
2026-04-26,p_2Nqqrm,Facundo Samuel Guch,67.58333333333333,12.0,73.0
2026-05-04,p_2Nqqrm,Facundo Samuel Guch,68.53846153846153,13.0,71.2
2026-07-25,p_2Nqqrm,Facundo Samuel Guch,66.85714285714286,14.0,66.4
2026-07-31,p_2Nqqrm,Facundo Samuel Guch,67.06666666666666,15.0,67.2
2026-08-02,p_2Nqqrm,Facundo Samuel Guch,67.1875,16.0,65.8
2026-08-09,p_2Nqqrm,Facundo Samuel Guch,68.47058823529412,17.0,70.6
2026-08-15,p_2Nqqrm,Facundo Samuel Guch,68.61111111111111,18.0,68.8
2026-08-23,p_2Nqqrm,Facundo Samuel Guch,69.73684210526316,19.0,77.8
2026-08-31,p_2Nqqrm,Facundo Samuel Guch,70.25,20.0,79.8
2026-09-06,p_2Nqqrm,Facundo Samuel Guch,70.38095238095238,21.0,80.6
2026-09-11,p_2Nqqrm,Facundo Samuel Guch,69.9090909090909,22.0,74.8
2026-07-26,p_2NqrDm,Braian Sánchez,,0.0,
2026-07-29,p_2NqrDm,Braian Sánchez,69.0,1.0,69.0
2026-08-02,p_2NqrDm,Braian Sánchez,57.0,2.0,57.0
2026-08-08,p_2NqrDm,Braian Sánchez,44.666666666666664,3.0,44.666666666666664
2026-08-15,p_2NqrDm,Braian Sánchez,50.0,4.0,50.0
2026-08-29,p_2NqrDm,Braian Sánchez,54.0,5.0,54.0
2026-09-04,p_2NqrDm,Braian Sánchez,55.0,6.0,52.2
2026-07-29,p_2O3Io1,Juan Barbieri,,0.0,
2026-08-02,p_2O3Io1,Juan Barbieri,20.0,1.0,20.0
2026-08-09,p_2O3Io1,Juan Barbieri,11.5,2.0,11.5
2026-01-26,p_2OHkn8,Nicolás Oroz,,0.0,
2026-01-30,p_2OHkn8,Nicolás Oroz,73.0,1.0,73.0
2026-02-03,p_2OHkn8,Nicolás Oroz,69.5,2.0,69.5
2026-02-07,p_2OHkn8,Nicolás Oroz,48.666666666666664,3.0,48.666666666666664
2026-02-13,p_2OHkn8,Nicolás Oroz,44.5,4.0,44.5
2026-03-11,p_2OHkn8,Nicolás Oroz,52.2,5.0,52.2
2026-03-16,p_2OHkn8,Nicolás Oroz,55.833333333333336,6.0,52.4
2026-03-23,p_2OHkn8,Nicolás Oroz,60.57142857142857,7.0,57.0
2026-03-27,p_2OHkn8,Nicolás Oroz,64.0,8.0,73.2
2026-03-31,p_2OHkn8,Nicolás Oroz,66.44444444444444,9.0,84.0
2026-04-06,p_2OHkn8,Nicolás Oroz,68.8,10.0,85.4
2026-04-11,p_2OHkn8,Nicolás Oroz,70.0909090909091,11.0,87.2
2026-04-19,p_2OHkn8,Nicolás Oroz,69.83333333333333,12.0,82.8
2026-04-28,p_2OHkn8,Nicolás Oroz,71.3076923076923,13.0,83.0
2026-05-03,p_2OHkn8,Nicolás Oroz,69.42857142857143,14.0,74.8
2026-05-10,p_2OHkn8,Nicolás Oroz,68.93333333333334,15.0,69.2
2026-05-13,p_2OHkn8,Nicolás Oroz,69.8125,16.0,69.2
2026-05-17,p_2OHkn8,Nicolás Oroz,71.47058823529412,17.0,75.4
2026-07-23,p_2OHkn8,Nicolás Oroz,72.05555555555556,18.0,74.0
2026-07-29,p_2OHkn8,Nicolás Oroz,73.0,19.0,83.0
2026-08-01,p_2OHkn8,Nicolás Oroz,73.85,20.0,88.6
2026-08-09,p_2OHkn8,Nicolás Oroz,74.61904761904762,21.0,90.0
2026-08-16,p_2OHkn8,Nicolás Oroz,74.45454545454545,22.0,84.6
2026-08-25,p_2OHkn8,Nicolás Oroz,74.21739130434783,23.0,82.0
2026-08-30,p_2OHkn8,Nicolás Oroz,74.625,24.0,80.8
2026-09-07,p_2OHkn8,Nicolás Oroz,74.52,25.0,77.2
2026-09-13,p_2OHkn8,Nicolás Oroz,75.11538461538461,26.0,77.2
2026-01-26,p_2OigHb,Bruno Leyes,,0.0,
2026-01-29,p_2OigHb,Bruno Leyes,90.0,1.0,90.0
2026-02-02,p_2OigHb,Bruno Leyes,90.0,2.0,90.0
2026-02-07,p_2OigHb,Bruno Leyes,85.33333333333333,3.0,85.33333333333333
2026-02-12,p_2OigHb,Bruno Leyes,82.25,4.0,82.25
2026-02-22,p_2OigHb,Bruno Leyes,83.6,5.0,83.6
2026-03-02,p_2OigHb,Bruno Leyes,83.0,6.0,81.6
2026-03-10,p_2OigHb,Bruno Leyes,84.0,7.0,81.6
2026-03-16,p_2OigHb,Bruno Leyes,84.75,8.0,84.4
2026-03-21,p_2OigHb,Bruno Leyes,82.11111111111111,9.0,82.0
2026-04-02,p_2OigHb,Bruno Leyes,79.4,10.0,75.2
2026-04-12,p_2OigHb,Bruno Leyes,79.36363636363636,11.0,75.0
2026-04-21,p_2OigHb,Bruno Leyes,76.5,12.0,66.0
2026-04-25,p_2OigHb,Bruno Leyes,77.53846153846153,13.0,66.0
2026-05-03,p_2OigHb,Bruno Leyes,78.42857142857143,14.0,71.8
2026-08-24,p_2OigHb,Bruno Leyes,76.2,15.0,69.8
2026-09-01,p_2OigHb,Bruno Leyes,71.5,16.0,54.2
2026-09-05,p_2OigHb,Bruno Leyes,68.76470588235294,17.0,50.2
2026-09-13,p_2OigHb,Bruno Leyes,67.44444444444444,18.0,41.2
2026-07-25,p_2P4QLN,Lucas Ayala,,0.0,
2026-08-01,p_2P4QLN,Lucas Ayala,90.0,1.0,90.0
2026-08-06,p_2P4QLN,Lucas Ayala,78.5,2.0,78.5
2026-08-21,p_2P4QLN,Lucas Ayala,75.33333333333333,3.0,75.33333333333333
2026-08-28,p_2P4QLN,Lucas Ayala,79.0,4.0,79.0
2026-09-08,p_2P4QLN,Lucas Ayala,81.2,5.0,81.2
2026-09-12,p_2P4QLN,Lucas Ayala,82.66666666666667,6.0,81.2
2026-02-02,p_2PDOYX,Ignacio Miramón,,0.0,
2026-02-09,p_2PDOYX,Ignacio Miramón,20.0,1.0,20.0
2026-02-15,p_2PDOYX,Ignacio Miramón,44.0,2.0,44.0
2026-02-21,p_2PDOYX,Ignacio Miramón,38.333333333333336,3.0,38.333333333333336
2026-02-25,p_2PDOYX,Ignacio Miramón,45.0,4.0,45.0
2026-03-02,p_2PDOYX,Ignacio Miramón,54.0,5.0,54.0
2026-04-05,p_2PDOYX,Ignacio Miramón,55.333333333333336,6.0,62.4
2026-04-13,p_2PDOYX,Ignacio Miramón,60.285714285714285,7.0,66.8
2026-04-18,p_2PDOYX,Ignacio Miramón,62.375,8.0,76.8
2026-04-26,p_2PDOYX,Ignacio Miramón,65.44444444444444,9.0,81.8
2026-05-03,p_2PDOYX,Ignacio Miramón,67.9,10.0,81.8
2026-05-11,p_2PDOYX,Ignacio Miramón,69.9090909090909,11.0,87.4
2026-05-14,p_2PDOYX,Ignacio Miramón,71.58333333333333,12.0,87.4
2026-07-24,p_2PDOYX,Ignacio Miramón,73.0,13.0,90.0
2026-07-29,p_2PDOYX,Ignacio Miramón,74.21428571428571,14.0,90.0
2026-08-02,p_2PDOYX,Ignacio Miramón,75.26666666666667,15.0,90.0
2026-08-09,p_2PDOYX,Ignacio Miramón,76.0,16.0,89.4
2026-08-15,p_2PDOYX,Ignacio Miramón,75.88235294117646,17.0,86.2
2026-08-22,p_2PDOYX,Ignacio Miramón,74.66666666666667,18.0,79.0
2026-08-29,p_2PDOYX,Ignacio Miramón,75.47368421052632,19.0,79.0
2026-09-05,p_2PDOYX,Ignacio Miramón,76.2,20.0,79.0
2026-09-13,p_2PDOYX,Ignacio Miramón,76.85714285714286,21.0,79.6
2026-07-25,p_2PLJzH,Nicolás Otamendi,,0.0,
2026-07-29,p_2PLJzH,Nicolás Otamendi,90.0,1.0,90.0
2026-08-02,p_2PLJzH,Nicolás Otamendi,90.0,2.0,90.0
2026-08-08,p_2PLJzH,Nicolás Otamendi,90.0,3.0,90.0
2026-08-16,p_2PLJzH,Nicolás Otamendi,90.0,4.0,90.0
2026-08-23,p_2PLJzH,Nicolás Otamendi,90.0,5.0,90.0
2026-08-30,p_2PLJzH,Nicolás Otamendi,90.0,6.0,90.0
2026-09-06,p_2PLJzH,Nicolás Otamendi,90.0,7.0,90.0
2026-09-12,p_2PLJzH,Nicolás Otamendi,90.0,8.0,90.0
2026-01-25,p_2PNnZ9,Santiago Longo,,0.0,
2026-02-03,p_2PNnZ9,Santiago Longo,82.0,1.0,82.0
2026-02-08,p_2PNnZ9,Santiago Longo,86.0,2.0,86.0
2026-02-15,p_2PNnZ9,Santiago Longo,63.0,3.0,63.0
2026-02-20,p_2PNnZ9,Santiago Longo,48.75,4.0,48.75
2026-03-12,p_2PNnZ9,Santiago Longo,43.0,5.0,43.0
2026-03-15,p_2PNnZ9,Santiago Longo,50.833333333333336,6.0,44.6
2026-04-11,p_2PNnZ9,Santiago Longo,46.714285714285715,7.0,31.0
2026-05-03,p_2PNnZ9,Santiago Longo,42.375,8.0,30.0
2026-05-09,p_2PNnZ9,Santiago Longo,44.888888888888886,9.0,41.8
2026-05-12,p_2PNnZ9,Santiago Longo,47.7,10.0,52.4
2026-05-17,p_2PNnZ9,Santiago Longo,51.54545454545455,11.0,52.4
2026-05-24,p_2PNnZ9,Santiago Longo,51.0,12.0,57.0
2026-07-23,p_2PNnZ9,Santiago Longo,51.92307692307692,13.0,67.2
2026-08-01,p_2PNnZ9,Santiago Longo,49.785714285714285,14.0,58.6
2026-08-06,p_2PNnZ9,Santiago Longo,49.46666666666667,15.0,53.0
2026-08-15,p_2PNnZ9,Santiago Longo,50.625,16.0,48.6
2026-09-04,p_2PNnZ9,Santiago Longo,48.35294117647059,17.0,42.0
2026-09-13,p_2PNnZ9,Santiago Longo,46.27777777777778,18.0,31.6
2026-08-23,p_2Pu3Ap,Nicolás Sumavil,,0.0,
2026-02-14,p_2Q8TtK,Franco Lorenzón,,0.0,
2026-07-26,p_2Q8TtK,Franco Lorenzón,90.0,1.0,90.0
2026-07-28,p_2Q8TtK,Franco Lorenzón,90.0,2.0,90.0
2026-01-27,p_2QUHoA,Martín Río,,0.0,
2026-02-01,p_2QUHoA,Martín Río,3.0,1.0,3.0
2026-02-09,p_2QUHoA,Martín Río,4.0,2.0,4.0
2026-02-14,p_2QUHoA,Martín Río,5.333333333333333,3.0,5.333333333333333
2026-02-21,p_2QUHoA,Martín Río,7.25,4.0,7.25
2026-02-24,p_2QUHoA,Martín Río,10.8,5.0,10.8
2026-03-01,p_2QUHoA,Martín Río,18.833333333333332,6.0,22.0
2026-03-12,p_2QUHoA,Martín Río,17.285714285714285,7.0,22.6
2026-03-15,p_2QUHoA,Martín Río,17.5,8.0,24.8
2026-08-09,p_2QUHoA,Martín Río,16.88888888888889,9.0,24.6
2026-09-01,p_2QUHoA,Martín Río,20.5,10.0,30.2
2026-01-24,p_2QsqY3,Alejo Gelsomino,,0.0,
2026-01-22,p_2Qz55f,Santiago López,,0.0,
2026-01-30,p_2Qz55f,Santiago López,90.0,1.0,90.0
2026-02-03,p_2Qz55f,Santiago López,86.0,2.0,86.0
2026-02-08,p_2Qz55f,Santiago López,87.33333333333333,3.0,87.33333333333333
2026-02-14,p_2Qz55f,Santiago López,88.0,4.0,88.0
2026-02-21,p_2Qz55f,Santiago López,88.4,5.0,88.4
2026-02-26,p_2Qz55f,Santiago López,88.66666666666667,6.0,88.4
2026-03-03,p_2Qz55f,Santiago López,88.85714285714286,7.0,90.0
2026-03-11,p_2Qz55f,Santiago López,89.0,8.0,90.0
2026-03-15,p_2Qz55f,Santiago López,89.11111111111111,9.0,90.0
2026-03-21,p_2Qz55f,Santiago López,89.2,10.0,90.0
2026-04-06,p_2Qz55f,Santiago López,89.27272727272727,11.0,90.0
2026-04-13,p_2Qz55f,Santiago López,89.33333333333333,12.0,90.0
2026-04-20,p_2Qz55f,Santiago López,89.38461538461539,13.0,90.0
2026-04-26,p_2Qz55f,Santiago López,89.42857142857143,14.0,90.0
2026-05-02,p_2Qz55f,Santiago López,89.46666666666667,15.0,90.0
2026-07-25,p_2Qz55f,Santiago López,89.5,16.0,90.0
2026-07-28,p_2Qz55f,Santiago López,89.52941176470588,17.0,90.0
2026-08-01,p_2Qz55f,Santiago López,89.55555555555556,18.0,90.0
2026-08-10,p_2Qz55f,Santiago López,89.15789473684211,19.0,88.4
2026-08-14,p_2Qz55f,Santiago López,89.2,20.0,88.4
2026-08-23,p_2Qz55f,Santiago López,86.38095238095238,21.0,76.4
2026-08-30,p_2Qz55f,Santiago López,86.54545454545455,22.0,76.4
2026-09-05,p_2Qz55f,Santiago López,86.69565217391305,23.0,76.4
2026-09-14,p_2Qz55f,Santiago López,86.83333333333333,24.0,78.0
2026-09-14,p_2Qz55f,Santiago López,86.28,25.0,74.6
2026-01-24,p_2R7VhN,Sheyko Studer,,0.0,
2026-01-27,p_2R7VhN,Sheyko Studer,90.0,1.0,90.0
2026-02-04,p_2R7VhN,Sheyko Studer,90.0,2.0,90.0
2026-02-10,p_2R7VhN,Sheyko Studer,90.0,3.0,90.0
2026-02-15,p_2R7VhN,Sheyko Studer,90.0,4.0,90.0
2026-02-21,p_2R7VhN,Sheyko Studer,90.0,5.0,90.0
2026-02-26,p_2R7VhN,Sheyko Studer,90.0,6.0,90.0
2026-03-03,p_2R7VhN,Sheyko Studer,90.0,7.0,90.0
2026-03-12,p_2R7VhN,Sheyko Studer,90.0,8.0,90.0
2026-03-15,p_2R7VhN,Sheyko Studer,90.0,9.0,90.0
2026-03-23,p_2R7VhN,Sheyko Studer,90.0,10.0,90.0
2026-04-02,p_2R7VhN,Sheyko Studer,90.0,11.0,90.0
2026-04-26,p_2R7VhN,Sheyko Studer,90.0,12.0,90.0
2026-05-10,p_2R7VhN,Sheyko Studer,90.0,13.0,90.0
2026-07-26,p_2R7VhN,Sheyko Studer,90.0,14.0,90.0
2026-07-30,p_2R7VhN,Sheyko Studer,90.0,15.0,90.0
2026-08-08,p_2R7VhN,Sheyko Studer,90.0,16.0,90.0
2026-08-22,p_2R7VhN,Sheyko Studer,90.0,17.0,90.0
2026-08-31,p_2R7VhN,Sheyko Studer,90.0,18.0,90.0
2026-04-02,p_2RDqup,Nicolás Figal,,0.0,
2026-04-11,p_2RDqup,Nicolás Figal,90.0,1.0,90.0
2026-04-23,p_2RDqup,Nicolás Figal,90.0,2.0,90.0
2026-05-02,p_2RDqup,Nicolás Figal,90.0,3.0,90.0
2026-08-24,p_2RDqup,Nicolás Figal,90.0,4.0,90.0
2026-09-05,p_2RDqup,Nicolás Figal,90.0,5.0,90.0
2026-09-12,p_2RDqup,Nicolás Figal,90.0,6.0,90.0
2026-02-02,p_2RUM0k,Paulo Díaz,,0.0,
2026-02-22,p_2RUM0k,Paulo Díaz,90.0,1.0,90.0
2026-03-13,p_2RUM0k,Paulo Díaz,90.0,2.0,90.0
2026-03-15,p_2RUM0k,Paulo Díaz,60.333333333333336,3.0,60.333333333333336
2026-03-22,p_2RUM0k,Paulo Díaz,47.5,4.0,47.5
2026-01-26,p_2RgPKn,Ryoga Kida,,0.0,
2026-01-30,p_2RgPKn,Ryoga Kida,17.0,1.0,17.0
2026-02-07,p_2RgPKn,Ryoga Kida,20.5,2.0,20.5
2026-03-01,p_2RgPKn,Ryoga Kida,17.0,3.0,17.0
2026-03-11,p_2RgPKn,Ryoga Kida,21.25,4.0,21.25
2026-02-15,p_2SClaP,Édinson Cavani,,0.0,
2026-02-20,p_2SClaP,Édinson Cavani,24.0,1.0,24.0
2026-01-28,p_2StpFV,Alejandro Maciel,,0.0,
2026-01-31,p_2StpFV,Alejandro Maciel,90.0,1.0,90.0
2026-02-07,p_2StpFV,Alejandro Maciel,90.0,2.0,90.0
2026-02-16,p_2StpFV,Alejandro Maciel,90.0,3.0,90.0
2026-02-22,p_2StpFV,Alejandro Maciel,90.0,4.0,90.0
2026-02-24,p_2StpFV,Alejandro Maciel,90.0,5.0,90.0
2026-02-28,p_2StpFV,Alejandro Maciel,90.0,6.0,90.0
2026-03-12,p_2StpFV,Alejandro Maciel,90.0,7.0,90.0
2026-03-18,p_2StpFV,Alejandro Maciel,90.0,8.0,90.0
2026-03-23,p_2StpFV,Alejandro Maciel,90.0,9.0,90.0
2026-04-05,p_2StpFV,Alejandro Maciel,90.0,10.0,90.0
2026-04-20,p_2StpFV,Alejandro Maciel,90.0,11.0,90.0
2026-04-24,p_2StpFV,Alejandro Maciel,90.0,12.0,90.0
2026-05-02,p_2StpFV,Alejandro Maciel,90.0,13.0,90.0
2026-07-24,p_2StpFV,Alejandro Maciel,90.0,14.0,90.0
2026-07-31,p_2StpFV,Alejandro Maciel,90.0,15.0,90.0
2026-08-04,p_2StpFV,Alejandro Maciel,90.0,16.0,90.0
2026-08-11,p_2StpFV,Alejandro Maciel,90.0,17.0,90.0
2026-08-16,p_2StpFV,Alejandro Maciel,90.0,18.0,90.0
2026-08-24,p_2StpFV,Alejandro Maciel,90.0,19.0,90.0
2026-08-30,p_2StpFV,Alejandro Maciel,90.0,20.0,90.0
2026-09-06,p_2StpFV,Alejandro Maciel,90.0,21.0,90.0
2026-09-12,p_2StpFV,Alejandro Maciel,90.0,22.0,90.0
2026-03-03,p_2SyG0d,Thomas Rodriguez,,0.0,
2026-03-21,p_2SyG0d,Thomas Rodriguez,9.0,1.0,9.0
2026-01-28,p_2TF5DL,Jerónimo Gómez Mattar,,0.0,
2026-02-01,p_2TF5DL,Jerónimo Gómez Mattar,90.0,1.0,90.0
2026-02-08,p_2TF5DL,Jerónimo Gómez Mattar,67.5,2.0,67.5
2026-02-21,p_2TF5DL,Jerónimo Gómez Mattar,60.0,3.0,60.0
2026-02-25,p_2TF5DL,Jerónimo Gómez Mattar,63.5,4.0,63.5
2026-03-11,p_2TF5DL,Jerónimo Gómez Mattar,61.2,5.0,61.2
2026-03-17,p_2TF5DL,Jerónimo Gómez Mattar,52.833333333333336,6.0,45.4
2026-03-21,p_2TF5DL,Jerónimo Gómez Mattar,51.714285714285715,7.0,45.4
2026-04-05,p_2TF5DL,Jerónimo Gómez Mattar,53.875,8.0,50.2
2026-04-12,p_2TF5DL,Jerónimo Gómez Mattar,56.22222222222222,9.0,50.4
2026-04-17,p_2TF5DL,Jerónimo Gómez Mattar,53.5,10.0,45.8
2026-04-26,p_2TF5DL,Jerónimo Gómez Mattar,52.72727272727273,11.0,52.6
2026-05-04,p_2TF5DL,Jerónimo Gómez Mattar,50.5,12.0,48.8
2026-07-25,p_2TF5DL,Jerónimo Gómez Mattar,50.07692307692308,13.0,44.0
2026-08-09,p_2TF5DL,Jerónimo Gómez Mattar,52.357142857142854,14.0,45.4
2026-08-15,p_2TF5DL,Jerónimo Gómez Mattar,53.6,15.0,53.8
2026-08-23,p_2TF5DL,Jerónimo Gómez Mattar,54.9375,16.0,59.8
2026-08-31,p_2TF5DL,Jerónimo Gómez Mattar,55.705882352941174,17.0,68.2
2026-09-06,p_2TF5DL,Jerónimo Gómez Mattar,53.55555555555556,18.0,62.6
2026-09-11,p_2TF5DL,Jerónimo Gómez Mattar,52.36842105263158,19.0,52.4
2026-01-24,p_2TH5aa,Giuliano Galoppo,,0.0,
2026-01-28,p_2TH5aa,Giuliano Galoppo,30.0,1.0,30.0
2026-02-02,p_2TH5aa,Giuliano Galoppo,26.0,2.0,26.0
2026-02-07,p_2TH5aa,Giuliano Galoppo,24.0,3.0,24.0
2026-02-13,p_2TH5aa,Giuliano Galoppo,22.5,4.0,22.5
2026-02-22,p_2TH5aa,Giuliano Galoppo,36.0,5.0,36.0
2026-02-26,p_2TH5aa,Giuliano Galoppo,34.0,6.0,34.8
2026-04-19,p_2TH5aa,Giuliano Galoppo,31.142857142857142,7.0,33.2
2026-04-26,p_2TH5aa,Giuliano Galoppo,32.875,8.0,38.2
2026-05-10,p_2TH5aa,Giuliano Galoppo,36.666666666666664,9.0,48.0
2026-04-05,p_2TWCei,Juan Infante,,0.0,
2026-08-22,p_2TWCei,Juan Infante,90.0,1.0,90.0
2026-09-07,p_2TWCei,Juan Infante,90.0,2.0,90.0
2026-03-03,p_2TjkSP,Cristian Jaime,,0.0,
2026-02-01,p_2TqnnA,Norberto Briasco,,0.0,
2026-02-09,p_2TqnnA,Norberto Briasco,8.0,1.0,8.0
2026-02-21,p_2TqnnA,Norberto Briasco,26.5,2.0,26.5
2026-03-01,p_2TqnnA,Norberto Briasco,32.666666666666664,3.0,32.666666666666664
2026-03-12,p_2TqnnA,Norberto Briasco,30.75,4.0,30.75
2026-04-02,p_2TqnnA,Norberto Briasco,27.4,5.0,27.4
2026-04-12,p_2TqnnA,Norberto Briasco,27.666666666666668,6.0,31.6
2026-04-20,p_2TqnnA,Norberto Briasco,34.142857142857146,7.0,37.2
2026-04-25,p_2TqnnA,Norberto Briasco,37.875,8.0,41.0
2026-05-02,p_2TqnnA,Norberto Briasco,43.666666666666664,9.0,54.0
2026-07-25,p_2TqnnA,Norberto Briasco,45.9,10.0,64.4
2026-07-29,p_2TqnnA,Norberto Briasco,47.0,11.0,70.2
2026-08-23,p_2TqnnA,Norberto Briasco,49.666666666666664,12.0,71.4
2026-09-01,p_2TqnnA,Norberto Briasco,49.30769230769231,13.0,67.6
2026-09-07,p_2TqnnA,Norberto Briasco,51.357142857142854,14.0,65.2
2026-09-14,p_2TqnnA,Norberto Briasco,52.733333333333334,15.0,66.4
2026-09-14,p_2TqnnA,Norberto Briasco,54.75,16.0,71.8
2026-01-25,p_2TtuTI,Enzo Copetti,,0.0,
2026-01-28,p_2TtuTI,Enzo Copetti,21.0,1.0,21.0
2026-02-02,p_2TtuTI,Enzo Copetti,21.0,2.0,21.0
2026-02-07,p_2TtuTI,Enzo Copetti,29.0,3.0,29.0
2026-02-16,p_2TtuTI,Enzo Copetti,25.0,4.0,25.0
2026-02-21,p_2TtuTI,Enzo Copetti,35.4,5.0,35.4
2026-02-25,p_2TtuTI,Enzo Copetti,44.333333333333336,6.0,49.0
2026-03-01,p_2TtuTI,Enzo Copetti,49.857142857142854,7.0,61.4
2026-03-23,p_2TtuTI,Enzo Copetti,45.5,8.0,55.4
2026-04-05,p_2TtuTI,Enzo Copetti,43.666666666666664,9.0,58.6
2026-04-12,p_2TtuTI,Enzo Copetti,41.9,10.0,48.4
2026-04-19,p_2TtuTI,Enzo Copetti,46.27272727272727,11.0,48.6
2026-04-24,p_2TtuTI,Enzo Copetti,44.083333333333336,12.0,36.0
2026-05-03,p_2TtuTI,Enzo Copetti,45.30769230769231,13.0,45.0
2026-05-10,p_2TtuTI,Enzo Copetti,43.714285714285715,14.0,43.8
2026-05-13,p_2TtuTI,Enzo Copetti,46.6,15.0,56.0
2026-05-16,p_2TtuTI,Enzo Copetti,50.875,16.0,61.0
2026-07-29,p_2TtuTI,Enzo Copetti,53.1764705882353,17.0,75.0
2026-08-02,p_2TtuTI,Enzo Copetti,51.72222222222222,18.0,68.4
2026-08-07,p_2TtuTI,Enzo Copetti,53.36842105263158,19.0,80.4
2026-08-25,p_2TtuTI,Enzo Copetti,54.95,20.0,80.0
2026-08-29,p_2TtuTI,Enzo Copetti,56.61904761904762,21.0,75.0
2026-09-06,p_2TtuTI,Enzo Copetti,55.09090909090909,22.0,61.6
2026-09-13,p_2TtuTI,Enzo Copetti,56.0,23.0,71.4
2026-01-22,p_2U6bg5,Facundo Waller,,0.0,
2026-01-27,p_2U6bg5,Facundo Waller,90.0,1.0,90.0
2026-02-01,p_2U6bg5,Facundo Waller,86.0,2.0,86.0
2026-02-08,p_2U6bg5,Facundo Waller,69.0,3.0,69.0
2026-02-14,p_2U6bg5,Facundo Waller,74.25,4.0,74.25
2026-02-21,p_2U6bg5,Facundo Waller,77.4,5.0,77.4
2026-02-26,p_2U6bg5,Facundo Waller,79.5,6.0,77.4
2026-03-03,p_2U6bg5,Facundo Waller,76.57142857142857,7.0,72.8
2026-03-16,p_2U6bg5,Facundo Waller,70.0,8.0,70.6
2026-03-24,p_2U6bg5,Facundo Waller,65.44444444444444,9.0,58.4
2026-04-05,p_2U6bg5,Facundo Waller,67.9,10.0,58.4
2026-04-12,p_2U6bg5,Facundo Waller,69.72727272727273,11.0,58.0
2026-04-21,p_2U6bg5,Facundo Waller,71.25,12.0,63.8
2026-04-28,p_2U6bg5,Facundo Waller,72.6923076923077,13.0,77.0
2026-05-03,p_2U6bg5,Facundo Waller,73.5,14.0,88.0
2026-05-09,p_2U6bg5,Facundo Waller,74.6,15.0,88.0
2026-05-13,p_2U6bg5,Facundo Waller,77.4375,16.0,94.4
2026-07-25,p_2U6bg5,Facundo Waller,79.94117647058823,17.0,100.8
2026-08-23,p_2U6bg5,Facundo Waller,77.16666666666667,18.0,88.8
2026-08-29,p_2U6bg5,Facundo Waller,74.78947368421052,19.0,78.4
2026-09-04,p_2U6bg5,Facundo Waller,74.3,20.0,73.4
2026-09-14,p_2U6bg5,Facundo Waller,73.47619047619048,21.0,60.8
2026-09-14,p_2U6bg5,Facundo Waller,74.0,22.0,53.8
2026-01-23,p_2UZfm9,Ezequiel Muñoz,,0.0,
2026-02-03,p_2UZfm9,Ezequiel Muñoz,90.0,1.0,90.0
2026-02-09,p_2UZfm9,Ezequiel Muñoz,90.0,2.0,90.0
2026-02-14,p_2UZfm9,Ezequiel Muñoz,90.0,3.0,90.0
2026-02-25,p_2UZfm9,Ezequiel Muñoz,78.75,4.0,78.75
2026-02-28,p_2UZfm9,Ezequiel Muñoz,81.0,5.0,81.0
2026-03-12,p_2UZfm9,Ezequiel Muñoz,82.5,6.0,81.0
2026-03-18,p_2UZfm9,Ezequiel Muñoz,83.57142857142857,7.0,81.0
2026-04-03,p_2UZfm9,Ezequiel Muñoz,83.125,8.0,79.0
2026-04-12,p_2UZfm9,Ezequiel Muñoz,83.88888888888889,9.0,88.0
2026-04-21,p_2UZfm9,Ezequiel Muñoz,84.5,10.0,88.0
2026-04-26,p_2UZfm9,Ezequiel Muñoz,85.0,11.0,88.0
2026-05-04,p_2UZfm9,Ezequiel Muñoz,85.41666666666667,12.0,88.0
2026-07-24,p_2UZfm9,Ezequiel Muñoz,85.76923076923077,13.0,90.0
2026-07-28,p_2UZfm9,Ezequiel Muñoz,86.07142857142857,14.0,90.0
2026-08-01,p_2UZfm9,Ezequiel Muñoz,86.33333333333333,15.0,90.0
2026-08-09,p_2UZfm9,Ezequiel Muñoz,86.5625,16.0,90.0
2026-08-18,p_2UZfm9,Ezequiel Muñoz,86.76470588235294,17.0,90.0
2026-08-22,p_2UZfm9,Ezequiel Muñoz,86.94444444444444,18.0,90.0
2026-08-30,p_2UZfm9,Ezequiel Muñoz,87.10526315789474,19.0,90.0
2026-09-05,p_2UZfm9,Ezequiel Muñoz,87.25,20.0,90.0
2026-09-11,p_2UZfm9,Ezequiel Muñoz,87.38095238095238,21.0,90.0
2026-01-27,p_2UyAt1,Alejandro Martinez,,0.0,
2026-02-01,p_2UyAt1,Alejandro Martinez,25.0,1.0,25.0
2026-02-08,p_2UyAt1,Alejandro Martinez,48.0,2.0,48.0
2026-02-14,p_2UyAt1,Alejandro Martinez,56.666666666666664,3.0,56.666666666666664
2026-02-21,p_2UyAt1,Alejandro Martinez,58.0,4.0,58.0
2026-02-26,p_2UyAt1,Alejandro Martinez,57.4,5.0,57.4
2026-03-13,p_2UyAt1,Alejandro Martinez,50.5,6.0,55.6
2026-03-16,p_2UyAt1,Alejandro Martinez,51.142857142857146,7.0,52.4
2026-03-24,p_2UyAt1,Alejandro Martinez,46.75,8.0,40.8
2026-05-13,p_2UyAt1,Alejandro Martinez,42.888888888888886,9.0,30.8
2026-07-30,p_2UyAt1,Alejandro Martinez,40.2,10.0,23.0
2026-08-04,p_2UyAt1,Alejandro Martinez,37.27272727272727,11.0,21.4
2026-02-28,p_2VOUse,Adam Bareiro,,0.0,
2026-03-05,p_2VOUse,Adam Bareiro,89.0,1.0,89.0
2026-03-11,p_2VOUse,Adam Bareiro,88.0,2.0,88.0
2026-03-16,p_2VOUse,Adam Bareiro,88.33333333333333,3.0,88.33333333333333
2026-03-22,p_2VOUse,Adam Bareiro,88.75,4.0,88.75
2026-04-02,p_2VOUse,Adam Bareiro,89.0,5.0,89.0
2026-04-11,p_2VOUse,Adam Bareiro,87.0,6.0,86.6
2026-04-19,p_2VOUse,Adam Bareiro,81.0,7.0,78.2
2026-04-23,p_2VOUse,Adam Bareiro,81.125,8.0,76.8
2026-05-09,p_2VOUse,Adam Bareiro,75.22222222222223,9.0,64.4
2026-01-24,p_2VOvJj,Gonzalo Montiel,,0.0,
2026-01-28,p_2VOvJj,Gonzalo Montiel,90.0,1.0,90.0
2026-02-02,p_2VOvJj,Gonzalo Montiel,90.0,2.0,90.0
2026-02-07,p_2VOvJj,Gonzalo Montiel,90.0,3.0,90.0
2026-02-13,p_2VOvJj,Gonzalo Montiel,90.0,4.0,90.0
2026-02-22,p_2VOvJj,Gonzalo Montiel,90.0,5.0,90.0
2026-02-26,p_2VOvJj,Gonzalo Montiel,90.0,6.0,90.0
2026-03-03,p_2VOvJj,Gonzalo Montiel,90.0,7.0,90.0
2026-03-13,p_2VOvJj,Gonzalo Montiel,90.0,8.0,90.0
2026-03-15,p_2VOvJj,Gonzalo Montiel,90.0,9.0,90.0
2026-03-22,p_2VOvJj,Gonzalo Montiel,90.0,10.0,90.0
2026-04-12,p_2VOvJj,Gonzalo Montiel,90.0,11.0,90.0
2026-04-19,p_2VOvJj,Gonzalo Montiel,89.91666666666667,12.0,89.8
2026-04-26,p_2VOvJj,Gonzalo Montiel,89.92307692307692,13.0,89.8
2026-05-10,p_2VOvJj,Gonzalo Montiel,89.92857142857143,14.0,89.8
2026-05-16,p_2VOvJj,Gonzalo Montiel,91.93333333333334,15.0,95.8
2026-07-25,p_2VOvJj,Gonzalo Montiel,89.0,16.0,86.8
2026-07-29,p_2VOvJj,Gonzalo Montiel,89.05882352941177,17.0,87.0
2026-08-02,p_2VOvJj,Gonzalo Montiel,89.11111111111111,18.0,87.0
2026-08-08,p_2VOvJj,Gonzalo Montiel,89.15789473684211,19.0,87.0
2026-08-16,p_2VOvJj,Gonzalo Montiel,89.2,20.0,81.0
2026-08-30,p_2VOvJj,Gonzalo Montiel,87.38095238095238,21.0,82.2
2026-09-06,p_2VOvJj,Gonzalo Montiel,86.54545454545455,22.0,78.0
2026-09-12,p_2VOvJj,Gonzalo Montiel,86.69565217391305,23.0,78.0
2026-01-24,p_2VZBmw,Marco Di Césare,,0.0,
2026-01-28,p_2VZBmw,Marco Di Césare,21.0,1.0,21.0
2026-02-07,p_2VZBmw,Marco Di Césare,55.5,2.0,55.5
2026-02-14,p_2VZBmw,Marco Di Césare,67.0,3.0,67.0
2026-02-20,p_2VZBmw,Marco Di Césare,72.75,4.0,72.75
2026-02-26,p_2VZBmw,Marco Di Césare,76.2,5.0,76.2
2026-03-04,p_2VZBmw,Marco Di Césare,78.5,6.0,90.0
2026-03-11,p_2VZBmw,Marco Di Césare,80.14285714285714,7.0,90.0
2026-03-22,p_2VZBmw,Marco Di Césare,78.0,8.0,84.6
2026-04-04,p_2VZBmw,Marco Di Césare,78.77777777777777,9.0,83.6
2026-04-12,p_2VZBmw,Marco Di Césare,79.9,10.0,83.6
2026-04-25,p_2VZBmw,Marco Di Césare,80.81818181818181,11.0,83.6
2026-05-03,p_2VZBmw,Marco Di Césare,81.58333333333333,12.0,83.6
2026-05-10,p_2VZBmw,Marco Di Césare,82.23076923076923,13.0,89.0
2026-05-13,p_2VZBmw,Marco Di Césare,82.78571428571429,14.0,90.0
2026-08-01,p_2VZBmw,Marco Di Césare,83.66666666666667,15.0,91.2
2026-08-09,p_2VZBmw,Marco Di Césare,81.25,16.0,82.2
2026-02-03,p_2VZHxk,Santiago Grella,,0.0,
2026-02-07,p_2VZHxk,Santiago Grella,19.0,1.0,19.0
2026-03-16,p_2VZHxk,Santiago Grella,19.0,2.0,19.0
2026-03-21,p_2VZHxk,Santiago Grella,14.666666666666666,3.0,14.666666666666666
2026-01-24,p_2VmVcx,Diego Crego,,0.0,
2026-01-27,p_2VmVcx,Diego Crego,7.0,1.0,7.0
2026-02-21,p_2VmVcx,Diego Crego,13.0,2.0,13.0
2026-02-26,p_2VmVcx,Diego Crego,15.0,3.0,15.0
2026-03-03,p_2VmVcx,Diego Crego,16.75,4.0,16.75
2026-03-23,p_2VmVcx,Diego Crego,18.8,5.0,18.8
2026-04-20,p_2VmVcx,Diego Crego,15.833333333333334,6.0,17.6
2026-05-03,p_2VmVcx,Diego Crego,22.714285714285715,7.0,26.6
2026-08-15,p_2VmVcx,Diego Crego,30.375,8.0,39.6
2026-09-12,p_2VmVcx,Diego Crego,37.0,9.0,53.2
2026-01-22,p_2Vtoak,Mateo Aguiar,,0.0,
2026-01-29,p_2Vtoak,Mateo Aguiar,14.0,1.0,14.0
2026-02-02,p_2Vtoak,Mateo Aguiar,23.0,2.0,23.0
2026-02-20,p_2Vtoak,Mateo Aguiar,22.666666666666668,3.0,22.666666666666668
2026-02-24,p_2Vtoak,Mateo Aguiar,20.5,4.0,20.5
2026-03-02,p_2Vtoak,Mateo Aguiar,18.4,5.0,18.4
2026-03-12,p_2Vtoak,Mateo Aguiar,19.0,6.0,20.0
2026-04-13,p_2Vtoak,Mateo Aguiar,19.285714285714285,7.0,17.8
2026-04-23,p_2Vtoak,Mateo Aguiar,18.125,8.0,15.4
2026-02-02,p_2Wjg0N,David Barbona,,0.0,
2026-02-14,p_2Wjg0N,David Barbona,45.0,1.0,45.0
2026-02-20,p_2Wjg0N,David Barbona,28.5,2.0,28.5
2026-03-02,p_2Wjg0N,David Barbona,39.333333333333336,3.0,39.333333333333336
2026-03-12,p_2Wjg0N,David Barbona,32.25,4.0,32.25
2026-03-16,p_2Wjg0N,David Barbona,32.4,5.0,32.4
2026-04-07,p_2Wjg0N,David Barbona,27.833333333333332,6.0,24.4
2026-04-13,p_2Wjg0N,David Barbona,26.142857142857142,7.0,25.2
2026-05-04,p_2Wjg0N,David Barbona,32.875,8.0,29.0
2026-07-24,p_2Wjg0N,David Barbona,31.22222222222222,9.0,30.4
2026-07-29,p_2Wjg0N,David Barbona,36.5,10.0,40.6
2026-08-01,p_2Wjg0N,David Barbona,40.0,11.0,54.6
2026-08-09,p_2Wjg0N,David Barbona,44.166666666666664,12.0,69.4
2026-08-17,p_2Wjg0N,David Barbona,47.0,13.0,69.6
2026-08-23,p_2Wjg0N,David Barbona,49.92857142857143,14.0,83.6
2026-08-31,p_2Wjg0N,David Barbona,51.46666666666667,15.0,81.4
2026-09-06,p_2Wjg0N,David Barbona,53.1875,16.0,82.2
2026-09-11,p_2Wjg0N,David Barbona,53.76470588235294,17.0,76.8
2026-01-22,p_2XJ5dS,Thaiel Peralta,,0.0,
2026-02-26,p_2XJ5dS,Thaiel Peralta,57.0,1.0,57.0
2026-03-03,p_2XJ5dS,Thaiel Peralta,46.0,2.0,46.0
2026-03-13,p_2XJ5dS,Thaiel Peralta,56.0,3.0,56.0
2026-03-16,p_2XJ5dS,Thaiel Peralta,60.5,4.0,60.5
2026-03-24,p_2XJ5dS,Thaiel Peralta,60.6,5.0,60.6
2026-04-21,p_2XJ5dS,Thaiel Peralta,63.5,6.0,64.8
2026-04-28,p_2XJ5dS,Thaiel Peralta,54.57142857142857,7.0,58.0
2026-05-03,p_2XJ5dS,Thaiel Peralta,50.0,8.0,46.4
2026-07-25,p_2XJ5dS,Thaiel Peralta,51.55555555555556,9.0,44.4
2026-08-04,p_2XJ5dS,Thaiel Peralta,46.5,10.0,32.4
2026-08-16,p_2XJ5dS,Thaiel Peralta,43.81818181818182,11.0,20.2
2026-08-23,p_2XJ5dS,Thaiel Peralta,42.916666666666664,12.0,26.6
2026-09-04,p_2XJ5dS,Thaiel Peralta,40.92307692307692,13.0,26.4
2026-09-14,p_2XJ5dS,Thaiel Peralta,38.285714285714285,14.0,14.4
2026-09-14,p_2XJ5dS,Thaiel Peralta,36.86666666666667,15.0,17.6
2026-01-23,p_2Y5BPH,Leonardo Godoy,,0.0,
2026-01-28,p_2Y5BPH,Leonardo Godoy,90.0,1.0,90.0
2026-01-31,p_2Y5BPH,Leonardo Godoy,90.0,2.0,90.0
2026-02-08,p_2Y5BPH,Leonardo Godoy,90.0,3.0,90.0
2026-02-13,p_2Y5BPH,Leonardo Godoy,87.5,4.0,87.5
2026-02-21,p_2Y5BPH,Leonardo Godoy,88.0,5.0,88.0
2026-02-28,p_2Y5BPH,Leonardo Godoy,80.83333333333333,6.0,79.0
2026-03-10,p_2Y5BPH,Leonardo Godoy,79.42857142857143,7.0,75.2
2026-03-17,p_2Y5BPH,Leonardo Godoy,75.125,8.0,66.2
2026-07-26,p_2Y5BPH,Leonardo Godoy,68.44444444444444,9.0,53.2
2026-07-31,p_2Y5BPH,Leonardo Godoy,70.0,10.0,52.0
2026-08-22,p_2Y5BPH,Leonardo Godoy,70.45454545454545,11.0,58.0
2026-08-30,p_2Y5BPH,Leonardo Godoy,64.66666666666667,12.0,44.0
2026-09-06,p_2Y5BPH,Leonardo Godoy,65.61538461538461,13.0,50.4
2026-09-13,p_2Y5BPH,Leonardo Godoy,67.07142857142857,14.0,64.6
2026-01-28,p_2YBNQo,Kevin Jappert,,0.0,
2026-02-01,p_2YBNQo,Kevin Jappert,90.0,1.0,90.0
2026-02-09,p_2YBNQo,Kevin Jappert,90.0,2.0,90.0
2026-02-16,p_2YBNQo,Kevin Jappert,90.0,3.0,90.0
2026-03-12,p_2YBNQo,Kevin Jappert,90.0,4.0,90.0
2026-03-24,p_2YBNQo,Kevin Jappert,73.0,5.0,73.0
2026-04-20,p_2YBNQo,Kevin Jappert,62.166666666666664,6.0,56.6
2026-04-25,p_2YBNQo,Kevin Jappert,57.0,7.0,43.8
2026-05-02,p_2YBNQo,Kevin Jappert,55.5,8.0,34.8
2026-07-25,p_2YBNQo,Kevin Jappert,59.333333333333336,9.0,34.8
2026-07-29,p_2YBNQo,Kevin Jappert,62.4,10.0,51.8
2026-08-02,p_2YBNQo,Kevin Jappert,64.9090909090909,11.0,68.2
2026-08-09,p_2YBNQo,Kevin Jappert,67.0,12.0,81.0
2026-08-17,p_2YBNQo,Kevin Jappert,68.76923076923077,13.0,90.0
2026-08-23,p_2YBNQo,Kevin Jappert,69.21428571428571,14.0,87.0
2026-09-01,p_2YBNQo,Kevin Jappert,70.6,15.0,87.0
2026-09-07,p_2YBNQo,Kevin Jappert,71.8125,16.0,87.0
2026-09-14,p_2YBNQo,Kevin Jappert,72.88235294117646,17.0,87.0
2026-09-14,p_2YBNQo,Kevin Jappert,72.11111111111111,18.0,80.8
2026-01-23,p_2YLj3q,José Canale,,0.0,
2026-01-29,p_2YLj3q,José Canale,90.0,1.0,90.0
2026-02-04,p_2YLj3q,José Canale,90.0,2.0,90.0
2026-02-09,p_2YLj3q,José Canale,90.0,3.0,90.0
2026-02-13,p_2YLj3q,José Canale,90.0,4.0,90.0
2026-03-05,p_2YLj3q,José Canale,90.0,5.0,90.0
2026-03-13,p_2YLj3q,José Canale,90.0,6.0,90.0
2026-03-17,p_2YLj3q,José Canale,90.0,7.0,90.0
2026-03-21,p_2YLj3q,José Canale,90.0,8.0,90.0
2026-04-13,p_2YLj3q,José Canale,90.0,9.0,90.0
2026-04-21,p_2YLj3q,José Canale,90.0,10.0,90.0
2026-04-24,p_2YLj3q,José Canale,90.0,11.0,90.0
2026-05-10,p_2YLj3q,José Canale,90.0,12.0,90.0
2026-07-26,p_2YLj3q,José Canale,90.0,13.0,90.0
2026-08-03,p_2YLj3q,José Canale,90.0,14.0,90.0
2026-08-29,p_2YLj3q,José Canale,87.0,15.0,81.0
2026-09-06,p_2YLj3q,José Canale,87.1875,16.0,81.0
2026-09-14,p_2YLj3q,José Canale,87.3529411764706,17.0,81.0
2026-09-14,p_2YLj3q,José Canale,87.5,18.0,81.0
2026-02-09,p_2YgDN7,Hernán de la Fuente,,0.0,
2026-02-16,p_2YgDN7,Hernán de la Fuente,45.0,1.0,45.0
2026-09-08,p_2YgDN7,Hernán de la Fuente,24.0,2.0,24.0
2026-04-02,p_2YmbG0,Milton Giménez,,0.0,
2026-04-11,p_2YmbG0,Milton Giménez,13.0,1.0,13.0
2026-04-19,p_2YmbG0,Milton Giménez,29.0,2.0,29.0
2026-04-23,p_2YmbG0,Milton Giménez,22.0,3.0,22.0
2026-05-02,p_2YmbG0,Milton Giménez,32.0,4.0,32.0
2026-05-09,p_2YmbG0,Milton Giménez,38.8,5.0,38.8
2026-08-02,p_2YmbG0,Milton Giménez,48.333333333333336,6.0,55.4
2026-08-08,p_2YmbG0,Milton Giménez,45.285714285714285,7.0,51.8
2026-09-12,p_2YmbG0,Milton Giménez,43.0,8.0,55.6
2026-02-03,p_2ZqXdL,Tiziano Perrotta,,0.0,
2026-02-14,p_2ZqXdL,Tiziano Perrotta,1.0,1.0,1.0
2026-02-21,p_2ZqXdL,Tiziano Perrotta,30.5,2.0,30.5
2026-02-26,p_2ZqXdL,Tiziano Perrotta,46.666666666666664,3.0,46.666666666666664
2026-03-03,p_2ZqXdL,Tiziano Perrotta,54.25,4.0,54.25
2026-03-11,p_2ZqXdL,Tiziano Perrotta,58.8,5.0,58.8
2026-03-15,p_2ZqXdL,Tiziano Perrotta,60.5,6.0,72.4
2026-03-21,p_2ZqXdL,Tiziano Perrotta,53.714285714285715,7.0,63.0
2026-04-06,p_2ZqXdL,Tiziano Perrotta,54.25,8.0,58.8
2026-04-13,p_2ZqXdL,Tiziano Perrotta,56.888888888888886,9.0,59.0
2026-04-20,p_2ZqXdL,Tiziano Perrotta,59.4,10.0,60.0
2026-04-26,p_2ZqXdL,Tiziano Perrotta,61.09090909090909,11.0,61.8
2026-05-02,p_2ZqXdL,Tiziano Perrotta,61.75,12.0,73.0
2026-07-25,p_2ZqXdL,Tiziano Perrotta,63.92307692307692,13.0,79.4
2026-07-28,p_2ZqXdL,Tiziano Perrotta,65.78571428571429,14.0,81.8
2026-08-01,p_2ZqXdL,Tiziano Perrotta,67.06666666666666,15.0,82.4
2026-08-10,p_2ZqXdL,Tiziano Perrotta,68.5,16.0,84.8
2026-08-23,p_2ZqXdL,Tiziano Perrotta,69.76470588235294,17.0,89.0
2026-08-31,p_2ZqXdL,Tiziano Perrotta,70.77777777777777,18.0,88.6
2026-09-06,p_2ZqXdL,Tiziano Perrotta,71.78947368421052,19.0,88.6
2026-09-11,p_2ZqXdL,Tiziano Perrotta,71.35,20.0,84.2
2026-09-12,p_2ZszNr,Rodrigo Bacidalupe,,0.0,
2026-01-24,p_2ZvpgZ,Pedro Silva Torrejón,,0.0,
2026-01-28,p_2ZvpgZ,Pedro Silva Torrejón,45.0,1.0,45.0
2026-02-02,p_2ZvpgZ,Pedro Silva Torrejón,67.5,2.0,67.5
2026-02-09,p_2ZvpgZ,Pedro Silva Torrejón,75.0,3.0,75.0
2026-02-15,p_2ZvpgZ,Pedro Silva Torrejón,77.25,4.0,77.25
2026-02-21,p_2ZvpgZ,Pedro Silva Torrejón,79.8,5.0,79.8
2026-02-25,p_2ZvpgZ,Pedro Silva Torrejón,81.5,6.0,88.8
2026-03-02,p_2ZvpgZ,Pedro Silva Torrejón,82.71428571428571,7.0,88.8
2026-03-11,p_2ZvpgZ,Pedro Silva Torrejón,83.625,8.0,88.8
2026-03-15,p_2ZvpgZ,Pedro Silva Torrejón,84.33333333333333,9.0,90.0
2026-03-21,p_2ZvpgZ,Pedro Silva Torrejón,83.9,10.0,88.0
2026-04-05,p_2ZvpgZ,Pedro Silva Torrejón,84.45454545454545,11.0,88.0
2026-04-13,p_2ZvpgZ,Pedro Silva Torrejón,84.75,12.0,87.6
2026-04-18,p_2ZvpgZ,Pedro Silva Torrejón,85.15384615384616,13.0,87.6
2026-04-26,p_2ZvpgZ,Pedro Silva Torrejón,85.5,14.0,87.6
2026-05-03,p_2ZvpgZ,Pedro Silva Torrejón,85.8,15.0,89.6
2026-05-11,p_2ZvpgZ,Pedro Silva Torrejón,86.0625,16.0,89.6
2026-05-14,p_2ZvpgZ,Pedro Silva Torrejón,84.3529411764706,17.0,83.4
2026-07-24,p_2ZvpgZ,Pedro Silva Torrejón,84.27777777777777,18.0,82.0
2026-07-29,p_2ZvpgZ,Pedro Silva Torrejón,84.57894736842105,19.0,82.0
2026-08-02,p_2ZvpgZ,Pedro Silva Torrejón,84.85,20.0,82.0
2026-08-09,p_2ZvpgZ,Pedro Silva Torrejón,85.0952380952381,21.0,82.0
2026-08-15,p_2ZvpgZ,Pedro Silva Torrejón,85.31818181818181,22.0,88.6
2026-08-22,p_2ZvpgZ,Pedro Silva Torrejón,85.52173913043478,23.0,90.0
2026-08-29,p_2ZvpgZ,Pedro Silva Torrejón,85.70833333333333,24.0,90.0
2026-09-05,p_2ZvpgZ,Pedro Silva Torrejón,85.88,25.0,90.0
2026-09-13,p_2ZvpgZ,Pedro Silva Torrejón,84.96153846153847,26.0,84.4
2026-01-22,p_2a5j21,Agustín Hausch,,0.0,
2026-02-08,p_2a5j21,Agustín Hausch,1.0,1.0,1.0
2026-02-14,p_2a5j21,Agustín Hausch,9.0,2.0,9.0
2026-02-20,p_2a5j21,Agustín Hausch,13.666666666666666,3.0,13.666666666666666
2026-02-24,p_2a5j21,Agustín Hausch,21.5,4.0,21.5
2026-03-02,p_2a5j21,Agustín Hausch,30.2,5.0,30.2
2026-03-12,p_2a5j21,Agustín Hausch,36.5,6.0,43.6
2026-03-16,p_2a5j21,Agustín Hausch,40.0,7.0,52.4
2026-03-21,p_2a5j21,Agustín Hausch,45.625,8.0,64.8
2026-04-07,p_2a5j21,Agustín Hausch,46.77777777777778,9.0,67.0
2026-04-13,p_2a5j21,Agustín Hausch,49.5,10.0,68.8
2026-04-18,p_2a5j21,Agustín Hausch,50.81818181818182,11.0,68.0
2026-04-23,p_2a5j21,Agustín Hausch,48.166666666666664,12.0,59.6
2026-05-04,p_2a5j21,Agustín Hausch,48.61538461538461,13.0,53.4
2026-07-24,p_2a5j21,Agustín Hausch,47.285714285714285,14.0,48.2
2026-07-29,p_2a5j21,Agustín Hausch,48.8,15.0,47.4
2026-08-01,p_2a5j21,Agustín Hausch,49.875,16.0,47.8
2026-08-09,p_2a5j21,Agustín Hausch,51.588235294117645,17.0,59.8
2026-08-31,p_2a5j21,Agustín Hausch,49.111111111111114,18.0,50.4
2026-09-06,p_2a5j21,Agustín Hausch,47.78947368421053,19.0,49.2
2026-09-11,p_2a5j21,Agustín Hausch,48.55,20.0,47.8
2026-01-24,p_2aEhwv,Bruno Cabrera,,0.0,
2026-02-25,p_2aEhwv,Bruno Cabrera,61.0,1.0,61.0
2026-03-01,p_2aEhwv,Bruno Cabrera,75.5,2.0,75.5
2026-03-17,p_2aEhwv,Bruno Cabrera,65.33333333333333,3.0,65.33333333333333
2026-03-21,p_2aEhwv,Bruno Cabrera,60.25,4.0,60.25
2026-04-05,p_2aEhwv,Bruno Cabrera,64.4,5.0,64.4
2026-07-25,p_2aEhwv,Bruno Cabrera,56.166666666666664,6.0,55.2
2026-07-31,p_2aEhwv,Bruno Cabrera,61.0,7.0,55.2
2026-08-02,p_2aEhwv,Bruno Cabrera,64.625,8.0,64.2
2026-08-09,p_2aEhwv,Bruno Cabrera,57.55555555555556,9.0,55.4
2026-08-15,p_2aEhwv,Bruno Cabrera,60.8,10.0,57.2
2026-08-31,p_2aEhwv,Bruno Cabrera,55.54545454545455,11.0,54.8
2026-01-24,p_2aHbDR,Sebastián Driussi,,0.0,
2026-01-28,p_2aHbDR,Sebastián Driussi,90.0,1.0,90.0
2026-02-02,p_2aHbDR,Sebastián Driussi,83.0,2.0,83.0
2026-02-22,p_2aHbDR,Sebastián Driussi,70.33333333333333,3.0,70.33333333333333
2026-02-26,p_2aHbDR,Sebastián Driussi,75.25,4.0,75.25
2026-03-03,p_2aHbDR,Sebastián Driussi,75.4,5.0,75.4
2026-03-13,p_2aHbDR,Sebastián Driussi,76.66666666666667,6.0,74.0
2026-03-15,p_2aHbDR,Sebastián Driussi,72.14285714285714,7.0,67.8
2026-03-22,p_2aHbDR,Sebastián Driussi,73.25,8.0,75.0
2026-04-05,p_2aHbDR,Sebastián Driussi,74.66666666666667,9.0,74.2
2026-04-12,p_2aHbDR,Sebastián Driussi,75.6,10.0,75.8
2026-04-19,p_2aHbDR,Sebastián Driussi,76.81818181818181,11.0,77.0
2026-05-10,p_2aHbDR,Sebastián Driussi,71.91666666666667,12.0,71.6
2026-05-14,p_2aHbDR,Sebastián Driussi,74.46153846153847,13.0,76.4
2026-05-16,p_2aHbDR,Sebastián Driussi,73.42857142857143,14.0,71.2
2026-08-23,p_2aHbDR,Sebastián Driussi,69.4,15.0,57.0
2026-08-30,p_2aHbDR,Sebastián Driussi,65.4375,16.0,40.4
2026-09-06,p_2aHbDR,Sebastián Driussi,65.6470588235294,17.0,50.6
2026-09-12,p_2aHbDR,Sebastián Driussi,66.27777777777777,18.0,45.0
2026-04-12,p_2bBEBQ,Facundo Gallardo,,0.0,
2026-04-18,p_2bBEBQ,Facundo Gallardo,20.0,1.0,20.0
2026-04-24,p_2bBEBQ,Facundo Gallardo,15.0,2.0,15.0
2026-05-05,p_2bBEBQ,Facundo Gallardo,32.0,3.0,32.0
2026-04-05,p_2bhDeH,Carlos Quintana,,0.0,
2026-04-12,p_2bhDeH,Carlos Quintana,27.0,1.0,27.0
2026-04-24,p_2bhDeH,Carlos Quintana,58.5,2.0,58.5
2026-05-03,p_2bhDeH,Carlos Quintana,49.0,3.0,49.0
2026-05-10,p_2bhDeH,Carlos Quintana,59.25,4.0,59.25
2026-05-13,p_2bhDeH,Carlos Quintana,48.0,5.0,48.0
2026-05-16,p_2bhDeH,Carlos Quintana,42.5,6.0,45.6
2026-07-26,p_2bhDeH,Carlos Quintana,36.57142857142857,7.0,27.8
2026-07-29,p_2bhDeH,Carlos Quintana,43.25,8.0,39.8
2026-08-02,p_2bhDeH,Carlos Quintana,48.44444444444444,9.0,39.8
2026-08-08,p_2bhDeH,Carlos Quintana,52.6,10.0,57.2
2026-08-15,p_2bhDeH,Carlos Quintana,56.0,11.0,72.2
2026-09-14,p_2bhDeH,Carlos Quintana,58.833333333333336,12.0,90.0
2026-09-14,p_2bhDeH,Carlos Quintana,57.76923076923077,13.0,81.0
2026-01-23,p_2boGbm,Manuel Romero,,0.0,
2026-01-23,p_2c9Jkj,Santiago Gabriel Montiel,,0.0,
2026-01-31,p_2c9Jkj,Santiago Gabriel Montiel,49.0,1.0,49.0
2026-02-08,p_2c9Jkj,Santiago Gabriel Montiel,69.5,2.0,69.5
2026-02-13,p_2c9Jkj,Santiago Gabriel Montiel,75.66666666666667,3.0,75.66666666666667
2026-02-28,p_2c9Jkj,Santiago Gabriel Montiel,69.75,4.0,69.75
2026-03-10,p_2c9Jkj,Santiago Gabriel Montiel,59.6,5.0,59.6
2026-03-21,p_2c9Jkj,Santiago Gabriel Montiel,54.166666666666664,6.0,55.2
2026-04-04,p_2c9Jkj,Santiago Gabriel Montiel,57.285714285714285,7.0,52.4
2026-04-18,p_2c9Jkj,Santiago Gabriel Montiel,60.875,8.0,52.0
2026-04-24,p_2c9Jkj,Santiago Gabriel Montiel,55.77777777777778,9.0,44.6
2026-05-02,p_2c9Jkj,Santiago Gabriel Montiel,56.8,10.0,54.0
2026-05-10,p_2c9Jkj,Santiago Gabriel Montiel,57.54545454545455,11.0,61.6
2026-07-26,p_2c9Jkj,Santiago Gabriel Montiel,54.0,12.0,49.4
2026-07-31,p_2c9Jkj,Santiago Gabriel Montiel,56.76923076923077,13.0,50.2
2026-08-09,p_2c9Jkj,Santiago Gabriel Montiel,58.92857142857143,14.0,64.6
2026-08-17,p_2c9Jkj,Santiago Gabriel Montiel,61.0,15.0,69.4
2026-08-22,p_2c9Jkj,Santiago Gabriel Montiel,62.0,16.0,71.8
2026-08-30,p_2c9Jkj,Santiago Gabriel Montiel,62.529411764705884,17.0,83.0
2026-09-06,p_2c9Jkj,Santiago Gabriel Montiel,64.05555555555556,18.0,83.0
2026-09-13,p_2c9Jkj,Santiago Gabriel Montiel,65.21052631578948,19.0,82.8
2026-01-24,p_2cIE4k,Maximiliano Salas,,0.0,
2026-01-28,p_2cIE4k,Maximiliano Salas,15.0,1.0,15.0
2026-02-02,p_2cIE4k,Maximiliano Salas,14.5,2.0,14.5
2026-02-07,p_2cIE4k,Maximiliano Salas,24.666666666666668,3.0,24.666666666666668
2026-02-13,p_2cIE4k,Maximiliano Salas,36.5,4.0,36.5
2026-03-03,p_2cIE4k,Maximiliano Salas,33.0,5.0,33.0
2026-03-15,p_2cIE4k,Maximiliano Salas,27.666666666666668,6.0,30.2
2026-03-22,p_2cIE4k,Maximiliano Salas,25.0,7.0,29.2
2026-04-12,p_2cIE4k,Maximiliano Salas,25.375,8.0,25.8
2026-04-19,p_2cIE4k,Maximiliano Salas,22.666666666666668,9.0,11.6
2026-04-26,p_2cIE4k,Maximiliano Salas,27.6,10.0,22.2
2026-05-03,p_2cIE4k,Maximiliano Salas,31.181818181818183,11.0,35.4
2026-05-10,p_2cIE4k,Maximiliano Salas,32.333333333333336,12.0,42.6
2026-05-24,p_2cIE4k,Maximiliano Salas,34.07692307692308,13.0,48.0
2026-08-08,p_2cIE4k,Maximiliano Salas,31.714285714285715,14.0,48.0
2026-08-15,p_2cIE4k,Maximiliano Salas,32.6,15.0,42.6
2026-08-22,p_2cIE4k,Maximiliano Salas,32.4375,16.0,35.2
2026-08-31,p_2cIE4k,Maximiliano Salas,35.05882352941177,17.0,41.6
2026-09-12,p_2cIE4k,Maximiliano Salas,36.888888888888886,18.0,44.2
2026-02-10,p_2cdYUZ,Tomas Olmos,,0.0,
2026-02-15,p_2cdYUZ,Tomas Olmos,75.0,1.0,75.0
2026-02-22,p_2cdYUZ,Tomas Olmos,60.0,2.0,60.0
2026-02-21,p_2cmv2P,Gabriel Risso,,0.0,
2026-02-25,p_2cmv2P,Gabriel Risso,90.0,1.0,90.0
2026-03-01,p_2cmv2P,Gabriel Risso,60.0,2.0,60.0
2026-03-11,p_2cmv2P,Gabriel Risso,65.0,3.0,65.0
2026-07-25,p_2d3t9i,Fernando Rodríguez,,0.0,
2026-08-17,p_2d3t9i,Fernando Rodríguez,22.0,1.0,22.0
2026-08-21,p_2d3t9i,Fernando Rodríguez,56.0,2.0,56.0
2026-08-29,p_2d3t9i,Fernando Rodríguez,67.33333333333333,3.0,67.33333333333333
2026-09-04,p_2d3t9i,Fernando Rodríguez,67.75,4.0,67.75
2026-09-15,p_2d3t9i,Fernando Rodríguez,70.6,5.0,70.6
2026-09-15,p_2d3t9i,Fernando Rodríguez,71.66666666666667,6.0,81.6
2026-01-25,p_2d8zml,Agustín Sández,,0.0,
2026-01-28,p_2d8zml,Agustín Sández,90.0,1.0,90.0
2026-02-07,p_2d8zml,Agustín Sández,67.5,2.0,67.5
2026-02-16,p_2d8zml,Agustín Sández,75.0,3.0,75.0
2026-02-21,p_2d8zml,Agustín Sández,77.5,4.0,77.5
2026-02-25,p_2d8zml,Agustín Sández,74.8,5.0,74.8
2026-03-01,p_2d8zml,Agustín Sández,65.66666666666667,6.0,60.8
2026-03-11,p_2d8zml,Agustín Sández,69.14285714285714,7.0,69.8
2026-03-15,p_2d8zml,Agustín Sández,70.25,8.0,67.4
2026-03-23,p_2d8zml,Agustín Sández,70.22222222222223,9.0,64.4
2026-04-05,p_2d8zml,Agustín Sández,71.5,10.0,68.2
2026-04-19,p_2d8zml,Agustín Sández,70.72727272727273,11.0,76.8
2026-05-10,p_2d8zml,Agustín Sández,70.08333333333333,12.0,71.4
2026-05-13,p_2d8zml,Agustín Sández,71.0,13.0,72.2
2026-05-16,p_2d8zml,Agustín Sández,72.28571428571429,14.0,76.0
2026-07-23,p_2d8zml,Agustín Sández,73.46666666666667,15.0,77.4
2026-07-29,p_2d8zml,Agustín Sández,74.5,16.0,82.8
2026-08-02,p_2d8zml,Agustín Sández,75.41176470588235,17.0,88.2
2026-08-25,p_2d8zml,Agustín Sández,76.22222222222223,18.0,89.8
2026-08-29,p_2d8zml,Agustín Sández,72.78947368421052,19.0,74.2
2026-09-06,p_2d8zml,Agustín Sández,71.4,20.0,65.2
2026-09-13,p_2d8zml,Agustín Sández,71.14285714285714,21.0,60.4
2026-01-30,p_2e2fKS,Érik Godoy,,0.0,
2026-02-03,p_2e2fKS,Érik Godoy,90.0,1.0,90.0
2026-02-07,p_2e2fKS,Érik Godoy,90.0,2.0,90.0
2026-02-13,p_2e2fKS,Érik Godoy,90.0,3.0,90.0
2026-03-27,p_2e2fKS,Érik Godoy,90.0,4.0,90.0
2026-04-06,p_2e2fKS,Érik Godoy,72.8,5.0,72.8
2026-04-11,p_2e2fKS,Érik Godoy,61.833333333333336,6.0,56.2
2026-04-19,p_2e2fKS,Érik Godoy,65.85714285714286,7.0,56.2
2026-04-28,p_2e2fKS,Érik Godoy,57.75,8.0,38.4
2026-05-03,p_2e2fKS,Érik Godoy,51.666666666666664,9.0,21.0
2026-05-10,p_2e2fKS,Érik Godoy,55.5,10.0,38.2
2026-05-13,p_2e2fKS,Érik Godoy,50.54545454545455,11.0,37.0
2026-05-17,p_2e2fKS,Érik Godoy,47.583333333333336,12.0,22.0
2026-07-23,p_2e2fKS,Érik Godoy,46.46153846153846,13.0,28.4
2026-01-25,p_2ecIB1,Alan Velasco,,0.0,
2026-03-16,p_2ecIB1,Alan Velasco,69.0,1.0,69.0
2026-03-22,p_2ecIB1,Alan Velasco,40.0,2.0,40.0
2026-04-11,p_2ecIB1,Alan Velasco,33.0,3.0,33.0
2026-04-23,p_2ecIB1,Alan Velasco,41.75,4.0,41.75
2026-05-02,p_2ecIB1,Alan Velasco,49.8,5.0,49.8
2026-07-26,p_2ecIB1,Alan Velasco,56.5,6.0,54.0
2026-08-02,p_2ecIB1,Alan Velasco,54.857142857142854,7.0,60.8
2026-08-05,p_2ecIB1,Alan Velasco,49.875,8.0,60.0
2026-08-08,p_2ecIB1,Alan Velasco,45.44444444444444,9.0,48.4
2026-08-16,p_2ecIB1,Alan Velasco,43.6,10.0,37.4
2026-08-24,p_2ecIB1,Alan Velasco,41.09090909090909,11.0,22.6
2026-08-29,p_2ecIB1,Alan Velasco,38.75,12.0,16.2
2026-09-05,p_2ecIB1,Alan Velasco,40.38461538461539,13.0,25.2
2026-02-07,p_2ev1jU,Kevin Castaño,,0.0,
2026-02-13,p_2ev1jU,Kevin Castaño,18.0,1.0,18.0
2026-03-03,p_2ev1jU,Kevin Castaño,31.5,2.0,31.5
2026-03-15,p_2ev1jU,Kevin Castaño,23.333333333333332,3.0,23.333333333333332
2026-03-22,p_2ev1jU,Kevin Castaño,22.0,4.0,22.0
2026-05-04,p_2f7maD,Simón Escobar,,0.0,
2026-07-30,p_2f7maD,Simón Escobar,90.0,1.0,90.0
2026-08-08,p_2f7maD,Simón Escobar,54.5,2.0,54.5
2026-08-23,p_2f7maD,Simón Escobar,51.333333333333336,3.0,51.333333333333336
2026-09-06,p_2f7maD,Simón Escobar,53.0,4.0,53.0
2026-09-11,p_2f7maD,Simón Escobar,60.4,5.0,60.4
2026-07-25,p_2fE7Zw,Tomas Fagioli,,0.0,
2026-08-01,p_2fE7Zw,Tomas Fagioli,90.0,1.0,90.0
2026-09-08,p_2fE7Zw,Tomas Fagioli,90.0,2.0,90.0
2026-09-12,p_2fE7Zw,Tomas Fagioli,90.0,3.0,90.0
2026-08-10,p_2fH8iH,Marcos Ortiz,,0.0,
2026-01-23,p_2ffBRo,Santiago Núñez,,0.0,
2026-01-29,p_2ffBRo,Santiago Núñez,90.0,1.0,90.0
2026-02-02,p_2ffBRo,Santiago Núñez,90.0,2.0,90.0
2026-03-13,p_2ffBRo,Santiago Núñez,71.33333333333333,3.0,71.33333333333333
2026-03-18,p_2ffBRo,Santiago Núñez,76.0,4.0,76.0
2026-04-03,p_2ffBRo,Santiago Núñez,62.0,5.0,62.0
2026-04-11,p_2ffBRo,Santiago Núñez,55.5,6.0,48.6
2026-04-18,p_2ffBRo,Santiago Núñez,60.42857142857143,7.0,48.6
2026-05-03,p_2ffBRo,Santiago Núñez,64.125,8.0,59.8
2026-05-10,p_2ffBRo,Santiago Núñez,67.0,9.0,59.8
2026-07-26,p_2ffBRo,Santiago Núñez,69.3,10.0,76.6
2026-08-01,p_2ffBRo,Santiago Núñez,71.18181818181819,11.0,90.0
2026-08-05,p_2ffBRo,Santiago Núñez,72.75,12.0,90.0
2026-08-08,p_2ffBRo,Santiago Núñez,74.07692307692308,13.0,90.0
2026-08-15,p_2ffBRo,Santiago Núñez,75.21428571428571,14.0,90.0
2026-08-31,p_2ffBRo,Santiago Núñez,76.2,15.0,90.0
2026-09-06,p_2ffBRo,Santiago Núñez,77.0625,16.0,90.0
2026-09-12,p_2ffBRo,Santiago Núñez,73.29411764705883,17.0,74.6
2026-01-26,p_2ffcqe,Facundo Jainikoski,,0.0,
2026-01-30,p_2ffcqe,Facundo Jainikoski,6.0,1.0,6.0
2026-02-03,p_2ffcqe,Facundo Jainikoski,15.0,2.0,15.0
2026-02-07,p_2ffcqe,Facundo Jainikoski,12.0,3.0,12.0
2026-02-13,p_2ffcqe,Facundo Jainikoski,14.5,4.0,14.5
2026-03-01,p_2ffcqe,Facundo Jainikoski,15.8,5.0,15.8
2026-03-11,p_2ffcqe,Facundo Jainikoski,18.833333333333332,6.0,21.4
2026-03-16,p_2ffcqe,Facundo Jainikoski,20.571428571428573,7.0,22.8
2026-03-23,p_2ffcqe,Facundo Jainikoski,19.75,8.0,24.4
2026-04-06,p_2ffcqe,Facundo Jainikoski,20.22222222222222,9.0,24.8
2026-04-11,p_2ffcqe,Facundo Jainikoski,21.4,10.0,27.0
2026-04-19,p_2ffcqe,Facundo Jainikoski,22.636363636363637,11.0,27.2
2026-04-28,p_2ffcqe,Facundo Jainikoski,26.416666666666668,12.0,34.6
2026-05-03,p_2ffcqe,Facundo Jainikoski,31.076923076923077,13.0,49.2
2026-05-10,p_2ffcqe,Facundo Jainikoski,35.285714285714285,14.0,62.4
2026-05-13,p_2ffcqe,Facundo Jainikoski,36.93333333333333,15.0,68.0
2026-05-17,p_2ffcqe,Facundo Jainikoski,37.4375,16.0,70.0
2026-07-23,p_2ffcqe,Facundo Jainikoski,39.529411764705884,17.0,71.0
2026-07-29,p_2ffcqe,Facundo Jainikoski,41.333333333333336,18.0,68.0
2026-08-01,p_2ffcqe,Facundo Jainikoski,42.36842105263158,19.0,62.2
2026-08-09,p_2ffcqe,Facundo Jainikoski,40.55,20.0,51.4
2026-08-16,p_2ffcqe,Facundo Jainikoski,40.76190476190476,21.0,51.4
2026-09-07,p_2ffcqe,Facundo Jainikoski,40.27272727272727,22.0,42.8
2026-01-24,p_2gMEtp,Ezequiel Bonifacio,,0.0,
2026-01-27,p_2gMEtp,Ezequiel Bonifacio,7.0,1.0,7.0
2026-02-04,p_2gMEtp,Ezequiel Bonifacio,13.0,2.0,13.0
2026-02-21,p_2gMEtp,Ezequiel Bonifacio,11.666666666666666,3.0,11.666666666666666
2026-03-12,p_2gMEtp,Ezequiel Bonifacio,13.5,4.0,13.5
2026-03-15,p_2gMEtp,Ezequiel Bonifacio,17.4,5.0,17.4
2026-03-23,p_2gMEtp,Ezequiel Bonifacio,27.5,6.0,31.6
2026-04-02,p_2gMEtp,Ezequiel Bonifacio,36.42857142857143,7.0,45.8
2026-04-11,p_2gMEtp,Ezequiel Bonifacio,41.875,8.0,60.0
2026-04-20,p_2gMEtp,Ezequiel Bonifacio,42.22222222222222,9.0,65.2
2026-04-26,p_2gMEtp,Ezequiel Bonifacio,44.7,10.0,72.0
2026-05-10,p_2gMEtp,Ezequiel Bonifacio,47.18181818181818,11.0,70.8
2026-08-08,p_2gMEtp,Ezequiel Bonifacio,47.666666666666664,12.0,63.4
2026-08-22,p_2gMEtp,Ezequiel Bonifacio,45.76923076923077,13.0,52.0
2026-03-24,p_2gVM0e,Máximo Palazzo,,0.0,
2026-04-05,p_2gVM0e,Máximo Palazzo,90.0,1.0,90.0
2026-04-12,p_2gVM0e,Máximo Palazzo,90.0,2.0,90.0
2026-04-21,p_2gVM0e,Máximo Palazzo,90.0,3.0,90.0
2026-04-28,p_2gVM0e,Máximo Palazzo,82.0,4.0,82.0
2026-05-03,p_2gVM0e,Máximo Palazzo,74.6,5.0,74.6
2026-05-09,p_2gVM0e,Máximo Palazzo,69.66666666666667,6.0,65.6
2026-07-25,p_2gVM0e,Máximo Palazzo,62.0,7.0,50.8
2026-07-30,p_2gVM0e,Máximo Palazzo,65.5,8.0,50.8
2026-08-04,p_2gVM0e,Máximo Palazzo,68.22222222222223,9.0,57.2
2026-08-09,p_2gVM0e,Máximo Palazzo,70.4,10.0,66.2
2026-08-16,p_2gVM0e,Máximo Palazzo,72.18181818181819,11.0,75.2
2026-08-23,p_2gVM0e,Máximo Palazzo,73.66666666666667,12.0,90.0
2026-08-29,p_2gVM0e,Máximo Palazzo,74.92307692307692,13.0,90.0
2026-09-04,p_2gVM0e,Máximo Palazzo,76.0,14.0,90.0
2026-09-14,p_2gVM0e,Máximo Palazzo,76.93333333333334,15.0,90.0
2026-09-14,p_2gVM0e,Máximo Palazzo,77.75,16.0,90.0
2026-08-02,p_2grDqL,Leonardo German Sigali,,0.0,
2026-08-07,p_2grDqL,Leonardo German Sigali,90.0,1.0,90.0
2026-08-15,p_2grDqL,Leonardo German Sigali,67.5,2.0,67.5
2026-01-24,p_2h5dHt,Manuel Panaro,,0.0,
2026-01-28,p_2h5dHt,Manuel Panaro,90.0,1.0,90.0
2026-02-15,p_2h5dHt,Manuel Panaro,51.5,2.0,51.5
2026-02-21,p_2h5dHt,Manuel Panaro,64.33333333333333,3.0,64.33333333333333
2026-02-25,p_2h5dHt,Manuel Panaro,70.75,4.0,70.75
2026-03-02,p_2h5dHt,Manuel Panaro,72.8,5.0,72.8
2026-03-11,p_2h5dHt,Manuel Panaro,73.0,6.0,69.6
2026-03-15,p_2h5dHt,Manuel Panaro,72.42857142857143,7.0,80.8
2026-03-21,p_2h5dHt,Manuel Panaro,71.875,8.0,76.4
2026-04-05,p_2h5dHt,Manuel Panaro,73.88888888888889,9.0,76.4
2026-04-13,p_2h5dHt,Manuel Panaro,71.0,10.0,69.2
2026-04-18,p_2h5dHt,Manuel Panaro,65.72727272727273,11.0,57.0
2026-04-26,p_2h5dHt,Manuel Panaro,63.0,12.0,49.8
2026-05-03,p_2h5dHt,Manuel Panaro,59.07692307692308,13.0,38.6
2026-05-11,p_2h5dHt,Manuel Panaro,56.142857142857146,14.0,24.2
2026-05-14,p_2h5dHt,Manuel Panaro,53.333333333333336,15.0,18.0
2026-07-24,p_2h5dHt,Manuel Panaro,50.4375,16.0,16.8
2026-08-09,p_2h5dHt,Manuel Panaro,50.1764705882353,17.0,19.4
2026-08-15,p_2h5dHt,Manuel Panaro,48.0,18.0,19.2
2026-08-29,p_2h5dHt,Manuel Panaro,46.1578947368421,19.0,18.2
2026-01-29,p_2hA19F,Emiliano Alvarez,,0.0,
2026-02-03,p_2hA19F,Emiliano Alvarez,9.0,1.0,9.0
2026-03-21,p_2hA19F,Emiliano Alvarez,16.5,2.0,16.5
2026-04-11,p_2hA19F,Emiliano Alvarez,16.333333333333332,3.0,16.333333333333332
2026-01-25,p_2hE23W,Ignacio Arce,,0.0,
2026-01-29,p_2hE23W,Ignacio Arce,90.0,1.0,90.0
2026-02-01,p_2hE23W,Ignacio Arce,90.0,2.0,90.0
2026-02-09,p_2hE23W,Ignacio Arce,90.0,3.0,90.0
2026-02-16,p_2hE23W,Ignacio Arce,90.0,4.0,90.0
2026-02-21,p_2hE23W,Ignacio Arce,90.0,5.0,90.0
2026-02-25,p_2hE23W,Ignacio Arce,90.0,6.0,90.0
2026-03-02,p_2hE23W,Ignacio Arce,90.0,7.0,90.0
2026-03-12,p_2hE23W,Ignacio Arce,90.0,8.0,90.0
2026-03-18,p_2hE23W,Ignacio Arce,90.0,9.0,90.0
2026-03-25,p_2hE23W,Ignacio Arce,90.0,10.0,90.0
2026-04-03,p_2hE23W,Ignacio Arce,90.0,11.0,90.0
2026-04-11,p_2hE23W,Ignacio Arce,90.0,12.0,90.0
2026-04-19,p_2hE23W,Ignacio Arce,90.0,13.0,90.0
2026-04-24,p_2hE23W,Ignacio Arce,90.0,14.0,90.0
2026-05-02,p_2hE23W,Ignacio Arce,90.0,15.0,90.0
2026-07-26,p_2hE23W,Ignacio Arce,90.0,16.0,90.0
2026-07-29,p_2hE23W,Ignacio Arce,90.0,17.0,90.0
2026-08-02,p_2hE23W,Ignacio Arce,90.0,18.0,90.0
2026-08-08,p_2hE23W,Ignacio Arce,90.0,19.0,90.0
2026-08-15,p_2hE23W,Ignacio Arce,90.0,20.0,90.0
2026-08-23,p_2hE23W,Ignacio Arce,90.0,21.0,90.0
2026-08-29,p_2hE23W,Ignacio Arce,90.0,22.0,90.0
2026-09-04,p_2hE23W,Ignacio Arce,90.0,23.0,90.0
2026-09-14,p_2hE23W,Ignacio Arce,90.0,24.0,90.0
2026-09-14,p_2hE23W,Ignacio Arce,90.0,25.0,90.0
2026-01-24,p_2hGCoi,Luis Ingolotti,,0.0,
2026-01-28,p_2hGCoi,Luis Ingolotti,90.0,1.0,90.0
2026-02-01,p_2hGCoi,Luis Ingolotti,90.0,2.0,90.0
2026-02-08,p_2hGCoi,Luis Ingolotti,90.0,3.0,90.0
2026-02-15,p_2hGCoi,Luis Ingolotti,90.0,4.0,90.0
2026-02-20,p_2hGCoi,Luis Ingolotti,90.0,5.0,90.0
2026-02-25,p_2hGCoi,Luis Ingolotti,90.0,6.0,90.0
2026-03-04,p_2hGCoi,Luis Ingolotti,90.0,7.0,90.0
2026-03-12,p_2hGCoi,Luis Ingolotti,90.0,8.0,90.0
2026-03-16,p_2hGCoi,Luis Ingolotti,90.0,9.0,90.0
2026-03-21,p_2hGCoi,Luis Ingolotti,90.0,10.0,90.0
2026-04-05,p_2hGCoi,Luis Ingolotti,90.0,11.0,90.0
2026-04-12,p_2hGCoi,Luis Ingolotti,90.0,12.0,90.0
2026-04-19,p_2hGCoi,Luis Ingolotti,90.0,13.0,90.0
2026-04-26,p_2hGCoi,Luis Ingolotti,90.0,14.0,90.0
2026-05-03,p_2hGCoi,Luis Ingolotti,90.0,15.0,90.0
2026-07-26,p_2hGCoi,Luis Ingolotti,90.0,16.0,90.0
2026-07-31,p_2hGCoi,Luis Ingolotti,90.0,17.0,90.0
2026-08-04,p_2hGCoi,Luis Ingolotti,90.0,18.0,90.0
2026-08-08,p_2hGCoi,Luis Ingolotti,90.0,19.0,90.0
2026-08-17,p_2hGCoi,Luis Ingolotti,90.0,20.0,90.0
2026-08-22,p_2hGCoi,Luis Ingolotti,90.0,21.0,90.0
2026-08-30,p_2hGCoi,Luis Ingolotti,90.0,22.0,90.0
2026-09-07,p_2hGCoi,Luis Ingolotti,90.0,23.0,90.0
2026-09-12,p_2hGCoi,Luis Ingolotti,90.0,24.0,90.0
2026-01-24,p_2ho6O3,Lucas Martínez Quarta,,0.0,
2026-01-28,p_2ho6O3,Lucas Martínez Quarta,90.0,1.0,90.0
2026-02-02,p_2ho6O3,Lucas Martínez Quarta,90.0,2.0,90.0
2026-02-07,p_2ho6O3,Lucas Martínez Quarta,90.0,3.0,90.0
2026-02-13,p_2ho6O3,Lucas Martínez Quarta,90.0,4.0,90.0
2026-02-22,p_2ho6O3,Lucas Martínez Quarta,90.0,5.0,90.0
2026-02-26,p_2ho6O3,Lucas Martínez Quarta,90.0,6.0,90.0
2026-03-03,p_2ho6O3,Lucas Martínez Quarta,90.0,7.0,90.0
2026-03-13,p_2ho6O3,Lucas Martínez Quarta,90.0,8.0,90.0
2026-03-15,p_2ho6O3,Lucas Martínez Quarta,90.0,9.0,90.0
2026-03-22,p_2ho6O3,Lucas Martínez Quarta,89.1,10.0,88.2
2026-04-05,p_2ho6O3,Lucas Martínez Quarta,89.18181818181819,11.0,88.2
2026-04-12,p_2ho6O3,Lucas Martínez Quarta,89.25,12.0,88.2
2026-04-19,p_2ho6O3,Lucas Martínez Quarta,89.3076923076923,13.0,88.2
2026-04-26,p_2ho6O3,Lucas Martínez Quarta,89.35714285714286,14.0,88.2
2026-05-10,p_2ho6O3,Lucas Martínez Quarta,89.4,15.0,90.0
2026-05-14,p_2ho6O3,Lucas Martínez Quarta,91.3125,16.0,96.0
2026-05-16,p_2ho6O3,Lucas Martínez Quarta,91.23529411764706,17.0,96.0
2026-05-24,p_2ho6O3,Lucas Martínez Quarta,91.16666666666667,18.0,96.0
2026-07-25,p_2ho6O3,Lucas Martínez Quarta,91.10526315789474,19.0,96.0
2026-07-29,p_2ho6O3,Lucas Martínez Quarta,91.05,20.0,96.0
2026-08-02,p_2ho6O3,Lucas Martínez Quarta,91.0,21.0,90.0
2026-08-08,p_2ho6O3,Lucas Martínez Quarta,90.95454545454545,22.0,90.0
2026-08-16,p_2ho6O3,Lucas Martínez Quarta,90.91304347826087,23.0,90.0
2026-08-23,p_2ho6O3,Lucas Martínez Quarta,90.875,24.0,90.0
2026-08-30,p_2ho6O3,Lucas Martínez Quarta,90.84,25.0,90.0
2026-09-06,p_2ho6O3,Lucas Martínez Quarta,90.73076923076923,26.0,89.6
2026-09-12,p_2ho6O3,Lucas Martínez Quarta,90.70370370370371,27.0,89.6
2026-04-05,p_2if2Xd,Josué Reinatti,,0.0,
2026-04-12,p_2if2Xd,Josué Reinatti,90.0,1.0,90.0
2026-04-17,p_2if2Xd,Josué Reinatti,90.0,2.0,90.0
2026-04-26,p_2if2Xd,Josué Reinatti,90.0,3.0,90.0
2026-05-04,p_2if2Xd,Josué Reinatti,90.0,4.0,90.0
2026-07-25,p_2if2Xd,Josué Reinatti,90.0,5.0,90.0
2026-07-31,p_2if2Xd,Josué Reinatti,90.0,6.0,90.0
2026-08-02,p_2if2Xd,Josué Reinatti,90.0,7.0,90.0
2026-08-09,p_2if2Xd,Josué Reinatti,90.0,8.0,90.0
2026-08-15,p_2if2Xd,Josué Reinatti,90.0,9.0,90.0
2026-08-23,p_2if2Xd,Josué Reinatti,90.0,10.0,90.0
2026-08-31,p_2if2Xd,Josué Reinatti,90.0,11.0,90.0
2026-09-06,p_2if2Xd,Josué Reinatti,90.0,12.0,90.0
2026-09-11,p_2if2Xd,Josué Reinatti,90.0,13.0,90.0
2026-01-30,p_2izVhL,Thiago Santamaría,,0.0,
2026-02-08,p_2izVhL,Thiago Santamaría,8.0,1.0,8.0
2026-02-14,p_2izVhL,Thiago Santamaría,26.5,2.0,26.5
2026-03-03,p_2izVhL,Thiago Santamaría,32.666666666666664,3.0,32.666666666666664
2026-03-11,p_2izVhL,Thiago Santamaría,47.0,4.0,47.0
2026-03-15,p_2izVhL,Thiago Santamaría,54.6,5.0,54.6
2026-03-22,p_2izVhL,Thiago Santamaría,56.666666666666664,6.0,66.4
2026-04-02,p_2izVhL,Thiago Santamaría,61.42857142857143,7.0,75.4
2026-04-13,p_2izVhL,Thiago Santamaría,62.625,8.0,80.6
2026-04-19,p_2izVhL,Thiago Santamaría,65.66666666666667,9.0,80.6
2026-04-25,p_2izVhL,Thiago Santamaría,68.1,10.0,81.6
2026-05-03,p_2izVhL,Thiago Santamaría,70.0909090909091,11.0,86.2
2026-07-23,p_2izVhL,Thiago Santamaría,70.16666666666667,12.0,82.4
2026-07-28,p_2izVhL,Thiago Santamaría,71.6923076923077,13.0,86.2
2026-09-04,p_2izVhL,Thiago Santamaría,70.92857142857143,14.0,80.4
2026-09-13,p_2izVhL,Thiago Santamaría,66.8,15.0,64.2
2026-01-25,p_2iziuW,Pablo Monje,,0.0,
2026-01-29,p_2iziuW,Pablo Monje,90.0,1.0,90.0
2026-02-01,p_2iziuW,Pablo Monje,90.0,2.0,90.0
2026-02-09,p_2iziuW,Pablo Monje,90.0,3.0,90.0
2026-02-16,p_2iziuW,Pablo Monje,88.75,4.0,88.75
2026-02-25,p_2iziuW,Pablo Monje,89.0,5.0,89.0
2026-03-02,p_2iziuW,Pablo Monje,80.0,6.0,78.0
2026-03-12,p_2iziuW,Pablo Monje,78.71428571428571,7.0,74.2
2026-03-18,p_2iziuW,Pablo Monje,71.625,8.0,60.6
2026-03-25,p_2iziuW,Pablo Monje,70.77777777777777,9.0,56.4
2026-04-03,p_2iziuW,Pablo Monje,68.2,10.0,47.4
2026-04-11,p_2iziuW,Pablo Monje,64.27272727272727,11.0,45.4
2026-04-19,p_2iziuW,Pablo Monje,64.16666666666667,12.0,43.8
2026-04-24,p_2iziuW,Pablo Monje,66.15384615384616,13.0,57.4
2026-05-02,p_2iziuW,Pablo Monje,67.85714285714286,14.0,62.6
2026-07-26,p_2iziuW,Pablo Monje,69.33333333333333,15.0,71.6
2026-07-29,p_2iziuW,Pablo Monje,70.375,16.0,83.8
2026-08-02,p_2iziuW,Pablo Monje,68.88235294117646,17.0,80.2
2026-08-08,p_2iziuW,Pablo Monje,66.16666666666667,18.0,66.2
2026-08-15,p_2iziuW,Pablo Monje,66.15789473684211,19.0,61.4
2026-08-23,p_2iziuW,Pablo Monje,66.6,20.0,58.4
2026-08-29,p_2iziuW,Pablo Monje,63.476190476190474,21.0,41.4
2026-01-22,p_2j4Vzq,Elías Pereyra,,0.0,
2026-01-29,p_2j4Vzq,Elías Pereyra,76.0,1.0,76.0
2026-02-02,p_2j4Vzq,Elías Pereyra,38.5,2.0,38.5
2026-02-20,p_2j4Vzq,Elías Pereyra,38.0,3.0,38.0
2026-03-02,p_2j4Vzq,Elías Pereyra,43.75,4.0,43.75
2026-03-12,p_2j4Vzq,Elías Pereyra,52.8,5.0,52.8
2026-03-16,p_2j4Vzq,Elías Pereyra,54.5,6.0,50.2
2026-03-21,p_2j4Vzq,Elías Pereyra,56.714285714285715,7.0,64.0
2026-04-07,p_2j4Vzq,Elías Pereyra,57.75,8.0,69.6
2026-04-13,p_2j4Vzq,Elías Pereyra,56.333333333333336,9.0,66.4
2026-04-23,p_2j4Vzq,Elías Pereyra,54.0,10.0,55.2
2026-07-25,p_2j4Vzq,Elías Pereyra,50.81818181818182,11.0,46.4
2026-08-17,p_2j4Vzq,Elías Pereyra,46.666666666666664,12.0,32.6
2026-08-23,p_2j4Vzq,Elías Pereyra,45.46153846153846,13.0,25.8
2026-09-01,p_2j4Vzq,Elías Pereyra,43.0,14.0,19.0
2026-09-07,p_2j4Vzq,Elías Pereyra,45.333333333333336,15.0,28.0
2026-09-14,p_2j4Vzq,Elías Pereyra,48.125,16.0,42.2
2026-09-14,p_2j4Vzq,Elías Pereyra,48.76470588235294,17.0,53.8
2026-01-22,p_2jiARu,Maizon Rodríguez,,0.0,
2026-01-29,p_2jiARu,Maizon Rodríguez,90.0,1.0,90.0
2026-02-03,p_2jiARu,Maizon Rodríguez,90.0,2.0,90.0
2026-02-07,p_2jiARu,Maizon Rodríguez,90.0,3.0,90.0
2026-02-14,p_2jiARu,Maizon Rodríguez,90.0,4.0,90.0
2026-02-23,p_2jiARu,Maizon Rodríguez,90.0,5.0,90.0
2026-02-26,p_2jiARu,Maizon Rodríguez,90.0,6.0,90.0
2026-03-01,p_2jiARu,Maizon Rodríguez,90.0,7.0,90.0
2026-03-10,p_2jiARu,Maizon Rodríguez,81.5,8.0,76.4
2026-03-16,p_2jiARu,Maizon Rodríguez,82.44444444444444,9.0,76.4
2026-03-21,p_2jiARu,Maizon Rodríguez,83.2,10.0,76.4
2026-04-03,p_2jiARu,Maizon Rodríguez,83.81818181818181,11.0,76.4
2026-04-11,p_2jiARu,Maizon Rodríguez,84.33333333333333,12.0,76.4
2026-04-17,p_2jiARu,Maizon Rodríguez,84.76923076923077,13.0,90.0
2026-04-27,p_2jiARu,Maizon Rodríguez,85.07142857142857,14.0,89.8
2026-05-02,p_2jiARu,Maizon Rodríguez,85.4,15.0,89.8
2026-05-10,p_2jiARu,Maizon Rodríguez,85.6875,16.0,89.8
2026-05-12,p_2jiARu,Maizon Rodríguez,85.94117647058823,17.0,89.8
2026-08-06,p_2jiARu,Maizon Rodríguez,86.16666666666667,18.0,89.8
2026-08-11,p_2jiARu,Maizon Rodríguez,86.36842105263158,19.0,90.0
2026-08-15,p_2jiARu,Maizon Rodríguez,86.55,20.0,90.0
2026-08-21,p_2jiARu,Maizon Rodríguez,86.71428571428571,21.0,90.0
2026-08-28,p_2jiARu,Maizon Rodríguez,86.86363636363636,22.0,90.0
2026-03-11,p_2joXH7,Guzmán Corujo,,0.0,
2026-03-16,p_2joXH7,Guzmán Corujo,11.0,1.0,11.0
2026-03-25,p_2joXH7,Guzmán Corujo,50.5,2.0,50.5
2026-05-10,p_2joXH7,Guzmán Corujo,63.666666666666664,3.0,63.666666666666664
2026-07-28,p_2joXH7,Guzmán Corujo,48.0,4.0,48.0
2026-09-13,p_2joXH7,Guzmán Corujo,38.6,5.0,38.6
2026-01-22,p_2kLWqN,Bruno Sepúlveda,,0.0,
2026-01-30,p_2kLWqN,Bruno Sepúlveda,76.0,1.0,76.0
2026-02-03,p_2kLWqN,Bruno Sepúlveda,68.5,2.0,68.5
2026-02-14,p_2kLWqN,Bruno Sepúlveda,50.333333333333336,3.0,50.333333333333336
2026-03-11,p_2kLWqN,Bruno Sepúlveda,45.25,4.0,45.25
2026-03-15,p_2kLWqN,Bruno Sepúlveda,40.4,5.0,40.4
2026-03-21,p_2kLWqN,Bruno Sepúlveda,34.666666666666664,6.0,26.4
2026-04-13,p_2kLWqN,Bruno Sepúlveda,30.571428571428573,7.0,15.4
2026-04-26,p_2kLWqN,Bruno Sepúlveda,27.75,8.0,14.2
2026-05-02,p_2kLWqN,Bruno Sepúlveda,27.0,9.0,12.4
2026-07-25,p_2kLWqN,Bruno Sepúlveda,25.4,10.0,10.4
2026-07-28,p_2kLWqN,Bruno Sepúlveda,29.636363636363637,11.0,23.6
2026-08-01,p_2kLWqN,Bruno Sepúlveda,30.916666666666668,12.0,31.4
2026-08-10,p_2kLWqN,Bruno Sepúlveda,34.15384615384615,13.0,44.4
2026-08-14,p_2kLWqN,Bruno Sepúlveda,37.07142857142857,14.0,55.2
2026-08-23,p_2kLWqN,Bruno Sepúlveda,35.266666666666666,15.0,55.0
2026-08-30,p_2kLWqN,Bruno Sepúlveda,33.8125,16.0,43.0
2026-09-12,p_2kLWqN,Bruno Sepúlveda,33.76470588235294,17.0,40.6
2026-08-30,p_2l1GSH,Lautaro Ortíz,,0.0,
2026-09-12,p_2l1GSH,Lautaro Ortíz,79.0,1.0,79.0
2026-01-23,p_2l6eDm,Matías Abaldo,,0.0,
2026-01-28,p_2l6eDm,Matías Abaldo,71.0,1.0,71.0
2026-01-31,p_2l6eDm,Matías Abaldo,77.5,2.0,77.5
2026-02-08,p_2l6eDm,Matías Abaldo,79.33333333333333,3.0,79.33333333333333
2026-02-13,p_2l6eDm,Matías Abaldo,76.75,4.0,76.75
2026-02-21,p_2l6eDm,Matías Abaldo,79.4,5.0,79.4
2026-02-25,p_2l6eDm,Matías Abaldo,81.16666666666667,6.0,83.2
2026-02-28,p_2l6eDm,Matías Abaldo,82.28571428571429,7.0,84.2
2026-03-10,p_2l6eDm,Matías Abaldo,83.125,8.0,85.4
2026-03-17,p_2l6eDm,Matías Abaldo,82.88888888888889,9.0,87.8
2026-03-21,p_2l6eDm,Matías Abaldo,82.2,10.0,85.0
2026-04-11,p_2l6eDm,Matías Abaldo,82.9090909090909,11.0,85.0
2026-04-18,p_2l6eDm,Matías Abaldo,83.5,12.0,85.2
2026-04-24,p_2l6eDm,Matías Abaldo,84.0,13.0,85.4
2026-05-02,p_2l6eDm,Matías Abaldo,84.21428571428571,14.0,86.6
2026-05-10,p_2l6eDm,Matías Abaldo,84.6,15.0,89.4
2026-07-26,p_2l6eDm,Matías Abaldo,84.9375,16.0,89.4
2026-07-31,p_2l6eDm,Matías Abaldo,83.6470588235294,17.0,84.0
2026-08-09,p_2l6eDm,Matías Abaldo,81.5,18.0,75.0
2026-08-17,p_2l6eDm,Matías Abaldo,80.78947368421052,19.0,71.2
2026-08-22,p_2l6eDm,Matías Abaldo,77.4,20.0,55.8
2026-08-30,p_2l6eDm,Matías Abaldo,74.61904761904762,21.0,41.6
2026-09-06,p_2l6eDm,Matías Abaldo,72.63636363636364,22.0,35.2
2026-09-13,p_2l6eDm,Matías Abaldo,72.56521739130434,23.0,40.4
2026-01-22,p_2lDCQ8,Esteban Rolón,,0.0,
2026-01-28,p_2lDCQ8,Esteban Rolón,84.0,1.0,84.0
2026-02-02,p_2lDCQ8,Esteban Rolón,79.0,2.0,79.0
2026-02-07,p_2lDCQ8,Esteban Rolón,72.33333333333333,3.0,72.33333333333333
2026-02-12,p_2lDCQ8,Esteban Rolón,70.25,4.0,70.25
2026-02-23,p_2lDCQ8,Esteban Rolón,71.0,5.0,71.0
2026-03-03,p_2lDCQ8,Esteban Rolón,71.0,6.0,68.4
2026-03-12,p_2lDCQ8,Esteban Rolón,67.28571428571429,7.0,62.6
2026-03-16,p_2lDCQ8,Esteban Rolón,59.0,8.0,51.0
2026-03-22,p_2lDCQ8,Esteban Rolón,54.77777777777778,9.0,42.4
2026-04-04,p_2lDCQ8,Esteban Rolón,52.6,10.0,34.2
2026-04-19,p_2lDCQ8,Esteban Rolón,54.72727272727273,11.0,35.2
2026-04-26,p_2lDCQ8,Esteban Rolón,55.666666666666664,12.0,39.4
2026-05-03,p_2lDCQ8,Esteban Rolón,57.92307692307692,13.0,56.2
2026-08-17,p_2lDCQ8,Esteban Rolón,60.214285714285715,14.0,70.0
2026-08-23,p_2lDCQ8,Esteban Rolón,60.13333333333333,15.0,75.2
2026-09-07,p_2lDCQ8,Esteban Rolón,62.0,16.0,78.0
2026-01-27,p_2lZq6R,Luciano Giménez,,0.0,
2026-02-08,p_2lZq6R,Luciano Giménez,8.0,1.0,8.0
2026-02-14,p_2lZq6R,Luciano Giménez,4.5,2.0,4.5
2026-02-21,p_2lZq6R,Luciano Giménez,3.3333333333333335,3.0,3.3333333333333335
2026-03-13,p_2lZq6R,Luciano Giménez,3.25,4.0,3.25
2026-03-24,p_2lZq6R,Luciano Giménez,5.8,5.0,5.8
2026-05-13,p_2lZq6R,Luciano Giménez,17.833333333333332,6.0,19.8
2026-08-09,p_2lZq6R,Luciano Giménez,17.571428571428573,7.0,22.8
2026-08-16,p_2lZq6R,Luciano Giménez,25.0,8.0,38.0
2026-08-23,p_2lZq6R,Luciano Giménez,30.555555555555557,9.0,52.4
2026-01-24,p_2lzqTc,Ulises Ortegoza,,0.0,
2026-01-27,p_2lzqTc,Ulises Ortegoza,90.0,1.0,90.0
2026-02-01,p_2lzqTc,Ulises Ortegoza,88.5,2.0,88.5
2026-02-09,p_2lzqTc,Ulises Ortegoza,84.33333333333333,3.0,84.33333333333333
2026-02-14,p_2lzqTc,Ulises Ortegoza,78.5,4.0,78.5
2026-02-21,p_2lzqTc,Ulises Ortegoza,65.4,5.0,65.4
2026-02-24,p_2lzqTc,Ulises Ortegoza,69.5,6.0,65.4
2026-03-01,p_2lzqTc,Ulises Ortegoza,68.0,7.0,59.8
2026-03-12,p_2lzqTc,Ulises Ortegoza,68.5,8.0,59.0
2026-03-15,p_2lzqTc,Ulises Ortegoza,63.666666666666664,9.0,51.8
2026-03-21,p_2lzqTc,Ulises Ortegoza,63.5,10.0,61.6
2026-04-02,p_2lzqTc,Ulises Ortegoza,65.9090909090909,11.0,61.6
2026-04-13,p_2lzqTc,Ulises Ortegoza,66.66666666666667,12.0,64.8
2026-05-02,p_2lzqTc,Ulises Ortegoza,62.61538461538461,13.0,53.2
2026-05-09,p_2lzqTc,Ulises Ortegoza,59.5,14.0,52.0
2026-07-24,p_2lzqTc,Ulises Ortegoza,56.86666666666667,15.0,43.6
2026-07-29,p_2lzqTc,Ulises Ortegoza,55.25,16.0,31.8
2026-08-01,p_2lzqTc,Ulises Ortegoza,55.470588235294116,17.0,28.6
2026-08-09,p_2lzqTc,Ulises Ortegoza,54.888888888888886,18.0,34.8
2026-08-14,p_2lzqTc,Ulises Ortegoza,56.73684210526316,19.0,49.0
2026-08-24,p_2lzqTc,Ulises Ortegoza,56.95,20.0,57.2
2026-08-31,p_2lzqTc,Ulises Ortegoza,58.523809523809526,21.0,69.0
2026-09-07,p_2lzqTc,Ulises Ortegoza,59.31818181818182,22.0,72.4
2026-09-14,p_2lzqTc,Ulises Ortegoza,58.08695652173913,23.0,69.6
2026-09-14,p_2lzqTc,Ulises Ortegoza,59.083333333333336,24.0,68.0
2026-01-27,p_2mFTYm,Valentín Dávila,,0.0,
2026-02-01,p_2mFTYm,Valentín Dávila,3.0,1.0,3.0
2026-02-09,p_2mFTYm,Valentín Dávila,4.0,2.0,4.0
2026-02-14,p_2mFTYm,Valentín Dávila,15.666666666666666,3.0,15.666666666666666
2026-02-21,p_2mFTYm,Valentín Dávila,30.0,4.0,30.0
2026-02-24,p_2mFTYm,Valentín Dávila,37.0,5.0,37.0
2026-03-01,p_2mFTYm,Valentín Dávila,34.166666666666664,6.0,40.4
2026-03-12,p_2mFTYm,Valentín Dávila,41.0,7.0,55.8
2026-03-15,p_2mFTYm,Valentín Dávila,44.75,8.0,62.2
2026-03-21,p_2mFTYm,Valentín Dávila,42.888888888888886,9.0,53.2
2026-04-02,p_2mFTYm,Valentín Dávila,39.6,10.0,42.2
2026-04-13,p_2mFTYm,Valentín Dávila,38.36363636363637,11.0,43.4
2026-04-19,p_2mFTYm,Valentín Dávila,36.333333333333336,12.0,29.8
2026-04-25,p_2mFTYm,Valentín Dávila,35.0,13.0,19.4
2026-05-02,p_2mFTYm,Valentín Dávila,34.214285714285715,14.0,18.6
2026-05-09,p_2mFTYm,Valentín Dávila,36.333333333333336,15.0,29.8
2026-07-25,p_2mFTYm,Valentín Dávila,34.5625,16.0,26.2
2026-07-30,p_2mFTYm,Valentín Dávila,32.8235294117647,17.0,24.4
2026-08-12,p_2mFTYm,Valentín Dávila,31.22222222222222,18.0,21.4
2026-08-18,p_2mFTYm,Valentín Dávila,31.31578947368421,19.0,23.2
2026-08-25,p_2mFTYm,Valentín Dávila,32.0,20.0,19.0
2026-08-30,p_2mFTYm,Valentín Dávila,31.857142857142858,21.0,23.2
2026-09-05,p_2mFTYm,Valentín Dávila,31.772727272727273,22.0,28.2
2026-09-12,p_2mFTYm,Valentín Dávila,31.347826086956523,23.0,31.8
2026-01-22,p_2msaJ0,Bruno Pittón,,0.0,
2026-01-29,p_2msaJ0,Bruno Pittón,5.0,1.0,5.0
2026-02-03,p_2msaJ0,Bruno Pittón,25.0,2.0,25.0
2026-02-07,p_2msaJ0,Bruno Pittón,40.333333333333336,3.0,40.333333333333336
2026-02-23,p_2msaJ0,Bruno Pittón,52.75,4.0,52.75
2026-02-26,p_2msaJ0,Bruno Pittón,44.8,5.0,44.8
2026-03-01,p_2msaJ0,Bruno Pittón,39.333333333333336,6.0,46.2
2026-03-10,p_2msaJ0,Bruno Pittón,35.714285714285715,7.0,40.0
2026-04-11,p_2msaJ0,Bruno Pittón,33.625,8.0,29.6
2026-04-27,p_2msaJ0,Bruno Pittón,30.11111111111111,9.0,12.0
2026-07-25,p_2msaJ0,Bruno Pittón,27.4,10.0,10.0
2026-08-01,p_2msaJ0,Bruno Pittón,26.0,11.0,10.0
2026-08-06,p_2msaJ0,Bruno Pittón,25.75,12.0,11.8
2026-08-11,p_2msaJ0,Bruno Pittón,25.384615384615383,13.0,12.2
2026-08-15,p_2msaJ0,Bruno Pittón,30.0,14.0,29.8
2026-09-12,p_2msaJ0,Bruno Pittón,34.0,15.0,47.2
2026-01-23,p_2n95ER,Rodrigo Aliendro,,0.0,
2026-01-27,p_2n95ER,Rodrigo Aliendro,89.0,1.0,89.0
2026-01-31,p_2n95ER,Rodrigo Aliendro,67.0,2.0,67.0
2026-02-09,p_2n95ER,Rodrigo Aliendro,49.666666666666664,3.0,49.666666666666664
2026-02-14,p_2n95ER,Rodrigo Aliendro,39.0,4.0,39.0
2026-02-22,p_2n95ER,Rodrigo Aliendro,32.0,5.0,32.0
2026-02-25,p_2n95ER,Rodrigo Aliendro,30.833333333333332,6.0,19.2
2026-03-02,p_2n95ER,Rodrigo Aliendro,39.285714285714285,7.0,28.2
2026-03-10,p_2n95ER,Rodrigo Aliendro,37.375,8.0,30.0
2026-03-14,p_2n95ER,Rodrigo Aliendro,34.333333333333336,9.0,30.6
2026-03-21,p_2n95ER,Rodrigo Aliendro,39.9,10.0,47.8
2026-04-03,p_2n95ER,Rodrigo Aliendro,44.45454545454545,11.0,60.8
2026-04-14,p_2n95ER,Rodrigo Aliendro,44.0,12.0,50.6
2026-04-20,p_2n95ER,Rodrigo Aliendro,46.30769230769231,13.0,60.6
2026-04-27,p_2n95ER,Rodrigo Aliendro,43.785714285714285,14.0,60.8
2026-05-04,p_2n95ER,Rodrigo Aliendro,42.6,15.0,48.0
2026-05-11,p_2n95ER,Rodrigo Aliendro,45.5625,16.0,48.0
2026-07-24,p_2n95ER,Rodrigo Aliendro,45.529411764705884,17.0,49.2
2026-07-30,p_2n95ER,Rodrigo Aliendro,48.0,18.0,52.4
2026-08-08,p_2n95ER,Rodrigo Aliendro,49.21052631578947,19.0,64.4
2026-08-17,p_2n95ER,Rodrigo Aliendro,51.25,20.0,77.2
2026-08-23,p_2n95ER,Rodrigo Aliendro,53.095238095238095,21.0,77.2
2026-08-29,p_2n95ER,Rodrigo Aliendro,54.72727272727273,22.0,86.0
2026-09-06,p_2n95ER,Rodrigo Aliendro,56.26086956521739,23.0,86.0
2026-09-11,p_2n95ER,Rodrigo Aliendro,57.666666666666664,24.0,89.8
2026-01-22,p_2nGaYr,Leonardo Heredia,,0.0,
2026-01-26,p_2nGaYr,Leonardo Heredia,79.0,1.0,79.0
2026-02-01,p_2nGaYr,Leonardo Heredia,68.5,2.0,68.5
2026-02-08,p_2nGaYr,Leonardo Heredia,64.66666666666667,3.0,64.66666666666667
2026-02-15,p_2nGaYr,Leonardo Heredia,64.25,4.0,64.25
2026-02-21,p_2nGaYr,Leonardo Heredia,63.6,5.0,63.6
2026-02-24,p_2nGaYr,Leonardo Heredia,60.5,6.0,56.8
2026-03-02,p_2nGaYr,Leonardo Heredia,55.57142857142857,7.0,50.4
2026-03-11,p_2nGaYr,Leonardo Heredia,51.75,8.0,44.0
2026-03-14,p_2nGaYr,Leonardo Heredia,48.666666666666664,9.0,36.2
2026-03-23,p_2nGaYr,Leonardo Heredia,45.8,10.0,28.0
2026-04-12,p_2nGaYr,Leonardo Heredia,44.18181818181818,11.0,24.6
2026-04-20,p_2nGaYr,Leonardo Heredia,41.5,12.0,21.8
2026-04-25,p_2nGaYr,Leonardo Heredia,39.92307692307692,13.0,21.0
2026-05-03,p_2nGaYr,Leonardo Heredia,37.714285714285715,14.0,18.0
2026-07-25,p_2nGaYr,Leonardo Heredia,35.8,15.0,15.8
2026-07-30,p_2nGaYr,Leonardo Heredia,37.5625,16.0,23.0
2026-08-09,p_2nGaYr,Leonardo Heredia,38.88235294117647,17.0,32.6
2026-08-23,p_2nGaYr,Leonardo Heredia,40.22222222222222,18.0,41.0
2026-01-23,p_2nfEM8,Marco Iacobellis,,0.0,
2026-01-28,p_2nfEM8,Marco Iacobellis,75.0,1.0,75.0
2026-02-07,p_2nfEM8,Marco Iacobellis,60.0,2.0,60.0
2026-02-16,p_2nfEM8,Marco Iacobellis,53.0,3.0,53.0
2026-02-22,p_2nfEM8,Marco Iacobellis,56.75,4.0,56.75
2026-02-24,p_2nfEM8,Marco Iacobellis,59.6,5.0,59.6
2026-03-12,p_2nfEM8,Marco Iacobellis,60.0,6.0,57.0
2026-03-23,p_2nfEM8,Marco Iacobellis,53.0,7.0,50.2
2026-04-14,p_2nfEM8,Marco Iacobellis,49.25,8.0,47.0
2026-04-20,p_2nfEM8,Marco Iacobellis,45.888888888888886,9.0,37.2
2026-04-24,p_2nfEM8,Marco Iacobellis,41.4,10.0,23.2
2026-05-02,p_2nfEM8,Marco Iacobellis,37.81818181818182,11.0,11.2
2026-07-31,p_2nfEM8,Marco Iacobellis,36.583333333333336,12.0,13.6
2026-08-04,p_2nfEM8,Marco Iacobellis,40.46153846153846,13.0,26.4
2026-08-11,p_2nfEM8,Marco Iacobellis,43.07142857142857,14.0,38.0
2026-08-16,p_2nfEM8,Marco Iacobellis,40.4,15.0,38.4
2026-08-24,p_2nfEM8,Marco Iacobellis,40.6875,16.0,47.0
2026-08-30,p_2nfEM8,Marco Iacobellis,40.94117647058823,17.0,51.4
2026-09-06,p_2nfEM8,Marco Iacobellis,43.666666666666664,18.0,52.0
2026-09-12,p_2nfEM8,Marco Iacobellis,46.10526315789474,19.0,54.6
2026-01-24,p_2ngbDl,Michael Hoyos,,0.0,
2026-01-28,p_2ngbDl,Michael Hoyos,65.0,1.0,65.0
2026-02-01,p_2ngbDl,Michael Hoyos,46.5,2.0,46.5
2026-02-08,p_2ngbDl,Michael Hoyos,46.0,3.0,46.0
2026-02-16,p_2ngbDl,Michael Hoyos,45.75,4.0,45.75
2026-02-21,p_2ngbDl,Michael Hoyos,54.6,5.0,54.6
2026-02-25,p_2ngbDl,Michael Hoyos,57.666666666666664,6.0,56.2
2026-03-01,p_2ngbDl,Michael Hoyos,53.714285714285715,7.0,56.6
2026-03-21,p_2ngbDl,Michael Hoyos,51.0,8.0,54.0
2026-01-22,p_2nrS5l,Valentín Fascendini,,0.0,
2026-01-29,p_2nrS5l,Valentín Fascendini,90.0,1.0,90.0
2026-02-07,p_2nrS5l,Valentín Fascendini,67.5,2.0,67.5
2026-03-01,p_2nrS5l,Valentín Fascendini,69.0,3.0,69.0
2026-04-03,p_2nrS5l,Valentín Fascendini,68.75,4.0,68.75
2026-07-25,p_2nrS5l,Valentín Fascendini,55.2,5.0,55.2
2026-07-30,p_2nrS5l,Valentín Fascendini,61.0,6.0,55.2
2026-08-18,p_2nrS5l,Valentín Fascendini,65.14285714285714,7.0,64.2
2026-08-25,p_2nrS5l,Valentín Fascendini,68.25,8.0,67.8
2026-08-30,p_2nrS5l,Valentín Fascendini,70.66666666666667,9.0,72.2
2026-09-05,p_2nrS5l,Valentín Fascendini,72.6,10.0,90.0
2026-01-25,p_2o6eqz,Alejo Véliz,,0.0,
2026-01-28,p_2o6eqz,Alejo Véliz,69.0,1.0,69.0
2026-02-02,p_2o6eqz,Alejo Véliz,69.0,2.0,69.0
2026-02-07,p_2o6eqz,Alejo Véliz,76.0,3.0,76.0
2026-02-16,p_2o6eqz,Alejo Véliz,76.25,4.0,76.25
2026-02-21,p_2o6eqz,Alejo Véliz,79.0,5.0,79.0
2026-03-01,p_2o6eqz,Alejo Véliz,78.33333333333333,6.0,80.2
2026-03-11,p_2o6eqz,Alejo Véliz,77.85714285714286,7.0,81.4
2026-03-15,p_2o6eqz,Alejo Véliz,79.375,8.0,81.4
2026-03-23,p_2o6eqz,Alejo Véliz,80.55555555555556,9.0,84.0
2026-04-05,p_2o6eqz,Alejo Véliz,81.5,10.0,84.0
2026-04-12,p_2o6eqz,Alejo Véliz,81.72727272727273,11.0,85.8
2026-04-19,p_2o6eqz,Alejo Véliz,76.0,12.0,73.4
2026-04-24,p_2o6eqz,Alejo Véliz,75.53846153846153,13.0,69.4
2026-05-10,p_2o6eqz,Alejo Véliz,72.28571428571429,14.0,57.4
2026-05-13,p_2o6eqz,Alejo Véliz,67.66666666666667,15.0,40.0
2026-05-16,p_2o6eqz,Alejo Véliz,70.0,16.0,44.2
2026-01-23,p_2ooqPi,Rodrigo Castillo,,0.0,
2026-01-29,p_2ooqPi,Rodrigo Castillo,90.0,1.0,90.0
2026-02-04,p_2ooqPi,Rodrigo Castillo,79.0,2.0,79.0
2026-02-09,p_2ooqPi,Rodrigo Castillo,82.66666666666667,3.0,82.66666666666667
2026-03-02,p_2ooqPi,Rodrigo Castillo,84.5,4.0,84.5
2026-01-24,p_2qOlGo,Juan Elordi,,0.0,
2026-01-27,p_2qOlGo,Juan Elordi,90.0,1.0,90.0
2026-02-04,p_2qOlGo,Juan Elordi,90.0,2.0,90.0
2026-02-10,p_2qOlGo,Juan Elordi,90.0,3.0,90.0
2026-02-15,p_2qOlGo,Juan Elordi,90.0,4.0,90.0
2026-02-21,p_2qOlGo,Juan Elordi,89.8,5.0,89.8
2026-02-26,p_2qOlGo,Juan Elordi,89.83333333333333,6.0,89.8
2026-03-03,p_2qOlGo,Juan Elordi,89.85714285714286,7.0,89.8
2026-03-12,p_2qOlGo,Juan Elordi,89.875,8.0,89.8
2026-03-23,p_2qOlGo,Juan Elordi,87.77777777777777,9.0,86.0
2026-04-02,p_2qOlGo,Juan Elordi,79.1,10.0,68.4
2026-04-11,p_2qOlGo,Juan Elordi,72.72727272727273,11.0,52.2
2026-04-20,p_2qOlGo,Juan Elordi,74.16666666666667,12.0,52.2
2026-04-26,p_2qOlGo,Juan Elordi,75.38461538461539,13.0,52.2
2026-05-03,p_2qOlGo,Juan Elordi,71.28571428571429,14.0,41.6
2026-05-10,p_2qOlGo,Juan Elordi,72.53333333333333,15.0,59.4
2026-07-26,p_2qOlGo,Juan Elordi,70.3125,16.0,65.0
2026-07-30,p_2qOlGo,Juan Elordi,71.47058823529412,17.0,65.0
2026-08-08,p_2qOlGo,Juan Elordi,72.5,18.0,65.0
2026-08-22,p_2qOlGo,Juan Elordi,73.42105263157895,19.0,79.4
2026-08-31,p_2qOlGo,Juan Elordi,74.25,20.0,79.4
2026-09-06,p_2qOlGo,Juan Elordi,71.76190476190476,21.0,76.4
2026-09-12,p_2qOlGo,Juan Elordi,72.5909090909091,22.0,76.4
2026-01-23,p_2rHsQv,Nahuel Barboza,,0.0,
2026-02-03,p_2rHsQv,Nahuel Barboza,35.0,1.0,35.0
2026-02-09,p_2rHsQv,Nahuel Barboza,62.5,2.0,62.5
2026-02-14,p_2rHsQv,Nahuel Barboza,71.66666666666667,3.0,71.66666666666667
2026-02-21,p_2rHsQv,Nahuel Barboza,76.25,4.0,76.25
2026-02-28,p_2rHsQv,Nahuel Barboza,70.0,5.0,70.0
2026-03-21,p_2rHsQv,Nahuel Barboza,65.83333333333333,6.0,72.0
2026-04-03,p_2rHsQv,Nahuel Barboza,62.857142857142854,7.0,63.0
2026-04-21,p_2rHsQv,Nahuel Barboza,66.25,8.0,63.0
2026-04-26,p_2rHsQv,Nahuel Barboza,60.55555555555556,9.0,48.0
2026-07-24,p_2rHsQv,Nahuel Barboza,58.0,10.0,46.0
2026-08-01,p_2rHsQv,Nahuel Barboza,53.45454545454545,11.0,38.6
2026-08-18,p_2rHsQv,Nahuel Barboza,50.166666666666664,12.0,32.4
2026-08-22,p_2rHsQv,Nahuel Barboza,48.46153846153846,13.0,20.0
2026-08-30,p_2rHsQv,Nahuel Barboza,46.142857142857146,14.0,20.2
2026-09-05,p_2rHsQv,Nahuel Barboza,43.8,15.0,15.4
2026-09-11,p_2rHsQv,Nahuel Barboza,41.6875,16.0,15.8
2026-01-26,p_2rSGAo,Juan Cabrera,,0.0,
2026-02-04,p_2rSGAo,Juan Cabrera,45.0,1.0,45.0
2026-02-08,p_2rSGAo,Juan Cabrera,45.0,2.0,45.0
2026-02-20,p_2rSGAo,Juan Cabrera,45.0,3.0,45.0
2026-02-26,p_2rSGAo,Juan Cabrera,56.25,4.0,56.25
2026-03-11,p_2rSGAo,Juan Cabrera,63.0,5.0,63.0
2026-03-15,p_2rSGAo,Juan Cabrera,53.333333333333336,6.0,55.0
2026-05-03,p_2rSGAo,Juan Cabrera,49.0,7.0,50.6
2026-08-16,p_2rVKv4,Giovanni González,,0.0,
2026-08-23,p_2rVKv4,Giovanni González,39.0,1.0,39.0
2026-08-30,p_2rVKv4,Giovanni González,64.5,2.0,64.5
2026-01-23,p_2ralsZ,Facundo Zabala,,0.0,
2026-01-28,p_2ralsZ,Facundo Zabala,90.0,1.0,90.0
2026-01-31,p_2ralsZ,Facundo Zabala,90.0,2.0,90.0
2026-02-08,p_2ralsZ,Facundo Zabala,75.0,3.0,75.0
2026-02-13,p_2ralsZ,Facundo Zabala,78.75,4.0,78.75
2026-02-21,p_2ralsZ,Facundo Zabala,81.0,5.0,81.0
2026-02-25,p_2ralsZ,Facundo Zabala,82.5,6.0,81.0
2026-02-28,p_2ralsZ,Facundo Zabala,83.14285714285714,7.0,80.4
2026-03-10,p_2ralsZ,Facundo Zabala,84.0,8.0,89.4
2026-03-17,p_2ralsZ,Facundo Zabala,84.66666666666667,9.0,89.4
2026-04-04,p_2ralsZ,Facundo Zabala,78.3,10.0,75.6
2026-04-11,p_2ralsZ,Facundo Zabala,79.36363636363636,11.0,75.6
2026-04-18,p_2ralsZ,Facundo Zabala,80.25,12.0,76.2
2026-04-24,p_2ralsZ,Facundo Zabala,81.0,13.0,76.2
2026-05-10,p_2ralsZ,Facundo Zabala,81.42857142857143,14.0,75.6
2026-07-26,p_2ralsZ,Facundo Zabala,76.06666666666666,15.0,71.6
2026-07-31,p_2ralsZ,Facundo Zabala,76.9375,16.0,71.6
2026-08-09,p_2ralsZ,Facundo Zabala,77.70588235294117,17.0,71.6
2026-08-17,p_2ralsZ,Facundo Zabala,78.38888888888889,18.0,71.6
2026-08-22,p_2ralsZ,Facundo Zabala,79.0,19.0,72.2
2026-08-30,p_2ralsZ,Facundo Zabala,79.55,20.0,90.0
2026-09-06,p_2ralsZ,Facundo Zabala,79.9047619047619,21.0,89.4
2026-09-13,p_2ralsZ,Facundo Zabala,80.36363636363636,22.0,89.4
2026-08-09,p_2rcgUL,Thiago Gómez,,0.0,
2026-01-22,p_2rnkiH,Maximiliano Amarfil,,0.0,
2026-01-26,p_2rnkiH,Maximiliano Amarfil,79.0,1.0,79.0
2026-02-01,p_2rnkiH,Maximiliano Amarfil,84.5,2.0,84.5
2026-02-08,p_2rnkiH,Maximiliano Amarfil,86.33333333333333,3.0,86.33333333333333
2026-02-15,p_2rnkiH,Maximiliano Amarfil,84.75,4.0,84.75
2026-02-21,p_2rnkiH,Maximiliano Amarfil,80.0,5.0,80.0
2026-02-24,p_2rnkiH,Maximiliano Amarfil,78.16666666666667,6.0,78.0
2026-03-02,p_2rnkiH,Maximiliano Amarfil,78.28571428571429,7.0,75.8
2026-03-11,p_2rnkiH,Maximiliano Amarfil,79.75,8.0,75.8
2026-03-14,p_2rnkiH,Maximiliano Amarfil,80.77777777777777,9.0,77.6
2026-03-23,p_2rnkiH,Maximiliano Amarfil,79.0,10.0,78.0
2026-04-12,p_2rnkiH,Maximiliano Amarfil,78.36363636363636,11.0,78.6
2026-04-20,p_2rnkiH,Maximiliano Amarfil,73.83333333333333,12.0,67.6
2026-04-25,p_2rnkiH,Maximiliano Amarfil,72.46153846153847,13.0,60.8
2026-09-04,p_2rnkiH,Maximiliano Amarfil,71.92857142857143,14.0,56.0
2026-09-12,p_2rnkiH,Maximiliano Amarfil,68.8,15.0,48.4
2026-02-15,p_2rodt6,Nicolás Retamar,,0.0,
2026-02-21,p_2rodt6,Nicolás Retamar,12.0,1.0,12.0
2026-02-24,p_2rodt6,Nicolás Retamar,16.0,2.0,16.0
2026-03-02,p_2rodt6,Nicolás Retamar,14.333333333333334,3.0,14.333333333333334
2026-03-11,p_2rodt6,Nicolás Retamar,12.75,4.0,12.75
2026-03-14,p_2rodt6,Nicolás Retamar,15.0,5.0,15.0
2026-03-23,p_2rodt6,Nicolás Retamar,24.166666666666668,6.0,26.6
2026-04-01,p_2rodt6,Nicolás Retamar,32.285714285714285,7.0,38.8
2026-04-12,p_2rodt6,Nicolás Retamar,29.125,8.0,38.0
2026-04-20,p_2rodt6,Nicolás Retamar,34.55555555555556,9.0,52.0
2026-04-25,p_2rodt6,Nicolás Retamar,39.6,10.0,64.2
2026-05-03,p_2rodt6,Nicolás Retamar,42.63636363636363,11.0,64.8
2026-07-25,p_2rodt6,Nicolás Retamar,45.833333333333336,12.0,64.8
2026-07-30,p_2rodt6,Nicolás Retamar,49.23076923076923,13.0,81.4
2026-08-09,p_2rodt6,Nicolás Retamar,50.714285714285715,14.0,79.8
2026-08-16,p_2rodt6,Nicolás Retamar,49.13333333333333,15.0,68.2
2026-08-23,p_2rodt6,Nicolás Retamar,51.6875,16.0,71.6
2026-08-31,p_2rodt6,Nicolás Retamar,53.705882352941174,17.0,72.6
2026-09-04,p_2rodt6,Nicolás Retamar,55.388888888888886,18.0,71.4
2026-01-26,p_2skQe1,Julián Contrera,,0.0,
2026-01-30,p_2skQe1,Julián Contrera,45.0,1.0,45.0
2026-02-04,p_2skQe1,Julián Contrera,35.5,2.0,35.5
2026-02-08,p_2skQe1,Julián Contrera,38.666666666666664,3.0,38.666666666666664
2026-02-14,p_2skQe1,Julián Contrera,50.5,4.0,50.5
2026-02-20,p_2skQe1,Julián Contrera,54.4,5.0,54.4
2026-02-26,p_2skQe1,Julián Contrera,60.333333333333336,6.0,63.4
2026-03-03,p_2skQe1,Julián Contrera,61.714285714285715,7.0,72.2
2026-03-11,p_2skQe1,Julián Contrera,65.25,8.0,81.2
2026-03-15,p_2skQe1,Julián Contrera,67.55555555555556,9.0,81.2
2026-03-22,p_2skQe1,Julián Contrera,67.5,10.0,80.6
2026-04-02,p_2skQe1,Julián Contrera,62.54545454545455,11.0,65.2
2026-04-19,p_2skQe1,Julián Contrera,64.83333333333333,12.0,69.2
2026-04-25,p_2skQe1,Julián Contrera,64.46153846153847,13.0,63.2
2026-05-03,p_2skQe1,Julián Contrera,61.857142857142854,14.0,51.6
2026-08-08,p_2skQe1,Julián Contrera,60.733333333333334,15.0,47.2
2026-08-16,p_2skQe1,Julián Contrera,60.75,16.0,56.8
2026-08-23,p_2skQe1,Julián Contrera,61.588235294117645,17.0,53.8
2026-08-28,p_2skQe1,Julián Contrera,61.388888888888886,18.0,53.4
2026-09-13,p_2skQe1,Julián Contrera,60.526315789473685,19.0,56.8
2026-02-21,p_2sq385,Alejo Dramisino,,0.0,
2026-02-25,p_2sq385,Alejo Dramisino,18.0,1.0,18.0
2026-03-02,p_2sq385,Alejo Dramisino,12.0,2.0,12.0
2026-04-11,p_2sq385,Alejo Dramisino,14.333333333333334,3.0,14.333333333333334
2026-08-01,p_2suVlP,Franco Vázquez,,0.0,
2026-08-09,p_2suVlP,Franco Vázquez,90.0,1.0,90.0
2026-08-16,p_2suVlP,Franco Vázquez,90.0,2.0,90.0
2026-08-25,p_2suVlP,Franco Vázquez,90.0,3.0,90.0
2026-08-30,p_2suVlP,Franco Vázquez,90.0,4.0,90.0
2026-09-07,p_2suVlP,Franco Vázquez,90.0,5.0,90.0
2026-09-13,p_2suVlP,Franco Vázquez,90.0,6.0,90.0
2026-01-22,p_2tK1WJ,Axel Werner,,0.0,
2026-01-28,p_2tK1WJ,Axel Werner,90.0,1.0,90.0
2026-02-02,p_2tK1WJ,Axel Werner,90.0,2.0,90.0
2026-02-07,p_2tK1WJ,Axel Werner,90.0,3.0,90.0
2026-02-12,p_2tK1WJ,Axel Werner,90.0,4.0,90.0
2026-02-23,p_2tK1WJ,Axel Werner,90.0,5.0,90.0
2026-03-03,p_2tK1WJ,Axel Werner,90.0,6.0,90.0
2026-03-12,p_2tK1WJ,Axel Werner,90.0,7.0,90.0
2026-03-16,p_2tK1WJ,Axel Werner,90.0,8.0,90.0
2026-03-22,p_2tK1WJ,Axel Werner,90.0,9.0,90.0
2026-03-31,p_2tK1WJ,Axel Werner,90.0,10.0,90.0
2026-04-04,p_2tK1WJ,Axel Werner,90.0,11.0,90.0
2026-04-11,p_2tK1WJ,Axel Werner,90.0,12.0,90.0
2026-04-19,p_2tK1WJ,Axel Werner,90.0,13.0,90.0
2026-04-26,p_2tK1WJ,Axel Werner,90.0,14.0,90.0
2026-08-17,p_2tK1WJ,Axel Werner,90.0,15.0,90.0
2026-01-23,p_2twD0T,Juan Franco,,0.0,
2026-02-09,p_2twD0T,Juan Franco,7.0,1.0,7.0
2026-02-14,p_2twD0T,Juan Franco,34.0,2.0,34.0
2026-02-28,p_2twD0T,Juan Franco,47.333333333333336,3.0,47.333333333333336
2026-04-03,p_2twD0T,Juan Franco,46.75,4.0,46.75
2026-04-12,p_2twD0T,Juan Franco,54.2,5.0,54.2
2026-07-28,p_2twD0T,Juan Franco,52.666666666666664,6.0,61.8
2026-08-01,p_2twD0T,Juan Franco,58.0,7.0,67.6
2026-08-09,p_2twD0T,Juan Franco,61.75,8.0,70.4
2026-08-18,p_2twD0T,Juan Franco,63.666666666666664,9.0,77.2
2026-01-25,p_2tyvWq,Facundo Mallo,,0.0,
2026-01-28,p_2tyvWq,Facundo Mallo,90.0,1.0,90.0
2026-02-02,p_2tyvWq,Facundo Mallo,90.0,2.0,90.0
2026-02-07,p_2tyvWq,Facundo Mallo,90.0,3.0,90.0
2026-03-23,p_2tyvWq,Facundo Mallo,90.0,4.0,90.0
2026-04-24,p_2tyvWq,Facundo Mallo,84.4,5.0,84.4
2026-05-03,p_2tyvWq,Facundo Mallo,75.33333333333333,6.0,72.4
2026-05-16,p_2tyvWq,Facundo Mallo,77.42857142857143,7.0,72.4
2026-07-23,p_2tyvWq,Facundo Mallo,70.125,8.0,58.2
2026-07-29,p_2tyvWq,Facundo Mallo,72.33333333333333,9.0,58.2
2026-08-02,p_2tyvWq,Facundo Mallo,69.6,10.0,54.8
2026-08-17,p_2tyvWq,Facundo Mallo,63.72727272727273,11.0,49.8
2026-08-29,p_2tyvWq,Facundo Mallo,65.91666666666667,12.0,49.8
2026-01-24,p_2usscp,Gabriel Báez,,0.0,
2026-01-27,p_2usscp,Gabriel Báez,90.0,1.0,90.0
2026-02-01,p_2usscp,Gabriel Báez,90.0,2.0,90.0
2026-02-09,p_2usscp,Gabriel Báez,90.0,3.0,90.0
2026-02-14,p_2usscp,Gabriel Báez,90.0,4.0,90.0
2026-04-02,p_2usscp,Gabriel Báez,82.8,5.0,82.8
2026-07-25,p_2usscp,Gabriel Báez,81.5,6.0,79.8
2026-07-30,p_2usscp,Gabriel Báez,81.57142857142857,7.0,78.2
2026-08-18,p_2usscp,Gabriel Báez,82.625,8.0,78.2
2026-08-25,p_2usscp,Gabriel Báez,78.44444444444444,9.0,69.2
2026-08-30,p_2usscp,Gabriel Báez,78.2,10.0,73.6
2026-09-05,p_2usscp,Gabriel Báez,79.27272727272727,11.0,76.6
2026-09-12,p_2usscp,Gabriel Báez,80.16666666666667,12.0,78.2
2026-02-15,p_2uz4qA,Luis Sequeira,,0.0,
2026-03-12,p_2uz4qA,Luis Sequeira,18.0,1.0,18.0
2026-07-26,p_2uz4qA,Luis Sequeira,25.5,2.0,25.5
2026-08-22,p_2uz4qA,Luis Sequeira,21.666666666666668,3.0,21.666666666666668
2026-09-06,p_2uz4qA,Luis Sequeira,17.25,4.0,17.25
2026-09-12,p_2uz4qA,Luis Sequeira,20.4,5.0,20.4
2026-02-08,p_2vSGRb,Facundo Altamira,,0.0,
2026-02-14,p_2vSGRb,Facundo Altamira,26.0,1.0,26.0
2026-02-24,p_2vSGRb,Facundo Altamira,24.5,2.0,24.5
2026-03-02,p_2vSGRb,Facundo Altamira,24.666666666666668,3.0,24.666666666666668
2026-03-16,p_2vSGRb,Facundo Altamira,24.0,4.0,24.0
2026-04-18,p_2vSGRb,Facundo Altamira,23.2,5.0,23.2
2026-01-22,p_2vkqTj,Mateo Del Blanco,,0.0,
2026-01-29,p_2vkqTj,Mateo Del Blanco,90.0,1.0,90.0
2026-02-03,p_2vkqTj,Mateo Del Blanco,90.0,2.0,90.0
2026-02-07,p_2vkqTj,Mateo Del Blanco,90.0,3.0,90.0
2026-02-14,p_2vkqTj,Mateo Del Blanco,85.25,4.0,85.25
2026-02-23,p_2vkqTj,Mateo Del Blanco,86.2,5.0,86.2
2026-02-26,p_2vkqTj,Mateo Del Blanco,84.66666666666667,6.0,83.6
2026-03-01,p_2vkqTj,Mateo Del Blanco,85.42857142857143,7.0,83.6
2026-03-10,p_2vkqTj,Mateo Del Blanco,86.0,8.0,83.6
2026-03-16,p_2vkqTj,Mateo Del Blanco,85.55555555555556,9.0,85.8
2026-03-21,p_2vkqTj,Mateo Del Blanco,86.0,10.0,85.8
2026-04-03,p_2vkqTj,Mateo Del Blanco,86.36363636363636,11.0,88.4
2026-04-11,p_2vkqTj,Mateo Del Blanco,86.58333333333333,12.0,88.2
2026-04-17,p_2vkqTj,Mateo Del Blanco,86.6923076923077,13.0,87.8
2026-04-27,p_2vkqTj,Mateo Del Blanco,86.92857142857143,14.0,89.4
2026-05-02,p_2vkqTj,Mateo Del Blanco,87.13333333333334,15.0,89.4
2026-05-10,p_2vkqTj,Mateo Del Blanco,87.3125,16.0,89.4
2026-05-12,p_2vkqTj,Mateo Del Blanco,87.47058823529412,17.0,89.6
2026-01-31,p_2vr8Bq,Álex Verón,,0.0,
2026-02-09,p_2vr8Bq,Álex Verón,15.0,1.0,15.0
2026-02-22,p_2vr8Bq,Álex Verón,10.5,2.0,10.5
2026-03-10,p_2vr8Bq,Álex Verón,25.666666666666668,3.0,25.666666666666668
2026-03-21,p_2vr8Bq,Álex Verón,35.0,4.0,35.0
2026-05-04,p_2vr8Bq,Álex Verón,28.6,5.0,28.6
2026-07-24,p_2vr8Bq,Álex Verón,25.666666666666668,6.0,27.8
2026-08-08,p_2vr8Bq,Álex Verón,25.857142857142858,7.0,32.0
2026-08-17,p_2vr8Bq,Álex Verón,23.625,8.0,22.4
2026-08-23,p_2vr8Bq,Álex Verón,27.77777777777778,9.0,22.0
2026-08-29,p_2vr8Bq,Álex Verón,25.3,10.0,22.0
2026-09-11,p_2vr8Bq,Álex Verón,29.272727272727273,11.0,33.6
2026-01-22,p_2w9GwT,Oscar Cortés,,0.0,
2026-01-27,p_2w9GwT,Oscar Cortés,71.0,1.0,71.0
2026-02-01,p_2w9GwT,Oscar Cortés,80.5,2.0,80.5
2026-02-08,p_2w9GwT,Oscar Cortés,82.0,3.0,82.0
2026-02-14,p_2w9GwT,Oscar Cortés,80.0,4.0,80.0
2026-02-21,p_2w9GwT,Oscar Cortés,80.6,5.0,80.6
2026-02-26,p_2w9GwT,Oscar Cortés,76.33333333333333,6.0,77.4
2026-03-03,p_2w9GwT,Oscar Cortés,73.85714285714286,7.0,71.2
2026-03-24,p_2w9GwT,Oscar Cortés,74.875,8.0,70.6
2026-04-05,p_2w9GwT,Oscar Cortés,70.33333333333333,9.0,62.6
2026-04-12,p_2w9GwT,Oscar Cortés,71.3,10.0,62.0
2026-04-21,p_2w9GwT,Oscar Cortés,72.81818181818181,11.0,68.6
2026-04-28,p_2w9GwT,Oscar Cortés,74.16666666666667,12.0,74.6
2026-05-03,p_2w9GwT,Oscar Cortés,74.92307692307692,13.0,75.0
2026-05-09,p_2w9GwT,Oscar Cortés,72.78571428571429,14.0,77.2
2026-05-13,p_2w9GwT,Oscar Cortés,72.0,15.0,73.4
2026-07-25,p_2w9GwT,Oscar Cortés,69.8125,16.0,63.2
2026-07-30,p_2w9GwT,Oscar Cortés,70.94117647058823,17.0,63.2
2026-08-04,p_2w9GwT,Oscar Cortés,71.55555555555556,18.0,62.8
2026-08-09,p_2w9GwT,Oscar Cortés,72.05263157894737,19.0,70.0
2026-08-16,p_2w9GwT,Oscar Cortés,72.9,20.0,75.6
2026-08-23,p_2w9GwT,Oscar Cortés,72.9047619047619,21.0,82.8
2026-08-29,p_2w9GwT,Oscar Cortés,73.68181818181819,22.0,83.0
2026-09-04,p_2w9GwT,Oscar Cortés,74.3913043478261,23.0,84.6
2026-09-14,p_2w9GwT,Oscar Cortés,74.875,24.0,85.6
2026-09-14,p_2w9GwT,Oscar Cortés,75.48,25.0,85.8
2026-02-04,p_2waho1,Nicolás Morgantini,,0.0,
2026-03-02,p_2waho1,Nicolás Morgantini,45.0,1.0,45.0
2026-05-02,p_2waho1,Nicolás Morgantini,67.5,2.0,67.5
2026-08-17,p_2waho1,Nicolás Morgantini,75.0,3.0,75.0
2026-01-22,p_2wlp9Z,Franco Zapiola,,0.0,
2026-01-26,p_2wlp9Z,Franco Zapiola,61.0,1.0,61.0
2026-02-01,p_2wlp9Z,Franco Zapiola,65.0,2.0,65.0
2026-02-08,p_2wlp9Z,Franco Zapiola,69.0,3.0,69.0
2026-02-15,p_2wlp9Z,Franco Zapiola,69.25,4.0,69.25
2026-02-21,p_2wlp9Z,Franco Zapiola,71.0,5.0,71.0
2026-02-24,p_2wlp9Z,Franco Zapiola,74.16666666666667,6.0,76.8
2026-03-02,p_2wlp9Z,Franco Zapiola,76.42857142857143,7.0,81.0
2026-03-11,p_2wlp9Z,Franco Zapiola,77.75,8.0,83.0
2026-03-14,p_2wlp9Z,Franco Zapiola,76.44444444444444,9.0,82.2
2026-03-23,p_2wlp9Z,Franco Zapiola,75.1,10.0,79.2
2026-04-01,p_2wlp9Z,Franco Zapiola,73.9090909090909,11.0,73.6
2026-04-12,p_2wlp9Z,Franco Zapiola,69.5,12.0,59.8
2026-04-20,p_2wlp9Z,Franco Zapiola,66.07692307692308,13.0,47.4
2026-04-25,p_2wlp9Z,Franco Zapiola,67.42857142857143,14.0,51.2
2026-05-03,p_2wlp9Z,Franco Zapiola,68.93333333333334,15.0,56.6
2026-07-30,p_2wlp9Z,Franco Zapiola,65.625,16.0,47.4
2026-08-09,p_2wlp9Z,Franco Zapiola,63.529411764705884,17.0,49.2
2026-08-23,p_2wlp9Z,Franco Zapiola,63.55555555555556,18.0,57.0
2026-08-31,p_2wlp9Z,Franco Zapiola,64.21052631578948,19.0,55.2
2026-09-04,p_2wlp9Z,Franco Zapiola,62.45,20.0,43.0
2026-09-12,p_2wlp9Z,Franco Zapiola,63.76190476190476,21.0,57.8
2026-01-24,p_2wtzyq,Santiago Villarreal,,0.0,
2026-01-28,p_2wtzyq,Santiago Villarreal,20.0,1.0,20.0
2026-01-25,p_2wyMSd,Gabriel Obredor,,0.0,
2026-01-29,p_2wyMSd,Gabriel Obredor,6.0,1.0,6.0
2026-02-01,p_2wyMSd,Gabriel Obredor,25.5,2.0,25.5
2026-02-09,p_2wyMSd,Gabriel Obredor,21.333333333333332,3.0,21.333333333333332
2026-02-16,p_2wyMSd,Gabriel Obredor,22.5,4.0,22.5
2026-02-21,p_2wyMSd,Gabriel Obredor,20.8,5.0,20.8
2026-02-25,p_2wyMSd,Gabriel Obredor,24.833333333333332,6.0,28.6
2026-03-02,p_2wyMSd,Gabriel Obredor,27.714285714285715,7.0,28.6
2026-03-12,p_2wyMSd,Gabriel Obredor,29.875,8.0,35.0
2026-03-18,p_2wyMSd,Gabriel Obredor,32.888888888888886,9.0,41.2
2026-03-25,p_2wyMSd,Gabriel Obredor,36.0,10.0,51.2
2026-04-03,p_2wyMSd,Gabriel Obredor,33.36363636363637,11.0,43.6
2026-04-11,p_2wyMSd,Gabriel Obredor,34.333333333333336,12.0,43.6
2026-04-19,p_2wyMSd,Gabriel Obredor,33.76923076923077,13.0,40.0
2026-04-24,p_2wyMSd,Gabriel Obredor,34.57142857142857,14.0,37.6
2026-05-02,p_2wyMSd,Gabriel Obredor,33.733333333333334,15.0,29.2
2026-08-23,p_2wyMSd,Gabriel Obredor,33.5625,16.0,34.0
2026-09-04,p_2wyMSd,Gabriel Obredor,35.76470588235294,17.0,39.2
2026-08-29,p_2x4DpJ,Lautaro Piola,,0.0,
2026-01-22,p_2xZbaM,Federico Vera,,0.0,
2026-01-27,p_2xZbaM,Federico Vera,80.0,1.0,80.0
2026-02-01,p_2xZbaM,Federico Vera,85.0,2.0,85.0
2026-02-08,p_2xZbaM,Federico Vera,86.66666666666667,3.0,86.66666666666667
2026-02-14,p_2xZbaM,Federico Vera,87.5,4.0,87.5
2026-04-05,p_2xZbaM,Federico Vera,88.0,5.0,88.0
2026-07-25,p_2yQG0l,Valentín Cerrudo,,0.0,
2026-09-12,p_2yQG0l,Valentín Cerrudo,19.0,1.0,19.0
2026-02-08,p_2yRMOn,Facundo Kalinger,,0.0,
2026-04-05,p_2yRMOn,Facundo Kalinger,1.0,1.0,1.0
2026-04-12,p_2yRMOn,Facundo Kalinger,1.5,2.0,1.5
2026-04-21,p_2yRMOn,Facundo Kalinger,11.333333333333334,3.0,11.333333333333334
2026-05-03,p_2yRMOn,Facundo Kalinger,27.0,4.0,27.0
2026-05-09,p_2yRMOn,Facundo Kalinger,30.6,5.0,30.6
2026-05-13,p_2yRMOn,Facundo Kalinger,37.666666666666664,6.0,45.0
2026-07-25,p_2yRMOn,Facundo Kalinger,41.42857142857143,7.0,57.4
2026-07-30,p_2yRMOn,Facundo Kalinger,43.75,8.0,63.2
2026-08-04,p_2yRMOn,Facundo Kalinger,43.888888888888886,9.0,57.4
2026-08-09,p_2yRMOn,Facundo Kalinger,47.6,10.0,64.6
2026-08-16,p_2yRMOn,Facundo Kalinger,50.36363636363637,11.0,65.6
2026-08-29,p_2yRMOn,Facundo Kalinger,49.916666666666664,12.0,61.8
2026-09-04,p_2yRMOn,Facundo Kalinger,48.53846153846154,13.0,56.2
2026-09-14,p_2yRMOn,Facundo Kalinger,49.92857142857143,14.0,60.8
2026-09-14,p_2yRMOn,Facundo Kalinger,51.46666666666667,15.0,59.2
2026-02-14,p_2yaEJG,Neyder Moreno,,0.0,
2026-02-21,p_2yaEJG,Neyder Moreno,13.0,1.0,13.0
2026-02-26,p_2yaEJG,Neyder Moreno,13.0,2.0,13.0
2026-03-15,p_2yaEJG,Neyder Moreno,15.666666666666666,3.0,15.666666666666666
2026-04-20,p_2yaEJG,Neyder Moreno,23.0,4.0,23.0
2026-04-26,p_2yaEJG,Neyder Moreno,23.8,5.0,23.8
2026-05-02,p_2yaEJG,Neyder Moreno,23.333333333333332,6.0,25.4
2026-07-25,p_2yaEJG,Neyder Moreno,28.857142857142858,7.0,35.2
2026-08-10,p_2yaEJG,Neyder Moreno,26.625,8.0,33.2
2026-01-23,p_2ykUpy,Facundo Lencioni,,0.0,
2026-01-27,p_2ykUpy,Facundo Lencioni,83.0,1.0,83.0
2026-02-03,p_2ykUpy,Facundo Lencioni,81.5,2.0,81.5
2026-02-09,p_2ykUpy,Facundo Lencioni,65.66666666666667,3.0,65.66666666666667
2026-02-14,p_2ykUpy,Facundo Lencioni,71.75,4.0,71.75
2026-02-21,p_2ykUpy,Facundo Lencioni,75.4,5.0,75.4
2026-02-25,p_2ykUpy,Facundo Lencioni,77.83333333333333,6.0,76.8
2026-02-28,p_2ykUpy,Facundo Lencioni,79.57142857142857,7.0,78.8
2026-03-12,p_2ykUpy,Facundo Lencioni,80.875,8.0,90.0
2026-03-18,p_2ykUpy,Facundo Lencioni,81.55555555555556,9.0,89.4
2026-03-21,p_2ykUpy,Facundo Lencioni,82.4,10.0,89.4
2026-04-03,p_2ykUpy,Facundo Lencioni,83.0909090909091,11.0,89.4
2026-04-12,p_2ykUpy,Facundo Lencioni,83.66666666666667,12.0,89.4
2026-04-21,p_2ykUpy,Facundo Lencioni,84.15384615384616,13.0,89.4
2026-04-26,p_2ykUpy,Facundo Lencioni,84.57142857142857,14.0,90.0
2026-05-04,p_2ykUpy,Facundo Lencioni,84.93333333333334,15.0,90.0
2026-07-24,p_2ykUpy,Facundo Lencioni,84.125,16.0,86.4
2026-07-28,p_2ykUpy,Facundo Lencioni,84.47058823529412,17.0,86.4
2026-08-01,p_2ykUpy,Facundo Lencioni,84.77777777777777,18.0,86.4
2026-08-09,p_2ykUpy,Facundo Lencioni,85.05263157894737,19.0,86.4
2026-08-18,p_2ykUpy,Facundo Lencioni,85.3,20.0,86.4
2026-08-22,p_2ykUpy,Facundo Lencioni,85.52380952380952,21.0,90.0
2026-08-30,p_2ykUpy,Facundo Lencioni,85.72727272727273,22.0,90.0
2026-09-05,p_2ykUpy,Facundo Lencioni,85.91304347826087,23.0,90.0
2026-09-11,p_2ykUpy,Facundo Lencioni,86.08333333333333,24.0,90.0
2026-01-23,p_2z0L2z,Facundo Farías,,0.0,
2026-01-29,p_2z0L2z,Facundo Farías,64.0,1.0,64.0
2026-02-02,p_2z0L2z,Facundo Farías,36.0,2.0,36.0
2026-02-25,p_2z0L2z,Facundo Farías,36.666666666666664,3.0,36.666666666666664
2026-03-02,p_2z0L2z,Facundo Farías,28.75,4.0,28.75
2026-03-23,p_2z0L2z,Facundo Farías,27.0,5.0,27.0
2026-04-03,p_2z0L2z,Facundo Farías,23.666666666666668,6.0,15.6
2026-04-18,p_2z0L2z,Facundo Farías,31.571428571428573,7.0,29.8
2026-04-25,p_2z0L2z,Facundo Farías,30.25,8.0,26.4
2026-05-10,p_2z0L2z,Facundo Farías,34.111111111111114,9.0,38.4
2026-08-05,p_2z0L2z,Facundo Farías,38.6,10.0,50.2
2026-08-08,p_2z0L2z,Facundo Farías,37.09090909090909,11.0,53.2
2026-09-05,p_2z0L2z,Facundo Farías,40.583333333333336,12.0,53.2
2026-09-13,p_2z0L2z,Facundo Farías,43.38461538461539,13.0,64.4
2026-03-18,p_2z2t4e,Gonzalo Flores,,0.0,
2026-04-19,p_2z2t4e,Gonzalo Flores,8.0,1.0,8.0
2026-04-24,p_2z2t4e,Gonzalo Flores,36.5,2.0,36.5
2026-05-02,p_2z2t4e,Gonzalo Flores,26.666666666666668,3.0,26.666666666666668
2026-08-08,p_2z2t4e,Gonzalo Flores,34.75,4.0,34.75
2026-02-21,p_2zZ48h,Augusto Lotti,,0.0,
2026-02-24,p_2zZ48h,Augusto Lotti,8.0,1.0,8.0
2026-03-02,p_2zZ48h,Augusto Lotti,17.0,2.0,17.0
2026-03-11,p_2zZ48h,Augusto Lotti,33.0,3.0,33.0
2026-03-14,p_2zZ48h,Augusto Lotti,27.0,4.0,27.0
2026-03-23,p_2zZ48h,Augusto Lotti,27.0,5.0,27.0
2026-04-01,p_2zZ48h,Augusto Lotti,24.0,6.0,27.2
2026-04-12,p_2zZ48h,Augusto Lotti,24.142857142857142,7.0,27.0
2026-09-04,p_2zZ48h,Augusto Lotti,22.625,8.0,16.4
2026-01-22,p_2zeYkR,Franco Fragapane,,0.0,
2026-01-29,p_2zeYkR,Franco Fragapane,57.0,1.0,57.0
2026-02-14,p_2zeYkR,Franco Fragapane,33.0,2.0,33.0
2026-02-23,p_2zeYkR,Franco Fragapane,42.666666666666664,3.0,42.666666666666664
2026-03-10,p_2zeYkR,Franco Fragapane,43.25,4.0,43.25
2026-04-17,p_2zeYkR,Franco Fragapane,36.2,5.0,36.2
2026-05-12,p_2zeYkR,Franco Fragapane,31.666666666666668,6.0,26.6
2026-01-23,p_30aPId,Álvaro Montero,,0.0,
2026-01-27,p_30aPId,Álvaro Montero,90.0,1.0,90.0
2026-01-31,p_30aPId,Álvaro Montero,90.0,2.0,90.0
2026-02-09,p_30aPId,Álvaro Montero,90.0,3.0,90.0
2026-02-14,p_30aPId,Álvaro Montero,90.0,4.0,90.0
2026-02-22,p_30aPId,Álvaro Montero,90.0,5.0,90.0
2026-02-25,p_30aPId,Álvaro Montero,90.0,6.0,90.0
2026-03-02,p_30aPId,Álvaro Montero,90.0,7.0,90.0
2026-03-10,p_30aPId,Álvaro Montero,90.0,8.0,90.0
2026-03-14,p_30aPId,Álvaro Montero,90.0,9.0,90.0
2026-03-21,p_30aPId,Álvaro Montero,90.0,10.0,90.0
2026-04-03,p_30aPId,Álvaro Montero,90.0,11.0,90.0
2026-04-14,p_30aPId,Álvaro Montero,90.0,12.0,90.0
2026-04-20,p_30aPId,Álvaro Montero,90.0,13.0,90.0
2026-04-27,p_30aPId,Álvaro Montero,90.0,14.0,90.0
2026-05-04,p_30aPId,Álvaro Montero,90.0,15.0,90.0
2026-05-11,p_30aPId,Álvaro Montero,90.0,16.0,90.0
2026-07-26,p_30aPId,Álvaro Montero,90.0,17.0,90.0
2026-08-02,p_30aPId,Álvaro Montero,90.0,18.0,90.0
2026-08-05,p_30aPId,Álvaro Montero,90.0,19.0,90.0
2026-08-08,p_30aPId,Álvaro Montero,90.0,20.0,90.0
2026-08-16,p_30aPId,Álvaro Montero,90.0,21.0,90.0
2026-08-24,p_30aPId,Álvaro Montero,90.0,22.0,90.0
2026-08-29,p_30aPId,Álvaro Montero,90.0,23.0,90.0
2026-09-05,p_30aPId,Álvaro Montero,90.0,24.0,90.0
2026-05-02,p_30zDYy,Tomás González,,0.0,
2026-05-12,p_30zDYy,Tomás González,17.0,1.0,17.0
2026-07-26,p_30zDYy,Tomás González,19.0,2.0,19.0
2026-07-29,p_30zDYy,Tomás González,19.666666666666668,3.0,19.666666666666668
2026-08-02,p_30zDYy,Tomás González,26.0,4.0,26.0
2026-08-08,p_30zDYy,Tomás González,26.4,5.0,26.4
2026-08-15,p_30zDYy,Tomás González,25.166666666666668,6.0,26.8
2026-08-23,p_30zDYy,Tomás González,24.428571428571427,7.0,26.6
2026-08-29,p_30zDYy,Tomás González,31.5,8.0,38.6
2026-09-04,p_30zDYy,Tomás González,33.0,9.0,38.6
2026-09-14,p_30zDYy,Tomás González,38.4,10.0,50.4
2026-09-14,p_30zDYy,Tomás González,39.0,11.0,55.6
2026-01-26,p_31LbGC,Elías Cabrera,,0.0,
2026-01-29,p_31LbGC,Elías Cabrera,76.0,1.0,76.0
2026-02-07,p_31LbGC,Elías Cabrera,71.0,2.0,71.0
2026-02-12,p_31LbGC,Elías Cabrera,71.33333333333333,3.0,71.33333333333333
2026-03-16,p_31LbGC,Elías Cabrera,71.25,4.0,71.25
2026-03-21,p_31LbGC,Elías Cabrera,62.8,5.0,62.8
2026-04-02,p_31LbGC,Elías Cabrera,63.833333333333336,6.0,61.4
2026-04-21,p_31LbGC,Elías Cabrera,57.714285714285715,7.0,52.4
2026-04-25,p_31LbGC,Elías Cabrera,60.25,8.0,53.6
2026-05-03,p_31LbGC,Elías Cabrera,58.55555555555556,9.0,48.4
2026-07-25,p_31LbGC,Elías Cabrera,55.8,10.0,48.8
2026-08-01,p_31LbGC,Elías Cabrera,58.90909090909091,11.0,53.0
2026-08-06,p_31LbGC,Elías Cabrera,55.916666666666664,12.0,53.4
2026-01-31,p_31U034,Gonzalo Abrego,,0.0,
2026-02-08,p_31U034,Gonzalo Abrego,45.0,1.0,45.0
2026-02-14,p_31U034,Gonzalo Abrego,54.0,2.0,54.0
2026-02-22,p_31U034,Gonzalo Abrego,56.0,3.0,56.0
2026-02-24,p_31U034,Gonzalo Abrego,58.0,4.0,58.0
2026-03-01,p_31U034,Gonzalo Abrego,53.0,5.0,53.0
2026-03-11,p_31U034,Gonzalo Abrego,59.166666666666664,6.0,62.0
2026-03-16,p_31U034,Gonzalo Abrego,52.142857142857146,7.0,51.4
2026-03-25,p_31U034,Gonzalo Abrego,49.0,8.0,44.8
2026-04-03,p_31U034,Gonzalo Abrego,44.22222222222222,9.0,33.2
2026-04-12,p_31U034,Gonzalo Abrego,42.2,10.0,31.4
2026-08-21,p_31U034,Gonzalo Abrego,46.27272727272727,11.0,30.8
2026-01-25,p_32Pavy,Lucas Janson,,0.0,
2026-02-15,p_32Pavy,Lucas Janson,72.0,1.0,72.0
2026-02-28,p_32Pavy,Lucas Janson,66.0,2.0,66.0
2026-08-02,p_32Pavy,Lucas Janson,61.666666666666664,3.0,61.666666666666664
2026-08-09,p_32Pavy,Lucas Janson,53.5,4.0,53.5
2026-08-22,p_32Pavy,Lucas Janson,46.0,5.0,46.0
2026-08-29,p_32Pavy,Lucas Janson,45.833333333333336,6.0,40.6
2026-09-05,p_32Pavy,Lucas Janson,49.42857142857143,7.0,42.8
2026-09-13,p_32Pavy,Lucas Janson,52.875,8.0,47.6
2026-01-25,p_32UVER,Exequiel Zeballos,,0.0,
2026-01-29,p_32UVER,Exequiel Zeballos,90.0,1.0,90.0
2026-02-01,p_32UVER,Exequiel Zeballos,90.0,2.0,90.0
2026-04-11,p_32UVER,Exequiel Zeballos,90.0,3.0,90.0
2026-04-19,p_32UVER,Exequiel Zeballos,72.75,4.0,72.75
2026-04-23,p_32UVER,Exequiel Zeballos,62.4,5.0,62.4
2026-05-02,p_32UVER,Exequiel Zeballos,65.16666666666667,6.0,60.2
2026-05-09,p_32UVER,Exequiel Zeballos,65.28571428571429,7.0,55.4
2026-01-23,p_32gEeN,Marcelino Moreno,,0.0,
2026-01-29,p_32gEeN,Marcelino Moreno,89.0,1.0,89.0
2026-02-04,p_32gEeN,Marcelino Moreno,89.5,2.0,89.5
2026-02-09,p_32gEeN,Marcelino Moreno,89.33333333333333,3.0,89.33333333333333
2026-04-13,p_32gEeN,Marcelino Moreno,89.5,4.0,89.5
2026-04-21,p_32gEeN,Marcelino Moreno,78.2,5.0,78.2
2026-04-24,p_32gEeN,Marcelino Moreno,69.66666666666667,6.0,65.8
2026-05-02,p_32gEeN,Marcelino Moreno,71.0,7.0,63.6
2026-05-10,p_32gEeN,Marcelino Moreno,66.0,8.0,52.0
2026-08-21,p_336XCT,Juan Chala,,0.0,
2026-09-15,p_336XCT,Juan Chala,17.0,1.0,17.0
2026-09-15,p_336XCT,Juan Chala,15.0,2.0,15.0
2026-01-23,p_3387op,Franco Dominguez,,0.0,
2026-01-29,p_3387op,Franco Dominguez,11.0,1.0,11.0
2026-02-02,p_3387op,Franco Dominguez,12.5,2.0,12.5
2026-04-03,p_3387op,Franco Dominguez,23.333333333333332,3.0,23.333333333333332
2026-01-24,p_33Honj,Gabriel Compagnucci,,0.0,
2026-01-28,p_33Honj,Gabriel Compagnucci,89.0,1.0,89.0
2026-02-01,p_33Honj,Gabriel Compagnucci,52.5,2.0,52.5
2026-02-08,p_33Honj,Gabriel Compagnucci,42.666666666666664,3.0,42.666666666666664
2026-02-15,p_33Honj,Gabriel Compagnucci,43.25,4.0,43.25
2026-02-20,p_33Honj,Gabriel Compagnucci,36.6,5.0,36.6
2026-03-12,p_33Honj,Gabriel Compagnucci,34.666666666666664,6.0,23.8
2026-03-16,p_33Honj,Gabriel Compagnucci,40.857142857142854,7.0,36.2
2026-03-21,p_33Honj,Gabriel Compagnucci,42.75,8.0,42.8
2026-05-03,p_33Honj,Gabriel Compagnucci,39.77777777777778,9.0,37.0
2026-07-31,p_33Honj,Gabriel Compagnucci,36.8,10.0,37.0
2026-08-04,p_33Honj,Gabriel Compagnucci,34.27272727272727,11.0,33.8
2026-08-17,p_33Honj,Gabriel Compagnucci,31.833333333333332,12.0,19.2
2026-08-22,p_33Honj,Gabriel Compagnucci,29.46153846153846,13.0,8.2
2026-09-07,p_33Honj,Gabriel Compagnucci,27.5,14.0,5.4
2026-09-12,p_33Honj,Gabriel Compagnucci,25.933333333333334,15.0,4.2
2026-05-03,p_33jhYq,Elías Verón,,0.0,
2026-05-10,p_33jhYq,Elías Verón,90.0,1.0,90.0
2026-07-23,p_33jhYq,Elías Verón,49.0,2.0,49.0
2026-08-07,p_33jhYq,Elías Verón,33.666666666666664,3.0,33.666666666666664
2026-08-17,p_33jhYq,Elías Verón,47.75,4.0,47.75
2026-08-25,p_33jhYq,Elías Verón,52.8,5.0,52.8
2026-09-13,p_33jhYq,Elías Verón,45.833333333333336,6.0,37.0
2026-03-10,p_34RQqa,Luca Feler,,0.0,
2026-05-04,p_34RQqa,Luca Feler,1.0,1.0,1.0
2026-07-24,p_34RQqa,Luca Feler,1.0,2.0,1.0
2026-07-30,p_34RQqa,Luca Feler,1.3333333333333333,3.0,1.3333333333333333
2026-08-08,p_34RQqa,Luca Feler,22.5,4.0,22.5
2026-08-17,p_34RQqa,Luca Feler,19.6,5.0,19.6
2026-08-23,p_34RQqa,Luca Feler,18.0,6.0,21.4
2026-08-29,p_34RQqa,Luca Feler,15.571428571428571,7.0,21.4
2026-09-06,p_34RQqa,Luca Feler,16.25,8.0,25.2
2026-09-11,p_34RQqa,Luca Feler,16.444444444444443,9.0,11.6
2026-01-26,p_34Y0Ej,Guillermo Soto,,0.0,
2026-01-29,p_34Y0Ej,Guillermo Soto,90.0,1.0,90.0
2026-04-02,p_34Y0Ej,Guillermo Soto,90.0,2.0,90.0
2026-04-25,p_34Y0Ej,Guillermo Soto,63.666666666666664,3.0,63.666666666666664
2026-05-03,p_34Y0Ej,Guillermo Soto,51.5,4.0,51.5
2026-07-25,p_34Y0Ej,Guillermo Soto,59.2,5.0,59.2
2026-01-26,p_34bboz,Ignacio Peluffo,,0.0,
2026-07-25,p_34bboz,Ignacio Peluffo,14.0,1.0,14.0
2026-08-15,p_34bboz,Ignacio Peluffo,13.5,2.0,13.5
2026-08-24,p_34bboz,Ignacio Peluffo,33.0,3.0,33.0
2026-09-05,p_34bboz,Ignacio Peluffo,27.75,4.0,27.75
2026-04-01,p_34cvdG,Pablo Ferreira,,0.0,
2026-04-12,p_34cvdG,Pablo Ferreira,69.0,1.0,69.0
2026-04-25,p_34cvdG,Pablo Ferreira,67.5,2.0,67.5
2026-05-03,p_34cvdG,Pablo Ferreira,75.0,3.0,75.0
2026-07-25,p_34cvdG,Pablo Ferreira,78.75,4.0,78.75
2026-08-09,p_34cvdG,Pablo Ferreira,68.0,5.0,68.0
2026-08-16,p_34cvdG,Pablo Ferreira,71.66666666666667,6.0,72.2
2026-08-31,p_34cvdG,Pablo Ferreira,62.285714285714285,7.0,60.2
2026-01-22,p_34qeAj,Nehuén Paz,,0.0,
2026-01-27,p_34qeAj,Nehuén Paz,90.0,1.0,90.0
2026-02-26,p_34qeAj,Nehuén Paz,65.5,2.0,65.5
2026-03-16,p_34qeAj,Nehuén Paz,68.33333333333333,3.0,68.33333333333333
2026-05-13,p_34qeAj,Nehuén Paz,73.75,4.0,73.75
2026-05-03,p_34rw4C,Marcelo Cabrera,,0.0,
2026-08-07,p_34rw4C,Marcelo Cabrera,26.0,1.0,26.0
2026-01-29,p_34yTml,Sebastián Medina,,0.0,
2026-02-02,p_34yTml,Sebastián Medina,24.0,1.0,24.0
2026-02-22,p_34yTml,Sebastián Medina,52.5,2.0,52.5
2026-02-25,p_34yTml,Sebastián Medina,36.333333333333336,3.0,36.333333333333336
2026-03-02,p_34yTml,Sebastián Medina,31.5,4.0,31.5
2026-03-10,p_34yTml,Sebastián Medina,27.4,5.0,27.4
2026-03-16,p_34yTml,Sebastián Medina,24.333333333333332,6.0,24.4
2026-04-02,p_34yTml,Sebastián Medina,29.571428571428573,7.0,20.4
2026-04-12,p_34yTml,Sebastián Medina,30.0,8.0,26.2
2026-04-21,p_34yTml,Sebastián Medina,26.77777777777778,9.0,23.0
2026-05-03,p_34yTml,Sebastián Medina,25.3,10.0,23.2
2026-07-25,p_34yTml,Sebastián Medina,28.363636363636363,11.0,33.2
2026-01-24,p_34z7Nj,Ramiro Ruíz,,0.0,
2026-04-05,p_34z7Nj,Ramiro Ruíz,49.0,1.0,49.0
2026-04-12,p_34z7Nj,Ramiro Ruíz,35.0,2.0,35.0
2026-04-19,p_34z7Nj,Ramiro Ruíz,27.0,3.0,27.0
2026-04-26,p_34z7Nj,Ramiro Ruíz,31.5,4.0,31.5
2026-07-26,p_34z7Nj,Ramiro Ruíz,28.4,5.0,28.4
2026-07-31,p_34z7Nj,Ramiro Ruíz,25.166666666666668,6.0,20.4
2026-08-04,p_34z7Nj,Ramiro Ruíz,34.285714285714285,7.0,34.0
2026-08-08,p_34z7Nj,Ramiro Ruíz,39.375,8.0,46.8
2026-08-22,p_34z7Nj,Ramiro Ruíz,45.0,9.0,55.8
2026-08-30,p_34z7Nj,Ramiro Ruíz,41.5,10.0,54.6
2026-09-07,p_34z7Nj,Ramiro Ruíz,39.45454545454545,11.0,56.6
2026-09-12,p_34z7Nj,Ramiro Ruíz,36.916666666666664,12.0,40.6
2026-05-03,p_35Wzc1,Juan Villalba,,0.0,
2026-07-25,p_35Wzc1,Juan Villalba,90.0,1.0,90.0
2026-08-08,p_35Wzc1,Juan Villalba,90.0,2.0,90.0
2026-08-15,p_35Wzc1,Juan Villalba,61.666666666666664,3.0,61.666666666666664
2026-08-24,p_35Wzc1,Juan Villalba,48.75,4.0,48.75
2026-09-01,p_35Wzc1,Juan Villalba,57.0,5.0,57.0
2026-09-05,p_35Wzc1,Juan Villalba,62.5,6.0,57.0
2026-09-13,p_35Wzc1,Juan Villalba,66.42857142857143,7.0,57.0
2026-05-03,p_35y0wZ,Augusto Fernández,,0.0,
2026-02-20,p_36GYxJ,Álvaro Ocampo,,0.0,
2026-03-03,p_36GYxJ,Álvaro Ocampo,14.0,1.0,14.0
2026-03-12,p_36GYxJ,Álvaro Ocampo,7.5,2.0,7.5
2026-03-15,p_36GYxJ,Álvaro Ocampo,35.0,3.0,35.0
2026-03-22,p_36GYxJ,Álvaro Ocampo,37.5,4.0,37.5
2026-04-20,p_36GYxJ,Álvaro Ocampo,48.0,5.0,48.0
2026-04-26,p_36GYxJ,Álvaro Ocampo,41.5,6.0,47.0
2026-05-12,p_36GYxJ,Álvaro Ocampo,42.0,7.0,55.8
2026-05-24,p_36GYxJ,Álvaro Ocampo,36.875,8.0,38.0
2026-04-19,p_36JyOe,Benjamín Pérez,,0.0,
2026-01-26,p_36ULM2,Ignacio Russo,,0.0,
2026-01-29,p_36ULM2,Ignacio Russo,76.0,1.0,76.0
2026-02-02,p_36ULM2,Ignacio Russo,77.0,2.0,77.0
2026-02-07,p_36ULM2,Ignacio Russo,81.33333333333333,3.0,81.33333333333333
2026-02-12,p_36ULM2,Ignacio Russo,83.5,4.0,83.5
2026-02-22,p_36ULM2,Ignacio Russo,84.8,5.0,84.8
2026-02-25,p_36ULM2,Ignacio Russo,84.0,6.0,85.6
2026-03-02,p_36ULM2,Ignacio Russo,84.85714285714286,7.0,88.0
2026-03-10,p_36ULM2,Ignacio Russo,85.5,8.0,88.0
2026-03-16,p_36ULM2,Ignacio Russo,86.0,9.0,88.0
2026-03-21,p_36ULM2,Ignacio Russo,86.3,10.0,87.8
2026-04-02,p_36ULM2,Ignacio Russo,86.63636363636364,11.0,89.8
2026-04-12,p_36ULM2,Ignacio Russo,86.91666666666667,12.0,89.8
2026-04-21,p_36ULM2,Ignacio Russo,83.6923076923077,13.0,80.8
2026-04-25,p_36ULM2,Ignacio Russo,84.14285714285714,14.0,80.8
2026-05-03,p_36ULM2,Ignacio Russo,84.53333333333333,15.0,81.0
2026-07-25,p_36ULM2,Ignacio Russo,84.875,16.0,81.0
2026-08-01,p_36ULM2,Ignacio Russo,81.52941176470588,17.0,68.6
2026-08-06,p_36ULM2,Ignacio Russo,81.55555555555556,18.0,76.0
2026-08-08,p_36ULM2,Ignacio Russo,82.0,19.0,76.0
2026-08-15,p_36ULM2,Ignacio Russo,82.4,20.0,76.0
2026-08-24,p_36ULM2,Ignacio Russo,82.76190476190476,21.0,76.0
2026-09-01,p_36ULM2,Ignacio Russo,83.0909090909091,22.0,88.4
2026-09-05,p_36ULM2,Ignacio Russo,83.3913043478261,23.0,90.0
2026-09-13,p_36ULM2,Ignacio Russo,83.66666666666667,24.0,90.0
2026-02-02,p_36mBna,Bruno Zuculini,,0.0,
2026-02-07,p_36mBna,Bruno Zuculini,60.0,1.0,60.0
2026-02-14,p_36mBna,Bruno Zuculini,40.5,2.0,40.5
2026-02-20,p_36mBna,Bruno Zuculini,42.0,3.0,42.0
2026-02-26,p_36mBna,Bruno Zuculini,37.25,4.0,37.25
2026-03-04,p_36mBna,Bruno Zuculini,42.6,5.0,42.6
2026-03-11,p_36mBna,Bruno Zuculini,37.5,6.0,33.0
2026-03-16,p_36mBna,Bruno Zuculini,35.857142857142854,7.0,34.0
2026-03-22,p_36mBna,Bruno Zuculini,33.375,8.0,28.2
2026-04-04,p_36mBna,Bruno Zuculini,36.22222222222222,9.0,35.4
2026-04-12,p_36mBna,Bruno Zuculini,33.3,10.0,24.0
2026-04-19,p_36mBna,Bruno Zuculini,35.63636363636363,11.0,33.4
2026-04-25,p_36mBna,Bruno Zuculini,34.416666666666664,12.0,32.4
2026-05-03,p_36mBna,Bruno Zuculini,38.30769230769231,13.0,46.2
2026-05-10,p_36mBna,Bruno Zuculini,40.714285714285715,14.0,48.8
2026-05-13,p_36mBna,Bruno Zuculini,42.2,15.0,60.0
2026-01-23,p_375sV8,Eros Mancuso,,0.0,
2026-02-09,p_375sV8,Eros Mancuso,22.0,1.0,22.0
2026-02-15,p_375sV8,Eros Mancuso,22.5,2.0,22.5
2026-02-20,p_375sV8,Eros Mancuso,24.0,3.0,24.0
2026-02-25,p_375sV8,Eros Mancuso,23.5,4.0,23.5
2026-03-02,p_375sV8,Eros Mancuso,22.4,5.0,22.4
2026-03-13,p_375sV8,Eros Mancuso,22.0,6.0,22.0
2026-03-18,p_375sV8,Eros Mancuso,31.714285714285715,7.0,35.4
2026-03-23,p_375sV8,Eros Mancuso,29.75,8.0,33.2
2026-04-03,p_375sV8,Eros Mancuso,36.44444444444444,9.0,46.8
2026-04-11,p_375sV8,Eros Mancuso,40.7,10.0,59.0
2026-04-18,p_375sV8,Eros Mancuso,45.18181818181818,11.0,73.0
2026-04-25,p_375sV8,Eros Mancuso,45.166666666666664,12.0,64.0
2026-05-03,p_375sV8,Eros Mancuso,48.61538461538461,13.0,78.8
2026-05-10,p_375sV8,Eros Mancuso,51.57142857142857,14.0,78.8
2026-08-08,p_375sV8,Eros Mancuso,54.06666666666667,15.0,80.8
2026-08-15,p_375sV8,Eros Mancuso,56.3125,16.0,80.8
2026-08-23,p_375sV8,Eros Mancuso,58.294117647058826,17.0,89.8
2026-08-31,p_375sV8,Eros Mancuso,57.55555555555556,18.0,80.8
2026-01-29,p_37G7he,Aaron Molinas,,0.0,
2026-02-02,p_37G7he,Aaron Molinas,89.0,1.0,89.0
2026-02-08,p_37G7he,Aaron Molinas,89.5,2.0,89.5
2026-02-14,p_37G7he,Aaron Molinas,89.33333333333333,3.0,89.33333333333333
2026-02-20,p_37G7he,Aaron Molinas,89.5,4.0,89.5
2026-02-24,p_37G7he,Aaron Molinas,89.6,5.0,89.6
2026-03-02,p_37G7he,Aaron Molinas,89.66666666666667,6.0,89.8
2026-03-12,p_37G7he,Aaron Molinas,89.71428571428571,7.0,89.8
2026-03-16,p_37G7he,Aaron Molinas,89.75,8.0,90.0
2026-03-21,p_37G7he,Aaron Molinas,89.77777777777777,9.0,90.0
2026-04-07,p_37G7he,Aaron Molinas,89.8,10.0,90.0
2026-04-13,p_37G7he,Aaron Molinas,89.81818181818181,11.0,90.0
2026-04-18,p_37G7he,Aaron Molinas,89.83333333333333,12.0,90.0
2026-04-23,p_37G7he,Aaron Molinas,89.84615384615384,13.0,90.0
2026-05-04,p_37G7he,Aaron Molinas,89.85714285714286,14.0,90.0
2026-01-23,p_37cT31,Ronaldo Dejesús,,0.0,
2026-02-04,p_37cT31,Ronaldo Dejesús,1.0,1.0,1.0
2026-02-13,p_37cT31,Ronaldo Dejesús,1.0,2.0,1.0
2026-03-02,p_37cT31,Ronaldo Dejesús,30.666666666666668,3.0,30.666666666666668
2026-03-13,p_37cT31,Ronaldo Dejesús,45.5,4.0,45.5
2026-03-27,p_37cT31,Ronaldo Dejesús,36.8,5.0,36.8
2026-04-01,p_37cT31,Ronaldo Dejesús,45.666666666666664,6.0,54.6
2026-04-21,p_37cT31,Ronaldo Dejesús,52.0,7.0,72.4
2026-05-02,p_37cT31,Ronaldo Dejesús,56.75,8.0,72.4
2026-07-26,p_37cT31,Ronaldo Dejesús,60.44444444444444,9.0,72.4
2026-08-03,p_37cT31,Ronaldo Dejesús,63.4,10.0,90.0
2026-08-06,p_37cT31,Ronaldo Dejesús,61.72727272727273,11.0,81.0
2026-08-12,p_37cT31,Ronaldo Dejesús,64.08333333333333,12.0,81.0
2026-08-17,p_37cT31,Ronaldo Dejesús,66.07692307692308,13.0,81.0
2026-08-25,p_37cT31,Ronaldo Dejesús,67.78571428571429,14.0,81.0
2026-09-14,p_37cT31,Ronaldo Dejesús,69.26666666666667,15.0,81.0
2026-09-14,p_37cT31,Ronaldo Dejesús,65.125,16.0,72.6
2026-08-08,p_386m0I,Nicolás Dubersarsky,,0.0,
2026-01-26,p_38jdJ6,Sebastián Prieto,,0.0,
2026-01-30,p_38jdJ6,Sebastián Prieto,65.0,1.0,65.0
2026-02-07,p_38jdJ6,Sebastián Prieto,59.0,2.0,59.0
2026-02-13,p_38jdJ6,Sebastián Prieto,62.0,3.0,62.0
2026-03-01,p_38jdJ6,Sebastián Prieto,53.5,4.0,53.5
2026-03-11,p_38jdJ6,Sebastián Prieto,58.0,5.0,58.0
2026-03-16,p_38jdJ6,Sebastián Prieto,63.333333333333336,6.0,63.0
2026-03-23,p_38jdJ6,Sebastián Prieto,67.0,7.0,70.2
2026-03-27,p_38jdJ6,Sebastián Prieto,69.875,8.0,74.6
2026-03-31,p_38jdJ6,Sebastián Prieto,72.11111111111111,9.0,87.0
2026-04-06,p_38jdJ6,Sebastián Prieto,72.5,10.0,87.0
2026-04-11,p_38jdJ6,Sebastián Prieto,74.0909090909091,11.0,87.0
2026-04-19,p_38jdJ6,Sebastián Prieto,75.41666666666667,12.0,87.2
2026-04-28,p_38jdJ6,Sebastián Prieto,76.53846153846153,13.0,87.2
2026-05-03,p_38jdJ6,Sebastián Prieto,76.0,14.0,83.0
2026-05-10,p_38jdJ6,Sebastián Prieto,76.13333333333334,15.0,83.4
2026-05-13,p_38jdJ6,Sebastián Prieto,76.5625,16.0,82.0
2026-05-17,p_38jdJ6,Sebastián Prieto,79.11764705882354,17.0,88.0
2026-07-23,p_38jdJ6,Sebastián Prieto,81.38888888888889,18.0,94.0
2026-07-29,p_38jdJ6,Sebastián Prieto,81.84210526315789,19.0,98.2
2026-08-01,p_38jdJ6,Sebastián Prieto,82.25,20.0,100.6
2026-08-09,p_38jdJ6,Sebastián Prieto,81.19047619047619,21.0,96.0
2026-08-16,p_38jdJ6,Sebastián Prieto,81.5909090909091,22.0,90.0
2026-08-30,p_38jdJ6,Sebastián Prieto,81.95652173913044,23.0,84.0
2026-09-07,p_38jdJ6,Sebastián Prieto,82.29166666666667,24.0,84.0
2026-09-13,p_38jdJ6,Sebastián Prieto,82.6,25.0,84.0
2026-01-23,p_38u8in,Franco Saavedra,,0.0,
2026-01-27,p_38u8in,Franco Saavedra,90.0,1.0,90.0
2026-02-03,p_38u8in,Franco Saavedra,89.0,2.0,89.0
2026-02-21,p_38u8in,Franco Saavedra,68.33333333333333,3.0,68.33333333333333
2026-02-25,p_38u8in,Franco Saavedra,72.5,4.0,72.5
2026-02-28,p_38u8in,Franco Saavedra,72.4,5.0,72.4
2026-03-12,p_38u8in,Franco Saavedra,75.33333333333333,6.0,72.4
2026-03-18,p_38u8in,Franco Saavedra,77.42857142857143,7.0,72.8
2026-03-21,p_38u8in,Franco Saavedra,79.0,8.0,85.4
2026-04-03,p_38u8in,Franco Saavedra,80.22222222222223,9.0,86.4
2026-04-12,p_38u8in,Franco Saavedra,81.2,10.0,90.0
2026-04-21,p_38u8in,Franco Saavedra,79.9090909090909,11.0,85.4
2026-04-26,p_38u8in,Franco Saavedra,80.75,12.0,85.4
2026-01-23,p_39c8jY,Diego Sosa,,0.0,
2026-01-26,p_39c8jY,Diego Sosa,90.0,1.0,90.0
2026-02-04,p_39c8jY,Diego Sosa,67.5,2.0,67.5
2026-02-09,p_39c8jY,Diego Sosa,72.0,3.0,72.0
2026-02-16,p_39c8jY,Diego Sosa,76.5,4.0,76.5
2026-02-20,p_39c8jY,Diego Sosa,79.2,5.0,79.2
2026-02-24,p_39c8jY,Diego Sosa,81.0,6.0,79.2
2026-03-01,p_39c8jY,Diego Sosa,80.14285714285714,7.0,85.2
2026-03-12,p_39c8jY,Diego Sosa,81.375,8.0,87.0
2026-03-17,p_39c8jY,Diego Sosa,82.33333333333333,9.0,87.0
2026-03-22,p_39c8jY,Diego Sosa,83.1,10.0,87.0
2026-04-07,p_39c8jY,Diego Sosa,83.72727272727273,11.0,87.0
2026-04-11,p_39c8jY,Diego Sosa,84.25,12.0,90.0
2026-04-18,p_39c8jY,Diego Sosa,84.6923076923077,13.0,90.0
2026-04-26,p_39c8jY,Diego Sosa,85.07142857142857,14.0,90.0
2026-05-05,p_39c8jY,Diego Sosa,85.4,15.0,90.0
2026-07-24,p_39c8jY,Diego Sosa,85.6875,16.0,90.0
2026-07-30,p_39c8jY,Diego Sosa,85.94117647058823,17.0,90.0
2026-08-03,p_39c8jY,Diego Sosa,86.16666666666667,18.0,90.0
2026-08-09,p_39c8jY,Diego Sosa,86.36842105263158,19.0,90.0
2026-08-16,p_39c8jY,Diego Sosa,86.55,20.0,90.0
2026-08-22,p_39c8jY,Diego Sosa,86.71428571428571,21.0,90.0
2026-09-01,p_39c8jY,Diego Sosa,86.86363636363636,22.0,90.0
2026-09-08,p_39c8jY,Diego Sosa,87.0,23.0,90.0
2026-09-15,p_39c8jY,Diego Sosa,87.125,24.0,90.0
2026-09-15,p_39c8jY,Diego Sosa,87.24,25.0,90.0
2026-01-24,p_39r0cc,Ignacio Galván,,0.0,
2026-01-28,p_39r0cc,Ignacio Galván,90.0,1.0,90.0
2026-02-01,p_39r0cc,Ignacio Galván,90.0,2.0,90.0
2026-02-20,p_39r0cc,Ignacio Galván,90.0,3.0,90.0
2026-02-25,p_39r0cc,Ignacio Galván,69.5,4.0,69.5
2026-03-04,p_39r0cc,Ignacio Galván,61.8,5.0,61.8
2026-03-12,p_39r0cc,Ignacio Galván,66.5,6.0,61.8
2026-03-16,p_39r0cc,Ignacio Galván,58.714285714285715,7.0,46.2
2026-03-21,p_39r0cc,Ignacio Galván,57.0,8.0,37.2
2026-04-12,p_39r0cc,Ignacio Galván,58.0,9.0,48.8
2026-04-19,p_39r0cc,Ignacio Galván,61.2,10.0,60.6
2026-04-26,p_39r0cc,Ignacio Galván,63.81818181818182,11.0,60.6
2026-05-03,p_39r0cc,Ignacio Galván,66.0,12.0,76.2
2026-07-31,p_39r0cc,Ignacio Galván,67.84615384615384,13.0,85.2
2026-08-04,p_39r0cc,Ignacio Galván,69.42857142857143,14.0,90.0
2026-08-08,p_39r0cc,Ignacio Galván,70.8,15.0,90.0
2026-08-17,p_39r0cc,Ignacio Galván,71.9375,16.0,89.8
2026-08-30,p_39r0cc,Ignacio Galván,72.94117647058823,17.0,89.6
2026-09-07,p_39r0cc,Ignacio Galván,73.88888888888889,18.0,89.6
2026-09-12,p_39r0cc,Ignacio Galván,74.63157894736842,19.0,89.2
2026-02-09,p_3A5ZcB,Marcelo Weigandt,,0.0,
2026-02-15,p_3A5ZcB,Marcelo Weigandt,17.0,1.0,17.0
2026-02-20,p_3A5ZcB,Marcelo Weigandt,20.5,2.0,20.5
2026-02-28,p_3A5ZcB,Marcelo Weigandt,43.666666666666664,3.0,43.666666666666664
2026-03-05,p_3A5ZcB,Marcelo Weigandt,55.25,4.0,55.25
2026-03-11,p_3A5ZcB,Marcelo Weigandt,62.2,5.0,62.2
2026-03-16,p_3A5ZcB,Marcelo Weigandt,66.83333333333333,6.0,76.8
2026-03-22,p_3A5ZcB,Marcelo Weigandt,70.14285714285714,7.0,90.0
2026-04-19,p_3A5ZcB,Marcelo Weigandt,72.625,8.0,90.0
2026-05-02,p_3A5ZcB,Marcelo Weigandt,74.55555555555556,9.0,90.0
2026-05-09,p_3A5ZcB,Marcelo Weigandt,72.7,10.0,83.2
2026-05-13,p_3A7aMk,Marco Ruben,,0.0,
2026-08-29,p_3A7aMk,Marco Ruben,15.0,1.0,15.0
2026-09-06,p_3A7aMk,Marco Ruben,49.0,2.0,49.0
2026-07-24,p_3AFKez,Matías Godoy,,0.0,
2026-07-29,p_3AFKez,Matías Godoy,77.0,1.0,77.0
2026-08-02,p_3AFKez,Matías Godoy,61.0,2.0,61.0
2026-08-07,p_3AFKez,Matías Godoy,55.666666666666664,3.0,55.666666666666664
2026-08-15,p_3AFKez,Matías Godoy,62.5,4.0,62.5
2026-08-21,p_3AFKez,Matías Godoy,63.8,5.0,63.8
2026-08-30,p_3AFKez,Matías Godoy,68.16666666666667,6.0,66.4
2026-09-12,p_3AFKez,Matías Godoy,63.42857142857143,7.0,64.4
2026-01-24,p_3AOI3O,Pablo Aguiar,,0.0,
2026-03-11,p_3AOI3O,Pablo Aguiar,2.0,1.0,2.0
2026-03-15,p_3AOI3O,Pablo Aguiar,11.5,2.0,11.5
2026-03-21,p_3AOI3O,Pablo Aguiar,27.666666666666668,3.0,27.666666666666668
2026-05-03,p_3AOI3O,Pablo Aguiar,35.75,4.0,35.75
2026-01-24,p_3AkXZM,Carlos Abeldano,,0.0,
2026-02-01,p_3AkXZM,Carlos Abeldano,1.0,1.0,1.0
2026-02-08,p_3AkXZM,Carlos Abeldano,12.0,2.0,12.0
2026-02-15,p_3AkXZM,Carlos Abeldano,23.0,3.0,23.0
2026-02-20,p_3AkXZM,Carlos Abeldano,37.25,4.0,37.25
2026-02-25,p_3AkXZM,Carlos Abeldano,47.8,5.0,47.8
2026-03-04,p_3AkXZM,Carlos Abeldano,54.833333333333336,6.0,65.6
2026-03-12,p_3AkXZM,Carlos Abeldano,58.285714285714285,7.0,76.8
2026-03-16,p_3AkXZM,Carlos Abeldano,60.75,8.0,83.4
2026-01-29,p_3BCNLl,Joaquín Mosqueira,,0.0,
2026-02-02,p_3BCNLl,Joaquín Mosqueira,12.0,1.0,12.0
2026-02-07,p_3BCNLl,Joaquín Mosqueira,13.0,2.0,13.0
2026-03-16,p_3BCNLl,Joaquín Mosqueira,11.0,3.0,11.0
2026-04-21,p_3BCNLl,Joaquín Mosqueira,8.5,4.0,8.5
2026-05-03,p_3BCNLl,Joaquín Mosqueira,9.2,5.0,9.2
2026-08-01,p_3BCNLl,Joaquín Mosqueira,15.166666666666666,6.0,15.8
2026-08-06,p_3BCNLl,Joaquín Mosqueira,21.428571428571427,7.0,24.8
2026-08-11,p_3BCNLl,Joaquín Mosqueira,30.0,8.0,41.4
2026-08-15,p_3BCNLl,Joaquín Mosqueira,34.22222222222222,9.0,54.8
2026-09-08,p_3BCNLl,Joaquín Mosqueira,33.5,10.0,57.8
2026-08-14,p_3BNwqA,Alberto Campo,,0.0,
2026-08-24,p_3BNwqA,Alberto Campo,29.0,1.0,29.0
2026-08-31,p_3BNwqA,Alberto Campo,23.0,2.0,23.0
2026-01-23,p_3BQAaS,Guido Carrillo,,0.0,
2026-01-29,p_3BQAaS,Guido Carrillo,90.0,1.0,90.0
2026-02-09,p_3BQAaS,Guido Carrillo,90.0,2.0,90.0
2026-02-15,p_3BQAaS,Guido Carrillo,90.0,3.0,90.0
2026-02-20,p_3BQAaS,Guido Carrillo,90.0,4.0,90.0
2026-03-02,p_3BQAaS,Guido Carrillo,90.0,5.0,90.0
2026-03-13,p_3BQAaS,Guido Carrillo,90.0,6.0,90.0
2026-03-18,p_3BQAaS,Guido Carrillo,90.0,7.0,90.0
2026-03-23,p_3BQAaS,Guido Carrillo,89.25,8.0,88.8
2026-04-18,p_3BQAaS,Guido Carrillo,87.33333333333333,9.0,85.2
2026-04-25,p_3BQAaS,Guido Carrillo,86.9,10.0,83.8
2026-05-10,p_3BQAaS,Guido Carrillo,81.18181818181819,11.0,70.6
2026-07-26,p_3BQAaS,Guido Carrillo,81.0,12.0,68.4
2026-08-01,p_3BQAaS,Guido Carrillo,81.6923076923077,13.0,69.6
2026-08-05,p_3BQAaS,Guido Carrillo,81.57142857142857,14.0,71.2
2026-08-15,p_3BQAaS,Guido Carrillo,82.13333333333334,15.0,72.6
2026-08-23,p_3BQAaS,Guido Carrillo,78.8125,16.0,73.6
2026-08-31,p_3BQAaS,Guido Carrillo,75.05882352941177,17.0,60.8
2026-09-06,p_3BQAaS,Guido Carrillo,75.88888888888889,18.0,60.8
2026-09-12,p_3BQAaS,Guido Carrillo,73.21052631578948,19.0,49.8
2026-01-24,p_3BbL1n,Tomás Conechny,,0.0,
2026-01-28,p_3BbL1n,Tomás Conechny,33.0,1.0,33.0
2026-02-02,p_3BbL1n,Tomás Conechny,31.5,2.0,31.5
2026-02-07,p_3BbL1n,Tomás Conechny,24.333333333333332,3.0,24.333333333333332
2026-02-14,p_3BbL1n,Tomás Conechny,40.5,4.0,40.5
2026-02-20,p_3BbL1n,Tomás Conechny,45.2,5.0,45.2
2026-02-26,p_3BbL1n,Tomás Conechny,48.0,6.0,51.0
2026-03-04,p_3BbL1n,Tomás Conechny,48.142857142857146,7.0,54.8
2026-03-11,p_3BbL1n,Tomás Conechny,46.0,8.0,59.0
2026-03-16,p_3BbL1n,Tomás Conechny,44.44444444444444,9.0,47.6
2026-03-22,p_3BbL1n,Tomás Conechny,42.3,10.0,39.4
2026-04-04,p_3BbL1n,Tomás Conechny,46.63636363636363,11.0,45.0
2026-04-12,p_3BbL1n,Tomás Conechny,48.833333333333336,12.0,49.8
2026-04-25,p_3BbL1n,Tomás Conechny,45.53846153846154,13.0,44.8
2026-05-03,p_3BbL1n,Tomás Conechny,48.714285714285715,14.0,56.4
2026-05-10,p_3BbL1n,Tomás Conechny,47.46666666666667,15.0,57.8
2026-05-13,p_3BbL1n,Tomás Conechny,50.0625,16.0,57.6
2026-07-24,p_3BbL1n,Tomás Conechny,51.94117647058823,17.0,59.4
2026-07-29,p_3BbL1n,Tomás Conechny,51.55555555555556,18.0,67.2
2026-08-09,p_3BbL1n,Tomás Conechny,50.473684210526315,19.0,55.4
2026-08-14,p_3BbL1n,Tomás Conechny,48.35,20.0,51.0
2026-08-24,p_3BbL1n,Tomás Conechny,50.333333333333336,21.0,51.2
2026-08-31,p_3BbL1n,Tomás Conechny,51.36363636363637,22.0,49.4
2026-09-07,p_3BbL1n,Tomás Conechny,51.869565217391305,23.0,53.0
2026-07-25,p_3BgUGt,Juan Cozzani,,0.0,
2026-07-30,p_3BgUGt,Juan Cozzani,90.0,1.0,90.0
2026-08-09,p_3BgUGt,Juan Cozzani,90.0,2.0,90.0
2026-08-16,p_3BgUGt,Juan Cozzani,90.0,3.0,90.0
2026-08-31,p_3BgUGt,Juan Cozzani,90.0,4.0,90.0
2026-09-04,p_3BgUGt,Juan Cozzani,90.0,5.0,90.0
2026-09-12,p_3BgUGt,Juan Cozzani,90.0,6.0,90.0
2026-03-15,p_3BlplQ,Matías Melluso,,0.0,
2026-05-11,p_3BlplQ,Matías Melluso,10.0,1.0,10.0
2026-05-14,p_3BlplQ,Matías Melluso,21.5,2.0,21.5
2026-08-15,p_3BlplQ,Matías Melluso,16.666666666666668,3.0,16.666666666666668
2026-09-05,p_3BlplQ,Matías Melluso,15.75,4.0,15.75
2026-01-25,p_3Boqdn,Francisco González Metilli,,0.0,
2026-01-29,p_3Boqdn,Francisco González Metilli,32.0,1.0,32.0
2026-02-03,p_3Boqdn,Francisco González Metilli,44.5,2.0,44.5
2026-02-08,p_3Boqdn,Francisco González Metilli,49.666666666666664,3.0,49.666666666666664
2026-02-20,p_3Boqdn,Francisco González Metilli,38.0,4.0,38.0
2026-02-25,p_3Boqdn,Francisco González Metilli,34.4,5.0,34.4
2026-03-12,p_3Boqdn,Francisco González Metilli,29.833333333333332,6.0,29.4
2026-04-05,p_3Boqdn,Francisco González Metilli,38.42857142857143,7.0,36.0
2026-04-20,p_3Boqdn,Francisco González Metilli,43.375,8.0,39.6
2026-05-03,p_3Boqdn,Francisco González Metilli,39.0,9.0,39.8
2026-05-09,p_3Boqdn,Francisco González Metilli,44.1,10.0,53.8
2026-05-12,p_3Boqdn,Francisco González Metilli,46.72727272727273,11.0,67.0
2026-05-17,p_3Boqdn,Francisco González Metilli,47.833333333333336,12.0,61.0
2026-07-23,p_3Boqdn,Francisco González Metilli,47.61538461538461,13.0,54.4
2026-08-06,p_3Boqdn,Francisco González Metilli,44.92857142857143,14.0,55.6
2026-08-10,p_3Boqdn,Francisco González Metilli,43.4,15.0,42.0
2026-08-15,p_3Boqdn,Francisco González Metilli,46.3125,16.0,45.4
2026-08-23,p_3Boqdn,Francisco González Metilli,48.88235294117647,17.0,51.4
2026-08-30,p_3Boqdn,Francisco González Metilli,47.611111111111114,18.0,47.6
2026-09-04,p_3Boqdn,Francisco González Metilli,49.8421052631579,19.0,63.6
2026-09-13,p_3Boqdn,Francisco González Metilli,48.2,20.0,62.6
2026-08-17,p_3BqvxS,Josias Palais,,0.0,
2026-08-22,p_3BqvxS,Josias Palais,77.0,1.0,77.0
2026-08-30,p_3BqvxS,Josias Palais,74.0,2.0,74.0
2026-09-06,p_3BqvxS,Josias Palais,69.0,3.0,69.0
2026-09-13,p_3BqvxS,Josias Palais,56.5,4.0,56.5
2026-03-12,p_3CbNXk,Santiago Moya,,0.0,
2026-03-16,p_3CbNXk,Santiago Moya,90.0,1.0,90.0
2026-03-22,p_3CbNXk,Santiago Moya,90.0,2.0,90.0
2026-04-11,p_3CbNXk,Santiago Moya,90.0,3.0,90.0
2026-04-19,p_3CbNXk,Santiago Moya,90.0,4.0,90.0
2026-04-26,p_3CbNXk,Santiago Moya,90.0,5.0,90.0
2026-05-03,p_3CbNXk,Santiago Moya,90.0,6.0,90.0
2026-07-24,p_3CbNXk,Santiago Moya,90.0,7.0,90.0
2026-09-12,p_3CbNXk,Santiago Moya,90.0,8.0,90.0
2026-02-08,p_3CinVk,Benjamín Bosch,,0.0,
2026-03-14,p_3CinVk,Benjamín Bosch,10.0,1.0,10.0
2026-02-28,p_3DBOMn,José Gómez,,0.0,
2026-04-20,p_3DBOMn,José Gómez,16.0,1.0,16.0
2026-07-24,p_3DBOMn,José Gómez,8.5,2.0,8.5
2026-07-31,p_3DBOMn,José Gómez,12.333333333333334,3.0,12.333333333333334
2026-08-30,p_3DBOMn,José Gómez,12.75,4.0,12.75
2026-03-12,p_3Dcglw,Mauro Vargas,,0.0,
2026-03-18,p_3Dcglw,Mauro Vargas,23.0,1.0,23.0
2026-04-19,p_3Dcglw,Mauro Vargas,28.0,2.0,28.0
2026-04-24,p_3Dcglw,Mauro Vargas,42.333333333333336,3.0,42.333333333333336
2026-05-02,p_3Dcglw,Mauro Vargas,52.5,4.0,52.5
2026-02-02,p_3Dg55W,Maximiliano Zalazar,,0.0,
2026-02-09,p_3Dg55W,Maximiliano Zalazar,26.0,1.0,26.0
2026-02-15,p_3Dg55W,Maximiliano Zalazar,24.0,2.0,24.0
2026-03-21,p_3Dg55W,Maximiliano Zalazar,25.0,3.0,25.0
2026-04-05,p_3Dg55W,Maximiliano Zalazar,26.25,4.0,26.25
2026-04-13,p_3Dg55W,Maximiliano Zalazar,30.0,5.0,30.0
2026-05-14,p_3Dg55W,Maximiliano Zalazar,29.5,6.0,30.2
2026-07-29,p_3Dg55W,Maximiliano Zalazar,31.714285714285715,7.0,34.8
2026-08-22,p_3Dg55W,Maximiliano Zalazar,30.875,8.0,34.4
2026-08-29,p_3Dg55W,Maximiliano Zalazar,32.44444444444444,9.0,37.4
2026-09-05,p_3Dg55W,Maximiliano Zalazar,34.5,10.0,39.0
2026-09-13,p_3Dg55W,Maximiliano Zalazar,36.90909090909091,11.0,45.8
2026-01-24,p_3EIBrG,Duván Vergara,,0.0,
2026-01-28,p_3EIBrG,Duván Vergara,57.0,1.0,57.0
2026-02-02,p_3EIBrG,Duván Vergara,34.0,2.0,34.0
2026-02-20,p_3EIBrG,Duván Vergara,32.666666666666664,3.0,32.666666666666664
2026-02-26,p_3EIBrG,Duván Vergara,24.75,4.0,24.75
2026-03-04,p_3EIBrG,Duván Vergara,22.4,5.0,22.4
2026-03-11,p_3EIBrG,Duván Vergara,32.666666666666664,6.0,27.8
2026-03-16,p_3EIBrG,Duván Vergara,37.285714285714285,7.0,38.6
2026-04-04,p_3EIBrG,Duván Vergara,41.0,8.0,46.0
2026-04-12,p_3EIBrG,Duván Vergara,38.333333333333336,9.0,49.2
2026-04-19,p_3EIBrG,Duván Vergara,36.2,10.0,50.0
2026-04-25,p_3EIBrG,Duván Vergara,39.27272727272727,11.0,47.2
2026-05-13,p_3EIBrG,Duván Vergara,36.416666666666664,12.0,35.2
2026-07-24,p_3EIBrG,Duván Vergara,34.30769230769231,13.0,23.6
2026-08-01,p_3EIBrG,Duván Vergara,33.5,14.0,24.8
2026-08-24,p_3EIBrG,Duván Vergara,33.4,15.0,27.8
2026-08-31,p_3EIBrG,Duván Vergara,32.375,16.0,17.2
2026-09-07,p_3EIBrG,Duván Vergara,31.294117647058822,17.0,19.0
2026-09-14,p_3EIBrG,Duván Vergara,32.05555555555556,18.0,26.2
2026-09-14,p_3EIBrG,Duván Vergara,31.473684210526315,19.0,25.8
2026-01-23,p_3FGnhe,Michael Santos,,0.0,
2026-01-31,p_3FGnhe,Michael Santos,4.0,1.0,4.0
2026-02-07,p_3FGnhe,Michael Santos,15.5,2.0,15.5
2026-02-16,p_3FGnhe,Michael Santos,38.666666666666664,3.0,38.666666666666664
2026-02-22,p_3FGnhe,Michael Santos,51.5,4.0,51.5
2026-02-24,p_3FGnhe,Michael Santos,59.2,5.0,59.2
2026-02-28,p_3FGnhe,Michael Santos,64.33333333333333,6.0,76.4
2026-03-12,p_3FGnhe,Michael Santos,68.0,7.0,89.0
2026-03-18,p_3FGnhe,Michael Santos,70.625,8.0,89.8
2026-03-23,p_3FGnhe,Michael Santos,72.77777777777777,9.0,89.8
2026-04-05,p_3FGnhe,Michael Santos,74.5,10.0,89.8
2026-04-14,p_3FGnhe,Michael Santos,75.72727272727273,11.0,89.4
2026-04-20,p_3FGnhe,Michael Santos,76.5,12.0,88.4
2026-04-24,p_3FGnhe,Michael Santos,75.92307692307692,13.0,84.4
2026-05-02,p_3FGnhe,Michael Santos,71.42857142857143,14.0,69.0
2026-07-24,p_3FGnhe,Michael Santos,72.66666666666667,15.0,69.0
2026-08-04,p_3FGnhe,Michael Santos,73.75,16.0,69.4
2026-08-11,p_3FGnhe,Michael Santos,73.6470588235294,17.0,66.8
2026-08-16,p_3FGnhe,Michael Santos,74.38888888888889,18.0,70.4
2026-08-24,p_3FGnhe,Michael Santos,75.21052631578948,19.0,85.8
2026-01-25,p_3FvFpo,Ignacio Ovando,,0.0,
2026-01-28,p_3FvFpo,Ignacio Ovando,90.0,1.0,90.0
2026-02-02,p_3FvFpo,Ignacio Ovando,90.0,2.0,90.0
2026-02-07,p_3FvFpo,Ignacio Ovando,90.0,3.0,90.0
2026-02-16,p_3FvFpo,Ignacio Ovando,90.0,4.0,90.0
2026-02-21,p_3FvFpo,Ignacio Ovando,90.0,5.0,90.0
2026-02-25,p_3FvFpo,Ignacio Ovando,90.0,6.0,90.0
2026-03-01,p_3FvFpo,Ignacio Ovando,90.0,7.0,90.0
2026-03-11,p_3FvFpo,Ignacio Ovando,90.0,8.0,90.0
2026-03-15,p_3FvFpo,Ignacio Ovando,90.0,9.0,90.0
2026-03-23,p_3FvFpo,Ignacio Ovando,90.0,10.0,90.0
2026-04-19,p_3FvFpo,Ignacio Ovando,90.0,11.0,90.0
2026-04-24,p_3FvFpo,Ignacio Ovando,90.0,12.0,90.0
2026-05-10,p_3FvFpo,Ignacio Ovando,90.0,13.0,90.0
2026-05-13,p_3FvFpo,Ignacio Ovando,90.0,14.0,90.0
2026-05-16,p_3FvFpo,Ignacio Ovando,92.0,15.0,96.0
2026-07-29,p_3FvFpo,Ignacio Ovando,90.6875,16.0,92.2
2026-08-02,p_3FvFpo,Ignacio Ovando,90.6470588235294,17.0,92.2
2026-08-07,p_3FvFpo,Ignacio Ovando,90.61111111111111,18.0,92.2
2026-08-25,p_3FvFpo,Ignacio Ovando,90.57894736842105,19.0,92.2
2026-08-29,p_3FvFpo,Ignacio Ovando,90.55,20.0,86.2
2026-09-06,p_3FvFpo,Ignacio Ovando,88.38095238095238,21.0,81.0
2026-09-13,p_3FvFpo,Ignacio Ovando,88.45454545454545,22.0,81.0
2026-04-07,p_3G6NXe,Santiago Toloza,,0.0,
2026-01-22,p_3GGul9,Martín García,,0.0,
2026-03-12,p_3GGul9,Martín García,69.0,1.0,69.0
2026-03-22,p_3GGul9,Martín García,42.5,2.0,42.5
2026-03-31,p_3GGul9,Martín García,53.666666666666664,3.0,53.666666666666664
2026-04-04,p_3GGul9,Martín García,51.5,4.0,51.5
2026-04-11,p_3GGul9,Martín García,46.8,5.0,46.8
2026-04-19,p_3GGul9,Martín García,49.166666666666664,6.0,45.2
2026-04-26,p_3GGul9,Martín García,53.857142857142854,7.0,58.4
2026-07-24,p_3GGul9,Martín García,50.125,8.0,48.0
2026-07-29,p_3GGul9,Martín García,47.111111111111114,9.0,43.6
2026-08-02,p_3GGul9,Martín García,46.9,10.0,47.0
2026-08-07,p_3GGul9,Martín García,45.45454545454545,11.0,41.0
2026-08-15,p_3GGul9,Martín García,47.25,12.0,38.0
2026-08-21,p_3GGul9,Martín García,45.23076923076923,13.0,37.4
2026-08-30,p_3GGul9,Martín García,43.214285714285715,14.0,36.2
2026-09-05,p_3GGul9,Martín García,44.0,15.0,38.2
2026-09-12,p_3GGul9,Martín García,46.875,16.0,50.0
2026-01-24,p_3GiPCr,Rick,,0.0,
2026-01-27,p_3GiPCr,Rick,90.0,1.0,90.0
2026-02-01,p_3GiPCr,Rick,84.0,2.0,84.0
2026-02-09,p_3GiPCr,Rick,60.333333333333336,3.0,60.333333333333336
2026-02-21,p_3GiPCr,Rick,47.5,4.0,47.5
2026-02-24,p_3GiPCr,Rick,43.0,5.0,43.0
2026-03-12,p_3GiPCr,Rick,50.666666666666664,6.0,42.8
2026-03-15,p_3GiPCr,Rick,46.142857142857146,7.0,31.0
2026-03-21,p_3GiPCr,Rick,46.0,8.0,37.4
2026-04-02,p_3GiPCr,Rick,49.55555555555556,9.0,51.2
2026-04-13,p_3GiPCr,Rick,53.6,10.0,64.2
2026-04-19,p_3GiPCr,Rick,54.90909090909091,11.0,60.0
2026-04-25,p_3GiPCr,Rick,57.833333333333336,12.0,74.2
2026-05-02,p_3GiPCr,Rick,60.30769230769231,13.0,83.2
2026-05-09,p_3GiPCr,Rick,62.42857142857143,14.0,85.6
2026-07-25,p_3GiPCr,Rick,64.26666666666667,15.0,85.6
2026-07-30,p_3GiPCr,Rick,62.375,16.0,78.8
2026-08-12,p_3GiPCr,Rick,62.76470588235294,17.0,74.6
2026-08-18,p_3GiPCr,Rick,64.27777777777777,18.0,74.6
2026-08-25,p_3GiPCr,Rick,65.63157894736842,19.0,74.6
2026-08-30,p_3GiPCr,Rick,65.4,20.0,68.8
2026-09-05,p_3GiPCr,Rick,65.14285714285714,21.0,74.0
2026-09-12,p_3GiPCr,Rick,66.27272727272727,22.0,78.2
2026-05-14,p_3Gmw4T,Ulises Giménez,,0.0,
2026-08-08,p_3Gmw4T,Ulises Giménez,15.0,1.0,15.0
2026-08-16,p_3Gmw4T,Ulises Giménez,22.0,2.0,22.0
2026-08-23,p_3Gmw4T,Ulises Giménez,19.666666666666668,3.0,19.666666666666668
2026-08-28,p_3Gmw4T,Ulises Giménez,22.75,4.0,22.75
2026-09-04,p_3Gmw4T,Ulises Giménez,27.2,5.0,27.2
2026-01-22,p_3H1rr8,Nicolás Palavecino,,0.0,
2026-02-07,p_3H1rr8,Nicolás Palavecino,33.0,1.0,33.0
2026-03-21,p_3H1rr8,Nicolás Palavecino,18.0,2.0,18.0
2026-04-03,p_3H1rr8,Nicolás Palavecino,17.333333333333332,3.0,17.333333333333332
2026-04-11,p_3H1rr8,Nicolás Palavecino,18.25,4.0,18.25
2026-04-17,p_3H1rr8,Nicolás Palavecino,15.0,5.0,15.0
2026-04-27,p_3H1rr8,Nicolás Palavecino,20.0,6.0,17.4
2026-01-23,p_3H23k2,Diego Valdés,,0.0,
2026-01-27,p_3H23k2,Diego Valdés,15.0,1.0,15.0
2026-01-31,p_3H23k2,Diego Valdés,30.0,2.0,30.0
2026-02-09,p_3H23k2,Diego Valdés,50.0,3.0,50.0
2026-02-14,p_3H23k2,Diego Valdés,59.75,4.0,59.75
2026-03-10,p_3H23k2,Diego Valdés,51.8,5.0,51.8
2026-03-14,p_3H23k2,Diego Valdés,44.833333333333336,6.0,50.8
2026-03-21,p_3H23k2,Diego Valdés,40.0,7.0,44.0
2026-04-03,p_3H23k2,Diego Valdés,37.875,8.0,30.6
2026-04-14,p_3H23k2,Diego Valdés,39.333333333333336,9.0,23.0
2026-04-20,p_3H23k2,Diego Valdés,44.2,10.0,36.6
2026-04-27,p_3H23k2,Diego Valdés,48.36363636363637,11.0,52.6
2026-05-04,p_3H23k2,Diego Valdés,50.666666666666664,12.0,65.6
2026-05-11,p_3H23k2,Diego Valdés,52.15384615384615,13.0,75.0
2026-07-24,p_3H23k2,Diego Valdés,49.785714285714285,14.0,68.6
2026-07-30,p_3H23k2,Diego Valdés,47.266666666666666,15.0,53.4
2026-08-08,p_3H23k2,Diego Valdés,44.5625,16.0,36.2
2026-08-23,p_3H23k2,Diego Valdés,44.588235294117645,17.0,30.0
2026-04-25,p_3HFTSS,Matías Hernández,,0.0,
2026-07-26,p_3HFTSS,Matías Hernández,41.0,1.0,41.0
2026-08-23,p_3HFTSS,Matías Hernández,27.0,2.0,27.0
2026-08-30,p_3HFTSS,Matías Hernández,28.0,3.0,28.0
2026-09-05,p_3HFTSS,Matías Hernández,35.25,4.0,35.25
2026-09-14,p_3HFTSS,Matías Hernández,42.2,5.0,42.2
2026-09-14,p_3HFTSS,Matías Hernández,35.666666666666664,6.0,34.6
2026-03-10,p_3HQuJ6,Facundo Valdéz,,0.0,
2026-03-17,p_3HQuJ6,Facundo Valdéz,9.0,1.0,9.0
2026-03-21,p_3HQuJ6,Facundo Valdéz,12.0,2.0,12.0
2026-04-04,p_3HQuJ6,Facundo Valdéz,12.666666666666666,3.0,12.666666666666666
2026-04-11,p_3HQuJ6,Facundo Valdéz,29.5,4.0,29.5
2026-04-24,p_3HQuJ6,Facundo Valdéz,25.0,5.0,25.0
2026-03-16,p_3HZXLO,Lucas Gómez,,0.0,
2026-03-27,p_3HZXLO,Lucas Gómez,90.0,1.0,90.0
2026-03-31,p_3HZXLO,Lucas Gómez,52.0,2.0,52.0
2026-04-06,p_3HZXLO,Lucas Gómez,36.666666666666664,3.0,36.666666666666664
2026-04-11,p_3HZXLO,Lucas Gómez,29.25,4.0,29.25
2026-04-19,p_3HZXLO,Lucas Gómez,28.0,5.0,28.0
2026-04-28,p_3HZXLO,Lucas Gómez,24.5,6.0,11.4
2026-05-03,p_3HZXLO,Lucas Gómez,27.428571428571427,7.0,17.6
2026-05-13,p_3HZXLO,Lucas Gómez,27.5,8.0,22.0
2026-05-17,p_3HZXLO,Lucas Gómez,26.88888888888889,9.0,25.0
2026-07-23,p_3HZXLO,Lucas Gómez,28.0,10.0,28.0
2026-08-02,p_3HZXLO,Lucas Gómez,29.545454545454547,11.0,35.6
2026-08-23,p_3HZXLO,Lucas Gómez,27.583333333333332,12.0,27.8
2026-08-31,p_3HZXLO,Lucas Gómez,26.23076923076923,13.0,24.2
2026-01-29,p_3HdfVG,Emiliano Amor,,0.0,
2026-02-02,p_3HdfVG,Emiliano Amor,90.0,1.0,90.0
2026-02-08,p_3HdfVG,Emiliano Amor,90.0,2.0,90.0
2026-02-14,p_3HdfVG,Emiliano Amor,90.0,3.0,90.0
2026-02-20,p_3HdfVG,Emiliano Amor,90.0,4.0,90.0
2026-02-24,p_3HdfVG,Emiliano Amor,90.0,5.0,90.0
2026-03-02,p_3HdfVG,Emiliano Amor,90.0,6.0,90.0
2026-03-12,p_3HdfVG,Emiliano Amor,90.0,7.0,90.0
2026-03-16,p_3HdfVG,Emiliano Amor,90.0,8.0,90.0
2026-03-21,p_3HdfVG,Emiliano Amor,90.0,9.0,90.0
2026-04-07,p_3HdfVG,Emiliano Amor,90.0,10.0,90.0
2026-04-13,p_3HdfVG,Emiliano Amor,90.0,11.0,90.0
2026-04-18,p_3HdfVG,Emiliano Amor,87.83333333333333,12.0,84.8
2026-04-23,p_3HdfVG,Emiliano Amor,88.0,13.0,84.8
2026-05-04,p_3HdfVG,Emiliano Amor,86.85714285714286,14.0,81.2
2026-08-04,p_3HdfVG,Emiliano Amor,87.06666666666666,15.0,81.2
2026-08-09,p_3HdfVG,Emiliano Amor,87.25,16.0,81.2
2026-08-15,p_3HdfVG,Emiliano Amor,87.41176470588235,17.0,86.4
2026-08-21,p_3HdfVG,Emiliano Amor,87.55555555555556,18.0,86.4
2026-09-01,p_3HdfVG,Emiliano Amor,87.6842105263158,19.0,90.0
2026-09-05,p_3HdfVG,Emiliano Amor,87.8,20.0,90.0
2026-09-13,p_3HdfVG,Emiliano Amor,87.9047619047619,21.0,90.0
2026-01-23,p_3HqqMQ,Luca Klimowicz,,0.0,
2026-01-26,p_3HqqMQ,Luca Klimowicz,1.0,1.0,1.0
2026-01-23,p_3I0XnJ,Giuliano Cerato,,0.0,
2026-01-26,p_3I0XnJ,Giuliano Cerato,90.0,1.0,90.0
2026-02-04,p_3I0XnJ,Giuliano Cerato,90.0,2.0,90.0
2026-02-09,p_3I0XnJ,Giuliano Cerato,90.0,3.0,90.0
2026-02-16,p_3I0XnJ,Giuliano Cerato,87.5,4.0,87.5
2026-02-20,p_3I0XnJ,Giuliano Cerato,87.4,5.0,87.4
2026-02-24,p_3I0XnJ,Giuliano Cerato,87.83333333333333,6.0,87.4
2026-03-01,p_3I0XnJ,Giuliano Cerato,88.14285714285714,7.0,87.4
2026-03-12,p_3I0XnJ,Giuliano Cerato,88.375,8.0,87.4
2026-03-17,p_3I0XnJ,Giuliano Cerato,88.55555555555556,9.0,89.4
2026-03-22,p_3I0XnJ,Giuliano Cerato,88.7,10.0,90.0
2026-04-07,p_3I0XnJ,Giuliano Cerato,88.81818181818181,11.0,90.0
2026-04-11,p_3I0XnJ,Giuliano Cerato,88.91666666666667,12.0,90.0
2026-04-18,p_3I0XnJ,Giuliano Cerato,89.0,13.0,90.0
2026-04-26,p_3I0XnJ,Giuliano Cerato,89.07142857142857,14.0,90.0
2026-05-05,p_3I0XnJ,Giuliano Cerato,89.13333333333334,15.0,90.0
2026-07-24,p_3I0XnJ,Giuliano Cerato,89.1875,16.0,90.0
2026-07-30,p_3I0XnJ,Giuliano Cerato,89.23529411764706,17.0,90.0
2026-08-03,p_3I0XnJ,Giuliano Cerato,89.27777777777777,18.0,90.0
2026-08-09,p_3I0XnJ,Giuliano Cerato,89.3157894736842,19.0,90.0
2026-08-16,p_3I0XnJ,Giuliano Cerato,89.35,20.0,90.0
2026-08-22,p_3I0XnJ,Giuliano Cerato,89.38095238095238,21.0,90.0
2026-09-01,p_3I0XnJ,Giuliano Cerato,89.4090909090909,22.0,90.0
2026-09-08,p_3I0XnJ,Giuliano Cerato,89.43478260869566,23.0,90.0
2026-09-15,p_3I0XnJ,Giuliano Cerato,88.75,24.0,86.6
2026-09-15,p_3I0XnJ,Giuliano Cerato,88.8,25.0,86.6
2026-01-28,p_3I9W67,Javier Dominguez,,0.0,
2026-02-01,p_3I9W67,Javier Dominguez,16.0,1.0,16.0
2026-02-15,p_3I9W67,Javier Dominguez,30.5,2.0,30.5
2026-02-20,p_3I9W67,Javier Dominguez,44.0,3.0,44.0
2026-02-25,p_3I9W67,Javier Dominguez,49.25,4.0,49.25
2026-03-04,p_3I9W67,Javier Dominguez,48.4,5.0,48.4
2026-03-12,p_3I9W67,Javier Dominguez,52.166666666666664,6.0,59.4
2026-03-16,p_3I9W67,Javier Dominguez,57.57142857142857,7.0,68.4
2026-03-21,p_3I9W67,Javier Dominguez,56.0,8.0,63.2
2026-04-05,p_3I9W67,Javier Dominguez,59.77777777777778,9.0,68.2
2026-04-19,p_3I9W67,Javier Dominguez,62.2,10.0,76.0
2026-04-26,p_3I9W67,Javier Dominguez,62.63636363636363,11.0,75.2
2026-02-21,p_3IPD6d,Ignacio Campo,,0.0,
2026-02-26,p_3IPD6d,Ignacio Campo,35.0,1.0,35.0
2026-03-03,p_3IPD6d,Ignacio Campo,54.5,2.0,54.5
2026-03-13,p_3IPD6d,Ignacio Campo,66.33333333333333,3.0,66.33333333333333
2026-03-24,p_3IPD6d,Ignacio Campo,72.25,4.0,72.25
2026-04-05,p_3IPD6d,Ignacio Campo,71.6,5.0,71.6
2026-04-12,p_3IPD6d,Ignacio Campo,73.0,6.0,80.6
2026-05-03,p_3IPD6d,Ignacio Campo,71.0,7.0,77.6
2026-05-09,p_3IPD6d,Ignacio Campo,73.375,8.0,77.6
2026-05-13,p_3IPD6d,Ignacio Campo,78.55555555555556,9.0,83.6
2026-08-16,p_3IPD6d,Ignacio Campo,77.9,10.0,84.2
2026-08-23,p_3IPD6d,Ignacio Campo,72.36363636363636,11.0,71.6
2026-07-26,p_3IZy3x,Alejo Cordoba,,0.0,
2026-07-28,p_3IZy3x,Alejo Cordoba,90.0,1.0,90.0
2026-08-04,p_3IZy3x,Alejo Cordoba,90.0,2.0,90.0
2026-08-09,p_3IZy3x,Alejo Cordoba,90.0,3.0,90.0
2026-01-22,p_3J8Smm,Agustín Palavecino,,0.0,
2026-01-28,p_3J8Smm,Agustín Palavecino,90.0,1.0,90.0
2026-02-02,p_3J8Smm,Agustín Palavecino,86.5,2.0,86.5
2026-02-07,p_3J8Smm,Agustín Palavecino,72.66666666666667,3.0,72.66666666666667
2026-02-23,p_3J8Smm,Agustín Palavecino,70.5,4.0,70.5
2026-03-03,p_3J8Smm,Agustín Palavecino,57.6,5.0,57.6
2026-03-12,p_3J8Smm,Agustín Palavecino,50.166666666666664,6.0,42.2
2026-03-16,p_3J8Smm,Agustín Palavecino,53.57142857142857,7.0,40.4
2026-03-22,p_3J8Smm,Agustín Palavecino,58.0,8.0,49.2
2026-03-31,p_3J8Smm,Agustín Palavecino,61.55555555555556,9.0,54.4
2026-04-04,p_3J8Smm,Agustín Palavecino,62.5,10.0,67.4
2026-04-11,p_3J8Smm,Agustín Palavecino,61.72727272727273,11.0,75.6
2026-04-19,p_3J8Smm,Agustín Palavecino,58.916666666666664,12.0,66.4
2026-04-26,p_3J8Smm,Agustín Palavecino,59.46153846153846,13.0,61.8
2026-05-03,p_3J8Smm,Agustín Palavecino,59.5,14.0,55.8
2026-07-24,p_3J8Smm,Agustín Palavecino,61.53333333333333,15.0,59.6
2026-08-02,p_3J8Smm,Agustín Palavecino,59.125,16.0,53.4
2026-08-30,p_3J8Smm,Agustín Palavecino,57.470588235294116,17.0,54.0
2026-01-24,p_3JOBGM,José Luis Palomino,,0.0,
2026-01-27,p_3JOBGM,José Luis Palomino,90.0,1.0,90.0
2026-02-01,p_3JOBGM,José Luis Palomino,90.0,2.0,90.0
2026-02-21,p_3JOBGM,José Luis Palomino,90.0,3.0,90.0
2026-03-01,p_3JOBGM,José Luis Palomino,69.75,4.0,69.75
2026-03-12,p_3JOBGM,José Luis Palomino,59.6,5.0,59.6
2026-04-25,p_3JOBGM,José Luis Palomino,64.66666666666667,6.0,59.6
2026-05-02,p_3JOBGM,José Luis Palomino,61.857142857142854,7.0,50.6
2026-01-29,p_3JSc7q,Tomás Aranda,,0.0,
2026-02-09,p_3JSc7q,Tomás Aranda,3.0,1.0,3.0
2026-02-15,p_3JSc7q,Tomás Aranda,10.0,2.0,10.0
2026-02-20,p_3JSc7q,Tomás Aranda,16.666666666666668,3.0,16.666666666666668
2026-02-28,p_3JSc7q,Tomás Aranda,15.25,4.0,15.25
2026-03-05,p_3JSc7q,Tomás Aranda,19.6,5.0,19.6
2026-03-11,p_3JSc7q,Tomás Aranda,31.333333333333332,6.0,37.0
2026-03-16,p_3JSc7q,Tomás Aranda,39.714285714285715,7.0,51.6
2026-03-22,p_3JSc7q,Tomás Aranda,44.625,8.0,61.4
2026-04-02,p_3JSc7q,Tomás Aranda,49.55555555555556,9.0,77.0
2026-04-19,p_3JSc7q,Tomás Aranda,53.6,10.0,87.6
2026-04-23,p_3JSc7q,Tomás Aranda,55.27272727272727,11.0,84.0
2026-05-02,p_3JSc7q,Tomás Aranda,51.583333333333336,12.0,68.2
2026-05-09,p_3JSc7q,Tomás Aranda,49.46153846153846,13.0,57.2
2026-07-26,p_3JSc7q,Tomás Aranda,54.5,14.0,63.4
2026-08-02,p_3JSc7q,Tomás Aranda,52.53333333333333,15.0,50.4
2026-08-05,p_3JSc7q,Tomás Aranda,54.875,16.0,54.0
2026-08-08,p_3JSc7q,Tomás Aranda,56.35294117647059,17.0,67.8
2026-08-16,p_3JSc7q,Tomás Aranda,56.72222222222222,18.0,75.6
2026-08-24,p_3JSc7q,Tomás Aranda,58.473684210526315,19.0,69.6
2026-07-23,p_3JhFbV,Iván Arboleda,,0.0,
2026-07-28,p_3JhFbV,Iván Arboleda,90.0,1.0,90.0
2026-01-23,p_3KLwFI,Rodrigo Rey,,0.0,
2026-01-28,p_3KLwFI,Rodrigo Rey,90.0,1.0,90.0
2026-01-31,p_3KLwFI,Rodrigo Rey,90.0,2.0,90.0
2026-02-08,p_3KLwFI,Rodrigo Rey,90.0,3.0,90.0
2026-02-13,p_3KLwFI,Rodrigo Rey,90.0,4.0,90.0
2026-02-21,p_3KLwFI,Rodrigo Rey,90.0,5.0,90.0
2026-02-25,p_3KLwFI,Rodrigo Rey,90.0,6.0,90.0
2026-02-28,p_3KLwFI,Rodrigo Rey,90.0,7.0,90.0
2026-03-10,p_3KLwFI,Rodrigo Rey,90.0,8.0,90.0
2026-03-17,p_3KLwFI,Rodrigo Rey,90.0,9.0,90.0
2026-03-21,p_3KLwFI,Rodrigo Rey,90.0,10.0,90.0
2026-04-04,p_3KLwFI,Rodrigo Rey,90.0,11.0,90.0
2026-04-11,p_3KLwFI,Rodrigo Rey,90.0,12.0,90.0
2026-04-18,p_3KLwFI,Rodrigo Rey,90.0,13.0,90.0
2026-04-24,p_3KLwFI,Rodrigo Rey,90.0,14.0,90.0
2026-05-02,p_3KLwFI,Rodrigo Rey,90.0,15.0,90.0
2026-05-10,p_3KLwFI,Rodrigo Rey,90.0,16.0,90.0
2026-07-26,p_3KLwFI,Rodrigo Rey,90.0,17.0,90.0
2026-07-31,p_3KLwFI,Rodrigo Rey,90.0,18.0,90.0
2026-08-09,p_3KLwFI,Rodrigo Rey,90.0,19.0,90.0
2026-08-17,p_3KLwFI,Rodrigo Rey,90.0,20.0,90.0
2026-08-22,p_3KLwFI,Rodrigo Rey,90.0,21.0,90.0
2026-08-30,p_3KLwFI,Rodrigo Rey,90.0,22.0,90.0
2026-09-06,p_3KLwFI,Rodrigo Rey,90.0,23.0,90.0
2026-09-13,p_3KLwFI,Rodrigo Rey,90.0,24.0,90.0
2026-07-30,p_3KVLVx,Héctor Bobadilla,,0.0,
2026-08-09,p_3KVLVx,Héctor Bobadilla,20.0,1.0,20.0
2026-03-17,p_3LkUKE,Martín Ortega,,0.0,
2026-04-12,p_3LkUKE,Martín Ortega,90.0,1.0,90.0
2026-04-17,p_3LkUKE,Martín Ortega,52.0,2.0,52.0
2026-07-25,p_3LkUKE,Martín Ortega,43.0,3.0,43.0
2026-08-09,p_3LkUKE,Martín Ortega,54.75,4.0,54.75
2026-08-15,p_3LkUKE,Martín Ortega,61.2,5.0,61.2
2026-08-23,p_3LkUKE,Martín Ortega,58.5,6.0,52.2
2026-08-31,p_3LkUKE,Martín Ortega,63.0,7.0,67.4
2026-09-06,p_3LkUKE,Martín Ortega,66.375,8.0,80.4
2026-09-11,p_3LkUKE,Martín Ortega,68.88888888888889,9.0,80.2
2026-01-24,p_3Lt4mj,Matías Viña,,0.0,
2026-01-28,p_3Lt4mj,Matías Viña,90.0,1.0,90.0
2026-02-07,p_3Lt4mj,Matías Viña,73.0,2.0,73.0
2026-02-13,p_3Lt4mj,Matías Viña,63.666666666666664,3.0,63.666666666666664
2026-02-22,p_3Lt4mj,Matías Viña,55.25,4.0,55.25
2026-03-13,p_3Lt4mj,Matías Viña,62.2,5.0,62.2
2026-03-22,p_3Lt4mj,Matías Viña,52.166666666666664,6.0,44.6
2026-04-05,p_3Lt4mj,Matías Viña,46.857142857142854,7.0,36.4
2026-05-14,p_3Lt4mj,Matías Viña,50.125,8.0,42.0
2026-05-16,p_3Lt4mj,Matías Viña,50.888888888888886,9.0,47.4
2026-07-31,p_3M34nC,Alan Soñora,,0.0,
2026-09-11,p_3M34nC,Alan Soñora,45.0,1.0,45.0
2026-01-26,p_3MAGMf,Mauro Valiente,,0.0,
2026-01-30,p_3MAGMf,Mauro Valiente,67.0,1.0,67.0
2026-02-03,p_3MAGMf,Mauro Valiente,49.5,2.0,49.5
2026-02-22,p_3MAGMf,Mauro Valiente,40.0,3.0,40.0
2026-02-26,p_3MAGMf,Mauro Valiente,41.25,4.0,41.25
2026-03-03,p_3MAGMf,Mauro Valiente,47.4,5.0,47.4
2026-03-12,p_3MAGMf,Mauro Valiente,54.5,6.0,52.0
2026-04-04,p_3MAGMf,Mauro Valiente,58.285714285714285,7.0,61.8
2026-04-18,p_3MAGMf,Mauro Valiente,52.875,8.0,60.6
2026-04-24,p_3MAGMf,Mauro Valiente,49.888888888888886,9.0,56.8
2026-05-05,p_3MAGMf,Mauro Valiente,51.5,10.0,55.6
2026-07-25,p_3MAGMf,Mauro Valiente,53.18181818181818,11.0,51.6
2026-08-17,p_3MAGMf,Mauro Valiente,53.583333333333336,12.0,47.0
2026-08-21,p_3MAGMf,Mauro Valiente,49.61538461538461,13.0,44.4
2026-08-29,p_3MAGMf,Mauro Valiente,50.857142857142854,14.0,52.6
2026-09-04,p_3MAGMf,Mauro Valiente,52.06666666666667,15.0,53.2
2026-09-15,p_3MAGMf,Mauro Valiente,53.0,16.0,52.6
2026-09-15,p_3MAGMf,Mauro Valiente,54.88235294117647,17.0,58.0
2026-01-25,p_3MmYTU,Lucas Passerini,,0.0,
2026-02-15,p_3MmYTU,Lucas Passerini,16.0,1.0,16.0
2026-02-20,p_3MmYTU,Lucas Passerini,18.5,2.0,18.5
2026-02-25,p_3MmYTU,Lucas Passerini,19.0,3.0,19.0
2026-03-03,p_3MmYTU,Lucas Passerini,18.25,4.0,18.25
2026-03-12,p_3MmYTU,Lucas Passerini,23.6,5.0,23.6
2026-03-15,p_3MmYTU,Lucas Passerini,34.666666666666664,6.0,38.4
2026-03-22,p_3MmYTU,Lucas Passerini,39.42857142857143,7.0,47.8
2026-04-05,p_3MmYTU,Lucas Passerini,36.375,8.0,46.8
2026-04-26,p_3MmYTU,Lucas Passerini,39.77777777777778,9.0,57.0
2026-05-03,p_3MmYTU,Lucas Passerini,37.0,10.0,50.4
2026-05-09,p_3MmYTU,Lucas Passerini,40.09090909090909,11.0,46.6
2026-05-17,p_3MmYTU,Lucas Passerini,44.25,12.0,51.0
2026-05-24,p_3MmYTU,Lucas Passerini,50.07692307692308,13.0,72.0
2026-07-23,p_3MmYTU,Lucas Passerini,51.92857142857143,14.0,73.8
2026-08-01,p_3MmYTU,Lucas Passerini,50.4,15.0,77.2
2026-08-06,p_3MmYTU,Lucas Passerini,50.0625,16.0,72.0
2026-08-10,p_3MmYTU,Lucas Passerini,48.411764705882355,17.0,58.4
2026-08-15,p_3MmYTU,Lucas Passerini,50.72222222222222,18.0,52.4
2026-08-23,p_3MmYTU,Lucas Passerini,52.78947368421053,19.0,55.2
2026-08-30,p_3MmYTU,Lucas Passerini,54.1,20.0,65.2
2026-09-04,p_3MmYTU,Lucas Passerini,52.76190476190476,21.0,61.4
2026-09-13,p_3MmYTU,Lucas Passerini,51.09090909090909,22.0,60.2
2026-01-25,p_3NKnXO,Brian Aguirre,,0.0,
2026-02-09,p_3NKnXO,Brian Aguirre,21.0,1.0,21.0
2026-02-20,p_3NKnXO,Brian Aguirre,33.0,2.0,33.0
2026-02-25,p_3NKnXO,Brian Aguirre,27.0,3.0,27.0
2026-03-02,p_3NKnXO,Brian Aguirre,35.25,4.0,35.25
2026-03-13,p_3NKnXO,Brian Aguirre,34.0,5.0,34.0
2026-04-11,p_3NKnXO,Brian Aguirre,32.666666666666664,6.0,35.0
2026-04-18,p_3NKnXO,Brian Aguirre,40.857142857142854,7.0,44.0
2026-04-25,p_3NKnXO,Brian Aguirre,44.375,8.0,54.8
2026-05-03,p_3NKnXO,Brian Aguirre,42.111111111111114,9.0,47.6
2026-05-10,p_3NKnXO,Brian Aguirre,45.3,10.0,56.6
2026-07-26,p_3NKnXO,Brian Aguirre,42.18181818181818,11.0,53.6
2026-08-01,p_3NKnXO,Brian Aguirre,40.166666666666664,12.0,39.2
2026-08-05,p_3NKnXO,Brian Aguirre,38.46153846153846,13.0,29.0
2026-08-08,p_3NKnXO,Brian Aguirre,37.857142857142854,14.0,30.2
2026-08-23,p_3NKnXO,Brian Aguirre,37.333333333333336,15.0,21.4
2026-08-31,p_3NKnXO,Brian Aguirre,39.0625,16.0,32.2
2026-09-06,p_3NKnXO,Brian Aguirre,37.705882352941174,17.0,31.8
2026-01-22,p_3NPNrM,Emmanuel Ojeda,,0.0,
2026-01-27,p_3NPNrM,Emmanuel Ojeda,90.0,1.0,90.0
2026-02-01,p_3NPNrM,Emmanuel Ojeda,90.0,2.0,90.0
2026-02-08,p_3NPNrM,Emmanuel Ojeda,90.0,3.0,90.0
2026-02-14,p_3NPNrM,Emmanuel Ojeda,88.5,4.0,88.5
2026-02-21,p_3NPNrM,Emmanuel Ojeda,87.6,5.0,87.6
2026-02-26,p_3NPNrM,Emmanuel Ojeda,88.0,6.0,87.6
2026-03-03,p_3NPNrM,Emmanuel Ojeda,88.28571428571429,7.0,87.6
2026-03-13,p_3NPNrM,Emmanuel Ojeda,84.5,8.0,81.2
2026-03-16,p_3NPNrM,Emmanuel Ojeda,85.11111111111111,9.0,82.4
2026-04-05,p_3NPNrM,Emmanuel Ojeda,82.7,10.0,77.8
2026-04-12,p_3NPNrM,Emmanuel Ojeda,83.36363636363636,11.0,77.8
2026-04-28,p_3NPNrM,Emmanuel Ojeda,81.91666666666667,12.0,73.0
2026-05-09,p_3NPNrM,Emmanuel Ojeda,79.07692307692308,13.0,70.4
2026-05-13,p_3NPNrM,Emmanuel Ojeda,77.64285714285714,14.0,64.2
2026-07-25,p_3NPNrM,Emmanuel Ojeda,78.0,15.0,68.6
2026-07-30,p_3NPNrM,Emmanuel Ojeda,78.75,16.0,68.6
2026-08-04,p_3NPNrM,Emmanuel Ojeda,79.17647058823529,17.0,72.6
2026-09-04,p_3NPNrM,Emmanuel Ojeda,77.27777777777777,18.0,72.6
2026-04-19,p_3NXY1t,Felipe Anso,,0.0,
2026-04-26,p_3NXY1t,Felipe Anso,58.0,1.0,58.0
2026-05-03,p_3NXY1t,Felipe Anso,71.5,2.0,71.5
2026-08-15,p_3NXY1t,Felipe Anso,77.66666666666667,3.0,77.66666666666667
2026-09-05,p_3NXY1t,Felipe Anso,75.5,4.0,75.5
2026-09-12,p_3NXY1t,Felipe Anso,75.2,5.0,75.2
2026-01-28,p_3Na8Ca,Diego Mastrangelo,,0.0,
2026-02-09,p_3Na8Ca,Diego Mastrangelo,13.0,1.0,13.0
2026-02-21,p_3Na8Ca,Diego Mastrangelo,9.5,2.0,9.5
2026-03-02,p_3Na8Ca,Diego Mastrangelo,15.0,3.0,15.0
2026-03-21,p_3Na8Ca,Diego Mastrangelo,18.25,4.0,18.25
2026-01-24,p_3NlPl1,Nicolás Capraro,,0.0,
2026-02-09,p_3NlPl1,Nicolás Capraro,90.0,1.0,90.0
2026-02-16,p_3NlPl1,Nicolás Capraro,48.0,2.0,48.0
2026-02-21,p_3NlPl1,Nicolás Capraro,47.0,3.0,47.0
2026-02-25,p_3NlPl1,Nicolás Capraro,57.75,4.0,57.75
2026-03-01,p_3NlPl1,Nicolás Capraro,64.2,5.0,64.2
2026-03-12,p_3NlPl1,Nicolás Capraro,68.5,6.0,64.2
2026-03-16,p_3NlPl1,Nicolás Capraro,71.57142857142857,7.0,81.0
2026-03-24,p_3NlPl1,Nicolás Capraro,73.875,8.0,90.0
2026-04-02,p_3NlPl1,Nicolás Capraro,75.66666666666667,9.0,90.0
2026-04-12,p_3NlPl1,Nicolás Capraro,77.1,10.0,90.0
2026-04-20,p_3NlPl1,Nicolás Capraro,78.27272727272727,11.0,90.0
2026-04-25,p_3NlPl1,Nicolás Capraro,79.25,12.0,90.0
2026-07-29,p_3NlPl1,Nicolás Capraro,76.61538461538461,13.0,81.0
2026-08-09,p_3NlPl1,Nicolás Capraro,71.21428571428571,14.0,63.2
2026-08-23,p_3NlPl1,Nicolás Capraro,69.46666666666667,15.0,54.2
2026-09-07,p_3NlPl1,Nicolás Capraro,69.6875,16.0,50.8
2026-09-14,p_3NlPl1,Nicolás Capraro,65.6470588235294,17.0,33.0
2026-09-14,p_3NlPl1,Nicolás Capraro,62.77777777777778,18.0,26.8
2026-01-22,p_3No7F7,Rodrigo González,,0.0,
2026-01-28,p_3No7F7,Rodrigo González,90.0,1.0,90.0
2026-02-02,p_3No7F7,Rodrigo González,75.5,2.0,75.5
2026-02-07,p_3No7F7,Rodrigo González,80.33333333333333,3.0,80.33333333333333
2026-02-12,p_3No7F7,Rodrigo González,82.75,4.0,82.75
2026-02-23,p_3No7F7,Rodrigo González,75.2,5.0,75.2
2026-03-12,p_3No7F7,Rodrigo González,76.66666666666667,6.0,74.0
2026-03-16,p_3No7F7,Rodrigo González,78.42857142857143,7.0,79.6
2026-03-22,p_3No7F7,Rodrigo González,79.875,8.0,79.6
2026-04-04,p_3No7F7,Rodrigo González,77.33333333333333,9.0,73.0
2026-04-11,p_3No7F7,Rodrigo González,78.6,10.0,82.0
2026-04-19,p_3No7F7,Rodrigo González,79.63636363636364,11.0,83.2
2026-04-26,p_3No7F7,Rodrigo González,80.5,12.0,83.4
2026-05-03,p_3No7F7,Rodrigo González,81.23076923076923,13.0,83.4
2026-07-24,p_3No7F7,Rodrigo González,81.71428571428571,14.0,89.6
2026-08-02,p_3No7F7,Rodrigo González,80.73333333333333,15.0,85.0
2026-08-07,p_3No7F7,Rodrigo González,79.375,16.0,78.8
2026-08-30,p_3No7F7,Rodrigo González,76.05882352941177,17.0,65.4
2026-09-05,p_3No7F7,Rodrigo González,75.72222222222223,18.0,61.4
2026-09-12,p_3No7F7,Rodrigo González,72.15789473684211,19.0,45.4
2026-02-25,p_3NzaGf,Nahuel Banegas,,0.0,
2026-03-21,p_3NzaGf,Nahuel Banegas,11.0,1.0,11.0
2026-04-21,p_3NzaGf,Nahuel Banegas,40.0,2.0,40.0
2026-04-25,p_3NzaGf,Nahuel Banegas,37.0,3.0,37.0
2026-05-03,p_3NzaGf,Nahuel Banegas,50.25,4.0,50.25
2026-08-01,p_3NzaGf,Nahuel Banegas,58.2,5.0,58.2
2026-08-06,p_3NzaGf,Nahuel Banegas,63.5,6.0,74.0
2026-08-08,p_3NzaGf,Nahuel Banegas,67.28571428571429,7.0,78.2
2026-08-24,p_3NzaGf,Nahuel Banegas,67.75,8.0,86.2
2026-09-01,p_3NzaGf,Nahuel Banegas,65.22222222222223,9.0,77.2
2026-09-05,p_3NzaGf,Nahuel Banegas,67.7,10.0,77.2
2026-09-13,p_3NzaGf,Nahuel Banegas,69.72727272727273,11.0,77.2
2026-01-25,p_3ODAc5,Pedro Ramírez,,0.0,
2026-01-29,p_3ODAc5,Pedro Ramírez,90.0,1.0,90.0
2026-02-09,p_3ODAc5,Pedro Ramírez,67.5,2.0,67.5
2026-02-16,p_3ODAc5,Pedro Ramírez,75.0,3.0,75.0
2026-02-21,p_3ODAc5,Pedro Ramírez,78.75,4.0,78.75
2026-02-25,p_3ODAc5,Pedro Ramírez,74.0,5.0,74.0
2026-03-02,p_3ODAc5,Pedro Ramírez,76.66666666666667,6.0,74.0
2026-03-12,p_3ODAc5,Pedro Ramírez,76.42857142857143,7.0,80.0
2026-03-18,p_3ODAc5,Pedro Ramírez,78.125,8.0,80.0
2026-04-24,p_3ODAc5,Pedro Ramírez,79.44444444444444,9.0,80.0
2026-05-02,p_3ODAc5,Pedro Ramírez,79.7,10.0,85.4
2026-08-08,p_3ODAc5,Pedro Ramírez,80.63636363636364,11.0,85.4
2026-08-15,p_3ODAc5,Pedro Ramírez,80.33333333333333,12.0,85.8
2026-08-23,p_3ODAc5,Pedro Ramírez,81.07692307692308,13.0,85.8
2026-09-04,p_3ODAc5,Pedro Ramírez,75.92857142857143,14.0,69.6
2026-09-14,p_3ODAc5,Pedro Ramírez,75.46666666666667,15.0,67.0
2026-09-14,p_3ODAc5,Pedro Ramírez,74.75,16.0,61.8
2026-07-25,p_3OLQ90,Franco Escobar,,0.0,
2026-07-31,p_3OLQ90,Franco Escobar,8.0,1.0,8.0
2026-08-02,p_3OLQ90,Franco Escobar,49.0,2.0,49.0
2026-08-09,p_3OLQ90,Franco Escobar,62.333333333333336,3.0,62.333333333333336
2026-08-15,p_3OLQ90,Franco Escobar,47.5,4.0,47.5
2026-08-31,p_3OLQ90,Franco Escobar,56.0,5.0,56.0
2026-09-06,p_3OLQ90,Franco Escobar,61.666666666666664,6.0,72.4
2026-02-14,p_3ONSai,Mathías de Ritis,,0.0,
2026-02-22,p_3ONSai,Mathías de Ritis,45.0,1.0,45.0
2026-02-24,p_3ONSai,Mathías de Ritis,67.5,2.0,67.5
2026-03-01,p_3ONSai,Mathías de Ritis,75.0,3.0,75.0
2026-03-11,p_3ONSai,Mathías de Ritis,78.75,4.0,78.75
2026-03-16,p_3ONSai,Mathías de Ritis,81.0,5.0,81.0
2026-03-25,p_3ONSai,Mathías de Ritis,75.0,6.0,81.0
2026-04-03,p_3ONSai,Mathías de Ritis,69.42857142857143,7.0,70.2
2026-04-12,p_3ONSai,Mathías de Ritis,66.375,8.0,61.2
2026-04-20,p_3ONSai,Mathías de Ritis,64.0,9.0,52.2
2026-04-25,p_3ONSai,Mathías de Ritis,66.1,10.0,51.2
2026-05-02,p_3ONSai,Mathías de Ritis,68.27272727272727,11.0,60.2
2026-05-10,p_3ONSai,Mathías de Ritis,66.33333333333333,12.0,62.0
2026-07-26,p_3ONSai,Mathías de Ritis,70.46153846153847,13.0,77.0
2026-07-28,p_3ONSai,Mathías de Ritis,71.85714285714286,14.0,86.0
2026-08-04,p_3ONSai,Mathías de Ritis,73.06666666666666,15.0,87.0
2026-08-09,p_3ONSai,Mathías de Ritis,74.125,16.0,87.0
2026-09-13,p_3ONSai,Mathías de Ritis,72.41176470588235,17.0,87.0
2026-03-11,p_3OsUcz,Jorge Emanuel Broun,,0.0,
2026-04-05,p_3OsUcz,Jorge Emanuel Broun,90.0,1.0,90.0
2026-04-12,p_3OsUcz,Jorge Emanuel Broun,90.0,2.0,90.0
2026-05-03,p_3OsUcz,Jorge Emanuel Broun,90.0,3.0,90.0
2026-01-24,p_3PsjP7,Lautaro Rivero,,0.0,
2026-01-28,p_3PsjP7,Lautaro Rivero,90.0,1.0,90.0
2026-02-02,p_3PsjP7,Lautaro Rivero,90.0,2.0,90.0
2026-02-07,p_3PsjP7,Lautaro Rivero,83.33333333333333,3.0,83.33333333333333
2026-02-13,p_3PsjP7,Lautaro Rivero,85.0,4.0,85.0
2026-02-26,p_3PsjP7,Lautaro Rivero,86.0,5.0,86.0
2026-03-03,p_3PsjP7,Lautaro Rivero,86.66666666666667,6.0,86.0
2026-03-13,p_3PsjP7,Lautaro Rivero,87.14285714285714,7.0,86.0
2026-03-15,p_3PsjP7,Lautaro Rivero,87.5,8.0,90.0
2026-03-22,p_3PsjP7,Lautaro Rivero,87.77777777777777,9.0,90.0
2026-04-05,p_3PsjP7,Lautaro Rivero,88.0,10.0,90.0
2026-04-19,p_3PsjP7,Lautaro Rivero,88.18181818181819,11.0,90.0
2026-04-26,p_3PsjP7,Lautaro Rivero,88.16666666666667,12.0,89.6
2026-05-03,p_3PsjP7,Lautaro Rivero,88.3076923076923,13.0,89.6
2026-05-10,p_3PsjP7,Lautaro Rivero,88.42857142857143,14.0,89.6
2026-05-14,p_3PsjP7,Lautaro Rivero,90.53333333333333,15.0,95.6
2026-05-16,p_3PsjP7,Lautaro Rivero,90.5,16.0,95.6
2026-05-24,p_3PsjP7,Lautaro Rivero,90.47058823529412,17.0,96.0
2026-08-02,p_3PsjP7,Lautaro Rivero,90.44444444444444,18.0,96.0
2026-08-16,p_3PsjP7,Lautaro Rivero,90.10526315789474,19.0,94.8
2026-08-30,p_3PsjP7,Lautaro Rivero,85.95,20.0,72.2
2026-02-04,p_3PzK4u,Matías Fonseca,,0.0,
2026-02-09,p_3PzK4u,Matías Fonseca,9.0,1.0,9.0
2026-02-16,p_3PzK4u,Matías Fonseca,9.5,2.0,9.5
2026-02-20,p_3PzK4u,Matías Fonseca,30.0,3.0,30.0
2026-02-24,p_3PzK4u,Matías Fonseca,41.75,4.0,41.75
2026-03-01,p_3PzK4u,Matías Fonseca,45.4,5.0,45.4
2026-03-12,p_3PzK4u,Matías Fonseca,48.833333333333336,6.0,56.8
2026-03-17,p_3PzK4u,Matías Fonseca,50.42857142857143,7.0,66.8
2026-03-22,p_3PzK4u,Matías Fonseca,48.125,8.0,59.0
2026-04-07,p_3PzK4u,Matías Fonseca,50.333333333333336,9.0,57.2
2026-04-11,p_3PzK4u,Matías Fonseca,48.7,10.0,52.0
2026-04-26,p_3PzK4u,Matías Fonseca,46.72727272727273,11.0,44.2
2026-05-05,p_3PzK4u,Matías Fonseca,43.583333333333336,12.0,34.0
2026-07-24,p_3PzK4u,Matías Fonseca,42.46153846153846,13.0,33.4
2026-07-30,p_3PzK4u,Matías Fonseca,40.42857142857143,14.0,22.6
2026-08-03,p_3PzK4u,Matías Fonseca,37.86666666666667,15.0,16.2
2026-08-09,p_3PzK4u,Matías Fonseca,35.75,16.0,11.6
2026-08-09,p_3QDyns,Nicolás Romano,,0.0,
2026-03-02,p_3QfGtH,Franco Petroli,,0.0,
2026-05-02,p_3QfGtH,Franco Petroli,90.0,1.0,90.0
2026-02-09,p_3QlNQ2,Miguel Merentiel,,0.0,
2026-02-15,p_3QlNQ2,Miguel Merentiel,61.0,1.0,61.0
2026-02-20,p_3QlNQ2,Miguel Merentiel,63.5,2.0,63.5
2026-02-28,p_3QlNQ2,Miguel Merentiel,63.0,3.0,63.0
2026-03-05,p_3QlNQ2,Miguel Merentiel,69.75,4.0,69.75
2026-03-11,p_3QlNQ2,Miguel Merentiel,73.8,5.0,73.8
2026-03-16,p_3QlNQ2,Miguel Merentiel,76.5,6.0,79.6
2026-03-22,p_3QlNQ2,Miguel Merentiel,78.0,7.0,83.8
2026-04-02,p_3QlNQ2,Miguel Merentiel,79.5,8.0,89.4
2026-04-11,p_3QlNQ2,Miguel Merentiel,79.22222222222223,9.0,86.8
2026-04-19,p_3QlNQ2,Miguel Merentiel,75.8,10.0,77.8
2026-04-23,p_3QlNQ2,Miguel Merentiel,75.18181818181819,11.0,73.6
2026-05-02,p_3QlNQ2,Miguel Merentiel,69.58333333333333,12.0,57.8
2026-05-09,p_3QlNQ2,Miguel Merentiel,66.07692307692308,13.0,44.6
2026-07-26,p_3QlNQ2,Miguel Merentiel,69.92857142857143,14.0,53.2
2026-08-02,p_3QlNQ2,Miguel Merentiel,66.86666666666666,15.0,49.0
2026-08-05,p_3QlNQ2,Miguel Merentiel,66.625,16.0,47.8
2026-08-08,p_3QlNQ2,Miguel Merentiel,66.6470588235294,17.0,59.6
2026-08-16,p_3QlNQ2,Miguel Merentiel,66.44444444444444,18.0,67.4
2026-08-24,p_3QlNQ2,Miguel Merentiel,65.3157894736842,19.0,52.4
2026-08-29,p_3QlNQ2,Miguel Merentiel,65.9,20.0,63.0
2026-03-02,p_3R7Bq9,Gonzalo Lencina,,0.0,
2026-03-11,p_3R7Bq9,Gonzalo Lencina,25.0,1.0,25.0
2026-03-14,p_3R7Bq9,Gonzalo Lencina,53.0,2.0,53.0
2026-03-23,p_3R7Bq9,Gonzalo Lencina,58.666666666666664,3.0,58.666666666666664
2026-04-01,p_3R7Bq9,Gonzalo Lencina,62.0,4.0,62.0
2026-04-20,p_3R7Bq9,Gonzalo Lencina,62.6,5.0,62.6
2026-04-25,p_3R7Bq9,Gonzalo Lencina,61.5,6.0,68.8
2026-05-03,p_3R7Bq9,Gonzalo Lencina,56.285714285714285,7.0,57.6
2026-07-25,p_3R7Bq9,Gonzalo Lencina,57.5,8.0,56.8
2026-07-30,p_3R7Bq9,Gonzalo Lencina,52.22222222222222,9.0,44.4
2026-08-16,p_3R7Bq9,Gonzalo Lencina,50.0,10.0,37.4
2026-08-31,p_3R7Bq9,Gonzalo Lencina,46.81818181818182,11.0,29.2
2026-09-04,p_3R7Bq9,Gonzalo Lencina,43.416666666666664,12.0,25.4
2026-09-12,p_3R7Bq9,Gonzalo Lencina,45.69230769230769,13.0,26.8
2026-01-25,p_3RAftg,Emanuel Coronel,,0.0,
2026-01-28,p_3RAftg,Emanuel Coronel,22.0,1.0,22.0
2026-02-02,p_3RAftg,Emanuel Coronel,56.0,2.0,56.0
2026-02-07,p_3RAftg,Emanuel Coronel,67.33333333333333,3.0,67.33333333333333
2026-02-16,p_3RAftg,Emanuel Coronel,61.75,4.0,61.75
2026-02-25,p_3RAftg,Emanuel Coronel,60.4,5.0,60.4
2026-03-01,p_3RAftg,Emanuel Coronel,65.33333333333333,6.0,74.0
2026-04-05,p_3RAftg,Emanuel Coronel,68.85714285714286,7.0,74.0
2026-04-12,p_3RAftg,Emanuel Coronel,63.0,8.0,60.4
2026-04-19,p_3RAftg,Emanuel Coronel,66.0,9.0,69.4
2026-04-24,p_3RAftg,Emanuel Coronel,62.1,10.0,63.8
2026-05-10,p_3RAftg,Emanuel Coronel,61.90909090909091,11.0,57.8
2026-05-13,p_3RAftg,Emanuel Coronel,64.25,12.0,57.8
2026-05-16,p_3RAftg,Emanuel Coronel,68.53846153846153,13.0,77.4
2026-07-23,p_3RAftg,Emanuel Coronel,70.07142857142857,14.0,77.4
2026-07-29,p_3RAftg,Emanuel Coronel,71.4,15.0,90.0
2026-08-02,p_3RAftg,Emanuel Coronel,69.75,16.0,87.0
2026-08-17,p_3RAftg,Emanuel Coronel,70.52941176470588,17.0,85.6
2026-08-25,p_3RAftg,Emanuel Coronel,67.55555555555556,18.0,65.0
2026-08-29,p_3RAftg,Emanuel Coronel,68.15789473684211,19.0,62.8
2026-09-06,p_3RAftg,Emanuel Coronel,69.25,20.0,62.8
2026-09-13,p_3RAftg,Emanuel Coronel,70.23809523809524,21.0,71.8
2026-01-22,p_3S6c8L,Guido Mainero,,0.0,
2026-01-26,p_3S6c8L,Guido Mainero,90.0,1.0,90.0
2026-02-01,p_3S6c8L,Guido Mainero,74.0,2.0,74.0
2026-02-08,p_3S6c8L,Guido Mainero,75.0,3.0,75.0
2026-02-15,p_3S6c8L,Guido Mainero,76.25,4.0,76.25
2026-02-21,p_3S6c8L,Guido Mainero,76.6,5.0,76.6
2026-02-24,p_3S6c8L,Guido Mainero,75.5,6.0,72.6
2026-03-02,p_3S6c8L,Guido Mainero,76.0,7.0,76.8
2026-03-11,p_3S6c8L,Guido Mainero,76.75,8.0,77.8
2026-03-14,p_3S6c8L,Guido Mainero,75.55555555555556,9.0,75.0
2026-03-23,p_3S6c8L,Guido Mainero,70.0,10.0,63.4
2026-04-01,p_3S6c8L,Guido Mainero,65.27272727272727,11.0,53.0
2026-04-12,p_3S6c8L,Guido Mainero,66.75,12.0,53.8
2026-04-20,p_3S6c8L,Guido Mainero,66.3076923076923,13.0,49.6
2026-04-25,p_3S6c8L,Guido Mainero,66.5,14.0,50.2
2026-05-03,p_3S6c8L,Guido Mainero,66.4,15.0,59.2
2026-07-25,p_3S6c8L,Guido Mainero,67.25,16.0,71.6
2026-07-30,p_3S6c8L,Guido Mainero,68.58823529411765,17.0,73.0
2026-08-09,p_3S6c8L,Guido Mainero,69.33333333333333,18.0,77.2
2026-08-16,p_3S6c8L,Guido Mainero,70.21052631578948,19.0,80.6
2026-08-31,p_3S6c8L,Guido Mainero,69.95,20.0,80.6
2026-09-04,p_3S6c8L,Guido Mainero,70.61904761904762,21.0,81.4
2026-09-12,p_3S6c8L,Guido Mainero,68.18181818181819,22.0,66.8
2026-01-25,p_3SDFp7,Federico Navarro,,0.0,
2026-01-28,p_3SDFp7,Federico Navarro,3.0,1.0,3.0
2026-02-07,p_3SDFp7,Federico Navarro,14.5,2.0,14.5
2026-02-16,p_3SDFp7,Federico Navarro,24.666666666666668,3.0,24.666666666666668
2026-02-25,p_3SDFp7,Federico Navarro,21.75,4.0,21.75
2026-03-01,p_3SDFp7,Federico Navarro,29.4,5.0,29.4
2026-03-11,p_3SDFp7,Federico Navarro,27.166666666666668,6.0,32.0
2026-03-15,p_3SDFp7,Federico Navarro,36.142857142857146,7.0,44.8
2026-04-05,p_3SDFp7,Federico Navarro,31.875,8.0,36.2
2026-04-12,p_3SDFp7,Federico Navarro,29.0,9.0,34.8
2026-04-24,p_3SDFp7,Federico Navarro,33.8,10.0,38.2
2026-05-13,p_3SDFp7,Federico Navarro,31.818181818181817,11.0,37.4
2026-07-23,p_3SDFp7,Federico Navarro,29.833333333333332,12.0,21.0
2026-07-29,p_3SDFp7,Federico Navarro,28.923076923076923,13.0,24.2
2026-08-02,p_3SDFp7,Federico Navarro,28.214285714285715,14.0,26.8
2026-08-07,p_3SDFp7,Federico Navarro,27.666666666666668,15.0,15.4
2026-08-25,p_3SDFp7,Federico Navarro,27.125,16.0,16.8
2026-08-29,p_3SDFp7,Federico Navarro,26.58823529411765,17.0,18.8
2026-09-06,p_3SDFp7,Federico Navarro,26.38888888888889,18.0,19.8
2026-09-13,p_3SDFp7,Federico Navarro,26.263157894736842,19.0,20.8
2026-08-02,p_3SLFiW,Nicolás Gaitán,,0.0,
2026-08-07,p_3SLFiW,Nicolás Gaitán,45.0,1.0,45.0
2026-08-15,p_3SLFiW,Nicolás Gaitán,26.0,2.0,26.0
2026-08-21,p_3SLFiW,Nicolás Gaitán,40.333333333333336,3.0,40.333333333333336
2026-08-30,p_3SLFiW,Nicolás Gaitán,48.5,4.0,48.5
2026-09-05,p_3SLFiW,Nicolás Gaitán,49.8,5.0,49.8
2026-09-12,p_3SLFiW,Nicolás Gaitán,55.166666666666664,6.0,57.2
2026-08-04,p_3SY95h,Tomás Uribe,,0.0,
2026-08-23,p_3SY95h,Tomás Uribe,9.0,1.0,9.0
2026-08-29,p_3SY95h,Tomás Uribe,33.5,2.0,33.5
2026-01-24,p_3SmwDm,José Florentín,,0.0,
2026-01-27,p_3SmwDm,José Florentín,89.0,1.0,89.0
2026-02-04,p_3SmwDm,José Florentín,89.0,2.0,89.0
2026-02-10,p_3SmwDm,José Florentín,88.66666666666667,3.0,88.66666666666667
2026-02-15,p_3SmwDm,José Florentín,87.5,4.0,87.5
2026-02-21,p_3SmwDm,José Florentín,88.0,5.0,88.0
2026-02-26,p_3SmwDm,José Florentín,88.33333333333333,6.0,88.2
2026-03-03,p_3SmwDm,José Florentín,88.57142857142857,7.0,88.4
2026-03-12,p_3SmwDm,José Florentín,88.75,8.0,88.8
2026-03-15,p_3SmwDm,José Florentín,88.88888888888889,9.0,90.0
2026-03-23,p_3SmwDm,José Florentín,89.0,10.0,90.0
2026-04-02,p_3SmwDm,José Florentín,89.0909090909091,11.0,90.0
2026-04-11,p_3SmwDm,José Florentín,89.16666666666667,12.0,90.0
2026-04-20,p_3SmwDm,José Florentín,85.07692307692308,13.0,79.2
2026-04-26,p_3SmwDm,José Florentín,85.42857142857143,14.0,79.2
2026-05-10,p_3SmwDm,José Florentín,85.73333333333333,15.0,79.2
2026-07-26,p_3SmwDm,José Florentín,86.0,16.0,79.2
2026-07-30,p_3SmwDm,José Florentín,86.23529411764706,17.0,79.2
2026-08-08,p_3SmwDm,José Florentín,86.44444444444444,18.0,90.0
2026-08-15,p_3SmwDm,José Florentín,86.63157894736842,19.0,90.0
2026-08-22,p_3SmwDm,José Florentín,85.3,20.0,84.0
2026-08-31,p_3SmwDm,José Florentín,85.52380952380952,21.0,84.0
2026-09-06,p_3SmwDm,José Florentín,85.72727272727273,22.0,84.0
2026-09-12,p_3SmwDm,José Florentín,85.91304347826087,23.0,84.0
2026-01-23,p_3SxKvy,Agustín Ladstatter,,0.0,
2026-01-27,p_3SxKvy,Agustín Ladstatter,45.0,1.0,45.0
2026-02-08,p_3SxKvy,Agustín Ladstatter,36.5,2.0,36.5
2026-02-14,p_3SxKvy,Agustín Ladstatter,27.666666666666668,3.0,27.666666666666668
2026-02-22,p_3SxKvy,Agustín Ladstatter,23.25,4.0,23.25
2026-02-24,p_3SxKvy,Agustín Ladstatter,32.8,5.0,32.8
2026-03-01,p_3SxKvy,Agustín Ladstatter,34.833333333333336,6.0,32.8
2026-03-11,p_3SxKvy,Agustín Ladstatter,38.0,7.0,38.6
2026-03-16,p_3SxKvy,Agustín Ladstatter,41.125,8.0,49.2
2026-04-20,p_3SxKvy,Agustín Ladstatter,44.0,9.0,60.6
2026-05-02,p_3SxKvy,Agustín Ladstatter,40.1,10.0,47.4
2026-07-26,p_3SxKvy,Agustín Ladstatter,37.36363636363637,11.0,40.4
2026-07-28,p_3SxKvy,Agustín Ladstatter,35.333333333333336,12.0,31.6
2026-08-21,p_3SxKvy,Agustín Ladstatter,37.15384615384615,13.0,30.8
2026-09-05,p_3SxKvy,Agustín Ladstatter,35.0,14.0,18.8
2026-04-25,p_3TT9CP,Marco Rivas,,0.0,
2026-07-25,p_3TyKvJ,Ángel Correa,,0.0,
2026-07-29,p_3TyKvJ,Ángel Correa,23.0,1.0,23.0
2026-08-08,p_3TyKvJ,Ángel Correa,47.0,2.0,47.0
2026-08-16,p_3TyKvJ,Ángel Correa,61.333333333333336,3.0,61.333333333333336
2026-08-23,p_3TyKvJ,Ángel Correa,68.5,4.0,68.5
2026-08-30,p_3TyKvJ,Ángel Correa,68.8,5.0,68.8
2026-09-06,p_3TyKvJ,Ángel Correa,72.33333333333333,6.0,82.2
2026-09-12,p_3TyKvJ,Ángel Correa,74.71428571428571,7.0,85.8
2026-02-07,p_3UE1Ej,Agustin Ruberto,,0.0,
2026-02-13,p_3UE1Ej,Agustin Ruberto,29.0,1.0,29.0
2026-02-26,p_3UE1Ej,Agustin Ruberto,50.0,2.0,50.0
2026-05-03,p_3UE1Ej,Agustin Ruberto,41.333333333333336,3.0,41.333333333333336
2026-02-09,p_3UfnVk,Tiago Palacios,,0.0,
2026-02-15,p_3UfnVk,Tiago Palacios,45.0,1.0,45.0
2026-02-20,p_3UfnVk,Tiago Palacios,28.0,2.0,28.0
2026-02-25,p_3UfnVk,Tiago Palacios,38.0,3.0,38.0
2026-03-02,p_3UfnVk,Tiago Palacios,46.5,4.0,46.5
2026-03-13,p_3UfnVk,Tiago Palacios,51.2,5.0,51.2
2026-03-18,p_3UfnVk,Tiago Palacios,56.0,6.0,58.2
2026-03-23,p_3UfnVk,Tiago Palacios,60.0,7.0,72.8
2026-04-03,p_3UfnVk,Tiago Palacios,62.875,8.0,77.8
2026-04-11,p_3UfnVk,Tiago Palacios,65.88888888888889,9.0,81.4
2026-04-18,p_3UfnVk,Tiago Palacios,62.7,10.0,74.2
2026-04-25,p_3UfnVk,Tiago Palacios,63.27272727272727,11.0,72.0
2026-05-03,p_3UfnVk,Tiago Palacios,60.083333333333336,12.0,60.2
2026-07-26,p_3UfnVk,Tiago Palacios,56.69230769230769,13.0,46.8
2026-08-01,p_3UfnVk,Tiago Palacios,58.714285714285715,14.0,45.8
2026-08-05,p_3UfnVk,Tiago Palacios,59.46666666666667,15.0,53.0
2026-08-08,p_3UfnVk,Tiago Palacios,60.0,16.0,52.8
2026-08-15,p_3UfnVk,Tiago Palacios,58.23529411764706,17.0,53.8
2026-08-09,p_3Ul7eT,Maximiliano Porcel,,0.0,
2026-08-17,p_3Ul7eT,Maximiliano Porcel,9.0,1.0,9.0
2026-08-31,p_3Ul7eT,Maximiliano Porcel,5.5,2.0,5.5
2026-09-06,p_3Ul7eT,Maximiliano Porcel,7.333333333333333,3.0,7.333333333333333
2026-09-11,p_3Ul7eT,Maximiliano Porcel,12.25,4.0,12.25
2026-02-12,p_3UvKtW,Rodrigo Marquez,,0.0,
2026-03-03,p_3UvKtW,Rodrigo Marquez,7.0,1.0,7.0
2026-03-31,p_3UvKtW,Rodrigo Marquez,26.0,2.0,26.0
2026-04-11,p_3UvKtW,Rodrigo Marquez,29.0,3.0,29.0
2026-04-11,p_3VXkxi,Johnson Nsumoh Kalu,,0.0,
2026-08-16,p_3W8O98,Santiago Quirós,,0.0,
2026-01-24,p_3WKRk7,Yonatthan Rak,,0.0,
2026-02-01,p_3WKRk7,Yonatthan Rak,8.0,1.0,8.0
2026-02-25,p_3WKRk7,Yonatthan Rak,49.0,2.0,49.0
2026-04-02,p_3WKRk7,Yonatthan Rak,33.0,3.0,33.0
2026-07-25,p_3WKRk7,Yonatthan Rak,47.25,4.0,47.25
2026-07-29,p_3WKRk7,Yonatthan Rak,51.2,5.0,51.2
2026-08-02,p_3WKRk7,Yonatthan Rak,57.666666666666664,6.0,67.6
2026-08-09,p_3WKRk7,Yonatthan Rak,62.285714285714285,7.0,67.6
2026-09-01,p_3WKRk7,Yonatthan Rak,60.125,8.0,76.4
2026-09-07,p_3WKRk7,Yonatthan Rak,63.44444444444444,9.0,76.4
2026-09-14,p_3WKRk7,Yonatthan Rak,66.1,10.0,81.0
2026-09-14,p_3WKRk7,Yonatthan Rak,68.27272727272727,11.0,81.0
2026-01-29,p_3WWk77,Williams Alarcón,,0.0,
2026-02-15,p_3WWk77,Williams Alarcón,45.0,1.0,45.0
2026-02-20,p_3WWk77,Williams Alarcón,67.5,2.0,67.5
2026-02-28,p_3WWk77,Williams Alarcón,65.66666666666667,3.0,65.66666666666667
2026-05-02,p_3WWk77,Williams Alarcón,62.5,4.0,62.5
2026-07-26,p_3WWk77,Williams Alarcón,65.2,5.0,65.2
2026-09-05,p_3WWk77,Williams Alarcón,61.833333333333336,6.0,65.2
2026-09-12,p_3WWk77,Williams Alarcón,54.714285714285715,7.0,49.6
2026-02-14,p_3WvG1h,Alex Vigo,,0.0,
2026-02-21,p_3WvG1h,Alex Vigo,36.0,1.0,36.0
2026-02-24,p_3WvG1h,Alex Vigo,58.5,2.0,58.5
2026-03-01,p_3WvG1h,Alex Vigo,62.333333333333336,3.0,62.333333333333336
2026-04-13,p_3WvG1h,Alex Vigo,58.0,4.0,58.0
2026-04-19,p_3WvG1h,Alex Vigo,46.8,5.0,46.8
2026-04-25,p_3WvG1h,Alex Vigo,42.166666666666664,6.0,43.4
2026-05-02,p_3WvG1h,Alex Vigo,49.0,7.0,45.2
2026-07-30,p_3WvG1h,Alex Vigo,45.875,8.0,36.0
2026-08-15,p_3WvG1h,Alex Vigo,41.22222222222222,9.0,27.8
2026-08-22,p_3WvG1h,Alex Vigo,46.1,10.0,45.4
2026-08-31,p_3WvG1h,Alex Vigo,43.09090909090909,11.0,44.2
2026-09-06,p_3WvG1h,Alex Vigo,44.75,12.0,38.8
2026-09-12,p_3WvG1h,Alex Vigo,43.15384615384615,13.0,38.8
2026-01-28,p_3WxKBx,Jhonatan Candia,,0.0,
2026-02-01,p_3WxKBx,Jhonatan Candia,70.0,1.0,70.0
2026-02-16,p_3WxKBx,Jhonatan Candia,71.0,2.0,71.0
2026-02-21,p_3WxKBx,Jhonatan Candia,53.0,3.0,53.0
2026-02-25,p_3WxKBx,Jhonatan Candia,47.0,4.0,47.0
2026-03-01,p_3WxKBx,Jhonatan Candia,52.0,5.0,52.0
2026-03-12,p_3WxKBx,Jhonatan Candia,54.166666666666664,6.0,51.0
2026-03-16,p_3WxKBx,Jhonatan Candia,59.285714285714285,7.0,54.6
2026-03-24,p_3WxKBx,Jhonatan Candia,59.75,8.0,63.8
2026-04-02,p_3WxKBx,Jhonatan Candia,60.22222222222222,9.0,70.8
2026-04-12,p_3WxKBx,Jhonatan Candia,58.7,10.0,65.4
2026-04-20,p_3WxKBx,Jhonatan Candia,59.09090909090909,11.0,65.0
2026-04-25,p_3WxKBx,Jhonatan Candia,55.833333333333336,12.0,51.0
2026-05-02,p_3WxKBx,Jhonatan Candia,56.23076923076923,13.0,50.6
2026-07-25,p_3WxKBx,Jhonatan Candia,53.92857142857143,14.0,42.6
2026-07-29,p_3WxKBx,Jhonatan Candia,52.46666666666667,15.0,40.0
2026-08-02,p_3WxKBx,Jhonatan Candia,53.5625,16.0,41.4
2026-08-09,p_3WxKBx,Jhonatan Candia,54.294117647058826,17.0,50.6
2026-08-17,p_3WxKBx,Jhonatan Candia,54.611111111111114,18.0,50.4
2026-08-23,p_3WxKBx,Jhonatan Candia,52.526315789473685,19.0,48.6
2026-09-01,p_3WxKBx,Jhonatan Candia,50.15,20.0,43.2
2026-09-14,p_3WxKBx,Jhonatan Candia,49.904761904761905,21.0,38.2
2026-09-14,p_3WxKBx,Jhonatan Candia,47.86363636363637,22.0,26.0
2026-01-24,p_3X6bRT,Fernando Tobio,,0.0,
2026-01-28,p_3X6bRT,Fernando Tobio,82.0,1.0,82.0
2026-02-09,p_3X6bRT,Fernando Tobio,86.0,2.0,86.0
2026-02-16,p_3X6bRT,Fernando Tobio,87.33333333333333,3.0,87.33333333333333
2026-02-21,p_3X6bRT,Fernando Tobio,88.0,4.0,88.0
2026-02-25,p_3X6bRT,Fernando Tobio,88.4,5.0,88.4
2026-03-01,p_3X6bRT,Fernando Tobio,88.66666666666667,6.0,90.0
2026-03-12,p_3X6bRT,Fernando Tobio,88.85714285714286,7.0,90.0
2026-03-16,p_3X6bRT,Fernando Tobio,89.0,8.0,90.0
2026-03-24,p_3X6bRT,Fernando Tobio,89.11111111111111,9.0,90.0
2026-04-12,p_3X6bRT,Fernando Tobio,89.2,10.0,90.0
2026-04-20,p_3X6bRT,Fernando Tobio,89.27272727272727,11.0,90.0
2026-04-25,p_3X6bRT,Fernando Tobio,89.33333333333333,12.0,90.0
2026-05-02,p_3X6bRT,Fernando Tobio,89.38461538461539,13.0,90.0
2026-07-25,p_3X6bRT,Fernando Tobio,89.42857142857143,14.0,90.0
2026-08-17,p_3X6bRT,Fernando Tobio,85.0,15.0,76.6
2026-08-23,p_3X6bRT,Fernando Tobio,85.3125,16.0,76.6
2026-01-23,p_3XD5Nu,Matías Vera,,0.0,
2026-01-28,p_3XD5Nu,Matías Vera,15.0,1.0,15.0
2026-02-07,p_3XD5Nu,Matías Vera,30.0,2.0,30.0
2026-02-16,p_3XD5Nu,Matías Vera,48.666666666666664,3.0,48.666666666666664
2026-02-22,p_3XD5Nu,Matías Vera,59.0,4.0,59.0
2026-02-24,p_3XD5Nu,Matías Vera,65.0,5.0,65.0
2026-02-28,p_3XD5Nu,Matías Vera,69.0,6.0,79.8
2026-03-12,p_3XD5Nu,Matías Vera,69.71428571428571,7.0,85.6
2026-03-18,p_3XD5Nu,Matías Vera,72.25,8.0,86.4
2026-03-23,p_3XD5Nu,Matías Vera,73.44444444444444,9.0,85.0
2026-04-05,p_3XD5Nu,Matías Vera,75.1,10.0,85.2
2026-04-14,p_3XD5Nu,Matías Vera,76.45454545454545,11.0,85.4
2026-04-20,p_3XD5Nu,Matías Vera,77.58333333333333,12.0,88.6
2026-04-24,p_3XD5Nu,Matías Vera,78.46153846153847,13.0,88.4
2026-05-02,p_3XD5Nu,Matías Vera,79.14285714285714,14.0,89.4
2026-07-24,p_3XD5Nu,Matías Vera,79.73333333333333,15.0,89.0
2026-07-31,p_3XD5Nu,Matías Vera,79.625,16.0,86.6
2026-08-04,p_3XD5Nu,Matías Vera,80.23529411764706,17.0,86.6
2026-08-11,p_3XD5Nu,Matías Vera,80.77777777777777,18.0,86.8
2026-08-16,p_3XD5Nu,Matías Vera,81.26315789473684,19.0,87.2
2026-08-24,p_3XD5Nu,Matías Vera,81.7,20.0,87.6
2026-08-30,p_3XD5Nu,Matías Vera,82.0952380952381,21.0,90.0
2026-09-06,p_3XD5Nu,Matías Vera,82.45454545454545,22.0,90.0
2026-09-12,p_3XD5Nu,Matías Vera,82.78260869565217,23.0,90.0
2026-01-23,p_3XUbmT,Matías Pellegrini,,0.0,
2026-01-31,p_3XUbmT,Matías Pellegrini,75.0,1.0,75.0
2026-02-09,p_3XUbmT,Matías Pellegrini,75.0,2.0,75.0
2026-02-14,p_3XUbmT,Matías Pellegrini,76.0,3.0,76.0
2026-02-22,p_3XUbmT,Matías Pellegrini,76.25,4.0,76.25
2026-03-14,p_3XUbmT,Matías Pellegrini,67.8,5.0,67.8
2026-03-21,p_3XUbmT,Matías Pellegrini,60.166666666666664,6.0,57.2
2026-04-03,p_3XUbmT,Matías Pellegrini,53.285714285714285,7.0,44.6
2026-04-14,p_3XUbmT,Matías Pellegrini,54.25,8.0,41.2
2026-04-20,p_3XUbmT,Matías Pellegrini,58.22222222222222,9.0,43.8
2026-04-27,p_3XUbmT,Matías Pellegrini,61.4,10.0,55.0
2026-05-11,p_3XUbmT,Matías Pellegrini,64.0,11.0,68.6
2026-07-24,p_3XUbmT,Matías Pellegrini,62.416666666666664,12.0,75.2
2026-07-30,p_3XUbmT,Matías Pellegrini,62.46153846153846,13.0,75.6
2026-08-08,p_3XUbmT,Matías Pellegrini,63.07142857142857,14.0,71.8
2026-08-17,p_3XUbmT,Matías Pellegrini,64.86666666666666,15.0,71.8
2026-08-23,p_3XUbmT,Matías Pellegrini,66.4375,16.0,71.8
2026-08-29,p_3XUbmT,Matías Pellegrini,67.82352941176471,17.0,80.8
2026-09-06,p_3XUbmT,Matías Pellegrini,69.05555555555556,18.0,86.2
2026-01-22,p_3Xo6We,Juan Miritello,,0.0,
2026-01-29,p_3Xo6We,Juan Miritello,89.0,1.0,89.0
2026-02-02,p_3Xo6We,Juan Miritello,63.0,2.0,63.0
2026-02-08,p_3Xo6We,Juan Miritello,57.333333333333336,3.0,57.333333333333336
2026-02-14,p_3Xo6We,Juan Miritello,61.25,4.0,61.25
2026-02-24,p_3Xo6We,Juan Miritello,62.4,5.0,62.4
2026-02-25,p_3ZKy4R,Nicolás Demartini,,0.0,
2026-03-01,p_3ZKy4R,Nicolás Demartini,90.0,1.0,90.0
2026-03-12,p_3ZKy4R,Nicolás Demartini,90.0,2.0,90.0
2026-03-16,p_3ZKy4R,Nicolás Demartini,90.0,3.0,90.0
2026-03-24,p_3ZKy4R,Nicolás Demartini,90.0,4.0,90.0
2026-04-02,p_3ZKy4R,Nicolás Demartini,90.0,5.0,90.0
2026-04-12,p_3ZKy4R,Nicolás Demartini,90.0,6.0,90.0
2026-04-20,p_3ZKy4R,Nicolás Demartini,90.0,7.0,90.0
2026-04-25,p_3ZKy4R,Nicolás Demartini,90.0,8.0,90.0
2026-05-02,p_3ZKy4R,Nicolás Demartini,90.0,9.0,90.0
2026-07-25,p_3ZKy4R,Nicolás Demartini,90.0,10.0,90.0
2026-07-29,p_3ZKy4R,Nicolás Demartini,90.0,11.0,90.0
2026-08-02,p_3ZKy4R,Nicolás Demartini,90.0,12.0,90.0
2026-08-09,p_3ZKy4R,Nicolás Demartini,88.15384615384616,13.0,85.2
2026-08-23,p_3ZKy4R,Nicolás Demartini,88.28571428571429,14.0,85.2
2026-09-01,p_3ZKy4R,Nicolás Demartini,88.4,15.0,85.2
2026-09-07,p_3ZKy4R,Nicolás Demartini,88.5,16.0,85.2
2026-09-14,p_3ZKy4R,Nicolás Demartini,88.58823529411765,17.0,85.2
2026-09-14,p_3ZKy4R,Nicolás Demartini,88.66666666666667,18.0,90.0
2026-09-01,p_3ZM5Ym,Enzo Salas,,0.0,
2026-09-05,p_3ZM5Ym,Enzo Salas,26.0,1.0,26.0
2026-09-13,p_3ZM5Ym,Enzo Salas,13.5,2.0,13.5
2026-02-22,p_3ajgv3,Agustín Lastra,,0.0,
2026-02-26,p_3ajgv3,Agustín Lastra,90.0,1.0,90.0
2026-03-03,p_3ajgv3,Agustín Lastra,90.0,2.0,90.0
2026-03-12,p_3ajgv3,Agustín Lastra,90.0,3.0,90.0
2026-03-16,p_3ajgv3,Agustín Lastra,90.0,4.0,90.0
2026-03-22,p_3ajgv3,Agustín Lastra,90.0,5.0,90.0
2026-04-04,p_3ajgv3,Agustín Lastra,90.0,6.0,90.0
2026-04-12,p_3ajgv3,Agustín Lastra,90.0,7.0,90.0
2026-04-18,p_3ajgv3,Agustín Lastra,90.0,8.0,90.0
2026-04-24,p_3ajgv3,Agustín Lastra,90.0,9.0,90.0
2026-05-05,p_3ajgv3,Agustín Lastra,90.0,10.0,90.0
2026-01-26,p_3b0CM3,Manuel Tucker,,0.0,
2026-02-08,p_3b0CM3,Manuel Tucker,32.0,1.0,32.0
2026-04-20,p_3b0CM3,Manuel Tucker,21.0,2.0,21.0
2026-05-03,p_3b0CM3,Manuel Tucker,15.666666666666666,3.0,15.666666666666666
2026-02-09,p_3b7qEv,Cayetano Bolzán,,0.0,
2026-04-13,p_3b7qEv,Cayetano Bolzán,22.0,1.0,22.0
2026-04-18,p_3b7qEv,Cayetano Bolzán,12.0,2.0,12.0
2026-07-29,p_3bAYJA,Andrés Vombergar,,0.0,
2026-08-02,p_3bAYJA,Andrés Vombergar,28.0,1.0,28.0
2026-08-07,p_3bAYJA,Andrés Vombergar,59.0,2.0,59.0
2026-08-15,p_3bAYJA,Andrés Vombergar,59.666666666666664,3.0,59.666666666666664
2026-08-21,p_3bAYJA,Andrés Vombergar,63.75,4.0,63.75
2026-08-30,p_3bAYJA,Andrés Vombergar,67.4,5.0,67.4
2026-09-05,p_3bAYJA,Andrés Vombergar,71.16666666666667,6.0,79.8
2026-01-23,p_3bNsap,Ramiro Carrera,,0.0,
2026-01-29,p_3bNsap,Ramiro Carrera,85.0,1.0,85.0
2026-02-04,p_3bNsap,Ramiro Carrera,87.5,2.0,87.5
2026-02-09,p_3bNsap,Ramiro Carrera,85.33333333333333,3.0,85.33333333333333
2026-02-13,p_3bNsap,Ramiro Carrera,80.75,4.0,80.75
2026-03-02,p_3bNsap,Ramiro Carrera,77.6,5.0,77.6
2026-03-05,p_3bNsap,Ramiro Carrera,66.33333333333333,6.0,62.6
2026-03-13,p_3bNsap,Ramiro Carrera,63.285714285714285,7.0,53.6
2026-03-17,p_3bNsap,Ramiro Carrera,65.125,8.0,53.0
2026-03-21,p_3bNsap,Ramiro Carrera,66.44444444444444,9.0,55.0
2026-03-27,p_3bNsap,Ramiro Carrera,68.1,10.0,58.6
2026-04-13,p_3bNsap,Ramiro Carrera,70.0909090909091,11.0,74.6
2026-04-21,p_3bNsap,Ramiro Carrera,70.5,12.0,80.6
2026-04-24,p_3bNsap,Ramiro Carrera,67.15384615384616,13.0,70.4
2026-05-02,p_3bNsap,Ramiro Carrera,68.78571428571429,14.0,73.0
2026-05-10,p_3bNsap,Ramiro Carrera,64.66666666666667,15.0,57.8
2026-07-26,p_3bNsap,Ramiro Carrera,65.9375,16.0,56.8
2026-08-03,p_3bNsap,Ramiro Carrera,65.70588235294117,17.0,54.2
2026-08-06,p_3bNsap,Ramiro Carrera,63.666666666666664,18.0,54.6
2026-08-12,p_3bNsap,Ramiro Carrera,61.78947368421053,19.0,42.2
2026-08-17,p_3bNsap,Ramiro Carrera,61.95,20.0,53.8
2026-09-06,p_3bNsap,Ramiro Carrera,63.285714285714285,21.0,54.8
2026-01-29,p_3c6pcI,Juan Pablo Ludueña,,0.0,
2026-02-03,p_3c6pcI,Juan Pablo Ludueña,45.0,1.0,45.0
2026-02-07,p_3c6pcI,Juan Pablo Ludueña,67.5,2.0,67.5
2026-02-14,p_3c6pcI,Juan Pablo Ludueña,51.0,3.0,51.0
2026-02-23,p_3c6pcI,Juan Pablo Ludueña,60.75,4.0,60.75
2026-02-26,p_3c6pcI,Juan Pablo Ludueña,66.6,5.0,66.6
2026-03-01,p_3c6pcI,Juan Pablo Ludueña,70.5,6.0,75.6
2026-03-10,p_3c6pcI,Juan Pablo Ludueña,73.28571428571429,7.0,75.6
2026-03-16,p_3c6pcI,Juan Pablo Ludueña,75.375,8.0,90.0
2026-03-21,p_3c6pcI,Juan Pablo Ludueña,77.0,9.0,90.0
2026-04-03,p_3c6pcI,Juan Pablo Ludueña,78.3,10.0,90.0
2026-04-11,p_3c6pcI,Juan Pablo Ludueña,79.36363636363636,11.0,90.0
2026-04-17,p_3c6pcI,Juan Pablo Ludueña,80.25,12.0,90.0
2026-04-27,p_3c6pcI,Juan Pablo Ludueña,81.0,13.0,90.0
2026-05-02,p_3c6pcI,Juan Pablo Ludueña,81.64285714285714,14.0,90.0
2026-05-10,p_3c6pcI,Juan Pablo Ludueña,82.2,15.0,90.0
2026-05-12,p_3c6pcI,Juan Pablo Ludueña,82.6875,16.0,90.0
2026-07-25,p_3c6pcI,Juan Pablo Ludueña,83.11764705882354,17.0,90.0
2026-08-01,p_3c6pcI,Juan Pablo Ludueña,83.5,18.0,90.0
2026-08-06,p_3c6pcI,Juan Pablo Ludueña,83.84210526315789,19.0,90.0
2026-08-11,p_3c6pcI,Juan Pablo Ludueña,84.15,20.0,90.0
2026-08-15,p_3c6pcI,Juan Pablo Ludueña,84.42857142857143,21.0,90.0
2026-08-21,p_3c6pcI,Juan Pablo Ludueña,84.68181818181819,22.0,90.0
2026-08-28,p_3c6pcI,Juan Pablo Ludueña,84.91304347826087,23.0,90.0
2026-09-08,p_3c6pcI,Juan Pablo Ludueña,85.125,24.0,90.0
2026-09-12,p_3c6pcI,Juan Pablo Ludueña,85.32,25.0,90.0
2026-01-23,p_3cMYiv,Santiago Moyano,,0.0,
2026-01-28,p_3cMYiv,Santiago Moyano,70.0,1.0,70.0
2026-01-31,p_3cMYiv,Santiago Moyano,80.0,2.0,80.0
2026-02-07,p_3cMYiv,Santiago Moyano,83.33333333333333,3.0,83.33333333333333
2026-02-16,p_3cMYiv,Santiago Moyano,85.0,4.0,85.0
2026-02-22,p_3cMYiv,Santiago Moyano,86.0,5.0,86.0
2026-02-24,p_3cMYiv,Santiago Moyano,86.66666666666667,6.0,90.0
2026-02-28,p_3cMYiv,Santiago Moyano,87.14285714285714,7.0,90.0
2026-03-12,p_3cMYiv,Santiago Moyano,81.875,8.0,81.0
2026-03-18,p_3cMYiv,Santiago Moyano,82.66666666666667,9.0,80.8
2026-03-23,p_3cMYiv,Santiago Moyano,82.7,10.0,79.4
2026-04-05,p_3cMYiv,Santiago Moyano,82.36363636363636,11.0,77.2
2026-04-14,p_3cMYiv,Santiago Moyano,79.25,12.0,68.2
2026-05-02,p_3cMYiv,Santiago Moyano,76.61538461538461,13.0,68.2
2026-07-24,p_3cMYiv,Santiago Moyano,74.35714285714286,14.0,59.4
2026-07-31,p_3cMYiv,Santiago Moyano,74.06666666666666,15.0,56.8
2026-08-04,p_3cMYiv,Santiago Moyano,74.1875,16.0,56.2
2026-08-11,p_3cMYiv,Santiago Moyano,74.41176470588235,17.0,62.8
2026-08-16,p_3cMYiv,Santiago Moyano,71.33333333333333,18.0,57.6
2026-08-24,p_3cMYiv,Santiago Moyano,70.78947368421052,19.0,60.8
2026-08-30,p_3cMYiv,Santiago Moyano,71.75,20.0,64.8
2026-09-06,p_3cMYiv,Santiago Moyano,72.61904761904762,21.0,67.6
2026-09-12,p_3cMYiv,Santiago Moyano,72.68181818181819,22.0,66.8
2026-01-24,p_3cO9Zi,Tobías Rubio,,0.0,
2026-05-03,p_3cO9Zi,Tobías Rubio,11.0,1.0,11.0
2026-03-16,p_3cUNHY,Facundo Carrizo,,0.0,
2026-04-11,p_3cUNHY,Facundo Carrizo,1.0,1.0,1.0
2026-09-13,p_3cUNHY,Facundo Carrizo,7.5,2.0,7.5
2026-01-29,p_3coysd,Gonzalo Gelini,,0.0,
2026-02-01,p_3coysd,Gonzalo Gelini,16.0,1.0,16.0
2026-02-09,p_3coysd,Gonzalo Gelini,43.5,2.0,43.5
2026-02-15,p_3coysd,Gonzalo Gelini,44.0,3.0,44.0
2026-02-20,p_3coysd,Gonzalo Gelini,39.0,4.0,39.0
2026-08-04,p_3d1AkK,Gustavo Del Prete,,0.0,
2026-08-09,p_3d1AkK,Gustavo Del Prete,45.0,1.0,45.0
2026-08-15,p_3d1AkK,Gustavo Del Prete,41.0,2.0,41.0
2026-01-25,p_3dYXua,Agustin Marchesin,,0.0,
2026-01-29,p_3dYXua,Agustin Marchesin,90.0,1.0,90.0
2026-02-01,p_3dYXua,Agustin Marchesin,90.0,2.0,90.0
2026-02-09,p_3dYXua,Agustin Marchesin,90.0,3.0,90.0
2026-02-15,p_3dYXua,Agustin Marchesin,90.0,4.0,90.0
2026-02-20,p_3dYXua,Agustin Marchesin,90.0,5.0,90.0
2026-02-28,p_3dYXua,Agustin Marchesin,90.0,6.0,90.0
2026-03-05,p_3dYXua,Agustin Marchesin,90.0,7.0,90.0
2026-03-11,p_3dYXua,Agustin Marchesin,90.0,8.0,90.0
2026-03-16,p_3dYXua,Agustin Marchesin,90.0,9.0,90.0
2026-03-22,p_3dYXua,Agustin Marchesin,90.0,10.0,90.0
2026-04-11,p_3dYXua,Agustin Marchesin,89.27272727272727,11.0,88.4
2026-01-23,p_3dgI1a,Agustín Medina,,0.0,
2026-01-29,p_3dgI1a,Agustín Medina,85.0,1.0,85.0
2026-02-04,p_3dgI1a,Agustín Medina,87.0,2.0,87.0
2026-02-09,p_3dgI1a,Agustín Medina,73.0,3.0,73.0
2026-03-05,p_3dgI1a,Agustín Medina,66.0,4.0,66.0
2026-03-13,p_3dgI1a,Agustín Medina,69.2,5.0,69.2
2026-03-17,p_3dgI1a,Agustín Medina,58.0,6.0,52.6
2026-03-21,p_3dgI1a,Agustín Medina,60.0,7.0,49.2
2026-03-27,p_3dgI1a,Agustín Medina,62.875,8.0,56.8
2026-04-13,p_3dgI1a,Agustín Medina,60.888888888888886,9.0,56.8
2026-04-21,p_3dgI1a,Agustín Medina,63.8,10.0,58.4
2026-04-24,p_3dgI1a,Agustín Medina,63.72727272727273,11.0,70.6
2026-05-10,p_3dgI1a,Agustín Medina,65.91666666666667,12.0,74.2
2026-07-26,p_3dgI1a,Agustín Medina,66.92307692307692,13.0,73.4
2026-08-03,p_3dgI1a,Agustín Medina,62.714285714285715,14.0,66.0
2026-08-06,p_3dgI1a,Agustín Medina,59.2,15.0,50.0
2026-08-25,p_3dgI1a,Agustín Medina,58.0,16.0,45.4
2026-08-29,p_3dgI1a,Agustín Medina,54.76470588235294,17.0,28.0
2026-09-06,p_3dgI1a,Agustín Medina,51.77777777777778,18.0,12.4
2026-09-14,p_3dgI1a,Agustín Medina,50.1578947368421,19.0,15.0
2026-09-14,p_3dgI1a,Agustín Medina,47.8,20.0,13.6
2026-01-22,p_3dtvN3,Bautista Merlini,,0.0,
2026-01-26,p_3dtvN3,Bautista Merlini,29.0,1.0,29.0
2026-02-01,p_3dtvN3,Bautista Merlini,25.0,2.0,25.0
2026-02-08,p_3dtvN3,Bautista Merlini,21.0,3.0,21.0
2026-02-21,p_3dtvN3,Bautista Merlini,20.75,4.0,20.75
2026-02-24,p_3dtvN3,Bautista Merlini,20.8,5.0,20.8
2026-03-02,p_3dtvN3,Bautista Merlini,19.166666666666668,6.0,17.2
2026-03-11,p_3dtvN3,Bautista Merlini,28.285714285714285,7.0,29.6
2026-03-14,p_3dtvN3,Bautista Merlini,32.875,8.0,40.0
2026-03-23,p_3dtvN3,Bautista Merlini,32.22222222222222,9.0,41.4
2026-04-12,p_3dtvN3,Bautista Merlini,35.2,10.0,49.6
2026-04-20,p_3dtvN3,Bautista Merlini,34.63636363636363,11.0,53.2
2026-04-25,p_3dtvN3,Bautista Merlini,34.583333333333336,12.0,43.4
2026-05-03,p_3dtvN3,Bautista Merlini,33.84615384615385,13.0,35.4
2026-07-25,p_3dtvN3,Bautista Merlini,32.57142857142857,14.0,33.2
2026-07-30,p_3dtvN3,Bautista Merlini,31.066666666666666,15.0,22.8
2026-08-16,p_3dtvN3,Bautista Merlini,34.75,16.0,35.0
2026-08-23,p_3dtvN3,Bautista Merlini,34.1764705882353,17.0,33.2
2026-09-04,p_3dtvN3,Bautista Merlini,33.05555555555556,18.0,31.0
2026-01-24,p_3f89Le,Gastón Campi,,0.0,
2026-01-28,p_3f89Le,Gastón Campi,90.0,1.0,90.0
2026-02-01,p_3f89Le,Gastón Campi,90.0,2.0,90.0
2026-02-09,p_3f89Le,Gastón Campi,90.0,3.0,90.0
2026-02-16,p_3f89Le,Gastón Campi,90.0,4.0,90.0
2026-02-21,p_3f89Le,Gastón Campi,90.0,5.0,90.0
2026-03-01,p_3f89Le,Gastón Campi,90.0,6.0,90.0
2026-08-02,p_3f89Le,Gastón Campi,77.28571428571429,7.0,72.2
2026-08-17,p_3f89Le,Gastón Campi,70.625,8.0,59.0
2026-02-21,p_3fPo7i,Victorio Gabriel Ramis,,0.0,
2026-02-26,p_3fPo7i,Victorio Gabriel Ramis,5.0,1.0,5.0
2026-04-26,p_3fPo7i,Victorio Gabriel Ramis,3.5,2.0,3.5
2026-05-03,p_3fPo7i,Victorio Gabriel Ramis,5.0,3.0,5.0
2026-09-06,p_3fPo7i,Victorio Gabriel Ramis,15.0,4.0,15.0
2026-01-23,p_3foBen,César Rigamonti,,0.0,
2026-01-27,p_3foBen,César Rigamonti,90.0,1.0,90.0
2026-02-03,p_3foBen,César Rigamonti,90.0,2.0,90.0
2026-02-09,p_3foBen,César Rigamonti,90.0,3.0,90.0
2026-02-14,p_3foBen,César Rigamonti,90.0,4.0,90.0
2026-02-21,p_3foBen,César Rigamonti,90.0,5.0,90.0
2026-03-12,p_3foBen,César Rigamonti,90.0,6.0,90.0
2026-03-18,p_3foBen,César Rigamonti,90.0,7.0,90.0
2026-03-21,p_3foBen,César Rigamonti,90.0,8.0,90.0
2026-04-03,p_3foBen,César Rigamonti,90.0,9.0,90.0
2026-04-12,p_3foBen,César Rigamonti,90.0,10.0,90.0
2026-04-21,p_3foBen,César Rigamonti,90.0,11.0,90.0
2026-04-26,p_3foBen,César Rigamonti,90.0,12.0,90.0
2026-05-04,p_3foBen,César Rigamonti,90.0,13.0,90.0
2026-07-24,p_3foBen,César Rigamonti,90.0,14.0,90.0
2026-07-28,p_3foBen,César Rigamonti,90.0,15.0,90.0
2026-08-01,p_3foBen,César Rigamonti,90.0,16.0,90.0
2026-08-09,p_3foBen,César Rigamonti,90.0,17.0,90.0
2026-08-18,p_3foBen,César Rigamonti,90.0,18.0,90.0
2026-08-22,p_3foBen,César Rigamonti,90.0,19.0,90.0
2026-08-30,p_3foBen,César Rigamonti,90.0,20.0,90.0
2026-09-05,p_3foBen,César Rigamonti,90.0,21.0,90.0
2026-09-11,p_3foBen,César Rigamonti,90.0,22.0,90.0
2026-02-04,p_3gL8Nt,Sebastián Villa,,0.0,
2026-02-10,p_3gL8Nt,Sebastián Villa,90.0,1.0,90.0
2026-02-15,p_3gL8Nt,Sebastián Villa,90.0,2.0,90.0
2026-02-21,p_3gL8Nt,Sebastián Villa,90.0,3.0,90.0
2026-02-26,p_3gL8Nt,Sebastián Villa,90.0,4.0,90.0
2026-03-03,p_3gL8Nt,Sebastián Villa,90.0,5.0,90.0
2026-03-12,p_3gL8Nt,Sebastián Villa,90.0,6.0,90.0
2026-03-15,p_3gL8Nt,Sebastián Villa,90.0,7.0,90.0
2026-03-23,p_3gL8Nt,Sebastián Villa,90.0,8.0,90.0
2026-04-02,p_3gL8Nt,Sebastián Villa,90.0,9.0,90.0
2026-04-11,p_3gL8Nt,Sebastián Villa,90.0,10.0,90.0
2026-04-20,p_3gL8Nt,Sebastián Villa,83.9090909090909,11.0,76.6
2026-04-26,p_3gL8Nt,Sebastián Villa,79.08333333333333,12.0,63.8
2026-05-10,p_3gL8Nt,Sebastián Villa,79.92307692307692,13.0,63.8
2026-07-26,p_3gL8Nt,Sebastián Villa,80.64285714285714,14.0,63.8
2026-08-02,p_3gL8Nt,Sebastián Villa,78.26666666666667,15.0,54.8
2026-08-05,p_3gL8Nt,Sebastián Villa,78.0625,16.0,65.2
2026-08-08,p_3gL8Nt,Sebastián Villa,74.82352941176471,17.0,64.6
2026-08-16,p_3gL8Nt,Sebastián Villa,71.55555555555556,18.0,49.8
2026-08-24,p_3gL8Nt,Sebastián Villa,71.6842105263158,19.0,46.6
2026-08-29,p_3gL8Nt,Sebastián Villa,69.5,20.0,43.2
2026-09-12,p_3gL8Nt,Sebastián Villa,67.61904761904762,21.0,34.2
2026-08-18,p_3gSMfS,Matías Vargas,,0.0,
2026-08-30,p_3gSMfS,Matías Vargas,7.0,1.0,7.0
2026-09-05,p_3gSMfS,Matías Vargas,17.0,2.0,17.0
2026-09-11,p_3gSMfS,Matías Vargas,34.666666666666664,3.0,34.666666666666664
2026-05-03,p_3gXasE,Alessandro Riep,,0.0,
2026-07-26,p_3gXasE,Alessandro Riep,90.0,1.0,90.0
2026-07-30,p_3gXasE,Alessandro Riep,46.5,2.0,46.5
2026-01-23,p_3goTXD,Jano Gordon,,0.0,
2026-01-27,p_3goTXD,Jano Gordon,90.0,1.0,90.0
2026-01-31,p_3goTXD,Jano Gordon,84.5,2.0,84.5
2026-01-23,p_3guJ6P,Valentino Simoni,,0.0,
2026-01-27,p_3guJ6P,Valentino Simoni,62.0,1.0,62.0
2026-02-03,p_3guJ6P,Valentino Simoni,71.0,2.0,71.0
2026-02-09,p_3guJ6P,Valentino Simoni,62.333333333333336,3.0,62.333333333333336
2026-02-14,p_3guJ6P,Valentino Simoni,62.0,4.0,62.0
2026-02-21,p_3guJ6P,Valentino Simoni,64.4,5.0,64.4
2026-02-25,p_3guJ6P,Valentino Simoni,61.166666666666664,6.0,61.0
2026-02-28,p_3guJ6P,Valentino Simoni,60.42857142857143,7.0,56.2
2026-03-12,p_3guJ6P,Valentino Simoni,58.5,8.0,56.2
2026-03-18,p_3guJ6P,Valentino Simoni,52.22222222222222,9.0,44.4
2026-04-03,p_3guJ6P,Valentino Simoni,48.0,10.0,31.6
2026-04-12,p_3guJ6P,Valentino Simoni,45.72727272727273,11.0,27.2
2026-04-21,p_3guJ6P,Valentino Simoni,43.5,12.0,19.8
2026-05-04,p_3guJ6P,Valentino Simoni,41.0,13.0,13.0
2026-07-24,p_3guJ6P,Valentino Simoni,42.57142857142857,14.0,25.2
2026-07-28,p_3guJ6P,Valentino Simoni,40.266666666666666,15.0,24.8
2026-09-05,p_3guJ6P,Valentino Simoni,39.0,16.0,24.2
2026-02-02,p_3gzo7L,Éver Banega,,0.0,
2026-02-08,p_3gzo7L,Éver Banega,22.0,1.0,22.0
2026-02-20,p_3gzo7L,Éver Banega,19.5,2.0,19.5
2026-02-24,p_3gzo7L,Éver Banega,22.666666666666668,3.0,22.666666666666668
2026-03-02,p_3gzo7L,Éver Banega,33.25,4.0,33.25
2026-03-12,p_3gzo7L,Éver Banega,42.4,5.0,42.4
2026-04-13,p_3gzo7L,Éver Banega,44.833333333333336,6.0,49.4
2026-04-18,p_3gzo7L,Éver Banega,42.142857142857146,7.0,51.2
2026-04-23,p_3gzo7L,Éver Banega,39.25,8.0,49.2
2026-05-04,p_3gzo7L,Éver Banega,36.888888888888886,9.0,39.8
2026-01-27,p_3hKw89,Francisco Perruzzi,,0.0,
2026-01-31,p_3hKw89,Francisco Perruzzi,2.0,1.0,2.0
2026-02-14,p_3hKw89,Francisco Perruzzi,1.5,2.0,1.5
2026-04-20,p_3hKw89,Francisco Perruzzi,1.3333333333333333,3.0,1.3333333333333333
2026-08-07,p_3hKw89,Francisco Perruzzi,7.5,4.0,7.5
2026-08-21,p_3hKw89,Francisco Perruzzi,10.6,5.0,10.6
2026-08-30,p_3hKw89,Francisco Perruzzi,12.833333333333334,6.0,15.0
2026-09-05,p_3hKw89,Francisco Perruzzi,16.0,7.0,21.8
2026-01-26,p_3i5iMO,Diego Churín,,0.0,
2026-01-30,p_3i5iMO,Diego Churín,84.0,1.0,84.0
2026-02-04,p_3i5iMO,Diego Churín,74.0,2.0,74.0
2026-02-08,p_3i5iMO,Diego Churín,79.33333333333333,3.0,79.33333333333333
2026-02-14,p_3i5iMO,Diego Churín,76.25,4.0,76.25
2026-02-20,p_3i5iMO,Diego Churín,73.8,5.0,73.8
2026-02-26,p_3i5iMO,Diego Churín,73.0,6.0,70.8
2026-03-03,p_3i5iMO,Diego Churín,75.42857142857143,7.0,76.0
2026-03-11,p_3i5iMO,Diego Churín,69.125,8.0,63.0
2026-03-15,p_3i5iMO,Diego Churín,62.77777777777778,9.0,52.0
2026-03-22,p_3i5iMO,Diego Churín,59.5,10.0,45.2
2026-04-19,p_3i5iMO,Diego Churín,57.18181818181818,11.0,38.2
2026-04-25,p_3i5iMO,Diego Churín,54.916666666666664,12.0,26.2
2026-05-03,p_3i5iMO,Diego Churín,51.69230769230769,13.0,23.8
2026-07-23,p_3i5iMO,Diego Churín,49.285714285714285,14.0,25.0
2026-08-08,p_3i5iMO,Diego Churín,46.4,15.0,20.2
2026-08-16,p_3i5iMO,Diego Churín,45.3125,16.0,19.2
2026-08-23,p_3i5iMO,Diego Churín,43.23529411764706,17.0,15.2
2026-08-28,p_3i5iMO,Diego Churín,42.111111111111114,18.0,17.2
2026-09-13,p_3i5iMO,Diego Churín,40.36842105263158,19.0,15.4
2026-01-25,p_3i9lqe,Vicente Pizarro,,0.0,
2026-01-28,p_3i9lqe,Vicente Pizarro,90.0,1.0,90.0
2026-02-02,p_3i9lqe,Vicente Pizarro,90.0,2.0,90.0
2026-02-07,p_3i9lqe,Vicente Pizarro,90.0,3.0,90.0
2026-02-16,p_3i9lqe,Vicente Pizarro,90.0,4.0,90.0
2026-02-21,p_3i9lqe,Vicente Pizarro,90.0,5.0,90.0
2026-02-25,p_3i9lqe,Vicente Pizarro,90.0,6.0,90.0
2026-03-01,p_3i9lqe,Vicente Pizarro,90.0,7.0,90.0
2026-03-11,p_3i9lqe,Vicente Pizarro,88.0,8.0,86.8
2026-03-15,p_3i9lqe,Vicente Pizarro,88.22222222222223,9.0,86.8
2026-03-23,p_3i9lqe,Vicente Pizarro,86.4,10.0,82.8
2026-04-05,p_3i9lqe,Vicente Pizarro,86.72727272727273,11.0,82.8
2026-04-12,p_3i9lqe,Vicente Pizarro,87.0,12.0,82.8
2026-04-19,p_3i9lqe,Vicente Pizarro,84.84615384615384,13.0,79.8
2026-04-24,p_3i9lqe,Vicente Pizarro,85.21428571428571,14.0,79.8
2026-05-10,p_3i9lqe,Vicente Pizarro,85.53333333333333,15.0,83.8
2026-05-13,p_3i9lqe,Vicente Pizarro,85.3125,16.0,82.2
2026-05-16,p_3i9lqe,Vicente Pizarro,86.88235294117646,17.0,86.6
2026-07-23,p_3i9lqe,Vicente Pizarro,87.0,18.0,92.6
2026-07-29,p_3i9lqe,Vicente Pizarro,86.21052631578948,19.0,89.0
2026-08-02,p_3i9lqe,Vicente Pizarro,85.45,20.0,85.2
2026-08-07,p_3i9lqe,Vicente Pizarro,84.71428571428571,21.0,82.8
2026-08-17,p_3i9lqe,Vicente Pizarro,84.0909090909091,22.0,74.6
2026-08-25,p_3i9lqe,Vicente Pizarro,83.6086956521739,23.0,71.4
2026-08-29,p_3i9lqe,Vicente Pizarro,83.125,24.0,71.4
2026-09-06,p_3i9lqe,Vicente Pizarro,82.48,25.0,70.6
2026-09-13,p_3i9lqe,Vicente Pizarro,81.84615384615384,26.0,69.8
2026-01-24,p_3iObzN,Juan Nardoni,,0.0,
2026-01-28,p_3iObzN,Juan Nardoni,57.0,1.0,57.0
2026-07-25,p_3il4tl,Santiago González,,0.0,
2026-08-01,p_3il4tl,Santiago González,45.0,1.0,45.0
2026-08-06,p_3il4tl,Santiago González,25.0,2.0,25.0
2026-08-08,p_3il4tl,Santiago González,20.666666666666668,3.0,20.666666666666668
2026-08-15,p_3il4tl,Santiago González,20.25,4.0,20.25
2026-08-24,p_3il4tl,Santiago González,34.2,5.0,34.2
2026-09-01,p_3il4tl,Santiago González,43.333333333333336,6.0,43.0
2026-09-05,p_3il4tl,Santiago González,50.0,7.0,60.0
2026-09-13,p_3il4tl,Santiago González,53.5,8.0,73.2
2026-02-09,p_3j26Fw,José Sosa,,0.0,
2026-02-20,p_3j26Fw,José Sosa,67.0,1.0,67.0
2026-03-23,p_3j26Fw,José Sosa,49.5,2.0,49.5
2026-04-11,p_3j26Fw,José Sosa,35.333333333333336,3.0,35.333333333333336
2026-05-03,p_3j26Fw,José Sosa,40.5,4.0,40.5
2026-05-10,p_3j26Fw,José Sosa,44.2,5.0,44.2
2026-07-26,p_3j26Fw,José Sosa,37.0,6.0,31.0
2026-08-01,p_3j26Fw,José Sosa,32.285714285714285,7.0,25.4
2026-08-08,p_3j26Fw,José Sosa,30.75,8.0,28.0
2026-08-15,p_3j26Fw,José Sosa,34.0,9.0,28.8
2026-08-23,p_3j26Fw,José Sosa,32.6,10.0,21.0
2026-09-12,p_3j26Fw,José Sosa,31.90909090909091,11.0,25.8
2026-02-08,p_3kuGSc,Luciano Vallejo,,0.0,
2026-03-04,p_3kuGSc,Luciano Vallejo,90.0,1.0,90.0
2026-03-12,p_3kuGSc,Luciano Vallejo,85.0,2.0,85.0
2026-03-16,p_3kuGSc,Luciano Vallejo,82.66666666666667,3.0,82.66666666666667
2026-03-21,p_3kuGSc,Luciano Vallejo,73.25,4.0,73.25
2026-05-03,p_3kuGSc,Luciano Vallejo,63.4,5.0,63.4
2026-07-26,p_3kuGSc,Luciano Vallejo,56.5,6.0,49.8
2026-07-31,p_3kuGSc,Luciano Vallejo,61.285714285714285,7.0,51.8
2026-08-04,p_3kuGSc,Luciano Vallejo,64.875,8.0,54.2
2026-08-08,p_3kuGSc,Luciano Vallejo,67.66666666666667,9.0,63.2
2026-08-17,p_3kuGSc,Luciano Vallejo,69.9,10.0,76.4
2026-08-22,p_3kuGSc,Luciano Vallejo,71.72727272727273,11.0,90.0
2026-08-30,p_3kuGSc,Luciano Vallejo,73.25,12.0,90.0
2026-09-07,p_3kuGSc,Luciano Vallejo,74.53846153846153,13.0,90.0
2026-09-12,p_3kuGSc,Luciano Vallejo,75.64285714285714,14.0,90.0
2026-02-03,p_3l0Qzt,Mauricio Tévez,,0.0,
2026-04-12,p_3l0Qzt,Mauricio Tévez,27.0,1.0,27.0
2026-02-16,p_3lGmY0,Gastón Ávila,,0.0,
2026-02-21,p_3lGmY0,Gastón Ávila,90.0,1.0,90.0
2026-02-25,p_3lGmY0,Gastón Ávila,90.0,2.0,90.0
2026-03-01,p_3lGmY0,Gastón Ávila,90.0,3.0,90.0
2026-03-11,p_3lGmY0,Gastón Ávila,90.0,4.0,90.0
2026-03-15,p_3lGmY0,Gastón Ávila,75.4,5.0,75.4
2026-03-23,p_3lGmY0,Gastón Ávila,77.83333333333333,6.0,75.4
2026-04-12,p_3lGmY0,Gastón Ávila,79.57142857142857,7.0,75.4
2026-04-19,p_3lGmY0,Gastón Ávila,73.5,8.0,63.6
2026-04-24,p_3lGmY0,Gastón Ávila,75.33333333333333,9.0,63.6
2026-05-10,p_3lGmY0,Gastón Ávila,73.8,10.0,72.2
2026-05-13,p_3lGmY0,Gastón Ávila,75.27272727272727,11.0,72.2
2026-05-16,p_3lGmY0,Gastón Ávila,79.0,12.0,78.2
2026-07-23,p_3lGmY0,Gastón Ávila,79.07692307692308,13.0,88.0
2026-07-29,p_3lGmY0,Gastón Ávila,79.85714285714286,14.0,88.0
2026-08-02,p_3lGmY0,Gastón Ávila,80.53333333333333,15.0,94.0
2026-08-07,p_3lGmY0,Gastón Ávila,81.125,16.0,94.0
2026-08-25,p_3lGmY0,Gastón Ávila,81.6470588235294,17.0,88.0
2026-08-29,p_3lGmY0,Gastón Ávila,82.11111111111111,18.0,90.0
2026-09-06,p_3lGmY0,Gastón Ávila,82.52631578947368,19.0,90.0
2026-09-13,p_3lGmY0,Gastón Ávila,82.9,20.0,90.0
2026-04-05,p_3lI7ex,Javier Vallejos,,0.0,
2026-07-24,p_3lI7ex,Javier Vallejos,65.0,1.0,65.0
2026-07-31,p_3lI7ex,Javier Vallejos,65.5,2.0,65.5
2026-08-04,p_3lI7ex,Javier Vallejos,73.66666666666667,3.0,73.66666666666667
2026-07-24,p_3lQo2d,Marcos Ledesma,,0.0,
2026-07-30,p_3lQo2d,Marcos Ledesma,90.0,1.0,90.0
2026-08-03,p_3lQo2d,Marcos Ledesma,90.0,2.0,90.0
2026-08-09,p_3lQo2d,Marcos Ledesma,90.0,3.0,90.0
2026-08-16,p_3lQo2d,Marcos Ledesma,90.0,4.0,90.0
2026-08-22,p_3lQo2d,Marcos Ledesma,90.0,5.0,90.0
2026-09-01,p_3lQo2d,Marcos Ledesma,90.0,6.0,90.0
2026-09-08,p_3lQo2d,Marcos Ledesma,90.0,7.0,90.0
2026-09-15,p_3lQo2d,Marcos Ledesma,90.0,8.0,90.0
2026-09-15,p_3lQo2d,Marcos Ledesma,90.0,9.0,90.0
2026-07-25,p_3lYGBX,Juan Fernando Garro,,0.0,
2026-07-29,p_3lYGBX,Juan Fernando Garro,32.0,1.0,32.0
2026-08-01,p_3lYGBX,Juan Fernando Garro,30.5,2.0,30.5
2026-08-08,p_3lYGBX,Juan Fernando Garro,39.333333333333336,3.0,39.333333333333336
2026-08-29,p_3lYGBX,Juan Fernando Garro,44.0,4.0,44.0
2026-01-22,p_3lcFKJ,Juan Gutiérrez,,0.0,
2026-01-29,p_3lcFKJ,Juan Gutiérrez,64.0,1.0,64.0
2026-02-02,p_3lcFKJ,Juan Gutiérrez,42.5,2.0,42.5
2026-02-08,p_3lcFKJ,Juan Gutiérrez,51.0,3.0,51.0
2026-02-14,p_3lcFKJ,Juan Gutiérrez,60.5,4.0,60.5
2026-02-20,p_3lcFKJ,Juan Gutiérrez,64.0,5.0,64.0
2026-02-24,p_3lcFKJ,Juan Gutiérrez,68.33333333333333,6.0,69.2
2026-03-02,p_3lcFKJ,Juan Gutiérrez,71.42857142857143,7.0,83.0
2026-03-12,p_3lcFKJ,Juan Gutiérrez,73.75,8.0,87.4
2026-03-16,p_3lcFKJ,Juan Gutiérrez,75.55555555555556,9.0,87.6
2026-03-21,p_3lcFKJ,Juan Gutiérrez,76.9,10.0,89.8
2026-04-07,p_3lcFKJ,Juan Gutiérrez,78.0,11.0,89.6
2026-04-13,p_3lcFKJ,Juan Gutiérrez,79.0,12.0,89.6
2026-04-18,p_3lcFKJ,Juan Gutiérrez,79.84615384615384,13.0,89.6
2026-04-23,p_3lcFKJ,Juan Gutiérrez,80.57142857142857,14.0,89.6
2026-05-04,p_3lcFKJ,Juan Gutiérrez,81.2,15.0,89.8
2026-07-24,p_3lcFKJ,Juan Gutiérrez,81.75,16.0,90.0
2026-07-29,p_3lcFKJ,Juan Gutiérrez,82.23529411764706,17.0,90.0
2026-08-01,p_3lcFKJ,Juan Gutiérrez,82.66666666666667,18.0,90.0
2026-08-09,p_3lcFKJ,Juan Gutiérrez,83.05263157894737,19.0,90.0
2026-08-17,p_3lcFKJ,Juan Gutiérrez,83.4,20.0,90.0
2026-08-23,p_3lcFKJ,Juan Gutiérrez,83.71428571428571,21.0,90.0
2026-08-31,p_3lcFKJ,Juan Gutiérrez,83.22727272727273,22.0,86.6
2026-09-06,p_3lcFKJ,Juan Gutiérrez,83.47826086956522,23.0,86.4
2026-09-11,p_3lcFKJ,Juan Gutiérrez,83.70833333333333,24.0,86.2
2026-03-13,p_3mDkwx,Lucas Blondel,,0.0,
2026-03-16,p_3mDkwx,Lucas Blondel,16.0,1.0,16.0
2026-03-24,p_3mDkwx,Lucas Blondel,53.0,2.0,53.0
2026-04-05,p_3mDkwx,Lucas Blondel,65.33333333333333,3.0,65.33333333333333
2026-04-12,p_3mDkwx,Lucas Blondel,71.5,4.0,71.5
2026-04-21,p_3mDkwx,Lucas Blondel,75.2,5.0,75.2
2026-04-28,p_3mDkwx,Lucas Blondel,77.66666666666667,6.0,90.0
2026-05-03,p_3mDkwx,Lucas Blondel,79.42857142857143,7.0,90.0
2026-05-09,p_3mDkwx,Lucas Blondel,80.75,8.0,90.0
2026-05-13,p_3mDkwx,Lucas Blondel,85.11111111111111,9.0,96.0
2026-07-25,p_3mDkwx,Lucas Blondel,87.0,10.0,98.8
2026-07-30,p_3mDkwx,Lucas Blondel,87.27272727272727,11.0,98.8
2026-08-04,p_3mDkwx,Lucas Blondel,87.5,12.0,98.8
2026-08-09,p_3mDkwx,Lucas Blondel,87.6923076923077,13.0,98.8
2026-08-16,p_3mDkwx,Lucas Blondel,87.85714285714286,14.0,92.8
2026-08-23,p_3mDkwx,Lucas Blondel,86.86666666666666,15.0,86.6
2026-08-29,p_3mDkwx,Lucas Blondel,87.0625,16.0,86.6
2026-09-04,p_3mDkwx,Lucas Blondel,87.23529411764706,17.0,86.6
2026-09-14,p_3mDkwx,Lucas Blondel,87.38888888888889,18.0,86.6
2026-09-14,p_3mDkwx,Lucas Blondel,87.52631578947368,19.0,86.6
2026-01-26,p_3mEDPS,Federico Fattori,,0.0,
2026-01-30,p_3mEDPS,Federico Fattori,90.0,1.0,90.0
2026-02-03,p_3mEDPS,Federico Fattori,90.0,2.0,90.0
2026-02-07,p_3mEDPS,Federico Fattori,90.0,3.0,90.0
2026-02-13,p_3mEDPS,Federico Fattori,82.0,4.0,82.0
2026-03-01,p_3mEDPS,Federico Fattori,83.6,5.0,83.6
2026-03-11,p_3mEDPS,Federico Fattori,84.66666666666667,6.0,83.6
2026-03-16,p_3mEDPS,Federico Fattori,85.42857142857143,7.0,83.6
2026-03-23,p_3mEDPS,Federico Fattori,86.0,8.0,83.6
2026-03-27,p_3mEDPS,Federico Fattori,86.44444444444444,9.0,90.0
2026-03-31,p_3mEDPS,Federico Fattori,86.8,10.0,90.0
2026-04-06,p_3mEDPS,Federico Fattori,87.0909090909091,11.0,90.0
2026-04-11,p_3mEDPS,Federico Fattori,87.33333333333333,12.0,90.0
2026-04-19,p_3mEDPS,Federico Fattori,85.76923076923077,13.0,85.4
2026-04-28,p_3mEDPS,Federico Fattori,86.07142857142857,14.0,85.4
2026-05-03,p_3mEDPS,Federico Fattori,86.33333333333333,15.0,85.4
2026-05-10,p_3mEDPS,Federico Fattori,85.375,16.0,81.6
2026-05-13,p_3mEDPS,Federico Fattori,85.6470588235294,17.0,81.6
2026-05-17,p_3mEDPS,Federico Fattori,87.55555555555556,18.0,92.2
2026-07-25,p_3mEDPS,Federico Fattori,88.47368421052632,19.0,95.2
2026-07-30,p_3mEDPS,Federico Fattori,88.3,20.0,94.2
2026-08-12,p_3mEDPS,Federico Fattori,88.19047619047619,21.0,97.2
2026-08-18,p_3mEDPS,Federico Fattori,87.63636363636364,22.0,94.4
2026-08-25,p_3mEDPS,Federico Fattori,86.47826086956522,23.0,82.6
2026-09-12,p_3mEDPS,Federico Fattori,83.45833333333333,24.0,64.4
2026-04-18,p_3mGP60,Germán Conti,,0.0,
2026-04-26,p_3mGP60,Germán Conti,20.0,1.0,20.0
2026-05-03,p_3mGP60,Germán Conti,49.0,2.0,49.0
2026-05-11,p_3mGP60,Germán Conti,62.666666666666664,3.0,62.666666666666664
2026-05-14,p_3mGP60,Germán Conti,69.5,4.0,69.5
2026-08-15,p_3mGP60,Germán Conti,73.6,5.0,73.6
2026-08-29,p_3mGP60,Germán Conti,70.16666666666667,6.0,80.2
2026-09-05,p_3mGP60,Germán Conti,73.0,7.0,82.6
2026-09-13,p_3mGP60,Germán Conti,75.125,8.0,82.6
2026-03-01,p_3mV8zU,Román Riquelme,,0.0,
2026-03-11,p_3mV8zU,Román Riquelme,90.0,1.0,90.0
2026-03-16,p_3mV8zU,Román Riquelme,90.0,2.0,90.0
2026-03-23,p_3mV8zU,Román Riquelme,90.0,3.0,90.0
2026-03-27,p_3mV8zU,Román Riquelme,90.0,4.0,90.0
2026-03-31,p_3mV8zU,Román Riquelme,90.0,5.0,90.0
2026-04-06,p_3mV8zU,Román Riquelme,90.0,6.0,90.0
2026-04-11,p_3mV8zU,Román Riquelme,90.0,7.0,90.0
2026-04-19,p_3mV8zU,Román Riquelme,90.0,8.0,90.0
2026-04-28,p_3mV8zU,Román Riquelme,90.0,9.0,90.0
2026-05-10,p_3mV8zU,Román Riquelme,90.0,10.0,90.0
2026-05-13,p_3mV8zU,Román Riquelme,90.0,11.0,90.0
2026-05-17,p_3mV8zU,Román Riquelme,92.5,12.0,96.0
2026-07-25,p_3mV8zU,Román Riquelme,94.61538461538461,13.0,102.0
2026-08-12,p_3mV8zU,Román Riquelme,94.0,14.0,101.2
2026-08-18,p_3mV8zU,Román Riquelme,93.73333333333333,15.0,101.2
2026-09-12,p_3mV8zU,Román Riquelme,92.0625,16.0,96.6
2026-01-22,p_3mhHpD,Tomas Nasif,,0.0,
2026-01-26,p_3mhHpD,Tomas Nasif,11.0,1.0,11.0
2026-02-01,p_3mhHpD,Tomas Nasif,21.5,2.0,21.5
2026-02-08,p_3mhHpD,Tomas Nasif,25.333333333333332,3.0,25.333333333333332
2026-02-15,p_3mhHpD,Tomas Nasif,25.75,4.0,25.75
2026-02-21,p_3mhHpD,Tomas Nasif,26.4,5.0,26.4
2026-02-24,p_3mhHpD,Tomas Nasif,29.5,6.0,33.2
2026-03-02,p_3mhHpD,Tomas Nasif,34.42857142857143,7.0,39.6
2026-04-12,p_3mhHpD,Tomas Nasif,38.25,8.0,46.0
2026-04-20,p_3mhHpD,Tomas Nasif,42.666666666666664,9.0,56.2
2026-04-25,p_3mhHpD,Tomas Nasif,41.8,10.0,57.2
2026-05-03,p_3mhHpD,Tomas Nasif,45.36363636363637,11.0,64.4
2026-01-24,p_3mpZF5,Oscar Salomón,,0.0,
2026-02-08,p_3mpZF5,Oscar Salomón,90.0,1.0,90.0
2026-02-16,p_3mpZF5,Oscar Salomón,90.0,2.0,90.0
2026-02-21,p_3mpZF5,Oscar Salomón,75.0,3.0,75.0
2026-03-21,p_3mpZF5,Oscar Salomón,78.75,4.0,78.75
2026-04-05,p_3mpZF5,Oscar Salomón,64.8,5.0,64.8
2026-04-12,p_3mpZF5,Oscar Salomón,69.0,6.0,64.8
2026-04-26,p_3mpZF5,Oscar Salomón,72.0,7.0,64.8
2026-08-31,p_3mpZF5,Oscar Salomón,63.875,8.0,57.2
2026-01-26,p_3mvWYr,Gabriel Alanís,,0.0,
2026-01-30,p_3mvWYr,Gabriel Alanís,79.0,1.0,79.0
2026-02-03,p_3mvWYr,Gabriel Alanís,78.0,2.0,78.0
2026-02-10,p_3mvWYr,Gabriel Alanís,75.0,3.0,75.0
2026-02-15,p_3mvWYr,Gabriel Alanís,60.0,4.0,60.0
2026-02-26,p_3mvWYr,Gabriel Alanís,63.0,5.0,63.0
2026-03-03,p_3mvWYr,Gabriel Alanís,55.5,6.0,50.8
2026-03-12,p_3mvWYr,Gabriel Alanís,60.42857142857143,7.0,53.4
2026-03-16,p_3mvWYr,Gabriel Alanís,56.0,8.0,44.6
2026-03-22,p_3mvWYr,Gabriel Alanís,51.22222222222222,9.0,44.2
2026-04-04,p_3mvWYr,Gabriel Alanís,55.1,10.0,47.2
2026-04-12,p_3mvWYr,Gabriel Alanís,56.90909090909091,11.0,58.6
2026-04-18,p_3mvWYr,Gabriel Alanís,59.666666666666664,12.0,58.6
2026-04-24,p_3mvWYr,Gabriel Alanís,62.0,13.0,71.6
2026-05-05,p_3mvWYr,Gabriel Alanís,63.57142857142857,14.0,85.8
2026-08-01,p_3mvWYr,Gabriel Alanís,60.86666666666667,15.0,72.4
2026-08-08,p_3mvWYr,Gabriel Alanís,62.0,16.0,73.2
2026-08-17,p_3mvWYr,Gabriel Alanís,63.64705882352941,17.0,73.2
2026-08-21,p_3mvWYr,Gabriel Alanís,64.33333333333333,18.0,70.4
2026-08-29,p_3mvWYr,Gabriel Alanís,65.6842105263158,19.0,71.6
2026-09-04,p_3mvWYr,Gabriel Alanís,66.5,20.0,83.4
2026-09-15,p_3mvWYr,Gabriel Alanís,67.23809523809524,21.0,84.0
2026-09-15,p_3mvWYr,Gabriel Alanís,68.27272727272727,22.0,84.0
2026-07-30,p_3mxeOn,Thiago Aguirre,,0.0,
2026-08-08,p_3mxeOn,Thiago Aguirre,30.0,1.0,30.0
2026-08-17,p_3mxeOn,Thiago Aguirre,28.5,2.0,28.5
2026-08-23,p_3mxeOn,Thiago Aguirre,28.666666666666668,3.0,28.666666666666668
2026-08-29,p_3mxeOn,Thiago Aguirre,36.0,4.0,36.0
2026-09-06,p_3mxeOn,Thiago Aguirre,32.8,5.0,32.8
2026-07-23,p_3naRvD,Kevin Gutiérrez,,0.0,
2026-07-29,p_3naRvD,Kevin Gutiérrez,45.0,1.0,45.0
2026-08-01,p_3naRvD,Kevin Gutiérrez,67.5,2.0,67.5
2026-08-09,p_3naRvD,Kevin Gutiérrez,75.0,3.0,75.0
2026-08-16,p_3naRvD,Kevin Gutiérrez,78.75,4.0,78.75
2026-08-25,p_3naRvD,Kevin Gutiérrez,75.0,5.0,75.0
2026-08-30,p_3naRvD,Kevin Gutiérrez,77.5,6.0,84.0
2026-09-07,p_3naRvD,Kevin Gutiérrez,79.28571428571429,7.0,84.0
2026-09-13,p_3naRvD,Kevin Gutiérrez,79.0,8.0,81.4
2026-02-25,p_3neIIb,Maximiliano Gutiérrez,,0.0,
2026-03-17,p_3neIIb,Maximiliano Gutiérrez,9.0,1.0,9.0
2026-04-04,p_3neIIb,Maximiliano Gutiérrez,11.5,2.0,11.5
2026-04-11,p_3neIIb,Maximiliano Gutiérrez,11.0,3.0,11.0
2026-04-18,p_3neIIb,Maximiliano Gutiérrez,29.0,4.0,29.0
2026-04-24,p_3neIIb,Maximiliano Gutiérrez,38.2,5.0,38.2
2026-05-02,p_3neIIb,Maximiliano Gutiérrez,46.833333333333336,6.0,54.4
2026-05-10,p_3neIIb,Maximiliano Gutiérrez,51.42857142857143,7.0,67.4
2026-07-26,p_3neIIb,Maximiliano Gutiérrez,56.125,8.0,83.2
2026-07-31,p_3neIIb,Maximiliano Gutiérrez,59.22222222222222,9.0,83.4
2026-08-09,p_3neIIb,Maximiliano Gutiérrez,62.3,10.0,86.4
2026-08-17,p_3neIIb,Maximiliano Gutiérrez,64.81818181818181,11.0,86.4
2026-08-22,p_3neIIb,Maximiliano Gutiérrez,60.5,12.0,73.2
2026-08-30,p_3neIIb,Maximiliano Gutiérrez,57.30769230769231,13.0,59.2
2026-03-12,p_3nfcvs,Agustín Falcón,,0.0,
2026-05-03,p_3nfcvs,Agustín Falcón,11.0,1.0,11.0
2026-05-09,p_3nfcvs,Agustín Falcón,45.0,2.0,45.0
2026-05-12,p_3nfcvs,Agustín Falcón,54.333333333333336,3.0,54.333333333333336
2026-05-17,p_3nfcvs,Agustín Falcón,48.25,4.0,48.25
2026-05-24,p_3nfcvs,Agustín Falcón,59.8,5.0,59.8
2026-08-15,p_3nfcvs,Agustín Falcón,64.83333333333333,6.0,75.6
2026-08-23,p_3nfcvs,Agustín Falcón,63.714285714285715,7.0,71.2
2026-01-24,p_3oLDhv,Iván Guaraz,,0.0,
2026-01-28,p_3oLDhv,Iván Guaraz,19.0,1.0,19.0
2026-02-01,p_3oLDhv,Iván Guaraz,48.0,2.0,48.0
2026-02-09,p_3oLDhv,Iván Guaraz,62.0,3.0,62.0
2026-02-16,p_3oLDhv,Iván Guaraz,63.75,4.0,63.75
2026-02-21,p_3oLDhv,Iván Guaraz,64.0,5.0,64.0
2026-03-01,p_3oLDhv,Iván Guaraz,60.833333333333336,6.0,69.2
2026-03-16,p_3oLDhv,Iván Guaraz,54.714285714285715,7.0,57.4
2026-04-12,p_3oLDhv,Iván Guaraz,50.0,8.0,42.8
2026-04-20,p_3oLDhv,Iván Guaraz,47.44444444444444,9.0,34.4
2026-07-25,p_3oLDhv,Iván Guaraz,45.3,10.0,26.6
2026-04-03,p_3oSsFv,Ignacio Sabatini,,0.0,
2026-04-12,p_3oSsFv,Ignacio Sabatini,35.0,1.0,35.0
2026-04-21,p_3oSsFv,Ignacio Sabatini,62.5,2.0,62.5
2026-04-26,p_3oSsFv,Ignacio Sabatini,71.66666666666667,3.0,71.66666666666667
2026-05-04,p_3oSsFv,Ignacio Sabatini,76.25,4.0,76.25
2026-07-24,p_3oSsFv,Ignacio Sabatini,64.6,5.0,64.6
2026-07-28,p_3oSsFv,Ignacio Sabatini,68.83333333333333,6.0,75.6
2026-08-01,p_3oSsFv,Ignacio Sabatini,69.0,7.0,71.6
2026-08-09,p_3oSsFv,Ignacio Sabatini,61.625,8.0,55.6
2026-08-18,p_3oSsFv,Ignacio Sabatini,55.44444444444444,9.0,38.8
2026-08-30,p_3oSsFv,Ignacio Sabatini,52.7,10.0,40.8
2026-09-05,p_3oSsFv,Ignacio Sabatini,50.18181818181818,11.0,27.8
2026-09-11,p_3oSsFv,Ignacio Sabatini,53.5,12.0,31.8
2026-01-26,p_3og8o2,Tobías Ostchega,,0.0,
2026-01-30,p_3og8o2,Tobías Ostchega,90.0,1.0,90.0
2026-02-03,p_3og8o2,Tobías Ostchega,90.0,2.0,90.0
2026-02-10,p_3og8o2,Tobías Ostchega,90.0,3.0,90.0
2026-02-15,p_3og8o2,Tobías Ostchega,90.0,4.0,90.0
2026-02-22,p_3og8o2,Tobías Ostchega,90.0,5.0,90.0
2026-02-26,p_3og8o2,Tobías Ostchega,90.0,6.0,90.0
2026-03-03,p_3og8o2,Tobías Ostchega,90.0,7.0,90.0
2026-03-12,p_3og8o2,Tobías Ostchega,84.375,8.0,81.0
2026-03-16,p_3og8o2,Tobías Ostchega,76.88888888888889,9.0,66.4
2026-04-04,p_3og8o2,Tobías Ostchega,78.2,10.0,66.4
2026-05-17,p_3ohM6R,Gastón Verón,,0.0,
2026-07-23,p_3ohM6R,Gastón Verón,9.0,1.0,9.0
2026-07-29,p_3ohM6R,Gastón Verón,44.5,2.0,44.5
2026-08-01,p_3ohM6R,Gastón Verón,50.0,3.0,50.0
2026-08-09,p_3ohM6R,Gastón Verón,52.5,4.0,52.5
2026-08-25,p_3ohM6R,Gastón Verón,51.0,5.0,51.0
2026-08-30,p_3ohM6R,Gastón Verón,45.833333333333336,6.0,53.2
2026-09-07,p_3ohM6R,Gastón Verón,51.57142857142857,7.0,54.4
2026-09-13,p_3ohM6R,Gastón Verón,56.375,8.0,60.2
2026-01-23,p_3oqT7Z,Luciano Paredes,,0.0,
2026-01-27,p_3oqT7Z,Luciano Paredes,83.0,1.0,83.0
2026-02-03,p_3oqT7Z,Luciano Paredes,86.5,2.0,86.5
2026-02-09,p_3oqT7Z,Luciano Paredes,87.66666666666667,3.0,87.66666666666667
2026-02-14,p_3oqT7Z,Luciano Paredes,73.0,4.0,73.0
2026-02-21,p_3oqT7Z,Luciano Paredes,76.4,5.0,76.4
2026-02-25,p_3oqT7Z,Luciano Paredes,78.66666666666667,6.0,77.8
2026-02-28,p_3oqT7Z,Luciano Paredes,80.28571428571429,7.0,77.8
2026-03-12,p_3oqT7Z,Luciano Paredes,79.875,8.0,75.2
2026-03-18,p_3oqT7Z,Luciano Paredes,81.0,9.0,87.4
2026-03-21,p_3oqT7Z,Luciano Paredes,78.8,10.0,81.2
2026-04-26,p_3oqT7Z,Luciano Paredes,75.72727272727273,11.0,72.2
2026-05-04,p_3oqT7Z,Luciano Paredes,71.58333333333333,12.0,59.4
2026-07-24,p_3oqT7Z,Luciano Paredes,73.0,13.0,62.0
2026-08-01,p_3oqT7Z,Luciano Paredes,73.64285714285714,14.0,60.4
2026-08-09,p_3oqT7Z,Luciano Paredes,68.86666666666666,15.0,49.0
2026-08-18,p_3oqT7Z,Luciano Paredes,65.25,16.0,42.2
2026-08-22,p_3oqT7Z,Luciano Paredes,62.470588235294116,17.0,40.6
2026-08-30,p_3oqT7Z,Luciano Paredes,64.0,18.0,40.6
2026-09-05,p_3oqT7Z,Luciano Paredes,65.36842105263158,19.0,42.2
2026-09-11,p_3oqT7Z,Luciano Paredes,66.1,20.0,57.8
2026-01-24,p_3pbQt4,Santiago Solari,,0.0,
2026-01-28,p_3pbQt4,Santiago Solari,33.0,1.0,33.0
2026-02-02,p_3pbQt4,Santiago Solari,56.0,2.0,56.0
2026-02-07,p_3pbQt4,Santiago Solari,67.33333333333333,3.0,67.33333333333333
2026-02-14,p_3pbQt4,Santiago Solari,72.75,4.0,72.75
2026-02-20,p_3pbQt4,Santiago Solari,75.6,5.0,75.6
2026-02-26,p_3pbQt4,Santiago Solari,77.83333333333333,6.0,86.8
2026-03-04,p_3pbQt4,Santiago Solari,75.85714285714286,7.0,83.8
2026-03-11,p_3pbQt4,Santiago Solari,77.625,8.0,83.8
2026-03-16,p_3pbQt4,Santiago Solari,79.0,9.0,84.0
2026-03-22,p_3pbQt4,Santiago Solari,80.1,10.0,84.6
2026-04-04,p_3pbQt4,Santiago Solari,78.18181818181819,11.0,78.6
2026-04-12,p_3pbQt4,Santiago Solari,79.16666666666667,12.0,83.8
2026-04-25,p_3pbQt4,Santiago Solari,77.61538461538461,13.0,77.6
2026-05-03,p_3pbQt4,Santiago Solari,76.92857142857143,14.0,73.2
2026-05-10,p_3pbQt4,Santiago Solari,75.8,15.0,67.2
2026-05-13,p_3pbQt4,Santiago Solari,71.75,16.0,57.6
2026-07-24,p_3pbQt4,Santiago Solari,69.23529411764706,17.0,45.4
2026-07-29,p_3pbQt4,Santiago Solari,69.11111111111111,18.0,47.0
2026-08-09,p_3pbQt4,Santiago Solari,68.57894736842105,19.0,45.2
2026-09-06,p_3pbQt4,Santiago Solari,66.7,20.0,39.4
2026-09-11,p_3pbQt4,Santiago Solari,67.80952380952381,21.0,55.2
2026-01-24,p_3pwCr8,Valentino Acuña,,0.0,
2026-01-28,p_3pwCr8,Valentino Acuña,90.0,1.0,90.0
2026-02-01,p_3pwCr8,Valentino Acuña,67.5,2.0,67.5
2026-02-25,p_3pwCr8,Valentino Acuña,48.666666666666664,3.0,48.666666666666664
2026-03-01,p_3pwCr8,Valentino Acuña,59.0,4.0,59.0
2026-08-02,p_3pwCr8,Valentino Acuña,58.8,5.0,58.8
2026-01-24,p_3q7gBJ,Clever Ferreira,,0.0,
2026-02-25,p_3q7gBJ,Clever Ferreira,21.0,1.0,21.0
2026-03-12,p_3q7gBJ,Clever Ferreira,11.5,2.0,11.5
2026-03-16,p_3q7gBJ,Clever Ferreira,37.666666666666664,3.0,37.666666666666664
2026-03-21,p_3q7gBJ,Clever Ferreira,50.75,4.0,50.75
2026-04-05,p_3q7gBJ,Clever Ferreira,58.6,5.0,58.6
2026-04-12,p_3q7gBJ,Clever Ferreira,63.833333333333336,6.0,72.4
2026-04-19,p_3q7gBJ,Clever Ferreira,67.57142857142857,7.0,90.0
2026-04-26,p_3q7gBJ,Clever Ferreira,70.375,8.0,90.0
2026-05-03,p_3q7gBJ,Clever Ferreira,72.55555555555556,9.0,90.0
2026-07-26,p_3q7gBJ,Clever Ferreira,74.3,10.0,90.0
2026-07-31,p_3q7gBJ,Clever Ferreira,75.72727272727273,11.0,90.0
2026-08-04,p_3q7gBJ,Clever Ferreira,76.91666666666667,12.0,90.0
2026-08-08,p_3q7gBJ,Clever Ferreira,77.92307692307692,13.0,90.0
2026-08-17,p_3q7gBJ,Clever Ferreira,78.78571428571429,14.0,90.0
2026-08-22,p_3q7gBJ,Clever Ferreira,79.53333333333333,15.0,90.0
2026-08-30,p_3q7gBJ,Clever Ferreira,80.1875,16.0,90.0
2026-09-07,p_3q7gBJ,Clever Ferreira,80.76470588235294,17.0,90.0
2026-09-12,p_3q7gBJ,Clever Ferreira,81.27777777777777,18.0,90.0
2026-08-14,p_3qc7bM,Lautaro Cano,,0.0,
2026-08-23,p_3qc7bM,Lautaro Cano,67.0,1.0,67.0
2026-09-05,p_3qc7bM,Lautaro Cano,63.0,2.0,63.0
2026-01-22,p_3rOLlc,Agustín Colazo,,0.0,
2026-01-29,p_3rOLlc,Agustín Colazo,57.0,1.0,57.0
2026-02-03,p_3rOLlc,Agustín Colazo,58.0,2.0,58.0
2026-02-07,p_3rOLlc,Agustín Colazo,45.0,3.0,45.0
2026-04-27,p_3rOLlc,Agustín Colazo,34.5,4.0,34.5
2026-05-02,p_3rOLlc,Agustín Colazo,33.6,5.0,33.6
2026-05-10,p_3rOLlc,Agustín Colazo,30.166666666666668,6.0,24.8
2026-08-02,p_3rOLlc,Agustín Colazo,26.142857142857142,7.0,13.4
2026-08-09,p_3rOLlc,Agustín Colazo,31.375,8.0,23.2
2026-08-22,p_3rOLlc,Agustín Colazo,36.666666666666664,9.0,38.4
2026-08-29,p_3rOLlc,Agustín Colazo,40.7,10.0,47.8
2026-09-05,p_3rOLlc,Agustín Colazo,38.81818181818182,11.0,49.2
2026-09-13,p_3rOLlc,Agustín Colazo,37.416666666666664,12.0,53.2
2026-01-23,p_3rPqVS,Jhohan Romaña,,0.0,
2026-01-27,p_3rPqVS,Jhohan Romaña,90.0,1.0,90.0
2026-01-31,p_3rPqVS,Jhohan Romaña,90.0,2.0,90.0
2026-02-22,p_3rPqVS,Jhohan Romaña,75.0,3.0,75.0
2026-02-24,p_3rPqVS,Jhohan Romaña,78.75,4.0,78.75
2026-03-01,p_3rPqVS,Jhohan Romaña,81.0,5.0,81.0
2026-03-11,p_3rPqVS,Jhohan Romaña,82.5,6.0,81.0
2026-03-16,p_3rPqVS,Jhohan Romaña,83.57142857142857,7.0,81.0
2026-03-25,p_3rPqVS,Jhohan Romaña,84.375,8.0,90.0
2026-04-03,p_3rPqVS,Jhohan Romaña,85.0,9.0,90.0
2026-04-12,p_3rPqVS,Jhohan Romaña,85.5,10.0,90.0
2026-04-20,p_3rPqVS,Jhohan Romaña,85.9090909090909,11.0,90.0
2026-04-25,p_3rPqVS,Jhohan Romaña,86.25,12.0,90.0
2026-05-02,p_3rPqVS,Jhohan Romaña,86.53846153846153,13.0,90.0
2026-05-10,p_3rPqVS,Jhohan Romaña,86.78571428571429,14.0,90.0
2026-07-25,p_3rkznN,Mateo Peresutti,,0.0,
2026-08-28,p_3rkznN,Mateo Peresutti,1.0,1.0,1.0
2026-09-08,p_3rkznN,Mateo Peresutti,6.5,2.0,6.5
2026-02-02,p_3s2VQn,Juan Pérez,,0.0,
2026-03-15,p_3s2VQn,Juan Pérez,20.0,1.0,20.0
2026-04-05,p_3s2VQn,Juan Pérez,21.0,2.0,21.0
2026-05-14,p_3s2VQn,Juan Pérez,14.666666666666666,3.0,14.666666666666666
2026-07-24,p_3s2VQn,Juan Pérez,16.25,4.0,16.25
2026-01-22,p_3sHKHi,Julián López,,0.0,
2026-01-29,p_3sHKHi,Julián López,90.0,1.0,90.0
2026-02-08,p_3sHKHi,Julián López,55.5,2.0,55.5
2026-02-14,p_3sHKHi,Julián López,37.333333333333336,3.0,37.333333333333336
2026-02-24,p_3sHKHi,Julián López,39.25,4.0,39.25
2026-03-16,p_3sHKHi,Julián López,36.4,5.0,36.4
2026-03-21,p_3sHKHi,Julián López,33.666666666666664,6.0,22.4
2026-02-16,p_3siMA5,Marcelo Esponda,,0.0,
2026-02-21,p_3siMA5,Marcelo Esponda,80.0,1.0,80.0
2026-03-11,p_3siMA5,Marcelo Esponda,69.0,2.0,69.0
2026-03-17,p_3siMA5,Marcelo Esponda,49.333333333333336,3.0,49.333333333333336
2026-04-17,p_3siMA5,Marcelo Esponda,44.75,4.0,44.75
2026-07-25,p_3siMA5,Marcelo Esponda,36.0,5.0,36.0
2026-09-14,p_3stXRR,Ángel Almada,,0.0,
2026-09-14,p_3stXRR,Ángel Almada,26.0,1.0,26.0
2026-03-22,p_3t35OD,Camilo Rey Domenech,,0.0,
2026-04-11,p_3t35OD,Camilo Rey Domenech,1.0,1.0,1.0
2026-07-26,p_3t35OD,Camilo Rey Domenech,37.5,2.0,37.5
2026-08-05,p_3t35OD,Camilo Rey Domenech,30.0,3.0,30.0
2026-08-24,p_3t35OD,Camilo Rey Domenech,23.75,4.0,23.75
2026-08-29,p_3t35OD,Camilo Rey Domenech,34.4,5.0,34.4
2026-09-05,p_3t35OD,Camilo Rey Domenech,38.833333333333336,6.0,46.4
2026-05-03,p_3tmknO,Kevin Gutierrez,,0.0,
2026-02-01,p_3tsAcU,Diego Valoyes,,0.0,
2026-02-14,p_3tsAcU,Diego Valoyes,23.0,1.0,23.0
2026-02-21,p_3tsAcU,Diego Valoyes,18.0,2.0,18.0
2026-03-21,p_3tsAcU,Diego Valoyes,15.0,3.0,15.0
2026-04-02,p_3tsAcU,Diego Valoyes,14.25,4.0,14.25
2026-04-13,p_3tsAcU,Diego Valoyes,16.6,5.0,16.6
2026-04-19,p_3tsAcU,Diego Valoyes,26.5,6.0,27.2
2026-04-25,p_3tsAcU,Diego Valoyes,32.857142857142854,7.0,38.8
2026-05-09,p_3tsAcU,Diego Valoyes,34.375,8.0,46.0
2026-09-12,p_3tsAcU,Diego Valoyes,35.55555555555556,9.0,52.6
2026-01-26,p_3tzQhm,Tomás González,,0.0,
2026-01-30,p_3tzQhm,Tomás González,67.0,1.0,67.0
2026-02-03,p_3tzQhm,Tomás González,78.5,2.0,78.5
2026-02-10,p_3tzQhm,Tomás González,73.33333333333333,3.0,73.33333333333333
2026-02-15,p_3tzQhm,Tomás González,66.25,4.0,66.25
2026-02-22,p_3tzQhm,Tomás González,58.8,5.0,58.8
2026-02-26,p_3tzQhm,Tomás González,64.0,6.0,63.4
2026-03-03,p_3tzQhm,Tomás González,67.71428571428571,7.0,63.4
2026-03-12,p_3tzQhm,Tomás González,70.5,8.0,68.8
2026-03-16,p_3tzQhm,Tomás González,72.66666666666667,9.0,77.8
2026-03-22,p_3tzQhm,Tomás González,73.1,10.0,87.4
2026-04-04,p_3tzQhm,Tomás González,74.63636363636364,11.0,87.4
2026-04-18,p_3tzQhm,Tomás González,75.91666666666667,12.0,87.4
2026-04-24,p_3tzQhm,Tomás González,77.0,13.0,87.4
2026-05-05,p_3tzQhm,Tomás González,77.92857142857143,14.0,87.4
2026-07-25,p_3tzQhm,Tomás González,75.73333333333333,15.0,81.0
2026-07-29,p_3tzQhm,Tomás González,76.5625,16.0,80.8
2026-08-01,p_3tzQhm,Tomás González,77.3529411764706,17.0,80.8
2026-08-08,p_3tzQhm,Tomás González,78.05555555555556,18.0,80.8
2026-08-17,p_3tzQhm,Tomás González,78.6842105263158,19.0,80.8
2026-08-21,p_3tzQhm,Tomás González,77.6,20.0,83.2
2026-09-04,p_3tzQhm,Tomás González,76.66666666666667,21.0,77.0
2026-09-15,p_3tzQhm,Tomás González,74.45454545454545,22.0,64.6
2026-09-15,p_3tzQhm,Tomás González,74.56521739130434,23.0,62.0
2026-02-10,p_3u3qOO,Francisco Romero,,0.0,
2026-02-15,p_3u3qOO,Francisco Romero,75.0,1.0,75.0
2026-02-22,p_3u3qOO,Francisco Romero,82.5,2.0,82.5
2026-02-26,p_3u3qOO,Francisco Romero,85.0,3.0,85.0
2026-03-03,p_3u3qOO,Francisco Romero,86.25,4.0,86.25
2026-03-12,p_3u3qOO,Francisco Romero,84.4,5.0,84.4
2026-03-16,p_3u3qOO,Francisco Romero,82.5,6.0,84.0
2026-03-22,p_3u3qOO,Francisco Romero,83.57142857142857,7.0,84.0
2026-04-18,p_3u3qOO,Francisco Romero,84.375,8.0,84.0
2026-05-05,p_3u3qOO,Francisco Romero,77.88888888888889,9.0,71.2
2026-07-25,p_3u3qOO,Francisco Romero,72.1,10.0,59.8
2026-07-29,p_3u3qOO,Francisco Romero,73.72727272727273,11.0,63.2
2026-08-01,p_3u3qOO,Francisco Romero,75.08333333333333,12.0,63.2
2026-08-08,p_3u3qOO,Francisco Romero,76.23076923076923,13.0,63.2
2026-08-17,p_3u3qOO,Francisco Romero,76.78571428571429,14.0,74.8
2026-01-25,p_3u6zLG,Leonardo Morales,,0.0,
2026-01-29,p_3u6zLG,Leonardo Morales,45.0,1.0,45.0
2026-02-03,p_3u6zLG,Leonardo Morales,56.0,2.0,56.0
2026-02-08,p_3u6zLG,Leonardo Morales,67.33333333333333,3.0,67.33333333333333
2026-02-15,p_3u6zLG,Leonardo Morales,73.0,4.0,73.0
2026-02-20,p_3u6zLG,Leonardo Morales,76.4,5.0,76.4
2026-02-25,p_3u6zLG,Leonardo Morales,76.33333333333333,6.0,82.6
2026-03-03,p_3u6zLG,Leonardo Morales,78.28571428571429,7.0,87.2
2026-03-12,p_3u6zLG,Leonardo Morales,79.75,8.0,87.2
2026-03-15,p_3u6zLG,Leonardo Morales,80.88888888888889,9.0,87.2
2026-03-22,p_3u6zLG,Leonardo Morales,81.8,10.0,87.2
2026-04-05,p_3u6zLG,Leonardo Morales,81.18181818181819,11.0,87.0
2026-04-11,p_3u6zLG,Leonardo Morales,81.91666666666667,12.0,87.0
2026-04-20,p_3u6zLG,Leonardo Morales,82.53846153846153,13.0,87.0
2026-05-09,p_3u6zLG,Leonardo Morales,82.28571428571429,14.0,84.8
2026-05-12,p_3u6zLG,Leonardo Morales,82.8,15.0,84.8
2026-05-17,p_3u6zLG,Leonardo Morales,81.375,16.0,81.8
2026-05-24,p_3u6zLG,Leonardo Morales,83.6470588235294,17.0,87.8
2026-07-23,p_3u6zLG,Leonardo Morales,84.0,18.0,87.8
2026-08-01,p_3u6zLG,Leonardo Morales,84.3157894736842,19.0,90.0
2026-08-06,p_3u6zLG,Leonardo Morales,84.6,20.0,90.0
2026-08-10,p_3u6zLG,Leonardo Morales,84.85714285714286,21.0,96.0
2026-08-15,p_3u6zLG,Leonardo Morales,85.0909090909091,22.0,90.0
2026-08-23,p_3u6zLG,Leonardo Morales,82.82608695652173,23.0,78.6
2026-08-30,p_3u6zLG,Leonardo Morales,83.125,24.0,78.6
2026-09-04,p_3u6zLG,Leonardo Morales,83.4,25.0,78.6
2026-09-13,p_3u6zLG,Leonardo Morales,83.65384615384616,26.0,78.6
2026-02-23,p_3uAxFO,Augusto Solari,,0.0,
2026-02-26,p_3uAxFO,Augusto Solari,5.0,1.0,5.0
2026-03-01,p_3uAxFO,Augusto Solari,12.5,2.0,12.5
2026-03-10,p_3uAxFO,Augusto Solari,16.333333333333332,3.0,16.333333333333332
2026-03-21,p_3uAxFO,Augusto Solari,17.0,4.0,17.0
2026-04-03,p_3uAxFO,Augusto Solari,27.4,5.0,27.4
2026-04-11,p_3uAxFO,Augusto Solari,24.166666666666668,6.0,28.0
2026-04-27,p_3uAxFO,Augusto Solari,22.571428571428573,7.0,26.6
2026-05-10,p_3uAxFO,Augusto Solari,21.25,8.0,24.2
2026-05-12,p_3uAxFO,Augusto Solari,20.555555555555557,9.0,23.4
2026-01-25,p_3v2tAE,Lucas Zelarayán,,0.0,
2026-01-29,p_3v2tAE,Lucas Zelarayán,90.0,1.0,90.0
2026-02-08,p_3v2tAE,Lucas Zelarayán,90.0,2.0,90.0
2026-02-15,p_3v2tAE,Lucas Zelarayán,84.33333333333333,3.0,84.33333333333333
2026-02-20,p_3v2tAE,Lucas Zelarayán,85.5,4.0,85.5
2026-02-25,p_3v2tAE,Lucas Zelarayán,82.4,5.0,82.4
2026-03-03,p_3v2tAE,Lucas Zelarayán,82.33333333333333,6.0,80.8
2026-03-15,p_3v2tAE,Lucas Zelarayán,82.0,7.0,78.8
2026-03-22,p_3v2tAE,Lucas Zelarayán,83.0,8.0,82.2
2026-04-05,p_3v2tAE,Lucas Zelarayán,83.77777777777777,9.0,82.4
2026-04-11,p_3v2tAE,Lucas Zelarayán,84.4,10.0,86.4
2026-04-20,p_3v2tAE,Lucas Zelarayán,84.9090909090909,11.0,88.0
2026-04-26,p_3v2tAE,Lucas Zelarayán,85.33333333333333,12.0,90.0
2026-05-03,p_3v2tAE,Lucas Zelarayán,85.6923076923077,13.0,90.0
2026-05-09,p_3v2tAE,Lucas Zelarayán,81.35714285714286,14.0,77.0
2026-05-12,p_3v2tAE,Lucas Zelarayán,81.93333333333334,15.0,77.0
2026-05-17,p_3v2tAE,Lucas Zelarayán,81.5625,16.0,74.2
2026-05-24,p_3v2tAE,Lucas Zelarayán,83.82352941176471,17.0,80.2
2026-07-23,p_3v2tAE,Lucas Zelarayán,84.16666666666667,18.0,80.2
2026-08-01,p_3v2tAE,Lucas Zelarayán,84.0,19.0,91.4
2026-08-06,p_3v2tAE,Lucas Zelarayán,84.3,20.0,91.4
2026-08-10,p_3v2tAE,Lucas Zelarayán,84.57142857142857,21.0,94.2
2026-09-04,p_3v2tAE,Lucas Zelarayán,84.0909090909091,22.0,85.0
2026-09-13,p_3v2tAE,Lucas Zelarayán,84.34782608695652,23.0,85.0
2026-08-02,p_3vTKqg,Blas Benedetto,,0.0,
2026-08-23,p_3vTKqg,Blas Benedetto,1.0,1.0,1.0
2026-01-25,p_3vrKDa,Lautaro Di Lollo,,0.0,
2026-01-29,p_3vrKDa,Lautaro Di Lollo,90.0,1.0,90.0
2026-02-01,p_3vrKDa,Lautaro Di Lollo,90.0,2.0,90.0
2026-02-09,p_3vrKDa,Lautaro Di Lollo,90.0,3.0,90.0
2026-02-15,p_3vrKDa,Lautaro Di Lollo,90.0,4.0,90.0
2026-02-20,p_3vrKDa,Lautaro Di Lollo,90.0,5.0,90.0
2026-02-28,p_3vrKDa,Lautaro Di Lollo,90.0,6.0,90.0
2026-03-05,p_3vrKDa,Lautaro Di Lollo,90.0,7.0,90.0
2026-03-11,p_3vrKDa,Lautaro Di Lollo,90.0,8.0,90.0
2026-03-16,p_3vrKDa,Lautaro Di Lollo,90.0,9.0,90.0
2026-03-22,p_3vrKDa,Lautaro Di Lollo,90.0,10.0,90.0
2026-04-19,p_3vrKDa,Lautaro Di Lollo,90.0,11.0,90.0
2026-05-09,p_3vrKDa,Lautaro Di Lollo,90.0,12.0,90.0
2026-07-26,p_3vrKDa,Lautaro Di Lollo,92.3076923076923,13.0,96.0
2026-08-02,p_3vrKDa,Lautaro Di Lollo,92.14285714285714,14.0,96.0
2026-08-05,p_3vrKDa,Lautaro Di Lollo,92.0,15.0,96.0
2026-08-08,p_3vrKDa,Lautaro Di Lollo,91.875,16.0,96.0
2026-08-16,p_3vrKDa,Lautaro Di Lollo,91.76470588235294,17.0,96.0
2026-08-29,p_3vrKDa,Lautaro Di Lollo,91.66666666666667,18.0,90.0
2026-09-05,p_3vrKDa,Lautaro Di Lollo,91.57894736842105,19.0,90.0
2026-02-26,p_3w1HcK,Óscar Romero,,0.0,
2026-03-03,p_3w1HcK,Óscar Romero,31.0,1.0,31.0
2026-03-13,p_3w1HcK,Óscar Romero,53.5,2.0,53.5
2026-03-16,p_3w1HcK,Óscar Romero,65.33333333333333,3.0,65.33333333333333
2026-03-24,p_3w1HcK,Óscar Romero,69.5,4.0,69.5
2026-04-05,p_3w1HcK,Óscar Romero,66.8,5.0,66.8
2026-04-12,p_3w1HcK,Óscar Romero,65.66666666666667,6.0,72.6
2026-04-21,p_3w1HcK,Óscar Romero,64.71428571428571,7.0,69.2
2026-04-28,p_3w1HcK,Óscar Romero,58.625,8.0,54.6
2026-05-03,p_3w1HcK,Óscar Romero,52.77777777777778,9.0,39.4
2026-05-09,p_3w1HcK,Óscar Romero,53.9,10.0,41.0
2026-05-13,p_3w1HcK,Óscar Romero,51.0,11.0,33.4
2026-07-25,p_3w1HcK,Óscar Romero,49.833333333333336,12.0,29.0
2026-07-30,p_3w1HcK,Óscar Romero,46.07692307692308,13.0,26.0
2026-08-04,p_3w1HcK,Óscar Romero,43.07142857142857,14.0,25.6
2026-08-09,p_3w1HcK,Óscar Romero,43.2,15.0,21.8
2026-08-16,p_3w1HcK,Óscar Romero,40.5625,16.0,17.6
2026-03-12,p_3weO8u,Franco Cristaldo,,0.0,
2026-03-15,p_3weO8u,Franco Cristaldo,65.0,1.0,65.0
2026-03-21,p_3weO8u,Franco Cristaldo,71.5,2.0,71.5
2026-04-02,p_3weO8u,Franco Cristaldo,77.66666666666667,3.0,77.66666666666667
2026-04-13,p_3weO8u,Franco Cristaldo,74.25,4.0,74.25
2026-04-19,p_3weO8u,Franco Cristaldo,77.0,5.0,77.0
2026-04-25,p_3weO8u,Franco Cristaldo,77.33333333333333,6.0,79.8
2026-05-02,p_3weO8u,Franco Cristaldo,75.71428571428571,7.0,77.4
2026-05-09,p_3weO8u,Franco Cristaldo,71.875,8.0,68.4
2026-07-25,p_3weO8u,Franco Cristaldo,71.66666666666667,9.0,69.6
2026-07-30,p_3weO8u,Franco Cristaldo,73.5,10.0,70.0
2026-08-12,p_3weO8u,Franco Cristaldo,75.0,11.0,72.2
2026-08-18,p_3weO8u,Franco Cristaldo,76.25,12.0,77.0
2026-08-25,p_3weO8u,Franco Cristaldo,75.84615384615384,13.0,82.2
2026-08-30,p_3weO8u,Franco Cristaldo,75.85714285714286,14.0,83.4
2026-09-05,p_3weO8u,Franco Cristaldo,72.8,15.0,71.4
2026-09-12,p_3weO8u,Franco Cristaldo,73.875,16.0,71.4
2026-01-22,p_3woyik,Cristian Alberto Tarragona,,0.0,
2026-01-29,p_3woyik,Cristian Alberto Tarragona,90.0,1.0,90.0
2026-02-03,p_3woyik,Cristian Alberto Tarragona,90.0,2.0,90.0
2026-02-07,p_3woyik,Cristian Alberto Tarragona,83.66666666666667,3.0,83.66666666666667
2026-02-14,p_3woyik,Cristian Alberto Tarragona,84.5,4.0,84.5
2026-02-23,p_3woyik,Cristian Alberto Tarragona,83.0,5.0,83.0
2026-02-26,p_3woyik,Cristian Alberto Tarragona,83.33333333333333,6.0,82.0
2026-03-01,p_3woyik,Cristian Alberto Tarragona,82.57142857142857,7.0,79.6
2026-03-10,p_3woyik,Cristian Alberto Tarragona,83.5,8.0,83.4
2026-03-16,p_3woyik,Cristian Alberto Tarragona,83.77777777777777,9.0,83.2
2026-03-21,p_3woyik,Cristian Alberto Tarragona,84.4,10.0,85.8
2026-04-03,p_3woyik,Cristian Alberto Tarragona,84.9090909090909,11.0,86.8
2026-04-11,p_3woyik,Cristian Alberto Tarragona,85.33333333333333,12.0,89.2
2026-04-17,p_3woyik,Cristian Alberto Tarragona,85.6923076923077,13.0,89.2
2026-04-27,p_3woyik,Cristian Alberto Tarragona,86.0,14.0,90.0
2026-05-02,p_3woyik,Cristian Alberto Tarragona,86.26666666666667,15.0,90.0
2026-05-10,p_3woyik,Cristian Alberto Tarragona,86.5,16.0,90.0
2026-05-12,p_3woyik,Cristian Alberto Tarragona,86.70588235294117,17.0,90.0
2026-07-25,p_3woyik,Cristian Alberto Tarragona,86.88888888888889,18.0,90.0
2026-08-01,p_3woyik,Cristian Alberto Tarragona,87.05263157894737,19.0,90.0
2026-08-06,p_3woyik,Cristian Alberto Tarragona,87.2,20.0,90.0
2026-08-11,p_3woyik,Cristian Alberto Tarragona,87.33333333333333,21.0,90.0
2026-08-15,p_3woyik,Cristian Alberto Tarragona,87.45454545454545,22.0,90.0
2026-08-21,p_3woyik,Cristian Alberto Tarragona,87.04347826086956,23.0,87.6
2026-08-28,p_3woyik,Cristian Alberto Tarragona,87.0,24.0,86.8
2026-09-08,p_3woyik,Cristian Alberto Tarragona,87.12,25.0,86.8
2026-02-21,p_3wsWiY,Víctor Cuesta,,0.0,
2026-02-24,p_3wsWiY,Víctor Cuesta,90.0,1.0,90.0
2026-03-02,p_3wsWiY,Víctor Cuesta,90.0,2.0,90.0
2026-03-11,p_3wsWiY,Víctor Cuesta,90.0,3.0,90.0
2026-03-14,p_3wsWiY,Víctor Cuesta,90.0,4.0,90.0
2026-03-23,p_3wsWiY,Víctor Cuesta,90.0,5.0,90.0
2026-04-01,p_3wsWiY,Víctor Cuesta,90.0,6.0,90.0
2026-04-25,p_3wsWiY,Víctor Cuesta,90.0,7.0,90.0
2026-05-03,p_3wsWiY,Víctor Cuesta,90.0,8.0,90.0
2026-07-30,p_3wsWiY,Víctor Cuesta,90.0,9.0,90.0
2026-08-09,p_3wsWiY,Víctor Cuesta,90.0,10.0,90.0
2026-08-23,p_3wsWiY,Víctor Cuesta,90.0,11.0,90.0
2026-08-31,p_3wsWiY,Víctor Cuesta,90.0,12.0,90.0
2026-09-12,p_3wsWiY,Víctor Cuesta,90.0,13.0,90.0
2026-01-27,p_3wzAwa,Juan Álvarez,,0.0,
2026-08-04,p_3wzAwa,Juan Álvarez,28.0,1.0,28.0
2026-08-15,p_3wzAwa,Juan Álvarez,36.5,2.0,36.5
2026-08-21,p_3wzAwa,Juan Álvarez,42.666666666666664,3.0,42.666666666666664
2026-09-01,p_3wzAwa,Juan Álvarez,46.5,4.0,46.5
2026-01-23,p_3x6Yqh,Leonel Mosevich,,0.0,
2026-01-26,p_3x6Yqh,Leonel Mosevich,90.0,1.0,90.0
2026-02-04,p_3x6Yqh,Leonel Mosevich,90.0,2.0,90.0
2026-02-09,p_3x6Yqh,Leonel Mosevich,90.0,3.0,90.0
2026-02-16,p_3x6Yqh,Leonel Mosevich,90.0,4.0,90.0
2026-02-20,p_3x6Yqh,Leonel Mosevich,90.0,5.0,90.0
2026-02-24,p_3x6Yqh,Leonel Mosevich,90.0,6.0,90.0
2026-03-01,p_3x6Yqh,Leonel Mosevich,90.0,7.0,90.0
2026-03-12,p_3x6Yqh,Leonel Mosevich,90.0,8.0,90.0
2026-03-17,p_3x6Yqh,Leonel Mosevich,90.0,9.0,90.0
2026-03-22,p_3x6Yqh,Leonel Mosevich,90.0,10.0,90.0
2026-04-07,p_3x6Yqh,Leonel Mosevich,90.0,11.0,90.0
2026-04-11,p_3x6Yqh,Leonel Mosevich,90.0,12.0,90.0
2026-04-18,p_3x6Yqh,Leonel Mosevich,90.0,13.0,90.0
2026-04-26,p_3x6Yqh,Leonel Mosevich,90.0,14.0,90.0
2026-05-05,p_3x6Yqh,Leonel Mosevich,90.0,15.0,90.0
2026-07-24,p_3x6Yqh,Leonel Mosevich,90.0,16.0,90.0
2026-07-30,p_3x6Yqh,Leonel Mosevich,90.0,17.0,90.0
2026-08-03,p_3x6Yqh,Leonel Mosevich,90.0,18.0,90.0
2026-08-09,p_3x6Yqh,Leonel Mosevich,90.0,19.0,90.0
2026-08-16,p_3x6Yqh,Leonel Mosevich,90.0,20.0,90.0
2026-08-22,p_3x6Yqh,Leonel Mosevich,90.0,21.0,90.0
2026-09-01,p_3x6Yqh,Leonel Mosevich,90.0,22.0,90.0
2026-09-08,p_3x6Yqh,Leonel Mosevich,90.0,23.0,90.0
2026-09-15,p_3x6Yqh,Leonel Mosevich,90.0,24.0,90.0
2026-09-15,p_3x6Yqh,Leonel Mosevich,90.0,25.0,90.0
2026-03-16,p_3x6byU,Alan Coria,,0.0,
2026-04-13,p_3x6byU,Alan Coria,1.0,1.0,1.0
2026-04-18,p_3x6byU,Alan Coria,5.5,2.0,5.5
2026-04-23,p_3x6byU,Alan Coria,27.333333333333332,3.0,27.333333333333332
2026-08-01,p_3x7FNy,Ibrahim Hesar,,0.0,
2026-08-08,p_3x7FNy,Ibrahim Hesar,33.0,1.0,33.0
2026-08-17,p_3x7FNy,Ibrahim Hesar,27.5,2.0,27.5
2026-08-21,p_3x7FNy,Ibrahim Hesar,48.333333333333336,3.0,48.333333333333336
2026-08-29,p_3x7FNy,Ibrahim Hesar,58.75,4.0,58.75
2026-09-04,p_3x7FNy,Ibrahim Hesar,65.0,5.0,65.0
2026-09-15,p_3x7FNy,Ibrahim Hesar,69.16666666666667,6.0,76.4
2026-09-15,p_3x7FNy,Ibrahim Hesar,70.28571428571429,7.0,87.4
2026-01-23,p_3xub3o,Agustín Cardozo,,0.0,
2026-01-29,p_3xub3o,Agustín Cardozo,90.0,1.0,90.0
2026-02-04,p_3xub3o,Agustín Cardozo,90.0,2.0,90.0
2026-02-09,p_3xub3o,Agustín Cardozo,90.0,3.0,90.0
2026-02-13,p_3xub3o,Agustín Cardozo,89.75,4.0,89.75
2026-03-05,p_3xub3o,Agustín Cardozo,89.8,5.0,89.8
2026-03-13,p_3xub3o,Agustín Cardozo,89.83333333333333,6.0,89.8
2026-03-17,p_3xub3o,Agustín Cardozo,89.85714285714286,7.0,89.8
2026-03-21,p_3xub3o,Agustín Cardozo,89.875,8.0,89.8
2026-03-27,p_3xub3o,Agustín Cardozo,89.88888888888889,9.0,90.0
2026-04-01,p_3xub3o,Agustín Cardozo,89.9,10.0,90.0
2026-04-13,p_3xub3o,Agustín Cardozo,89.9090909090909,11.0,90.0
2026-05-02,p_3xub3o,Agustín Cardozo,89.58333333333333,12.0,89.2
2026-05-10,p_3xub3o,Agustín Cardozo,89.07692307692308,13.0,87.8
2026-07-26,p_3xub3o,Agustín Cardozo,89.14285714285714,14.0,87.8
2026-08-03,p_3xub3o,Agustín Cardozo,89.2,15.0,87.8
2026-08-06,p_3xub3o,Agustín Cardozo,89.25,16.0,87.8
2026-08-12,p_3xub3o,Agustín Cardozo,89.29411764705883,17.0,88.6
2026-08-17,p_3xub3o,Agustín Cardozo,89.27777777777777,18.0,89.8
2026-08-29,p_3xub3o,Agustín Cardozo,89.3157894736842,19.0,89.8
2026-09-06,p_3xub3o,Agustín Cardozo,89.35,20.0,89.8
2026-09-14,p_3xub3o,Agustín Cardozo,89.38095238095238,21.0,89.8
2026-09-14,p_3xub3o,Agustín Cardozo,89.4090909090909,22.0,89.8
2026-03-18,p_3yIku6,Ismael Cortéz,,0.0,
2026-03-21,p_3yIku6,Ismael Cortéz,31.0,1.0,31.0
2026-04-03,p_3yIku6,Ismael Cortéz,38.0,2.0,38.0
2026-04-12,p_3yIku6,Ismael Cortéz,27.333333333333332,3.0,27.333333333333332
2026-04-21,p_3yIku6,Ismael Cortéz,31.75,4.0,31.75
2026-04-26,p_3yIku6,Ismael Cortéz,40.4,5.0,40.4
2026-09-05,p_3yIku6,Ismael Cortéz,44.333333333333336,6.0,47.0
2026-01-22,p_3yJs62,Mauro Pittón,,0.0,
2026-01-29,p_3yJs62,Mauro Pittón,90.0,1.0,90.0
2026-02-03,p_3yJs62,Mauro Pittón,90.0,2.0,90.0
2026-02-07,p_3yJs62,Mauro Pittón,90.0,3.0,90.0
2026-02-14,p_3yJs62,Mauro Pittón,90.0,4.0,90.0
2026-02-23,p_3yJs62,Mauro Pittón,90.0,5.0,90.0
2026-02-26,p_3yJs62,Mauro Pittón,90.0,6.0,90.0
2026-03-01,p_3yJs62,Mauro Pittón,90.0,7.0,90.0
2026-03-10,p_3yJs62,Mauro Pittón,90.0,8.0,90.0
2026-03-16,p_3yJs62,Mauro Pittón,90.0,9.0,90.0
2026-03-21,p_3yJs62,Mauro Pittón,90.0,10.0,90.0
2026-04-03,p_3yJs62,Mauro Pittón,88.54545454545455,11.0,86.8
2026-04-11,p_3yJs62,Mauro Pittón,88.66666666666667,12.0,86.8
2026-04-17,p_3yJs62,Mauro Pittón,88.76923076923077,13.0,86.8
2026-04-27,p_3yJs62,Mauro Pittón,88.21428571428571,14.0,85.0
2026-05-02,p_3yJs62,Mauro Pittón,88.33333333333333,15.0,85.0
2026-05-10,p_3yJs62,Mauro Pittón,87.625,16.0,85.6
2026-05-12,p_3yJs62,Mauro Pittón,87.76470588235294,17.0,85.6
2026-07-29,p_3yWzng,Valentín Loza,,0.0,
2026-08-09,p_3yWzng,Valentín Loza,1.0,1.0,1.0
2026-08-17,p_3yWzng,Valentín Loza,12.0,2.0,12.0
2026-08-23,p_3yWzng,Valentín Loza,19.333333333333332,3.0,19.333333333333332
2026-08-31,p_3yWzng,Valentín Loza,37.0,4.0,37.0
2026-09-06,p_3yWzng,Valentín Loza,47.6,5.0,47.6
2026-09-11,p_3yWzng,Valentín Loza,54.666666666666664,6.0,65.4
2026-01-26,p_3yYguf,Martín Barrios,,0.0,
2026-02-01,p_3yYguf,Martín Barrios,22.0,1.0,22.0
2026-02-15,p_3yYguf,Martín Barrios,27.5,2.0,27.5
2026-02-21,p_3yYguf,Martín Barrios,28.0,3.0,28.0
2026-02-24,p_3yYguf,Martín Barrios,32.25,4.0,32.25
2026-03-23,p_3yYguf,Martín Barrios,38.8,5.0,38.8
2026-04-01,p_3yYguf,Martín Barrios,35.333333333333336,6.0,38.0
2026-07-25,p_3yYguf,Martín Barrios,42.142857142857146,7.0,48.0
2026-07-30,p_3yYguf,Martín Barrios,46.875,8.0,58.2
2026-08-09,p_3yYguf,Martín Barrios,51.666666666666664,9.0,67.2
2026-08-16,p_3yYguf,Martín Barrios,55.5,10.0,72.2
2026-08-23,p_3yYguf,Martín Barrios,58.63636363636363,11.0,86.6
2026-08-31,p_3yYguf,Martín Barrios,55.0,12.0,73.0
2026-09-04,p_3yYguf,Martín Barrios,57.69230769230769,13.0,75.0
2026-01-22,p_3ybBVT,Marcelo Estigarribia,,0.0,
2026-01-29,p_3ybBVT,Marcelo Estigarribia,33.0,1.0,33.0
2026-02-03,p_3ybBVT,Marcelo Estigarribia,21.0,2.0,21.0
2026-02-07,p_3ybBVT,Marcelo Estigarribia,40.333333333333336,3.0,40.333333333333336
2026-02-14,p_3ybBVT,Marcelo Estigarribia,52.75,4.0,52.75
2026-02-23,p_3ybBVT,Marcelo Estigarribia,60.2,5.0,60.2
2026-02-26,p_3ybBVT,Marcelo Estigarribia,60.833333333333336,6.0,66.4
2026-03-01,p_3ybBVT,Marcelo Estigarribia,61.142857142857146,7.0,77.2
2026-03-10,p_3ybBVT,Marcelo Estigarribia,64.75,8.0,79.4
2026-03-16,p_3ybBVT,Marcelo Estigarribia,67.55555555555556,9.0,79.4
2026-03-21,p_3ybBVT,Marcelo Estigarribia,67.9,10.0,75.6
2026-04-03,p_3ybBVT,Marcelo Estigarribia,69.9090909090909,11.0,80.8
2026-04-11,p_3ybBVT,Marcelo Estigarribia,71.58333333333333,12.0,86.2
2026-04-17,p_3ybBVT,Marcelo Estigarribia,73.0,13.0,86.2
2026-05-02,p_3ybBVT,Marcelo Estigarribia,74.21428571428571,14.0,86.2
2026-05-10,p_3ybBVT,Marcelo Estigarribia,75.26666666666667,15.0,90.0
2026-05-12,p_3ybBVT,Marcelo Estigarribia,76.0625,16.0,89.6
2026-08-01,p_3ybBVT,Marcelo Estigarribia,76.58823529411765,17.0,88.6
2026-08-06,p_3ybBVT,Marcelo Estigarribia,74.05555555555556,18.0,76.8
2026-08-11,p_3ybBVT,Marcelo Estigarribia,71.78947368421052,19.0,65.0
2026-08-15,p_3ybBVT,Marcelo Estigarribia,69.65,20.0,52.8
2026-08-21,p_3ybBVT,Marcelo Estigarribia,70.61904761904762,21.0,53.2
2026-08-28,p_3ybBVT,Marcelo Estigarribia,71.04545454545455,22.0,52.2
2026-09-08,p_3ybBVT,Marcelo Estigarribia,71.34782608695652,23.0,61.6
2026-09-12,p_3ybBVT,Marcelo Estigarribia,71.29166666666667,24.0,69.4
2026-01-24,p_3ywdkO,Agustín Basso,,0.0,
2026-01-28,p_3ywdkO,Agustín Basso,90.0,1.0,90.0
2026-02-02,p_3ywdkO,Agustín Basso,90.0,2.0,90.0
2026-03-22,p_3ywdkO,Agustín Basso,80.0,3.0,80.0
2026-04-04,p_3ywdkO,Agustín Basso,61.25,4.0,61.25
2026-04-12,p_3ywdkO,Agustín Basso,66.8,5.0,66.8
2026-04-19,p_3ywdkO,Agustín Basso,70.66666666666667,6.0,66.8
2026-04-11,p_3zPSfN,Ramiro Funes Mori,,0.0,
2026-04-18,p_3zPSfN,Ramiro Funes Mori,73.0,1.0,73.0
2026-05-03,p_3zPSfN,Ramiro Funes Mori,81.5,2.0,81.5
2026-07-26,p_3zPSfN,Ramiro Funes Mori,84.33333333333333,3.0,84.33333333333333
2026-08-01,p_3zPSfN,Ramiro Funes Mori,84.5,4.0,84.5
2026-08-08,p_3zPSfN,Ramiro Funes Mori,71.2,5.0,71.2
2026-07-29,p_3zS0SB,Elías Torres,,0.0,
2026-08-01,p_3zS0SB,Elías Torres,12.0,1.0,12.0
2026-08-09,p_3zS0SB,Elías Torres,13.0,2.0,13.0
2026-08-14,p_3zS0SB,Elías Torres,9.0,3.0,9.0
2026-08-24,p_3zS0SB,Elías Torres,22.75,4.0,22.75
2026-09-07,p_3zS0SB,Elías Torres,29.2,5.0,29.2
2026-09-14,p_3zS0SB,Elías Torres,24.5,6.0,27.0
2026-09-14,p_3zS0SB,Elías Torres,22.142857142857142,7.0,25.8
2026-01-23,p_3zzhTk,Kevin Lomónaco,,0.0,
2026-01-28,p_3zzhTk,Kevin Lomónaco,71.0,1.0,71.0
2026-01-31,p_3zzhTk,Kevin Lomónaco,80.5,2.0,80.5
2026-02-08,p_3zzhTk,Kevin Lomónaco,83.66666666666667,3.0,83.66666666666667
2026-02-13,p_3zzhTk,Kevin Lomónaco,84.75,4.0,84.75
2026-02-21,p_3zzhTk,Kevin Lomónaco,85.8,5.0,85.8
2026-02-25,p_3zzhTk,Kevin Lomónaco,86.5,6.0,89.6
2026-02-28,p_3zzhTk,Kevin Lomónaco,74.28571428571429,7.0,71.8
2026-03-10,p_3zzhTk,Kevin Lomónaco,76.25,8.0,71.8
2026-03-17,p_3zzhTk,Kevin Lomónaco,77.77777777777777,9.0,72.2
2026-03-21,p_3zzhTk,Kevin Lomónaco,79.0,10.0,72.2
2026-04-04,p_3zzhTk,Kevin Lomónaco,80.0,11.0,72.2
2026-04-11,p_3zzhTk,Kevin Lomónaco,80.83333333333333,12.0,90.0
2026-04-18,p_3zzhTk,Kevin Lomónaco,80.3076923076923,13.0,86.8
2026-04-24,p_3zzhTk,Kevin Lomónaco,81.0,14.0,86.8
2026-05-02,p_3zzhTk,Kevin Lomónaco,81.6,15.0,86.8
2026-05-10,p_3zzhTk,Kevin Lomónaco,81.5,16.0,84.8
2026-07-26,p_3zzhTk,Kevin Lomónaco,80.52941176470588,17.0,79.8
2026-07-31,p_3zzhTk,Kevin Lomónaco,76.11111111111111,18.0,65.2
2026-08-09,p_3zzhTk,Kevin Lomónaco,73.47368421052632,19.0,52.4
2026-08-17,p_3zzhTk,Kevin Lomónaco,74.3,20.0,52.4
2026-08-22,p_3zzhTk,Kevin Lomónaco,75.04761904761905,21.0,54.4
2026-08-30,p_3zzhTk,Kevin Lomónaco,75.72727272727273,22.0,59.4
2026-01-23,p_40BXYc,Julián Ceballos,,0.0,
2026-01-27,p_40BXYc,Julián Ceballos,90.0,1.0,90.0
2026-02-03,p_40BXYc,Julián Ceballos,76.0,2.0,76.0
2026-02-09,p_40BXYc,Julián Ceballos,73.66666666666667,3.0,73.66666666666667
2026-02-14,p_40BXYc,Julián Ceballos,71.5,4.0,71.5
2026-02-21,p_40BXYc,Julián Ceballos,60.4,5.0,60.4
2026-04-03,p_40BXYc,Julián Ceballos,57.833333333333336,6.0,51.4
2026-05-04,p_40BXYc,Julián Ceballos,54.57142857142857,7.0,46.0
2026-07-24,p_40BXYc,Julián Ceballos,53.375,8.0,41.2
2026-07-28,p_40BXYc,Julián Ceballos,52.44444444444444,9.0,37.2
2026-08-01,p_40BXYc,Julián Ceballos,54.2,10.0,48.0
2026-08-09,p_40BXYc,Julián Ceballos,57.45454545454545,11.0,57.0
2026-01-26,p_40Zv7r,Renzo Orihuela,,0.0,
2026-01-30,p_40Zv7r,Renzo Orihuela,90.0,1.0,90.0
2026-02-04,p_40Zv7r,Renzo Orihuela,90.0,2.0,90.0
2026-02-14,p_40Zv7r,Renzo Orihuela,90.0,3.0,90.0
2026-02-20,p_40Zv7r,Renzo Orihuela,78.75,4.0,78.75
2026-02-26,p_40Zv7r,Renzo Orihuela,81.0,5.0,81.0
2026-07-23,p_40Zv7r,Renzo Orihuela,82.5,6.0,81.0
2026-07-28,p_40Zv7r,Renzo Orihuela,83.57142857142857,7.0,81.0
2026-08-08,p_40Zv7r,Renzo Orihuela,84.375,8.0,81.0
2026-08-16,p_40Zv7r,Renzo Orihuela,85.0,9.0,90.0
2026-08-23,p_40Zv7r,Renzo Orihuela,85.5,10.0,90.0
2026-08-28,p_40Zv7r,Renzo Orihuela,85.9090909090909,11.0,90.0
2026-09-04,p_40Zv7r,Renzo Orihuela,86.25,12.0,90.0
2026-09-13,p_40Zv7r,Renzo Orihuela,86.53846153846153,13.0,90.0
2026-01-24,p_40ubcR,Enzo Martínez,,0.0,
2026-01-28,p_40ubcR,Enzo Martínez,90.0,1.0,90.0
2026-02-02,p_40ubcR,Enzo Martínez,90.0,2.0,90.0
2026-02-09,p_40ubcR,Enzo Martínez,90.0,3.0,90.0
2026-02-15,p_40ubcR,Enzo Martínez,90.0,4.0,90.0
2026-02-21,p_40ubcR,Enzo Martínez,90.0,5.0,90.0
2026-02-25,p_40ubcR,Enzo Martínez,90.0,6.0,90.0
2026-03-02,p_40ubcR,Enzo Martínez,90.0,7.0,90.0
2026-03-11,p_40ubcR,Enzo Martínez,90.0,8.0,90.0
2026-03-15,p_40ubcR,Enzo Martínez,90.0,9.0,90.0
2026-03-21,p_40ubcR,Enzo Martínez,90.0,10.0,90.0
2026-04-05,p_40ubcR,Enzo Martínez,90.0,11.0,90.0
2026-04-13,p_40ubcR,Enzo Martínez,90.0,12.0,90.0
2026-04-18,p_40ubcR,Enzo Martínez,90.0,13.0,90.0
2026-04-26,p_40ubcR,Enzo Martínez,90.0,14.0,90.0
2026-05-11,p_40ubcR,Enzo Martínez,90.0,15.0,90.0
2026-07-29,p_40ubcR,Enzo Martínez,87.8125,16.0,83.0
2026-08-02,p_40ubcR,Enzo Martínez,87.94117647058823,17.0,83.0
2026-08-09,p_40ubcR,Enzo Martínez,88.05555555555556,18.0,83.0
2026-08-15,p_40ubcR,Enzo Martínez,88.15789473684211,19.0,83.0
2026-08-22,p_40ubcR,Enzo Martínez,88.25,20.0,83.0
2026-08-29,p_40ubcR,Enzo Martínez,88.33333333333333,21.0,90.0
2026-09-05,p_40ubcR,Enzo Martínez,88.4090909090909,22.0,90.0
2026-09-13,p_40ubcR,Enzo Martínez,88.47826086956522,23.0,90.0
2026-07-26,p_40vGfB,Gonzalo Alassia,,0.0,
2026-07-28,p_40vGfB,Gonzalo Alassia,45.0,1.0,45.0
2026-01-31,p_41uo5Q,Milton Valenzuela,,0.0,
2026-02-25,p_41uo5Q,Milton Valenzuela,45.0,1.0,45.0
2026-03-17,p_41uo5Q,Milton Valenzuela,24.0,2.0,24.0
2026-03-21,p_41uo5Q,Milton Valenzuela,39.0,3.0,39.0
2026-04-24,p_41uo5Q,Milton Valenzuela,51.75,4.0,51.75
2026-05-02,p_41uo5Q,Milton Valenzuela,42.0,5.0,42.0
2026-05-10,p_41uo5Q,Milton Valenzuela,50.0,6.0,51.0
2026-01-26,p_422Dh0,Federico Álvarez,,0.0,
2026-01-29,p_422Dh0,Federico Álvarez,90.0,1.0,90.0
2026-02-02,p_422Dh0,Federico Álvarez,90.0,2.0,90.0
2026-02-07,p_422Dh0,Federico Álvarez,90.0,3.0,90.0
2026-02-12,p_422Dh0,Federico Álvarez,90.0,4.0,90.0
2026-02-22,p_422Dh0,Federico Álvarez,90.0,5.0,90.0
2026-02-25,p_422Dh0,Federico Álvarez,90.0,6.0,90.0
2026-03-02,p_422Dh0,Federico Álvarez,88.42857142857143,7.0,87.8
2026-03-10,p_422Dh0,Federico Álvarez,88.625,8.0,87.8
2026-03-16,p_422Dh0,Federico Álvarez,88.77777777777777,9.0,87.8
2026-03-21,p_422Dh0,Federico Álvarez,88.9,10.0,87.8
2026-04-02,p_422Dh0,Federico Álvarez,82.72727272727273,11.0,74.0
2026-04-12,p_422Dh0,Federico Álvarez,83.33333333333333,12.0,76.2
2026-04-21,p_422Dh0,Federico Álvarez,83.84615384615384,13.0,76.2
2026-07-25,p_422Dh0,Federico Álvarez,82.07142857142857,14.0,70.0
2026-08-01,p_422Dh0,Federico Álvarez,82.6,15.0,70.0
2026-08-08,p_422Dh0,Federico Álvarez,77.9375,16.0,67.4
2026-08-15,p_422Dh0,Federico Álvarez,74.47058823529412,17.0,53.2
2026-08-24,p_422Dh0,Federico Álvarez,75.33333333333333,18.0,53.2
2026-02-21,p_42EZ74,Fabricio Oviedo,,0.0,
2026-05-03,p_42EZ74,Fabricio Oviedo,1.0,1.0,1.0
2026-05-13,p_42EZ74,Fabricio Oviedo,34.0,2.0,34.0
2026-04-02,p_42NlkW,Marco Pellegrino,,0.0,
2026-04-11,p_42NlkW,Marco Pellegrino,90.0,1.0,90.0
2026-04-23,p_42NlkW,Marco Pellegrino,90.0,2.0,90.0
2026-05-02,p_42NlkW,Marco Pellegrino,90.0,3.0,90.0
2026-07-26,p_42NlkW,Marco Pellegrino,90.0,4.0,90.0
2026-08-05,p_42NlkW,Marco Pellegrino,90.0,5.0,90.0
2026-08-08,p_42NlkW,Marco Pellegrino,90.0,6.0,90.0
2026-08-16,p_42NlkW,Marco Pellegrino,83.57142857142857,7.0,81.0
2026-09-05,p_42NlkW,Marco Pellegrino,78.75,8.0,72.0
2026-09-12,p_42NlkW,Marco Pellegrino,77.55555555555556,9.0,67.6
2026-07-24,p_42f4P8,Martín Cuitiño,,0.0,
2026-09-12,p_42f4P8,Martín Cuitiño,12.0,1.0,12.0
2026-07-25,p_42zcz2,Rafael Borré,,0.0,
2026-07-29,p_42zcz2,Rafael Borré,90.0,1.0,90.0
2026-08-02,p_42zcz2,Rafael Borré,59.5,2.0,59.5
2026-08-08,p_42zcz2,Rafael Borré,69.66666666666667,3.0,69.66666666666667
2026-08-16,p_42zcz2,Rafael Borré,55.5,4.0,55.5
2026-08-23,p_42zcz2,Rafael Borré,50.0,5.0,50.0
2026-09-06,p_42zcz2,Rafael Borré,45.0,6.0,36.0
2026-09-12,p_42zcz2,Rafael Borré,38.714285714285715,7.0,30.4
2026-01-25,p_43D8up,Adrián Sánchez,,0.0,
2026-01-29,p_43D8up,Adrián Sánchez,58.0,1.0,58.0
2026-02-03,p_43D8up,Adrián Sánchez,74.0,2.0,74.0
2026-02-08,p_43D8up,Adrián Sánchez,79.33333333333333,3.0,79.33333333333333
2026-02-15,p_43D8up,Adrián Sánchez,82.0,4.0,82.0
2026-02-20,p_43D8up,Adrián Sánchez,83.6,5.0,83.6
2026-02-25,p_43D8up,Adrián Sánchez,84.66666666666667,6.0,90.0
2026-03-03,p_43D8up,Adrián Sánchez,85.42857142857143,7.0,90.0
2026-03-15,p_43D8up,Adrián Sánchez,86.0,8.0,90.0
2026-03-22,p_43D8up,Adrián Sánchez,84.0,9.0,85.6
2026-04-05,p_43D8up,Adrián Sánchez,84.6,10.0,85.6
2026-04-11,p_43D8up,Adrián Sánchez,85.0909090909091,11.0,85.6
2026-04-20,p_43D8up,Adrián Sánchez,85.5,12.0,85.6
2026-04-26,p_43D8up,Adrián Sánchez,85.84615384615384,13.0,85.6
2026-05-03,p_43D8up,Adrián Sánchez,86.14285714285714,14.0,90.0
2026-05-09,p_43D8up,Adrián Sánchez,86.4,15.0,90.0
2026-05-12,p_43D8up,Adrián Sánchez,86.625,16.0,90.0
2026-05-17,p_43D8up,Adrián Sánchez,86.82352941176471,17.0,90.0
2026-05-24,p_43D8up,Adrián Sánchez,86.55555555555556,18.0,88.4
2026-07-23,p_43D8up,Adrián Sánchez,86.73684210526316,19.0,88.4
2026-08-01,p_43D8up,Adrián Sánchez,86.9,20.0,88.4
2026-08-06,p_43D8up,Adrián Sánchez,86.9047619047619,21.0,87.8
2026-08-15,p_43D8up,Adrián Sánchez,86.9090909090909,22.0,87.2
2026-08-23,p_43D8up,Adrián Sánchez,86.52173913043478,23.0,86.4
2026-08-30,p_43D8up,Adrián Sánchez,85.58333333333333,24.0,81.2
2026-09-04,p_43D8up,Adrián Sánchez,85.76,25.0,81.2
2026-01-23,p_43Olsv,Alan Aguerre,,0.0,
2026-01-28,p_43Olsv,Alan Aguerre,90.0,1.0,90.0
2026-01-31,p_43Olsv,Alan Aguerre,90.0,2.0,90.0
2026-02-07,p_43Olsv,Alan Aguerre,90.0,3.0,90.0
2026-02-16,p_43Olsv,Alan Aguerre,90.0,4.0,90.0
2026-02-22,p_43Olsv,Alan Aguerre,90.0,5.0,90.0
2026-02-24,p_43Olsv,Alan Aguerre,90.0,6.0,90.0
2026-02-28,p_43Olsv,Alan Aguerre,90.0,7.0,90.0
2026-03-12,p_43Olsv,Alan Aguerre,90.0,8.0,90.0
2026-03-18,p_43Olsv,Alan Aguerre,90.0,9.0,90.0
2026-03-23,p_43Olsv,Alan Aguerre,90.0,10.0,90.0
2026-04-05,p_43Olsv,Alan Aguerre,90.0,11.0,90.0
2026-04-14,p_43Olsv,Alan Aguerre,84.58333333333333,12.0,77.0
2026-04-20,p_43Olsv,Alan Aguerre,85.0,13.0,77.0
2026-04-24,p_43Olsv,Alan Aguerre,85.35714285714286,14.0,77.0
2026-05-02,p_43Olsv,Alan Aguerre,85.66666666666667,15.0,77.0
2026-07-24,p_43Olsv,Alan Aguerre,85.9375,16.0,77.0
2026-08-11,p_43Olsv,Alan Aguerre,82.29411764705883,17.0,76.8
2026-08-16,p_43Olsv,Alan Aguerre,82.72222222222223,18.0,76.8
2026-08-24,p_43Olsv,Alan Aguerre,83.10526315789474,19.0,76.8
2026-08-30,p_43Olsv,Alan Aguerre,83.45,20.0,76.8
2026-09-06,p_43Olsv,Alan Aguerre,83.76190476190476,21.0,76.8
2026-09-12,p_43Olsv,Alan Aguerre,84.04545454545455,22.0,90.0
2026-01-25,p_43U0bn,Alexis Soto,,0.0,
2026-01-28,p_43U0bn,Alexis Soto,68.0,1.0,68.0
2026-02-02,p_43U0bn,Alexis Soto,56.5,2.0,56.5
2026-02-16,p_43U0bn,Alexis Soto,67.66666666666667,3.0,67.66666666666667
2026-02-21,p_43U0bn,Alexis Soto,52.0,4.0,52.0
2026-02-25,p_43U0bn,Alexis Soto,46.8,5.0,46.8
2026-03-11,p_43U0bn,Alexis Soto,50.666666666666664,6.0,47.2
2026-03-15,p_43U0bn,Alexis Soto,56.285714285714285,7.0,56.2
2026-03-23,p_43U0bn,Alexis Soto,51.75,8.0,42.2
2026-04-05,p_43U0bn,Alexis Soto,46.77777777777778,9.0,42.6
2026-04-12,p_43U0bn,Alexis Soto,51.1,10.0,55.4
2026-04-19,p_43U0bn,Alexis Soto,54.63636363636363,11.0,59.4
2026-04-24,p_43U0bn,Alexis Soto,52.333333333333336,12.0,46.8
2026-05-03,p_43U0bn,Alexis Soto,55.23076923076923,13.0,60.8
2026-05-10,p_43U0bn,Alexis Soto,56.07142857142857,14.0,72.8
2026-05-13,p_43U0bn,Alexis Soto,52.86666666666667,15.0,56.4
2026-08-07,p_43U0bn,Alexis Soto,51.5,16.0,44.6
2026-08-17,p_43U0bn,Alexis Soto,53.76470588235294,17.0,57.2
2026-08-25,p_43U0bn,Alexis Soto,55.77777777777778,18.0,57.2
2026-08-29,p_43U0bn,Alexis Soto,57.0,19.0,59.6
2026-09-06,p_43U0bn,Alexis Soto,56.4,20.0,67.0
2026-01-23,p_43Wo3u,Fernando Muslera,,0.0,
2026-02-09,p_43Wo3u,Fernando Muslera,45.0,1.0,45.0
2026-02-15,p_43Wo3u,Fernando Muslera,67.5,2.0,67.5
2026-02-20,p_43Wo3u,Fernando Muslera,75.0,3.0,75.0
2026-02-25,p_43Wo3u,Fernando Muslera,78.75,4.0,78.75
2026-03-02,p_43Wo3u,Fernando Muslera,81.0,5.0,81.0
2026-03-13,p_43Wo3u,Fernando Muslera,82.5,6.0,90.0
2026-03-18,p_43Wo3u,Fernando Muslera,83.57142857142857,7.0,90.0
2026-04-11,p_43Wo3u,Fernando Muslera,84.375,8.0,90.0
2026-04-18,p_43Wo3u,Fernando Muslera,85.0,9.0,90.0
2026-04-25,p_43Wo3u,Fernando Muslera,85.5,10.0,90.0
2026-05-10,p_43Wo3u,Fernando Muslera,85.9090909090909,11.0,90.0
2026-07-26,p_43Wo3u,Fernando Muslera,86.25,12.0,90.0
2026-08-01,p_43Wo3u,Fernando Muslera,86.53846153846153,13.0,90.0
2026-08-15,p_43Wo3u,Fernando Muslera,86.78571428571429,14.0,90.0
2026-08-23,p_43Wo3u,Fernando Muslera,87.0,15.0,90.0
2026-08-31,p_43Wo3u,Fernando Muslera,87.1875,16.0,90.0
2026-09-06,p_43Wo3u,Fernando Muslera,87.3529411764706,17.0,90.0
2026-02-14,p_43YxGe,Brahian Cuello,,0.0,
2026-02-23,p_43YxGe,Brahian Cuello,28.0,1.0,28.0
2026-02-26,p_43YxGe,Brahian Cuello,27.0,2.0,27.0
2026-03-01,p_43YxGe,Brahian Cuello,41.333333333333336,3.0,41.333333333333336
2026-03-10,p_43YxGe,Brahian Cuello,50.0,4.0,50.0
2026-03-16,p_43YxGe,Brahian Cuello,54.2,5.0,54.2
2026-03-21,p_43YxGe,Brahian Cuello,56.5,6.0,62.2
2026-04-03,p_43YxGe,Brahian Cuello,58.285714285714285,7.0,70.8
2026-04-11,p_43YxGe,Brahian Cuello,59.625,8.0,70.6
2026-04-17,p_43YxGe,Brahian Cuello,61.55555555555556,9.0,70.8
2026-04-27,p_43YxGe,Brahian Cuello,59.9,10.0,65.6
2026-05-02,p_43YxGe,Brahian Cuello,59.90909090909091,11.0,64.0
2026-05-10,p_43YxGe,Brahian Cuello,61.0,12.0,64.8
2026-05-12,p_43YxGe,Brahian Cuello,62.07692307692308,13.0,66.0
2026-07-25,p_43YxGe,Brahian Cuello,62.57142857142857,14.0,64.4
2026-08-01,p_43YxGe,Brahian Cuello,62.333333333333336,15.0,67.2
2026-08-21,p_43YxGe,Brahian Cuello,59.0625,16.0,57.2
2026-08-28,p_43YxGe,Brahian Cuello,55.8235294117647,17.0,43.4
2026-09-08,p_43YxGe,Brahian Cuello,56.666666666666664,18.0,42.6
2026-09-12,p_43YxGe,Brahian Cuello,57.36842105263158,19.0,42.8
2026-01-24,p_43mFql,Matías Catalán,,0.0,
2026-01-27,p_43mFql,Matías Catalán,90.0,1.0,90.0
2026-02-01,p_43mFql,Matías Catalán,90.0,2.0,90.0
2026-02-09,p_43mFql,Matías Catalán,90.0,3.0,90.0
2026-02-14,p_43mFql,Matías Catalán,90.0,4.0,90.0
2026-02-21,p_43mFql,Matías Catalán,90.0,5.0,90.0
2026-02-24,p_43mFql,Matías Catalán,90.0,6.0,90.0
2026-03-01,p_43mFql,Matías Catalán,90.0,7.0,90.0
2026-03-12,p_43mFql,Matías Catalán,87.625,8.0,86.2
2026-03-15,p_43mFql,Matías Catalán,78.44444444444444,9.0,69.2
2026-03-21,p_43mFql,Matías Catalán,79.6,10.0,69.2
2026-04-02,p_43mFql,Matías Catalán,80.54545454545455,11.0,69.2
2026-04-13,p_43mFql,Matías Catalán,81.33333333333333,12.0,69.2
2026-04-19,p_43mFql,Matías Catalán,82.0,13.0,73.0
2026-04-25,p_43mFql,Matías Catalán,82.57142857142857,14.0,90.0
2026-05-02,p_43mFql,Matías Catalán,83.06666666666666,15.0,90.0
2026-05-09,p_43mFql,Matías Catalán,79.9375,16.0,78.6
2026-08-30,p_43mFql,Matías Catalán,80.52941176470588,17.0,78.6
2026-09-05,p_43mFql,Matías Catalán,81.05555555555556,18.0,78.6
2026-09-12,p_43mFql,Matías Catalán,81.52631578947368,19.0,78.6
2026-03-04,p_43moCx,Ezequiel Pérez,,0.0,
2026-04-03,p_443Pco,Lautaro Montenegro,,0.0,
2026-04-12,p_443Pco,Lautaro Montenegro,90.0,1.0,90.0
2026-04-20,p_443Pco,Lautaro Montenegro,90.0,2.0,90.0
2026-04-25,p_443Pco,Lautaro Montenegro,90.0,3.0,90.0
2026-05-02,p_443Pco,Lautaro Montenegro,90.0,4.0,90.0
2026-05-10,p_443Pco,Lautaro Montenegro,90.0,5.0,90.0
2026-01-26,p_444eWh,Jalil Elías,,0.0,
2026-01-29,p_444eWh,Jalil Elías,90.0,1.0,90.0
2026-02-02,p_444eWh,Jalil Elías,90.0,2.0,90.0
2026-02-07,p_444eWh,Jalil Elías,90.0,3.0,90.0
2026-02-12,p_444eWh,Jalil Elías,90.0,4.0,90.0
2026-02-22,p_444eWh,Jalil Elías,90.0,5.0,90.0
2026-02-25,p_444eWh,Jalil Elías,90.0,6.0,90.0
2026-03-02,p_444eWh,Jalil Elías,90.0,7.0,90.0
2026-03-10,p_444eWh,Jalil Elías,90.0,8.0,90.0
2026-03-16,p_444eWh,Jalil Elías,90.0,9.0,90.0
2026-03-21,p_444eWh,Jalil Elías,89.9,10.0,89.8
2026-04-02,p_444eWh,Jalil Elías,89.9090909090909,11.0,89.8
2026-04-12,p_444eWh,Jalil Elías,87.16666666666667,12.0,83.2
2026-05-03,p_444eWh,Jalil Elías,87.38461538461539,13.0,83.2
2026-07-25,p_444eWh,Jalil Elías,86.85714285714286,14.0,81.2
2026-08-01,p_444eWh,Jalil Elías,84.06666666666666,15.0,72.4
2026-08-06,p_444eWh,Jalil Elías,84.125,16.0,71.4
2026-08-08,p_444eWh,Jalil Elías,83.76470588235294,17.0,75.6
2026-08-15,p_444eWh,Jalil Elías,83.05555555555556,18.0,71.8
2026-09-12,p_444eWh,Jalil Elías,79.63157894736842,19.0,59.4
2026-01-23,p_444jRY,Horacio Tijanovich,,0.0,
2026-01-28,p_444jRY,Horacio Tijanovich,20.0,1.0,20.0
2026-01-31,p_444jRY,Horacio Tijanovich,55.0,2.0,55.0
2026-02-07,p_444jRY,Horacio Tijanovich,57.666666666666664,3.0,57.666666666666664
2026-02-16,p_444jRY,Horacio Tijanovich,61.25,4.0,61.25
2026-02-22,p_444jRY,Horacio Tijanovich,62.6,5.0,62.6
2026-02-24,p_444jRY,Horacio Tijanovich,55.333333333333336,6.0,62.4
2026-02-28,p_444jRY,Horacio Tijanovich,51.42857142857143,7.0,50.0
2026-03-12,p_444jRY,Horacio Tijanovich,52.125,8.0,48.8
2026-03-18,p_444jRY,Horacio Tijanovich,55.111111111111114,9.0,50.2
2026-04-20,p_444jRY,Horacio Tijanovich,51.7,10.0,40.8
2026-04-24,p_444jRY,Horacio Tijanovich,48.90909090909091,11.0,41.2
2026-05-02,p_444jRY,Horacio Tijanovich,47.5,12.0,42.0
2026-07-31,p_444jRY,Horacio Tijanovich,45.61538461538461,13.0,35.2
2026-08-04,p_444jRY,Horacio Tijanovich,46.785714285714285,14.0,31.8
2026-08-11,p_444jRY,Horacio Tijanovich,48.86666666666667,15.0,43.2
2026-08-16,p_444jRY,Horacio Tijanovich,51.4375,16.0,57.0
2026-08-24,p_444jRY,Horacio Tijanovich,51.05882352941177,17.0,59.6
2026-09-06,p_444jRY,Horacio Tijanovich,51.94444444444444,18.0,68.4
2026-09-12,p_444jRY,Horacio Tijanovich,50.05263157894737,19.0,59.2
2026-01-24,p_44aH5B,Fabrizio Sartori,,0.0,
2026-01-27,p_44aH5B,Fabrizio Sartori,19.0,1.0,19.0
2026-02-04,p_44aH5B,Fabrizio Sartori,45.0,2.0,45.0
2026-02-10,p_44aH5B,Fabrizio Sartori,54.0,3.0,54.0
2026-02-15,p_44aH5B,Fabrizio Sartori,61.5,4.0,61.5
2026-02-21,p_44aH5B,Fabrizio Sartori,67.2,5.0,67.2
2026-02-26,p_44aH5B,Fabrizio Sartori,71.0,6.0,81.4
2026-03-03,p_44aH5B,Fabrizio Sartori,73.42857142857143,7.0,84.8
2026-03-12,p_44aH5B,Fabrizio Sartori,74.0,8.0,86.0
2026-03-15,p_44aH5B,Fabrizio Sartori,75.77777777777777,9.0,87.2
2026-03-23,p_44aH5B,Fabrizio Sartori,76.5,10.0,85.8
2026-04-02,p_44aH5B,Fabrizio Sartori,77.0,11.0,84.2
2026-04-11,p_44aH5B,Fabrizio Sartori,76.33333333333333,12.0,80.4
2026-04-20,p_44aH5B,Fabrizio Sartori,73.92307692307692,13.0,73.8
2026-04-26,p_44aH5B,Fabrizio Sartori,74.57142857142857,14.0,72.4
2026-05-10,p_44aH5B,Fabrizio Sartori,75.06666666666666,15.0,72.2
2026-07-26,p_44aH5B,Fabrizio Sartori,76.0,16.0,73.8
2026-07-30,p_44aH5B,Fabrizio Sartori,76.0,17.0,75.2
2026-08-08,p_44aH5B,Fabrizio Sartori,75.66666666666667,18.0,80.2
2026-08-31,p_44aH5B,Fabrizio Sartori,74.05263157894737,19.0,72.6
2026-09-06,p_44aH5B,Fabrizio Sartori,71.45,20.0,60.6
2026-09-12,p_44aH5B,Fabrizio Sartori,70.76190476190476,21.0,54.0
2026-01-23,p_44fmOo,Gabriel Ávalos,,0.0,
2026-01-28,p_44fmOo,Gabriel Ávalos,81.0,1.0,81.0
2026-01-31,p_44fmOo,Gabriel Ávalos,85.5,2.0,85.5
2026-02-08,p_44fmOo,Gabriel Ávalos,87.0,3.0,87.0
2026-02-13,p_44fmOo,Gabriel Ávalos,87.75,4.0,87.75
2026-02-21,p_44fmOo,Gabriel Ávalos,87.8,5.0,87.8
2026-02-25,p_44fmOo,Gabriel Ávalos,88.16666666666667,6.0,89.6
2026-02-28,p_44fmOo,Gabriel Ávalos,88.0,7.0,89.0
2026-03-10,p_44fmOo,Gabriel Ávalos,88.25,8.0,89.0
2026-03-17,p_44fmOo,Gabriel Ávalos,88.44444444444444,9.0,89.0
2026-03-21,p_44fmOo,Gabriel Ávalos,88.6,10.0,89.4
2026-04-04,p_44fmOo,Gabriel Ávalos,88.72727272727273,11.0,89.4
2026-04-11,p_44fmOo,Gabriel Ávalos,88.83333333333333,12.0,90.0
2026-04-18,p_44fmOo,Gabriel Ávalos,88.84615384615384,13.0,89.8
2026-04-24,p_44fmOo,Gabriel Ávalos,88.57142857142857,14.0,88.8
2026-05-02,p_44fmOo,Gabriel Ávalos,88.66666666666667,15.0,88.8
2026-05-10,p_44fmOo,Gabriel Ávalos,88.6875,16.0,88.6
2026-07-26,p_44fmOo,Gabriel Ávalos,88.76470588235294,17.0,88.6
2026-07-31,p_44fmOo,Gabriel Ávalos,88.77777777777777,18.0,88.6
2026-08-09,p_44fmOo,Gabriel Ávalos,88.84210526315789,19.0,89.6
2026-08-17,p_44fmOo,Gabriel Ávalos,88.9,20.0,89.6
2026-08-22,p_44fmOo,Gabriel Ávalos,88.9047619047619,21.0,89.6
2026-07-26,p_45VJtm,Ignacio Gariglio,,0.0,
2026-07-29,p_45VJtm,Ignacio Gariglio,4.0,1.0,4.0
2026-08-02,p_45VJtm,Ignacio Gariglio,14.0,2.0,14.0
2026-08-23,p_45VJtm,Ignacio Gariglio,39.333333333333336,3.0,39.333333333333336
2026-08-29,p_45VJtm,Ignacio Gariglio,52.0,4.0,52.0
2026-09-04,p_45VJtm,Ignacio Gariglio,59.6,5.0,59.6
2026-02-04,p_45uQz6,Franco Watson,,0.0,
2026-02-13,p_45uQz6,Franco Watson,1.0,1.0,1.0
2026-03-02,p_45uQz6,Franco Watson,38.5,2.0,38.5
2026-03-05,p_45uQz6,Franco Watson,55.666666666666664,3.0,55.666666666666664
2026-03-13,p_45uQz6,Franco Watson,53.0,4.0,53.0
2026-03-17,p_45uQz6,Franco Watson,44.8,5.0,44.8
2026-03-21,p_45uQz6,Franco Watson,39.5,6.0,47.2
2026-04-01,p_45uQz6,Franco Watson,34.857142857142854,7.0,33.4
2026-04-13,p_45uQz6,Franco Watson,39.125,8.0,29.2
2026-04-21,p_45uQz6,Franco Watson,41.111111111111114,9.0,31.6
2026-07-26,p_45uQz6,Franco Watson,43.3,10.0,41.8
2026-08-03,p_45uQz6,Franco Watson,41.18181818181818,11.0,43.2
2026-08-12,p_45uQz6,Franco Watson,42.833333333333336,12.0,54.0
2026-08-25,p_45uQz6,Franco Watson,40.23076923076923,13.0,42.0
2026-08-29,p_45uQz6,Franco Watson,41.57142857142857,14.0,42.4
2026-09-06,p_45uQz6,Franco Watson,44.13333333333333,15.0,45.8
2026-09-14,p_45uQz6,Franco Watson,45.6875,16.0,55.6
2026-09-14,p_45uQz6,Franco Watson,43.705882352941174,17.0,45.8
2026-01-22,p_46Ymcl,Jordy Caicedo,,0.0,
2026-01-27,p_46Ymcl,Jordy Caicedo,90.0,1.0,90.0
2026-02-01,p_46Ymcl,Jordy Caicedo,90.0,2.0,90.0
2026-02-08,p_46Ymcl,Jordy Caicedo,90.0,3.0,90.0
2026-02-14,p_46Ymcl,Jordy Caicedo,89.75,4.0,89.75
2026-02-21,p_46Ymcl,Jordy Caicedo,89.6,5.0,89.6
2026-02-26,p_46Ymcl,Jordy Caicedo,89.16666666666667,6.0,89.0
2026-03-03,p_46Ymcl,Jordy Caicedo,89.28571428571429,7.0,89.0
2026-03-13,p_46Ymcl,Jordy Caicedo,89.375,8.0,89.0
2026-03-16,p_46Ymcl,Jordy Caicedo,87.66666666666667,9.0,86.0
2026-04-05,p_46Ymcl,Jordy Caicedo,87.9,10.0,86.2
2026-04-12,p_46Ymcl,Jordy Caicedo,87.81818181818181,11.0,86.2
2026-04-21,p_46Ymcl,Jordy Caicedo,88.0,12.0,86.2
2026-04-28,p_46Ymcl,Jordy Caicedo,88.15384615384616,13.0,86.2
2026-05-03,p_46Ymcl,Jordy Caicedo,88.28571428571429,14.0,89.4
2026-05-09,p_46Ymcl,Jordy Caicedo,88.33333333333333,15.0,89.2
2026-05-13,p_46Ymcl,Jordy Caicedo,87.9375,16.0,88.2
2026-07-25,p_46Ymcl,Jordy Caicedo,87.6470588235294,17.0,86.8
2026-07-30,p_46Ymcl,Jordy Caicedo,87.77777777777777,18.0,86.8
2026-08-04,p_46Ymcl,Jordy Caicedo,87.89473684210526,19.0,86.8
2026-08-09,p_46Ymcl,Jordy Caicedo,88.0,20.0,87.0
2026-08-16,p_46Ymcl,Jordy Caicedo,86.95238095238095,21.0,83.8
2026-09-04,p_46Ymcl,Jordy Caicedo,86.0,22.0,80.4
2026-09-14,p_46Ymcl,Jordy Caicedo,86.17391304347827,23.0,80.4
2026-09-14,p_46Ymcl,Jordy Caicedo,86.33333333333333,24.0,80.4
2026-01-22,p_46qDWM,Cristopher Fiermarín,,0.0,
2026-01-29,p_46qDWM,Cristopher Fiermarín,90.0,1.0,90.0
2026-02-02,p_46qDWM,Cristopher Fiermarín,90.0,2.0,90.0
2026-02-08,p_46qDWM,Cristopher Fiermarín,90.0,3.0,90.0
2026-02-14,p_46qDWM,Cristopher Fiermarín,90.0,4.0,90.0
2026-02-20,p_46qDWM,Cristopher Fiermarín,90.0,5.0,90.0
2026-02-24,p_46qDWM,Cristopher Fiermarín,90.0,6.0,90.0
2026-03-02,p_46qDWM,Cristopher Fiermarín,90.0,7.0,90.0
2026-03-12,p_46qDWM,Cristopher Fiermarín,90.0,8.0,90.0
2026-03-16,p_46qDWM,Cristopher Fiermarín,90.0,9.0,90.0
2026-03-21,p_46qDWM,Cristopher Fiermarín,90.0,10.0,90.0
2026-04-07,p_46qDWM,Cristopher Fiermarín,90.0,11.0,90.0
2026-04-13,p_46qDWM,Cristopher Fiermarín,90.0,12.0,90.0
2026-04-18,p_46qDWM,Cristopher Fiermarín,90.0,13.0,90.0
2026-04-23,p_46qDWM,Cristopher Fiermarín,90.0,14.0,90.0
2026-05-04,p_46qDWM,Cristopher Fiermarín,90.0,15.0,90.0
2026-01-28,p_477cm1,Iván Marcone,,0.0,
2026-02-08,p_477cm1,Iván Marcone,6.0,1.0,6.0
2026-02-13,p_477cm1,Iván Marcone,48.0,2.0,48.0
2026-02-21,p_477cm1,Iván Marcone,62.0,3.0,62.0
2026-02-25,p_477cm1,Iván Marcone,69.0,4.0,69.0
2026-02-28,p_477cm1,Iván Marcone,73.2,5.0,73.2
2026-03-10,p_477cm1,Iván Marcone,76.0,6.0,90.0
2026-03-17,p_477cm1,Iván Marcone,76.71428571428571,7.0,88.2
2026-03-21,p_477cm1,Iván Marcone,78.375,8.0,88.2
2026-04-04,p_477cm1,Iván Marcone,78.11111111111111,9.0,85.4
2026-04-11,p_477cm1,Iván Marcone,79.3,10.0,85.4
2026-04-18,p_477cm1,Iván Marcone,80.27272727272727,11.0,85.4
2026-04-24,p_477cm1,Iván Marcone,81.08333333333333,12.0,87.2
2026-05-02,p_477cm1,Iván Marcone,81.76923076923077,13.0,87.2
2026-05-10,p_477cm1,Iván Marcone,80.57142857142857,14.0,85.0
2026-07-26,p_477cm1,Iván Marcone,81.2,15.0,85.0
2026-07-31,p_477cm1,Iván Marcone,81.75,16.0,85.0
2026-08-09,p_477cm1,Iván Marcone,82.23529411764706,17.0,85.0
2026-08-17,p_477cm1,Iván Marcone,82.44444444444444,18.0,84.2
2026-08-22,p_477cm1,Iván Marcone,82.84210526315789,19.0,89.2
2026-08-30,p_477cm1,Iván Marcone,83.2,20.0,89.2
2026-09-06,p_477cm1,Iván Marcone,83.52380952380952,21.0,89.2
2026-09-13,p_477cm1,Iván Marcone,83.81818181818181,22.0,89.2
2026-01-22,p_47E2rv,Eugenio Raggio,,0.0,
2026-01-26,p_47E2rv,Eugenio Raggio,90.0,1.0,90.0
2026-02-01,p_47E2rv,Eugenio Raggio,90.0,2.0,90.0
2026-02-08,p_47E2rv,Eugenio Raggio,90.0,3.0,90.0
2026-02-15,p_47E2rv,Eugenio Raggio,90.0,4.0,90.0
2026-04-01,p_47E2rv,Eugenio Raggio,90.0,5.0,90.0
2026-04-12,p_47E2rv,Eugenio Raggio,90.0,6.0,90.0
2026-04-20,p_47E2rv,Eugenio Raggio,90.0,7.0,90.0
2026-01-23,p_47bCwf,Ignacio Malcorra,,0.0,
2026-01-28,p_47bCwf,Ignacio Malcorra,31.0,1.0,31.0
2026-01-31,p_47bCwf,Ignacio Malcorra,57.5,2.0,57.5
2026-02-08,p_47bCwf,Ignacio Malcorra,68.33333333333333,3.0,68.33333333333333
2026-02-13,p_47bCwf,Ignacio Malcorra,71.25,4.0,71.25
2026-02-21,p_47bCwf,Ignacio Malcorra,72.2,5.0,72.2
2026-02-25,p_47bCwf,Ignacio Malcorra,74.16666666666667,6.0,82.8
2026-02-28,p_47bCwf,Ignacio Malcorra,76.42857142857143,7.0,84.0
2026-03-10,p_47bCwf,Ignacio Malcorra,78.125,8.0,84.0
2026-03-17,p_47bCwf,Ignacio Malcorra,79.44444444444444,9.0,86.0
2026-03-21,p_47bCwf,Ignacio Malcorra,80.5,10.0,88.8
2026-04-04,p_47bCwf,Ignacio Malcorra,81.36363636363636,11.0,90.0
2026-04-11,p_47bCwf,Ignacio Malcorra,82.08333333333333,12.0,90.0
2026-04-18,p_47bCwf,Ignacio Malcorra,82.15384615384616,13.0,88.6
2026-05-10,p_47bCwf,Ignacio Malcorra,81.14285714285714,14.0,84.2
2026-08-01,p_47bCwf,Ignacio Malcorra,80.73333333333333,15.0,81.2
2026-08-06,p_47bCwf,Ignacio Malcorra,80.6875,16.0,79.2
2026-08-11,p_47bCwf,Ignacio Malcorra,80.0,17.0,75.0
2026-08-15,p_47bCwf,Ignacio Malcorra,80.55555555555556,18.0,76.4
2026-08-28,p_47bCwf,Ignacio Malcorra,77.26315789473684,19.0,66.4
2026-09-08,p_47bCwf,Ignacio Malcorra,76.75,20.0,64.8
2026-09-12,p_47bCwf,Ignacio Malcorra,77.38095238095238,21.0,66.8
2026-05-03,p_47ig4s,Ignacio Chicco,,0.0,
2026-07-24,p_47ig4s,Ignacio Chicco,90.0,1.0,90.0
2026-07-29,p_47ig4s,Ignacio Chicco,90.0,2.0,90.0
2026-08-02,p_47ig4s,Ignacio Chicco,90.0,3.0,90.0
2026-01-25,p_47jtXa,Jáminton Campaz,,0.0,
2026-01-28,p_47jtXa,Jáminton Campaz,87.0,1.0,87.0
2026-02-25,p_47jtXa,Jáminton Campaz,75.5,2.0,75.5
2026-03-01,p_47jtXa,Jáminton Campaz,60.333333333333336,3.0,60.333333333333336
2026-03-11,p_47jtXa,Jáminton Campaz,52.5,4.0,52.5
2026-03-15,p_47jtXa,Jáminton Campaz,55.2,5.0,55.2
2026-03-23,p_47jtXa,Jáminton Campaz,60.666666666666664,6.0,55.4
2026-04-05,p_47jtXa,Jáminton Campaz,64.85714285714286,7.0,60.6
2026-04-12,p_47jtXa,Jáminton Campaz,68.0,8.0,72.6
2026-04-19,p_47jtXa,Jáminton Campaz,62.55555555555556,9.0,70.6
2026-04-24,p_47jtXa,Jáminton Campaz,65.3,10.0,75.4
2026-05-16,p_47jtXa,Jáminton Campaz,66.45454545454545,11.0,73.4
2026-07-23,p_47jtXa,Jáminton Campaz,62.5,12.0,59.2
2026-07-29,p_47jtXa,Jáminton Campaz,64.61538461538461,13.0,59.2
2026-08-02,p_47jtXa,Jáminton Campaz,66.42857142857143,14.0,73.4
2026-08-07,p_47jtXa,Jáminton Campaz,67.46666666666667,15.0,71.8
2026-08-25,p_47jtXa,Jáminton Campaz,65.375,16.0,63.0
2026-08-29,p_47jtXa,Jáminton Campaz,63.529411764705884,17.0,66.0
2026-09-06,p_47jtXa,Jáminton Campaz,65.0,18.0,66.0
2026-09-13,p_47jtXa,Jáminton Campaz,66.3157894736842,19.0,66.0
2026-01-24,p_48O6pP,Jerónimo Russo,,0.0,
2026-01-28,p_48O6pP,Jerónimo Russo,16.0,1.0,16.0
2026-02-08,p_48O6pP,Jerónimo Russo,30.5,2.0,30.5
2026-02-25,p_48O6pP,Jerónimo Russo,35.333333333333336,3.0,35.333333333333336
2026-03-01,p_48O6pP,Jerónimo Russo,41.5,4.0,41.5
2026-03-11,p_48O6pP,Jerónimo Russo,36.2,5.0,36.2
2026-03-17,p_48O6pP,Jerónimo Russo,30.333333333333332,6.0,33.2
2026-03-21,p_48O6pP,Jerónimo Russo,27.857142857142858,7.0,26.8
2026-04-05,p_48O6pP,Jerónimo Russo,35.625,8.0,35.8
2026-04-12,p_48O6pP,Jerónimo Russo,41.666666666666664,9.0,41.8
2026-04-17,p_48O6pP,Jerónimo Russo,46.5,10.0,56.8
2026-04-26,p_48O6pP,Jerónimo Russo,50.45454545454545,11.0,74.6
2026-05-04,p_48O6pP,Jerónimo Russo,53.75,12.0,90.0
2026-07-25,p_48O6pP,Jerónimo Russo,56.53846153846154,13.0,90.0
2026-07-31,p_48O6pP,Jerónimo Russo,58.92857142857143,14.0,90.0
2026-08-02,p_48O6pP,Jerónimo Russo,56.4,15.0,76.2
2026-08-09,p_48O6pP,Jerónimo Russo,58.5,16.0,76.2
2026-08-23,p_48O6pP,Jerónimo Russo,57.411764705882355,17.0,66.2
2026-09-06,p_48O6pP,Jerónimo Russo,59.22222222222222,18.0,66.2
2026-09-11,p_48O6pP,Jerónimo Russo,57.68421052631579,19.0,54.2
2026-01-23,p_48hWGV,Santiago Ascacíbar,,0.0,
2026-02-01,p_48hWGV,Santiago Ascacíbar,90.0,1.0,90.0
2026-02-09,p_48hWGV,Santiago Ascacíbar,90.0,2.0,90.0
2026-02-15,p_48hWGV,Santiago Ascacíbar,90.0,3.0,90.0
2026-02-20,p_48hWGV,Santiago Ascacíbar,90.0,4.0,90.0
2026-02-28,p_48hWGV,Santiago Ascacíbar,90.0,5.0,90.0
2026-03-05,p_48hWGV,Santiago Ascacíbar,87.5,6.0,87.0
2026-03-11,p_48hWGV,Santiago Ascacíbar,87.85714285714286,7.0,87.0
2026-03-16,p_48hWGV,Santiago Ascacíbar,88.125,8.0,87.0
2026-04-02,p_48hWGV,Santiago Ascacíbar,84.0,9.0,79.2
2026-04-11,p_48hWGV,Santiago Ascacíbar,78.5,10.0,67.0
2026-04-19,p_48hWGV,Santiago Ascacíbar,73.36363636363636,11.0,56.4
2026-04-23,p_48hWGV,Santiago Ascacíbar,74.75,12.0,56.4
2026-05-09,p_48hWGV,Santiago Ascacíbar,72.46153846153847,13.0,47.4
2026-07-26,p_48hWGV,Santiago Ascacíbar,71.57142857142857,14.0,49.2
2026-08-02,p_48hWGV,Santiago Ascacíbar,72.8,15.0,61.4
2026-08-05,p_48hWGV,Santiago Ascacíbar,73.875,16.0,75.0
2026-08-08,p_48hWGV,Santiago Ascacíbar,74.82352941176471,17.0,75.0
2026-08-16,p_48hWGV,Santiago Ascacíbar,75.66666666666667,18.0,84.0
2026-08-24,p_48hWGV,Santiago Ascacíbar,76.42105263157895,19.0,90.0
2026-08-29,p_48hWGV,Santiago Ascacíbar,77.1,20.0,90.0
2026-09-12,p_48hWGV,Santiago Ascacíbar,77.71428571428571,21.0,90.0
2026-08-17,p_49POtu,Alan Rodríguez,,0.0,
2026-08-25,p_49POtu,Alan Rodríguez,90.0,1.0,90.0
2026-09-06,p_49POtu,Alan Rodríguez,73.0,2.0,73.0
2026-09-13,p_49POtu,Alan Rodríguez,73.66666666666667,3.0,73.66666666666667
2026-01-25,p_49U5oJ,Emiliano Ariel Rigoni,,0.0,
2026-01-29,p_49U5oJ,Emiliano Ariel Rigoni,74.0,1.0,74.0
2026-02-03,p_49U5oJ,Emiliano Ariel Rigoni,71.0,2.0,71.0
2026-02-08,p_49U5oJ,Emiliano Ariel Rigoni,76.0,3.0,76.0
2026-02-15,p_49U5oJ,Emiliano Ariel Rigoni,78.75,4.0,78.75
2026-02-20,p_49U5oJ,Emiliano Ariel Rigoni,81.0,5.0,81.0
2026-02-25,p_49U5oJ,Emiliano Ariel Rigoni,82.5,6.0,84.2
2026-03-03,p_49U5oJ,Emiliano Ariel Rigoni,82.57142857142857,7.0,87.2
2026-03-15,p_49U5oJ,Emiliano Ariel Rigoni,83.5,8.0,88.0
2026-03-22,p_49U5oJ,Emiliano Ariel Rigoni,82.66666666666667,9.0,85.8
2026-04-05,p_49U5oJ,Emiliano Ariel Rigoni,78.9,10.0,76.8
2026-04-11,p_49U5oJ,Emiliano Ariel Rigoni,78.81818181818181,11.0,74.4
2026-05-03,p_49U5oJ,Emiliano Ariel Rigoni,76.5,12.0,68.0
2026-05-09,p_49U5oJ,Emiliano Ariel Rigoni,75.61538461538461,13.0,63.0
2026-05-12,p_49U5oJ,Emiliano Ariel Rigoni,76.57142857142857,14.0,65.6
2026-05-17,p_49U5oJ,Emiliano Ariel Rigoni,77.4,15.0,74.4
2026-05-24,p_49U5oJ,Emiliano Ariel Rigoni,80.0625,16.0,82.8
2026-07-23,p_49U5oJ,Emiliano Ariel Rigoni,80.58823529411765,17.0,90.4
2026-08-01,p_49U5oJ,Emiliano Ariel Rigoni,80.55555555555556,18.0,93.4
2026-08-06,p_49U5oJ,Emiliano Ariel Rigoni,80.3157894736842,19.0,90.8
2026-08-10,p_49U5oJ,Emiliano Ariel Rigoni,80.2,20.0,88.6
2026-08-15,p_49U5oJ,Emiliano Ariel Rigoni,80.57142857142857,21.0,82.2
2026-08-23,p_49U5oJ,Emiliano Ariel Rigoni,80.45454545454545,22.0,80.0
2026-08-30,p_49U5oJ,Emiliano Ariel Rigoni,80.8695652173913,23.0,82.0
2026-09-04,p_49U5oJ,Emiliano Ariel Rigoni,80.70833333333333,24.0,82.2
2026-09-13,p_49U5oJ,Emiliano Ariel Rigoni,81.08,25.0,84.6
2026-07-23,p_4AgEmZ,Franco Paredes,,0.0,
2026-07-29,p_4AgEmZ,Franco Paredes,90.0,1.0,90.0
2026-08-30,p_4AgEmZ,Franco Paredes,54.5,2.0,54.5
2026-02-13,p_4BEGB2,Kevin Coronel,,0.0,
2026-03-27,p_4BEGB2,Kevin Coronel,62.0,1.0,62.0
2026-03-31,p_4BEGB2,Kevin Coronel,44.0,2.0,44.0
2026-04-06,p_4BEGB2,Kevin Coronel,59.333333333333336,3.0,59.333333333333336
2026-04-11,p_4BEGB2,Kevin Coronel,67.0,4.0,67.0
2026-04-19,p_4BEGB2,Kevin Coronel,71.6,5.0,71.6
2026-05-03,p_4BEGB2,Kevin Coronel,74.66666666666667,6.0,77.2
2026-07-23,p_4BEGB2,Kevin Coronel,76.85714285714286,7.0,90.0
2026-07-29,p_4BEGB2,Kevin Coronel,73.75,8.0,82.4
2026-08-01,p_4BEGB2,Kevin Coronel,75.55555555555556,9.0,82.4
2026-08-09,p_4BEGB2,Kevin Coronel,77.0,10.0,82.4
2026-08-16,p_4BEGB2,Kevin Coronel,76.54545454545455,11.0,78.8
2026-08-25,p_4BEGB2,Kevin Coronel,77.0,12.0,77.2
2026-08-30,p_4BEGB2,Kevin Coronel,78.0,13.0,84.8
2026-09-07,p_4BEGB2,Kevin Coronel,75.64285714285714,14.0,75.8
2026-09-13,p_4BEGB2,Kevin Coronel,76.6,15.0,75.8
2026-01-23,p_4Bdvg6,Walter Mazzantti,,0.0,
2026-01-28,p_4Bdvg6,Walter Mazzantti,19.0,1.0,19.0
2026-02-08,p_4Bdvg6,Walter Mazzantti,43.0,2.0,43.0
2026-02-13,p_4Bdvg6,Walter Mazzantti,29.333333333333332,3.0,29.333333333333332
2026-02-21,p_4Bdvg6,Walter Mazzantti,22.5,4.0,22.5
2026-02-25,p_4Bdvg6,Walter Mazzantti,27.0,5.0,27.0
2026-03-11,p_4Bdvg6,Walter Mazzantti,23.0,6.0,23.8
2026-03-17,p_4Bdvg6,Walter Mazzantti,23.571428571428573,7.0,15.8
2026-03-21,p_4Bdvg6,Walter Mazzantti,27.875,8.0,27.0
2026-04-05,p_4Bdvg6,Walter Mazzantti,34.77777777777778,9.0,44.6
2026-04-12,p_4Bdvg6,Walter Mazzantti,39.9,10.0,52.8
2026-04-17,p_4Bdvg6,Walter Mazzantti,44.45454545454545,11.0,70.2
2026-04-26,p_4Bdvg6,Walter Mazzantti,48.166666666666664,12.0,82.6
2026-05-04,p_4Bdvg6,Walter Mazzantti,51.38461538461539,13.0,89.0
2026-07-25,p_4Bdvg6,Walter Mazzantti,53.92857142857143,14.0,88.4
2026-07-31,p_4Bdvg6,Walter Mazzantti,55.8,15.0,87.6
2026-08-02,p_4Bdvg6,Walter Mazzantti,55.125,16.0,78.6
2026-08-09,p_4Bdvg6,Walter Mazzantti,57.1764705882353,17.0,78.8
2026-08-15,p_4Bdvg6,Walter Mazzantti,59.0,18.0,78.8
2026-08-23,p_4Bdvg6,Walter Mazzantti,60.473684210526315,19.0,78.8
2026-08-31,p_4Bdvg6,Walter Mazzantti,61.9,20.0,80.2
2026-09-06,p_4Bdvg6,Walter Mazzantti,63.19047619047619,21.0,89.0
2026-09-11,p_4Bdvg6,Walter Mazzantti,63.95454545454545,22.0,87.0
2026-01-22,p_4CFN2N,Joaquin Novillo,,0.0,
2026-01-28,p_4CFN2N,Joaquin Novillo,70.0,1.0,70.0
2026-02-02,p_4CFN2N,Joaquin Novillo,80.0,2.0,80.0
2026-02-07,p_4CFN2N,Joaquin Novillo,83.33333333333333,3.0,83.33333333333333
2026-03-12,p_4CFN2N,Joaquin Novillo,73.75,4.0,73.75
2026-03-31,p_4CFN2N,Joaquin Novillo,77.0,5.0,77.0
2026-04-04,p_4CFN2N,Joaquin Novillo,79.16666666666667,6.0,81.0
2026-04-11,p_4CFN2N,Joaquin Novillo,80.71428571428571,7.0,81.0
2026-03-22,p_4CHdcB,Alan Forneris,,0.0,
2026-04-25,p_4CHdcB,Alan Forneris,31.0,1.0,31.0
2026-05-03,p_4CHdcB,Alan Forneris,26.5,2.0,26.5
2026-05-10,p_4CHdcB,Alan Forneris,23.666666666666668,3.0,23.666666666666668
2026-08-17,p_4CJWAD,Demián Domínguez,,0.0,
2026-01-25,p_4CKuJ2,Iker Zufiaurre,,0.0,
2026-01-29,p_4CKuJ2,Iker Zufiaurre,18.0,1.0,18.0
2026-02-01,p_4CKuJ2,Iker Zufiaurre,54.0,2.0,54.0
2026-02-09,p_4CKuJ2,Iker Zufiaurre,51.0,3.0,51.0
2026-02-20,p_4CKuJ2,Iker Zufiaurre,49.5,4.0,49.5
2026-02-28,p_4CKuJ2,Iker Zufiaurre,41.8,5.0,41.8
2026-03-05,p_4CKuJ2,Iker Zufiaurre,35.0,6.0,38.4
2026-03-11,p_4CKuJ2,Iker Zufiaurre,30.428571428571427,7.0,21.0
2026-03-22,p_4CKuJ2,Iker Zufiaurre,26.75,8.0,12.2
2026-02-01,p_4D08FT,Mateo Caceres,,0.0,
2026-02-09,p_4D08FT,Mateo Caceres,14.0,1.0,14.0
2026-02-14,p_4D08FT,Mateo Caceres,21.5,2.0,21.5
2026-02-21,p_4D08FT,Mateo Caceres,40.0,3.0,40.0
2026-02-24,p_4D08FT,Mateo Caceres,46.25,4.0,46.25
2026-03-01,p_4D08FT,Mateo Caceres,43.2,5.0,43.2
2026-03-12,p_4D08FT,Mateo Caceres,39.0,6.0,44.0
2026-03-15,p_4D08FT,Mateo Caceres,39.857142857142854,7.0,47.2
2026-03-21,p_4D08FT,Mateo Caceres,38.375,8.0,37.4
2026-04-02,p_4D08FT,Mateo Caceres,35.44444444444444,9.0,26.8
2026-04-13,p_4D08FT,Mateo Caceres,36.4,10.0,29.6
2026-04-19,p_4D08FT,Mateo Caceres,39.27272727272727,11.0,39.6
2026-04-25,p_4D08FT,Mateo Caceres,41.25,12.0,43.2
2026-05-02,p_4D08FT,Mateo Caceres,44.38461538461539,13.0,54.0
2026-05-09,p_4D08FT,Mateo Caceres,46.285714285714285,14.0,65.8
2026-02-07,p_4D2pMD,Nicolás Cordero,,0.0,
2026-02-12,p_4D2pMD,Nicolás Cordero,8.0,1.0,8.0
2026-02-23,p_4D2pMD,Nicolás Cordero,49.0,2.0,49.0
2026-03-03,p_4D2pMD,Nicolás Cordero,62.666666666666664,3.0,62.666666666666664
2026-03-12,p_4D2pMD,Nicolás Cordero,65.25,4.0,65.25
2026-03-16,p_4D2pMD,Nicolás Cordero,67.0,5.0,67.0
2026-03-22,p_4D2pMD,Nicolás Cordero,70.66666666666667,6.0,83.2
2026-03-31,p_4D2pMD,Nicolás Cordero,63.857142857142854,7.0,69.8
2026-04-11,p_4D2pMD,Nicolás Cordero,64.75,8.0,66.0
2026-04-19,p_4D2pMD,Nicolás Cordero,61.22222222222222,9.0,58.0
2026-04-26,p_4D2pMD,Nicolás Cordero,64.1,10.0,61.2
2026-05-03,p_4D2pMD,Nicolás Cordero,66.45454545454545,11.0,61.4
2026-07-24,p_4D2pMD,Nicolás Cordero,68.41666666666667,12.0,74.8
2026-07-29,p_4D2pMD,Nicolás Cordero,70.07692307692308,13.0,78.6
2026-08-02,p_4D2pMD,Nicolás Cordero,70.57142857142857,14.0,87.4
2026-08-07,p_4D2pMD,Nicolás Cordero,68.86666666666666,15.0,78.4
2026-08-15,p_4D2pMD,Nicolás Cordero,66.375,16.0,66.2
2026-08-21,p_4D2pMD,Nicolás Cordero,63.294117647058826,17.0,51.0
2026-08-30,p_4D2pMD,Nicolás Cordero,61.111111111111114,18.0,37.8
2026-09-12,p_4D2pMD,Nicolás Cordero,58.94736842105263,19.0,26.4
2026-01-24,p_4DVJGJ,Matías Fernández,,0.0,
2026-01-27,p_4DVJGJ,Matías Fernández,83.0,1.0,83.0
2026-02-04,p_4DVJGJ,Matías Fernández,77.0,2.0,77.0
2026-02-10,p_4DVJGJ,Matías Fernández,75.33333333333333,3.0,75.33333333333333
2026-02-15,p_4DVJGJ,Matías Fernández,75.75,4.0,75.75
2026-02-21,p_4DVJGJ,Matías Fernández,75.0,5.0,75.0
2026-02-26,p_4DVJGJ,Matías Fernández,76.66666666666667,6.0,75.4
2026-03-03,p_4DVJGJ,Matías Fernández,75.42857142857143,7.0,74.8
2026-03-12,p_4DVJGJ,Matías Fernández,76.5,8.0,77.2
2026-03-15,p_4DVJGJ,Matías Fernández,75.88888888888889,9.0,76.0
2026-03-23,p_4DVJGJ,Matías Fernández,77.3,10.0,79.6
2026-04-02,p_4DVJGJ,Matías Fernández,72.0,11.0,66.4
2026-04-11,p_4DVJGJ,Matías Fernández,71.75,12.0,66.6
2026-04-26,p_4DVJGJ,Matías Fernández,70.38461538461539,13.0,60.6
2026-05-10,p_4DVJGJ,Matías Fernández,70.5,14.0,60.8
2026-07-26,p_4DVJGJ,Matías Fernández,69.33333333333333,15.0,53.4
2026-07-30,p_4DVJGJ,Matías Fernández,70.4375,16.0,67.0
2026-08-08,p_4DVJGJ,Matías Fernández,71.17647058823529,17.0,69.8
2026-08-22,p_4DVJGJ,Matías Fernández,71.72222222222223,18.0,75.2
2026-08-31,p_4DVJGJ,Matías Fernández,72.47368421052632,19.0,78.0
2026-09-06,p_4DVJGJ,Matías Fernández,73.35,20.0,85.4
2026-09-12,p_4DVJGJ,Matías Fernández,74.14285714285714,21.0,86.0
2026-03-12,p_4Dwu6c,Matías Tissera,,0.0,
2026-03-22,p_4Dwu6c,Matías Tissera,30.0,1.0,30.0
2026-04-07,p_4Dwu6c,Matías Tissera,26.0,2.0,26.0
2026-04-11,p_4Dwu6c,Matías Tissera,21.333333333333332,3.0,21.333333333333332
2026-04-18,p_4Dwu6c,Matías Tissera,22.75,4.0,22.75
2026-04-26,p_4Dwu6c,Matías Tissera,22.4,5.0,22.4
2026-07-24,p_4Dwu6c,Matías Tissera,23.666666666666668,6.0,22.4
2026-07-30,p_4Dwu6c,Matías Tissera,29.714285714285715,7.0,31.2
2026-08-03,p_4Dwu6c,Matías Tissera,35.75,8.0,44.4
2026-08-09,p_4Dwu6c,Matías Tissera,39.0,9.0,52.0
2026-08-16,p_4Dwu6c,Matías Tissera,42.8,10.0,63.2
2026-08-22,p_4Dwu6c,Matías Tissera,44.72727272727273,11.0,70.0
2026-09-01,p_4Dwu6c,Matías Tissera,46.916666666666664,12.0,71.0
2026-09-08,p_4Dwu6c,Matías Tissera,48.92307692307692,13.0,70.0
2026-09-15,p_4Dwu6c,Matías Tissera,49.57142857142857,14.0,68.6
2026-09-15,p_4Dwu6c,Matías Tissera,50.8,15.0,66.8
2026-01-26,p_4EUErB,Diego Porcel,,0.0,
2026-01-30,p_4EUErB,Diego Porcel,90.0,1.0,90.0
2026-02-03,p_4EUErB,Diego Porcel,78.0,2.0,78.0
2026-02-07,p_4EUErB,Diego Porcel,62.333333333333336,3.0,62.333333333333336
2026-02-13,p_4EUErB,Diego Porcel,63.75,4.0,63.75
2026-03-01,p_4EUErB,Diego Porcel,52.4,5.0,52.4
2026-03-11,p_4EUErB,Diego Porcel,58.666666666666664,6.0,52.4
2026-03-16,p_4EUErB,Diego Porcel,58.714285714285715,7.0,51.0
2026-03-23,p_4EUErB,Diego Porcel,52.75,8.0,47.0
2026-03-27,p_4EUErB,Diego Porcel,49.55555555555556,9.0,38.2
2026-04-11,p_4EUErB,Diego Porcel,46.0,10.0,39.6
2026-04-19,p_4EUErB,Diego Porcel,43.90909090909091,11.0,26.2
2026-04-28,p_4EUErB,Diego Porcel,40.333333333333336,12.0,14.6
2026-05-03,p_4EUErB,Diego Porcel,38.15384615384615,13.0,14.8
2026-05-10,p_4EUErB,Diego Porcel,36.285714285714285,14.0,12.4
2026-07-23,p_4EUErB,Diego Porcel,35.86666666666667,15.0,15.6
2026-08-01,p_4EUErB,Diego Porcel,34.75,16.0,14.6
2026-08-09,p_4EUErB,Diego Porcel,33.529411764705884,17.0,17.2
2026-08-16,p_4EUErB,Diego Porcel,32.72222222222222,18.0,18.6
2026-08-25,p_4EUErB,Diego Porcel,31.42105263157895,19.0,17.8
2026-09-07,p_4EUErB,Diego Porcel,32.95,20.0,24.2
2026-09-13,p_4EUErB,Diego Porcel,31.666666666666668,21.0,21.8
2026-04-19,p_4F04Gf,Néstor Breitenbruch,,0.0,
2026-04-26,p_4F04Gf,Néstor Breitenbruch,90.0,1.0,90.0
2026-05-03,p_4F04Gf,Néstor Breitenbruch,90.0,2.0,90.0
2026-07-29,p_4F04Gf,Néstor Breitenbruch,90.0,3.0,90.0
2026-08-07,p_4F04Gf,Néstor Breitenbruch,90.0,4.0,90.0
2026-08-21,p_4F04Gf,Néstor Breitenbruch,90.0,5.0,90.0
2026-08-30,p_4F04Gf,Néstor Breitenbruch,90.0,6.0,90.0
2026-09-05,p_4F04Gf,Néstor Breitenbruch,90.0,7.0,90.0
2026-09-12,p_4F04Gf,Néstor Breitenbruch,90.0,8.0,90.0
2026-01-23,p_4F21o7,Ignacio Pussetto,,0.0,
2026-01-28,p_4F21o7,Ignacio Pussetto,9.0,1.0,9.0
2026-01-31,p_4F21o7,Ignacio Pussetto,7.5,2.0,7.5
2026-02-08,p_4F21o7,Ignacio Pussetto,7.333333333333333,3.0,7.333333333333333
2026-02-13,p_4F21o7,Ignacio Pussetto,10.75,4.0,10.75
2026-02-21,p_4F21o7,Ignacio Pussetto,16.2,5.0,16.2
2026-02-25,p_4F21o7,Ignacio Pussetto,21.0,6.0,23.4
2026-02-28,p_4F21o7,Ignacio Pussetto,29.571428571428573,7.0,38.4
2026-03-10,p_4F21o7,Ignacio Pussetto,34.75,8.0,51.2
2026-03-17,p_4F21o7,Ignacio Pussetto,37.888888888888886,9.0,59.6
2026-08-09,p_4F21o7,Ignacio Pussetto,41.6,10.0,67.0
2026-08-16,p_4F21o7,Ignacio Pussetto,40.0,11.0,62.8
2026-08-23,p_4F21o7,Ignacio Pussetto,40.416666666666664,12.0,55.6
2026-08-29,p_4F21o7,Ignacio Pussetto,43.46153846153846,13.0,57.4
2026-07-29,p_4F8wxo,Santino Gianini,,0.0,
2026-01-23,p_4FAIfZ,Alexis Castro,,0.0,
2026-01-29,p_4FAIfZ,Alexis Castro,22.0,1.0,22.0
2026-02-02,p_4FAIfZ,Alexis Castro,15.0,2.0,15.0
2026-02-09,p_4FAIfZ,Alexis Castro,25.0,3.0,25.0
2026-02-15,p_4FAIfZ,Alexis Castro,20.0,4.0,20.0
2026-02-20,p_4FAIfZ,Alexis Castro,28.6,5.0,28.6
2026-03-13,p_4FAIfZ,Alexis Castro,36.333333333333336,6.0,39.2
2026-03-18,p_4FAIfZ,Alexis Castro,31.285714285714285,7.0,37.8
2026-03-23,p_4FAIfZ,Alexis Castro,38.5,8.0,46.6
2026-04-03,p_4FAIfZ,Alexis Castro,42.111111111111114,9.0,59.8
2026-04-11,p_4FAIfZ,Alexis Castro,44.6,10.0,60.6
2026-04-18,p_4FAIfZ,Alexis Castro,45.63636363636363,11.0,56.8
2026-04-25,p_4FAIfZ,Alexis Castro,43.583333333333336,12.0,60.8
2026-05-03,p_4FAIfZ,Alexis Castro,40.92307692307692,13.0,44.8
2026-05-10,p_4FAIfZ,Alexis Castro,43.285714285714285,14.0,45.4
2026-07-26,p_4FAIfZ,Alexis Castro,42.666666666666664,15.0,38.8
2026-08-01,p_4FAIfZ,Alexis Castro,44.5,16.0,42.0
2026-08-05,p_4FAIfZ,Alexis Castro,46.05882352941177,17.0,52.0
2026-08-08,p_4FAIfZ,Alexis Castro,47.27777777777778,18.0,63.8
2026-08-15,p_4FAIfZ,Alexis Castro,46.36842105263158,19.0,55.0
2026-08-23,p_4FAIfZ,Alexis Castro,48.55,20.0,66.2
2026-08-31,p_4FAIfZ,Alexis Castro,49.80952380952381,21.0,66.8
2026-09-06,p_4FAIfZ,Alexis Castro,49.59090909090909,22.0,61.6
2026-09-12,p_4FAIfZ,Alexis Castro,51.34782608695652,23.0,66.0
2026-01-22,p_4FS6tr,Santiago Sosa,,0.0,
2026-01-29,p_4FS6tr,Santiago Sosa,90.0,1.0,90.0
2026-02-02,p_4FS6tr,Santiago Sosa,90.0,2.0,90.0
2026-02-08,p_4FS6tr,Santiago Sosa,90.0,3.0,90.0
2026-02-14,p_4FS6tr,Santiago Sosa,85.75,4.0,85.75
2026-02-20,p_4FS6tr,Santiago Sosa,86.6,5.0,86.6
2026-03-02,p_4FS6tr,Santiago Sosa,86.16666666666667,6.0,85.4
2026-03-12,p_4FS6tr,Santiago Sosa,86.71428571428571,7.0,85.4
2026-03-16,p_4FS6tr,Santiago Sosa,87.125,8.0,85.4
2026-03-21,p_4FS6tr,Santiago Sosa,87.44444444444444,9.0,88.8
2026-04-07,p_4FS6tr,Santiago Sosa,87.7,10.0,88.8
2026-04-13,p_4FS6tr,Santiago Sosa,87.9090909090909,11.0,90.0
2026-04-18,p_4FS6tr,Santiago Sosa,88.08333333333333,12.0,90.0
2026-04-23,p_4FS6tr,Santiago Sosa,86.76923076923077,13.0,86.2
2026-05-04,p_4FS6tr,Santiago Sosa,87.0,14.0,86.2
2026-07-24,p_4FS6tr,Santiago Sosa,85.93333333333334,15.0,82.4
2026-07-29,p_4FS6tr,Santiago Sosa,86.1875,16.0,82.4
2026-08-01,p_4FS6tr,Santiago Sosa,86.41176470588235,17.0,82.4
2026-08-09,p_4FS6tr,Santiago Sosa,85.16666666666667,18.0,81.0
2026-08-17,p_4FS6tr,Santiago Sosa,85.42105263157895,19.0,81.0
2026-08-23,p_4FS6tr,Santiago Sosa,85.65,20.0,84.8
2026-08-31,p_4FS6tr,Santiago Sosa,85.85714285714286,21.0,84.8
2026-09-06,p_4FS6tr,Santiago Sosa,84.95454545454545,22.0,80.0
2026-09-11,p_4FS6tr,Santiago Sosa,85.17391304347827,23.0,85.2
2026-03-25,p_4FfIyJ,José Devecchi,,0.0,
2026-05-02,p_4FfIyJ,José Devecchi,90.0,1.0,90.0
2026-08-09,p_4FfIyJ,José Devecchi,90.0,2.0,90.0
2026-08-15,p_4FfIyJ,José Devecchi,69.0,3.0,69.0
2026-08-21,p_4FfIyJ,José Devecchi,74.25,4.0,74.25
2026-09-01,p_4FfIyJ,José Devecchi,77.4,5.0,77.4
2026-09-05,p_4FfIyJ,José Devecchi,79.5,6.0,77.4
2026-09-13,p_4FfIyJ,José Devecchi,81.0,7.0,77.4
2026-02-16,p_4FySL8,Franco Orozco,,0.0,
2026-02-21,p_4FySL8,Franco Orozco,16.0,1.0,16.0
2026-03-01,p_4FySL8,Franco Orozco,24.0,2.0,24.0
2026-07-24,p_4GXUEa,Joaquín Pombo,,0.0,
2026-07-29,p_4GXUEa,Joaquín Pombo,90.0,1.0,90.0
2026-08-02,p_4GXUEa,Joaquín Pombo,90.0,2.0,90.0
2026-08-07,p_4GXUEa,Joaquín Pombo,90.0,3.0,90.0
2026-08-15,p_4GXUEa,Joaquín Pombo,78.75,4.0,78.75
2026-08-21,p_4GXUEa,Joaquín Pombo,81.0,5.0,81.0
2026-08-30,p_4GXUEa,Joaquín Pombo,82.5,6.0,81.0
2026-09-05,p_4GXUEa,Joaquín Pombo,83.57142857142857,7.0,81.0
2026-09-12,p_4GXUEa,Joaquín Pombo,84.375,8.0,81.0
2026-01-24,p_4GYgI9,Facundo Bruera,,0.0,
2026-01-28,p_4GYgI9,Facundo Bruera,90.0,1.0,90.0
2026-02-01,p_4GYgI9,Facundo Bruera,55.0,2.0,55.0
2026-02-09,p_4GYgI9,Facundo Bruera,42.666666666666664,3.0,42.666666666666664
2026-02-16,p_4GYgI9,Facundo Bruera,54.5,4.0,54.5
2026-02-21,p_4GYgI9,Facundo Bruera,61.6,5.0,61.6
2026-02-25,p_4GYgI9,Facundo Bruera,61.5,6.0,55.8
2026-03-01,p_4GYgI9,Facundo Bruera,65.57142857142857,7.0,69.8
2026-03-16,p_4GYgI9,Facundo Bruera,68.625,8.0,84.2
2026-03-24,p_4GYgI9,Facundo Bruera,66.0,9.0,75.2
2026-04-02,p_4GYgI9,Facundo Bruera,67.7,10.0,73.8
2026-04-12,p_4GYgI9,Facundo Bruera,65.63636363636364,11.0,70.6
2026-04-20,p_4GYgI9,Facundo Bruera,62.416666666666664,12.0,58.0
2026-04-25,p_4GYgI9,Facundo Bruera,64.53846153846153,13.0,58.0
2026-05-02,p_4GYgI9,Facundo Bruera,62.0,14.0,54.8
2026-08-02,p_4GYgI9,Facundo Bruera,63.13333333333333,15.0,54.0
2026-08-09,p_4GYgI9,Facundo Bruera,64.625,16.0,62.4
2026-08-17,p_4GYgI9,Facundo Bruera,66.11764705882354,17.0,75.0
2026-08-23,p_4GYgI9,Facundo Bruera,67.44444444444444,18.0,75.0
2026-09-01,p_4GYgI9,Facundo Bruera,68.36842105263158,19.0,86.2
2026-09-07,p_4GYgI9,Facundo Bruera,67.2,20.0,79.4
2026-02-07,p_4HG9bI,Facundo De La Vega,,0.0,
2026-02-12,p_4HG9bI,Facundo De La Vega,26.0,1.0,26.0
2026-02-23,p_4HG9bI,Facundo De La Vega,16.5,2.0,16.5
2026-04-04,p_4HG9bI,Facundo De La Vega,17.333333333333332,3.0,17.333333333333332
2026-04-11,p_4HG9bI,Facundo De La Vega,20.0,4.0,20.0
2026-01-24,p_4HZbhQ,Armando Mendez,,0.0,
2026-01-28,p_4HZbhQ,Armando Mendez,90.0,1.0,90.0
2026-02-01,p_4HZbhQ,Armando Mendez,90.0,2.0,90.0
2026-02-08,p_4HZbhQ,Armando Mendez,90.0,3.0,90.0
2026-02-16,p_4HZbhQ,Armando Mendez,90.0,4.0,90.0
2026-02-21,p_4HZbhQ,Armando Mendez,90.0,5.0,90.0
2026-02-25,p_4HZbhQ,Armando Mendez,90.0,6.0,90.0
2026-03-01,p_4HZbhQ,Armando Mendez,90.0,7.0,90.0
2026-03-11,p_4HZbhQ,Armando Mendez,84.375,8.0,81.0
2026-03-21,p_4HZbhQ,Armando Mendez,85.0,9.0,81.0
2026-04-12,p_4HZbhQ,Armando Mendez,85.5,10.0,81.0
2026-04-17,p_4HZbhQ,Armando Mendez,84.63636363636364,11.0,78.2
2026-04-26,p_4HZbhQ,Armando Mendez,83.0,12.0,73.2
2026-05-04,p_4HZbhQ,Armando Mendez,83.53846153846153,13.0,82.2
2026-01-24,p_4HjiAr,Santiago Beltrán,,0.0,
2026-01-28,p_4HjiAr,Santiago Beltrán,90.0,1.0,90.0
2026-02-02,p_4HjiAr,Santiago Beltrán,90.0,2.0,90.0
2026-02-07,p_4HjiAr,Santiago Beltrán,90.0,3.0,90.0
2026-02-13,p_4HjiAr,Santiago Beltrán,90.0,4.0,90.0
2026-02-22,p_4HjiAr,Santiago Beltrán,90.0,5.0,90.0
2026-02-26,p_4HjiAr,Santiago Beltrán,82.5,6.0,81.0
2026-03-03,p_4HjiAr,Santiago Beltrán,83.57142857142857,7.0,81.0
2026-03-13,p_4HjiAr,Santiago Beltrán,84.375,8.0,81.0
2026-03-15,p_4HjiAr,Santiago Beltrán,85.0,9.0,81.0
2026-03-22,p_4HjiAr,Santiago Beltrán,85.5,10.0,81.0
2026-04-05,p_4HjiAr,Santiago Beltrán,85.9090909090909,11.0,90.0
2026-04-12,p_4HjiAr,Santiago Beltrán,86.25,12.0,90.0
2026-04-19,p_4HjiAr,Santiago Beltrán,86.53846153846153,13.0,90.0
2026-04-26,p_4HjiAr,Santiago Beltrán,86.78571428571429,14.0,90.0
2026-05-03,p_4HjiAr,Santiago Beltrán,87.0,15.0,90.0
2026-05-10,p_4HjiAr,Santiago Beltrán,87.1875,16.0,90.0
2026-05-14,p_4HjiAr,Santiago Beltrán,89.11764705882354,17.0,96.0
2026-05-16,p_4HjiAr,Santiago Beltrán,89.16666666666667,18.0,96.0
2026-05-24,p_4HjiAr,Santiago Beltrán,89.21052631578948,19.0,96.0
2026-07-25,p_4HjiAr,Santiago Beltrán,89.25,20.0,96.0
2026-07-29,p_4HjiAr,Santiago Beltrán,89.28571428571429,21.0,96.0
2026-08-02,p_4HjiAr,Santiago Beltrán,89.31818181818181,22.0,90.0
2026-08-08,p_4HjiAr,Santiago Beltrán,89.34782608695652,23.0,90.0
2026-08-16,p_4HjiAr,Santiago Beltrán,89.375,24.0,90.0
2026-08-23,p_4HjiAr,Santiago Beltrán,89.4,25.0,90.0
2026-08-30,p_4HjiAr,Santiago Beltrán,89.42307692307692,26.0,90.0
2026-09-06,p_4HjiAr,Santiago Beltrán,89.44444444444444,27.0,90.0
2026-09-12,p_4HjiAr,Santiago Beltrán,89.46428571428571,28.0,90.0
2026-01-27,p_4HmUN6,Joaquín García,,0.0,
2026-02-09,p_4HmUN6,Joaquín García,11.0,1.0,11.0
2026-02-14,p_4HmUN6,Joaquín García,50.5,2.0,50.5
2026-02-22,p_4HmUN6,Joaquín García,63.666666666666664,3.0,63.666666666666664
2026-02-25,p_4HmUN6,Joaquín García,70.25,4.0,70.25
2026-03-02,p_4HmUN6,Joaquín García,72.2,5.0,72.2
2026-03-21,p_4HmUN6,Joaquín García,75.16666666666667,6.0,88.0
2026-04-03,p_4HmUN6,Joaquín García,76.85714285714286,7.0,87.4
2026-04-14,p_4HmUN6,Joaquín García,78.5,8.0,87.4
2026-04-20,p_4HmUN6,Joaquín García,79.77777777777777,9.0,87.4
2026-04-27,p_4HmUN6,Joaquín García,80.8,10.0,89.4
2026-05-04,p_4HmUN6,Joaquín García,81.63636363636364,11.0,89.4
2026-05-11,p_4HmUN6,Joaquín García,82.33333333333333,12.0,90.0
2026-07-24,p_4HmUN6,Joaquín García,82.23076923076923,13.0,88.2
2026-07-30,p_4HmUN6,Joaquín García,82.78571428571429,14.0,88.2
2026-08-08,p_4HmUN6,Joaquín García,83.26666666666667,15.0,88.2
2026-08-17,p_4HmUN6,Joaquín García,83.6875,16.0,88.2
2026-08-23,p_4HmUN6,Joaquín García,84.05882352941177,17.0,88.2
2026-08-29,p_4HmUN6,Joaquín García,84.38888888888889,18.0,90.0
2026-09-06,p_4HmUN6,Joaquín García,84.6842105263158,19.0,90.0
2026-09-11,p_4HmUN6,Joaquín García,84.95,20.0,90.0
2026-01-23,p_4HrltX,Luciano Cingolani,,0.0,
2026-01-27,p_4HrltX,Luciano Cingolani,28.0,1.0,28.0
2026-02-03,p_4HrltX,Luciano Cingolani,19.0,2.0,19.0
2026-02-21,p_4HrltX,Luciano Cingolani,19.666666666666668,3.0,19.666666666666668
2026-02-25,p_4HrltX,Luciano Cingolani,26.0,4.0,26.0
2026-03-21,p_4HrltX,Luciano Cingolani,29.8,5.0,29.8
2026-05-04,p_4HrltX,Luciano Cingolani,27.5,6.0,27.4
2026-07-24,p_4HrltX,Luciano Cingolani,33.857142857142854,7.0,39.8
2026-07-28,p_4HrltX,Luciano Cingolani,32.875,8.0,40.8
2026-08-01,p_4HrltX,Luciano Cingolani,31.444444444444443,9.0,35.8
2026-08-09,p_4HrltX,Luciano Cingolani,32.8,10.0,35.8
2026-08-18,p_4HrltX,Luciano Cingolani,36.09090909090909,11.0,46.4
2026-08-22,p_4HrltX,Luciano Cingolani,39.083333333333336,12.0,46.4
2026-08-30,p_4HrltX,Luciano Cingolani,42.30769230769231,13.0,57.4
2026-09-05,p_4HrltX,Luciano Cingolani,43.785714285714285,14.0,66.0
2026-09-11,p_4HrltX,Luciano Cingolani,46.266666666666666,15.0,73.2
2026-01-22,p_4IA6aI,Tomás Fernández,,0.0,
2026-01-28,p_4IA6aI,Tomás Fernández,21.0,1.0,21.0
2026-02-02,p_4IA6aI,Tomás Fernández,18.5,2.0,18.5
2026-02-07,p_4IA6aI,Tomás Fernández,22.666666666666668,3.0,22.666666666666668
2026-02-12,p_4IA6aI,Tomás Fernández,33.0,4.0,33.0
2026-03-16,p_4IA6aI,Tomás Fernández,29.6,5.0,29.6
2026-04-11,p_4IA6aI,Tomás Fernández,38.333333333333336,6.0,41.8
2026-04-26,p_4IA6aI,Tomás Fernández,39.285714285714285,7.0,47.6
2026-05-03,p_4IA6aI,Tomás Fernández,42.625,8.0,54.6
2026-07-24,p_4IA6aI,Tomás Fernández,46.888888888888886,9.0,58.0
2026-07-29,p_4IA6aI,Tomás Fernández,49.9,10.0,70.2
2026-08-02,p_4IA6aI,Tomás Fernández,49.45454545454545,11.0,62.8
2026-08-07,p_4IA6aI,Tomás Fernández,49.083333333333336,12.0,62.8
2026-09-05,p_4IA6aI,Tomás Fernández,52.23076923076923,13.0,67.6
2026-09-12,p_4IA6aI,Tomás Fernández,51.714285714285715,14.0,60.4
2026-01-26,p_4INIHb,David Romero,,0.0,
2026-01-29,p_4INIHb,David Romero,67.0,1.0,67.0
2026-02-02,p_4INIHb,David Romero,66.5,2.0,66.5
2026-02-07,p_4INIHb,David Romero,69.66666666666667,3.0,69.66666666666667
2026-02-12,p_4INIHb,David Romero,72.25,4.0,72.25
2026-02-22,p_4INIHb,David Romero,72.0,5.0,72.0
2026-02-25,p_4INIHb,David Romero,75.0,6.0,76.6
2026-03-02,p_4INIHb,David Romero,75.57142857142857,7.0,79.2
2026-03-10,p_4INIHb,David Romero,77.375,8.0,82.0
2026-03-21,p_4INIHb,David Romero,72.88888888888889,9.0,73.4
2026-04-02,p_4INIHb,David Romero,67.7,10.0,63.4
2026-05-03,p_4INIHb,David Romero,69.72727272727273,11.0,63.4
2026-01-24,p_4Iz6rB,Alejo Osella,,0.0,
2026-01-27,p_4Iz6rB,Alejo Osella,90.0,1.0,90.0
2026-02-04,p_4Iz6rB,Alejo Osella,86.0,2.0,86.0
2026-02-10,p_4Iz6rB,Alejo Osella,84.33333333333333,3.0,84.33333333333333
2026-02-15,p_4Iz6rB,Alejo Osella,82.5,4.0,82.5
2026-02-21,p_4Iz6rB,Alejo Osella,77.8,5.0,77.8
2026-02-26,p_4Iz6rB,Alejo Osella,76.66666666666667,6.0,74.0
2026-03-03,p_4Iz6rB,Alejo Osella,77.28571428571429,7.0,73.8
2026-03-12,p_4Iz6rB,Alejo Osella,77.375,8.0,73.2
2026-03-15,p_4Iz6rB,Alejo Osella,75.11111111111111,9.0,69.2
2026-04-11,p_4Iz6rB,Alejo Osella,68.8,10.0,59.8
2026-04-20,p_4Iz6rB,Alejo Osella,70.72727272727273,11.0,63.6
2026-05-03,p_4Iz6rB,Alejo Osella,72.33333333333333,12.0,65.4
2026-07-30,p_4Iz6rB,Alejo Osella,73.6923076923077,13.0,67.8
2026-08-08,p_4Iz6rB,Alejo Osella,68.92857142857143,14.0,57.8
2026-08-15,p_4Iz6rB,Alejo Osella,68.8,15.0,68.8
2026-08-31,p_4Iz6rB,Alejo Osella,70.125,16.0,68.8
2026-09-06,p_4Iz6rB,Alejo Osella,66.05882352941177,17.0,51.0
2026-08-15,p_4JGs42,Joaquín Correa,,0.0,
2026-08-23,p_4JGs42,Joaquín Correa,29.0,1.0,29.0
2026-08-31,p_4JGs42,Joaquín Correa,59.5,2.0,59.5
2026-09-06,p_4JGs42,Joaquín Correa,64.33333333333333,3.0,64.33333333333333
2026-09-12,p_4JGs42,Joaquín Correa,59.5,4.0,59.5
2026-03-12,p_4JpOk4,Rodrigo Guth,,0.0,
2026-05-02,p_4JpOk4,Rodrigo Guth,45.0,1.0,45.0
2026-01-24,p_4JwCQA,Matías Cóccaro,,0.0,
2026-01-28,p_4JwCQA,Matías Cóccaro,25.0,1.0,25.0
2026-02-01,p_4JwCQA,Matías Cóccaro,57.5,2.0,57.5
2026-02-08,p_4JwCQA,Matías Cóccaro,62.0,3.0,62.0
2026-02-16,p_4JwCQA,Matías Cóccaro,69.0,4.0,69.0
2026-03-21,p_4JwCQA,Matías Cóccaro,61.2,5.0,61.2
2026-04-05,p_4JwCQA,Matías Cóccaro,62.5,6.0,70.0
2026-04-12,p_4JwCQA,Matías Cóccaro,65.71428571428571,7.0,69.0
2026-04-26,p_4JwCQA,Matías Cóccaro,60.375,8.0,59.4
2026-05-04,p_4JwCQA,Matías Cóccaro,60.77777777777778,9.0,54.2
2026-07-25,p_4JwCQA,Matías Cóccaro,59.2,10.0,57.2
2026-07-31,p_4JwCQA,Matías Cóccaro,60.72727272727273,11.0,58.6
2026-08-02,p_4JwCQA,Matías Cóccaro,57.416666666666664,12.0,45.8
2026-08-23,p_4JwCQA,Matías Cóccaro,58.07692307692308,13.0,54.4
2026-08-31,p_4JwCQA,Matías Cóccaro,57.142857142857146,14.0,50.6
2026-09-06,p_4JwCQA,Matías Cóccaro,58.666666666666664,15.0,57.6
2026-09-11,p_4JwCQA,Matías Cóccaro,60.625,16.0,60.4
2026-01-23,p_4K6xaC,Bautista Gerez,,0.0,
2026-02-16,p_4K6xaC,Bautista Gerez,10.0,1.0,10.0
2026-02-25,p_4KHTxx,Damián Martínez,,0.0,
2026-03-01,p_4KHTxx,Damián Martínez,18.0,1.0,18.0
2026-03-12,p_4KHTxx,Damián Martínez,31.5,2.0,31.5
2026-03-16,p_4KHTxx,Damián Martínez,49.333333333333336,3.0,49.333333333333336
2026-03-24,p_4KHTxx,Damián Martínez,48.25,4.0,48.25
2026-04-02,p_4KHTxx,Damián Martínez,55.0,5.0,55.0
2026-04-12,p_4KHTxx,Damián Martínez,53.333333333333336,6.0,60.4
2026-04-20,p_4KHTxx,Damián Martínez,56.57142857142857,7.0,66.6
2026-04-25,p_4KHTxx,Damián Martínez,57.5,8.0,62.4
2026-05-02,p_4KHTxx,Damián Martínez,56.111111111111114,9.0,62.4
2026-09-01,p_4KHTxx,Damián Martínez,51.6,10.0,48.2
2026-09-07,p_4KHTxx,Damián Martínez,52.81818181818182,11.0,52.2
2026-09-14,p_4KHTxx,Damián Martínez,55.833333333333336,12.0,54.8
2026-09-14,p_4KHTxx,Damián Martínez,55.0,13.0,51.0
2026-09-06,p_4KU2ay,Franco Calderón,,0.0,
2026-01-26,p_4KUy2b,Jhon Rentería,,0.0,
2026-01-30,p_4KUy2b,Jhon Rentería,57.0,1.0,57.0
2026-02-04,p_4KUy2b,Jhon Rentería,73.5,2.0,73.5
2026-02-14,p_4KUy2b,Jhon Rentería,76.66666666666667,3.0,76.66666666666667
2026-02-20,p_4KUy2b,Jhon Rentería,62.5,4.0,62.5
2026-02-26,p_4KUy2b,Jhon Rentería,54.2,5.0,54.2
2026-03-11,p_4KUy2b,Jhon Rentería,52.666666666666664,6.0,51.8
2026-04-13,p_4KUy2b,Jhon Rentería,47.57142857142857,7.0,37.2
2026-07-28,p_4KUy2b,Jhon Rentería,45.625,8.0,27.0
2026-01-23,p_4L0APC,Rodrigo Fernández,,0.0,
2026-01-28,p_4L0APC,Rodrigo Fernández,90.0,1.0,90.0
2026-01-31,p_4L0APC,Rodrigo Fernández,90.0,2.0,90.0
2026-02-13,p_4L0APC,Rodrigo Fernández,90.0,3.0,90.0
2026-02-25,p_4L0APC,Rodrigo Fernández,71.0,4.0,71.0
2026-02-28,p_4L0APC,Rodrigo Fernández,65.8,5.0,65.8
2026-03-10,p_4L0APC,Rodrigo Fernández,55.0,6.0,48.0
2026-03-17,p_4L0APC,Rodrigo Fernández,48.42857142857143,7.0,31.8
2026-03-21,p_4L0APC,Rodrigo Fernández,49.625,8.0,25.4
2026-04-11,p_4L0APC,Rodrigo Fernández,46.77777777777778,9.0,27.4
2026-04-18,p_4L0APC,Rodrigo Fernández,42.8,10.0,19.8
2026-05-02,p_4L0APC,Rodrigo Fernández,40.90909090909091,11.0,24.0
2026-08-09,p_4L0APC,Rodrigo Fernández,39.583333333333336,12.0,27.2
2026-08-16,p_4L0APC,Rodrigo Fernández,43.46153846153846,13.0,33.6
2026-08-23,p_4L0APC,Rodrigo Fernández,46.785714285714285,14.0,46.8
2026-08-29,p_4L0APC,Rodrigo Fernández,49.666666666666664,15.0,63.4
2026-09-04,p_4L0APC,Rodrigo Fernández,51.875,16.0,76.0
2026-09-14,p_4L0APC,Rodrigo Fernández,54.11764705882353,17.0,89.0
2026-09-14,p_4L0APC,Rodrigo Fernández,56.111111111111114,18.0,89.0
2026-02-09,p_4LMFQ0,Diego Mondino,,0.0,
2026-02-14,p_4LMFQ0,Diego Mondino,9.0,1.0,9.0
2026-02-21,p_4LMFQ0,Diego Mondino,49.5,2.0,49.5
2026-03-12,p_4LMFQ0,Diego Mondino,63.0,3.0,63.0
2026-03-18,p_4LMFQ0,Diego Mondino,60.25,4.0,60.25
2026-03-21,p_4LMFQ0,Diego Mondino,66.2,5.0,66.2
2026-04-03,p_4LMFQ0,Diego Mondino,70.16666666666667,6.0,82.4
2026-04-12,p_4LMFQ0,Diego Mondino,73.0,7.0,82.4
2026-04-21,p_4LMFQ0,Diego Mondino,75.125,8.0,82.4
2026-04-26,p_4LMFQ0,Diego Mondino,76.77777777777777,9.0,90.0
2026-05-04,p_4LMFQ0,Diego Mondino,78.1,10.0,90.0
2026-07-24,p_4LMFQ0,Diego Mondino,79.18181818181819,11.0,90.0
2026-07-28,p_4LMFQ0,Diego Mondino,80.08333333333333,12.0,90.0
2026-08-18,p_4LMFQ0,Diego Mondino,77.38461538461539,13.0,81.0
2026-08-22,p_4LMFQ0,Diego Mondino,78.28571428571429,14.0,81.0
2026-08-30,p_4LMFQ0,Diego Mondino,76.53333333333333,15.0,73.4
2026-09-05,p_4LMFQ0,Diego Mondino,77.375,16.0,73.4
2026-09-11,p_4LMFQ0,Diego Mondino,78.05882352941177,17.0,73.2
2026-07-24,p_4LMZIq,Matías Kranevitter,,0.0,
2026-07-29,p_4LMZIq,Matías Kranevitter,7.0,1.0,7.0
2026-08-01,p_4LMZIq,Matías Kranevitter,11.5,2.0,11.5
2026-08-09,p_4LMZIq,Matías Kranevitter,37.666666666666664,3.0,37.666666666666664
2026-08-14,p_4LMZIq,Matías Kranevitter,48.75,4.0,48.75
2026-04-24,p_4LjeYn,Francisco Galván,,0.0,
2026-01-23,p_4LoI3o,Gastón Benedetti,,0.0,
2026-01-29,p_4LoI3o,Gastón Benedetti,90.0,1.0,90.0
2026-02-02,p_4LoI3o,Gastón Benedetti,90.0,2.0,90.0
2026-02-09,p_4LoI3o,Gastón Benedetti,90.0,3.0,90.0
2026-02-15,p_4LoI3o,Gastón Benedetti,90.0,4.0,90.0
2026-02-20,p_4LoI3o,Gastón Benedetti,90.0,5.0,90.0
2026-02-25,p_4LoI3o,Gastón Benedetti,90.0,6.0,90.0
2026-03-02,p_4LoI3o,Gastón Benedetti,90.0,7.0,90.0
2026-03-13,p_4LoI3o,Gastón Benedetti,89.625,8.0,89.4
2026-03-18,p_4LoI3o,Gastón Benedetti,89.66666666666667,9.0,89.4
2026-04-03,p_4LoI3o,Gastón Benedetti,89.7,10.0,89.4
2026-04-11,p_4LoI3o,Gastón Benedetti,82.54545454545455,11.0,73.6
2026-04-18,p_4LoI3o,Gastón Benedetti,78.0,12.0,61.2
2026-04-25,p_4LoI3o,Gastón Benedetti,78.92307692307692,13.0,61.8
2026-08-01,p_4LoI3o,Gastón Benedetti,79.71428571428571,14.0,61.8
2026-08-05,p_4LoI3o,Gastón Benedetti,80.4,15.0,61.8
2026-08-15,p_4LoI3o,Gastón Benedetti,81.0,16.0,77.6
2026-08-31,p_4LoI3o,Gastón Benedetti,79.82352941176471,17.0,84.2
2026-09-06,p_4LoI3o,Gastón Benedetti,80.38888888888889,18.0,84.2
2026-09-12,p_4LoI3o,Gastón Benedetti,80.89473684210526,19.0,84.2
2026-01-23,p_4LvJZA,Matías Arias,,0.0,
2026-01-27,p_4LvJZA,Matías Arias,15.0,1.0,15.0
2026-03-02,p_4LvJZA,Matías Arias,30.0,2.0,30.0
2026-04-03,p_4LvJZA,Matías Arias,28.0,3.0,28.0
2026-05-04,p_4LvJZA,Matías Arias,28.25,4.0,28.25
2026-09-06,p_4LvJZA,Matías Arias,26.6,5.0,26.6
2026-01-24,p_4M9q4h,Enzo Taborda,,0.0,
2026-01-28,p_4M9q4h,Enzo Taborda,8.0,1.0,8.0
2026-02-01,p_4M9q4h,Enzo Taborda,17.5,2.0,17.5
2026-04-20,p_4M9q4h,Enzo Taborda,18.0,3.0,18.0
2026-04-25,p_4M9q4h,Enzo Taborda,20.0,4.0,20.0
2026-05-02,p_4M9q4h,Enzo Taborda,25.0,5.0,25.0
2026-08-17,p_4M9q4h,Enzo Taborda,28.333333333333332,6.0,32.4
2026-09-07,p_4M9q4h,Enzo Taborda,24.571428571428573,7.0,27.4
2026-09-14,p_4M9q4h,Enzo Taborda,22.625,8.0,25.4
2026-09-14,p_4M9q4h,Enzo Taborda,23.555555555555557,9.0,26.4
2026-07-25,p_4MAnmB,Lucas Bruera,,0.0,
2026-07-29,p_4MAnmB,Lucas Bruera,90.0,1.0,90.0
2026-08-01,p_4MAnmB,Lucas Bruera,90.0,2.0,90.0
2026-08-08,p_4MAnmB,Lucas Bruera,90.0,3.0,90.0
2026-08-17,p_4MAnmB,Lucas Bruera,90.0,4.0,90.0
2026-08-21,p_4MAnmB,Lucas Bruera,90.0,5.0,90.0
2026-08-29,p_4MAnmB,Lucas Bruera,90.0,6.0,90.0
2026-09-04,p_4MAnmB,Lucas Bruera,90.0,7.0,90.0
2026-09-15,p_4MAnmB,Lucas Bruera,90.0,8.0,90.0
2026-09-15,p_4MAnmB,Lucas Bruera,90.0,9.0,90.0
2026-02-02,p_4MG4bN,Franco Pardo,,0.0,
2026-02-07,p_4MG4bN,Franco Pardo,30.0,1.0,30.0
2026-02-14,p_4MG4bN,Franco Pardo,20.5,2.0,20.5
2026-02-20,p_4MG4bN,Franco Pardo,17.666666666666668,3.0,17.666666666666668
2026-02-26,p_4MG4bN,Franco Pardo,24.5,4.0,24.5
2026-03-04,p_4MG4bN,Franco Pardo,37.6,5.0,37.6
2026-03-11,p_4MG4bN,Franco Pardo,44.333333333333336,6.0,47.2
2026-03-16,p_4MG4bN,Franco Pardo,50.857142857142854,7.0,63.0
2026-03-22,p_4MG4bN,Franco Pardo,55.75,8.0,78.6
2026-04-19,p_4MG4bN,Franco Pardo,52.111111111111114,9.0,74.2
2026-04-25,p_4MG4bN,Franco Pardo,55.9,10.0,74.2
2026-05-03,p_4MG4bN,Franco Pardo,59.0,11.0,76.6
2026-05-10,p_4MG4bN,Franco Pardo,61.583333333333336,12.0,76.6
2026-05-13,p_4MG4bN,Franco Pardo,56.92307692307692,13.0,58.8
2026-01-30,p_4McWD1,Enzo Pérez,,0.0,
2026-02-03,p_4McWD1,Enzo Pérez,12.0,1.0,12.0
2026-02-07,p_4McWD1,Enzo Pérez,21.5,2.0,21.5
2026-02-13,p_4McWD1,Enzo Pérez,33.666666666666664,3.0,33.666666666666664
2026-04-19,p_4McWD1,Enzo Pérez,27.0,4.0,27.0
2026-05-10,p_4McWD1,Enzo Pérez,21.8,5.0,21.8
2026-05-13,p_4McWD1,Enzo Pérez,19.333333333333332,6.0,20.8
2026-05-17,p_4McWD1,Enzo Pérez,19.714285714285715,7.0,19.0
2026-04-01,p_4MmWJY,Benjamín Acosta,,0.0,
2026-08-17,p_4MmWJY,Benjamín Acosta,21.0,1.0,21.0
2026-08-29,p_4MmWJY,Benjamín Acosta,13.0,2.0,13.0
2026-01-29,p_4Mszzs,Adrián Spörle,,0.0,
2026-02-03,p_4Mszzs,Adrián Spörle,22.0,1.0,22.0
2026-02-08,p_4Mszzs,Adrián Spörle,37.5,2.0,37.5
2026-02-15,p_4Mszzs,Adrián Spörle,55.0,3.0,55.0
2026-02-20,p_4Mszzs,Adrián Spörle,63.75,4.0,63.75
2026-02-25,p_4Mszzs,Adrián Spörle,69.0,5.0,69.0
2026-03-03,p_4Mszzs,Adrián Spörle,72.5,6.0,82.6
2026-03-12,p_4Mszzs,Adrián Spörle,71.85714285714286,7.0,85.6
2026-04-11,p_4Mszzs,Adrián Spörle,67.875,8.0,75.6
2026-04-20,p_4Mszzs,Adrián Spörle,65.77777777777777,9.0,67.4
2026-04-26,p_4Mszzs,Adrián Spörle,59.6,10.0,50.2
2026-05-03,p_4Mszzs,Adrián Spörle,58.27272727272727,11.0,41.2
2026-05-09,p_4Mszzs,Adrián Spörle,60.916666666666664,12.0,45.6
2026-05-12,p_4Mszzs,Adrián Spörle,63.15384615384615,13.0,55.6
2026-05-17,p_4Mszzs,Adrián Spörle,65.07142857142857,14.0,63.8
2026-05-24,p_4Mszzs,Adrián Spörle,66.53333333333333,15.0,80.4
2026-07-23,p_4Mszzs,Adrián Spörle,68.0,16.0,89.4
2026-08-01,p_4Mszzs,Adrián Spörle,69.29411764705883,17.0,89.4
2026-08-06,p_4Mszzs,Adrián Spörle,70.16666666666667,18.0,88.4
2026-08-10,p_4Mszzs,Adrián Spörle,71.21052631578948,19.0,88.4
2026-08-15,p_4Mszzs,Adrián Spörle,72.15,20.0,89.0
2026-08-23,p_4Mszzs,Adrián Spörle,73.0,21.0,89.0
2026-08-30,p_4Mszzs,Adrián Spörle,73.77272727272727,22.0,89.0
2026-09-04,p_4Mszzs,Adrián Spörle,74.47826086956522,23.0,90.0
2026-09-13,p_4Mszzs,Adrián Spörle,75.125,24.0,90.0
2026-02-02,p_4NFYc4,Valentín Moreno,,0.0,
2026-02-07,p_4NFYc4,Valentín Moreno,90.0,1.0,90.0
2026-02-12,p_4NFYc4,Valentín Moreno,81.5,2.0,81.5
2026-02-22,p_4NFYc4,Valentín Moreno,84.33333333333333,3.0,84.33333333333333
2026-03-02,p_4NFYc4,Valentín Moreno,84.75,4.0,84.75
2026-03-10,p_4NFYc4,Valentín Moreno,85.8,5.0,85.8
2026-04-12,p_4NFYc4,Valentín Moreno,79.0,6.0,76.8
2026-04-21,p_4NFYc4,Valentín Moreno,80.57142857142857,7.0,80.2
2026-04-25,p_4NFYc4,Valentín Moreno,81.75,8.0,80.2
2026-08-01,p_4NFYc4,Valentín Moreno,81.0,9.0,78.0
2026-08-06,p_4NFYc4,Valentín Moreno,81.9,10.0,78.0
2026-08-08,p_4NFYc4,Valentín Moreno,82.63636363636364,11.0,87.0
2026-08-24,p_4NFYc4,Valentín Moreno,83.25,12.0,87.0
2026-09-01,p_4NFYc4,Valentín Moreno,83.76923076923077,13.0,87.0
2026-09-05,p_4NFYc4,Valentín Moreno,84.21428571428571,14.0,90.0
2026-09-13,p_4NFYc4,Valentín Moreno,83.8,15.0,87.6
2026-07-24,p_4NR58s,Elías López,,0.0,
2026-07-29,p_4NR58s,Elías López,13.0,1.0,13.0
2026-08-15,p_4NR58s,Elías López,37.5,2.0,37.5
2026-08-21,p_4NR58s,Elías López,55.0,3.0,55.0
2026-08-30,p_4NR58s,Elías López,63.75,4.0,63.75
2026-09-05,p_4NR58s,Elías López,56.4,5.0,56.4
2026-09-12,p_4NR58s,Elías López,62.0,6.0,71.8
2026-01-23,p_4NdBtx,Felipe Peña Biafore,,0.0,
2026-01-29,p_4NdBtx,Felipe Peña Biafore,5.0,1.0,5.0
2026-02-04,p_4NdBtx,Felipe Peña Biafore,3.0,2.0,3.0
2026-02-09,p_4NdBtx,Felipe Peña Biafore,5.0,3.0,5.0
2026-02-13,p_4NdBtx,Felipe Peña Biafore,15.0,4.0,15.0
2026-03-02,p_4NdBtx,Felipe Peña Biafore,30.0,5.0,30.0
2026-03-05,p_4NdBtx,Felipe Peña Biafore,40.0,6.0,47.0
2026-03-13,p_4NdBtx,Felipe Peña Biafore,35.42857142857143,7.0,48.4
2026-03-17,p_4NdBtx,Felipe Peña Biafore,42.0,8.0,64.2
2026-03-27,p_4NdBtx,Felipe Peña Biafore,39.333333333333336,9.0,58.8
2026-04-01,p_4NdBtx,Felipe Peña Biafore,36.6,10.0,43.2
2026-04-13,p_4NdBtx,Felipe Peña Biafore,36.36363636363637,11.0,32.0
2026-04-21,p_4NdBtx,Felipe Peña Biafore,33.666666666666664,12.0,31.2
2026-04-24,p_4NdBtx,Felipe Peña Biafore,38.0,13.0,31.6
2026-05-02,p_4NdBtx,Felipe Peña Biafore,40.92857142857143,14.0,43.8
2026-05-10,p_4NdBtx,Felipe Peña Biafore,41.2,15.0,50.4
2026-07-26,p_4NdBtx,Felipe Peña Biafore,39.3125,16.0,45.8
2026-08-03,p_4NdBtx,Felipe Peña Biafore,41.8235294117647,17.0,61.4
2026-08-06,p_4NdBtx,Felipe Peña Biafore,43.94444444444444,18.0,59.4
2026-08-12,p_4NdBtx,Felipe Peña Biafore,44.26315789473684,19.0,53.6
2026-08-17,p_4NdBtx,Felipe Peña Biafore,46.55,20.0,62.6
2026-08-25,p_4NdBtx,Felipe Peña Biafore,48.0,21.0,75.8
2026-08-29,p_4NdBtx,Felipe Peña Biafore,49.90909090909091,22.0,77.4
2026-09-06,p_4NdBtx,Felipe Peña Biafore,51.608695652173914,23.0,79.2
2026-09-14,p_4NdBtx,Felipe Peña Biafore,52.333333333333336,24.0,83.0
2026-09-14,p_4NdBtx,Felipe Peña Biafore,53.72,25.0,82.4
2026-01-25,p_4OBdka,Federico Ricca,,0.0,
2026-01-29,p_4OBdka,Federico Ricca,90.0,1.0,90.0
2026-02-03,p_4OBdka,Federico Ricca,79.0,2.0,79.0
2026-03-15,p_4OBdka,Federico Ricca,65.0,3.0,65.0
2026-03-22,p_4OBdka,Federico Ricca,71.25,4.0,71.25
2026-04-05,p_4OBdka,Federico Ricca,75.0,5.0,75.0
2026-04-11,p_4OBdka,Federico Ricca,77.5,6.0,75.0
2026-04-20,p_4OBdka,Federico Ricca,79.28571428571429,7.0,79.4
2026-04-26,p_4OBdka,Federico Ricca,80.125,8.0,89.2
2026-05-17,p_4OBdka,Federico Ricca,74.0,9.0,76.2
2026-05-24,p_4OBdka,Federico Ricca,69.6,10.0,64.2
2026-09-13,p_4OBdka,Federico Ricca,63.36363636363637,11.0,46.4
2026-02-03,p_4OJPBH,Tomás O'Connor,,0.0,
2026-02-09,p_4OJPBH,Tomás O'Connor,45.0,1.0,45.0
2026-04-12,p_4OJPBH,Tomás O'Connor,35.0,2.0,35.0
2026-04-21,p_4OJPBH,Tomás O'Connor,38.333333333333336,3.0,38.333333333333336
2026-08-09,p_4OJPBH,Tomás O'Connor,31.5,4.0,31.5
2026-08-18,p_4OJPBH,Tomás O'Connor,29.4,5.0,29.4
2026-08-22,p_4OJPBH,Tomás O'Connor,34.833333333333336,6.0,32.8
2026-08-30,p_4OJPBH,Tomás O'Connor,41.42857142857143,7.0,44.0
2026-09-05,p_4OJPBH,Tomás O'Connor,46.125,8.0,50.8
2026-02-14,p_4OP2tz,Nacho Pais,,0.0,
2026-02-21,p_4OP2tz,Nacho Pais,90.0,1.0,90.0
2026-02-26,p_4OP2tz,Nacho Pais,90.0,2.0,90.0
2026-03-03,p_4OP2tz,Nacho Pais,90.0,3.0,90.0
2026-03-11,p_4OP2tz,Nacho Pais,90.0,4.0,90.0
2026-03-15,p_4OP2tz,Nacho Pais,81.0,5.0,81.0
2026-03-21,p_4OP2tz,Nacho Pais,82.5,6.0,81.0
2026-04-06,p_4OP2tz,Nacho Pais,83.57142857142857,7.0,81.0
2026-04-13,p_4OP2tz,Nacho Pais,84.375,8.0,81.0
2026-04-20,p_4OP2tz,Nacho Pais,84.88888888888889,9.0,80.8
2026-04-26,p_4OP2tz,Nacho Pais,82.7,10.0,84.4
2026-05-02,p_4OP2tz,Nacho Pais,81.45454545454545,11.0,80.2
2026-07-25,p_4OP2tz,Nacho Pais,82.16666666666667,12.0,80.2
2026-07-28,p_4OP2tz,Nacho Pais,81.92307692307692,13.0,78.0
2026-08-01,p_4OP2tz,Nacho Pais,77.42857142857143,14.0,64.0
2026-08-10,p_4OP2tz,Nacho Pais,74.0,15.0,56.6
2026-08-14,p_4OP2tz,Nacho Pais,70.375,16.0,46.0
2026-08-30,p_4OP2tz,Nacho Pais,68.88235294117646,17.0,37.0
2026-09-05,p_4OP2tz,Nacho Pais,69.27777777777777,18.0,36.4
2026-01-26,p_4OfzNB,Tiago Serrago,,0.0,
2026-02-02,p_4OfzNB,Tiago Serrago,22.0,1.0,22.0
2026-02-07,p_4OfzNB,Tiago Serrago,33.5,2.0,33.5
2026-02-12,p_4OfzNB,Tiago Serrago,50.0,3.0,50.0
2026-02-22,p_4OfzNB,Tiago Serrago,52.25,4.0,52.25
2026-02-25,p_4OfzNB,Tiago Serrago,53.6,5.0,53.6
2026-03-10,p_4OfzNB,Tiago Serrago,48.5,6.0,53.8
2026-03-16,p_4OfzNB,Tiago Serrago,53.142857142857146,7.0,61.0
2026-04-02,p_4OfzNB,Tiago Serrago,54.0,8.0,56.4
2026-04-12,p_4OfzNB,Tiago Serrago,49.22222222222222,9.0,46.8
2026-04-25,p_4OfzNB,Tiago Serrago,50.0,10.0,46.4
2026-05-03,p_4OfzNB,Tiago Serrago,49.54545454545455,11.0,50.8
2026-07-25,p_4OfzNB,Tiago Serrago,50.333333333333336,12.0,46.4
2026-08-08,p_4OfzNB,Tiago Serrago,52.38461538461539,13.0,49.8
2026-08-15,p_4OfzNB,Tiago Serrago,54.785714285714285,14.0,64.8
2026-08-24,p_4OfzNB,Tiago Serrago,51.8,15.0,55.4
2026-09-01,p_4OfzNB,Tiago Serrago,49.75,16.0,50.2
2026-09-05,p_4OfzNB,Tiago Serrago,48.05882352941177,17.0,42.6
2026-09-13,p_4OfzNB,Tiago Serrago,50.388888888888886,18.0,45.2
2026-04-06,p_4OjYAE,Favio Álvarez,,0.0,
2026-07-28,p_4OjYAE,Favio Álvarez,7.0,1.0,7.0
2026-08-14,p_4OjYAE,Favio Álvarez,7.0,2.0,7.0
2026-08-23,p_4OjYAE,Favio Álvarez,27.0,3.0,27.0
2026-08-30,p_4OjYAE,Favio Álvarez,35.25,4.0,35.25
2026-09-14,p_4OjYAE,Favio Álvarez,31.0,5.0,31.0
2026-09-14,p_4OjYAE,Favio Álvarez,27.666666666666668,6.0,31.8
2026-08-01,p_4P8OoY,Juan Pintado,,0.0,
2026-08-06,p_4P8OoY,Juan Pintado,23.0,1.0,23.0
2026-08-11,p_4P8OoY,Juan Pintado,15.0,2.0,15.0
2026-08-15,p_4P8OoY,Juan Pintado,17.333333333333332,3.0,17.333333333333332
2026-08-21,p_4P8OoY,Juan Pintado,24.25,4.0,24.25
2026-08-28,p_4P8OoY,Juan Pintado,37.2,5.0,37.2
2026-09-08,p_4P8OoY,Juan Pintado,46.0,6.0,50.6
2026-09-12,p_4P8OoY,Juan Pintado,52.142857142857146,7.0,67.0
2026-01-24,p_4PBWTZ,Tomás Bottari,,0.0,
2026-01-27,p_4PBWTZ,Tomás Bottari,90.0,1.0,90.0
2026-02-04,p_4PBWTZ,Tomás Bottari,90.0,2.0,90.0
2026-02-10,p_4PBWTZ,Tomás Bottari,90.0,3.0,90.0
2026-02-15,p_4PBWTZ,Tomás Bottari,90.0,4.0,90.0
2026-03-15,p_4PBWTZ,Tomás Bottari,86.4,5.0,86.4
2026-03-23,p_4PBWTZ,Tomás Bottari,85.83333333333333,6.0,85.0
2026-04-11,p_4PBWTZ,Tomás Bottari,86.28571428571429,7.0,84.8
2026-04-20,p_4PBWTZ,Tomás Bottari,86.75,8.0,84.8
2026-04-26,p_4PBWTZ,Tomás Bottari,77.88888888888889,9.0,68.2
2026-05-10,p_4PBWTZ,Tomás Bottari,78.3,10.0,70.2
2026-07-26,p_4PBWTZ,Tomás Bottari,77.0,11.0,66.4
2026-07-30,p_4PBWTZ,Tomás Bottari,71.75,12.0,51.4
2026-08-08,p_4PBWTZ,Tomás Bottari,73.15384615384616,13.0,51.4
2026-08-15,p_4PBWTZ,Tomás Bottari,73.71428571428571,14.0,66.2
2026-08-22,p_4PBWTZ,Tomás Bottari,71.8,15.0,58.8
2026-08-31,p_4PBWTZ,Tomás Bottari,72.9375,16.0,64.0
2026-09-06,p_4PBWTZ,Tomás Bottari,73.94117647058823,17.0,79.2
2026-09-12,p_4PBWTZ,Tomás Bottari,74.77777777777777,18.0,79.0
2026-01-25,p_4PWEjP,Franco Ibarra,,0.0,
2026-01-28,p_4PWEjP,Franco Ibarra,87.0,1.0,87.0
2026-02-02,p_4PWEjP,Franco Ibarra,88.5,2.0,88.5
2026-02-07,p_4PWEjP,Franco Ibarra,89.0,3.0,89.0
2026-02-16,p_4PWEjP,Franco Ibarra,89.25,4.0,89.25
2026-02-21,p_4PWEjP,Franco Ibarra,89.4,5.0,89.4
2026-03-01,p_4PWEjP,Franco Ibarra,89.5,6.0,90.0
2026-03-15,p_4PWEjP,Franco Ibarra,88.71428571428571,7.0,88.8
2026-03-23,p_4PWEjP,Franco Ibarra,88.875,8.0,88.8
2026-04-05,p_4PWEjP,Franco Ibarra,89.0,9.0,88.8
2026-04-12,p_4PWEjP,Franco Ibarra,89.1,10.0,88.8
2026-04-19,p_4PWEjP,Franco Ibarra,83.81818181818181,11.0,77.0
2026-04-24,p_4PWEjP,Franco Ibarra,84.33333333333333,12.0,78.2
2026-05-03,p_4PWEjP,Franco Ibarra,84.76923076923077,13.0,78.2
2026-05-10,p_4PWEjP,Franco Ibarra,85.14285714285714,14.0,78.2
2026-05-13,p_4PWEjP,Franco Ibarra,85.46666666666667,15.0,78.2
2026-05-16,p_4PWEjP,Franco Ibarra,87.625,16.0,96.0
2026-07-23,p_4PWEjP,Franco Ibarra,87.76470588235294,17.0,96.0
2026-07-29,p_4PWEjP,Franco Ibarra,87.88888888888889,18.0,96.0
2026-08-02,p_4PWEjP,Franco Ibarra,88.0,19.0,96.0
2026-08-07,p_4PWEjP,Franco Ibarra,88.1,20.0,96.0
2026-08-25,p_4PWEjP,Franco Ibarra,88.19047619047619,21.0,90.0
2026-08-29,p_4PWEjP,Franco Ibarra,87.77272727272727,22.0,87.8
2026-09-06,p_4PWEjP,Franco Ibarra,87.8695652173913,23.0,87.8
2026-09-13,p_4PWEjP,Franco Ibarra,87.95833333333333,24.0,87.8
2026-02-24,p_4PWmyN,Timoteo Chamorro,,0.0,
2026-03-01,p_4PWmyN,Timoteo Chamorro,20.0,1.0,20.0
2026-03-21,p_4PWmyN,Timoteo Chamorro,32.5,2.0,32.5
2026-07-25,p_4PWmyN,Timoteo Chamorro,25.666666666666668,3.0,25.666666666666668
2026-07-30,p_4PWmyN,Timoteo Chamorro,41.75,4.0,41.75
2026-08-12,p_4PWmyN,Timoteo Chamorro,46.2,5.0,46.2
2026-08-18,p_4PWmyN,Timoteo Chamorro,46.0,6.0,51.2
2026-08-25,p_4PWmyN,Timoteo Chamorro,43.714285714285715,7.0,48.2
2026-08-30,p_4PWmyN,Timoteo Chamorro,49.5,8.0,63.8
2026-02-16,p_4Pokti,Yuri Casermeiro,,0.0,
2026-02-22,p_4Pokti,Yuri Casermeiro,45.0,1.0,45.0
2026-03-18,p_4Pokti,Yuri Casermeiro,58.0,2.0,58.0
2026-04-05,p_4Pokti,Yuri Casermeiro,41.0,3.0,41.0
2026-04-14,p_4Pokti,Yuri Casermeiro,42.0,4.0,42.0
2026-04-20,p_4Pokti,Yuri Casermeiro,51.6,5.0,51.6
2026-04-24,p_4Pokti,Yuri Casermeiro,58.0,6.0,60.6
2026-05-02,p_4Pokti,Yuri Casermeiro,62.57142857142857,7.0,64.4
2026-08-04,p_4Pokti,Yuri Casermeiro,66.0,8.0,81.0
2026-08-11,p_4Pokti,Yuri Casermeiro,60.111111111111114,9.0,74.6
2026-08-16,p_4Pokti,Yuri Casermeiro,56.6,10.0,61.6
2026-01-27,p_4PyHEi,Juan Rattalino,,0.0,
2026-02-22,p_4PyHEi,Juan Rattalino,28.0,1.0,28.0
2026-02-24,p_4PyHEi,Juan Rattalino,14.5,2.0,14.5
2026-05-02,p_4PyHEi,Juan Rattalino,10.333333333333334,3.0,10.333333333333334
2026-05-10,p_4PyHEi,Juan Rattalino,19.0,4.0,19.0
2026-07-28,p_4PyHEi,Juan Rattalino,27.0,5.0,27.0
2026-08-04,p_4PyHEi,Juan Rattalino,30.0,6.0,30.4
2026-08-09,p_4PyHEi,Juan Rattalino,36.857142857142854,7.0,45.8
2026-09-05,p_4PyHEi,Juan Rattalino,36.875,8.0,52.8
2026-09-13,p_4PyHEi,Juan Rattalino,34.22222222222222,9.0,46.4
2026-07-25,p_4QJLZt,Nicolás López,,0.0,
2026-08-09,p_4QJLZt,Nicolás López,26.0,1.0,26.0
2026-08-23,p_4QJLZt,Nicolás López,15.0,2.0,15.0
2026-08-31,p_4QJLZt,Nicolás López,11.333333333333334,3.0,11.333333333333334
2026-09-12,p_4QJLZt,Nicolás López,23.75,4.0,23.75
2026-07-26,p_4QT6ls,David Martínez,,0.0,
2026-07-31,p_4QT6ls,David Martínez,6.0,1.0,6.0
2026-08-17,p_4QT6ls,David Martínez,16.0,2.0,16.0
2026-09-06,p_4QT6ls,David Martínez,20.333333333333332,3.0,20.333333333333332
2026-09-13,p_4QT6ls,David Martínez,20.0,4.0,20.0
2026-01-25,p_4RAjIV,Miguel Barbieri,,0.0,
2026-01-29,p_4RAjIV,Miguel Barbieri,84.0,1.0,84.0
2026-02-01,p_4RAjIV,Miguel Barbieri,64.5,2.0,64.5
2026-02-09,p_4RAjIV,Miguel Barbieri,72.33333333333333,3.0,72.33333333333333
2026-02-21,p_4RAjIV,Miguel Barbieri,75.5,4.0,75.5
2026-03-25,p_4RAjIV,Miguel Barbieri,61.6,5.0,61.6
2026-04-03,p_4RAjIV,Miguel Barbieri,58.833333333333336,6.0,53.8
2026-04-11,p_4RAjIV,Miguel Barbieri,61.142857142857146,7.0,59.8
2026-04-19,p_4RAjIV,Miguel Barbieri,62.625,8.0,56.8
2026-01-24,p_4RJnnl,Gonzalo Ríos,,0.0,
2026-01-27,p_4RJnnl,Gonzalo Ríos,83.0,1.0,83.0
2026-02-04,p_4RJnnl,Gonzalo Ríos,77.0,2.0,77.0
2026-02-10,p_4RJnnl,Gonzalo Ríos,57.333333333333336,3.0,57.333333333333336
2026-02-15,p_4RJnnl,Gonzalo Ríos,46.25,4.0,46.25
2026-02-21,p_4RJnnl,Gonzalo Ríos,43.2,5.0,43.2
2026-02-26,p_4RJnnl,Gonzalo Ríos,47.833333333333336,6.0,40.8
2026-03-03,p_4RJnnl,Gonzalo Ríos,50.714285714285715,7.0,40.2
2026-03-12,p_4RJnnl,Gonzalo Ríos,52.25,8.0,49.2
2026-03-15,p_4RJnnl,Gonzalo Ríos,52.77777777777778,9.0,58.0
2026-04-02,p_4RJnnl,Gonzalo Ríos,52.0,10.0,60.8
2026-04-11,p_4RJnnl,Gonzalo Ríos,49.18181818181818,11.0,50.8
2026-04-20,p_4RJnnl,Gonzalo Ríos,52.583333333333336,12.0,55.2
2026-04-26,p_4RJnnl,Gonzalo Ríos,54.92307692307692,13.0,59.2
2026-05-03,p_4RJnnl,Gonzalo Ríos,51.92857142857143,14.0,50.4
2026-05-10,p_4RJnnl,Gonzalo Ríos,54.4,15.0,59.2
2026-07-26,p_4RJnnl,Gonzalo Ríos,53.3125,16.0,62.4
2026-07-30,p_4RJnnl,Gonzalo Ríos,51.705882352941174,17.0,49.6
2026-08-08,p_4RJnnl,Gonzalo Ríos,52.72222222222222,18.0,47.0
2026-08-15,p_4RJnnl,Gonzalo Ríos,51.31578947368421,19.0,49.6
2026-08-22,p_4RJnnl,Gonzalo Ríos,51.75,20.0,43.8
2026-08-31,p_4RJnnl,Gonzalo Ríos,50.04761904761905,21.0,39.6
2026-09-06,p_4RJnnl,Gonzalo Ríos,51.81818181818182,22.0,52.2
2026-09-12,p_4RJnnl,Gonzalo Ríos,52.04347826086956,23.0,49.6
2026-01-24,p_4RLJIA,Gonzalo Morales,,0.0,
2026-01-28,p_4RLJIA,Gonzalo Morales,90.0,1.0,90.0
2026-02-01,p_4RLJIA,Gonzalo Morales,90.0,2.0,90.0
2026-02-16,p_4RLJIA,Gonzalo Morales,87.33333333333333,3.0,87.33333333333333
2026-02-21,p_4RLJIA,Gonzalo Morales,76.75,4.0,76.75
2026-02-25,p_4RLJIA,Gonzalo Morales,70.4,5.0,70.4
2026-03-12,p_4RLJIA,Gonzalo Morales,61.666666666666664,6.0,56.0
2026-03-16,p_4RLJIA,Gonzalo Morales,63.714285714285715,7.0,53.2
2026-03-24,p_4RLJIA,Gonzalo Morales,61.375,8.0,45.8
2026-04-02,p_4RLJIA,Gonzalo Morales,55.333333333333336,9.0,38.2
2026-04-12,p_4RLJIA,Gonzalo Morales,54.3,10.0,38.2
2026-07-25,p_4RLJIA,Gonzalo Morales,50.90909090909091,11.0,38.0
2026-01-26,p_4RRzpa,Lucas Gonzalez,,0.0,
2026-01-30,p_4RRzpa,Lucas Gonzalez,23.0,1.0,23.0
2026-02-03,p_4RRzpa,Lucas Gonzalez,24.5,2.0,24.5
2026-02-10,p_4RRzpa,Lucas Gonzalez,25.0,3.0,25.0
2026-03-21,p_4RakHP,Santiago Daniele,,0.0,
2026-04-06,p_4RakHP,Santiago Daniele,39.0,1.0,39.0
2026-04-20,p_4RakHP,Santiago Daniele,42.0,2.0,42.0
2026-04-26,p_4RakHP,Santiago Daniele,49.666666666666664,3.0,49.666666666666664
2026-05-02,p_4RakHP,Santiago Daniele,59.75,4.0,59.75
2026-08-01,p_4RakHP,Santiago Daniele,50.0,5.0,50.0
2026-08-10,p_4RakHP,Santiago Daniele,56.666666666666664,6.0,60.2
2026-08-14,p_4RakHP,Santiago Daniele,61.42857142857143,7.0,69.2
2026-08-23,p_4RakHP,Santiago Daniele,65.0,8.0,74.2
2026-09-14,p_4RakHP,Santiago Daniele,67.77777777777777,9.0,74.2
2026-09-14,p_4RakHP,Santiago Daniele,70.0,10.0,90.0
2026-01-25,p_4RjjYt,Jonathan Herrera,,0.0,
2026-01-29,p_4RjjYt,Jonathan Herrera,6.0,1.0,6.0
2026-02-01,p_4RjjYt,Jonathan Herrera,48.0,2.0,48.0
2026-02-09,p_4RjjYt,Jonathan Herrera,58.0,3.0,58.0
2026-02-16,p_4RjjYt,Jonathan Herrera,66.0,4.0,66.0
2026-02-21,p_4RjjYt,Jonathan Herrera,68.0,5.0,68.0
2026-02-25,p_4RjjYt,Jonathan Herrera,64.16666666666667,6.0,75.8
2026-03-02,p_4RjjYt,Jonathan Herrera,67.0,7.0,74.6
2026-03-12,p_4RjjYt,Jonathan Herrera,69.875,8.0,77.0
2026-03-18,p_4RjjYt,Jonathan Herrera,62.666666666666664,9.0,60.0
2026-03-25,p_4RjjYt,Jonathan Herrera,59.0,10.0,50.0
2026-04-03,p_4RjjYt,Jonathan Herrera,61.81818181818182,11.0,59.0
2026-04-11,p_4RjjYt,Jonathan Herrera,60.416666666666664,12.0,51.2
2026-04-19,p_4RjjYt,Jonathan Herrera,62.69230769230769,13.0,51.2
2026-04-24,p_4RjjYt,Jonathan Herrera,60.0,14.0,55.2
2026-05-02,p_4RjjYt,Jonathan Herrera,60.53333333333333,15.0,63.6
2026-07-23,p_4RjjYt,Jonathan Herrera,61.25,16.0,60.0
2026-07-28,p_4RjjYt,Jonathan Herrera,59.588235294117645,17.0,57.6
2026-08-08,p_4RjjYt,Jonathan Herrera,58.22222222222222,18.0,46.6
2026-08-16,p_4RjjYt,Jonathan Herrera,58.36842105263158,19.0,53.8
2026-08-23,p_4RjjYt,Jonathan Herrera,59.45,20.0,56.2
2026-08-28,p_4RjjYt,Jonathan Herrera,59.80952380952381,21.0,55.2
2026-09-04,p_4RjjYt,Jonathan Herrera,60.09090909090909,22.0,61.8
2026-09-13,p_4RjjYt,Jonathan Herrera,61.0,23.0,71.0
2026-02-08,p_4RoV0i,Santiago Arias,,0.0,
2026-02-21,p_4RoV0i,Santiago Arias,10.0,1.0,10.0
2026-02-25,p_4RoV0i,Santiago Arias,27.5,2.0,27.5
2026-02-28,p_4RoV0i,Santiago Arias,48.333333333333336,3.0,48.333333333333336
2026-03-10,p_4RoV0i,Santiago Arias,41.0,4.0,41.0
2026-03-17,p_4RoV0i,Santiago Arias,41.8,5.0,41.8
2026-03-21,p_4RoV0i,Santiago Arias,47.333333333333336,6.0,54.8
2026-04-04,p_4RoV0i,Santiago Arias,53.42857142857143,7.0,63.8
2026-04-11,p_4RoV0i,Santiago Arias,58.0,8.0,63.8
2026-04-18,p_4RoV0i,Santiago Arias,61.55555555555556,9.0,78.0
2026-04-24,p_4RoV0i,Santiago Arias,64.4,10.0,87.0
2026-05-02,p_4RoV0i,Santiago Arias,66.72727272727273,11.0,90.0
2026-05-10,p_4RoV0i,Santiago Arias,68.66666666666667,12.0,90.0
2026-07-26,p_4RoV0i,Santiago Arias,70.3076923076923,13.0,90.0
2026-07-31,p_4RoV0i,Santiago Arias,65.71428571428571,14.0,73.2
2026-08-09,p_4RoV0i,Santiago Arias,62.333333333333336,15.0,58.2
2026-08-17,p_4RoV0i,Santiago Arias,64.0625,16.0,58.2
2026-08-22,p_4RoV0i,Santiago Arias,65.58823529411765,17.0,58.2
2026-01-22,p_4RpynC,Agustín Lagos,,0.0,
2026-01-26,p_4RpynC,Agustín Lagos,7.0,1.0,7.0
2026-02-01,p_4RpynC,Agustín Lagos,10.0,2.0,10.0
2026-02-15,p_4RpynC,Agustín Lagos,11.0,3.0,11.0
2026-04-12,p_4RpynC,Agustín Lagos,9.25,4.0,9.25
2026-04-25,p_4RpynC,Agustín Lagos,25.4,5.0,25.4
2026-07-25,p_4RpynC,Agustín Lagos,28.666666666666668,6.0,33.0
2026-07-30,p_4RpynC,Agustín Lagos,37.42857142857143,7.0,48.4
2026-08-16,p_4RpynC,Agustín Lagos,40.25,8.0,57.8
2026-08-31,p_4RpynC,Agustín Lagos,45.77777777777778,9.0,75.0
2026-09-04,p_4RpynC,Agustín Lagos,50.2,10.0,75.0
2026-09-12,p_4RpynC,Agustín Lagos,46.09090909090909,11.0,67.0
2026-07-25,p_4SEGlt,Lucas Beltrán,,0.0,
2026-07-29,p_4SEGlt,Lucas Beltrán,45.0,1.0,45.0
2026-08-02,p_4SEGlt,Lucas Beltrán,53.0,2.0,53.0
2026-08-08,p_4SEGlt,Lucas Beltrán,44.333333333333336,3.0,44.333333333333336
2026-08-16,p_4SEGlt,Lucas Beltrán,55.75,4.0,55.75
2026-08-23,p_4SEGlt,Lucas Beltrán,57.0,5.0,57.0
2026-08-30,p_4SEGlt,Lucas Beltrán,61.5,6.0,64.8
2026-09-06,p_4SEGlt,Lucas Beltrán,55.714285714285715,7.0,56.8
2026-09-12,p_4SEGlt,Lucas Beltrán,50.375,8.0,54.0
2026-01-23,p_4SmKKU,Cristian Nahuel Barrios,,0.0,
2026-03-11,p_4SmKKU,Cristian Nahuel Barrios,3.0,1.0,3.0
2026-04-03,p_4SmKKU,Cristian Nahuel Barrios,28.0,2.0,28.0
2026-04-12,p_4SmKKU,Cristian Nahuel Barrios,37.666666666666664,3.0,37.666666666666664
2026-04-20,p_4SmKKU,Cristian Nahuel Barrios,42.5,4.0,42.5
2026-04-25,p_4SmKKU,Cristian Nahuel Barrios,37.2,5.0,37.2
2026-05-02,p_4SmKKU,Cristian Nahuel Barrios,33.5,6.0,39.6
2026-05-10,p_4SmKKU,Cristian Nahuel Barrios,35.142857142857146,7.0,38.0
2026-07-26,p_4SmKKU,Cristian Nahuel Barrios,38.125,8.0,38.4
2026-07-28,p_4SmKKU,Cristian Nahuel Barrios,37.55555555555556,9.0,33.6
2026-01-26,p_4SnNiA,Tomás Molina,,0.0,
2026-01-30,p_4SnNiA,Tomás Molina,90.0,1.0,90.0
2026-02-03,p_4SnNiA,Tomás Molina,90.0,2.0,90.0
2026-02-07,p_4SnNiA,Tomás Molina,90.0,3.0,90.0
2026-02-13,p_4SnNiA,Tomás Molina,90.0,4.0,90.0
2026-03-11,p_4SnNiA,Tomás Molina,88.6,5.0,88.6
2026-03-31,p_4SnNiA,Tomás Molina,86.33333333333333,6.0,85.6
2026-04-06,p_4SnNiA,Tomás Molina,76.57142857142857,7.0,71.2
2026-04-19,p_4SnNiA,Tomás Molina,71.5,8.0,60.4
2026-04-28,p_4SnNiA,Tomás Molina,72.77777777777777,9.0,59.0
2026-05-03,p_4SnNiA,Tomás Molina,74.5,10.0,60.4
2026-05-10,p_4SnNiA,Tomás Molina,75.9090909090909,11.0,63.4
2026-05-13,p_4SnNiA,Tomás Molina,77.0,12.0,77.6
2026-05-17,p_4SnNiA,Tomás Molina,78.61538461538461,13.0,90.0
2026-07-23,p_4SnNiA,Tomás Molina,80.92857142857143,14.0,95.6
2026-07-29,p_4SnNiA,Tomás Molina,78.53333333333333,15.0,86.6
2026-08-01,p_4SnNiA,Tomás Molina,78.5625,16.0,84.4
2026-08-09,p_4SnNiA,Tomás Molina,78.88235294117646,17.0,83.4
2026-08-16,p_4SnNiA,Tomás Molina,79.05555555555556,18.0,80.2
2026-08-25,p_4SnNiA,Tomás Molina,79.63157894736842,19.0,76.0
2026-08-30,p_4SnNiA,Tomás Molina,79.15,20.0,81.0
2026-09-07,p_4SnNiA,Tomás Molina,79.23809523809524,21.0,81.4
2026-09-13,p_4SnNiA,Tomás Molina,79.45454545454545,22.0,81.4
2026-01-25,p_4SukWz,Tomás Belmonte,,0.0,
2026-01-29,p_4SukWz,Tomás Belmonte,90.0,1.0,90.0
2026-02-01,p_4SukWz,Tomás Belmonte,82.0,2.0,82.0
2026-02-20,p_4SukWz,Tomás Belmonte,55.666666666666664,3.0,55.666666666666664
2026-03-05,p_4SukWz,Tomás Belmonte,61.5,4.0,61.5
2026-04-02,p_4SukWz,Tomás Belmonte,49.8,5.0,49.8
2026-04-11,p_4SukWz,Tomás Belmonte,51.666666666666664,6.0,44.0
2026-04-19,p_4SukWz,Tomás Belmonte,57.142857142857146,7.0,47.2
2026-04-23,p_4SukWz,Tomás Belmonte,52.25,8.0,50.2
2026-05-02,p_4SukWz,Tomás Belmonte,56.44444444444444,9.0,52.4
2026-08-24,p_4SukWz,Tomás Belmonte,59.8,10.0,69.8
2026-08-29,p_4SukWz,Tomás Belmonte,57.54545454545455,11.0,64.6
2026-09-05,p_4SukWz,Tomás Belmonte,53.666666666666664,12.0,48.8
2026-09-12,p_4SukWz,Tomás Belmonte,55.53846153846154,13.0,60.8
2026-08-17,p_4SwRqP,Álvaro Güich,,0.0,
2026-01-26,p_4SyM9C,Leandro Fernández,,0.0,
2026-01-30,p_4SyM9C,Leandro Fernández,25.0,1.0,25.0
2026-02-07,p_4SyM9C,Leandro Fernández,18.5,2.0,18.5
2026-03-01,p_4SyM9C,Leandro Fernández,19.666666666666668,3.0,19.666666666666668
2026-03-16,p_4SyM9C,Leandro Fernández,28.75,4.0,28.75
2026-03-27,p_4SyM9C,Leandro Fernández,25.2,5.0,25.2
2026-04-11,p_4SyM9C,Leandro Fernández,21.666666666666668,6.0,21.0
2026-07-24,p_4SyM9C,Leandro Fernández,20.571428571428573,7.0,21.4
2026-07-29,p_4SyM9C,Leandro Fernández,29.25,8.0,35.0
2026-08-01,p_4SyM9C,Leandro Fernández,35.888888888888886,9.0,41.6
2026-08-09,p_4SyM9C,Leandro Fernández,38.7,10.0,52.2
2026-08-17,p_4SyM9C,Leandro Fernández,41.27272727272727,11.0,64.8
2026-08-23,p_4SyM9C,Leandro Fernández,45.166666666666664,12.0,79.6
2026-08-31,p_4SyM9C,Leandro Fernández,46.30769230769231,13.0,73.6
2026-09-06,p_4SyM9C,Leandro Fernández,47.714285714285715,14.0,69.0
2026-09-11,p_4SyM9C,Leandro Fernández,46.333333333333336,15.0,61.6
2026-01-23,p_4T6aUk,Ignacio Méndez,,0.0,
2026-01-26,p_4T6aUk,Ignacio Méndez,90.0,1.0,90.0
2026-02-04,p_4T6aUk,Ignacio Méndez,85.5,2.0,85.5
2026-02-09,p_4T6aUk,Ignacio Méndez,67.33333333333333,3.0,67.33333333333333
2026-02-16,p_4T6aUk,Ignacio Méndez,70.5,4.0,70.5
2026-02-20,p_4T6aUk,Ignacio Méndez,58.0,5.0,58.0
2026-02-24,p_4T6aUk,Ignacio Méndez,54.0,6.0,46.8
2026-03-01,p_4T6aUk,Ignacio Méndez,57.0,7.0,45.6
2026-03-12,p_4T6aUk,Ignacio Méndez,58.125,8.0,52.6
2026-03-17,p_4T6aUk,Ignacio Méndez,58.333333333333336,9.0,48.6
2026-04-07,p_4T6aUk,Ignacio Méndez,53.5,10.0,49.0
2026-04-11,p_4T6aUk,Ignacio Méndez,48.72727272727273,11.0,42.4
2026-04-26,p_4T6aUk,Ignacio Méndez,45.333333333333336,12.0,29.0
2026-05-05,p_4T6aUk,Ignacio Méndez,42.53846153846154,13.0,17.6
2026-07-24,p_4T6aUk,Ignacio Méndez,40.642857142857146,14.0,8.8
2026-08-22,p_4T6aUk,Ignacio Méndez,40.0,15.0,13.0
2026-09-01,p_4T6aUk,Ignacio Méndez,38.0625,16.0,14.6
2026-09-08,p_4T6aUk,Ignacio Méndez,36.8235294117647,17.0,16.4
2026-09-15,p_4T6aUk,Ignacio Méndez,35.72222222222222,18.0,18.0
2026-09-15,p_4T6aUk,Ignacio Méndez,38.05263157894737,19.0,30.8
2026-01-26,p_4TKIbV,Nicolás Talpone,,0.0,
2026-01-30,p_4TKIbV,Nicolás Talpone,90.0,1.0,90.0
2026-02-03,p_4TKIbV,Nicolás Talpone,74.0,2.0,74.0
2026-02-10,p_4TKIbV,Nicolás Talpone,70.66666666666667,3.0,70.66666666666667
2026-02-15,p_4TKIbV,Nicolás Talpone,64.25,4.0,64.25
2026-02-22,p_4TKIbV,Nicolás Talpone,60.4,5.0,60.4
2026-02-26,p_4TKIbV,Nicolás Talpone,57.833333333333336,6.0,51.4
2026-03-03,p_4TKIbV,Nicolás Talpone,58.57142857142857,7.0,52.4
2026-03-16,p_4TKIbV,Nicolás Talpone,56.875,8.0,48.6
2026-03-22,p_4TKIbV,Nicolás Talpone,54.333333333333336,9.0,46.4
2026-04-04,p_4TKIbV,Nicolás Talpone,56.6,10.0,52.8
2026-04-12,p_4TKIbV,Nicolás Talpone,57.27272727272727,11.0,56.6
2026-04-18,p_4TKIbV,Nicolás Talpone,59.25,12.0,60.2
2026-04-24,p_4TKIbV,Nicolás Talpone,59.61538461538461,13.0,64.0
2026-07-25,p_4TKIbV,Nicolás Talpone,56.642857142857146,14.0,60.8
2026-07-29,p_4TKIbV,Nicolás Talpone,54.333333333333336,15.0,49.8
2026-08-01,p_4TKIbV,Nicolás Talpone,52.75,16.0,42.8
2026-08-08,p_4TKIbV,Nicolás Talpone,54.94117647058823,17.0,44.6
2026-08-17,p_4TKIbV,Nicolás Talpone,56.55555555555556,18.0,48.6
2026-08-21,p_4TKIbV,Nicolás Talpone,54.31578947368421,19.0,47.8
2026-08-29,p_4TKIbV,Nicolás Talpone,53.2,20.0,49.8
2026-01-31,p_4U4fDQ,Dilan Godoy,,0.0,
2026-02-09,p_4U4fDQ,Dilan Godoy,64.0,1.0,64.0
2026-02-14,p_4U4fDQ,Dilan Godoy,37.5,2.0,37.5
2026-02-25,p_4U4fDQ,Dilan Godoy,48.333333333333336,3.0,48.333333333333336
2026-03-10,p_4U4fDQ,Dilan Godoy,41.0,4.0,41.0
2026-03-14,p_4U4fDQ,Dilan Godoy,38.2,5.0,38.2
2026-03-21,p_4U4fDQ,Dilan Godoy,43.166666666666664,6.0,39.0
2026-04-03,p_4U4fDQ,Dilan Godoy,46.57142857142857,7.0,50.2
2026-04-14,p_4U4fDQ,Dilan Godoy,40.875,8.0,36.4
2026-04-20,p_4U4fDQ,Dilan Godoy,43.22222222222222,9.0,45.0
2026-05-04,p_4U4fDQ,Dilan Godoy,40.0,10.0,41.8
2026-05-11,p_4U4fDQ,Dilan Godoy,43.54545454545455,11.0,44.0
2026-07-24,p_4U4fDQ,Dilan Godoy,40.666666666666664,12.0,32.4
2026-07-30,p_4U4fDQ,Dilan Godoy,37.61538461538461,13.0,32.4
2026-08-08,p_4U4fDQ,Dilan Godoy,39.214285714285715,14.0,32.0
2026-08-17,p_4U4fDQ,Dilan Godoy,40.8,15.0,42.4
2026-08-23,p_4U4fDQ,Dilan Godoy,42.0625,16.0,38.8
2026-08-29,p_4U4fDQ,Dilan Godoy,41.470588235294116,17.0,43.4
2026-09-11,p_4U4fDQ,Dilan Godoy,44.166666666666664,18.0,61.2
2026-08-14,p_4UBC0A,Leonel Pérez,,0.0,
2026-08-24,p_4UBC0A,Leonel Pérez,16.0,1.0,16.0
2026-08-31,p_4UBC0A,Leonel Pérez,53.0,2.0,53.0
2026-09-07,p_4UBC0A,Leonel Pérez,65.33333333333333,3.0,65.33333333333333
2026-09-14,p_4UBC0A,Leonel Pérez,71.5,4.0,71.5
2026-09-14,p_4UBC0A,Leonel Pérez,75.2,5.0,75.2
2026-01-23,p_4UExdP,Bruno Cabrera,,0.0,
2026-01-29,p_4UExdP,Bruno Cabrera,5.0,1.0,5.0
2026-02-13,p_4UExdP,Bruno Cabrera,8.5,2.0,8.5
2026-03-13,p_4UExdP,Bruno Cabrera,10.333333333333334,3.0,10.333333333333334
2026-03-17,p_4UExdP,Bruno Cabrera,27.25,4.0,27.25
2026-03-21,p_4UExdP,Bruno Cabrera,27.4,5.0,27.4
2026-03-27,p_4UExdP,Bruno Cabrera,32.666666666666664,6.0,38.2
2026-04-01,p_4UExdP,Bruno Cabrera,37.714285714285715,7.0,49.4
2026-03-03,p_4UQKl9,Raúl Lozano,,0.0,
2026-03-12,p_4UQKl9,Raúl Lozano,21.0,1.0,21.0
2026-03-16,p_4UQKl9,Raúl Lozano,55.5,2.0,55.5
2026-04-12,p_4UQKl9,Raúl Lozano,67.0,3.0,67.0
2026-04-18,p_4UQKl9,Raúl Lozano,70.5,4.0,70.5
2026-05-05,p_4UQKl9,Raúl Lozano,69.2,5.0,69.2
2026-07-29,p_4UQKl9,Raúl Lozano,72.66666666666667,6.0,83.0
2026-08-08,p_4UQKl9,Raúl Lozano,62.857142857142854,7.0,65.8
2026-08-17,p_4UQKl9,Raúl Lozano,55.75,8.0,49.0
2026-09-04,p_4UQKl9,Raúl Lozano,51.111111111111114,9.0,35.6
2026-09-15,p_4UQKl9,Raúl Lozano,50.5,10.0,31.8
2026-09-15,p_4UQKl9,Raúl Lozano,49.09090909090909,11.0,20.8
2026-07-23,p_4USU0R,Elián Giménez,,0.0,
2026-07-28,p_4USU0R,Elián Giménez,45.0,1.0,45.0
2026-08-16,p_4USU0R,Elián Giménez,50.0,2.0,50.0
2026-08-28,p_4USU0R,Elián Giménez,63.0,3.0,63.0
2026-09-04,p_4USU0R,Elián Giménez,47.5,4.0,47.5
2026-09-13,p_4USU0R,Elián Giménez,39.6,5.0,39.6
2026-08-08,p_4UVSic,Pedro Canelo,,0.0,
2026-08-17,p_4UVSic,Pedro Canelo,10.0,1.0,10.0
2026-08-22,p_4UVSic,Pedro Canelo,12.0,2.0,12.0
2026-09-12,p_4UVSic,Pedro Canelo,10.333333333333334,3.0,10.333333333333334
2026-01-23,p_4UkieF,Manuel Roffo,,0.0,
2026-01-26,p_4UkieF,Manuel Roffo,90.0,1.0,90.0
2026-02-04,p_4UkieF,Manuel Roffo,90.0,2.0,90.0
2026-02-09,p_4UkieF,Manuel Roffo,90.0,3.0,90.0
2026-02-16,p_4UkieF,Manuel Roffo,90.0,4.0,90.0
2026-02-20,p_4UkieF,Manuel Roffo,90.0,5.0,90.0
2026-02-24,p_4UkieF,Manuel Roffo,90.0,6.0,90.0
2026-03-01,p_4UkieF,Manuel Roffo,90.0,7.0,90.0
2026-03-12,p_4UkieF,Manuel Roffo,90.0,8.0,90.0
2026-03-17,p_4UkieF,Manuel Roffo,90.0,9.0,90.0
2026-03-22,p_4UkieF,Manuel Roffo,90.0,10.0,90.0
2026-04-07,p_4UkieF,Manuel Roffo,90.0,11.0,90.0
2026-04-11,p_4UkieF,Manuel Roffo,90.0,12.0,90.0
2026-04-18,p_4UkieF,Manuel Roffo,90.0,13.0,90.0
2026-04-26,p_4UkieF,Manuel Roffo,90.0,14.0,90.0
2026-05-05,p_4UkieF,Manuel Roffo,90.0,15.0,90.0
2026-01-29,p_4UmTx2,Rodrigo Gallo,,0.0,
2026-02-01,p_4UmTx2,Rodrigo Gallo,45.0,1.0,45.0
2026-02-09,p_4UmTx2,Rodrigo Gallo,55.5,2.0,55.5
2026-02-16,p_4UmTx2,Rodrigo Gallo,61.666666666666664,3.0,61.666666666666664
2026-03-25,p_4UmTx2,Rodrigo Gallo,65.5,4.0,65.5
2026-04-03,p_4UmTx2,Rodrigo Gallo,61.4,5.0,61.4
2026-04-11,p_4UmTx2,Rodrigo Gallo,55.166666666666664,6.0,57.2
2026-04-19,p_4UmTx2,Rodrigo Gallo,56.42857142857143,7.0,56.8
2026-09-14,p_4UmTx2,Rodrigo Gallo,51.875,8.0,46.0
2026-09-14,p_4UmTx2,Rodrigo Gallo,51.111111111111114,9.0,39.6
2026-01-23,p_4UoYBc,Sebastián Valdéz,,0.0,
2026-01-31,p_4UoYBc,Sebastián Valdéz,90.0,1.0,90.0
2026-02-08,p_4UoYBc,Sebastián Valdéz,90.0,2.0,90.0
2026-02-13,p_4UoYBc,Sebastián Valdéz,60.666666666666664,3.0,60.666666666666664
2026-02-21,p_4UoYBc,Sebastián Valdéz,68.0,4.0,68.0
2026-02-25,p_4UoYBc,Sebastián Valdéz,72.4,5.0,72.4
2026-03-17,p_4UoYBc,Sebastián Valdéz,75.33333333333333,6.0,72.4
2026-03-21,p_4UoYBc,Sebastián Valdéz,77.42857142857143,7.0,72.4
2026-04-04,p_4UoYBc,Sebastián Valdéz,79.0,8.0,90.0
2026-04-11,p_4UoYBc,Sebastián Valdéz,80.22222222222223,9.0,90.0
2026-04-18,p_4UoYBc,Sebastián Valdéz,81.2,10.0,90.0
2026-04-24,p_4UoYBc,Sebastián Valdéz,82.0,11.0,90.0
2026-05-02,p_4UoYBc,Sebastián Valdéz,82.66666666666667,12.0,90.0
2026-05-10,p_4UoYBc,Sebastián Valdéz,83.23076923076923,13.0,90.0
2026-07-26,p_4UoYBc,Sebastián Valdéz,83.71428571428571,14.0,90.0
2026-07-31,p_4UoYBc,Sebastián Valdéz,84.13333333333334,15.0,90.0
2026-01-24,p_4Uobro,Rodrigo Herrera,,0.0,
2026-01-28,p_4Uobro,Rodrigo Herrera,25.0,1.0,25.0
2026-02-01,p_4Uobro,Rodrigo Herrera,53.0,2.0,53.0
2026-02-08,p_4Uobro,Rodrigo Herrera,61.666666666666664,3.0,61.666666666666664
2026-02-16,p_4Uobro,Rodrigo Herrera,68.75,4.0,68.75
2026-02-21,p_4Uobro,Rodrigo Herrera,73.0,5.0,73.0
2026-03-01,p_4Uobro,Rodrigo Herrera,75.83333333333333,6.0,86.0
2026-03-11,p_4Uobro,Rodrigo Herrera,77.85714285714286,7.0,87.8
2026-03-17,p_4Uobro,Rodrigo Herrera,78.125,8.0,88.0
2026-04-05,p_4Uobro,Rodrigo Herrera,74.44444444444444,9.0,79.0
2026-04-12,p_4Uobro,Rodrigo Herrera,76.0,10.0,79.0
2026-04-17,p_4Uobro,Rodrigo Herrera,74.63636363636364,11.0,73.2
2026-04-26,p_4Uobro,Rodrigo Herrera,75.91666666666667,12.0,73.2
2026-05-04,p_4Uobro,Rodrigo Herrera,75.0,13.0,70.0
2026-08-09,p_4Uobro,Rodrigo Herrera,76.07142857142857,14.0,79.0
2026-08-15,p_4Uobro,Rodrigo Herrera,72.26666666666667,15.0,64.8
2026-08-23,p_4Uobro,Rodrigo Herrera,68.6875,16.0,55.6
2026-08-31,p_4Uobro,Rodrigo Herrera,65.94117647058823,17.0,42.0
2026-09-06,p_4Uobro,Rodrigo Herrera,66.72222222222223,18.0,45.2
2026-09-11,p_4Uobro,Rodrigo Herrera,66.3157894736842,19.0,39.0
2026-01-22,p_4UxTjM,Lucas Rodriguez,,0.0,
2026-02-02,p_4UxTjM,Lucas Rodriguez,20.0,1.0,20.0
2026-02-07,p_4UxTjM,Lucas Rodriguez,15.0,2.0,15.0
2026-02-12,p_4UxTjM,Lucas Rodriguez,40.0,3.0,40.0
2026-02-23,p_4UxTjM,Lucas Rodriguez,50.75,4.0,50.75
2026-03-03,p_4UxTjM,Lucas Rodriguez,58.6,5.0,58.6
2026-03-22,p_4UxTjM,Lucas Rodriguez,61.0,6.0,69.2
2026-03-31,p_4UxTjM,Lucas Rodriguez,65.14285714285714,7.0,85.2
2026-04-19,p_4UxTjM,Lucas Rodriguez,61.375,8.0,74.2
2026-04-26,p_4UxTjM,Lucas Rodriguez,64.55555555555556,9.0,75.6
2026-05-03,p_4UxTjM,Lucas Rodriguez,64.1,10.0,69.6
2026-01-23,p_4W6aiW,Nahuel Losada,,0.0,
2026-01-29,p_4W6aiW,Nahuel Losada,90.0,1.0,90.0
2026-02-04,p_4W6aiW,Nahuel Losada,90.0,2.0,90.0
2026-02-09,p_4W6aiW,Nahuel Losada,90.0,3.0,90.0
2026-02-13,p_4W6aiW,Nahuel Losada,90.0,4.0,90.0
2026-03-05,p_4W6aiW,Nahuel Losada,90.0,5.0,90.0
2026-03-13,p_4W6aiW,Nahuel Losada,90.0,6.0,90.0
2026-03-17,p_4W6aiW,Nahuel Losada,90.0,7.0,90.0
2026-03-21,p_4W6aiW,Nahuel Losada,90.0,8.0,90.0
2026-03-27,p_4W6aiW,Nahuel Losada,90.0,9.0,90.0
2026-04-01,p_4W6aiW,Nahuel Losada,90.0,10.0,90.0
2026-04-13,p_4W6aiW,Nahuel Losada,90.0,11.0,90.0
2026-04-21,p_4W6aiW,Nahuel Losada,90.0,12.0,90.0
2026-04-24,p_4W6aiW,Nahuel Losada,90.0,13.0,90.0
2026-05-10,p_4W6aiW,Nahuel Losada,90.0,14.0,90.0
2026-07-26,p_4W6aiW,Nahuel Losada,90.0,15.0,90.0
2026-08-03,p_4W6aiW,Nahuel Losada,90.0,16.0,90.0
2026-08-06,p_4W6aiW,Nahuel Losada,90.0,17.0,90.0
2026-08-12,p_4W6aiW,Nahuel Losada,90.0,18.0,90.0
2026-08-17,p_4W6aiW,Nahuel Losada,90.0,19.0,90.0
2026-08-25,p_4W6aiW,Nahuel Losada,90.0,20.0,90.0
2026-08-29,p_4W6aiW,Nahuel Losada,90.0,21.0,90.0
2026-09-06,p_4W6aiW,Nahuel Losada,90.0,22.0,90.0
2026-09-14,p_4W6aiW,Nahuel Losada,90.0,23.0,90.0
2026-09-14,p_4W6aiW,Nahuel Losada,90.0,24.0,90.0
2026-01-23,p_4WHbBz,Santiago Rodríguez,,0.0,
2026-01-27,p_4WHbBz,Santiago Rodríguez,62.0,1.0,62.0
2026-02-09,p_4WHbBz,Santiago Rodríguez,62.0,2.0,62.0
2026-02-14,p_4WHbBz,Santiago Rodríguez,51.0,3.0,51.0
2026-02-21,p_4WHbBz,Santiago Rodríguez,44.25,4.0,44.25
2026-02-25,p_4WHbBz,Santiago Rodríguez,44.4,5.0,44.4
2026-02-28,p_4WHbBz,Santiago Rodríguez,50.666666666666664,6.0,48.4
2026-03-12,p_4WHbBz,Santiago Rodríguez,52.42857142857143,7.0,48.6
2026-03-18,p_4WHbBz,Santiago Rodríguez,56.875,8.0,60.4
2026-03-21,p_4WHbBz,Santiago Rodríguez,57.111111111111114,9.0,67.4
2026-04-03,p_4WHbBz,Santiago Rodríguez,58.8,10.0,73.2
2026-08-01,p_4WHbBz,Santiago Rodríguez,54.0,11.0,58.0
2026-08-30,p_4WHbBz,Santiago Rodríguez,53.25,12.0,54.4
2026-09-11,p_4WHbBz,Santiago Rodríguez,50.0,13.0,39.0
2026-01-23,p_4WViuG,Teo Pagano,,0.0,
2026-01-27,p_4WViuG,Teo Pagano,87.0,1.0,87.0
2026-01-31,p_4WViuG,Teo Pagano,88.5,2.0,88.5
2026-02-08,p_4WViuG,Teo Pagano,89.0,3.0,89.0
2026-02-14,p_4WViuG,Teo Pagano,86.75,4.0,86.75
2026-03-16,p_4WViuG,Teo Pagano,78.4,5.0,78.4
2026-03-25,p_4WViuG,Teo Pagano,72.83333333333333,6.0,70.0
2026-04-03,p_4WViuG,Teo Pagano,70.14285714285714,7.0,62.8
2026-04-12,p_4WViuG,Teo Pagano,67.0,8.0,53.8
2026-08-09,p_4WViuG,Teo Pagano,64.55555555555556,9.0,46.8
2026-08-15,p_4WViuG,Teo Pagano,62.6,10.0,46.8
2026-08-21,p_4WViuG,Teo Pagano,65.0909090909091,11.0,55.8
2026-09-01,p_4WViuG,Teo Pagano,67.16666666666667,12.0,63.0
2026-09-05,p_4WViuG,Teo Pagano,68.92307692307692,13.0,72.0
2026-09-13,p_4WViuG,Teo Pagano,70.42857142857143,14.0,81.0
2026-03-21,p_4XgYNg,Leonel Vega,,0.0,
2026-04-05,p_4XgYNg,Leonel Vega,1.0,1.0,1.0
2026-04-19,p_4XgYNg,Leonel Vega,3.5,2.0,3.5
2026-04-26,p_4XgYNg,Leonel Vega,28.0,3.0,28.0
2026-05-03,p_4XgYNg,Leonel Vega,43.25,4.0,43.25
2026-07-26,p_4XgYNg,Leonel Vega,52.6,5.0,52.6
2026-07-31,p_4XgYNg,Leonel Vega,58.833333333333336,6.0,70.4
2026-08-04,p_4XgYNg,Leonel Vega,63.285714285714285,7.0,87.2
2026-08-17,p_4XgYNg,Leonel Vega,66.0,8.0,88.8
2026-08-22,p_4XgYNg,Leonel Vega,68.44444444444444,9.0,88.6
2026-08-30,p_4XgYNg,Leonel Vega,70.6,10.0,88.6
2026-09-07,p_4XgYNg,Leonel Vega,72.36363636363636,11.0,88.6
2026-09-12,p_4XgYNg,Leonel Vega,73.83333333333333,12.0,88.6
2026-01-23,p_4YbP7i,Gaston Hernandez,,0.0,
2026-01-27,p_4YbP7i,Gaston Hernandez,90.0,1.0,90.0
2026-01-31,p_4YbP7i,Gaston Hernandez,90.0,2.0,90.0
2026-02-08,p_4YbP7i,Gaston Hernandez,90.0,3.0,90.0
2026-02-14,p_4YbP7i,Gaston Hernandez,90.0,4.0,90.0
2026-02-22,p_4YbP7i,Gaston Hernandez,90.0,5.0,90.0
2026-02-24,p_4YbP7i,Gaston Hernandez,90.0,6.0,90.0
2026-03-01,p_4YbP7i,Gaston Hernandez,90.0,7.0,90.0
2026-03-11,p_4YbP7i,Gaston Hernandez,90.0,8.0,90.0
2026-01-24,p_4YkG7y,Rafael Barrios,,0.0,
2026-01-28,p_4YkG7y,Rafael Barrios,71.0,1.0,71.0
2026-02-01,p_4YkG7y,Rafael Barrios,67.0,2.0,67.0
2026-02-09,p_4YkG7y,Rafael Barrios,59.666666666666664,3.0,59.666666666666664
2026-02-16,p_4YkG7y,Rafael Barrios,65.75,4.0,65.75
2026-02-21,p_4YkG7y,Rafael Barrios,61.6,5.0,61.6
2026-02-25,p_4YkG7y,Rafael Barrios,66.0,6.0,65.0
2026-03-01,p_4YkG7y,Rafael Barrios,63.0,7.0,61.4
2026-04-12,p_4YkG7y,Rafael Barrios,60.75,8.0,61.4
2026-07-25,p_4YkG7y,Rafael Barrios,55.55555555555556,9.0,47.4
2026-07-29,p_4YkG7y,Rafael Barrios,59.0,10.0,56.4
2026-08-02,p_4YkG7y,Rafael Barrios,61.72727272727273,11.0,56.6
2026-08-09,p_4YkG7y,Rafael Barrios,64.08333333333333,12.0,65.6
2026-08-17,p_4YkG7y,Rafael Barrios,64.6923076923077,13.0,71.0
2026-08-23,p_4YkG7y,Rafael Barrios,66.5,14.0,86.2
2026-09-01,p_4YkG7y,Rafael Barrios,68.06666666666666,15.0,86.2
2026-09-14,p_4YkG7y,Rafael Barrios,65.375,16.0,73.4
2026-09-14,p_4YkG7y,Rafael Barrios,64.17647058823529,17.0,64.4
2026-01-26,p_4YoHOP,Ramon Arias,,0.0,
2026-01-29,p_4YoHOP,Ramon Arias,5.0,1.0,5.0
2026-02-02,p_4YoHOP,Ramon Arias,5.0,2.0,5.0
2026-02-12,p_4YoHOP,Ramon Arias,10.0,3.0,10.0
2026-02-25,p_4YoHOP,Ramon Arias,7.75,4.0,7.75
2026-04-02,p_4YoHOP,Ramon Arias,24.2,5.0,24.2
2026-04-12,p_4YoHOP,Ramon Arias,33.333333333333336,6.0,39.0
2026-01-26,p_4Z9nkh,Brandon Márquez,,0.0,
2026-02-04,p_4Z9nkh,Brandon Márquez,33.0,1.0,33.0
2026-02-20,p_4Z9nkh,Brandon Márquez,20.0,2.0,20.0
2026-04-13,p_4Z9nkh,Brandon Márquez,16.0,3.0,16.0
2026-07-28,p_4aKi2o,Jeremias Acosta,,0.0,
2026-01-22,p_4aWnwm,Leonardo Sequeira,,0.0,
2026-02-01,p_4aWnwm,Leonardo Sequeira,10.0,1.0,10.0
2026-02-14,p_4aWnwm,Leonardo Sequeira,7.5,2.0,7.5
2026-02-21,p_4aWnwm,Leonardo Sequeira,7.333333333333333,3.0,7.333333333333333
2026-02-26,p_4aWnwm,Leonardo Sequeira,6.25,4.0,6.25
2026-03-03,p_4aWnwm,Leonardo Sequeira,8.2,5.0,8.2
2026-03-13,p_4aWnwm,Leonardo Sequeira,8.166666666666666,6.0,7.8
2026-03-16,p_4aWnwm,Leonardo Sequeira,7.142857142857143,7.0,7.0
2026-03-24,p_4aWnwm,Leonardo Sequeira,9.875,8.0,11.4
2026-04-28,p_4aWnwm,Leonardo Sequeira,11.11111111111111,9.0,15.0
2026-08-11,p_4aWnwm,Leonardo Sequeira,10.6,10.0,13.0
2026-08-16,p_4aWnwm,Leonardo Sequeira,16.09090909090909,11.0,25.6
2026-08-24,p_4aWnwm,Leonardo Sequeira,18.5,12.0,34.4
2026-09-06,p_4aWnwm,Leonardo Sequeira,22.23076923076923,13.0,42.0
2026-09-12,p_4aWnwm,Leonardo Sequeira,22.357142857142858,14.0,42.6
2026-09-08,p_4aqigz,Nazareno Fazzi,,0.0,
2026-01-28,p_4ar7Cn,Mauro Da Luz,,0.0,
2026-02-07,p_4ar7Cn,Mauro Da Luz,7.0,1.0,7.0
2026-03-03,p_4ar7Cn,Mauro Da Luz,16.5,2.0,16.5
2026-01-23,p_4ax8kI,Joaquín Flores,,0.0,
2026-01-31,p_4ax8kI,Joaquín Flores,15.0,1.0,15.0
2026-02-16,p_4ax8kI,Joaquín Flores,15.5,2.0,15.5
2026-02-22,p_4ax8kI,Joaquín Flores,17.666666666666668,3.0,17.666666666666668
2026-04-14,p_4ax8kI,Joaquín Flores,17.0,4.0,17.0
2026-08-16,p_4ax8kI,Joaquín Flores,18.4,5.0,18.4
2026-08-30,p_4ax8kI,Joaquín Flores,20.166666666666668,6.0,21.2
2026-01-26,p_4b7wxM,Gonzalo Maffini,,0.0,
2026-01-30,p_4b7wxM,Gonzalo Maffini,90.0,1.0,90.0
2026-02-03,p_4b7wxM,Gonzalo Maffini,90.0,2.0,90.0
2026-02-15,p_4b7wxM,Gonzalo Maffini,90.0,3.0,90.0
2026-02-22,p_4b7wxM,Gonzalo Maffini,90.0,4.0,90.0
2026-02-26,p_4b7wxM,Gonzalo Maffini,90.0,5.0,90.0
2026-03-03,p_4b7wxM,Gonzalo Maffini,90.0,6.0,90.0
2026-03-12,p_4b7wxM,Gonzalo Maffini,90.0,7.0,90.0
2026-03-16,p_4b7wxM,Gonzalo Maffini,90.0,8.0,90.0
2026-03-22,p_4b7wxM,Gonzalo Maffini,90.0,9.0,90.0
2026-04-04,p_4b7wxM,Gonzalo Maffini,90.0,10.0,90.0
2026-04-24,p_4b7wxM,Gonzalo Maffini,90.0,11.0,90.0
2026-07-29,p_4b7wxM,Gonzalo Maffini,90.0,12.0,90.0
2026-08-01,p_4b7wxM,Gonzalo Maffini,90.0,13.0,90.0
2026-08-08,p_4b7wxM,Gonzalo Maffini,90.0,14.0,90.0
2026-08-17,p_4b7wxM,Gonzalo Maffini,90.0,15.0,90.0
2026-08-21,p_4b7wxM,Gonzalo Maffini,90.0,16.0,90.0
2026-08-29,p_4b7wxM,Gonzalo Maffini,90.0,17.0,90.0
2026-09-04,p_4b7wxM,Gonzalo Maffini,90.0,18.0,90.0
2026-09-15,p_4b7wxM,Gonzalo Maffini,90.0,19.0,90.0
2026-09-15,p_4b7wxM,Gonzalo Maffini,90.0,20.0,90.0
2026-01-24,p_4bCUcN,Agustín Auzmendi,,0.0,
2026-01-28,p_4bCUcN,Agustín Auzmendi,2.0,1.0,2.0
2026-02-02,p_4bCUcN,Agustín Auzmendi,3.0,2.0,3.0
2026-02-09,p_4bCUcN,Agustín Auzmendi,10.333333333333334,3.0,10.333333333333334
2026-02-15,p_4bCUcN,Agustín Auzmendi,19.0,4.0,19.0
2026-02-21,p_4bCUcN,Agustín Auzmendi,20.6,5.0,20.6
2026-02-25,p_4bCUcN,Agustín Auzmendi,20.0,6.0,23.6
2026-03-02,p_4bCUcN,Agustín Auzmendi,20.428571428571427,7.0,27.4
2026-03-11,p_4bCUcN,Agustín Auzmendi,19.875,8.0,25.6
2026-03-15,p_4bCUcN,Agustín Auzmendi,18.555555555555557,9.0,18.2
2026-03-21,p_4bCUcN,Agustín Auzmendi,17.7,10.0,14.8
2026-04-05,p_4bCUcN,Agustín Auzmendi,17.727272727272727,11.0,15.0
2026-04-13,p_4bCUcN,Agustín Auzmendi,18.75,12.0,16.4
2026-04-18,p_4bCUcN,Agustín Auzmendi,24.076923076923077,13.0,30.8
2026-04-26,p_4bCUcN,Agustín Auzmendi,28.785714285714285,14.0,47.2
2026-05-03,p_4bCUcN,Agustín Auzmendi,32.86666666666667,15.0,63.2
2026-05-11,p_4bCUcN,Agustín Auzmendi,36.1875,16.0,76.8
2026-05-14,p_4bCUcN,Agustín Auzmendi,39.23529411764706,17.0,88.4
2026-07-24,p_4bCUcN,Agustín Auzmendi,42.05555555555556,18.0,88.8
2026-07-29,p_4bCUcN,Agustín Auzmendi,44.578947368421055,19.0,88.8
2026-08-02,p_4bCUcN,Agustín Auzmendi,46.85,20.0,88.8
2026-08-09,p_4bCUcN,Agustín Auzmendi,47.523809523809526,21.0,83.8
2026-08-15,p_4bCUcN,Agustín Auzmendi,48.95454545454545,22.0,82.0
2026-08-22,p_4bCUcN,Agustín Auzmendi,50.17391304347826,23.0,79.4
2026-08-29,p_4bCUcN,Agustín Auzmendi,51.833333333333336,24.0,79.4
2026-09-05,p_4bCUcN,Agustín Auzmendi,52.56,25.0,75.4
2026-09-13,p_4bCUcN,Agustín Auzmendi,53.5,26.0,78.6
2026-01-23,p_4beE3s,Leonardo Marchi,,0.0,
2026-01-28,p_4beE3s,Leonardo Marchi,90.0,1.0,90.0
2026-02-28,p_4beE3s,Leonardo Marchi,67.5,2.0,67.5
2026-04-14,p_4beE3s,Leonardo Marchi,52.666666666666664,3.0,52.666666666666664
2026-07-24,p_4beE3s,Leonardo Marchi,44.25,4.0,44.25
2026-08-04,p_4beE3s,Leonardo Marchi,53.4,5.0,53.4
2026-09-12,p_4beE3s,Leonardo Marchi,46.5,6.0,37.8
2026-01-24,p_4bqyr6,Ronaldo Martínez,,0.0,
2026-01-27,p_4bqyr6,Ronaldo Martínez,74.0,1.0,74.0
2026-02-01,p_4bqyr6,Ronaldo Martínez,82.0,2.0,82.0
2026-02-09,p_4bqyr6,Ronaldo Martínez,83.0,3.0,83.0
2026-02-14,p_4bqyr6,Ronaldo Martínez,82.5,4.0,82.5
2026-02-21,p_4bqyr6,Ronaldo Martínez,81.4,5.0,81.4
2026-02-24,p_4bqyr6,Ronaldo Martínez,81.33333333333333,6.0,82.8
2026-03-01,p_4bqyr6,Ronaldo Martínez,82.57142857142857,7.0,82.8
2026-03-12,p_4bqyr6,Ronaldo Martínez,83.5,8.0,83.8
2026-03-15,p_4bqyr6,Ronaldo Martínez,83.66666666666667,9.0,84.6
2026-03-21,p_4bqyr6,Ronaldo Martínez,81.5,10.0,81.6
2026-04-02,p_4bqyr6,Ronaldo Martínez,81.36363636363636,11.0,81.4
2026-04-13,p_4bqyr6,Ronaldo Martínez,79.91666666666667,12.0,76.2
2026-04-19,p_4bqyr6,Ronaldo Martínez,79.61538461538461,13.0,73.4
2026-04-25,p_4bqyr6,Ronaldo Martínez,79.0,14.0,70.6
2026-05-02,p_4bqyr6,Ronaldo Martínez,78.13333333333334,15.0,71.4
2026-05-09,p_4bqyr6,Ronaldo Martínez,76.0625,16.0,64.4
2026-07-25,p_4bqyr6,Ronaldo Martínez,76.88235294117646,17.0,69.6
2026-07-30,p_4bqyr6,Ronaldo Martínez,75.72222222222223,18.0,65.6
2026-08-12,p_4bqyr6,Ronaldo Martínez,75.36842105263158,19.0,65.2
2026-08-25,p_4bqyr6,Ronaldo Martínez,74.45,20.0,63.4
2026-09-06,p_4bqyr6,Ronaldo Martínez,71.28571428571429,21.0,56.0
2026-09-11,p_4bqyr6,Ronaldo Martínez,71.36363636363636,22.0,52.6
2026-01-23,p_4ckwa7,Nicolás Ferreyra,,0.0,
2026-01-27,p_4ckwa7,Nicolás Ferreyra,28.0,1.0,28.0
2026-02-09,p_4ckwa7,Nicolás Ferreyra,19.0,2.0,19.0
2026-02-14,p_4ckwa7,Nicolás Ferreyra,21.0,3.0,21.0
2026-02-21,p_4ckwa7,Nicolás Ferreyra,19.75,4.0,19.75
2026-02-25,p_4ckwa7,Nicolás Ferreyra,16.8,5.0,16.8
2026-03-12,p_4ckwa7,Nicolás Ferreyra,19.666666666666668,6.0,18.0
2026-03-18,p_4ckwa7,Nicolás Ferreyra,23.285714285714285,7.0,25.0
2026-03-21,p_4ckwa7,Nicolás Ferreyra,23.625,8.0,25.2
2026-04-26,p_4ckwa7,Nicolás Ferreyra,21.88888888888889,9.0,23.6
2026-08-08,p_4d2ONx,Francisco Ortega,,0.0,
2026-08-16,p_4d2ONx,Francisco Ortega,90.0,1.0,90.0
2026-08-23,p_4d2ONx,Francisco Ortega,90.0,2.0,90.0
2026-08-30,p_4d2ONx,Francisco Ortega,90.0,3.0,90.0
2026-09-06,p_4d2ONx,Francisco Ortega,69.5,4.0,69.5
2026-01-22,p_4d2Pri,Franco Leys,,0.0,
2026-01-28,p_4d2Pri,Franco Leys,6.0,1.0,6.0
2026-02-02,p_4d2Pri,Franco Leys,25.5,2.0,25.5
2026-02-12,p_4d2Pri,Franco Leys,25.666666666666668,3.0,25.666666666666668
2026-02-23,p_4d2Pri,Franco Leys,30.5,4.0,30.5
2026-03-16,p_4d2Pri,Franco Leys,29.6,5.0,29.6
2026-03-22,p_4d2Pri,Franco Leys,24.833333333333332,6.0,28.6
2026-03-31,p_4d2Pri,Franco Leys,34.142857142857146,7.0,37.6
2026-04-04,p_4d2Pri,Franco Leys,41.125,8.0,50.4
2026-04-11,p_4d2Pri,Franco Leys,46.55555555555556,9.0,59.4
2026-04-19,p_4d2Pri,Franco Leys,47.6,10.0,65.6
2026-01-24,p_4d8JFW,Ian Subiabre,,0.0,
2026-01-28,p_4d8JFW,Ian Subiabre,29.0,1.0,29.0
2026-02-02,p_4d8JFW,Ian Subiabre,25.5,2.0,25.5
2026-02-07,p_4d8JFW,Ian Subiabre,21.333333333333332,3.0,21.333333333333332
2026-02-13,p_4d8JFW,Ian Subiabre,20.5,4.0,20.5
2026-02-22,p_4d8JFW,Ian Subiabre,25.4,5.0,25.4
2026-02-26,p_4d8JFW,Ian Subiabre,24.5,6.0,23.6
2026-03-03,p_4d8JFW,Ian Subiabre,30.0,7.0,31.8
2026-03-13,p_4d8JFW,Ian Subiabre,35.25,8.0,43.6
2026-03-15,p_4d8JFW,Ian Subiabre,38.77777777777778,9.0,53.4
2026-03-22,p_4d8JFW,Ian Subiabre,43.9,10.0,62.4
2026-04-05,p_4d8JFW,Ian Subiabre,46.72727272727273,11.0,73.4
2026-04-12,p_4d8JFW,Ian Subiabre,47.166666666666664,12.0,71.2
2026-04-19,p_4d8JFW,Ian Subiabre,48.23076923076923,13.0,69.0
2026-04-26,p_4d8JFW,Ian Subiabre,44.92857142857143,14.0,56.0
2026-05-03,p_4d8JFW,Ian Subiabre,47.266666666666666,15.0,54.0
2026-05-10,p_4d8JFW,Ian Subiabre,47.125,16.0,48.0
2026-08-15,p_4d8JFW,Ian Subiabre,47.529411764705884,17.0,48.4
2026-08-24,p_4d8JFW,Ian Subiabre,46.611111111111114,18.0,42.4
2026-09-01,p_4d8JFW,Ian Subiabre,45.1578947368421,19.0,45.8
2026-09-05,p_4d8JFW,Ian Subiabre,43.95,20.0,34.0
2026-09-13,p_4d8JFW,Ian Subiabre,42.42857142857143,21.0,27.4
2026-01-24,p_4dBC4G,Valentin Carboni,,0.0,
2026-01-28,p_4dBC4G,Valentin Carboni,57.0,1.0,57.0
2026-02-02,p_4dBC4G,Valentin Carboni,58.5,2.0,58.5
2026-02-07,p_4dBC4G,Valentin Carboni,59.0,3.0,59.0
2026-02-14,p_4dBC4G,Valentin Carboni,44.5,4.0,44.5
2026-01-30,p_4dX0F7,Emiliano Viveros,,0.0,
2026-02-03,p_4dX0F7,Emiliano Viveros,78.0,1.0,78.0
2026-02-13,p_4dX0F7,Emiliano Viveros,68.5,2.0,68.5
2026-03-01,p_4dX0F7,Emiliano Viveros,66.33333333333333,3.0,66.33333333333333
2026-03-11,p_4dX0F7,Emiliano Viveros,53.25,4.0,53.25
2026-03-16,p_4dX0F7,Emiliano Viveros,45.6,5.0,45.6
2026-03-23,p_4dX0F7,Emiliano Viveros,50.666666666666664,6.0,45.2
2026-03-27,p_4dX0F7,Emiliano Viveros,52.857142857142854,7.0,46.6
2026-03-31,p_4dX0F7,Emiliano Viveros,55.75,8.0,49.4
2026-04-06,p_4dX0F7,Emiliano Viveros,57.55555555555556,9.0,61.0
2026-04-11,p_4dX0F7,Emiliano Viveros,57.6,10.0,69.6
2026-08-01,p_4dX0F7,Emiliano Viveros,57.36363636363637,11.0,65.4
2026-08-16,p_4dX0F7,Emiliano Viveros,56.333333333333336,12.0,61.2
2026-08-25,p_4dX0F7,Emiliano Viveros,56.61538461538461,13.0,58.0
2026-08-30,p_4dX0F7,Emiliano Viveros,53.0,14.0,44.8
2026-09-07,p_4dX0F7,Emiliano Viveros,52.46666666666667,15.0,42.2
2026-09-13,p_4dX0F7,Emiliano Viveros,53.375,16.0,44.6
2026-07-24,p_4dlsMo,Andrés Chávez,,0.0,
2026-07-29,p_4dlsMo,Andrés Chávez,13.0,1.0,13.0
2026-08-02,p_4dlsMo,Andrés Chávez,13.0,2.0,13.0
2026-08-15,p_4dlsMo,Andrés Chávez,14.0,3.0,14.0
2026-08-21,p_4dlsMo,Andrés Chávez,15.75,4.0,15.75
2026-09-05,p_4dlsMo,Andrés Chávez,25.8,5.0,25.8
2026-09-12,p_4dlsMo,Andrés Chávez,22.5,6.0,24.4
2026-01-29,p_4drKzY,Ezequiel Piovi,,0.0,
2026-02-02,p_4drKzY,Ezequiel Piovi,82.0,1.0,82.0
2026-02-09,p_4drKzY,Ezequiel Piovi,63.5,2.0,63.5
2026-02-15,p_4drKzY,Ezequiel Piovi,72.33333333333333,3.0,72.33333333333333
2026-02-20,p_4drKzY,Ezequiel Piovi,76.75,4.0,76.75
2026-02-25,p_4drKzY,Ezequiel Piovi,79.4,5.0,79.4
2026-03-02,p_4drKzY,Ezequiel Piovi,81.16666666666667,6.0,81.0
2026-03-13,p_4drKzY,Ezequiel Piovi,82.42857142857143,7.0,90.0
2026-03-18,p_4drKzY,Ezequiel Piovi,83.25,8.0,89.8
2026-03-23,p_4drKzY,Ezequiel Piovi,84.0,9.0,89.8
2026-04-03,p_4drKzY,Ezequiel Piovi,83.9,10.0,88.4
2026-04-18,p_4drKzY,Ezequiel Piovi,82.36363636363636,11.0,83.8
2026-04-25,p_4drKzY,Ezequiel Piovi,83.0,12.0,83.8
2026-05-03,p_4drKzY,Ezequiel Piovi,83.53846153846153,13.0,84.0
2026-05-10,p_4drKzY,Ezequiel Piovi,81.78571428571429,14.0,77.8
2026-07-26,p_4drKzY,Ezequiel Piovi,82.26666666666667,15.0,79.0
2026-08-01,p_4drKzY,Ezequiel Piovi,82.5,16.0,82.8
2026-08-05,p_4drKzY,Ezequiel Piovi,82.94117647058823,17.0,82.8
2026-08-15,p_4drKzY,Ezequiel Piovi,83.11111111111111,18.0,82.0
2026-08-23,p_4drKzY,Ezequiel Piovi,82.73684210526316,19.0,85.4
2026-08-31,p_4drKzY,Ezequiel Piovi,83.1,20.0,85.6
2026-09-06,p_4drKzY,Ezequiel Piovi,81.28571428571429,21.0,77.4
2026-01-24,p_4duo4k,Marcelo Miño,,0.0,
2026-01-28,p_4duo4k,Marcelo Miño,90.0,1.0,90.0
2026-02-01,p_4duo4k,Marcelo Miño,90.0,2.0,90.0
2026-02-09,p_4duo4k,Marcelo Miño,90.0,3.0,90.0
2026-02-16,p_4duo4k,Marcelo Miño,90.0,4.0,90.0
2026-02-21,p_4duo4k,Marcelo Miño,90.0,5.0,90.0
2026-02-25,p_4duo4k,Marcelo Miño,90.0,6.0,90.0
2026-03-01,p_4duo4k,Marcelo Miño,90.0,7.0,90.0
2026-03-12,p_4duo4k,Marcelo Miño,90.0,8.0,90.0
2026-03-24,p_4duo4k,Marcelo Miño,88.88888888888889,9.0,88.0
2026-04-02,p_4duo4k,Marcelo Miño,89.0,10.0,88.0
2026-07-25,p_4duo4k,Marcelo Miño,89.0909090909091,11.0,88.0
2026-07-29,p_4duo4k,Marcelo Miño,89.16666666666667,12.0,88.0
2026-08-02,p_4duo4k,Marcelo Miño,89.23076923076923,13.0,88.0
2026-08-09,p_4duo4k,Marcelo Miño,89.28571428571429,14.0,90.0
2026-08-17,p_4duo4k,Marcelo Miño,89.33333333333333,15.0,90.0
2026-08-23,p_4duo4k,Marcelo Miño,89.375,16.0,90.0
2026-09-01,p_4duo4k,Marcelo Miño,89.41176470588235,17.0,90.0
2026-09-07,p_4duo4k,Marcelo Miño,89.44444444444444,18.0,90.0
2026-09-14,p_4duo4k,Marcelo Miño,89.47368421052632,19.0,90.0
2026-09-14,p_4duo4k,Marcelo Miño,89.5,20.0,90.0
2026-01-24,p_4e3a9Y,Juan Quintero,,0.0,
2026-01-28,p_4e3a9Y,Juan Quintero,75.0,1.0,75.0
2026-02-02,p_4e3a9Y,Juan Quintero,75.5,2.0,75.5
2026-02-07,p_4e3a9Y,Juan Quintero,73.66666666666667,3.0,73.66666666666667
2026-02-13,p_4e3a9Y,Juan Quintero,73.25,4.0,73.25
2026-02-22,p_4e3a9Y,Juan Quintero,76.6,5.0,76.6
2026-03-13,p_4e3a9Y,Juan Quintero,68.33333333333333,6.0,67.0
2026-03-15,p_4e3a9Y,Juan Quintero,61.857142857142854,7.0,56.4
2026-03-22,p_4e3a9Y,Juan Quintero,57.75,8.0,48.2
2026-04-05,p_4e3a9Y,Juan Quintero,53.0,9.0,36.8
2026-04-12,p_4e3a9Y,Juan Quintero,49.4,10.0,22.2
2026-05-03,p_4e3a9Y,Juan Quintero,47.54545454545455,11.0,22.6
2026-05-10,p_4e3a9Y,Juan Quintero,45.666666666666664,12.0,23.0
2026-05-14,p_4e3a9Y,Juan Quintero,47.92307692307692,13.0,32.2
2026-05-24,p_4e3a9Y,Juan Quintero,45.57142857142857,14.0,32.2
2026-01-23,p_4eK1TZ,Mateo Pérez Curci,,0.0,
2026-01-28,p_4eK1TZ,Mateo Pérez Curci,59.0,1.0,59.0
2026-02-21,p_4eK1TZ,Mateo Pérez Curci,41.0,2.0,41.0
2026-04-04,p_4eK1TZ,Mateo Pérez Curci,29.333333333333332,3.0,29.333333333333332
2026-04-11,p_4eK1TZ,Mateo Pérez Curci,30.0,4.0,30.0
2026-04-18,p_4eK1TZ,Mateo Pérez Curci,40.6,5.0,40.6
2026-04-24,p_4eK1TZ,Mateo Pérez Curci,45.166666666666664,6.0,42.4
2026-05-02,p_4eK1TZ,Mateo Pérez Curci,48.142857142857146,7.0,51.0
2026-05-10,p_4eK1TZ,Mateo Pérez Curci,53.375,8.0,67.8
2026-07-26,p_4eK1TZ,Mateo Pérez Curci,55.77777777777778,9.0,76.4
2026-07-31,p_4eK1TZ,Mateo Pérez Curci,59.2,10.0,77.8
2026-08-09,p_4eK1TZ,Mateo Pérez Curci,59.63636363636363,11.0,77.0
2026-08-17,p_4eK1TZ,Mateo Pérez Curci,58.416666666666664,12.0,72.8
2026-08-22,p_4eK1TZ,Mateo Pérez Curci,58.61538461538461,13.0,67.0
2026-09-06,p_4eK1TZ,Mateo Pérez Curci,60.785714285714285,14.0,69.8
2026-09-13,p_4eK1TZ,Mateo Pérez Curci,62.666666666666664,15.0,69.6
2026-07-25,p_4eOxm6,Francesco Lo Celso,,0.0,
2026-07-29,p_4eOxm6,Francesco Lo Celso,1.0,1.0,1.0
2026-08-29,p_4eOxm6,Francesco Lo Celso,2.5,2.0,2.5
2026-09-04,p_4eOxm6,Francesco Lo Celso,4.333333333333333,3.0,4.333333333333333
2026-02-03,p_4ek1bV,Hernán López,,0.0,
2026-02-07,p_4ek1bV,Hernán López,84.0,1.0,84.0
2026-02-13,p_4ek1bV,Hernán López,82.0,2.0,82.0
2026-03-01,p_4ek1bV,Hernán López,77.66666666666667,3.0,77.66666666666667
2026-03-11,p_4ek1bV,Hernán López,80.75,4.0,80.75
2026-03-23,p_4ek1bV,Hernán López,81.6,5.0,81.6
2026-03-27,p_4ek1bV,Hernán López,79.0,6.0,78.0
2026-03-31,p_4ek1bV,Hernán López,80.0,7.0,79.2
2026-04-06,p_4ek1bV,Hernán López,80.5,8.0,82.2
2026-04-11,p_4ek1bV,Hernán López,77.55555555555556,9.0,75.0
2026-05-03,p_4ek1bV,Hernán López,71.4,10.0,61.2
2026-05-10,p_4ek1bV,Hernán López,67.45454545454545,11.0,53.6
2026-05-13,p_4ek1bV,Hernán López,66.83333333333333,12.0,48.4
2026-05-17,p_4ek1bV,Hernán López,65.15384615384616,13.0,40.6
2026-07-23,p_4ek1bV,Hernán López,61.57142857142857,14.0,32.8
2026-07-29,p_4ek1bV,Hernán López,58.13333333333333,15.0,31.6
2026-08-01,p_4ek1bV,Hernán López,56.3125,16.0,31.8
2026-08-09,p_4ek1bV,Hernán López,57.470588235294116,17.0,35.0
2026-08-16,p_4ek1bV,Hernán López,59.111111111111114,18.0,43.4
2026-08-25,p_4ek1bV,Hernán López,60.31578947368421,19.0,56.8
2026-08-30,p_4ek1bV,Hernán López,60.8,20.0,68.8
2026-09-07,p_4ek1bV,Hernán López,60.04761904761905,21.0,72.0
2026-09-13,p_4ek1bV,Hernán López,60.40909090909091,22.0,70.4
2026-08-10,p_4fDTFL,Luciano Bonomo,,0.0,
2026-07-26,p_4fRzo0,Leonel Flores,,0.0,
2026-08-02,p_4fRzo0,Leonel Flores,66.0,1.0,66.0
2026-08-05,p_4fRzo0,Leonel Flores,78.0,2.0,78.0
2026-08-08,p_4fRzo0,Leonel Flores,80.33333333333333,3.0,80.33333333333333
2026-08-16,p_4fRzo0,Leonel Flores,78.75,4.0,78.75
2026-08-24,p_4fRzo0,Leonel Flores,81.0,5.0,81.0
2026-08-29,p_4fRzo0,Leonel Flores,77.83333333333333,6.0,80.2
2026-09-05,p_4fRzo0,Leonel Flores,78.0,7.0,78.0
2026-01-24,p_4fbCCX,Tomás Galván,,0.0,
2026-01-28,p_4fbCCX,Tomás Galván,75.0,1.0,75.0
2026-02-02,p_4fbCCX,Tomás Galván,71.5,2.0,71.5
2026-02-07,p_4fbCCX,Tomás Galván,71.0,3.0,71.0
2026-02-13,p_4fbCCX,Tomás Galván,71.25,4.0,71.25
2026-02-22,p_4fbCCX,Tomás Galván,71.2,5.0,71.2
2026-02-26,p_4fbCCX,Tomás Galván,66.83333333333333,6.0,65.2
2026-03-03,p_4fbCCX,Tomás Galván,70.14285714285714,7.0,69.6
2026-03-13,p_4fbCCX,Tomás Galván,72.625,8.0,73.6
2026-03-15,p_4fbCCX,Tomás Galván,72.0,9.0,72.6
2026-03-22,p_4fbCCX,Tomás Galván,70.9,10.0,70.6
2026-04-05,p_4fbCCX,Tomás Galván,70.0909090909091,11.0,74.0
2026-04-12,p_4fbCCX,Tomás Galván,71.25,12.0,72.8
2026-04-19,p_4fbCCX,Tomás Galván,70.46153846153847,13.0,67.0
2026-04-26,p_4fbCCX,Tomás Galván,71.85714285714286,14.0,71.6
2026-05-03,p_4fbCCX,Tomás Galván,72.4,15.0,75.4
2026-05-10,p_4fbCCX,Tomás Galván,71.9375,16.0,76.0
2026-05-14,p_4fbCCX,Tomás Galván,71.58823529411765,17.0,72.4
2026-05-16,p_4fbCCX,Tomás Galván,72.61111111111111,18.0,78.2
2026-05-24,p_4fbCCX,Tomás Galván,73.52631578947368,19.0,78.2
2026-07-25,p_4fbCCX,Tomás Galván,74.3,20.0,80.0
2026-07-29,p_4fbCCX,Tomás Galván,73.95238095238095,21.0,80.4
2026-08-02,p_4fbCCX,Tomás Galván,74.68181818181819,22.0,85.2
2026-08-08,p_4fbCCX,Tomás Galván,73.3913043478261,23.0,76.2
2026-08-16,p_4fbCCX,Tomás Galván,73.875,24.0,75.2
2026-08-30,p_4fbCCX,Tomás Galván,71.2,25.0,58.8
2026-09-06,p_4fbCCX,Tomás Galván,71.92307692307692,26.0,63.4
2026-09-12,p_4fbCCX,Tomás Galván,72.55555555555556,27.0,63.2
2026-01-23,p_4filjU,Elías Gómez,,0.0,
2026-01-27,p_4filjU,Elías Gómez,90.0,1.0,90.0
2026-01-31,p_4filjU,Elías Gómez,90.0,2.0,90.0
2026-02-09,p_4filjU,Elías Gómez,90.0,3.0,90.0
2026-02-14,p_4filjU,Elías Gómez,90.0,4.0,90.0
2026-02-22,p_4filjU,Elías Gómez,90.0,5.0,90.0
2026-02-25,p_4filjU,Elías Gómez,90.0,6.0,90.0
2026-03-02,p_4filjU,Elías Gómez,90.0,7.0,90.0
2026-03-10,p_4filjU,Elías Gómez,90.0,8.0,90.0
2026-03-14,p_4filjU,Elías Gómez,90.0,9.0,90.0
2026-03-21,p_4filjU,Elías Gómez,90.0,10.0,90.0
2026-04-03,p_4filjU,Elías Gómez,90.0,11.0,90.0
2026-04-14,p_4filjU,Elías Gómez,90.0,12.0,90.0
2026-04-20,p_4filjU,Elías Gómez,90.0,13.0,90.0
2026-04-27,p_4filjU,Elías Gómez,90.0,14.0,90.0
2026-05-11,p_4filjU,Elías Gómez,90.0,15.0,90.0
2026-07-24,p_4filjU,Elías Gómez,90.0,16.0,90.0
2026-07-30,p_4filjU,Elías Gómez,90.0,17.0,90.0
2026-08-08,p_4filjU,Elías Gómez,90.0,18.0,90.0
2026-08-17,p_4filjU,Elías Gómez,88.57894736842105,19.0,84.6
2026-08-23,p_4filjU,Elías Gómez,88.65,20.0,84.6
2026-08-29,p_4filjU,Elías Gómez,88.71428571428571,21.0,84.6
2026-09-06,p_4filjU,Elías Gómez,88.77272727272727,22.0,84.6
2026-09-11,p_4filjU,Elías Gómez,88.82608695652173,23.0,84.6
2026-01-29,p_4g8d1N,Franco Vázquez,,0.0,
2026-02-03,p_4g8d1N,Franco Vázquez,33.0,1.0,33.0
2026-02-08,p_4g8d1N,Franco Vázquez,61.5,2.0,61.5
2026-02-15,p_4g8d1N,Franco Vázquez,70.0,3.0,70.0
2026-02-20,p_4g8d1N,Franco Vázquez,73.5,4.0,73.5
2026-02-25,p_4g8d1N,Franco Vázquez,75.8,5.0,75.8
2026-03-03,p_4g8d1N,Franco Vázquez,77.0,6.0,85.8
2026-03-12,p_4g8d1N,Franco Vázquez,78.85714285714286,7.0,85.8
2026-03-15,p_4g8d1N,Franco Vázquez,78.75,8.0,84.0
2026-03-22,p_4g8d1N,Franco Vázquez,80.0,9.0,85.2
2026-04-05,p_4g8d1N,Franco Vázquez,81.0,10.0,86.2
2026-04-11,p_4g8d1N,Franco Vázquez,79.72727272727273,11.0,83.0
2026-04-20,p_4g8d1N,Franco Vázquez,79.58333333333333,12.0,80.6
2026-04-26,p_4g8d1N,Franco Vázquez,80.07692307692308,13.0,82.2
2026-05-03,p_4g8d1N,Franco Vázquez,77.57142857142857,14.0,73.2
2026-05-09,p_4g8d1N,Franco Vázquez,74.06666666666666,15.0,60.2
2026-05-12,p_4g8d1N,Franco Vázquez,70.5,16.0,50.2
2026-05-17,p_4g8d1N,Franco Vázquez,67.17647058823529,17.0,37.4
2026-05-24,p_4g8d1N,Franco Vázquez,67.61111111111111,18.0,35.2
2026-07-23,p_4g8d1N,Franco Vázquez,65.47368421052632,19.0,31.6
2026-08-01,p_4g8d1N,Franco Vázquez,66.7,20.0,44.6
2026-08-15,p_4g8d1N,Franco Vázquez,65.38095238095238,21.0,49.0
2026-08-23,p_4g8d1N,Franco Vázquez,66.5,22.0,64.2
2026-08-30,p_4g8d1N,Franco Vázquez,67.08695652173913,23.0,65.2
2026-09-04,p_4g8d1N,Franco Vázquez,68.04166666666667,24.0,77.8
2026-09-13,p_4g8d1N,Franco Vázquez,68.24,25.0,74.4
2026-01-26,p_4gVkOw,Iván Erquiaga,,0.0,
2026-02-04,p_4gVkOw,Iván Erquiaga,45.0,1.0,45.0
