match_id,date,team_id,team_name,prom_ultimos_5_shots_on_target,prom_ultimos_5_chances_created,prom_ultimos_5_accurate_passes,prom_ultimos_5_passes,prom_ultimos_5_progressive_passes,prom_ultimos_5_passes_into_final_third,prom_ultimos_5_accurate_crosses,prom_ultimos_5_progressive_carries,prom_ultimos_5_duels_won,prom_ultimos_5_duels_lost,prom_ultimos_5_tackles,prom_ultimos_5_interceptions,prom_ultimos_5_recoveries,prom_ultimos_5_clearances,prom_ultimos_5_blocks,prom_ultimos_5_dribbled_past,prom_ultimos_5_miscontrols,prom_ultimos_5_dispossessed,prom_ultimos_5_take_ons,prom_ultimos_5_take_ons_won,prom_ultimos_5_failed_dribbles,prom_ultimos_5_saves,prom_ultimos_5_diferencia_duelos,prom_ultimos_5_diferencia_recuperaciones_perdidas,prom_ultimos_5_precision_pases
m_43Vm4s,2026-01-24,t_02LuKO,Talleres,0.0,0.0,0.0,0.0,0.0,0.0,0.0,0.0,0.0,0.0,0.0,0.0,0.0,0.0,0.0,0.0,0.0,0.0,0.0,0.0,0.0,0.0,0.0,0.0,0.0
m_45TuR8,2026-01-27,t_02LuKO,Talleres,6.0,9.0,446.0,513.0,22.0,51.0,23.0,14.0,10.0,47.0,10.0,6.0,44.0,27.0,1.0,5.0,16.0,7.0,15.0,4.0,11.0,2.0,-37.0,37.0,0.8693957115009746
m_2citFn,2026-02-01,t_02LuKO,Talleres,7.0,12.5,335.0,411.5,25.0,49.5,20.5,18.0,15.0,44.5,13.5,10.5,47.0,30.0,1.0,5.5,18.0,6.5,13.5,6.0,7.5,2.0,-29.5,40.5,0.8140947752126367
m_0rf9Wx,2026-02-09,t_02LuKO,Talleres,5.333333333333333,11.333333333333334,338.3333333333333,425.0,25.666666666666668,55.333333333333336,21.666666666666668,16.666666666666668,22.333333333333332,41.333333333333336,18.333333333333332,12.666666666666666,46.666666666666664,28.0,0.6666666666666666,5.0,16.0,5.666666666666667,16.333333333333332,9.666666666666666,6.666666666666667,1.6666666666666667,-19.0,41.0,0.796078431372549
m_2a1a7F,2026-02-14,t_02LuKO,Talleres,5.25,11.0,374.0,460.75,26.75,60.0,20.0,16.25,21.0,44.75,17.75,13.0,50.5,27.75,0.75,5.0,17.0,6.0,17.25,8.5,8.75,2.0,-23.75,44.5,0.8117200217037439
m_2M8Y8t,2026-02-21,t_02LuKO,Talleres,5.4,10.2,378.6,466.0,27.4,63.8,20.0,15.2,21.8,49.4,19.0,15.4,51.2,26.6,0.6,5.8,16.8,6.0,20.0,8.6,11.4,2.4,-27.6,45.2,0.8124463519313305
m_42bvJB,2026-02-24,t_02LuKO,Talleres,5.0,9.2,322.0,410.0,26.8,64.0,17.2,14.6,23.0,52.2,21.0,18.4,53.4,31.6,1.4,6.0,16.6,6.0,21.2,8.6,12.6,2.8,-29.2,47.4,0.7853658536585366
m_3CjTLG,2026-03-01,t_02LuKO,Talleres,3.8,7.2,358.0,445.6,26.4,70.0,18.0,13.6,21.6,53.6,21.2,18.2,53.2,29.2,1.4,5.4,16.8,6.0,22.8,7.8,15.0,2.6,-32.0,47.2,0.803411131059246
m_0RZpdm,2026-03-12,t_02LuKO,Talleres,4.6,7.2,343.4,428.2,26.8,66.8,19.2,13.6,19.6,56.0,19.8,18.6,54.8,28.0,1.6,5.2,19.8,5.8,22.4,6.8,15.6,3.4,-36.4,49.0,0.8019617001401215
m_3W9CKi,2026-03-15,t_02LuKO,Talleres,4.2,5.8,289.4,369.2,23.0,61.2,18.4,12.4,20.2,55.0,20.0,19.0,52.0,30.4,2.2,6.4,19.0,6.0,21.0,6.8,14.2,3.8,-34.8,46.0,0.7838569880823402
m_41GmcC,2026-03-21,t_02LuKO,Talleres,3.4,5.4,258.6,333.0,22.0,55.6,17.6,11.2,18.2,54.0,18.6,16.4,52.0,30.2,2.8,5.8,19.8,6.4,17.8,5.4,12.4,3.0,-35.8,45.6,0.7765765765765765
m_24NuK9,2026-04-02,t_02LuKO,Talleres,3.4,5.4,276.6,353.2,22.6,56.2,18.4,12.2,18.6,54.6,17.6,15.6,51.8,27.2,2.2,5.6,19.6,7.0,17.8,6.0,11.8,2.8,-36.0,44.8,0.7831257078142695
m_3SYDN1,2026-04-13,t_02LuKO,Talleres,3.2,6.2,263.2,335.6,23.0,51.0,18.6,12.6,19.4,56.6,17.0,14.0,50.6,25.6,2.4,6.6,18.4,8.0,18.2,6.6,11.6,2.8,-37.2,42.6,0.7842669845053635
m_2g93PE,2026-04-19,t_02LuKO,Talleres,3.0,5.4,279.0,346.8,21.8,51.4,14.8,13.0,17.2,54.4,16.6,12.0,51.4,30.0,2.2,6.6,16.2,8.8,17.4,5.2,12.2,2.8,-37.2,42.6,0.8044982698961938
m_4DTyjs,2026-04-25,t_02LuKO,Talleres,4.0,7.2,329.0,400.2,25.8,52.0,15.8,14.6,15.2,51.6,14.8,11.2,51.2,28.6,1.6,4.6,15.2,7.8,18.0,5.2,12.8,2.0,-36.4,43.4,0.8220889555222389
m_3C4rqD,2026-05-02,t_02LuKO,Talleres,4.2,7.6,344.4,416.0,25.8,52.6,16.2,16.4,16.6,50.0,15.6,11.6,50.4,32.6,2.2,4.4,14.6,7.4,19.6,6.0,13.6,2.6,-33.4,43.0,0.8278846153846153
m_3c05ZH,2026-05-09,t_02LuKO,Talleres,3.6,7.6,330.8,400.6,24.8,50.4,14.6,13.8,17.4,49.6,17.4,11.0,48.8,37.8,3.2,4.6,16.2,6.8,18.8,6.2,12.6,3.2,-32.2,42.0,0.8257613579630554
m_4P8SSz,2026-07-25,t_02LuKO,Talleres,3.8,7.8,309.4,381.2,25.0,50.8,14.6,12.8,18.4,49.2,17.4,12.6,51.0,39.0,3.8,4.4,16.6,7.0,18.6,6.4,12.2,3.4,-30.8,44.0,0.8116474291710388
m_0OoV9x,2026-07-30,t_02LuKO,Talleres,3.8,8.2,344.8,416.2,27.2,55.4,20.0,14.4,18.2,51.0,16.2,13.2,49.8,36.0,4.4,4.8,17.0,7.2,18.8,7.4,11.4,3.0,-32.8,42.6,0.8284478616049976
m_4f6yGZ,2026-08-12,t_02LuKO,Talleres,3.4,9.2,359.2,433.6,29.6,60.6,21.2,15.4,20.8,52.4,17.4,14.4,53.4,32.2,4.2,5.4,18.8,7.6,20.2,9.2,11.0,3.4,-31.6,45.8,0.8284132841328413
m_15Akee,2026-08-18,t_02LuKO,Talleres,4.2,10.8,407.0,484.0,31.0,64.2,22.2,17.4,19.2,50.2,14.8,13.6,53.2,29.2,4.6,5.6,19.2,7.2,18.6,9.8,8.8,3.8,-31.0,46.0,0.8409090909090909
m_2LhyO1,2026-08-25,t_02LuKO,Talleres,5.0,12.0,456.8,531.0,33.6,64.8,25.0,20.8,17.2,49.0,13.0,13.4,54.0,19.4,3.8,6.2,18.6,8.4,18.4,9.8,8.6,3.4,-31.8,45.6,0.8602636534839925
m_38lyOU,2026-08-30,t_02LuKO,Talleres,5.2,10.6,455.0,527.6,32.4,64.2,22.4,19.4,18.0,49.2,15.0,14.4,54.4,22.2,3.4,6.2,19.2,7.2,18.4,10.0,8.4,4.8,-31.2,47.2,0.8623957543593631
m_2ImO5V,2026-09-05,t_02LuKO,Talleres,5.2,13.0,459.2,526.2,35.2,67.2,19.6,18.8,18.0,49.6,14.8,14.2,53.6,20.0,3.2,6.8,18.4,7.0,17.2,8.8,8.4,5.0,-31.6,46.6,0.8726719878373242
m_36N9w7,2026-09-12,t_02LuKO,Talleres,5.2,11.6,425.8,488.0,32.2,61.8,17.6,17.2,17.2,52.8,15.8,15.2,52.6,22.2,4.8,7.6,18.6,8.6,15.2,7.4,7.8,4.8,-35.6,44.0,0.8725409836065574
m_1bOPPX,2026-01-24,t_0SmVI4,Independiente Rivadavia,0.0,0.0,0.0,0.0,0.0,0.0,0.0,0.0,0.0,0.0,0.0,0.0,0.0,0.0,0.0,0.0,0.0,0.0,0.0,0.0,0.0,0.0,0.0,0.0,0.0
m_2jeBEO,2026-01-27,t_0SmVI4,Independiente Rivadavia,5.0,5.0,137.0,214.0,12.0,45.0,13.0,11.0,22.0,55.0,25.0,19.0,48.0,31.0,3.0,7.0,19.0,9.0,20.0,11.0,9.0,4.0,-33.0,39.0,0.6401869158878505
m_2PMEYZ,2026-02-04,t_0SmVI4,Independiente Rivadavia,5.5,5.0,159.5,230.5,15.5,54.5,10.5,8.0,19.5,66.0,21.0,16.5,44.5,32.5,3.0,8.0,18.5,10.0,20.5,8.5,12.0,2.5,-46.5,34.5,0.6919739696312365
m_3jKKF8,2026-02-10,t_0SmVI4,Independiente Rivadavia,6.333333333333333,7.666666666666667,169.66666666666666,244.66666666666666,19.0,61.0,11.666666666666666,9.666666666666666,18.0,65.33333333333333,19.333333333333332,15.666666666666666,50.666666666666664,32.666666666666664,3.0,10.0,18.0,8.666666666666666,19.333333333333332,7.666666666666667,11.666666666666666,3.6666666666666665,-47.333333333333336,42.0,0.6934604904632152
m_4RVX9V,2026-02-15,t_0SmVI4,Independiente Rivadavia,5.5,8.75,187.25,273.5,20.0,65.75,14.0,9.0,16.75,61.0,18.25,16.0,50.5,33.0,2.25,10.0,17.0,7.5,19.5,7.5,12.0,2.75,-44.25,43.0,0.6846435100548446
m_49Gg2q,2026-02-21,t_0SmVI4,Independiente Rivadavia,5.0,9.2,198.6,283.6,20.6,66.0,18.2,10.0,17.2,59.8,17.2,15.0,51.6,31.4,2.4,10.6,17.2,6.8,20.0,7.8,12.2,2.6,-42.6,44.8,0.7002820874471086
m_2ASJLP,2026-02-26,t_0SmVI4,Independiente Rivadavia,5.0,11.0,201.8,288.4,22.8,69.6,19.6,10.0,17.6,58.2,15.8,14.4,49.6,34.4,2.2,10.0,16.8,7.2,20.4,8.0,12.4,2.4,-40.6,42.4,0.6997226074895978
m_1IrvXt,2026-03-03,t_0SmVI4,Independiente Rivadavia,4.2,11.0,216.0,311.0,23.2,69.2,21.0,11.4,16.6,51.6,14.8,14.2,52.2,31.2,2.0,9.4,15.2,6.4,18.2,7.6,10.6,2.8,-35.0,45.8,0.6945337620578779
m_1DO56u,2026-03-12,t_0SmVI4,Independiente Rivadavia,3.6,10.0,208.6,302.8,21.0,67.6,21.8,11.0,15.8,48.6,15.2,16.2,49.2,28.0,2.0,8.0,15.8,6.2,16.6,6.8,9.8,2.0,-32.8,43.0,0.6889035667107001
m_4KLddA,2026-03-15,t_0SmVI4,Independiente Rivadavia,5.2,11.2,249.6,338.6,23.2,68.0,24.2,14.6,15.6,46.6,14.2,14.6,50.2,23.2,2.4,6.4,15.8,5.8,15.6,6.6,9.0,2.2,-31.0,44.4,0.7371529828706438
m_3SxiDH,2026-03-23,t_0SmVI4,Independiente Rivadavia,5.2,10.4,264.2,350.2,24.6,65.8,19.6,14.2,14.6,45.0,13.8,15.2,49.6,22.8,2.6,5.4,14.2,7.8,13.8,5.8,8.0,2.0,-30.4,41.8,0.7544260422615648
m_41Dxbo,2026-04-02,t_0SmVI4,Independiente Rivadavia,5.0,8.4,262.8,341.0,23.0,64.8,17.4,12.8,12.2,47.2,13.0,15.6,49.6,16.8,2.8,6.8,14.2,7.4,11.0,4.2,6.8,1.8,-35.0,42.2,0.770674486803519
m_0sFzNT,2026-04-11,t_0SmVI4,Independiente Rivadavia,5.4,9.4,264.8,337.8,23.0,66.4,17.2,12.4,13.2,50.2,13.8,16.6,50.6,19.0,3.4,7.2,15.2,7.4,13.2,4.6,8.6,2.6,-37.0,43.2,0.7838957963291888
m_0fOliE,2026-04-20,t_0SmVI4,Independiente Rivadavia,5.8,9.6,288.2,356.8,25.8,62.6,17.2,11.8,15.4,50.6,13.6,15.2,51.6,20.4,2.8,8.2,14.0,7.8,16.2,6.4,9.8,2.2,-35.2,43.8,0.8077354260089686
m_1qQfO1,2026-04-26,t_0SmVI4,Independiente Rivadavia,4.0,8.2,263.8,328.6,25.6,61.2,15.4,9.0,17.0,54.8,14.2,16.6,49.8,26.6,3.2,9.2,15.0,9.6,18.2,8.2,10.0,2.8,-37.8,40.2,0.8027997565429094
m_3MfCw1,2026-05-03,t_0SmVI4,Independiente Rivadavia,5.4,10.0,238.8,303.2,26.2,59.0,18.8,9.0,17.8,54.6,15.2,15.8,46.4,25.0,2.6,8.6,15.4,8.6,18.6,9.0,9.6,2.8,-36.8,37.8,0.787598944591029
m_3h25YQ,2026-05-10,t_0SmVI4,Independiente Rivadavia,5.4,11.4,279.0,353.6,31.2,59.8,21.2,10.8,20.0,57.0,17.2,15.0,51.2,29.0,2.8,7.2,16.2,9.0,21.8,9.6,12.2,3.0,-37.0,42.2,0.7890271493212669
m_38l4Ru,2026-07-26,t_0SmVI4,Independiente Rivadavia,5.4,11.8,285.4,366.8,36.0,61.4,24.2,11.2,19.8,55.4,16.4,14.8,50.0,26.8,2.4,6.6,17.4,9.4,19.8,9.6,10.2,2.4,-35.6,40.6,0.7780806979280261
m_4ZaB72,2026-07-30,t_0SmVI4,Independiente Rivadavia,4.6,11.2,288.0,372.4,36.6,63.8,25.0,12.4,18.0,58.0,15.2,13.8,46.8,26.8,2.8,6.2,17.2,10.2,18.2,8.2,10.0,2.6,-40.0,36.6,0.7733619763694952
m_0eUxKc,2026-08-08,t_0SmVI4,Independiente Rivadavia,5.6,12.0,261.2,346.2,33.2,60.4,24.6,12.6,18.8,55.8,15.6,14.6,48.2,28.0,2.2,5.8,17.0,9.2,17.6,7.2,10.4,3.0,-37.0,39.0,0.7544771808203351
m_2rJ3SG,2026-08-15,t_0SmVI4,Independiente Rivadavia,4.2,11.6,315.2,408.6,36.0,67.0,24.0,13.2,20.0,56.6,16.6,15.2,52.4,28.4,2.2,6.2,18.4,9.4,17.2,6.8,10.4,3.2,-36.6,43.0,0.77141458639256
m_2IoMcO,2026-08-22,t_0SmVI4,Independiente Rivadavia,3.8,10.8,318.4,408.0,33.6,67.0,24.2,13.0,17.6,54.6,14.8,17.6,52.0,27.0,2.2,8.0,19.0,9.6,16.2,6.8,9.4,2.8,-37.0,42.4,0.7803921568627451
m_3p9B98,2026-08-31,t_0SmVI4,Independiente Rivadavia,3.8,9.2,302.2,384.2,28.2,62.2,20.4,13.0,18.2,52.8,16.6,20.0,51.6,29.4,2.0,8.8,18.2,9.2,15.6,6.4,9.2,2.6,-34.6,42.4,0.786569495054659
m_32YJGL,2026-09-06,t_0SmVI4,Independiente Rivadavia,5.0,9.6,286.0,372.0,26.0,61.2,19.4,13.2,18.6,50.2,16.8,22.0,53.8,30.2,1.8,8.2,20.0,9.2,14.8,6.8,8.0,3.0,-31.6,44.6,0.7688172043010753
m_2lA7Wg,2026-09-12,t_0SmVI4,Independiente Rivadavia,4.6,7.6,300.8,390.8,27.2,60.2,16.4,12.0,18.0,52.8,18.6,21.8,55.0,23.6,2.0,9.4,21.8,9.6,13.2,5.6,7.6,3.0,-34.8,45.4,0.7697031729785057
m_4LyLYK,2026-01-22,t_0bW0AU,Banfield,0.0,0.0,0.0,0.0,0.0,0.0,0.0,0.0,0.0,0.0,0.0,0.0,0.0,0.0,0.0,0.0,0.0,0.0,0.0,0.0,0.0,0.0,0.0,0.0,0.0
m_2daQ30,2026-01-30,t_0bW0AU,Banfield,4.0,10.0,156.0,235.0,24.0,54.0,18.0,12.0,15.0,57.0,14.0,29.0,36.0,25.0,1.0,6.0,16.0,9.0,20.0,8.0,12.0,3.0,-42.0,27.0,0.6638297872340425
m_1P4cPw,2026-02-03,t_0bW0AU,Banfield,3.0,8.5,159.0,234.5,22.0,51.5,16.0,11.5,12.0,53.5,12.0,22.5,35.5,26.5,4.5,4.5,17.5,7.5,14.5,6.0,8.5,5.5,-41.5,28.0,0.6780383795309168
m_2MVqzf,2026-02-08,t_0bW0AU,Banfield,3.3333333333333335,9.333333333333334,181.0,267.0,26.0,53.333333333333336,20.0,13.0,15.0,53.0,16.0,19.333333333333332,42.0,34.333333333333336,4.0,5.333333333333333,17.666666666666668,7.333333333333333,15.333333333333334,6.666666666666667,8.666666666666666,4.666666666666667,-38.0,34.666666666666664,0.6779026217228464
m_3g6NsD,2026-02-14,t_0bW0AU,Banfield,3.25,7.75,194.25,274.5,23.0,48.5,18.75,13.0,15.75,50.0,16.25,19.25,41.25,35.25,4.25,5.5,16.0,7.75,14.75,6.5,8.25,5.0,-34.25,33.5,0.7076502732240437
m_4dWdyt,2026-02-21,t_0bW0AU,Banfield,3.0,7.4,192.2,275.6,23.2,49.6,20.0,14.8,17.4,49.6,16.4,18.2,41.4,33.0,4.0,5.0,15.6,7.6,16.6,7.2,9.4,4.6,-32.2,33.8,0.6973875181422351
m_25L4uT,2026-02-26,t_0bW0AU,Banfield,4.0,7.6,197.8,277.6,23.6,50.4,20.0,14.8,19.4,51.4,19.0,14.8,44.4,35.8,4.0,4.8,16.4,8.8,18.2,7.8,10.4,4.4,-32.0,35.6,0.712536023054755
m_0KBmAa,2026-03-03,t_0bW0AU,Banfield,4.0,7.0,202.2,285.2,23.8,51.2,20.4,15.0,21.4,51.8,21.4,15.8,47.4,33.6,3.2,5.4,16.8,10.2,19.6,8.0,11.6,3.8,-30.4,37.2,0.708976157082749
m_2bEX07,2026-03-11,t_0bW0AU,Banfield,3.6,6.8,188.2,264.4,23.2,48.2,18.2,14.4,21.4,54.4,20.4,17.2,46.0,31.0,3.6,6.4,17.2,10.6,21.2,8.8,12.4,3.2,-33.0,35.4,0.7118003025718608
m_0FP8kh,2026-03-15,t_0bW0AU,Banfield,4.0,8.4,203.8,286.4,29.0,52.2,22.8,16.2,20.8,57.0,19.0,16.8,48.6,27.2,3.0,6.4,20.0,11.0,23.4,9.6,13.8,2.8,-36.2,37.6,0.7115921787709497
m_3Ol2iT,2026-03-21,t_0bW0AU,Banfield,4.0,8.0,198.2,276.0,28.0,52.2,19.6,13.2,19.8,59.8,20.4,18.6,50.2,27.0,3.6,8.2,20.0,14.2,20.6,8.8,11.8,3.2,-40.0,36.0,0.7181159420289855
m_1ABinW,2026-04-06,t_0bW0AU,Banfield,3.2,7.4,182.6,262.4,25.8,50.6,19.2,12.4,18.6,59.0,21.2,20.4,49.8,28.8,4.6,8.4,19.0,12.6,17.0,7.2,9.8,3.6,-40.4,37.2,0.6958841463414634
m_2pE60O,2026-04-13,t_0bW0AU,Banfield,3.4,8.0,184.6,261.4,27.2,49.0,20.6,12.4,20.8,58.2,21.8,21.2,50.6,31.4,4.8,8.6,18.2,11.2,18.0,8.4,9.6,3.4,-37.4,39.4,0.7061973986228003
m_0fOliE,2026-04-20,t_0bW0AU,Banfield,3.6,7.6,196.6,270.4,26.8,52.4,21.0,12.0,20.6,54.8,21.8,21.8,52.0,31.2,5.4,7.2,18.0,11.4,17.0,8.0,9.0,4.0,-34.2,40.6,0.7270710059171598
m_2uyJMX,2026-04-26,t_0bW0AU,Banfield,3.4,7.6,165.4,238.4,23.4,51.0,17.6,10.4,21.0,56.8,23.8,21.4,51.2,34.6,5.4,9.0,17.4,10.4,15.2,7.4,7.8,3.6,-35.8,40.8,0.6937919463087249
m_1UxCxs,2026-05-02,t_0bW0AU,Banfield,3.4,8.0,181.6,260.4,27.4,55.6,18.4,11.4,20.8,56.2,23.2,20.4,53.0,35.2,4.8,8.0,19.0,8.4,16.8,7.0,9.8,3.8,-35.4,44.6,0.6973886328725039
m_19ZLfE,2026-07-25,t_0bW0AU,Banfield,3.6,8.2,228.4,314.6,35.2,63.4,21.2,15.4,20.8,55.4,20.4,20.0,56.8,32.6,4.0,9.0,21.4,8.2,18.2,7.8,10.4,4.4,-34.6,48.6,0.7260012714558169
m_0U4Xso,2026-07-28,t_0bW0AU,Banfield,3.2,7.4,239.2,328.4,32.6,64.0,19.8,16.4,19.2,55.8,18.8,19.2,57.4,33.2,3.4,9.4,22.2,8.4,17.6,7.4,10.2,5.6,-36.6,49.0,0.728380024360536
m_0OvFHa,2026-08-01,t_0bW0AU,Banfield,4.2,8.4,233.4,324.8,32.4,64.0,19.4,18.4,19.4,57.2,20.4,18.6,57.6,35.2,2.8,10.4,25.0,8.2,17.6,6.6,11.0,5.4,-37.8,49.4,0.7185960591133005
m_2ckNSG,2026-08-10,t_0bW0AU,Banfield,4.0,8.0,238.8,334.2,30.6,65.6,20.0,19.6,19.2,59.8,21.2,19.4,59.6,36.2,2.8,9.8,23.0,9.8,16.8,5.8,11.0,5.0,-40.6,49.8,0.7145421903052065
m_0M3QLL,2026-08-14,t_0bW0AU,Banfield,4.8,9.2,258.2,352.8,29.8,62.6,25.2,22.6,22.6,59.0,22.8,19.8,62.2,36.0,2.8,9.8,23.0,10.6,17.8,7.8,10.0,4.4,-36.4,51.6,0.731859410430839
m_3yRTgE,2026-08-23,t_0bW0AU,Banfield,4.0,8.4,204.2,288.0,22.0,51.6,20.4,19.0,22.4,56.2,24.6,19.2,55.0,35.6,3.0,8.2,21.4,11.2,17.0,7.0,10.0,3.4,-33.8,43.8,0.7090277777777778
m_1oO6B7,2026-08-30,t_0bW0AU,Banfield,5.0,9.4,202.2,286.6,24.4,52.4,22.0,17.8,21.2,57.4,23.8,18.4,54.8,33.8,2.8,8.0,20.6,12.2,17.2,7.0,10.2,2.2,-36.2,42.6,0.7055129099790649
m_3GuLGz,2026-09-05,t_0bW0AU,Banfield,4.4,8.2,206.6,294.0,24.4,52.0,23.4,16.2,19.6,55.2,21.8,19.0,54.0,30.2,2.8,7.4,16.8,11.6,14.4,5.8,8.6,2.6,-35.6,42.4,0.7027210884353742
m_0WEWh7,2026-09-14,t_0bW0AU,Banfield,4.4,8.2,211.0,293.0,26.0,53.4,22.6,14.4,21.0,53.2,20.2,18.4,52.8,27.8,3.2,5.8,21.0,12.0,17.0,7.6,9.4,4.0,-32.2,40.8,0.7201365187713311
m_1qLG6R,2026-09-14,t_0bW0AU,Banfield,4.0,6.4,177.6,257.4,22.0,51.4,16.4,10.0,19.0,54.6,19.6,20.0,47.0,30.0,3.0,6.2,21.0,9.6,16.4,6.4,10.0,3.8,-35.6,37.4,0.6899766899766899
m_3Ky5pe,2026-01-22,t_0oa5Fc,Unión,0.0,0.0,0.0,0.0,0.0,0.0,0.0,0.0,0.0,0.0,0.0,0.0,0.0,0.0,0.0,0.0,0.0,0.0,0.0,0.0,0.0,0.0,0.0,0.0,0.0
m_431211,2026-01-29,t_0oa5Fc,Unión,3.0,13.0,316.0,405.0,30.0,81.0,20.0,4.0,15.0,65.0,18.0,15.0,53.0,18.0,3.0,9.0,28.0,9.0,12.0,5.0,7.0,5.0,-50.0,44.0,0.7802469135802469
m_0Xzrp8,2026-02-03,t_0oa5Fc,Unión,4.0,13.0,285.0,372.5,28.0,68.0,20.0,9.0,17.0,59.0,17.5,16.0,51.5,18.0,3.0,5.5,23.5,8.5,19.5,6.5,13.0,4.0,-42.0,43.0,0.7651006711409396
m_0ofblh,2026-02-07,t_0oa5Fc,Unión,5.0,12.333333333333334,329.3333333333333,414.3333333333333,33.0,68.33333333333333,18.666666666666668,13.333333333333334,17.333333333333332,54.0,18.0,16.0,50.0,17.666666666666668,2.3333333333333335,6.0,20.666666666666668,7.666666666666667,16.666666666666668,5.666666666666667,11.0,3.0,-36.666666666666664,42.333333333333336,0.7948511665325825
m_0TuvMr,2026-02-14,t_0oa5Fc,Unión,4.25,12.0,332.25,417.0,32.0,64.25,17.0,13.0,18.0,55.5,18.75,14.75,53.5,22.75,2.0,7.0,22.25,6.75,17.25,6.0,11.25,2.75,-37.5,46.75,0.7967625899280576
m_4P2osf,2026-02-23,t_0oa5Fc,Unión,4.6,12.6,314.8,401.0,33.8,64.8,18.8,12.8,16.6,55.8,17.6,15.8,53.2,23.8,1.8,7.8,20.8,7.2,17.4,6.0,11.4,2.6,-39.2,46.0,0.7850374064837905
m_0cS0mC,2026-02-26,t_0oa5Fc,Unión,5.2,12.8,304.0,389.4,35.6,59.0,19.6,15.4,17.8,56.2,17.2,17.4,54.4,23.6,2.2,7.4,20.2,7.4,19.8,7.2,12.6,2.2,-38.4,47.0,0.7806882383153569
m_15JkYD,2026-03-01,t_0oa5Fc,Unión,5.8,12.8,285.6,373.2,35.6,62.4,17.2,15.4,20.0,58.4,20.4,18.8,55.6,26.0,2.2,9.8,19.4,7.0,17.0,6.8,10.2,2.6,-38.4,48.6,0.7652733118971061
m_433Hpb,2026-03-10,t_0oa5Fc,Unión,5.0,11.8,240.8,328.2,32.4,63.4,16.4,13.8,18.2,59.4,18.2,19.0,55.6,30.0,2.4,9.8,19.8,7.0,17.0,6.8,10.2,2.8,-41.2,48.6,0.7336989640463132
m_1ifuZW,2026-03-16,t_0oa5Fc,Unión,5.8,10.4,211.6,300.8,31.4,62.8,16.0,12.4,19.0,58.8,17.8,20.2,54.0,29.8,2.8,9.2,18.4,9.6,16.8,7.4,9.4,2.8,-39.8,44.4,0.7034574468085106
m_1hukZb,2026-03-21,t_0oa5Fc,Unión,5.2,9.4,215.8,304.2,30.6,63.8,16.4,12.4,19.6,60.2,17.0,20.2,53.6,27.2,3.4,9.0,17.0,10.8,17.0,8.2,8.8,3.2,-40.6,42.8,0.7094017094017094
m_1wLnDu,2026-04-03,t_0oa5Fc,Unión,4.8,8.8,247.6,337.0,32.4,67.8,19.4,12.8,17.8,55.0,16.2,17.8,51.2,26.8,2.8,8.8,15.6,10.0,14.4,7.2,7.2,3.4,-37.2,41.2,0.7347181008902077
m_4fxT6w,2026-04-11,t_0oa5Fc,Unión,5.0,10.4,300.0,389.0,35.0,64.6,25.0,14.0,15.0,51.2,10.8,15.6,51.8,25.6,2.6,6.4,16.0,9.8,15.6,8.2,7.4,3.4,-36.2,42.0,0.7712082262210797
m_2518A4,2026-04-17,t_0oa5Fc,Unión,4.8,10.6,300.4,389.2,33.8,60.6,25.4,13.0,15.2,52.6,11.6,16.2,51.4,24.4,2.6,6.6,15.2,9.6,16.6,8.4,8.2,3.2,-37.4,41.8,0.7718396711202467
m_3JhiqO,2026-04-27,t_0oa5Fc,Unión,5.6,13.8,338.0,432.2,39.8,68.8,35.0,15.0,14.0,53.4,10.8,16.0,53.2,19.2,2.0,7.6,14.4,8.6,17.6,8.6,9.0,3.0,-39.4,44.6,0.7820453493752892
m_3C4rqD,2026-05-02,t_0oa5Fc,Unión,6.2,14.4,331.2,427.4,38.2,66.0,33.4,15.8,15.8,51.4,12.8,15.2,56.4,21.2,2.0,7.8,15.8,7.4,17.4,8.2,9.2,2.8,-35.6,49.0,0.7749181094992981
m_3h25YQ,2026-05-10,t_0oa5Fc,Unión,6.8,15.2,313.4,415.8,37.4,67.8,34.0,15.0,15.2,57.2,13.0,15.2,57.4,20.6,1.8,8.2,16.0,8.2,19.6,8.2,11.4,2.0,-42.0,49.2,0.7537277537277537
m_0yhLBE,2026-05-12,t_0oa5Fc,Unión,6.2,12.0,258.6,362.0,33.4,69.4,30.0,14.2,15.4,60.2,14.4,16.2,57.4,22.6,2.4,9.0,16.4,8.4,18.2,7.2,11.0,1.4,-44.8,49.0,0.7143646408839779
m_3A4OqU,2026-07-25,t_0oa5Fc,Unión,6.6,12.6,269.2,377.0,34.4,71.6,31.6,14.8,16.4,58.8,13.8,15.2,60.6,22.0,2.6,9.6,17.8,9.2,19.6,8.2,11.4,2.4,-42.4,51.4,0.7140583554376658
m_2WYe7B,2026-08-01,t_0oa5Fc,Unión,5.2,9.6,240.8,341.2,28.8,64.6,21.6,14.6,18.0,57.2,14.6,16.4,57.8,25.8,3.2,8.6,20.4,7.6,19.6,8.8,10.8,3.0,-39.2,50.2,0.7057444314185228
m_1wAs6k,2026-08-06,t_0oa5Fc,Unión,4.8,8.6,248.4,344.6,31.4,65.4,21.8,13.8,17.0,58.2,14.8,17.2,54.6,25.2,3.2,8.2,21.2,7.6,18.6,8.2,10.4,3.4,-41.2,47.0,0.7208357515960534
m_23LFB9,2026-08-11,t_0oa5Fc,Unión,4.0,7.4,229.4,321.4,28.2,60.0,17.0,13.2,19.8,53.0,17.2,18.8,56.2,29.0,3.4,8.2,20.6,7.6,18.0,9.0,9.0,3.6,-33.2,48.6,0.7137523335407592
m_0CvxlD,2026-08-15,t_0oa5Fc,Unión,4.2,9.4,268.8,363.4,35.0,61.8,19.8,12.2,20.6,52.2,17.6,17.0,56.2,26.8,3.0,7.8,20.4,8.2,19.8,9.8,10.0,3.6,-31.6,48.0,0.7396807925151349
m_4g29p2,2026-08-21,t_0oa5Fc,Unión,3.6,8.0,258.0,354.0,34.4,59.6,18.6,12.0,22.0,58.2,20.6,16.0,54.6,26.2,2.8,8.2,20.8,7.8,17.8,8.4,9.4,3.8,-36.2,46.8,0.7288135593220338
m_1bDP6c,2026-08-28,t_0oa5Fc,Unión,4.4,9.0,283.2,380.4,36.4,62.8,21.0,13.2,22.0,60.4,20.6,15.8,56.4,26.6,2.8,8.4,18.6,9.4,18.2,7.8,10.4,3.6,-38.4,47.0,0.7444794952681388
m_0rPnpL,2026-09-08,t_0oa5Fc,Unión,4.6,9.0,278.2,375.6,35.2,61.0,18.4,13.0,22.4,55.4,22.0,16.6,57.6,27.8,2.2,7.2,19.6,9.0,17.6,7.4,10.2,3.6,-33.0,48.6,0.740681576144835
m_36N9w7,2026-09-12,t_0oa5Fc,Unión,4.8,8.6,275.0,371.4,35.2,60.6,18.6,11.6,21.0,55.8,20.2,15.6,54.6,26.8,2.4,6.8,20.4,8.2,17.0,6.4,10.6,3.4,-34.8,46.4,0.7404415724286484
m_2hYXmh,2026-01-25,t_0otcXZ,Boca Juniors,0.0,0.0,0.0,0.0,0.0,0.0,0.0,0.0,0.0,0.0,0.0,0.0,0.0,0.0,0.0,0.0,0.0,0.0,0.0,0.0,0.0,0.0,0.0,0.0,0.0
m_09UPPR,2026-01-29,t_0otcXZ,Boca Juniors,3.0,12.0,505.0,565.0,33.0,65.0,33.0,12.0,16.0,45.0,12.0,12.0,39.0,31.0,2.0,2.0,19.0,8.0,21.0,7.0,14.0,1.0,-29.0,31.0,0.8938053097345132
m_2jSZpM,2026-02-01,t_0otcXZ,Boca Juniors,3.0,9.0,451.0,512.5,33.0,61.5,32.0,11.5,18.5,47.5,15.5,13.5,39.0,26.0,2.0,5.5,24.5,8.5,22.5,8.5,14.0,3.0,-29.0,30.5,0.88
m_14fRnJ,2026-02-09,t_0otcXZ,Boca Juniors,3.6666666666666665,8.0,407.0,470.6666666666667,29.666666666666668,57.0,27.333333333333332,11.666666666666666,19.333333333333332,49.666666666666664,16.0,13.0,42.333333333333336,25.666666666666668,2.0,7.0,21.666666666666668,6.666666666666667,24.333333333333332,9.0,15.333333333333334,2.3333333333333335,-30.333333333333332,35.666666666666664,0.8647308781869688
m_31Xzsf,2026-02-15,t_0otcXZ,Boca Juniors,3.5,7.0,399.25,465.75,28.25,54.75,25.75,10.0,18.5,48.75,16.25,12.75,46.25,23.25,1.75,7.25,19.75,7.25,20.75,8.0,12.75,2.25,-30.25,39.0,0.8572195383789587
m_0WMvJY,2026-02-20,t_0otcXZ,Boca Juniors,3.4,6.8,404.4,471.8,28.4,56.8,22.8,11.4,18.0,48.2,16.6,13.8,48.6,24.2,1.8,7.2,17.6,6.8,21.0,7.8,13.2,2.0,-30.2,41.8,0.8571428571428571
m_3ZmoAF,2026-02-28,t_0otcXZ,Boca Juniors,2.8,5.0,344.2,419.4,25.6,53.6,20.4,11.2,18.0,51.6,18.8,15.0,51.8,24.0,1.8,8.6,17.0,5.6,20.6,7.0,13.6,2.2,-33.6,46.2,0.8206962327134001
m_3bNpUp,2026-03-05,t_0otcXZ,Boca Juniors,3.2,6.2,362.4,446.4,31.2,59.0,22.4,12.8,18.6,52.4,19.0,15.4,57.2,22.0,1.8,8.0,14.6,5.8,20.4,7.4,13.0,1.6,-33.8,51.4,0.8118279569892473
m_0EJRQi,2026-03-11,t_0otcXZ,Boca Juniors,3.2,6.0,386.8,474.0,31.4,59.4,20.8,11.4,17.4,50.8,20.4,17.4,58.4,24.8,1.8,8.2,13.6,5.8,16.2,6.0,10.2,1.8,-33.4,52.6,0.8160337552742616
m_1ifuZW,2026-03-16,t_0otcXZ,Boca Juniors,3.2,7.2,397.4,485.6,33.8,61.0,20.4,14.8,18.6,51.2,20.0,17.4,55.2,24.2,1.6,9.0,15.4,6.0,18.6,6.8,11.8,1.6,-32.6,49.2,0.8183690280065898
m_3kkhBc,2026-03-22,t_0otcXZ,Boca Juniors,3.8,8.4,406.8,496.2,34.8,57.8,21.0,13.6,20.6,49.2,21.2,18.0,53.4,24.8,2.0,9.6,16.6,5.8,17.2,7.4,9.8,2.0,-28.6,47.6,0.8198307134220073
m_24NuK9,2026-04-02,t_0otcXZ,Boca Juniors,4.8,10.6,473.8,559.2,38.0,58.0,21.8,14.2,19.8,42.0,19.2,17.4,50.4,23.4,1.8,8.8,16.0,6.2,15.2,7.6,7.6,2.6,-22.2,44.2,0.8472818311874106
m_1uocnY,2026-04-11,t_0otcXZ,Boca Juniors,4.2,9.4,452.0,525.4,31.6,52.6,15.4,13.4,19.4,39.6,20.2,16.0,45.4,27.2,2.0,9.0,15.2,5.6,13.6,6.6,7.0,2.6,-20.2,39.8,0.8602969166349448
m_0FlMqm,2026-04-19,t_0otcXZ,Boca Juniors,4.2,9.6,457.6,534.2,35.0,54.2,18.0,15.4,21.2,38.4,19.0,19.0,47.0,24.6,2.2,8.8,16.2,5.8,15.2,7.8,7.4,2.2,-17.2,41.2,0.8566080119805316
m_3puHKN,2026-04-23,t_0otcXZ,Boca Juniors,4.6,9.0,398.6,474.8,30.2,49.6,15.6,13.2,20.6,40.0,21.4,20.0,49.4,28.8,3.4,8.0,13.6,5.2,13.8,7.0,6.8,2.6,-19.4,44.2,0.8395113732097725
m_3crdvk,2026-05-02,t_0otcXZ,Boca Juniors,4.8,8.4,366.0,440.2,27.6,47.2,13.8,15.0,20.2,43.2,21.6,17.8,51.2,25.2,3.0,8.0,15.4,5.8,13.6,6.6,7.0,2.2,-23.0,45.4,0.8314402544298046
m_0kTolw,2026-05-09,t_0otcXZ,Boca Juniors,5.4,7.2,349.0,422.4,26.8,47.4,11.8,15.2,23.4,48.6,22.0,18.6,52.6,27.6,3.2,8.6,16.0,6.4,17.6,9.4,8.2,1.8,-25.2,46.2,0.8262310606060606
m_4Gu3AR,2026-07-26,t_0otcXZ,Boca Juniors,7.2,11.4,388.2,480.4,37.8,54.4,21.0,16.4,24.2,50.8,21.2,20.4,59.6,25.2,3.0,8.0,18.6,6.2,19.6,9.8,9.8,1.6,-26.6,53.4,0.8080766028309742
m_2Vtk92,2026-08-02,t_0otcXZ,Boca Juniors,6.8,11.2,436.6,528.6,35.6,63.2,24.6,16.8,23.6,53.4,19.6,17.2,58.2,24.0,2.4,7.2,20.8,6.4,22.4,10.6,11.8,1.8,-29.8,51.8,0.8259553537646613
m_26MC0h,2026-08-05,t_0otcXZ,Boca Juniors,6.6,12.0,479.4,570.4,38.2,68.6,31.6,20.6,26.8,52.6,19.6,16.8,58.8,23.4,2.0,7.8,23.2,6.6,25.0,12.8,12.2,1.2,-25.8,52.2,0.8404628330995793
m_4Ha0vK,2026-08-08,t_0otcXZ,Boca Juniors,5.6,11.8,523.6,619.0,40.8,76.4,35.2,21.4,26.2,54.0,18.8,16.8,58.6,25.6,1.8,7.8,21.8,7.2,25.2,12.4,12.8,1.8,-27.8,51.4,0.8458804523424879
m_07PgTk,2026-08-16,t_0otcXZ,Boca Juniors,5.8,14.2,525.2,628.0,41.6,78.4,39.2,23.4,25.2,53.4,20.0,17.4,63.2,21.6,1.8,7.8,21.2,7.4,23.6,10.4,13.2,1.6,-28.2,55.8,0.8363057324840765
m_0kNt0b,2026-08-24,t_0otcXZ,Boca Juniors,4.4,10.6,506.8,589.8,30.6,73.0,35.4,24.4,24.4,52.2,18.8,17.0,59.8,22.2,1.4,8.4,19.6,6.6,22.6,10.4,12.2,2.8,-27.8,53.2,0.8592743302814514
m_0rmcr6,2026-08-29,t_0otcXZ,Boca Juniors,4.2,11.2,431.8,507.0,29.0,61.6,30.0,25.8,24.0,51.6,19.6,17.2,58.6,26.0,2.0,8.2,16.4,7.2,21.6,9.8,11.8,3.4,-27.6,51.4,0.8516765285996055
m_4BLbJI,2026-09-05,t_0otcXZ,Boca Juniors,4.2,11.6,452.4,528.4,28.6,63.0,26.8,23.6,20.6,54.4,18.2,18.6,59.8,23.2,1.8,8.8,15.8,8.4,20.6,7.8,12.8,3.8,-33.8,51.4,0.8561695685087055
m_2HZGss,2026-09-12,t_0otcXZ,Boca Juniors,5.0,11.8,392.8,467.4,25.2,56.8,25.0,21.6,21.0,50.6,16.8,19.6,58.2,25.2,2.0,8.8,15.6,7.8,20.8,9.0,11.8,4.0,-29.6,50.4,0.8403936670945656
m_0U6amu,2026-01-24,t_0rGDE4,Gimnasia LP,0.0,0.0,0.0,0.0,0.0,0.0,0.0,0.0,0.0,0.0,0.0,0.0,0.0,0.0,0.0,0.0,0.0,0.0,0.0,0.0,0.0,0.0,0.0,0.0,0.0
m_01aTkm,2026-01-28,t_0rGDE4,Gimnasia LP,5.0,5.0,118.0,176.0,20.0,44.0,9.0,8.0,20.0,46.0,25.0,21.0,37.0,48.0,2.0,9.0,18.0,6.0,8.0,4.0,4.0,2.0,-26.0,31.0,0.6704545454545454
m_3OMXQ9,2026-02-02,t_0rGDE4,Gimnasia LP,3.0,3.5,145.0,212.0,13.5,43.5,11.0,9.0,20.5,42.5,24.5,19.0,41.0,36.0,1.0,9.0,19.5,5.5,10.5,5.0,5.5,4.0,-22.0,35.5,0.6839622641509434
m_1Cuhf7,2026-02-09,t_0rGDE4,Gimnasia LP,4.0,5.0,188.66666666666666,254.0,19.666666666666668,44.333333333333336,11.666666666666666,8.333333333333334,20.666666666666668,45.666666666666664,21.0,18.333333333333332,41.333333333333336,38.333333333333336,2.0,9.333333333333334,21.333333333333332,6.0,12.666666666666666,6.333333333333333,6.333333333333333,2.6666666666666665,-25.0,35.333333333333336,0.7427821522309711
m_2wlvcQ,2026-02-15,t_0rGDE4,Gimnasia LP,4.0,5.75,256.5,328.0,27.25,51.25,18.25,17.5,20.25,42.5,20.25,19.5,45.0,36.5,2.5,8.25,20.25,5.5,11.75,6.5,5.25,2.75,-22.25,39.5,0.7820121951219512
m_3TfM13,2026-02-21,t_0rGDE4,Gimnasia LP,3.6,5.8,250.8,320.6,26.2,50.8,18.6,16.0,18.8,44.6,19.4,17.6,45.8,33.6,2.6,8.4,18.4,6.0,12.6,5.8,6.8,2.8,-25.8,39.8,0.7822832189644416
m_1j8XKc,2026-02-25,t_0rGDE4,Gimnasia LP,3.0,6.2,272.2,347.2,26.0,52.2,19.8,16.6,18.2,45.6,17.2,17.0,48.4,33.6,3.0,8.6,18.2,5.4,14.4,7.0,7.4,3.6,-27.4,43.0,0.7839861751152074
m_4QwFk6,2026-03-02,t_0rGDE4,Gimnasia LP,4.0,7.2,296.4,370.0,30.2,54.2,22.4,16.4,19.8,48.6,17.4,16.0,49.0,33.0,3.4,8.2,17.4,6.4,17.8,8.6,9.2,2.4,-28.8,42.6,0.8010810810810811
m_2bEX07,2026-03-11,t_0rGDE4,Gimnasia LP,3.4,6.4,289.2,365.8,27.4,54.8,22.0,16.6,20.4,50.0,21.2,15.6,51.0,34.0,3.6,7.4,16.4,7.6,18.2,8.2,10.0,3.2,-29.6,43.4,0.7905959540732641
m_4KLddA,2026-03-15,t_0rGDE4,Gimnasia LP,3.8,7.0,249.8,323.0,20.8,51.4,16.4,8.6,20.4,50.8,22.6,14.4,51.4,37.8,4.6,8.4,18.0,7.8,19.2,8.0,11.2,3.4,-30.4,43.6,0.773374613003096
m_1c7isO,2026-03-21,t_0rGDE4,Gimnasia LP,4.0,7.4,261.0,327.2,19.4,49.6,16.4,10.2,21.6,47.2,22.8,14.6,50.4,36.8,4.6,7.6,18.2,7.6,18.6,9.0,9.6,3.0,-25.6,42.8,0.7976772616136919
m_2k76Cm,2026-04-05,t_0rGDE4,Gimnasia LP,3.8,7.2,292.6,360.6,23.2,54.0,19.0,10.0,21.6,48.4,23.2,13.4,48.4,32.2,4.8,7.2,19.2,9.0,19.2,8.6,10.6,2.0,-26.8,39.4,0.8114254021075984
m_4DcYBn,2026-04-13,t_0rGDE4,Gimnasia LP,3.6,9.4,330.2,403.0,26.6,55.6,20.6,10.4,19.2,46.2,21.2,15.6,50.6,35.6,5.2,7.0,20.0,8.2,16.6,7.4,9.2,2.4,-27.0,42.4,0.8193548387096774
m_2yMdi1,2026-04-18,t_0rGDE4,Gimnasia LP,4.4,11.2,344.0,418.4,30.2,57.4,21.6,12.4,17.2,43.0,17.0,15.4,50.2,30.8,4.6,7.0,19.2,7.0,15.4,6.8,8.6,1.8,-25.8,43.2,0.8221797323135756
m_3Xoqfp,2026-04-26,t_0rGDE4,Gimnasia LP,4.0,11.2,343.0,417.2,34.0,59.8,24.2,14.0,17.0,44.2,14.6,17.2,49.4,28.4,3.0,5.6,17.4,7.2,16.2,7.8,8.4,1.8,-27.2,42.2,0.8221476510067114
m_1fmUw8,2026-05-03,t_0rGDE4,Gimnasia LP,3.8,10.2,355.8,440.4,36.2,64.8,24.6,13.6,16.6,47.6,15.0,19.6,51.0,28.8,2.6,7.0,18.6,7.4,19.0,8.2,10.8,1.6,-31.0,43.6,0.8079019073569482
m_4Cpvon,2026-05-11,t_0rGDE4,Gimnasia LP,4.0,10.4,321.4,400.2,34.4,57.8,20.8,14.2,17.8,44.8,15.8,22.0,55.8,31.6,2.8,7.8,18.0,6.2,18.2,8.0,10.2,2.0,-27.0,49.6,0.8030984507746127
m_3ar3G9,2026-05-14,t_0rGDE4,Gimnasia LP,3.6,7.6,255.4,327.8,27.6,53.4,14.6,13.6,17.2,44.8,15.0,21.2,52.0,38.0,4.4,7.4,16.8,6.2,18.2,8.4,9.8,2.6,-27.6,45.8,0.7791336180597925
m_1P4GDL,2026-07-24,t_0rGDE4,Gimnasia LP,3.4,7.2,239.2,314.8,23.6,50.8,15.0,12.0,17.4,45.6,14.8,22.6,49.6,36.8,5.4,6.6,15.0,7.0,18.8,8.6,10.2,3.6,-28.2,42.6,0.7598475222363406
m_19jhYQ,2026-07-29,t_0rGDE4,Gimnasia LP,3.6,6.2,242.4,323.0,21.8,49.2,13.2,11.0,16.4,46.8,14.8,22.4,49.2,34.0,6.2,7.2,16.6,7.2,18.6,7.4,11.2,3.8,-30.4,42.0,0.7504643962848297
m_2GNnDW,2026-08-02,t_0rGDE4,Gimnasia LP,3.8,7.8,198.0,278.4,19.8,44.0,12.2,10.8,17.8,44.4,15.4,22.8,49.8,38.2,6.4,6.8,15.6,6.2,17.0,7.4,9.6,4.4,-26.6,43.6,0.7112068965517241
m_4AhgSS,2026-08-09,t_0rGDE4,Gimnasia LP,4.2,8.0,211.0,296.6,20.4,50.6,15.0,9.6,16.4,48.4,13.4,21.6,49.4,42.2,5.8,6.4,18.8,7.2,17.6,7.6,10.0,4.4,-32.0,42.2,0.7113958192852327
m_3spPk4,2026-08-15,t_0rGDE4,Gimnasia LP,4.8,9.4,242.8,336.4,23.0,54.2,17.0,12.2,18.0,51.0,16.6,25.2,55.2,33.2,4.0,8.0,19.2,7.6,17.2,7.2,10.0,3.8,-33.0,47.6,0.7217598097502973
m_4FtNTS,2026-08-22,t_0rGDE4,Gimnasia LP,4.2,8.0,218.6,301.2,22.4,51.8,15.6,11.4,18.6,51.8,18.6,24.0,54.6,34.4,3.8,9.0,20.4,7.6,16.4,7.4,9.0,3.4,-33.2,47.0,0.7257636122177955
m_4bNncf,2026-08-29,t_0rGDE4,Gimnasia LP,4.2,9.0,237.8,321.8,25.6,56.2,20.2,13.8,21.0,50.2,21.4,23.8,57.2,31.8,3.0,9.8,19.6,8.0,16.8,7.4,9.4,3.0,-29.2,49.2,0.7389683032939715
m_2MnXyo,2026-09-05,t_0rGDE4,Gimnasia LP,4.2,8.2,247.6,333.0,26.0,60.6,19.8,12.6,20.6,51.2,21.6,25.4,57.4,30.4,3.0,10.6,19.6,8.0,15.2,6.4,8.8,3.6,-30.6,49.4,0.7435435435435436
m_2tVeMD,2026-09-13,t_0rGDE4,Gimnasia LP,4.6,8.2,242.2,325.8,25.8,59.2,20.0,13.2,21.6,47.0,23.8,23.8,55.0,22.6,2.8,9.4,15.8,7.2,14.0,5.8,8.2,3.4,-25.4,47.8,0.7434008594229589
m_2wEu9K,2026-01-23,t_0rsFNq,Lanús,0.0,0.0,0.0,0.0,0.0,0.0,0.0,0.0,0.0,0.0,0.0,0.0,0.0,0.0,0.0,0.0,0.0,0.0,0.0,0.0,0.0,0.0,0.0,0.0,0.0
m_431211,2026-01-29,t_0rsFNq,Lanús,6.0,8.0,209.0,268.0,24.0,55.0,11.0,7.0,18.0,67.0,30.0,13.0,40.0,55.0,4.0,11.0,16.0,12.0,17.0,6.0,11.0,3.0,-49.0,28.0,0.7798507462686567
m_4MfeT3,2026-02-04,t_0rsFNq,Lanús,6.0,11.0,322.0,396.0,26.5,54.0,11.5,8.0,16.5,55.0,27.0,18.0,47.0,44.5,4.5,9.5,14.5,11.0,14.5,4.0,10.5,3.5,-38.5,36.0,0.8131313131313131
m_0rf9Wx,2026-02-09,t_0rsFNq,Lanús,6.333333333333333,10.0,316.0,388.3333333333333,26.0,55.0,12.0,8.666666666666666,14.0,54.0,21.0,17.0,44.333333333333336,41.333333333333336,3.0,9.333333333333334,14.333333333333334,10.0,13.666666666666666,4.0,9.666666666666666,3.0,-40.0,34.333333333333336,0.8137339055793992
m_4CCLV7,2026-02-13,t_0rsFNq,Lanús,5.75,9.25,333.0,409.0,29.0,58.0,12.75,10.75,14.75,52.0,21.0,16.5,47.5,37.75,3.25,8.25,15.75,9.25,14.25,4.25,10.0,3.25,-37.25,38.25,0.8141809290953546
m_32VFMh,2026-03-02,t_0rsFNq,Lanús,4.6,7.8,324.4,401.4,26.6,55.4,12.4,10.2,15.2,52.2,20.0,16.8,46.0,38.0,4.0,8.4,16.8,8.6,14.2,4.4,9.8,2.8,-37.0,37.4,0.8081714000996513
m_3bNpUp,2026-03-05,t_0rsFNq,Lanús,4.0,7.4,373.4,454.2,29.4,58.4,13.2,12.8,14.2,48.4,17.4,18.8,50.6,29.0,3.4,8.2,17.4,7.6,14.2,3.8,10.4,3.2,-34.2,43.0,0.8221047996477323
m_2rfIEE,2026-03-13,t_0rsFNq,Lanús,3.2,6.2,364.4,445.4,29.4,57.6,14.8,13.6,14.0,50.2,13.6,16.8,50.8,25.2,2.6,7.2,19.4,8.4,16.2,5.6,10.6,2.8,-36.2,42.4,0.818140996856758
m_1sCl2u,2026-03-17,t_0rsFNq,Lanús,2.2,5.8,365.4,446.0,28.8,53.6,14.8,13.2,14.8,49.2,13.8,17.4,52.2,25.6,4.2,6.8,21.8,7.8,16.6,5.8,10.8,3.0,-34.4,44.4,0.8192825112107623
m_1CaySw,2026-03-21,t_0rsFNq,Lanús,2.8,6.4,391.4,466.0,28.4,53.2,15.2,10.4,14.0,49.4,12.4,15.4,49.8,23.0,3.6,7.6,20.6,8.8,16.0,6.0,10.0,2.6,-35.4,41.0,0.8399141630901288
m_1c9W0N,2026-03-27,t_0rsFNq,Lanús,4.2,8.2,381.0,460.4,31.6,57.8,17.0,11.6,14.6,51.2,12.0,15.8,53.2,23.0,2.2,7.0,20.0,9.2,17.0,6.8,10.2,3.4,-36.6,44.0,0.8275412684622068
m_4fH8lA,2026-04-01,t_0rsFNq,Lanús,3.8,9.0,341.2,424.0,30.8,57.4,17.0,9.4,15.2,51.0,11.2,14.0,50.6,26.6,2.8,5.4,19.2,9.2,16.8,7.6,9.2,3.0,-35.8,41.4,0.8047169811320755
m_2pE60O,2026-04-13,t_0rsFNq,Lanús,3.6,8.4,351.8,436.4,33.2,62.2,17.8,10.2,15.6,49.4,13.0,14.4,50.0,26.6,3.0,5.8,18.0,8.4,16.2,6.8,9.4,2.6,-33.8,41.6,0.806141154903758
m_2riSvt,2026-04-21,t_0rsFNq,Lanús,4.0,10.0,384.4,471.4,35.4,67.4,19.6,10.8,16.0,51.8,14.2,12.6,51.8,23.6,2.0,6.4,16.0,8.8,17.2,6.8,10.4,2.6,-35.8,43.0,0.8154433602036487
m_3JTbLz,2026-04-24,t_0rsFNq,Lanús,2.6,8.6,344.4,434.8,35.6,65.4,18.8,12.0,17.6,52.6,14.4,13.4,53.4,27.2,3.6,6.4,17.8,8.0,18.2,8.0,10.2,2.8,-35.0,45.4,0.7920883164673413
m_1XEoaS,2026-05-02,t_0rsFNq,Lanús,2.2,8.4,399.2,488.4,38.4,67.4,19.2,11.8,16.6,52.4,13.8,12.8,54.4,21.6,4.2,6.0,18.0,8.4,19.0,8.0,11.0,2.4,-35.8,46.0,0.8173628173628174
m_2t96qK,2026-05-10,t_0rsFNq,Lanús,3.4,7.8,439.8,532.6,38.2,69.6,19.6,11.4,16.0,54.0,14.0,14.0,56.8,22.6,3.6,6.8,17.4,9.0,20.2,8.0,12.2,2.2,-38.0,47.8,0.8257604205782951
m_1aviF3,2026-07-26,t_0rsFNq,Lanús,3.8,8.0,415.0,509.0,35.6,68.4,18.0,9.2,18.4,56.8,15.6,13.4,58.6,25.8,3.4,7.2,18.0,9.0,20.6,8.6,12.0,3.4,-38.4,49.6,0.8153241650294696
m_2EBOtR,2026-08-03,t_0rsFNq,Lanús,5.0,9.2,395.0,490.6,39.8,76.0,19.0,8.8,19.0,56.6,16.8,14.0,57.0,26.0,2.8,6.0,18.2,9.0,19.2,8.2,11.0,3.8,-37.6,48.0,0.805136567468406
m_1wAs6k,2026-08-06,t_0rsFNq,Lanús,5.6,10.8,425.4,526.2,40.0,79.0,22.2,11.0,19.0,57.2,17.4,15.6,56.6,24.4,2.4,6.4,16.0,10.0,18.6,7.2,11.4,4.2,-38.2,46.6,0.8084378563283923
m_4f6yGZ,2026-08-12,t_0rsFNq,Lanús,5.0,10.6,405.0,505.2,38.0,75.6,21.4,11.2,20.2,56.2,18.8,16.2,55.6,27.2,2.2,7.6,16.8,10.4,18.6,7.0,11.6,3.8,-36.0,45.2,0.8016627078384798
m_1E7Dux,2026-08-17,t_0rsFNq,Lanús,5.0,12.0,380.6,476.0,37.6,70.8,22.4,12.2,20.4,54.6,17.8,15.4,54.8,26.0,2.4,8.2,16.2,9.2,16.4,6.8,9.6,4.8,-34.2,45.6,0.7995798319327732
m_38XAFZ,2026-08-25,t_0rsFNq,Lanús,5.6,13.4,378.8,472.2,40.2,69.6,24.8,12.2,20.4,56.4,18.2,17.4,52.8,25.8,3.0,9.2,15.0,10.2,16.0,6.8,9.2,3.8,-36.0,42.6,0.8022024565861923
m_0rmcr6,2026-08-29,t_0rsFNq,Lanús,5.2,10.8,362.6,455.0,35.0,59.2,22.2,13.0,21.6,54.4,17.2,18.2,54.6,25.4,3.6,10.4,16.4,10.2,18.2,8.4,9.8,3.4,-32.8,44.4,0.796923076923077
m_0NaY2x,2026-09-06,t_0rsFNq,Lanús,5.0,10.2,329.6,417.8,35.0,54.6,19.0,12.0,24.2,54.0,19.2,18.8,57.8,26.2,3.8,9.4,17.8,8.8,20.4,10.0,10.4,3.0,-29.8,49.0,0.7888942077549067
m_0AnTKr,2026-09-14,t_0rsFNq,Lanús,5.6,10.8,323.6,414.2,37.4,56.4,20.4,13.0,23.0,53.0,19.2,20.6,61.6,26.4,4.0,10.0,17.0,8.4,19.0,9.8,9.2,3.6,-30.0,53.2,0.7812650893288267
m_2vy6Yj,2026-09-14,t_0rsFNq,Lanús,5.4,9.6,337.8,433.8,38.2,58.4,19.0,13.8,22.6,53.0,19.6,19.8,63.8,30.4,5.6,9.2,18.4,9.4,20.2,9.6,10.6,3.4,-30.4,54.4,0.7786998616874136
m_0MqdAY,2026-01-22,t_1DVMAZ,Defensa y Justicia,0.0,0.0,0.0,0.0,0.0,0.0,0.0,0.0,0.0,0.0,0.0,0.0,0.0,0.0,0.0,0.0,0.0,0.0,0.0,0.0,0.0,0.0,0.0,0.0,0.0
m_20gfAy,2026-01-29,t_1DVMAZ,Defensa y Justicia,2.0,6.0,211.0,296.0,15.0,47.0,19.0,6.0,17.0,42.0,17.0,17.0,38.0,39.0,1.0,7.0,16.0,11.0,16.0,4.0,12.0,3.0,-25.0,27.0,0.7128378378378378
m_0cs8S8,2026-02-02,t_1DVMAZ,Defensa y Justicia,2.5,4.0,203.0,285.5,13.5,49.0,15.5,5.5,13.5,46.5,13.5,16.0,43.5,55.0,2.0,6.5,13.0,8.5,17.5,4.0,13.5,2.5,-33.0,35.0,0.7110332749562172
m_1hisDs,2026-02-08,t_1DVMAZ,Defensa y Justicia,3.6666666666666665,5.333333333333333,271.6666666666667,349.0,20.0,45.666666666666664,17.666666666666668,9.666666666666666,11.666666666666666,45.0,12.333333333333334,14.0,42.0,41.0,2.0,7.0,11.333333333333334,9.666666666666666,14.666666666666666,3.6666666666666665,11.0,2.0,-33.333333333333336,32.333333333333336,0.778414517669532
m_0Wq4zM,2026-02-14,t_1DVMAZ,Defensa y Justicia,3.5,5.0,236.25,309.75,18.75,44.0,15.5,8.0,13.75,48.0,14.75,16.0,41.0,42.5,2.75,6.75,13.5,9.0,14.25,4.25,10.0,3.0,-34.25,32.0,0.7627118644067796
m_16ojkM,2026-02-20,t_1DVMAZ,Defensa y Justicia,3.2,5.0,231.6,304.2,19.8,43.2,15.8,8.2,15.4,48.6,15.4,18.8,43.8,41.2,2.2,7.0,16.2,8.6,15.4,5.6,9.8,2.6,-33.2,35.2,0.7613412228796844
m_1pWCHs,2026-02-24,t_1DVMAZ,Defensa y Justicia,3.4,5.4,264.4,334.6,23.6,46.6,16.4,10.0,15.2,47.8,15.0,18.8,45.2,37.2,2.4,6.2,17.4,8.2,15.6,5.8,9.8,2.4,-32.6,37.0,0.7901972504482965
m_32VFMh,2026-03-02,t_1DVMAZ,Defensa y Justicia,3.2,6.4,290.2,358.0,27.4,45.8,16.6,12.0,18.4,44.6,17.4,18.2,46.0,29.8,2.8,6.2,18.8,8.2,16.4,7.6,8.8,2.2,-26.2,37.8,0.8106145251396648
m_3FHq0X,2026-03-12,t_1DVMAZ,Defensa y Justicia,3.0,7.0,276.8,346.2,28.4,50.6,16.4,11.2,21.0,43.8,19.6,19.6,49.8,32.0,2.8,5.2,19.6,7.4,18.8,9.0,9.8,2.4,-22.8,42.4,0.7995378393991912
m_2pi43m,2026-03-16,t_1DVMAZ,Defensa y Justicia,3.6,8.0,322.2,392.8,31.6,55.2,18.4,14.6,20.0,42.6,18.0,18.0,51.6,25.6,1.8,5.6,17.6,7.6,20.8,9.2,11.6,2.0,-22.6,44.0,0.820264765784114
m_1hukZb,2026-03-21,t_1DVMAZ,Defensa y Justicia,4.4,8.6,344.0,414.0,31.6,57.0,17.8,15.0,19.4,42.6,18.2,15.0,49.0,25.2,2.8,7.2,14.4,7.6,20.4,8.6,11.8,2.6,-23.2,41.4,0.8309178743961353
m_2NfZWl,2026-04-07,t_1DVMAZ,Defensa y Justicia,5.0,8.0,314.6,379.0,28.2,52.6,15.2,15.2,18.8,42.4,17.2,15.2,48.0,32.8,3.4,7.8,12.6,6.8,20.0,8.8,11.2,3.0,-23.6,41.2,0.8300791556728232
m_3SYDN1,2026-04-13,t_1DVMAZ,Defensa y Justicia,5.2,8.2,330.0,396.2,27.6,55.4,16.2,14.8,16.0,46.8,16.0,15.6,47.4,30.4,3.0,7.4,14.4,7.6,20.8,7.2,13.6,3.0,-30.8,39.8,0.8329126703685008
m_2qTx0J,2026-04-18,t_1DVMAZ,Defensa y Justicia,5.4,8.8,337.0,404.6,30.4,56.0,19.2,17.0,14.0,49.8,14.6,16.8,48.4,28.4,2.6,7.8,15.8,7.4,20.0,5.8,14.2,3.2,-35.8,41.0,0.8329214038556599
m_3puHKN,2026-04-23,t_1DVMAZ,Defensa y Justicia,4.4,8.0,331.8,400.6,27.4,52.4,17.6,16.0,14.0,50.8,14.6,19.8,49.2,30.8,2.8,8.6,17.6,8.0,19.8,6.2,13.6,2.8,-36.8,41.2,0.8282576135796306
m_019qHk,2026-05-04,t_1DVMAZ,Defensa y Justicia,3.4,7.4,335.2,404.6,29.0,53.8,17.4,15.6,14.0,50.4,13.0,19.2,51.4,27.6,2.0,6.8,18.8,8.2,22.0,6.6,15.4,2.6,-36.4,43.2,0.8284725654967869
m_4cBLTF,2026-07-24,t_1DVMAZ,Defensa y Justicia,3.0,8.2,350.8,431.6,34.2,58.6,21.2,16.6,15.6,53.0,14.4,18.6,54.4,18.8,1.6,7.2,20.2,8.4,23.2,7.0,16.2,2.0,-37.4,46.0,0.8127896200185357
m_1R2IMx,2026-07-29,t_1DVMAZ,Defensa y Justicia,3.4,8.4,373.4,457.2,40.0,62.6,21.6,18.8,15.4,51.4,14.0,18.4,54.6,18.0,1.2,7.0,17.6,7.6,22.0,7.4,14.6,2.2,-36.0,47.0,0.8167104111986002
m_2xdOyu,2026-08-01,t_1DVMAZ,Defensa y Justicia,3.6,6.8,363.8,450.0,35.4,62.6,16.8,16.2,17.2,52.2,14.0,16.4,52.8,27.8,1.8,7.6,18.0,7.0,24.0,9.2,14.8,2.4,-35.0,45.8,0.8084444444444444
m_208YJA,2026-08-09,t_1DVMAZ,Defensa y Justicia,5.0,8.0,378.8,468.6,38.6,64.8,21.4,18.4,19.2,50.4,16.6,14.8,54.6,24.2,2.0,7.2,17.4,7.6,22.0,9.0,13.0,3.4,-31.2,47.0,0.8083653435766112
m_43tFlq,2026-08-17,t_1DVMAZ,Defensa y Justicia,6.0,9.6,388.8,480.6,37.8,63.8,21.8,20.0,22.0,49.4,21.0,16.2,56.0,25.8,2.4,7.2,18.2,6.8,19.8,8.4,11.4,3.4,-27.4,49.2,0.8089887640449438
m_4Llsds,2026-08-23,t_1DVMAZ,Defensa y Justicia,6.4,9.6,376.4,468.6,34.8,58.6,20.0,20.0,23.0,52.2,21.4,18.0,56.4,29.4,2.0,7.0,17.4,8.2,19.6,9.2,10.4,3.6,-29.2,48.2,0.8032437046521553
m_300q44,2026-08-31,t_1DVMAZ,Defensa y Justicia,6.0,9.0,315.6,403.8,26.6,47.8,16.6,19.0,23.4,52.2,21.4,20.0,58.8,41.8,4.2,8.4,18.4,7.8,18.2,9.2,9.0,4.0,-28.8,51.0,0.7815750371471025
m_0NaY2x,2026-09-06,t_1DVMAZ,Defensa y Justicia,5.2,9.2,315.0,398.8,26.0,45.4,18.0,19.8,24.2,50.0,23.8,21.2,58.8,36.4,3.6,8.6,18.6,8.8,14.6,7.4,7.2,3.8,-25.8,50.0,0.7898696088264794
m_0v5efb,2026-09-11,t_1DVMAZ,Defensa y Justicia,4.4,8.4,315.2,405.6,29.0,50.8,14.4,17.8,24.6,50.4,22.0,21.4,61.2,40.2,4.0,8.0,18.4,7.2,17.2,8.4,8.8,3.2,-25.8,54.0,0.777120315581854
m_3L4LL7,2026-01-24,t_1Fzy5s,River Plate,0.0,0.0,0.0,0.0,0.0,0.0,0.0,0.0,0.0,0.0,0.0,0.0,0.0,0.0,0.0,0.0,0.0,0.0,0.0,0.0,0.0,0.0,0.0,0.0,0.0
m_01aTkm,2026-01-28,t_1Fzy5s,River Plate,7.0,9.0,396.0,368.0,39.0,74.0,24.0,14.0,11.0,44.0,14.0,9.0,53.0,27.0,6.0,8.0,11.0,7.0,6.0,3.0,3.0,2.0,-33.0,46.0,1.076086956521739
m_4aRjxN,2026-02-02,t_1Fzy5s,River Plate,7.5,10.5,476.0,501.5,44.5,80.0,20.0,14.0,15.0,46.0,13.0,13.5,51.5,23.0,3.5,7.0,16.5,9.0,14.5,6.0,8.5,1.5,-31.0,42.5,0.9491525423728814
m_0k3gzI,2026-02-07,t_1Fzy5s,River Plate,6.333333333333333,11.0,463.6666666666667,508.0,37.666666666666664,77.0,18.0,16.333333333333332,15.666666666666666,48.333333333333336,12.666666666666666,14.0,48.666666666666664,22.0,3.0,7.333333333333333,16.0,9.666666666666666,15.333333333333334,7.0,8.333333333333334,2.0,-32.666666666666664,39.0,0.9127296587926509
m_064D4L,2026-02-13,t_1Fzy5s,River Plate,6.0,10.75,462.0,523.25,35.0,79.5,22.5,17.25,16.5,48.25,13.5,14.25,49.5,19.25,2.25,7.0,16.5,10.0,15.75,7.25,8.5,2.0,-31.75,39.5,0.882943143812709
m_4JeqYL,2026-02-22,t_1Fzy5s,River Plate,5.0,9.8,434.2,505.4,35.2,73.6,20.0,16.2,16.0,50.6,14.6,14.2,51.0,18.8,2.6,6.6,17.8,9.4,16.4,6.6,9.8,2.4,-34.6,41.6,0.8591214879303521
m_25L4uT,2026-02-26,t_1Fzy5s,River Plate,4.6,9.4,444.6,545.0,35.6,73.2,18.2,16.0,18.4,53.2,16.0,17.2,53.6,18.0,2.2,6.0,22.8,10.4,20.6,8.4,12.2,2.6,-34.8,43.2,0.8157798165137614
m_1IrvXt,2026-03-03,t_1Fzy5s,River Plate,4.6,11.2,422.0,521.8,34.4,68.8,16.2,16.6,19.0,55.8,18.0,18.0,54.8,18.6,2.0,5.8,22.2,9.8,20.6,7.8,12.8,2.6,-36.8,45.0,0.8087389804522805
m_2e6Rvv,2026-03-13,t_1Fzy5s,River Plate,4.4,11.2,431.4,532.0,38.0,65.6,15.6,14.6,18.4,53.0,18.0,18.6,54.4,21.8,2.0,4.6,22.0,9.2,21.2,7.4,13.8,2.8,-34.6,45.2,0.8109022556390978
m_1fJ2Fa,2026-03-15,t_1Fzy5s,River Plate,4.8,10.2,413.2,504.8,37.8,56.6,11.0,13.0,18.8,50.4,18.0,19.4,51.6,25.2,2.4,4.6,22.4,7.6,21.2,7.8,13.4,3.2,-31.6,44.0,0.8185419968304279
m_38Dq9r,2026-03-22,t_1Fzy5s,River Plate,7.0,14.6,471.4,554.4,40.2,61.6,11.8,16.2,18.0,47.2,16.4,18.4,49.0,22.2,1.8,4.6,19.0,7.8,20.0,7.8,12.2,2.6,-29.2,41.2,0.8502886002886003
m_0X7bQS,2026-04-05,t_1Fzy5s,River Plate,6.6,14.0,449.4,523.4,38.4,59.6,13.8,16.0,16.6,45.0,15.2,17.2,46.8,24.2,2.0,4.4,15.8,7.2,18.0,6.8,11.2,2.2,-28.4,39.6,0.8586167367214368
m_3RgxwY,2026-04-12,t_1Fzy5s,River Plate,6.0,12.2,449.0,523.0,37.0,58.0,15.8,15.8,16.8,42.2,15.2,16.0,46.0,23.0,2.4,4.8,14.8,7.2,16.8,6.8,10.0,2.6,-25.4,38.8,0.858508604206501
m_0FlMqm,2026-04-19,t_1Fzy5s,River Plate,6.2,11.4,410.0,483.8,31.6,59.4,14.8,17.8,18.0,44.0,16.6,16.6,49.4,21.0,3.2,6.6,15.2,6.8,16.8,7.0,9.8,2.6,-26.0,42.6,0.847457627118644
m_3Nkc9o,2026-04-26,t_1Fzy5s,River Plate,5.4,12.2,413.6,491.0,34.0,65.8,16.8,17.2,17.4,48.6,16.0,16.6,52.0,18.4,3.0,6.4,15.6,8.0,19.0,6.6,12.4,2.6,-31.2,44.0,0.8423625254582485
m_29QdK5,2026-05-03,t_1Fzy5s,River Plate,4.2,9.4,391.6,470.6,32.4,63.8,18.6,17.2,19.6,50.4,16.4,16.8,53.2,21.2,2.8,7.4,19.0,7.8,20.8,8.2,12.6,2.6,-30.8,45.4,0.8321291967700808
m_21tO51,2026-05-10,t_1Fzy5s,River Plate,4.6,11.0,445.8,528.8,34.4,70.2,17.0,17.0,21.8,53.2,17.8,16.6,53.6,17.2,2.0,8.0,18.8,10.6,22.8,9.8,13.0,2.8,-31.4,43.0,0.8430408472012103
m_3ar3G9,2026-05-14,t_1Fzy5s,River Plate,6.0,12.4,478.2,573.2,40.0,80.6,22.0,19.2,22.6,54.6,17.8,17.0,59.6,16.4,1.6,7.0,20.6,12.0,23.6,10.6,13.0,2.6,-32.0,47.6,0.8342637822749477
m_211adJ,2026-05-16,t_1Fzy5s,River Plate,6.8,13.6,491.8,587.2,44.2,79.0,23.6,20.2,21.4,55.2,17.6,16.0,60.2,15.6,0.4,5.8,20.8,11.6,21.4,9.4,12.0,3.0,-33.8,48.6,0.8375340599455041
m_25ZLbm,2026-05-24,t_1Fzy5s,River Plate,6.8,12.8,471.8,567.2,41.0,76.2,23.8,21.6,20.0,53.2,18.0,17.0,58.8,17.0,0.8,6.4,20.4,10.6,19.8,9.0,10.8,2.4,-33.2,48.2,0.831805359661495
m_4X9GUk,2026-07-25,t_1Fzy5s,River Plate,6.4,11.6,435.6,534.0,38.0,74.0,22.0,17.4,19.8,50.0,20.2,17.0,57.0,18.4,1.4,5.6,19.8,11.0,18.2,8.2,10.0,2.8,-30.2,46.0,0.8157303370786517
m_19jhYQ,2026-07-29,t_1Fzy5s,River Plate,6.2,10.6,420.8,520.8,38.8,72.4,24.2,18.0,17.4,45.8,18.8,18.0,56.6,16.8,1.2,4.8,19.4,7.2,15.4,6.2,9.2,2.6,-28.4,49.4,0.8079877112135176
m_4JNnXO,2026-08-02,t_1Fzy5s,River Plate,4.4,8.0,408.4,497.2,34.4,68.0,21.6,15.0,16.2,46.0,16.8,16.0,50.0,17.4,1.8,6.2,20.0,5.8,16.0,6.2,9.8,2.4,-29.8,44.2,0.8213998390989542
m_2VSaa1,2026-08-08,t_1Fzy5s,River Plate,4.0,9.0,402.4,492.2,33.8,69.0,26.4,15.2,16.2,47.8,16.0,16.0,48.4,15.8,2.2,5.6,22.0,8.2,17.6,7.0,10.6,1.8,-31.6,40.2,0.8175538399024787
m_4fCzkt,2026-08-16,t_1Fzy5s,River Plate,3.6,8.8,458.2,550.2,34.4,72.0,26.2,15.6,18.0,50.0,17.8,14.6,50.4,16.4,1.8,5.8,22.0,10.0,17.0,6.8,10.2,1.8,-32.0,40.4,0.8327880770628863
m_4fjPIc,2026-08-23,t_1Fzy5s,River Plate,3.4,8.4,451.6,538.6,32.4,67.4,25.6,17.2,19.8,52.8,18.0,17.2,51.4,18.2,1.6,6.6,22.0,9.4,18.4,7.2,11.2,1.2,-33.0,42.0,0.8384701076865949
m_1oO6B7,2026-08-30,t_1Fzy5s,River Plate,3.2,8.6,438.6,525.0,29.6,62.0,22.4,18.2,21.6,55.2,19.8,17.0,51.8,19.6,2.0,7.4,22.0,11.0,19.6,7.8,11.8,1.4,-33.6,40.8,0.8354285714285714
m_32YJGL,2026-09-06,t_1Fzy5s,River Plate,4.2,10.6,414.2,502.0,30.0,60.0,19.4,18.2,21.0,52.2,19.8,18.2,51.2,22.6,1.6,5.6,19.4,11.2,18.0,7.2,10.8,1.8,-31.2,40.0,0.8250996015936255
m_3TfyzU,2026-09-12,t_1Fzy5s,River Plate,5.0,9.2,429.6,518.6,29.2,59.6,13.8,15.6,23.0,52.2,20.4,19.6,52.2,21.8,1.8,6.0,17.2,9.8,19.8,8.2,11.6,2.0,-29.2,42.4,0.8283841110682607
m_1oH2tW,2026-01-23,t_1HsET8,Estudiantes,0.0,0.0,0.0,0.0,0.0,0.0,0.0,0.0,0.0,0.0,0.0,0.0,0.0,0.0,0.0,0.0,0.0,0.0,0.0,0.0,0.0,0.0,0.0,0.0,0.0
m_09UPPR,2026-01-29,t_1HsET8,Estudiantes,2.0,8.0,357.0,446.0,32.0,57.0,17.0,11.0,25.0,37.0,23.0,24.0,49.0,40.0,4.0,7.0,14.0,6.0,13.0,8.0,5.0,2.0,-12.0,43.0,0.8004484304932735
m_0cs8S8,2026-02-02,t_1HsET8,Estudiantes,4.5,7.5,264.0,333.5,23.5,46.5,16.0,13.5,22.0,43.0,21.5,19.0,45.0,42.5,4.5,8.5,17.5,8.5,16.5,8.5,8.0,2.0,-21.0,36.5,0.7916041979010495
m_3sDDFG,2026-02-09,t_1HsET8,Estudiantes,3.3333333333333335,7.666666666666667,246.0,310.3333333333333,21.666666666666668,49.666666666666664,13.666666666666666,12.666666666666666,21.333333333333332,38.666666666666664,19.666666666666668,15.666666666666666,41.333333333333336,35.0,3.6666666666666665,6.666666666666667,16.333333333333332,7.666666666666667,15.0,8.333333333333334,6.666666666666667,3.3333333333333335,-17.333333333333332,33.666666666666664,0.7926960257787325
m_2wlvcQ,2026-02-15,t_1HsET8,Estudiantes,4.0,8.5,293.75,361.0,23.5,55.5,17.75,14.5,20.0,41.0,16.25,14.0,44.75,35.75,3.25,6.25,16.75,7.0,18.0,9.0,9.0,3.25,-21.0,37.75,0.8137119113573407
m_2kYA49,2026-02-20,t_1HsET8,Estudiantes,4.0,9.2,308.8,374.4,27.4,57.2,18.6,14.4,19.4,41.2,17.0,13.0,43.6,33.2,3.6,5.6,18.2,7.6,17.6,9.0,8.6,3.0,-21.8,36.0,0.8247863247863247
m_2byNvS,2026-02-25,t_1HsET8,Estudiantes,5.0,9.2,277.0,340.6,25.8,54.6,19.0,12.8,17.6,45.6,15.8,10.6,44.2,29.0,3.8,5.6,18.6,8.2,17.8,9.0,8.8,3.2,-28.0,36.0,0.813270698766882
m_3WwAlG,2026-03-02,t_1HsET8,Estudiantes,5.0,9.6,324.8,391.2,30.6,58.8,20.2,13.2,17.2,45.6,14.4,10.6,46.2,26.6,3.4,5.8,18.8,7.2,18.0,8.8,9.2,3.0,-28.4,39.0,0.8302658486707567
m_2rfIEE,2026-03-13,t_1HsET8,Estudiantes,5.2,9.8,352.0,422.0,31.8,60.6,24.4,14.4,18.2,48.0,15.2,12.2,51.4,25.6,3.0,7.0,21.0,8.0,19.0,9.4,9.6,1.8,-29.8,43.4,0.8341232227488151
m_2XIz1k,2026-03-18,t_1HsET8,Estudiantes,4.6,10.4,350.0,419.6,32.0,56.2,23.2,13.6,18.2,46.0,16.6,13.4,48.8,22.6,3.2,7.0,21.0,8.4,15.6,8.6,7.0,1.4,-27.8,40.4,0.8341277407054337
m_0d5xg9,2026-03-23,t_1HsET8,Estudiantes,5.0,9.4,349.0,422.8,31.2,58.8,22.6,12.0,20.4,48.6,18.4,14.6,50.8,24.6,3.0,8.2,20.8,8.4,16.6,9.2,7.4,1.2,-28.2,42.4,0.825449385052034
m_0IMWj8,2026-04-03,t_1HsET8,Estudiantes,6.2,12.0,378.2,451.2,35.8,65.2,23.4,14.4,20.2,44.6,16.8,16.6,50.0,26.6,2.6,7.6,20.4,7.6,18.0,9.2,8.8,0.8,-24.4,42.4,0.838209219858156
m_4fxT6w,2026-04-11,t_1HsET8,Estudiantes,5.8,12.0,370.6,446.6,34.0,66.2,21.6,12.6,22.6,46.8,17.6,15.8,53.4,23.2,2.6,7.0,21.4,8.8,20.0,10.4,9.6,1.2,-24.2,44.6,0.8298253470667264
m_1Vr866,2026-04-18,t_1HsET8,Estudiantes,6.0,11.6,382.0,460.8,33.8,61.8,20.0,11.8,22.0,47.0,16.8,16.0,51.4,27.0,3.4,6.2,19.4,7.6,20.0,9.8,10.2,1.4,-25.0,43.8,0.8289930555555556
m_4DTyjs,2026-04-25,t_1HsET8,Estudiantes,5.8,9.2,335.6,413.6,30.0,64.8,17.4,10.8,23.2,48.6,17.4,14.8,51.8,30.2,3.8,5.2,19.4,7.0,20.8,10.0,10.8,2.0,-25.4,44.8,0.811411992263056
m_3MBuhd,2026-05-03,t_1HsET8,Estudiantes,5.2,9.8,338.8,417.8,30.4,63.2,18.4,12.4,21.2,47.4,15.8,15.2,51.2,27.2,3.8,4.6,17.4,6.8,20.0,8.6,11.4,2.4,-26.2,44.4,0.8109143130684539
m_3vjLig,2026-05-10,t_1HsET8,Estudiantes,4.2,7.8,320.6,400.8,25.8,57.8,17.0,11.4,20.8,49.2,16.2,14.4,53.4,29.0,3.6,5.6,17.2,7.6,17.8,7.8,10.0,3.6,-28.4,45.8,0.7999001996007984
m_0smnBS,2026-07-26,t_1HsET8,Estudiantes,4.0,7.8,296.8,381.2,25.0,62.2,17.8,11.8,18.4,45.8,15.6,15.6,52.2,30.0,3.2,4.4,15.0,6.4,15.6,6.2,9.4,3.2,-27.4,45.8,0.7785939139559287
m_2xdOyu,2026-08-01,t_1HsET8,Estudiantes,4.0,8.8,274.8,361.4,27.6,65.2,18.8,11.6,17.8,48.6,17.2,15.4,51.8,28.2,3.0,4.2,16.8,7.6,16.2,6.2,10.0,3.4,-30.8,44.2,0.7603763143331489
m_26MC0h,2026-08-05,t_1HsET8,Estudiantes,5.4,10.8,290.0,375.0,31.4,59.8,19.2,12.2,17.0,50.2,17.2,16.6,54.2,28.2,3.2,5.8,15.6,9.2,18.6,6.6,12.0,4.2,-33.2,45.0,0.7733333333333333
m_3xPV3E,2026-08-08,t_1HsET8,Estudiantes,5.6,10.0,275.2,357.2,27.8,56.6,18.4,12.8,17.8,50.2,16.6,17.8,55.4,30.4,3.4,5.8,17.0,9.2,19.6,7.6,12.0,3.8,-32.4,46.2,0.7704367301231803
m_3spPk4,2026-08-15,t_1HsET8,Estudiantes,4.2,9.4,328.4,416.6,32.4,65.8,18.6,12.8,18.4,49.0,17.4,18.2,56.2,28.4,3.4,5.6,18.2,9.2,20.4,8.6,11.8,2.8,-30.6,47.0,0.7882861257801248
m_3xzvfD,2026-08-23,t_1HsET8,Estudiantes,5.0,10.6,381.8,465.0,35.2,66.4,20.2,12.0,19.4,52.2,18.0,16.6,52.6,27.8,3.8,6.4,16.4,9.6,21.0,8.8,12.2,3.2,-32.8,43.0,0.8210752688172043
m_23XA3J,2026-08-31,t_1HsET8,Estudiantes,5.6,10.0,425.4,504.0,36.6,74.0,19.8,11.8,20.0,50.6,15.8,16.4,52.0,25.2,3.4,6.6,16.4,8.8,21.2,9.2,12.0,3.4,-30.6,43.2,0.844047619047619
m_3kXmim,2026-09-06,t_1HsET8,Estudiantes,5.6,10.8,460.6,544.4,39.2,78.6,21.0,12.6,20.4,48.8,17.6,16.0,52.0,20.8,2.4,6.2,18.0,7.4,19.4,8.2,11.2,2.2,-28.4,44.6,0.8460690668626011
m_2iSmoq,2026-09-12,t_1HsET8,Estudiantes,5.2,10.6,468.6,561.2,39.8,81.2,19.0,11.0,21.0,51.0,17.6,16.0,55.2,20.4,2.0,6.8,19.8,6.6,18.8,8.2,10.6,2.4,-30.0,48.6,0.8349964362081255
m_3gOUak,2026-01-26,t_1L8FaD,Tigre,0.0,0.0,0.0,0.0,0.0,0.0,0.0,0.0,0.0,0.0,0.0,0.0,0.0,0.0,0.0,0.0,0.0,0.0,0.0,0.0,0.0,0.0,0.0,0.0,0.0
m_4XI4Tz,2026-01-29,t_1L8FaD,Tigre,3.0,5.0,264.0,356.0,30.0,53.0,16.0,6.0,13.0,58.0,10.0,12.0,40.0,35.0,2.0,5.0,14.0,6.0,16.0,6.0,10.0,2.0,-45.0,34.0,0.7415730337078652
m_3ACZQ9,2026-02-02,t_1L8FaD,Tigre,3.0,4.0,241.5,332.0,24.5,54.5,13.5,6.5,15.5,52.0,14.0,15.5,44.5,45.0,1.5,6.0,12.0,8.0,13.5,5.0,8.5,1.0,-36.5,36.5,0.7274096385542169
m_0k3gzI,2026-02-07,t_1L8FaD,Tigre,4.666666666666667,5.666666666666667,204.33333333333334,285.6666666666667,20.666666666666668,50.0,15.0,8.0,13.666666666666666,46.333333333333336,12.666666666666666,14.666666666666666,41.666666666666664,44.666666666666664,1.3333333333333333,4.666666666666667,12.0,7.333333333333333,12.0,4.333333333333333,7.666666666666667,1.6666666666666667,-32.666666666666664,34.333333333333336,0.7152858809801633
m_1H9yMb,2026-02-12,t_1L8FaD,Tigre,5.0,5.25,188.75,269.75,19.75,49.0,13.5,8.25,15.5,46.5,14.25,17.5,43.75,43.25,2.75,5.5,12.0,7.25,13.0,4.75,8.25,2.25,-31.0,36.5,0.6997219647822057
m_10l4Ew,2026-02-22,t_1L8FaD,Tigre,5.2,6.2,188.6,269.2,22.4,49.4,13.8,8.0,16.0,46.0,15.6,17.8,44.2,40.8,2.6,5.0,13.6,7.4,12.8,4.4,8.4,1.8,-30.0,36.8,0.700594353640416
m_2dkzXZ,2026-02-25,t_1L8FaD,Tigre,5.2,7.8,212.2,288.6,26.4,56.8,14.4,8.2,17.6,42.4,17.8,18.2,46.4,36.8,2.6,5.0,13.4,7.2,12.8,4.6,8.2,1.6,-24.8,39.2,0.7352737352737353
m_4QwFk6,2026-03-02,t_1L8FaD,Tigre,5.8,9.4,219.0,293.0,27.8,57.2,16.0,10.0,16.2,44.6,16.8,17.6,46.8,35.6,2.6,5.2,13.8,7.6,12.0,4.0,8.0,2.2,-28.4,39.2,0.7474402730375427
m_4GHjNn,2026-03-10,t_1L8FaD,Tigre,5.4,10.6,243.8,324.2,31.0,63.4,19.2,10.6,18.6,49.4,19.6,18.6,51.0,30.0,2.4,6.2,15.6,9.4,15.4,4.6,10.8,1.8,-30.8,41.6,0.7520049352251696
m_2yIwhJ,2026-03-16,t_1L8FaD,Tigre,5.0,11.8,255.2,340.2,34.6,67.8,22.4,10.6,17.6,51.4,19.2,17.8,52.2,27.4,1.8,7.0,18.4,9.2,15.8,5.0,10.8,1.6,-33.8,43.0,0.7501469723691946
m_3Ol2iT,2026-03-21,t_1L8FaD,Tigre,4.4,10.4,257.0,343.6,32.4,71.2,23.2,10.8,16.2,50.8,16.4,18.6,54.0,25.8,1.8,7.0,17.0,8.0,17.0,5.6,11.4,2.2,-34.6,46.0,0.7479627473806753
m_41Dxbo,2026-04-02,t_1L8FaD,Tigre,4.6,11.4,262.0,358.2,31.8,70.0,26.4,12.4,14.8,56.2,14.6,18.4,54.8,25.6,1.6,6.6,18.6,11.0,17.4,5.4,12.0,2.8,-41.4,43.8,0.7314349525404802
m_19b0Rn,2026-04-12,t_1L8FaD,Tigre,4.8,11.6,259.2,357.4,31.4,69.8,28.2,10.8,16.6,57.0,16.2,18.0,54.6,19.2,2.4,6.2,20.4,10.0,19.6,6.8,12.8,2.6,-40.4,44.6,0.7252378287632905
m_0QP5Eq,2026-04-21,t_1L8FaD,Tigre,4.4,10.0,260.2,359.2,32.0,68.6,24.6,9.2,17.4,59.8,16.2,16.8,53.2,22.6,2.8,7.0,19.2,8.8,18.8,7.4,11.4,2.6,-42.4,44.4,0.7243875278396437
m_19Px84,2026-04-25,t_1L8FaD,Tigre,4.0,9.4,265.2,359.6,31.6,66.6,21.8,8.8,17.8,60.4,14.8,15.8,54.2,24.6,2.4,6.6,18.2,9.8,21.0,8.0,13.0,2.2,-42.6,44.4,0.7374860956618465
m_0fdjQP,2026-05-03,t_1L8FaD,Tigre,3.8,11.2,278.6,378.2,33.8,66.6,22.6,10.2,17.2,59.6,15.8,16.0,52.2,23.8,2.2,6.4,19.4,10.8,19.2,7.4,11.8,2.2,-42.4,41.4,0.7366472765732417
m_2VlptL,2026-07-25,t_1L8FaD,Tigre,3.8,9.0,250.4,343.0,30.6,62.0,22.2,9.2,17.6,57.0,17.2,15.8,49.2,24.8,2.6,7.6,18.6,9.0,18.2,7.4,10.8,2.2,-39.4,40.2,0.7300291545189505
m_0afzlB,2026-08-01,t_1L8FaD,Tigre,3.2,8.4,283.4,376.8,36.2,65.6,23.2,9.4,17.8,56.0,16.4,15.8,48.4,27.0,2.0,9.0,18.0,9.0,17.8,7.2,10.6,2.0,-38.2,39.4,0.7521231422505308
m_147hOq,2026-08-06,t_1L8FaD,Tigre,3.4,8.2,278.2,368.8,35.2,61.8,22.2,9.6,16.8,50.8,17.0,16.2,49.2,25.8,1.8,7.4,18.6,8.8,16.2,5.6,10.6,2.6,-34.0,40.4,0.7543383947939263
m_2VSaa1,2026-08-08,t_1L8FaD,Tigre,4.0,9.4,298.2,391.2,36.6,63.2,25.8,12.0,17.4,47.4,19.0,16.2,49.6,22.6,1.8,7.4,17.0,8.2,14.8,5.4,9.4,3.6,-30.0,41.4,0.7622699386503068
m_0kIwxH,2026-08-15,t_1L8FaD,Tigre,4.0,7.6,286.2,373.6,34.0,60.8,23.2,10.6,20.8,50.4,21.4,14.8,50.8,25.6,2.6,8.0,17.0,7.8,19.2,6.6,12.6,3.2,-29.6,43.0,0.7660599571734475
m_2k3hTY,2026-08-24,t_1L8FaD,Tigre,3.6,8.2,296.2,381.8,34.6,62.6,22.2,13.2,21.4,49.2,21.6,14.4,52.8,31.6,3.6,6.6,17.8,7.6,20.6,6.6,14.0,3.0,-27.8,45.2,0.7757988475641697
m_2eHqO4,2026-09-01,t_1L8FaD,Tigre,3.2,8.2,259.2,341.6,28.8,59.6,18.0,12.8,20.2,47.0,22.2,16.0,53.8,32.2,4.0,5.6,20.2,7.6,20.6,6.4,14.2,3.0,-26.8,46.2,0.7587822014051522
m_2MnXyo,2026-09-05,t_1L8FaD,Tigre,2.4,7.6,271.2,359.8,28.6,66.2,20.8,13.8,19.6,48.6,19.8,17.0,55.4,32.4,4.6,5.8,19.6,7.0,23.0,8.4,14.6,2.6,-29.0,48.4,0.7537520844913841
m_2UjMTH,2026-09-13,t_1L8FaD,Tigre,2.0,5.8,264.6,350.4,27.4,66.6,18.2,11.4,17.8,49.6,18.0,16.4,52.6,33.8,5.0,4.6,20.2,8.8,21.2,7.2,14.0,2.2,-31.8,43.8,0.7551369863013698
m_2wEu9K,2026-01-23,t_1QqhS7,San Lorenzo,0.0,0.0,0.0,0.0,0.0,0.0,0.0,0.0,0.0,0.0,0.0,0.0,0.0,0.0,0.0,0.0,0.0,0.0,0.0,0.0,0.0,0.0,0.0,0.0,0.0
m_14jWEQ,2026-01-27,t_1QqhS7,San Lorenzo,4.0,8.0,321.0,404.0,34.0,74.0,34.0,13.0,26.0,71.0,20.0,15.0,44.0,14.0,0.0,5.0,27.0,7.0,36.0,11.0,25.0,3.0,-45.0,37.0,0.7945544554455446
m_4SzUty,2026-01-31,t_1QqhS7,San Lorenzo,2.5,6.0,231.5,322.5,25.0,74.0,24.5,9.5,26.0,63.5,19.5,17.0,47.5,22.5,2.0,7.0,23.5,8.0,30.0,12.5,17.5,3.0,-37.5,39.5,0.7178294573643411
m_4PxDme,2026-02-08,t_1QqhS7,San Lorenzo,2.0,6.0,244.66666666666666,326.6666666666667,23.666666666666668,66.0,22.333333333333332,10.333333333333334,25.666666666666668,64.0,19.0,18.0,48.666666666666664,25.333333333333332,1.6666666666666667,8.333333333333334,23.666666666666668,10.333333333333334,26.333333333333332,12.0,14.333333333333334,3.0,-38.333333333333336,38.333333333333336,0.7489795918367347
m_0TuvMr,2026-02-14,t_1QqhS7,San Lorenzo,1.5,5.0,234.0,320.5,22.5,66.25,19.0,9.25,22.75,64.0,17.0,17.0,47.25,25.25,1.5,8.25,23.25,10.0,24.5,10.75,13.75,2.75,-41.25,37.25,0.7301092043681747
m_48r2a7,2026-02-22,t_1QqhS7,San Lorenzo,1.8,4.6,226.2,313.0,22.0,63.8,17.6,9.2,23.8,64.4,17.8,17.0,48.0,27.8,2.6,7.8,22.0,8.4,24.6,11.0,13.6,3.0,-40.6,39.6,0.7226837060702875
m_2YNGA5,2026-02-24,t_1QqhS7,San Lorenzo,2.2,4.0,216.2,301.8,20.4,60.0,13.8,9.6,22.8,62.6,17.6,19.4,49.8,33.8,3.2,9.4,21.0,8.6,20.8,10.6,10.2,3.4,-39.8,41.2,0.7163684559310802
m_3CjTLG,2026-03-01,t_1QqhS7,San Lorenzo,2.6,4.4,256.6,340.0,22.6,58.0,14.0,10.8,20.8,60.0,18.2,18.8,48.0,33.0,3.0,8.2,23.2,9.4,19.6,9.0,10.6,3.8,-39.2,38.6,0.7547058823529412
m_0EJRQi,2026-03-11,t_1QqhS7,San Lorenzo,3.4,4.0,240.6,325.6,21.4,59.2,13.8,11.6,18.0,60.6,16.6,19.2,47.2,32.2,3.4,8.2,22.4,8.6,19.4,7.4,12.0,4.2,-42.6,38.6,0.7389434889434889
m_2pi43m,2026-03-16,t_1QqhS7,San Lorenzo,3.8,4.0,228.4,307.0,20.8,54.2,14.6,13.2,20.0,58.2,18.4,20.6,47.4,32.8,3.2,8.4,21.4,8.6,19.6,8.4,11.2,4.2,-38.2,38.8,0.7439739413680782
m_0idF82,2026-03-25,t_1QqhS7,San Lorenzo,4.4,5.2,257.6,336.2,22.8,55.8,19.8,15.6,19.8,53.6,17.6,19.2,44.6,27.8,2.0,8.8,20.0,9.8,20.0,9.2,10.8,3.6,-33.8,34.8,0.7662105889351577
m_0IMWj8,2026-04-03,t_1QqhS7,San Lorenzo,3.6,5.6,267.4,350.2,22.0,55.2,20.8,15.0,18.0,50.8,16.0,17.6,43.6,26.4,2.0,6.8,20.2,10.2,20.8,8.8,12.0,2.8,-32.8,33.4,0.7635636778983438
m_1WEirs,2026-04-12,t_1QqhS7,San Lorenzo,4.0,6.0,249.6,322.6,20.0,52.2,21.2,16.6,19.6,52.6,17.2,18.2,47.8,24.0,1.6,9.0,16.2,9.4,20.6,9.4,11.2,2.8,-33.0,38.4,0.7737135771853689
m_4X5YYv,2026-04-20,t_1QqhS7,San Lorenzo,3.2,6.0,273.0,346.4,22.6,50.4,21.4,15.8,20.2,53.2,18.2,17.0,48.0,24.2,1.6,8.8,17.6,8.6,20.0,9.8,10.2,2.4,-33.0,39.4,0.7881062355658198
m_41mY2k,2026-04-25,t_1QqhS7,San Lorenzo,3.8,7.0,303.4,383.0,24.2,53.8,23.8,15.2,18.6,52.4,16.8,17.0,52.2,23.8,2.0,7.8,17.0,8.2,19.6,9.2,10.4,2.6,-33.8,44.0,0.7921671018276762
m_3CZXTq,2026-05-02,t_1QqhS7,San Lorenzo,3.8,6.4,281.8,359.8,22.8,51.2,18.8,13.8,18.0,53.0,17.6,19.0,58.0,28.8,3.6,8.0,21.2,7.4,17.6,8.2,9.4,3.6,-35.0,50.6,0.783212896053363
m_21tO51,2026-05-10,t_1QqhS7,San Lorenzo,4.8,8.6,295.0,369.2,24.6,53.0,20.6,13.4,19.8,52.8,19.6,18.8,60.0,24.4,4.0,8.6,22.2,6.6,17.0,8.4,8.6,4.0,-33.0,53.4,0.7990249187432286
m_1aviF3,2026-07-26,t_1QqhS7,San Lorenzo,4.6,8.0,274.8,356.8,24.0,55.2,17.8,11.0,18.8,54.2,18.8,18.4,58.8,32.2,4.4,7.8,26.4,7.6,15.8,7.0,8.8,5.0,-35.4,51.2,0.7701793721973094
m_0SpGk1,2026-07-28,t_1QqhS7,San Lorenzo,5.4,8.4,284.0,369.4,24.0,56.8,16.8,10.6,19.2,52.4,19.0,16.8,59.0,35.2,4.4,6.4,24.8,8.0,16.2,6.8,9.4,6.2,-33.2,51.0,0.7688142934488359
m_3lE8VM,2026-08-04,t_1QqhS7,San Lorenzo,5.4,9.0,298.2,379.8,27.2,55.8,15.4,11.0,21.6,54.0,22.4,16.6,58.6,36.0,5.4,7.0,26.6,9.4,18.0,7.4,10.6,6.2,-32.4,49.2,0.7851500789889415
m_3Oow95,2026-08-09,t_1QqhS7,San Lorenzo,4.6,10.2,326.8,412.4,31.0,60.4,18.2,11.2,20.4,57.2,21.8,15.6,55.8,31.6,4.2,8.2,23.2,9.6,18.6,7.0,11.6,6.2,-36.8,46.2,0.7924345295829291
m_0CvxlD,2026-08-15,t_1QqhS7,San Lorenzo,3.6,7.6,315.2,400.6,31.0,59.4,16.6,11.4,21.2,60.8,21.8,16.8,54.6,35.6,3.6,7.8,20.6,10.8,21.2,7.6,13.6,6.2,-39.6,43.8,0.7868197703444832
m_3wtsgB,2026-08-21,t_1QqhS7,San Lorenzo,4.4,8.0,333.8,420.4,32.6,59.4,20.0,12.8,22.4,61.0,20.4,17.0,52.2,30.0,3.4,6.4,18.4,10.6,24.2,9.8,14.4,4.4,-38.6,41.6,0.7940057088487155
m_1YGhXX,2026-09-01,t_1QqhS7,San Lorenzo,4.2,8.0,330.4,418.0,32.4,60.8,21.4,14.0,24.2,61.6,20.2,19.0,53.4,27.8,3.2,7.0,17.2,11.0,29.4,11.8,17.6,3.0,-37.4,42.4,0.7904306220095694
m_2ImO5V,2026-09-05,t_1QqhS7,San Lorenzo,3.4,6.8,317.8,404.8,28.0,59.6,19.6,13.6,22.2,61.6,17.0,18.6,50.0,29.4,3.0,6.8,16.8,10.2,28.6,11.0,17.6,2.8,-39.4,39.8,0.7850790513833992
m_0XqwtQ,2026-09-13,t_1QqhS7,San Lorenzo,3.8,6.2,303.2,385.4,24.0,56.4,17.6,13.2,22.2,60.6,16.8,19.6,50.8,30.0,2.8,5.2,17.6,10.4,28.8,10.8,18.0,2.8,-38.4,40.4,0.7867151011935651
m_1oH2tW,2026-01-23,t_1XZg6T,Independiente,0.0,0.0,0.0,0.0,0.0,0.0,0.0,0.0,0.0,0.0,0.0,0.0,0.0,0.0,0.0,0.0,0.0,0.0,0.0,0.0,0.0,0.0,0.0,0.0,0.0
m_1BPKXp,2026-01-28,t_1XZg6T,Independiente,3.0,7.0,205.0,286.0,24.0,65.0,23.0,11.0,15.0,57.0,11.0,21.0,53.0,21.0,3.0,8.0,17.0,13.0,20.0,7.0,13.0,1.0,-42.0,40.0,0.7167832167832168
m_1jdpKo,2026-01-31,t_1XZg6T,Independiente,2.5,3.5,180.5,255.5,18.5,59.5,16.5,8.0,13.5,60.5,12.5,17.5,46.0,28.5,2.0,7.0,16.5,10.5,21.5,6.5,15.0,2.0,-47.0,35.5,0.7064579256360078
m_4FfDiT,2026-02-08,t_1XZg6T,Independiente,3.0,5.666666666666667,201.33333333333334,285.0,25.666666666666668,66.66666666666667,17.666666666666668,8.666666666666666,14.666666666666666,63.333333333333336,11.666666666666666,17.333333333333332,49.333333333333336,30.0,2.3333333333333335,8.0,18.666666666666668,11.0,23.333333333333332,8.333333333333334,15.0,3.0,-48.666666666666664,38.333333333333336,0.7064327485380117
m_4CCLV7,2026-02-13,t_1XZg6T,Independiente,3.5,6.0,202.75,289.0,23.5,65.0,15.5,8.75,12.0,60.5,11.75,16.25,49.75,28.25,2.0,6.5,20.0,11.25,20.25,6.5,13.75,2.75,-48.5,38.5,0.7015570934256056
m_49Gg2q,2026-02-21,t_1XZg6T,Independiente,3.4,7.2,219.4,303.2,25.0,63.0,17.4,10.4,13.0,61.4,12.2,16.6,48.8,29.4,1.6,6.2,18.6,10.8,20.6,7.0,13.6,2.2,-48.4,38.0,0.7236147757255936
m_4Hyhnt,2026-02-25,t_1XZg6T,Independiente,3.8,8.0,238.4,322.6,26.6,61.4,17.8,9.6,12.2,61.6,14.0,14.8,44.4,30.6,2.0,7.0,19.0,10.2,19.0,6.4,12.6,2.4,-49.4,34.2,0.7389956602603843
m_2FKyoL,2026-02-28,t_1XZg6T,Independiente,4.0,9.0,265.6,357.8,28.6,62.8,19.0,9.4,12.8,60.2,15.2,15.0,47.8,32.0,2.0,7.2,20.0,10.0,17.0,6.4,10.6,2.4,-47.4,37.8,0.7423141419787591
m_433Hpb,2026-03-10,t_1XZg6T,Independiente,4.8,11.0,303.2,398.2,31.8,66.2,24.8,9.8,12.0,56.2,16.0,14.8,46.2,28.0,1.6,5.8,18.8,9.6,14.6,5.4,9.2,1.8,-44.2,36.6,0.7614264188849824
m_4WxmC2,2026-03-17,t_1XZg6T,Independiente,5.2,11.0,317.2,414.4,34.0,70.4,28.2,8.6,15.0,58.6,18.0,14.6,45.8,26.0,1.4,7.4,18.6,8.6,17.4,6.6,10.8,1.8,-43.6,37.2,0.7654440154440154
m_41GmcC,2026-03-21,t_1XZg6T,Independiente,5.4,10.2,326.6,423.0,34.6,72.6,29.2,9.4,15.2,54.4,17.2,14.0,46.2,23.8,2.0,7.2,19.2,8.6,17.0,7.0,10.0,2.2,-39.2,37.6,0.7721040189125296
m_3qEFO6,2026-04-04,t_1XZg6T,Independiente,5.2,10.8,320.0,420.2,36.8,74.8,29.2,10.8,16.2,53.2,17.6,14.2,52.2,21.2,1.4,6.2,18.8,7.8,17.6,7.2,10.4,2.2,-37.0,44.4,0.7615421227986673
m_1uocnY,2026-04-11,t_1XZg6T,Independiente,5.2,11.0,293.0,390.4,35.6,73.2,29.0,11.0,15.4,51.2,15.6,15.8,50.4,19.2,1.8,5.8,19.6,7.8,19.2,7.0,12.2,1.8,-35.8,42.6,0.7505122950819673
m_2qTx0J,2026-04-18,t_1XZg6T,Independiente,3.8,8.4,255.2,351.6,28.2,65.6,22.2,13.0,16.2,53.8,14.8,16.0,53.6,20.8,2.0,7.0,18.8,7.2,20.6,7.6,13.0,2.2,-37.6,46.4,0.7258248009101251
m_0cJtQg,2026-04-24,t_1XZg6T,Independiente,3.4,8.4,262.8,355.8,26.6,61.4,20.0,16.4,17.4,49.0,14.6,18.2,56.2,21.8,2.2,6.8,17.4,7.0,19.8,8.8,11.0,1.8,-31.6,49.2,0.7386172006745363
m_3CZXTq,2026-05-02,t_1XZg6T,Independiente,3.0,8.4,275.8,372.4,27.4,64.6,19.8,15.4,17.4,50.8,14.6,18.6,57.6,22.4,1.8,6.6,19.4,7.0,21.0,8.8,12.2,1.8,-33.4,50.6,0.7406015037593985
m_2dZtBq,2026-05-10,t_1XZg6T,Independiente,3.2,7.4,275.2,366.0,24.0,60.0,17.6,16.4,17.8,52.8,13.4,19.8,57.8,25.2,2.8,6.8,21.6,7.2,22.6,9.2,13.4,2.6,-35.0,50.6,0.7519125683060109
m_0smnBS,2026-07-26,t_1XZg6T,Independiente,3.4,7.4,283.4,372.0,24.2,59.6,18.4,17.8,20.0,54.8,17.2,20.0,60.2,23.2,2.4,9.0,19.8,7.8,21.4,9.2,12.2,3.0,-34.8,52.4,0.7618279569892473
m_2tup6z,2026-07-31,t_1XZg6T,Independiente,4.0,7.8,270.2,352.4,23.0,57.6,18.0,15.4,19.6,57.8,19.2,21.2,57.2,28.4,3.0,8.8,20.4,8.4,20.6,8.0,12.6,2.8,-38.2,48.8,0.7667423382519863
m_11WoiN,2026-08-09,t_1XZg6T,Independiente,3.8,7.8,271.6,356.6,25.4,58.4,20.4,14.2,21.4,63.6,20.8,19.2,57.8,29.0,2.8,8.8,23.8,10.8,22.4,8.4,14.0,3.0,-42.2,47.0,0.7616376892877174
m_1E7Dux,2026-08-17,t_1XZg6T,Independiente,4.4,8.8,272.0,361.6,24.2,56.8,21.2,18.8,22.8,67.4,23.2,19.4,61.0,25.8,2.6,9.0,22.0,13.4,22.6,8.2,14.4,2.8,-44.6,47.6,0.7522123893805309
m_2IoMcO,2026-08-22,t_1XZg6T,Independiente,4.2,8.2,276.8,367.2,22.2,56.6,21.4,18.2,24.2,67.6,24.4,21.0,57.8,27.4,1.8,9.4,19.4,14.8,22.6,9.2,13.4,2.6,-43.4,43.0,0.7538126361655774
m_14q45G,2026-08-30,t_1XZg6T,Independiente,4.0,9.2,315.4,409.0,25.0,60.6,22.6,20.8,22.8,66.0,20.4,18.8,56.8,25.4,2.2,6.6,19.6,13.8,24.6,10.2,14.4,2.6,-43.2,43.0,0.7711491442542787
m_1W1wwo,2026-09-06,t_1XZg6T,Independiente,4.0,8.8,353.4,449.8,29.2,63.0,23.6,22.6,24.2,58.6,20.0,18.8,57.8,17.8,1.4,5.8,19.4,13.2,25.6,11.4,14.2,2.2,-34.4,44.6,0.7856825255669186
m_0XqwtQ,2026-09-13,t_1XZg6T,Independiente,4.2,9.8,343.4,433.2,28.2,63.4,20.2,22.2,22.2,55.4,18.8,19.0,55.0,19.6,3.6,5.8,16.4,10.8,23.2,9.2,14.0,2.8,-33.2,44.2,0.7927054478301016
m_3gOUak,2026-01-26,t_1dhmUh,Estudiantes de Río Cuarto,0.0,0.0,0.0,0.0,0.0,0.0,0.0,0.0,0.0,0.0,0.0,0.0,0.0,0.0,0.0,0.0,0.0,0.0,0.0,0.0,0.0,0.0,0.0,0.0,0.0
m_1mw3rN,2026-01-30,t_1dhmUh,Estudiantes de Río Cuarto,2.0,6.0,236.0,279.0,25.0,67.0,24.0,2.0,9.0,46.0,12.0,5.0,33.0,18.0,3.0,6.0,26.0,5.0,7.0,3.0,4.0,1.0,-37.0,28.0,0.8458781362007168
m_1P4cPw,2026-02-03,t_1dhmUh,Estudiantes de Río Cuarto,1.0,5.5,193.0,251.0,26.5,65.5,19.5,3.0,13.5,49.0,14.0,13.0,40.5,24.0,3.0,5.5,19.0,7.0,9.0,5.0,4.0,2.0,-35.5,33.5,0.7689243027888446
m_3jKKF8,2026-02-10,t_1dhmUh,Estudiantes de Río Cuarto,2.0,6.666666666666667,178.66666666666666,248.66666666666666,25.333333333333332,65.66666666666667,19.0,4.666666666666667,13.333333333333334,60.666666666666664,12.666666666666666,13.0,41.666666666666664,32.333333333333336,3.0,6.666666666666667,20.333333333333332,10.0,12.333333333333334,5.666666666666667,6.666666666666667,2.0,-47.333333333333336,31.666666666666668,0.7184986595174263
m_37CuJS,2026-02-15,t_1dhmUh,Estudiantes de Río Cuarto,1.5,5.75,190.0,271.75,26.5,68.5,18.5,6.0,14.25,61.0,12.25,18.0,45.0,28.75,2.75,6.75,20.5,10.25,13.75,6.75,7.0,2.25,-46.75,34.75,0.6991720331186753
m_48r2a7,2026-02-22,t_1dhmUh,Estudiantes de Río Cuarto,1.2,5.0,186.4,272.0,25.2,63.6,17.2,7.2,15.2,59.8,12.0,18.2,42.8,27.4,2.8,6.8,18.2,9.2,15.0,8.0,7.0,2.4,-44.6,33.6,0.6852941176470588
m_0JTPFi,2026-02-26,t_1dhmUh,Estudiantes de Río Cuarto,1.6,5.0,190.0,287.0,25.0,63.2,16.2,8.6,18.0,62.8,12.6,19.8,46.6,31.6,2.4,7.4,16.4,10.0,18.2,10.0,8.2,3.0,-44.8,36.6,0.662020905923345
m_3B5PeK,2026-03-03,t_1dhmUh,Estudiantes de Río Cuarto,3.0,6.4,194.6,290.8,24.0,61.2,16.6,10.4,16.8,61.6,12.2,18.6,47.2,34.4,2.0,7.2,16.4,9.6,18.6,9.2,9.4,2.8,-44.8,37.6,0.6691884456671252
m_3oaL0D,2026-03-12,t_1dhmUh,Estudiantes de Río Cuarto,2.6,6.4,206.0,301.6,25.4,57.8,17.4,10.4,17.8,56.6,15.2,19.2,46.4,31.8,2.2,8.0,15.4,8.4,16.6,8.4,8.2,2.8,-38.8,38.0,0.6830238726790451
m_1jmmXo,2026-03-16,t_1dhmUh,Estudiantes de Río Cuarto,3.0,8.2,214.8,314.0,26.2,61.4,22.4,10.2,18.8,54.6,17.0,16.0,49.0,33.6,2.4,8.4,14.0,9.2,16.2,7.4,8.8,2.2,-35.8,39.8,0.6840764331210191
m_38Dq9r,2026-03-22,t_1dhmUh,Estudiantes de Río Cuarto,3.0,8.0,237.0,330.4,27.0,61.4,21.4,9.0,18.6,54.2,17.8,15.0,49.6,36.4,3.0,8.0,15.4,10.6,16.6,6.8,9.8,1.8,-35.6,39.0,0.7173123486682809
m_3pnBbL,2026-04-04,t_1dhmUh,Estudiantes de Río Cuarto,2.4,7.0,229.2,319.6,26.8,59.4,21.8,8.6,17.6,50.0,18.4,15.8,49.2,34.8,3.4,7.6,14.4,11.0,13.6,5.0,8.6,1.2,-32.4,38.2,0.7171464330413017
m_1VteVu,2026-04-12,t_1dhmUh,Estudiantes de Río Cuarto,1.4,6.8,269.4,364.4,29.8,62.6,23.4,7.6,18.8,51.8,17.4,16.0,51.2,32.6,3.4,8.2,17.4,10.8,14.6,6.4,8.2,1.4,-33.0,40.4,0.7392974753018661
m_2yMdi1,2026-04-18,t_1dhmUh,Estudiantes de Río Cuarto,1.8,7.2,327.0,421.8,32.8,69.4,25.8,12.0,17.2,46.8,15.4,17.0,52.6,29.0,3.0,6.4,16.0,9.4,15.2,6.4,8.8,1.6,-29.6,43.2,0.7752489331436699
m_4KqHL3,2026-04-24,t_1dhmUh,Estudiantes de Río Cuarto,2.2,7.2,334.0,419.4,32.0,62.2,23.2,12.0,15.2,47.0,14.0,16.4,49.0,27.8,2.4,6.8,17.2,8.0,13.6,6.0,7.6,2.2,-31.8,41.0,0.7963757749165474
m_1qqpJe,2026-05-05,t_1dhmUh,Estudiantes de Río Cuarto,2.6,9.0,324.0,413.0,34.2,66.4,27.4,13.2,14.8,46.2,14.6,17.4,52.8,23.8,1.2,7.0,17.8,7.0,12.0,4.6,7.4,2.4,-31.4,45.8,0.784503631961259
m_2VlptL,2026-07-25,t_1dhmUh,Estudiantes de Río Cuarto,2.8,10.6,329.6,419.2,35.0,67.8,26.6,14.2,13.4,46.2,14.0,16.6,53.4,23.6,1.6,6.2,17.8,7.0,12.8,4.4,8.4,3.2,-32.8,46.4,0.7862595419847328
m_3zA6AY,2026-07-29,t_1dhmUh,Estudiantes de Río Cuarto,2.8,10.0,301.6,382.2,30.8,65.2,24.8,14.2,14.8,47.2,15.4,19.0,52.0,24.2,2.8,6.2,15.8,8.0,13.0,5.0,8.0,3.4,-32.4,44.0,0.7891156462585034
m_0OvFHa,2026-08-01,t_1dhmUh,Estudiantes de Río Cuarto,2.8,9.2,238.4,317.4,24.6,60.4,21.0,9.8,15.8,51.6,16.2,19.2,53.2,26.6,2.6,7.8,16.4,9.0,14.6,5.8,8.8,4.0,-35.8,44.2,0.7511027095148078
m_0eUxKc,2026-08-08,t_1dhmUh,Estudiantes de Río Cuarto,2.0,7.6,235.4,320.8,24.4,65.6,22.4,10.0,19.0,54.4,18.0,19.6,53.8,29.0,3.6,6.2,16.6,9.8,17.8,7.6,10.2,3.8,-35.4,44.0,0.733790523690773
m_17RFeg,2026-08-17,t_1dhmUh,Estudiantes de Río Cuarto,2.2,6.0,231.4,315.4,22.4,63.6,18.4,8.8,18.4,55.8,17.6,18.8,53.2,34.6,4.6,6.4,16.6,10.2,18.8,8.4,10.4,3.6,-37.4,43.0,0.7336715282181357
m_3wtsgB,2026-08-21,t_1dhmUh,Estudiantes de Río Cuarto,2.0,6.2,232.2,316.0,22.0,63.4,20.0,7.4,22.6,59.6,21.4,22.0,52.6,37.4,3.8,8.2,18.2,10.4,20.0,9.2,10.8,3.0,-37.0,42.2,0.7348101265822785
m_0m7kON,2026-08-29,t_1dhmUh,Estudiantes de Río Cuarto,2.0,5.8,231.2,328.4,23.6,64.0,22.8,7.4,24.0,60.6,25.8,20.0,54.2,38.0,2.6,9.6,19.8,9.4,19.2,7.8,11.4,3.0,-36.6,44.8,0.7040194884287454
m_4fJmCv,2026-09-04,t_1dhmUh,Estudiantes de Río Cuarto,1.4,5.0,232.8,329.2,23.4,60.2,24.0,7.2,24.0,59.6,25.2,21.6,50.4,40.8,4.2,8.8,19.4,8.6,17.8,7.2,10.6,2.0,-35.6,41.8,0.707168894289186
m_1qj0Vv,2026-09-15,t_1dhmUh,Estudiantes de Río Cuarto,2.0,7.0,253.8,349.6,27.2,59.6,25.2,8.4,23.0,55.4,24.2,21.0,51.0,38.6,3.6,9.2,20.0,8.4,17.0,7.0,10.0,2.2,-32.4,42.6,0.7259725400457666
m_47lc7V,2026-09-15,t_1dhmUh,Estudiantes de Río Cuarto,2.4,7.6,289.6,386.2,27.8,61.6,28.4,9.6,24.2,53.6,24.8,21.0,50.0,37.0,3.4,9.0,20.4,8.8,16.2,6.4,9.8,2.4,-29.4,41.2,0.7498705334023822
m_22Z8p0,2026-01-23,t_1g5yTJ,Gimnasia Mendoza,0.0,0.0,0.0,0.0,0.0,0.0,0.0,0.0,0.0,0.0,0.0,0.0,0.0,0.0,0.0,0.0,0.0,0.0,0.0,0.0,0.0,0.0,0.0,0.0,0.0
m_14jWEQ,2026-01-27,t_1g5yTJ,Gimnasia Mendoza,4.0,9.0,163.0,224.0,12.0,65.0,8.0,6.0,19.0,56.0,20.0,12.0,40.0,53.0,6.0,10.0,22.0,10.0,12.0,7.0,5.0,4.0,-37.0,30.0,0.7276785714285714
m_0Xzrp8,2026-02-03,t_1g5yTJ,Gimnasia Mendoza,3.5,8.0,206.5,268.5,15.0,60.5,13.5,9.0,18.5,59.5,19.0,12.5,44.5,39.0,4.5,12.0,22.5,8.5,20.0,8.0,12.0,2.0,-41.0,36.0,0.7690875232774674
m_185FrI,2026-02-09,t_1g5yTJ,Gimnasia Mendoza,2.6666666666666665,6.333333333333333,231.33333333333334,293.6666666666667,15.666666666666666,56.0,13.666666666666666,8.0,17.0,56.333333333333336,16.666666666666668,15.0,43.0,33.333333333333336,4.333333333333333,9.333333333333334,18.666666666666668,6.666666666666667,21.0,7.666666666666667,13.333333333333334,2.6666666666666665,-39.333333333333336,36.333333333333336,0.7877412031782066
m_2a1a7F,2026-02-14,t_1g5yTJ,Gimnasia Mendoza,3.25,6.75,236.75,307.0,19.25,57.0,16.0,7.75,16.0,54.25,17.0,17.25,45.5,31.75,3.5,9.0,18.75,5.5,18.75,6.75,12.0,3.25,-38.25,40.0,0.7711726384364821
m_3TfM13,2026-02-21,t_1g5yTJ,Gimnasia Mendoza,3.6,6.2,230.2,302.2,18.0,52.4,15.6,8.4,18.4,56.8,19.2,17.6,45.4,31.4,3.6,9.0,18.2,6.4,19.8,7.2,12.6,3.4,-38.4,39.0,0.7617471872931834
m_4Hyhnt,2026-02-25,t_1g5yTJ,Gimnasia Mendoza,4.0,7.6,269.2,346.4,24.8,53.0,22.2,11.4,17.6,56.6,17.0,19.2,46.4,24.8,2.8,9.0,17.4,6.2,21.2,7.8,13.4,2.8,-39.0,40.2,0.7771362586605081
m_3ZmoAF,2026-02-28,t_1g5yTJ,Gimnasia Mendoza,4.2,7.0,264.6,352.6,27.8,57.4,23.4,10.0,16.8,55.2,16.2,20.4,45.8,24.6,2.8,7.4,16.0,7.0,18.8,7.4,11.4,3.2,-38.4,38.8,0.7504254112308565
m_2mbzIF,2026-03-12,t_1g5yTJ,Gimnasia Mendoza,4.6,7.0,238.4,330.6,26.8,58.8,22.8,10.6,17.6,59.4,17.8,20.2,51.4,30.0,2.4,9.0,16.4,9.6,16.8,7.2,9.6,3.2,-41.8,41.8,0.721113127646703
m_2XIz1k,2026-03-18,t_1g5yTJ,Gimnasia Mendoza,4.0,6.6,217.6,309.2,24.6,59.0,19.8,11.0,17.8,63.2,16.8,20.2,54.0,39.2,3.0,8.6,17.2,12.2,20.0,7.8,12.2,3.6,-45.4,41.8,0.703751617076326
m_2gIXlp,2026-03-21,t_1g5yTJ,Gimnasia Mendoza,3.4,7.0,224.4,314.6,25.6,60.2,21.0,10.2,16.2,62.6,14.6,19.8,53.4,41.4,2.4,9.2,17.0,13.4,20.4,8.0,12.4,3.6,-46.4,40.0,0.7132867132867133
m_1tC6eA,2026-04-03,t_1g5yTJ,Gimnasia Mendoza,2.8,5.0,194.8,282.2,20.6,57.8,15.4,7.8,17.2,64.0,16.4,17.0,54.2,45.2,3.0,10.2,17.6,12.4,20.2,7.4,12.8,4.2,-46.8,41.8,0.6902905740609497
m_4TG70M,2026-04-12,t_1g5yTJ,Gimnasia Mendoza,3.8,7.0,206.6,285.0,19.8,52.8,14.0,11.6,18.6,62.0,16.6,17.0,57.2,43.0,2.6,10.2,18.8,11.8,22.6,8.4,14.2,4.0,-43.4,45.4,0.7249122807017544
m_2riSvt,2026-04-21,t_1g5yTJ,Gimnasia Mendoza,4.2,7.2,230.4,310.8,21.8,52.6,14.4,12.0,22.4,60.6,19.2,17.6,54.4,38.8,2.6,8.8,19.4,13.0,23.4,9.2,14.2,3.8,-38.2,41.4,0.7413127413127413
m_1qQfO1,2026-04-26,t_1g5yTJ,Gimnasia Mendoza,4.6,8.2,240.8,316.8,23.0,48.4,16.2,12.4,23.2,59.4,19.2,15.6,50.0,29.0,2.2,10.0,19.4,12.4,20.4,9.6,10.8,2.4,-36.2,37.6,0.76010101010101
m_019qHk,2026-05-04,t_1g5yTJ,Gimnasia Mendoza,4.6,8.2,219.0,288.8,21.8,46.4,14.0,13.0,21.4,58.0,18.2,14.6,49.4,26.8,3.2,9.4,20.0,10.8,17.8,8.6,9.2,2.6,-36.6,38.6,0.7583102493074793
m_3B1MqQ,2026-07-24,t_1g5yTJ,Gimnasia Mendoza,4.6,8.0,215.0,285.2,21.8,45.0,13.4,12.8,20.8,54.8,17.6,16.4,49.4,25.6,2.2,8.0,19.2,12.4,16.8,8.8,8.0,2.4,-34.0,37.0,0.7538569424964937
m_0SpGk1,2026-07-28,t_1g5yTJ,Gimnasia Mendoza,4.4,8.6,247.6,314.6,28.6,51.2,15.2,9.6,19.0,56.4,16.6,15.2,48.6,26.4,2.0,9.2,18.0,13.4,14.0,7.6,6.4,2.8,-37.4,35.2,0.7870311506675143
m_2WYe7B,2026-08-01,t_1g5yTJ,Gimnasia Mendoza,4.0,10.2,265.2,326.8,30.6,52.2,15.8,10.8,15.6,58.0,15.4,13.6,49.8,26.4,2.4,10.6,21.8,11.6,15.6,7.0,8.6,3.0,-42.4,38.2,0.8115055079559363
m_3JpYQD,2026-08-09,t_1g5yTJ,Gimnasia Mendoza,4.6,9.6,282.4,344.0,29.6,55.6,15.4,11.4,15.4,56.0,16.2,14.6,50.8,28.0,2.6,9.2,20.2,10.4,17.6,7.0,10.6,3.8,-40.6,40.4,0.8209302325581396
m_15Akee,2026-08-18,t_1g5yTJ,Gimnasia Mendoza,4.2,9.0,312.4,381.6,30.6,57.8,15.6,11.2,17.4,55.0,18.6,16.2,52.4,27.2,2.0,8.2,20.6,10.6,18.0,7.2,10.8,4.0,-37.6,41.8,0.8186582809224319
m_4FtNTS,2026-08-22,t_1g5yTJ,Gimnasia Mendoza,4.8,10.0,348.2,416.4,29.8,56.4,15.6,11.8,17.4,53.8,19.2,17.8,56.2,25.2,2.6,8.2,19.6,10.2,18.4,7.6,10.8,4.2,-36.4,46.0,0.8362151777137368
m_14q45G,2026-08-30,t_1g5yTJ,Gimnasia Mendoza,4.4,8.8,313.0,387.8,22.0,49.2,12.6,14.2,19.0,57.0,21.4,17.8,57.0,27.6,3.4,6.8,20.8,11.6,19.4,8.2,11.2,4.2,-38.0,45.4,0.8071170706549768
m_4BLbJI,2026-09-05,t_1g5yTJ,Gimnasia Mendoza,4.6,8.0,291.2,367.8,21.8,47.8,12.0,13.4,18.0,52.6,19.6,19.2,57.2,26.4,3.6,6.4,19.0,10.6,17.4,7.6,9.8,4.2,-34.6,46.6,0.7917346383904296
m_0v5efb,2026-09-11,t_1g5yTJ,Gimnasia Mendoza,4.6,8.4,306.8,389.4,25.6,49.8,14.2,14.0,18.4,50.6,18.4,16.4,56.2,23.2,3.6,7.8,18.4,11.2,16.2,7.8,8.4,4.2,-32.2,45.0,0.7878787878787878
m_0pr0Dr,2026-01-25,t_1rEb7t,Rosario Central,0.0,0.0,0.0,0.0,0.0,0.0,0.0,0.0,0.0,0.0,0.0,0.0,0.0,0.0,0.0,0.0,0.0,0.0,0.0,0.0,0.0,0.0,0.0,0.0,0.0
m_0GrdJU,2026-01-28,t_1rEb7t,Rosario Central,8.0,9.0,312.0,388.0,39.0,74.0,23.0,21.0,18.0,40.0,14.0,26.0,52.0,23.0,3.0,5.0,21.0,9.0,19.0,8.0,11.0,5.0,-22.0,43.0,0.8041237113402062
m_4aRjxN,2026-02-02,t_1rEb7t,Rosario Central,5.5,7.0,210.5,287.0,26.5,61.5,15.0,13.0,14.0,44.0,12.0,23.5,46.0,29.0,4.5,5.5,19.0,7.0,14.5,5.5,9.0,5.5,-30.0,39.0,0.7334494773519163
m_0WCpY7,2026-02-07,t_1rEb7t,Rosario Central,4.666666666666667,7.333333333333333,199.66666666666666,276.3333333333333,26.0,58.0,15.333333333333334,13.0,15.0,43.666666666666664,13.666666666666666,24.0,45.0,27.333333333333332,5.0,6.666666666666667,18.0,6.666666666666667,14.666666666666666,6.333333333333333,8.333333333333334,5.0,-28.666666666666668,38.333333333333336,0.7225572979493365
m_2HMWiS,2026-02-16,t_1rEb7t,Rosario Central,4.5,7.5,257.0,329.5,27.75,58.0,15.25,13.0,16.25,46.5,14.5,22.75,48.5,30.75,4.75,7.0,20.75,7.5,16.5,6.5,10.0,4.5,-30.25,41.0,0.779969650986343
m_2M8Y8t,2026-02-21,t_1rEb7t,Rosario Central,5.0,9.0,296.8,372.2,29.6,59.6,18.0,14.8,18.6,47.2,16.6,22.6,51.4,28.2,3.8,7.0,19.2,7.4,17.6,7.6,10.0,4.2,-28.6,44.0,0.7974207415368082
m_1j8XKc,2026-02-25,t_1rEb7t,Rosario Central,4.2,9.2,315.4,394.0,27.6,58.8,21.8,14.2,18.6,49.8,17.8,22.0,51.2,27.0,3.8,6.8,18.6,8.2,16.8,7.2,9.6,3.8,-31.2,43.0,0.8005076142131979
m_2sHWPe,2026-03-01,t_1rEb7t,Rosario Central,4.0,9.6,371.6,448.8,29.6,57.8,23.8,15.0,20.8,55.4,20.4,20.2,53.6,28.4,3.2,8.4,18.8,9.8,19.6,8.0,11.6,3.6,-34.6,43.8,0.8279857397504456
m_1WKjOD,2026-03-11,t_1rEb7t,Rosario Central,4.6,9.6,402.0,481.6,31.0,60.0,26.8,15.0,21.0,56.4,20.8,18.4,55.0,28.6,3.0,7.8,19.8,9.6,19.8,7.4,12.4,3.0,-35.4,45.4,0.834717607973422
m_0FP8kh,2026-03-15,t_1rEb7t,Rosario Central,4.6,9.2,368.8,452.0,28.4,56.8,27.0,14.4,20.4,54.6,19.6,19.4,54.8,27.8,2.8,7.4,19.2,8.8,19.0,8.0,11.0,2.8,-34.2,46.0,0.815929203539823
m_3SxiDH,2026-03-23,t_1rEb7t,Rosario Central,4.4,9.2,379.2,462.0,28.8,57.4,26.4,14.6,20.4,53.8,20.0,18.0,52.0,26.8,3.2,7.2,18.0,9.4,19.8,8.0,11.8,2.4,-33.4,42.6,0.8207792207792208
m_0QgN6d,2026-04-05,t_1rEb7t,Rosario Central,4.2,9.4,392.0,469.4,28.4,53.4,22.0,15.4,20.4,51.6,18.2,17.6,51.0,26.8,2.6,7.2,18.0,8.0,21.2,9.2,12.0,2.2,-31.2,43.0,0.8351086493395824
m_19wJgg,2026-04-12,t_1rEb7t,Rosario Central,5.4,10.2,390.8,470.0,29.8,56.4,23.6,16.4,20.4,45.4,16.6,17.2,48.6,23.4,2.8,6.0,17.0,7.2,20.2,10.4,9.8,1.8,-25.0,41.4,0.8314893617021276
m_2AINHd,2026-04-19,t_1rEb7t,Rosario Central,4.4,9.6,404.6,477.6,28.2,55.0,19.6,16.6,21.2,43.4,15.2,18.6,47.8,23.4,2.2,5.2,16.2,7.6,21.6,12.0,9.6,2.6,-22.2,40.2,0.8471524288107203
m_4KqHL3,2026-04-24,t_1rEb7t,Rosario Central,4.8,11.4,436.8,510.6,32.8,58.8,20.8,19.4,23.0,42.6,17.6,17.4,47.6,20.8,1.6,4.6,14.8,8.2,22.2,11.8,10.4,2.2,-19.6,39.4,0.8554641598119859
m_0fdjQP,2026-05-03,t_1rEb7t,Rosario Central,4.4,10.4,404.0,475.6,30.4,54.4,19.2,16.6,19.8,42.8,15.6,18.4,48.6,24.4,1.6,4.0,16.4,7.2,20.8,10.6,10.2,2.2,-23.0,41.4,0.8494533221194281
m_2dZtBq,2026-05-10,t_1rEb7t,Rosario Central,4.8,10.2,353.6,422.4,28.8,53.0,18.0,13.6,20.4,44.6,17.0,18.6,48.4,30.6,3.0,4.4,17.6,8.6,19.6,10.0,9.6,2.4,-24.2,39.8,0.8371212121212122
m_4SVLwu,2026-05-13,t_1rEb7t,Rosario Central,4.4,10.0,346.6,418.2,28.6,52.6,15.8,13.8,21.4,46.2,17.6,20.8,50.8,30.6,2.2,3.8,18.2,9.2,22.4,10.6,11.8,2.4,-24.8,41.6,0.8287900526064084
m_211adJ,2026-05-16,t_1rEb7t,Rosario Central,6.2,11.8,360.4,445.0,31.6,60.0,20.2,13.2,19.4,49.0,17.6,18.0,53.6,30.0,2.6,4.2,17.8,9.8,21.6,9.0,12.6,1.6,-29.6,43.8,0.8098876404494382
m_3h9ajC,2026-07-23,t_1rEb7t,Rosario Central,5.2,9.6,322.6,405.8,25.4,57.4,18.0,10.2,17.6,49.8,16.0,18.2,49.4,30.4,2.6,4.8,17.6,9.8,20.8,8.8,12.0,2.0,-32.2,39.6,0.7949728930507639
m_1YnVax,2026-07-29,t_1rEb7t,Rosario Central,5.0,9.0,329.8,413.4,23.0,57.4,18.4,12.0,18.6,50.2,15.2,17.8,48.4,26.6,2.8,6.6,18.6,10.6,20.6,8.8,11.8,2.4,-31.6,37.8,0.7977745524915336
m_4JNnXO,2026-08-02,t_1rEb7t,Rosario Central,4.2,7.8,362.4,447.2,24.2,58.4,19.0,13.6,17.6,50.4,14.0,17.2,48.8,20.6,1.6,6.6,16.0,9.4,22.4,8.2,14.2,2.2,-32.8,39.4,0.8103756708407871
m_4HTpja,2026-08-07,t_1rEb7t,Rosario Central,3.6,7.2,318.8,400.2,21.0,60.4,18.0,11.6,14.4,50.6,15.6,17.0,47.6,23.0,2.2,6.8,16.4,7.4,19.0,5.4,13.6,2.6,-36.2,40.2,0.7966016991504248
m_48fWBj,2026-08-17,t_1rEb7t,Rosario Central,2.4,7.8,327.0,404.0,24.4,56.8,20.6,15.8,16.8,49.8,16.6,19.4,49.0,22.4,1.4,8.4,18.2,7.2,20.6,7.0,13.6,3.2,-33.0,41.8,0.8094059405940595
m_2LhyO1,2026-08-25,t_1rEb7t,Rosario Central,2.8,8.0,386.6,466.0,27.0,59.8,20.0,17.0,17.0,52.2,16.8,19.6,56.8,24.8,2.4,8.8,19.0,8.6,21.6,6.8,14.8,3.8,-35.2,48.2,0.8296137339055794
m_4bNncf,2026-08-29,t_1rEb7t,Rosario Central,4.4,10.2,405.6,486.4,32.6,66.2,21.6,16.6,17.2,54.2,17.8,18.0,59.6,25.6,2.2,8.2,18.8,9.0,22.2,7.0,15.2,3.4,-37.0,50.6,0.8338815789473685
m_0Ksq5j,2026-09-06,t_1rEb7t,Rosario Central,5.6,11.8,427.2,517.6,32.4,70.8,24.8,16.8,18.0,54.0,17.0,17.4,62.2,26.6,2.4,8.0,19.0,10.2,22.0,8.6,13.4,3.4,-36.0,52.0,0.8253477588871716
m_2UjMTH,2026-09-13,t_1rEb7t,Rosario Central,5.4,12.0,449.6,534.6,35.6,70.4,26.8,18.2,20.2,55.6,15.4,16.0,62.4,23.4,2.0,7.4,19.2,12.4,22.6,9.4,13.2,2.6,-35.4,50.0,0.8410026187803965
m_0pr0Dr,2026-01-25,t_2Ba0sx,Belgrano,0.0,0.0,0.0,0.0,0.0,0.0,0.0,0.0,0.0,0.0,0.0,0.0,0.0,0.0,0.0,0.0,0.0,0.0,0.0,0.0,0.0,0.0,0.0,0.0,0.0
m_4XI4Tz,2026-01-29,t_2Ba0sx,Belgrano,6.0,10.0,307.0,379.0,23.0,44.0,12.0,11.0,20.0,49.0,20.0,17.0,46.0,28.0,1.0,8.0,19.0,8.0,12.0,5.0,7.0,7.0,-29.0,38.0,0.8100263852242744
m_0ks99k,2026-02-03,t_2Ba0sx,Belgrano,3.5,9.5,331.0,421.5,34.5,63.5,25.5,11.5,18.5,46.0,18.5,18.5,48.0,25.0,1.0,6.0,18.5,6.5,17.0,6.0,11.0,4.5,-27.5,41.5,0.7852906287069988
m_2MVqzf,2026-02-08,t_2Ba0sx,Belgrano,4.0,10.0,315.3333333333333,410.0,32.666666666666664,62.333333333333336,22.666666666666668,14.0,21.0,46.0,22.0,19.333333333333332,57.0,27.333333333333332,1.3333333333333333,6.333333333333333,18.0,5.0,18.333333333333332,6.0,12.333333333333334,5.0,-25.0,52.0,0.7691056910569106
m_4RVX9V,2026-02-15,t_2Ba0sx,Belgrano,4.75,10.5,348.25,438.0,34.75,64.5,23.5,13.5,20.0,46.25,20.5,18.75,52.75,24.75,1.75,6.25,16.75,5.5,18.5,6.0,12.5,4.25,-26.25,47.25,0.7950913242009132
m_16ojkM,2026-02-20,t_2Ba0sx,Belgrano,4.4,10.0,336.2,419.8,31.2,59.8,22.6,14.0,21.2,46.0,19.6,18.0,52.6,30.4,1.8,6.6,15.8,5.6,19.2,7.4,11.8,4.0,-24.8,47.0,0.8008575512148642
m_4GDLN6,2026-02-25,t_2Ba0sx,Belgrano,3.8,10.4,326.4,410.6,31.8,62.2,22.2,14.0,18.8,43.0,19.4,18.0,51.8,30.6,1.8,6.0,14.6,5.0,19.4,7.0,12.4,3.0,-24.2,46.8,0.7949342425718461
m_2obGmX,2026-03-03,t_2Ba0sx,Belgrano,4.4,10.2,313.4,391.8,29.2,56.8,16.0,14.0,19.6,44.6,19.6,17.4,52.6,29.8,2.2,6.0,14.0,4.8,21.2,6.8,14.4,2.8,-25.0,47.8,0.7998979070954568
m_3oaL0D,2026-03-12,t_2Ba0sx,Belgrano,3.8,9.2,316.6,387.0,29.0,55.6,15.0,11.2,18.2,46.6,15.8,16.2,47.6,26.4,2.8,6.4,14.2,5.6,24.0,8.4,15.6,2.4,-28.4,42.0,0.8180878552971577
m_3W9CKi,2026-03-15,t_2Ba0sx,Belgrano,2.6,7.8,276.2,352.6,25.0,56.6,12.6,10.0,20.4,50.2,17.8,15.8,51.8,30.6,3.0,6.2,14.8,5.2,25.4,9.0,16.4,2.4,-29.8,46.6,0.7833238797504254
m_3rFQnJ,2026-03-22,t_2Ba0sx,Belgrano,2.0,7.4,260.4,339.2,26.6,59.6,12.4,9.0,18.8,50.0,18.8,14.2,51.8,25.2,3.8,5.0,17.4,5.8,24.0,7.6,16.4,2.2,-31.2,46.0,0.7676886792452831
m_0X7bQS,2026-04-05,t_2Ba0sx,Belgrano,2.4,6.4,259.8,341.2,28.4,59.8,14.6,9.4,20.2,52.8,17.4,13.6,53.8,23.2,3.6,4.6,21.2,7.4,23.4,8.2,15.2,2.2,-32.6,46.4,0.761430246189918
m_4OXsD0,2026-04-11,t_2Ba0sx,Belgrano,2.2,6.2,238.6,317.2,26.4,55.4,16.0,8.4,20.0,51.8,17.2,13.2,51.0,23.2,3.8,5.0,22.0,9.0,20.8,8.4,12.4,2.4,-31.8,42.0,0.7522068095838588
m_0HO7em,2026-04-20,t_2Ba0sx,Belgrano,2.0,7.4,258.2,333.8,28.6,59.4,16.8,9.0,20.4,52.2,18.2,12.6,49.0,24.4,3.0,4.8,22.2,10.6,18.0,7.6,10.4,2.2,-31.8,38.4,0.7735170760934691
m_3Xoqfp,2026-04-26,t_2Ba0sx,Belgrano,2.4,8.2,305.6,373.8,30.8,59.0,16.8,13.2,18.2,48.8,16.4,11.8,46.4,22.8,2.6,5.6,23.8,10.8,16.8,7.2,9.6,2.2,-30.6,35.6,0.817549491706795
m_2RNEop,2026-05-03,t_2Ba0sx,Belgrano,2.4,8.2,317.0,390.4,31.4,59.0,15.8,13.0,20.2,50.6,16.4,15.0,48.0,22.2,1.8,7.2,22.4,10.8,18.2,8.4,9.8,2.0,-30.4,37.2,0.8119877049180327
m_3c05ZH,2026-05-09,t_2Ba0sx,Belgrano,2.6,8.2,320.6,394.0,30.4,61.2,14.6,14.0,22.8,47.8,19.4,18.4,47.8,20.6,2.0,7.4,19.8,10.0,20.0,8.6,11.4,2.2,-25.0,37.8,0.8137055837563452
m_0yhLBE,2026-05-12,t_2Ba0sx,Belgrano,2.6,8.4,320.0,393.6,29.4,65.8,13.6,13.8,23.4,50.0,20.6,18.0,49.8,25.8,2.8,7.8,20.4,9.4,19.0,8.6,10.4,2.2,-26.6,40.4,0.8130081300813008
m_0JyeiC,2026-05-17,t_2Ba0sx,Belgrano,4.0,8.2,304.0,384.8,28.0,64.2,14.6,15.6,23.8,46.6,21.8,21.0,53.2,28.0,2.6,8.2,19.8,7.4,19.4,8.8,10.6,2.4,-22.8,45.8,0.7900207900207901
m_25ZLbm,2026-05-24,t_2Ba0sx,Belgrano,4.0,7.4,266.8,358.0,27.2,67.0,15.4,14.2,25.8,53.6,24.2,25.2,58.0,30.8,2.4,8.4,21.4,9.8,18.6,8.4,10.2,3.4,-27.8,48.2,0.7452513966480447
m_3h9ajC,2026-07-23,t_2Ba0sx,Belgrano,5.2,8.0,248.6,335.2,25.8,66.0,16.6,14.4,22.6,55.8,23.0,24.8,56.6,32.0,2.4,8.0,23.6,10.4,17.8,7.2,10.6,3.6,-33.2,46.2,0.7416467780429594
m_1cKmol,2026-08-01,t_2Ba0sx,Belgrano,5.0,8.6,264.8,343.6,28.4,62.4,17.4,13.4,21.4,56.2,21.0,21.8,56.2,33.4,2.4,8.4,23.6,9.2,18.6,8.2,10.4,3.4,-34.8,47.0,0.770663562281723
m_147hOq,2026-08-06,t_2Ba0sx,Belgrano,4.8,7.8,284.0,361.4,27.4,60.0,17.4,15.2,20.2,54.4,19.6,22.6,57.2,28.0,0.8,7.8,22.6,9.0,19.6,8.0,11.6,3.6,-34.2,48.2,0.7858328721638074
m_2ckNSG,2026-08-10,t_2Ba0sx,Belgrano,4.4,7.2,298.6,374.2,26.6,58.0,16.4,13.8,20.2,58.6,19.2,20.2,56.8,27.2,1.6,7.8,22.2,10.0,19.4,7.8,11.6,3.8,-38.4,46.8,0.7979690005344735
m_2rJ3SG,2026-08-15,t_2Ba0sx,Belgrano,4.8,7.6,306.0,373.0,25.8,49.4,15.0,12.0,18.8,55.0,18.0,18.0,54.4,23.4,2.0,8.6,20.4,9.8,20.6,8.2,12.4,3.6,-36.2,44.6,0.8203753351206434
m_4Llsds,2026-08-23,t_2Ba0sx,Belgrano,4.2,7.6,334.4,405.0,28.2,55.2,15.2,11.8,21.6,51.2,19.6,17.0,55.2,23.2,2.0,8.4,18.2,9.4,20.8,9.6,11.2,3.6,-29.6,45.8,0.825679012345679
m_02m9E0,2026-08-30,t_2Ba0sx,Belgrano,4.4,8.6,360.0,444.2,34.6,65.4,21.0,13.4,20.8,51.2,18.2,17.2,57.6,20.8,2.2,8.4,18.4,10.2,19.8,9.2,10.6,3.4,-30.4,47.4,0.8104457451598379
m_1hvbqC,2026-09-04,t_2Ba0sx,Belgrano,4.6,8.8,391.4,482.8,41.6,68.0,23.4,11.6,21.0,51.4,17.6,16.2,56.6,21.0,3.6,8.2,18.2,11.8,18.6,9.2,9.4,3.2,-30.4,44.8,0.8106876553438277
m_0ZigWJ,2026-09-13,t_2Ba0sx,Belgrano,5.0,10.2,392.0,480.6,45.0,71.8,25.0,14.2,22.2,48.8,18.2,18.0,59.2,19.2,3.2,7.4,19.8,12.6,19.8,9.8,10.0,2.6,-26.6,46.6,0.8156471077819393
m_22Z8p0,2026-01-23,t_2M7cot,Central Córdoba de Santiago,0.0,0.0,0.0,0.0,0.0,0.0,0.0,0.0,0.0,0.0,0.0,0.0,0.0,0.0,0.0,0.0,0.0,0.0,0.0,0.0,0.0,0.0,0.0,0.0,0.0
m_2XR10W,2026-01-28,t_2M7cot,Central Córdoba de Santiago,4.0,13.0,443.0,468.0,31.0,66.0,42.0,13.0,18.0,57.0,14.0,9.0,46.0,13.0,1.0,7.0,24.0,10.0,23.0,9.0,14.0,3.0,-39.0,36.0,0.9465811965811965
m_4SzUty,2026-01-31,t_2M7cot,Central Córdoba de Santiago,3.0,7.5,304.0,350.5,19.5,62.0,26.5,12.0,17.0,58.0,14.0,13.0,46.0,23.0,2.5,8.0,22.0,7.5,16.5,7.0,9.5,4.0,-41.0,38.5,0.8673323823109843
m_0ofblh,2026-02-07,t_2M7cot,Central Córdoba de Santiago,3.0,6.0,278.6666666666667,334.0,18.666666666666668,58.666666666666664,24.333333333333332,11.333333333333334,20.0,61.333333333333336,16.666666666666668,16.0,45.666666666666664,27.0,3.3333333333333335,9.0,19.666666666666668,8.333333333333334,18.333333333333332,8.333333333333334,10.0,2.6666666666666665,-41.333333333333336,37.333333333333336,0.8343313373253493
m_3C7F2J,2026-02-16,t_2M7cot,Central Córdoba de Santiago,3.0,5.75,291.0,350.5,20.0,59.5,23.5,11.5,20.0,63.25,16.5,17.75,46.5,27.5,4.75,8.5,18.25,7.5,21.0,8.75,12.25,2.5,-43.25,39.0,0.8302425106990015
m_10l4Ew,2026-02-22,t_2M7cot,Central Córdoba de Santiago,2.4,5.6,279.4,341.2,19.4,57.2,22.0,11.0,18.2,60.0,14.6,19.0,44.2,26.2,4.4,8.0,19.6,6.6,20.8,9.2,11.6,2.0,-41.8,37.6,0.8188745603751465
m_42bvJB,2026-02-24,t_2M7cot,Central Córdoba de Santiago,1.8,4.6,237.6,306.0,19.0,55.0,16.8,12.0,17.2,61.8,14.2,20.0,45.0,30.4,5.0,8.0,18.2,7.4,18.8,8.4,10.4,2.0,-44.6,37.6,0.7764705882352941
m_2FKyoL,2026-02-28,t_2M7cot,Central Córdoba de Santiago,2.0,5.8,245.4,314.6,21.6,53.2,16.0,10.4,18.4,59.4,15.8,20.4,46.2,28.6,4.8,7.0,18.2,7.6,20.2,8.0,12.2,1.4,-41.0,38.6,0.7800381436745073
m_3FHq0X,2026-03-12,t_2M7cot,Central Córdoba de Santiago,1.8,6.2,223.2,290.0,20.8,48.0,13.6,9.0,16.6,56.6,14.8,22.2,45.6,33.8,5.8,6.2,19.4,7.2,18.0,6.4,11.6,2.2,-40.0,38.4,0.7696551724137931
m_1JvU76,2026-03-18,t_2M7cot,Central Córdoba de Santiago,2.2,6.0,210.8,274.2,20.6,43.6,12.0,9.4,17.0,50.6,15.6,20.2,44.8,34.0,4.2,6.2,20.4,8.0,14.8,6.0,8.8,2.8,-33.6,36.8,0.7687819110138585
m_0d5xg9,2026-03-23,t_2M7cot,Central Córdoba de Santiago,2.6,5.6,217.0,283.0,20.6,43.6,11.6,8.8,19.2,52.2,18.4,18.6,48.0,45.2,4.4,6.8,19.6,9.0,14.2,5.6,8.6,3.6,-33.0,39.0,0.7667844522968198
m_0S9hu2,2026-04-05,t_2M7cot,Central Córdoba de Santiago,2.6,4.4,220.6,291.6,16.4,39.0,11.4,7.6,19.2,48.4,19.4,18.8,46.8,44.6,5.0,7.0,19.6,7.0,13.6,5.4,8.2,4.4,-29.2,39.8,0.7565157750342936
m_2wfcAu,2026-04-14,t_2M7cot,Central Córdoba de Santiago,2.4,3.6,222.8,297.8,15.4,39.6,12.8,8.4,18.0,49.8,18.4,18.6,46.2,42.4,5.2,8.2,18.2,8.0,13.6,6.2,7.4,4.0,-31.8,38.2,0.748153122901276
m_3YFLQO,2026-04-20,t_2M7cot,Central Córdoba de Santiago,2.4,3.6,240.8,323.4,17.8,46.2,15.2,10.4,20.8,55.2,20.4,16.2,50.6,36.0,4.0,8.2,19.4,10.0,18.8,8.6,10.2,4.6,-34.4,40.6,0.7445887445887446
m_3JTbLz,2026-04-24,t_2M7cot,Central Córdoba de Santiago,2.2,3.6,215.2,299.2,16.0,46.0,14.6,9.2,19.8,57.2,20.4,18.0,49.8,40.2,4.4,8.2,20.8,9.2,20.0,8.2,11.8,4.6,-37.4,40.6,0.7192513368983957
m_3crdvk,2026-05-02,t_2M7cot,Central Córdoba de Santiago,2.4,4.2,205.6,291.4,15.4,46.0,14.0,10.4,19.0,56.8,20.8,19.8,52.2,30.4,4.0,8.2,19.8,9.0,18.4,7.2,11.2,4.8,-37.8,43.2,0.7055593685655457
m_3B1MqQ,2026-07-24,t_2M7cot,Central Córdoba de Santiago,3.0,5.2,193.8,281.0,19.0,51.2,14.0,9.4,19.8,61.4,20.2,21.4,53.0,29.2,2.6,10.2,20.0,9.0,20.4,8.0,12.4,4.6,-41.6,44.0,0.6896797153024911
m_4Qe3bh,2026-07-31,t_2M7cot,Central Córdoba de Santiago,3.2,5.4,196.8,281.8,22.0,51.8,14.8,11.2,22.2,59.8,21.4,21.2,55.4,33.0,4.0,10.0,22.0,8.0,20.6,9.0,11.6,4.8,-37.6,47.4,0.6983676366217175
m_3lE8VM,2026-08-04,t_2M7cot,Central Córdoba de Santiago,3.0,5.4,239.8,324.4,24.0,55.2,14.0,12.6,18.6,54.2,19.2,19.6,54.2,30.0,3.6,10.0,20.2,6.2,15.8,7.0,8.8,3.6,-35.6,48.0,0.7392108508014796
m_23LFB9,2026-08-11,t_2M7cot,Central Córdoba de Santiago,3.6,6.6,255.8,341.0,25.8,58.4,14.4,14.6,20.6,57.4,18.4,20.8,56.2,27.2,3.8,10.4,19.6,7.6,16.4,8.8,7.6,2.8,-36.8,48.6,0.7501466275659824
m_4XvVEn,2026-08-16,t_2M7cot,Central Córdoba de Santiago,3.8,6.8,256.6,337.2,26.2,57.8,15.8,14.4,20.2,56.8,17.2,20.0,53.0,33.0,4.8,10.6,21.6,8.2,16.6,8.8,7.8,3.2,-36.6,44.8,0.7609727164887308
m_2k3hTY,2026-08-24,t_2M7cot,Central Córdoba de Santiago,3.0,6.6,291.0,369.4,27.8,59.6,16.4,15.0,22.0,57.2,18.0,18.4,53.8,31.0,5.0,9.0,21.6,9.0,18.6,10.0,8.6,3.0,-35.2,44.8,0.7877639415268002
m_38lyOU,2026-08-30,t_2M7cot,Central Córdoba de Santiago,2.8,6.6,324.2,404.2,26.8,62.6,18.4,13.4,19.8,59.0,16.8,19.2,52.6,31.0,3.2,8.4,21.6,9.2,19.4,9.2,10.2,2.8,-39.2,43.4,0.802078179119248
m_1W1wwo,2026-09-06,t_2M7cot,Central Córdoba de Santiago,3.4,7.8,295.4,369.6,24.8,57.0,18.4,10.8,19.8,56.2,16.4,21.4,50.6,32.6,4.6,7.8,20.8,8.4,20.2,9.8,10.4,3.6,-36.4,42.2,0.7992424242424242
m_2HZGss,2026-09-12,t_2M7cot,Central Córdoba de Santiago,3.0,9.8,313.6,390.8,29.6,54.2,22.6,9.6,18.2,53.4,16.8,17.4,50.4,30.0,5.2,6.8,21.4,9.2,19.0,8.6,10.4,4.0,-35.2,41.2,0.8024564994882293
m_0U6amu,2026-01-24,t_2RmaMX,Racing Club,0.0,0.0,0.0,0.0,0.0,0.0,0.0,0.0,0.0,0.0,0.0,0.0,0.0,0.0,0.0,0.0,0.0,0.0,0.0,0.0,0.0,0.0,0.0,0.0,0.0
m_0GrdJU,2026-01-28,t_2RmaMX,Racing Club,3.0,8.0,469.0,565.0,41.0,91.0,19.0,14.0,14.0,57.0,8.0,13.0,43.0,10.0,1.0,4.0,13.0,6.0,28.0,9.0,19.0,3.0,-43.0,37.0,0.8300884955752212
m_3ACZQ9,2026-02-02,t_2RmaMX,Racing Club,5.0,10.5,433.0,528.0,41.0,86.5,20.0,11.5,12.0,53.0,8.5,14.0,43.0,12.5,1.0,3.5,16.5,7.5,18.0,7.5,10.5,2.0,-41.0,35.5,0.8200757575757576
m_21nAGO,2026-02-07,t_2RmaMX,Racing Club,4.333333333333333,10.0,406.6666666666667,491.3333333333333,38.666666666666664,77.66666666666667,23.333333333333332,13.0,10.666666666666666,50.666666666666664,9.666666666666666,13.0,39.666666666666664,16.0,0.6666666666666666,3.0,15.0,6.666666666666667,14.333333333333334,5.666666666666667,8.666666666666666,3.0,-40.0,33.0,0.8276797829036635
m_3g6NsD,2026-02-14,t_2RmaMX,Racing Club,4.0,10.0,353.5,438.0,36.75,76.0,22.5,11.25,11.5,52.0,10.0,14.25,39.25,22.0,0.75,4.5,15.5,5.75,16.25,7.25,9.0,3.25,-40.5,33.5,0.8070776255707762
m_0WMvJY,2026-02-20,t_2RmaMX,Racing Club,4.2,9.4,343.8,427.6,33.6,70.6,19.8,11.8,11.8,53.0,11.8,16.6,40.6,25.8,1.4,5.6,16.0,6.8,15.0,6.4,8.6,3.2,-41.2,33.8,0.804022450888681
m_2ASJLP,2026-02-26,t_2RmaMX,Racing Club,4.0,8.8,302.8,384.4,29.6,64.2,19.6,11.2,12.8,53.0,13.6,17.2,42.4,31.8,1.6,5.4,17.2,7.2,14.4,6.4,8.0,2.6,-40.2,35.2,0.7877211238293444
m_1DDmUV,2026-03-04,t_2RmaMX,Racing Club,3.4,7.4,285.8,363.6,26.4,58.4,18.8,11.6,14.0,51.2,14.0,18.2,43.0,34.2,1.8,5.6,16.0,6.6,15.8,6.6,9.2,2.6,-37.2,36.4,0.786028602860286
m_1vnmx3,2026-03-11,t_2RmaMX,Racing Club,3.6,7.4,267.4,346.0,26.4,58.0,16.0,10.8,15.0,55.0,14.6,20.8,45.0,37.4,2.6,6.8,18.0,6.8,17.8,7.0,10.8,2.4,-40.0,38.2,0.7728323699421965
m_1jmmXo,2026-03-16,t_2RmaMX,Racing Club,4.0,6.8,273.8,353.0,24.6,53.2,15.8,12.2,15.0,53.2,15.6,19.8,46.4,34.6,2.8,6.0,17.0,7.2,16.4,5.4,11.0,2.2,-38.2,39.2,0.7756373937677054
m_3rFQnJ,2026-03-22,t_2RmaMX,Racing Club,3.6,8.4,286.0,366.6,31.2,57.4,18.8,12.0,16.0,52.8,16.6,18.0,45.0,29.2,2.0,6.0,17.2,7.2,16.6,5.8,10.8,1.6,-36.8,37.8,0.7801418439716312
m_3qEFO6,2026-04-04,t_2RmaMX,Racing Club,4.0,8.0,295.8,378.8,30.6,57.0,18.0,12.0,15.4,50.6,16.6,17.8,44.0,26.8,2.4,6.6,16.0,7.0,13.6,4.6,9.0,2.4,-35.2,37.0,0.7808870116156283
m_3RgxwY,2026-04-12,t_2RmaMX,Racing Club,3.4,8.0,268.4,358.8,29.6,56.6,17.2,11.0,16.0,52.4,18.4,16.8,44.8,29.8,2.6,6.8,16.8,7.0,12.6,4.2,8.4,2.6,-36.4,37.8,0.7480490523968785
m_3XlvKO,2026-04-19,t_2RmaMX,Racing Club,3.4,7.8,272.4,369.8,29.0,57.4,17.4,11.6,18.4,50.6,19.0,17.2,48.4,26.4,2.0,6.8,14.8,8.0,13.2,5.6,7.6,2.2,-32.2,40.4,0.7366143861546782
m_3vfFEs,2026-04-25,t_2RmaMX,Racing Club,3.2,8.6,311.0,408.4,32.2,64.4,17.4,13.0,19.2,54.8,19.2,17.8,47.8,25.0,1.6,7.4,16.2,9.8,12.2,6.0,6.2,2.6,-35.6,38.0,0.7615083251714005
m_4ODmAi,2026-05-03,t_2RmaMX,Racing Club,2.8,6.6,294.6,392.2,24.6,62.8,15.2,13.4,19.0,53.0,18.2,18.2,50.0,27.2,2.6,6.8,15.4,8.8,12.6,5.8,6.8,3.0,-34.0,41.2,0.7511473737888832
m_3vjLig,2026-05-10,t_2RmaMX,Racing Club,2.2,7.4,291.8,395.6,26.4,68.2,16.4,14.2,19.4,56.0,18.4,19.6,51.4,27.2,2.0,6.4,18.2,10.4,13.6,6.4,7.2,2.4,-36.6,41.0,0.7376137512639029
m_4SVLwu,2026-05-13,t_2RmaMX,Racing Club,2.4,7.4,315.0,419.0,30.6,75.2,18.0,14.4,18.6,56.6,18.2,21.0,54.2,25.8,2.2,6.6,16.8,11.0,13.2,5.8,7.4,2.8,-38.0,43.2,0.7517899761336515
m_1P4GDL,2026-07-24,t_2RmaMX,Racing Club,2.0,7.2,303.2,407.6,28.0,77.6,16.0,12.6,17.4,57.6,19.0,22.0,54.0,27.6,2.8,6.0,18.4,10.4,11.0,4.4,6.6,3.8,-40.2,43.6,0.7438665358194309
m_1YnVax,2026-07-29,t_2RmaMX,Racing Club,2.6,8.2,300.0,405.4,28.6,73.8,15.8,10.0,17.2,54.2,19.0,22.6,56.8,27.8,3.0,5.4,18.0,9.2,11.2,4.4,6.8,3.6,-37.0,47.6,0.740009866798224
m_0afzlB,2026-08-01,t_2RmaMX,Racing Club,2.8,7.8,288.4,390.2,29.8,73.4,15.0,9.2,17.8,54.4,20.0,22.0,56.6,27.4,3.0,5.2,18.2,9.4,10.8,4.8,6.0,3.4,-36.6,47.2,0.7391081496668375
m_3HhWIs,2026-08-09,t_2RmaMX,Racing Club,3.6,8.4,322.4,418.2,31.4,73.4,15.4,8.6,18.0,54.4,20.6,20.6,53.6,25.0,2.8,4.6,15.8,11.2,9.0,4.2,4.8,3.6,-36.4,42.4,0.7709230033476805
m_0M3QLL,2026-08-14,t_2RmaMX,Racing Club,3.8,9.2,302.4,389.0,25.6,65.6,14.4,9.2,20.2,54.0,21.6,19.8,51.0,25.2,3.6,4.4,16.6,11.6,11.2,6.0,5.2,4.0,-33.8,39.4,0.7773778920308483
m_0kNt0b,2026-08-24,t_2RmaMX,Racing Club,3.8,11.0,373.2,456.2,30.6,67.0,19.2,11.0,19.0,51.8,20.6,15.6,48.2,20.4,3.2,4.0,16.4,12.8,12.6,5.8,6.8,2.8,-32.8,35.4,0.8180622533976326
m_3p9B98,2026-08-31,t_2RmaMX,Racing Club,3.4,9.2,356.0,440.8,28.8,71.4,19.6,11.8,19.8,51.2,21.6,13.4,42.8,19.6,3.8,5.0,16.0,13.4,11.8,5.6,6.2,2.2,-31.4,29.4,0.8076225045372051
m_3Sp87a,2026-09-07,t_2RmaMX,Racing Club,3.8,10.2,371.6,459.2,29.2,72.0,21.4,12.2,19.6,50.6,20.0,15.0,42.4,21.0,3.8,5.0,17.0,13.6,11.8,5.8,6.0,3.2,-31.0,28.8,0.8092334494773519
m_1jSOwn,2026-09-14,t_2RmaMX,Racing Club,3.6,10.2,396.0,484.8,32.8,74.2,22.8,12.4,19.0,48.2,18.4,14.4,44.8,21.4,4.4,7.0,19.0,10.4,14.2,7.0,7.2,3.6,-29.2,34.4,0.8168316831683168
m_3n69Oa,2026-09-14,t_2RmaMX,Racing Club,4.8,10.4,435.4,532.6,40.0,80.2,26.4,13.2,18.4,51.4,18.2,14.6,44.6,18.6,4.0,7.4,20.0,9.4,15.2,6.8,8.4,3.0,-33.0,35.2,0.8174990612091626
m_3Ky5pe,2026-01-22,t_2Swqmw,Club Atlético Platense,0.0,0.0,0.0,0.0,0.0,0.0,0.0,0.0,0.0,0.0,0.0,0.0,0.0,0.0,0.0,0.0,0.0,0.0,0.0,0.0,0.0,0.0,0.0,0.0,0.0
m_1tV17s,2026-01-26,t_2Swqmw,Club Atlético Platense,5.0,7.0,276.0,359.0,21.0,62.0,14.0,8.0,17.0,58.0,17.0,13.0,63.0,30.0,7.0,5.0,21.0,6.0,20.0,8.0,12.0,3.0,-41.0,57.0,0.7688022284122563
m_2citFn,2026-02-01,t_2Swqmw,Club Atlético Platense,5.0,7.0,255.0,340.0,20.5,63.0,13.5,12.5,19.5,58.0,15.5,16.5,59.5,29.0,4.5,6.0,23.0,8.0,19.5,10.0,9.5,4.0,-38.5,51.5,0.75
m_4FfDiT,2026-02-08,t_2Swqmw,Club Atlético Platense,4.0,5.333333333333333,243.66666666666666,325.0,17.0,53.333333333333336,13.0,11.0,16.333333333333332,65.33333333333333,13.333333333333334,20.333333333333332,56.333333333333336,28.666666666666668,4.0,9.666666666666666,22.666666666666668,11.333333333333334,18.0,8.0,10.0,3.3333333333333335,-49.0,45.0,0.7497435897435898
m_31Xzsf,2026-02-15,t_2Swqmw,Club Atlético Platense,3.25,5.0,234.25,322.0,16.75,53.75,13.5,10.75,16.75,60.25,15.25,19.75,57.5,30.25,3.5,7.5,21.25,10.75,15.0,6.5,8.5,3.75,-43.5,46.75,0.7274844720496895
m_13pMsz,2026-02-21,t_2Swqmw,Club Atlético Platense,2.8,5.4,229.4,318.4,16.8,53.4,14.6,12.8,18.0,60.2,16.6,20.4,58.4,28.6,3.2,7.4,20.8,10.8,16.2,6.6,9.6,3.6,-42.2,47.6,0.7204773869346733
m_1pWCHs,2026-02-24,t_2Swqmw,Club Atlético Platense,3.2,6.2,260.2,350.8,21.4,56.8,18.4,17.8,18.0,56.4,16.8,20.8,57.0,26.0,2.0,7.0,20.6,11.6,14.2,5.8,8.4,3.6,-38.4,45.4,0.741733181299886
m_2hRZh7,2026-03-02,t_2Swqmw,Club Atlético Platense,2.4,6.4,270.8,360.0,23.8,56.2,20.6,16.2,17.0,55.2,16.8,21.4,56.4,23.6,2.0,8.2,18.0,11.4,14.6,4.6,10.0,3.0,-38.2,45.0,0.7522222222222222
m_0njgmB,2026-03-11,t_2Swqmw,Club Atlético Platense,2.6,7.4,285.2,380.6,27.2,61.4,22.8,17.8,18.8,49.4,18.4,19.8,59.6,25.4,2.0,6.0,18.4,8.2,13.6,4.4,9.2,3.4,-30.6,51.4,0.7493431424067262
m_3WrGF3,2026-03-14,t_2Swqmw,Club Atlético Platense,3.8,9.0,312.6,405.8,32.0,65.6,25.2,18.2,18.0,53.0,16.4,19.2,58.2,21.6,2.0,7.6,18.0,8.4,18.2,5.4,12.8,2.8,-35.0,49.8,0.7703302119270576
m_1Y4U8l,2026-03-23,t_2Swqmw,Club Atlético Platense,4.4,9.0,328.0,422.4,32.8,65.6,26.0,16.6,17.0,53.6,14.8,20.6,57.8,22.0,1.8,6.6,16.2,9.6,18.2,6.0,12.2,3.0,-36.6,48.2,0.7765151515151515
m_4fH8lA,2026-04-01,t_2Swqmw,Club Atlético Platense,3.2,7.8,265.4,357.2,25.6,60.0,21.0,11.8,17.6,56.8,16.6,23.0,54.8,25.4,3.0,7.6,17.0,8.4,20.4,6.2,14.2,3.0,-39.2,46.4,0.7430011198208286
m_4TG70M,2026-04-12,t_2Swqmw,Club Atlético Platense,3.0,6.4,266.4,358.4,21.6,58.6,19.0,11.6,17.2,55.6,17.8,22.0,55.0,29.8,3.6,6.4,17.0,8.0,19.0,6.0,13.0,2.8,-38.4,47.0,0.7433035714285714
m_3YFLQO,2026-04-20,t_2Swqmw,Club Atlético Platense,3.2,7.0,269.6,359.6,22.8,57.0,18.4,12.8,17.2,60.2,19.8,23.2,56.8,26.0,3.4,7.2,16.8,12.2,20.0,6.4,13.6,2.6,-43.0,44.6,0.7497219132369299
m_41mY2k,2026-04-25,t_2Swqmw,Club Atlético Platense,3.2,6.8,287.2,378.2,24.6,57.0,20.6,12.4,17.4,56.4,21.2,22.2,55.2,29.2,3.8,6.6,18.0,12.4,17.6,6.4,11.2,2.2,-39.0,42.8,0.7593865679534638
m_3MBuhd,2026-05-03,t_2Swqmw,Club Atlético Platense,3.6,9.0,293.0,385.4,27.8,61.6,23.0,12.6,16.6,56.0,20.4,19.4,56.2,29.2,3.8,8.4,20.2,11.0,17.4,6.2,11.2,2.4,-39.4,45.2,0.7602490918526207
m_3A4OqU,2026-07-25,t_2Swqmw,Club Atlético Platense,4.8,11.2,323.4,418.8,32.8,63.8,28.6,14.2,16.8,53.2,18.0,15.6,59.4,28.0,3.0,7.6,17.2,10.8,17.0,7.0,10.0,2.8,-36.4,48.6,0.7722063037249284
m_1WfN4f,2026-07-30,t_2Swqmw,Club Atlético Platense,5.8,13.0,335.6,433.0,37.0,66.8,30.2,14.8,16.2,55.6,16.2,15.8,59.0,23.8,2.4,9.0,18.6,11.4,17.6,7.4,10.2,3.0,-39.4,47.6,0.7750577367205542
m_11WoiN,2026-08-09,t_2Swqmw,Club Atlético Platense,5.6,13.0,345.6,437.6,37.6,69.8,29.2,12.8,17.6,47.4,14.4,15.6,55.6,25.8,2.6,8.2,20.4,8.0,18.6,9.6,9.0,3.2,-29.8,47.6,0.7897623400365631
m_07PgTk,2026-08-16,t_2Swqmw,Club Atlético Platense,4.6,11.4,293.6,382.0,31.6,68.6,23.0,13.2,20.0,52.0,18.2,20.6,61.4,32.2,2.6,9.0,19.0,8.0,18.4,9.0,9.4,4.2,-32.0,53.4,0.768586387434555
m_4IdcNi,2026-08-23,t_2Swqmw,Club Atlético Platense,5.0,9.4,274.8,356.8,29.8,68.2,19.2,11.8,20.4,49.0,19.2,22.0,57.2,34.4,3.4,8.8,17.4,8.6,16.6,8.6,8.0,3.8,-28.6,48.6,0.7701793721973094
m_300q44,2026-08-31,t_2Swqmw,Club Atlético Platense,5.0,8.4,284.2,364.2,29.2,66.8,15.6,11.8,20.2,50.6,20.6,23.2,57.2,33.8,3.0,9.2,19.6,9.0,16.6,7.8,8.8,3.8,-30.4,48.2,0.7803404722679846
m_08AJGA,2026-09-04,t_2Swqmw,Club Atlético Platense,4.6,8.0,259.8,337.8,28.2,64.8,16.4,11.8,21.4,52.0,21.4,25.0,59.4,35.0,2.8,7.0,19.4,8.2,19.2,8.2,11.0,3.8,-30.6,51.2,0.7690941385435168
m_2iSmoq,2026-09-12,t_2Swqmw,Club Atlético Platense,4.6,7.6,256.8,344.2,26.0,66.2,17.6,12.8,18.2,55.4,19.8,24.4,61.2,35.6,2.6,6.6,17.2,9.4,18.2,6.0,12.2,3.6,-37.2,51.8,0.7460778617083091
m_1JjKsV,2026-01-23,t_2eRs85,Vélez Sarsfield,0.0,0.0,0.0,0.0,0.0,0.0,0.0,0.0,0.0,0.0,0.0,0.0,0.0,0.0,0.0,0.0,0.0,0.0,0.0,0.0,0.0,0.0,0.0,0.0,0.0
m_45TuR8,2026-01-27,t_2eRs85,Vélez Sarsfield,3.0,3.0,281.0,373.0,19.0,52.0,11.0,7.0,11.0,59.0,8.0,20.0,54.0,29.0,3.0,8.0,21.0,12.0,15.0,6.0,9.0,5.0,-48.0,42.0,0.7533512064343163
m_1jdpKo,2026-01-31,t_2eRs85,Vélez Sarsfield,3.5,5.0,276.5,361.5,20.5,56.5,15.0,8.0,11.5,56.5,8.5,15.5,54.0,30.5,3.0,8.0,21.5,10.5,15.5,6.0,9.5,6.0,-45.0,43.5,0.7648686030428768
m_14fRnJ,2026-02-09,t_2eRs85,Vélez Sarsfield,4.0,6.333333333333333,244.0,333.3333333333333,18.666666666666668,53.333333333333336,15.333333333333334,7.0,17.0,57.666666666666664,14.333333333333334,15.666666666666666,54.0,37.0,3.6666666666666665,9.333333333333334,19.0,8.333333333333334,14.333333333333334,7.0,7.333333333333333,5.333333333333333,-40.666666666666664,45.666666666666664,0.732
m_0Wq4zM,2026-02-14,t_2eRs85,Vélez Sarsfield,4.0,7.5,281.5,368.75,24.0,58.75,16.25,8.0,17.25,53.75,15.0,17.0,55.5,34.25,3.0,8.25,18.75,7.5,15.75,7.25,8.5,4.5,-36.5,48.0,0.7633898305084745
m_4JeqYL,2026-02-22,t_2eRs85,Vélez Sarsfield,3.6,7.4,318.2,410.4,27.0,62.4,18.2,7.6,16.8,54.0,14.8,15.8,55.6,30.6,3.0,8.8,19.6,7.8,16.0,7.4,8.6,3.8,-37.2,47.8,0.7753411306042886
m_0rdClw,2026-02-25,t_2eRs85,Vélez Sarsfield,3.8,7.6,301.6,400.6,26.6,66.0,18.8,9.4,20.0,53.8,18.2,16.8,60.2,29.2,2.6,9.6,19.4,8.0,15.8,7.2,8.6,3.8,-33.8,52.2,0.7528706939590614
m_3WwAlG,2026-03-02,t_2eRs85,Vélez Sarsfield,3.6,8.0,342.8,447.8,29.6,70.0,20.6,10.8,22.6,53.2,20.8,17.6,60.8,29.2,2.2,8.4,20.2,7.6,17.6,7.8,9.8,3.2,-30.6,53.2,0.7655203215721305
m_4GHjNn,2026-03-10,t_2eRs85,Vélez Sarsfield,2.8,7.2,356.0,454.6,29.8,72.0,21.0,13.2,20.4,53.2,18.4,17.4,61.8,25.8,2.6,8.2,20.8,8.2,19.8,7.8,12.0,2.8,-32.8,53.6,0.7831060272767268
m_3WrGF3,2026-03-14,t_2eRs85,Vélez Sarsfield,3.0,5.8,345.2,446.0,27.8,69.8,20.8,12.8,21.4,56.0,17.4,17.0,60.2,30.4,2.8,8.8,22.8,8.4,21.0,8.6,12.4,3.0,-34.6,51.8,0.7739910313901345
m_1CaySw,2026-03-21,t_2eRs85,Vélez Sarsfield,3.8,6.8,305.2,403.0,25.4,65.0,18.2,13.2,22.6,55.6,20.2,19.2,62.6,32.2,3.0,8.6,21.8,8.2,19.2,7.4,11.8,3.6,-33.0,54.4,0.7573200992555831
m_1tC6eA,2026-04-03,t_2eRs85,Vélez Sarsfield,4.0,7.4,344.6,435.6,27.4,64.8,19.6,12.0,20.2,54.6,18.8,18.2,58.0,34.2,3.2,8.0,23.6,6.6,19.8,7.6,12.2,3.8,-34.4,51.4,0.7910927456382002
m_2wfcAu,2026-04-14,t_2eRs85,Vélez Sarsfield,4.0,7.2,324.0,412.0,27.4,62.4,16.0,11.4,19.4,54.2,18.2,17.8,59.6,32.2,3.4,10.0,21.6,6.2,18.2,7.0,11.2,4.4,-34.8,53.4,0.7864077669902912
m_4X5YYv,2026-04-20,t_2eRs85,Vélez Sarsfield,5.4,9.2,336.6,428.6,31.6,62.6,15.6,10.2,22.0,56.2,23.2,19.4,59.6,33.6,2.6,10.8,24.4,6.2,19.8,6.6,13.2,4.4,-34.2,53.4,0.785347643490434
m_3JhiqO,2026-04-27,t_2eRs85,Vélez Sarsfield,5.0,9.6,322.4,413.2,31.8,60.8,15.6,9.6,19.6,54.8,23.8,19.2,60.4,31.2,2.4,11.0,24.0,6.0,17.2,5.0,12.2,4.8,-35.2,54.4,0.7802516940948693
m_1P18Zr,2026-05-04,t_2eRs85,Vélez Sarsfield,5.0,8.6,341.0,429.6,33.6,60.0,15.6,10.0,19.8,54.8,21.4,18.0,57.0,30.6,1.8,10.6,25.4,7.2,19.0,6.8,12.2,4.8,-35.0,49.8,0.7937616387337058
m_4Cpvon,2026-05-11,t_2eRs85,Vélez Sarsfield,4.6,9.0,348.6,436.4,37.6,59.8,18.4,10.6,21.0,54.2,22.8,16.6,56.4,30.2,1.8,10.6,25.6,8.0,18.6,6.6,12.0,4.4,-33.2,48.4,0.7988084326306141
m_0xmq9N,2026-07-24,t_2eRs85,Vélez Sarsfield,5.0,11.4,362.2,453.6,41.8,64.0,27.8,9.2,19.4,53.6,21.2,18.0,53.2,27.6,1.8,10.2,25.4,8.0,17.2,6.2,11.0,3.4,-34.2,45.2,0.7985008818342152
m_0OoV9x,2026-07-30,t_2eRs85,Vélez Sarsfield,4.4,9.2,386.8,481.0,43.0,65.8,27.8,10.6,18.0,50.4,17.2,16.4,54.4,26.4,2.6,9.0,26.6,8.0,14.4,6.8,7.6,3.4,-32.4,46.4,0.8041580041580042
m_4Ha0vK,2026-08-08,t_2eRs85,Vélez Sarsfield,5.0,9.8,386.0,479.8,41.8,70.2,26.8,11.2,18.6,50.4,16.8,16.6,54.0,23.8,2.8,10.0,24.6,8.0,15.0,6.8,8.2,3.4,-31.8,46.0,0.8045018757815756
m_43tFlq,2026-08-17,t_2eRs85,Vélez Sarsfield,4.6,9.4,375.4,466.4,38.2,68.8,25.6,11.0,19.2,51.6,17.8,16.0,54.0,26.8,4.0,10.0,23.2,7.4,15.4,6.2,9.2,4.2,-32.4,46.6,0.8048885077186964
m_4fjPIc,2026-08-23,t_2eRs85,Vélez Sarsfield,4.6,9.0,348.2,443.0,36.4,73.0,21.8,10.6,18.2,53.6,17.0,17.6,54.8,25.2,5.0,10.6,21.0,7.8,15.6,6.6,9.0,4.4,-35.4,47.0,0.7860045146726863
m_4bZ5kw,2026-08-29,t_2eRs85,Vélez Sarsfield,4.4,6.4,325.6,415.6,29.0,64.8,13.4,11.0,19.2,56.2,18.8,17.2,56.2,27.8,5.2,10.2,21.2,9.8,17.0,7.2,9.8,4.4,-37.0,46.4,0.7834456207892204
m_3kXmim,2026-09-06,t_2eRs85,Vélez Sarsfield,4.4,7.2,347.4,436.8,31.4,68.8,14.8,10.6,17.2,55.0,18.0,16.8,56.4,26.6,4.0,10.0,17.6,9.6,16.4,6.0,10.4,4.4,-37.8,46.8,0.7953296703296703
m_3tdQH8,2026-09-11,t_2eRs85,Vélez Sarsfield,3.8,6.4,344.2,439.8,31.4,68.6,16.2,10.6,18.6,59.0,18.0,18.0,58.4,27.0,4.0,9.2,18.4,10.8,16.6,7.2,9.4,3.8,-40.4,47.6,0.7826284674852205
m_4LyLYK,2026-01-22,t_2qXAzu,Huracán,0.0,0.0,0.0,0.0,0.0,0.0,0.0,0.0,0.0,0.0,0.0,0.0,0.0,0.0,0.0,0.0,0.0,0.0,0.0,0.0,0.0,0.0,0.0,0.0,0.0
m_2jeBEO,2026-01-27,t_2qXAzu,Huracán,4.0,8.0,315.0,413.0,29.0,70.0,16.0,9.0,21.0,51.0,20.0,20.0,53.0,25.0,6.0,8.0,11.0,6.0,16.0,6.0,10.0,3.0,-30.0,47.0,0.7627118644067796
m_3bjCVs,2026-02-01,t_2qXAzu,Huracán,3.0,7.0,325.5,414.5,31.5,62.5,14.5,7.0,21.0,55.5,23.0,20.0,49.0,27.0,3.0,7.0,14.0,8.0,17.5,7.5,10.0,3.5,-34.5,41.0,0.7852834740651388
m_4PxDme,2026-02-08,t_2qXAzu,Huracán,2.3333333333333335,6.666666666666667,292.6666666666667,384.0,31.333333333333332,64.33333333333333,14.333333333333334,6.666666666666667,20.666666666666668,59.666666666666664,21.333333333333332,19.0,45.333333333333336,28.333333333333332,2.6666666666666665,7.0,16.0,8.0,19.666666666666668,7.666666666666667,12.0,3.3333333333333335,-39.0,37.333333333333336,0.7621527777777778
m_0cdzvY,2026-02-14,t_2qXAzu,Huracán,2.5,6.75,263.0,355.25,30.0,67.75,15.75,7.0,19.5,60.5,20.75,19.5,45.25,27.5,2.25,7.0,16.5,7.25,18.75,7.75,11.0,2.5,-41.0,38.0,0.7403237156931738
m_0aYpab,2026-02-21,t_2qXAzu,Huracán,2.8,6.4,255.0,344.4,29.6,66.6,17.0,8.6,18.6,57.8,18.4,19.0,45.6,26.0,2.0,6.4,17.0,6.8,18.6,8.2,10.4,2.0,-39.2,38.8,0.740418118466899
m_0JTPFi,2026-02-26,t_2qXAzu,Huracán,2.6,6.0,226.4,312.4,26.6,63.0,16.0,7.6,16.6,57.8,15.6,17.0,43.8,33.4,1.8,5.4,17.6,6.6,19.8,8.4,11.4,1.8,-41.2,37.2,0.7247119078104993
m_2obGmX,2026-03-03,t_2qXAzu,Huracán,2.6,6.0,233.2,320.8,25.2,64.4,18.0,7.4,15.0,53.2,13.4,14.8,43.4,31.0,2.2,4.6,17.4,5.6,18.6,7.4,11.2,2.0,-38.2,37.8,0.726932668329177
m_2e6Rvv,2026-03-13,t_2qXAzu,Huracán,3.8,7.6,252.8,333.2,22.4,58.8,17.0,8.8,16.6,48.6,15.0,15.6,45.8,29.0,2.0,6.0,16.4,5.4,16.4,7.6,8.8,1.6,-32.0,40.4,0.758703481392557
m_2vu8vn,2026-03-16,t_2qXAzu,Huracán,4.2,7.8,261.0,336.6,21.4,52.2,16.0,9.0,15.8,44.2,13.2,13.0,46.0,26.8,2.0,6.6,16.8,6.4,15.8,7.2,8.6,2.6,-28.4,39.6,0.7754010695187166
m_1Klahn,2026-03-24,t_2qXAzu,Huracán,4.2,9.0,285.2,360.6,21.2,49.0,14.4,7.2,16.2,46.0,14.6,13.8,45.4,30.8,2.6,6.4,16.6,6.8,16.2,7.0,9.2,3.0,-29.8,38.6,0.790904048807543
m_2k76Cm,2026-04-05,t_2qXAzu,Huracán,4.4,9.4,340.4,418.2,27.6,55.0,18.4,10.6,16.8,45.6,16.0,15.2,49.0,22.6,1.8,6.4,17.2,7.2,15.2,6.6,8.6,2.8,-28.8,41.8,0.8139646102343376
m_19wJgg,2026-04-12,t_2qXAzu,Huracán,5.0,9.2,304.4,380.0,25.0,53.6,16.6,11.6,17.8,49.6,16.0,16.2,50.4,27.8,2.2,7.6,18.0,7.6,15.4,7.0,8.4,2.8,-31.8,42.8,0.8010526315789473
m_0QP5Eq,2026-04-21,t_2qXAzu,Huracán,5.2,8.6,292.4,372.2,27.0,58.6,19.4,10.6,15.0,51.4,14.0,15.0,50.8,26.8,2.6,7.4,19.2,7.4,14.6,5.8,8.8,2.6,-36.4,43.4,0.7855991402471789
m_4Q9jVb,2026-04-28,t_2qXAzu,Huracán,4.6,8.0,339.4,421.0,28.0,65.2,20.2,12.8,17.8,51.8,17.2,17.0,53.2,28.8,2.8,7.6,18.6,6.0,15.6,6.6,9.0,1.8,-34.0,47.2,0.8061757719714965
m_4ODmAi,2026-05-03,t_2qXAzu,Huracán,4.6,7.2,321.2,406.4,28.0,69.8,21.4,14.2,18.0,54.6,17.8,16.8,53.6,26.4,2.2,8.8,17.8,5.6,17.0,5.8,11.2,1.4,-36.6,48.0,0.7903543307086615
m_0kTolw,2026-05-09,t_2qXAzu,Huracán,4.0,6.6,256.4,344.4,20.6,64.8,16.4,11.2,19.2,56.0,19.6,17.0,51.2,30.4,2.8,9.4,19.4,6.0,16.4,5.6,10.8,1.4,-36.8,45.2,0.7444831591173054
m_3CeTeZ,2026-05-13,t_2qXAzu,Huracán,3.8,6.4,262.2,352.6,21.2,65.2,14.4,10.4,18.6,57.4,20.6,18.4,54.4,35.6,4.4,9.6,21.8,6.0,17.8,5.2,12.6,2.4,-38.8,48.4,0.7436188315371526
m_19ZLfE,2026-07-25,t_2qXAzu,Huracán,3.0,5.8,262.0,360.6,20.0,65.2,12.4,9.6,20.2,63.4,21.4,21.6,56.2,39.8,4.8,9.4,21.2,5.4,19.6,5.4,14.2,3.0,-43.2,50.8,0.7265668330560178
m_4ZaB72,2026-07-30,t_2qXAzu,Huracán,4.8,8.0,251.2,348.8,21.8,63.2,10.8,8.0,18.4,65.8,19.2,22.6,55.4,40.2,4.6,9.0,20.6,6.0,20.2,5.2,15.0,3.0,-47.4,49.4,0.7201834862385321
m_0KKvFY,2026-08-04,t_2qXAzu,Huracán,5.4,8.2,279.0,377.2,23.4,62.0,13.0,8.8,17.4,61.6,18.0,20.6,54.4,41.8,5.8,9.0,21.0,6.6,17.2,5.2,12.0,4.0,-44.2,47.8,0.73966065747614
m_3Oow95,2026-08-09,t_2qXAzu,Huracán,5.4,9.6,348.6,441.4,29.6,67.0,16.8,9.8,18.2,59.0,20.2,21.6,56.0,37.4,5.8,9.8,20.2,6.4,16.6,5.2,11.4,4.4,-40.8,49.6,0.7897598550067966
m_0VVZir,2026-08-16,t_2qXAzu,Huracán,5.6,10.8,357.4,449.4,30.4,66.0,19.2,11.4,20.4,59.2,22.4,19.8,56.0,31.2,4.0,10.2,18.2,6.6,16.8,5.2,11.6,2.8,-38.8,49.4,0.7952825990209168
m_3jpi32,2026-08-23,t_2qXAzu,Huracán,4.8,10.6,376.0,459.6,31.8,67.0,20.6,14.2,19.0,53.2,20.6,18.0,52.6,29.4,3.8,9.4,18.6,8.6,16.4,6.2,10.2,2.8,-34.2,44.0,0.8181026979982594
m_0m7kON,2026-08-29,t_2qXAzu,Huracán,3.4,8.6,384.4,479.0,32.8,68.8,23.4,14.2,19.0,54.6,21.0,17.4,52.6,30.8,4.6,9.4,19.6,10.2,15.2,5.8,9.4,3.0,-35.6,42.4,0.8025052192066806
m_1hvbqC,2026-09-04,t_2qXAzu,Huracán,2.4,9.6,390.0,483.6,33.4,68.4,25.0,14.4,20.0,54.4,21.2,19.8,53.4,28.8,3.4,8.4,19.6,11.0,15.0,6.4,8.6,2.0,-34.4,42.4,0.8064516129032258
m_1jSOwn,2026-09-14,t_2qXAzu,Huracán,2.8,8.6,356.8,448.8,30.8,65.8,23.8,13.0,19.8,55.6,19.6,19.4,53.0,30.6,3.4,9.0,18.6,11.8,16.0,6.8,9.2,2.8,-35.8,41.2,0.7950089126559715
m_3n69Oa,2026-09-14,t_2qXAzu,Huracán,3.0,9.2,351.4,446.6,31.4,65.6,25.8,14.4,18.4,55.6,17.2,21.0,53.2,33.8,3.4,8.8,18.4,13.2,14.6,7.4,7.2,3.8,-37.2,40.0,0.786833855799373
m_0MqdAY,2026-01-22,t_2rD0OF,Aldosivi,0.0,0.0,0.0,0.0,0.0,0.0,0.0,0.0,0.0,0.0,0.0,0.0,0.0,0.0,0.0,0.0,0.0,0.0,0.0,0.0,0.0,0.0,0.0,0.0,0.0
m_2kLUw0,2026-01-28,t_2rD0OF,Aldosivi,3.0,8.0,167.0,246.0,17.0,58.0,15.0,5.0,16.0,50.0,19.0,11.0,43.0,27.0,3.0,4.0,28.0,7.0,17.0,7.0,10.0,2.0,-34.0,36.0,0.6788617886178862
m_3OMXQ9,2026-02-02,t_2rD0OF,Aldosivi,3.0,5.5,255.5,348.0,22.5,58.5,20.0,12.0,17.0,56.5,19.0,19.0,52.0,33.5,2.5,5.5,24.5,8.5,17.0,5.5,11.5,2.5,-39.5,43.5,0.7341954022988506
m_0WCpY7,2026-02-07,t_2rD0OF,Aldosivi,2.3333333333333335,6.333333333333333,250.66666666666666,341.6666666666667,23.333333333333332,57.0,21.333333333333332,10.666666666666666,18.0,56.333333333333336,17.333333333333332,18.0,48.666666666666664,26.666666666666668,2.0,6.666666666666667,22.0,7.0,18.333333333333332,7.0,11.333333333333334,2.6666666666666665,-38.333333333333336,41.666666666666664,0.7336585365853658
m_1H9yMb,2026-02-12,t_2rD0OF,Aldosivi,2.75,7.25,241.25,332.75,25.5,59.0,22.5,11.0,19.75,57.0,19.0,18.25,52.0,25.75,2.0,6.75,19.75,7.0,18.25,7.25,11.0,2.75,-37.25,45.0,0.7250187828700225
m_4P2osf,2026-02-23,t_2rD0OF,Aldosivi,2.2,7.2,244.8,337.2,27.0,57.6,24.2,10.6,18.2,57.8,18.4,19.4,51.2,26.4,2.4,6.0,19.4,6.8,18.2,6.4,11.8,3.2,-39.6,44.4,0.7259786476868327
m_0KBmAa,2026-03-03,t_2rD0OF,Aldosivi,2.2,7.0,269.4,365.2,29.8,55.6,24.2,11.0,18.6,59.8,18.6,21.2,52.4,27.4,2.8,7.4,15.4,7.4,17.8,6.4,11.4,3.8,-41.2,45.0,0.7376779846659365
m_3yk8on,2026-03-12,t_2rD0OF,Aldosivi,1.6,8.6,271.6,366.2,32.2,57.2,24.6,9.2,20.8,59.4,19.2,18.6,48.0,25.0,3.2,8.4,13.6,7.2,18.8,8.0,10.8,3.2,-38.6,40.8,0.7416712179137084
m_2vu8vn,2026-03-16,t_2rD0OF,Aldosivi,1.6,7.8,250.8,348.0,28.8,57.4,23.4,9.6,20.8,61.4,19.8,20.2,48.6,31.0,3.4,8.6,14.6,7.2,17.4,7.4,10.0,3.6,-40.6,41.4,0.7206896551724138
m_49lsqf,2026-03-22,t_2rD0OF,Aldosivi,1.2,7.8,245.8,344.2,26.6,56.2,23.0,9.8,19.0,63.6,18.4,20.4,46.4,31.4,3.6,9.0,16.6,7.6,16.0,6.4,9.6,3.8,-44.6,38.8,0.7141196978500871
m_3hUrMw,2026-03-31,t_2rD0OF,Aldosivi,1.6,8.4,253.4,352.2,27.4,60.4,23.4,11.4,19.8,59.2,17.8,17.4,45.6,31.2,3.0,9.2,15.8,7.8,14.6,7.4,7.2,3.2,-39.4,37.8,0.7194775695627484
m_3pnBbL,2026-04-04,t_2rD0OF,Aldosivi,2.0,8.4,227.0,320.4,23.4,59.4,23.4,12.2,20.6,59.0,18.6,18.0,46.4,28.8,2.0,9.4,18.4,7.6,16.6,7.8,8.8,2.6,-38.4,38.8,0.7084893882646691
m_4OXsD0,2026-04-11,t_2rD0OF,Aldosivi,2.6,7.8,185.6,277.8,19.6,59.6,22.4,12.4,18.4,57.6,16.8,19.2,49.2,31.2,2.2,8.8,20.4,6.6,15.0,6.8,8.2,3.0,-39.2,42.6,0.6681065514758819
m_3XlvKO,2026-04-19,t_2rD0OF,Aldosivi,3.2,7.8,184.8,268.4,21.2,56.2,22.2,12.8,19.0,55.4,18.4,16.4,48.4,28.4,3.2,8.8,19.8,6.6,16.0,7.0,9.0,2.0,-36.4,41.8,0.6885245901639344
m_3Nkc9o,2026-04-26,t_2rD0OF,Aldosivi,4.0,6.2,172.2,252.8,19.8,54.6,18.6,11.8,20.2,54.2,19.2,17.4,47.8,31.2,4.2,8.2,18.2,6.4,17.2,8.0,9.2,1.8,-34.0,41.4,0.6811708860759493
m_3MfCw1,2026-05-03,t_2rD0OF,Aldosivi,4.0,4.8,146.2,221.0,15.0,47.2,13.4,11.4,21.0,57.2,19.6,18.2,47.2,32.0,5.6,9.8,20.6,6.6,18.0,8.4,9.6,2.0,-36.2,40.6,0.6615384615384615
m_4cBLTF,2026-07-24,t_2rD0OF,Aldosivi,3.8,5.8,152.4,233.2,17.8,50.4,14.4,11.4,20.4,56.4,20.2,15.6,47.2,33.6,6.0,8.8,19.6,6.8,17.0,7.4,9.6,2.4,-36.0,40.4,0.6535162950257289
m_03VPBd,2026-07-29,t_2rD0OF,Aldosivi,3.8,5.2,155.6,231.8,17.0,47.4,12.4,11.6,19.0,54.6,21.2,16.4,47.8,33.2,5.8,8.4,18.8,7.2,16.8,6.6,10.2,2.8,-35.6,40.6,0.6712683347713546
m_2GNnDW,2026-08-02,t_2rD0OF,Aldosivi,3.2,5.6,190.8,276.0,18.2,54.8,14.4,12.0,17.8,54.0,20.2,18.4,49.2,31.0,4.8,7.6,16.2,7.8,14.8,5.6,9.2,3.4,-36.2,41.4,0.691304347826087
m_4HTpja,2026-08-07,t_2rD0OF,Aldosivi,2.8,6.2,217.4,309.4,21.4,61.0,19.2,11.6,17.0,50.2,19.6,16.4,53.0,30.8,3.6,8.0,17.6,7.2,14.6,6.0,8.6,3.2,-33.2,45.8,0.702650290885585
m_0kIwxH,2026-08-15,t_2rD0OF,Aldosivi,3.4,6.8,210.6,306.4,21.4,61.2,20.0,11.8,18.8,51.6,21.2,18.6,57.8,35.8,3.4,8.2,15.6,7.4,16.0,6.4,9.6,3.2,-32.8,50.4,0.6873368146214099
m_4g29p2,2026-08-21,t_2rD0OF,Aldosivi,3.4,7.0,219.0,317.0,23.4,61.4,20.8,11.0,19.0,50.8,20.6,20.0,58.4,34.8,4.0,8.0,17.4,6.2,16.0,6.0,10.0,2.8,-31.8,52.2,0.6908517350157729
m_1B4lCI,2026-08-30,t_2rD0OF,Aldosivi,3.6,7.0,233.0,335.2,23.4,61.2,24.0,10.2,21.0,52.0,22.0,19.4,57.6,33.0,3.8,8.8,16.8,7.4,16.8,7.0,9.8,2.8,-31.0,50.2,0.6951073985680191
m_3GuLGz,2026-09-05,t_2rD0OF,Aldosivi,3.8,6.6,197.6,291.8,21.4,55.4,21.0,9.0,22.8,53.0,24.2,19.2,55.6,38.2,4.8,9.2,18.8,8.2,17.8,7.8,10.0,3.0,-30.2,47.4,0.6771761480466073
m_2lA7Wg,2026-09-12,t_2rD0OF,Aldosivi,4.8,9.0,186.0,273.8,19.8,49.8,18.8,10.2,23.8,56.8,26.2,19.4,52.4,38.6,5.0,10.0,17.6,9.6,15.8,6.2,9.6,3.0,-33.0,42.8,0.6793279766252739
m_1JjKsV,2026-01-23,t_2rXlDo,Instituto,0.0,0.0,0.0,0.0,0.0,0.0,0.0,0.0,0.0,0.0,0.0,0.0,0.0,0.0,0.0,0.0,0.0,0.0,0.0,0.0,0.0,0.0,0.0,0.0,0.0
m_1tV17s,2026-01-26,t_2rXlDo,Instituto,5.0,9.0,228.0,320.0,30.0,58.0,24.0,11.0,17.0,44.0,20.0,17.0,45.0,31.0,1.0,6.0,17.0,4.0,12.0,8.0,4.0,2.0,-27.0,41.0,0.7125
m_4MfeT3,2026-02-04,t_2rXlDo,Instituto,5.0,8.0,261.0,354.5,27.0,57.0,18.0,10.0,17.0,51.5,17.5,14.0,46.5,29.5,0.5,9.0,15.0,6.0,13.0,7.5,5.5,2.5,-34.5,40.5,0.7362482369534555
m_185FrI,2026-02-09,t_2rXlDo,Instituto,4.666666666666667,7.0,265.0,358.6666666666667,28.333333333333332,66.33333333333333,20.333333333333332,8.333333333333334,17.0,46.666666666666664,16.666666666666668,15.666666666666666,48.0,23.666666666666668,1.0,7.333333333333333,14.0,5.333333333333333,13.333333333333334,8.0,5.333333333333333,3.3333333333333335,-29.666666666666668,42.666666666666664,0.7388475836431226
m_3C7F2J,2026-02-16,t_2rXlDo,Instituto,4.75,7.5,272.5,371.5,30.25,67.25,21.75,8.0,15.75,46.0,14.75,15.25,51.25,24.5,1.0,6.5,14.0,7.25,13.25,8.0,5.25,3.25,-30.25,44.0,0.7335127860026918
m_2MNUQn,2026-02-20,t_2rXlDo,Instituto,4.2,7.6,253.4,350.8,29.6,67.4,21.4,7.4,15.2,47.4,14.0,14.6,50.2,24.2,1.4,7.4,16.2,6.6,12.4,7.6,4.8,2.6,-32.2,43.6,0.7223489167616876
m_2YNGA5,2026-02-24,t_2rXlDo,Instituto,3.8,7.6,266.2,366.4,29.8,67.4,20.6,7.6,16.4,46.4,14.8,15.0,51.2,22.2,1.6,7.0,16.2,7.0,12.6,7.0,5.6,2.2,-30.0,44.2,0.726528384279476
m_15JkYD,2026-03-01,t_2rXlDo,Instituto,4.0,8.2,251.8,353.2,30.4,65.2,23.0,8.0,16.8,44.6,16.6,15.4,52.8,21.2,2.0,5.8,18.0,8.2,12.0,6.2,5.8,2.0,-27.8,44.6,0.7129105322763307
m_0RZpdm,2026-03-12,t_2rXlDo,Instituto,3.6,8.2,276.4,377.6,30.4,63.6,21.8,7.8,15.8,46.8,15.8,15.2,51.2,25.0,2.0,5.8,18.4,8.2,11.8,5.8,6.0,1.2,-31.0,43.0,0.7319915254237288
m_4WxmC2,2026-03-17,t_2rXlDo,Instituto,3.6,8.0,284.0,382.2,31.0,64.0,23.2,9.4,18.2,49.0,17.0,16.4,50.6,21.8,1.8,6.0,17.8,7.4,13.2,6.4,6.8,0.8,-30.8,43.2,0.7430664573521716
m_3kkhBc,2026-03-22,t_2rXlDo,Instituto,4.0,7.8,279.6,370.8,29.6,59.4,22.0,9.8,19.2,48.6,18.2,17.0,50.4,26.8,1.8,6.0,15.2,7.4,13.8,6.0,7.8,1.4,-29.4,43.0,0.7540453074433657
m_2NfZWl,2026-04-07,t_2rXlDo,Instituto,4.4,7.8,260.0,347.4,26.2,55.2,22.4,10.0,16.8,47.4,15.2,16.8,49.6,25.2,2.6,6.0,14.0,8.0,13.4,6.0,7.4,2.2,-30.6,41.6,0.7484168105929764
m_0g9Wn1,2026-04-11,t_2rXlDo,Instituto,3.8,7.6,257.2,343.0,26.8,60.0,21.0,9.8,17.8,45.6,16.6,17.2,50.4,25.6,2.2,5.8,12.2,5.8,15.0,6.4,8.6,2.4,-27.8,44.6,0.7498542274052478
m_1Vr866,2026-04-18,t_2rXlDo,Instituto,4.6,8.4,217.2,305.2,25.8,56.4,20.2,10.6,18.8,47.8,17.2,18.6,52.2,36.4,2.8,5.6,13.0,7.2,15.0,6.2,8.8,3.0,-29.0,45.0,0.7116644823066841
m_3kUgTn,2026-04-26,t_2rXlDo,Instituto,4.2,9.2,209.6,295.6,28.2,58.4,21.6,9.2,15.2,48.0,16.2,17.2,51.6,37.4,3.0,6.2,14.6,7.0,12.8,4.0,8.8,3.0,-32.8,44.6,0.7090663058186739
m_1qqpJe,2026-05-05,t_2rXlDo,Instituto,4.0,8.8,234.2,327.6,30.8,61.4,21.4,9.6,14.0,48.0,16.2,16.6,53.6,32.6,2.8,5.8,15.8,8.2,12.2,3.6,8.6,3.0,-34.0,45.4,0.7148962148962149
m_0xmq9N,2026-07-24,t_2rXlDo,Instituto,4.4,10.4,269.2,366.6,41.2,68.6,25.0,11.0,14.6,49.4,18.0,16.0,56.8,35.6,2.0,5.6,16.2,7.6,12.4,3.2,9.2,2.4,-34.8,49.2,0.7343153300600109
m_1WfN4f,2026-07-30,t_2rXlDo,Instituto,4.2,11.4,278.8,383.0,42.8,70.6,29.6,12.4,12.8,54.0,14.4,16.4,57.4,35.0,2.0,6.6,17.6,9.0,12.2,4.0,8.2,2.6,-41.2,48.4,0.7279373368146214
m_2EBOtR,2026-08-03,t_2rXlDo,Instituto,4.2,11.8,296.4,396.8,45.2,68.4,31.2,12.2,11.8,53.6,13.2,15.0,58.4,21.8,2.2,9.2,17.8,9.4,12.4,4.0,8.4,2.2,-41.8,49.0,0.7469758064516129
m_3JpYQD,2026-08-09,t_2rXlDo,Instituto,5.0,12.0,288.6,387.6,40.4,61.0,28.2,13.0,15.6,54.4,15.4,15.2,59.8,25.6,3.0,8.8,17.4,9.8,14.8,6.2,8.6,2.6,-38.8,50.0,0.7445820433436533
m_4XvVEn,2026-08-16,t_2rXlDo,Instituto,5.8,12.8,281.8,382.6,40.6,58.6,30.0,13.8,16.6,55.0,16.4,16.6,58.6,24.8,2.8,8.2,15.2,10.2,16.6,6.4,10.2,2.0,-38.4,48.4,0.7365394668060637
m_4Vv4zW,2026-08-22,t_2rXlDo,Instituto,5.6,11.0,274.6,369.8,32.6,54.0,25.4,11.8,18.8,58.2,17.6,16.6,58.0,26.8,2.8,10.4,15.4,10.8,18.0,7.8,10.2,1.8,-39.4,47.2,0.7425635478637101
m_1YGhXX,2026-09-01,t_2rXlDo,Instituto,5.8,9.4,298.4,391.0,35.2,55.0,21.8,11.2,19.4,52.6,20.2,17.2,56.6,30.2,3.8,9.4,15.0,10.8,18.0,7.0,11.0,1.6,-33.2,45.8,0.7631713554987213
m_0rPnpL,2026-09-08,t_2rXlDo,Instituto,5.2,10.0,294.0,387.2,34.2,57.8,24.2,11.6,21.4,50.8,23.4,17.8,55.6,30.2,2.6,7.8,14.4,9.8,17.8,7.0,10.8,1.4,-29.4,45.8,0.7592975206611571
m_1qj0Vv,2026-09-15,t_2rXlDo,Instituto,4.2,9.2,304.4,403.8,35.2,62.8,25.0,10.6,20.4,47.2,22.6,19.0,52.2,27.2,1.8,7.6,14.2,9.8,16.0,6.0,10.0,1.0,-26.8,42.4,0.753838533927687
m_47lc7V,2026-09-15,t_2rXlDo,Instituto,3.6,9.2,303.8,400.0,32.6,65.0,25.6,10.2,19.0,48.0,22.2,19.2,50.8,29.8,1.8,7.2,16.2,9.2,15.8,6.6,9.2,2.0,-29.0,41.6,0.7595
m_3L4LL7,2026-01-24,t_3FROV0,Barracas Central,0.0,0.0,0.0,0.0,0.0,0.0,0.0,0.0,0.0,0.0,0.0,0.0,0.0,0.0,0.0,0.0,0.0,0.0,0.0,0.0,0.0,0.0,0.0,0.0,0.0
m_2kLUw0,2026-01-28,t_3FROV0,Barracas Central,2.0,5.0,141.0,199.0,11.0,57.0,16.0,10.0,15.0,56.0,12.0,19.0,50.0,24.0,6.0,4.0,10.0,7.0,17.0,6.0,11.0,5.0,-41.0,43.0,0.7085427135678392
m_45XhQv,2026-02-01,t_3FROV0,Barracas Central,2.5,5.0,170.0,248.5,15.5,59.5,13.5,7.0,18.0,52.0,17.0,20.0,50.5,28.5,3.5,4.0,12.5,8.5,16.5,6.5,10.0,4.0,-34.0,42.0,0.6841046277665996
m_1Cuhf7,2026-02-09,t_3FROV0,Barracas Central,3.0,5.0,238.33333333333334,321.6666666666667,15.333333333333334,59.333333333333336,14.0,9.666666666666666,17.333333333333332,50.666666666666664,15.666666666666666,16.666666666666668,52.0,27.666666666666668,3.0,3.3333333333333335,15.0,8.333333333333334,16.0,6.333333333333333,9.666666666666666,3.0,-33.333333333333336,43.666666666666664,0.7409326424870466
m_2HMWiS,2026-02-16,t_3FROV0,Barracas Central,3.75,5.0,228.25,306.0,16.5,60.5,12.5,9.0,14.75,55.0,13.25,16.5,51.0,30.0,2.25,4.25,16.5,8.0,16.5,6.0,10.5,3.25,-40.25,43.0,0.7459150326797386
m_13pMsz,2026-02-21,t_3FROV0,Barracas Central,3.6,4.2,222.8,298.0,17.2,57.2,11.4,8.2,15.4,57.6,14.0,15.6,50.6,28.6,2.0,5.8,15.2,10.0,16.2,6.2,10.0,3.6,-42.2,40.6,0.7476510067114094
m_2dkzXZ,2026-02-25,t_3FROV0,Barracas Central,3.8,3.8,234.2,313.8,19.8,58.2,9.4,9.0,15.0,56.2,14.6,14.6,52.8,28.6,1.2,5.8,16.2,10.6,15.4,5.6,9.8,3.8,-41.2,42.2,0.7463352453792225
m_3FQmVY,2026-03-01,t_3FROV0,Barracas Central,4.2,4.2,255.4,331.4,21.2,60.2,10.2,11.6,14.4,56.4,13.6,14.4,53.8,27.2,1.4,5.2,16.8,10.6,14.6,5.8,8.8,4.2,-42.0,43.2,0.7706698853349426
m_1DO56u,2026-03-12,t_3FROV0,Barracas Central,4.4,4.8,207.4,279.6,20.8,62.0,7.6,8.8,14.0,56.8,14.0,17.8,53.2,29.2,1.4,6.0,16.2,10.0,13.6,5.4,8.2,5.4,-42.8,43.2,0.7417739628040058
m_0yVlJb,2026-03-16,t_3FROV0,Barracas Central,3.8,5.0,192.8,264.0,19.2,60.0,6.6,8.2,14.2,50.8,14.8,17.0,52.0,29.0,2.2,5.8,14.4,9.2,12.0,4.8,7.2,6.6,-36.6,42.8,0.7303030303030303
m_1Klahn,2026-03-24,t_3FROV0,Barracas Central,3.8,6.2,203.8,278.4,20.0,65.4,7.6,8.8,13.0,44.8,13.2,16.6,50.0,29.2,2.4,3.8,14.8,7.0,11.2,4.6,6.6,6.2,-31.8,43.0,0.7320402298850575
m_03csNA,2026-04-02,t_3FROV0,Barracas Central,3.4,6.6,194.4,269.6,17.8,65.2,9.4,8.4,13.4,43.2,14.0,18.6,48.8,30.2,2.2,4.0,15.6,6.4,10.8,4.6,6.2,5.8,-29.8,42.4,0.7210682492581603
m_1VteVu,2026-04-12,t_3FROV0,Barracas Central,3.0,7.6,204.4,276.2,19.8,65.0,10.2,7.6,13.6,43.4,13.4,17.0,47.6,27.2,2.2,4.8,15.6,6.6,12.2,4.8,7.4,5.0,-29.8,41.0,0.7400434467776973
m_0HO7em,2026-04-20,t_3FROV0,Barracas Central,3.0,7.8,201.2,269.6,21.8,64.0,12.0,9.2,13.0,44.0,12.4,14.6,45.0,26.8,2.4,4.2,15.2,7.8,12.4,4.8,7.6,4.2,-31.0,37.2,0.7462908011869436
m_3vfFEs,2026-04-25,t_3FROV0,Barracas Central,2.8,7.4,209.6,283.2,23.0,65.2,14.8,10.4,15.0,45.0,14.0,15.4,45.8,23.6,2.2,4.4,16.2,8.8,14.2,6.2,8.0,2.8,-30.0,37.0,0.7401129943502824
m_1UxCxs,2026-05-02,t_3FROV0,Barracas Central,2.8,8.2,216.8,289.2,23.8,63.4,15.4,12.8,16.0,48.4,14.8,16.4,47.4,24.0,2.2,4.8,17.2,9.6,15.2,6.4,8.8,2.2,-32.4,37.8,0.7496542185338866
m_4X9GUk,2026-07-25,t_3FROV0,Barracas Central,4.0,9.2,253.8,331.0,30.2,65.6,15.6,14.2,17.6,49.0,14.2,15.4,51.0,25.4,2.6,5.0,18.4,9.8,17.4,8.0,9.4,2.2,-31.4,41.2,0.7667673716012084
m_03VPBd,2026-07-29,t_3FROV0,Barracas Central,3.8,7.0,204.4,283.8,24.8,58.4,12.0,13.0,16.2,50.6,13.8,17.6,52.6,29.8,2.6,5.0,19.0,9.4,15.4,6.8,8.6,2.8,-34.4,43.2,0.7202255109231853
m_1sTPds,2026-08-02,t_3FROV0,Barracas Central,3.6,7.0,254.6,337.6,28.6,59.0,11.4,14.2,16.8,51.8,14.0,16.0,55.0,31.6,2.6,5.0,19.6,9.4,16.2,7.2,9.0,2.4,-35.0,45.6,0.7541469194312796
m_4AhgSS,2026-08-09,t_3FROV0,Barracas Central,3.8,7.6,278.4,368.6,29.6,61.6,12.0,15.2,15.4,56.8,13.2,16.0,58.4,35.8,2.4,4.4,21.2,9.0,17.0,6.4,10.6,2.6,-41.4,49.4,0.7552902875746066
m_48fWBj,2026-08-17,t_3FROV0,Barracas Central,3.6,7.4,286.8,386.0,29.8,62.0,13.2,13.4,16.2,58.2,13.6,17.6,62.0,33.4,3.0,5.2,20.0,9.4,19.2,7.4,11.8,3.4,-42.0,52.6,0.7430051813471502
m_4IdcNi,2026-08-23,t_3FROV0,Barracas Central,3.2,7.4,283.4,385.0,25.0,61.0,15.0,13.2,15.4,58.0,16.0,19.4,63.2,27.8,2.6,5.4,19.4,9.4,18.0,6.8,11.2,3.0,-42.6,53.8,0.7361038961038961
m_2eHqO4,2026-09-01,t_3FROV0,Barracas Central,4.0,8.4,310.0,414.2,29.4,63.6,17.8,13.6,16.8,58.8,17.0,18.4,64.4,26.6,3.0,5.4,19.6,10.4,18.8,7.4,11.4,3.2,-42.0,54.0,0.748430709802028
m_1lN21b,2026-09-07,t_3FROV0,Barracas Central,3.6,8.6,296.8,403.2,27.8,63.8,19.6,13.6,17.8,56.4,18.8,22.4,67.8,25.8,2.4,7.0,21.2,10.2,17.8,7.0,10.8,3.2,-38.6,57.6,0.7361111111111112
m_0WEWh7,2026-09-14,t_3FROV0,Barracas Central,3.2,8.2,296.0,396.6,28.4,61.0,18.0,12.6,20.4,53.6,19.0,23.0,69.4,22.6,2.0,6.8,20.8,10.4,17.2,8.4,8.8,3.0,-33.2,59.0,0.7463439233484619
m_1qLG6R,2026-09-14,t_3FROV0,Barracas Central,3.4,7.6,297.4,393.6,28.4,59.6,17.4,13.8,20.4,54.6,19.4,21.8,65.8,22.8,1.2,7.0,22.6,11.4,15.2,7.8,7.4,2.8,-34.2,54.4,0.755589430894309
m_2hYXmh,2026-01-25,t_3TbOfu,Deportivo Riestra,0.0,0.0,0.0,0.0,0.0,0.0,0.0,0.0,0.0,0.0,0.0,0.0,0.0,0.0,0.0,0.0,0.0,0.0,0.0,0.0,0.0,0.0,0.0,0.0,0.0
m_20gfAy,2026-01-29,t_3TbOfu,Deportivo Riestra,1.0,3.0,80.0,138.0,12.0,48.0,4.0,3.0,14.0,64.0,16.0,8.0,28.0,37.0,8.0,7.0,19.0,3.0,15.0,2.0,13.0,2.0,-50.0,25.0,0.5797101449275363
m_45XhQv,2026-02-01,t_3TbOfu,Deportivo Riestra,1.5,5.0,152.5,238.0,21.5,74.5,14.0,6.5,15.0,56.5,17.0,15.5,37.0,28.0,4.0,5.5,21.5,4.0,13.0,4.0,9.0,2.0,-41.5,33.0,0.6407563025210085
m_3sDDFG,2026-02-09,t_3TbOfu,Deportivo Riestra,1.6666666666666667,4.666666666666667,159.66666666666666,244.33333333333334,22.666666666666668,71.0,13.333333333333334,9.333333333333334,13.333333333333334,56.333333333333336,16.666666666666668,16.0,40.333333333333336,28.333333333333332,3.6666666666666665,5.666666666666667,19.666666666666668,5.333333333333333,11.0,3.3333333333333335,7.666666666666667,2.3333333333333335,-43.0,35.0,0.6534788540245566
m_1CzDvn,2026-02-16,t_3TbOfu,Deportivo Riestra,2.0,4.75,145.5,229.5,21.75,71.0,13.5,8.5,13.75,57.75,17.0,14.5,41.5,29.0,3.75,7.0,18.5,4.75,10.5,3.75,6.75,3.0,-44.0,36.75,0.6339869281045751
m_0aYpab,2026-02-21,t_3TbOfu,Deportivo Riestra,2.6,5.8,146.8,237.4,26.2,75.4,14.2,7.6,13.4,61.2,16.0,15.2,44.0,31.2,3.0,6.8,21.0,6.2,10.8,3.8,7.0,3.0,-47.8,37.8,0.6183656276326874
m_0rdClw,2026-02-25,t_3TbOfu,Deportivo Riestra,2.8,6.4,164.4,264.4,28.8,81.6,16.6,8.2,14.0,59.6,15.8,16.2,47.0,33.2,1.6,6.8,20.4,6.4,8.8,4.0,4.8,3.2,-45.6,40.6,0.6217851739788199
m_2hRZh7,2026-03-02,t_3TbOfu,Deportivo Riestra,3.2,6.0,148.4,243.0,28.2,75.8,13.8,7.8,13.6,62.6,16.8,16.2,50.2,38.6,2.2,7.8,21.4,7.6,9.6,3.2,6.4,3.4,-49.0,42.6,0.6106995884773663
m_2mbzIF,2026-03-12,t_3TbOfu,Deportivo Riestra,3.6,6.0,146.6,244.0,29.0,78.8,15.0,6.8,13.8,60.8,15.4,15.8,53.2,38.2,1.6,7.2,22.2,7.4,11.6,4.0,7.6,3.4,-47.0,45.8,0.6008196721311475
m_1JvU76,2026-03-18,t_3TbOfu,Deportivo Riestra,4.4,6.8,158.8,269.0,31.4,84.6,16.4,6.6,16.4,61.2,18.4,17.4,57.2,35.2,1.0,6.4,24.2,8.2,12.2,4.2,8.0,2.8,-44.8,49.0,0.5903345724907063
m_0idF82,2026-03-25,t_3TbOfu,Deportivo Riestra,4.2,6.2,170.6,282.2,29.2,87.6,17.4,7.0,17.6,62.8,19.0,17.6,55.4,31.4,1.0,7.0,21.2,8.0,13.8,5.2,8.6,2.4,-45.2,47.4,0.6045357902197024
m_1wLnDu,2026-04-03,t_3TbOfu,Deportivo Riestra,4.2,6.2,162.4,273.4,30.0,84.8,18.0,6.8,17.6,61.2,20.4,17.4,57.0,28.0,1.0,7.0,22.8,8.4,15.0,5.2,9.8,2.0,-43.6,48.6,0.5940014630577908
m_0g9Wn1,2026-04-11,t_3TbOfu,Deportivo Riestra,4.4,6.6,156.6,265.0,27.6,81.6,18.0,6.2,17.2,59.2,18.4,16.4,55.0,25.2,1.8,7.4,20.0,7.2,12.8,5.2,7.6,2.8,-42.0,47.8,0.5909433962264151
m_2g93PE,2026-04-19,t_3TbOfu,Deportivo Riestra,4.4,7.6,161.2,281.4,28.8,84.2,22.2,7.2,17.6,62.2,19.8,16.6,53.6,25.0,2.4,8.0,17.6,7.4,11.4,4.6,6.8,3.2,-44.6,46.2,0.5728500355366027
m_0cJtQg,2026-04-24,t_3TbOfu,Deportivo Riestra,3.2,7.2,152.8,262.2,28.2,78.4,22.2,7.8,14.0,57.0,15.8,16.8,49.6,25.2,2.6,7.6,15.0,6.6,10.2,3.6,6.6,4.0,-43.0,43.0,0.5827612509534706
m_1XEoaS,2026-05-02,t_3TbOfu,Deportivo Riestra,3.2,6.8,133.2,237.0,25.4,70.2,20.2,7.4,13.6,50.0,17.2,16.4,50.8,29.8,4.4,8.0,15.2,5.2,8.0,2.4,5.6,4.2,-36.4,45.6,0.5620253164556962
m_4Gu3AR,2026-07-26,t_3TbOfu,Deportivo Riestra,3.2,6.2,129.4,234.0,24.4,70.6,19.0,7.6,14.0,52.6,17.2,16.8,52.4,31.4,4.2,8.0,15.0,6.0,8.4,3.0,5.4,5.4,-38.6,46.4,0.552991452991453
m_1R2IMx,2026-07-29,t_3TbOfu,Deportivo Riestra,3.0,5.4,123.8,228.6,24.0,71.4,18.4,7.2,15.4,52.4,18.4,15.8,52.0,35.6,3.2,8.4,15.2,5.8,10.2,3.8,6.4,4.6,-37.0,46.2,0.5415573053368329
m_1sTPds,2026-08-02,t_3TbOfu,Deportivo Riestra,3.2,5.8,112.2,211.0,22.8,66.6,15.2,5.0,16.2,53.4,18.6,16.2,50.8,32.8,2.6,9.6,17.2,5.4,11.6,4.8,6.8,4.6,-37.2,45.4,0.5317535545023697
m_3xPV3E,2026-08-08,t_3TbOfu,Deportivo Riestra,3.8,6.4,116.2,221.0,21.0,67.0,15.8,5.0,17.8,58.4,20.4,16.4,52.8,35.6,2.8,9.6,18.6,6.0,12.8,5.4,7.4,3.8,-40.6,46.8,0.5257918552036199
m_4Y2JeT,2026-08-15,t_3TbOfu,Deportivo Riestra,3.8,6.8,120.0,224.2,21.2,69.2,15.4,5.4,17.4,58.8,18.8,19.2,54.8,30.2,1.8,9.2,16.8,6.4,14.6,6.4,8.2,3.6,-41.4,48.4,0.5352363960749331
m_3jpi32,2026-08-23,t_3TbOfu,Deportivo Riestra,4.0,7.0,124.6,228.2,21.2,73.2,16.4,6.4,17.2,58.8,18.6,21.0,54.2,27.8,2.4,9.6,15.0,6.8,14.8,6.6,8.2,2.4,-41.6,47.4,0.5460122699386503
m_4bZ5kw,2026-08-29,t_3TbOfu,Deportivo Riestra,3.6,7.2,129.0,241.0,23.2,75.8,19.6,7.0,17.8,63.6,19.0,23.0,53.8,23.4,2.6,8.4,13.6,8.4,14.8,7.2,7.6,2.6,-45.8,45.4,0.5352697095435685
m_08AJGA,2026-09-04,t_3TbOfu,Deportivo Riestra,3.2,5.6,123.8,229.0,21.0,76.4,18.0,7.8,18.0,60.2,18.8,24.0,55.4,28.4,3.4,6.8,12.4,9.2,14.4,7.2,7.2,2.6,-42.2,46.2,0.5406113537117904
m_0AnTKr,2026-09-14,t_3TbOfu,Deportivo Riestra,3.2,4.4,121.2,227.0,23.0,77.4,16.8,7.6,18.0,57.0,18.8,22.8,57.4,28.8,3.2,6.8,12.6,9.8,13.0,7.2,5.8,2.6,-39.0,47.6,0.533920704845815
m_2vy6Yj,2026-09-14,t_3TbOfu,Deportivo Riestra,3.6,6.6,133.2,242.6,27.6,79.4,19.8,8.4,19.0,57.4,19.6,20.0,58.2,30.0,2.8,6.0,16.0,9.4,11.8,6.6,5.2,2.8,-38.4,48.8,0.5490519373454246
m_1BLvBV,2026-01-26,t_3XuEvf,Argentinos Juniors,0.0,0.0,0.0,0.0,0.0,0.0,0.0,0.0,0.0,0.0,0.0,0.0,0.0,0.0,0.0,0.0,0.0,0.0,0.0,0.0,0.0,0.0,0.0,0.0,0.0
m_1mw3rN,2026-01-30,t_3XuEvf,Argentinos Juniors,11.0,17.0,353.0,416.0,34.0,53.0,28.0,17.0,18.0,57.0,17.0,13.0,54.0,27.0,1.0,5.0,22.0,7.0,18.0,7.0,11.0,1.0,-39.0,47.0,0.8485576923076923
m_0ks99k,2026-02-03,t_3XuEvf,Argentinos Juniors,7.0,12.0,458.0,533.0,34.5,62.5,28.0,16.0,16.0,53.0,14.5,16.0,50.5,23.5,1.0,6.0,17.0,8.0,16.0,6.0,10.0,0.5,-37.0,42.5,0.8592870544090057
m_21nAGO,2026-02-07,t_3XuEvf,Argentinos Juniors,6.666666666666667,12.0,476.6666666666667,558.3333333333334,43.333333333333336,68.66666666666667,28.0,14.0,16.0,55.0,15.333333333333334,19.0,57.666666666666664,23.666666666666668,1.3333333333333333,6.0,18.0,9.0,19.666666666666668,6.333333333333333,13.333333333333334,2.0,-39.0,48.666666666666664,0.8537313432835821
m_064D4L,2026-02-13,t_3XuEvf,Argentinos Juniors,6.25,11.5,411.5,489.25,36.75,60.75,27.0,13.0,16.0,55.0,14.5,19.5,50.75,27.25,2.25,7.5,18.0,8.0,18.75,7.0,11.75,1.75,-39.0,42.75,0.8410832907511497
m_3FQmVY,2026-03-01,t_3XuEvf,Argentinos Juniors,6.0,11.6,389.0,469.8,34.4,62.2,24.4,13.8,16.6,53.6,15.4,19.4,52.6,25.6,2.6,6.6,19.4,7.4,19.0,6.6,12.4,1.6,-37.0,45.2,0.8280119199659429
m_1WKjOD,2026-03-11,t_3XuEvf,Argentinos Juniors,5.4,11.0,417.8,507.6,32.0,65.6,24.6,19.2,15.8,51.4,14.4,20.0,54.2,25.8,3.2,6.4,20.2,7.2,19.0,6.4,12.6,2.2,-35.6,47.0,0.8230890464933018
m_2yIwhJ,2026-03-16,t_3XuEvf,Argentinos Juniors,5.2,11.0,382.4,475.8,31.8,65.8,23.0,20.4,15.6,50.6,14.4,19.6,57.4,24.0,3.6,7.0,21.8,6.4,19.2,6.6,12.6,3.0,-35.0,51.0,0.8036990332072299
m_1Y4U8l,2026-03-23,t_3XuEvf,Argentinos Juniors,4.6,10.0,373.2,461.8,24.8,60.6,20.6,20.4,14.4,47.6,13.2,18.4,53.2,24.4,3.2,7.0,22.8,5.0,16.0,5.8,10.2,2.4,-33.2,48.2,0.8081420528367259
m_1c9W0N,2026-03-27,t_3XuEvf,Argentinos Juniors,4.4,11.2,406.0,502.0,26.6,67.4,20.2,22.0,15.0,47.4,14.2,16.2,58.2,19.8,2.8,5.6,24.4,6.6,17.6,5.6,12.0,2.4,-32.4,51.6,0.8087649402390438
m_3hUrMw,2026-03-31,t_3XuEvf,Argentinos Juniors,4.4,11.0,444.8,538.0,31.4,66.4,22.0,22.4,12.6,48.0,13.2,17.8,57.2,21.6,2.6,6.4,22.6,7.0,15.2,5.0,10.2,2.2,-35.4,50.2,0.8267657992565056
m_1ABinW,2026-04-06,t_3XuEvf,Argentinos Juniors,3.6,9.0,469.0,554.6,34.6,62.6,18.4,16.0,14.6,51.4,14.8,16.4,54.8,20.0,2.6,7.4,22.0,7.4,17.8,6.2,11.6,2.2,-36.8,47.4,0.8456545257843491
m_0sFzNT,2026-04-11,t_3XuEvf,Argentinos Juniors,4.6,9.2,489.8,567.4,35.0,59.6,19.2,14.8,15.8,53.4,15.4,16.4,52.4,23.0,2.4,7.6,21.4,9.2,19.2,6.4,12.8,1.6,-37.6,43.2,0.8632358124779697
m_0UgeFv,2026-04-19,t_3XuEvf,Argentinos Juniors,4.2,9.0,461.2,537.2,35.0,58.4,19.6,15.2,17.8,56.0,16.8,14.0,51.2,20.8,2.6,8.6,18.2,10.2,21.0,8.2,12.8,1.8,-38.2,41.0,0.8585256887565152
m_4Q9jVb,2026-04-28,t_3XuEvf,Argentinos Juniors,4.6,8.0,477.8,548.4,38.2,57.2,20.2,15.2,16.8,54.2,15.8,16.4,52.2,22.6,2.2,8.0,18.0,10.4,19.6,8.0,11.6,1.6,-37.4,41.8,0.8712618526622903
m_1fmUw8,2026-05-03,t_3XuEvf,Argentinos Juniors,4.0,6.4,447.8,516.0,33.2,55.6,18.4,13.8,20.8,54.8,18.4,14.6,51.4,24.0,2.4,7.6,20.8,11.6,21.2,9.4,11.8,2.2,-34.0,39.8,0.8678294573643411
m_2t96qK,2026-05-10,t_3XuEvf,Argentinos Juniors,3.8,7.4,412.4,482.6,34.4,60.6,23.4,14.8,20.0,52.6,16.6,15.6,52.4,24.4,2.2,7.2,20.2,11.0,20.4,9.4,11.0,1.4,-32.6,41.4,0.854537919602155
m_3CeTeZ,2026-05-13,t_3XuEvf,Argentinos Juniors,4.0,7.2,378.6,450.4,32.2,60.2,21.2,14.0,20.4,51.6,17.8,17.2,54.6,24.2,2.6,7.0,22.4,10.2,20.6,9.6,11.0,1.6,-31.2,44.4,0.8405861456483126
m_0JyeiC,2026-05-17,t_3XuEvf,Argentinos Juniors,4.6,8.2,417.4,497.6,35.8,64.2,23.6,13.8,21.0,52.6,17.0,20.0,60.0,27.0,2.8,5.6,26.0,9.6,22.2,9.6,12.6,1.8,-31.6,50.4,0.8388263665594855
m_3bFbbT,2026-07-23,t_3XuEvf,Argentinos Juniors,5.0,8.6,412.2,499.0,35.8,69.4,24.4,14.0,22.6,58.4,20.2,20.8,64.2,33.2,3.2,6.2,27.0,9.6,24.0,10.2,13.8,2.2,-35.8,54.6,0.8260521042084168
m_3zA6AY,2026-07-29,t_3XuEvf,Argentinos Juniors,5.6,10.2,421.6,508.4,38.6,68.8,23.4,15.0,20.0,58.8,17.4,20.6,66.6,35.0,3.0,7.6,26.0,9.8,24.0,9.8,14.2,1.8,-38.8,56.8,0.8292682926829268
m_1cKmol,2026-08-01,t_3XuEvf,Argentinos Juniors,6.8,10.6,443.4,531.6,39.2,66.2,19.2,14.8,21.2,57.0,19.0,21.2,66.2,36.0,2.8,7.6,24.8,10.4,23.8,9.8,14.0,2.6,-35.8,55.8,0.8340857787810384
m_3HhWIs,2026-08-09,t_3XuEvf,Argentinos Juniors,6.0,10.6,493.8,578.4,38.8,65.8,19.2,16.2,21.0,55.2,19.0,20.0,64.4,37.2,2.2,7.0,22.4,10.4,21.6,9.2,12.4,2.6,-34.2,54.0,0.8537344398340249
m_4fCzkt,2026-08-16,t_3XuEvf,Argentinos Juniors,7.2,10.8,476.4,555.6,38.0,62.8,20.0,16.6,19.2,54.0,19.8,19.6,61.8,35.8,2.6,8.4,20.8,11.6,19.8,7.6,12.2,2.2,-34.8,50.2,0.857451403887689
m_38XAFZ,2026-08-25,t_3XuEvf,Argentinos Juniors,5.6,9.0,474.2,546.8,35.4,56.8,16.8,15.2,19.2,51.0,17.8,18.8,53.8,27.2,2.4,9.4,18.4,10.4,19.6,7.4,12.2,2.0,-31.8,43.4,0.8672275054864668
m_1B4lCI,2026-08-30,t_3XuEvf,Argentinos Juniors,5.4,8.6,494.6,573.0,35.0,59.8,19.6,14.6,20.6,51.4,19.2,18.0,49.4,21.2,2.0,9.2,16.8,10.2,19.0,8.0,11.0,3.2,-30.8,39.2,0.8631762652705061
m_1lN21b,2026-09-07,t_3XuEvf,Argentinos Juniors,5.0,10.2,488.2,565.0,35.2,64.2,24.8,15.2,19.0,54.8,18.6,17.8,48.4,19.4,1.6,9.2,18.4,12.6,17.6,7.2,10.4,2.6,-35.8,35.8,0.864070796460177
m_2tVeMD,2026-09-13,t_3XuEvf,Argentinos Juniors,4.8,9.8,458.6,541.2,36.6,66.6,24.6,13.4,17.4,57.6,17.4,17.6,51.8,16.4,2.0,10.2,19.4,12.0,17.6,6.8,10.8,2.4,-40.2,39.8,0.8473762010347377
m_43Vm4s,2026-01-24,t_3mLGSt,Newell's Old Boys,0.0,0.0,0.0,0.0,0.0,0.0,0.0,0.0,0.0,0.0,0.0,0.0,0.0,0.0,0.0,0.0,0.0,0.0,0.0,0.0,0.0,0.0,0.0,0.0,0.0
m_1BPKXp,2026-01-28,t_3mLGSt,Newell's Old Boys,3.0,8.0,134.0,200.0,12.0,35.0,22.0,7.0,16.0,41.0,15.0,18.0,42.0,30.0,4.0,4.0,13.0,5.0,12.0,5.0,7.0,4.0,-25.0,37.0,0.67
m_2jSZpM,2026-02-01,t_3mLGSt,Newell's Old Boys,3.5,8.5,143.0,216.5,16.5,47.0,25.5,10.0,17.5,48.5,18.5,18.5,42.5,31.5,2.5,5.0,14.5,6.5,13.0,5.5,7.5,2.5,-31.0,36.0,0.6605080831408776
m_1hisDs,2026-02-08,t_3mLGSt,Newell's Old Boys,2.6666666666666665,7.333333333333333,161.33333333333334,231.66666666666666,22.333333333333332,56.0,22.0,11.333333333333334,19.666666666666668,56.333333333333336,18.0,17.666666666666668,43.666666666666664,30.333333333333332,1.6666666666666667,6.666666666666667,15.666666666666666,5.666666666666667,16.666666666666668,7.0,9.666666666666666,2.6666666666666665,-36.666666666666664,38.0,0.6964028776978417
m_1CzDvn,2026-02-16,t_3mLGSt,Newell's Old Boys,3.75,9.25,172.5,247.0,26.0,59.75,24.25,12.25,18.0,58.5,16.5,16.5,44.75,28.5,1.25,6.5,17.0,6.5,17.75,6.75,11.0,2.0,-40.5,38.25,0.6983805668016194
m_4dWdyt,2026-02-21,t_3mLGSt,Newell's Old Boys,3.8,8.0,170.4,252.0,22.8,61.6,22.6,11.8,17.6,57.2,17.2,15.6,47.0,38.6,2.2,6.0,18.6,6.2,17.6,6.6,11.0,2.2,-39.6,40.8,0.6761904761904762
m_2byNvS,2026-02-25,t_3mLGSt,Newell's Old Boys,3.6,8.2,175.0,256.6,25.4,67.6,21.0,12.0,19.2,66.0,19.0,15.6,49.0,38.0,1.8,7.4,21.0,7.8,19.6,6.6,13.0,2.6,-46.8,41.2,0.6819953234606392
m_2sHWPe,2026-03-01,t_3mLGSt,Newell's Old Boys,3.0,7.8,185.2,267.2,26.2,65.8,21.0,12.0,20.6,64.4,18.2,14.2,50.8,36.0,2.6,7.8,20.8,7.0,21.6,7.6,14.0,3.4,-43.8,43.8,0.6931137724550899
m_0njgmB,2026-03-11,t_3mLGSt,Newell's Old Boys,3.2,7.8,179.0,267.8,23.2,62.0,21.8,11.0,18.6,63.6,17.6,14.4,52.0,38.2,3.2,6.8,20.2,8.0,20.0,6.8,13.2,3.4,-45.0,44.0,0.6684092606422704
m_1sCl2u,2026-03-17,t_3mLGSt,Newell's Old Boys,2.4,5.6,170.0,256.4,20.6,57.6,18.4,11.6,22.2,61.2,20.8,15.8,53.4,41.8,3.4,7.0,20.0,7.4,19.2,7.4,11.8,4.6,-39.0,46.0,0.6630265210608425
m_2gIXlp,2026-03-21,t_3mLGSt,Newell's Old Boys,2.0,5.4,192.8,267.0,22.4,51.8,17.0,11.6,22.4,58.6,20.4,15.8,49.6,31.6,2.8,7.4,17.8,7.4,20.0,8.0,12.0,4.4,-36.2,42.2,0.7220973782771536
m_0S9hu2,2026-04-05,t_3mLGSt,Newell's Old Boys,2.6,6.0,226.6,300.0,25.2,53.2,21.2,14.4,22.4,51.6,18.4,15.4,49.8,29.4,3.2,6.6,16.6,6.6,21.2,10.0,11.2,3.8,-29.2,43.2,0.7553333333333333
m_1WEirs,2026-04-12,t_3mLGSt,Newell's Old Boys,3.4,6.6,271.2,345.2,30.4,60.2,17.8,15.6,20.6,52.4,18.4,18.0,50.4,30.2,2.4,6.4,17.2,8.2,19.6,9.8,9.8,3.0,-31.8,42.2,0.7856315179606026
m_2518A4,2026-04-17,t_3mLGSt,Newell's Old Boys,3.6,7.4,278.8,350.4,32.4,59.6,18.8,17.8,22.2,46.2,19.0,16.8,51.8,26.4,2.2,6.4,18.4,7.2,21.2,10.6,10.6,2.6,-24.0,44.6,0.795662100456621
m_3kUgTn,2026-04-26,t_3mLGSt,Newell's Old Boys,3.6,7.2,269.8,338.2,30.8,55.4,18.4,16.2,21.4,50.0,18.0,16.4,51.2,30.8,3.6,7.2,18.8,8.0,21.4,11.2,10.2,3.0,-28.6,43.2,0.797752808988764
m_1P18Zr,2026-05-04,t_3mLGSt,Newell's Old Boys,4.0,8.8,277.0,351.2,33.0,57.8,21.4,17.6,22.6,49.4,17.8,17.0,54.8,30.0,3.0,6.4,22.0,8.2,21.2,11.2,10.0,3.2,-26.8,46.6,0.7887243735763098
m_4P8SSz,2026-07-25,t_3mLGSt,Newell's Old Boys,4.0,7.2,260.4,340.6,29.0,53.6,18.6,17.2,21.4,50.4,18.4,16.6,56.8,34.0,2.8,6.0,22.6,8.6,20.2,10.0,10.2,3.0,-29.0,48.2,0.7645331767469172
m_2tup6z,2026-07-31,t_3mLGSt,Newell's Old Boys,3.8,6.6,218.8,294.6,21.8,46.2,19.0,16.6,21.2,50.0,17.8,14.6,56.8,34.6,3.4,6.6,21.6,7.4,19.4,9.0,10.4,3.8,-28.8,49.4,0.7427019687712152
m_2Vtk92,2026-08-02,t_3mLGSt,Newell's Old Boys,3.4,5.0,247.8,326.4,21.6,51.8,17.4,14.6,22.6,57.8,20.6,17.4,56.4,35.6,3.6,8.6,21.8,8.4,20.4,8.8,11.6,4.2,-35.2,48.0,0.7591911764705882
m_208YJA,2026-08-09,t_3mLGSt,Newell's Old Boys,3.2,5.2,266.6,346.6,22.4,55.6,19.4,15.4,21.8,56.0,19.6,15.4,55.0,32.4,2.6,9.6,21.8,10.2,21.4,8.6,12.8,3.0,-34.2,44.8,0.7691863819965378
m_4Y2JeT,2026-08-15,t_3mLGSt,Newell's Old Boys,3.2,4.2,250.4,328.6,19.6,56.8,19.0,15.0,20.4,60.6,19.2,15.0,55.0,31.4,3.4,10.6,20.2,13.2,21.4,8.2,13.2,3.2,-40.2,41.8,0.7620206938527084
m_3yRTgE,2026-08-23,t_3mLGSt,Newell's Old Boys,2.8,4.6,269.8,349.6,21.2,59.6,19.4,13.2,20.4,61.6,19.2,15.8,55.4,35.2,3.2,10.8,19.8,12.4,21.4,8.2,13.2,3.4,-41.2,43.0,0.7717391304347826
m_23XA3J,2026-08-31,t_3mLGSt,Newell's Old Boys,3.2,5.6,283.0,366.2,24.6,60.2,20.2,12.8,20.8,60.2,19.6,16.6,54.6,32.6,3.0,10.2,22.6,12.0,22.2,8.8,13.4,3.4,-39.4,42.6,0.772801747678864
m_0Ksq5j,2026-09-06,t_3mLGSt,Newell's Old Boys,3.4,6.8,260.8,341.2,23.0,53.8,19.2,12.6,18.0,56.6,16.6,14.0,54.4,34.8,3.6,8.2,22.4,13.0,19.8,8.2,11.6,4.6,-38.6,41.4,0.7643610785463072
m_3tdQH8,2026-09-11,t_3mLGSt,Newell's Old Boys,3.4,6.8,251.0,333.4,22.4,53.6,18.2,11.4,17.0,55.2,18.6,17.0,55.6,30.4,3.8,6.4,22.4,10.6,18.6,6.6,12.0,4.4,-38.2,45.0,0.7528494301139772
m_1BLvBV,2026-01-26,t_3qkV0m,Sarmiento,0.0,0.0,0.0,0.0,0.0,0.0,0.0,0.0,0.0,0.0,0.0,0.0,0.0,0.0,0.0,0.0,0.0,0.0,0.0,0.0,0.0,0.0,0.0,0.0,0.0
m_2daQ30,2026-01-30,t_3qkV0m,Sarmiento,1.0,1.0,109.0,172.0,10.0,41.0,11.0,8.0,17.0,65.0,17.0,10.0,47.0,32.0,4.0,7.0,27.0,5.0,19.0,5.0,14.0,9.0,-48.0,42.0,0.6337209302325582
m_2PMEYZ,2026-02-04,t_3qkV0m,Sarmiento,5.0,7.0,206.0,273.5,17.5,51.0,14.5,11.5,13.5,60.5,13.5,15.0,40.0,30.5,2.5,5.5,20.5,5.0,13.5,4.0,9.5,5.5,-47.0,35.0,0.753199268738574
m_4EpGKB,2026-02-08,t_3qkV0m,Sarmiento,5.666666666666667,6.666666666666667,240.33333333333334,314.3333333333333,16.666666666666668,52.333333333333336,14.333333333333334,13.666666666666666,15.333333333333334,58.0,13.666666666666666,14.0,42.666666666666664,32.333333333333336,2.6666666666666665,5.666666666666667,18.666666666666668,6.333333333333333,16.333333333333332,7.333333333333333,9.0,5.666666666666667,-42.666666666666664,36.333333333333336,0.7645811240721103
m_0cdzvY,2026-02-14,t_3qkV0m,Sarmiento,5.75,7.25,232.0,308.5,17.0,51.5,14.5,13.25,17.0,62.0,14.25,14.5,45.5,36.75,2.25,6.25,17.5,7.0,19.0,8.25,10.75,4.75,-45.0,38.5,0.7520259319286872
m_2kYA49,2026-02-20,t_3qkV0m,Sarmiento,4.6,6.4,219.8,297.0,16.6,50.0,12.6,11.0,15.8,62.8,13.8,14.2,44.2,36.8,2.0,7.0,17.8,6.2,17.6,7.4,10.2,4.4,-47.0,38.0,0.7400673400673401
m_0cS0mC,2026-02-26,t_3qkV0m,Sarmiento,5.0,7.8,261.0,339.8,20.4,51.0,14.6,11.2,15.8,59.0,13.4,15.2,43.8,33.2,1.2,7.2,16.8,7.0,17.6,7.8,9.8,3.8,-43.2,36.8,0.7680988816951148
m_3B5PeK,2026-03-03,t_3qkV0m,Sarmiento,4.4,7.2,273.4,354.4,22.4,52.4,15.2,12.0,17.8,62.2,13.6,17.4,50.0,31.6,1.6,7.6,18.0,9.6,21.8,10.0,11.8,4.4,-44.4,40.4,0.7714446952595937
m_1vnmx3,2026-03-11,t_3qkV0m,Sarmiento,3.6,7.4,262.6,344.2,23.8,54.0,16.2,10.4,18.6,66.0,14.0,18.4,50.0,31.8,1.2,7.0,18.2,9.8,23.2,9.8,13.4,3.6,-47.4,40.2,0.7629285299244625
m_1fJ2Fa,2026-03-15,t_3qkV0m,Sarmiento,3.0,6.8,270.8,353.6,23.8,58.6,16.8,9.6,17.6,59.8,14.0,18.8,46.6,29.6,1.0,6.2,17.2,9.8,20.2,8.6,11.6,4.2,-42.2,36.8,0.7658371040723982
m_49lsqf,2026-03-22,t_3qkV0m,Sarmiento,3.2,6.4,257.6,337.6,21.8,56.8,16.8,10.0,18.6,56.0,14.8,20.6,47.0,27.4,2.8,5.0,16.6,9.8,20.4,8.8,11.6,5.6,-37.4,37.2,0.7630331753554502
m_03csNA,2026-04-02,t_3qkV0m,Sarmiento,3.4,6.4,233.6,313.8,19.6,58.2,14.8,9.2,17.0,56.2,13.8,20.6,45.4,32.0,3.4,5.0,15.4,9.4,19.0,8.2,10.8,4.8,-39.2,36.0,0.7444231994901211
m_4DcYBn,2026-04-13,t_3qkV0m,Sarmiento,2.8,6.6,243.4,321.0,17.8,56.0,13.4,9.0,16.0,49.8,15.4,16.0,41.4,31.8,3.2,5.6,13.2,7.6,15.8,6.4,9.4,4.2,-33.8,33.8,0.7582554517133956
m_2AINHd,2026-04-19,t_3qkV0m,Sarmiento,2.8,6.8,235.2,313.6,18.2,54.8,13.8,9.0,14.0,44.0,15.2,15.0,41.2,30.6,3.6,5.8,12.6,7.0,12.2,5.0,7.2,4.8,-30.0,34.2,0.75
m_19Px84,2026-04-25,t_3qkV0m,Sarmiento,2.4,6.2,225.8,299.8,17.4,50.4,12.2,9.6,14.2,47.4,16.0,16.4,43.8,29.6,5.6,6.8,13.8,8.6,12.0,4.6,7.4,4.6,-33.2,35.2,0.7531687791861241
m_2RNEop,2026-05-03,t_3qkV0m,Sarmiento,3.0,7.0,250.8,332.6,19.6,54.2,14.0,12.2,13.4,46.4,15.4,15.8,46.4,32.0,4.2,6.6,15.6,9.4,11.0,4.0,7.0,3.0,-33.0,37.0,0.7540589296452195
m_3bFbbT,2026-07-23,t_3qkV0m,Sarmiento,2.8,6.4,260.0,344.0,18.6,50.6,13.8,13.0,14.8,46.6,17.2,16.4,47.0,29.2,3.8,6.4,15.8,9.0,13.8,4.0,9.8,3.2,-31.8,38.0,0.7558139534883721
m_0U4Xso,2026-07-28,t_3qkV0m,Sarmiento,2.8,5.8,229.8,318.0,19.2,49.6,17.0,11.2,16.4,49.4,17.4,18.6,50.4,29.2,4.4,6.0,18.0,8.0,15.4,5.4,10.0,3.2,-33.0,42.4,0.7226415094339622
m_0YDAap,2026-08-08,t_3qkV0m,Sarmiento,3.2,5.4,253.0,335.8,17.8,50.0,16.6,12.2,19.0,53.8,19.0,19.6,50.4,27.4,4.0,6.4,20.4,8.2,19.0,6.2,12.8,3.2,-34.8,42.2,0.7534246575342466
m_0VVZir,2026-08-16,t_3qkV0m,Sarmiento,4.0,6.0,247.0,332.6,18.0,49.8,18.6,12.0,19.4,53.8,18.2,17.4,48.6,28.8,2.6,6.4,20.2,5.8,20.8,7.4,13.4,3.4,-34.4,42.8,0.7426337943475646
m_3xzvfD,2026-08-23,t_3qkV0m,Sarmiento,4.2,6.6,221.0,300.8,17.4,47.8,20.0,12.2,21.4,55.6,19.6,18.0,47.2,28.4,2.8,7.8,17.4,5.8,21.8,8.6,13.2,3.0,-34.2,41.4,0.7347074468085106
m_1bDP6c,2026-08-28,t_3qkV0m,Sarmiento,4.8,7.2,193.8,269.2,18.2,52.4,20.0,11.8,21.0,55.8,19.0,16.6,47.4,30.6,3.2,8.4,17.4,5.8,19.4,8.8,10.6,3.6,-34.8,41.6,0.7199108469539376
m_4fJmCv,2026-09-04,t_3qkV0m,Sarmiento,5.4,7.0,191.8,263.8,18.6,55.8,19.2,11.2,19.2,56.6,17.8,16.6,44.4,29.0,2.4,7.6,17.8,7.8,18.4,7.0,11.4,3.4,-37.4,36.6,0.7270659590598939
m_0ZigWJ,2026-09-13,t_3qkV0m,Sarmiento,5.2,7.4,162.0,236.6,20.4,57.4,17.8,11.8,17.8,53.2,17.2,18.0,43.8,35.0,3.6,8.6,16.2,8.6,14.6,6.0,8.6,3.0,-35.4,35.2,0.6846999154691462
m_1bOPPX,2026-01-24,t_45vTPl,Atlético Tucumán,0.0,0.0,0.0,0.0,0.0,0.0,0.0,0.0,0.0,0.0,0.0,0.0,0.0,0.0,0.0,0.0,0.0,0.0,0.0,0.0,0.0,0.0,0.0,0.0,0.0
m_2XR10W,2026-01-28,t_45vTPl,Atlético Tucumán,5.0,7.0,200.0,289.0,21.0,63.0,15.0,10.0,20.0,70.0,17.0,12.0,46.0,23.0,1.0,11.0,18.0,12.0,24.0,7.0,17.0,3.0,-50.0,34.0,0.6920415224913494
m_3bjCVs,2026-02-01,t_45vTPl,Atlético Tucumán,5.0,11.5,274.0,368.5,31.5,66.0,22.5,10.5,17.5,62.0,12.0,12.5,46.0,20.0,0.5,8.0,21.0,9.0,22.5,8.0,14.5,2.5,-44.5,37.0,0.7435549525101763
m_4EpGKB,2026-02-08,t_45vTPl,Atlético Tucumán,4.666666666666667,8.666666666666666,245.33333333333334,340.6666666666667,29.666666666666668,64.66666666666667,23.333333333333332,10.666666666666666,20.0,59.666666666666664,15.666666666666666,15.666666666666666,43.666666666666664,24.666666666666668,1.3333333333333333,8.0,20.333333333333332,8.333333333333334,21.0,7.666666666666667,13.333333333333334,1.6666666666666667,-39.666666666666664,35.333333333333336,0.7201565557729941
m_37CuJS,2026-02-15,t_45vTPl,Atlético Tucumán,4.25,7.25,233.5,328.75,29.25,66.5,22.25,11.25,21.5,60.75,17.25,17.0,44.5,26.0,1.25,8.75,20.5,8.75,20.0,7.75,12.25,2.25,-39.25,35.75,0.7102661596958175
m_2MNUQn,2026-02-20,t_45vTPl,Atlético Tucumán,4.8,8.4,222.0,315.6,30.2,66.6,20.8,10.4,20.0,60.0,15.8,20.4,45.4,25.0,1.4,9.6,19.2,7.8,18.8,7.6,11.2,1.8,-40.0,37.6,0.7034220532319392
m_4GDLN6,2026-02-25,t_45vTPl,Atlético Tucumán,4.0,7.8,208.0,300.0,29.0,63.4,19.4,11.4,18.2,58.0,15.0,22.0,44.8,26.4,2.4,8.4,20.6,7.4,18.8,7.0,11.8,1.2,-39.8,37.4,0.6933333333333334
m_1DDmUV,2026-03-04,t_45vTPl,Atlético Tucumán,3.4,6.0,196.4,286.0,26.8,61.6,17.4,11.0,19.2,55.8,19.4,24.4,44.8,25.0,3.0,8.6,20.6,8.4,16.8,6.0,10.8,1.0,-36.6,36.4,0.6867132867132867
m_3yk8on,2026-03-12,t_45vTPl,Atlético Tucumán,3.4,7.0,195.8,285.6,25.8,62.2,16.2,10.2,18.4,53.2,18.6,22.2,44.6,22.0,3.2,7.8,19.6,7.8,17.4,6.2,11.2,1.2,-34.8,36.8,0.6855742296918768
m_0yVlJb,2026-03-16,t_45vTPl,Atlético Tucumán,3.8,8.8,214.4,311.2,26.6,65.0,19.6,9.2,16.2,52.8,16.0,21.2,43.6,22.0,3.8,7.0,18.6,7.8,17.6,6.6,11.0,0.4,-36.6,35.8,0.6889460154241646
m_1c7isO,2026-03-21,t_45vTPl,Atlético Tucumán,3.0,8.2,247.6,345.4,25.6,62.6,22.0,12.0,15.6,49.4,16.4,18.8,42.6,23.8,3.6,5.6,18.2,7.8,16.2,5.6,10.6,0.6,-33.8,34.8,0.7168500289519398
m_0QgN6d,2026-04-05,t_45vTPl,Atlético Tucumán,3.2,9.0,257.6,355.8,28.4,64.6,24.6,10.6,18.4,46.6,18.0,17.4,44.2,23.8,3.4,6.2,16.8,7.2,15.0,6.4,8.6,0.8,-28.2,37.0,0.7240022484541877
m_19b0Rn,2026-04-12,t_45vTPl,Atlético Tucumán,3.6,9.2,230.4,322.2,25.4,62.0,24.0,10.6,17.8,48.6,15.2,14.6,42.2,26.2,3.0,7.6,15.4,6.4,16.0,7.2,8.8,1.8,-30.8,35.8,0.7150837988826816
m_0UgeFv,2026-04-19,t_45vTPl,Atlético Tucumán,3.0,8.2,240.6,335.8,26.4,62.4,25.8,11.4,17.8,53.8,15.4,15.8,45.2,27.2,2.8,8.6,16.6,7.6,17.0,7.8,9.2,2.4,-36.0,37.6,0.7164979154258487
m_2uyJMX,2026-04-26,t_45vTPl,Atlético Tucumán,2.0,6.4,216.8,302.4,23.4,54.6,20.6,10.2,17.6,51.4,18.0,16.8,48.0,26.2,2.6,8.6,19.2,6.8,15.2,6.2,9.0,3.4,-33.8,41.2,0.716931216931217
m_29QdK5,2026-05-03,t_45vTPl,Atlético Tucumán,2.8,6.6,207.0,293.6,24.6,56.4,19.0,9.0,19.0,54.8,20.2,18.6,53.2,24.6,3.0,8.2,22.6,7.4,18.4,7.2,11.2,3.4,-35.8,45.8,0.7050408719346049
m_38l4Ru,2026-07-26,t_45vTPl,Atlético Tucumán,3.0,5.6,195.8,283.4,21.4,55.0,16.8,10.2,20.2,57.8,23.0,21.2,54.6,23.6,3.2,9.6,23.6,9.2,17.4,7.0,10.4,4.2,-37.6,45.4,0.6908962597035991
m_4Qe3bh,2026-07-31,t_45vTPl,Atlético Tucumán,2.4,4.8,195.6,287.0,20.8,56.2,18.2,10.8,21.0,57.2,24.4,22.2,55.0,25.4,3.4,7.8,23.8,8.8,17.4,7.4,10.0,3.6,-36.2,46.2,0.6815331010452962
m_0KKvFY,2026-08-04,t_45vTPl,Atlético Tucumán,2.8,5.8,204.4,289.0,18.8,52.2,14.2,12.4,20.0,52.4,23.8,21.2,56.0,25.6,3.6,7.0,23.4,8.0,15.8,6.6,9.2,3.0,-32.4,48.0,0.7072664359861591
m_0YDAap,2026-08-08,t_45vTPl,Atlético Tucumán,3.4,7.4,214.2,297.8,19.8,55.8,15.2,14.2,20.6,54.6,22.4,19.6,57.4,26.4,3.6,6.4,21.6,9.0,20.6,8.2,12.4,2.2,-34.0,48.4,0.7192746809939556
m_17RFeg,2026-08-17,t_45vTPl,Atlético Tucumán,3.2,7.2,200.8,281.8,19.4,55.2,18.0,13.6,20.2,55.6,20.6,15.6,49.2,28.2,3.4,7.4,18.8,7.8,21.2,8.6,12.6,2.6,-35.4,41.4,0.7125621007806955
m_4Vv4zW,2026-08-22,t_45vTPl,Atlético Tucumán,3.2,7.6,228.0,311.2,21.0,55.8,21.6,14.8,19.2,59.2,17.8,14.2,49.8,28.6,3.2,5.8,16.8,7.8,25.2,9.6,15.6,1.8,-40.0,42.0,0.7326478149100257
m_02m9E0,2026-08-30,t_45vTPl,Atlético Tucumán,3.6,8.4,255.8,347.2,25.4,56.8,22.2,15.6,19.4,61.4,18.0,16.0,55.0,29.2,3.2,6.0,16.0,9.4,25.6,8.8,16.8,1.8,-42.0,45.6,0.7367511520737328
m_3Sp87a,2026-09-07,t_45vTPl,Atlético Tucumán,3.4,9.0,244.6,337.4,26.4,58.6,24.0,14.0,20.0,60.4,19.2,18.4,55.6,28.0,3.0,6.2,17.4,9.6,24.2,8.2,16.0,2.2,-40.4,46.0,0.7249555423829283
m_3TfyzU,2026-09-12,t_45vTPl,Atlético Tucumán,4.0,7.8,225.4,322.6,25.8,56.4,22.8,14.0,20.8,59.8,19.6,20.2,52.4,29.4,3.2,7.2,17.0,8.8,20.8,8.2,12.6,2.6,-39.0,43.6,0.698698078115313
