match_id,sofascore_event_id,date,player_id,player_name,team_name,rival_team_name,position,matchup_score,matchup_score_propio,matchup_score_rival,matchup_score_interaccion,titular,minutos,rating,metodo_verificacion,estado
m_0MqdAY,15269902.0,2026-01-22,p_3J8Smm,Agustín Palavecino,Aldosivi,Defensa y Justicia,VOL,,,,,,,,NO_ENCONTRADO_EN_ALINEACION,NO_ENCONTRADO_EN_ALINEACION
m_0MqdAY,15269902.0,2026-01-22,p_08vwDR,Alejandro Villarreal,Aldosivi,Defensa y Justicia,DEL,,,,,,,,NO_ENCONTRADO_EN_ALINEACION,NO_ENCONTRADO_EN_ALINEACION
m_0MqdAY,15269902.0,2026-01-22,p_2N9wLu,Federico Acevedo,Aldosivi,Defensa y Justicia,VOL,,,,,,,,NO_ENCONTRADO_EN_ALINEACION,NO_ENCONTRADO_EN_ALINEACION
m_0MqdAY,15269902.0,2026-01-22,p_4CFN2N,Joaquin Novillo,Aldosivi,Defensa y Justicia,DEF,,,,,,,,NO_ENCONTRADO_EN_ALINEACION,NO_ENCONTRADO_EN_ALINEACION
m_0MqdAY,15269902.0,2026-01-22,p_4UxTjM,Lucas Rodriguez,Aldosivi,Defensa y Justicia,DEF,,,,,,,,NO_ENCONTRADO_EN_ALINEACION,NO_ENCONTRADO_EN_ALINEACION
m_0MqdAY,15269902.0,2026-01-22,p_3GGul9,Martín García,Aldosivi,Defensa y Justicia,VOL,,,,,,,,NO_ENCONTRADO_EN_ALINEACION,NO_ENCONTRADO_EN_ALINEACION
m_0MqdAY,15269902.0,2026-01-22,p_1vLyyJ,Natanael Guzmán,Aldosivi,Defensa y Justicia,DEL,,,,,,,,NO_ENCONTRADO_EN_ALINEACION,NO_ENCONTRADO_EN_ALINEACION
m_0MqdAY,15269902.0,2026-01-22,p_1yzkvo,Roberto Agustin Bochi,Aldosivi,Defensa y Justicia,VOL,,,,,,,,NO_ENCONTRADO_EN_ALINEACION,NO_ENCONTRADO_EN_ALINEACION
m_4LyLYK,15270071.0,2026-01-22,p_0FsNVe,Lautaro Gómez,Banfield,Huracán,VOL,,,,,,,,NO_ENCONTRADO_EN_ALINEACION,NO_ENCONTRADO_EN_ALINEACION
m_4LyLYK,15270071.0,2026-01-22,p_0GQIIZ,Luis Ignacio Abraham,Banfield,Huracán,DEF,,,,,,,,NO_ENCONTRADO_EN_ALINEACION,NO_ENCONTRADO_EN_ALINEACION
m_4LyLYK,15270071.0,2026-01-22,p_2Qz55f,Santiago López,Banfield,Huracán,DEF,,,,,,,,NO_ENCONTRADO_EN_ALINEACION,NO_ENCONTRADO_EN_ALINEACION
m_4LyLYK,15270071.0,2026-01-22,p_1aIUNj,Tomás Adoryán,Banfield,Huracán,VOL,,,,,,,,NO_ENCONTRADO_EN_ALINEACION,NO_ENCONTRADO_EN_ALINEACION
m_0MqdAY,15269902.0,2026-01-22,p_0CoDTg,Esteban Lucero,Defensa y Justicia,Aldosivi,DEF,,,,,,,,NO_ENCONTRADO_EN_ALINEACION,NO_ENCONTRADO_EN_ALINEACION
m_0MqdAY,15269902.0,2026-01-22,p_3lcFKJ,Juan Gutiérrez,Defensa y Justicia,Aldosivi,DEL,,,,,,,,NO_ENCONTRADO_EN_ALINEACION,NO_ENCONTRADO_EN_ALINEACION
m_0MqdAY,15269902.0,2026-01-22,p_07rsoz,Ruben Botta,Defensa y Justicia,Aldosivi,VOL,,,,,,,,NO_ENCONTRADO_EN_ALINEACION,NO_ENCONTRADO_EN_ALINEACION
m_4LyLYK,15270071.0,2026-01-22,p_1HS5gG,Hernán Galindez,Huracán,Banfield,ARQ,,,,,,,,NO_ENCONTRADO_EN_ALINEACION,NO_ENCONTRADO_EN_ALINEACION
m_1bOPPX,15270072.0,2026-01-24,p_0sOPFt,Gaston Suso,Atlético Tucumán,Independiente Rivadavia,DEF,,,,,,,,NO_ENCONTRADO_EN_ALINEACION,NO_ENCONTRADO_EN_ALINEACION
m_1bOPPX,15270072.0,2026-01-24,p_0vs7Dx,Kevin Ortiz,Atlético Tucumán,Independiente Rivadavia,VOL,,,,,,,,NO_ENCONTRADO_EN_ALINEACION,NO_ENCONTRADO_EN_ALINEACION
m_1bOPPX,15270072.0,2026-01-24,p_2F62xT,Lautaro Godoy,Atlético Tucumán,Independiente Rivadavia,VOL,,,,,,,,NO_ENCONTRADO_EN_ALINEACION,NO_ENCONTRADO_EN_ALINEACION
m_1bOPPX,15270072.0,2026-01-24,p_34z7Nj,Ramiro Ruíz,Atlético Tucumán,Independiente Rivadavia,DEL,,,,,,,,NO_ENCONTRADO_EN_ALINEACION,NO_ENCONTRADO_EN_ALINEACION
m_3L4LL7,15269918.0,2026-01-24,p_0lnkFp,Dardo Federico Miloc,Barracas Central,River Plate,VOL,,,,,,,,NO_ENCONTRADO_EN_ALINEACION,NO_ENCONTRADO_EN_ALINEACION
m_3L4LL7,15269918.0,2026-01-24,p_3oLDhv,Iván Guaraz,Barracas Central,River Plate,VOL,,,,,,,,NO_ENCONTRADO_EN_ALINEACION,NO_ENCONTRADO_EN_ALINEACION
m_3L4LL7,15269918.0,2026-01-24,p_4duo4k,Marcelo Miño,Barracas Central,River Plate,ARQ,,,,,,,,NO_ENCONTRADO_EN_ALINEACION,NO_ENCONTRADO_EN_ALINEACION
m_3L4LL7,15269918.0,2026-01-24,p_0aq8MN,Maxi Puig,Barracas Central,River Plate,DEL,,,,,,,,NO_ENCONTRADO_EN_ALINEACION,NO_ENCONTRADO_EN_ALINEACION
m_3L4LL7,15269918.0,2026-01-24,p_3NlPl1,Nicolás Capraro,Barracas Central,River Plate,DEF,,,,,,,,NO_ENCONTRADO_EN_ALINEACION,NO_ENCONTRADO_EN_ALINEACION
m_1bOPPX,15270072.0,2026-01-24,p_2qOlGo,Juan Elordi,Independiente Rivadavia,Atlético Tucumán,DEF,,,,,,,,NO_ENCONTRADO_EN_ALINEACION,NO_ENCONTRADO_EN_ALINEACION
m_1bOPPX,15270072.0,2026-01-24,p_1LtoAE,Álex Arce,Independiente Rivadavia,Atlético Tucumán,DEL,,,,,,,,NO_ENCONTRADO_EN_ALINEACION,NO_ENCONTRADO_EN_ALINEACION
m_3L4LL7,15269918.0,2026-01-24,p_4e3a9Y,Juan Quintero,River Plate,Barracas Central,VOL,,,,,,,,NO_ENCONTRADO_EN_ALINEACION,NO_ENCONTRADO_EN_ALINEACION
m_2hYXmh,15269904.0,2026-01-25,p_3dYXua,Agustin Marchesin,Boca Juniors,Deportivo Riestra,ARQ,,,,,,,,NO_ENCONTRADO_EN_ALINEACION,NO_ENCONTRADO_EN_ALINEACION
m_2hYXmh,15269904.0,2026-01-25,p_08sFr2,Nicólas Watson,Deportivo Riestra,Boca Juniors,VOL,,,,,,,,NO_ENCONTRADO_EN_ALINEACION,NO_ENCONTRADO_EN_ALINEACION
m_2hYXmh,15269904.0,2026-01-25,p_1ZsIeq,Yonatan Goitía,Deportivo Riestra,Boca Juniors,VOL,,,,,,,,NO_ENCONTRADO_EN_ALINEACION,NO_ENCONTRADO_EN_ALINEACION
m_1BLvBV,15270070.0,2026-01-26,p_2OHkn8,Nicolás Oroz,Argentinos Juniors,Sarmiento,VOL,,,,,,,,NO_ENCONTRADO_EN_ALINEACION,NO_ENCONTRADO_EN_ALINEACION
m_3gOUak,15270069.0,2026-01-26,p_4RRzpa,Lucas Gonzalez,Estudiantes de Río Cuarto,Tigre,DEL,,,,,,,,NO_ENCONTRADO_EN_ALINEACION,NO_ENCONTRADO_EN_ALINEACION
m_3gOUak,15270069.0,2026-01-26,p_26QJ6K,Matias Ruiz Diaz,Estudiantes de Río Cuarto,Tigre,DEF,,,,,,,,NO_ENCONTRADO_EN_ALINEACION,NO_ENCONTRADO_EN_ALINEACION
m_3gOUak,15270069.0,2026-01-26,p_0qmDxs,Siro Rosané,Estudiantes de Río Cuarto,Tigre,VOL,,,,,,,,NO_ENCONTRADO_EN_ALINEACION,NO_ENCONTRADO_EN_ALINEACION
m_3gOUak,15270069.0,2026-01-26,p_3tzQhm,Tomás González,Estudiantes de Río Cuarto,Tigre,VOL,,,,,,,,NO_ENCONTRADO_EN_ALINEACION,NO_ENCONTRADO_EN_ALINEACION
m_1BLvBV,15270070.0,2026-01-26,p_3i5iMO,Diego Churín,Sarmiento,Argentinos Juniors,DEL,,,,,,,,NO_ENCONTRADO_EN_ALINEACION,NO_ENCONTRADO_EN_ALINEACION
m_1BLvBV,15270070.0,2026-01-26,p_4KUy2b,Jhon Rentería,Sarmiento,Argentinos Juniors,VOL,,,,,,,,NO_ENCONTRADO_EN_ALINEACION,NO_ENCONTRADO_EN_ALINEACION
m_1BLvBV,15270070.0,2026-01-26,p_2rSGAo,Juan Cabrera,Sarmiento,Argentinos Juniors,DEF,,,,,,,,NO_ENCONTRADO_EN_ALINEACION,NO_ENCONTRADO_EN_ALINEACION
m_1BLvBV,15270070.0,2026-01-26,p_2skQe1,Julián Contrera,Sarmiento,Argentinos Juniors,VOL,,,,,,,,NO_ENCONTRADO_EN_ALINEACION,NO_ENCONTRADO_EN_ALINEACION
m_1BLvBV,15270070.0,2026-01-26,p_03caFD,Manuel García,Sarmiento,Argentinos Juniors,VOL,,,,,,,,NO_ENCONTRADO_EN_ALINEACION,NO_ENCONTRADO_EN_ALINEACION
m_3gOUak,15270069.0,2026-01-26,p_444eWh,Jalil Elías,Tigre,Estudiantes de Río Cuarto,VOL,,,,,,,,NO_ENCONTRADO_EN_ALINEACION,NO_ENCONTRADO_EN_ALINEACION
m_3gOUak,15270069.0,2026-01-26,p_4YoHOP,Ramon Arias,Tigre,Estudiantes de Río Cuarto,DEF,,,,,,,,NO_ENCONTRADO_EN_ALINEACION,NO_ENCONTRADO_EN_ALINEACION
m_0GrdJU,15269923.0,2026-01-28,p_3ywdkO,Agustín Basso,Racing Club,Rosario Central,DEF,,,,,,,,NO_ENCONTRADO_EN_ALINEACION,NO_ENCONTRADO_EN_ALINEACION
m_0GrdJU,15269923.0,2026-01-28,p_0lXOYJ,Baltasar Rodríguez,Racing Club,Rosario Central,VOL,,,,,,,,NO_ENCONTRADO_EN_ALINEACION,NO_ENCONTRADO_EN_ALINEACION
m_0GrdJU,15269923.0,2026-01-28,p_2VZBmw,Marco Di Césare,Racing Club,Rosario Central,DEF,,,,,,,,NO_ENCONTRADO_EN_ALINEACION,NO_ENCONTRADO_EN_ALINEACION
m_0GrdJU,15269923.0,2026-01-28,p_4dBC4G,Valentin Carboni,Racing Club,Rosario Central,DEL,,,,,,,,NO_ENCONTRADO_EN_ALINEACION,NO_ENCONTRADO_EN_ALINEACION
m_0GrdJU,15269923.0,2026-01-28,p_47jtXa,Jáminton Campaz,Rosario Central,Racing Club,VOL,,,,,,,,NO_ENCONTRADO_EN_ALINEACION,NO_ENCONTRADO_EN_ALINEACION
m_0GrdJU,15269923.0,2026-01-28,p_1vKOON,Ángel Di Maria,Rosario Central,Racing Club,VOL,,,,,,,,NO_ENCONTRADO_EN_ALINEACION,NO_ENCONTRADO_EN_ALINEACION
m_2jSZpM,15270075.0,2026-02-01,p_4HZbhQ,Armando Mendez,Newell's Old Boys,Boca Juniors,DEF,,,,,,,,NO_ENCONTRADO_EN_ALINEACION,NO_ENCONTRADO_EN_ALINEACION
m_2jSZpM,15270075.0,2026-02-01,p_2Nqqrm,Facundo Samuel Guch,Newell's Old Boys,Boca Juniors,VOL,,,,,,,,NO_ENCONTRADO_EN_ALINEACION,NO_ENCONTRADO_EN_ALINEACION
m_2jSZpM,15270075.0,2026-02-01,p_23RfET,Saul Salcedo,Newell's Old Boys,Boca Juniors,DEF,,,,,,,,NO_ENCONTRADO_EN_ALINEACION,NO_ENCONTRADO_EN_ALINEACION
m_2jSZpM,15270075.0,2026-02-01,p_0L7hVd,Walter Núñez,Newell's Old Boys,Boca Juniors,VOL,,,,,,,,NO_ENCONTRADO_EN_ALINEACION,NO_ENCONTRADO_EN_ALINEACION
m_4PxDme,15270088.0,2026-02-08,p_3SxKvy,Agustín Ladstatter,San Lorenzo,Huracán,VOL,,,,,,,,NO_ENCONTRADO_EN_ALINEACION,NO_ENCONTRADO_EN_ALINEACION
m_4PxDme,15270088.0,2026-02-08,p_1zRg0F,Fabricio Lopez,San Lorenzo,Huracán,DEF,,,,,,,,NO_ENCONTRADO_EN_ALINEACION,NO_ENCONTRADO_EN_ALINEACION
m_4PxDme,15270088.0,2026-02-08,p_4YbP7i,Gaston Hernandez,San Lorenzo,Huracán,DEF,,,,,,,,NO_ENCONTRADO_EN_ALINEACION,NO_ENCONTRADO_EN_ALINEACION
m_4PxDme,15270088.0,2026-02-08,p_198uFp,Gregorio Rodríguez,San Lorenzo,Huracán,VOL,,,,,,,,NO_ENCONTRADO_EN_ALINEACION,NO_ENCONTRADO_EN_ALINEACION
m_4PxDme,15270088.0,2026-02-08,p_0wOnZY,Luciano Dario Vietto,San Lorenzo,Huracán,VOL,,,,,,,,NO_ENCONTRADO_EN_ALINEACION,NO_ENCONTRADO_EN_ALINEACION
m_4PxDme,15270088.0,2026-02-08,p_4WViuG,Teo Pagano,San Lorenzo,Huracán,DEF,,,,,,,,NO_ENCONTRADO_EN_ALINEACION,NO_ENCONTRADO_EN_ALINEACION
m_14fRnJ,15270093.0,2026-02-09,p_1A6WgI,Aaron Quirós,Vélez Sarsfield,Boca Juniors,DEF,,,,,,,,NO_ENCONTRADO_EN_ALINEACION,NO_ENCONTRADO_EN_ALINEACION
m_14fRnJ,15270093.0,2026-02-09,p_2vr8Bq,Álex Verón,Vélez Sarsfield,Boca Juniors,VOL,,,,,,,,NO_ENCONTRADO_EN_ALINEACION,NO_ENCONTRADO_EN_ALINEACION
m_31Xzsf,15270106.0,2026-02-15,p_137tuu,Ignacio Vázquez,Club Atlético Platense,Boca Juniors,DEF,,,,,,,,NO_ENCONTRADO_EN_ALINEACION,NO_ENCONTRADO_EN_ALINEACION
m_31Xzsf,15270106.0,2026-02-15,p_0ivFZd,Juan Saborido,Club Atlético Platense,Boca Juniors,DEF,,,,,,,,NO_ENCONTRADO_EN_ALINEACION,NO_ENCONTRADO_EN_ALINEACION
m_31Xzsf,15270106.0,2026-02-15,p_0H4brP,Tomás Silva,Club Atlético Platense,Boca Juniors,DEF,,,,,,,,NO_ENCONTRADO_EN_ALINEACION,NO_ENCONTRADO_EN_ALINEACION
m_0MqdAY,15269902.0,2026-01-22,p_1XRQ6D,Alan Sosa,Aldosivi,Defensa y Justicia,VOL,,,,,False,21.0,6.6,nombre,REVISAR_JUGO
m_0MqdAY,15269902.0,2026-01-22,p_2tK1WJ,Axel Werner,Aldosivi,Defensa y Justicia,ARQ,,,,,True,90.0,7.6,nombre,REVISAR_JUGO
m_0MqdAY,15269902.0,2026-01-22,p_2lDCQ8,Esteban Rolón,Aldosivi,Defensa y Justicia,VOL,,,,,True,84.0,6.8,nombre,REVISAR_JUGO
m_0MqdAY,15269902.0,2026-01-22,p_2A29Ip,Fernando Román,Aldosivi,Defensa y Justicia,DEF,,,,,True,90.0,7.0,nombre,REVISAR_JUGO
m_0MqdAY,15269902.0,2026-01-22,p_4d2Pri,Franco Leys,Aldosivi,Defensa y Justicia,VOL,,,,,False,16.0,6.8,nombre,REVISAR_JUGO
m_0MqdAY,15269902.0,2026-01-22,p_0U9NrS,Matías Morello,Aldosivi,Defensa y Justicia,VOL,,,,,True,90.0,6.9,nombre,REVISAR_JUGO
m_0MqdAY,15269902.0,2026-01-22,p_3No7F7,Rodrigo González,Aldosivi,Defensa y Justicia,DEF,,,,,True,90.0,6.9,nombre,REVISAR_JUGO
m_0MqdAY,15269902.0,2026-01-22,p_4IA6aI,Tomás Fernández,Aldosivi,Defensa y Justicia,VOL,,,,,False,21.0,6.6,nombre,REVISAR_JUGO
m_4LyLYK,15270071.0,2026-01-22,p_2kLWqN,Bruno Sepúlveda,Banfield,Huracán,DEL,,,,,True,76.0,5.8,nombre,REVISAR_JUGO
m_4LyLYK,15270071.0,2026-01-22,p_0DWgd7,Danilo Arboleda,Banfield,Huracán,DEF,,,,,True,90.0,7.1,nombre,REVISAR_JUGO
m_4LyLYK,15270071.0,2026-01-22,p_0Jq46V,Facundo Sanguinetti,Banfield,Huracán,ARQ,,,,,True,90.0,6.8,nombre,REVISAR_JUGO
m_4LyLYK,15270071.0,2026-01-22,p_1xn0Ep,Lautaro Ríos,Banfield,Huracán,VOL,,,,,True,90.0,6.6,nombre,REVISAR_JUGO
m_4LyLYK,15270071.0,2026-01-22,p_0flG1Q,Lucas Palavecino,Banfield,Huracán,VOL,,,,,False,9.0,6.4,nombre,REVISAR_JUGO
m_4LyLYK,15270071.0,2026-01-22,p_0Zmsp3,Mauro Méndez,Banfield,Huracán,DEL,,,,,True,81.0,7.6,nombre,REVISAR_JUGO
m_4LyLYK,15270071.0,2026-01-22,p_1EJPD1,Nicolás Meriano,Banfield,Huracán,DEF,,,,,True,90.0,6.2,nombre,REVISAR_JUGO
m_4LyLYK,15270071.0,2026-01-22,p_06z1T4,Rodrigo Auzmendi,Banfield,Huracán,DEL,,,,,False,14.0,6.5,nombre,REVISAR_JUGO
m_4LyLYK,15270071.0,2026-01-22,p_0yKkMd,Santiago Esquivel,Banfield,Huracán,VOL,,,,,True,79.0,6.2,nombre,REVISAR_JUGO
m_4LyLYK,15270071.0,2026-01-22,p_1wp3do,Sergio Vittor,Banfield,Huracán,DEF,,,,,True,90.0,6.7,nombre,REVISAR_JUGO
m_0MqdAY,15269902.0,2026-01-22,p_0ZM9a1,Abiel Osorio,Defensa y Justicia,Aldosivi,DEL,,,,,False,26.0,6.6,nombre,REVISAR_JUGO
m_0MqdAY,15269902.0,2026-01-22,p_2a5j21,Agustín Hausch,Defensa y Justicia,Aldosivi,DEF,,,,,False,1.0,,nombre,REVISAR_JUGO
m_0MqdAY,15269902.0,2026-01-22,p_1xgZEc,Ayrton Portillo,Defensa y Justicia,Aldosivi,DEF,,,,,True,90.0,6.5,nombre,REVISAR_JUGO
m_0MqdAY,15269902.0,2026-01-22,p_46qDWM,Cristopher Fiermarín,Defensa y Justicia,Aldosivi,ARQ,,,,,True,90.0,7.6,nombre,REVISAR_JUGO
m_0MqdAY,15269902.0,2026-01-22,p_1Bugui,Damián Fernández,Defensa y Justicia,Aldosivi,DEF,,,,,True,89.0,7.7,nombre,REVISAR_JUGO
m_0MqdAY,15269902.0,2026-01-22,p_1CLF1j,David Martínez,Defensa y Justicia,Aldosivi,DEF,,,,,True,90.0,7.5,nombre,REVISAR_JUGO
m_0MqdAY,15269902.0,2026-01-22,p_2j4Vzq,Elías Pereyra,Defensa y Justicia,Aldosivi,DEF,,,,,True,76.0,6.7,nombre,REVISAR_JUGO
m_0MqdAY,15269902.0,2026-01-22,p_3Xo6We,Juan Miritello,Defensa y Justicia,Aldosivi,DEL,,,,,True,89.0,6.6,nombre,REVISAR_JUGO
m_0MqdAY,15269902.0,2026-01-22,p_3sHKHi,Julián López,Defensa y Justicia,Aldosivi,VOL,,,,,True,90.0,6.4,nombre,REVISAR_JUGO
m_0MqdAY,15269902.0,2026-01-22,p_2JMaoS,Lucas Souto,Defensa y Justicia,Aldosivi,DEF,,,,,True,90.0,6.9,nombre,REVISAR_JUGO
m_0MqdAY,15269902.0,2026-01-22,p_2Vtoak,Mateo Aguiar,Defensa y Justicia,Aldosivi,VOL,,,,,False,14.0,6.8,nombre,REVISAR_JUGO
m_0MqdAY,15269902.0,2026-01-22,p_0ZcWJC,Nazareno Roselli,Defensa y Justicia,Aldosivi,DEF,,,,,False,1.0,,nombre,REVISAR_JUGO
m_0MqdAY,15269902.0,2026-01-22,p_4FS6tr,Santiago Sosa,Defensa y Justicia,Aldosivi,VOL,,,,,True,90.0,6.9,nombre,REVISAR_JUGO
m_4LyLYK,15270071.0,2026-01-22,p_1u5P1L,César Ibáñez,Huracán,Banfield,DEF,,,,,False,19.0,6.9,nombre,REVISAR_JUGO
m_4LyLYK,15270071.0,2026-01-22,p_3NPNrM,Emmanuel Ojeda,Huracán,Banfield,VOL,,,,,True,90.0,7.1,nombre,REVISAR_JUGO
m_4LyLYK,15270071.0,2026-01-22,p_1NZkbt,Eric Ramírez,Huracán,Banfield,VOL,,,,,False,19.0,7.0,nombre,REVISAR_JUGO
m_4LyLYK,15270071.0,2026-01-22,p_2CcRpn,Fabio Pereyra,Huracán,Banfield,DEF,,,,,True,90.0,6.3,nombre,REVISAR_JUGO
m_4LyLYK,15270071.0,2026-01-22,p_2U6bg5,Facundo Waller,Huracán,Banfield,VOL,,,,,True,90.0,7.1,nombre,REVISAR_JUGO
m_4LyLYK,15270071.0,2026-01-22,p_2xZbaM,Federico Vera,Huracán,Banfield,DEF,,,,,True,80.0,6.2,nombre,REVISAR_JUGO
m_4LyLYK,15270071.0,2026-01-22,p_46Ymcl,Jordy Caicedo,Huracán,Banfield,DEL,,,,,True,90.0,7.0,nombre,REVISAR_JUGO
m_4LyLYK,15270071.0,2026-01-22,p_2BQd7q,Leandro Lescano,Huracán,Banfield,DEF,,,,,True,71.0,6.7,nombre,REVISAR_JUGO
m_4LyLYK,15270071.0,2026-01-22,p_0iuC7I,Leonardo Gil,Huracán,Banfield,VOL,,,,,True,90.0,7.2,nombre,REVISAR_JUGO
m_4LyLYK,15270071.0,2026-01-22,p_4aWnwm,Leonardo Sequeira,Huracán,Banfield,DEL,,,,,False,10.0,6.5,nombre,REVISAR_JUGO
m_4LyLYK,15270071.0,2026-01-22,p_34qeAj,Nehuén Paz,Huracán,Banfield,DEF,,,,,True,90.0,6.8,nombre,REVISAR_JUGO
m_4LyLYK,15270071.0,2026-01-22,p_2w9GwT,Oscar Cortés,Huracán,Banfield,DEL,,,,,True,71.0,6.2,nombre,REVISAR_JUGO
m_4LyLYK,15270071.0,2026-01-22,p_2XJ5dS,Thaiel Peralta,Huracán,Banfield,VOL,,,,,True,57.0,5.7,nombre,REVISAR_JUGO
m_1bOPPX,15270072.0,2026-01-24,p_3AkXZM,Carlos Abeldano,Atlético Tucumán,Independiente Rivadavia,DEL,,,,,False,1.0,,nombre,REVISAR_JUGO
m_1bOPPX,15270072.0,2026-01-24,p_3q7gBJ,Clever Ferreira,Atlético Tucumán,Independiente Rivadavia,DEF,,,,,False,21.0,6.4,nombre,REVISAR_JUGO
m_1bOPPX,15270072.0,2026-01-24,p_1OO5Lc,Ezequiel Ham,Atlético Tucumán,Independiente Rivadavia,VOL,,,,,True,69.0,6.7,nombre,REVISAR_JUGO
m_1bOPPX,15270072.0,2026-01-24,p_08bYm3,Franco Nicola,Atlético Tucumán,Independiente Rivadavia,VOL,,,,,False,41.0,6.7,nombre,REVISAR_JUGO
m_1bOPPX,15270072.0,2026-01-24,p_33Honj,Gabriel Compagnucci,Atlético Tucumán,Independiente Rivadavia,VOL,,,,,True,89.0,6.5,nombre,REVISAR_JUGO
m_1bOPPX,15270072.0,2026-01-24,p_0Ubl4U,Gianluca Ferrari,Atlético Tucumán,Independiente Rivadavia,DEF,,,,,True,90.0,6.1,nombre,REVISAR_JUGO
m_1bOPPX,15270072.0,2026-01-24,p_39r0cc,Ignacio Galván,Atlético Tucumán,Independiente Rivadavia,DEF,,,,,True,90.0,6.6,nombre,REVISAR_JUGO
m_1bOPPX,15270072.0,2026-01-24,p_0ji027,Leandro Díaz,Atlético Tucumán,Independiente Rivadavia,DEL,,,,,True,90.0,8.0,nombre,REVISAR_JUGO
m_1bOPPX,15270072.0,2026-01-24,p_2hGCoi,Luis Ingolotti,Atlético Tucumán,Independiente Rivadavia,ARQ,,,,,True,90.0,6.7,nombre,REVISAR_JUGO
m_1bOPPX,15270072.0,2026-01-24,p_0cCrOD,Nicolás Laméndola,Atlético Tucumán,Independiente Rivadavia,VOL,,,,,True,89.0,6.3,nombre,REVISAR_JUGO
m_1bOPPX,15270072.0,2026-01-24,p_0LQUK3,Renzo Tesuri,Atlético Tucumán,Independiente Rivadavia,VOL,,,,,True,90.0,5.5,nombre,REVISAR_JUGO
m_3L4LL7,15269918.0,2026-01-24,p_4M9q4h,Enzo Taborda,Barracas Central,River Plate,VOL,,,,,False,8.0,6.8,nombre,REVISAR_JUGO
m_3L4LL7,15269918.0,2026-01-24,p_4GYgI9,Facundo Bruera,Barracas Central,River Plate,DEL,,,,,True,90.0,6.0,nombre,REVISAR_JUGO
m_3L4LL7,15269918.0,2026-01-24,p_3X6bRT,Fernando Tobio,Barracas Central,River Plate,DEF,,,,,True,82.0,6.4,nombre,REVISAR_JUGO
m_3L4LL7,15269918.0,2026-01-24,p_3f89Le,Gastón Campi,Barracas Central,River Plate,DEF,,,,,True,90.0,7.4,nombre,REVISAR_JUGO
m_3L4LL7,15269918.0,2026-01-24,p_4RLJIA,Gonzalo Morales,Barracas Central,River Plate,DEL,,,,,True,90.0,6.3,nombre,REVISAR_JUGO
m_3L4LL7,15269918.0,2026-01-24,p_2N9XHp,Iván Tapia,Barracas Central,River Plate,VOL,,,,,True,82.0,6.5,nombre,REVISAR_JUGO
m_3L4LL7,15269918.0,2026-01-24,p_1AxSLL,Manuel Duarte,Barracas Central,River Plate,VOL,,,,,False,18.0,6.7,nombre,REVISAR_JUGO
m_3L4LL7,15269918.0,2026-01-24,p_4YkG7y,Rafael Barrios,Barracas Central,River Plate,DEF,,,,,True,71.0,6.8,nombre,REVISAR_JUGO
m_3L4LL7,15269918.0,2026-01-24,p_0QeOVx,Rodrigo Insúa,Barracas Central,River Plate,VOL,,,,,True,90.0,6.2,nombre,REVISAR_JUGO
m_3L4LL7,15269918.0,2026-01-24,p_0mFzAI,Tomás Porra,Barracas Central,River Plate,VOL,,,,,True,72.0,6.4,nombre,REVISAR_JUGO
m_3L4LL7,15269918.0,2026-01-24,p_3WKRk7,Yonatthan Rak,Barracas Central,River Plate,DEF,,,,,False,8.0,6.7,nombre,REVISAR_JUGO
m_1bOPPX,15270072.0,2026-01-24,p_4Iz6rB,Alejo Osella,Independiente Rivadavia,Atlético Tucumán,DEF,,,,,True,90.0,6.8,nombre,REVISAR_JUGO
m_1bOPPX,15270072.0,2026-01-24,p_2VmVcx,Diego Crego,Independiente Rivadavia,Atlético Tucumán,VOL,,,,,False,13.0,6.7,nombre,REVISAR_JUGO
m_1bOPPX,15270072.0,2026-01-24,p_2gMEtp,Ezequiel Bonifacio,Independiente Rivadavia,Atlético Tucumán,DEF,,,,,False,8.0,6.7,nombre,REVISAR_JUGO
m_1bOPPX,15270072.0,2026-01-24,p_44aH5B,Fabrizio Sartori,Independiente Rivadavia,Atlético Tucumán,DEL,,,,,False,19.0,6.7,nombre,REVISAR_JUGO
m_1bOPPX,15270072.0,2026-01-24,p_4RJnnl,Gonzalo Ríos,Independiente Rivadavia,Atlético Tucumán,VOL,,,,,True,83.0,6.6,nombre,REVISAR_JUGO
m_1bOPPX,15270072.0,2026-01-24,p_0rDLh7,Iván Villalba,Independiente Rivadavia,Atlético Tucumán,DEF,,,,,True,90.0,6.9,nombre,REVISAR_JUGO
m_1bOPPX,15270072.0,2026-01-24,p_3SmwDm,José Florentín,Independiente Rivadavia,Atlético Tucumán,VOL,,,,,True,89.0,6.4,nombre,REVISAR_JUGO
m_1bOPPX,15270072.0,2026-01-24,p_1voGzb,Kevin Vázquez,Independiente Rivadavia,Atlético Tucumán,VOL,,,,,False,1.0,,nombre,REVISAR_JUGO
m_1bOPPX,15270072.0,2026-01-24,p_0IAs6W,Leonard Costa,Independiente Rivadavia,Atlético Tucumán,DEF,,,,,True,71.0,6.4,nombre,REVISAR_JUGO
m_1bOPPX,15270072.0,2026-01-24,p_4DVJGJ,Matías Fernández,Independiente Rivadavia,Atlético Tucumán,VOL,,,,,True,83.0,7.8,nombre,REVISAR_JUGO
m_1bOPPX,15270072.0,2026-01-24,p_0gsu1O,Nicolás Bolcato,Independiente Rivadavia,Atlético Tucumán,ARQ,,,,,True,90.0,7.1,nombre,REVISAR_JUGO
m_1bOPPX,15270072.0,2026-01-24,p_15Ftki,Rodrigo Atencio,Independiente Rivadavia,Atlético Tucumán,VOL,,,,,False,1.0,,nombre,REVISAR_JUGO
m_1bOPPX,15270072.0,2026-01-24,p_2R7VhN,Sheyko Studer,Independiente Rivadavia,Atlético Tucumán,DEF,,,,,True,90.0,6.3,nombre,REVISAR_JUGO
m_1bOPPX,15270072.0,2026-01-24,p_4PBWTZ,Tomás Bottari,Independiente Rivadavia,Atlético Tucumán,VOL,,,,,True,90.0,7.1,nombre,REVISAR_JUGO
m_3L4LL7,15269918.0,2026-01-24,p_2Dj6gK,Aníbal Moreno,River Plate,Barracas Central,VOL,,,,,True,90.0,7.4,nombre,REVISAR_JUGO
m_3L4LL7,15269918.0,2026-01-24,p_2NHgvd,Facundo Colidio,River Plate,Barracas Central,DEL,,,,,True,61.0,6.3,nombre,REVISAR_JUGO
m_3L4LL7,15269918.0,2026-01-24,p_22Hl59,Fausto Vera,River Plate,Barracas Central,VOL,,,,,True,60.0,6.3,nombre,REVISAR_JUGO
m_3L4LL7,15269918.0,2026-01-24,p_2TH5aa,Giuliano Galoppo,River Plate,Barracas Central,VOL,,,,,False,30.0,6.6,nombre,REVISAR_JUGO
m_3L4LL7,15269918.0,2026-01-24,p_2VOvJj,Gonzalo Montiel,River Plate,Barracas Central,DEF,,,,,True,90.0,7.9,nombre,REVISAR_JUGO
m_3L4LL7,15269918.0,2026-01-24,p_4d8JFW,Ian Subiabre,River Plate,Barracas Central,DEL,,,,,False,29.0,6.6,nombre,REVISAR_JUGO
m_3L4LL7,15269918.0,2026-01-24,p_3PsjP7,Lautaro Rivero,River Plate,Barracas Central,DEF,,,,,True,90.0,7.3,nombre,REVISAR_JUGO
m_3L4LL7,15269918.0,2026-01-24,p_2ho6O3,Lucas Martínez Quarta,River Plate,Barracas Central,DEF,,,,,True,90.0,8.2,nombre,REVISAR_JUGO
m_3L4LL7,15269918.0,2026-01-24,p_3Lt4mj,Matías Viña,River Plate,Barracas Central,DEF,,,,,True,90.0,7.0,nombre,REVISAR_JUGO
m_3L4LL7,15269918.0,2026-01-24,p_2cIE4k,Maximiliano Salas,River Plate,Barracas Central,DEL,,,,,False,15.0,6.0,nombre,REVISAR_JUGO
m_3L4LL7,15269918.0,2026-01-24,p_4HjiAr,Santiago Beltrán,River Plate,Barracas Central,ARQ,,,,,True,90.0,6.8,nombre,REVISAR_JUGO
m_3L4LL7,15269918.0,2026-01-24,p_0CUSKe,Santiago Lencina,River Plate,Barracas Central,VOL,,,,,False,15.0,6.9,nombre,REVISAR_JUGO
m_3L4LL7,15269918.0,2026-01-24,p_2aHbDR,Sebastián Driussi,River Plate,Barracas Central,DEL,,,,,True,90.0,6.5,nombre,REVISAR_JUGO
m_3L4LL7,15269918.0,2026-01-24,p_4fbCCX,Tomás Galván,River Plate,Barracas Central,VOL,,,,,True,75.0,6.8,nombre,REVISAR_JUGO
m_2hYXmh,15269904.0,2026-01-25,p_2ecIB1,Alan Velasco,Boca Juniors,Deportivo Riestra,VOL,,,,,True,69.0,6.9,nombre,REVISAR_JUGO
m_2hYXmh,15269904.0,2026-01-25,p_0hv5Lo,Ander Herrera,Boca Juniors,Deportivo Riestra,VOL,,,,,True,79.0,7.1,nombre,REVISAR_JUGO
m_2hYXmh,15269904.0,2026-01-25,p_12lRQi,Ayrton Costa,Boca Juniors,Deportivo Riestra,DEF,,,,,True,90.0,7.4,nombre,REVISAR_JUGO
m_2hYXmh,15269904.0,2026-01-25,p_3NKnXO,Brian Aguirre,Boca Juniors,Deportivo Riestra,VOL,,,,,False,21.0,6.5,nombre,REVISAR_JUGO
m_2hYXmh,15269904.0,2026-01-25,p_32UVER,Exequiel Zeballos,Boca Juniors,Deportivo Riestra,DEL,,,,,True,90.0,6.5,nombre,REVISAR_JUGO
m_2hYXmh,15269904.0,2026-01-25,p_4CKuJ2,Iker Zufiaurre,Boca Juniors,Deportivo Riestra,DEL,,,,,False,18.0,6.5,nombre,REVISAR_JUGO
m_2hYXmh,15269904.0,2026-01-25,p_0mTgY4,Juan Barinaga,Boca Juniors,Deportivo Riestra,DEF,,,,,True,90.0,7.2,nombre,REVISAR_JUGO
m_2hYXmh,15269904.0,2026-01-25,p_1PvYK3,Lautaro Blanco,Boca Juniors,Deportivo Riestra,DEF,,,,,True,90.0,7.0,nombre,REVISAR_JUGO
m_2hYXmh,15269904.0,2026-01-25,p_3vrKDa,Lautaro Di Lollo,Boca Juniors,Deportivo Riestra,DEF,,,,,True,90.0,8.9,nombre,REVISAR_JUGO
m_2hYXmh,15269904.0,2026-01-25,p_02UzGW,Leandro Paredes,Boca Juniors,Deportivo Riestra,VOL,,,,,True,90.0,8.6,nombre,REVISAR_JUGO
m_2hYXmh,15269904.0,2026-01-25,p_32Pavy,Lucas Janson,Boca Juniors,Deportivo Riestra,DEL,,,,,True,72.0,6.5,nombre,REVISAR_JUGO
m_2hYXmh,15269904.0,2026-01-25,p_10sBb4,Milton Delgado,Boca Juniors,Deportivo Riestra,VOL,,,,,False,11.0,6.4,nombre,REVISAR_JUGO
m_2hYXmh,15269904.0,2026-01-25,p_4SukWz,Tomás Belmonte,Boca Juniors,Deportivo Riestra,VOL,,,,,True,90.0,6.4,nombre,REVISAR_JUGO
m_2hYXmh,15269904.0,2026-01-25,p_2DxNya,Alexander Díaz,Deportivo Riestra,Boca Juniors,DEL,,,,,False,27.0,6.6,nombre,REVISAR_JUGO
m_2hYXmh,15269904.0,2026-01-25,p_0CIjyP,Antony Alonso,Deportivo Riestra,Boca Juniors,VOL,,,,,True,90.0,6.4,nombre,REVISAR_JUGO
m_2hYXmh,15269904.0,2026-01-25,p_18n3tl,Cristian Paz,Deportivo Riestra,Boca Juniors,DEF,,,,,True,90.0,6.9,nombre,REVISAR_JUGO
m_2hYXmh,15269904.0,2026-01-25,p_21aKQT,Facundo Miño,Deportivo Riestra,Boca Juniors,DEF,,,,,False,34.0,6.3,nombre,REVISAR_JUGO
m_2hYXmh,15269904.0,2026-01-25,p_2wyMSd,Gabriel Obredor,Deportivo Riestra,Boca Juniors,VOL,,,,,False,11.0,6.5,nombre,REVISAR_JUGO
m_2hYXmh,15269904.0,2026-01-25,p_2hE23W,Ignacio Arce,Deportivo Riestra,Boca Juniors,ARQ,,,,,True,90.0,6.3,nombre,REVISAR_JUGO
m_2hYXmh,15269904.0,2026-01-25,p_4RjjYt,Jonathan Herrera,Deportivo Riestra,Boca Juniors,DEL,,,,,False,11.0,6.3,nombre,REVISAR_JUGO
m_2hYXmh,15269904.0,2026-01-25,p_1ZDLjj,Mariano Bracamonte,Deportivo Riestra,Boca Juniors,DEF,,,,,True,90.0,6.3,nombre,REVISAR_JUGO
m_2hYXmh,15269904.0,2026-01-25,p_4RAjIV,Miguel Barbieri,Deportivo Riestra,Boca Juniors,DEF,,,,,True,84.0,6.4,nombre,REVISAR_JUGO
m_2hYXmh,15269904.0,2026-01-25,p_12pouK,Nicolás Benegas,Deportivo Riestra,Boca Juniors,DEL,,,,,True,63.0,5.8,nombre,REVISAR_JUGO
m_2hYXmh,15269904.0,2026-01-25,p_19ULPU,Nicolás Sansotre,Deportivo Riestra,Boca Juniors,DEF,,,,,True,90.0,6.2,nombre,REVISAR_JUGO
m_2hYXmh,15269904.0,2026-01-25,p_2iziuW,Pablo Monje,Deportivo Riestra,Boca Juniors,VOL,,,,,True,90.0,6.6,nombre,REVISAR_JUGO
m_2hYXmh,15269904.0,2026-01-25,p_3ODAc5,Pedro Ramírez,Deportivo Riestra,Boca Juniors,DEF,,,,,True,90.0,6.1,nombre,REVISAR_JUGO
m_1BLvBV,15270070.0,2026-01-26,p_0oDcvI,Alan Lescano,Argentinos Juniors,Sarmiento,VOL,,,,,True,90.0,7.6,nombre,REVISAR_JUGO
m_1BLvBV,15270070.0,2026-01-26,p_173wGq,Brayan Cortés,Argentinos Juniors,Sarmiento,ARQ,,,,,True,90.0,7.2,nombre,REVISAR_JUGO
m_1BLvBV,15270070.0,2026-01-26,p_4EUErB,Diego Porcel,Argentinos Juniors,Sarmiento,DEL,,,,,True,90.0,7.7,nombre,REVISAR_JUGO
m_1BLvBV,15270070.0,2026-01-26,p_2ffcqe,Facundo Jainikoski,Argentinos Juniors,Sarmiento,DEL,,,,,False,16.0,6.6,nombre,REVISAR_JUGO
m_1BLvBV,15270070.0,2026-01-26,p_3mEDPS,Federico Fattori,Argentinos Juniors,Sarmiento,VOL,,,,,True,90.0,7.4,nombre,REVISAR_JUGO
m_1BLvBV,15270070.0,2026-01-26,p_0pvncd,Francisco Álvarez,Argentinos Juniors,Sarmiento,DEF,,,,,True,84.0,6.7,nombre,REVISAR_JUGO
m_1BLvBV,15270070.0,2026-01-26,p_0gjjEz,Lautaro Giaccone,Argentinos Juniors,Sarmiento,VOL,,,,,True,90.0,6.7,nombre,REVISAR_JUGO
m_1BLvBV,15270070.0,2026-01-26,p_4SyM9C,Leandro Fernández,Argentinos Juniors,Sarmiento,DEL,,,,,False,25.0,6.4,nombre,REVISAR_JUGO
m_1BLvBV,15270070.0,2026-01-26,p_0wfa6H,Leandro Lozano,Argentinos Juniors,Sarmiento,DEF,,,,,True,90.0,7.6,nombre,REVISAR_JUGO
m_1BLvBV,15270070.0,2026-01-26,p_2RgPKn,Ryoga Kida,Argentinos Juniors,Sarmiento,DEL,,,,,False,17.0,6.5,nombre,REVISAR_JUGO
m_1BLvBV,15270070.0,2026-01-26,p_38jdJ6,Sebastián Prieto,Argentinos Juniors,Sarmiento,DEF,,,,,True,65.0,7.4,nombre,REVISAR_JUGO
m_1BLvBV,15270070.0,2026-01-26,p_1AQvrE,Tobías Ramírez,Argentinos Juniors,Sarmiento,DEF,,,,,True,90.0,6.7,nombre,REVISAR_JUGO
m_1BLvBV,15270070.0,2026-01-26,p_4SnNiA,Tomás Molina,Argentinos Juniors,Sarmiento,DEL,,,,,True,90.0,8.1,nombre,REVISAR_JUGO
m_3gOUak,15270069.0,2026-01-26,p_28tcTH,Alejandro Cabrera,Estudiantes de Río Cuarto,Tigre,VOL,,,,,True,67.0,6.5,nombre,REVISAR_JUGO
m_3gOUak,15270069.0,2026-01-26,p_1L8rOr,Ezequiel Forclaz,Estudiantes de Río Cuarto,Tigre,VOL,,,,,False,11.0,6.6,nombre,REVISAR_JUGO
m_3gOUak,15270069.0,2026-01-26,p_3mvWYr,Gabriel Alanís,Estudiantes de Río Cuarto,Tigre,VOL,,,,,True,79.0,6.4,nombre,REVISAR_JUGO
m_3gOUak,15270069.0,2026-01-26,p_4b7wxM,Gonzalo Maffini,Estudiantes de Río Cuarto,Tigre,DEF,,,,,True,90.0,7.1,nombre,REVISAR_JUGO
m_3gOUak,15270069.0,2026-01-26,p_10pgVf,Javier Ferreira,Estudiantes de Río Cuarto,Tigre,DEL,,,,,False,11.0,6.4,nombre,REVISAR_JUGO
m_3gOUak,15270069.0,2026-01-26,p_0sVAfb,Martín Garnerone,Estudiantes de Río Cuarto,Tigre,DEL,,,,,False,23.0,6.8,nombre,REVISAR_JUGO
m_3gOUak,15270069.0,2026-01-26,p_1yovx2,Mateo Bajamich,Estudiantes de Río Cuarto,Tigre,DEL,,,,,True,79.0,6.3,nombre,REVISAR_JUGO
m_3gOUak,15270069.0,2026-01-26,p_3MAGMf,Mauro Valiente,Estudiantes de Río Cuarto,Tigre,VOL,,,,,True,67.0,6.2,nombre,REVISAR_JUGO
m_3gOUak,15270069.0,2026-01-26,p_4TKIbV,Nicolás Talpone,Estudiantes de Río Cuarto,Tigre,VOL,,,,,True,90.0,6.6,nombre,REVISAR_JUGO
m_3gOUak,15270069.0,2026-01-26,p_1eITB1,Renzo Bacchia,Estudiantes de Río Cuarto,Tigre,ARQ,,,,,True,90.0,6.0,nombre,REVISAR_JUGO
m_3gOUak,15270069.0,2026-01-26,p_1JsXOB,Sergio Ojeda,Estudiantes de Río Cuarto,Tigre,DEF,,,,,True,90.0,6.4,nombre,REVISAR_JUGO
m_3gOUak,15270069.0,2026-01-26,p_3og8o2,Tobías Ostchega,Estudiantes de Río Cuarto,Tigre,DEF,,,,,True,90.0,6.8,nombre,REVISAR_JUGO
m_1BLvBV,15270070.0,2026-01-26,p_4Z9nkh,Brandon Márquez,Sarmiento,Argentinos Juniors,DEL,,,,,False,33.0,6.3,nombre,REVISAR_JUGO
m_1BLvBV,15270070.0,2026-01-26,p_0kthqn,Carlos Villalba,Sarmiento,Argentinos Juniors,VOL,,,,,False,33.0,6.3,nombre,REVISAR_JUGO
m_1BLvBV,15270070.0,2026-01-26,p_0jbZo9,Cristian Zabala,Sarmiento,Argentinos Juniors,VOL,,,,,True,75.0,7.1,nombre,REVISAR_JUGO
m_1BLvBV,15270070.0,2026-01-26,p_0PsDow,Gastón Arturia,Sarmiento,Argentinos Juniors,DEF,,,,,False,15.0,6.5,nombre,REVISAR_JUGO
m_1BLvBV,15270070.0,2026-01-26,p_0MExly,Javier Burrai,Sarmiento,Argentinos Juniors,ARQ,,,,,True,90.0,8.8,nombre,REVISAR_JUGO
m_1BLvBV,15270070.0,2026-01-26,p_0E6fVC,Juan Manuel Insaurralde,Sarmiento,Argentinos Juniors,DEF,,,,,True,60.0,6.2,nombre,REVISAR_JUGO
m_1BLvBV,15270070.0,2026-01-26,p_1ymuBP,Junior Marabel,Sarmiento,Argentinos Juniors,DEL,,,,,True,57.0,6.5,nombre,REVISAR_JUGO
m_1BLvBV,15270070.0,2026-01-26,p_40Zv7r,Renzo Orihuela,Sarmiento,Argentinos Juniors,DEF,,,,,True,90.0,6.4,nombre,REVISAR_JUGO
m_1BLvBV,15270070.0,2026-01-26,p_1EQeWa,Santiago Salle,Sarmiento,Argentinos Juniors,DEF,,,,,True,90.0,6.7,nombre,REVISAR_JUGO
m_1BLvBV,15270070.0,2026-01-26,p_0z2imt,Ulises Delgado,Sarmiento,Argentinos Juniors,DEL,,,,,False,16.0,6.2,nombre,REVISAR_JUGO
m_1BLvBV,15270070.0,2026-01-26,p_1dEwbs,Yair Arismendi,Sarmiento,Argentinos Juniors,VOL,,,,,True,90.0,6.9,nombre,REVISAR_JUGO
m_3gOUak,15270069.0,2026-01-26,p_1IquRb,Alan Barrionuevo,Tigre,Estudiantes de Río Cuarto,DEF,,,,,True,90.0,7.5,nombre,REVISAR_JUGO
m_3gOUak,15270069.0,2026-01-26,p_0AvvFI,Alfio Oviedo,Tigre,Estudiantes de Río Cuarto,DEL,,,,,False,14.0,6.4,nombre,REVISAR_JUGO
m_3gOUak,15270069.0,2026-01-26,p_2OigHb,Bruno Leyes,Tigre,Estudiantes de Río Cuarto,VOL,,,,,True,90.0,6.7,nombre,REVISAR_JUGO
m_3gOUak,15270069.0,2026-01-26,p_4INIHb,David Romero,Tigre,Estudiantes de Río Cuarto,DEL,,,,,True,67.0,6.6,nombre,REVISAR_JUGO
m_3gOUak,15270069.0,2026-01-26,p_31LbGC,Elías Cabrera,Tigre,Estudiantes de Río Cuarto,VOL,,,,,True,76.0,6.6,nombre,REVISAR_JUGO
m_3gOUak,15270069.0,2026-01-26,p_422Dh0,Federico Álvarez,Tigre,Estudiantes de Río Cuarto,DEF,,,,,True,90.0,6.8,nombre,REVISAR_JUGO
m_3gOUak,15270069.0,2026-01-26,p_1JUF3l,Felipe Zenobio,Tigre,Estudiantes de Río Cuarto,ARQ,,,,,True,90.0,7.1,nombre,REVISAR_JUGO
m_3gOUak,15270069.0,2026-01-26,p_34Y0Ej,Guillermo Soto,Tigre,Estudiantes de Río Cuarto,DEF,,,,,True,90.0,7.1,nombre,REVISAR_JUGO
m_3gOUak,15270069.0,2026-01-26,p_34bboz,Ignacio Peluffo,Tigre,Estudiantes de Río Cuarto,DEF,,,,,False,14.0,6.5,nombre,REVISAR_JUGO
m_3gOUak,15270069.0,2026-01-26,p_36ULM2,Ignacio Russo,Tigre,Estudiantes de Río Cuarto,DEL,,,,,True,76.0,6.4,nombre,REVISAR_JUGO
m_3gOUak,15270069.0,2026-01-26,p_1dEFgX,Jabes Saralegui,Tigre,Estudiantes de Río Cuarto,VOL,,,,,True,68.0,6.7,nombre,REVISAR_JUGO
m_3gOUak,15270069.0,2026-01-26,p_0Lb3J0,Joaquín Laso,Tigre,Estudiantes de Río Cuarto,DEF,,,,,True,85.0,6.8,nombre,REVISAR_JUGO
m_3gOUak,15270069.0,2026-01-26,p_1hfCZH,Santiago López,Tigre,Estudiantes de Río Cuarto,DEL,,,,,False,23.0,6.4,nombre,REVISAR_JUGO
m_3gOUak,15270069.0,2026-01-26,p_4OfzNB,Tiago Serrago,Tigre,Estudiantes de Río Cuarto,VOL,,,,,False,22.0,6.6,nombre,REVISAR_JUGO
m_0GrdJU,15269923.0,2026-01-28,p_1wbURI,Adrián Martínez,Racing Club,Rosario Central,DEL,,,,,True,90.0,7.2,nombre,REVISAR_JUGO
m_0GrdJU,15269923.0,2026-01-28,p_3EIBrG,Duván Vergara,Racing Club,Rosario Central,DEL,,,,,False,11.0,6.7,nombre,REVISAR_JUGO
m_0GrdJU,15269923.0,2026-01-28,p_0Nf4Z8,Facundo Cambeses,Racing Club,Rosario Central,ARQ,,,,,True,90.0,6.0,nombre,REVISAR_JUGO
m_0GrdJU,15269923.0,2026-01-28,p_12npfJ,Gabriel Rojas,Racing Club,Rosario Central,DEF,,,,,True,90.0,6.7,nombre,REVISAR_JUGO
m_0GrdJU,15269923.0,2026-01-28,p_3iObzN,Juan Nardoni,Racing Club,Rosario Central,VOL,,,,,True,71.0,6.4,nombre,REVISAR_JUGO
m_0GrdJU,15269923.0,2026-01-28,p_13nKVT,Matko Miljevic,Racing Club,Rosario Central,VOL,,,,,True,90.0,6.9,nombre,REVISAR_JUGO
m_0GrdJU,15269923.0,2026-01-28,p_0GThAu,Matías Zaracho,Racing Club,Rosario Central,VOL,,,,,False,19.0,6.5,nombre,REVISAR_JUGO
m_0GrdJU,15269923.0,2026-01-28,p_0YyuFZ,Nazareno Colombo,Racing Club,Rosario Central,DEF,,,,,True,71.0,6.4,nombre,REVISAR_JUGO
m_0GrdJU,15269923.0,2026-01-28,p_3pbQt4,Santiago Solari,Racing Club,Rosario Central,DEL,,,,,True,79.0,7.6,nombre,REVISAR_JUGO
m_0GrdJU,15269923.0,2026-01-28,p_0KHX0U,Santiago Sosa,Racing Club,Rosario Central,VOL,,,,,True,90.0,7.1,nombre,REVISAR_JUGO
m_0GrdJU,15269923.0,2026-01-28,p_3BbL1n,Tomás Conechny,Racing Club,Rosario Central,DEL,,,,,False,30.0,6.5,nombre,REVISAR_JUGO
m_0GrdJU,15269923.0,2026-01-28,p_2d8zml,Agustín Sández,Rosario Central,Racing Club,DEF,,,,,True,45.0,6.3,nombre,REVISAR_JUGO
m_0GrdJU,15269923.0,2026-01-28,p_2o6eqz,Alejo Véliz,Rosario Central,Racing Club,DEL,,,,,True,69.0,7.6,nombre,REVISAR_JUGO
m_0GrdJU,15269923.0,2026-01-28,p_43U0bn,Alexis Soto,Rosario Central,Racing Club,DEF,,,,,False,45.0,6.8,nombre,REVISAR_JUGO
m_0GrdJU,15269923.0,2026-01-28,p_3RAftg,Emanuel Coronel,Rosario Central,Racing Club,DEF,,,,,True,90.0,6.3,nombre,REVISAR_JUGO
m_0GrdJU,15269923.0,2026-01-28,p_2TtuTI,Enzo Copetti,Rosario Central,Racing Club,DEL,,,,,False,21.0,6.9,nombre,REVISAR_JUGO
m_0GrdJU,15269923.0,2026-01-28,p_13PyWD,Enzo Giménez,Rosario Central,Racing Club,DEF,,,,,True,90.0,6.2,nombre,REVISAR_JUGO
m_0GrdJU,15269923.0,2026-01-28,p_2tyvWq,Facundo Mallo,Rosario Central,Racing Club,DEF,,,,,True,90.0,7.0,nombre,REVISAR_JUGO
m_0GrdJU,15269923.0,2026-01-28,p_3SDFp7,Federico Navarro,Rosario Central,Racing Club,VOL,,,,,False,26.0,6.3,nombre,REVISAR_JUGO
m_0GrdJU,15269923.0,2026-01-28,p_4PWEjP,Franco Ibarra,Rosario Central,Racing Club,VOL,,,,,True,90.0,6.7,nombre,REVISAR_JUGO
m_0GrdJU,15269923.0,2026-01-28,p_3FvFpo,Ignacio Ovando,Rosario Central,Racing Club,DEF,,,,,True,90.0,6.5,nombre,REVISAR_JUGO
m_0GrdJU,15269923.0,2026-01-28,p_235aQ1,Jeremías Ledesma,Rosario Central,Racing Club,ARQ,,,,,True,90.0,7.2,nombre,REVISAR_JUGO
m_0GrdJU,15269923.0,2026-01-28,p_02CSwU,Luca Raffin,Rosario Central,Racing Club,DEF,,,,,False,8.0,6.7,nombre,REVISAR_JUGO
m_0GrdJU,15269923.0,2026-01-28,p_3i9lqe,Vicente Pizarro,Rosario Central,Racing Club,VOL,,,,,True,90.0,6.4,nombre,REVISAR_JUGO
m_2jSZpM,15270075.0,2026-02-01,p_1QvEWx,David Sotelo,Newell's Old Boys,Boca Juniors,VOL,,,,,False,45.0,7.0,nombre,REVISAR_JUGO
m_2jSZpM,15270075.0,2026-02-01,p_21OTES,Gabriel Arias,Newell's Old Boys,Boca Juniors,ARQ,,,,,True,90.0,6.8,nombre,REVISAR_JUGO
m_2jSZpM,15270075.0,2026-02-01,p_2TF5DL,Jerónimo Gómez Mattar,Newell's Old Boys,Boca Juniors,VOL,,,,,True,45.0,6.7,nombre,REVISAR_JUGO
m_2jSZpM,15270075.0,2026-02-01,p_1HGvGm,Martín Luciano,Newell's Old Boys,Boca Juniors,DEF,,,,,True,90.0,7.0,nombre,REVISAR_JUGO
m_2jSZpM,15270075.0,2026-02-01,p_0i1DU3,Nicolás Goitea,Newell's Old Boys,Boca Juniors,DEF,,,,,True,90.0,6.5,nombre,REVISAR_JUGO
m_2jSZpM,15270075.0,2026-02-01,p_4Uobro,Rodrigo Herrera,Newell's Old Boys,Boca Juniors,VOL,,,,,True,79.0,6.8,nombre,REVISAR_JUGO
m_2jSZpM,15270075.0,2026-02-01,p_3pwCr8,Valentino Acuña,Newell's Old Boys,Boca Juniors,VOL,,,,,False,11.0,6.4,nombre,REVISAR_JUGO
m_4PxDme,15270088.0,2026-02-08,p_0O1Z5O,Ezequiel Herrera,San Lorenzo,Huracán,DEF,,,,,True,90.0,6.6,nombre,REVISAR_JUGO
m_4PxDme,15270088.0,2026-02-08,p_04WuOt,Facundo Gulli,San Lorenzo,Huracán,VOL,,,,,True,45.0,6.6,nombre,REVISAR_JUGO
m_4PxDme,15270088.0,2026-02-08,p_31U034,Gonzalo Abrego,San Lorenzo,Huracán,VOL,,,,,True,63.0,6.8,nombre,REVISAR_JUGO
m_4PxDme,15270088.0,2026-02-08,p_0vHFrW,Ignacio Perruzzi,San Lorenzo,Huracán,VOL,,,,,True,80.0,7.0,nombre,REVISAR_JUGO
m_4PxDme,15270088.0,2026-02-08,p_1iV802,Mauricio Cardillo,San Lorenzo,Huracán,VOL,,,,,False,10.0,6.6,nombre,REVISAR_JUGO
m_4PxDme,15270088.0,2026-02-08,p_1AI1PK,Nicolás Tripichio,San Lorenzo,Huracán,VOL,,,,,True,90.0,6.8,nombre,REVISAR_JUGO
m_4PxDme,15270088.0,2026-02-08,p_0Uy6sL,Orlando Gill,San Lorenzo,Huracán,ARQ,,,,,True,90.0,7.2,nombre,REVISAR_JUGO
m_14fRnJ,15270093.0,2026-02-09,p_0CoGTg,Claudio Baeza,Vélez Sarsfield,Boca Juniors,VOL,,,,,True,83.0,6.8,nombre,REVISAR_JUGO
m_14fRnJ,15270093.0,2026-02-09,p_3H23k2,Diego Valdés,Vélez Sarsfield,Boca Juniors,VOL,,,,,True,89.0,7.8,nombre,REVISAR_JUGO
m_14fRnJ,15270093.0,2026-02-09,p_4filjU,Elías Gómez,Vélez Sarsfield,Boca Juniors,DEF,,,,,True,90.0,7.0,nombre,REVISAR_JUGO
m_14fRnJ,15270093.0,2026-02-09,p_1mwRpu,Emanuel Mammana,Vélez Sarsfield,Boca Juniors,DEF,,,,,True,90.0,6.8,nombre,REVISAR_JUGO
m_14fRnJ,15270093.0,2026-02-09,p_4HmUN6,Joaquín García,Vélez Sarsfield,Boca Juniors,DEF,,,,,True,90.0,6.6,nombre,REVISAR_JUGO
m_14fRnJ,15270093.0,2026-02-09,p_1O1XFB,Lisandro Magallán,Vélez Sarsfield,Boca Juniors,DEF,,,,,True,90.0,6.5,nombre,REVISAR_JUGO
m_14fRnJ,15270093.0,2026-02-09,p_2D7OBP,Lucas Robertone,Vélez Sarsfield,Boca Juniors,VOL,,,,,False,12.0,6.3,nombre,REVISAR_JUGO
m_14fRnJ,15270093.0,2026-02-09,p_1UNG97,Manuel Lanzini,Vélez Sarsfield,Boca Juniors,VOL,,,,,True,84.0,6.9,nombre,REVISAR_JUGO
m_14fRnJ,15270093.0,2026-02-09,p_3XUbmT,Matías Pellegrini,Vélez Sarsfield,Boca Juniors,VOL,,,,,True,78.0,9.4,nombre,REVISAR_JUGO
m_14fRnJ,15270093.0,2026-02-09,p_2n95ER,Rodrigo Aliendro,Vélez Sarsfield,Boca Juniors,VOL,,,,,False,11.0,6.6,nombre,REVISAR_JUGO
m_14fRnJ,15270093.0,2026-02-09,p_0QZ5qI,Tobías Andrada,Vélez Sarsfield,Boca Juniors,VOL,,,,,True,90.0,7.6,nombre,REVISAR_JUGO
m_14fRnJ,15270093.0,2026-02-09,p_30aPId,Álvaro Montero,Vélez Sarsfield,Boca Juniors,ARQ,,,,,True,90.0,5.8,nombre,REVISAR_JUGO
m_31Xzsf,15270106.0,2026-02-15,p_4RpynC,Agustín Lagos,Club Atlético Platense,Boca Juniors,DEF,,,,,False,9.0,6.7,nombre,REVISAR_JUGO
m_31Xzsf,15270106.0,2026-02-15,p_47E2rv,Eugenio Raggio,Club Atlético Platense,Boca Juniors,DEF,,,,,True,90.0,6.9,nombre,REVISAR_JUGO
m_31Xzsf,15270106.0,2026-02-15,p_2EKu08,Felipe Bussio,Club Atlético Platense,Boca Juniors,VOL,,,,,True,90.0,6.6,nombre,REVISAR_JUGO
m_31Xzsf,15270106.0,2026-02-15,p_2wlp9Z,Franco Zapiola,Club Atlético Platense,Boca Juniors,VOL,,,,,True,78.0,7.2,nombre,REVISAR_JUGO
m_31Xzsf,15270106.0,2026-02-15,p_3S6c8L,Guido Mainero,Club Atlético Platense,Boca Juniors,VOL,,,,,True,78.0,6.2,nombre,REVISAR_JUGO
m_31Xzsf,15270106.0,2026-02-15,p_103r5t,Juan Gauto,Club Atlético Platense,Boca Juniors,VOL,,,,,True,86.0,6.4,nombre,REVISAR_JUGO
m_31Xzsf,15270106.0,2026-02-15,p_3yYguf,Martín Barrios,Club Atlético Platense,Boca Juniors,VOL,,,,,False,29.0,6.5,nombre,REVISAR_JUGO
m_31Xzsf,15270106.0,2026-02-15,p_1JQZ6o,Matías Borgogno,Club Atlético Platense,Boca Juniors,ARQ,,,,,True,90.0,7.8,nombre,REVISAR_JUGO
m_31Xzsf,15270106.0,2026-02-15,p_2rnkiH,Maximiliano Amarfil,Club Atlético Platense,Boca Juniors,VOL,,,,,True,61.0,6.5,nombre,REVISAR_JUGO
m_31Xzsf,15270106.0,2026-02-15,p_2rodt6,Nicolás Retamar,Club Atlético Platense,Boca Juniors,VOL,,,,,False,12.0,6.5,nombre,REVISAR_JUGO
m_31Xzsf,15270106.0,2026-02-15,p_0i7rxV,Santiago Dalmasso,Club Atlético Platense,Boca Juniors,VOL,,,,,False,12.0,6.6,nombre,REVISAR_JUGO
m_3Ky5pe,,2026-01-22,p_4RpynC,Agustín Lagos,Club Atlético Platense,Unión,DEF,,,,,,,,SIN_EVENTO_SOFASCORE,SIN_EVENTO_SOFASCORE
m_3Ky5pe,,2026-01-22,p_3dtvN3,Bautista Merlini,Club Atlético Platense,Unión,VOL,,,,,,,,SIN_EVENTO_SOFASCORE,SIN_EVENTO_SOFASCORE
m_3Ky5pe,,2026-01-22,p_47E2rv,Eugenio Raggio,Club Atlético Platense,Unión,DEF,,,,,,,,SIN_EVENTO_SOFASCORE,SIN_EVENTO_SOFASCORE
m_3Ky5pe,,2026-01-22,p_2EKu08,Felipe Bussio,Club Atlético Platense,Unión,VOL,,,,,,,,SIN_EVENTO_SOFASCORE,SIN_EVENTO_SOFASCORE
m_3Ky5pe,,2026-01-22,p_2wlp9Z,Franco Zapiola,Club Atlético Platense,Unión,VOL,,,,,,,,SIN_EVENTO_SOFASCORE,SIN_EVENTO_SOFASCORE
m_3Ky5pe,,2026-01-22,p_3S6c8L,Guido Mainero,Club Atlético Platense,Unión,VOL,,,,,,,,SIN_EVENTO_SOFASCORE,SIN_EVENTO_SOFASCORE
m_3Ky5pe,,2026-01-22,p_137tuu,Ignacio Vázquez,Club Atlético Platense,Unión,DEF,,,,,,,,SIN_EVENTO_SOFASCORE,SIN_EVENTO_SOFASCORE
m_3Ky5pe,,2026-01-22,p_103r5t,Juan Gauto,Club Atlético Platense,Unión,VOL,,,,,,,,SIN_EVENTO_SOFASCORE,SIN_EVENTO_SOFASCORE
m_3Ky5pe,,2026-01-22,p_0ivFZd,Juan Saborido,Club Atlético Platense,Unión,DEF,,,,,,,,SIN_EVENTO_SOFASCORE,SIN_EVENTO_SOFASCORE
m_3Ky5pe,,2026-01-22,p_2nGaYr,Leonardo Heredia,Club Atlético Platense,Unión,DEL,,,,,,,,SIN_EVENTO_SOFASCORE,SIN_EVENTO_SOFASCORE
m_3Ky5pe,,2026-01-22,p_1JQZ6o,Matías Borgogno,Club Atlético Platense,Unión,ARQ,,,,,,,,SIN_EVENTO_SOFASCORE,SIN_EVENTO_SOFASCORE
m_3Ky5pe,,2026-01-22,p_2N5L7Q,Mauro Luna Diale,Club Atlético Platense,Unión,VOL,,,,,,,,SIN_EVENTO_SOFASCORE,SIN_EVENTO_SOFASCORE
m_3Ky5pe,,2026-01-22,p_2rnkiH,Maximiliano Amarfil,Club Atlético Platense,Unión,VOL,,,,,,,,SIN_EVENTO_SOFASCORE,SIN_EVENTO_SOFASCORE
m_3Ky5pe,,2026-01-22,p_0i7rxV,Santiago Dalmasso,Club Atlético Platense,Unión,VOL,,,,,,,,SIN_EVENTO_SOFASCORE,SIN_EVENTO_SOFASCORE
m_3Ky5pe,,2026-01-22,p_3mhHpD,Tomas Nasif,Club Atlético Platense,Unión,DEL,,,,,,,,SIN_EVENTO_SOFASCORE,SIN_EVENTO_SOFASCORE
m_3Ky5pe,,2026-01-22,p_0H4brP,Tomás Silva,Club Atlético Platense,Unión,DEF,,,,,,,,SIN_EVENTO_SOFASCORE,SIN_EVENTO_SOFASCORE
m_3Ky5pe,,2026-01-22,p_3rOLlc,Agustín Colazo,Unión,Club Atlético Platense,DEL,,,,,,,,SIN_EVENTO_SOFASCORE,SIN_EVENTO_SOFASCORE
m_3Ky5pe,,2026-01-22,p_2msaJ0,Bruno Pittón,Unión,Club Atlético Platense,DEF,,,,,,,,SIN_EVENTO_SOFASCORE,SIN_EVENTO_SOFASCORE
m_3Ky5pe,,2026-01-22,p_3woyik,Cristian Alberto Tarragona,Unión,Club Atlético Platense,DEL,,,,,,,,SIN_EVENTO_SOFASCORE,SIN_EVENTO_SOFASCORE
m_3Ky5pe,,2026-01-22,p_2zeYkR,Franco Fragapane,Unión,Club Atlético Platense,VOL,,,,,,,,SIN_EVENTO_SOFASCORE,SIN_EVENTO_SOFASCORE
m_3Ky5pe,,2026-01-22,p_1h4yOi,Julián Palacios,Unión,Club Atlético Platense,VOL,,,,,,,,SIN_EVENTO_SOFASCORE,SIN_EVENTO_SOFASCORE
m_3Ky5pe,,2026-01-22,p_1A84Jv,Lautaro Vargas,Unión,Club Atlético Platense,DEF,,,,,,,,SIN_EVENTO_SOFASCORE,SIN_EVENTO_SOFASCORE
m_3Ky5pe,,2026-01-22,p_2jiARu,Maizon Rodríguez,Unión,Club Atlético Platense,DEF,,,,,,,,SIN_EVENTO_SOFASCORE,SIN_EVENTO_SOFASCORE
m_3Ky5pe,,2026-01-22,p_3ybBVT,Marcelo Estigarribia,Unión,Club Atlético Platense,DEL,,,,,,,,SIN_EVENTO_SOFASCORE,SIN_EVENTO_SOFASCORE
m_3Ky5pe,,2026-01-22,p_2vkqTj,Mateo Del Blanco,Unión,Club Atlético Platense,DEF,,,,,,,,SIN_EVENTO_SOFASCORE,SIN_EVENTO_SOFASCORE
m_3Ky5pe,,2026-01-22,p_0yyPLQ,Matías Mansilla,Unión,Club Atlético Platense,ARQ,,,,,,,,SIN_EVENTO_SOFASCORE,SIN_EVENTO_SOFASCORE
m_3Ky5pe,,2026-01-22,p_3yJs62,Mauro Pittón,Unión,Club Atlético Platense,VOL,,,,,,,,SIN_EVENTO_SOFASCORE,SIN_EVENTO_SOFASCORE
m_3Ky5pe,,2026-01-22,p_11jmli,Misael Aguirre,Unión,Club Atlético Platense,VOL,,,,,,,,SIN_EVENTO_SOFASCORE,SIN_EVENTO_SOFASCORE
m_3Ky5pe,,2026-01-22,p_3H1rr8,Nicolás Palavecino,Unión,Club Atlético Platense,VOL,,,,,,,,SIN_EVENTO_SOFASCORE,SIN_EVENTO_SOFASCORE
m_3Ky5pe,,2026-01-22,p_038W5d,Rafael Profini,Unión,Club Atlético Platense,VOL,,,,,,,,SIN_EVENTO_SOFASCORE,SIN_EVENTO_SOFASCORE
m_3Ky5pe,,2026-01-22,p_2nrS5l,Valentín Fascendini,Unión,Club Atlético Platense,DEF,,,,,,,,SIN_EVENTO_SOFASCORE,SIN_EVENTO_SOFASCORE
m_22Z8p0,,2026-01-23,p_43Olsv,Alan Aguerre,Central Córdoba de Santiago,Gimnasia Mendoza,ARQ,,,,,,,,SIN_EVENTO_SOFASCORE,SIN_EVENTO_SOFASCORE
m_22Z8p0,,2026-01-23,p_4K6xaC,Bautista Gerez,Central Córdoba de Santiago,Gimnasia Mendoza,ARQ,,,,,,,,SIN_EVENTO_SOFASCORE,SIN_EVENTO_SOFASCORE
m_22Z8p0,,2026-01-23,p_0ciPTe,Diego Barrera,Central Córdoba de Santiago,Gimnasia Mendoza,VOL,,,,,,,,SIN_EVENTO_SOFASCORE,SIN_EVENTO_SOFASCORE
m_22Z8p0,,2026-01-23,p_0RVLhG,Ezequiel Naya,Central Córdoba de Santiago,Gimnasia Mendoza,DEL,,,,,,,,SIN_EVENTO_SOFASCORE,SIN_EVENTO_SOFASCORE
m_22Z8p0,,2026-01-23,p_1KfXQ1,Facundo Mansilla Zahir,Central Córdoba de Santiago,Gimnasia Mendoza,DEF,,,,,,,,SIN_EVENTO_SOFASCORE,SIN_EVENTO_SOFASCORE
m_22Z8p0,,2026-01-23,p_0oupcN,Fernando Juarez,Central Córdoba de Santiago,Gimnasia Mendoza,VOL,,,,,,,,SIN_EVENTO_SOFASCORE,SIN_EVENTO_SOFASCORE
m_22Z8p0,,2026-01-23,p_1K6Fr9,Fernando Martínez,Central Córdoba de Santiago,Gimnasia Mendoza,DEF,,,,,,,,SIN_EVENTO_SOFASCORE,SIN_EVENTO_SOFASCORE
m_22Z8p0,,2026-01-23,p_444jRY,Horacio Tijanovich,Central Córdoba de Santiago,Gimnasia Mendoza,VOL,,,,,,,,SIN_EVENTO_SOFASCORE,SIN_EVENTO_SOFASCORE
m_22Z8p0,,2026-01-23,p_4ax8kI,Joaquín Flores,Central Córdoba de Santiago,Gimnasia Mendoza,DEL,,,,,,,,SIN_EVENTO_SOFASCORE,SIN_EVENTO_SOFASCORE
m_22Z8p0,,2026-01-23,p_1dhUli,Juan Pablo Pignani,Central Córdoba de Santiago,Gimnasia Mendoza,DEF,,,,,,,,SIN_EVENTO_SOFASCORE,SIN_EVENTO_SOFASCORE
m_22Z8p0,,2026-01-23,p_4beE3s,Leonardo Marchi,Central Córdoba de Santiago,Gimnasia Mendoza,DEF,,,,,,,,SIN_EVENTO_SOFASCORE,SIN_EVENTO_SOFASCORE
m_22Z8p0,,2026-01-23,p_0veUmD,Lucas González,Central Córdoba de Santiago,Gimnasia Mendoza,VOL,,,,,,,,SIN_EVENTO_SOFASCORE,SIN_EVENTO_SOFASCORE
m_22Z8p0,,2026-01-23,p_1JcSyH,Lucas Varaldo,Central Córdoba de Santiago,Gimnasia Mendoza,DEL,,,,,,,,SIN_EVENTO_SOFASCORE,SIN_EVENTO_SOFASCORE
m_22Z8p0,,2026-01-23,p_2nfEM8,Marco Iacobellis,Central Córdoba de Santiago,Gimnasia Mendoza,VOL,,,,,,,,SIN_EVENTO_SOFASCORE,SIN_EVENTO_SOFASCORE
m_22Z8p0,,2026-01-23,p_3XD5Nu,Matías Vera,Central Córdoba de Santiago,Gimnasia Mendoza,VOL,,,,,,,,SIN_EVENTO_SOFASCORE,SIN_EVENTO_SOFASCORE
m_22Z8p0,,2026-01-23,p_3cMYiv,Santiago Moyano,Central Córdoba de Santiago,Gimnasia Mendoza,DEF,,,,,,,,SIN_EVENTO_SOFASCORE,SIN_EVENTO_SOFASCORE
m_1oH2tW,,2026-01-23,p_4FAIfZ,Alexis Castro,Estudiantes,Independiente,VOL,,,,,,,,SIN_EVENTO_SOFASCORE,SIN_EVENTO_SOFASCORE
m_1oH2tW,,2026-01-23,p_2203UO,Cristian Medina,Estudiantes,Independiente,VOL,,,,,,,,SIN_EVENTO_SOFASCORE,SIN_EVENTO_SOFASCORE
m_1oH2tW,,2026-01-23,p_1SE1Bg,Edwuin Cetré,Estudiantes,Independiente,DEL,,,,,,,,SIN_EVENTO_SOFASCORE,SIN_EVENTO_SOFASCORE
m_1oH2tW,,2026-01-23,p_2DQVsu,Eric Meza,Estudiantes,Independiente,DEF,,,,,,,,SIN_EVENTO_SOFASCORE,SIN_EVENTO_SOFASCORE
m_1oH2tW,,2026-01-23,p_375sV8,Eros Mancuso,Estudiantes,Independiente,DEF,,,,,,,,SIN_EVENTO_SOFASCORE,SIN_EVENTO_SOFASCORE
m_1oH2tW,,2026-01-23,p_0wvzBl,Fabricio Iacovich,Estudiantes,Independiente,ARQ,,,,,,,,SIN_EVENTO_SOFASCORE,SIN_EVENTO_SOFASCORE
m_1oH2tW,,2026-01-23,p_0UPCHl,Fabricio Pérez,Estudiantes,Independiente,VOL,,,,,,,,SIN_EVENTO_SOFASCORE,SIN_EVENTO_SOFASCORE
m_1oH2tW,,2026-01-23,p_2z0L2z,Facundo Farías,Estudiantes,Independiente,VOL,,,,,,,,SIN_EVENTO_SOFASCORE,SIN_EVENTO_SOFASCORE
m_1oH2tW,,2026-01-23,p_43Wo3u,Fernando Muslera,Estudiantes,Independiente,ARQ,,,,,,,,SIN_EVENTO_SOFASCORE,SIN_EVENTO_SOFASCORE
m_1oH2tW,,2026-01-23,p_3387op,Franco Dominguez,Estudiantes,Independiente,DEL,,,,,,,,SIN_EVENTO_SOFASCORE,SIN_EVENTO_SOFASCORE
m_1oH2tW,,2026-01-23,p_1E7ljC,Gabriel Neves,Estudiantes,Independiente,VOL,,,,,,,,SIN_EVENTO_SOFASCORE,SIN_EVENTO_SOFASCORE
m_1oH2tW,,2026-01-23,p_4LoI3o,Gastón Benedetti,Estudiantes,Independiente,DEF,,,,,,,,SIN_EVENTO_SOFASCORE,SIN_EVENTO_SOFASCORE
m_1oH2tW,,2026-01-23,p_3BQAaS,Guido Carrillo,Estudiantes,Independiente,DEL,,,,,,,,SIN_EVENTO_SOFASCORE,SIN_EVENTO_SOFASCORE
m_1oH2tW,,2026-01-23,p_10iCWI,Leandro González Pírez,Estudiantes,Independiente,DEF,,,,,,,,SIN_EVENTO_SOFASCORE,SIN_EVENTO_SOFASCORE
m_1oH2tW,,2026-01-23,p_48hWGV,Santiago Ascacíbar,Estudiantes,Independiente,VOL,,,,,,,,SIN_EVENTO_SOFASCORE,SIN_EVENTO_SOFASCORE
m_1oH2tW,,2026-01-23,p_2ffBRo,Santiago Núñez,Estudiantes,Independiente,DEF,,,,,,,,SIN_EVENTO_SOFASCORE,SIN_EVENTO_SOFASCORE
m_22Z8p0,,2026-01-23,p_3foBen,César Rigamonti,Gimnasia Mendoza,Central Córdoba de Santiago,ARQ,,,,,,,,SIN_EVENTO_SOFASCORE,SIN_EVENTO_SOFASCORE
m_22Z8p0,,2026-01-23,p_2UZfm9,Ezequiel Muñoz,Gimnasia Mendoza,Central Córdoba de Santiago,DEF,,,,,,,,SIN_EVENTO_SOFASCORE,SIN_EVENTO_SOFASCORE
m_22Z8p0,,2026-01-23,p_2ykUpy,Facundo Lencioni,Gimnasia Mendoza,Central Córdoba de Santiago,VOL,,,,,,,,SIN_EVENTO_SOFASCORE,SIN_EVENTO_SOFASCORE
m_22Z8p0,,2026-01-23,p_1iogLn,Fermín Antonini,Gimnasia Mendoza,Central Córdoba de Santiago,VOL,,,,,,,,SIN_EVENTO_SOFASCORE,SIN_EVENTO_SOFASCORE
m_22Z8p0,,2026-01-23,p_38u8in,Franco Saavedra,Gimnasia Mendoza,Central Córdoba de Santiago,DEF,,,,,,,,SIN_EVENTO_SOFASCORE,SIN_EVENTO_SOFASCORE
m_22Z8p0,,2026-01-23,p_0WiaUz,Imanol Gonzalez,Gimnasia Mendoza,Central Córdoba de Santiago,DEF,,,,,,,,SIN_EVENTO_SOFASCORE,SIN_EVENTO_SOFASCORE
m_22Z8p0,,2026-01-23,p_2twD0T,Juan Franco,Gimnasia Mendoza,Central Córdoba de Santiago,DEF,,,,,,,,SIN_EVENTO_SOFASCORE,SIN_EVENTO_SOFASCORE
m_22Z8p0,,2026-01-23,p_40BXYc,Julián Ceballos,Gimnasia Mendoza,Central Córdoba de Santiago,VOL,,,,,,,,SIN_EVENTO_SOFASCORE,SIN_EVENTO_SOFASCORE
m_22Z8p0,,2026-01-23,p_4HrltX,Luciano Cingolani,Gimnasia Mendoza,Central Córdoba de Santiago,DEL,,,,,,,,SIN_EVENTO_SOFASCORE,SIN_EVENTO_SOFASCORE
m_22Z8p0,,2026-01-23,p_3oqT7Z,Luciano Paredes,Gimnasia Mendoza,Central Córdoba de Santiago,DEF,,,,,,,,SIN_EVENTO_SOFASCORE,SIN_EVENTO_SOFASCORE
m_22Z8p0,,2026-01-23,p_1oAIvS,Matías Recalde,Gimnasia Mendoza,Central Córdoba de Santiago,DEF,,,,,,,,SIN_EVENTO_SOFASCORE,SIN_EVENTO_SOFASCORE
m_22Z8p0,,2026-01-23,p_2rHsQv,Nahuel Barboza,Gimnasia Mendoza,Central Córdoba de Santiago,VOL,,,,,,,,SIN_EVENTO_SOFASCORE,SIN_EVENTO_SOFASCORE
m_22Z8p0,,2026-01-23,p_16FDGx,Nicolas Linares,Gimnasia Mendoza,Central Córdoba de Santiago,VOL,,,,,,,,SIN_EVENTO_SOFASCORE,SIN_EVENTO_SOFASCORE
m_22Z8p0,,2026-01-23,p_4ckwa7,Nicolás Ferreyra,Gimnasia Mendoza,Central Córdoba de Santiago,DEL,,,,,,,,SIN_EVENTO_SOFASCORE,SIN_EVENTO_SOFASCORE
m_22Z8p0,,2026-01-23,p_4WHbBz,Santiago Rodríguez,Gimnasia Mendoza,Central Córdoba de Santiago,DEL,,,,,,,,SIN_EVENTO_SOFASCORE,SIN_EVENTO_SOFASCORE
m_22Z8p0,,2026-01-23,p_3guJ6P,Valentino Simoni,Gimnasia Mendoza,Central Córdoba de Santiago,DEL,,,,,,,,SIN_EVENTO_SOFASCORE,SIN_EVENTO_SOFASCORE
m_1oH2tW,,2026-01-23,p_2ralsZ,Facundo Zabala,Independiente,Estudiantes,DEF,,,,,,,,SIN_EVENTO_SOFASCORE,SIN_EVENTO_SOFASCORE
m_1oH2tW,,2026-01-23,p_44fmOo,Gabriel Ávalos,Independiente,Estudiantes,DEL,,,,,,,,SIN_EVENTO_SOFASCORE,SIN_EVENTO_SOFASCORE
m_1oH2tW,,2026-01-23,p_47bCwf,Ignacio Malcorra,Independiente,Estudiantes,VOL,,,,,,,,SIN_EVENTO_SOFASCORE,SIN_EVENTO_SOFASCORE
m_1oH2tW,,2026-01-23,p_4F21o7,Ignacio Pussetto,Independiente,Estudiantes,DEL,,,,,,,,SIN_EVENTO_SOFASCORE,SIN_EVENTO_SOFASCORE
m_1oH2tW,,2026-01-23,p_1HqLta,Juan Fedorco,Independiente,Estudiantes,DEF,,,,,,,,SIN_EVENTO_SOFASCORE,SIN_EVENTO_SOFASCORE
m_1oH2tW,,2026-01-23,p_3zzhTk,Kevin Lomónaco,Independiente,Estudiantes,DEF,,,,,,,,SIN_EVENTO_SOFASCORE,SIN_EVENTO_SOFASCORE
m_1oH2tW,,2026-01-23,p_2GcFwZ,Lautaro Millán,Independiente,Estudiantes,VOL,,,,,,,,SIN_EVENTO_SOFASCORE,SIN_EVENTO_SOFASCORE
m_1oH2tW,,2026-01-23,p_2Y5BPH,Leonardo Godoy,Independiente,Estudiantes,DEF,,,,,,,,SIN_EVENTO_SOFASCORE,SIN_EVENTO_SOFASCORE
m_1oH2tW,,2026-01-23,p_1vDFZe,Luciano Cabral,Independiente,Estudiantes,VOL,,,,,,,,SIN_EVENTO_SOFASCORE,SIN_EVENTO_SOFASCORE
m_1oH2tW,,2026-01-23,p_4eK1TZ,Mateo Pérez Curci,Independiente,Estudiantes,VOL,,,,,,,,SIN_EVENTO_SOFASCORE,SIN_EVENTO_SOFASCORE
m_1oH2tW,,2026-01-23,p_2l6eDm,Matías Abaldo,Independiente,Estudiantes,DEL,,,,,,,,SIN_EVENTO_SOFASCORE,SIN_EVENTO_SOFASCORE
m_1oH2tW,,2026-01-23,p_4L0APC,Rodrigo Fernández,Independiente,Estudiantes,VOL,,,,,,,,SIN_EVENTO_SOFASCORE,SIN_EVENTO_SOFASCORE
m_1oH2tW,,2026-01-23,p_3KLwFI,Rodrigo Rey,Independiente,Estudiantes,ARQ,,,,,,,,SIN_EVENTO_SOFASCORE,SIN_EVENTO_SOFASCORE
m_1oH2tW,,2026-01-23,p_2c9Jkj,Santiago Gabriel Montiel,Independiente,Estudiantes,VOL,,,,,,,,SIN_EVENTO_SOFASCORE,SIN_EVENTO_SOFASCORE
m_1oH2tW,,2026-01-23,p_4UoYBc,Sebastián Valdéz,Independiente,Estudiantes,DEF,,,,,,,,SIN_EVENTO_SOFASCORE,SIN_EVENTO_SOFASCORE
m_1oH2tW,,2026-01-23,p_4Bdvg6,Walter Mazzantti,Independiente,Estudiantes,DEF,,,,,,,,SIN_EVENTO_SOFASCORE,SIN_EVENTO_SOFASCORE
m_1JjKsV,,2026-01-23,p_0t17ZI,Alex Luna,Instituto,Vélez Sarsfield,DEL,,,,,,,,SIN_EVENTO_SOFASCORE,SIN_EVENTO_SOFASCORE
m_1JjKsV,,2026-01-23,p_39c8jY,Diego Sosa,Instituto,Vélez Sarsfield,DEF,,,,,,,,SIN_EVENTO_SOFASCORE,SIN_EVENTO_SOFASCORE
m_1JjKsV,,2026-01-23,p_1qCu0J,Fernando Alarcón,Instituto,Vélez Sarsfield,DEF,,,,,,,,SIN_EVENTO_SOFASCORE,SIN_EVENTO_SOFASCORE
m_1JjKsV,,2026-01-23,p_1urJ9k,Franco Jara,Instituto,Vélez Sarsfield,DEL,,,,,,,,SIN_EVENTO_SOFASCORE,SIN_EVENTO_SOFASCORE
m_1JjKsV,,2026-01-23,p_1wpZS1,Franco Moyano,Instituto,Vélez Sarsfield,VOL,,,,,,,,SIN_EVENTO_SOFASCORE,SIN_EVENTO_SOFASCORE
m_1JjKsV,,2026-01-23,p_3I0XnJ,Giuliano Cerato,Instituto,Vélez Sarsfield,VOL,,,,,,,,SIN_EVENTO_SOFASCORE,SIN_EVENTO_SOFASCORE
m_1JjKsV,,2026-01-23,p_4T6aUk,Ignacio Méndez,Instituto,Vélez Sarsfield,VOL,,,,,,,,SIN_EVENTO_SOFASCORE,SIN_EVENTO_SOFASCORE
m_1JjKsV,,2026-01-23,p_2AQDyY,Jhon Córdoba,Instituto,Vélez Sarsfield,VOL,,,,,,,,SIN_EVENTO_SOFASCORE,SIN_EVENTO_SOFASCORE
m_1JjKsV,,2026-01-23,p_1xKto7,Jonathan Galván,Instituto,Vélez Sarsfield,DEF,,,,,,,,SIN_EVENTO_SOFASCORE,SIN_EVENTO_SOFASCORE
m_1JjKsV,,2026-01-23,p_3x6Yqh,Leonel Mosevich,Instituto,Vélez Sarsfield,DEF,,,,,,,,SIN_EVENTO_SOFASCORE,SIN_EVENTO_SOFASCORE
m_1JjKsV,,2026-01-23,p_3HqqMQ,Luca Klimowicz,Instituto,Vélez Sarsfield,DEL,,,,,,,,SIN_EVENTO_SOFASCORE,SIN_EVENTO_SOFASCORE
m_1JjKsV,,2026-01-23,p_0BJh0v,Luca Rafaelli,Instituto,Vélez Sarsfield,VOL,,,,,,,,SIN_EVENTO_SOFASCORE,SIN_EVENTO_SOFASCORE
m_1JjKsV,,2026-01-23,p_4UkieF,Manuel Roffo,Instituto,Vélez Sarsfield,ARQ,,,,,,,,SIN_EVENTO_SOFASCORE,SIN_EVENTO_SOFASCORE
m_1JjKsV,,2026-01-23,p_2boGbm,Manuel Romero,Instituto,Vélez Sarsfield,DEL,,,,,,,,SIN_EVENTO_SOFASCORE,SIN_EVENTO_SOFASCORE
m_2wEu9K,,2026-01-23,p_3xub3o,Agustín Cardozo,Lanús,San Lorenzo,VOL,,,,,,,,SIN_EVENTO_SOFASCORE,SIN_EVENTO_SOFASCORE
m_2wEu9K,,2026-01-23,p_3dgI1a,Agustín Medina,Lanús,San Lorenzo,VOL,,,,,,,,SIN_EVENTO_SOFASCORE,SIN_EVENTO_SOFASCORE
m_2wEu9K,,2026-01-23,p_4UExdP,Bruno Cabrera,Lanús,San Lorenzo,VOL,,,,,,,,SIN_EVENTO_SOFASCORE,SIN_EVENTO_SOFASCORE
m_2wEu9K,,2026-01-23,p_0pxwpN,Carlos Izquierdoz,Lanús,San Lorenzo,DEF,,,,,,,,SIN_EVENTO_SOFASCORE,SIN_EVENTO_SOFASCORE
m_2wEu9K,,2026-01-23,p_1Dr7TL,Eduardo Salvio,Lanús,San Lorenzo,VOL,,,,,,,,SIN_EVENTO_SOFASCORE,SIN_EVENTO_SOFASCORE
m_2wEu9K,,2026-01-23,p_4NdBtx,Felipe Peña Biafore,Lanús,San Lorenzo,VOL,,,,,,,,SIN_EVENTO_SOFASCORE,SIN_EVENTO_SOFASCORE
m_2wEu9K,,2026-01-23,p_1va0ir,Gonzalo Pérez,Lanús,San Lorenzo,DEF,,,,,,,,SIN_EVENTO_SOFASCORE,SIN_EVENTO_SOFASCORE
m_2wEu9K,,2026-01-23,p_2YLj3q,José Canale,Lanús,San Lorenzo,DEF,,,,,,,,SIN_EVENTO_SOFASCORE,SIN_EVENTO_SOFASCORE
m_2wEu9K,,2026-01-23,p_32gEeN,Marcelino Moreno,Lanús,San Lorenzo,VOL,,,,,,,,SIN_EVENTO_SOFASCORE,SIN_EVENTO_SOFASCORE
m_2wEu9K,,2026-01-23,p_1R1UR4,Matías Sepúlveda,Lanús,San Lorenzo,VOL,,,,,,,,SIN_EVENTO_SOFASCORE,SIN_EVENTO_SOFASCORE
m_2wEu9K,,2026-01-23,p_4W6aiW,Nahuel Losada,Lanús,San Lorenzo,ARQ,,,,,,,,SIN_EVENTO_SOFASCORE,SIN_EVENTO_SOFASCORE
m_2wEu9K,,2026-01-23,p_3bNsap,Ramiro Carrera,Lanús,San Lorenzo,VOL,,,,,,,,SIN_EVENTO_SOFASCORE,SIN_EVENTO_SOFASCORE
m_2wEu9K,,2026-01-23,p_2ooqPi,Rodrigo Castillo,Lanús,San Lorenzo,DEL,,,,,,,,SIN_EVENTO_SOFASCORE,SIN_EVENTO_SOFASCORE
m_2wEu9K,,2026-01-23,p_37cT31,Ronaldo Dejesús,Lanús,San Lorenzo,DEF,,,,,,,,SIN_EVENTO_SOFASCORE,SIN_EVENTO_SOFASCORE
m_2wEu9K,,2026-01-23,p_0YK7Rt,Sasha Marcich,Lanús,San Lorenzo,DEF,,,,,,,,SIN_EVENTO_SOFASCORE,SIN_EVENTO_SOFASCORE
m_2wEu9K,,2026-01-23,p_1Zygll,Tomás Ezequiel Guidara,Lanús,San Lorenzo,DEF,,,,,,,,SIN_EVENTO_SOFASCORE,SIN_EVENTO_SOFASCORE
m_2wEu9K,,2026-01-23,p_3SxKvy,Agustín Ladstatter,San Lorenzo,Lanús,VOL,,,,,,,,SIN_EVENTO_SOFASCORE,SIN_EVENTO_SOFASCORE
m_2wEu9K,,2026-01-23,p_0Wi4L8,Alexis Cuello,San Lorenzo,Lanús,DEL,,,,,,,,SIN_EVENTO_SOFASCORE,SIN_EVENTO_SOFASCORE
m_2wEu9K,,2026-01-23,p_4SmKKU,Cristian Nahuel Barrios,San Lorenzo,Lanús,VOL,,,,,,,,SIN_EVENTO_SOFASCORE,SIN_EVENTO_SOFASCORE
m_2wEu9K,,2026-01-23,p_1nyNwE,Diego Herazo,San Lorenzo,Lanús,DEL,,,,,,,,SIN_EVENTO_SOFASCORE,SIN_EVENTO_SOFASCORE
m_2wEu9K,,2026-01-23,p_1fUvIv,Ezequiel Cerutti,San Lorenzo,Lanús,DEL,,,,,,,,SIN_EVENTO_SOFASCORE,SIN_EVENTO_SOFASCORE
m_2wEu9K,,2026-01-23,p_0O1Z5O,Ezequiel Herrera,San Lorenzo,Lanús,DEF,,,,,,,,SIN_EVENTO_SOFASCORE,SIN_EVENTO_SOFASCORE
m_2wEu9K,,2026-01-23,p_1zRg0F,Fabricio Lopez,San Lorenzo,Lanús,DEF,,,,,,,,SIN_EVENTO_SOFASCORE,SIN_EVENTO_SOFASCORE
m_2wEu9K,,2026-01-23,p_04WuOt,Facundo Gulli,San Lorenzo,Lanús,VOL,,,,,,,,SIN_EVENTO_SOFASCORE,SIN_EVENTO_SOFASCORE
m_2wEu9K,,2026-01-23,p_4YbP7i,Gaston Hernandez,San Lorenzo,Lanús,DEF,,,,,,,,SIN_EVENTO_SOFASCORE,SIN_EVENTO_SOFASCORE
m_2wEu9K,,2026-01-23,p_0vHFrW,Ignacio Perruzzi,San Lorenzo,Lanús,VOL,,,,,,,,SIN_EVENTO_SOFASCORE,SIN_EVENTO_SOFASCORE
m_2wEu9K,,2026-01-23,p_3rPqVS,Jhohan Romaña,San Lorenzo,Lanús,DEF,,,,,,,,SIN_EVENTO_SOFASCORE,SIN_EVENTO_SOFASCORE
m_2wEu9K,,2026-01-23,p_15T8Aa,Manuel Insaurralde,San Lorenzo,Lanús,VOL,,,,,,,,SIN_EVENTO_SOFASCORE,SIN_EVENTO_SOFASCORE
m_2wEu9K,,2026-01-23,p_18D9V6,Matías Reali,San Lorenzo,Lanús,VOL,,,,,,,,SIN_EVENTO_SOFASCORE,SIN_EVENTO_SOFASCORE
m_2wEu9K,,2026-01-23,p_1AI1PK,Nicolás Tripichio,San Lorenzo,Lanús,VOL,,,,,,,,SIN_EVENTO_SOFASCORE,SIN_EVENTO_SOFASCORE
m_2wEu9K,,2026-01-23,p_0Uy6sL,Orlando Gill,San Lorenzo,Lanús,ARQ,,,,,,,,SIN_EVENTO_SOFASCORE,SIN_EVENTO_SOFASCORE
m_2wEu9K,,2026-01-23,p_4WViuG,Teo Pagano,San Lorenzo,Lanús,DEF,,,,,,,,SIN_EVENTO_SOFASCORE,SIN_EVENTO_SOFASCORE
m_1JjKsV,,2026-01-23,p_1A6WgI,Aaron Quirós,Vélez Sarsfield,Instituto,DEF,,,,,,,,SIN_EVENTO_SOFASCORE,SIN_EVENTO_SOFASCORE
m_1JjKsV,,2026-01-23,p_1k9Cqy,Braian Romero,Vélez Sarsfield,Instituto,DEL,,,,,,,,SIN_EVENTO_SOFASCORE,SIN_EVENTO_SOFASCORE
m_1JjKsV,,2026-01-23,p_0CoGTg,Claudio Baeza,Vélez Sarsfield,Instituto,VOL,,,,,,,,SIN_EVENTO_SOFASCORE,SIN_EVENTO_SOFASCORE
m_1JjKsV,,2026-01-23,p_3H23k2,Diego Valdés,Vélez Sarsfield,Instituto,VOL,,,,,,,,SIN_EVENTO_SOFASCORE,SIN_EVENTO_SOFASCORE
m_1JjKsV,,2026-01-23,p_4filjU,Elías Gómez,Vélez Sarsfield,Instituto,DEF,,,,,,,,SIN_EVENTO_SOFASCORE,SIN_EVENTO_SOFASCORE
m_1JjKsV,,2026-01-23,p_1mwRpu,Emanuel Mammana,Vélez Sarsfield,Instituto,DEF,,,,,,,,SIN_EVENTO_SOFASCORE,SIN_EVENTO_SOFASCORE
m_1JjKsV,,2026-01-23,p_3goTXD,Jano Gordon,Vélez Sarsfield,Instituto,DEF,,,,,,,,SIN_EVENTO_SOFASCORE,SIN_EVENTO_SOFASCORE
m_1JjKsV,,2026-01-23,p_1O1XFB,Lisandro Magallán,Vélez Sarsfield,Instituto,DEF,,,,,,,,SIN_EVENTO_SOFASCORE,SIN_EVENTO_SOFASCORE
m_1JjKsV,,2026-01-23,p_2D7OBP,Lucas Robertone,Vélez Sarsfield,Instituto,VOL,,,,,,,,SIN_EVENTO_SOFASCORE,SIN_EVENTO_SOFASCORE
m_1JjKsV,,2026-01-23,p_1UNG97,Manuel Lanzini,Vélez Sarsfield,Instituto,VOL,,,,,,,,SIN_EVENTO_SOFASCORE,SIN_EVENTO_SOFASCORE
m_1JjKsV,,2026-01-23,p_4LvJZA,Matías Arias,Vélez Sarsfield,Instituto,DEL,,,,,,,,SIN_EVENTO_SOFASCORE,SIN_EVENTO_SOFASCORE
m_1JjKsV,,2026-01-23,p_3XUbmT,Matías Pellegrini,Vélez Sarsfield,Instituto,VOL,,,,,,,,SIN_EVENTO_SOFASCORE,SIN_EVENTO_SOFASCORE
m_1JjKsV,,2026-01-23,p_3FGnhe,Michael Santos,Vélez Sarsfield,Instituto,DEL,,,,,,,,SIN_EVENTO_SOFASCORE,SIN_EVENTO_SOFASCORE
m_1JjKsV,,2026-01-23,p_2n95ER,Rodrigo Aliendro,Vélez Sarsfield,Instituto,VOL,,,,,,,,SIN_EVENTO_SOFASCORE,SIN_EVENTO_SOFASCORE
m_1JjKsV,,2026-01-23,p_0QZ5qI,Tobías Andrada,Vélez Sarsfield,Instituto,VOL,,,,,,,,SIN_EVENTO_SOFASCORE,SIN_EVENTO_SOFASCORE
m_1JjKsV,,2026-01-23,p_30aPId,Álvaro Montero,Vélez Sarsfield,Instituto,ARQ,,,,,,,,SIN_EVENTO_SOFASCORE,SIN_EVENTO_SOFASCORE
m_0U6amu,,2026-01-24,p_4bCUcN,Agustín Auzmendi,Gimnasia LP,Racing Club,DEL,,,,,,,,SIN_EVENTO_SOFASCORE,SIN_EVENTO_SOFASCORE
m_0U6amu,,2026-01-24,p_2QsqY3,Alejo Gelsomino,Gimnasia LP,Racing Club,DEF,,,,,,,,SIN_EVENTO_SOFASCORE,SIN_EVENTO_SOFASCORE
m_0U6amu,,2026-01-24,p_1bUOsk,Alexis Steimbach,Gimnasia LP,Racing Club,DEF,,,,,,,,SIN_EVENTO_SOFASCORE,SIN_EVENTO_SOFASCORE
m_0U6amu,,2026-01-24,p_0AsvjF,Augusto Max,Gimnasia LP,Racing Club,VOL,,,,,,,,SIN_EVENTO_SOFASCORE,SIN_EVENTO_SOFASCORE
m_0U6amu,,2026-01-24,p_40ubcR,Enzo Martínez,Gimnasia LP,Racing Club,DEF,,,,,,,,SIN_EVENTO_SOFASCORE,SIN_EVENTO_SOFASCORE
m_0U6amu,,2026-01-24,p_1OBnRG,Franco Torres,Gimnasia LP,Racing Club,DEL,,,,,,,,SIN_EVENTO_SOFASCORE,SIN_EVENTO_SOFASCORE
m_0U6amu,,2026-01-24,p_15wJtA,Ignacio Fernández,Gimnasia LP,Racing Club,VOL,,,,,,,,SIN_EVENTO_SOFASCORE,SIN_EVENTO_SOFASCORE
m_0U6amu,,2026-01-24,p_0VZwYw,Lucas Nahuel Castro,Gimnasia LP,Racing Club,VOL,,,,,,,,SIN_EVENTO_SOFASCORE,SIN_EVENTO_SOFASCORE
m_0U6amu,,2026-01-24,p_2h5dHt,Manuel Panaro,Gimnasia LP,Racing Club,VOL,,,,,,,,SIN_EVENTO_SOFASCORE,SIN_EVENTO_SOFASCORE
m_0U6amu,,2026-01-24,p_042eAN,Marcelo Torres,Gimnasia LP,Racing Club,DEL,,,,,,,,SIN_EVENTO_SOFASCORE,SIN_EVENTO_SOFASCORE
m_0U6amu,,2026-01-24,p_1CvIxl,Nelson Insfrán,Gimnasia LP,Racing Club,ARQ,,,,,,,,SIN_EVENTO_SOFASCORE,SIN_EVENTO_SOFASCORE
m_0U6amu,,2026-01-24,p_0naJM3,Nicolás Barros Schelotto,Gimnasia LP,Racing Club,VOL,,,,,,,,SIN_EVENTO_SOFASCORE,SIN_EVENTO_SOFASCORE
m_0U6amu,,2026-01-24,p_3AOI3O,Pablo Aguiar,Gimnasia LP,Racing Club,VOL,,,,,,,,SIN_EVENTO_SOFASCORE,SIN_EVENTO_SOFASCORE
m_0U6amu,,2026-01-24,p_2ZvpgZ,Pedro Silva Torrejón,Gimnasia LP,Racing Club,DEF,,,,,,,,SIN_EVENTO_SOFASCORE,SIN_EVENTO_SOFASCORE
m_0U6amu,,2026-01-24,p_0URNSN,Renzo Giampaoli,Gimnasia LP,Racing Club,DEF,,,,,,,,SIN_EVENTO_SOFASCORE,SIN_EVENTO_SOFASCORE
m_0U6amu,,2026-01-24,p_2wtzyq,Santiago Villarreal,Gimnasia LP,Racing Club,VOL,,,,,,,,SIN_EVENTO_SOFASCORE,SIN_EVENTO_SOFASCORE
m_43Vm4s,,2026-01-24,p_4HZbhQ,Armando Mendez,Newell's Old Boys,Talleres,DEF,,,,,,,,SIN_EVENTO_SOFASCORE,SIN_EVENTO_SOFASCORE
m_43Vm4s,,2026-01-24,p_2aEhwv,Bruno Cabrera,Newell's Old Boys,Talleres,DEF,,,,,,,,SIN_EVENTO_SOFASCORE,SIN_EVENTO_SOFASCORE
m_43Vm4s,,2026-01-24,p_2Nqqrm,Facundo Samuel Guch,Newell's Old Boys,Talleres,VOL,,,,,,,,SIN_EVENTO_SOFASCORE,SIN_EVENTO_SOFASCORE
m_43Vm4s,,2026-01-24,p_0hLVOV,Franco Garcia,Newell's Old Boys,Talleres,DEL,,,,,,,,SIN_EVENTO_SOFASCORE,SIN_EVENTO_SOFASCORE
m_43Vm4s,,2026-01-24,p_21OTES,Gabriel Arias,Newell's Old Boys,Talleres,ARQ,,,,,,,,SIN_EVENTO_SOFASCORE,SIN_EVENTO_SOFASCORE
m_43Vm4s,,2026-01-24,p_48O6pP,Jerónimo Russo,Newell's Old Boys,Talleres,DEF,,,,,,,,SIN_EVENTO_SOFASCORE,SIN_EVENTO_SOFASCORE
m_43Vm4s,,2026-01-24,p_16TE0v,Luca Regiardo,Newell's Old Boys,Talleres,VOL,,,,,,,,SIN_EVENTO_SOFASCORE,SIN_EVENTO_SOFASCORE
m_43Vm4s,,2026-01-24,p_0A6bdg,Luciano Herrera,Newell's Old Boys,Talleres,DEL,,,,,,,,SIN_EVENTO_SOFASCORE,SIN_EVENTO_SOFASCORE
m_43Vm4s,,2026-01-24,p_1HGvGm,Martín Luciano,Newell's Old Boys,Talleres,DEF,,,,,,,,SIN_EVENTO_SOFASCORE,SIN_EVENTO_SOFASCORE
m_43Vm4s,,2026-01-24,p_4JwCQA,Matías Cóccaro,Newell's Old Boys,Talleres,DEL,,,,,,,,SIN_EVENTO_SOFASCORE,SIN_EVENTO_SOFASCORE
m_43Vm4s,,2026-01-24,p_2ngbDl,Michael Hoyos,Newell's Old Boys,Talleres,DEL,,,,,,,,SIN_EVENTO_SOFASCORE,SIN_EVENTO_SOFASCORE
m_43Vm4s,,2026-01-24,p_3mpZF5,Oscar Salomón,Newell's Old Boys,Talleres,DEF,,,,,,,,SIN_EVENTO_SOFASCORE,SIN_EVENTO_SOFASCORE
m_43Vm4s,,2026-01-24,p_4Uobro,Rodrigo Herrera,Newell's Old Boys,Talleres,VOL,,,,,,,,SIN_EVENTO_SOFASCORE,SIN_EVENTO_SOFASCORE
m_43Vm4s,,2026-01-24,p_23RfET,Saul Salcedo,Newell's Old Boys,Talleres,DEF,,,,,,,,SIN_EVENTO_SOFASCORE,SIN_EVENTO_SOFASCORE
m_43Vm4s,,2026-01-24,p_3pwCr8,Valentino Acuña,Newell's Old Boys,Talleres,VOL,,,,,,,,SIN_EVENTO_SOFASCORE,SIN_EVENTO_SOFASCORE
m_43Vm4s,,2026-01-24,p_0L7hVd,Walter Núñez,Newell's Old Boys,Talleres,VOL,,,,,,,,SIN_EVENTO_SOFASCORE,SIN_EVENTO_SOFASCORE
m_0U6amu,,2026-01-24,p_1wbURI,Adrián Martínez,Racing Club,Gimnasia LP,DEL,,,,,,,,SIN_EVENTO_SOFASCORE,SIN_EVENTO_SOFASCORE
m_0U6amu,,2026-01-24,p_3ywdkO,Agustín Basso,Racing Club,Gimnasia LP,DEF,,,,,,,,SIN_EVENTO_SOFASCORE,SIN_EVENTO_SOFASCORE
m_0U6amu,,2026-01-24,p_3EIBrG,Duván Vergara,Racing Club,Gimnasia LP,DEL,,,,,,,,SIN_EVENTO_SOFASCORE,SIN_EVENTO_SOFASCORE
m_0U6amu,,2026-01-24,p_0Nf4Z8,Facundo Cambeses,Racing Club,Gimnasia LP,ARQ,,,,,,,,SIN_EVENTO_SOFASCORE,SIN_EVENTO_SOFASCORE
m_0U6amu,,2026-01-24,p_12npfJ,Gabriel Rojas,Racing Club,Gimnasia LP,DEF,,,,,,,,SIN_EVENTO_SOFASCORE,SIN_EVENTO_SOFASCORE
m_0U6amu,,2026-01-24,p_1vpOnq,Gastón Martirena,Racing Club,Gimnasia LP,VOL,,,,,,,,SIN_EVENTO_SOFASCORE,SIN_EVENTO_SOFASCORE
m_0U6amu,,2026-01-24,p_3iObzN,Juan Nardoni,Racing Club,Gimnasia LP,VOL,,,,,,,,SIN_EVENTO_SOFASCORE,SIN_EVENTO_SOFASCORE
m_0U6amu,,2026-01-24,p_2VZBmw,Marco Di Césare,Racing Club,Gimnasia LP,DEF,,,,,,,,SIN_EVENTO_SOFASCORE,SIN_EVENTO_SOFASCORE
m_0U6amu,,2026-01-24,p_13nKVT,Matko Miljevic,Racing Club,Gimnasia LP,VOL,,,,,,,,SIN_EVENTO_SOFASCORE,SIN_EVENTO_SOFASCORE
m_0U6amu,,2026-01-24,p_0GThAu,Matías Zaracho,Racing Club,Gimnasia LP,VOL,,,,,,,,SIN_EVENTO_SOFASCORE,SIN_EVENTO_SOFASCORE
m_0U6amu,,2026-01-24,p_0YyuFZ,Nazareno Colombo,Racing Club,Gimnasia LP,DEF,,,,,,,,SIN_EVENTO_SOFASCORE,SIN_EVENTO_SOFASCORE
m_0U6amu,,2026-01-24,p_3pbQt4,Santiago Solari,Racing Club,Gimnasia LP,DEL,,,,,,,,SIN_EVENTO_SOFASCORE,SIN_EVENTO_SOFASCORE
m_0U6amu,,2026-01-24,p_0KHX0U,Santiago Sosa,Racing Club,Gimnasia LP,VOL,,,,,,,,SIN_EVENTO_SOFASCORE,SIN_EVENTO_SOFASCORE
m_0U6amu,,2026-01-24,p_3cO9Zi,Tobías Rubio,Racing Club,Gimnasia LP,DEF,,,,,,,,SIN_EVENTO_SOFASCORE,SIN_EVENTO_SOFASCORE
m_0U6amu,,2026-01-24,p_3BbL1n,Tomás Conechny,Racing Club,Gimnasia LP,DEL,,,,,,,,SIN_EVENTO_SOFASCORE,SIN_EVENTO_SOFASCORE
m_0U6amu,,2026-01-24,p_4dBC4G,Valentin Carboni,Racing Club,Gimnasia LP,DEL,,,,,,,,SIN_EVENTO_SOFASCORE,SIN_EVENTO_SOFASCORE
m_43Vm4s,,2026-01-24,p_23S3AO,Augusto Schott,Talleres,Newell's Old Boys,DEF,,,,,,,,SIN_EVENTO_SOFASCORE,SIN_EVENTO_SOFASCORE
m_43Vm4s,,2026-01-24,p_1bbvOc,Bruno Barticciotto,Talleres,Newell's Old Boys,DEL,,,,,,,,SIN_EVENTO_SOFASCORE,SIN_EVENTO_SOFASCORE
m_43Vm4s,,2026-01-24,p_2usscp,Gabriel Báez,Talleres,Newell's Old Boys,DEF,,,,,,,,SIN_EVENTO_SOFASCORE,SIN_EVENTO_SOFASCORE
m_43Vm4s,,2026-01-24,p_209otm,Giovanni Baroni,Talleres,Newell's Old Boys,VOL,,,,,,,,SIN_EVENTO_SOFASCORE,SIN_EVENTO_SOFASCORE
m_43Vm4s,,2026-01-24,p_1u6e88,Guido Herrera,Talleres,Newell's Old Boys,ARQ,,,,,,,,SIN_EVENTO_SOFASCORE,SIN_EVENTO_SOFASCORE
m_43Vm4s,,2026-01-24,p_3JOBGM,José Luis Palomino,Talleres,Newell's Old Boys,DEF,,,,,,,,SIN_EVENTO_SOFASCORE,SIN_EVENTO_SOFASCORE
m_43Vm4s,,2026-01-24,p_0tQtiw,Juan Sforza,Talleres,Newell's Old Boys,VOL,,,,,,,,SIN_EVENTO_SOFASCORE,SIN_EVENTO_SOFASCORE
m_43Vm4s,,2026-01-24,p_2CN78Q,Matias Gomez,Talleres,Newell's Old Boys,DEF,,,,,,,,SIN_EVENTO_SOFASCORE,SIN_EVENTO_SOFASCORE
m_43Vm4s,,2026-01-24,p_43mFql,Matías Catalán,Talleres,Newell's Old Boys,DEF,,,,,,,,SIN_EVENTO_SOFASCORE,SIN_EVENTO_SOFASCORE
m_43Vm4s,,2026-01-24,p_0zKhoP,Matías Galarza,Talleres,Newell's Old Boys,VOL,,,,,,,,SIN_EVENTO_SOFASCORE,SIN_EVENTO_SOFASCORE
m_43Vm4s,,2026-01-24,p_3GiPCr,Rick,Talleres,Newell's Old Boys,DEL,,,,,,,,SIN_EVENTO_SOFASCORE,SIN_EVENTO_SOFASCORE
m_43Vm4s,,2026-01-24,p_4bqyr6,Ronaldo Martínez,Talleres,Newell's Old Boys,DEL,,,,,,,,SIN_EVENTO_SOFASCORE,SIN_EVENTO_SOFASCORE
m_43Vm4s,,2026-01-24,p_2lzqTc,Ulises Ortegoza,Talleres,Newell's Old Boys,VOL,,,,,,,,SIN_EVENTO_SOFASCORE,SIN_EVENTO_SOFASCORE
m_43Vm4s,,2026-01-24,p_1baCzH,Valentín Depietri,Talleres,Newell's Old Boys,DEL,,,,,,,,SIN_EVENTO_SOFASCORE,SIN_EVENTO_SOFASCORE
m_0pr0Dr,,2026-01-25,p_43D8up,Adrián Sánchez,Belgrano,Rosario Central,VOL,,,,,,,,SIN_EVENTO_SOFASCORE,SIN_EVENTO_SOFASCORE
m_0pr0Dr,,2026-01-25,p_1EMq3A,Alcides Benítez,Belgrano,Rosario Central,DEF,,,,,,,,SIN_EVENTO_SOFASCORE,SIN_EVENTO_SOFASCORE
m_0pr0Dr,,2026-01-25,p_28SEJq,Alexis Maldonado,Belgrano,Rosario Central,DEF,,,,,,,,SIN_EVENTO_SOFASCORE,SIN_EVENTO_SOFASCORE
m_0pr0Dr,,2026-01-25,p_49U5oJ,Emiliano Ariel Rigoni,Belgrano,Rosario Central,VOL,,,,,,,,SIN_EVENTO_SOFASCORE,SIN_EVENTO_SOFASCORE
m_0pr0Dr,,2026-01-25,p_4OBdka,Federico Ricca,Belgrano,Rosario Central,DEF,,,,,,,,SIN_EVENTO_SOFASCORE,SIN_EVENTO_SOFASCORE
m_0pr0Dr,,2026-01-25,p_3Boqdn,Francisco González Metilli,Belgrano,Rosario Central,VOL,,,,,,,,SIN_EVENTO_SOFASCORE,SIN_EVENTO_SOFASCORE
m_0pr0Dr,,2026-01-25,p_1hr765,Juan Velázquez,Belgrano,Rosario Central,VOL,,,,,,,,SIN_EVENTO_SOFASCORE,SIN_EVENTO_SOFASCORE
m_0pr0Dr,,2026-01-25,p_1lrNAx,Lautaro Gutierrez,Belgrano,Rosario Central,VOL,,,,,,,,SIN_EVENTO_SOFASCORE,SIN_EVENTO_SOFASCORE
m_0pr0Dr,,2026-01-25,p_3u6zLG,Leonardo Morales,Belgrano,Rosario Central,DEF,,,,,,,,SIN_EVENTO_SOFASCORE,SIN_EVENTO_SOFASCORE
m_0pr0Dr,,2026-01-25,p_1x6fIA,Lisandro López,Belgrano,Rosario Central,DEF,,,,,,,,SIN_EVENTO_SOFASCORE,SIN_EVENTO_SOFASCORE
m_0pr0Dr,,2026-01-25,p_3MmYTU,Lucas Passerini,Belgrano,Rosario Central,DEL,,,,,,,,SIN_EVENTO_SOFASCORE,SIN_EVENTO_SOFASCORE
m_0pr0Dr,,2026-01-25,p_3v2tAE,Lucas Zelarayán,Belgrano,Rosario Central,VOL,,,,,,,,SIN_EVENTO_SOFASCORE,SIN_EVENTO_SOFASCORE
m_0pr0Dr,,2026-01-25,p_09kVaG,Nicolás Fernández,Belgrano,Rosario Central,DEL,,,,,,,,SIN_EVENTO_SOFASCORE,SIN_EVENTO_SOFASCORE
m_0pr0Dr,,2026-01-25,p_0FN6nM,Ramiro Hernandes,Belgrano,Rosario Central,VOL,,,,,,,,SIN_EVENTO_SOFASCORE,SIN_EVENTO_SOFASCORE
m_0pr0Dr,,2026-01-25,p_2PNnZ9,Santiago Longo,Belgrano,Rosario Central,VOL,,,,,,,,SIN_EVENTO_SOFASCORE,SIN_EVENTO_SOFASCORE
m_0pr0Dr,,2026-01-25,p_0ujJJG,Thiago Cardozo,Belgrano,Rosario Central,ARQ,,,,,,,,SIN_EVENTO_SOFASCORE,SIN_EVENTO_SOFASCORE
m_0pr0Dr,,2026-01-25,p_2d8zml,Agustín Sández,Rosario Central,Belgrano,DEF,,,,,,,,SIN_EVENTO_SOFASCORE,SIN_EVENTO_SOFASCORE
m_0pr0Dr,,2026-01-25,p_2o6eqz,Alejo Véliz,Rosario Central,Belgrano,DEL,,,,,,,,SIN_EVENTO_SOFASCORE,SIN_EVENTO_SOFASCORE
m_0pr0Dr,,2026-01-25,p_43U0bn,Alexis Soto,Rosario Central,Belgrano,DEF,,,,,,,,SIN_EVENTO_SOFASCORE,SIN_EVENTO_SOFASCORE
m_0pr0Dr,,2026-01-25,p_3RAftg,Emanuel Coronel,Rosario Central,Belgrano,DEF,,,,,,,,SIN_EVENTO_SOFASCORE,SIN_EVENTO_SOFASCORE
m_0pr0Dr,,2026-01-25,p_2TtuTI,Enzo Copetti,Rosario Central,Belgrano,DEL,,,,,,,,SIN_EVENTO_SOFASCORE,SIN_EVENTO_SOFASCORE
m_0pr0Dr,,2026-01-25,p_13PyWD,Enzo Giménez,Rosario Central,Belgrano,DEF,,,,,,,,SIN_EVENTO_SOFASCORE,SIN_EVENTO_SOFASCORE
m_0pr0Dr,,2026-01-25,p_2tyvWq,Facundo Mallo,Rosario Central,Belgrano,DEF,,,,,,,,SIN_EVENTO_SOFASCORE,SIN_EVENTO_SOFASCORE
m_0pr0Dr,,2026-01-25,p_3SDFp7,Federico Navarro,Rosario Central,Belgrano,VOL,,,,,,,,SIN_EVENTO_SOFASCORE,SIN_EVENTO_SOFASCORE
m_0pr0Dr,,2026-01-25,p_4PWEjP,Franco Ibarra,Rosario Central,Belgrano,VOL,,,,,,,,SIN_EVENTO_SOFASCORE,SIN_EVENTO_SOFASCORE
m_0pr0Dr,,2026-01-25,p_3FvFpo,Ignacio Ovando,Rosario Central,Belgrano,DEF,,,,,,,,SIN_EVENTO_SOFASCORE,SIN_EVENTO_SOFASCORE
m_0pr0Dr,,2026-01-25,p_235aQ1,Jeremías Ledesma,Rosario Central,Belgrano,ARQ,,,,,,,,SIN_EVENTO_SOFASCORE,SIN_EVENTO_SOFASCORE
m_0pr0Dr,,2026-01-25,p_47jtXa,Jáminton Campaz,Rosario Central,Belgrano,VOL,,,,,,,,SIN_EVENTO_SOFASCORE,SIN_EVENTO_SOFASCORE
m_0pr0Dr,,2026-01-25,p_02CSwU,Luca Raffin,Rosario Central,Belgrano,DEF,,,,,,,,SIN_EVENTO_SOFASCORE,SIN_EVENTO_SOFASCORE
m_0pr0Dr,,2026-01-25,p_3i9lqe,Vicente Pizarro,Rosario Central,Belgrano,VOL,,,,,,,,SIN_EVENTO_SOFASCORE,SIN_EVENTO_SOFASCORE
m_0pr0Dr,,2026-01-25,p_1vKOON,Ángel Di Maria,Rosario Central,Belgrano,VOL,,,,,,,,SIN_EVENTO_SOFASCORE,SIN_EVENTO_SOFASCORE
m_1tV17s,,2026-01-26,p_4RpynC,Agustín Lagos,Club Atlético Platense,Instituto,DEF,,,,,,,,SIN_EVENTO_SOFASCORE,SIN_EVENTO_SOFASCORE
m_1tV17s,,2026-01-26,p_3dtvN3,Bautista Merlini,Club Atlético Platense,Instituto,VOL,,,,,,,,SIN_EVENTO_SOFASCORE,SIN_EVENTO_SOFASCORE
m_1tV17s,,2026-01-26,p_47E2rv,Eugenio Raggio,Club Atlético Platense,Instituto,DEF,,,,,,,,SIN_EVENTO_SOFASCORE,SIN_EVENTO_SOFASCORE
m_1tV17s,,2026-01-26,p_2EKu08,Felipe Bussio,Club Atlético Platense,Instituto,VOL,,,,,,,,SIN_EVENTO_SOFASCORE,SIN_EVENTO_SOFASCORE
m_1tV17s,,2026-01-26,p_2wlp9Z,Franco Zapiola,Club Atlético Platense,Instituto,VOL,,,,,,,,SIN_EVENTO_SOFASCORE,SIN_EVENTO_SOFASCORE
m_1tV17s,,2026-01-26,p_3S6c8L,Guido Mainero,Club Atlético Platense,Instituto,VOL,,,,,,,,SIN_EVENTO_SOFASCORE,SIN_EVENTO_SOFASCORE
m_1tV17s,,2026-01-26,p_137tuu,Ignacio Vázquez,Club Atlético Platense,Instituto,DEF,,,,,,,,SIN_EVENTO_SOFASCORE,SIN_EVENTO_SOFASCORE
m_1tV17s,,2026-01-26,p_103r5t,Juan Gauto,Club Atlético Platense,Instituto,VOL,,,,,,,,SIN_EVENTO_SOFASCORE,SIN_EVENTO_SOFASCORE
m_1tV17s,,2026-01-26,p_0ivFZd,Juan Saborido,Club Atlético Platense,Instituto,DEF,,,,,,,,SIN_EVENTO_SOFASCORE,SIN_EVENTO_SOFASCORE
m_1tV17s,,2026-01-26,p_2nGaYr,Leonardo Heredia,Club Atlético Platense,Instituto,DEL,,,,,,,,SIN_EVENTO_SOFASCORE,SIN_EVENTO_SOFASCORE
m_1tV17s,,2026-01-26,p_3b0CM3,Manuel Tucker,Club Atlético Platense,Instituto,DEL,,,,,,,,SIN_EVENTO_SOFASCORE,SIN_EVENTO_SOFASCORE
m_1tV17s,,2026-01-26,p_3yYguf,Martín Barrios,Club Atlético Platense,Instituto,VOL,,,,,,,,SIN_EVENTO_SOFASCORE,SIN_EVENTO_SOFASCORE
m_1tV17s,,2026-01-26,p_1JQZ6o,Matías Borgogno,Club Atlético Platense,Instituto,ARQ,,,,,,,,SIN_EVENTO_SOFASCORE,SIN_EVENTO_SOFASCORE
m_1tV17s,,2026-01-26,p_2rnkiH,Maximiliano Amarfil,Club Atlético Platense,Instituto,VOL,,,,,,,,SIN_EVENTO_SOFASCORE,SIN_EVENTO_SOFASCORE
m_1tV17s,,2026-01-26,p_3mhHpD,Tomas Nasif,Club Atlético Platense,Instituto,DEL,,,,,,,,SIN_EVENTO_SOFASCORE,SIN_EVENTO_SOFASCORE
m_1tV17s,,2026-01-26,p_0H4brP,Tomás Silva,Club Atlético Platense,Instituto,DEF,,,,,,,,SIN_EVENTO_SOFASCORE,SIN_EVENTO_SOFASCORE
m_1tV17s,,2026-01-26,p_0t17ZI,Alex Luna,Instituto,Club Atlético Platense,DEL,,,,,,,,SIN_EVENTO_SOFASCORE,SIN_EVENTO_SOFASCORE
m_1tV17s,,2026-01-26,p_39c8jY,Diego Sosa,Instituto,Club Atlético Platense,DEF,,,,,,,,SIN_EVENTO_SOFASCORE,SIN_EVENTO_SOFASCORE
m_1tV17s,,2026-01-26,p_1qCu0J,Fernando Alarcón,Instituto,Club Atlético Platense,DEF,,,,,,,,SIN_EVENTO_SOFASCORE,SIN_EVENTO_SOFASCORE
m_1tV17s,,2026-01-26,p_1urJ9k,Franco Jara,Instituto,Club Atlético Platense,DEL,,,,,,,,SIN_EVENTO_SOFASCORE,SIN_EVENTO_SOFASCORE
m_1tV17s,,2026-01-26,p_1wpZS1,Franco Moyano,Instituto,Club Atlético Platense,VOL,,,,,,,,SIN_EVENTO_SOFASCORE,SIN_EVENTO_SOFASCORE
m_1tV17s,,2026-01-26,p_3I0XnJ,Giuliano Cerato,Instituto,Club Atlético Platense,VOL,,,,,,,,SIN_EVENTO_SOFASCORE,SIN_EVENTO_SOFASCORE
m_1tV17s,,2026-01-26,p_287xJj,Gustavo Abregú,Instituto,Club Atlético Platense,VOL,,,,,,,,SIN_EVENTO_SOFASCORE,SIN_EVENTO_SOFASCORE
m_1tV17s,,2026-01-26,p_4T6aUk,Ignacio Méndez,Instituto,Club Atlético Platense,VOL,,,,,,,,SIN_EVENTO_SOFASCORE,SIN_EVENTO_SOFASCORE
m_1tV17s,,2026-01-26,p_4gVkOw,Iván Erquiaga,Instituto,Club Atlético Platense,DEF,,,,,,,,SIN_EVENTO_SOFASCORE,SIN_EVENTO_SOFASCORE
m_1tV17s,,2026-01-26,p_1xKto7,Jonathan Galván,Instituto,Club Atlético Platense,DEF,,,,,,,,SIN_EVENTO_SOFASCORE,SIN_EVENTO_SOFASCORE
m_1tV17s,,2026-01-26,p_1JEoJq,Jonás Acevedo,Instituto,Club Atlético Platense,VOL,,,,,,,,SIN_EVENTO_SOFASCORE,SIN_EVENTO_SOFASCORE
m_1tV17s,,2026-01-26,p_3x6Yqh,Leonel Mosevich,Instituto,Club Atlético Platense,DEF,,,,,,,,SIN_EVENTO_SOFASCORE,SIN_EVENTO_SOFASCORE
m_1tV17s,,2026-01-26,p_3HqqMQ,Luca Klimowicz,Instituto,Club Atlético Platense,DEL,,,,,,,,SIN_EVENTO_SOFASCORE,SIN_EVENTO_SOFASCORE
m_1tV17s,,2026-01-26,p_0BJh0v,Luca Rafaelli,Instituto,Club Atlético Platense,VOL,,,,,,,,SIN_EVENTO_SOFASCORE,SIN_EVENTO_SOFASCORE
m_1tV17s,,2026-01-26,p_4UkieF,Manuel Roffo,Instituto,Club Atlético Platense,ARQ,,,,,,,,SIN_EVENTO_SOFASCORE,SIN_EVENTO_SOFASCORE
m_1tV17s,,2026-01-26,p_0Gnu2O,Nicolás Guerra,Instituto,Club Atlético Platense,DEL,,,,,,,,SIN_EVENTO_SOFASCORE,SIN_EVENTO_SOFASCORE
m_14jWEQ,,2026-01-27,p_0EQwZX,Blas Armoa,Gimnasia Mendoza,San Lorenzo,DEL,,,,,,,,SIN_EVENTO_SOFASCORE,SIN_EVENTO_SOFASCORE
m_14jWEQ,,2026-01-27,p_3foBen,César Rigamonti,Gimnasia Mendoza,San Lorenzo,ARQ,,,,,,,,SIN_EVENTO_SOFASCORE,SIN_EVENTO_SOFASCORE
m_14jWEQ,,2026-01-27,p_2ykUpy,Facundo Lencioni,Gimnasia Mendoza,San Lorenzo,VOL,,,,,,,,SIN_EVENTO_SOFASCORE,SIN_EVENTO_SOFASCORE
m_14jWEQ,,2026-01-27,p_38u8in,Franco Saavedra,Gimnasia Mendoza,San Lorenzo,DEF,,,,,,,,SIN_EVENTO_SOFASCORE,SIN_EVENTO_SOFASCORE
m_14jWEQ,,2026-01-27,p_0WiaUz,Imanol Gonzalez,Gimnasia Mendoza,San Lorenzo,DEF,,,,,,,,SIN_EVENTO_SOFASCORE,SIN_EVENTO_SOFASCORE
m_14jWEQ,,2026-01-27,p_3wzAwa,Juan Álvarez,Gimnasia Mendoza,San Lorenzo,VOL,,,,,,,,SIN_EVENTO_SOFASCORE,SIN_EVENTO_SOFASCORE
m_14jWEQ,,2026-01-27,p_40BXYc,Julián Ceballos,Gimnasia Mendoza,San Lorenzo,VOL,,,,,,,,SIN_EVENTO_SOFASCORE,SIN_EVENTO_SOFASCORE
m_14jWEQ,,2026-01-27,p_1HKdTo,Lautaro Carrera,Gimnasia Mendoza,San Lorenzo,DEF,,,,,,,,SIN_EVENTO_SOFASCORE,SIN_EVENTO_SOFASCORE
m_14jWEQ,,2026-01-27,p_4HrltX,Luciano Cingolani,Gimnasia Mendoza,San Lorenzo,DEL,,,,,,,,SIN_EVENTO_SOFASCORE,SIN_EVENTO_SOFASCORE
m_14jWEQ,,2026-01-27,p_3oqT7Z,Luciano Paredes,Gimnasia Mendoza,San Lorenzo,DEF,,,,,,,,SIN_EVENTO_SOFASCORE,SIN_EVENTO_SOFASCORE
m_14jWEQ,,2026-01-27,p_1oAIvS,Matías Recalde,Gimnasia Mendoza,San Lorenzo,DEF,,,,,,,,SIN_EVENTO_SOFASCORE,SIN_EVENTO_SOFASCORE
m_14jWEQ,,2026-01-27,p_16FDGx,Nicolas Linares,Gimnasia Mendoza,San Lorenzo,VOL,,,,,,,,SIN_EVENTO_SOFASCORE,SIN_EVENTO_SOFASCORE
m_14jWEQ,,2026-01-27,p_4ckwa7,Nicolás Ferreyra,Gimnasia Mendoza,San Lorenzo,DEL,,,,,,,,SIN_EVENTO_SOFASCORE,SIN_EVENTO_SOFASCORE
m_14jWEQ,,2026-01-27,p_4WHbBz,Santiago Rodríguez,Gimnasia Mendoza,San Lorenzo,DEL,,,,,,,,SIN_EVENTO_SOFASCORE,SIN_EVENTO_SOFASCORE
m_14jWEQ,,2026-01-27,p_0ybyPC,Ulises Sánchez,Gimnasia Mendoza,San Lorenzo,VOL,,,,,,,,SIN_EVENTO_SOFASCORE,SIN_EVENTO_SOFASCORE
m_14jWEQ,,2026-01-27,p_3guJ6P,Valentino Simoni,Gimnasia Mendoza,San Lorenzo,DEL,,,,,,,,SIN_EVENTO_SOFASCORE,SIN_EVENTO_SOFASCORE
m_14jWEQ,,2026-01-27,p_3SxKvy,Agustín Ladstatter,San Lorenzo,Gimnasia Mendoza,VOL,,,,,,,,SIN_EVENTO_SOFASCORE,SIN_EVENTO_SOFASCORE
m_14jWEQ,,2026-01-27,p_0Wi4L8,Alexis Cuello,San Lorenzo,Gimnasia Mendoza,DEL,,,,,,,,SIN_EVENTO_SOFASCORE,SIN_EVENTO_SOFASCORE
m_14jWEQ,,2026-01-27,p_1nyNwE,Diego Herazo,San Lorenzo,Gimnasia Mendoza,DEL,,,,,,,,SIN_EVENTO_SOFASCORE,SIN_EVENTO_SOFASCORE
m_14jWEQ,,2026-01-27,p_1fUvIv,Ezequiel Cerutti,San Lorenzo,Gimnasia Mendoza,DEL,,,,,,,,SIN_EVENTO_SOFASCORE,SIN_EVENTO_SOFASCORE
m_14jWEQ,,2026-01-27,p_0O1Z5O,Ezequiel Herrera,San Lorenzo,Gimnasia Mendoza,DEF,,,,,,,,SIN_EVENTO_SOFASCORE,SIN_EVENTO_SOFASCORE
m_14jWEQ,,2026-01-27,p_04WuOt,Facundo Gulli,San Lorenzo,Gimnasia Mendoza,VOL,,,,,,,,SIN_EVENTO_SOFASCORE,SIN_EVENTO_SOFASCORE
m_14jWEQ,,2026-01-27,p_3hKw89,Francisco Perruzzi,San Lorenzo,Gimnasia Mendoza,VOL,,,,,,,,SIN_EVENTO_SOFASCORE,SIN_EVENTO_SOFASCORE
m_14jWEQ,,2026-01-27,p_4YbP7i,Gaston Hernandez,San Lorenzo,Gimnasia Mendoza,DEF,,,,,,,,SIN_EVENTO_SOFASCORE,SIN_EVENTO_SOFASCORE
m_14jWEQ,,2026-01-27,p_0vHFrW,Ignacio Perruzzi,San Lorenzo,Gimnasia Mendoza,VOL,,,,,,,,SIN_EVENTO_SOFASCORE,SIN_EVENTO_SOFASCORE
m_14jWEQ,,2026-01-27,p_3rPqVS,Jhohan Romaña,San Lorenzo,Gimnasia Mendoza,DEF,,,,,,,,SIN_EVENTO_SOFASCORE,SIN_EVENTO_SOFASCORE
m_14jWEQ,,2026-01-27,p_4PyHEi,Juan Rattalino,San Lorenzo,Gimnasia Mendoza,VOL,,,,,,,,SIN_EVENTO_SOFASCORE,SIN_EVENTO_SOFASCORE
m_14jWEQ,,2026-01-27,p_15T8Aa,Manuel Insaurralde,San Lorenzo,Gimnasia Mendoza,VOL,,,,,,,,SIN_EVENTO_SOFASCORE,SIN_EVENTO_SOFASCORE
m_14jWEQ,,2026-01-27,p_1AI1PK,Nicolás Tripichio,San Lorenzo,Gimnasia Mendoza,VOL,,,,,,,,SIN_EVENTO_SOFASCORE,SIN_EVENTO_SOFASCORE
m_14jWEQ,,2026-01-27,p_0Uy6sL,Orlando Gill,San Lorenzo,Gimnasia Mendoza,ARQ,,,,,,,,SIN_EVENTO_SOFASCORE,SIN_EVENTO_SOFASCORE
m_14jWEQ,,2026-01-27,p_4WViuG,Teo Pagano,San Lorenzo,Gimnasia Mendoza,DEF,,,,,,,,SIN_EVENTO_SOFASCORE,SIN_EVENTO_SOFASCORE
m_45TuR8,,2026-01-27,p_23S3AO,Augusto Schott,Talleres,Vélez Sarsfield,DEF,,,,,,,,SIN_EVENTO_SOFASCORE,SIN_EVENTO_SOFASCORE
m_45TuR8,,2026-01-27,p_2usscp,Gabriel Báez,Talleres,Vélez Sarsfield,DEF,,,,,,,,SIN_EVENTO_SOFASCORE,SIN_EVENTO_SOFASCORE
m_45TuR8,,2026-01-27,p_209otm,Giovanni Baroni,Talleres,Vélez Sarsfield,VOL,,,,,,,,SIN_EVENTO_SOFASCORE,SIN_EVENTO_SOFASCORE
m_45TuR8,,2026-01-27,p_1u6e88,Guido Herrera,Talleres,Vélez Sarsfield,ARQ,,,,,,,,SIN_EVENTO_SOFASCORE,SIN_EVENTO_SOFASCORE
m_45TuR8,,2026-01-27,p_3JOBGM,José Luis Palomino,Talleres,Vélez Sarsfield,DEF,,,,,,,,SIN_EVENTO_SOFASCORE,SIN_EVENTO_SOFASCORE
m_45TuR8,,2026-01-27,p_0tQtiw,Juan Sforza,Talleres,Vélez Sarsfield,VOL,,,,,,,,SIN_EVENTO_SOFASCORE,SIN_EVENTO_SOFASCORE
m_45TuR8,,2026-01-27,p_1WWgZ2,Luis Angulo,Talleres,Vélez Sarsfield,DEL,,,,,,,,SIN_EVENTO_SOFASCORE,SIN_EVENTO_SOFASCORE
m_45TuR8,,2026-01-27,p_2QUHoA,Martín Río,Talleres,Vélez Sarsfield,VOL,,,,,,,,SIN_EVENTO_SOFASCORE,SIN_EVENTO_SOFASCORE
m_45TuR8,,2026-01-27,p_2CN78Q,Matias Gomez,Talleres,Vélez Sarsfield,DEF,,,,,,,,SIN_EVENTO_SOFASCORE,SIN_EVENTO_SOFASCORE
m_45TuR8,,2026-01-27,p_43mFql,Matías Catalán,Talleres,Vélez Sarsfield,DEF,,,,,,,,SIN_EVENTO_SOFASCORE,SIN_EVENTO_SOFASCORE
m_45TuR8,,2026-01-27,p_0zKhoP,Matías Galarza,Talleres,Vélez Sarsfield,VOL,,,,,,,,SIN_EVENTO_SOFASCORE,SIN_EVENTO_SOFASCORE
m_45TuR8,,2026-01-27,p_3GiPCr,Rick,Talleres,Vélez Sarsfield,DEL,,,,,,,,SIN_EVENTO_SOFASCORE,SIN_EVENTO_SOFASCORE
m_45TuR8,,2026-01-27,p_4bqyr6,Ronaldo Martínez,Talleres,Vélez Sarsfield,DEL,,,,,,,,SIN_EVENTO_SOFASCORE,SIN_EVENTO_SOFASCORE
m_45TuR8,,2026-01-27,p_2lzqTc,Ulises Ortegoza,Talleres,Vélez Sarsfield,VOL,,,,,,,,SIN_EVENTO_SOFASCORE,SIN_EVENTO_SOFASCORE
m_45TuR8,,2026-01-27,p_1baCzH,Valentín Depietri,Talleres,Vélez Sarsfield,DEL,,,,,,,,SIN_EVENTO_SOFASCORE,SIN_EVENTO_SOFASCORE
m_45TuR8,,2026-01-27,p_2mFTYm,Valentín Dávila,Talleres,Vélez Sarsfield,DEL,,,,,,,,SIN_EVENTO_SOFASCORE,SIN_EVENTO_SOFASCORE
m_45TuR8,,2026-01-27,p_1A6WgI,Aaron Quirós,Vélez Sarsfield,Talleres,DEF,,,,,,,,SIN_EVENTO_SOFASCORE,SIN_EVENTO_SOFASCORE
m_45TuR8,,2026-01-27,p_1k9Cqy,Braian Romero,Vélez Sarsfield,Talleres,DEL,,,,,,,,SIN_EVENTO_SOFASCORE,SIN_EVENTO_SOFASCORE
m_45TuR8,,2026-01-27,p_0CoGTg,Claudio Baeza,Vélez Sarsfield,Talleres,VOL,,,,,,,,SIN_EVENTO_SOFASCORE,SIN_EVENTO_SOFASCORE
m_45TuR8,,2026-01-27,p_3H23k2,Diego Valdés,Vélez Sarsfield,Talleres,VOL,,,,,,,,SIN_EVENTO_SOFASCORE,SIN_EVENTO_SOFASCORE
m_45TuR8,,2026-01-27,p_4filjU,Elías Gómez,Vélez Sarsfield,Talleres,DEF,,,,,,,,SIN_EVENTO_SOFASCORE,SIN_EVENTO_SOFASCORE
m_45TuR8,,2026-01-27,p_1mwRpu,Emanuel Mammana,Vélez Sarsfield,Talleres,DEF,,,,,,,,SIN_EVENTO_SOFASCORE,SIN_EVENTO_SOFASCORE
m_45TuR8,,2026-01-27,p_3goTXD,Jano Gordon,Vélez Sarsfield,Talleres,DEF,,,,,,,,SIN_EVENTO_SOFASCORE,SIN_EVENTO_SOFASCORE
m_45TuR8,,2026-01-27,p_4HmUN6,Joaquín García,Vélez Sarsfield,Talleres,DEF,,,,,,,,SIN_EVENTO_SOFASCORE,SIN_EVENTO_SOFASCORE
m_45TuR8,,2026-01-27,p_1O1XFB,Lisandro Magallán,Vélez Sarsfield,Talleres,DEF,,,,,,,,SIN_EVENTO_SOFASCORE,SIN_EVENTO_SOFASCORE
m_45TuR8,,2026-01-27,p_2D7OBP,Lucas Robertone,Vélez Sarsfield,Talleres,VOL,,,,,,,,SIN_EVENTO_SOFASCORE,SIN_EVENTO_SOFASCORE
m_45TuR8,,2026-01-27,p_14Npfn,Maher Carrizo,Vélez Sarsfield,Talleres,DEL,,,,,,,,SIN_EVENTO_SOFASCORE,SIN_EVENTO_SOFASCORE
m_45TuR8,,2026-01-27,p_1UNG97,Manuel Lanzini,Vélez Sarsfield,Talleres,VOL,,,,,,,,SIN_EVENTO_SOFASCORE,SIN_EVENTO_SOFASCORE
m_45TuR8,,2026-01-27,p_4LvJZA,Matías Arias,Vélez Sarsfield,Talleres,DEL,,,,,,,,SIN_EVENTO_SOFASCORE,SIN_EVENTO_SOFASCORE
m_45TuR8,,2026-01-27,p_2n95ER,Rodrigo Aliendro,Vélez Sarsfield,Talleres,VOL,,,,,,,,SIN_EVENTO_SOFASCORE,SIN_EVENTO_SOFASCORE
m_45TuR8,,2026-01-27,p_0QZ5qI,Tobías Andrada,Vélez Sarsfield,Talleres,VOL,,,,,,,,SIN_EVENTO_SOFASCORE,SIN_EVENTO_SOFASCORE
m_45TuR8,,2026-01-27,p_30aPId,Álvaro Montero,Vélez Sarsfield,Talleres,ARQ,,,,,,,,SIN_EVENTO_SOFASCORE,SIN_EVENTO_SOFASCORE
m_2XR10W,,2026-01-28,p_0vreM8,Agustín Quiroga,Central Córdoba de Santiago,Atlético Tucumán,DEF,,,,,,,,SIN_EVENTO_SOFASCORE,SIN_EVENTO_SOFASCORE
m_2XR10W,,2026-01-28,p_43Olsv,Alan Aguerre,Central Córdoba de Santiago,Atlético Tucumán,ARQ,,,,,,,,SIN_EVENTO_SOFASCORE,SIN_EVENTO_SOFASCORE
m_2XR10W,,2026-01-28,p_2StpFV,Alejandro Maciel,Central Córdoba de Santiago,Atlético Tucumán,DEF,,,,,,,,SIN_EVENTO_SOFASCORE,SIN_EVENTO_SOFASCORE
m_2XR10W,,2026-01-28,p_0ciPTe,Diego Barrera,Central Córdoba de Santiago,Atlético Tucumán,VOL,,,,,,,,SIN_EVENTO_SOFASCORE,SIN_EVENTO_SOFASCORE
m_2XR10W,,2026-01-28,p_1KfXQ1,Facundo Mansilla Zahir,Central Córdoba de Santiago,Atlético Tucumán,DEF,,,,,,,,SIN_EVENTO_SOFASCORE,SIN_EVENTO_SOFASCORE
m_2XR10W,,2026-01-28,p_0oupcN,Fernando Juarez,Central Córdoba de Santiago,Atlético Tucumán,VOL,,,,,,,,SIN_EVENTO_SOFASCORE,SIN_EVENTO_SOFASCORE
m_2XR10W,,2026-01-28,p_1K6Fr9,Fernando Martínez,Central Córdoba de Santiago,Atlético Tucumán,DEF,,,,,,,,SIN_EVENTO_SOFASCORE,SIN_EVENTO_SOFASCORE
m_2XR10W,,2026-01-28,p_444jRY,Horacio Tijanovich,Central Córdoba de Santiago,Atlético Tucumán,VOL,,,,,,,,SIN_EVENTO_SOFASCORE,SIN_EVENTO_SOFASCORE
m_2XR10W,,2026-01-28,p_4beE3s,Leonardo Marchi,Central Córdoba de Santiago,Atlético Tucumán,DEF,,,,,,,,SIN_EVENTO_SOFASCORE,SIN_EVENTO_SOFASCORE
m_2XR10W,,2026-01-28,p_0veUmD,Lucas González,Central Córdoba de Santiago,Atlético Tucumán,VOL,,,,,,,,SIN_EVENTO_SOFASCORE,SIN_EVENTO_SOFASCORE
m_2XR10W,,2026-01-28,p_2nfEM8,Marco Iacobellis,Central Córdoba de Santiago,Atlético Tucumán,VOL,,,,,,,,SIN_EVENTO_SOFASCORE,SIN_EVENTO_SOFASCORE
m_2XR10W,,2026-01-28,p_3XD5Nu,Matías Vera,Central Córdoba de Santiago,Atlético Tucumán,VOL,,,,,,,,SIN_EVENTO_SOFASCORE,SIN_EVENTO_SOFASCORE
m_2XR10W,,2026-01-28,p_3cMYiv,Santiago Moyano,Central Córdoba de Santiago,Atlético Tucumán,DEF,,,,,,,,SIN_EVENTO_SOFASCORE,SIN_EVENTO_SOFASCORE
m_2XR10W,,2026-01-28,p_0VScM6,Tiago Cravero,Central Córdoba de Santiago,Atlético Tucumán,VOL,,,,,,,,SIN_EVENTO_SOFASCORE,SIN_EVENTO_SOFASCORE
m_01aTkm,,2026-01-28,p_1bUOsk,Alexis Steimbach,Gimnasia LP,River Plate,DEF,,,,,,,,SIN_EVENTO_SOFASCORE,SIN_EVENTO_SOFASCORE
m_01aTkm,,2026-01-28,p_0AsvjF,Augusto Max,Gimnasia LP,River Plate,VOL,,,,,,,,SIN_EVENTO_SOFASCORE,SIN_EVENTO_SOFASCORE
m_01aTkm,,2026-01-28,p_3Na8Ca,Diego Mastrangelo,Gimnasia LP,River Plate,DEF,,,,,,,,SIN_EVENTO_SOFASCORE,SIN_EVENTO_SOFASCORE
m_01aTkm,,2026-01-28,p_40ubcR,Enzo Martínez,Gimnasia LP,River Plate,DEF,,,,,,,,SIN_EVENTO_SOFASCORE,SIN_EVENTO_SOFASCORE
m_01aTkm,,2026-01-28,p_15wJtA,Ignacio Fernández,Gimnasia LP,River Plate,VOL,,,,,,,,SIN_EVENTO_SOFASCORE,SIN_EVENTO_SOFASCORE
m_01aTkm,,2026-01-28,p_0VZwYw,Lucas Nahuel Castro,Gimnasia LP,River Plate,VOL,,,,,,,,SIN_EVENTO_SOFASCORE,SIN_EVENTO_SOFASCORE
m_01aTkm,,2026-01-28,p_2h5dHt,Manuel Panaro,Gimnasia LP,River Plate,VOL,,,,,,,,SIN_EVENTO_SOFASCORE,SIN_EVENTO_SOFASCORE
m_01aTkm,,2026-01-28,p_1CvIxl,Nelson Insfrán,Gimnasia LP,River Plate,ARQ,,,,,,,,SIN_EVENTO_SOFASCORE,SIN_EVENTO_SOFASCORE
m_01aTkm,,2026-01-28,p_0naJM3,Nicolás Barros Schelotto,Gimnasia LP,River Plate,VOL,,,,,,,,SIN_EVENTO_SOFASCORE,SIN_EVENTO_SOFASCORE
m_01aTkm,,2026-01-28,p_2ZvpgZ,Pedro Silva Torrejón,Gimnasia LP,River Plate,DEF,,,,,,,,SIN_EVENTO_SOFASCORE,SIN_EVENTO_SOFASCORE
m_01aTkm,,2026-01-28,p_0URNSN,Renzo Giampaoli,Gimnasia LP,River Plate,DEF,,,,,,,,SIN_EVENTO_SOFASCORE,SIN_EVENTO_SOFASCORE
m_01aTkm,,2026-01-28,p_2wtzyq,Santiago Villarreal,Gimnasia LP,River Plate,VOL,,,,,,,,SIN_EVENTO_SOFASCORE,SIN_EVENTO_SOFASCORE
m_1BPKXp,,2026-01-28,p_0W7h2O,Diego Tarzia,Independiente,Newell's Old Boys,DEL,,,,,,,,SIN_EVENTO_SOFASCORE,SIN_EVENTO_SOFASCORE
m_1BPKXp,,2026-01-28,p_2ralsZ,Facundo Zabala,Independiente,Newell's Old Boys,DEF,,,,,,,,SIN_EVENTO_SOFASCORE,SIN_EVENTO_SOFASCORE
m_1BPKXp,,2026-01-28,p_44fmOo,Gabriel Ávalos,Independiente,Newell's Old Boys,DEL,,,,,,,,SIN_EVENTO_SOFASCORE,SIN_EVENTO_SOFASCORE
m_1BPKXp,,2026-01-28,p_47bCwf,Ignacio Malcorra,Independiente,Newell's Old Boys,VOL,,,,,,,,SIN_EVENTO_SOFASCORE,SIN_EVENTO_SOFASCORE
m_1BPKXp,,2026-01-28,p_4F21o7,Ignacio Pussetto,Independiente,Newell's Old Boys,DEL,,,,,,,,SIN_EVENTO_SOFASCORE,SIN_EVENTO_SOFASCORE
m_1BPKXp,,2026-01-28,p_477cm1,Iván Marcone,Independiente,Newell's Old Boys,VOL,,,,,,,,SIN_EVENTO_SOFASCORE,SIN_EVENTO_SOFASCORE
m_1BPKXp,,2026-01-28,p_1HqLta,Juan Fedorco,Independiente,Newell's Old Boys,DEF,,,,,,,,SIN_EVENTO_SOFASCORE,SIN_EVENTO_SOFASCORE
m_1BPKXp,,2026-01-28,p_3zzhTk,Kevin Lomónaco,Independiente,Newell's Old Boys,DEF,,,,,,,,SIN_EVENTO_SOFASCORE,SIN_EVENTO_SOFASCORE
m_1BPKXp,,2026-01-28,p_2GcFwZ,Lautaro Millán,Independiente,Newell's Old Boys,VOL,,,,,,,,SIN_EVENTO_SOFASCORE,SIN_EVENTO_SOFASCORE
m_1BPKXp,,2026-01-28,p_2Y5BPH,Leonardo Godoy,Independiente,Newell's Old Boys,DEF,,,,,,,,SIN_EVENTO_SOFASCORE,SIN_EVENTO_SOFASCORE
m_1BPKXp,,2026-01-28,p_4eK1TZ,Mateo Pérez Curci,Independiente,Newell's Old Boys,VOL,,,,,,,,SIN_EVENTO_SOFASCORE,SIN_EVENTO_SOFASCORE
m_1BPKXp,,2026-01-28,p_2l6eDm,Matías Abaldo,Independiente,Newell's Old Boys,DEL,,,,,,,,SIN_EVENTO_SOFASCORE,SIN_EVENTO_SOFASCORE
m_1BPKXp,,2026-01-28,p_4L0APC,Rodrigo Fernández,Independiente,Newell's Old Boys,VOL,,,,,,,,SIN_EVENTO_SOFASCORE,SIN_EVENTO_SOFASCORE
m_1BPKXp,,2026-01-28,p_3KLwFI,Rodrigo Rey,Independiente,Newell's Old Boys,ARQ,,,,,,,,SIN_EVENTO_SOFASCORE,SIN_EVENTO_SOFASCORE
m_1BPKXp,,2026-01-28,p_4Bdvg6,Walter Mazzantti,Independiente,Newell's Old Boys,DEF,,,,,,,,SIN_EVENTO_SOFASCORE,SIN_EVENTO_SOFASCORE
m_1BPKXp,,2026-01-28,p_4HZbhQ,Armando Mendez,Newell's Old Boys,Independiente,DEF,,,,,,,,SIN_EVENTO_SOFASCORE,SIN_EVENTO_SOFASCORE
m_1BPKXp,,2026-01-28,p_1QvEWx,David Sotelo,Newell's Old Boys,Independiente,VOL,,,,,,,,SIN_EVENTO_SOFASCORE,SIN_EVENTO_SOFASCORE
m_1BPKXp,,2026-01-28,p_2Nqqrm,Facundo Samuel Guch,Newell's Old Boys,Independiente,VOL,,,,,,,,SIN_EVENTO_SOFASCORE,SIN_EVENTO_SOFASCORE
m_1BPKXp,,2026-01-28,p_0hLVOV,Franco Garcia,Newell's Old Boys,Independiente,DEL,,,,,,,,SIN_EVENTO_SOFASCORE,SIN_EVENTO_SOFASCORE
m_1BPKXp,,2026-01-28,p_21OTES,Gabriel Arias,Newell's Old Boys,Independiente,ARQ,,,,,,,,SIN_EVENTO_SOFASCORE,SIN_EVENTO_SOFASCORE
m_1BPKXp,,2026-01-28,p_2TF5DL,Jerónimo Gómez Mattar,Newell's Old Boys,Independiente,VOL,,,,,,,,SIN_EVENTO_SOFASCORE,SIN_EVENTO_SOFASCORE
m_1BPKXp,,2026-01-28,p_48O6pP,Jerónimo Russo,Newell's Old Boys,Independiente,DEF,,,,,,,,SIN_EVENTO_SOFASCORE,SIN_EVENTO_SOFASCORE
m_1BPKXp,,2026-01-28,p_0A6bdg,Luciano Herrera,Newell's Old Boys,Independiente,DEL,,,,,,,,SIN_EVENTO_SOFASCORE,SIN_EVENTO_SOFASCORE
m_1BPKXp,,2026-01-28,p_1HGvGm,Martín Luciano,Newell's Old Boys,Independiente,DEF,,,,,,,,SIN_EVENTO_SOFASCORE,SIN_EVENTO_SOFASCORE
m_1BPKXp,,2026-01-28,p_4JwCQA,Matías Cóccaro,Newell's Old Boys,Independiente,DEL,,,,,,,,SIN_EVENTO_SOFASCORE,SIN_EVENTO_SOFASCORE
m_1BPKXp,,2026-01-28,p_2ngbDl,Michael Hoyos,Newell's Old Boys,Independiente,DEL,,,,,,,,SIN_EVENTO_SOFASCORE,SIN_EVENTO_SOFASCORE
m_1BPKXp,,2026-01-28,p_0i1DU3,Nicolás Goitea,Newell's Old Boys,Independiente,DEF,,,,,,,,SIN_EVENTO_SOFASCORE,SIN_EVENTO_SOFASCORE
m_1BPKXp,,2026-01-28,p_4Uobro,Rodrigo Herrera,Newell's Old Boys,Independiente,VOL,,,,,,,,SIN_EVENTO_SOFASCORE,SIN_EVENTO_SOFASCORE
m_1BPKXp,,2026-01-28,p_23RfET,Saul Salcedo,Newell's Old Boys,Independiente,DEF,,,,,,,,SIN_EVENTO_SOFASCORE,SIN_EVENTO_SOFASCORE
m_1BPKXp,,2026-01-28,p_3pwCr8,Valentino Acuña,Newell's Old Boys,Independiente,VOL,,,,,,,,SIN_EVENTO_SOFASCORE,SIN_EVENTO_SOFASCORE
m_1BPKXp,,2026-01-28,p_0L7hVd,Walter Núñez,Newell's Old Boys,Independiente,VOL,,,,,,,,SIN_EVENTO_SOFASCORE,SIN_EVENTO_SOFASCORE
m_4XI4Tz,,2026-01-29,p_4Mszzs,Adrián Spörle,Belgrano,Tigre,DEF,,,,,,,,SIN_EVENTO_SOFASCORE,SIN_EVENTO_SOFASCORE
m_4XI4Tz,,2026-01-29,p_43D8up,Adrián Sánchez,Belgrano,Tigre,VOL,,,,,,,,SIN_EVENTO_SOFASCORE,SIN_EVENTO_SOFASCORE
m_4XI4Tz,,2026-01-29,p_1EMq3A,Alcides Benítez,Belgrano,Tigre,DEF,,,,,,,,SIN_EVENTO_SOFASCORE,SIN_EVENTO_SOFASCORE
m_4XI4Tz,,2026-01-29,p_28SEJq,Alexis Maldonado,Belgrano,Tigre,DEF,,,,,,,,SIN_EVENTO_SOFASCORE,SIN_EVENTO_SOFASCORE
m_4XI4Tz,,2026-01-29,p_49U5oJ,Emiliano Ariel Rigoni,Belgrano,Tigre,VOL,,,,,,,,SIN_EVENTO_SOFASCORE,SIN_EVENTO_SOFASCORE
m_4XI4Tz,,2026-01-29,p_4OBdka,Federico Ricca,Belgrano,Tigre,DEF,,,,,,,,SIN_EVENTO_SOFASCORE,SIN_EVENTO_SOFASCORE
m_4XI4Tz,,2026-01-29,p_3Boqdn,Francisco González Metilli,Belgrano,Tigre,VOL,,,,,,,,SIN_EVENTO_SOFASCORE,SIN_EVENTO_SOFASCORE
m_4XI4Tz,,2026-01-29,p_4g8d1N,Franco Vázquez,Belgrano,Tigre,VOL,,,,,,,,SIN_EVENTO_SOFASCORE,SIN_EVENTO_SOFASCORE
m_4XI4Tz,,2026-01-29,p_1hr765,Juan Velázquez,Belgrano,Tigre,VOL,,,,,,,,SIN_EVENTO_SOFASCORE,SIN_EVENTO_SOFASCORE
m_4XI4Tz,,2026-01-29,p_1lrNAx,Lautaro Gutierrez,Belgrano,Tigre,VOL,,,,,,,,SIN_EVENTO_SOFASCORE,SIN_EVENTO_SOFASCORE
m_4XI4Tz,,2026-01-29,p_3u6zLG,Leonardo Morales,Belgrano,Tigre,DEF,,,,,,,,SIN_EVENTO_SOFASCORE,SIN_EVENTO_SOFASCORE
m_4XI4Tz,,2026-01-29,p_1x6fIA,Lisandro López,Belgrano,Tigre,DEF,,,,,,,,SIN_EVENTO_SOFASCORE,SIN_EVENTO_SOFASCORE
m_4XI4Tz,,2026-01-29,p_3v2tAE,Lucas Zelarayán,Belgrano,Tigre,VOL,,,,,,,,SIN_EVENTO_SOFASCORE,SIN_EVENTO_SOFASCORE
m_4XI4Tz,,2026-01-29,p_0FN6nM,Ramiro Hernandes,Belgrano,Tigre,VOL,,,,,,,,SIN_EVENTO_SOFASCORE,SIN_EVENTO_SOFASCORE
m_4XI4Tz,,2026-01-29,p_0ujJJG,Thiago Cardozo,Belgrano,Tigre,ARQ,,,,,,,,SIN_EVENTO_SOFASCORE,SIN_EVENTO_SOFASCORE
m_09UPPR,,2026-01-29,p_4FAIfZ,Alexis Castro,Estudiantes,Boca Juniors,VOL,,,,,,,,SIN_EVENTO_SOFASCORE,SIN_EVENTO_SOFASCORE
m_09UPPR,,2026-01-29,p_2203UO,Cristian Medina,Estudiantes,Boca Juniors,VOL,,,,,,,,SIN_EVENTO_SOFASCORE,SIN_EVENTO_SOFASCORE
m_09UPPR,,2026-01-29,p_2DQVsu,Eric Meza,Estudiantes,Boca Juniors,DEF,,,,,,,,SIN_EVENTO_SOFASCORE,SIN_EVENTO_SOFASCORE
m_09UPPR,,2026-01-29,p_4drKzY,Ezequiel Piovi,Estudiantes,Boca Juniors,VOL,,,,,,,,SIN_EVENTO_SOFASCORE,SIN_EVENTO_SOFASCORE
m_09UPPR,,2026-01-29,p_0wvzBl,Fabricio Iacovich,Estudiantes,Boca Juniors,ARQ,,,,,,,,SIN_EVENTO_SOFASCORE,SIN_EVENTO_SOFASCORE
m_09UPPR,,2026-01-29,p_0UPCHl,Fabricio Pérez,Estudiantes,Boca Juniors,VOL,,,,,,,,SIN_EVENTO_SOFASCORE,SIN_EVENTO_SOFASCORE
m_09UPPR,,2026-01-29,p_2z0L2z,Facundo Farías,Estudiantes,Boca Juniors,VOL,,,,,,,,SIN_EVENTO_SOFASCORE,SIN_EVENTO_SOFASCORE
m_09UPPR,,2026-01-29,p_1E7ljC,Gabriel Neves,Estudiantes,Boca Juniors,VOL,,,,,,,,SIN_EVENTO_SOFASCORE,SIN_EVENTO_SOFASCORE
m_09UPPR,,2026-01-29,p_4LoI3o,Gastón Benedetti,Estudiantes,Boca Juniors,DEF,,,,,,,,SIN_EVENTO_SOFASCORE,SIN_EVENTO_SOFASCORE
m_09UPPR,,2026-01-29,p_10iCWI,Leandro González Pírez,Estudiantes,Boca Juniors,DEF,,,,,,,,SIN_EVENTO_SOFASCORE,SIN_EVENTO_SOFASCORE
m_09UPPR,,2026-01-29,p_0TKEkA,Mikel Amondarain,Estudiantes,Boca Juniors,VOL,,,,,,,,SIN_EVENTO_SOFASCORE,SIN_EVENTO_SOFASCORE
m_09UPPR,,2026-01-29,p_2ffBRo,Santiago Núñez,Estudiantes,Boca Juniors,DEF,,,,,,,,SIN_EVENTO_SOFASCORE,SIN_EVENTO_SOFASCORE
m_431211,,2026-01-29,p_3xub3o,Agustín Cardozo,Lanús,Unión,VOL,,,,,,,,SIN_EVENTO_SOFASCORE,SIN_EVENTO_SOFASCORE
m_431211,,2026-01-29,p_3dgI1a,Agustín Medina,Lanús,Unión,VOL,,,,,,,,SIN_EVENTO_SOFASCORE,SIN_EVENTO_SOFASCORE
m_431211,,2026-01-29,p_4UExdP,Bruno Cabrera,Lanús,Unión,VOL,,,,,,,,SIN_EVENTO_SOFASCORE,SIN_EVENTO_SOFASCORE
m_431211,,2026-01-29,p_0pxwpN,Carlos Izquierdoz,Lanús,Unión,DEF,,,,,,,,SIN_EVENTO_SOFASCORE,SIN_EVENTO_SOFASCORE
m_431211,,2026-01-29,p_1Dr7TL,Eduardo Salvio,Lanús,Unión,VOL,,,,,,,,SIN_EVENTO_SOFASCORE,SIN_EVENTO_SOFASCORE
m_431211,,2026-01-29,p_4NdBtx,Felipe Peña Biafore,Lanús,Unión,VOL,,,,,,,,SIN_EVENTO_SOFASCORE,SIN_EVENTO_SOFASCORE
m_431211,,2026-01-29,p_1va0ir,Gonzalo Pérez,Lanús,Unión,DEF,,,,,,,,SIN_EVENTO_SOFASCORE,SIN_EVENTO_SOFASCORE
m_431211,,2026-01-29,p_2YLj3q,José Canale,Lanús,Unión,DEF,,,,,,,,SIN_EVENTO_SOFASCORE,SIN_EVENTO_SOFASCORE
m_431211,,2026-01-29,p_32gEeN,Marcelino Moreno,Lanús,Unión,VOL,,,,,,,,SIN_EVENTO_SOFASCORE,SIN_EVENTO_SOFASCORE
m_431211,,2026-01-29,p_1R1UR4,Matías Sepúlveda,Lanús,Unión,VOL,,,,,,,,SIN_EVENTO_SOFASCORE,SIN_EVENTO_SOFASCORE
m_431211,,2026-01-29,p_4W6aiW,Nahuel Losada,Lanús,Unión,ARQ,,,,,,,,SIN_EVENTO_SOFASCORE,SIN_EVENTO_SOFASCORE
m_431211,,2026-01-29,p_3bNsap,Ramiro Carrera,Lanús,Unión,VOL,,,,,,,,SIN_EVENTO_SOFASCORE,SIN_EVENTO_SOFASCORE
m_431211,,2026-01-29,p_2ooqPi,Rodrigo Castillo,Lanús,Unión,DEL,,,,,,,,SIN_EVENTO_SOFASCORE,SIN_EVENTO_SOFASCORE
m_431211,,2026-01-29,p_0YK7Rt,Sasha Marcich,Lanús,Unión,DEF,,,,,,,,SIN_EVENTO_SOFASCORE,SIN_EVENTO_SOFASCORE
m_431211,,2026-01-29,p_1Zygll,Tomás Ezequiel Guidara,Lanús,Unión,DEF,,,,,,,,SIN_EVENTO_SOFASCORE,SIN_EVENTO_SOFASCORE
m_431211,,2026-01-29,p_0jBQTV,Walter Bou,Lanús,Unión,DEL,,,,,,,,SIN_EVENTO_SOFASCORE,SIN_EVENTO_SOFASCORE
m_431211,,2026-01-29,p_3rOLlc,Agustín Colazo,Unión,Lanús,DEL,,,,,,,,SIN_EVENTO_SOFASCORE,SIN_EVENTO_SOFASCORE
m_431211,,2026-01-29,p_2msaJ0,Bruno Pittón,Unión,Lanús,DEF,,,,,,,,SIN_EVENTO_SOFASCORE,SIN_EVENTO_SOFASCORE
m_431211,,2026-01-29,p_3woyik,Cristian Alberto Tarragona,Unión,Lanús,DEL,,,,,,,,SIN_EVENTO_SOFASCORE,SIN_EVENTO_SOFASCORE
m_431211,,2026-01-29,p_2hA19F,Emiliano Alvarez,Unión,Lanús,DEF,,,,,,,,SIN_EVENTO_SOFASCORE,SIN_EVENTO_SOFASCORE
m_431211,,2026-01-29,p_2zeYkR,Franco Fragapane,Unión,Lanús,VOL,,,,,,,,SIN_EVENTO_SOFASCORE,SIN_EVENTO_SOFASCORE
m_431211,,2026-01-29,p_3c6pcI,Juan Pablo Ludueña,Unión,Lanús,DEF,,,,,,,,SIN_EVENTO_SOFASCORE,SIN_EVENTO_SOFASCORE
m_431211,,2026-01-29,p_1h4yOi,Julián Palacios,Unión,Lanús,VOL,,,,,,,,SIN_EVENTO_SOFASCORE,SIN_EVENTO_SOFASCORE
m_431211,,2026-01-29,p_1A84Jv,Lautaro Vargas,Unión,Lanús,DEF,,,,,,,,SIN_EVENTO_SOFASCORE,SIN_EVENTO_SOFASCORE
m_431211,,2026-01-29,p_2jiARu,Maizon Rodríguez,Unión,Lanús,DEF,,,,,,,,SIN_EVENTO_SOFASCORE,SIN_EVENTO_SOFASCORE
m_431211,,2026-01-29,p_3ybBVT,Marcelo Estigarribia,Unión,Lanús,DEL,,,,,,,,SIN_EVENTO_SOFASCORE,SIN_EVENTO_SOFASCORE
m_431211,,2026-01-29,p_2vkqTj,Mateo Del Blanco,Unión,Lanús,DEF,,,,,,,,SIN_EVENTO_SOFASCORE,SIN_EVENTO_SOFASCORE
m_431211,,2026-01-29,p_0yyPLQ,Matías Mansilla,Unión,Lanús,ARQ,,,,,,,,SIN_EVENTO_SOFASCORE,SIN_EVENTO_SOFASCORE
m_431211,,2026-01-29,p_3yJs62,Mauro Pittón,Unión,Lanús,VOL,,,,,,,,SIN_EVENTO_SOFASCORE,SIN_EVENTO_SOFASCORE
m_431211,,2026-01-29,p_11jmli,Misael Aguirre,Unión,Lanús,VOL,,,,,,,,SIN_EVENTO_SOFASCORE,SIN_EVENTO_SOFASCORE
m_431211,,2026-01-29,p_038W5d,Rafael Profini,Unión,Lanús,VOL,,,,,,,,SIN_EVENTO_SOFASCORE,SIN_EVENTO_SOFASCORE
m_431211,,2026-01-29,p_2nrS5l,Valentín Fascendini,Unión,Lanús,DEF,,,,,,,,SIN_EVENTO_SOFASCORE,SIN_EVENTO_SOFASCORE
m_4SzUty,,2026-01-31,p_0vreM8,Agustín Quiroga,Central Córdoba de Santiago,San Lorenzo,DEF,,,,,,,,SIN_EVENTO_SOFASCORE,SIN_EVENTO_SOFASCORE
m_4SzUty,,2026-01-31,p_43Olsv,Alan Aguerre,Central Córdoba de Santiago,San Lorenzo,ARQ,,,,,,,,SIN_EVENTO_SOFASCORE,SIN_EVENTO_SOFASCORE
m_4SzUty,,2026-01-31,p_1j4h24,Alan Daian Laprida,Central Córdoba de Santiago,San Lorenzo,VOL,,,,,,,,SIN_EVENTO_SOFASCORE,SIN_EVENTO_SOFASCORE
m_4SzUty,,2026-01-31,p_2StpFV,Alejandro Maciel,Central Córdoba de Santiago,San Lorenzo,DEF,,,,,,,,SIN_EVENTO_SOFASCORE,SIN_EVENTO_SOFASCORE
m_4SzUty,,2026-01-31,p_0ciPTe,Diego Barrera,Central Córdoba de Santiago,San Lorenzo,VOL,,,,,,,,SIN_EVENTO_SOFASCORE,SIN_EVENTO_SOFASCORE
m_4SzUty,,2026-01-31,p_0RVLhG,Ezequiel Naya,Central Córdoba de Santiago,San Lorenzo,DEL,,,,,,,,SIN_EVENTO_SOFASCORE,SIN_EVENTO_SOFASCORE
m_4SzUty,,2026-01-31,p_1KfXQ1,Facundo Mansilla Zahir,Central Córdoba de Santiago,San Lorenzo,DEF,,,,,,,,SIN_EVENTO_SOFASCORE,SIN_EVENTO_SOFASCORE
m_4SzUty,,2026-01-31,p_0oupcN,Fernando Juarez,Central Córdoba de Santiago,San Lorenzo,VOL,,,,,,,,SIN_EVENTO_SOFASCORE,SIN_EVENTO_SOFASCORE
m_4SzUty,,2026-01-31,p_1K6Fr9,Fernando Martínez,Central Córdoba de Santiago,San Lorenzo,DEF,,,,,,,,SIN_EVENTO_SOFASCORE,SIN_EVENTO_SOFASCORE
m_4SzUty,,2026-01-31,p_444jRY,Horacio Tijanovich,Central Córdoba de Santiago,San Lorenzo,VOL,,,,,,,,SIN_EVENTO_SOFASCORE,SIN_EVENTO_SOFASCORE
m_4SzUty,,2026-01-31,p_4ax8kI,Joaquín Flores,Central Córdoba de Santiago,San Lorenzo,DEL,,,,,,,,SIN_EVENTO_SOFASCORE,SIN_EVENTO_SOFASCORE
m_4SzUty,,2026-01-31,p_0veUmD,Lucas González,Central Córdoba de Santiago,San Lorenzo,VOL,,,,,,,,SIN_EVENTO_SOFASCORE,SIN_EVENTO_SOFASCORE
m_4SzUty,,2026-01-31,p_1JcSyH,Lucas Varaldo,Central Córdoba de Santiago,San Lorenzo,DEL,,,,,,,,SIN_EVENTO_SOFASCORE,SIN_EVENTO_SOFASCORE
m_4SzUty,,2026-01-31,p_3FGnhe,Michael Santos,Central Córdoba de Santiago,San Lorenzo,DEL,,,,,,,,SIN_EVENTO_SOFASCORE,SIN_EVENTO_SOFASCORE
m_4SzUty,,2026-01-31,p_3cMYiv,Santiago Moyano,Central Córdoba de Santiago,San Lorenzo,DEF,,,,,,,,SIN_EVENTO_SOFASCORE,SIN_EVENTO_SOFASCORE
m_4SzUty,,2026-01-31,p_0VScM6,Tiago Cravero,Central Córdoba de Santiago,San Lorenzo,VOL,,,,,,,,SIN_EVENTO_SOFASCORE,SIN_EVENTO_SOFASCORE
m_1jdpKo,,2026-01-31,p_2ralsZ,Facundo Zabala,Independiente,Vélez Sarsfield,DEF,,,,,,,,SIN_EVENTO_SOFASCORE,SIN_EVENTO_SOFASCORE
m_1jdpKo,,2026-01-31,p_44fmOo,Gabriel Ávalos,Independiente,Vélez Sarsfield,DEL,,,,,,,,SIN_EVENTO_SOFASCORE,SIN_EVENTO_SOFASCORE
m_1jdpKo,,2026-01-31,p_47bCwf,Ignacio Malcorra,Independiente,Vélez Sarsfield,VOL,,,,,,,,SIN_EVENTO_SOFASCORE,SIN_EVENTO_SOFASCORE
m_1jdpKo,,2026-01-31,p_4F21o7,Ignacio Pussetto,Independiente,Vélez Sarsfield,DEL,,,,,,,,SIN_EVENTO_SOFASCORE,SIN_EVENTO_SOFASCORE
m_1jdpKo,,2026-01-31,p_3zzhTk,Kevin Lomónaco,Independiente,Vélez Sarsfield,DEF,,,,,,,,SIN_EVENTO_SOFASCORE,SIN_EVENTO_SOFASCORE
m_1jdpKo,,2026-01-31,p_2GcFwZ,Lautaro Millán,Independiente,Vélez Sarsfield,VOL,,,,,,,,SIN_EVENTO_SOFASCORE,SIN_EVENTO_SOFASCORE
m_1jdpKo,,2026-01-31,p_2Y5BPH,Leonardo Godoy,Independiente,Vélez Sarsfield,DEF,,,,,,,,SIN_EVENTO_SOFASCORE,SIN_EVENTO_SOFASCORE
m_1jdpKo,,2026-01-31,p_1vDFZe,Luciano Cabral,Independiente,Vélez Sarsfield,VOL,,,,,,,,SIN_EVENTO_SOFASCORE,SIN_EVENTO_SOFASCORE
m_1jdpKo,,2026-01-31,p_2l6eDm,Matías Abaldo,Independiente,Vélez Sarsfield,DEL,,,,,,,,SIN_EVENTO_SOFASCORE,SIN_EVENTO_SOFASCORE
m_1jdpKo,,2026-01-31,p_41uo5Q,Milton Valenzuela,Independiente,Vélez Sarsfield,DEF,,,,,,,,SIN_EVENTO_SOFASCORE,SIN_EVENTO_SOFASCORE
m_1jdpKo,,2026-01-31,p_4L0APC,Rodrigo Fernández,Independiente,Vélez Sarsfield,VOL,,,,,,,,SIN_EVENTO_SOFASCORE,SIN_EVENTO_SOFASCORE
m_1jdpKo,,2026-01-31,p_3KLwFI,Rodrigo Rey,Independiente,Vélez Sarsfield,ARQ,,,,,,,,SIN_EVENTO_SOFASCORE,SIN_EVENTO_SOFASCORE
m_1jdpKo,,2026-01-31,p_2c9Jkj,Santiago Gabriel Montiel,Independiente,Vélez Sarsfield,VOL,,,,,,,,SIN_EVENTO_SOFASCORE,SIN_EVENTO_SOFASCORE
m_1jdpKo,,2026-01-31,p_4UoYBc,Sebastián Valdéz,Independiente,Vélez Sarsfield,DEF,,,,,,,,SIN_EVENTO_SOFASCORE,SIN_EVENTO_SOFASCORE
m_4SzUty,,2026-01-31,p_0Wi4L8,Alexis Cuello,San Lorenzo,Central Córdoba de Santiago,DEL,,,,,,,,SIN_EVENTO_SOFASCORE,SIN_EVENTO_SOFASCORE
m_4SzUty,,2026-01-31,p_1fUvIv,Ezequiel Cerutti,San Lorenzo,Central Córdoba de Santiago,DEL,,,,,,,,SIN_EVENTO_SOFASCORE,SIN_EVENTO_SOFASCORE
m_4SzUty,,2026-01-31,p_0O1Z5O,Ezequiel Herrera,San Lorenzo,Central Córdoba de Santiago,DEF,,,,,,,,SIN_EVENTO_SOFASCORE,SIN_EVENTO_SOFASCORE
m_4SzUty,,2026-01-31,p_1zRg0F,Fabricio Lopez,San Lorenzo,Central Córdoba de Santiago,DEF,,,,,,,,SIN_EVENTO_SOFASCORE,SIN_EVENTO_SOFASCORE
m_4SzUty,,2026-01-31,p_04WuOt,Facundo Gulli,San Lorenzo,Central Córdoba de Santiago,VOL,,,,,,,,SIN_EVENTO_SOFASCORE,SIN_EVENTO_SOFASCORE
m_4SzUty,,2026-01-31,p_3hKw89,Francisco Perruzzi,San Lorenzo,Central Córdoba de Santiago,VOL,,,,,,,,SIN_EVENTO_SOFASCORE,SIN_EVENTO_SOFASCORE
m_4SzUty,,2026-01-31,p_4YbP7i,Gaston Hernandez,San Lorenzo,Central Córdoba de Santiago,DEF,,,,,,,,SIN_EVENTO_SOFASCORE,SIN_EVENTO_SOFASCORE
m_4SzUty,,2026-01-31,p_31U034,Gonzalo Abrego,San Lorenzo,Central Córdoba de Santiago,VOL,,,,,,,,SIN_EVENTO_SOFASCORE,SIN_EVENTO_SOFASCORE
m_4SzUty,,2026-01-31,p_198uFp,Gregorio Rodríguez,San Lorenzo,Central Córdoba de Santiago,VOL,,,,,,,,SIN_EVENTO_SOFASCORE,SIN_EVENTO_SOFASCORE
m_4SzUty,,2026-01-31,p_0vHFrW,Ignacio Perruzzi,San Lorenzo,Central Córdoba de Santiago,VOL,,,,,,,,SIN_EVENTO_SOFASCORE,SIN_EVENTO_SOFASCORE
m_4SzUty,,2026-01-31,p_3rPqVS,Jhohan Romaña,San Lorenzo,Central Córdoba de Santiago,DEF,,,,,,,,SIN_EVENTO_SOFASCORE,SIN_EVENTO_SOFASCORE
m_4SzUty,,2026-01-31,p_0wOnZY,Luciano Dario Vietto,San Lorenzo,Central Córdoba de Santiago,VOL,,,,,,,,SIN_EVENTO_SOFASCORE,SIN_EVENTO_SOFASCORE
m_4SzUty,,2026-01-31,p_1iV802,Mauricio Cardillo,San Lorenzo,Central Córdoba de Santiago,VOL,,,,,,,,SIN_EVENTO_SOFASCORE,SIN_EVENTO_SOFASCORE
m_4SzUty,,2026-01-31,p_1AI1PK,Nicolás Tripichio,San Lorenzo,Central Córdoba de Santiago,VOL,,,,,,,,SIN_EVENTO_SOFASCORE,SIN_EVENTO_SOFASCORE
m_4SzUty,,2026-01-31,p_0Uy6sL,Orlando Gill,San Lorenzo,Central Córdoba de Santiago,ARQ,,,,,,,,SIN_EVENTO_SOFASCORE,SIN_EVENTO_SOFASCORE
m_4SzUty,,2026-01-31,p_4WViuG,Teo Pagano,San Lorenzo,Central Córdoba de Santiago,DEF,,,,,,,,SIN_EVENTO_SOFASCORE,SIN_EVENTO_SOFASCORE
m_1jdpKo,,2026-01-31,p_0CoGTg,Claudio Baeza,Vélez Sarsfield,Independiente,VOL,,,,,,,,SIN_EVENTO_SOFASCORE,SIN_EVENTO_SOFASCORE
m_1jdpKo,,2026-01-31,p_3H23k2,Diego Valdés,Vélez Sarsfield,Independiente,VOL,,,,,,,,SIN_EVENTO_SOFASCORE,SIN_EVENTO_SOFASCORE
m_1jdpKo,,2026-01-31,p_4U4fDQ,Dilan Godoy,Vélez Sarsfield,Independiente,DEL,,,,,,,,SIN_EVENTO_SOFASCORE,SIN_EVENTO_SOFASCORE
m_1jdpKo,,2026-01-31,p_4filjU,Elías Gómez,Vélez Sarsfield,Independiente,DEF,,,,,,,,SIN_EVENTO_SOFASCORE,SIN_EVENTO_SOFASCORE
m_1jdpKo,,2026-01-31,p_1mwRpu,Emanuel Mammana,Vélez Sarsfield,Independiente,DEF,,,,,,,,SIN_EVENTO_SOFASCORE,SIN_EVENTO_SOFASCORE
m_1jdpKo,,2026-01-31,p_0MiMDp,Florián Monzón,Vélez Sarsfield,Independiente,DEL,,,,,,,,SIN_EVENTO_SOFASCORE,SIN_EVENTO_SOFASCORE
m_1jdpKo,,2026-01-31,p_3goTXD,Jano Gordon,Vélez Sarsfield,Independiente,DEF,,,,,,,,SIN_EVENTO_SOFASCORE,SIN_EVENTO_SOFASCORE
m_1jdpKo,,2026-01-31,p_1O1XFB,Lisandro Magallán,Vélez Sarsfield,Independiente,DEF,,,,,,,,SIN_EVENTO_SOFASCORE,SIN_EVENTO_SOFASCORE
m_1jdpKo,,2026-01-31,p_2D7OBP,Lucas Robertone,Vélez Sarsfield,Independiente,VOL,,,,,,,,SIN_EVENTO_SOFASCORE,SIN_EVENTO_SOFASCORE
m_1jdpKo,,2026-01-31,p_1UNG97,Manuel Lanzini,Vélez Sarsfield,Independiente,VOL,,,,,,,,SIN_EVENTO_SOFASCORE,SIN_EVENTO_SOFASCORE
m_1jdpKo,,2026-01-31,p_3XUbmT,Matías Pellegrini,Vélez Sarsfield,Independiente,VOL,,,,,,,,SIN_EVENTO_SOFASCORE,SIN_EVENTO_SOFASCORE
m_1jdpKo,,2026-01-31,p_2n95ER,Rodrigo Aliendro,Vélez Sarsfield,Independiente,VOL,,,,,,,,SIN_EVENTO_SOFASCORE,SIN_EVENTO_SOFASCORE
m_1jdpKo,,2026-01-31,p_0QZ5qI,Tobías Andrada,Vélez Sarsfield,Independiente,VOL,,,,,,,,SIN_EVENTO_SOFASCORE,SIN_EVENTO_SOFASCORE
m_1jdpKo,,2026-01-31,p_2vr8Bq,Álex Verón,Vélez Sarsfield,Independiente,VOL,,,,,,,,SIN_EVENTO_SOFASCORE,SIN_EVENTO_SOFASCORE
m_1jdpKo,,2026-01-31,p_30aPId,Álvaro Montero,Vélez Sarsfield,Independiente,ARQ,,,,,,,,SIN_EVENTO_SOFASCORE,SIN_EVENTO_SOFASCORE
m_2citFn,,2026-02-01,p_4RpynC,Agustín Lagos,Club Atlético Platense,Talleres,DEF,,,,,,,,SIN_EVENTO_SOFASCORE,SIN_EVENTO_SOFASCORE
m_2citFn,,2026-02-01,p_3dtvN3,Bautista Merlini,Club Atlético Platense,Talleres,VOL,,,,,,,,SIN_EVENTO_SOFASCORE,SIN_EVENTO_SOFASCORE
m_2citFn,,2026-02-01,p_47E2rv,Eugenio Raggio,Club Atlético Platense,Talleres,DEF,,,,,,,,SIN_EVENTO_SOFASCORE,SIN_EVENTO_SOFASCORE
m_2citFn,,2026-02-01,p_2EKu08,Felipe Bussio,Club Atlético Platense,Talleres,VOL,,,,,,,,SIN_EVENTO_SOFASCORE,SIN_EVENTO_SOFASCORE
m_2citFn,,2026-02-01,p_2wlp9Z,Franco Zapiola,Club Atlético Platense,Talleres,VOL,,,,,,,,SIN_EVENTO_SOFASCORE,SIN_EVENTO_SOFASCORE
m_2citFn,,2026-02-01,p_3S6c8L,Guido Mainero,Club Atlético Platense,Talleres,VOL,,,,,,,,SIN_EVENTO_SOFASCORE,SIN_EVENTO_SOFASCORE
m_2citFn,,2026-02-01,p_137tuu,Ignacio Vázquez,Club Atlético Platense,Talleres,DEF,,,,,,,,SIN_EVENTO_SOFASCORE,SIN_EVENTO_SOFASCORE
m_2citFn,,2026-02-01,p_103r5t,Juan Gauto,Club Atlético Platense,Talleres,VOL,,,,,,,,SIN_EVENTO_SOFASCORE,SIN_EVENTO_SOFASCORE
m_2citFn,,2026-02-01,p_0ivFZd,Juan Saborido,Club Atlético Platense,Talleres,DEF,,,,,,,,SIN_EVENTO_SOFASCORE,SIN_EVENTO_SOFASCORE
m_2citFn,,2026-02-01,p_2nGaYr,Leonardo Heredia,Club Atlético Platense,Talleres,DEL,,,,,,,,SIN_EVENTO_SOFASCORE,SIN_EVENTO_SOFASCORE
m_2citFn,,2026-02-01,p_3yYguf,Martín Barrios,Club Atlético Platense,Talleres,VOL,,,,,,,,SIN_EVENTO_SOFASCORE,SIN_EVENTO_SOFASCORE
m_2citFn,,2026-02-01,p_1JQZ6o,Matías Borgogno,Club Atlético Platense,Talleres,ARQ,,,,,,,,SIN_EVENTO_SOFASCORE,SIN_EVENTO_SOFASCORE
m_2citFn,,2026-02-01,p_2rnkiH,Maximiliano Amarfil,Club Atlético Platense,Talleres,VOL,,,,,,,,SIN_EVENTO_SOFASCORE,SIN_EVENTO_SOFASCORE
m_2citFn,,2026-02-01,p_0i7rxV,Santiago Dalmasso,Club Atlético Platense,Talleres,VOL,,,,,,,,SIN_EVENTO_SOFASCORE,SIN_EVENTO_SOFASCORE
m_2citFn,,2026-02-01,p_3mhHpD,Tomas Nasif,Club Atlético Platense,Talleres,DEL,,,,,,,,SIN_EVENTO_SOFASCORE,SIN_EVENTO_SOFASCORE
m_2citFn,,2026-02-01,p_0H4brP,Tomás Silva,Club Atlético Platense,Talleres,DEF,,,,,,,,SIN_EVENTO_SOFASCORE,SIN_EVENTO_SOFASCORE
m_2citFn,,2026-02-01,p_23S3AO,Augusto Schott,Talleres,Club Atlético Platense,DEF,,,,,,,,SIN_EVENTO_SOFASCORE,SIN_EVENTO_SOFASCORE
m_2citFn,,2026-02-01,p_3tsAcU,Diego Valoyes,Talleres,Club Atlético Platense,DEL,,,,,,,,SIN_EVENTO_SOFASCORE,SIN_EVENTO_SOFASCORE
m_2citFn,,2026-02-01,p_2usscp,Gabriel Báez,Talleres,Club Atlético Platense,DEF,,,,,,,,SIN_EVENTO_SOFASCORE,SIN_EVENTO_SOFASCORE
m_2citFn,,2026-02-01,p_209otm,Giovanni Baroni,Talleres,Club Atlético Platense,VOL,,,,,,,,SIN_EVENTO_SOFASCORE,SIN_EVENTO_SOFASCORE
m_2citFn,,2026-02-01,p_1u6e88,Guido Herrera,Talleres,Club Atlético Platense,ARQ,,,,,,,,SIN_EVENTO_SOFASCORE,SIN_EVENTO_SOFASCORE
m_2citFn,,2026-02-01,p_3JOBGM,José Luis Palomino,Talleres,Club Atlético Platense,DEF,,,,,,,,SIN_EVENTO_SOFASCORE,SIN_EVENTO_SOFASCORE
m_2citFn,,2026-02-01,p_0tQtiw,Juan Sforza,Talleres,Club Atlético Platense,VOL,,,,,,,,SIN_EVENTO_SOFASCORE,SIN_EVENTO_SOFASCORE
m_2citFn,,2026-02-01,p_2QUHoA,Martín Río,Talleres,Club Atlético Platense,VOL,,,,,,,,SIN_EVENTO_SOFASCORE,SIN_EVENTO_SOFASCORE
m_2citFn,,2026-02-01,p_4D08FT,Mateo Caceres,Talleres,Club Atlético Platense,VOL,,,,,,,,SIN_EVENTO_SOFASCORE,SIN_EVENTO_SOFASCORE
m_2citFn,,2026-02-01,p_43mFql,Matías Catalán,Talleres,Club Atlético Platense,DEF,,,,,,,,SIN_EVENTO_SOFASCORE,SIN_EVENTO_SOFASCORE
m_2citFn,,2026-02-01,p_0zKhoP,Matías Galarza,Talleres,Club Atlético Platense,VOL,,,,,,,,SIN_EVENTO_SOFASCORE,SIN_EVENTO_SOFASCORE
m_2citFn,,2026-02-01,p_3GiPCr,Rick,Talleres,Club Atlético Platense,DEL,,,,,,,,SIN_EVENTO_SOFASCORE,SIN_EVENTO_SOFASCORE
m_2citFn,,2026-02-01,p_4bqyr6,Ronaldo Martínez,Talleres,Club Atlético Platense,DEL,,,,,,,,SIN_EVENTO_SOFASCORE,SIN_EVENTO_SOFASCORE
m_2citFn,,2026-02-01,p_2lzqTc,Ulises Ortegoza,Talleres,Club Atlético Platense,VOL,,,,,,,,SIN_EVENTO_SOFASCORE,SIN_EVENTO_SOFASCORE
m_2citFn,,2026-02-01,p_1baCzH,Valentín Depietri,Talleres,Club Atlético Platense,DEL,,,,,,,,SIN_EVENTO_SOFASCORE,SIN_EVENTO_SOFASCORE
m_2citFn,,2026-02-01,p_2mFTYm,Valentín Dávila,Talleres,Club Atlético Platense,DEL,,,,,,,,SIN_EVENTO_SOFASCORE,SIN_EVENTO_SOFASCORE
m_0cs8S8,,2026-02-02,p_4FAIfZ,Alexis Castro,Estudiantes,Defensa y Justicia,VOL,,,,,,,,SIN_EVENTO_SOFASCORE,SIN_EVENTO_SOFASCORE
m_0cs8S8,,2026-02-02,p_2203UO,Cristian Medina,Estudiantes,Defensa y Justicia,VOL,,,,,,,,SIN_EVENTO_SOFASCORE,SIN_EVENTO_SOFASCORE
m_0cs8S8,,2026-02-02,p_2DQVsu,Eric Meza,Estudiantes,Defensa y Justicia,DEF,,,,,,,,SIN_EVENTO_SOFASCORE,SIN_EVENTO_SOFASCORE
m_0cs8S8,,2026-02-02,p_4drKzY,Ezequiel Piovi,Estudiantes,Defensa y Justicia,VOL,,,,,,,,SIN_EVENTO_SOFASCORE,SIN_EVENTO_SOFASCORE
m_0cs8S8,,2026-02-02,p_0wvzBl,Fabricio Iacovich,Estudiantes,Defensa y Justicia,ARQ,,,,,,,,SIN_EVENTO_SOFASCORE,SIN_EVENTO_SOFASCORE
m_0cs8S8,,2026-02-02,p_0UPCHl,Fabricio Pérez,Estudiantes,Defensa y Justicia,VOL,,,,,,,,SIN_EVENTO_SOFASCORE,SIN_EVENTO_SOFASCORE
m_0cs8S8,,2026-02-02,p_2z0L2z,Facundo Farías,Estudiantes,Defensa y Justicia,VOL,,,,,,,,SIN_EVENTO_SOFASCORE,SIN_EVENTO_SOFASCORE
m_0cs8S8,,2026-02-02,p_1E7ljC,Gabriel Neves,Estudiantes,Defensa y Justicia,VOL,,,,,,,,SIN_EVENTO_SOFASCORE,SIN_EVENTO_SOFASCORE
m_0cs8S8,,2026-02-02,p_4LoI3o,Gastón Benedetti,Estudiantes,Defensa y Justicia,DEF,,,,,,,,SIN_EVENTO_SOFASCORE,SIN_EVENTO_SOFASCORE
m_0cs8S8,,2026-02-02,p_10iCWI,Leandro González Pírez,Estudiantes,Defensa y Justicia,DEF,,,,,,,,SIN_EVENTO_SOFASCORE,SIN_EVENTO_SOFASCORE
m_0cs8S8,,2026-02-02,p_0TKEkA,Mikel Amondarain,Estudiantes,Defensa y Justicia,VOL,,,,,,,,SIN_EVENTO_SOFASCORE,SIN_EVENTO_SOFASCORE
m_0cs8S8,,2026-02-02,p_2ffBRo,Santiago Núñez,Estudiantes,Defensa y Justicia,DEF,,,,,,,,SIN_EVENTO_SOFASCORE,SIN_EVENTO_SOFASCORE
m_0cs8S8,,2026-02-02,p_1TPSrY,Tomás Palacios,Estudiantes,Defensa y Justicia,DEF,,,,,,,,SIN_EVENTO_SOFASCORE,SIN_EVENTO_SOFASCORE
m_3OMXQ9,,2026-02-02,p_1bUOsk,Alexis Steimbach,Gimnasia LP,Aldosivi,DEF,,,,,,,,SIN_EVENTO_SOFASCORE,SIN_EVENTO_SOFASCORE
m_3OMXQ9,,2026-02-02,p_0AsvjF,Augusto Max,Gimnasia LP,Aldosivi,VOL,,,,,,,,SIN_EVENTO_SOFASCORE,SIN_EVENTO_SOFASCORE
m_3OMXQ9,,2026-02-02,p_40ubcR,Enzo Martínez,Gimnasia LP,Aldosivi,DEF,,,,,,,,SIN_EVENTO_SOFASCORE,SIN_EVENTO_SOFASCORE
m_3OMXQ9,,2026-02-02,p_2PDOYX,Ignacio Miramón,Gimnasia LP,Aldosivi,VOL,,,,,,,,SIN_EVENTO_SOFASCORE,SIN_EVENTO_SOFASCORE
m_3OMXQ9,,2026-02-02,p_1zT5yZ,Juan Cortazzo,Gimnasia LP,Aldosivi,DEF,,,,,,,,SIN_EVENTO_SOFASCORE,SIN_EVENTO_SOFASCORE
m_3OMXQ9,,2026-02-02,p_3s2VQn,Juan Pérez,Gimnasia LP,Aldosivi,VOL,,,,,,,,SIN_EVENTO_SOFASCORE,SIN_EVENTO_SOFASCORE
m_3OMXQ9,,2026-02-02,p_0VZwYw,Lucas Nahuel Castro,Gimnasia LP,Aldosivi,VOL,,,,,,,,SIN_EVENTO_SOFASCORE,SIN_EVENTO_SOFASCORE
m_3OMXQ9,,2026-02-02,p_1CvIxl,Nelson Insfrán,Gimnasia LP,Aldosivi,ARQ,,,,,,,,SIN_EVENTO_SOFASCORE,SIN_EVENTO_SOFASCORE
m_3OMXQ9,,2026-02-02,p_0naJM3,Nicolás Barros Schelotto,Gimnasia LP,Aldosivi,VOL,,,,,,,,SIN_EVENTO_SOFASCORE,SIN_EVENTO_SOFASCORE
m_3OMXQ9,,2026-02-02,p_2ZvpgZ,Pedro Silva Torrejón,Gimnasia LP,Aldosivi,DEF,,,,,,,,SIN_EVENTO_SOFASCORE,SIN_EVENTO_SOFASCORE
m_3OMXQ9,,2026-02-02,p_0URNSN,Renzo Giampaoli,Gimnasia LP,Aldosivi,DEF,,,,,,,,SIN_EVENTO_SOFASCORE,SIN_EVENTO_SOFASCORE
m_0ks99k,,2026-02-03,p_4Mszzs,Adrián Spörle,Belgrano,Argentinos Juniors,DEF,,,,,,,,SIN_EVENTO_SOFASCORE,SIN_EVENTO_SOFASCORE
m_0ks99k,,2026-02-03,p_43D8up,Adrián Sánchez,Belgrano,Argentinos Juniors,VOL,,,,,,,,SIN_EVENTO_SOFASCORE,SIN_EVENTO_SOFASCORE
m_0ks99k,,2026-02-03,p_1EMq3A,Alcides Benítez,Belgrano,Argentinos Juniors,DEF,,,,,,,,SIN_EVENTO_SOFASCORE,SIN_EVENTO_SOFASCORE
m_0ks99k,,2026-02-03,p_49U5oJ,Emiliano Ariel Rigoni,Belgrano,Argentinos Juniors,VOL,,,,,,,,SIN_EVENTO_SOFASCORE,SIN_EVENTO_SOFASCORE
m_0ks99k,,2026-02-03,p_4OBdka,Federico Ricca,Belgrano,Argentinos Juniors,DEF,,,,,,,,SIN_EVENTO_SOFASCORE,SIN_EVENTO_SOFASCORE
m_0ks99k,,2026-02-03,p_3Boqdn,Francisco González Metilli,Belgrano,Argentinos Juniors,VOL,,,,,,,,SIN_EVENTO_SOFASCORE,SIN_EVENTO_SOFASCORE
m_0ks99k,,2026-02-03,p_4g8d1N,Franco Vázquez,Belgrano,Argentinos Juniors,VOL,,,,,,,,SIN_EVENTO_SOFASCORE,SIN_EVENTO_SOFASCORE
m_0ks99k,,2026-02-03,p_1aur1M,Julián Mavilla,Belgrano,Argentinos Juniors,VOL,,,,,,,,SIN_EVENTO_SOFASCORE,SIN_EVENTO_SOFASCORE
m_0ks99k,,2026-02-03,p_1lrNAx,Lautaro Gutierrez,Belgrano,Argentinos Juniors,VOL,,,,,,,,SIN_EVENTO_SOFASCORE,SIN_EVENTO_SOFASCORE
m_0ks99k,,2026-02-03,p_3u6zLG,Leonardo Morales,Belgrano,Argentinos Juniors,DEF,,,,,,,,SIN_EVENTO_SOFASCORE,SIN_EVENTO_SOFASCORE
m_0ks99k,,2026-02-03,p_1x6fIA,Lisandro López,Belgrano,Argentinos Juniors,DEF,,,,,,,,SIN_EVENTO_SOFASCORE,SIN_EVENTO_SOFASCORE
m_0ks99k,,2026-02-03,p_0FN6nM,Ramiro Hernandes,Belgrano,Argentinos Juniors,VOL,,,,,,,,SIN_EVENTO_SOFASCORE,SIN_EVENTO_SOFASCORE
m_0ks99k,,2026-02-03,p_2PNnZ9,Santiago Longo,Belgrano,Argentinos Juniors,VOL,,,,,,,,SIN_EVENTO_SOFASCORE,SIN_EVENTO_SOFASCORE
m_0ks99k,,2026-02-03,p_0ujJJG,Thiago Cardozo,Belgrano,Argentinos Juniors,ARQ,,,,,,,,SIN_EVENTO_SOFASCORE,SIN_EVENTO_SOFASCORE
m_0Xzrp8,,2026-02-03,p_1mCr0i,Agustín Módica,Gimnasia Mendoza,Unión,DEL,,,,,,,,SIN_EVENTO_SOFASCORE,SIN_EVENTO_SOFASCORE
m_0Xzrp8,,2026-02-03,p_3foBen,César Rigamonti,Gimnasia Mendoza,Unión,ARQ,,,,,,,,SIN_EVENTO_SOFASCORE,SIN_EVENTO_SOFASCORE
m_0Xzrp8,,2026-02-03,p_2UZfm9,Ezequiel Muñoz,Gimnasia Mendoza,Unión,DEF,,,,,,,,SIN_EVENTO_SOFASCORE,SIN_EVENTO_SOFASCORE
m_0Xzrp8,,2026-02-03,p_2ykUpy,Facundo Lencioni,Gimnasia Mendoza,Unión,VOL,,,,,,,,SIN_EVENTO_SOFASCORE,SIN_EVENTO_SOFASCORE
m_0Xzrp8,,2026-02-03,p_1iogLn,Fermín Antonini,Gimnasia Mendoza,Unión,VOL,,,,,,,,SIN_EVENTO_SOFASCORE,SIN_EVENTO_SOFASCORE
m_0Xzrp8,,2026-02-03,p_38u8in,Franco Saavedra,Gimnasia Mendoza,Unión,DEF,,,,,,,,SIN_EVENTO_SOFASCORE,SIN_EVENTO_SOFASCORE
m_0Xzrp8,,2026-02-03,p_40BXYc,Julián Ceballos,Gimnasia Mendoza,Unión,VOL,,,,,,,,SIN_EVENTO_SOFASCORE,SIN_EVENTO_SOFASCORE
m_0Xzrp8,,2026-02-03,p_1HKdTo,Lautaro Carrera,Gimnasia Mendoza,Unión,DEF,,,,,,,,SIN_EVENTO_SOFASCORE,SIN_EVENTO_SOFASCORE
m_0Xzrp8,,2026-02-03,p_4HrltX,Luciano Cingolani,Gimnasia Mendoza,Unión,DEL,,,,,,,,SIN_EVENTO_SOFASCORE,SIN_EVENTO_SOFASCORE
m_0Xzrp8,,2026-02-03,p_3oqT7Z,Luciano Paredes,Gimnasia Mendoza,Unión,DEF,,,,,,,,SIN_EVENTO_SOFASCORE,SIN_EVENTO_SOFASCORE
m_0Xzrp8,,2026-02-03,p_1oAIvS,Matías Recalde,Gimnasia Mendoza,Unión,DEF,,,,,,,,SIN_EVENTO_SOFASCORE,SIN_EVENTO_SOFASCORE
m_0Xzrp8,,2026-02-03,p_2rHsQv,Nahuel Barboza,Gimnasia Mendoza,Unión,VOL,,,,,,,,SIN_EVENTO_SOFASCORE,SIN_EVENTO_SOFASCORE
m_0Xzrp8,,2026-02-03,p_16FDGx,Nicolas Linares,Gimnasia Mendoza,Unión,VOL,,,,,,,,SIN_EVENTO_SOFASCORE,SIN_EVENTO_SOFASCORE
m_0Xzrp8,,2026-02-03,p_4OJPBH,Tomás O'Connor,Gimnasia Mendoza,Unión,VOL,,,,,,,,SIN_EVENTO_SOFASCORE,SIN_EVENTO_SOFASCORE
m_0Xzrp8,,2026-02-03,p_0ybyPC,Ulises Sánchez,Gimnasia Mendoza,Unión,VOL,,,,,,,,SIN_EVENTO_SOFASCORE,SIN_EVENTO_SOFASCORE
m_0Xzrp8,,2026-02-03,p_3guJ6P,Valentino Simoni,Gimnasia Mendoza,Unión,DEL,,,,,,,,SIN_EVENTO_SOFASCORE,SIN_EVENTO_SOFASCORE
m_0Xzrp8,,2026-02-03,p_3rOLlc,Agustín Colazo,Unión,Gimnasia Mendoza,DEL,,,,,,,,SIN_EVENTO_SOFASCORE,SIN_EVENTO_SOFASCORE
m_0Xzrp8,,2026-02-03,p_2msaJ0,Bruno Pittón,Unión,Gimnasia Mendoza,DEF,,,,,,,,SIN_EVENTO_SOFASCORE,SIN_EVENTO_SOFASCORE
m_0Xzrp8,,2026-02-03,p_3woyik,Cristian Alberto Tarragona,Unión,Gimnasia Mendoza,DEL,,,,,,,,SIN_EVENTO_SOFASCORE,SIN_EVENTO_SOFASCORE
m_0Xzrp8,,2026-02-03,p_07Ga56,Diego Diaz,Unión,Gimnasia Mendoza,DEL,,,,,,,,SIN_EVENTO_SOFASCORE,SIN_EVENTO_SOFASCORE
m_0Xzrp8,,2026-02-03,p_2hA19F,Emiliano Alvarez,Unión,Gimnasia Mendoza,DEF,,,,,,,,SIN_EVENTO_SOFASCORE,SIN_EVENTO_SOFASCORE
m_0Xzrp8,,2026-02-03,p_3c6pcI,Juan Pablo Ludueña,Unión,Gimnasia Mendoza,DEF,,,,,,,,SIN_EVENTO_SOFASCORE,SIN_EVENTO_SOFASCORE
m_0Xzrp8,,2026-02-03,p_1h4yOi,Julián Palacios,Unión,Gimnasia Mendoza,VOL,,,,,,,,SIN_EVENTO_SOFASCORE,SIN_EVENTO_SOFASCORE
m_0Xzrp8,,2026-02-03,p_1A84Jv,Lautaro Vargas,Unión,Gimnasia Mendoza,DEF,,,,,,,,SIN_EVENTO_SOFASCORE,SIN_EVENTO_SOFASCORE
m_0Xzrp8,,2026-02-03,p_2jiARu,Maizon Rodríguez,Unión,Gimnasia Mendoza,DEF,,,,,,,,SIN_EVENTO_SOFASCORE,SIN_EVENTO_SOFASCORE
m_0Xzrp8,,2026-02-03,p_3ybBVT,Marcelo Estigarribia,Unión,Gimnasia Mendoza,DEL,,,,,,,,SIN_EVENTO_SOFASCORE,SIN_EVENTO_SOFASCORE
m_0Xzrp8,,2026-02-03,p_2vkqTj,Mateo Del Blanco,Unión,Gimnasia Mendoza,DEF,,,,,,,,SIN_EVENTO_SOFASCORE,SIN_EVENTO_SOFASCORE
m_0Xzrp8,,2026-02-03,p_0yyPLQ,Matías Mansilla,Unión,Gimnasia Mendoza,ARQ,,,,,,,,SIN_EVENTO_SOFASCORE,SIN_EVENTO_SOFASCORE
m_0Xzrp8,,2026-02-03,p_3yJs62,Mauro Pittón,Unión,Gimnasia Mendoza,VOL,,,,,,,,SIN_EVENTO_SOFASCORE,SIN_EVENTO_SOFASCORE
m_0Xzrp8,,2026-02-03,p_11jmli,Misael Aguirre,Unión,Gimnasia Mendoza,VOL,,,,,,,,SIN_EVENTO_SOFASCORE,SIN_EVENTO_SOFASCORE
m_0Xzrp8,,2026-02-03,p_038W5d,Rafael Profini,Unión,Gimnasia Mendoza,VOL,,,,,,,,SIN_EVENTO_SOFASCORE,SIN_EVENTO_SOFASCORE
m_0Xzrp8,,2026-02-03,p_2VZHxk,Santiago Grella,Unión,Gimnasia Mendoza,VOL,,,,,,,,SIN_EVENTO_SOFASCORE,SIN_EVENTO_SOFASCORE
m_4MfeT3,,2026-02-04,p_0t17ZI,Alex Luna,Instituto,Lanús,DEL,,,,,,,,SIN_EVENTO_SOFASCORE,SIN_EVENTO_SOFASCORE
m_4MfeT3,,2026-02-04,p_39c8jY,Diego Sosa,Instituto,Lanús,DEF,,,,,,,,SIN_EVENTO_SOFASCORE,SIN_EVENTO_SOFASCORE
m_4MfeT3,,2026-02-04,p_1urJ9k,Franco Jara,Instituto,Lanús,DEL,,,,,,,,SIN_EVENTO_SOFASCORE,SIN_EVENTO_SOFASCORE
m_4MfeT3,,2026-02-04,p_0afatN,Gastón Lodico,Instituto,Lanús,VOL,,,,,,,,SIN_EVENTO_SOFASCORE,SIN_EVENTO_SOFASCORE
m_4MfeT3,,2026-02-04,p_3I0XnJ,Giuliano Cerato,Instituto,Lanús,VOL,,,,,,,,SIN_EVENTO_SOFASCORE,SIN_EVENTO_SOFASCORE
m_4MfeT3,,2026-02-04,p_287xJj,Gustavo Abregú,Instituto,Lanús,VOL,,,,,,,,SIN_EVENTO_SOFASCORE,SIN_EVENTO_SOFASCORE
m_4MfeT3,,2026-02-04,p_4T6aUk,Ignacio Méndez,Instituto,Lanús,VOL,,,,,,,,SIN_EVENTO_SOFASCORE,SIN_EVENTO_SOFASCORE
m_4MfeT3,,2026-02-04,p_4gVkOw,Iván Erquiaga,Instituto,Lanús,DEF,,,,,,,,SIN_EVENTO_SOFASCORE,SIN_EVENTO_SOFASCORE
m_4MfeT3,,2026-02-04,p_28dMyW,Jeremías Lázaro,Instituto,Lanús,VOL,,,,,,,,SIN_EVENTO_SOFASCORE,SIN_EVENTO_SOFASCORE
m_4MfeT3,,2026-02-04,p_1xKto7,Jonathan Galván,Instituto,Lanús,DEF,,,,,,,,SIN_EVENTO_SOFASCORE,SIN_EVENTO_SOFASCORE
m_4MfeT3,,2026-02-04,p_1JEoJq,Jonás Acevedo,Instituto,Lanús,VOL,,,,,,,,SIN_EVENTO_SOFASCORE,SIN_EVENTO_SOFASCORE
m_4MfeT3,,2026-02-04,p_3x6Yqh,Leonel Mosevich,Instituto,Lanús,DEF,,,,,,,,SIN_EVENTO_SOFASCORE,SIN_EVENTO_SOFASCORE
m_4MfeT3,,2026-02-04,p_4UkieF,Manuel Roffo,Instituto,Lanús,ARQ,,,,,,,,SIN_EVENTO_SOFASCORE,SIN_EVENTO_SOFASCORE
m_4MfeT3,,2026-02-04,p_3PzK4u,Matías Fonseca,Instituto,Lanús,DEL,,,,,,,,SIN_EVENTO_SOFASCORE,SIN_EVENTO_SOFASCORE
m_4MfeT3,,2026-02-04,p_0s5hPU,Matías Gallardo,Instituto,Lanús,VOL,,,,,,,,SIN_EVENTO_SOFASCORE,SIN_EVENTO_SOFASCORE
m_4MfeT3,,2026-02-04,p_0Gnu2O,Nicolás Guerra,Instituto,Lanús,DEL,,,,,,,,SIN_EVENTO_SOFASCORE,SIN_EVENTO_SOFASCORE
m_4MfeT3,,2026-02-04,p_3xub3o,Agustín Cardozo,Lanús,Instituto,VOL,,,,,,,,SIN_EVENTO_SOFASCORE,SIN_EVENTO_SOFASCORE
m_4MfeT3,,2026-02-04,p_3dgI1a,Agustín Medina,Lanús,Instituto,VOL,,,,,,,,SIN_EVENTO_SOFASCORE,SIN_EVENTO_SOFASCORE
m_4MfeT3,,2026-02-04,p_0pxwpN,Carlos Izquierdoz,Lanús,Instituto,DEF,,,,,,,,SIN_EVENTO_SOFASCORE,SIN_EVENTO_SOFASCORE
m_4MfeT3,,2026-02-04,p_1pyxN1,Dylan Aquino,Lanús,Instituto,DEL,,,,,,,,SIN_EVENTO_SOFASCORE,SIN_EVENTO_SOFASCORE
m_4MfeT3,,2026-02-04,p_1Dr7TL,Eduardo Salvio,Lanús,Instituto,VOL,,,,,,,,SIN_EVENTO_SOFASCORE,SIN_EVENTO_SOFASCORE
m_4MfeT3,,2026-02-04,p_4NdBtx,Felipe Peña Biafore,Lanús,Instituto,VOL,,,,,,,,SIN_EVENTO_SOFASCORE,SIN_EVENTO_SOFASCORE
m_4MfeT3,,2026-02-04,p_45uQz6,Franco Watson,Lanús,Instituto,VOL,,,,,,,,SIN_EVENTO_SOFASCORE,SIN_EVENTO_SOFASCORE
m_4MfeT3,,2026-02-04,p_2YLj3q,José Canale,Lanús,Instituto,DEF,,,,,,,,SIN_EVENTO_SOFASCORE,SIN_EVENTO_SOFASCORE
m_4MfeT3,,2026-02-04,p_32gEeN,Marcelino Moreno,Lanús,Instituto,VOL,,,,,,,,SIN_EVENTO_SOFASCORE,SIN_EVENTO_SOFASCORE
m_4MfeT3,,2026-02-04,p_4W6aiW,Nahuel Losada,Lanús,Instituto,ARQ,,,,,,,,SIN_EVENTO_SOFASCORE,SIN_EVENTO_SOFASCORE
m_4MfeT3,,2026-02-04,p_2waho1,Nicolás Morgantini,Lanús,Instituto,DEF,,,,,,,,SIN_EVENTO_SOFASCORE,SIN_EVENTO_SOFASCORE
m_4MfeT3,,2026-02-04,p_3bNsap,Ramiro Carrera,Lanús,Instituto,VOL,,,,,,,,SIN_EVENTO_SOFASCORE,SIN_EVENTO_SOFASCORE
m_4MfeT3,,2026-02-04,p_2ooqPi,Rodrigo Castillo,Lanús,Instituto,DEL,,,,,,,,SIN_EVENTO_SOFASCORE,SIN_EVENTO_SOFASCORE
m_4MfeT3,,2026-02-04,p_37cT31,Ronaldo Dejesús,Lanús,Instituto,DEF,,,,,,,,SIN_EVENTO_SOFASCORE,SIN_EVENTO_SOFASCORE
m_4MfeT3,,2026-02-04,p_0YK7Rt,Sasha Marcich,Lanús,Instituto,DEF,,,,,,,,SIN_EVENTO_SOFASCORE,SIN_EVENTO_SOFASCORE
m_4MfeT3,,2026-02-04,p_1Zygll,Tomás Ezequiel Guidara,Lanús,Instituto,DEF,,,,,,,,SIN_EVENTO_SOFASCORE,SIN_EVENTO_SOFASCORE
m_0ofblh,,2026-02-07,p_0vreM8,Agustín Quiroga,Central Córdoba de Santiago,Unión,DEF,,,,,,,,SIN_EVENTO_SOFASCORE,SIN_EVENTO_SOFASCORE
m_0ofblh,,2026-02-07,p_43Olsv,Alan Aguerre,Central Córdoba de Santiago,Unión,ARQ,,,,,,,,SIN_EVENTO_SOFASCORE,SIN_EVENTO_SOFASCORE
m_0ofblh,,2026-02-07,p_1j4h24,Alan Daian Laprida,Central Córdoba de Santiago,Unión,VOL,,,,,,,,SIN_EVENTO_SOFASCORE,SIN_EVENTO_SOFASCORE
m_0ofblh,,2026-02-07,p_2StpFV,Alejandro Maciel,Central Córdoba de Santiago,Unión,DEF,,,,,,,,SIN_EVENTO_SOFASCORE,SIN_EVENTO_SOFASCORE
m_0ofblh,,2026-02-07,p_0ciPTe,Diego Barrera,Central Córdoba de Santiago,Unión,VOL,,,,,,,,SIN_EVENTO_SOFASCORE,SIN_EVENTO_SOFASCORE
m_0ofblh,,2026-02-07,p_0RVLhG,Ezequiel Naya,Central Córdoba de Santiago,Unión,DEL,,,,,,,,SIN_EVENTO_SOFASCORE,SIN_EVENTO_SOFASCORE
m_0ofblh,,2026-02-07,p_1KfXQ1,Facundo Mansilla Zahir,Central Córdoba de Santiago,Unión,DEF,,,,,,,,SIN_EVENTO_SOFASCORE,SIN_EVENTO_SOFASCORE
m_0ofblh,,2026-02-07,p_0oupcN,Fernando Juarez,Central Córdoba de Santiago,Unión,VOL,,,,,,,,SIN_EVENTO_SOFASCORE,SIN_EVENTO_SOFASCORE
m_0ofblh,,2026-02-07,p_444jRY,Horacio Tijanovich,Central Córdoba de Santiago,Unión,VOL,,,,,,,,SIN_EVENTO_SOFASCORE,SIN_EVENTO_SOFASCORE
m_0ofblh,,2026-02-07,p_0veUmD,Lucas González,Central Córdoba de Santiago,Unión,VOL,,,,,,,,SIN_EVENTO_SOFASCORE,SIN_EVENTO_SOFASCORE
m_0ofblh,,2026-02-07,p_1JcSyH,Lucas Varaldo,Central Córdoba de Santiago,Unión,DEL,,,,,,,,SIN_EVENTO_SOFASCORE,SIN_EVENTO_SOFASCORE
m_0ofblh,,2026-02-07,p_2nfEM8,Marco Iacobellis,Central Córdoba de Santiago,Unión,VOL,,,,,,,,SIN_EVENTO_SOFASCORE,SIN_EVENTO_SOFASCORE
m_0ofblh,,2026-02-07,p_3XD5Nu,Matías Vera,Central Córdoba de Santiago,Unión,VOL,,,,,,,,SIN_EVENTO_SOFASCORE,SIN_EVENTO_SOFASCORE
m_0ofblh,,2026-02-07,p_3FGnhe,Michael Santos,Central Córdoba de Santiago,Unión,DEL,,,,,,,,SIN_EVENTO_SOFASCORE,SIN_EVENTO_SOFASCORE
m_0ofblh,,2026-02-07,p_3cMYiv,Santiago Moyano,Central Córdoba de Santiago,Unión,DEF,,,,,,,,SIN_EVENTO_SOFASCORE,SIN_EVENTO_SOFASCORE
m_0ofblh,,2026-02-07,p_0VScM6,Tiago Cravero,Central Córdoba de Santiago,Unión,VOL,,,,,,,,SIN_EVENTO_SOFASCORE,SIN_EVENTO_SOFASCORE
m_0ofblh,,2026-02-07,p_3rOLlc,Agustín Colazo,Unión,Central Córdoba de Santiago,DEL,,,,,,,,SIN_EVENTO_SOFASCORE,SIN_EVENTO_SOFASCORE
m_0ofblh,,2026-02-07,p_2msaJ0,Bruno Pittón,Unión,Central Córdoba de Santiago,DEF,,,,,,,,SIN_EVENTO_SOFASCORE,SIN_EVENTO_SOFASCORE
m_0ofblh,,2026-02-07,p_3woyik,Cristian Alberto Tarragona,Unión,Central Córdoba de Santiago,DEL,,,,,,,,SIN_EVENTO_SOFASCORE,SIN_EVENTO_SOFASCORE
m_0ofblh,,2026-02-07,p_3c6pcI,Juan Pablo Ludueña,Unión,Central Córdoba de Santiago,DEF,,,,,,,,SIN_EVENTO_SOFASCORE,SIN_EVENTO_SOFASCORE
m_0ofblh,,2026-02-07,p_1h4yOi,Julián Palacios,Unión,Central Córdoba de Santiago,VOL,,,,,,,,SIN_EVENTO_SOFASCORE,SIN_EVENTO_SOFASCORE
m_0ofblh,,2026-02-07,p_1A84Jv,Lautaro Vargas,Unión,Central Córdoba de Santiago,DEF,,,,,,,,SIN_EVENTO_SOFASCORE,SIN_EVENTO_SOFASCORE
m_0ofblh,,2026-02-07,p_2jiARu,Maizon Rodríguez,Unión,Central Córdoba de Santiago,DEF,,,,,,,,SIN_EVENTO_SOFASCORE,SIN_EVENTO_SOFASCORE
m_0ofblh,,2026-02-07,p_3ybBVT,Marcelo Estigarribia,Unión,Central Córdoba de Santiago,DEL,,,,,,,,SIN_EVENTO_SOFASCORE,SIN_EVENTO_SOFASCORE
m_0ofblh,,2026-02-07,p_2vkqTj,Mateo Del Blanco,Unión,Central Córdoba de Santiago,DEF,,,,,,,,SIN_EVENTO_SOFASCORE,SIN_EVENTO_SOFASCORE
m_0ofblh,,2026-02-07,p_0yyPLQ,Matías Mansilla,Unión,Central Córdoba de Santiago,ARQ,,,,,,,,SIN_EVENTO_SOFASCORE,SIN_EVENTO_SOFASCORE
m_0ofblh,,2026-02-07,p_3yJs62,Mauro Pittón,Unión,Central Córdoba de Santiago,VOL,,,,,,,,SIN_EVENTO_SOFASCORE,SIN_EVENTO_SOFASCORE
m_0ofblh,,2026-02-07,p_11jmli,Misael Aguirre,Unión,Central Córdoba de Santiago,VOL,,,,,,,,SIN_EVENTO_SOFASCORE,SIN_EVENTO_SOFASCORE
m_0ofblh,,2026-02-07,p_3H1rr8,Nicolás Palavecino,Unión,Central Córdoba de Santiago,VOL,,,,,,,,SIN_EVENTO_SOFASCORE,SIN_EVENTO_SOFASCORE
m_0ofblh,,2026-02-07,p_038W5d,Rafael Profini,Unión,Central Córdoba de Santiago,VOL,,,,,,,,SIN_EVENTO_SOFASCORE,SIN_EVENTO_SOFASCORE
m_0ofblh,,2026-02-07,p_2VZHxk,Santiago Grella,Unión,Central Córdoba de Santiago,VOL,,,,,,,,SIN_EVENTO_SOFASCORE,SIN_EVENTO_SOFASCORE
m_0ofblh,,2026-02-07,p_2nrS5l,Valentín Fascendini,Unión,Central Córdoba de Santiago,DEF,,,,,,,,SIN_EVENTO_SOFASCORE,SIN_EVENTO_SOFASCORE
m_2MVqzf,,2026-02-08,p_4Mszzs,Adrián Spörle,Belgrano,Banfield,DEF,,,,,,,,SIN_EVENTO_SOFASCORE,SIN_EVENTO_SOFASCORE
m_2MVqzf,,2026-02-08,p_43D8up,Adrián Sánchez,Belgrano,Banfield,VOL,,,,,,,,SIN_EVENTO_SOFASCORE,SIN_EVENTO_SOFASCORE
m_2MVqzf,,2026-02-08,p_1EMq3A,Alcides Benítez,Belgrano,Banfield,DEF,,,,,,,,SIN_EVENTO_SOFASCORE,SIN_EVENTO_SOFASCORE
m_2MVqzf,,2026-02-08,p_28SEJq,Alexis Maldonado,Belgrano,Banfield,DEF,,,,,,,,SIN_EVENTO_SOFASCORE,SIN_EVENTO_SOFASCORE
m_2MVqzf,,2026-02-08,p_49U5oJ,Emiliano Ariel Rigoni,Belgrano,Banfield,VOL,,,,,,,,SIN_EVENTO_SOFASCORE,SIN_EVENTO_SOFASCORE
m_2MVqzf,,2026-02-08,p_3Boqdn,Francisco González Metilli,Belgrano,Banfield,VOL,,,,,,,,SIN_EVENTO_SOFASCORE,SIN_EVENTO_SOFASCORE
m_2MVqzf,,2026-02-08,p_4g8d1N,Franco Vázquez,Belgrano,Banfield,VOL,,,,,,,,SIN_EVENTO_SOFASCORE,SIN_EVENTO_SOFASCORE
m_2MVqzf,,2026-02-08,p_1nfVbw,Gonzalo Zelarayán,Belgrano,Banfield,VOL,,,,,,,,SIN_EVENTO_SOFASCORE,SIN_EVENTO_SOFASCORE
m_2MVqzf,,2026-02-08,p_1lrNAx,Lautaro Gutierrez,Belgrano,Banfield,VOL,,,,,,,,SIN_EVENTO_SOFASCORE,SIN_EVENTO_SOFASCORE
m_2MVqzf,,2026-02-08,p_3u6zLG,Leonardo Morales,Belgrano,Banfield,DEF,,,,,,,,SIN_EVENTO_SOFASCORE,SIN_EVENTO_SOFASCORE
m_2MVqzf,,2026-02-08,p_1x6fIA,Lisandro López,Belgrano,Banfield,DEF,,,,,,,,SIN_EVENTO_SOFASCORE,SIN_EVENTO_SOFASCORE
m_2MVqzf,,2026-02-08,p_3v2tAE,Lucas Zelarayán,Belgrano,Banfield,VOL,,,,,,,,SIN_EVENTO_SOFASCORE,SIN_EVENTO_SOFASCORE
m_2MVqzf,,2026-02-08,p_0FN6nM,Ramiro Hernandes,Belgrano,Banfield,VOL,,,,,,,,SIN_EVENTO_SOFASCORE,SIN_EVENTO_SOFASCORE
m_2MVqzf,,2026-02-08,p_2PNnZ9,Santiago Longo,Belgrano,Banfield,VOL,,,,,,,,SIN_EVENTO_SOFASCORE,SIN_EVENTO_SOFASCORE
m_2MVqzf,,2026-02-08,p_0ujJJG,Thiago Cardozo,Belgrano,Banfield,ARQ,,,,,,,,SIN_EVENTO_SOFASCORE,SIN_EVENTO_SOFASCORE
m_4FfDiT,,2026-02-08,p_3dtvN3,Bautista Merlini,Club Atlético Platense,Independiente,VOL,,,,,,,,SIN_EVENTO_SOFASCORE,SIN_EVENTO_SOFASCORE
m_4FfDiT,,2026-02-08,p_3CinVk,Benjamín Bosch,Club Atlético Platense,Independiente,DEL,,,,,,,,SIN_EVENTO_SOFASCORE,SIN_EVENTO_SOFASCORE
m_4FfDiT,,2026-02-08,p_47E2rv,Eugenio Raggio,Club Atlético Platense,Independiente,DEF,,,,,,,,SIN_EVENTO_SOFASCORE,SIN_EVENTO_SOFASCORE
m_4FfDiT,,2026-02-08,p_2EKu08,Felipe Bussio,Club Atlético Platense,Independiente,VOL,,,,,,,,SIN_EVENTO_SOFASCORE,SIN_EVENTO_SOFASCORE
m_4FfDiT,,2026-02-08,p_2wlp9Z,Franco Zapiola,Club Atlético Platense,Independiente,VOL,,,,,,,,SIN_EVENTO_SOFASCORE,SIN_EVENTO_SOFASCORE
m_4FfDiT,,2026-02-08,p_3S6c8L,Guido Mainero,Club Atlético Platense,Independiente,VOL,,,,,,,,SIN_EVENTO_SOFASCORE,SIN_EVENTO_SOFASCORE
m_4FfDiT,,2026-02-08,p_137tuu,Ignacio Vázquez,Club Atlético Platense,Independiente,DEF,,,,,,,,SIN_EVENTO_SOFASCORE,SIN_EVENTO_SOFASCORE
m_4FfDiT,,2026-02-08,p_103r5t,Juan Gauto,Club Atlético Platense,Independiente,VOL,,,,,,,,SIN_EVENTO_SOFASCORE,SIN_EVENTO_SOFASCORE
m_4FfDiT,,2026-02-08,p_0ivFZd,Juan Saborido,Club Atlético Platense,Independiente,DEF,,,,,,,,SIN_EVENTO_SOFASCORE,SIN_EVENTO_SOFASCORE
m_4FfDiT,,2026-02-08,p_2nGaYr,Leonardo Heredia,Club Atlético Platense,Independiente,DEL,,,,,,,,SIN_EVENTO_SOFASCORE,SIN_EVENTO_SOFASCORE
m_4FfDiT,,2026-02-08,p_3b0CM3,Manuel Tucker,Club Atlético Platense,Independiente,DEL,,,,,,,,SIN_EVENTO_SOFASCORE,SIN_EVENTO_SOFASCORE
m_4FfDiT,,2026-02-08,p_1JQZ6o,Matías Borgogno,Club Atlético Platense,Independiente,ARQ,,,,,,,,SIN_EVENTO_SOFASCORE,SIN_EVENTO_SOFASCORE
m_4FfDiT,,2026-02-08,p_2rnkiH,Maximiliano Amarfil,Club Atlético Platense,Independiente,VOL,,,,,,,,SIN_EVENTO_SOFASCORE,SIN_EVENTO_SOFASCORE
m_4FfDiT,,2026-02-08,p_0i7rxV,Santiago Dalmasso,Club Atlético Platense,Independiente,VOL,,,,,,,,SIN_EVENTO_SOFASCORE,SIN_EVENTO_SOFASCORE
m_4FfDiT,,2026-02-08,p_3mhHpD,Tomas Nasif,Club Atlético Platense,Independiente,DEL,,,,,,,,SIN_EVENTO_SOFASCORE,SIN_EVENTO_SOFASCORE
m_4FfDiT,,2026-02-08,p_0H4brP,Tomás Silva,Club Atlético Platense,Independiente,DEF,,,,,,,,SIN_EVENTO_SOFASCORE,SIN_EVENTO_SOFASCORE
m_4FfDiT,,2026-02-08,p_2ralsZ,Facundo Zabala,Independiente,Club Atlético Platense,DEF,,,,,,,,SIN_EVENTO_SOFASCORE,SIN_EVENTO_SOFASCORE
m_4FfDiT,,2026-02-08,p_44fmOo,Gabriel Ávalos,Independiente,Club Atlético Platense,DEL,,,,,,,,SIN_EVENTO_SOFASCORE,SIN_EVENTO_SOFASCORE
m_4FfDiT,,2026-02-08,p_47bCwf,Ignacio Malcorra,Independiente,Club Atlético Platense,VOL,,,,,,,,SIN_EVENTO_SOFASCORE,SIN_EVENTO_SOFASCORE
m_4FfDiT,,2026-02-08,p_4F21o7,Ignacio Pussetto,Independiente,Club Atlético Platense,DEL,,,,,,,,SIN_EVENTO_SOFASCORE,SIN_EVENTO_SOFASCORE
m_4FfDiT,,2026-02-08,p_477cm1,Iván Marcone,Independiente,Club Atlético Platense,VOL,,,,,,,,SIN_EVENTO_SOFASCORE,SIN_EVENTO_SOFASCORE
m_4FfDiT,,2026-02-08,p_1HqLta,Juan Fedorco,Independiente,Club Atlético Platense,DEF,,,,,,,,SIN_EVENTO_SOFASCORE,SIN_EVENTO_SOFASCORE
m_4FfDiT,,2026-02-08,p_3zzhTk,Kevin Lomónaco,Independiente,Club Atlético Platense,DEF,,,,,,,,SIN_EVENTO_SOFASCORE,SIN_EVENTO_SOFASCORE
m_4FfDiT,,2026-02-08,p_2GcFwZ,Lautaro Millán,Independiente,Club Atlético Platense,VOL,,,,,,,,SIN_EVENTO_SOFASCORE,SIN_EVENTO_SOFASCORE
m_4FfDiT,,2026-02-08,p_2Y5BPH,Leonardo Godoy,Independiente,Club Atlético Platense,DEF,,,,,,,,SIN_EVENTO_SOFASCORE,SIN_EVENTO_SOFASCORE
m_4FfDiT,,2026-02-08,p_1vDFZe,Luciano Cabral,Independiente,Club Atlético Platense,VOL,,,,,,,,SIN_EVENTO_SOFASCORE,SIN_EVENTO_SOFASCORE
m_4FfDiT,,2026-02-08,p_2l6eDm,Matías Abaldo,Independiente,Club Atlético Platense,DEL,,,,,,,,SIN_EVENTO_SOFASCORE,SIN_EVENTO_SOFASCORE
m_4FfDiT,,2026-02-08,p_3KLwFI,Rodrigo Rey,Independiente,Club Atlético Platense,ARQ,,,,,,,,SIN_EVENTO_SOFASCORE,SIN_EVENTO_SOFASCORE
m_4FfDiT,,2026-02-08,p_4RoV0i,Santiago Arias,Independiente,Club Atlético Platense,DEF,,,,,,,,SIN_EVENTO_SOFASCORE,SIN_EVENTO_SOFASCORE
m_4FfDiT,,2026-02-08,p_2c9Jkj,Santiago Gabriel Montiel,Independiente,Club Atlético Platense,VOL,,,,,,,,SIN_EVENTO_SOFASCORE,SIN_EVENTO_SOFASCORE
m_4FfDiT,,2026-02-08,p_4UoYBc,Sebastián Valdéz,Independiente,Club Atlético Platense,DEF,,,,,,,,SIN_EVENTO_SOFASCORE,SIN_EVENTO_SOFASCORE
m_4FfDiT,,2026-02-08,p_4Bdvg6,Walter Mazzantti,Independiente,Club Atlético Platense,DEF,,,,,,,,SIN_EVENTO_SOFASCORE,SIN_EVENTO_SOFASCORE
m_3sDDFG,,2026-02-09,p_4FAIfZ,Alexis Castro,Estudiantes,Deportivo Riestra,VOL,,,,,,,,SIN_EVENTO_SOFASCORE,SIN_EVENTO_SOFASCORE
m_3sDDFG,,2026-02-09,p_3NKnXO,Brian Aguirre,Estudiantes,Deportivo Riestra,VOL,,,,,,,,SIN_EVENTO_SOFASCORE,SIN_EVENTO_SOFASCORE
m_3sDDFG,,2026-02-09,p_2203UO,Cristian Medina,Estudiantes,Deportivo Riestra,VOL,,,,,,,,SIN_EVENTO_SOFASCORE,SIN_EVENTO_SOFASCORE
m_3sDDFG,,2026-02-09,p_2DQVsu,Eric Meza,Estudiantes,Deportivo Riestra,DEF,,,,,,,,SIN_EVENTO_SOFASCORE,SIN_EVENTO_SOFASCORE
m_3sDDFG,,2026-02-09,p_375sV8,Eros Mancuso,Estudiantes,Deportivo Riestra,DEF,,,,,,,,SIN_EVENTO_SOFASCORE,SIN_EVENTO_SOFASCORE
m_3sDDFG,,2026-02-09,p_4drKzY,Ezequiel Piovi,Estudiantes,Deportivo Riestra,VOL,,,,,,,,SIN_EVENTO_SOFASCORE,SIN_EVENTO_SOFASCORE
m_3sDDFG,,2026-02-09,p_0UPCHl,Fabricio Pérez,Estudiantes,Deportivo Riestra,VOL,,,,,,,,SIN_EVENTO_SOFASCORE,SIN_EVENTO_SOFASCORE
m_3sDDFG,,2026-02-09,p_43Wo3u,Fernando Muslera,Estudiantes,Deportivo Riestra,ARQ,,,,,,,,SIN_EVENTO_SOFASCORE,SIN_EVENTO_SOFASCORE
m_3sDDFG,,2026-02-09,p_4LoI3o,Gastón Benedetti,Estudiantes,Deportivo Riestra,DEF,,,,,,,,SIN_EVENTO_SOFASCORE,SIN_EVENTO_SOFASCORE
m_3sDDFG,,2026-02-09,p_3j26Fw,José Sosa,Estudiantes,Deportivo Riestra,VOL,,,,,,,,SIN_EVENTO_SOFASCORE,SIN_EVENTO_SOFASCORE
m_3sDDFG,,2026-02-09,p_10iCWI,Leandro González Pírez,Estudiantes,Deportivo Riestra,DEF,,,,,,,,SIN_EVENTO_SOFASCORE,SIN_EVENTO_SOFASCORE
m_3sDDFG,,2026-02-09,p_3UfnVk,Tiago Palacios,Estudiantes,Deportivo Riestra,VOL,,,,,,,,SIN_EVENTO_SOFASCORE,SIN_EVENTO_SOFASCORE
m_3sDDFG,,2026-02-09,p_1TPSrY,Tomás Palacios,Estudiantes,Deportivo Riestra,DEF,,,,,,,,SIN_EVENTO_SOFASCORE,SIN_EVENTO_SOFASCORE
m_1Cuhf7,,2026-02-09,p_1bUOsk,Alexis Steimbach,Gimnasia LP,Barracas Central,DEF,,,,,,,,SIN_EVENTO_SOFASCORE,SIN_EVENTO_SOFASCORE
m_1Cuhf7,,2026-02-09,p_3Na8Ca,Diego Mastrangelo,Gimnasia LP,Barracas Central,DEF,,,,,,,,SIN_EVENTO_SOFASCORE,SIN_EVENTO_SOFASCORE
m_1Cuhf7,,2026-02-09,p_40ubcR,Enzo Martínez,Gimnasia LP,Barracas Central,DEF,,,,,,,,SIN_EVENTO_SOFASCORE,SIN_EVENTO_SOFASCORE
m_1Cuhf7,,2026-02-09,p_15wJtA,Ignacio Fernández,Gimnasia LP,Barracas Central,VOL,,,,,,,,SIN_EVENTO_SOFASCORE,SIN_EVENTO_SOFASCORE
m_1Cuhf7,,2026-02-09,p_2PDOYX,Ignacio Miramón,Gimnasia LP,Barracas Central,VOL,,,,,,,,SIN_EVENTO_SOFASCORE,SIN_EVENTO_SOFASCORE
m_1Cuhf7,,2026-02-09,p_0VZwYw,Lucas Nahuel Castro,Gimnasia LP,Barracas Central,VOL,,,,,,,,SIN_EVENTO_SOFASCORE,SIN_EVENTO_SOFASCORE
m_1Cuhf7,,2026-02-09,p_1CvIxl,Nelson Insfrán,Gimnasia LP,Barracas Central,ARQ,,,,,,,,SIN_EVENTO_SOFASCORE,SIN_EVENTO_SOFASCORE
m_1Cuhf7,,2026-02-09,p_0naJM3,Nicolás Barros Schelotto,Gimnasia LP,Barracas Central,VOL,,,,,,,,SIN_EVENTO_SOFASCORE,SIN_EVENTO_SOFASCORE
m_1Cuhf7,,2026-02-09,p_2ZvpgZ,Pedro Silva Torrejón,Gimnasia LP,Barracas Central,DEF,,,,,,,,SIN_EVENTO_SOFASCORE,SIN_EVENTO_SOFASCORE
m_1Cuhf7,,2026-02-09,p_0URNSN,Renzo Giampaoli,Gimnasia LP,Barracas Central,DEF,,,,,,,,SIN_EVENTO_SOFASCORE,SIN_EVENTO_SOFASCORE
m_185FrI,,2026-02-09,p_1mCr0i,Agustín Módica,Gimnasia Mendoza,Instituto,DEL,,,,,,,,SIN_EVENTO_SOFASCORE,SIN_EVENTO_SOFASCORE
m_185FrI,,2026-02-09,p_3foBen,César Rigamonti,Gimnasia Mendoza,Instituto,ARQ,,,,,,,,SIN_EVENTO_SOFASCORE,SIN_EVENTO_SOFASCORE
m_185FrI,,2026-02-09,p_4LMFQ0,Diego Mondino,Gimnasia Mendoza,Instituto,DEF,,,,,,,,SIN_EVENTO_SOFASCORE,SIN_EVENTO_SOFASCORE
m_185FrI,,2026-02-09,p_2UZfm9,Ezequiel Muñoz,Gimnasia Mendoza,Instituto,DEF,,,,,,,,SIN_EVENTO_SOFASCORE,SIN_EVENTO_SOFASCORE
m_185FrI,,2026-02-09,p_2ykUpy,Facundo Lencioni,Gimnasia Mendoza,Instituto,VOL,,,,,,,,SIN_EVENTO_SOFASCORE,SIN_EVENTO_SOFASCORE
m_185FrI,,2026-02-09,p_0WiaUz,Imanol Gonzalez,Gimnasia Mendoza,Instituto,DEF,,,,,,,,SIN_EVENTO_SOFASCORE,SIN_EVENTO_SOFASCORE
m_185FrI,,2026-02-09,p_2twD0T,Juan Franco,Gimnasia Mendoza,Instituto,DEF,,,,,,,,SIN_EVENTO_SOFASCORE,SIN_EVENTO_SOFASCORE
m_185FrI,,2026-02-09,p_40BXYc,Julián Ceballos,Gimnasia Mendoza,Instituto,VOL,,,,,,,,SIN_EVENTO_SOFASCORE,SIN_EVENTO_SOFASCORE
m_185FrI,,2026-02-09,p_3oqT7Z,Luciano Paredes,Gimnasia Mendoza,Instituto,DEF,,,,,,,,SIN_EVENTO_SOFASCORE,SIN_EVENTO_SOFASCORE
m_185FrI,,2026-02-09,p_1oAIvS,Matías Recalde,Gimnasia Mendoza,Instituto,DEF,,,,,,,,SIN_EVENTO_SOFASCORE,SIN_EVENTO_SOFASCORE
m_185FrI,,2026-02-09,p_2rHsQv,Nahuel Barboza,Gimnasia Mendoza,Instituto,VOL,,,,,,,,SIN_EVENTO_SOFASCORE,SIN_EVENTO_SOFASCORE
m_185FrI,,2026-02-09,p_4ckwa7,Nicolás Ferreyra,Gimnasia Mendoza,Instituto,DEL,,,,,,,,SIN_EVENTO_SOFASCORE,SIN_EVENTO_SOFASCORE
m_185FrI,,2026-02-09,p_4WHbBz,Santiago Rodríguez,Gimnasia Mendoza,Instituto,DEL,,,,,,,,SIN_EVENTO_SOFASCORE,SIN_EVENTO_SOFASCORE
m_185FrI,,2026-02-09,p_4OJPBH,Tomás O'Connor,Gimnasia Mendoza,Instituto,VOL,,,,,,,,SIN_EVENTO_SOFASCORE,SIN_EVENTO_SOFASCORE
m_185FrI,,2026-02-09,p_0ybyPC,Ulises Sánchez,Gimnasia Mendoza,Instituto,VOL,,,,,,,,SIN_EVENTO_SOFASCORE,SIN_EVENTO_SOFASCORE
m_185FrI,,2026-02-09,p_3guJ6P,Valentino Simoni,Gimnasia Mendoza,Instituto,DEL,,,,,,,,SIN_EVENTO_SOFASCORE,SIN_EVENTO_SOFASCORE
m_185FrI,,2026-02-09,p_0t17ZI,Alex Luna,Instituto,Gimnasia Mendoza,DEL,,,,,,,,SIN_EVENTO_SOFASCORE,SIN_EVENTO_SOFASCORE
m_185FrI,,2026-02-09,p_39c8jY,Diego Sosa,Instituto,Gimnasia Mendoza,DEF,,,,,,,,SIN_EVENTO_SOFASCORE,SIN_EVENTO_SOFASCORE
m_185FrI,,2026-02-09,p_1urJ9k,Franco Jara,Instituto,Gimnasia Mendoza,DEL,,,,,,,,SIN_EVENTO_SOFASCORE,SIN_EVENTO_SOFASCORE
m_185FrI,,2026-02-09,p_1wpZS1,Franco Moyano,Instituto,Gimnasia Mendoza,VOL,,,,,,,,SIN_EVENTO_SOFASCORE,SIN_EVENTO_SOFASCORE
m_185FrI,,2026-02-09,p_0afatN,Gastón Lodico,Instituto,Gimnasia Mendoza,VOL,,,,,,,,SIN_EVENTO_SOFASCORE,SIN_EVENTO_SOFASCORE
m_185FrI,,2026-02-09,p_3I0XnJ,Giuliano Cerato,Instituto,Gimnasia Mendoza,VOL,,,,,,,,SIN_EVENTO_SOFASCORE,SIN_EVENTO_SOFASCORE
m_185FrI,,2026-02-09,p_287xJj,Gustavo Abregú,Instituto,Gimnasia Mendoza,VOL,,,,,,,,SIN_EVENTO_SOFASCORE,SIN_EVENTO_SOFASCORE
m_185FrI,,2026-02-09,p_2YgDN7,Hernán de la Fuente,Instituto,Gimnasia Mendoza,DEF,,,,,,,,SIN_EVENTO_SOFASCORE,SIN_EVENTO_SOFASCORE
m_185FrI,,2026-02-09,p_4T6aUk,Ignacio Méndez,Instituto,Gimnasia Mendoza,VOL,,,,,,,,SIN_EVENTO_SOFASCORE,SIN_EVENTO_SOFASCORE
m_185FrI,,2026-02-09,p_28dMyW,Jeremías Lázaro,Instituto,Gimnasia Mendoza,VOL,,,,,,,,SIN_EVENTO_SOFASCORE,SIN_EVENTO_SOFASCORE
m_185FrI,,2026-02-09,p_1xKto7,Jonathan Galván,Instituto,Gimnasia Mendoza,DEF,,,,,,,,SIN_EVENTO_SOFASCORE,SIN_EVENTO_SOFASCORE
m_185FrI,,2026-02-09,p_3x6Yqh,Leonel Mosevich,Instituto,Gimnasia Mendoza,DEF,,,,,,,,SIN_EVENTO_SOFASCORE,SIN_EVENTO_SOFASCORE
m_185FrI,,2026-02-09,p_4UkieF,Manuel Roffo,Instituto,Gimnasia Mendoza,ARQ,,,,,,,,SIN_EVENTO_SOFASCORE,SIN_EVENTO_SOFASCORE
m_185FrI,,2026-02-09,p_3PzK4u,Matías Fonseca,Instituto,Gimnasia Mendoza,DEL,,,,,,,,SIN_EVENTO_SOFASCORE,SIN_EVENTO_SOFASCORE
m_185FrI,,2026-02-09,p_0s5hPU,Matías Gallardo,Instituto,Gimnasia Mendoza,VOL,,,,,,,,SIN_EVENTO_SOFASCORE,SIN_EVENTO_SOFASCORE
m_185FrI,,2026-02-09,p_0Gnu2O,Nicolás Guerra,Instituto,Gimnasia Mendoza,DEL,,,,,,,,SIN_EVENTO_SOFASCORE,SIN_EVENTO_SOFASCORE
m_0rf9Wx,,2026-02-09,p_3xub3o,Agustín Cardozo,Lanús,Talleres,VOL,,,,,,,,SIN_EVENTO_SOFASCORE,SIN_EVENTO_SOFASCORE
m_0rf9Wx,,2026-02-09,p_3dgI1a,Agustín Medina,Lanús,Talleres,VOL,,,,,,,,SIN_EVENTO_SOFASCORE,SIN_EVENTO_SOFASCORE
m_0rf9Wx,,2026-02-09,p_0pxwpN,Carlos Izquierdoz,Lanús,Talleres,DEF,,,,,,,,SIN_EVENTO_SOFASCORE,SIN_EVENTO_SOFASCORE
m_0rf9Wx,,2026-02-09,p_1pyxN1,Dylan Aquino,Lanús,Talleres,DEL,,,,,,,,SIN_EVENTO_SOFASCORE,SIN_EVENTO_SOFASCORE
m_0rf9Wx,,2026-02-09,p_1Dr7TL,Eduardo Salvio,Lanús,Talleres,VOL,,,,,,,,SIN_EVENTO_SOFASCORE,SIN_EVENTO_SOFASCORE
m_0rf9Wx,,2026-02-09,p_4NdBtx,Felipe Peña Biafore,Lanús,Talleres,VOL,,,,,,,,SIN_EVENTO_SOFASCORE,SIN_EVENTO_SOFASCORE
m_0rf9Wx,,2026-02-09,p_2YLj3q,José Canale,Lanús,Talleres,DEF,,,,,,,,SIN_EVENTO_SOFASCORE,SIN_EVENTO_SOFASCORE
m_0rf9Wx,,2026-02-09,p_0MwF8F,Lucas Besozzi,Lanús,Talleres,VOL,,,,,,,,SIN_EVENTO_SOFASCORE,SIN_EVENTO_SOFASCORE
m_0rf9Wx,,2026-02-09,p_32gEeN,Marcelino Moreno,Lanús,Talleres,VOL,,,,,,,,SIN_EVENTO_SOFASCORE,SIN_EVENTO_SOFASCORE
m_0rf9Wx,,2026-02-09,p_1R1UR4,Matías Sepúlveda,Lanús,Talleres,VOL,,,,,,,,SIN_EVENTO_SOFASCORE,SIN_EVENTO_SOFASCORE
m_0rf9Wx,,2026-02-09,p_4W6aiW,Nahuel Losada,Lanús,Talleres,ARQ,,,,,,,,SIN_EVENTO_SOFASCORE,SIN_EVENTO_SOFASCORE
m_0rf9Wx,,2026-02-09,p_3bNsap,Ramiro Carrera,Lanús,Talleres,VOL,,,,,,,,SIN_EVENTO_SOFASCORE,SIN_EVENTO_SOFASCORE
m_0rf9Wx,,2026-02-09,p_2ooqPi,Rodrigo Castillo,Lanús,Talleres,DEL,,,,,,,,SIN_EVENTO_SOFASCORE,SIN_EVENTO_SOFASCORE
m_0rf9Wx,,2026-02-09,p_0YK7Rt,Sasha Marcich,Lanús,Talleres,DEF,,,,,,,,SIN_EVENTO_SOFASCORE,SIN_EVENTO_SOFASCORE
m_0rf9Wx,,2026-02-09,p_1Zygll,Tomás Ezequiel Guidara,Lanús,Talleres,DEF,,,,,,,,SIN_EVENTO_SOFASCORE,SIN_EVENTO_SOFASCORE
m_0rf9Wx,,2026-02-09,p_0jBQTV,Walter Bou,Lanús,Talleres,DEL,,,,,,,,SIN_EVENTO_SOFASCORE,SIN_EVENTO_SOFASCORE
m_0rf9Wx,,2026-02-09,p_23S3AO,Augusto Schott,Talleres,Lanús,DEF,,,,,,,,SIN_EVENTO_SOFASCORE,SIN_EVENTO_SOFASCORE
m_0rf9Wx,,2026-02-09,p_2usscp,Gabriel Báez,Talleres,Lanús,DEF,,,,,,,,SIN_EVENTO_SOFASCORE,SIN_EVENTO_SOFASCORE
m_0rf9Wx,,2026-02-09,p_209otm,Giovanni Baroni,Talleres,Lanús,VOL,,,,,,,,SIN_EVENTO_SOFASCORE,SIN_EVENTO_SOFASCORE
m_0rf9Wx,,2026-02-09,p_1u6e88,Guido Herrera,Talleres,Lanús,ARQ,,,,,,,,SIN_EVENTO_SOFASCORE,SIN_EVENTO_SOFASCORE
m_0rf9Wx,,2026-02-09,p_0tQtiw,Juan Sforza,Talleres,Lanús,VOL,,,,,,,,SIN_EVENTO_SOFASCORE,SIN_EVENTO_SOFASCORE
m_0rf9Wx,,2026-02-09,p_2QUHoA,Martín Río,Talleres,Lanús,VOL,,,,,,,,SIN_EVENTO_SOFASCORE,SIN_EVENTO_SOFASCORE
m_0rf9Wx,,2026-02-09,p_4D08FT,Mateo Caceres,Talleres,Lanús,VOL,,,,,,,,SIN_EVENTO_SOFASCORE,SIN_EVENTO_SOFASCORE
m_0rf9Wx,,2026-02-09,p_43mFql,Matías Catalán,Talleres,Lanús,DEF,,,,,,,,SIN_EVENTO_SOFASCORE,SIN_EVENTO_SOFASCORE
m_0rf9Wx,,2026-02-09,p_0zKhoP,Matías Galarza,Talleres,Lanús,VOL,,,,,,,,SIN_EVENTO_SOFASCORE,SIN_EVENTO_SOFASCORE
m_0rf9Wx,,2026-02-09,p_3GiPCr,Rick,Talleres,Lanús,DEL,,,,,,,,SIN_EVENTO_SOFASCORE,SIN_EVENTO_SOFASCORE
m_0rf9Wx,,2026-02-09,p_4bqyr6,Ronaldo Martínez,Talleres,Lanús,DEL,,,,,,,,SIN_EVENTO_SOFASCORE,SIN_EVENTO_SOFASCORE
m_0rf9Wx,,2026-02-09,p_0V59vw,Santiago Fernández,Talleres,Lanús,DEF,,,,,,,,SIN_EVENTO_SOFASCORE,SIN_EVENTO_SOFASCORE
m_0rf9Wx,,2026-02-09,p_2lzqTc,Ulises Ortegoza,Talleres,Lanús,VOL,,,,,,,,SIN_EVENTO_SOFASCORE,SIN_EVENTO_SOFASCORE
m_0rf9Wx,,2026-02-09,p_1baCzH,Valentín Depietri,Talleres,Lanús,DEL,,,,,,,,SIN_EVENTO_SOFASCORE,SIN_EVENTO_SOFASCORE
m_0rf9Wx,,2026-02-09,p_2mFTYm,Valentín Dávila,Talleres,Lanús,DEL,,,,,,,,SIN_EVENTO_SOFASCORE,SIN_EVENTO_SOFASCORE
m_4CCLV7,,2026-02-13,p_2ralsZ,Facundo Zabala,Independiente,Lanús,DEF,,,,,,,,SIN_EVENTO_SOFASCORE,SIN_EVENTO_SOFASCORE
m_4CCLV7,,2026-02-13,p_44fmOo,Gabriel Ávalos,Independiente,Lanús,DEL,,,,,,,,SIN_EVENTO_SOFASCORE,SIN_EVENTO_SOFASCORE
m_4CCLV7,,2026-02-13,p_47bCwf,Ignacio Malcorra,Independiente,Lanús,VOL,,,,,,,,SIN_EVENTO_SOFASCORE,SIN_EVENTO_SOFASCORE
m_4CCLV7,,2026-02-13,p_4F21o7,Ignacio Pussetto,Independiente,Lanús,DEL,,,,,,,,SIN_EVENTO_SOFASCORE,SIN_EVENTO_SOFASCORE
m_4CCLV7,,2026-02-13,p_477cm1,Iván Marcone,Independiente,Lanús,VOL,,,,,,,,SIN_EVENTO_SOFASCORE,SIN_EVENTO_SOFASCORE
m_4CCLV7,,2026-02-13,p_3zzhTk,Kevin Lomónaco,Independiente,Lanús,DEF,,,,,,,,SIN_EVENTO_SOFASCORE,SIN_EVENTO_SOFASCORE
m_4CCLV7,,2026-02-13,p_2GcFwZ,Lautaro Millán,Independiente,Lanús,VOL,,,,,,,,SIN_EVENTO_SOFASCORE,SIN_EVENTO_SOFASCORE
m_4CCLV7,,2026-02-13,p_2Y5BPH,Leonardo Godoy,Independiente,Lanús,DEF,,,,,,,,SIN_EVENTO_SOFASCORE,SIN_EVENTO_SOFASCORE
m_4CCLV7,,2026-02-13,p_1vDFZe,Luciano Cabral,Independiente,Lanús,VOL,,,,,,,,SIN_EVENTO_SOFASCORE,SIN_EVENTO_SOFASCORE
m_4CCLV7,,2026-02-13,p_2l6eDm,Matías Abaldo,Independiente,Lanús,DEL,,,,,,,,SIN_EVENTO_SOFASCORE,SIN_EVENTO_SOFASCORE
m_4CCLV7,,2026-02-13,p_4L0APC,Rodrigo Fernández,Independiente,Lanús,VOL,,,,,,,,SIN_EVENTO_SOFASCORE,SIN_EVENTO_SOFASCORE
m_4CCLV7,,2026-02-13,p_3KLwFI,Rodrigo Rey,Independiente,Lanús,ARQ,,,,,,,,SIN_EVENTO_SOFASCORE,SIN_EVENTO_SOFASCORE
m_4CCLV7,,2026-02-13,p_2c9Jkj,Santiago Gabriel Montiel,Independiente,Lanús,VOL,,,,,,,,SIN_EVENTO_SOFASCORE,SIN_EVENTO_SOFASCORE
m_4CCLV7,,2026-02-13,p_4UoYBc,Sebastián Valdéz,Independiente,Lanús,DEF,,,,,,,,SIN_EVENTO_SOFASCORE,SIN_EVENTO_SOFASCORE
m_4CCLV7,,2026-02-13,p_4Bdvg6,Walter Mazzantti,Independiente,Lanús,DEF,,,,,,,,SIN_EVENTO_SOFASCORE,SIN_EVENTO_SOFASCORE
m_4CCLV7,,2026-02-13,p_3xub3o,Agustín Cardozo,Lanús,Independiente,VOL,,,,,,,,SIN_EVENTO_SOFASCORE,SIN_EVENTO_SOFASCORE
m_4CCLV7,,2026-02-13,p_4UExdP,Bruno Cabrera,Lanús,Independiente,VOL,,,,,,,,SIN_EVENTO_SOFASCORE,SIN_EVENTO_SOFASCORE
m_4CCLV7,,2026-02-13,p_1pyxN1,Dylan Aquino,Lanús,Independiente,DEL,,,,,,,,SIN_EVENTO_SOFASCORE,SIN_EVENTO_SOFASCORE
m_4CCLV7,,2026-02-13,p_1Dr7TL,Eduardo Salvio,Lanús,Independiente,VOL,,,,,,,,SIN_EVENTO_SOFASCORE,SIN_EVENTO_SOFASCORE
m_4CCLV7,,2026-02-13,p_4NdBtx,Felipe Peña Biafore,Lanús,Independiente,VOL,,,,,,,,SIN_EVENTO_SOFASCORE,SIN_EVENTO_SOFASCORE
m_4CCLV7,,2026-02-13,p_45uQz6,Franco Watson,Lanús,Independiente,VOL,,,,,,,,SIN_EVENTO_SOFASCORE,SIN_EVENTO_SOFASCORE
m_4CCLV7,,2026-02-13,p_2YLj3q,José Canale,Lanús,Independiente,DEF,,,,,,,,SIN_EVENTO_SOFASCORE,SIN_EVENTO_SOFASCORE
m_4CCLV7,,2026-02-13,p_0MwF8F,Lucas Besozzi,Lanús,Independiente,VOL,,,,,,,,SIN_EVENTO_SOFASCORE,SIN_EVENTO_SOFASCORE
m_4CCLV7,,2026-02-13,p_1R1UR4,Matías Sepúlveda,Lanús,Independiente,VOL,,,,,,,,SIN_EVENTO_SOFASCORE,SIN_EVENTO_SOFASCORE
m_4CCLV7,,2026-02-13,p_4W6aiW,Nahuel Losada,Lanús,Independiente,ARQ,,,,,,,,SIN_EVENTO_SOFASCORE,SIN_EVENTO_SOFASCORE
m_4CCLV7,,2026-02-13,p_3bNsap,Ramiro Carrera,Lanús,Independiente,VOL,,,,,,,,SIN_EVENTO_SOFASCORE,SIN_EVENTO_SOFASCORE
m_4CCLV7,,2026-02-13,p_37cT31,Ronaldo Dejesús,Lanús,Independiente,DEF,,,,,,,,SIN_EVENTO_SOFASCORE,SIN_EVENTO_SOFASCORE
m_4CCLV7,,2026-02-13,p_0YK7Rt,Sasha Marcich,Lanús,Independiente,DEF,,,,,,,,SIN_EVENTO_SOFASCORE,SIN_EVENTO_SOFASCORE
m_4CCLV7,,2026-02-13,p_2L5dje,Thomás de Martis,Lanús,Independiente,DEL,,,,,,,,SIN_EVENTO_SOFASCORE,SIN_EVENTO_SOFASCORE
m_4CCLV7,,2026-02-13,p_1Zygll,Tomás Ezequiel Guidara,Lanús,Independiente,DEF,,,,,,,,SIN_EVENTO_SOFASCORE,SIN_EVENTO_SOFASCORE
m_4CCLV7,,2026-02-13,p_0jBQTV,Walter Bou,Lanús,Independiente,DEL,,,,,,,,SIN_EVENTO_SOFASCORE,SIN_EVENTO_SOFASCORE
m_2a1a7F,,2026-02-14,p_1mCr0i,Agustín Módica,Gimnasia Mendoza,Talleres,DEL,,,,,,,,SIN_EVENTO_SOFASCORE,SIN_EVENTO_SOFASCORE
m_2a1a7F,,2026-02-14,p_3foBen,César Rigamonti,Gimnasia Mendoza,Talleres,ARQ,,,,,,,,SIN_EVENTO_SOFASCORE,SIN_EVENTO_SOFASCORE
m_2a1a7F,,2026-02-14,p_4LMFQ0,Diego Mondino,Gimnasia Mendoza,Talleres,DEF,,,,,,,,SIN_EVENTO_SOFASCORE,SIN_EVENTO_SOFASCORE
m_2a1a7F,,2026-02-14,p_1Iyu97,Esteban Fernández,Gimnasia Mendoza,Talleres,VOL,,,,,,,,SIN_EVENTO_SOFASCORE,SIN_EVENTO_SOFASCORE
m_2a1a7F,,2026-02-14,p_2UZfm9,Ezequiel Muñoz,Gimnasia Mendoza,Talleres,DEF,,,,,,,,SIN_EVENTO_SOFASCORE,SIN_EVENTO_SOFASCORE
m_2a1a7F,,2026-02-14,p_2ykUpy,Facundo Lencioni,Gimnasia Mendoza,Talleres,VOL,,,,,,,,SIN_EVENTO_SOFASCORE,SIN_EVENTO_SOFASCORE
m_2a1a7F,,2026-02-14,p_2twD0T,Juan Franco,Gimnasia Mendoza,Talleres,DEF,,,,,,,,SIN_EVENTO_SOFASCORE,SIN_EVENTO_SOFASCORE
m_2a1a7F,,2026-02-14,p_40BXYc,Julián Ceballos,Gimnasia Mendoza,Talleres,VOL,,,,,,,,SIN_EVENTO_SOFASCORE,SIN_EVENTO_SOFASCORE
m_2a1a7F,,2026-02-14,p_1HKdTo,Lautaro Carrera,Gimnasia Mendoza,Talleres,DEF,,,,,,,,SIN_EVENTO_SOFASCORE,SIN_EVENTO_SOFASCORE
m_2a1a7F,,2026-02-14,p_3oqT7Z,Luciano Paredes,Gimnasia Mendoza,Talleres,DEF,,,,,,,,SIN_EVENTO_SOFASCORE,SIN_EVENTO_SOFASCORE
m_2a1a7F,,2026-02-14,p_1oAIvS,Matías Recalde,Gimnasia Mendoza,Talleres,DEF,,,,,,,,SIN_EVENTO_SOFASCORE,SIN_EVENTO_SOFASCORE
m_2a1a7F,,2026-02-14,p_2rHsQv,Nahuel Barboza,Gimnasia Mendoza,Talleres,VOL,,,,,,,,SIN_EVENTO_SOFASCORE,SIN_EVENTO_SOFASCORE
m_2a1a7F,,2026-02-14,p_4ckwa7,Nicolás Ferreyra,Gimnasia Mendoza,Talleres,DEL,,,,,,,,SIN_EVENTO_SOFASCORE,SIN_EVENTO_SOFASCORE
m_2a1a7F,,2026-02-14,p_4WHbBz,Santiago Rodríguez,Gimnasia Mendoza,Talleres,DEL,,,,,,,,SIN_EVENTO_SOFASCORE,SIN_EVENTO_SOFASCORE
m_2a1a7F,,2026-02-14,p_0ybyPC,Ulises Sánchez,Gimnasia Mendoza,Talleres,VOL,,,,,,,,SIN_EVENTO_SOFASCORE,SIN_EVENTO_SOFASCORE
m_2a1a7F,,2026-02-14,p_3guJ6P,Valentino Simoni,Gimnasia Mendoza,Talleres,DEL,,,,,,,,SIN_EVENTO_SOFASCORE,SIN_EVENTO_SOFASCORE
m_2a1a7F,,2026-02-14,p_3WvG1h,Alex Vigo,Talleres,Gimnasia Mendoza,DEF,,,,,,,,SIN_EVENTO_SOFASCORE,SIN_EVENTO_SOFASCORE
m_2a1a7F,,2026-02-14,p_23S3AO,Augusto Schott,Talleres,Gimnasia Mendoza,DEF,,,,,,,,SIN_EVENTO_SOFASCORE,SIN_EVENTO_SOFASCORE
m_2a1a7F,,2026-02-14,p_1bbvOc,Bruno Barticciotto,Talleres,Gimnasia Mendoza,DEL,,,,,,,,SIN_EVENTO_SOFASCORE,SIN_EVENTO_SOFASCORE
m_2a1a7F,,2026-02-14,p_3tsAcU,Diego Valoyes,Talleres,Gimnasia Mendoza,DEL,,,,,,,,SIN_EVENTO_SOFASCORE,SIN_EVENTO_SOFASCORE
m_2a1a7F,,2026-02-14,p_2usscp,Gabriel Báez,Talleres,Gimnasia Mendoza,DEF,,,,,,,,SIN_EVENTO_SOFASCORE,SIN_EVENTO_SOFASCORE
m_2a1a7F,,2026-02-14,p_209otm,Giovanni Baroni,Talleres,Gimnasia Mendoza,VOL,,,,,,,,SIN_EVENTO_SOFASCORE,SIN_EVENTO_SOFASCORE
m_2a1a7F,,2026-02-14,p_1u6e88,Guido Herrera,Talleres,Gimnasia Mendoza,ARQ,,,,,,,,SIN_EVENTO_SOFASCORE,SIN_EVENTO_SOFASCORE
m_2a1a7F,,2026-02-14,p_0tQtiw,Juan Sforza,Talleres,Gimnasia Mendoza,VOL,,,,,,,,SIN_EVENTO_SOFASCORE,SIN_EVENTO_SOFASCORE
m_2a1a7F,,2026-02-14,p_2QUHoA,Martín Río,Talleres,Gimnasia Mendoza,VOL,,,,,,,,SIN_EVENTO_SOFASCORE,SIN_EVENTO_SOFASCORE
m_2a1a7F,,2026-02-14,p_4D08FT,Mateo Caceres,Talleres,Gimnasia Mendoza,VOL,,,,,,,,SIN_EVENTO_SOFASCORE,SIN_EVENTO_SOFASCORE
m_2a1a7F,,2026-02-14,p_43mFql,Matías Catalán,Talleres,Gimnasia Mendoza,DEF,,,,,,,,SIN_EVENTO_SOFASCORE,SIN_EVENTO_SOFASCORE
m_2a1a7F,,2026-02-14,p_0zKhoP,Matías Galarza,Talleres,Gimnasia Mendoza,VOL,,,,,,,,SIN_EVENTO_SOFASCORE,SIN_EVENTO_SOFASCORE
m_2a1a7F,,2026-02-14,p_4bqyr6,Ronaldo Martínez,Talleres,Gimnasia Mendoza,DEL,,,,,,,,SIN_EVENTO_SOFASCORE,SIN_EVENTO_SOFASCORE
m_2a1a7F,,2026-02-14,p_0V59vw,Santiago Fernández,Talleres,Gimnasia Mendoza,DEF,,,,,,,,SIN_EVENTO_SOFASCORE,SIN_EVENTO_SOFASCORE
m_2a1a7F,,2026-02-14,p_2lzqTc,Ulises Ortegoza,Talleres,Gimnasia Mendoza,VOL,,,,,,,,SIN_EVENTO_SOFASCORE,SIN_EVENTO_SOFASCORE
m_2a1a7F,,2026-02-14,p_2mFTYm,Valentín Dávila,Talleres,Gimnasia Mendoza,DEL,,,,,,,,SIN_EVENTO_SOFASCORE,SIN_EVENTO_SOFASCORE
m_0TuvMr,,2026-02-14,p_43YxGe,Brahian Cuello,Unión,San Lorenzo,VOL,,,,,,,,SIN_EVENTO_SOFASCORE,SIN_EVENTO_SOFASCORE
m_0TuvMr,,2026-02-14,p_2zeYkR,Franco Fragapane,Unión,San Lorenzo,VOL,,,,,,,,SIN_EVENTO_SOFASCORE,SIN_EVENTO_SOFASCORE
m_0TuvMr,,2026-02-14,p_3c6pcI,Juan Pablo Ludueña,Unión,San Lorenzo,DEF,,,,,,,,SIN_EVENTO_SOFASCORE,SIN_EVENTO_SOFASCORE
m_0TuvMr,,2026-02-14,p_1h4yOi,Julián Palacios,Unión,San Lorenzo,VOL,,,,,,,,SIN_EVENTO_SOFASCORE,SIN_EVENTO_SOFASCORE
m_0TuvMr,,2026-02-14,p_1A84Jv,Lautaro Vargas,Unión,San Lorenzo,DEF,,,,,,,,SIN_EVENTO_SOFASCORE,SIN_EVENTO_SOFASCORE
m_0TuvMr,,2026-02-14,p_2jiARu,Maizon Rodríguez,Unión,San Lorenzo,DEF,,,,,,,,SIN_EVENTO_SOFASCORE,SIN_EVENTO_SOFASCORE
m_0TuvMr,,2026-02-14,p_2vkqTj,Mateo Del Blanco,Unión,San Lorenzo,DEF,,,,,,,,SIN_EVENTO_SOFASCORE,SIN_EVENTO_SOFASCORE
m_0TuvMr,,2026-02-14,p_0yyPLQ,Matías Mansilla,Unión,San Lorenzo,ARQ,,,,,,,,SIN_EVENTO_SOFASCORE,SIN_EVENTO_SOFASCORE
m_0TuvMr,,2026-02-14,p_3yJs62,Mauro Pittón,Unión,San Lorenzo,VOL,,,,,,,,SIN_EVENTO_SOFASCORE,SIN_EVENTO_SOFASCORE
m_0TuvMr,,2026-02-14,p_11jmli,Misael Aguirre,Unión,San Lorenzo,VOL,,,,,,,,SIN_EVENTO_SOFASCORE,SIN_EVENTO_SOFASCORE
m_0TuvMr,,2026-02-14,p_038W5d,Rafael Profini,Unión,San Lorenzo,VOL,,,,,,,,SIN_EVENTO_SOFASCORE,SIN_EVENTO_SOFASCORE
m_4RVX9V,,2026-02-15,p_4Mszzs,Adrián Spörle,Belgrano,Independiente Rivadavia,DEF,,,,,,,,SIN_EVENTO_SOFASCORE,SIN_EVENTO_SOFASCORE
m_4RVX9V,,2026-02-15,p_43D8up,Adrián Sánchez,Belgrano,Independiente Rivadavia,VOL,,,,,,,,SIN_EVENTO_SOFASCORE,SIN_EVENTO_SOFASCORE
m_4RVX9V,,2026-02-15,p_1EMq3A,Alcides Benítez,Belgrano,Independiente Rivadavia,DEF,,,,,,,,SIN_EVENTO_SOFASCORE,SIN_EVENTO_SOFASCORE
m_4RVX9V,,2026-02-15,p_28SEJq,Alexis Maldonado,Belgrano,Independiente Rivadavia,DEF,,,,,,,,SIN_EVENTO_SOFASCORE,SIN_EVENTO_SOFASCORE
m_4RVX9V,,2026-02-15,p_49U5oJ,Emiliano Ariel Rigoni,Belgrano,Independiente Rivadavia,VOL,,,,,,,,SIN_EVENTO_SOFASCORE,SIN_EVENTO_SOFASCORE
m_4RVX9V,,2026-02-15,p_4g8d1N,Franco Vázquez,Belgrano,Independiente Rivadavia,VOL,,,,,,,,SIN_EVENTO_SOFASCORE,SIN_EVENTO_SOFASCORE
m_4RVX9V,,2026-02-15,p_3u6zLG,Leonardo Morales,Belgrano,Independiente Rivadavia,DEF,,,,,,,,SIN_EVENTO_SOFASCORE,SIN_EVENTO_SOFASCORE
m_4RVX9V,,2026-02-15,p_1x6fIA,Lisandro López,Belgrano,Independiente Rivadavia,DEF,,,,,,,,SIN_EVENTO_SOFASCORE,SIN_EVENTO_SOFASCORE
m_4RVX9V,,2026-02-15,p_3v2tAE,Lucas Zelarayán,Belgrano,Independiente Rivadavia,VOL,,,,,,,,SIN_EVENTO_SOFASCORE,SIN_EVENTO_SOFASCORE
m_4RVX9V,,2026-02-15,p_0FN6nM,Ramiro Hernandes,Belgrano,Independiente Rivadavia,VOL,,,,,,,,SIN_EVENTO_SOFASCORE,SIN_EVENTO_SOFASCORE
m_4RVX9V,,2026-02-15,p_2PNnZ9,Santiago Longo,Belgrano,Independiente Rivadavia,VOL,,,,,,,,SIN_EVENTO_SOFASCORE,SIN_EVENTO_SOFASCORE
m_4RVX9V,,2026-02-15,p_0ujJJG,Thiago Cardozo,Belgrano,Independiente Rivadavia,ARQ,,,,,,,,SIN_EVENTO_SOFASCORE,SIN_EVENTO_SOFASCORE
m_2wlvcQ,,2026-02-15,p_4FAIfZ,Alexis Castro,Estudiantes,Gimnasia LP,VOL,,,,,,,,SIN_EVENTO_SOFASCORE,SIN_EVENTO_SOFASCORE
m_2wlvcQ,,2026-02-15,p_2203UO,Cristian Medina,Estudiantes,Gimnasia LP,VOL,,,,,,,,SIN_EVENTO_SOFASCORE,SIN_EVENTO_SOFASCORE
m_2wlvcQ,,2026-02-15,p_1SE1Bg,Edwuin Cetré,Estudiantes,Gimnasia LP,DEL,,,,,,,,SIN_EVENTO_SOFASCORE,SIN_EVENTO_SOFASCORE
m_2wlvcQ,,2026-02-15,p_2DQVsu,Eric Meza,Estudiantes,Gimnasia LP,DEF,,,,,,,,SIN_EVENTO_SOFASCORE,SIN_EVENTO_SOFASCORE
m_2wlvcQ,,2026-02-15,p_375sV8,Eros Mancuso,Estudiantes,Gimnasia LP,DEF,,,,,,,,SIN_EVENTO_SOFASCORE,SIN_EVENTO_SOFASCORE
m_2wlvcQ,,2026-02-15,p_4drKzY,Ezequiel Piovi,Estudiantes,Gimnasia LP,VOL,,,,,,,,SIN_EVENTO_SOFASCORE,SIN_EVENTO_SOFASCORE
m_2wlvcQ,,2026-02-15,p_0UPCHl,Fabricio Pérez,Estudiantes,Gimnasia LP,VOL,,,,,,,,SIN_EVENTO_SOFASCORE,SIN_EVENTO_SOFASCORE
m_2wlvcQ,,2026-02-15,p_43Wo3u,Fernando Muslera,Estudiantes,Gimnasia LP,ARQ,,,,,,,,SIN_EVENTO_SOFASCORE,SIN_EVENTO_SOFASCORE
m_2wlvcQ,,2026-02-15,p_1E7ljC,Gabriel Neves,Estudiantes,Gimnasia LP,VOL,,,,,,,,SIN_EVENTO_SOFASCORE,SIN_EVENTO_SOFASCORE
m_2wlvcQ,,2026-02-15,p_4LoI3o,Gastón Benedetti,Estudiantes,Gimnasia LP,DEF,,,,,,,,SIN_EVENTO_SOFASCORE,SIN_EVENTO_SOFASCORE
m_2wlvcQ,,2026-02-15,p_3BQAaS,Guido Carrillo,Estudiantes,Gimnasia LP,DEL,,,,,,,,SIN_EVENTO_SOFASCORE,SIN_EVENTO_SOFASCORE
m_2wlvcQ,,2026-02-15,p_10iCWI,Leandro González Pírez,Estudiantes,Gimnasia LP,DEF,,,,,,,,SIN_EVENTO_SOFASCORE,SIN_EVENTO_SOFASCORE
m_2wlvcQ,,2026-02-15,p_0TKEkA,Mikel Amondarain,Estudiantes,Gimnasia LP,VOL,,,,,,,,SIN_EVENTO_SOFASCORE,SIN_EVENTO_SOFASCORE
m_2wlvcQ,,2026-02-15,p_3UfnVk,Tiago Palacios,Estudiantes,Gimnasia LP,VOL,,,,,,,,SIN_EVENTO_SOFASCORE,SIN_EVENTO_SOFASCORE
m_2wlvcQ,,2026-02-15,p_1TPSrY,Tomás Palacios,Estudiantes,Gimnasia LP,DEF,,,,,,,,SIN_EVENTO_SOFASCORE,SIN_EVENTO_SOFASCORE
m_2wlvcQ,,2026-02-15,p_4bCUcN,Agustín Auzmendi,Gimnasia LP,Estudiantes,DEL,,,,,,,,SIN_EVENTO_SOFASCORE,SIN_EVENTO_SOFASCORE
m_2wlvcQ,,2026-02-15,p_1bUOsk,Alexis Steimbach,Gimnasia LP,Estudiantes,DEF,,,,,,,,SIN_EVENTO_SOFASCORE,SIN_EVENTO_SOFASCORE
m_2wlvcQ,,2026-02-15,p_0AsvjF,Augusto Max,Gimnasia LP,Estudiantes,VOL,,,,,,,,SIN_EVENTO_SOFASCORE,SIN_EVENTO_SOFASCORE
m_2wlvcQ,,2026-02-15,p_40ubcR,Enzo Martínez,Gimnasia LP,Estudiantes,DEF,,,,,,,,SIN_EVENTO_SOFASCORE,SIN_EVENTO_SOFASCORE
m_2wlvcQ,,2026-02-15,p_1OBnRG,Franco Torres,Gimnasia LP,Estudiantes,DEL,,,,,,,,SIN_EVENTO_SOFASCORE,SIN_EVENTO_SOFASCORE
m_2wlvcQ,,2026-02-15,p_15wJtA,Ignacio Fernández,Gimnasia LP,Estudiantes,VOL,,,,,,,,SIN_EVENTO_SOFASCORE,SIN_EVENTO_SOFASCORE
m_2wlvcQ,,2026-02-15,p_2PDOYX,Ignacio Miramón,Gimnasia LP,Estudiantes,VOL,,,,,,,,SIN_EVENTO_SOFASCORE,SIN_EVENTO_SOFASCORE
m_2wlvcQ,,2026-02-15,p_1zT5yZ,Juan Cortazzo,Gimnasia LP,Estudiantes,DEF,,,,,,,,SIN_EVENTO_SOFASCORE,SIN_EVENTO_SOFASCORE
m_2wlvcQ,,2026-02-15,p_0VZwYw,Lucas Nahuel Castro,Gimnasia LP,Estudiantes,VOL,,,,,,,,SIN_EVENTO_SOFASCORE,SIN_EVENTO_SOFASCORE
m_2wlvcQ,,2026-02-15,p_2h5dHt,Manuel Panaro,Gimnasia LP,Estudiantes,VOL,,,,,,,,SIN_EVENTO_SOFASCORE,SIN_EVENTO_SOFASCORE
m_2wlvcQ,,2026-02-15,p_042eAN,Marcelo Torres,Gimnasia LP,Estudiantes,DEL,,,,,,,,SIN_EVENTO_SOFASCORE,SIN_EVENTO_SOFASCORE
m_2wlvcQ,,2026-02-15,p_3Dg55W,Maximiliano Zalazar,Gimnasia LP,Estudiantes,DEL,,,,,,,,SIN_EVENTO_SOFASCORE,SIN_EVENTO_SOFASCORE
m_2wlvcQ,,2026-02-15,p_1CvIxl,Nelson Insfrán,Gimnasia LP,Estudiantes,ARQ,,,,,,,,SIN_EVENTO_SOFASCORE,SIN_EVENTO_SOFASCORE
m_2wlvcQ,,2026-02-15,p_0naJM3,Nicolás Barros Schelotto,Gimnasia LP,Estudiantes,VOL,,,,,,,,SIN_EVENTO_SOFASCORE,SIN_EVENTO_SOFASCORE
m_2wlvcQ,,2026-02-15,p_2ZvpgZ,Pedro Silva Torrejón,Gimnasia LP,Estudiantes,DEF,,,,,,,,SIN_EVENTO_SOFASCORE,SIN_EVENTO_SOFASCORE
m_2wlvcQ,,2026-02-15,p_0URNSN,Renzo Giampaoli,Gimnasia LP,Estudiantes,DEF,,,,,,,,SIN_EVENTO_SOFASCORE,SIN_EVENTO_SOFASCORE
m_3C7F2J,,2026-02-16,p_0vreM8,Agustín Quiroga,Central Córdoba de Santiago,Instituto,DEF,,,,,,,,SIN_EVENTO_SOFASCORE,SIN_EVENTO_SOFASCORE
m_3C7F2J,,2026-02-16,p_43Olsv,Alan Aguerre,Central Córdoba de Santiago,Instituto,ARQ,,,,,,,,SIN_EVENTO_SOFASCORE,SIN_EVENTO_SOFASCORE
m_3C7F2J,,2026-02-16,p_1j4h24,Alan Daian Laprida,Central Córdoba de Santiago,Instituto,VOL,,,,,,,,SIN_EVENTO_SOFASCORE,SIN_EVENTO_SOFASCORE
m_3C7F2J,,2026-02-16,p_2StpFV,Alejandro Maciel,Central Córdoba de Santiago,Instituto,DEF,,,,,,,,SIN_EVENTO_SOFASCORE,SIN_EVENTO_SOFASCORE
m_3C7F2J,,2026-02-16,p_4K6xaC,Bautista Gerez,Central Córdoba de Santiago,Instituto,ARQ,,,,,,,,SIN_EVENTO_SOFASCORE,SIN_EVENTO_SOFASCORE
m_3C7F2J,,2026-02-16,p_0ciPTe,Diego Barrera,Central Córdoba de Santiago,Instituto,VOL,,,,,,,,SIN_EVENTO_SOFASCORE,SIN_EVENTO_SOFASCORE
m_3C7F2J,,2026-02-16,p_1KfXQ1,Facundo Mansilla Zahir,Central Córdoba de Santiago,Instituto,DEF,,,,,,,,SIN_EVENTO_SOFASCORE,SIN_EVENTO_SOFASCORE
m_3C7F2J,,2026-02-16,p_444jRY,Horacio Tijanovich,Central Córdoba de Santiago,Instituto,VOL,,,,,,,,SIN_EVENTO_SOFASCORE,SIN_EVENTO_SOFASCORE
m_3C7F2J,,2026-02-16,p_4ax8kI,Joaquín Flores,Central Córdoba de Santiago,Instituto,DEL,,,,,,,,SIN_EVENTO_SOFASCORE,SIN_EVENTO_SOFASCORE
m_3C7F2J,,2026-02-16,p_0veUmD,Lucas González,Central Córdoba de Santiago,Instituto,VOL,,,,,,,,SIN_EVENTO_SOFASCORE,SIN_EVENTO_SOFASCORE
m_3C7F2J,,2026-02-16,p_2nfEM8,Marco Iacobellis,Central Córdoba de Santiago,Instituto,VOL,,,,,,,,SIN_EVENTO_SOFASCORE,SIN_EVENTO_SOFASCORE
m_3C7F2J,,2026-02-16,p_3XD5Nu,Matías Vera,Central Córdoba de Santiago,Instituto,VOL,,,,,,,,SIN_EVENTO_SOFASCORE,SIN_EVENTO_SOFASCORE
m_3C7F2J,,2026-02-16,p_3FGnhe,Michael Santos,Central Córdoba de Santiago,Instituto,DEL,,,,,,,,SIN_EVENTO_SOFASCORE,SIN_EVENTO_SOFASCORE
m_3C7F2J,,2026-02-16,p_3cMYiv,Santiago Moyano,Central Córdoba de Santiago,Instituto,DEF,,,,,,,,SIN_EVENTO_SOFASCORE,SIN_EVENTO_SOFASCORE
m_3C7F2J,,2026-02-16,p_0VScM6,Tiago Cravero,Central Córdoba de Santiago,Instituto,VOL,,,,,,,,SIN_EVENTO_SOFASCORE,SIN_EVENTO_SOFASCORE
m_3C7F2J,,2026-02-16,p_4Pokti,Yuri Casermeiro,Central Córdoba de Santiago,Instituto,DEF,,,,,,,,SIN_EVENTO_SOFASCORE,SIN_EVENTO_SOFASCORE
m_3C7F2J,,2026-02-16,p_0t17ZI,Alex Luna,Instituto,Central Córdoba de Santiago,DEL,,,,,,,,SIN_EVENTO_SOFASCORE,SIN_EVENTO_SOFASCORE
m_3C7F2J,,2026-02-16,p_39c8jY,Diego Sosa,Instituto,Central Córdoba de Santiago,DEF,,,,,,,,SIN_EVENTO_SOFASCORE,SIN_EVENTO_SOFASCORE
m_3C7F2J,,2026-02-16,p_1qCu0J,Fernando Alarcón,Instituto,Central Córdoba de Santiago,DEF,,,,,,,,SIN_EVENTO_SOFASCORE,SIN_EVENTO_SOFASCORE
m_3C7F2J,,2026-02-16,p_0afatN,Gastón Lodico,Instituto,Central Córdoba de Santiago,VOL,,,,,,,,SIN_EVENTO_SOFASCORE,SIN_EVENTO_SOFASCORE
m_3C7F2J,,2026-02-16,p_3I0XnJ,Giuliano Cerato,Instituto,Central Córdoba de Santiago,VOL,,,,,,,,SIN_EVENTO_SOFASCORE,SIN_EVENTO_SOFASCORE
m_3C7F2J,,2026-02-16,p_287xJj,Gustavo Abregú,Instituto,Central Córdoba de Santiago,VOL,,,,,,,,SIN_EVENTO_SOFASCORE,SIN_EVENTO_SOFASCORE
m_3C7F2J,,2026-02-16,p_2YgDN7,Hernán de la Fuente,Instituto,Central Córdoba de Santiago,DEF,,,,,,,,SIN_EVENTO_SOFASCORE,SIN_EVENTO_SOFASCORE
m_3C7F2J,,2026-02-16,p_4T6aUk,Ignacio Méndez,Instituto,Central Córdoba de Santiago,VOL,,,,,,,,SIN_EVENTO_SOFASCORE,SIN_EVENTO_SOFASCORE
m_3C7F2J,,2026-02-16,p_2AQDyY,Jhon Córdoba,Instituto,Central Córdoba de Santiago,VOL,,,,,,,,SIN_EVENTO_SOFASCORE,SIN_EVENTO_SOFASCORE
m_3C7F2J,,2026-02-16,p_1xKto7,Jonathan Galván,Instituto,Central Córdoba de Santiago,DEF,,,,,,,,SIN_EVENTO_SOFASCORE,SIN_EVENTO_SOFASCORE
m_3C7F2J,,2026-02-16,p_1JEoJq,Jonás Acevedo,Instituto,Central Córdoba de Santiago,VOL,,,,,,,,SIN_EVENTO_SOFASCORE,SIN_EVENTO_SOFASCORE
m_3C7F2J,,2026-02-16,p_3x6Yqh,Leonel Mosevich,Instituto,Central Córdoba de Santiago,DEF,,,,,,,,SIN_EVENTO_SOFASCORE,SIN_EVENTO_SOFASCORE
m_3C7F2J,,2026-02-16,p_0BJh0v,Luca Rafaelli,Instituto,Central Córdoba de Santiago,VOL,,,,,,,,SIN_EVENTO_SOFASCORE,SIN_EVENTO_SOFASCORE
m_3C7F2J,,2026-02-16,p_4UkieF,Manuel Roffo,Instituto,Central Córdoba de Santiago,ARQ,,,,,,,,SIN_EVENTO_SOFASCORE,SIN_EVENTO_SOFASCORE
m_3C7F2J,,2026-02-16,p_3PzK4u,Matías Fonseca,Instituto,Central Córdoba de Santiago,DEL,,,,,,,,SIN_EVENTO_SOFASCORE,SIN_EVENTO_SOFASCORE
m_3C7F2J,,2026-02-16,p_0Gnu2O,Nicolás Guerra,Instituto,Central Córdoba de Santiago,DEL,,,,,,,,SIN_EVENTO_SOFASCORE,SIN_EVENTO_SOFASCORE
m_16ojkM,,2026-02-20,p_4Mszzs,Adrián Spörle,Belgrano,Defensa y Justicia,DEF,,,,,,,,SIN_EVENTO_SOFASCORE,SIN_EVENTO_SOFASCORE
m_16ojkM,,2026-02-20,p_43D8up,Adrián Sánchez,Belgrano,Defensa y Justicia,VOL,,,,,,,,SIN_EVENTO_SOFASCORE,SIN_EVENTO_SOFASCORE
m_16ojkM,,2026-02-20,p_1EMq3A,Alcides Benítez,Belgrano,Defensa y Justicia,DEF,,,,,,,,SIN_EVENTO_SOFASCORE,SIN_EVENTO_SOFASCORE
m_16ojkM,,2026-02-20,p_28SEJq,Alexis Maldonado,Belgrano,Defensa y Justicia,DEF,,,,,,,,SIN_EVENTO_SOFASCORE,SIN_EVENTO_SOFASCORE
m_16ojkM,,2026-02-20,p_49U5oJ,Emiliano Ariel Rigoni,Belgrano,Defensa y Justicia,VOL,,,,,,,,SIN_EVENTO_SOFASCORE,SIN_EVENTO_SOFASCORE
m_16ojkM,,2026-02-20,p_3Boqdn,Francisco González Metilli,Belgrano,Defensa y Justicia,VOL,,,,,,,,SIN_EVENTO_SOFASCORE,SIN_EVENTO_SOFASCORE
m_16ojkM,,2026-02-20,p_4g8d1N,Franco Vázquez,Belgrano,Defensa y Justicia,VOL,,,,,,,,SIN_EVENTO_SOFASCORE,SIN_EVENTO_SOFASCORE
m_16ojkM,,2026-02-20,p_3u6zLG,Leonardo Morales,Belgrano,Defensa y Justicia,DEF,,,,,,,,SIN_EVENTO_SOFASCORE,SIN_EVENTO_SOFASCORE
m_16ojkM,,2026-02-20,p_1x6fIA,Lisandro López,Belgrano,Defensa y Justicia,DEF,,,,,,,,SIN_EVENTO_SOFASCORE,SIN_EVENTO_SOFASCORE
m_16ojkM,,2026-02-20,p_3v2tAE,Lucas Zelarayán,Belgrano,Defensa y Justicia,VOL,,,,,,,,SIN_EVENTO_SOFASCORE,SIN_EVENTO_SOFASCORE
m_16ojkM,,2026-02-20,p_2PNnZ9,Santiago Longo,Belgrano,Defensa y Justicia,VOL,,,,,,,,SIN_EVENTO_SOFASCORE,SIN_EVENTO_SOFASCORE
m_16ojkM,,2026-02-20,p_0ujJJG,Thiago Cardozo,Belgrano,Defensa y Justicia,ARQ,,,,,,,,SIN_EVENTO_SOFASCORE,SIN_EVENTO_SOFASCORE
m_16ojkM,,2026-02-20,p_36GYxJ,Álvaro Ocampo,Belgrano,Defensa y Justicia,DEF,,,,,,,,SIN_EVENTO_SOFASCORE,SIN_EVENTO_SOFASCORE
m_2kYA49,,2026-02-20,p_4FAIfZ,Alexis Castro,Estudiantes,Sarmiento,VOL,,,,,,,,SIN_EVENTO_SOFASCORE,SIN_EVENTO_SOFASCORE
m_2kYA49,,2026-02-20,p_3NKnXO,Brian Aguirre,Estudiantes,Sarmiento,VOL,,,,,,,,SIN_EVENTO_SOFASCORE,SIN_EVENTO_SOFASCORE
m_2kYA49,,2026-02-20,p_2DQVsu,Eric Meza,Estudiantes,Sarmiento,DEF,,,,,,,,SIN_EVENTO_SOFASCORE,SIN_EVENTO_SOFASCORE
m_2kYA49,,2026-02-20,p_375sV8,Eros Mancuso,Estudiantes,Sarmiento,DEF,,,,,,,,SIN_EVENTO_SOFASCORE,SIN_EVENTO_SOFASCORE
m_2kYA49,,2026-02-20,p_4drKzY,Ezequiel Piovi,Estudiantes,Sarmiento,VOL,,,,,,,,SIN_EVENTO_SOFASCORE,SIN_EVENTO_SOFASCORE
m_2kYA49,,2026-02-20,p_0UPCHl,Fabricio Pérez,Estudiantes,Sarmiento,VOL,,,,,,,,SIN_EVENTO_SOFASCORE,SIN_EVENTO_SOFASCORE
m_2kYA49,,2026-02-20,p_43Wo3u,Fernando Muslera,Estudiantes,Sarmiento,ARQ,,,,,,,,SIN_EVENTO_SOFASCORE,SIN_EVENTO_SOFASCORE
m_2kYA49,,2026-02-20,p_4LoI3o,Gastón Benedetti,Estudiantes,Sarmiento,DEF,,,,,,,,SIN_EVENTO_SOFASCORE,SIN_EVENTO_SOFASCORE
m_2kYA49,,2026-02-20,p_3j26Fw,José Sosa,Estudiantes,Sarmiento,VOL,,,,,,,,SIN_EVENTO_SOFASCORE,SIN_EVENTO_SOFASCORE
m_2kYA49,,2026-02-20,p_10iCWI,Leandro González Pírez,Estudiantes,Sarmiento,DEF,,,,,,,,SIN_EVENTO_SOFASCORE,SIN_EVENTO_SOFASCORE
m_2kYA49,,2026-02-20,p_0TKEkA,Mikel Amondarain,Estudiantes,Sarmiento,VOL,,,,,,,,SIN_EVENTO_SOFASCORE,SIN_EVENTO_SOFASCORE
m_2kYA49,,2026-02-20,p_3UfnVk,Tiago Palacios,Estudiantes,Sarmiento,VOL,,,,,,,,SIN_EVENTO_SOFASCORE,SIN_EVENTO_SOFASCORE
m_2kYA49,,2026-02-20,p_1TPSrY,Tomás Palacios,Estudiantes,Sarmiento,DEF,,,,,,,,SIN_EVENTO_SOFASCORE,SIN_EVENTO_SOFASCORE
m_2MNUQn,,2026-02-20,p_39c8jY,Diego Sosa,Instituto,Atlético Tucumán,DEF,,,,,,,,SIN_EVENTO_SOFASCORE,SIN_EVENTO_SOFASCORE
m_2MNUQn,,2026-02-20,p_1qCu0J,Fernando Alarcón,Instituto,Atlético Tucumán,DEF,,,,,,,,SIN_EVENTO_SOFASCORE,SIN_EVENTO_SOFASCORE
m_2MNUQn,,2026-02-20,p_0afatN,Gastón Lodico,Instituto,Atlético Tucumán,VOL,,,,,,,,SIN_EVENTO_SOFASCORE,SIN_EVENTO_SOFASCORE
m_2MNUQn,,2026-02-20,p_3I0XnJ,Giuliano Cerato,Instituto,Atlético Tucumán,VOL,,,,,,,,SIN_EVENTO_SOFASCORE,SIN_EVENTO_SOFASCORE
m_2MNUQn,,2026-02-20,p_287xJj,Gustavo Abregú,Instituto,Atlético Tucumán,VOL,,,,,,,,SIN_EVENTO_SOFASCORE,SIN_EVENTO_SOFASCORE
m_2MNUQn,,2026-02-20,p_4T6aUk,Ignacio Méndez,Instituto,Atlético Tucumán,VOL,,,,,,,,SIN_EVENTO_SOFASCORE,SIN_EVENTO_SOFASCORE
m_2MNUQn,,2026-02-20,p_28dMyW,Jeremías Lázaro,Instituto,Atlético Tucumán,VOL,,,,,,,,SIN_EVENTO_SOFASCORE,SIN_EVENTO_SOFASCORE
m_2MNUQn,,2026-02-20,p_2AQDyY,Jhon Córdoba,Instituto,Atlético Tucumán,VOL,,,,,,,,SIN_EVENTO_SOFASCORE,SIN_EVENTO_SOFASCORE
m_2MNUQn,,2026-02-20,p_1xKto7,Jonathan Galván,Instituto,Atlético Tucumán,DEF,,,,,,,,SIN_EVENTO_SOFASCORE,SIN_EVENTO_SOFASCORE
m_2MNUQn,,2026-02-20,p_3x6Yqh,Leonel Mosevich,Instituto,Atlético Tucumán,DEF,,,,,,,,SIN_EVENTO_SOFASCORE,SIN_EVENTO_SOFASCORE
m_2MNUQn,,2026-02-20,p_0BJh0v,Luca Rafaelli,Instituto,Atlético Tucumán,VOL,,,,,,,,SIN_EVENTO_SOFASCORE,SIN_EVENTO_SOFASCORE
m_2MNUQn,,2026-02-20,p_4UkieF,Manuel Roffo,Instituto,Atlético Tucumán,ARQ,,,,,,,,SIN_EVENTO_SOFASCORE,SIN_EVENTO_SOFASCORE
m_2MNUQn,,2026-02-20,p_0s5hPU,Matías Gallardo,Instituto,Atlético Tucumán,VOL,,,,,,,,SIN_EVENTO_SOFASCORE,SIN_EVENTO_SOFASCORE
m_3TfM13,,2026-02-21,p_4bCUcN,Agustín Auzmendi,Gimnasia LP,Gimnasia Mendoza,DEL,,,,,,,,SIN_EVENTO_SOFASCORE,SIN_EVENTO_SOFASCORE
m_3TfM13,,2026-02-21,p_1bUOsk,Alexis Steimbach,Gimnasia LP,Gimnasia Mendoza,DEF,,,,,,,,SIN_EVENTO_SOFASCORE,SIN_EVENTO_SOFASCORE
m_3TfM13,,2026-02-21,p_0AsvjF,Augusto Max,Gimnasia LP,Gimnasia Mendoza,VOL,,,,,,,,SIN_EVENTO_SOFASCORE,SIN_EVENTO_SOFASCORE
m_3TfM13,,2026-02-21,p_3Na8Ca,Diego Mastrangelo,Gimnasia LP,Gimnasia Mendoza,DEF,,,,,,,,SIN_EVENTO_SOFASCORE,SIN_EVENTO_SOFASCORE
m_3TfM13,,2026-02-21,p_40ubcR,Enzo Martínez,Gimnasia LP,Gimnasia Mendoza,DEF,,,,,,,,SIN_EVENTO_SOFASCORE,SIN_EVENTO_SOFASCORE
m_3TfM13,,2026-02-21,p_1OBnRG,Franco Torres,Gimnasia LP,Gimnasia Mendoza,DEL,,,,,,,,SIN_EVENTO_SOFASCORE,SIN_EVENTO_SOFASCORE
m_3TfM13,,2026-02-21,p_15wJtA,Ignacio Fernández,Gimnasia LP,Gimnasia Mendoza,VOL,,,,,,,,SIN_EVENTO_SOFASCORE,SIN_EVENTO_SOFASCORE
m_3TfM13,,2026-02-21,p_2PDOYX,Ignacio Miramón,Gimnasia LP,Gimnasia Mendoza,VOL,,,,,,,,SIN_EVENTO_SOFASCORE,SIN_EVENTO_SOFASCORE
m_3TfM13,,2026-02-21,p_1zT5yZ,Juan Cortazzo,Gimnasia LP,Gimnasia Mendoza,DEF,,,,,,,,SIN_EVENTO_SOFASCORE,SIN_EVENTO_SOFASCORE
m_3TfM13,,2026-02-21,p_0VZwYw,Lucas Nahuel Castro,Gimnasia LP,Gimnasia Mendoza,VOL,,,,,,,,SIN_EVENTO_SOFASCORE,SIN_EVENTO_SOFASCORE
m_3TfM13,,2026-02-21,p_2h5dHt,Manuel Panaro,Gimnasia LP,Gimnasia Mendoza,VOL,,,,,,,,SIN_EVENTO_SOFASCORE,SIN_EVENTO_SOFASCORE
m_3TfM13,,2026-02-21,p_042eAN,Marcelo Torres,Gimnasia LP,Gimnasia Mendoza,DEL,,,,,,,,SIN_EVENTO_SOFASCORE,SIN_EVENTO_SOFASCORE
m_3TfM13,,2026-02-21,p_1CvIxl,Nelson Insfrán,Gimnasia LP,Gimnasia Mendoza,ARQ,,,,,,,,SIN_EVENTO_SOFASCORE,SIN_EVENTO_SOFASCORE
m_3TfM13,,2026-02-21,p_0naJM3,Nicolás Barros Schelotto,Gimnasia LP,Gimnasia Mendoza,VOL,,,,,,,,SIN_EVENTO_SOFASCORE,SIN_EVENTO_SOFASCORE
m_3TfM13,,2026-02-21,p_2ZvpgZ,Pedro Silva Torrejón,Gimnasia LP,Gimnasia Mendoza,DEF,,,,,,,,SIN_EVENTO_SOFASCORE,SIN_EVENTO_SOFASCORE
m_3TfM13,,2026-02-21,p_0URNSN,Renzo Giampaoli,Gimnasia LP,Gimnasia Mendoza,DEF,,,,,,,,SIN_EVENTO_SOFASCORE,SIN_EVENTO_SOFASCORE
m_3TfM13,,2026-02-21,p_1mCr0i,Agustín Módica,Gimnasia Mendoza,Gimnasia LP,DEL,,,,,,,,SIN_EVENTO_SOFASCORE,SIN_EVENTO_SOFASCORE
m_3TfM13,,2026-02-21,p_3foBen,César Rigamonti,Gimnasia Mendoza,Gimnasia LP,ARQ,,,,,,,,SIN_EVENTO_SOFASCORE,SIN_EVENTO_SOFASCORE
m_3TfM13,,2026-02-21,p_4LMFQ0,Diego Mondino,Gimnasia Mendoza,Gimnasia LP,DEF,,,,,,,,SIN_EVENTO_SOFASCORE,SIN_EVENTO_SOFASCORE
m_3TfM13,,2026-02-21,p_1Iyu97,Esteban Fernández,Gimnasia Mendoza,Gimnasia LP,VOL,,,,,,,,SIN_EVENTO_SOFASCORE,SIN_EVENTO_SOFASCORE
m_3TfM13,,2026-02-21,p_2ykUpy,Facundo Lencioni,Gimnasia Mendoza,Gimnasia LP,VOL,,,,,,,,SIN_EVENTO_SOFASCORE,SIN_EVENTO_SOFASCORE
m_3TfM13,,2026-02-21,p_1iogLn,Fermín Antonini,Gimnasia Mendoza,Gimnasia LP,VOL,,,,,,,,SIN_EVENTO_SOFASCORE,SIN_EVENTO_SOFASCORE
m_3TfM13,,2026-02-21,p_38u8in,Franco Saavedra,Gimnasia Mendoza,Gimnasia LP,DEF,,,,,,,,SIN_EVENTO_SOFASCORE,SIN_EVENTO_SOFASCORE
m_3TfM13,,2026-02-21,p_0WiaUz,Imanol Gonzalez,Gimnasia Mendoza,Gimnasia LP,DEF,,,,,,,,SIN_EVENTO_SOFASCORE,SIN_EVENTO_SOFASCORE
m_3TfM13,,2026-02-21,p_40BXYc,Julián Ceballos,Gimnasia Mendoza,Gimnasia LP,VOL,,,,,,,,SIN_EVENTO_SOFASCORE,SIN_EVENTO_SOFASCORE
m_3TfM13,,2026-02-21,p_4HrltX,Luciano Cingolani,Gimnasia Mendoza,Gimnasia LP,DEL,,,,,,,,SIN_EVENTO_SOFASCORE,SIN_EVENTO_SOFASCORE
m_3TfM13,,2026-02-21,p_3oqT7Z,Luciano Paredes,Gimnasia Mendoza,Gimnasia LP,DEF,,,,,,,,SIN_EVENTO_SOFASCORE,SIN_EVENTO_SOFASCORE
m_3TfM13,,2026-02-21,p_2rHsQv,Nahuel Barboza,Gimnasia Mendoza,Gimnasia LP,VOL,,,,,,,,SIN_EVENTO_SOFASCORE,SIN_EVENTO_SOFASCORE
m_3TfM13,,2026-02-21,p_4ckwa7,Nicolás Ferreyra,Gimnasia Mendoza,Gimnasia LP,DEL,,,,,,,,SIN_EVENTO_SOFASCORE,SIN_EVENTO_SOFASCORE
m_3TfM13,,2026-02-21,p_4WHbBz,Santiago Rodríguez,Gimnasia Mendoza,Gimnasia LP,DEL,,,,,,,,SIN_EVENTO_SOFASCORE,SIN_EVENTO_SOFASCORE
m_3TfM13,,2026-02-21,p_0ybyPC,Ulises Sánchez,Gimnasia Mendoza,Gimnasia LP,VOL,,,,,,,,SIN_EVENTO_SOFASCORE,SIN_EVENTO_SOFASCORE
m_3TfM13,,2026-02-21,p_3guJ6P,Valentino Simoni,Gimnasia Mendoza,Gimnasia LP,DEL,,,,,,,,SIN_EVENTO_SOFASCORE,SIN_EVENTO_SOFASCORE
m_49Gg2q,,2026-02-21,p_2ralsZ,Facundo Zabala,Independiente,Independiente Rivadavia,DEF,,,,,,,,SIN_EVENTO_SOFASCORE,SIN_EVENTO_SOFASCORE
m_49Gg2q,,2026-02-21,p_1Cmt8v,Federico Mancuello,Independiente,Independiente Rivadavia,VOL,,,,,,,,SIN_EVENTO_SOFASCORE,SIN_EVENTO_SOFASCORE
m_49Gg2q,,2026-02-21,p_47bCwf,Ignacio Malcorra,Independiente,Independiente Rivadavia,VOL,,,,,,,,SIN_EVENTO_SOFASCORE,SIN_EVENTO_SOFASCORE
m_49Gg2q,,2026-02-21,p_477cm1,Iván Marcone,Independiente,Independiente Rivadavia,VOL,,,,,,,,SIN_EVENTO_SOFASCORE,SIN_EVENTO_SOFASCORE
m_49Gg2q,,2026-02-21,p_3zzhTk,Kevin Lomónaco,Independiente,Independiente Rivadavia,DEF,,,,,,,,SIN_EVENTO_SOFASCORE,SIN_EVENTO_SOFASCORE
m_49Gg2q,,2026-02-21,p_2GcFwZ,Lautaro Millán,Independiente,Independiente Rivadavia,VOL,,,,,,,,SIN_EVENTO_SOFASCORE,SIN_EVENTO_SOFASCORE
m_49Gg2q,,2026-02-21,p_2Y5BPH,Leonardo Godoy,Independiente,Independiente Rivadavia,DEF,,,,,,,,SIN_EVENTO_SOFASCORE,SIN_EVENTO_SOFASCORE
m_49Gg2q,,2026-02-21,p_4eK1TZ,Mateo Pérez Curci,Independiente,Independiente Rivadavia,VOL,,,,,,,,SIN_EVENTO_SOFASCORE,SIN_EVENTO_SOFASCORE
m_49Gg2q,,2026-02-21,p_3KLwFI,Rodrigo Rey,Independiente,Independiente Rivadavia,ARQ,,,,,,,,SIN_EVENTO_SOFASCORE,SIN_EVENTO_SOFASCORE
m_49Gg2q,,2026-02-21,p_4RoV0i,Santiago Arias,Independiente,Independiente Rivadavia,DEF,,,,,,,,SIN_EVENTO_SOFASCORE,SIN_EVENTO_SOFASCORE
m_49Gg2q,,2026-02-21,p_4UoYBc,Sebastián Valdéz,Independiente,Independiente Rivadavia,DEF,,,,,,,,SIN_EVENTO_SOFASCORE,SIN_EVENTO_SOFASCORE
m_49Gg2q,,2026-02-21,p_4Bdvg6,Walter Mazzantti,Independiente,Independiente Rivadavia,DEF,,,,,,,,SIN_EVENTO_SOFASCORE,SIN_EVENTO_SOFASCORE
m_2M8Y8t,,2026-02-21,p_3WvG1h,Alex Vigo,Talleres,Rosario Central,DEF,,,,,,,,SIN_EVENTO_SOFASCORE,SIN_EVENTO_SOFASCORE
m_2M8Y8t,,2026-02-21,p_23S3AO,Augusto Schott,Talleres,Rosario Central,DEF,,,,,,,,SIN_EVENTO_SOFASCORE,SIN_EVENTO_SOFASCORE
m_2M8Y8t,,2026-02-21,p_209otm,Giovanni Baroni,Talleres,Rosario Central,VOL,,,,,,,,SIN_EVENTO_SOFASCORE,SIN_EVENTO_SOFASCORE
m_2M8Y8t,,2026-02-21,p_1u6e88,Guido Herrera,Talleres,Rosario Central,ARQ,,,,,,,,SIN_EVENTO_SOFASCORE,SIN_EVENTO_SOFASCORE
m_2M8Y8t,,2026-02-21,p_3JOBGM,José Luis Palomino,Talleres,Rosario Central,DEF,,,,,,,,SIN_EVENTO_SOFASCORE,SIN_EVENTO_SOFASCORE
m_2M8Y8t,,2026-02-21,p_0tQtiw,Juan Sforza,Talleres,Rosario Central,VOL,,,,,,,,SIN_EVENTO_SOFASCORE,SIN_EVENTO_SOFASCORE
m_2M8Y8t,,2026-02-21,p_2QUHoA,Martín Río,Talleres,Rosario Central,VOL,,,,,,,,SIN_EVENTO_SOFASCORE,SIN_EVENTO_SOFASCORE
m_2M8Y8t,,2026-02-21,p_4D08FT,Mateo Caceres,Talleres,Rosario Central,VOL,,,,,,,,SIN_EVENTO_SOFASCORE,SIN_EVENTO_SOFASCORE
m_2M8Y8t,,2026-02-21,p_43mFql,Matías Catalán,Talleres,Rosario Central,DEF,,,,,,,,SIN_EVENTO_SOFASCORE,SIN_EVENTO_SOFASCORE
m_2M8Y8t,,2026-02-21,p_0zKhoP,Matías Galarza,Talleres,Rosario Central,VOL,,,,,,,,SIN_EVENTO_SOFASCORE,SIN_EVENTO_SOFASCORE
m_2M8Y8t,,2026-02-21,p_0V59vw,Santiago Fernández,Talleres,Rosario Central,DEF,,,,,,,,SIN_EVENTO_SOFASCORE,SIN_EVENTO_SOFASCORE
m_2M8Y8t,,2026-02-21,p_2lzqTc,Ulises Ortegoza,Talleres,Rosario Central,VOL,,,,,,,,SIN_EVENTO_SOFASCORE,SIN_EVENTO_SOFASCORE
m_10l4Ew,,2026-02-22,p_0vreM8,Agustín Quiroga,Central Córdoba de Santiago,Tigre,DEF,,,,,,,,SIN_EVENTO_SOFASCORE,SIN_EVENTO_SOFASCORE
m_10l4Ew,,2026-02-22,p_43Olsv,Alan Aguerre,Central Córdoba de Santiago,Tigre,ARQ,,,,,,,,SIN_EVENTO_SOFASCORE,SIN_EVENTO_SOFASCORE
m_10l4Ew,,2026-02-22,p_1j4h24,Alan Daian Laprida,Central Córdoba de Santiago,Tigre,VOL,,,,,,,,SIN_EVENTO_SOFASCORE,SIN_EVENTO_SOFASCORE
m_10l4Ew,,2026-02-22,p_2StpFV,Alejandro Maciel,Central Córdoba de Santiago,Tigre,DEF,,,,,,,,SIN_EVENTO_SOFASCORE,SIN_EVENTO_SOFASCORE
m_10l4Ew,,2026-02-22,p_1KfXQ1,Facundo Mansilla Zahir,Central Córdoba de Santiago,Tigre,DEF,,,,,,,,SIN_EVENTO_SOFASCORE,SIN_EVENTO_SOFASCORE
m_10l4Ew,,2026-02-22,p_1K6Fr9,Fernando Martínez,Central Córdoba de Santiago,Tigre,DEF,,,,,,,,SIN_EVENTO_SOFASCORE,SIN_EVENTO_SOFASCORE
m_10l4Ew,,2026-02-22,p_444jRY,Horacio Tijanovich,Central Córdoba de Santiago,Tigre,VOL,,,,,,,,SIN_EVENTO_SOFASCORE,SIN_EVENTO_SOFASCORE
m_10l4Ew,,2026-02-22,p_1PTJbZ,Juan Cardozo,Central Córdoba de Santiago,Tigre,VOL,,,,,,,,SIN_EVENTO_SOFASCORE,SIN_EVENTO_SOFASCORE
m_10l4Ew,,2026-02-22,p_1dhUli,Juan Pablo Pignani,Central Córdoba de Santiago,Tigre,DEF,,,,,,,,SIN_EVENTO_SOFASCORE,SIN_EVENTO_SOFASCORE
m_10l4Ew,,2026-02-22,p_0veUmD,Lucas González,Central Córdoba de Santiago,Tigre,VOL,,,,,,,,SIN_EVENTO_SOFASCORE,SIN_EVENTO_SOFASCORE
m_10l4Ew,,2026-02-22,p_2nfEM8,Marco Iacobellis,Central Córdoba de Santiago,Tigre,VOL,,,,,,,,SIN_EVENTO_SOFASCORE,SIN_EVENTO_SOFASCORE
m_10l4Ew,,2026-02-22,p_3XD5Nu,Matías Vera,Central Córdoba de Santiago,Tigre,VOL,,,,,,,,SIN_EVENTO_SOFASCORE,SIN_EVENTO_SOFASCORE
m_10l4Ew,,2026-02-22,p_3cMYiv,Santiago Moyano,Central Córdoba de Santiago,Tigre,DEF,,,,,,,,SIN_EVENTO_SOFASCORE,SIN_EVENTO_SOFASCORE
m_10l4Ew,,2026-02-22,p_4Pokti,Yuri Casermeiro,Central Córdoba de Santiago,Tigre,DEF,,,,,,,,SIN_EVENTO_SOFASCORE,SIN_EVENTO_SOFASCORE
m_4P2osf,,2026-02-23,p_3uAxFO,Augusto Solari,Unión,Aldosivi,VOL,,,,,,,,SIN_EVENTO_SOFASCORE,SIN_EVENTO_SOFASCORE
m_4P2osf,,2026-02-23,p_43YxGe,Brahian Cuello,Unión,Aldosivi,VOL,,,,,,,,SIN_EVENTO_SOFASCORE,SIN_EVENTO_SOFASCORE
m_4P2osf,,2026-02-23,p_2msaJ0,Bruno Pittón,Unión,Aldosivi,DEF,,,,,,,,SIN_EVENTO_SOFASCORE,SIN_EVENTO_SOFASCORE
m_4P2osf,,2026-02-23,p_2zeYkR,Franco Fragapane,Unión,Aldosivi,VOL,,,,,,,,SIN_EVENTO_SOFASCORE,SIN_EVENTO_SOFASCORE
m_4P2osf,,2026-02-23,p_3c6pcI,Juan Pablo Ludueña,Unión,Aldosivi,DEF,,,,,,,,SIN_EVENTO_SOFASCORE,SIN_EVENTO_SOFASCORE
m_4P2osf,,2026-02-23,p_1h4yOi,Julián Palacios,Unión,Aldosivi,VOL,,,,,,,,SIN_EVENTO_SOFASCORE,SIN_EVENTO_SOFASCORE
m_4P2osf,,2026-02-23,p_1A84Jv,Lautaro Vargas,Unión,Aldosivi,DEF,,,,,,,,SIN_EVENTO_SOFASCORE,SIN_EVENTO_SOFASCORE
m_4P2osf,,2026-02-23,p_2jiARu,Maizon Rodríguez,Unión,Aldosivi,DEF,,,,,,,,SIN_EVENTO_SOFASCORE,SIN_EVENTO_SOFASCORE
m_4P2osf,,2026-02-23,p_2vkqTj,Mateo Del Blanco,Unión,Aldosivi,DEF,,,,,,,,SIN_EVENTO_SOFASCORE,SIN_EVENTO_SOFASCORE
m_4P2osf,,2026-02-23,p_0yyPLQ,Matías Mansilla,Unión,Aldosivi,ARQ,,,,,,,,SIN_EVENTO_SOFASCORE,SIN_EVENTO_SOFASCORE
m_4P2osf,,2026-02-23,p_3yJs62,Mauro Pittón,Unión,Aldosivi,VOL,,,,,,,,SIN_EVENTO_SOFASCORE,SIN_EVENTO_SOFASCORE
m_4P2osf,,2026-02-23,p_11jmli,Misael Aguirre,Unión,Aldosivi,VOL,,,,,,,,SIN_EVENTO_SOFASCORE,SIN_EVENTO_SOFASCORE
m_4P2osf,,2026-02-23,p_038W5d,Rafael Profini,Unión,Aldosivi,VOL,,,,,,,,SIN_EVENTO_SOFASCORE,SIN_EVENTO_SOFASCORE
m_42bvJB,,2026-02-24,p_0vreM8,Agustín Quiroga,Central Córdoba de Santiago,Talleres,DEF,,,,,,,,SIN_EVENTO_SOFASCORE,SIN_EVENTO_SOFASCORE
m_42bvJB,,2026-02-24,p_43Olsv,Alan Aguerre,Central Córdoba de Santiago,Talleres,ARQ,,,,,,,,SIN_EVENTO_SOFASCORE,SIN_EVENTO_SOFASCORE
m_42bvJB,,2026-02-24,p_1j4h24,Alan Daian Laprida,Central Córdoba de Santiago,Talleres,VOL,,,,,,,,SIN_EVENTO_SOFASCORE,SIN_EVENTO_SOFASCORE
m_42bvJB,,2026-02-24,p_2StpFV,Alejandro Maciel,Central Córdoba de Santiago,Talleres,DEF,,,,,,,,SIN_EVENTO_SOFASCORE,SIN_EVENTO_SOFASCORE
m_42bvJB,,2026-02-24,p_0ciPTe,Diego Barrera,Central Córdoba de Santiago,Talleres,VOL,,,,,,,,SIN_EVENTO_SOFASCORE,SIN_EVENTO_SOFASCORE
m_42bvJB,,2026-02-24,p_1KfXQ1,Facundo Mansilla Zahir,Central Córdoba de Santiago,Talleres,DEF,,,,,,,,SIN_EVENTO_SOFASCORE,SIN_EVENTO_SOFASCORE
m_42bvJB,,2026-02-24,p_1K6Fr9,Fernando Martínez,Central Córdoba de Santiago,Talleres,DEF,,,,,,,,SIN_EVENTO_SOFASCORE,SIN_EVENTO_SOFASCORE
m_42bvJB,,2026-02-24,p_444jRY,Horacio Tijanovich,Central Córdoba de Santiago,Talleres,VOL,,,,,,,,SIN_EVENTO_SOFASCORE,SIN_EVENTO_SOFASCORE
m_42bvJB,,2026-02-24,p_1PTJbZ,Juan Cardozo,Central Córdoba de Santiago,Talleres,VOL,,,,,,,,SIN_EVENTO_SOFASCORE,SIN_EVENTO_SOFASCORE
m_42bvJB,,2026-02-24,p_1dhUli,Juan Pablo Pignani,Central Córdoba de Santiago,Talleres,DEF,,,,,,,,SIN_EVENTO_SOFASCORE,SIN_EVENTO_SOFASCORE
m_42bvJB,,2026-02-24,p_0veUmD,Lucas González,Central Córdoba de Santiago,Talleres,VOL,,,,,,,,SIN_EVENTO_SOFASCORE,SIN_EVENTO_SOFASCORE
m_42bvJB,,2026-02-24,p_2nfEM8,Marco Iacobellis,Central Córdoba de Santiago,Talleres,VOL,,,,,,,,SIN_EVENTO_SOFASCORE,SIN_EVENTO_SOFASCORE
m_42bvJB,,2026-02-24,p_3XD5Nu,Matías Vera,Central Córdoba de Santiago,Talleres,VOL,,,,,,,,SIN_EVENTO_SOFASCORE,SIN_EVENTO_SOFASCORE
m_42bvJB,,2026-02-24,p_3FGnhe,Michael Santos,Central Córdoba de Santiago,Talleres,DEL,,,,,,,,SIN_EVENTO_SOFASCORE,SIN_EVENTO_SOFASCORE
m_42bvJB,,2026-02-24,p_3cMYiv,Santiago Moyano,Central Córdoba de Santiago,Talleres,DEF,,,,,,,,SIN_EVENTO_SOFASCORE,SIN_EVENTO_SOFASCORE
m_42bvJB,,2026-02-24,p_0VScM6,Tiago Cravero,Central Córdoba de Santiago,Talleres,VOL,,,,,,,,SIN_EVENTO_SOFASCORE,SIN_EVENTO_SOFASCORE
m_2YNGA5,,2026-02-24,p_0Hy7kK,Agustín Bravo,Instituto,San Lorenzo,DEF,,,,,,,,SIN_EVENTO_SOFASCORE,SIN_EVENTO_SOFASCORE
m_2YNGA5,,2026-02-24,p_39c8jY,Diego Sosa,Instituto,San Lorenzo,DEF,,,,,,,,SIN_EVENTO_SOFASCORE,SIN_EVENTO_SOFASCORE
m_2YNGA5,,2026-02-24,p_1qCu0J,Fernando Alarcón,Instituto,San Lorenzo,DEF,,,,,,,,SIN_EVENTO_SOFASCORE,SIN_EVENTO_SOFASCORE
m_2YNGA5,,2026-02-24,p_0afatN,Gastón Lodico,Instituto,San Lorenzo,VOL,,,,,,,,SIN_EVENTO_SOFASCORE,SIN_EVENTO_SOFASCORE
m_2YNGA5,,2026-02-24,p_3I0XnJ,Giuliano Cerato,Instituto,San Lorenzo,VOL,,,,,,,,SIN_EVENTO_SOFASCORE,SIN_EVENTO_SOFASCORE
m_2YNGA5,,2026-02-24,p_4T6aUk,Ignacio Méndez,Instituto,San Lorenzo,VOL,,,,,,,,SIN_EVENTO_SOFASCORE,SIN_EVENTO_SOFASCORE
m_2YNGA5,,2026-02-24,p_2AQDyY,Jhon Córdoba,Instituto,San Lorenzo,VOL,,,,,,,,SIN_EVENTO_SOFASCORE,SIN_EVENTO_SOFASCORE
m_2YNGA5,,2026-02-24,p_1xKto7,Jonathan Galván,Instituto,San Lorenzo,DEF,,,,,,,,SIN_EVENTO_SOFASCORE,SIN_EVENTO_SOFASCORE
m_2YNGA5,,2026-02-24,p_1JEoJq,Jonás Acevedo,Instituto,San Lorenzo,VOL,,,,,,,,SIN_EVENTO_SOFASCORE,SIN_EVENTO_SOFASCORE
m_2YNGA5,,2026-02-24,p_3x6Yqh,Leonel Mosevich,Instituto,San Lorenzo,DEF,,,,,,,,SIN_EVENTO_SOFASCORE,SIN_EVENTO_SOFASCORE
m_2YNGA5,,2026-02-24,p_0BJh0v,Luca Rafaelli,Instituto,San Lorenzo,VOL,,,,,,,,SIN_EVENTO_SOFASCORE,SIN_EVENTO_SOFASCORE
m_2YNGA5,,2026-02-24,p_4UkieF,Manuel Roffo,Instituto,San Lorenzo,ARQ,,,,,,,,SIN_EVENTO_SOFASCORE,SIN_EVENTO_SOFASCORE
m_2YNGA5,,2026-02-24,p_0s5hPU,Matías Gallardo,Instituto,San Lorenzo,VOL,,,,,,,,SIN_EVENTO_SOFASCORE,SIN_EVENTO_SOFASCORE
m_42bvJB,,2026-02-24,p_3WvG1h,Alex Vigo,Talleres,Central Córdoba de Santiago,DEF,,,,,,,,SIN_EVENTO_SOFASCORE,SIN_EVENTO_SOFASCORE
m_42bvJB,,2026-02-24,p_23S3AO,Augusto Schott,Talleres,Central Córdoba de Santiago,DEF,,,,,,,,SIN_EVENTO_SOFASCORE,SIN_EVENTO_SOFASCORE
m_42bvJB,,2026-02-24,p_05SKXO,Emiliano Chiavassa,Talleres,Central Córdoba de Santiago,DEL,,,,,,,,SIN_EVENTO_SOFASCORE,SIN_EVENTO_SOFASCORE
m_42bvJB,,2026-02-24,p_209otm,Giovanni Baroni,Talleres,Central Córdoba de Santiago,VOL,,,,,,,,SIN_EVENTO_SOFASCORE,SIN_EVENTO_SOFASCORE
m_42bvJB,,2026-02-24,p_1u6e88,Guido Herrera,Talleres,Central Córdoba de Santiago,ARQ,,,,,,,,SIN_EVENTO_SOFASCORE,SIN_EVENTO_SOFASCORE
m_42bvJB,,2026-02-24,p_0tQtiw,Juan Sforza,Talleres,Central Córdoba de Santiago,VOL,,,,,,,,SIN_EVENTO_SOFASCORE,SIN_EVENTO_SOFASCORE
m_42bvJB,,2026-02-24,p_2QUHoA,Martín Río,Talleres,Central Córdoba de Santiago,VOL,,,,,,,,SIN_EVENTO_SOFASCORE,SIN_EVENTO_SOFASCORE
m_42bvJB,,2026-02-24,p_4D08FT,Mateo Caceres,Talleres,Central Córdoba de Santiago,VOL,,,,,,,,SIN_EVENTO_SOFASCORE,SIN_EVENTO_SOFASCORE
m_42bvJB,,2026-02-24,p_43mFql,Matías Catalán,Talleres,Central Córdoba de Santiago,DEF,,,,,,,,SIN_EVENTO_SOFASCORE,SIN_EVENTO_SOFASCORE
m_42bvJB,,2026-02-24,p_0zKhoP,Matías Galarza,Talleres,Central Córdoba de Santiago,VOL,,,,,,,,SIN_EVENTO_SOFASCORE,SIN_EVENTO_SOFASCORE
m_42bvJB,,2026-02-24,p_3GiPCr,Rick,Talleres,Central Córdoba de Santiago,DEL,,,,,,,,SIN_EVENTO_SOFASCORE,SIN_EVENTO_SOFASCORE
m_42bvJB,,2026-02-24,p_4bqyr6,Ronaldo Martínez,Talleres,Central Córdoba de Santiago,DEL,,,,,,,,SIN_EVENTO_SOFASCORE,SIN_EVENTO_SOFASCORE
m_42bvJB,,2026-02-24,p_0V59vw,Santiago Fernández,Talleres,Central Córdoba de Santiago,DEF,,,,,,,,SIN_EVENTO_SOFASCORE,SIN_EVENTO_SOFASCORE
m_42bvJB,,2026-02-24,p_4PWmyN,Timoteo Chamorro,Talleres,Central Córdoba de Santiago,DEF,,,,,,,,SIN_EVENTO_SOFASCORE,SIN_EVENTO_SOFASCORE
m_42bvJB,,2026-02-24,p_2lzqTc,Ulises Ortegoza,Talleres,Central Córdoba de Santiago,VOL,,,,,,,,SIN_EVENTO_SOFASCORE,SIN_EVENTO_SOFASCORE
m_42bvJB,,2026-02-24,p_2mFTYm,Valentín Dávila,Talleres,Central Córdoba de Santiago,DEL,,,,,,,,SIN_EVENTO_SOFASCORE,SIN_EVENTO_SOFASCORE
m_4GDLN6,,2026-02-25,p_4Mszzs,Adrián Spörle,Belgrano,Atlético Tucumán,DEF,,,,,,,,SIN_EVENTO_SOFASCORE,SIN_EVENTO_SOFASCORE
m_4GDLN6,,2026-02-25,p_43D8up,Adrián Sánchez,Belgrano,Atlético Tucumán,VOL,,,,,,,,SIN_EVENTO_SOFASCORE,SIN_EVENTO_SOFASCORE
m_4GDLN6,,2026-02-25,p_1EMq3A,Alcides Benítez,Belgrano,Atlético Tucumán,DEF,,,,,,,,SIN_EVENTO_SOFASCORE,SIN_EVENTO_SOFASCORE
m_4GDLN6,,2026-02-25,p_28SEJq,Alexis Maldonado,Belgrano,Atlético Tucumán,DEF,,,,,,,,SIN_EVENTO_SOFASCORE,SIN_EVENTO_SOFASCORE
m_4GDLN6,,2026-02-25,p_49U5oJ,Emiliano Ariel Rigoni,Belgrano,Atlético Tucumán,VOL,,,,,,,,SIN_EVENTO_SOFASCORE,SIN_EVENTO_SOFASCORE
m_4GDLN6,,2026-02-25,p_3Boqdn,Francisco González Metilli,Belgrano,Atlético Tucumán,VOL,,,,,,,,SIN_EVENTO_SOFASCORE,SIN_EVENTO_SOFASCORE
m_4GDLN6,,2026-02-25,p_4g8d1N,Franco Vázquez,Belgrano,Atlético Tucumán,VOL,,,,,,,,SIN_EVENTO_SOFASCORE,SIN_EVENTO_SOFASCORE
m_4GDLN6,,2026-02-25,p_1aur1M,Julián Mavilla,Belgrano,Atlético Tucumán,VOL,,,,,,,,SIN_EVENTO_SOFASCORE,SIN_EVENTO_SOFASCORE
m_4GDLN6,,2026-02-25,p_3u6zLG,Leonardo Morales,Belgrano,Atlético Tucumán,DEF,,,,,,,,SIN_EVENTO_SOFASCORE,SIN_EVENTO_SOFASCORE
m_4GDLN6,,2026-02-25,p_1x6fIA,Lisandro López,Belgrano,Atlético Tucumán,DEF,,,,,,,,SIN_EVENTO_SOFASCORE,SIN_EVENTO_SOFASCORE
m_4GDLN6,,2026-02-25,p_3v2tAE,Lucas Zelarayán,Belgrano,Atlético Tucumán,VOL,,,,,,,,SIN_EVENTO_SOFASCORE,SIN_EVENTO_SOFASCORE
m_4GDLN6,,2026-02-25,p_0FN6nM,Ramiro Hernandes,Belgrano,Atlético Tucumán,VOL,,,,,,,,SIN_EVENTO_SOFASCORE,SIN_EVENTO_SOFASCORE
m_4GDLN6,,2026-02-25,p_0ujJJG,Thiago Cardozo,Belgrano,Atlético Tucumán,ARQ,,,,,,,,SIN_EVENTO_SOFASCORE,SIN_EVENTO_SOFASCORE
m_2byNvS,,2026-02-25,p_3NKnXO,Brian Aguirre,Estudiantes,Newell's Old Boys,VOL,,,,,,,,SIN_EVENTO_SOFASCORE,SIN_EVENTO_SOFASCORE
m_2byNvS,,2026-02-25,p_2DQVsu,Eric Meza,Estudiantes,Newell's Old Boys,DEF,,,,,,,,SIN_EVENTO_SOFASCORE,SIN_EVENTO_SOFASCORE
m_2byNvS,,2026-02-25,p_375sV8,Eros Mancuso,Estudiantes,Newell's Old Boys,DEF,,,,,,,,SIN_EVENTO_SOFASCORE,SIN_EVENTO_SOFASCORE
m_2byNvS,,2026-02-25,p_4drKzY,Ezequiel Piovi,Estudiantes,Newell's Old Boys,VOL,,,,,,,,SIN_EVENTO_SOFASCORE,SIN_EVENTO_SOFASCORE
m_2byNvS,,2026-02-25,p_0UPCHl,Fabricio Pérez,Estudiantes,Newell's Old Boys,VOL,,,,,,,,SIN_EVENTO_SOFASCORE,SIN_EVENTO_SOFASCORE
m_2byNvS,,2026-02-25,p_2z0L2z,Facundo Farías,Estudiantes,Newell's Old Boys,VOL,,,,,,,,SIN_EVENTO_SOFASCORE,SIN_EVENTO_SOFASCORE
m_2byNvS,,2026-02-25,p_43Wo3u,Fernando Muslera,Estudiantes,Newell's Old Boys,ARQ,,,,,,,,SIN_EVENTO_SOFASCORE,SIN_EVENTO_SOFASCORE
m_2byNvS,,2026-02-25,p_4LoI3o,Gastón Benedetti,Estudiantes,Newell's Old Boys,DEF,,,,,,,,SIN_EVENTO_SOFASCORE,SIN_EVENTO_SOFASCORE
m_2byNvS,,2026-02-25,p_10iCWI,Leandro González Pírez,Estudiantes,Newell's Old Boys,DEF,,,,,,,,SIN_EVENTO_SOFASCORE,SIN_EVENTO_SOFASCORE
m_2byNvS,,2026-02-25,p_0TKEkA,Mikel Amondarain,Estudiantes,Newell's Old Boys,VOL,,,,,,,,SIN_EVENTO_SOFASCORE,SIN_EVENTO_SOFASCORE
m_2byNvS,,2026-02-25,p_3UfnVk,Tiago Palacios,Estudiantes,Newell's Old Boys,VOL,,,,,,,,SIN_EVENTO_SOFASCORE,SIN_EVENTO_SOFASCORE
m_2byNvS,,2026-02-25,p_1TPSrY,Tomás Palacios,Estudiantes,Newell's Old Boys,DEF,,,,,,,,SIN_EVENTO_SOFASCORE,SIN_EVENTO_SOFASCORE
m_1j8XKc,,2026-02-25,p_1bUOsk,Alexis Steimbach,Gimnasia LP,Rosario Central,DEF,,,,,,,,SIN_EVENTO_SOFASCORE,SIN_EVENTO_SOFASCORE
m_1j8XKc,,2026-02-25,p_0AsvjF,Augusto Max,Gimnasia LP,Rosario Central,VOL,,,,,,,,SIN_EVENTO_SOFASCORE,SIN_EVENTO_SOFASCORE
m_1j8XKc,,2026-02-25,p_40ubcR,Enzo Martínez,Gimnasia LP,Rosario Central,DEF,,,,,,,,SIN_EVENTO_SOFASCORE,SIN_EVENTO_SOFASCORE
m_1j8XKc,,2026-02-25,p_15wJtA,Ignacio Fernández,Gimnasia LP,Rosario Central,VOL,,,,,,,,SIN_EVENTO_SOFASCORE,SIN_EVENTO_SOFASCORE
m_1j8XKc,,2026-02-25,p_2PDOYX,Ignacio Miramón,Gimnasia LP,Rosario Central,VOL,,,,,,,,SIN_EVENTO_SOFASCORE,SIN_EVENTO_SOFASCORE
m_1j8XKc,,2026-02-25,p_0VZwYw,Lucas Nahuel Castro,Gimnasia LP,Rosario Central,VOL,,,,,,,,SIN_EVENTO_SOFASCORE,SIN_EVENTO_SOFASCORE
m_1j8XKc,,2026-02-25,p_2h5dHt,Manuel Panaro,Gimnasia LP,Rosario Central,VOL,,,,,,,,SIN_EVENTO_SOFASCORE,SIN_EVENTO_SOFASCORE
m_1j8XKc,,2026-02-25,p_1CvIxl,Nelson Insfrán,Gimnasia LP,Rosario Central,ARQ,,,,,,,,SIN_EVENTO_SOFASCORE,SIN_EVENTO_SOFASCORE
m_1j8XKc,,2026-02-25,p_0naJM3,Nicolás Barros Schelotto,Gimnasia LP,Rosario Central,VOL,,,,,,,,SIN_EVENTO_SOFASCORE,SIN_EVENTO_SOFASCORE
m_1j8XKc,,2026-02-25,p_2ZvpgZ,Pedro Silva Torrejón,Gimnasia LP,Rosario Central,DEF,,,,,,,,SIN_EVENTO_SOFASCORE,SIN_EVENTO_SOFASCORE
m_1j8XKc,,2026-02-25,p_0URNSN,Renzo Giampaoli,Gimnasia LP,Rosario Central,DEF,,,,,,,,SIN_EVENTO_SOFASCORE,SIN_EVENTO_SOFASCORE
m_4Hyhnt,,2026-02-25,p_0EQwZX,Blas Armoa,Gimnasia Mendoza,Independiente,DEL,,,,,,,,SIN_EVENTO_SOFASCORE,SIN_EVENTO_SOFASCORE
m_4Hyhnt,,2026-02-25,p_2UZfm9,Ezequiel Muñoz,Gimnasia Mendoza,Independiente,DEF,,,,,,,,SIN_EVENTO_SOFASCORE,SIN_EVENTO_SOFASCORE
m_4Hyhnt,,2026-02-25,p_2ykUpy,Facundo Lencioni,Gimnasia Mendoza,Independiente,VOL,,,,,,,,SIN_EVENTO_SOFASCORE,SIN_EVENTO_SOFASCORE
m_4Hyhnt,,2026-02-25,p_1iogLn,Fermín Antonini,Gimnasia Mendoza,Independiente,VOL,,,,,,,,SIN_EVENTO_SOFASCORE,SIN_EVENTO_SOFASCORE
m_4Hyhnt,,2026-02-25,p_38u8in,Franco Saavedra,Gimnasia Mendoza,Independiente,DEF,,,,,,,,SIN_EVENTO_SOFASCORE,SIN_EVENTO_SOFASCORE
m_4Hyhnt,,2026-02-25,p_0WiaUz,Imanol Gonzalez,Gimnasia Mendoza,Independiente,DEF,,,,,,,,SIN_EVENTO_SOFASCORE,SIN_EVENTO_SOFASCORE
m_4Hyhnt,,2026-02-25,p_1iFHLw,Lautaro Petruchi,Gimnasia Mendoza,Independiente,ARQ,,,,,,,,SIN_EVENTO_SOFASCORE,SIN_EVENTO_SOFASCORE
m_4Hyhnt,,2026-02-25,p_4HrltX,Luciano Cingolani,Gimnasia Mendoza,Independiente,DEL,,,,,,,,SIN_EVENTO_SOFASCORE,SIN_EVENTO_SOFASCORE
m_4Hyhnt,,2026-02-25,p_3oqT7Z,Luciano Paredes,Gimnasia Mendoza,Independiente,DEF,,,,,,,,SIN_EVENTO_SOFASCORE,SIN_EVENTO_SOFASCORE
m_4Hyhnt,,2026-02-25,p_1oAIvS,Matías Recalde,Gimnasia Mendoza,Independiente,DEF,,,,,,,,SIN_EVENTO_SOFASCORE,SIN_EVENTO_SOFASCORE
m_4Hyhnt,,2026-02-25,p_16FDGx,Nicolas Linares,Gimnasia Mendoza,Independiente,VOL,,,,,,,,SIN_EVENTO_SOFASCORE,SIN_EVENTO_SOFASCORE
m_4Hyhnt,,2026-02-25,p_4ckwa7,Nicolás Ferreyra,Gimnasia Mendoza,Independiente,DEL,,,,,,,,SIN_EVENTO_SOFASCORE,SIN_EVENTO_SOFASCORE
m_4Hyhnt,,2026-02-25,p_4WHbBz,Santiago Rodríguez,Gimnasia Mendoza,Independiente,DEL,,,,,,,,SIN_EVENTO_SOFASCORE,SIN_EVENTO_SOFASCORE
m_4Hyhnt,,2026-02-25,p_0VB0PT,Tomás Ortiz,Gimnasia Mendoza,Independiente,VOL,,,,,,,,SIN_EVENTO_SOFASCORE,SIN_EVENTO_SOFASCORE
m_4Hyhnt,,2026-02-25,p_0ybyPC,Ulises Sánchez,Gimnasia Mendoza,Independiente,VOL,,,,,,,,SIN_EVENTO_SOFASCORE,SIN_EVENTO_SOFASCORE
m_4Hyhnt,,2026-02-25,p_3guJ6P,Valentino Simoni,Gimnasia Mendoza,Independiente,DEL,,,,,,,,SIN_EVENTO_SOFASCORE,SIN_EVENTO_SOFASCORE
m_4Hyhnt,,2026-02-25,p_2ralsZ,Facundo Zabala,Independiente,Gimnasia Mendoza,DEF,,,,,,,,SIN_EVENTO_SOFASCORE,SIN_EVENTO_SOFASCORE
m_4Hyhnt,,2026-02-25,p_44fmOo,Gabriel Ávalos,Independiente,Gimnasia Mendoza,DEL,,,,,,,,SIN_EVENTO_SOFASCORE,SIN_EVENTO_SOFASCORE
m_4Hyhnt,,2026-02-25,p_47bCwf,Ignacio Malcorra,Independiente,Gimnasia Mendoza,VOL,,,,,,,,SIN_EVENTO_SOFASCORE,SIN_EVENTO_SOFASCORE
m_4Hyhnt,,2026-02-25,p_4F21o7,Ignacio Pussetto,Independiente,Gimnasia Mendoza,DEL,,,,,,,,SIN_EVENTO_SOFASCORE,SIN_EVENTO_SOFASCORE
m_4Hyhnt,,2026-02-25,p_477cm1,Iván Marcone,Independiente,Gimnasia Mendoza,VOL,,,,,,,,SIN_EVENTO_SOFASCORE,SIN_EVENTO_SOFASCORE
m_4Hyhnt,,2026-02-25,p_1HqLta,Juan Fedorco,Independiente,Gimnasia Mendoza,DEF,,,,,,,,SIN_EVENTO_SOFASCORE,SIN_EVENTO_SOFASCORE
m_4Hyhnt,,2026-02-25,p_3zzhTk,Kevin Lomónaco,Independiente,Gimnasia Mendoza,DEF,,,,,,,,SIN_EVENTO_SOFASCORE,SIN_EVENTO_SOFASCORE
m_4Hyhnt,,2026-02-25,p_2GcFwZ,Lautaro Millán,Independiente,Gimnasia Mendoza,VOL,,,,,,,,SIN_EVENTO_SOFASCORE,SIN_EVENTO_SOFASCORE
m_4Hyhnt,,2026-02-25,p_2l6eDm,Matías Abaldo,Independiente,Gimnasia Mendoza,DEL,,,,,,,,SIN_EVENTO_SOFASCORE,SIN_EVENTO_SOFASCORE
m_4Hyhnt,,2026-02-25,p_3neIIb,Maximiliano Gutiérrez,Independiente,Gimnasia Mendoza,DEL,,,,,,,,SIN_EVENTO_SOFASCORE,SIN_EVENTO_SOFASCORE
m_4Hyhnt,,2026-02-25,p_41uo5Q,Milton Valenzuela,Independiente,Gimnasia Mendoza,DEF,,,,,,,,SIN_EVENTO_SOFASCORE,SIN_EVENTO_SOFASCORE
m_4Hyhnt,,2026-02-25,p_4L0APC,Rodrigo Fernández,Independiente,Gimnasia Mendoza,VOL,,,,,,,,SIN_EVENTO_SOFASCORE,SIN_EVENTO_SOFASCORE
m_4Hyhnt,,2026-02-25,p_3KLwFI,Rodrigo Rey,Independiente,Gimnasia Mendoza,ARQ,,,,,,,,SIN_EVENTO_SOFASCORE,SIN_EVENTO_SOFASCORE
m_4Hyhnt,,2026-02-25,p_4RoV0i,Santiago Arias,Independiente,Gimnasia Mendoza,DEF,,,,,,,,SIN_EVENTO_SOFASCORE,SIN_EVENTO_SOFASCORE
m_4Hyhnt,,2026-02-25,p_4UoYBc,Sebastián Valdéz,Independiente,Gimnasia Mendoza,DEF,,,,,,,,SIN_EVENTO_SOFASCORE,SIN_EVENTO_SOFASCORE
m_4Hyhnt,,2026-02-25,p_4Bdvg6,Walter Mazzantti,Independiente,Gimnasia Mendoza,DEF,,,,,,,,SIN_EVENTO_SOFASCORE,SIN_EVENTO_SOFASCORE
m_0cS0mC,,2026-02-26,p_3uAxFO,Augusto Solari,Unión,Sarmiento,VOL,,,,,,,,SIN_EVENTO_SOFASCORE,SIN_EVENTO_SOFASCORE
m_0cS0mC,,2026-02-26,p_43YxGe,Brahian Cuello,Unión,Sarmiento,VOL,,,,,,,,SIN_EVENTO_SOFASCORE,SIN_EVENTO_SOFASCORE
m_0cS0mC,,2026-02-26,p_2msaJ0,Bruno Pittón,Unión,Sarmiento,DEF,,,,,,,,SIN_EVENTO_SOFASCORE,SIN_EVENTO_SOFASCORE
m_0cS0mC,,2026-02-26,p_0CHQCV,Emilio Giaccone,Unión,Sarmiento,VOL,,,,,,,,SIN_EVENTO_SOFASCORE,SIN_EVENTO_SOFASCORE
m_0cS0mC,,2026-02-26,p_3c6pcI,Juan Pablo Ludueña,Unión,Sarmiento,DEF,,,,,,,,SIN_EVENTO_SOFASCORE,SIN_EVENTO_SOFASCORE
m_0cS0mC,,2026-02-26,p_1h4yOi,Julián Palacios,Unión,Sarmiento,VOL,,,,,,,,SIN_EVENTO_SOFASCORE,SIN_EVENTO_SOFASCORE
m_0cS0mC,,2026-02-26,p_1A84Jv,Lautaro Vargas,Unión,Sarmiento,DEF,,,,,,,,SIN_EVENTO_SOFASCORE,SIN_EVENTO_SOFASCORE
m_0cS0mC,,2026-02-26,p_2jiARu,Maizon Rodríguez,Unión,Sarmiento,DEF,,,,,,,,SIN_EVENTO_SOFASCORE,SIN_EVENTO_SOFASCORE
m_0cS0mC,,2026-02-26,p_2vkqTj,Mateo Del Blanco,Unión,Sarmiento,DEF,,,,,,,,SIN_EVENTO_SOFASCORE,SIN_EVENTO_SOFASCORE
m_0cS0mC,,2026-02-26,p_0yyPLQ,Matías Mansilla,Unión,Sarmiento,ARQ,,,,,,,,SIN_EVENTO_SOFASCORE,SIN_EVENTO_SOFASCORE
m_0cS0mC,,2026-02-26,p_3yJs62,Mauro Pittón,Unión,Sarmiento,VOL,,,,,,,,SIN_EVENTO_SOFASCORE,SIN_EVENTO_SOFASCORE
m_0cS0mC,,2026-02-26,p_11jmli,Misael Aguirre,Unión,Sarmiento,VOL,,,,,,,,SIN_EVENTO_SOFASCORE,SIN_EVENTO_SOFASCORE
m_0cS0mC,,2026-02-26,p_038W5d,Rafael Profini,Unión,Sarmiento,VOL,,,,,,,,SIN_EVENTO_SOFASCORE,SIN_EVENTO_SOFASCORE
m_2FKyoL,,2026-02-28,p_43Olsv,Alan Aguerre,Central Córdoba de Santiago,Independiente,ARQ,,,,,,,,SIN_EVENTO_SOFASCORE,SIN_EVENTO_SOFASCORE
m_2FKyoL,,2026-02-28,p_1j4h24,Alan Daian Laprida,Central Córdoba de Santiago,Independiente,VOL,,,,,,,,SIN_EVENTO_SOFASCORE,SIN_EVENTO_SOFASCORE
m_2FKyoL,,2026-02-28,p_2StpFV,Alejandro Maciel,Central Córdoba de Santiago,Independiente,DEF,,,,,,,,SIN_EVENTO_SOFASCORE,SIN_EVENTO_SOFASCORE
m_2FKyoL,,2026-02-28,p_0ciPTe,Diego Barrera,Central Córdoba de Santiago,Independiente,VOL,,,,,,,,SIN_EVENTO_SOFASCORE,SIN_EVENTO_SOFASCORE
m_2FKyoL,,2026-02-28,p_1KfXQ1,Facundo Mansilla Zahir,Central Córdoba de Santiago,Independiente,DEF,,,,,,,,SIN_EVENTO_SOFASCORE,SIN_EVENTO_SOFASCORE
m_2FKyoL,,2026-02-28,p_1K6Fr9,Fernando Martínez,Central Córdoba de Santiago,Independiente,DEF,,,,,,,,SIN_EVENTO_SOFASCORE,SIN_EVENTO_SOFASCORE
m_2FKyoL,,2026-02-28,p_444jRY,Horacio Tijanovich,Central Córdoba de Santiago,Independiente,VOL,,,,,,,,SIN_EVENTO_SOFASCORE,SIN_EVENTO_SOFASCORE
m_2FKyoL,,2026-02-28,p_3DBOMn,José Gómez,Central Córdoba de Santiago,Independiente,DEF,,,,,,,,SIN_EVENTO_SOFASCORE,SIN_EVENTO_SOFASCORE
m_2FKyoL,,2026-02-28,p_1PTJbZ,Juan Cardozo,Central Córdoba de Santiago,Independiente,VOL,,,,,,,,SIN_EVENTO_SOFASCORE,SIN_EVENTO_SOFASCORE
m_2FKyoL,,2026-02-28,p_1dhUli,Juan Pablo Pignani,Central Córdoba de Santiago,Independiente,DEF,,,,,,,,SIN_EVENTO_SOFASCORE,SIN_EVENTO_SOFASCORE
m_2FKyoL,,2026-02-28,p_4beE3s,Leonardo Marchi,Central Córdoba de Santiago,Independiente,DEF,,,,,,,,SIN_EVENTO_SOFASCORE,SIN_EVENTO_SOFASCORE
m_2FKyoL,,2026-02-28,p_0veUmD,Lucas González,Central Córdoba de Santiago,Independiente,VOL,,,,,,,,SIN_EVENTO_SOFASCORE,SIN_EVENTO_SOFASCORE
m_2FKyoL,,2026-02-28,p_3XD5Nu,Matías Vera,Central Córdoba de Santiago,Independiente,VOL,,,,,,,,SIN_EVENTO_SOFASCORE,SIN_EVENTO_SOFASCORE
m_2FKyoL,,2026-02-28,p_3FGnhe,Michael Santos,Central Córdoba de Santiago,Independiente,DEL,,,,,,,,SIN_EVENTO_SOFASCORE,SIN_EVENTO_SOFASCORE
m_2FKyoL,,2026-02-28,p_3cMYiv,Santiago Moyano,Central Córdoba de Santiago,Independiente,DEF,,,,,,,,SIN_EVENTO_SOFASCORE,SIN_EVENTO_SOFASCORE
m_2FKyoL,,2026-02-28,p_0VScM6,Tiago Cravero,Central Córdoba de Santiago,Independiente,VOL,,,,,,,,SIN_EVENTO_SOFASCORE,SIN_EVENTO_SOFASCORE
m_3ZmoAF,,2026-02-28,p_2UZfm9,Ezequiel Muñoz,Gimnasia Mendoza,Boca Juniors,DEF,,,,,,,,SIN_EVENTO_SOFASCORE,SIN_EVENTO_SOFASCORE
m_3ZmoAF,,2026-02-28,p_2ykUpy,Facundo Lencioni,Gimnasia Mendoza,Boca Juniors,VOL,,,,,,,,SIN_EVENTO_SOFASCORE,SIN_EVENTO_SOFASCORE
m_3ZmoAF,,2026-02-28,p_1iogLn,Fermín Antonini,Gimnasia Mendoza,Boca Juniors,VOL,,,,,,,,SIN_EVENTO_SOFASCORE,SIN_EVENTO_SOFASCORE
m_3ZmoAF,,2026-02-28,p_38u8in,Franco Saavedra,Gimnasia Mendoza,Boca Juniors,DEF,,,,,,,,SIN_EVENTO_SOFASCORE,SIN_EVENTO_SOFASCORE
m_3ZmoAF,,2026-02-28,p_0WiaUz,Imanol Gonzalez,Gimnasia Mendoza,Boca Juniors,DEF,,,,,,,,SIN_EVENTO_SOFASCORE,SIN_EVENTO_SOFASCORE
m_3ZmoAF,,2026-02-28,p_2twD0T,Juan Franco,Gimnasia Mendoza,Boca Juniors,DEF,,,,,,,,SIN_EVENTO_SOFASCORE,SIN_EVENTO_SOFASCORE
m_3ZmoAF,,2026-02-28,p_1iFHLw,Lautaro Petruchi,Gimnasia Mendoza,Boca Juniors,ARQ,,,,,,,,SIN_EVENTO_SOFASCORE,SIN_EVENTO_SOFASCORE
m_3ZmoAF,,2026-02-28,p_3oqT7Z,Luciano Paredes,Gimnasia Mendoza,Boca Juniors,DEF,,,,,,,,SIN_EVENTO_SOFASCORE,SIN_EVENTO_SOFASCORE
m_3ZmoAF,,2026-02-28,p_1oAIvS,Matías Recalde,Gimnasia Mendoza,Boca Juniors,DEF,,,,,,,,SIN_EVENTO_SOFASCORE,SIN_EVENTO_SOFASCORE
m_3ZmoAF,,2026-02-28,p_2rHsQv,Nahuel Barboza,Gimnasia Mendoza,Boca Juniors,VOL,,,,,,,,SIN_EVENTO_SOFASCORE,SIN_EVENTO_SOFASCORE
m_3ZmoAF,,2026-02-28,p_16FDGx,Nicolas Linares,Gimnasia Mendoza,Boca Juniors,VOL,,,,,,,,SIN_EVENTO_SOFASCORE,SIN_EVENTO_SOFASCORE
m_3ZmoAF,,2026-02-28,p_0ybyPC,Ulises Sánchez,Gimnasia Mendoza,Boca Juniors,VOL,,,,,,,,SIN_EVENTO_SOFASCORE,SIN_EVENTO_SOFASCORE
m_2FKyoL,,2026-02-28,p_2ralsZ,Facundo Zabala,Independiente,Central Córdoba de Santiago,DEF,,,,,,,,SIN_EVENTO_SOFASCORE,SIN_EVENTO_SOFASCORE
m_2FKyoL,,2026-02-28,p_44fmOo,Gabriel Ávalos,Independiente,Central Córdoba de Santiago,DEL,,,,,,,,SIN_EVENTO_SOFASCORE,SIN_EVENTO_SOFASCORE
m_2FKyoL,,2026-02-28,p_47bCwf,Ignacio Malcorra,Independiente,Central Córdoba de Santiago,VOL,,,,,,,,SIN_EVENTO_SOFASCORE,SIN_EVENTO_SOFASCORE
m_2FKyoL,,2026-02-28,p_4F21o7,Ignacio Pussetto,Independiente,Central Córdoba de Santiago,DEL,,,,,,,,SIN_EVENTO_SOFASCORE,SIN_EVENTO_SOFASCORE
m_2FKyoL,,2026-02-28,p_477cm1,Iván Marcone,Independiente,Central Córdoba de Santiago,VOL,,,,,,,,SIN_EVENTO_SOFASCORE,SIN_EVENTO_SOFASCORE
m_2FKyoL,,2026-02-28,p_1HqLta,Juan Fedorco,Independiente,Central Córdoba de Santiago,DEF,,,,,,,,SIN_EVENTO_SOFASCORE,SIN_EVENTO_SOFASCORE
m_2FKyoL,,2026-02-28,p_3zzhTk,Kevin Lomónaco,Independiente,Central Córdoba de Santiago,DEF,,,,,,,,SIN_EVENTO_SOFASCORE,SIN_EVENTO_SOFASCORE
m_2FKyoL,,2026-02-28,p_2GcFwZ,Lautaro Millán,Independiente,Central Córdoba de Santiago,VOL,,,,,,,,SIN_EVENTO_SOFASCORE,SIN_EVENTO_SOFASCORE
m_2FKyoL,,2026-02-28,p_2Y5BPH,Leonardo Godoy,Independiente,Central Córdoba de Santiago,DEF,,,,,,,,SIN_EVENTO_SOFASCORE,SIN_EVENTO_SOFASCORE
m_2FKyoL,,2026-02-28,p_1vDFZe,Luciano Cabral,Independiente,Central Córdoba de Santiago,VOL,,,,,,,,SIN_EVENTO_SOFASCORE,SIN_EVENTO_SOFASCORE
m_2FKyoL,,2026-02-28,p_2l6eDm,Matías Abaldo,Independiente,Central Córdoba de Santiago,DEL,,,,,,,,SIN_EVENTO_SOFASCORE,SIN_EVENTO_SOFASCORE
m_2FKyoL,,2026-02-28,p_4L0APC,Rodrigo Fernández,Independiente,Central Córdoba de Santiago,VOL,,,,,,,,SIN_EVENTO_SOFASCORE,SIN_EVENTO_SOFASCORE
m_2FKyoL,,2026-02-28,p_3KLwFI,Rodrigo Rey,Independiente,Central Córdoba de Santiago,ARQ,,,,,,,,SIN_EVENTO_SOFASCORE,SIN_EVENTO_SOFASCORE
m_2FKyoL,,2026-02-28,p_4RoV0i,Santiago Arias,Independiente,Central Córdoba de Santiago,DEF,,,,,,,,SIN_EVENTO_SOFASCORE,SIN_EVENTO_SOFASCORE
m_2FKyoL,,2026-02-28,p_2c9Jkj,Santiago Gabriel Montiel,Independiente,Central Córdoba de Santiago,VOL,,,,,,,,SIN_EVENTO_SOFASCORE,SIN_EVENTO_SOFASCORE
m_15JkYD,,2026-03-01,p_0Hy7kK,Agustín Bravo,Instituto,Unión,DEF,,,,,,,,SIN_EVENTO_SOFASCORE,SIN_EVENTO_SOFASCORE
m_15JkYD,,2026-03-01,p_0t17ZI,Alex Luna,Instituto,Unión,DEL,,,,,,,,SIN_EVENTO_SOFASCORE,SIN_EVENTO_SOFASCORE
m_15JkYD,,2026-03-01,p_39c8jY,Diego Sosa,Instituto,Unión,DEF,,,,,,,,SIN_EVENTO_SOFASCORE,SIN_EVENTO_SOFASCORE
m_15JkYD,,2026-03-01,p_1qCu0J,Fernando Alarcón,Instituto,Unión,DEF,,,,,,,,SIN_EVENTO_SOFASCORE,SIN_EVENTO_SOFASCORE
m_15JkYD,,2026-03-01,p_1urJ9k,Franco Jara,Instituto,Unión,DEL,,,,,,,,SIN_EVENTO_SOFASCORE,SIN_EVENTO_SOFASCORE
m_15JkYD,,2026-03-01,p_0afatN,Gastón Lodico,Instituto,Unión,VOL,,,,,,,,SIN_EVENTO_SOFASCORE,SIN_EVENTO_SOFASCORE
m_15JkYD,,2026-03-01,p_3I0XnJ,Giuliano Cerato,Instituto,Unión,VOL,,,,,,,,SIN_EVENTO_SOFASCORE,SIN_EVENTO_SOFASCORE
m_15JkYD,,2026-03-01,p_287xJj,Gustavo Abregú,Instituto,Unión,VOL,,,,,,,,SIN_EVENTO_SOFASCORE,SIN_EVENTO_SOFASCORE
m_15JkYD,,2026-03-01,p_4T6aUk,Ignacio Méndez,Instituto,Unión,VOL,,,,,,,,SIN_EVENTO_SOFASCORE,SIN_EVENTO_SOFASCORE
m_15JkYD,,2026-03-01,p_28dMyW,Jeremías Lázaro,Instituto,Unión,VOL,,,,,,,,SIN_EVENTO_SOFASCORE,SIN_EVENTO_SOFASCORE
m_15JkYD,,2026-03-01,p_2AQDyY,Jhon Córdoba,Instituto,Unión,VOL,,,,,,,,SIN_EVENTO_SOFASCORE,SIN_EVENTO_SOFASCORE
m_15JkYD,,2026-03-01,p_3x6Yqh,Leonel Mosevich,Instituto,Unión,DEF,,,,,,,,SIN_EVENTO_SOFASCORE,SIN_EVENTO_SOFASCORE
m_15JkYD,,2026-03-01,p_0BJh0v,Luca Rafaelli,Instituto,Unión,VOL,,,,,,,,SIN_EVENTO_SOFASCORE,SIN_EVENTO_SOFASCORE
m_15JkYD,,2026-03-01,p_4UkieF,Manuel Roffo,Instituto,Unión,ARQ,,,,,,,,SIN_EVENTO_SOFASCORE,SIN_EVENTO_SOFASCORE
m_15JkYD,,2026-03-01,p_3PzK4u,Matías Fonseca,Instituto,Unión,DEL,,,,,,,,SIN_EVENTO_SOFASCORE,SIN_EVENTO_SOFASCORE
m_15JkYD,,2026-03-01,p_0Gnu2O,Nicolás Guerra,Instituto,Unión,DEL,,,,,,,,SIN_EVENTO_SOFASCORE,SIN_EVENTO_SOFASCORE
m_3CjTLG,,2026-03-01,p_3WvG1h,Alex Vigo,Talleres,San Lorenzo,DEF,,,,,,,,SIN_EVENTO_SOFASCORE,SIN_EVENTO_SOFASCORE
m_3CjTLG,,2026-03-01,p_23S3AO,Augusto Schott,Talleres,San Lorenzo,DEF,,,,,,,,SIN_EVENTO_SOFASCORE,SIN_EVENTO_SOFASCORE
m_3CjTLG,,2026-03-01,p_209otm,Giovanni Baroni,Talleres,San Lorenzo,VOL,,,,,,,,SIN_EVENTO_SOFASCORE,SIN_EVENTO_SOFASCORE
m_3CjTLG,,2026-03-01,p_1u6e88,Guido Herrera,Talleres,San Lorenzo,ARQ,,,,,,,,SIN_EVENTO_SOFASCORE,SIN_EVENTO_SOFASCORE
m_3CjTLG,,2026-03-01,p_3JOBGM,José Luis Palomino,Talleres,San Lorenzo,DEF,,,,,,,,SIN_EVENTO_SOFASCORE,SIN_EVENTO_SOFASCORE
m_3CjTLG,,2026-03-01,p_0tQtiw,Juan Sforza,Talleres,San Lorenzo,VOL,,,,,,,,SIN_EVENTO_SOFASCORE,SIN_EVENTO_SOFASCORE
m_3CjTLG,,2026-03-01,p_2QUHoA,Martín Río,Talleres,San Lorenzo,VOL,,,,,,,,SIN_EVENTO_SOFASCORE,SIN_EVENTO_SOFASCORE
m_3CjTLG,,2026-03-01,p_4D08FT,Mateo Caceres,Talleres,San Lorenzo,VOL,,,,,,,,SIN_EVENTO_SOFASCORE,SIN_EVENTO_SOFASCORE
m_3CjTLG,,2026-03-01,p_43mFql,Matías Catalán,Talleres,San Lorenzo,DEF,,,,,,,,SIN_EVENTO_SOFASCORE,SIN_EVENTO_SOFASCORE
m_3CjTLG,,2026-03-01,p_0zKhoP,Matías Galarza,Talleres,San Lorenzo,VOL,,,,,,,,SIN_EVENTO_SOFASCORE,SIN_EVENTO_SOFASCORE
m_3CjTLG,,2026-03-01,p_0V59vw,Santiago Fernández,Talleres,San Lorenzo,DEF,,,,,,,,SIN_EVENTO_SOFASCORE,SIN_EVENTO_SOFASCORE
m_3CjTLG,,2026-03-01,p_4PWmyN,Timoteo Chamorro,Talleres,San Lorenzo,DEF,,,,,,,,SIN_EVENTO_SOFASCORE,SIN_EVENTO_SOFASCORE
m_3CjTLG,,2026-03-01,p_2lzqTc,Ulises Ortegoza,Talleres,San Lorenzo,VOL,,,,,,,,SIN_EVENTO_SOFASCORE,SIN_EVENTO_SOFASCORE
m_15JkYD,,2026-03-01,p_3uAxFO,Augusto Solari,Unión,Instituto,VOL,,,,,,,,SIN_EVENTO_SOFASCORE,SIN_EVENTO_SOFASCORE
m_15JkYD,,2026-03-01,p_43YxGe,Brahian Cuello,Unión,Instituto,VOL,,,,,,,,SIN_EVENTO_SOFASCORE,SIN_EVENTO_SOFASCORE
m_15JkYD,,2026-03-01,p_2msaJ0,Bruno Pittón,Unión,Instituto,DEF,,,,,,,,SIN_EVENTO_SOFASCORE,SIN_EVENTO_SOFASCORE
m_15JkYD,,2026-03-01,p_3woyik,Cristian Alberto Tarragona,Unión,Instituto,DEL,,,,,,,,SIN_EVENTO_SOFASCORE,SIN_EVENTO_SOFASCORE
m_15JkYD,,2026-03-01,p_3c6pcI,Juan Pablo Ludueña,Unión,Instituto,DEF,,,,,,,,SIN_EVENTO_SOFASCORE,SIN_EVENTO_SOFASCORE
m_15JkYD,,2026-03-01,p_1h4yOi,Julián Palacios,Unión,Instituto,VOL,,,,,,,,SIN_EVENTO_SOFASCORE,SIN_EVENTO_SOFASCORE
m_15JkYD,,2026-03-01,p_1A84Jv,Lautaro Vargas,Unión,Instituto,DEF,,,,,,,,SIN_EVENTO_SOFASCORE,SIN_EVENTO_SOFASCORE
m_15JkYD,,2026-03-01,p_2jiARu,Maizon Rodríguez,Unión,Instituto,DEF,,,,,,,,SIN_EVENTO_SOFASCORE,SIN_EVENTO_SOFASCORE
m_15JkYD,,2026-03-01,p_3ybBVT,Marcelo Estigarribia,Unión,Instituto,DEL,,,,,,,,SIN_EVENTO_SOFASCORE,SIN_EVENTO_SOFASCORE
m_15JkYD,,2026-03-01,p_2vkqTj,Mateo Del Blanco,Unión,Instituto,DEF,,,,,,,,SIN_EVENTO_SOFASCORE,SIN_EVENTO_SOFASCORE
m_15JkYD,,2026-03-01,p_0yyPLQ,Matías Mansilla,Unión,Instituto,ARQ,,,,,,,,SIN_EVENTO_SOFASCORE,SIN_EVENTO_SOFASCORE
m_15JkYD,,2026-03-01,p_3yJs62,Mauro Pittón,Unión,Instituto,VOL,,,,,,,,SIN_EVENTO_SOFASCORE,SIN_EVENTO_SOFASCORE
m_15JkYD,,2026-03-01,p_038W5d,Rafael Profini,Unión,Instituto,VOL,,,,,,,,SIN_EVENTO_SOFASCORE,SIN_EVENTO_SOFASCORE
m_15JkYD,,2026-03-01,p_2nrS5l,Valentín Fascendini,Unión,Instituto,DEF,,,,,,,,SIN_EVENTO_SOFASCORE,SIN_EVENTO_SOFASCORE
m_3WwAlG,,2026-03-02,p_3NKnXO,Brian Aguirre,Estudiantes,Vélez Sarsfield,VOL,,,,,,,,SIN_EVENTO_SOFASCORE,SIN_EVENTO_SOFASCORE
m_3WwAlG,,2026-03-02,p_2DQVsu,Eric Meza,Estudiantes,Vélez Sarsfield,DEF,,,,,,,,SIN_EVENTO_SOFASCORE,SIN_EVENTO_SOFASCORE
m_3WwAlG,,2026-03-02,p_375sV8,Eros Mancuso,Estudiantes,Vélez Sarsfield,DEF,,,,,,,,SIN_EVENTO_SOFASCORE,SIN_EVENTO_SOFASCORE
m_3WwAlG,,2026-03-02,p_4drKzY,Ezequiel Piovi,Estudiantes,Vélez Sarsfield,VOL,,,,,,,,SIN_EVENTO_SOFASCORE,SIN_EVENTO_SOFASCORE
m_3WwAlG,,2026-03-02,p_0UPCHl,Fabricio Pérez,Estudiantes,Vélez Sarsfield,VOL,,,,,,,,SIN_EVENTO_SOFASCORE,SIN_EVENTO_SOFASCORE
m_3WwAlG,,2026-03-02,p_2z0L2z,Facundo Farías,Estudiantes,Vélez Sarsfield,VOL,,,,,,,,SIN_EVENTO_SOFASCORE,SIN_EVENTO_SOFASCORE
m_3WwAlG,,2026-03-02,p_43Wo3u,Fernando Muslera,Estudiantes,Vélez Sarsfield,ARQ,,,,,,,,SIN_EVENTO_SOFASCORE,SIN_EVENTO_SOFASCORE
m_3WwAlG,,2026-03-02,p_4LoI3o,Gastón Benedetti,Estudiantes,Vélez Sarsfield,DEF,,,,,,,,SIN_EVENTO_SOFASCORE,SIN_EVENTO_SOFASCORE
m_3WwAlG,,2026-03-02,p_10iCWI,Leandro González Pírez,Estudiantes,Vélez Sarsfield,DEF,,,,,,,,SIN_EVENTO_SOFASCORE,SIN_EVENTO_SOFASCORE
m_3WwAlG,,2026-03-02,p_0TKEkA,Mikel Amondarain,Estudiantes,Vélez Sarsfield,VOL,,,,,,,,SIN_EVENTO_SOFASCORE,SIN_EVENTO_SOFASCORE
m_3WwAlG,,2026-03-02,p_3UfnVk,Tiago Palacios,Estudiantes,Vélez Sarsfield,VOL,,,,,,,,SIN_EVENTO_SOFASCORE,SIN_EVENTO_SOFASCORE
m_3WwAlG,,2026-03-02,p_1TPSrY,Tomás Palacios,Estudiantes,Vélez Sarsfield,DEF,,,,,,,,SIN_EVENTO_SOFASCORE,SIN_EVENTO_SOFASCORE
m_4QwFk6,,2026-03-02,p_1bUOsk,Alexis Steimbach,Gimnasia LP,Tigre,DEF,,,,,,,,SIN_EVENTO_SOFASCORE,SIN_EVENTO_SOFASCORE
m_4QwFk6,,2026-03-02,p_0AsvjF,Augusto Max,Gimnasia LP,Tigre,VOL,,,,,,,,SIN_EVENTO_SOFASCORE,SIN_EVENTO_SOFASCORE
m_4QwFk6,,2026-03-02,p_3Na8Ca,Diego Mastrangelo,Gimnasia LP,Tigre,DEF,,,,,,,,SIN_EVENTO_SOFASCORE,SIN_EVENTO_SOFASCORE
m_4QwFk6,,2026-03-02,p_40ubcR,Enzo Martínez,Gimnasia LP,Tigre,DEF,,,,,,,,SIN_EVENTO_SOFASCORE,SIN_EVENTO_SOFASCORE
m_4QwFk6,,2026-03-02,p_15wJtA,Ignacio Fernández,Gimnasia LP,Tigre,VOL,,,,,,,,SIN_EVENTO_SOFASCORE,SIN_EVENTO_SOFASCORE
m_4QwFk6,,2026-03-02,p_2PDOYX,Ignacio Miramón,Gimnasia LP,Tigre,VOL,,,,,,,,SIN_EVENTO_SOFASCORE,SIN_EVENTO_SOFASCORE
m_4QwFk6,,2026-03-02,p_1zT5yZ,Juan Cortazzo,Gimnasia LP,Tigre,DEF,,,,,,,,SIN_EVENTO_SOFASCORE,SIN_EVENTO_SOFASCORE
m_4QwFk6,,2026-03-02,p_0VZwYw,Lucas Nahuel Castro,Gimnasia LP,Tigre,VOL,,,,,,,,SIN_EVENTO_SOFASCORE,SIN_EVENTO_SOFASCORE
m_4QwFk6,,2026-03-02,p_2h5dHt,Manuel Panaro,Gimnasia LP,Tigre,VOL,,,,,,,,SIN_EVENTO_SOFASCORE,SIN_EVENTO_SOFASCORE
m_4QwFk6,,2026-03-02,p_1CvIxl,Nelson Insfrán,Gimnasia LP,Tigre,ARQ,,,,,,,,SIN_EVENTO_SOFASCORE,SIN_EVENTO_SOFASCORE
m_4QwFk6,,2026-03-02,p_0naJM3,Nicolás Barros Schelotto,Gimnasia LP,Tigre,VOL,,,,,,,,SIN_EVENTO_SOFASCORE,SIN_EVENTO_SOFASCORE
m_4QwFk6,,2026-03-02,p_2ZvpgZ,Pedro Silva Torrejón,Gimnasia LP,Tigre,DEF,,,,,,,,SIN_EVENTO_SOFASCORE,SIN_EVENTO_SOFASCORE
m_4QwFk6,,2026-03-02,p_0URNSN,Renzo Giampaoli,Gimnasia LP,Tigre,DEF,,,,,,,,SIN_EVENTO_SOFASCORE,SIN_EVENTO_SOFASCORE
m_32VFMh,,2026-03-02,p_1Dr7TL,Eduardo Salvio,Lanús,Defensa y Justicia,VOL,,,,,,,,SIN_EVENTO_SOFASCORE,SIN_EVENTO_SOFASCORE
m_32VFMh,,2026-03-02,p_2ITZER,Facundo Sánchez,Lanús,Defensa y Justicia,VOL,,,,,,,,SIN_EVENTO_SOFASCORE,SIN_EVENTO_SOFASCORE
m_32VFMh,,2026-03-02,p_4NdBtx,Felipe Peña Biafore,Lanús,Defensa y Justicia,VOL,,,,,,,,SIN_EVENTO_SOFASCORE,SIN_EVENTO_SOFASCORE
m_32VFMh,,2026-03-02,p_3QfGtH,Franco Petroli,Lanús,Defensa y Justicia,ARQ,,,,,,,,SIN_EVENTO_SOFASCORE,SIN_EVENTO_SOFASCORE
m_32VFMh,,2026-03-02,p_45uQz6,Franco Watson,Lanús,Defensa y Justicia,VOL,,,,,,,,SIN_EVENTO_SOFASCORE,SIN_EVENTO_SOFASCORE
m_32VFMh,,2026-03-02,p_1va0ir,Gonzalo Pérez,Lanús,Defensa y Justicia,DEF,,,,,,,,SIN_EVENTO_SOFASCORE,SIN_EVENTO_SOFASCORE
m_32VFMh,,2026-03-02,p_0MwF8F,Lucas Besozzi,Lanús,Defensa y Justicia,VOL,,,,,,,,SIN_EVENTO_SOFASCORE,SIN_EVENTO_SOFASCORE
m_32VFMh,,2026-03-02,p_1DLX4X,Luciano Romero,Lanús,Defensa y Justicia,DEF,,,,,,,,SIN_EVENTO_SOFASCORE,SIN_EVENTO_SOFASCORE
m_32VFMh,,2026-03-02,p_1R1UR4,Matías Sepúlveda,Lanús,Defensa y Justicia,VOL,,,,,,,,SIN_EVENTO_SOFASCORE,SIN_EVENTO_SOFASCORE
m_32VFMh,,2026-03-02,p_2waho1,Nicolás Morgantini,Lanús,Defensa y Justicia,DEF,,,,,,,,SIN_EVENTO_SOFASCORE,SIN_EVENTO_SOFASCORE
m_32VFMh,,2026-03-02,p_3bNsap,Ramiro Carrera,Lanús,Defensa y Justicia,VOL,,,,,,,,SIN_EVENTO_SOFASCORE,SIN_EVENTO_SOFASCORE
m_32VFMh,,2026-03-02,p_37cT31,Ronaldo Dejesús,Lanús,Defensa y Justicia,DEF,,,,,,,,SIN_EVENTO_SOFASCORE,SIN_EVENTO_SOFASCORE
m_32VFMh,,2026-03-02,p_0YK7Rt,Sasha Marcich,Lanús,Defensa y Justicia,DEF,,,,,,,,SIN_EVENTO_SOFASCORE,SIN_EVENTO_SOFASCORE
m_2obGmX,,2026-03-03,p_4Mszzs,Adrián Spörle,Belgrano,Huracán,DEF,,,,,,,,SIN_EVENTO_SOFASCORE,SIN_EVENTO_SOFASCORE
m_2obGmX,,2026-03-03,p_43D8up,Adrián Sánchez,Belgrano,Huracán,VOL,,,,,,,,SIN_EVENTO_SOFASCORE,SIN_EVENTO_SOFASCORE
m_2obGmX,,2026-03-03,p_1EMq3A,Alcides Benítez,Belgrano,Huracán,DEF,,,,,,,,SIN_EVENTO_SOFASCORE,SIN_EVENTO_SOFASCORE
m_2obGmX,,2026-03-03,p_28SEJq,Alexis Maldonado,Belgrano,Huracán,DEF,,,,,,,,SIN_EVENTO_SOFASCORE,SIN_EVENTO_SOFASCORE
m_2obGmX,,2026-03-03,p_49U5oJ,Emiliano Ariel Rigoni,Belgrano,Huracán,VOL,,,,,,,,SIN_EVENTO_SOFASCORE,SIN_EVENTO_SOFASCORE
m_2obGmX,,2026-03-03,p_4g8d1N,Franco Vázquez,Belgrano,Huracán,VOL,,,,,,,,SIN_EVENTO_SOFASCORE,SIN_EVENTO_SOFASCORE
m_2obGmX,,2026-03-03,p_1aur1M,Julián Mavilla,Belgrano,Huracán,VOL,,,,,,,,SIN_EVENTO_SOFASCORE,SIN_EVENTO_SOFASCORE
m_2obGmX,,2026-03-03,p_1lrNAx,Lautaro Gutierrez,Belgrano,Huracán,VOL,,,,,,,,SIN_EVENTO_SOFASCORE,SIN_EVENTO_SOFASCORE
m_2obGmX,,2026-03-03,p_3u6zLG,Leonardo Morales,Belgrano,Huracán,DEF,,,,,,,,SIN_EVENTO_SOFASCORE,SIN_EVENTO_SOFASCORE
m_2obGmX,,2026-03-03,p_1x6fIA,Lisandro López,Belgrano,Huracán,DEF,,,,,,,,SIN_EVENTO_SOFASCORE,SIN_EVENTO_SOFASCORE
m_2obGmX,,2026-03-03,p_3v2tAE,Lucas Zelarayán,Belgrano,Huracán,VOL,,,,,,,,SIN_EVENTO_SOFASCORE,SIN_EVENTO_SOFASCORE
m_2obGmX,,2026-03-03,p_0FN6nM,Ramiro Hernandes,Belgrano,Huracán,VOL,,,,,,,,SIN_EVENTO_SOFASCORE,SIN_EVENTO_SOFASCORE
m_2obGmX,,2026-03-03,p_0ujJJG,Thiago Cardozo,Belgrano,Huracán,ARQ,,,,,,,,SIN_EVENTO_SOFASCORE,SIN_EVENTO_SOFASCORE
m_2obGmX,,2026-03-03,p_36GYxJ,Álvaro Ocampo,Belgrano,Huracán,DEF,,,,,,,,SIN_EVENTO_SOFASCORE,SIN_EVENTO_SOFASCORE
m_3bNpUp,,2026-03-05,p_3xub3o,Agustín Cardozo,Lanús,Boca Juniors,VOL,,,,,,,,SIN_EVENTO_SOFASCORE,SIN_EVENTO_SOFASCORE
m_3bNpUp,,2026-03-05,p_3dgI1a,Agustín Medina,Lanús,Boca Juniors,VOL,,,,,,,,SIN_EVENTO_SOFASCORE,SIN_EVENTO_SOFASCORE
m_3bNpUp,,2026-03-05,p_0pxwpN,Carlos Izquierdoz,Lanús,Boca Juniors,DEF,,,,,,,,SIN_EVENTO_SOFASCORE,SIN_EVENTO_SOFASCORE
m_3bNpUp,,2026-03-05,p_1Dr7TL,Eduardo Salvio,Lanús,Boca Juniors,VOL,,,,,,,,SIN_EVENTO_SOFASCORE,SIN_EVENTO_SOFASCORE
m_3bNpUp,,2026-03-05,p_4NdBtx,Felipe Peña Biafore,Lanús,Boca Juniors,VOL,,,,,,,,SIN_EVENTO_SOFASCORE,SIN_EVENTO_SOFASCORE
m_3bNpUp,,2026-03-05,p_45uQz6,Franco Watson,Lanús,Boca Juniors,VOL,,,,,,,,SIN_EVENTO_SOFASCORE,SIN_EVENTO_SOFASCORE
m_3bNpUp,,2026-03-05,p_2YLj3q,José Canale,Lanús,Boca Juniors,DEF,,,,,,,,SIN_EVENTO_SOFASCORE,SIN_EVENTO_SOFASCORE
m_3bNpUp,,2026-03-05,p_0MwF8F,Lucas Besozzi,Lanús,Boca Juniors,VOL,,,,,,,,SIN_EVENTO_SOFASCORE,SIN_EVENTO_SOFASCORE
m_3bNpUp,,2026-03-05,p_1R1UR4,Matías Sepúlveda,Lanús,Boca Juniors,VOL,,,,,,,,SIN_EVENTO_SOFASCORE,SIN_EVENTO_SOFASCORE
m_3bNpUp,,2026-03-05,p_4W6aiW,Nahuel Losada,Lanús,Boca Juniors,ARQ,,,,,,,,SIN_EVENTO_SOFASCORE,SIN_EVENTO_SOFASCORE
m_3bNpUp,,2026-03-05,p_3bNsap,Ramiro Carrera,Lanús,Boca Juniors,VOL,,,,,,,,SIN_EVENTO_SOFASCORE,SIN_EVENTO_SOFASCORE
m_3bNpUp,,2026-03-05,p_0YK7Rt,Sasha Marcich,Lanús,Boca Juniors,DEF,,,,,,,,SIN_EVENTO_SOFASCORE,SIN_EVENTO_SOFASCORE
m_3bNpUp,,2026-03-05,p_1Zygll,Tomás Ezequiel Guidara,Lanús,Boca Juniors,DEF,,,,,,,,SIN_EVENTO_SOFASCORE,SIN_EVENTO_SOFASCORE
m_433Hpb,,2026-03-10,p_3HQuJ6,Facundo Valdéz,Independiente,Unión,DEL,,,,,,,,SIN_EVENTO_SOFASCORE,SIN_EVENTO_SOFASCORE
m_433Hpb,,2026-03-10,p_2ralsZ,Facundo Zabala,Independiente,Unión,DEF,,,,,,,,SIN_EVENTO_SOFASCORE,SIN_EVENTO_SOFASCORE
m_433Hpb,,2026-03-10,p_44fmOo,Gabriel Ávalos,Independiente,Unión,DEL,,,,,,,,SIN_EVENTO_SOFASCORE,SIN_EVENTO_SOFASCORE
m_433Hpb,,2026-03-10,p_47bCwf,Ignacio Malcorra,Independiente,Unión,VOL,,,,,,,,SIN_EVENTO_SOFASCORE,SIN_EVENTO_SOFASCORE
m_433Hpb,,2026-03-10,p_4F21o7,Ignacio Pussetto,Independiente,Unión,DEL,,,,,,,,SIN_EVENTO_SOFASCORE,SIN_EVENTO_SOFASCORE
m_433Hpb,,2026-03-10,p_477cm1,Iván Marcone,Independiente,Unión,VOL,,,,,,,,SIN_EVENTO_SOFASCORE,SIN_EVENTO_SOFASCORE
m_433Hpb,,2026-03-10,p_1HqLta,Juan Fedorco,Independiente,Unión,DEF,,,,,,,,SIN_EVENTO_SOFASCORE,SIN_EVENTO_SOFASCORE
m_433Hpb,,2026-03-10,p_3zzhTk,Kevin Lomónaco,Independiente,Unión,DEF,,,,,,,,SIN_EVENTO_SOFASCORE,SIN_EVENTO_SOFASCORE
m_433Hpb,,2026-03-10,p_2GcFwZ,Lautaro Millán,Independiente,Unión,VOL,,,,,,,,SIN_EVENTO_SOFASCORE,SIN_EVENTO_SOFASCORE
m_433Hpb,,2026-03-10,p_2Y5BPH,Leonardo Godoy,Independiente,Unión,DEF,,,,,,,,SIN_EVENTO_SOFASCORE,SIN_EVENTO_SOFASCORE
m_433Hpb,,2026-03-10,p_1vDFZe,Luciano Cabral,Independiente,Unión,VOL,,,,,,,,SIN_EVENTO_SOFASCORE,SIN_EVENTO_SOFASCORE
m_433Hpb,,2026-03-10,p_2l6eDm,Matías Abaldo,Independiente,Unión,DEL,,,,,,,,SIN_EVENTO_SOFASCORE,SIN_EVENTO_SOFASCORE
m_433Hpb,,2026-03-10,p_4L0APC,Rodrigo Fernández,Independiente,Unión,VOL,,,,,,,,SIN_EVENTO_SOFASCORE,SIN_EVENTO_SOFASCORE
m_433Hpb,,2026-03-10,p_3KLwFI,Rodrigo Rey,Independiente,Unión,ARQ,,,,,,,,SIN_EVENTO_SOFASCORE,SIN_EVENTO_SOFASCORE
m_433Hpb,,2026-03-10,p_4RoV0i,Santiago Arias,Independiente,Unión,DEF,,,,,,,,SIN_EVENTO_SOFASCORE,SIN_EVENTO_SOFASCORE
m_433Hpb,,2026-03-10,p_2c9Jkj,Santiago Gabriel Montiel,Independiente,Unión,VOL,,,,,,,,SIN_EVENTO_SOFASCORE,SIN_EVENTO_SOFASCORE
m_433Hpb,,2026-03-10,p_3uAxFO,Augusto Solari,Unión,Independiente,VOL,,,,,,,,SIN_EVENTO_SOFASCORE,SIN_EVENTO_SOFASCORE
m_433Hpb,,2026-03-10,p_43YxGe,Brahian Cuello,Unión,Independiente,VOL,,,,,,,,SIN_EVENTO_SOFASCORE,SIN_EVENTO_SOFASCORE
m_433Hpb,,2026-03-10,p_2msaJ0,Bruno Pittón,Unión,Independiente,DEF,,,,,,,,SIN_EVENTO_SOFASCORE,SIN_EVENTO_SOFASCORE
m_433Hpb,,2026-03-10,p_3woyik,Cristian Alberto Tarragona,Unión,Independiente,DEL,,,,,,,,SIN_EVENTO_SOFASCORE,SIN_EVENTO_SOFASCORE
m_433Hpb,,2026-03-10,p_2zeYkR,Franco Fragapane,Unión,Independiente,VOL,,,,,,,,SIN_EVENTO_SOFASCORE,SIN_EVENTO_SOFASCORE
m_433Hpb,,2026-03-10,p_3c6pcI,Juan Pablo Ludueña,Unión,Independiente,DEF,,,,,,,,SIN_EVENTO_SOFASCORE,SIN_EVENTO_SOFASCORE
m_433Hpb,,2026-03-10,p_1h4yOi,Julián Palacios,Unión,Independiente,VOL,,,,,,,,SIN_EVENTO_SOFASCORE,SIN_EVENTO_SOFASCORE
m_433Hpb,,2026-03-10,p_1A84Jv,Lautaro Vargas,Unión,Independiente,DEF,,,,,,,,SIN_EVENTO_SOFASCORE,SIN_EVENTO_SOFASCORE
m_433Hpb,,2026-03-10,p_0ZgxsX,Lucas Menossi,Unión,Independiente,VOL,,,,,,,,SIN_EVENTO_SOFASCORE,SIN_EVENTO_SOFASCORE
m_433Hpb,,2026-03-10,p_2jiARu,Maizon Rodríguez,Unión,Independiente,DEF,,,,,,,,SIN_EVENTO_SOFASCORE,SIN_EVENTO_SOFASCORE
m_433Hpb,,2026-03-10,p_3ybBVT,Marcelo Estigarribia,Unión,Independiente,DEL,,,,,,,,SIN_EVENTO_SOFASCORE,SIN_EVENTO_SOFASCORE
m_433Hpb,,2026-03-10,p_2vkqTj,Mateo Del Blanco,Unión,Independiente,DEF,,,,,,,,SIN_EVENTO_SOFASCORE,SIN_EVENTO_SOFASCORE
m_433Hpb,,2026-03-10,p_0yyPLQ,Matías Mansilla,Unión,Independiente,ARQ,,,,,,,,SIN_EVENTO_SOFASCORE,SIN_EVENTO_SOFASCORE
m_433Hpb,,2026-03-10,p_3yJs62,Mauro Pittón,Unión,Independiente,VOL,,,,,,,,SIN_EVENTO_SOFASCORE,SIN_EVENTO_SOFASCORE
m_433Hpb,,2026-03-10,p_038W5d,Rafael Profini,Unión,Independiente,VOL,,,,,,,,SIN_EVENTO_SOFASCORE,SIN_EVENTO_SOFASCORE
m_2bEX07,,2026-03-11,p_1bUOsk,Alexis Steimbach,Gimnasia LP,Banfield,DEF,,,,,,,,SIN_EVENTO_SOFASCORE,SIN_EVENTO_SOFASCORE
m_2bEX07,,2026-03-11,p_0AsvjF,Augusto Max,Gimnasia LP,Banfield,VOL,,,,,,,,SIN_EVENTO_SOFASCORE,SIN_EVENTO_SOFASCORE
m_2bEX07,,2026-03-11,p_40ubcR,Enzo Martínez,Gimnasia LP,Banfield,DEF,,,,,,,,SIN_EVENTO_SOFASCORE,SIN_EVENTO_SOFASCORE
m_2bEX07,,2026-03-11,p_15wJtA,Ignacio Fernández,Gimnasia LP,Banfield,VOL,,,,,,,,SIN_EVENTO_SOFASCORE,SIN_EVENTO_SOFASCORE
m_2bEX07,,2026-03-11,p_2AGsdf,Julián Kadijevic,Gimnasia LP,Banfield,ARQ,,,,,,,,SIN_EVENTO_SOFASCORE,SIN_EVENTO_SOFASCORE
m_2bEX07,,2026-03-11,p_0VZwYw,Lucas Nahuel Castro,Gimnasia LP,Banfield,VOL,,,,,,,,SIN_EVENTO_SOFASCORE,SIN_EVENTO_SOFASCORE
m_2bEX07,,2026-03-11,p_2h5dHt,Manuel Panaro,Gimnasia LP,Banfield,VOL,,,,,,,,SIN_EVENTO_SOFASCORE,SIN_EVENTO_SOFASCORE
m_2bEX07,,2026-03-11,p_1CvIxl,Nelson Insfrán,Gimnasia LP,Banfield,ARQ,,,,,,,,SIN_EVENTO_SOFASCORE,SIN_EVENTO_SOFASCORE
m_2bEX07,,2026-03-11,p_0naJM3,Nicolás Barros Schelotto,Gimnasia LP,Banfield,VOL,,,,,,,,SIN_EVENTO_SOFASCORE,SIN_EVENTO_SOFASCORE
m_2bEX07,,2026-03-11,p_3AOI3O,Pablo Aguiar,Gimnasia LP,Banfield,VOL,,,,,,,,SIN_EVENTO_SOFASCORE,SIN_EVENTO_SOFASCORE
m_2bEX07,,2026-03-11,p_2ZvpgZ,Pedro Silva Torrejón,Gimnasia LP,Banfield,DEF,,,,,,,,SIN_EVENTO_SOFASCORE,SIN_EVENTO_SOFASCORE
m_2bEX07,,2026-03-11,p_0URNSN,Renzo Giampaoli,Gimnasia LP,Banfield,DEF,,,,,,,,SIN_EVENTO_SOFASCORE,SIN_EVENTO_SOFASCORE
m_3oaL0D,,2026-03-12,p_4Mszzs,Adrián Spörle,Belgrano,Estudiantes de Río Cuarto,DEF,,,,,,,,SIN_EVENTO_SOFASCORE,SIN_EVENTO_SOFASCORE
m_3oaL0D,,2026-03-12,p_3nfcvs,Agustín Falcón,Belgrano,Estudiantes de Río Cuarto,DEF,,,,,,,,SIN_EVENTO_SOFASCORE,SIN_EVENTO_SOFASCORE
m_3oaL0D,,2026-03-12,p_1EMq3A,Alcides Benítez,Belgrano,Estudiantes de Río Cuarto,DEF,,,,,,,,SIN_EVENTO_SOFASCORE,SIN_EVENTO_SOFASCORE
m_3oaL0D,,2026-03-12,p_3Boqdn,Francisco González Metilli,Belgrano,Estudiantes de Río Cuarto,VOL,,,,,,,,SIN_EVENTO_SOFASCORE,SIN_EVENTO_SOFASCORE
m_3oaL0D,,2026-03-12,p_4g8d1N,Franco Vázquez,Belgrano,Estudiantes de Río Cuarto,VOL,,,,,,,,SIN_EVENTO_SOFASCORE,SIN_EVENTO_SOFASCORE
m_3oaL0D,,2026-03-12,p_1nfVbw,Gonzalo Zelarayán,Belgrano,Estudiantes de Río Cuarto,VOL,,,,,,,,SIN_EVENTO_SOFASCORE,SIN_EVENTO_SOFASCORE
m_3oaL0D,,2026-03-12,p_1hr765,Juan Velázquez,Belgrano,Estudiantes de Río Cuarto,VOL,,,,,,,,SIN_EVENTO_SOFASCORE,SIN_EVENTO_SOFASCORE
m_3oaL0D,,2026-03-12,p_1aur1M,Julián Mavilla,Belgrano,Estudiantes de Río Cuarto,VOL,,,,,,,,SIN_EVENTO_SOFASCORE,SIN_EVENTO_SOFASCORE
m_3oaL0D,,2026-03-12,p_1lrNAx,Lautaro Gutierrez,Belgrano,Estudiantes de Río Cuarto,VOL,,,,,,,,SIN_EVENTO_SOFASCORE,SIN_EVENTO_SOFASCORE
m_3oaL0D,,2026-03-12,p_3u6zLG,Leonardo Morales,Belgrano,Estudiantes de Río Cuarto,DEF,,,,,,,,SIN_EVENTO_SOFASCORE,SIN_EVENTO_SOFASCORE
m_3oaL0D,,2026-03-12,p_0FN6nM,Ramiro Hernandes,Belgrano,Estudiantes de Río Cuarto,VOL,,,,,,,,SIN_EVENTO_SOFASCORE,SIN_EVENTO_SOFASCORE
m_3oaL0D,,2026-03-12,p_2PNnZ9,Santiago Longo,Belgrano,Estudiantes de Río Cuarto,VOL,,,,,,,,SIN_EVENTO_SOFASCORE,SIN_EVENTO_SOFASCORE
m_3oaL0D,,2026-03-12,p_0ujJJG,Thiago Cardozo,Belgrano,Estudiantes de Río Cuarto,ARQ,,,,,,,,SIN_EVENTO_SOFASCORE,SIN_EVENTO_SOFASCORE
m_3oaL0D,,2026-03-12,p_36GYxJ,Álvaro Ocampo,Belgrano,Estudiantes de Río Cuarto,DEF,,,,,,,,SIN_EVENTO_SOFASCORE,SIN_EVENTO_SOFASCORE
m_3FHq0X,,2026-03-12,p_43Olsv,Alan Aguerre,Central Córdoba de Santiago,Defensa y Justicia,ARQ,,,,,,,,SIN_EVENTO_SOFASCORE,SIN_EVENTO_SOFASCORE
m_3FHq0X,,2026-03-12,p_2StpFV,Alejandro Maciel,Central Córdoba de Santiago,Defensa y Justicia,DEF,,,,,,,,SIN_EVENTO_SOFASCORE,SIN_EVENTO_SOFASCORE
m_3FHq0X,,2026-03-12,p_0ciPTe,Diego Barrera,Central Córdoba de Santiago,Defensa y Justicia,VOL,,,,,,,,SIN_EVENTO_SOFASCORE,SIN_EVENTO_SOFASCORE
m_3FHq0X,,2026-03-12,p_1KfXQ1,Facundo Mansilla Zahir,Central Córdoba de Santiago,Defensa y Justicia,DEF,,,,,,,,SIN_EVENTO_SOFASCORE,SIN_EVENTO_SOFASCORE
m_3FHq0X,,2026-03-12,p_1K6Fr9,Fernando Martínez,Central Córdoba de Santiago,Defensa y Justicia,DEF,,,,,,,,SIN_EVENTO_SOFASCORE,SIN_EVENTO_SOFASCORE
m_3FHq0X,,2026-03-12,p_444jRY,Horacio Tijanovich,Central Córdoba de Santiago,Defensa y Justicia,VOL,,,,,,,,SIN_EVENTO_SOFASCORE,SIN_EVENTO_SOFASCORE
m_3FHq0X,,2026-03-12,p_1PTJbZ,Juan Cardozo,Central Córdoba de Santiago,Defensa y Justicia,VOL,,,,,,,,SIN_EVENTO_SOFASCORE,SIN_EVENTO_SOFASCORE
m_3FHq0X,,2026-03-12,p_1dhUli,Juan Pablo Pignani,Central Córdoba de Santiago,Defensa y Justicia,DEF,,,,,,,,SIN_EVENTO_SOFASCORE,SIN_EVENTO_SOFASCORE
m_3FHq0X,,2026-03-12,p_0veUmD,Lucas González,Central Córdoba de Santiago,Defensa y Justicia,VOL,,,,,,,,SIN_EVENTO_SOFASCORE,SIN_EVENTO_SOFASCORE
m_3FHq0X,,2026-03-12,p_2nfEM8,Marco Iacobellis,Central Córdoba de Santiago,Defensa y Justicia,VOL,,,,,,,,SIN_EVENTO_SOFASCORE,SIN_EVENTO_SOFASCORE
m_3FHq0X,,2026-03-12,p_3XD5Nu,Matías Vera,Central Córdoba de Santiago,Defensa y Justicia,VOL,,,,,,,,SIN_EVENTO_SOFASCORE,SIN_EVENTO_SOFASCORE
m_3FHq0X,,2026-03-12,p_3cMYiv,Santiago Moyano,Central Córdoba de Santiago,Defensa y Justicia,DEF,,,,,,,,SIN_EVENTO_SOFASCORE,SIN_EVENTO_SOFASCORE
m_3FHq0X,,2026-03-12,p_0VScM6,Tiago Cravero,Central Córdoba de Santiago,Defensa y Justicia,VOL,,,,,,,,SIN_EVENTO_SOFASCORE,SIN_EVENTO_SOFASCORE
m_2mbzIF,,2026-03-12,p_3foBen,César Rigamonti,Gimnasia Mendoza,Deportivo Riestra,ARQ,,,,,,,,SIN_EVENTO_SOFASCORE,SIN_EVENTO_SOFASCORE
m_2mbzIF,,2026-03-12,p_4LMFQ0,Diego Mondino,Gimnasia Mendoza,Deportivo Riestra,DEF,,,,,,,,SIN_EVENTO_SOFASCORE,SIN_EVENTO_SOFASCORE
m_2mbzIF,,2026-03-12,p_1Iyu97,Esteban Fernández,Gimnasia Mendoza,Deportivo Riestra,VOL,,,,,,,,SIN_EVENTO_SOFASCORE,SIN_EVENTO_SOFASCORE
m_2mbzIF,,2026-03-12,p_2UZfm9,Ezequiel Muñoz,Gimnasia Mendoza,Deportivo Riestra,DEF,,,,,,,,SIN_EVENTO_SOFASCORE,SIN_EVENTO_SOFASCORE
m_2mbzIF,,2026-03-12,p_2ykUpy,Facundo Lencioni,Gimnasia Mendoza,Deportivo Riestra,VOL,,,,,,,,SIN_EVENTO_SOFASCORE,SIN_EVENTO_SOFASCORE
m_2mbzIF,,2026-03-12,p_1iogLn,Fermín Antonini,Gimnasia Mendoza,Deportivo Riestra,VOL,,,,,,,,SIN_EVENTO_SOFASCORE,SIN_EVENTO_SOFASCORE
m_2mbzIF,,2026-03-12,p_38u8in,Franco Saavedra,Gimnasia Mendoza,Deportivo Riestra,DEF,,,,,,,,SIN_EVENTO_SOFASCORE,SIN_EVENTO_SOFASCORE
m_2mbzIF,,2026-03-12,p_0WiaUz,Imanol Gonzalez,Gimnasia Mendoza,Deportivo Riestra,DEF,,,,,,,,SIN_EVENTO_SOFASCORE,SIN_EVENTO_SOFASCORE
m_2mbzIF,,2026-03-12,p_1HKdTo,Lautaro Carrera,Gimnasia Mendoza,Deportivo Riestra,DEF,,,,,,,,SIN_EVENTO_SOFASCORE,SIN_EVENTO_SOFASCORE
m_2mbzIF,,2026-03-12,p_3oqT7Z,Luciano Paredes,Gimnasia Mendoza,Deportivo Riestra,DEF,,,,,,,,SIN_EVENTO_SOFASCORE,SIN_EVENTO_SOFASCORE
m_2mbzIF,,2026-03-12,p_16FDGx,Nicolas Linares,Gimnasia Mendoza,Deportivo Riestra,VOL,,,,,,,,SIN_EVENTO_SOFASCORE,SIN_EVENTO_SOFASCORE
m_2mbzIF,,2026-03-12,p_0ybyPC,Ulises Sánchez,Gimnasia Mendoza,Deportivo Riestra,VOL,,,,,,,,SIN_EVENTO_SOFASCORE,SIN_EVENTO_SOFASCORE
m_0RZpdm,,2026-03-12,p_0t17ZI,Alex Luna,Instituto,Talleres,DEL,,,,,,,,SIN_EVENTO_SOFASCORE,SIN_EVENTO_SOFASCORE
m_0RZpdm,,2026-03-12,p_39c8jY,Diego Sosa,Instituto,Talleres,DEF,,,,,,,,SIN_EVENTO_SOFASCORE,SIN_EVENTO_SOFASCORE
m_0RZpdm,,2026-03-12,p_1qCu0J,Fernando Alarcón,Instituto,Talleres,DEF,,,,,,,,SIN_EVENTO_SOFASCORE,SIN_EVENTO_SOFASCORE
m_0RZpdm,,2026-03-12,p_1urJ9k,Franco Jara,Instituto,Talleres,DEL,,,,,,,,SIN_EVENTO_SOFASCORE,SIN_EVENTO_SOFASCORE
m_0RZpdm,,2026-03-12,p_0afatN,Gastón Lodico,Instituto,Talleres,VOL,,,,,,,,SIN_EVENTO_SOFASCORE,SIN_EVENTO_SOFASCORE
m_0RZpdm,,2026-03-12,p_3I0XnJ,Giuliano Cerato,Instituto,Talleres,VOL,,,,,,,,SIN_EVENTO_SOFASCORE,SIN_EVENTO_SOFASCORE
m_0RZpdm,,2026-03-12,p_287xJj,Gustavo Abregú,Instituto,Talleres,VOL,,,,,,,,SIN_EVENTO_SOFASCORE,SIN_EVENTO_SOFASCORE
m_0RZpdm,,2026-03-12,p_4T6aUk,Ignacio Méndez,Instituto,Talleres,VOL,,,,,,,,SIN_EVENTO_SOFASCORE,SIN_EVENTO_SOFASCORE
m_0RZpdm,,2026-03-12,p_28dMyW,Jeremías Lázaro,Instituto,Talleres,VOL,,,,,,,,SIN_EVENTO_SOFASCORE,SIN_EVENTO_SOFASCORE
m_0RZpdm,,2026-03-12,p_3x6Yqh,Leonel Mosevich,Instituto,Talleres,DEF,,,,,,,,SIN_EVENTO_SOFASCORE,SIN_EVENTO_SOFASCORE
m_0RZpdm,,2026-03-12,p_0BJh0v,Luca Rafaelli,Instituto,Talleres,VOL,,,,,,,,SIN_EVENTO_SOFASCORE,SIN_EVENTO_SOFASCORE
m_0RZpdm,,2026-03-12,p_4UkieF,Manuel Roffo,Instituto,Talleres,ARQ,,,,,,,,SIN_EVENTO_SOFASCORE,SIN_EVENTO_SOFASCORE
m_0RZpdm,,2026-03-12,p_3PzK4u,Matías Fonseca,Instituto,Talleres,DEL,,,,,,,,SIN_EVENTO_SOFASCORE,SIN_EVENTO_SOFASCORE
m_0RZpdm,,2026-03-12,p_0s5hPU,Matías Gallardo,Instituto,Talleres,VOL,,,,,,,,SIN_EVENTO_SOFASCORE,SIN_EVENTO_SOFASCORE
m_0RZpdm,,2026-03-12,p_4Dwu6c,Matías Tissera,Instituto,Talleres,DEL,,,,,,,,SIN_EVENTO_SOFASCORE,SIN_EVENTO_SOFASCORE
m_0RZpdm,,2026-03-12,p_0Gnu2O,Nicolás Guerra,Instituto,Talleres,DEL,,,,,,,,SIN_EVENTO_SOFASCORE,SIN_EVENTO_SOFASCORE
m_0RZpdm,,2026-03-12,p_0rvVb2,Alexandro Maidana,Talleres,Instituto,DEF,,,,,,,,SIN_EVENTO_SOFASCORE,SIN_EVENTO_SOFASCORE
m_0RZpdm,,2026-03-12,p_23S3AO,Augusto Schott,Talleres,Instituto,DEF,,,,,,,,SIN_EVENTO_SOFASCORE,SIN_EVENTO_SOFASCORE
m_0RZpdm,,2026-03-12,p_3weO8u,Franco Cristaldo,Talleres,Instituto,VOL,,,,,,,,SIN_EVENTO_SOFASCORE,SIN_EVENTO_SOFASCORE
m_0RZpdm,,2026-03-12,p_1u6e88,Guido Herrera,Talleres,Instituto,ARQ,,,,,,,,SIN_EVENTO_SOFASCORE,SIN_EVENTO_SOFASCORE
m_0RZpdm,,2026-03-12,p_3JOBGM,José Luis Palomino,Talleres,Instituto,DEF,,,,,,,,SIN_EVENTO_SOFASCORE,SIN_EVENTO_SOFASCORE
m_0RZpdm,,2026-03-12,p_0tQtiw,Juan Sforza,Talleres,Instituto,VOL,,,,,,,,SIN_EVENTO_SOFASCORE,SIN_EVENTO_SOFASCORE
m_0RZpdm,,2026-03-12,p_2QUHoA,Martín Río,Talleres,Instituto,VOL,,,,,,,,SIN_EVENTO_SOFASCORE,SIN_EVENTO_SOFASCORE
m_0RZpdm,,2026-03-12,p_4D08FT,Mateo Caceres,Talleres,Instituto,VOL,,,,,,,,SIN_EVENTO_SOFASCORE,SIN_EVENTO_SOFASCORE
m_0RZpdm,,2026-03-12,p_43mFql,Matías Catalán,Talleres,Instituto,DEF,,,,,,,,SIN_EVENTO_SOFASCORE,SIN_EVENTO_SOFASCORE
m_0RZpdm,,2026-03-12,p_0zKhoP,Matías Galarza,Talleres,Instituto,VOL,,,,,,,,SIN_EVENTO_SOFASCORE,SIN_EVENTO_SOFASCORE
m_0RZpdm,,2026-03-12,p_3GiPCr,Rick,Talleres,Instituto,DEL,,,,,,,,SIN_EVENTO_SOFASCORE,SIN_EVENTO_SOFASCORE
m_0RZpdm,,2026-03-12,p_4JpOk4,Rodrigo Guth,Talleres,Instituto,DEF,,,,,,,,SIN_EVENTO_SOFASCORE,SIN_EVENTO_SOFASCORE
m_0RZpdm,,2026-03-12,p_4bqyr6,Ronaldo Martínez,Talleres,Instituto,DEL,,,,,,,,SIN_EVENTO_SOFASCORE,SIN_EVENTO_SOFASCORE
m_0RZpdm,,2026-03-12,p_0V59vw,Santiago Fernández,Talleres,Instituto,DEF,,,,,,,,SIN_EVENTO_SOFASCORE,SIN_EVENTO_SOFASCORE
m_0RZpdm,,2026-03-12,p_2lzqTc,Ulises Ortegoza,Talleres,Instituto,VOL,,,,,,,,SIN_EVENTO_SOFASCORE,SIN_EVENTO_SOFASCORE
m_0RZpdm,,2026-03-12,p_2mFTYm,Valentín Dávila,Talleres,Instituto,DEL,,,,,,,,SIN_EVENTO_SOFASCORE,SIN_EVENTO_SOFASCORE
m_2rfIEE,,2026-03-13,p_1eezYL,Adolfo Gaich,Estudiantes,Lanús,DEL,,,,,,,,SIN_EVENTO_SOFASCORE,SIN_EVENTO_SOFASCORE
m_2rfIEE,,2026-03-13,p_4FAIfZ,Alexis Castro,Estudiantes,Lanús,VOL,,,,,,,,SIN_EVENTO_SOFASCORE,SIN_EVENTO_SOFASCORE
m_2rfIEE,,2026-03-13,p_3NKnXO,Brian Aguirre,Estudiantes,Lanús,VOL,,,,,,,,SIN_EVENTO_SOFASCORE,SIN_EVENTO_SOFASCORE
m_2rfIEE,,2026-03-13,p_1SE1Bg,Edwuin Cetré,Estudiantes,Lanús,DEL,,,,,,,,SIN_EVENTO_SOFASCORE,SIN_EVENTO_SOFASCORE
m_2rfIEE,,2026-03-13,p_375sV8,Eros Mancuso,Estudiantes,Lanús,DEF,,,,,,,,SIN_EVENTO_SOFASCORE,SIN_EVENTO_SOFASCORE
m_2rfIEE,,2026-03-13,p_4drKzY,Ezequiel Piovi,Estudiantes,Lanús,VOL,,,,,,,,SIN_EVENTO_SOFASCORE,SIN_EVENTO_SOFASCORE
m_2rfIEE,,2026-03-13,p_43Wo3u,Fernando Muslera,Estudiantes,Lanús,ARQ,,,,,,,,SIN_EVENTO_SOFASCORE,SIN_EVENTO_SOFASCORE
m_2rfIEE,,2026-03-13,p_1E7ljC,Gabriel Neves,Estudiantes,Lanús,VOL,,,,,,,,SIN_EVENTO_SOFASCORE,SIN_EVENTO_SOFASCORE
m_2rfIEE,,2026-03-13,p_4LoI3o,Gastón Benedetti,Estudiantes,Lanús,DEF,,,,,,,,SIN_EVENTO_SOFASCORE,SIN_EVENTO_SOFASCORE
m_2rfIEE,,2026-03-13,p_3BQAaS,Guido Carrillo,Estudiantes,Lanús,DEL,,,,,,,,SIN_EVENTO_SOFASCORE,SIN_EVENTO_SOFASCORE
m_2rfIEE,,2026-03-13,p_0mUgM6,Joaquín Tobio Burgos,Estudiantes,Lanús,DEL,,,,,,,,SIN_EVENTO_SOFASCORE,SIN_EVENTO_SOFASCORE
m_2rfIEE,,2026-03-13,p_0TKEkA,Mikel Amondarain,Estudiantes,Lanús,VOL,,,,,,,,SIN_EVENTO_SOFASCORE,SIN_EVENTO_SOFASCORE
m_2rfIEE,,2026-03-13,p_2ffBRo,Santiago Núñez,Estudiantes,Lanús,DEF,,,,,,,,SIN_EVENTO_SOFASCORE,SIN_EVENTO_SOFASCORE
m_2rfIEE,,2026-03-13,p_3UfnVk,Tiago Palacios,Estudiantes,Lanús,VOL,,,,,,,,SIN_EVENTO_SOFASCORE,SIN_EVENTO_SOFASCORE
m_2rfIEE,,2026-03-13,p_1TPSrY,Tomás Palacios,Estudiantes,Lanús,DEF,,,,,,,,SIN_EVENTO_SOFASCORE,SIN_EVENTO_SOFASCORE
m_2rfIEE,,2026-03-13,p_3xub3o,Agustín Cardozo,Lanús,Estudiantes,VOL,,,,,,,,SIN_EVENTO_SOFASCORE,SIN_EVENTO_SOFASCORE
m_2rfIEE,,2026-03-13,p_3dgI1a,Agustín Medina,Lanús,Estudiantes,VOL,,,,,,,,SIN_EVENTO_SOFASCORE,SIN_EVENTO_SOFASCORE
m_2rfIEE,,2026-03-13,p_4UExdP,Bruno Cabrera,Lanús,Estudiantes,VOL,,,,,,,,SIN_EVENTO_SOFASCORE,SIN_EVENTO_SOFASCORE
m_2rfIEE,,2026-03-13,p_0pxwpN,Carlos Izquierdoz,Lanús,Estudiantes,DEF,,,,,,,,SIN_EVENTO_SOFASCORE,SIN_EVENTO_SOFASCORE
m_2rfIEE,,2026-03-13,p_1pyxN1,Dylan Aquino,Lanús,Estudiantes,DEL,,,,,,,,SIN_EVENTO_SOFASCORE,SIN_EVENTO_SOFASCORE
m_2rfIEE,,2026-03-13,p_1Dr7TL,Eduardo Salvio,Lanús,Estudiantes,VOL,,,,,,,,SIN_EVENTO_SOFASCORE,SIN_EVENTO_SOFASCORE
m_2rfIEE,,2026-03-13,p_4NdBtx,Felipe Peña Biafore,Lanús,Estudiantes,VOL,,,,,,,,SIN_EVENTO_SOFASCORE,SIN_EVENTO_SOFASCORE
m_2rfIEE,,2026-03-13,p_45uQz6,Franco Watson,Lanús,Estudiantes,VOL,,,,,,,,SIN_EVENTO_SOFASCORE,SIN_EVENTO_SOFASCORE
m_2rfIEE,,2026-03-13,p_2YLj3q,José Canale,Lanús,Estudiantes,DEF,,,,,,,,SIN_EVENTO_SOFASCORE,SIN_EVENTO_SOFASCORE
m_2rfIEE,,2026-03-13,p_4W6aiW,Nahuel Losada,Lanús,Estudiantes,ARQ,,,,,,,,SIN_EVENTO_SOFASCORE,SIN_EVENTO_SOFASCORE
m_2rfIEE,,2026-03-13,p_3bNsap,Ramiro Carrera,Lanús,Estudiantes,VOL,,,,,,,,SIN_EVENTO_SOFASCORE,SIN_EVENTO_SOFASCORE
m_2rfIEE,,2026-03-13,p_37cT31,Ronaldo Dejesús,Lanús,Estudiantes,DEF,,,,,,,,SIN_EVENTO_SOFASCORE,SIN_EVENTO_SOFASCORE
m_2rfIEE,,2026-03-13,p_0YK7Rt,Sasha Marcich,Lanús,Estudiantes,DEF,,,,,,,,SIN_EVENTO_SOFASCORE,SIN_EVENTO_SOFASCORE
m_2rfIEE,,2026-03-13,p_2L5dje,Thomás de Martis,Lanús,Estudiantes,DEL,,,,,,,,SIN_EVENTO_SOFASCORE,SIN_EVENTO_SOFASCORE
m_2rfIEE,,2026-03-13,p_1Zygll,Tomás Ezequiel Guidara,Lanús,Estudiantes,DEF,,,,,,,,SIN_EVENTO_SOFASCORE,SIN_EVENTO_SOFASCORE
m_2rfIEE,,2026-03-13,p_0jBQTV,Walter Bou,Lanús,Estudiantes,DEL,,,,,,,,SIN_EVENTO_SOFASCORE,SIN_EVENTO_SOFASCORE
m_3W9CKi,,2026-03-15,p_43D8up,Adrián Sánchez,Belgrano,Talleres,VOL,,,,,,,,SIN_EVENTO_SOFASCORE,SIN_EVENTO_SOFASCORE
m_3W9CKi,,2026-03-15,p_1EMq3A,Alcides Benítez,Belgrano,Talleres,DEF,,,,,,,,SIN_EVENTO_SOFASCORE,SIN_EVENTO_SOFASCORE
m_3W9CKi,,2026-03-15,p_28SEJq,Alexis Maldonado,Belgrano,Talleres,DEF,,,,,,,,SIN_EVENTO_SOFASCORE,SIN_EVENTO_SOFASCORE
m_3W9CKi,,2026-03-15,p_49U5oJ,Emiliano Ariel Rigoni,Belgrano,Talleres,VOL,,,,,,,,SIN_EVENTO_SOFASCORE,SIN_EVENTO_SOFASCORE
m_3W9CKi,,2026-03-15,p_4OBdka,Federico Ricca,Belgrano,Talleres,DEF,,,,,,,,SIN_EVENTO_SOFASCORE,SIN_EVENTO_SOFASCORE
m_3W9CKi,,2026-03-15,p_4g8d1N,Franco Vázquez,Belgrano,Talleres,VOL,,,,,,,,SIN_EVENTO_SOFASCORE,SIN_EVENTO_SOFASCORE
m_3W9CKi,,2026-03-15,p_1hr765,Juan Velázquez,Belgrano,Talleres,VOL,,,,,,,,SIN_EVENTO_SOFASCORE,SIN_EVENTO_SOFASCORE
m_3W9CKi,,2026-03-15,p_1lrNAx,Lautaro Gutierrez,Belgrano,Talleres,VOL,,,,,,,,SIN_EVENTO_SOFASCORE,SIN_EVENTO_SOFASCORE
m_3W9CKi,,2026-03-15,p_3u6zLG,Leonardo Morales,Belgrano,Talleres,DEF,,,,,,,,SIN_EVENTO_SOFASCORE,SIN_EVENTO_SOFASCORE
m_3W9CKi,,2026-03-15,p_3MmYTU,Lucas Passerini,Belgrano,Talleres,DEL,,,,,,,,SIN_EVENTO_SOFASCORE,SIN_EVENTO_SOFASCORE
m_3W9CKi,,2026-03-15,p_3v2tAE,Lucas Zelarayán,Belgrano,Talleres,VOL,,,,,,,,SIN_EVENTO_SOFASCORE,SIN_EVENTO_SOFASCORE
m_3W9CKi,,2026-03-15,p_09kVaG,Nicolás Fernández,Belgrano,Talleres,DEL,,,,,,,,SIN_EVENTO_SOFASCORE,SIN_EVENTO_SOFASCORE
m_3W9CKi,,2026-03-15,p_0FN6nM,Ramiro Hernandes,Belgrano,Talleres,VOL,,,,,,,,SIN_EVENTO_SOFASCORE,SIN_EVENTO_SOFASCORE
m_3W9CKi,,2026-03-15,p_2PNnZ9,Santiago Longo,Belgrano,Talleres,VOL,,,,,,,,SIN_EVENTO_SOFASCORE,SIN_EVENTO_SOFASCORE
m_3W9CKi,,2026-03-15,p_0ujJJG,Thiago Cardozo,Belgrano,Talleres,ARQ,,,,,,,,SIN_EVENTO_SOFASCORE,SIN_EVENTO_SOFASCORE
m_3W9CKi,,2026-03-15,p_36GYxJ,Álvaro Ocampo,Belgrano,Talleres,DEF,,,,,,,,SIN_EVENTO_SOFASCORE,SIN_EVENTO_SOFASCORE
m_4KLddA,,2026-03-15,p_1bUOsk,Alexis Steimbach,Gimnasia LP,Independiente Rivadavia,DEF,,,,,,,,SIN_EVENTO_SOFASCORE,SIN_EVENTO_SOFASCORE
m_4KLddA,,2026-03-15,p_0AsvjF,Augusto Max,Gimnasia LP,Independiente Rivadavia,VOL,,,,,,,,SIN_EVENTO_SOFASCORE,SIN_EVENTO_SOFASCORE
m_4KLddA,,2026-03-15,p_40ubcR,Enzo Martínez,Gimnasia LP,Independiente Rivadavia,DEF,,,,,,,,SIN_EVENTO_SOFASCORE,SIN_EVENTO_SOFASCORE
m_4KLddA,,2026-03-15,p_15wJtA,Ignacio Fernández,Gimnasia LP,Independiente Rivadavia,VOL,,,,,,,,SIN_EVENTO_SOFASCORE,SIN_EVENTO_SOFASCORE
m_4KLddA,,2026-03-15,p_1zT5yZ,Juan Cortazzo,Gimnasia LP,Independiente Rivadavia,DEF,,,,,,,,SIN_EVENTO_SOFASCORE,SIN_EVENTO_SOFASCORE
m_4KLddA,,2026-03-15,p_3s2VQn,Juan Pérez,Gimnasia LP,Independiente Rivadavia,VOL,,,,,,,,SIN_EVENTO_SOFASCORE,SIN_EVENTO_SOFASCORE
m_4KLddA,,2026-03-15,p_2AGsdf,Julián Kadijevic,Gimnasia LP,Independiente Rivadavia,ARQ,,,,,,,,SIN_EVENTO_SOFASCORE,SIN_EVENTO_SOFASCORE
m_4KLddA,,2026-03-15,p_2h5dHt,Manuel Panaro,Gimnasia LP,Independiente Rivadavia,VOL,,,,,,,,SIN_EVENTO_SOFASCORE,SIN_EVENTO_SOFASCORE
m_4KLddA,,2026-03-15,p_3BlplQ,Matías Melluso,Gimnasia LP,Independiente Rivadavia,DEF,,,,,,,,SIN_EVENTO_SOFASCORE,SIN_EVENTO_SOFASCORE
m_4KLddA,,2026-03-15,p_0naJM3,Nicolás Barros Schelotto,Gimnasia LP,Independiente Rivadavia,VOL,,,,,,,,SIN_EVENTO_SOFASCORE,SIN_EVENTO_SOFASCORE
m_4KLddA,,2026-03-15,p_3AOI3O,Pablo Aguiar,Gimnasia LP,Independiente Rivadavia,VOL,,,,,,,,SIN_EVENTO_SOFASCORE,SIN_EVENTO_SOFASCORE
m_4KLddA,,2026-03-15,p_2ZvpgZ,Pedro Silva Torrejón,Gimnasia LP,Independiente Rivadavia,DEF,,,,,,,,SIN_EVENTO_SOFASCORE,SIN_EVENTO_SOFASCORE
m_4KLddA,,2026-03-15,p_0URNSN,Renzo Giampaoli,Gimnasia LP,Independiente Rivadavia,DEF,,,,,,,,SIN_EVENTO_SOFASCORE,SIN_EVENTO_SOFASCORE
m_3W9CKi,,2026-03-15,p_0rvVb2,Alexandro Maidana,Talleres,Belgrano,DEF,,,,,,,,SIN_EVENTO_SOFASCORE,SIN_EVENTO_SOFASCORE
m_3W9CKi,,2026-03-15,p_23S3AO,Augusto Schott,Talleres,Belgrano,DEF,,,,,,,,SIN_EVENTO_SOFASCORE,SIN_EVENTO_SOFASCORE
m_3W9CKi,,2026-03-15,p_05SKXO,Emiliano Chiavassa,Talleres,Belgrano,DEL,,,,,,,,SIN_EVENTO_SOFASCORE,SIN_EVENTO_SOFASCORE
m_3W9CKi,,2026-03-15,p_3weO8u,Franco Cristaldo,Talleres,Belgrano,VOL,,,,,,,,SIN_EVENTO_SOFASCORE,SIN_EVENTO_SOFASCORE
m_3W9CKi,,2026-03-15,p_209otm,Giovanni Baroni,Talleres,Belgrano,VOL,,,,,,,,SIN_EVENTO_SOFASCORE,SIN_EVENTO_SOFASCORE
m_3W9CKi,,2026-03-15,p_1u6e88,Guido Herrera,Talleres,Belgrano,ARQ,,,,,,,,SIN_EVENTO_SOFASCORE,SIN_EVENTO_SOFASCORE
m_3W9CKi,,2026-03-15,p_0tQtiw,Juan Sforza,Talleres,Belgrano,VOL,,,,,,,,SIN_EVENTO_SOFASCORE,SIN_EVENTO_SOFASCORE
m_3W9CKi,,2026-03-15,p_2QUHoA,Martín Río,Talleres,Belgrano,VOL,,,,,,,,SIN_EVENTO_SOFASCORE,SIN_EVENTO_SOFASCORE
m_3W9CKi,,2026-03-15,p_4D08FT,Mateo Caceres,Talleres,Belgrano,VOL,,,,,,,,SIN_EVENTO_SOFASCORE,SIN_EVENTO_SOFASCORE
m_3W9CKi,,2026-03-15,p_43mFql,Matías Catalán,Talleres,Belgrano,DEF,,,,,,,,SIN_EVENTO_SOFASCORE,SIN_EVENTO_SOFASCORE
m_3W9CKi,,2026-03-15,p_0zKhoP,Matías Galarza,Talleres,Belgrano,VOL,,,,,,,,SIN_EVENTO_SOFASCORE,SIN_EVENTO_SOFASCORE
m_3W9CKi,,2026-03-15,p_3GiPCr,Rick,Talleres,Belgrano,DEL,,,,,,,,SIN_EVENTO_SOFASCORE,SIN_EVENTO_SOFASCORE
m_3W9CKi,,2026-03-15,p_4bqyr6,Ronaldo Martínez,Talleres,Belgrano,DEL,,,,,,,,SIN_EVENTO_SOFASCORE,SIN_EVENTO_SOFASCORE
m_3W9CKi,,2026-03-15,p_0V59vw,Santiago Fernández,Talleres,Belgrano,DEF,,,,,,,,SIN_EVENTO_SOFASCORE,SIN_EVENTO_SOFASCORE
m_3W9CKi,,2026-03-15,p_2lzqTc,Ulises Ortegoza,Talleres,Belgrano,VOL,,,,,,,,SIN_EVENTO_SOFASCORE,SIN_EVENTO_SOFASCORE
m_3W9CKi,,2026-03-15,p_2mFTYm,Valentín Dávila,Talleres,Belgrano,DEL,,,,,,,,SIN_EVENTO_SOFASCORE,SIN_EVENTO_SOFASCORE
m_1ifuZW,,2026-03-16,p_43YxGe,Brahian Cuello,Unión,Boca Juniors,VOL,,,,,,,,SIN_EVENTO_SOFASCORE,SIN_EVENTO_SOFASCORE
m_1ifuZW,,2026-03-16,p_3c6pcI,Juan Pablo Ludueña,Unión,Boca Juniors,DEF,,,,,,,,SIN_EVENTO_SOFASCORE,SIN_EVENTO_SOFASCORE
m_1ifuZW,,2026-03-16,p_1h4yOi,Julián Palacios,Unión,Boca Juniors,VOL,,,,,,,,SIN_EVENTO_SOFASCORE,SIN_EVENTO_SOFASCORE
m_1ifuZW,,2026-03-16,p_1A84Jv,Lautaro Vargas,Unión,Boca Juniors,DEF,,,,,,,,SIN_EVENTO_SOFASCORE,SIN_EVENTO_SOFASCORE
m_1ifuZW,,2026-03-16,p_2jiARu,Maizon Rodríguez,Unión,Boca Juniors,DEF,,,,,,,,SIN_EVENTO_SOFASCORE,SIN_EVENTO_SOFASCORE
m_1ifuZW,,2026-03-16,p_2vkqTj,Mateo Del Blanco,Unión,Boca Juniors,DEF,,,,,,,,SIN_EVENTO_SOFASCORE,SIN_EVENTO_SOFASCORE
m_1ifuZW,,2026-03-16,p_0yyPLQ,Matías Mansilla,Unión,Boca Juniors,ARQ,,,,,,,,SIN_EVENTO_SOFASCORE,SIN_EVENTO_SOFASCORE
m_1ifuZW,,2026-03-16,p_3yJs62,Mauro Pittón,Unión,Boca Juniors,VOL,,,,,,,,SIN_EVENTO_SOFASCORE,SIN_EVENTO_SOFASCORE
m_1ifuZW,,2026-03-16,p_11jmli,Misael Aguirre,Unión,Boca Juniors,VOL,,,,,,,,SIN_EVENTO_SOFASCORE,SIN_EVENTO_SOFASCORE
m_1ifuZW,,2026-03-16,p_038W5d,Rafael Profini,Unión,Boca Juniors,VOL,,,,,,,,SIN_EVENTO_SOFASCORE,SIN_EVENTO_SOFASCORE
m_1ifuZW,,2026-03-16,p_2VZHxk,Santiago Grella,Unión,Boca Juniors,VOL,,,,,,,,SIN_EVENTO_SOFASCORE,SIN_EVENTO_SOFASCORE
m_4WxmC2,,2026-03-17,p_3HQuJ6,Facundo Valdéz,Independiente,Instituto,DEL,,,,,,,,SIN_EVENTO_SOFASCORE,SIN_EVENTO_SOFASCORE
m_4WxmC2,,2026-03-17,p_2ralsZ,Facundo Zabala,Independiente,Instituto,DEF,,,,,,,,SIN_EVENTO_SOFASCORE,SIN_EVENTO_SOFASCORE
m_4WxmC2,,2026-03-17,p_44fmOo,Gabriel Ávalos,Independiente,Instituto,DEL,,,,,,,,SIN_EVENTO_SOFASCORE,SIN_EVENTO_SOFASCORE
m_4WxmC2,,2026-03-17,p_47bCwf,Ignacio Malcorra,Independiente,Instituto,VOL,,,,,,,,SIN_EVENTO_SOFASCORE,SIN_EVENTO_SOFASCORE
m_4WxmC2,,2026-03-17,p_4F21o7,Ignacio Pussetto,Independiente,Instituto,DEL,,,,,,,,SIN_EVENTO_SOFASCORE,SIN_EVENTO_SOFASCORE
m_4WxmC2,,2026-03-17,p_477cm1,Iván Marcone,Independiente,Instituto,VOL,,,,,,,,SIN_EVENTO_SOFASCORE,SIN_EVENTO_SOFASCORE
m_4WxmC2,,2026-03-17,p_3zzhTk,Kevin Lomónaco,Independiente,Instituto,DEF,,,,,,,,SIN_EVENTO_SOFASCORE,SIN_EVENTO_SOFASCORE
m_4WxmC2,,2026-03-17,p_2Y5BPH,Leonardo Godoy,Independiente,Instituto,DEF,,,,,,,,SIN_EVENTO_SOFASCORE,SIN_EVENTO_SOFASCORE
m_4WxmC2,,2026-03-17,p_1vDFZe,Luciano Cabral,Independiente,Instituto,VOL,,,,,,,,SIN_EVENTO_SOFASCORE,SIN_EVENTO_SOFASCORE
m_4WxmC2,,2026-03-17,p_2l6eDm,Matías Abaldo,Independiente,Instituto,DEL,,,,,,,,SIN_EVENTO_SOFASCORE,SIN_EVENTO_SOFASCORE
m_4WxmC2,,2026-03-17,p_3neIIb,Maximiliano Gutiérrez,Independiente,Instituto,DEL,,,,,,,,SIN_EVENTO_SOFASCORE,SIN_EVENTO_SOFASCORE
m_4WxmC2,,2026-03-17,p_41uo5Q,Milton Valenzuela,Independiente,Instituto,DEF,,,,,,,,SIN_EVENTO_SOFASCORE,SIN_EVENTO_SOFASCORE
m_4WxmC2,,2026-03-17,p_4L0APC,Rodrigo Fernández,Independiente,Instituto,VOL,,,,,,,,SIN_EVENTO_SOFASCORE,SIN_EVENTO_SOFASCORE
m_4WxmC2,,2026-03-17,p_3KLwFI,Rodrigo Rey,Independiente,Instituto,ARQ,,,,,,,,SIN_EVENTO_SOFASCORE,SIN_EVENTO_SOFASCORE
m_4WxmC2,,2026-03-17,p_4RoV0i,Santiago Arias,Independiente,Instituto,DEF,,,,,,,,SIN_EVENTO_SOFASCORE,SIN_EVENTO_SOFASCORE
m_4WxmC2,,2026-03-17,p_4UoYBc,Sebastián Valdéz,Independiente,Instituto,DEF,,,,,,,,SIN_EVENTO_SOFASCORE,SIN_EVENTO_SOFASCORE
m_4WxmC2,,2026-03-17,p_0kjymf,Agustín Massaccesi,Instituto,Independiente,DEF,,,,,,,,SIN_EVENTO_SOFASCORE,SIN_EVENTO_SOFASCORE
m_4WxmC2,,2026-03-17,p_0t17ZI,Alex Luna,Instituto,Independiente,DEL,,,,,,,,SIN_EVENTO_SOFASCORE,SIN_EVENTO_SOFASCORE
m_4WxmC2,,2026-03-17,p_39c8jY,Diego Sosa,Instituto,Independiente,DEF,,,,,,,,SIN_EVENTO_SOFASCORE,SIN_EVENTO_SOFASCORE
m_4WxmC2,,2026-03-17,p_1qCu0J,Fernando Alarcón,Instituto,Independiente,DEF,,,,,,,,SIN_EVENTO_SOFASCORE,SIN_EVENTO_SOFASCORE
m_4WxmC2,,2026-03-17,p_1urJ9k,Franco Jara,Instituto,Independiente,DEL,,,,,,,,SIN_EVENTO_SOFASCORE,SIN_EVENTO_SOFASCORE
m_4WxmC2,,2026-03-17,p_0afatN,Gastón Lodico,Instituto,Independiente,VOL,,,,,,,,SIN_EVENTO_SOFASCORE,SIN_EVENTO_SOFASCORE
m_4WxmC2,,2026-03-17,p_3I0XnJ,Giuliano Cerato,Instituto,Independiente,VOL,,,,,,,,SIN_EVENTO_SOFASCORE,SIN_EVENTO_SOFASCORE
m_4WxmC2,,2026-03-17,p_287xJj,Gustavo Abregú,Instituto,Independiente,VOL,,,,,,,,SIN_EVENTO_SOFASCORE,SIN_EVENTO_SOFASCORE
m_4WxmC2,,2026-03-17,p_4T6aUk,Ignacio Méndez,Instituto,Independiente,VOL,,,,,,,,SIN_EVENTO_SOFASCORE,SIN_EVENTO_SOFASCORE
m_4WxmC2,,2026-03-17,p_2AQDyY,Jhon Córdoba,Instituto,Independiente,VOL,,,,,,,,SIN_EVENTO_SOFASCORE,SIN_EVENTO_SOFASCORE
m_4WxmC2,,2026-03-17,p_1xKto7,Jonathan Galván,Instituto,Independiente,DEF,,,,,,,,SIN_EVENTO_SOFASCORE,SIN_EVENTO_SOFASCORE
m_4WxmC2,,2026-03-17,p_3x6Yqh,Leonel Mosevich,Instituto,Independiente,DEF,,,,,,,,SIN_EVENTO_SOFASCORE,SIN_EVENTO_SOFASCORE
m_4WxmC2,,2026-03-17,p_0BJh0v,Luca Rafaelli,Instituto,Independiente,VOL,,,,,,,,SIN_EVENTO_SOFASCORE,SIN_EVENTO_SOFASCORE
m_4WxmC2,,2026-03-17,p_4UkieF,Manuel Roffo,Instituto,Independiente,ARQ,,,,,,,,SIN_EVENTO_SOFASCORE,SIN_EVENTO_SOFASCORE
m_4WxmC2,,2026-03-17,p_3PzK4u,Matías Fonseca,Instituto,Independiente,DEL,,,,,,,,SIN_EVENTO_SOFASCORE,SIN_EVENTO_SOFASCORE
m_4WxmC2,,2026-03-17,p_0Gnu2O,Nicolás Guerra,Instituto,Independiente,DEL,,,,,,,,SIN_EVENTO_SOFASCORE,SIN_EVENTO_SOFASCORE
m_1sCl2u,,2026-03-17,p_3xub3o,Agustín Cardozo,Lanús,Newell's Old Boys,VOL,,,,,,,,SIN_EVENTO_SOFASCORE,SIN_EVENTO_SOFASCORE
m_1sCl2u,,2026-03-17,p_3dgI1a,Agustín Medina,Lanús,Newell's Old Boys,VOL,,,,,,,,SIN_EVENTO_SOFASCORE,SIN_EVENTO_SOFASCORE
m_1sCl2u,,2026-03-17,p_4UExdP,Bruno Cabrera,Lanús,Newell's Old Boys,VOL,,,,,,,,SIN_EVENTO_SOFASCORE,SIN_EVENTO_SOFASCORE
m_1sCl2u,,2026-03-17,p_0pxwpN,Carlos Izquierdoz,Lanús,Newell's Old Boys,DEF,,,,,,,,SIN_EVENTO_SOFASCORE,SIN_EVENTO_SOFASCORE
m_1sCl2u,,2026-03-17,p_1Dr7TL,Eduardo Salvio,Lanús,Newell's Old Boys,VOL,,,,,,,,SIN_EVENTO_SOFASCORE,SIN_EVENTO_SOFASCORE
m_1sCl2u,,2026-03-17,p_4NdBtx,Felipe Peña Biafore,Lanús,Newell's Old Boys,VOL,,,,,,,,SIN_EVENTO_SOFASCORE,SIN_EVENTO_SOFASCORE
m_1sCl2u,,2026-03-17,p_45uQz6,Franco Watson,Lanús,Newell's Old Boys,VOL,,,,,,,,SIN_EVENTO_SOFASCORE,SIN_EVENTO_SOFASCORE
m_1sCl2u,,2026-03-17,p_2YLj3q,José Canale,Lanús,Newell's Old Boys,DEF,,,,,,,,SIN_EVENTO_SOFASCORE,SIN_EVENTO_SOFASCORE
m_1sCl2u,,2026-03-17,p_0MwF8F,Lucas Besozzi,Lanús,Newell's Old Boys,VOL,,,,,,,,SIN_EVENTO_SOFASCORE,SIN_EVENTO_SOFASCORE
m_1sCl2u,,2026-03-17,p_4W6aiW,Nahuel Losada,Lanús,Newell's Old Boys,ARQ,,,,,,,,SIN_EVENTO_SOFASCORE,SIN_EVENTO_SOFASCORE
m_1sCl2u,,2026-03-17,p_3bNsap,Ramiro Carrera,Lanús,Newell's Old Boys,VOL,,,,,,,,SIN_EVENTO_SOFASCORE,SIN_EVENTO_SOFASCORE
m_1sCl2u,,2026-03-17,p_0YK7Rt,Sasha Marcich,Lanús,Newell's Old Boys,DEF,,,,,,,,SIN_EVENTO_SOFASCORE,SIN_EVENTO_SOFASCORE
m_1sCl2u,,2026-03-17,p_1Zygll,Tomás Ezequiel Guidara,Lanús,Newell's Old Boys,DEF,,,,,,,,SIN_EVENTO_SOFASCORE,SIN_EVENTO_SOFASCORE
m_1JvU76,,2026-03-18,p_0vreM8,Agustín Quiroga,Central Córdoba de Santiago,Deportivo Riestra,DEF,,,,,,,,SIN_EVENTO_SOFASCORE,SIN_EVENTO_SOFASCORE
m_1JvU76,,2026-03-18,p_43Olsv,Alan Aguerre,Central Córdoba de Santiago,Deportivo Riestra,ARQ,,,,,,,,SIN_EVENTO_SOFASCORE,SIN_EVENTO_SOFASCORE
m_1JvU76,,2026-03-18,p_2StpFV,Alejandro Maciel,Central Córdoba de Santiago,Deportivo Riestra,DEF,,,,,,,,SIN_EVENTO_SOFASCORE,SIN_EVENTO_SOFASCORE
m_1JvU76,,2026-03-18,p_0ciPTe,Diego Barrera,Central Córdoba de Santiago,Deportivo Riestra,VOL,,,,,,,,SIN_EVENTO_SOFASCORE,SIN_EVENTO_SOFASCORE
m_1JvU76,,2026-03-18,p_1KfXQ1,Facundo Mansilla Zahir,Central Córdoba de Santiago,Deportivo Riestra,DEF,,,,,,,,SIN_EVENTO_SOFASCORE,SIN_EVENTO_SOFASCORE
m_1JvU76,,2026-03-18,p_1K6Fr9,Fernando Martínez,Central Córdoba de Santiago,Deportivo Riestra,DEF,,,,,,,,SIN_EVENTO_SOFASCORE,SIN_EVENTO_SOFASCORE
m_1JvU76,,2026-03-18,p_444jRY,Horacio Tijanovich,Central Córdoba de Santiago,Deportivo Riestra,VOL,,,,,,,,SIN_EVENTO_SOFASCORE,SIN_EVENTO_SOFASCORE
m_1JvU76,,2026-03-18,p_1PTJbZ,Juan Cardozo,Central Córdoba de Santiago,Deportivo Riestra,VOL,,,,,,,,SIN_EVENTO_SOFASCORE,SIN_EVENTO_SOFASCORE
m_1JvU76,,2026-03-18,p_1dhUli,Juan Pablo Pignani,Central Córdoba de Santiago,Deportivo Riestra,DEF,,,,,,,,SIN_EVENTO_SOFASCORE,SIN_EVENTO_SOFASCORE
m_1JvU76,,2026-03-18,p_0veUmD,Lucas González,Central Córdoba de Santiago,Deportivo Riestra,VOL,,,,,,,,SIN_EVENTO_SOFASCORE,SIN_EVENTO_SOFASCORE
m_1JvU76,,2026-03-18,p_3XD5Nu,Matías Vera,Central Córdoba de Santiago,Deportivo Riestra,VOL,,,,,,,,SIN_EVENTO_SOFASCORE,SIN_EVENTO_SOFASCORE
m_1JvU76,,2026-03-18,p_3cMYiv,Santiago Moyano,Central Córdoba de Santiago,Deportivo Riestra,DEF,,,,,,,,SIN_EVENTO_SOFASCORE,SIN_EVENTO_SOFASCORE
m_1JvU76,,2026-03-18,p_0VScM6,Tiago Cravero,Central Córdoba de Santiago,Deportivo Riestra,VOL,,,,,,,,SIN_EVENTO_SOFASCORE,SIN_EVENTO_SOFASCORE
m_1JvU76,,2026-03-18,p_4Pokti,Yuri Casermeiro,Central Córdoba de Santiago,Deportivo Riestra,DEF,,,,,,,,SIN_EVENTO_SOFASCORE,SIN_EVENTO_SOFASCORE
m_2XIz1k,,2026-03-18,p_1eezYL,Adolfo Gaich,Estudiantes,Gimnasia Mendoza,DEL,,,,,,,,SIN_EVENTO_SOFASCORE,SIN_EVENTO_SOFASCORE
m_2XIz1k,,2026-03-18,p_4FAIfZ,Alexis Castro,Estudiantes,Gimnasia Mendoza,VOL,,,,,,,,SIN_EVENTO_SOFASCORE,SIN_EVENTO_SOFASCORE
m_2XIz1k,,2026-03-18,p_1SE1Bg,Edwuin Cetré,Estudiantes,Gimnasia Mendoza,DEL,,,,,,,,SIN_EVENTO_SOFASCORE,SIN_EVENTO_SOFASCORE
m_2XIz1k,,2026-03-18,p_2DQVsu,Eric Meza,Estudiantes,Gimnasia Mendoza,DEF,,,,,,,,SIN_EVENTO_SOFASCORE,SIN_EVENTO_SOFASCORE
m_2XIz1k,,2026-03-18,p_375sV8,Eros Mancuso,Estudiantes,Gimnasia Mendoza,DEF,,,,,,,,SIN_EVENTO_SOFASCORE,SIN_EVENTO_SOFASCORE
m_2XIz1k,,2026-03-18,p_4drKzY,Ezequiel Piovi,Estudiantes,Gimnasia Mendoza,VOL,,,,,,,,SIN_EVENTO_SOFASCORE,SIN_EVENTO_SOFASCORE
m_2XIz1k,,2026-03-18,p_0UPCHl,Fabricio Pérez,Estudiantes,Gimnasia Mendoza,VOL,,,,,,,,SIN_EVENTO_SOFASCORE,SIN_EVENTO_SOFASCORE
m_2XIz1k,,2026-03-18,p_43Wo3u,Fernando Muslera,Estudiantes,Gimnasia Mendoza,ARQ,,,,,,,,SIN_EVENTO_SOFASCORE,SIN_EVENTO_SOFASCORE
m_2XIz1k,,2026-03-18,p_1E7ljC,Gabriel Neves,Estudiantes,Gimnasia Mendoza,VOL,,,,,,,,SIN_EVENTO_SOFASCORE,SIN_EVENTO_SOFASCORE
m_2XIz1k,,2026-03-18,p_4LoI3o,Gastón Benedetti,Estudiantes,Gimnasia Mendoza,DEF,,,,,,,,SIN_EVENTO_SOFASCORE,SIN_EVENTO_SOFASCORE
m_2XIz1k,,2026-03-18,p_3BQAaS,Guido Carrillo,Estudiantes,Gimnasia Mendoza,DEL,,,,,,,,SIN_EVENTO_SOFASCORE,SIN_EVENTO_SOFASCORE
m_2XIz1k,,2026-03-18,p_10iCWI,Leandro González Pírez,Estudiantes,Gimnasia Mendoza,DEF,,,,,,,,SIN_EVENTO_SOFASCORE,SIN_EVENTO_SOFASCORE
m_2XIz1k,,2026-03-18,p_0TKEkA,Mikel Amondarain,Estudiantes,Gimnasia Mendoza,VOL,,,,,,,,SIN_EVENTO_SOFASCORE,SIN_EVENTO_SOFASCORE
m_2XIz1k,,2026-03-18,p_2ffBRo,Santiago Núñez,Estudiantes,Gimnasia Mendoza,DEF,,,,,,,,SIN_EVENTO_SOFASCORE,SIN_EVENTO_SOFASCORE
m_2XIz1k,,2026-03-18,p_3UfnVk,Tiago Palacios,Estudiantes,Gimnasia Mendoza,VOL,,,,,,,,SIN_EVENTO_SOFASCORE,SIN_EVENTO_SOFASCORE
m_2XIz1k,,2026-03-18,p_1TPSrY,Tomás Palacios,Estudiantes,Gimnasia Mendoza,DEF,,,,,,,,SIN_EVENTO_SOFASCORE,SIN_EVENTO_SOFASCORE
m_2XIz1k,,2026-03-18,p_1mCr0i,Agustín Módica,Gimnasia Mendoza,Estudiantes,DEL,,,,,,,,SIN_EVENTO_SOFASCORE,SIN_EVENTO_SOFASCORE
m_2XIz1k,,2026-03-18,p_0EQwZX,Blas Armoa,Gimnasia Mendoza,Estudiantes,DEL,,,,,,,,SIN_EVENTO_SOFASCORE,SIN_EVENTO_SOFASCORE
m_2XIz1k,,2026-03-18,p_3foBen,César Rigamonti,Gimnasia Mendoza,Estudiantes,ARQ,,,,,,,,SIN_EVENTO_SOFASCORE,SIN_EVENTO_SOFASCORE
m_2XIz1k,,2026-03-18,p_4LMFQ0,Diego Mondino,Gimnasia Mendoza,Estudiantes,DEF,,,,,,,,SIN_EVENTO_SOFASCORE,SIN_EVENTO_SOFASCORE
m_2XIz1k,,2026-03-18,p_2UZfm9,Ezequiel Muñoz,Gimnasia Mendoza,Estudiantes,DEF,,,,,,,,SIN_EVENTO_SOFASCORE,SIN_EVENTO_SOFASCORE
m_2XIz1k,,2026-03-18,p_2ykUpy,Facundo Lencioni,Gimnasia Mendoza,Estudiantes,VOL,,,,,,,,SIN_EVENTO_SOFASCORE,SIN_EVENTO_SOFASCORE
m_2XIz1k,,2026-03-18,p_1iogLn,Fermín Antonini,Gimnasia Mendoza,Estudiantes,VOL,,,,,,,,SIN_EVENTO_SOFASCORE,SIN_EVENTO_SOFASCORE
m_2XIz1k,,2026-03-18,p_38u8in,Franco Saavedra,Gimnasia Mendoza,Estudiantes,DEF,,,,,,,,SIN_EVENTO_SOFASCORE,SIN_EVENTO_SOFASCORE
m_2XIz1k,,2026-03-18,p_3yIku6,Ismael Cortéz,Gimnasia Mendoza,Estudiantes,DEF,,,,,,,,SIN_EVENTO_SOFASCORE,SIN_EVENTO_SOFASCORE
m_2XIz1k,,2026-03-18,p_1HKdTo,Lautaro Carrera,Gimnasia Mendoza,Estudiantes,DEF,,,,,,,,SIN_EVENTO_SOFASCORE,SIN_EVENTO_SOFASCORE
m_2XIz1k,,2026-03-18,p_3oqT7Z,Luciano Paredes,Gimnasia Mendoza,Estudiantes,DEF,,,,,,,,SIN_EVENTO_SOFASCORE,SIN_EVENTO_SOFASCORE
m_2XIz1k,,2026-03-18,p_16FDGx,Nicolas Linares,Gimnasia Mendoza,Estudiantes,VOL,,,,,,,,SIN_EVENTO_SOFASCORE,SIN_EVENTO_SOFASCORE
m_2XIz1k,,2026-03-18,p_4ckwa7,Nicolás Ferreyra,Gimnasia Mendoza,Estudiantes,DEL,,,,,,,,SIN_EVENTO_SOFASCORE,SIN_EVENTO_SOFASCORE
m_2XIz1k,,2026-03-18,p_4WHbBz,Santiago Rodríguez,Gimnasia Mendoza,Estudiantes,DEL,,,,,,,,SIN_EVENTO_SOFASCORE,SIN_EVENTO_SOFASCORE
m_2XIz1k,,2026-03-18,p_0ybyPC,Ulises Sánchez,Gimnasia Mendoza,Estudiantes,VOL,,,,,,,,SIN_EVENTO_SOFASCORE,SIN_EVENTO_SOFASCORE
m_2XIz1k,,2026-03-18,p_3guJ6P,Valentino Simoni,Gimnasia Mendoza,Estudiantes,DEL,,,,,,,,SIN_EVENTO_SOFASCORE,SIN_EVENTO_SOFASCORE
m_1c7isO,,2026-03-21,p_1bUOsk,Alexis Steimbach,Gimnasia LP,Atlético Tucumán,DEF,,,,,,,,SIN_EVENTO_SOFASCORE,SIN_EVENTO_SOFASCORE
m_1c7isO,,2026-03-21,p_0AsvjF,Augusto Max,Gimnasia LP,Atlético Tucumán,VOL,,,,,,,,SIN_EVENTO_SOFASCORE,SIN_EVENTO_SOFASCORE
m_1c7isO,,2026-03-21,p_3Na8Ca,Diego Mastrangelo,Gimnasia LP,Atlético Tucumán,DEF,,,,,,,,SIN_EVENTO_SOFASCORE,SIN_EVENTO_SOFASCORE
m_1c7isO,,2026-03-21,p_40ubcR,Enzo Martínez,Gimnasia LP,Atlético Tucumán,DEF,,,,,,,,SIN_EVENTO_SOFASCORE,SIN_EVENTO_SOFASCORE
m_1c7isO,,2026-03-21,p_1tL0oC,Gonzalo Errecalde,Gimnasia LP,Atlético Tucumán,DEF,,,,,,,,SIN_EVENTO_SOFASCORE,SIN_EVENTO_SOFASCORE
m_1c7isO,,2026-03-21,p_15wJtA,Ignacio Fernández,Gimnasia LP,Atlético Tucumán,VOL,,,,,,,,SIN_EVENTO_SOFASCORE,SIN_EVENTO_SOFASCORE
m_1c7isO,,2026-03-21,p_2h5dHt,Manuel Panaro,Gimnasia LP,Atlético Tucumán,VOL,,,,,,,,SIN_EVENTO_SOFASCORE,SIN_EVENTO_SOFASCORE
m_1c7isO,,2026-03-21,p_0foRei,Máximo Cabrera,Gimnasia LP,Atlético Tucumán,ARQ,,,,,,,,SIN_EVENTO_SOFASCORE,SIN_EVENTO_SOFASCORE
m_1c7isO,,2026-03-21,p_0naJM3,Nicolás Barros Schelotto,Gimnasia LP,Atlético Tucumán,VOL,,,,,,,,SIN_EVENTO_SOFASCORE,SIN_EVENTO_SOFASCORE
m_1c7isO,,2026-03-21,p_3AOI3O,Pablo Aguiar,Gimnasia LP,Atlético Tucumán,VOL,,,,,,,,SIN_EVENTO_SOFASCORE,SIN_EVENTO_SOFASCORE
m_1c7isO,,2026-03-21,p_2ZvpgZ,Pedro Silva Torrejón,Gimnasia LP,Atlético Tucumán,DEF,,,,,,,,SIN_EVENTO_SOFASCORE,SIN_EVENTO_SOFASCORE
m_1c7isO,,2026-03-21,p_0URNSN,Renzo Giampaoli,Gimnasia LP,Atlético Tucumán,DEF,,,,,,,,SIN_EVENTO_SOFASCORE,SIN_EVENTO_SOFASCORE
m_2gIXlp,,2026-03-21,p_3foBen,César Rigamonti,Gimnasia Mendoza,Newell's Old Boys,ARQ,,,,,,,,SIN_EVENTO_SOFASCORE,SIN_EVENTO_SOFASCORE
m_2gIXlp,,2026-03-21,p_4LMFQ0,Diego Mondino,Gimnasia Mendoza,Newell's Old Boys,DEF,,,,,,,,SIN_EVENTO_SOFASCORE,SIN_EVENTO_SOFASCORE
m_2gIXlp,,2026-03-21,p_1Iyu97,Esteban Fernández,Gimnasia Mendoza,Newell's Old Boys,VOL,,,,,,,,SIN_EVENTO_SOFASCORE,SIN_EVENTO_SOFASCORE
m_2gIXlp,,2026-03-21,p_2ykUpy,Facundo Lencioni,Gimnasia Mendoza,Newell's Old Boys,VOL,,,,,,,,SIN_EVENTO_SOFASCORE,SIN_EVENTO_SOFASCORE
m_2gIXlp,,2026-03-21,p_1iogLn,Fermín Antonini,Gimnasia Mendoza,Newell's Old Boys,VOL,,,,,,,,SIN_EVENTO_SOFASCORE,SIN_EVENTO_SOFASCORE
m_2gIXlp,,2026-03-21,p_38u8in,Franco Saavedra,Gimnasia Mendoza,Newell's Old Boys,DEF,,,,,,,,SIN_EVENTO_SOFASCORE,SIN_EVENTO_SOFASCORE
m_2gIXlp,,2026-03-21,p_3yIku6,Ismael Cortéz,Gimnasia Mendoza,Newell's Old Boys,DEF,,,,,,,,SIN_EVENTO_SOFASCORE,SIN_EVENTO_SOFASCORE
m_2gIXlp,,2026-03-21,p_1HKdTo,Lautaro Carrera,Gimnasia Mendoza,Newell's Old Boys,DEF,,,,,,,,SIN_EVENTO_SOFASCORE,SIN_EVENTO_SOFASCORE
m_2gIXlp,,2026-03-21,p_3oqT7Z,Luciano Paredes,Gimnasia Mendoza,Newell's Old Boys,DEF,,,,,,,,SIN_EVENTO_SOFASCORE,SIN_EVENTO_SOFASCORE
m_2gIXlp,,2026-03-21,p_1oAIvS,Matías Recalde,Gimnasia Mendoza,Newell's Old Boys,DEF,,,,,,,,SIN_EVENTO_SOFASCORE,SIN_EVENTO_SOFASCORE
m_2gIXlp,,2026-03-21,p_2rHsQv,Nahuel Barboza,Gimnasia Mendoza,Newell's Old Boys,VOL,,,,,,,,SIN_EVENTO_SOFASCORE,SIN_EVENTO_SOFASCORE
m_2gIXlp,,2026-03-21,p_16FDGx,Nicolas Linares,Gimnasia Mendoza,Newell's Old Boys,VOL,,,,,,,,SIN_EVENTO_SOFASCORE,SIN_EVENTO_SOFASCORE
m_41GmcC,,2026-03-21,p_3HQuJ6,Facundo Valdéz,Independiente,Talleres,DEL,,,,,,,,SIN_EVENTO_SOFASCORE,SIN_EVENTO_SOFASCORE
m_41GmcC,,2026-03-21,p_44fmOo,Gabriel Ávalos,Independiente,Talleres,DEL,,,,,,,,SIN_EVENTO_SOFASCORE,SIN_EVENTO_SOFASCORE
m_41GmcC,,2026-03-21,p_47bCwf,Ignacio Malcorra,Independiente,Talleres,VOL,,,,,,,,SIN_EVENTO_SOFASCORE,SIN_EVENTO_SOFASCORE
m_41GmcC,,2026-03-21,p_477cm1,Iván Marcone,Independiente,Talleres,VOL,,,,,,,,SIN_EVENTO_SOFASCORE,SIN_EVENTO_SOFASCORE
m_41GmcC,,2026-03-21,p_3zzhTk,Kevin Lomónaco,Independiente,Talleres,DEF,,,,,,,,SIN_EVENTO_SOFASCORE,SIN_EVENTO_SOFASCORE
m_41GmcC,,2026-03-21,p_2GcFwZ,Lautaro Millán,Independiente,Talleres,VOL,,,,,,,,SIN_EVENTO_SOFASCORE,SIN_EVENTO_SOFASCORE
m_41GmcC,,2026-03-21,p_1vDFZe,Luciano Cabral,Independiente,Talleres,VOL,,,,,,,,SIN_EVENTO_SOFASCORE,SIN_EVENTO_SOFASCORE
m_41GmcC,,2026-03-21,p_2l6eDm,Matías Abaldo,Independiente,Talleres,DEL,,,,,,,,SIN_EVENTO_SOFASCORE,SIN_EVENTO_SOFASCORE
m_41GmcC,,2026-03-21,p_41uo5Q,Milton Valenzuela,Independiente,Talleres,DEF,,,,,,,,SIN_EVENTO_SOFASCORE,SIN_EVENTO_SOFASCORE
m_41GmcC,,2026-03-21,p_4L0APC,Rodrigo Fernández,Independiente,Talleres,VOL,,,,,,,,SIN_EVENTO_SOFASCORE,SIN_EVENTO_SOFASCORE
m_41GmcC,,2026-03-21,p_3KLwFI,Rodrigo Rey,Independiente,Talleres,ARQ,,,,,,,,SIN_EVENTO_SOFASCORE,SIN_EVENTO_SOFASCORE
m_41GmcC,,2026-03-21,p_4RoV0i,Santiago Arias,Independiente,Talleres,DEF,,,,,,,,SIN_EVENTO_SOFASCORE,SIN_EVENTO_SOFASCORE
m_41GmcC,,2026-03-21,p_2c9Jkj,Santiago Gabriel Montiel,Independiente,Talleres,VOL,,,,,,,,SIN_EVENTO_SOFASCORE,SIN_EVENTO_SOFASCORE
m_41GmcC,,2026-03-21,p_4UoYBc,Sebastián Valdéz,Independiente,Talleres,DEF,,,,,,,,SIN_EVENTO_SOFASCORE,SIN_EVENTO_SOFASCORE
m_1CaySw,,2026-03-21,p_3xub3o,Agustín Cardozo,Lanús,Vélez Sarsfield,VOL,,,,,,,,SIN_EVENTO_SOFASCORE,SIN_EVENTO_SOFASCORE
m_1CaySw,,2026-03-21,p_3dgI1a,Agustín Medina,Lanús,Vélez Sarsfield,VOL,,,,,,,,SIN_EVENTO_SOFASCORE,SIN_EVENTO_SOFASCORE
m_1CaySw,,2026-03-21,p_4UExdP,Bruno Cabrera,Lanús,Vélez Sarsfield,VOL,,,,,,,,SIN_EVENTO_SOFASCORE,SIN_EVENTO_SOFASCORE
m_1CaySw,,2026-03-21,p_0pxwpN,Carlos Izquierdoz,Lanús,Vélez Sarsfield,DEF,,,,,,,,SIN_EVENTO_SOFASCORE,SIN_EVENTO_SOFASCORE
m_1CaySw,,2026-03-21,p_1Dr7TL,Eduardo Salvio,Lanús,Vélez Sarsfield,VOL,,,,,,,,SIN_EVENTO_SOFASCORE,SIN_EVENTO_SOFASCORE
m_1CaySw,,2026-03-21,p_45uQz6,Franco Watson,Lanús,Vélez Sarsfield,VOL,,,,,,,,SIN_EVENTO_SOFASCORE,SIN_EVENTO_SOFASCORE
m_1CaySw,,2026-03-21,p_1va0ir,Gonzalo Pérez,Lanús,Vélez Sarsfield,DEF,,,,,,,,SIN_EVENTO_SOFASCORE,SIN_EVENTO_SOFASCORE
m_1CaySw,,2026-03-21,p_2YLj3q,José Canale,Lanús,Vélez Sarsfield,DEF,,,,,,,,SIN_EVENTO_SOFASCORE,SIN_EVENTO_SOFASCORE
m_1CaySw,,2026-03-21,p_0MwF8F,Lucas Besozzi,Lanús,Vélez Sarsfield,VOL,,,,,,,,SIN_EVENTO_SOFASCORE,SIN_EVENTO_SOFASCORE
m_1CaySw,,2026-03-21,p_4W6aiW,Nahuel Losada,Lanús,Vélez Sarsfield,ARQ,,,,,,,,SIN_EVENTO_SOFASCORE,SIN_EVENTO_SOFASCORE
m_1CaySw,,2026-03-21,p_3bNsap,Ramiro Carrera,Lanús,Vélez Sarsfield,VOL,,,,,,,,SIN_EVENTO_SOFASCORE,SIN_EVENTO_SOFASCORE
m_1CaySw,,2026-03-21,p_0YK7Rt,Sasha Marcich,Lanús,Vélez Sarsfield,DEF,,,,,,,,SIN_EVENTO_SOFASCORE,SIN_EVENTO_SOFASCORE
m_1CaySw,,2026-03-21,p_1Zygll,Tomás Ezequiel Guidara,Lanús,Vélez Sarsfield,DEF,,,,,,,,SIN_EVENTO_SOFASCORE,SIN_EVENTO_SOFASCORE
m_41GmcC,,2026-03-21,p_0rvVb2,Alexandro Maidana,Talleres,Independiente,DEF,,,,,,,,SIN_EVENTO_SOFASCORE,SIN_EVENTO_SOFASCORE
m_41GmcC,,2026-03-21,p_23S3AO,Augusto Schott,Talleres,Independiente,DEF,,,,,,,,SIN_EVENTO_SOFASCORE,SIN_EVENTO_SOFASCORE
m_41GmcC,,2026-03-21,p_3tsAcU,Diego Valoyes,Talleres,Independiente,DEL,,,,,,,,SIN_EVENTO_SOFASCORE,SIN_EVENTO_SOFASCORE
m_41GmcC,,2026-03-21,p_3weO8u,Franco Cristaldo,Talleres,Independiente,VOL,,,,,,,,SIN_EVENTO_SOFASCORE,SIN_EVENTO_SOFASCORE
m_41GmcC,,2026-03-21,p_209otm,Giovanni Baroni,Talleres,Independiente,VOL,,,,,,,,SIN_EVENTO_SOFASCORE,SIN_EVENTO_SOFASCORE
m_41GmcC,,2026-03-21,p_1u6e88,Guido Herrera,Talleres,Independiente,ARQ,,,,,,,,SIN_EVENTO_SOFASCORE,SIN_EVENTO_SOFASCORE
m_41GmcC,,2026-03-21,p_0tQtiw,Juan Sforza,Talleres,Independiente,VOL,,,,,,,,SIN_EVENTO_SOFASCORE,SIN_EVENTO_SOFASCORE
m_41GmcC,,2026-03-21,p_4D08FT,Mateo Caceres,Talleres,Independiente,VOL,,,,,,,,SIN_EVENTO_SOFASCORE,SIN_EVENTO_SOFASCORE
m_41GmcC,,2026-03-21,p_43mFql,Matías Catalán,Talleres,Independiente,DEF,,,,,,,,SIN_EVENTO_SOFASCORE,SIN_EVENTO_SOFASCORE
m_41GmcC,,2026-03-21,p_0zKhoP,Matías Galarza,Talleres,Independiente,VOL,,,,,,,,SIN_EVENTO_SOFASCORE,SIN_EVENTO_SOFASCORE
m_41GmcC,,2026-03-21,p_3GiPCr,Rick,Talleres,Independiente,DEL,,,,,,,,SIN_EVENTO_SOFASCORE,SIN_EVENTO_SOFASCORE
m_41GmcC,,2026-03-21,p_4bqyr6,Ronaldo Martínez,Talleres,Independiente,DEL,,,,,,,,SIN_EVENTO_SOFASCORE,SIN_EVENTO_SOFASCORE
m_41GmcC,,2026-03-21,p_0V59vw,Santiago Fernández,Talleres,Independiente,DEF,,,,,,,,SIN_EVENTO_SOFASCORE,SIN_EVENTO_SOFASCORE
m_41GmcC,,2026-03-21,p_4PWmyN,Timoteo Chamorro,Talleres,Independiente,DEF,,,,,,,,SIN_EVENTO_SOFASCORE,SIN_EVENTO_SOFASCORE
m_41GmcC,,2026-03-21,p_2lzqTc,Ulises Ortegoza,Talleres,Independiente,VOL,,,,,,,,SIN_EVENTO_SOFASCORE,SIN_EVENTO_SOFASCORE
m_41GmcC,,2026-03-21,p_2mFTYm,Valentín Dávila,Talleres,Independiente,DEL,,,,,,,,SIN_EVENTO_SOFASCORE,SIN_EVENTO_SOFASCORE
m_1hukZb,,2026-03-21,p_3uAxFO,Augusto Solari,Unión,Defensa y Justicia,VOL,,,,,,,,SIN_EVENTO_SOFASCORE,SIN_EVENTO_SOFASCORE
m_1hukZb,,2026-03-21,p_43YxGe,Brahian Cuello,Unión,Defensa y Justicia,VOL,,,,,,,,SIN_EVENTO_SOFASCORE,SIN_EVENTO_SOFASCORE
m_1hukZb,,2026-03-21,p_2hA19F,Emiliano Alvarez,Unión,Defensa y Justicia,DEF,,,,,,,,SIN_EVENTO_SOFASCORE,SIN_EVENTO_SOFASCORE
m_1hukZb,,2026-03-21,p_3c6pcI,Juan Pablo Ludueña,Unión,Defensa y Justicia,DEF,,,,,,,,SIN_EVENTO_SOFASCORE,SIN_EVENTO_SOFASCORE
m_1hukZb,,2026-03-21,p_1A84Jv,Lautaro Vargas,Unión,Defensa y Justicia,DEF,,,,,,,,SIN_EVENTO_SOFASCORE,SIN_EVENTO_SOFASCORE
m_1hukZb,,2026-03-21,p_2jiARu,Maizon Rodríguez,Unión,Defensa y Justicia,DEF,,,,,,,,SIN_EVENTO_SOFASCORE,SIN_EVENTO_SOFASCORE
m_1hukZb,,2026-03-21,p_2vkqTj,Mateo Del Blanco,Unión,Defensa y Justicia,DEF,,,,,,,,SIN_EVENTO_SOFASCORE,SIN_EVENTO_SOFASCORE
m_1hukZb,,2026-03-21,p_0yyPLQ,Matías Mansilla,Unión,Defensa y Justicia,ARQ,,,,,,,,SIN_EVENTO_SOFASCORE,SIN_EVENTO_SOFASCORE
m_1hukZb,,2026-03-21,p_3yJs62,Mauro Pittón,Unión,Defensa y Justicia,VOL,,,,,,,,SIN_EVENTO_SOFASCORE,SIN_EVENTO_SOFASCORE
m_1hukZb,,2026-03-21,p_11jmli,Misael Aguirre,Unión,Defensa y Justicia,VOL,,,,,,,,SIN_EVENTO_SOFASCORE,SIN_EVENTO_SOFASCORE
m_1hukZb,,2026-03-21,p_3H1rr8,Nicolás Palavecino,Unión,Defensa y Justicia,VOL,,,,,,,,SIN_EVENTO_SOFASCORE,SIN_EVENTO_SOFASCORE
m_1hukZb,,2026-03-21,p_038W5d,Rafael Profini,Unión,Defensa y Justicia,VOL,,,,,,,,SIN_EVENTO_SOFASCORE,SIN_EVENTO_SOFASCORE
m_1hukZb,,2026-03-21,p_2VZHxk,Santiago Grella,Unión,Defensa y Justicia,VOL,,,,,,,,SIN_EVENTO_SOFASCORE,SIN_EVENTO_SOFASCORE
m_3rFQnJ,,2026-03-22,p_43D8up,Adrián Sánchez,Belgrano,Racing Club,VOL,,,,,,,,SIN_EVENTO_SOFASCORE,SIN_EVENTO_SOFASCORE
m_3rFQnJ,,2026-03-22,p_1EMq3A,Alcides Benítez,Belgrano,Racing Club,DEF,,,,,,,,SIN_EVENTO_SOFASCORE,SIN_EVENTO_SOFASCORE
m_3rFQnJ,,2026-03-22,p_49U5oJ,Emiliano Ariel Rigoni,Belgrano,Racing Club,VOL,,,,,,,,SIN_EVENTO_SOFASCORE,SIN_EVENTO_SOFASCORE
m_3rFQnJ,,2026-03-22,p_4OBdka,Federico Ricca,Belgrano,Racing Club,DEF,,,,,,,,SIN_EVENTO_SOFASCORE,SIN_EVENTO_SOFASCORE
m_3rFQnJ,,2026-03-22,p_4g8d1N,Franco Vázquez,Belgrano,Racing Club,VOL,,,,,,,,SIN_EVENTO_SOFASCORE,SIN_EVENTO_SOFASCORE
m_3rFQnJ,,2026-03-22,p_1hr765,Juan Velázquez,Belgrano,Racing Club,VOL,,,,,,,,SIN_EVENTO_SOFASCORE,SIN_EVENTO_SOFASCORE
m_3rFQnJ,,2026-03-22,p_1aur1M,Julián Mavilla,Belgrano,Racing Club,VOL,,,,,,,,SIN_EVENTO_SOFASCORE,SIN_EVENTO_SOFASCORE
m_3rFQnJ,,2026-03-22,p_1lrNAx,Lautaro Gutierrez,Belgrano,Racing Club,VOL,,,,,,,,SIN_EVENTO_SOFASCORE,SIN_EVENTO_SOFASCORE
m_3rFQnJ,,2026-03-22,p_3u6zLG,Leonardo Morales,Belgrano,Racing Club,DEF,,,,,,,,SIN_EVENTO_SOFASCORE,SIN_EVENTO_SOFASCORE
m_3rFQnJ,,2026-03-22,p_3v2tAE,Lucas Zelarayán,Belgrano,Racing Club,VOL,,,,,,,,SIN_EVENTO_SOFASCORE,SIN_EVENTO_SOFASCORE
m_3rFQnJ,,2026-03-22,p_0FN6nM,Ramiro Hernandes,Belgrano,Racing Club,VOL,,,,,,,,SIN_EVENTO_SOFASCORE,SIN_EVENTO_SOFASCORE
m_3rFQnJ,,2026-03-22,p_0ujJJG,Thiago Cardozo,Belgrano,Racing Club,ARQ,,,,,,,,SIN_EVENTO_SOFASCORE,SIN_EVENTO_SOFASCORE
m_3rFQnJ,,2026-03-22,p_36GYxJ,Álvaro Ocampo,Belgrano,Racing Club,DEF,,,,,,,,SIN_EVENTO_SOFASCORE,SIN_EVENTO_SOFASCORE
m_3kkhBc,,2026-03-22,p_0kjymf,Agustín Massaccesi,Instituto,Boca Juniors,DEF,,,,,,,,SIN_EVENTO_SOFASCORE,SIN_EVENTO_SOFASCORE
m_3kkhBc,,2026-03-22,p_39c8jY,Diego Sosa,Instituto,Boca Juniors,DEF,,,,,,,,SIN_EVENTO_SOFASCORE,SIN_EVENTO_SOFASCORE
m_3kkhBc,,2026-03-22,p_1qCu0J,Fernando Alarcón,Instituto,Boca Juniors,DEF,,,,,,,,SIN_EVENTO_SOFASCORE,SIN_EVENTO_SOFASCORE
m_3kkhBc,,2026-03-22,p_0afatN,Gastón Lodico,Instituto,Boca Juniors,VOL,,,,,,,,SIN_EVENTO_SOFASCORE,SIN_EVENTO_SOFASCORE
m_3kkhBc,,2026-03-22,p_3I0XnJ,Giuliano Cerato,Instituto,Boca Juniors,VOL,,,,,,,,SIN_EVENTO_SOFASCORE,SIN_EVENTO_SOFASCORE
m_3kkhBc,,2026-03-22,p_287xJj,Gustavo Abregú,Instituto,Boca Juniors,VOL,,,,,,,,SIN_EVENTO_SOFASCORE,SIN_EVENTO_SOFASCORE
m_3kkhBc,,2026-03-22,p_28dMyW,Jeremías Lázaro,Instituto,Boca Juniors,VOL,,,,,,,,SIN_EVENTO_SOFASCORE,SIN_EVENTO_SOFASCORE
m_3kkhBc,,2026-03-22,p_2AQDyY,Jhon Córdoba,Instituto,Boca Juniors,VOL,,,,,,,,SIN_EVENTO_SOFASCORE,SIN_EVENTO_SOFASCORE
m_3kkhBc,,2026-03-22,p_3x6Yqh,Leonel Mosevich,Instituto,Boca Juniors,DEF,,,,,,,,SIN_EVENTO_SOFASCORE,SIN_EVENTO_SOFASCORE
m_3kkhBc,,2026-03-22,p_0BJh0v,Luca Rafaelli,Instituto,Boca Juniors,VOL,,,,,,,,SIN_EVENTO_SOFASCORE,SIN_EVENTO_SOFASCORE
m_3kkhBc,,2026-03-22,p_4UkieF,Manuel Roffo,Instituto,Boca Juniors,ARQ,,,,,,,,SIN_EVENTO_SOFASCORE,SIN_EVENTO_SOFASCORE
m_3kkhBc,,2026-03-22,p_0s5hPU,Matías Gallardo,Instituto,Boca Juniors,VOL,,,,,,,,SIN_EVENTO_SOFASCORE,SIN_EVENTO_SOFASCORE
m_0d5xg9,,2026-03-23,p_0vreM8,Agustín Quiroga,Central Córdoba de Santiago,Estudiantes,DEF,,,,,,,,SIN_EVENTO_SOFASCORE,SIN_EVENTO_SOFASCORE
m_0d5xg9,,2026-03-23,p_43Olsv,Alan Aguerre,Central Córdoba de Santiago,Estudiantes,ARQ,,,,,,,,SIN_EVENTO_SOFASCORE,SIN_EVENTO_SOFASCORE
m_0d5xg9,,2026-03-23,p_2StpFV,Alejandro Maciel,Central Córdoba de Santiago,Estudiantes,DEF,,,,,,,,SIN_EVENTO_SOFASCORE,SIN_EVENTO_SOFASCORE
m_0d5xg9,,2026-03-23,p_0ciPTe,Diego Barrera,Central Córdoba de Santiago,Estudiantes,VOL,,,,,,,,SIN_EVENTO_SOFASCORE,SIN_EVENTO_SOFASCORE
m_0d5xg9,,2026-03-23,p_0RVLhG,Ezequiel Naya,Central Córdoba de Santiago,Estudiantes,DEL,,,,,,,,SIN_EVENTO_SOFASCORE,SIN_EVENTO_SOFASCORE
m_0d5xg9,,2026-03-23,p_1KfXQ1,Facundo Mansilla Zahir,Central Córdoba de Santiago,Estudiantes,DEF,,,,,,,,SIN_EVENTO_SOFASCORE,SIN_EVENTO_SOFASCORE
m_0d5xg9,,2026-03-23,p_1K6Fr9,Fernando Martínez,Central Córdoba de Santiago,Estudiantes,DEF,,,,,,,,SIN_EVENTO_SOFASCORE,SIN_EVENTO_SOFASCORE
m_0d5xg9,,2026-03-23,p_1PTJbZ,Juan Cardozo,Central Córdoba de Santiago,Estudiantes,VOL,,,,,,,,SIN_EVENTO_SOFASCORE,SIN_EVENTO_SOFASCORE
m_0d5xg9,,2026-03-23,p_1dhUli,Juan Pablo Pignani,Central Córdoba de Santiago,Estudiantes,DEF,,,,,,,,SIN_EVENTO_SOFASCORE,SIN_EVENTO_SOFASCORE
m_0d5xg9,,2026-03-23,p_0veUmD,Lucas González,Central Córdoba de Santiago,Estudiantes,VOL,,,,,,,,SIN_EVENTO_SOFASCORE,SIN_EVENTO_SOFASCORE
m_0d5xg9,,2026-03-23,p_1JcSyH,Lucas Varaldo,Central Córdoba de Santiago,Estudiantes,DEL,,,,,,,,SIN_EVENTO_SOFASCORE,SIN_EVENTO_SOFASCORE
m_0d5xg9,,2026-03-23,p_2nfEM8,Marco Iacobellis,Central Córdoba de Santiago,Estudiantes,VOL,,,,,,,,SIN_EVENTO_SOFASCORE,SIN_EVENTO_SOFASCORE
m_0d5xg9,,2026-03-23,p_3XD5Nu,Matías Vera,Central Córdoba de Santiago,Estudiantes,VOL,,,,,,,,SIN_EVENTO_SOFASCORE,SIN_EVENTO_SOFASCORE
m_0d5xg9,,2026-03-23,p_3FGnhe,Michael Santos,Central Córdoba de Santiago,Estudiantes,DEL,,,,,,,,SIN_EVENTO_SOFASCORE,SIN_EVENTO_SOFASCORE
m_0d5xg9,,2026-03-23,p_3cMYiv,Santiago Moyano,Central Córdoba de Santiago,Estudiantes,DEF,,,,,,,,SIN_EVENTO_SOFASCORE,SIN_EVENTO_SOFASCORE
m_0d5xg9,,2026-03-23,p_1eezYL,Adolfo Gaich,Estudiantes,Central Córdoba de Santiago,DEL,,,,,,,,SIN_EVENTO_SOFASCORE,SIN_EVENTO_SOFASCORE
m_0d5xg9,,2026-03-23,p_4FAIfZ,Alexis Castro,Estudiantes,Central Córdoba de Santiago,VOL,,,,,,,,SIN_EVENTO_SOFASCORE,SIN_EVENTO_SOFASCORE
m_0d5xg9,,2026-03-23,p_1SE1Bg,Edwuin Cetré,Estudiantes,Central Córdoba de Santiago,DEL,,,,,,,,SIN_EVENTO_SOFASCORE,SIN_EVENTO_SOFASCORE
m_0d5xg9,,2026-03-23,p_2DQVsu,Eric Meza,Estudiantes,Central Córdoba de Santiago,DEF,,,,,,,,SIN_EVENTO_SOFASCORE,SIN_EVENTO_SOFASCORE
m_0d5xg9,,2026-03-23,p_375sV8,Eros Mancuso,Estudiantes,Central Córdoba de Santiago,DEF,,,,,,,,SIN_EVENTO_SOFASCORE,SIN_EVENTO_SOFASCORE
m_0d5xg9,,2026-03-23,p_4drKzY,Ezequiel Piovi,Estudiantes,Central Córdoba de Santiago,VOL,,,,,,,,SIN_EVENTO_SOFASCORE,SIN_EVENTO_SOFASCORE
m_0d5xg9,,2026-03-23,p_0wvzBl,Fabricio Iacovich,Estudiantes,Central Córdoba de Santiago,ARQ,,,,,,,,SIN_EVENTO_SOFASCORE,SIN_EVENTO_SOFASCORE
m_0d5xg9,,2026-03-23,p_0UPCHl,Fabricio Pérez,Estudiantes,Central Córdoba de Santiago,VOL,,,,,,,,SIN_EVENTO_SOFASCORE,SIN_EVENTO_SOFASCORE
m_0d5xg9,,2026-03-23,p_2z0L2z,Facundo Farías,Estudiantes,Central Córdoba de Santiago,VOL,,,,,,,,SIN_EVENTO_SOFASCORE,SIN_EVENTO_SOFASCORE
m_0d5xg9,,2026-03-23,p_1E7ljC,Gabriel Neves,Estudiantes,Central Córdoba de Santiago,VOL,,,,,,,,SIN_EVENTO_SOFASCORE,SIN_EVENTO_SOFASCORE
m_0d5xg9,,2026-03-23,p_3BQAaS,Guido Carrillo,Estudiantes,Central Córdoba de Santiago,DEL,,,,,,,,SIN_EVENTO_SOFASCORE,SIN_EVENTO_SOFASCORE
m_0d5xg9,,2026-03-23,p_3j26Fw,José Sosa,Estudiantes,Central Córdoba de Santiago,VOL,,,,,,,,SIN_EVENTO_SOFASCORE,SIN_EVENTO_SOFASCORE
m_0d5xg9,,2026-03-23,p_10iCWI,Leandro González Pírez,Estudiantes,Central Córdoba de Santiago,DEF,,,,,,,,SIN_EVENTO_SOFASCORE,SIN_EVENTO_SOFASCORE
m_0d5xg9,,2026-03-23,p_0TKEkA,Mikel Amondarain,Estudiantes,Central Córdoba de Santiago,VOL,,,,,,,,SIN_EVENTO_SOFASCORE,SIN_EVENTO_SOFASCORE
m_0d5xg9,,2026-03-23,p_3UfnVk,Tiago Palacios,Estudiantes,Central Córdoba de Santiago,VOL,,,,,,,,SIN_EVENTO_SOFASCORE,SIN_EVENTO_SOFASCORE
m_0d5xg9,,2026-03-23,p_1TPSrY,Tomás Palacios,Estudiantes,Central Córdoba de Santiago,DEF,,,,,,,,SIN_EVENTO_SOFASCORE,SIN_EVENTO_SOFASCORE
m_1c9W0N,,2026-03-27,p_3xub3o,Agustín Cardozo,Lanús,Argentinos Juniors,VOL,,,,,,,,SIN_EVENTO_SOFASCORE,SIN_EVENTO_SOFASCORE
m_1c9W0N,,2026-03-27,p_3dgI1a,Agustín Medina,Lanús,Argentinos Juniors,VOL,,,,,,,,SIN_EVENTO_SOFASCORE,SIN_EVENTO_SOFASCORE
m_1c9W0N,,2026-03-27,p_4UExdP,Bruno Cabrera,Lanús,Argentinos Juniors,VOL,,,,,,,,SIN_EVENTO_SOFASCORE,SIN_EVENTO_SOFASCORE
m_1c9W0N,,2026-03-27,p_0pxwpN,Carlos Izquierdoz,Lanús,Argentinos Juniors,DEF,,,,,,,,SIN_EVENTO_SOFASCORE,SIN_EVENTO_SOFASCORE
m_1c9W0N,,2026-03-27,p_1Dr7TL,Eduardo Salvio,Lanús,Argentinos Juniors,VOL,,,,,,,,SIN_EVENTO_SOFASCORE,SIN_EVENTO_SOFASCORE
m_1c9W0N,,2026-03-27,p_4NdBtx,Felipe Peña Biafore,Lanús,Argentinos Juniors,VOL,,,,,,,,SIN_EVENTO_SOFASCORE,SIN_EVENTO_SOFASCORE
m_1c9W0N,,2026-03-27,p_1va0ir,Gonzalo Pérez,Lanús,Argentinos Juniors,DEF,,,,,,,,SIN_EVENTO_SOFASCORE,SIN_EVENTO_SOFASCORE
m_1c9W0N,,2026-03-27,p_0MwF8F,Lucas Besozzi,Lanús,Argentinos Juniors,VOL,,,,,,,,SIN_EVENTO_SOFASCORE,SIN_EVENTO_SOFASCORE
m_1c9W0N,,2026-03-27,p_1R1UR4,Matías Sepúlveda,Lanús,Argentinos Juniors,VOL,,,,,,,,SIN_EVENTO_SOFASCORE,SIN_EVENTO_SOFASCORE
m_1c9W0N,,2026-03-27,p_4W6aiW,Nahuel Losada,Lanús,Argentinos Juniors,ARQ,,,,,,,,SIN_EVENTO_SOFASCORE,SIN_EVENTO_SOFASCORE
m_1c9W0N,,2026-03-27,p_3bNsap,Ramiro Carrera,Lanús,Argentinos Juniors,VOL,,,,,,,,SIN_EVENTO_SOFASCORE,SIN_EVENTO_SOFASCORE
m_1c9W0N,,2026-03-27,p_37cT31,Ronaldo Dejesús,Lanús,Argentinos Juniors,DEF,,,,,,,,SIN_EVENTO_SOFASCORE,SIN_EVENTO_SOFASCORE
m_1c9W0N,,2026-03-27,p_0YK7Rt,Sasha Marcich,Lanús,Argentinos Juniors,DEF,,,,,,,,SIN_EVENTO_SOFASCORE,SIN_EVENTO_SOFASCORE
m_1c9W0N,,2026-03-27,p_1Zygll,Tomás Ezequiel Guidara,Lanús,Argentinos Juniors,DEF,,,,,,,,SIN_EVENTO_SOFASCORE,SIN_EVENTO_SOFASCORE
m_4fH8lA,,2026-04-01,p_3xub3o,Agustín Cardozo,Lanús,Club Atlético Platense,VOL,,,,,,,,SIN_EVENTO_SOFASCORE,SIN_EVENTO_SOFASCORE
m_4fH8lA,,2026-04-01,p_4MmWJY,Benjamín Acosta,Lanús,Club Atlético Platense,VOL,,,,,,,,SIN_EVENTO_SOFASCORE,SIN_EVENTO_SOFASCORE
m_4fH8lA,,2026-04-01,p_4UExdP,Bruno Cabrera,Lanús,Club Atlético Platense,VOL,,,,,,,,SIN_EVENTO_SOFASCORE,SIN_EVENTO_SOFASCORE
m_4fH8lA,,2026-04-01,p_0pxwpN,Carlos Izquierdoz,Lanús,Club Atlético Platense,DEF,,,,,,,,SIN_EVENTO_SOFASCORE,SIN_EVENTO_SOFASCORE
m_4fH8lA,,2026-04-01,p_1Dr7TL,Eduardo Salvio,Lanús,Club Atlético Platense,VOL,,,,,,,,SIN_EVENTO_SOFASCORE,SIN_EVENTO_SOFASCORE
m_4fH8lA,,2026-04-01,p_2ITZER,Facundo Sánchez,Lanús,Club Atlético Platense,VOL,,,,,,,,SIN_EVENTO_SOFASCORE,SIN_EVENTO_SOFASCORE
m_4fH8lA,,2026-04-01,p_4NdBtx,Felipe Peña Biafore,Lanús,Club Atlético Platense,VOL,,,,,,,,SIN_EVENTO_SOFASCORE,SIN_EVENTO_SOFASCORE
m_4fH8lA,,2026-04-01,p_45uQz6,Franco Watson,Lanús,Club Atlético Platense,VOL,,,,,,,,SIN_EVENTO_SOFASCORE,SIN_EVENTO_SOFASCORE
m_4fH8lA,,2026-04-01,p_0MwF8F,Lucas Besozzi,Lanús,Club Atlético Platense,VOL,,,,,,,,SIN_EVENTO_SOFASCORE,SIN_EVENTO_SOFASCORE
m_4fH8lA,,2026-04-01,p_1R1UR4,Matías Sepúlveda,Lanús,Club Atlético Platense,VOL,,,,,,,,SIN_EVENTO_SOFASCORE,SIN_EVENTO_SOFASCORE
m_4fH8lA,,2026-04-01,p_4W6aiW,Nahuel Losada,Lanús,Club Atlético Platense,ARQ,,,,,,,,SIN_EVENTO_SOFASCORE,SIN_EVENTO_SOFASCORE
m_4fH8lA,,2026-04-01,p_37cT31,Ronaldo Dejesús,Lanús,Club Atlético Platense,DEF,,,,,,,,SIN_EVENTO_SOFASCORE,SIN_EVENTO_SOFASCORE
m_4fH8lA,,2026-04-01,p_0YK7Rt,Sasha Marcich,Lanús,Club Atlético Platense,DEF,,,,,,,,SIN_EVENTO_SOFASCORE,SIN_EVENTO_SOFASCORE
m_4fH8lA,,2026-04-01,p_1Zygll,Tomás Ezequiel Guidara,Lanús,Club Atlético Platense,DEF,,,,,,,,SIN_EVENTO_SOFASCORE,SIN_EVENTO_SOFASCORE
m_24NuK9,,2026-04-02,p_0rvVb2,Alexandro Maidana,Talleres,Boca Juniors,DEF,,,,,,,,SIN_EVENTO_SOFASCORE,SIN_EVENTO_SOFASCORE
m_24NuK9,,2026-04-02,p_23S3AO,Augusto Schott,Talleres,Boca Juniors,DEF,,,,,,,,SIN_EVENTO_SOFASCORE,SIN_EVENTO_SOFASCORE
m_24NuK9,,2026-04-02,p_3weO8u,Franco Cristaldo,Talleres,Boca Juniors,VOL,,,,,,,,SIN_EVENTO_SOFASCORE,SIN_EVENTO_SOFASCORE
m_24NuK9,,2026-04-02,p_2usscp,Gabriel Báez,Talleres,Boca Juniors,DEF,,,,,,,,SIN_EVENTO_SOFASCORE,SIN_EVENTO_SOFASCORE
m_24NuK9,,2026-04-02,p_1u6e88,Guido Herrera,Talleres,Boca Juniors,ARQ,,,,,,,,SIN_EVENTO_SOFASCORE,SIN_EVENTO_SOFASCORE
m_24NuK9,,2026-04-02,p_0tQtiw,Juan Sforza,Talleres,Boca Juniors,VOL,,,,,,,,SIN_EVENTO_SOFASCORE,SIN_EVENTO_SOFASCORE
m_24NuK9,,2026-04-02,p_4D08FT,Mateo Caceres,Talleres,Boca Juniors,VOL,,,,,,,,SIN_EVENTO_SOFASCORE,SIN_EVENTO_SOFASCORE
m_24NuK9,,2026-04-02,p_43mFql,Matías Catalán,Talleres,Boca Juniors,DEF,,,,,,,,SIN_EVENTO_SOFASCORE,SIN_EVENTO_SOFASCORE
m_24NuK9,,2026-04-02,p_0zKhoP,Matías Galarza,Talleres,Boca Juniors,VOL,,,,,,,,SIN_EVENTO_SOFASCORE,SIN_EVENTO_SOFASCORE
m_24NuK9,,2026-04-02,p_0V59vw,Santiago Fernández,Talleres,Boca Juniors,DEF,,,,,,,,SIN_EVENTO_SOFASCORE,SIN_EVENTO_SOFASCORE
m_24NuK9,,2026-04-02,p_2lzqTc,Ulises Ortegoza,Talleres,Boca Juniors,VOL,,,,,,,,SIN_EVENTO_SOFASCORE,SIN_EVENTO_SOFASCORE
m_0IMWj8,,2026-04-03,p_4FAIfZ,Alexis Castro,Estudiantes,San Lorenzo,VOL,,,,,,,,SIN_EVENTO_SOFASCORE,SIN_EVENTO_SOFASCORE
m_0IMWj8,,2026-04-03,p_2DQVsu,Eric Meza,Estudiantes,San Lorenzo,DEF,,,,,,,,SIN_EVENTO_SOFASCORE,SIN_EVENTO_SOFASCORE
m_0IMWj8,,2026-04-03,p_375sV8,Eros Mancuso,Estudiantes,San Lorenzo,DEF,,,,,,,,SIN_EVENTO_SOFASCORE,SIN_EVENTO_SOFASCORE
m_0IMWj8,,2026-04-03,p_4drKzY,Ezequiel Piovi,Estudiantes,San Lorenzo,VOL,,,,,,,,SIN_EVENTO_SOFASCORE,SIN_EVENTO_SOFASCORE
m_0IMWj8,,2026-04-03,p_0wvzBl,Fabricio Iacovich,Estudiantes,San Lorenzo,ARQ,,,,,,,,SIN_EVENTO_SOFASCORE,SIN_EVENTO_SOFASCORE
m_0IMWj8,,2026-04-03,p_0UPCHl,Fabricio Pérez,Estudiantes,San Lorenzo,VOL,,,,,,,,SIN_EVENTO_SOFASCORE,SIN_EVENTO_SOFASCORE
m_0IMWj8,,2026-04-03,p_2z0L2z,Facundo Farías,Estudiantes,San Lorenzo,VOL,,,,,,,,SIN_EVENTO_SOFASCORE,SIN_EVENTO_SOFASCORE
m_0IMWj8,,2026-04-03,p_1E7ljC,Gabriel Neves,Estudiantes,San Lorenzo,VOL,,,,,,,,SIN_EVENTO_SOFASCORE,SIN_EVENTO_SOFASCORE
m_0IMWj8,,2026-04-03,p_4LoI3o,Gastón Benedetti,Estudiantes,San Lorenzo,DEF,,,,,,,,SIN_EVENTO_SOFASCORE,SIN_EVENTO_SOFASCORE
m_0IMWj8,,2026-04-03,p_10iCWI,Leandro González Pírez,Estudiantes,San Lorenzo,DEF,,,,,,,,SIN_EVENTO_SOFASCORE,SIN_EVENTO_SOFASCORE
m_0IMWj8,,2026-04-03,p_0TKEkA,Mikel Amondarain,Estudiantes,San Lorenzo,VOL,,,,,,,,SIN_EVENTO_SOFASCORE,SIN_EVENTO_SOFASCORE
m_0IMWj8,,2026-04-03,p_2ffBRo,Santiago Núñez,Estudiantes,San Lorenzo,DEF,,,,,,,,SIN_EVENTO_SOFASCORE,SIN_EVENTO_SOFASCORE
m_0IMWj8,,2026-04-03,p_3UfnVk,Tiago Palacios,Estudiantes,San Lorenzo,VOL,,,,,,,,SIN_EVENTO_SOFASCORE,SIN_EVENTO_SOFASCORE
m_0IMWj8,,2026-04-03,p_1TPSrY,Tomás Palacios,Estudiantes,San Lorenzo,DEF,,,,,,,,SIN_EVENTO_SOFASCORE,SIN_EVENTO_SOFASCORE
m_1tC6eA,,2026-04-03,p_1VlIuF,Brian Andrada,Gimnasia Mendoza,Vélez Sarsfield,VOL,,,,,,,,SIN_EVENTO_SOFASCORE,SIN_EVENTO_SOFASCORE
m_1tC6eA,,2026-04-03,p_3foBen,César Rigamonti,Gimnasia Mendoza,Vélez Sarsfield,ARQ,,,,,,,,SIN_EVENTO_SOFASCORE,SIN_EVENTO_SOFASCORE
m_1tC6eA,,2026-04-03,p_4LMFQ0,Diego Mondino,Gimnasia Mendoza,Vélez Sarsfield,DEF,,,,,,,,SIN_EVENTO_SOFASCORE,SIN_EVENTO_SOFASCORE
m_1tC6eA,,2026-04-03,p_1Iyu97,Esteban Fernández,Gimnasia Mendoza,Vélez Sarsfield,VOL,,,,,,,,SIN_EVENTO_SOFASCORE,SIN_EVENTO_SOFASCORE
m_1tC6eA,,2026-04-03,p_2UZfm9,Ezequiel Muñoz,Gimnasia Mendoza,Vélez Sarsfield,DEF,,,,,,,,SIN_EVENTO_SOFASCORE,SIN_EVENTO_SOFASCORE
m_1tC6eA,,2026-04-03,p_2ykUpy,Facundo Lencioni,Gimnasia Mendoza,Vélez Sarsfield,VOL,,,,,,,,SIN_EVENTO_SOFASCORE,SIN_EVENTO_SOFASCORE
m_1tC6eA,,2026-04-03,p_38u8in,Franco Saavedra,Gimnasia Mendoza,Vélez Sarsfield,DEF,,,,,,,,SIN_EVENTO_SOFASCORE,SIN_EVENTO_SOFASCORE
m_1tC6eA,,2026-04-03,p_3yIku6,Ismael Cortéz,Gimnasia Mendoza,Vélez Sarsfield,DEF,,,,,,,,SIN_EVENTO_SOFASCORE,SIN_EVENTO_SOFASCORE
m_1tC6eA,,2026-04-03,p_2twD0T,Juan Franco,Gimnasia Mendoza,Vélez Sarsfield,DEF,,,,,,,,SIN_EVENTO_SOFASCORE,SIN_EVENTO_SOFASCORE
m_1tC6eA,,2026-04-03,p_40BXYc,Julián Ceballos,Gimnasia Mendoza,Vélez Sarsfield,VOL,,,,,,,,SIN_EVENTO_SOFASCORE,SIN_EVENTO_SOFASCORE
m_1tC6eA,,2026-04-03,p_2rHsQv,Nahuel Barboza,Gimnasia Mendoza,Vélez Sarsfield,VOL,,,,,,,,SIN_EVENTO_SOFASCORE,SIN_EVENTO_SOFASCORE
m_1tC6eA,,2026-04-03,p_0ybyPC,Ulises Sánchez,Gimnasia Mendoza,Vélez Sarsfield,VOL,,,,,,,,SIN_EVENTO_SOFASCORE,SIN_EVENTO_SOFASCORE
m_1wLnDu,,2026-04-03,p_3uAxFO,Augusto Solari,Unión,Deportivo Riestra,VOL,,,,,,,,SIN_EVENTO_SOFASCORE,SIN_EVENTO_SOFASCORE
m_1wLnDu,,2026-04-03,p_43YxGe,Brahian Cuello,Unión,Deportivo Riestra,VOL,,,,,,,,SIN_EVENTO_SOFASCORE,SIN_EVENTO_SOFASCORE
m_1wLnDu,,2026-04-03,p_0CHQCV,Emilio Giaccone,Unión,Deportivo Riestra,VOL,,,,,,,,SIN_EVENTO_SOFASCORE,SIN_EVENTO_SOFASCORE
m_1wLnDu,,2026-04-03,p_3c6pcI,Juan Pablo Ludueña,Unión,Deportivo Riestra,DEF,,,,,,,,SIN_EVENTO_SOFASCORE,SIN_EVENTO_SOFASCORE
m_1wLnDu,,2026-04-03,p_1h4yOi,Julián Palacios,Unión,Deportivo Riestra,VOL,,,,,,,,SIN_EVENTO_SOFASCORE,SIN_EVENTO_SOFASCORE
m_1wLnDu,,2026-04-03,p_1A84Jv,Lautaro Vargas,Unión,Deportivo Riestra,DEF,,,,,,,,SIN_EVENTO_SOFASCORE,SIN_EVENTO_SOFASCORE
m_1wLnDu,,2026-04-03,p_2jiARu,Maizon Rodríguez,Unión,Deportivo Riestra,DEF,,,,,,,,SIN_EVENTO_SOFASCORE,SIN_EVENTO_SOFASCORE
m_1wLnDu,,2026-04-03,p_2vkqTj,Mateo Del Blanco,Unión,Deportivo Riestra,DEF,,,,,,,,SIN_EVENTO_SOFASCORE,SIN_EVENTO_SOFASCORE
m_1wLnDu,,2026-04-03,p_0yyPLQ,Matías Mansilla,Unión,Deportivo Riestra,ARQ,,,,,,,,SIN_EVENTO_SOFASCORE,SIN_EVENTO_SOFASCORE
m_1wLnDu,,2026-04-03,p_3yJs62,Mauro Pittón,Unión,Deportivo Riestra,VOL,,,,,,,,SIN_EVENTO_SOFASCORE,SIN_EVENTO_SOFASCORE
m_1wLnDu,,2026-04-03,p_3H1rr8,Nicolás Palavecino,Unión,Deportivo Riestra,VOL,,,,,,,,SIN_EVENTO_SOFASCORE,SIN_EVENTO_SOFASCORE
m_1wLnDu,,2026-04-03,p_038W5d,Rafael Profini,Unión,Deportivo Riestra,VOL,,,,,,,,SIN_EVENTO_SOFASCORE,SIN_EVENTO_SOFASCORE
m_1wLnDu,,2026-04-03,p_2nrS5l,Valentín Fascendini,Unión,Deportivo Riestra,DEF,,,,,,,,SIN_EVENTO_SOFASCORE,SIN_EVENTO_SOFASCORE
m_3qEFO6,,2026-04-04,p_2ralsZ,Facundo Zabala,Independiente,Racing Club,DEF,,,,,,,,SIN_EVENTO_SOFASCORE,SIN_EVENTO_SOFASCORE
m_3qEFO6,,2026-04-04,p_47bCwf,Ignacio Malcorra,Independiente,Racing Club,VOL,,,,,,,,SIN_EVENTO_SOFASCORE,SIN_EVENTO_SOFASCORE
m_3qEFO6,,2026-04-04,p_477cm1,Iván Marcone,Independiente,Racing Club,VOL,,,,,,,,SIN_EVENTO_SOFASCORE,SIN_EVENTO_SOFASCORE
m_3qEFO6,,2026-04-04,p_1HqLta,Juan Fedorco,Independiente,Racing Club,DEF,,,,,,,,SIN_EVENTO_SOFASCORE,SIN_EVENTO_SOFASCORE
m_3qEFO6,,2026-04-04,p_3zzhTk,Kevin Lomónaco,Independiente,Racing Club,DEF,,,,,,,,SIN_EVENTO_SOFASCORE,SIN_EVENTO_SOFASCORE
m_3qEFO6,,2026-04-04,p_2GcFwZ,Lautaro Millán,Independiente,Racing Club,VOL,,,,,,,,SIN_EVENTO_SOFASCORE,SIN_EVENTO_SOFASCORE
m_3qEFO6,,2026-04-04,p_4eK1TZ,Mateo Pérez Curci,Independiente,Racing Club,VOL,,,,,,,,SIN_EVENTO_SOFASCORE,SIN_EVENTO_SOFASCORE
m_3qEFO6,,2026-04-04,p_3KLwFI,Rodrigo Rey,Independiente,Racing Club,ARQ,,,,,,,,SIN_EVENTO_SOFASCORE,SIN_EVENTO_SOFASCORE
m_3qEFO6,,2026-04-04,p_4RoV0i,Santiago Arias,Independiente,Racing Club,DEF,,,,,,,,SIN_EVENTO_SOFASCORE,SIN_EVENTO_SOFASCORE
m_3qEFO6,,2026-04-04,p_2c9Jkj,Santiago Gabriel Montiel,Independiente,Racing Club,VOL,,,,,,,,SIN_EVENTO_SOFASCORE,SIN_EVENTO_SOFASCORE
m_3qEFO6,,2026-04-04,p_4UoYBc,Sebastián Valdéz,Independiente,Racing Club,DEF,,,,,,,,SIN_EVENTO_SOFASCORE,SIN_EVENTO_SOFASCORE
m_0X7bQS,,2026-04-05,p_43D8up,Adrián Sánchez,Belgrano,River Plate,VOL,,,,,,,,SIN_EVENTO_SOFASCORE,SIN_EVENTO_SOFASCORE
m_0X7bQS,,2026-04-05,p_1EMq3A,Alcides Benítez,Belgrano,River Plate,DEF,,,,,,,,SIN_EVENTO_SOFASCORE,SIN_EVENTO_SOFASCORE
m_0X7bQS,,2026-04-05,p_28SEJq,Alexis Maldonado,Belgrano,River Plate,DEF,,,,,,,,SIN_EVENTO_SOFASCORE,SIN_EVENTO_SOFASCORE
m_0X7bQS,,2026-04-05,p_49U5oJ,Emiliano Ariel Rigoni,Belgrano,River Plate,VOL,,,,,,,,SIN_EVENTO_SOFASCORE,SIN_EVENTO_SOFASCORE
m_0X7bQS,,2026-04-05,p_4OBdka,Federico Ricca,Belgrano,River Plate,DEF,,,,,,,,SIN_EVENTO_SOFASCORE,SIN_EVENTO_SOFASCORE
m_0X7bQS,,2026-04-05,p_3Boqdn,Francisco González Metilli,Belgrano,River Plate,VOL,,,,,,,,SIN_EVENTO_SOFASCORE,SIN_EVENTO_SOFASCORE
m_0X7bQS,,2026-04-05,p_4g8d1N,Franco Vázquez,Belgrano,River Plate,VOL,,,,,,,,SIN_EVENTO_SOFASCORE,SIN_EVENTO_SOFASCORE
m_0X7bQS,,2026-04-05,p_1hr765,Juan Velázquez,Belgrano,River Plate,VOL,,,,,,,,SIN_EVENTO_SOFASCORE,SIN_EVENTO_SOFASCORE
m_0X7bQS,,2026-04-05,p_1lrNAx,Lautaro Gutierrez,Belgrano,River Plate,VOL,,,,,,,,SIN_EVENTO_SOFASCORE,SIN_EVENTO_SOFASCORE
m_0X7bQS,,2026-04-05,p_3u6zLG,Leonardo Morales,Belgrano,River Plate,DEF,,,,,,,,SIN_EVENTO_SOFASCORE,SIN_EVENTO_SOFASCORE
m_0X7bQS,,2026-04-05,p_3v2tAE,Lucas Zelarayán,Belgrano,River Plate,VOL,,,,,,,,SIN_EVENTO_SOFASCORE,SIN_EVENTO_SOFASCORE
m_0X7bQS,,2026-04-05,p_0FN6nM,Ramiro Hernandes,Belgrano,River Plate,VOL,,,,,,,,SIN_EVENTO_SOFASCORE,SIN_EVENTO_SOFASCORE
m_0X7bQS,,2026-04-05,p_0ujJJG,Thiago Cardozo,Belgrano,River Plate,ARQ,,,,,,,,SIN_EVENTO_SOFASCORE,SIN_EVENTO_SOFASCORE
m_0S9hu2,,2026-04-05,p_0vreM8,Agustín Quiroga,Central Córdoba de Santiago,Newell's Old Boys,DEF,,,,,,,,SIN_EVENTO_SOFASCORE,SIN_EVENTO_SOFASCORE
m_0S9hu2,,2026-04-05,p_43Olsv,Alan Aguerre,Central Córdoba de Santiago,Newell's Old Boys,ARQ,,,,,,,,SIN_EVENTO_SOFASCORE,SIN_EVENTO_SOFASCORE
m_0S9hu2,,2026-04-05,p_1j4h24,Alan Daian Laprida,Central Córdoba de Santiago,Newell's Old Boys,VOL,,,,,,,,SIN_EVENTO_SOFASCORE,SIN_EVENTO_SOFASCORE
m_0S9hu2,,2026-04-05,p_2StpFV,Alejandro Maciel,Central Córdoba de Santiago,Newell's Old Boys,DEF,,,,,,,,SIN_EVENTO_SOFASCORE,SIN_EVENTO_SOFASCORE
m_0S9hu2,,2026-04-05,p_0ciPTe,Diego Barrera,Central Córdoba de Santiago,Newell's Old Boys,VOL,,,,,,,,SIN_EVENTO_SOFASCORE,SIN_EVENTO_SOFASCORE
m_0S9hu2,,2026-04-05,p_1KfXQ1,Facundo Mansilla Zahir,Central Córdoba de Santiago,Newell's Old Boys,DEF,,,,,,,,SIN_EVENTO_SOFASCORE,SIN_EVENTO_SOFASCORE
m_0S9hu2,,2026-04-05,p_1K6Fr9,Fernando Martínez,Central Córdoba de Santiago,Newell's Old Boys,DEF,,,,,,,,SIN_EVENTO_SOFASCORE,SIN_EVENTO_SOFASCORE
m_0S9hu2,,2026-04-05,p_3lI7ex,Javier Vallejos,Central Córdoba de Santiago,Newell's Old Boys,DEF,,,,,,,,SIN_EVENTO_SOFASCORE,SIN_EVENTO_SOFASCORE
m_0S9hu2,,2026-04-05,p_1PTJbZ,Juan Cardozo,Central Córdoba de Santiago,Newell's Old Boys,VOL,,,,,,,,SIN_EVENTO_SOFASCORE,SIN_EVENTO_SOFASCORE
m_0S9hu2,,2026-04-05,p_1dhUli,Juan Pablo Pignani,Central Córdoba de Santiago,Newell's Old Boys,DEF,,,,,,,,SIN_EVENTO_SOFASCORE,SIN_EVENTO_SOFASCORE
m_0S9hu2,,2026-04-05,p_3XD5Nu,Matías Vera,Central Córdoba de Santiago,Newell's Old Boys,VOL,,,,,,,,SIN_EVENTO_SOFASCORE,SIN_EVENTO_SOFASCORE
m_0S9hu2,,2026-04-05,p_3cMYiv,Santiago Moyano,Central Córdoba de Santiago,Newell's Old Boys,DEF,,,,,,,,SIN_EVENTO_SOFASCORE,SIN_EVENTO_SOFASCORE
m_0S9hu2,,2026-04-05,p_4Pokti,Yuri Casermeiro,Central Córdoba de Santiago,Newell's Old Boys,DEF,,,,,,,,SIN_EVENTO_SOFASCORE,SIN_EVENTO_SOFASCORE
m_2k76Cm,,2026-04-05,p_0xdX07,Bautista Barros Schelotto,Gimnasia LP,Huracán,DEF,,,,,,,,SIN_EVENTO_SOFASCORE,SIN_EVENTO_SOFASCORE
m_2k76Cm,,2026-04-05,p_40ubcR,Enzo Martínez,Gimnasia LP,Huracán,DEF,,,,,,,,SIN_EVENTO_SOFASCORE,SIN_EVENTO_SOFASCORE
m_2k76Cm,,2026-04-05,p_1tL0oC,Gonzalo Errecalde,Gimnasia LP,Huracán,DEF,,,,,,,,SIN_EVENTO_SOFASCORE,SIN_EVENTO_SOFASCORE
m_2k76Cm,,2026-04-05,p_1THzRF,Gonzalo González,Gimnasia LP,Huracán,DEF,,,,,,,,SIN_EVENTO_SOFASCORE,SIN_EVENTO_SOFASCORE
m_2k76Cm,,2026-04-05,p_15wJtA,Ignacio Fernández,Gimnasia LP,Huracán,VOL,,,,,,,,SIN_EVENTO_SOFASCORE,SIN_EVENTO_SOFASCORE
m_2k76Cm,,2026-04-05,p_2PDOYX,Ignacio Miramón,Gimnasia LP,Huracán,VOL,,,,,,,,SIN_EVENTO_SOFASCORE,SIN_EVENTO_SOFASCORE
m_2k76Cm,,2026-04-05,p_3s2VQn,Juan Pérez,Gimnasia LP,Huracán,VOL,,,,,,,,SIN_EVENTO_SOFASCORE,SIN_EVENTO_SOFASCORE
m_2k76Cm,,2026-04-05,p_0VZwYw,Lucas Nahuel Castro,Gimnasia LP,Huracán,VOL,,,,,,,,SIN_EVENTO_SOFASCORE,SIN_EVENTO_SOFASCORE
m_2k76Cm,,2026-04-05,p_2h5dHt,Manuel Panaro,Gimnasia LP,Huracán,VOL,,,,,,,,SIN_EVENTO_SOFASCORE,SIN_EVENTO_SOFASCORE
m_2k76Cm,,2026-04-05,p_1CvIxl,Nelson Insfrán,Gimnasia LP,Huracán,ARQ,,,,,,,,SIN_EVENTO_SOFASCORE,SIN_EVENTO_SOFASCORE
m_2k76Cm,,2026-04-05,p_0naJM3,Nicolás Barros Schelotto,Gimnasia LP,Huracán,VOL,,,,,,,,SIN_EVENTO_SOFASCORE,SIN_EVENTO_SOFASCORE
m_2k76Cm,,2026-04-05,p_2ZvpgZ,Pedro Silva Torrejón,Gimnasia LP,Huracán,DEF,,,,,,,,SIN_EVENTO_SOFASCORE,SIN_EVENTO_SOFASCORE
m_2NfZWl,,2026-04-07,p_39c8jY,Diego Sosa,Instituto,Defensa y Justicia,DEF,,,,,,,,SIN_EVENTO_SOFASCORE,SIN_EVENTO_SOFASCORE
m_2NfZWl,,2026-04-07,p_1qCu0J,Fernando Alarcón,Instituto,Defensa y Justicia,DEF,,,,,,,,SIN_EVENTO_SOFASCORE,SIN_EVENTO_SOFASCORE
m_2NfZWl,,2026-04-07,p_0afatN,Gastón Lodico,Instituto,Defensa y Justicia,VOL,,,,,,,,SIN_EVENTO_SOFASCORE,SIN_EVENTO_SOFASCORE
m_2NfZWl,,2026-04-07,p_3I0XnJ,Giuliano Cerato,Instituto,Defensa y Justicia,VOL,,,,,,,,SIN_EVENTO_SOFASCORE,SIN_EVENTO_SOFASCORE
m_2NfZWl,,2026-04-07,p_287xJj,Gustavo Abregú,Instituto,Defensa y Justicia,VOL,,,,,,,,SIN_EVENTO_SOFASCORE,SIN_EVENTO_SOFASCORE
m_2NfZWl,,2026-04-07,p_4T6aUk,Ignacio Méndez,Instituto,Defensa y Justicia,VOL,,,,,,,,SIN_EVENTO_SOFASCORE,SIN_EVENTO_SOFASCORE
m_2NfZWl,,2026-04-07,p_28dMyW,Jeremías Lázaro,Instituto,Defensa y Justicia,VOL,,,,,,,,SIN_EVENTO_SOFASCORE,SIN_EVENTO_SOFASCORE
m_2NfZWl,,2026-04-07,p_2AQDyY,Jhon Córdoba,Instituto,Defensa y Justicia,VOL,,,,,,,,SIN_EVENTO_SOFASCORE,SIN_EVENTO_SOFASCORE
m_2NfZWl,,2026-04-07,p_1xKto7,Jonathan Galván,Instituto,Defensa y Justicia,DEF,,,,,,,,SIN_EVENTO_SOFASCORE,SIN_EVENTO_SOFASCORE
m_2NfZWl,,2026-04-07,p_3x6Yqh,Leonel Mosevich,Instituto,Defensa y Justicia,DEF,,,,,,,,SIN_EVENTO_SOFASCORE,SIN_EVENTO_SOFASCORE
m_2NfZWl,,2026-04-07,p_4UkieF,Manuel Roffo,Instituto,Defensa y Justicia,ARQ,,,,,,,,SIN_EVENTO_SOFASCORE,SIN_EVENTO_SOFASCORE
m_2NfZWl,,2026-04-07,p_0s5hPU,Matías Gallardo,Instituto,Defensa y Justicia,VOL,,,,,,,,SIN_EVENTO_SOFASCORE,SIN_EVENTO_SOFASCORE
m_4OXsD0,,2026-04-11,p_4Mszzs,Adrián Spörle,Belgrano,Aldosivi,DEF,,,,,,,,SIN_EVENTO_SOFASCORE,SIN_EVENTO_SOFASCORE
m_4OXsD0,,2026-04-11,p_43D8up,Adrián Sánchez,Belgrano,Aldosivi,VOL,,,,,,,,SIN_EVENTO_SOFASCORE,SIN_EVENTO_SOFASCORE
m_4OXsD0,,2026-04-11,p_28SEJq,Alexis Maldonado,Belgrano,Aldosivi,DEF,,,,,,,,SIN_EVENTO_SOFASCORE,SIN_EVENTO_SOFASCORE
m_4OXsD0,,2026-04-11,p_49U5oJ,Emiliano Ariel Rigoni,Belgrano,Aldosivi,VOL,,,,,,,,SIN_EVENTO_SOFASCORE,SIN_EVENTO_SOFASCORE
m_4OXsD0,,2026-04-11,p_4OBdka,Federico Ricca,Belgrano,Aldosivi,DEF,,,,,,,,SIN_EVENTO_SOFASCORE,SIN_EVENTO_SOFASCORE
m_4OXsD0,,2026-04-11,p_4g8d1N,Franco Vázquez,Belgrano,Aldosivi,VOL,,,,,,,,SIN_EVENTO_SOFASCORE,SIN_EVENTO_SOFASCORE
m_4OXsD0,,2026-04-11,p_1hr765,Juan Velázquez,Belgrano,Aldosivi,VOL,,,,,,,,SIN_EVENTO_SOFASCORE,SIN_EVENTO_SOFASCORE
m_4OXsD0,,2026-04-11,p_1lrNAx,Lautaro Gutierrez,Belgrano,Aldosivi,VOL,,,,,,,,SIN_EVENTO_SOFASCORE,SIN_EVENTO_SOFASCORE
m_4OXsD0,,2026-04-11,p_3u6zLG,Leonardo Morales,Belgrano,Aldosivi,DEF,,,,,,,,SIN_EVENTO_SOFASCORE,SIN_EVENTO_SOFASCORE
m_4OXsD0,,2026-04-11,p_1x6fIA,Lisandro López,Belgrano,Aldosivi,DEF,,,,,,,,SIN_EVENTO_SOFASCORE,SIN_EVENTO_SOFASCORE
m_4OXsD0,,2026-04-11,p_3v2tAE,Lucas Zelarayán,Belgrano,Aldosivi,VOL,,,,,,,,SIN_EVENTO_SOFASCORE,SIN_EVENTO_SOFASCORE
m_4OXsD0,,2026-04-11,p_0FN6nM,Ramiro Hernandes,Belgrano,Aldosivi,VOL,,,,,,,,SIN_EVENTO_SOFASCORE,SIN_EVENTO_SOFASCORE
m_4OXsD0,,2026-04-11,p_2PNnZ9,Santiago Longo,Belgrano,Aldosivi,VOL,,,,,,,,SIN_EVENTO_SOFASCORE,SIN_EVENTO_SOFASCORE
m_4OXsD0,,2026-04-11,p_0ujJJG,Thiago Cardozo,Belgrano,Aldosivi,ARQ,,,,,,,,SIN_EVENTO_SOFASCORE,SIN_EVENTO_SOFASCORE
m_4fxT6w,,2026-04-11,p_1eezYL,Adolfo Gaich,Estudiantes,Unión,DEL,,,,,,,,SIN_EVENTO_SOFASCORE,SIN_EVENTO_SOFASCORE
m_4fxT6w,,2026-04-11,p_4FAIfZ,Alexis Castro,Estudiantes,Unión,VOL,,,,,,,,SIN_EVENTO_SOFASCORE,SIN_EVENTO_SOFASCORE
m_4fxT6w,,2026-04-11,p_3NKnXO,Brian Aguirre,Estudiantes,Unión,VOL,,,,,,,,SIN_EVENTO_SOFASCORE,SIN_EVENTO_SOFASCORE
m_4fxT6w,,2026-04-11,p_375sV8,Eros Mancuso,Estudiantes,Unión,DEF,,,,,,,,SIN_EVENTO_SOFASCORE,SIN_EVENTO_SOFASCORE
m_4fxT6w,,2026-04-11,p_0UPCHl,Fabricio Pérez,Estudiantes,Unión,VOL,,,,,,,,SIN_EVENTO_SOFASCORE,SIN_EVENTO_SOFASCORE
m_4fxT6w,,2026-04-11,p_43Wo3u,Fernando Muslera,Estudiantes,Unión,ARQ,,,,,,,,SIN_EVENTO_SOFASCORE,SIN_EVENTO_SOFASCORE
m_4fxT6w,,2026-04-11,p_1E7ljC,Gabriel Neves,Estudiantes,Unión,VOL,,,,,,,,SIN_EVENTO_SOFASCORE,SIN_EVENTO_SOFASCORE
m_4fxT6w,,2026-04-11,p_4LoI3o,Gastón Benedetti,Estudiantes,Unión,DEF,,,,,,,,SIN_EVENTO_SOFASCORE,SIN_EVENTO_SOFASCORE
m_4fxT6w,,2026-04-11,p_0v7y0D,Joaquín Pereyra,Estudiantes,Unión,DEF,,,,,,,,SIN_EVENTO_SOFASCORE,SIN_EVENTO_SOFASCORE
m_4fxT6w,,2026-04-11,p_3j26Fw,José Sosa,Estudiantes,Unión,VOL,,,,,,,,SIN_EVENTO_SOFASCORE,SIN_EVENTO_SOFASCORE
m_4fxT6w,,2026-04-11,p_10iCWI,Leandro González Pírez,Estudiantes,Unión,DEF,,,,,,,,SIN_EVENTO_SOFASCORE,SIN_EVENTO_SOFASCORE
m_4fxT6w,,2026-04-11,p_0dtSF3,Lucas Alario,Estudiantes,Unión,DEL,,,,,,,,SIN_EVENTO_SOFASCORE,SIN_EVENTO_SOFASCORE
m_4fxT6w,,2026-04-11,p_0TKEkA,Mikel Amondarain,Estudiantes,Unión,VOL,,,,,,,,SIN_EVENTO_SOFASCORE,SIN_EVENTO_SOFASCORE
m_4fxT6w,,2026-04-11,p_3zPSfN,Ramiro Funes Mori,Estudiantes,Unión,DEF,,,,,,,,SIN_EVENTO_SOFASCORE,SIN_EVENTO_SOFASCORE
m_4fxT6w,,2026-04-11,p_2ffBRo,Santiago Núñez,Estudiantes,Unión,DEF,,,,,,,,SIN_EVENTO_SOFASCORE,SIN_EVENTO_SOFASCORE
m_4fxT6w,,2026-04-11,p_3UfnVk,Tiago Palacios,Estudiantes,Unión,VOL,,,,,,,,SIN_EVENTO_SOFASCORE,SIN_EVENTO_SOFASCORE
m_1uocnY,,2026-04-11,p_2ralsZ,Facundo Zabala,Independiente,Boca Juniors,DEF,,,,,,,,SIN_EVENTO_SOFASCORE,SIN_EVENTO_SOFASCORE
m_1uocnY,,2026-04-11,p_47bCwf,Ignacio Malcorra,Independiente,Boca Juniors,VOL,,,,,,,,SIN_EVENTO_SOFASCORE,SIN_EVENTO_SOFASCORE
m_1uocnY,,2026-04-11,p_477cm1,Iván Marcone,Independiente,Boca Juniors,VOL,,,,,,,,SIN_EVENTO_SOFASCORE,SIN_EVENTO_SOFASCORE
m_1uocnY,,2026-04-11,p_1HqLta,Juan Fedorco,Independiente,Boca Juniors,DEF,,,,,,,,SIN_EVENTO_SOFASCORE,SIN_EVENTO_SOFASCORE
m_1uocnY,,2026-04-11,p_3zzhTk,Kevin Lomónaco,Independiente,Boca Juniors,DEF,,,,,,,,SIN_EVENTO_SOFASCORE,SIN_EVENTO_SOFASCORE
m_1uocnY,,2026-04-11,p_4eK1TZ,Mateo Pérez Curci,Independiente,Boca Juniors,VOL,,,,,,,,SIN_EVENTO_SOFASCORE,SIN_EVENTO_SOFASCORE
m_1uocnY,,2026-04-11,p_0sEghq,Nicolas Freire,Independiente,Boca Juniors,DEF,,,,,,,,SIN_EVENTO_SOFASCORE,SIN_EVENTO_SOFASCORE
m_1uocnY,,2026-04-11,p_4L0APC,Rodrigo Fernández,Independiente,Boca Juniors,VOL,,,,,,,,SIN_EVENTO_SOFASCORE,SIN_EVENTO_SOFASCORE
m_1uocnY,,2026-04-11,p_3KLwFI,Rodrigo Rey,Independiente,Boca Juniors,ARQ,,,,,,,,SIN_EVENTO_SOFASCORE,SIN_EVENTO_SOFASCORE
m_1uocnY,,2026-04-11,p_4RoV0i,Santiago Arias,Independiente,Boca Juniors,DEF,,,,,,,,SIN_EVENTO_SOFASCORE,SIN_EVENTO_SOFASCORE
m_1uocnY,,2026-04-11,p_4UoYBc,Sebastián Valdéz,Independiente,Boca Juniors,DEF,,,,,,,,SIN_EVENTO_SOFASCORE,SIN_EVENTO_SOFASCORE
m_0g9Wn1,,2026-04-11,p_39c8jY,Diego Sosa,Instituto,Deportivo Riestra,DEF,,,,,,,,SIN_EVENTO_SOFASCORE,SIN_EVENTO_SOFASCORE
m_0g9Wn1,,2026-04-11,p_1qCu0J,Fernando Alarcón,Instituto,Deportivo Riestra,DEF,,,,,,,,SIN_EVENTO_SOFASCORE,SIN_EVENTO_SOFASCORE
m_0g9Wn1,,2026-04-11,p_0afatN,Gastón Lodico,Instituto,Deportivo Riestra,VOL,,,,,,,,SIN_EVENTO_SOFASCORE,SIN_EVENTO_SOFASCORE
m_0g9Wn1,,2026-04-11,p_3I0XnJ,Giuliano Cerato,Instituto,Deportivo Riestra,VOL,,,,,,,,SIN_EVENTO_SOFASCORE,SIN_EVENTO_SOFASCORE
m_0g9Wn1,,2026-04-11,p_287xJj,Gustavo Abregú,Instituto,Deportivo Riestra,VOL,,,,,,,,SIN_EVENTO_SOFASCORE,SIN_EVENTO_SOFASCORE
m_0g9Wn1,,2026-04-11,p_4T6aUk,Ignacio Méndez,Instituto,Deportivo Riestra,VOL,,,,,,,,SIN_EVENTO_SOFASCORE,SIN_EVENTO_SOFASCORE
m_0g9Wn1,,2026-04-11,p_28dMyW,Jeremías Lázaro,Instituto,Deportivo Riestra,VOL,,,,,,,,SIN_EVENTO_SOFASCORE,SIN_EVENTO_SOFASCORE
m_0g9Wn1,,2026-04-11,p_2AQDyY,Jhon Córdoba,Instituto,Deportivo Riestra,VOL,,,,,,,,SIN_EVENTO_SOFASCORE,SIN_EVENTO_SOFASCORE
m_0g9Wn1,,2026-04-11,p_1xKto7,Jonathan Galván,Instituto,Deportivo Riestra,DEF,,,,,,,,SIN_EVENTO_SOFASCORE,SIN_EVENTO_SOFASCORE
m_0g9Wn1,,2026-04-11,p_3x6Yqh,Leonel Mosevich,Instituto,Deportivo Riestra,DEF,,,,,,,,SIN_EVENTO_SOFASCORE,SIN_EVENTO_SOFASCORE
m_0g9Wn1,,2026-04-11,p_4UkieF,Manuel Roffo,Instituto,Deportivo Riestra,ARQ,,,,,,,,SIN_EVENTO_SOFASCORE,SIN_EVENTO_SOFASCORE
m_0g9Wn1,,2026-04-11,p_0s5hPU,Matías Gallardo,Instituto,Deportivo Riestra,VOL,,,,,,,,SIN_EVENTO_SOFASCORE,SIN_EVENTO_SOFASCORE
m_4fxT6w,,2026-04-11,p_3uAxFO,Augusto Solari,Unión,Estudiantes,VOL,,,,,,,,SIN_EVENTO_SOFASCORE,SIN_EVENTO_SOFASCORE
m_4fxT6w,,2026-04-11,p_43YxGe,Brahian Cuello,Unión,Estudiantes,VOL,,,,,,,,SIN_EVENTO_SOFASCORE,SIN_EVENTO_SOFASCORE
m_4fxT6w,,2026-04-11,p_2msaJ0,Bruno Pittón,Unión,Estudiantes,DEF,,,,,,,,SIN_EVENTO_SOFASCORE,SIN_EVENTO_SOFASCORE
m_4fxT6w,,2026-04-11,p_3woyik,Cristian Alberto Tarragona,Unión,Estudiantes,DEL,,,,,,,,SIN_EVENTO_SOFASCORE,SIN_EVENTO_SOFASCORE
m_4fxT6w,,2026-04-11,p_2hA19F,Emiliano Alvarez,Unión,Estudiantes,DEF,,,,,,,,SIN_EVENTO_SOFASCORE,SIN_EVENTO_SOFASCORE
m_4fxT6w,,2026-04-11,p_3c6pcI,Juan Pablo Ludueña,Unión,Estudiantes,DEF,,,,,,,,SIN_EVENTO_SOFASCORE,SIN_EVENTO_SOFASCORE
m_4fxT6w,,2026-04-11,p_1h4yOi,Julián Palacios,Unión,Estudiantes,VOL,,,,,,,,SIN_EVENTO_SOFASCORE,SIN_EVENTO_SOFASCORE
m_4fxT6w,,2026-04-11,p_2jiARu,Maizon Rodríguez,Unión,Estudiantes,DEF,,,,,,,,SIN_EVENTO_SOFASCORE,SIN_EVENTO_SOFASCORE
m_4fxT6w,,2026-04-11,p_3ybBVT,Marcelo Estigarribia,Unión,Estudiantes,DEL,,,,,,,,SIN_EVENTO_SOFASCORE,SIN_EVENTO_SOFASCORE
m_4fxT6w,,2026-04-11,p_2vkqTj,Mateo Del Blanco,Unión,Estudiantes,DEF,,,,,,,,SIN_EVENTO_SOFASCORE,SIN_EVENTO_SOFASCORE
m_4fxT6w,,2026-04-11,p_0yyPLQ,Matías Mansilla,Unión,Estudiantes,ARQ,,,,,,,,SIN_EVENTO_SOFASCORE,SIN_EVENTO_SOFASCORE
m_4fxT6w,,2026-04-11,p_3yJs62,Mauro Pittón,Unión,Estudiantes,VOL,,,,,,,,SIN_EVENTO_SOFASCORE,SIN_EVENTO_SOFASCORE
m_4fxT6w,,2026-04-11,p_1U6bCS,Nicolas Paz,Unión,Estudiantes,DEF,,,,,,,,SIN_EVENTO_SOFASCORE,SIN_EVENTO_SOFASCORE
m_4fxT6w,,2026-04-11,p_3H1rr8,Nicolás Palavecino,Unión,Estudiantes,VOL,,,,,,,,SIN_EVENTO_SOFASCORE,SIN_EVENTO_SOFASCORE
m_4fxT6w,,2026-04-11,p_038W5d,Rafael Profini,Unión,Estudiantes,VOL,,,,,,,,SIN_EVENTO_SOFASCORE,SIN_EVENTO_SOFASCORE
m_4TG70M,,2026-04-12,p_1VlIuF,Brian Andrada,Gimnasia Mendoza,Club Atlético Platense,VOL,,,,,,,,SIN_EVENTO_SOFASCORE,SIN_EVENTO_SOFASCORE
m_4TG70M,,2026-04-12,p_3foBen,César Rigamonti,Gimnasia Mendoza,Club Atlético Platense,ARQ,,,,,,,,SIN_EVENTO_SOFASCORE,SIN_EVENTO_SOFASCORE
m_4TG70M,,2026-04-12,p_4LMFQ0,Diego Mondino,Gimnasia Mendoza,Club Atlético Platense,DEF,,,,,,,,SIN_EVENTO_SOFASCORE,SIN_EVENTO_SOFASCORE
m_4TG70M,,2026-04-12,p_1Iyu97,Esteban Fernández,Gimnasia Mendoza,Club Atlético Platense,VOL,,,,,,,,SIN_EVENTO_SOFASCORE,SIN_EVENTO_SOFASCORE
m_4TG70M,,2026-04-12,p_2UZfm9,Ezequiel Muñoz,Gimnasia Mendoza,Club Atlético Platense,DEF,,,,,,,,SIN_EVENTO_SOFASCORE,SIN_EVENTO_SOFASCORE
m_4TG70M,,2026-04-12,p_2ykUpy,Facundo Lencioni,Gimnasia Mendoza,Club Atlético Platense,VOL,,,,,,,,SIN_EVENTO_SOFASCORE,SIN_EVENTO_SOFASCORE
m_4TG70M,,2026-04-12,p_1iogLn,Fermín Antonini,Gimnasia Mendoza,Club Atlético Platense,VOL,,,,,,,,SIN_EVENTO_SOFASCORE,SIN_EVENTO_SOFASCORE
m_4TG70M,,2026-04-12,p_38u8in,Franco Saavedra,Gimnasia Mendoza,Club Atlético Platense,DEF,,,,,,,,SIN_EVENTO_SOFASCORE,SIN_EVENTO_SOFASCORE
m_4TG70M,,2026-04-12,p_3yIku6,Ismael Cortéz,Gimnasia Mendoza,Club Atlético Platense,DEF,,,,,,,,SIN_EVENTO_SOFASCORE,SIN_EVENTO_SOFASCORE
m_4TG70M,,2026-04-12,p_2twD0T,Juan Franco,Gimnasia Mendoza,Club Atlético Platense,DEF,,,,,,,,SIN_EVENTO_SOFASCORE,SIN_EVENTO_SOFASCORE
m_4TG70M,,2026-04-12,p_1oAIvS,Matías Recalde,Gimnasia Mendoza,Club Atlético Platense,DEF,,,,,,,,SIN_EVENTO_SOFASCORE,SIN_EVENTO_SOFASCORE
m_4TG70M,,2026-04-12,p_4OJPBH,Tomás O'Connor,Gimnasia Mendoza,Club Atlético Platense,VOL,,,,,,,,SIN_EVENTO_SOFASCORE,SIN_EVENTO_SOFASCORE
m_4TG70M,,2026-04-12,p_0ybyPC,Ulises Sánchez,Gimnasia Mendoza,Club Atlético Platense,VOL,,,,,,,,SIN_EVENTO_SOFASCORE,SIN_EVENTO_SOFASCORE
m_4DcYBn,,2026-04-13,p_1bUOsk,Alexis Steimbach,Gimnasia LP,Sarmiento,DEF,,,,,,,,SIN_EVENTO_SOFASCORE,SIN_EVENTO_SOFASCORE
m_4DcYBn,,2026-04-13,p_0AsvjF,Augusto Max,Gimnasia LP,Sarmiento,VOL,,,,,,,,SIN_EVENTO_SOFASCORE,SIN_EVENTO_SOFASCORE
m_4DcYBn,,2026-04-13,p_40ubcR,Enzo Martínez,Gimnasia LP,Sarmiento,DEF,,,,,,,,SIN_EVENTO_SOFASCORE,SIN_EVENTO_SOFASCORE
m_4DcYBn,,2026-04-13,p_15wJtA,Ignacio Fernández,Gimnasia LP,Sarmiento,VOL,,,,,,,,SIN_EVENTO_SOFASCORE,SIN_EVENTO_SOFASCORE
m_4DcYBn,,2026-04-13,p_2PDOYX,Ignacio Miramón,Gimnasia LP,Sarmiento,VOL,,,,,,,,SIN_EVENTO_SOFASCORE,SIN_EVENTO_SOFASCORE
m_4DcYBn,,2026-04-13,p_2h5dHt,Manuel Panaro,Gimnasia LP,Sarmiento,VOL,,,,,,,,SIN_EVENTO_SOFASCORE,SIN_EVENTO_SOFASCORE
m_4DcYBn,,2026-04-13,p_21agZ1,Mateo Seoane,Gimnasia LP,Sarmiento,VOL,,,,,,,,SIN_EVENTO_SOFASCORE,SIN_EVENTO_SOFASCORE
m_4DcYBn,,2026-04-13,p_1CvIxl,Nelson Insfrán,Gimnasia LP,Sarmiento,ARQ,,,,,,,,SIN_EVENTO_SOFASCORE,SIN_EVENTO_SOFASCORE
m_4DcYBn,,2026-04-13,p_0naJM3,Nicolás Barros Schelotto,Gimnasia LP,Sarmiento,VOL,,,,,,,,SIN_EVENTO_SOFASCORE,SIN_EVENTO_SOFASCORE
m_4DcYBn,,2026-04-13,p_2ZvpgZ,Pedro Silva Torrejón,Gimnasia LP,Sarmiento,DEF,,,,,,,,SIN_EVENTO_SOFASCORE,SIN_EVENTO_SOFASCORE
m_4DcYBn,,2026-04-13,p_0URNSN,Renzo Giampaoli,Gimnasia LP,Sarmiento,DEF,,,,,,,,SIN_EVENTO_SOFASCORE,SIN_EVENTO_SOFASCORE
m_2pE60O,,2026-04-13,p_3xub3o,Agustín Cardozo,Lanús,Banfield,VOL,,,,,,,,SIN_EVENTO_SOFASCORE,SIN_EVENTO_SOFASCORE
m_2pE60O,,2026-04-13,p_3dgI1a,Agustín Medina,Lanús,Banfield,VOL,,,,,,,,SIN_EVENTO_SOFASCORE,SIN_EVENTO_SOFASCORE
m_2pE60O,,2026-04-13,p_0pxwpN,Carlos Izquierdoz,Lanús,Banfield,DEF,,,,,,,,SIN_EVENTO_SOFASCORE,SIN_EVENTO_SOFASCORE
m_2pE60O,,2026-04-13,p_1Dr7TL,Eduardo Salvio,Lanús,Banfield,VOL,,,,,,,,SIN_EVENTO_SOFASCORE,SIN_EVENTO_SOFASCORE
m_2pE60O,,2026-04-13,p_4NdBtx,Felipe Peña Biafore,Lanús,Banfield,VOL,,,,,,,,SIN_EVENTO_SOFASCORE,SIN_EVENTO_SOFASCORE
m_2pE60O,,2026-04-13,p_45uQz6,Franco Watson,Lanús,Banfield,VOL,,,,,,,,SIN_EVENTO_SOFASCORE,SIN_EVENTO_SOFASCORE
m_2pE60O,,2026-04-13,p_2YLj3q,José Canale,Lanús,Banfield,DEF,,,,,,,,SIN_EVENTO_SOFASCORE,SIN_EVENTO_SOFASCORE
m_2pE60O,,2026-04-13,p_0MwF8F,Lucas Besozzi,Lanús,Banfield,VOL,,,,,,,,SIN_EVENTO_SOFASCORE,SIN_EVENTO_SOFASCORE
m_2pE60O,,2026-04-13,p_32gEeN,Marcelino Moreno,Lanús,Banfield,VOL,,,,,,,,SIN_EVENTO_SOFASCORE,SIN_EVENTO_SOFASCORE
m_2pE60O,,2026-04-13,p_1R1UR4,Matías Sepúlveda,Lanús,Banfield,VOL,,,,,,,,SIN_EVENTO_SOFASCORE,SIN_EVENTO_SOFASCORE
m_2pE60O,,2026-04-13,p_4W6aiW,Nahuel Losada,Lanús,Banfield,ARQ,,,,,,,,SIN_EVENTO_SOFASCORE,SIN_EVENTO_SOFASCORE
m_2pE60O,,2026-04-13,p_3bNsap,Ramiro Carrera,Lanús,Banfield,VOL,,,,,,,,SIN_EVENTO_SOFASCORE,SIN_EVENTO_SOFASCORE
m_2pE60O,,2026-04-13,p_0YK7Rt,Sasha Marcich,Lanús,Banfield,DEF,,,,,,,,SIN_EVENTO_SOFASCORE,SIN_EVENTO_SOFASCORE
m_2pE60O,,2026-04-13,p_1Zygll,Tomás Ezequiel Guidara,Lanús,Banfield,DEF,,,,,,,,SIN_EVENTO_SOFASCORE,SIN_EVENTO_SOFASCORE
m_3SYDN1,,2026-04-13,p_3WvG1h,Alex Vigo,Talleres,Defensa y Justicia,DEF,,,,,,,,SIN_EVENTO_SOFASCORE,SIN_EVENTO_SOFASCORE
m_3SYDN1,,2026-04-13,p_0rvVb2,Alexandro Maidana,Talleres,Defensa y Justicia,DEF,,,,,,,,SIN_EVENTO_SOFASCORE,SIN_EVENTO_SOFASCORE
m_3SYDN1,,2026-04-13,p_23S3AO,Augusto Schott,Talleres,Defensa y Justicia,DEF,,,,,,,,SIN_EVENTO_SOFASCORE,SIN_EVENTO_SOFASCORE
m_3SYDN1,,2026-04-13,p_3weO8u,Franco Cristaldo,Talleres,Defensa y Justicia,VOL,,,,,,,,SIN_EVENTO_SOFASCORE,SIN_EVENTO_SOFASCORE
m_3SYDN1,,2026-04-13,p_1u6e88,Guido Herrera,Talleres,Defensa y Justicia,ARQ,,,,,,,,SIN_EVENTO_SOFASCORE,SIN_EVENTO_SOFASCORE
m_3SYDN1,,2026-04-13,p_0tQtiw,Juan Sforza,Talleres,Defensa y Justicia,VOL,,,,,,,,SIN_EVENTO_SOFASCORE,SIN_EVENTO_SOFASCORE
m_3SYDN1,,2026-04-13,p_4D08FT,Mateo Caceres,Talleres,Defensa y Justicia,VOL,,,,,,,,SIN_EVENTO_SOFASCORE,SIN_EVENTO_SOFASCORE
m_3SYDN1,,2026-04-13,p_43mFql,Matías Catalán,Talleres,Defensa y Justicia,DEF,,,,,,,,SIN_EVENTO_SOFASCORE,SIN_EVENTO_SOFASCORE
m_3SYDN1,,2026-04-13,p_0zKhoP,Matías Galarza,Talleres,Defensa y Justicia,VOL,,,,,,,,SIN_EVENTO_SOFASCORE,SIN_EVENTO_SOFASCORE
m_3SYDN1,,2026-04-13,p_0V59vw,Santiago Fernández,Talleres,Defensa y Justicia,DEF,,,,,,,,SIN_EVENTO_SOFASCORE,SIN_EVENTO_SOFASCORE
m_3SYDN1,,2026-04-13,p_2lzqTc,Ulises Ortegoza,Talleres,Defensa y Justicia,VOL,,,,,,,,SIN_EVENTO_SOFASCORE,SIN_EVENTO_SOFASCORE
m_2wfcAu,,2026-04-14,p_0vreM8,Agustín Quiroga,Central Córdoba de Santiago,Vélez Sarsfield,DEF,,,,,,,,SIN_EVENTO_SOFASCORE,SIN_EVENTO_SOFASCORE
m_2wfcAu,,2026-04-14,p_43Olsv,Alan Aguerre,Central Córdoba de Santiago,Vélez Sarsfield,ARQ,,,,,,,,SIN_EVENTO_SOFASCORE,SIN_EVENTO_SOFASCORE
m_2wfcAu,,2026-04-14,p_1j4h24,Alan Daian Laprida,Central Córdoba de Santiago,Vélez Sarsfield,VOL,,,,,,,,SIN_EVENTO_SOFASCORE,SIN_EVENTO_SOFASCORE
m_2wfcAu,,2026-04-14,p_0ciPTe,Diego Barrera,Central Córdoba de Santiago,Vélez Sarsfield,VOL,,,,,,,,SIN_EVENTO_SOFASCORE,SIN_EVENTO_SOFASCORE
m_2wfcAu,,2026-04-14,p_1KfXQ1,Facundo Mansilla Zahir,Central Córdoba de Santiago,Vélez Sarsfield,DEF,,,,,,,,SIN_EVENTO_SOFASCORE,SIN_EVENTO_SOFASCORE
m_2wfcAu,,2026-04-14,p_1K6Fr9,Fernando Martínez,Central Córdoba de Santiago,Vélez Sarsfield,DEF,,,,,,,,SIN_EVENTO_SOFASCORE,SIN_EVENTO_SOFASCORE
m_2wfcAu,,2026-04-14,p_4beE3s,Leonardo Marchi,Central Córdoba de Santiago,Vélez Sarsfield,DEF,,,,,,,,SIN_EVENTO_SOFASCORE,SIN_EVENTO_SOFASCORE
m_2wfcAu,,2026-04-14,p_2nfEM8,Marco Iacobellis,Central Córdoba de Santiago,Vélez Sarsfield,VOL,,,,,,,,SIN_EVENTO_SOFASCORE,SIN_EVENTO_SOFASCORE
m_2wfcAu,,2026-04-14,p_3XD5Nu,Matías Vera,Central Córdoba de Santiago,Vélez Sarsfield,VOL,,,,,,,,SIN_EVENTO_SOFASCORE,SIN_EVENTO_SOFASCORE
m_2wfcAu,,2026-04-14,p_3cMYiv,Santiago Moyano,Central Córdoba de Santiago,Vélez Sarsfield,DEF,,,,,,,,SIN_EVENTO_SOFASCORE,SIN_EVENTO_SOFASCORE
m_2wfcAu,,2026-04-14,p_0VScM6,Tiago Cravero,Central Córdoba de Santiago,Vélez Sarsfield,VOL,,,,,,,,SIN_EVENTO_SOFASCORE,SIN_EVENTO_SOFASCORE
m_2wfcAu,,2026-04-14,p_4Pokti,Yuri Casermeiro,Central Córdoba de Santiago,Vélez Sarsfield,DEF,,,,,,,,SIN_EVENTO_SOFASCORE,SIN_EVENTO_SOFASCORE
m_2518A4,,2026-04-17,p_43YxGe,Brahian Cuello,Unión,Newell's Old Boys,VOL,,,,,,,,SIN_EVENTO_SOFASCORE,SIN_EVENTO_SOFASCORE
m_2518A4,,2026-04-17,p_2zeYkR,Franco Fragapane,Unión,Newell's Old Boys,VOL,,,,,,,,SIN_EVENTO_SOFASCORE,SIN_EVENTO_SOFASCORE
m_2518A4,,2026-04-17,p_3c6pcI,Juan Pablo Ludueña,Unión,Newell's Old Boys,DEF,,,,,,,,SIN_EVENTO_SOFASCORE,SIN_EVENTO_SOFASCORE
m_2518A4,,2026-04-17,p_1h4yOi,Julián Palacios,Unión,Newell's Old Boys,VOL,,,,,,,,SIN_EVENTO_SOFASCORE,SIN_EVENTO_SOFASCORE
m_2518A4,,2026-04-17,p_1A84Jv,Lautaro Vargas,Unión,Newell's Old Boys,DEF,,,,,,,,SIN_EVENTO_SOFASCORE,SIN_EVENTO_SOFASCORE
m_2518A4,,2026-04-17,p_0ZgxsX,Lucas Menossi,Unión,Newell's Old Boys,VOL,,,,,,,,SIN_EVENTO_SOFASCORE,SIN_EVENTO_SOFASCORE
m_2518A4,,2026-04-17,p_2jiARu,Maizon Rodríguez,Unión,Newell's Old Boys,DEF,,,,,,,,SIN_EVENTO_SOFASCORE,SIN_EVENTO_SOFASCORE
m_2518A4,,2026-04-17,p_2vkqTj,Mateo Del Blanco,Unión,Newell's Old Boys,DEF,,,,,,,,SIN_EVENTO_SOFASCORE,SIN_EVENTO_SOFASCORE
m_2518A4,,2026-04-17,p_0yyPLQ,Matías Mansilla,Unión,Newell's Old Boys,ARQ,,,,,,,,SIN_EVENTO_SOFASCORE,SIN_EVENTO_SOFASCORE
m_2518A4,,2026-04-17,p_3yJs62,Mauro Pittón,Unión,Newell's Old Boys,VOL,,,,,,,,SIN_EVENTO_SOFASCORE,SIN_EVENTO_SOFASCORE
m_2518A4,,2026-04-17,p_3H1rr8,Nicolás Palavecino,Unión,Newell's Old Boys,VOL,,,,,,,,SIN_EVENTO_SOFASCORE,SIN_EVENTO_SOFASCORE
m_2518A4,,2026-04-17,p_038W5d,Rafael Profini,Unión,Newell's Old Boys,VOL,,,,,,,,SIN_EVENTO_SOFASCORE,SIN_EVENTO_SOFASCORE
m_1Vr866,,2026-04-18,p_4FAIfZ,Alexis Castro,Estudiantes,Instituto,VOL,,,,,,,,SIN_EVENTO_SOFASCORE,SIN_EVENTO_SOFASCORE
m_1Vr866,,2026-04-18,p_3NKnXO,Brian Aguirre,Estudiantes,Instituto,VOL,,,,,,,,SIN_EVENTO_SOFASCORE,SIN_EVENTO_SOFASCORE
m_1Vr866,,2026-04-18,p_1SE1Bg,Edwuin Cetré,Estudiantes,Instituto,DEL,,,,,,,,SIN_EVENTO_SOFASCORE,SIN_EVENTO_SOFASCORE
m_1Vr866,,2026-04-18,p_2DQVsu,Eric Meza,Estudiantes,Instituto,DEF,,,,,,,,SIN_EVENTO_SOFASCORE,SIN_EVENTO_SOFASCORE
m_1Vr866,,2026-04-18,p_375sV8,Eros Mancuso,Estudiantes,Instituto,DEF,,,,,,,,SIN_EVENTO_SOFASCORE,SIN_EVENTO_SOFASCORE
m_1Vr866,,2026-04-18,p_4drKzY,Ezequiel Piovi,Estudiantes,Instituto,VOL,,,,,,,,SIN_EVENTO_SOFASCORE,SIN_EVENTO_SOFASCORE
m_1Vr866,,2026-04-18,p_0UPCHl,Fabricio Pérez,Estudiantes,Instituto,VOL,,,,,,,,SIN_EVENTO_SOFASCORE,SIN_EVENTO_SOFASCORE
m_1Vr866,,2026-04-18,p_2z0L2z,Facundo Farías,Estudiantes,Instituto,VOL,,,,,,,,SIN_EVENTO_SOFASCORE,SIN_EVENTO_SOFASCORE
m_1Vr866,,2026-04-18,p_43Wo3u,Fernando Muslera,Estudiantes,Instituto,ARQ,,,,,,,,SIN_EVENTO_SOFASCORE,SIN_EVENTO_SOFASCORE
m_1Vr866,,2026-04-18,p_4LoI3o,Gastón Benedetti,Estudiantes,Instituto,DEF,,,,,,,,SIN_EVENTO_SOFASCORE,SIN_EVENTO_SOFASCORE
m_1Vr866,,2026-04-18,p_3BQAaS,Guido Carrillo,Estudiantes,Instituto,DEL,,,,,,,,SIN_EVENTO_SOFASCORE,SIN_EVENTO_SOFASCORE
m_1Vr866,,2026-04-18,p_10iCWI,Leandro González Pírez,Estudiantes,Instituto,DEF,,,,,,,,SIN_EVENTO_SOFASCORE,SIN_EVENTO_SOFASCORE
m_1Vr866,,2026-04-18,p_0TKEkA,Mikel Amondarain,Estudiantes,Instituto,VOL,,,,,,,,SIN_EVENTO_SOFASCORE,SIN_EVENTO_SOFASCORE
m_1Vr866,,2026-04-18,p_3zPSfN,Ramiro Funes Mori,Estudiantes,Instituto,DEF,,,,,,,,SIN_EVENTO_SOFASCORE,SIN_EVENTO_SOFASCORE
m_1Vr866,,2026-04-18,p_2ffBRo,Santiago Núñez,Estudiantes,Instituto,DEF,,,,,,,,SIN_EVENTO_SOFASCORE,SIN_EVENTO_SOFASCORE
m_1Vr866,,2026-04-18,p_3UfnVk,Tiago Palacios,Estudiantes,Instituto,VOL,,,,,,,,SIN_EVENTO_SOFASCORE,SIN_EVENTO_SOFASCORE
m_2yMdi1,,2026-04-18,p_1bUOsk,Alexis Steimbach,Gimnasia LP,Estudiantes de Río Cuarto,DEF,,,,,,,,SIN_EVENTO_SOFASCORE,SIN_EVENTO_SOFASCORE
m_2yMdi1,,2026-04-18,p_0AsvjF,Augusto Max,Gimnasia LP,Estudiantes de Río Cuarto,VOL,,,,,,,,SIN_EVENTO_SOFASCORE,SIN_EVENTO_SOFASCORE
m_2yMdi1,,2026-04-18,p_0xdX07,Bautista Barros Schelotto,Gimnasia LP,Estudiantes de Río Cuarto,DEF,,,,,,,,SIN_EVENTO_SOFASCORE,SIN_EVENTO_SOFASCORE
m_2yMdi1,,2026-04-18,p_40ubcR,Enzo Martínez,Gimnasia LP,Estudiantes de Río Cuarto,DEF,,,,,,,,SIN_EVENTO_SOFASCORE,SIN_EVENTO_SOFASCORE
m_2yMdi1,,2026-04-18,p_3mGP60,Germán Conti,Gimnasia LP,Estudiantes de Río Cuarto,DEF,,,,,,,,SIN_EVENTO_SOFASCORE,SIN_EVENTO_SOFASCORE
m_2yMdi1,,2026-04-18,p_2PDOYX,Ignacio Miramón,Gimnasia LP,Estudiantes de Río Cuarto,VOL,,,,,,,,SIN_EVENTO_SOFASCORE,SIN_EVENTO_SOFASCORE
m_2yMdi1,,2026-04-18,p_2h5dHt,Manuel Panaro,Gimnasia LP,Estudiantes de Río Cuarto,VOL,,,,,,,,SIN_EVENTO_SOFASCORE,SIN_EVENTO_SOFASCORE
m_2yMdi1,,2026-04-18,p_21agZ1,Mateo Seoane,Gimnasia LP,Estudiantes de Río Cuarto,VOL,,,,,,,,SIN_EVENTO_SOFASCORE,SIN_EVENTO_SOFASCORE
m_2yMdi1,,2026-04-18,p_1CvIxl,Nelson Insfrán,Gimnasia LP,Estudiantes de Río Cuarto,ARQ,,,,,,,,SIN_EVENTO_SOFASCORE,SIN_EVENTO_SOFASCORE
m_2yMdi1,,2026-04-18,p_0naJM3,Nicolás Barros Schelotto,Gimnasia LP,Estudiantes de Río Cuarto,VOL,,,,,,,,SIN_EVENTO_SOFASCORE,SIN_EVENTO_SOFASCORE
m_2yMdi1,,2026-04-18,p_2ZvpgZ,Pedro Silva Torrejón,Gimnasia LP,Estudiantes de Río Cuarto,DEF,,,,,,,,SIN_EVENTO_SOFASCORE,SIN_EVENTO_SOFASCORE
m_2yMdi1,,2026-04-18,p_0URNSN,Renzo Giampaoli,Gimnasia LP,Estudiantes de Río Cuarto,DEF,,,,,,,,SIN_EVENTO_SOFASCORE,SIN_EVENTO_SOFASCORE
m_2qTx0J,,2026-04-18,p_2ralsZ,Facundo Zabala,Independiente,Defensa y Justicia,DEF,,,,,,,,SIN_EVENTO_SOFASCORE,SIN_EVENTO_SOFASCORE
m_2qTx0J,,2026-04-18,p_47bCwf,Ignacio Malcorra,Independiente,Defensa y Justicia,VOL,,,,,,,,SIN_EVENTO_SOFASCORE,SIN_EVENTO_SOFASCORE
m_2qTx0J,,2026-04-18,p_477cm1,Iván Marcone,Independiente,Defensa y Justicia,VOL,,,,,,,,SIN_EVENTO_SOFASCORE,SIN_EVENTO_SOFASCORE
m_2qTx0J,,2026-04-18,p_3zzhTk,Kevin Lomónaco,Independiente,Defensa y Justicia,DEF,,,,,,,,SIN_EVENTO_SOFASCORE,SIN_EVENTO_SOFASCORE
m_2qTx0J,,2026-04-18,p_2GcFwZ,Lautaro Millán,Independiente,Defensa y Justicia,VOL,,,,,,,,SIN_EVENTO_SOFASCORE,SIN_EVENTO_SOFASCORE
m_2qTx0J,,2026-04-18,p_4eK1TZ,Mateo Pérez Curci,Independiente,Defensa y Justicia,VOL,,,,,,,,SIN_EVENTO_SOFASCORE,SIN_EVENTO_SOFASCORE
m_2qTx0J,,2026-04-18,p_4L0APC,Rodrigo Fernández,Independiente,Defensa y Justicia,VOL,,,,,,,,SIN_EVENTO_SOFASCORE,SIN_EVENTO_SOFASCORE
m_2qTx0J,,2026-04-18,p_3KLwFI,Rodrigo Rey,Independiente,Defensa y Justicia,ARQ,,,,,,,,SIN_EVENTO_SOFASCORE,SIN_EVENTO_SOFASCORE
m_2qTx0J,,2026-04-18,p_4RoV0i,Santiago Arias,Independiente,Defensa y Justicia,DEF,,,,,,,,SIN_EVENTO_SOFASCORE,SIN_EVENTO_SOFASCORE
m_2qTx0J,,2026-04-18,p_2c9Jkj,Santiago Gabriel Montiel,Independiente,Defensa y Justicia,VOL,,,,,,,,SIN_EVENTO_SOFASCORE,SIN_EVENTO_SOFASCORE
m_2qTx0J,,2026-04-18,p_4UoYBc,Sebastián Valdéz,Independiente,Defensa y Justicia,DEF,,,,,,,,SIN_EVENTO_SOFASCORE,SIN_EVENTO_SOFASCORE
m_1Vr866,,2026-04-18,p_0t17ZI,Alex Luna,Instituto,Estudiantes,DEL,,,,,,,,SIN_EVENTO_SOFASCORE,SIN_EVENTO_SOFASCORE
m_1Vr866,,2026-04-18,p_39c8jY,Diego Sosa,Instituto,Estudiantes,DEF,,,,,,,,SIN_EVENTO_SOFASCORE,SIN_EVENTO_SOFASCORE
m_1Vr866,,2026-04-18,p_1qCu0J,Fernando Alarcón,Instituto,Estudiantes,DEF,,,,,,,,SIN_EVENTO_SOFASCORE,SIN_EVENTO_SOFASCORE
m_1Vr866,,2026-04-18,p_1urJ9k,Franco Jara,Instituto,Estudiantes,DEL,,,,,,,,SIN_EVENTO_SOFASCORE,SIN_EVENTO_SOFASCORE
m_1Vr866,,2026-04-18,p_0afatN,Gastón Lodico,Instituto,Estudiantes,VOL,,,,,,,,SIN_EVENTO_SOFASCORE,SIN_EVENTO_SOFASCORE
m_1Vr866,,2026-04-18,p_3I0XnJ,Giuliano Cerato,Instituto,Estudiantes,VOL,,,,,,,,SIN_EVENTO_SOFASCORE,SIN_EVENTO_SOFASCORE
m_1Vr866,,2026-04-18,p_287xJj,Gustavo Abregú,Instituto,Estudiantes,VOL,,,,,,,,SIN_EVENTO_SOFASCORE,SIN_EVENTO_SOFASCORE
m_1Vr866,,2026-04-18,p_28dMyW,Jeremías Lázaro,Instituto,Estudiantes,VOL,,,,,,,,SIN_EVENTO_SOFASCORE,SIN_EVENTO_SOFASCORE
m_1Vr866,,2026-04-18,p_2AQDyY,Jhon Córdoba,Instituto,Estudiantes,VOL,,,,,,,,SIN_EVENTO_SOFASCORE,SIN_EVENTO_SOFASCORE
m_1Vr866,,2026-04-18,p_1xKto7,Jonathan Galván,Instituto,Estudiantes,DEF,,,,,,,,SIN_EVENTO_SOFASCORE,SIN_EVENTO_SOFASCORE
m_1Vr866,,2026-04-18,p_1JEoJq,Jonás Acevedo,Instituto,Estudiantes,VOL,,,,,,,,SIN_EVENTO_SOFASCORE,SIN_EVENTO_SOFASCORE
m_1Vr866,,2026-04-18,p_3x6Yqh,Leonel Mosevich,Instituto,Estudiantes,DEF,,,,,,,,SIN_EVENTO_SOFASCORE,SIN_EVENTO_SOFASCORE
m_1Vr866,,2026-04-18,p_4UkieF,Manuel Roffo,Instituto,Estudiantes,ARQ,,,,,,,,SIN_EVENTO_SOFASCORE,SIN_EVENTO_SOFASCORE
m_1Vr866,,2026-04-18,p_0s5hPU,Matías Gallardo,Instituto,Estudiantes,VOL,,,,,,,,SIN_EVENTO_SOFASCORE,SIN_EVENTO_SOFASCORE
m_1Vr866,,2026-04-18,p_4Dwu6c,Matías Tissera,Instituto,Estudiantes,DEL,,,,,,,,SIN_EVENTO_SOFASCORE,SIN_EVENTO_SOFASCORE
m_1Vr866,,2026-04-18,p_0Gnu2O,Nicolás Guerra,Instituto,Estudiantes,DEL,,,,,,,,SIN_EVENTO_SOFASCORE,SIN_EVENTO_SOFASCORE
m_2g93PE,,2026-04-19,p_3WvG1h,Alex Vigo,Talleres,Deportivo Riestra,DEF,,,,,,,,SIN_EVENTO_SOFASCORE,SIN_EVENTO_SOFASCORE
m_2g93PE,,2026-04-19,p_0rvVb2,Alexandro Maidana,Talleres,Deportivo Riestra,DEF,,,,,,,,SIN_EVENTO_SOFASCORE,SIN_EVENTO_SOFASCORE
m_2g93PE,,2026-04-19,p_23S3AO,Augusto Schott,Talleres,Deportivo Riestra,DEF,,,,,,,,SIN_EVENTO_SOFASCORE,SIN_EVENTO_SOFASCORE
m_2g93PE,,2026-04-19,p_3weO8u,Franco Cristaldo,Talleres,Deportivo Riestra,VOL,,,,,,,,SIN_EVENTO_SOFASCORE,SIN_EVENTO_SOFASCORE
m_2g93PE,,2026-04-19,p_1u6e88,Guido Herrera,Talleres,Deportivo Riestra,ARQ,,,,,,,,SIN_EVENTO_SOFASCORE,SIN_EVENTO_SOFASCORE
m_2g93PE,,2026-04-19,p_0tQtiw,Juan Sforza,Talleres,Deportivo Riestra,VOL,,,,,,,,SIN_EVENTO_SOFASCORE,SIN_EVENTO_SOFASCORE
m_2g93PE,,2026-04-19,p_4D08FT,Mateo Caceres,Talleres,Deportivo Riestra,VOL,,,,,,,,SIN_EVENTO_SOFASCORE,SIN_EVENTO_SOFASCORE
m_2g93PE,,2026-04-19,p_43mFql,Matías Catalán,Talleres,Deportivo Riestra,DEF,,,,,,,,SIN_EVENTO_SOFASCORE,SIN_EVENTO_SOFASCORE
m_2g93PE,,2026-04-19,p_0zKhoP,Matías Galarza,Talleres,Deportivo Riestra,VOL,,,,,,,,SIN_EVENTO_SOFASCORE,SIN_EVENTO_SOFASCORE
m_2g93PE,,2026-04-19,p_0V59vw,Santiago Fernández,Talleres,Deportivo Riestra,DEF,,,,,,,,SIN_EVENTO_SOFASCORE,SIN_EVENTO_SOFASCORE
m_0HO7em,,2026-04-20,p_4Mszzs,Adrián Spörle,Belgrano,Barracas Central,DEF,,,,,,,,SIN_EVENTO_SOFASCORE,SIN_EVENTO_SOFASCORE
m_0HO7em,,2026-04-20,p_43D8up,Adrián Sánchez,Belgrano,Barracas Central,VOL,,,,,,,,SIN_EVENTO_SOFASCORE,SIN_EVENTO_SOFASCORE
m_0HO7em,,2026-04-20,p_1EMq3A,Alcides Benítez,Belgrano,Barracas Central,DEF,,,,,,,,SIN_EVENTO_SOFASCORE,SIN_EVENTO_SOFASCORE
m_0HO7em,,2026-04-20,p_28SEJq,Alexis Maldonado,Belgrano,Barracas Central,DEF,,,,,,,,SIN_EVENTO_SOFASCORE,SIN_EVENTO_SOFASCORE
m_0HO7em,,2026-04-20,p_4OBdka,Federico Ricca,Belgrano,Barracas Central,DEF,,,,,,,,SIN_EVENTO_SOFASCORE,SIN_EVENTO_SOFASCORE
m_0HO7em,,2026-04-20,p_3Boqdn,Francisco González Metilli,Belgrano,Barracas Central,VOL,,,,,,,,SIN_EVENTO_SOFASCORE,SIN_EVENTO_SOFASCORE
m_0HO7em,,2026-04-20,p_4g8d1N,Franco Vázquez,Belgrano,Barracas Central,VOL,,,,,,,,SIN_EVENTO_SOFASCORE,SIN_EVENTO_SOFASCORE
m_0HO7em,,2026-04-20,p_1lrNAx,Lautaro Gutierrez,Belgrano,Barracas Central,VOL,,,,,,,,SIN_EVENTO_SOFASCORE,SIN_EVENTO_SOFASCORE
m_0HO7em,,2026-04-20,p_3u6zLG,Leonardo Morales,Belgrano,Barracas Central,DEF,,,,,,,,SIN_EVENTO_SOFASCORE,SIN_EVENTO_SOFASCORE
m_0HO7em,,2026-04-20,p_1x6fIA,Lisandro López,Belgrano,Barracas Central,DEF,,,,,,,,SIN_EVENTO_SOFASCORE,SIN_EVENTO_SOFASCORE
m_0HO7em,,2026-04-20,p_3v2tAE,Lucas Zelarayán,Belgrano,Barracas Central,VOL,,,,,,,,SIN_EVENTO_SOFASCORE,SIN_EVENTO_SOFASCORE
m_0HO7em,,2026-04-20,p_0FN6nM,Ramiro Hernandes,Belgrano,Barracas Central,VOL,,,,,,,,SIN_EVENTO_SOFASCORE,SIN_EVENTO_SOFASCORE
m_0HO7em,,2026-04-20,p_0ujJJG,Thiago Cardozo,Belgrano,Barracas Central,ARQ,,,,,,,,SIN_EVENTO_SOFASCORE,SIN_EVENTO_SOFASCORE
m_0HO7em,,2026-04-20,p_36GYxJ,Álvaro Ocampo,Belgrano,Barracas Central,DEF,,,,,,,,SIN_EVENTO_SOFASCORE,SIN_EVENTO_SOFASCORE
m_3YFLQO,,2026-04-20,p_0vreM8,Agustín Quiroga,Central Córdoba de Santiago,Club Atlético Platense,DEF,,,,,,,,SIN_EVENTO_SOFASCORE,SIN_EVENTO_SOFASCORE
m_3YFLQO,,2026-04-20,p_43Olsv,Alan Aguerre,Central Córdoba de Santiago,Club Atlético Platense,ARQ,,,,,,,,SIN_EVENTO_SOFASCORE,SIN_EVENTO_SOFASCORE
m_3YFLQO,,2026-04-20,p_2StpFV,Alejandro Maciel,Central Córdoba de Santiago,Club Atlético Platense,DEF,,,,,,,,SIN_EVENTO_SOFASCORE,SIN_EVENTO_SOFASCORE
m_3YFLQO,,2026-04-20,p_0ciPTe,Diego Barrera,Central Córdoba de Santiago,Club Atlético Platense,VOL,,,,,,,,SIN_EVENTO_SOFASCORE,SIN_EVENTO_SOFASCORE
m_3YFLQO,,2026-04-20,p_1K6Fr9,Fernando Martínez,Central Córdoba de Santiago,Club Atlético Platense,DEF,,,,,,,,SIN_EVENTO_SOFASCORE,SIN_EVENTO_SOFASCORE
m_3YFLQO,,2026-04-20,p_444jRY,Horacio Tijanovich,Central Córdoba de Santiago,Club Atlético Platense,VOL,,,,,,,,SIN_EVENTO_SOFASCORE,SIN_EVENTO_SOFASCORE
m_3YFLQO,,2026-04-20,p_3DBOMn,José Gómez,Central Córdoba de Santiago,Club Atlético Platense,DEF,,,,,,,,SIN_EVENTO_SOFASCORE,SIN_EVENTO_SOFASCORE
m_3YFLQO,,2026-04-20,p_1PTJbZ,Juan Cardozo,Central Córdoba de Santiago,Club Atlético Platense,VOL,,,,,,,,SIN_EVENTO_SOFASCORE,SIN_EVENTO_SOFASCORE
m_3YFLQO,,2026-04-20,p_0veUmD,Lucas González,Central Córdoba de Santiago,Club Atlético Platense,VOL,,,,,,,,SIN_EVENTO_SOFASCORE,SIN_EVENTO_SOFASCORE
m_3YFLQO,,2026-04-20,p_2nfEM8,Marco Iacobellis,Central Córdoba de Santiago,Club Atlético Platense,VOL,,,,,,,,SIN_EVENTO_SOFASCORE,SIN_EVENTO_SOFASCORE
m_3YFLQO,,2026-04-20,p_3XD5Nu,Matías Vera,Central Córdoba de Santiago,Club Atlético Platense,VOL,,,,,,,,SIN_EVENTO_SOFASCORE,SIN_EVENTO_SOFASCORE
m_3YFLQO,,2026-04-20,p_0VScM6,Tiago Cravero,Central Córdoba de Santiago,Club Atlético Platense,VOL,,,,,,,,SIN_EVENTO_SOFASCORE,SIN_EVENTO_SOFASCORE
m_3YFLQO,,2026-04-20,p_4Pokti,Yuri Casermeiro,Central Córdoba de Santiago,Club Atlético Platense,DEF,,,,,,,,SIN_EVENTO_SOFASCORE,SIN_EVENTO_SOFASCORE
m_2riSvt,,2026-04-21,p_1mCr0i,Agustín Módica,Gimnasia Mendoza,Lanús,DEL,,,,,,,,SIN_EVENTO_SOFASCORE,SIN_EVENTO_SOFASCORE
m_2riSvt,,2026-04-21,p_0EQwZX,Blas Armoa,Gimnasia Mendoza,Lanús,DEL,,,,,,,,SIN_EVENTO_SOFASCORE,SIN_EVENTO_SOFASCORE
m_2riSvt,,2026-04-21,p_1VlIuF,Brian Andrada,Gimnasia Mendoza,Lanús,VOL,,,,,,,,SIN_EVENTO_SOFASCORE,SIN_EVENTO_SOFASCORE
m_2riSvt,,2026-04-21,p_3foBen,César Rigamonti,Gimnasia Mendoza,Lanús,ARQ,,,,,,,,SIN_EVENTO_SOFASCORE,SIN_EVENTO_SOFASCORE
m_2riSvt,,2026-04-21,p_4LMFQ0,Diego Mondino,Gimnasia Mendoza,Lanús,DEF,,,,,,,,SIN_EVENTO_SOFASCORE,SIN_EVENTO_SOFASCORE
m_2riSvt,,2026-04-21,p_1Iyu97,Esteban Fernández,Gimnasia Mendoza,Lanús,VOL,,,,,,,,SIN_EVENTO_SOFASCORE,SIN_EVENTO_SOFASCORE
m_2riSvt,,2026-04-21,p_2UZfm9,Ezequiel Muñoz,Gimnasia Mendoza,Lanús,DEF,,,,,,,,SIN_EVENTO_SOFASCORE,SIN_EVENTO_SOFASCORE
m_2riSvt,,2026-04-21,p_2ykUpy,Facundo Lencioni,Gimnasia Mendoza,Lanús,VOL,,,,,,,,SIN_EVENTO_SOFASCORE,SIN_EVENTO_SOFASCORE
m_2riSvt,,2026-04-21,p_1iogLn,Fermín Antonini,Gimnasia Mendoza,Lanús,VOL,,,,,,,,SIN_EVENTO_SOFASCORE,SIN_EVENTO_SOFASCORE
m_2riSvt,,2026-04-21,p_38u8in,Franco Saavedra,Gimnasia Mendoza,Lanús,DEF,,,,,,,,SIN_EVENTO_SOFASCORE,SIN_EVENTO_SOFASCORE
m_2riSvt,,2026-04-21,p_3oSsFv,Ignacio Sabatini,Gimnasia Mendoza,Lanús,DEL,,,,,,,,SIN_EVENTO_SOFASCORE,SIN_EVENTO_SOFASCORE
m_2riSvt,,2026-04-21,p_3yIku6,Ismael Cortéz,Gimnasia Mendoza,Lanús,DEF,,,,,,,,SIN_EVENTO_SOFASCORE,SIN_EVENTO_SOFASCORE
m_2riSvt,,2026-04-21,p_1HKdTo,Lautaro Carrera,Gimnasia Mendoza,Lanús,DEF,,,,,,,,SIN_EVENTO_SOFASCORE,SIN_EVENTO_SOFASCORE
m_2riSvt,,2026-04-21,p_2rHsQv,Nahuel Barboza,Gimnasia Mendoza,Lanús,VOL,,,,,,,,SIN_EVENTO_SOFASCORE,SIN_EVENTO_SOFASCORE
m_2riSvt,,2026-04-21,p_4OJPBH,Tomás O'Connor,Gimnasia Mendoza,Lanús,VOL,,,,,,,,SIN_EVENTO_SOFASCORE,SIN_EVENTO_SOFASCORE
m_2riSvt,,2026-04-21,p_3guJ6P,Valentino Simoni,Gimnasia Mendoza,Lanús,DEL,,,,,,,,SIN_EVENTO_SOFASCORE,SIN_EVENTO_SOFASCORE
m_2riSvt,,2026-04-21,p_3dgI1a,Agustín Medina,Lanús,Gimnasia Mendoza,VOL,,,,,,,,SIN_EVENTO_SOFASCORE,SIN_EVENTO_SOFASCORE
m_2riSvt,,2026-04-21,p_1pyxN1,Dylan Aquino,Lanús,Gimnasia Mendoza,DEL,,,,,,,,SIN_EVENTO_SOFASCORE,SIN_EVENTO_SOFASCORE
m_2riSvt,,2026-04-21,p_1Dr7TL,Eduardo Salvio,Lanús,Gimnasia Mendoza,VOL,,,,,,,,SIN_EVENTO_SOFASCORE,SIN_EVENTO_SOFASCORE
m_2riSvt,,2026-04-21,p_4NdBtx,Felipe Peña Biafore,Lanús,Gimnasia Mendoza,VOL,,,,,,,,SIN_EVENTO_SOFASCORE,SIN_EVENTO_SOFASCORE
m_2riSvt,,2026-04-21,p_45uQz6,Franco Watson,Lanús,Gimnasia Mendoza,VOL,,,,,,,,SIN_EVENTO_SOFASCORE,SIN_EVENTO_SOFASCORE
m_2riSvt,,2026-04-21,p_2YLj3q,José Canale,Lanús,Gimnasia Mendoza,DEF,,,,,,,,SIN_EVENTO_SOFASCORE,SIN_EVENTO_SOFASCORE
m_2riSvt,,2026-04-21,p_0MwF8F,Lucas Besozzi,Lanús,Gimnasia Mendoza,VOL,,,,,,,,SIN_EVENTO_SOFASCORE,SIN_EVENTO_SOFASCORE
m_2riSvt,,2026-04-21,p_32gEeN,Marcelino Moreno,Lanús,Gimnasia Mendoza,VOL,,,,,,,,SIN_EVENTO_SOFASCORE,SIN_EVENTO_SOFASCORE
m_2riSvt,,2026-04-21,p_1R1UR4,Matías Sepúlveda,Lanús,Gimnasia Mendoza,VOL,,,,,,,,SIN_EVENTO_SOFASCORE,SIN_EVENTO_SOFASCORE
m_2riSvt,,2026-04-21,p_4W6aiW,Nahuel Losada,Lanús,Gimnasia Mendoza,ARQ,,,,,,,,SIN_EVENTO_SOFASCORE,SIN_EVENTO_SOFASCORE
m_2riSvt,,2026-04-21,p_3bNsap,Ramiro Carrera,Lanús,Gimnasia Mendoza,VOL,,,,,,,,SIN_EVENTO_SOFASCORE,SIN_EVENTO_SOFASCORE
m_2riSvt,,2026-04-21,p_37cT31,Ronaldo Dejesús,Lanús,Gimnasia Mendoza,DEF,,,,,,,,SIN_EVENTO_SOFASCORE,SIN_EVENTO_SOFASCORE
m_2riSvt,,2026-04-21,p_0YK7Rt,Sasha Marcich,Lanús,Gimnasia Mendoza,DEF,,,,,,,,SIN_EVENTO_SOFASCORE,SIN_EVENTO_SOFASCORE
m_2riSvt,,2026-04-21,p_2L5dje,Thomás de Martis,Lanús,Gimnasia Mendoza,DEL,,,,,,,,SIN_EVENTO_SOFASCORE,SIN_EVENTO_SOFASCORE
m_2riSvt,,2026-04-21,p_1Zygll,Tomás Ezequiel Guidara,Lanús,Gimnasia Mendoza,DEF,,,,,,,,SIN_EVENTO_SOFASCORE,SIN_EVENTO_SOFASCORE
m_2riSvt,,2026-04-21,p_105dCk,Yoshan Valois,Lanús,Gimnasia Mendoza,DEL,,,,,,,,SIN_EVENTO_SOFASCORE,SIN_EVENTO_SOFASCORE
m_3JTbLz,,2026-04-24,p_0vreM8,Agustín Quiroga,Central Córdoba de Santiago,Lanús,DEF,,,,,,,,SIN_EVENTO_SOFASCORE,SIN_EVENTO_SOFASCORE
m_3JTbLz,,2026-04-24,p_43Olsv,Alan Aguerre,Central Córdoba de Santiago,Lanús,ARQ,,,,,,,,SIN_EVENTO_SOFASCORE,SIN_EVENTO_SOFASCORE
m_3JTbLz,,2026-04-24,p_2StpFV,Alejandro Maciel,Central Córdoba de Santiago,Lanús,DEF,,,,,,,,SIN_EVENTO_SOFASCORE,SIN_EVENTO_SOFASCORE
m_3JTbLz,,2026-04-24,p_0ciPTe,Diego Barrera,Central Córdoba de Santiago,Lanús,VOL,,,,,,,,SIN_EVENTO_SOFASCORE,SIN_EVENTO_SOFASCORE
m_3JTbLz,,2026-04-24,p_0RVLhG,Ezequiel Naya,Central Córdoba de Santiago,Lanús,DEL,,,,,,,,SIN_EVENTO_SOFASCORE,SIN_EVENTO_SOFASCORE
m_3JTbLz,,2026-04-24,p_1K6Fr9,Fernando Martínez,Central Córdoba de Santiago,Lanús,DEF,,,,,,,,SIN_EVENTO_SOFASCORE,SIN_EVENTO_SOFASCORE
m_3JTbLz,,2026-04-24,p_444jRY,Horacio Tijanovich,Central Córdoba de Santiago,Lanús,VOL,,,,,,,,SIN_EVENTO_SOFASCORE,SIN_EVENTO_SOFASCORE
m_3JTbLz,,2026-04-24,p_1PTJbZ,Juan Cardozo,Central Córdoba de Santiago,Lanús,VOL,,,,,,,,SIN_EVENTO_SOFASCORE,SIN_EVENTO_SOFASCORE
m_3JTbLz,,2026-04-24,p_0veUmD,Lucas González,Central Córdoba de Santiago,Lanús,VOL,,,,,,,,SIN_EVENTO_SOFASCORE,SIN_EVENTO_SOFASCORE
m_3JTbLz,,2026-04-24,p_1JcSyH,Lucas Varaldo,Central Córdoba de Santiago,Lanús,DEL,,,,,,,,SIN_EVENTO_SOFASCORE,SIN_EVENTO_SOFASCORE
m_3JTbLz,,2026-04-24,p_2nfEM8,Marco Iacobellis,Central Córdoba de Santiago,Lanús,VOL,,,,,,,,SIN_EVENTO_SOFASCORE,SIN_EVENTO_SOFASCORE
m_3JTbLz,,2026-04-24,p_3XD5Nu,Matías Vera,Central Córdoba de Santiago,Lanús,VOL,,,,,,,,SIN_EVENTO_SOFASCORE,SIN_EVENTO_SOFASCORE
m_3JTbLz,,2026-04-24,p_3FGnhe,Michael Santos,Central Córdoba de Santiago,Lanús,DEL,,,,,,,,SIN_EVENTO_SOFASCORE,SIN_EVENTO_SOFASCORE
m_3JTbLz,,2026-04-24,p_0VScM6,Tiago Cravero,Central Córdoba de Santiago,Lanús,VOL,,,,,,,,SIN_EVENTO_SOFASCORE,SIN_EVENTO_SOFASCORE
m_3JTbLz,,2026-04-24,p_4Pokti,Yuri Casermeiro,Central Córdoba de Santiago,Lanús,DEF,,,,,,,,SIN_EVENTO_SOFASCORE,SIN_EVENTO_SOFASCORE
m_0cJtQg,,2026-04-24,p_2ralsZ,Facundo Zabala,Independiente,Deportivo Riestra,DEF,,,,,,,,SIN_EVENTO_SOFASCORE,SIN_EVENTO_SOFASCORE
m_0cJtQg,,2026-04-24,p_477cm1,Iván Marcone,Independiente,Deportivo Riestra,VOL,,,,,,,,SIN_EVENTO_SOFASCORE,SIN_EVENTO_SOFASCORE
m_0cJtQg,,2026-04-24,p_3zzhTk,Kevin Lomónaco,Independiente,Deportivo Riestra,DEF,,,,,,,,SIN_EVENTO_SOFASCORE,SIN_EVENTO_SOFASCORE
m_0cJtQg,,2026-04-24,p_2GcFwZ,Lautaro Millán,Independiente,Deportivo Riestra,VOL,,,,,,,,SIN_EVENTO_SOFASCORE,SIN_EVENTO_SOFASCORE
m_0cJtQg,,2026-04-24,p_4eK1TZ,Mateo Pérez Curci,Independiente,Deportivo Riestra,VOL,,,,,,,,SIN_EVENTO_SOFASCORE,SIN_EVENTO_SOFASCORE
m_0cJtQg,,2026-04-24,p_41uo5Q,Milton Valenzuela,Independiente,Deportivo Riestra,DEF,,,,,,,,SIN_EVENTO_SOFASCORE,SIN_EVENTO_SOFASCORE
m_0cJtQg,,2026-04-24,p_3KLwFI,Rodrigo Rey,Independiente,Deportivo Riestra,ARQ,,,,,,,,SIN_EVENTO_SOFASCORE,SIN_EVENTO_SOFASCORE
m_0cJtQg,,2026-04-24,p_4RoV0i,Santiago Arias,Independiente,Deportivo Riestra,DEF,,,,,,,,SIN_EVENTO_SOFASCORE,SIN_EVENTO_SOFASCORE
m_0cJtQg,,2026-04-24,p_2c9Jkj,Santiago Gabriel Montiel,Independiente,Deportivo Riestra,VOL,,,,,,,,SIN_EVENTO_SOFASCORE,SIN_EVENTO_SOFASCORE
m_0cJtQg,,2026-04-24,p_4UoYBc,Sebastián Valdéz,Independiente,Deportivo Riestra,DEF,,,,,,,,SIN_EVENTO_SOFASCORE,SIN_EVENTO_SOFASCORE
m_3JTbLz,,2026-04-24,p_3dgI1a,Agustín Medina,Lanús,Central Córdoba de Santiago,VOL,,,,,,,,SIN_EVENTO_SOFASCORE,SIN_EVENTO_SOFASCORE
m_3JTbLz,,2026-04-24,p_0pxwpN,Carlos Izquierdoz,Lanús,Central Córdoba de Santiago,DEF,,,,,,,,SIN_EVENTO_SOFASCORE,SIN_EVENTO_SOFASCORE
m_3JTbLz,,2026-04-24,p_1pyxN1,Dylan Aquino,Lanús,Central Córdoba de Santiago,DEL,,,,,,,,SIN_EVENTO_SOFASCORE,SIN_EVENTO_SOFASCORE
m_3JTbLz,,2026-04-24,p_1Dr7TL,Eduardo Salvio,Lanús,Central Córdoba de Santiago,VOL,,,,,,,,SIN_EVENTO_SOFASCORE,SIN_EVENTO_SOFASCORE
m_3JTbLz,,2026-04-24,p_2ITZER,Facundo Sánchez,Lanús,Central Córdoba de Santiago,VOL,,,,,,,,SIN_EVENTO_SOFASCORE,SIN_EVENTO_SOFASCORE
m_3JTbLz,,2026-04-24,p_4NdBtx,Felipe Peña Biafore,Lanús,Central Córdoba de Santiago,VOL,,,,,,,,SIN_EVENTO_SOFASCORE,SIN_EVENTO_SOFASCORE
m_3JTbLz,,2026-04-24,p_1va0ir,Gonzalo Pérez,Lanús,Central Córdoba de Santiago,DEF,,,,,,,,SIN_EVENTO_SOFASCORE,SIN_EVENTO_SOFASCORE
m_3JTbLz,,2026-04-24,p_2YLj3q,José Canale,Lanús,Central Córdoba de Santiago,DEF,,,,,,,,SIN_EVENTO_SOFASCORE,SIN_EVENTO_SOFASCORE
m_3JTbLz,,2026-04-24,p_0MwF8F,Lucas Besozzi,Lanús,Central Córdoba de Santiago,VOL,,,,,,,,SIN_EVENTO_SOFASCORE,SIN_EVENTO_SOFASCORE
m_3JTbLz,,2026-04-24,p_32gEeN,Marcelino Moreno,Lanús,Central Córdoba de Santiago,VOL,,,,,,,,SIN_EVENTO_SOFASCORE,SIN_EVENTO_SOFASCORE
m_3JTbLz,,2026-04-24,p_1R1UR4,Matías Sepúlveda,Lanús,Central Córdoba de Santiago,VOL,,,,,,,,SIN_EVENTO_SOFASCORE,SIN_EVENTO_SOFASCORE
m_3JTbLz,,2026-04-24,p_4W6aiW,Nahuel Losada,Lanús,Central Córdoba de Santiago,ARQ,,,,,,,,SIN_EVENTO_SOFASCORE,SIN_EVENTO_SOFASCORE
m_3JTbLz,,2026-04-24,p_3bNsap,Ramiro Carrera,Lanús,Central Córdoba de Santiago,VOL,,,,,,,,SIN_EVENTO_SOFASCORE,SIN_EVENTO_SOFASCORE
m_3JTbLz,,2026-04-24,p_0YK7Rt,Sasha Marcich,Lanús,Central Córdoba de Santiago,DEF,,,,,,,,SIN_EVENTO_SOFASCORE,SIN_EVENTO_SOFASCORE
m_3JTbLz,,2026-04-24,p_1Zygll,Tomás Ezequiel Guidara,Lanús,Central Córdoba de Santiago,DEF,,,,,,,,SIN_EVENTO_SOFASCORE,SIN_EVENTO_SOFASCORE
m_3JTbLz,,2026-04-24,p_105dCk,Yoshan Valois,Lanús,Central Córdoba de Santiago,DEL,,,,,,,,SIN_EVENTO_SOFASCORE,SIN_EVENTO_SOFASCORE
m_4DTyjs,,2026-04-25,p_1eezYL,Adolfo Gaich,Estudiantes,Talleres,DEL,,,,,,,,SIN_EVENTO_SOFASCORE,SIN_EVENTO_SOFASCORE
m_4DTyjs,,2026-04-25,p_4FAIfZ,Alexis Castro,Estudiantes,Talleres,VOL,,,,,,,,SIN_EVENTO_SOFASCORE,SIN_EVENTO_SOFASCORE
m_4DTyjs,,2026-04-25,p_3NKnXO,Brian Aguirre,Estudiantes,Talleres,VOL,,,,,,,,SIN_EVENTO_SOFASCORE,SIN_EVENTO_SOFASCORE
m_4DTyjs,,2026-04-25,p_1SE1Bg,Edwuin Cetré,Estudiantes,Talleres,DEL,,,,,,,,SIN_EVENTO_SOFASCORE,SIN_EVENTO_SOFASCORE
m_4DTyjs,,2026-04-25,p_375sV8,Eros Mancuso,Estudiantes,Talleres,DEF,,,,,,,,SIN_EVENTO_SOFASCORE,SIN_EVENTO_SOFASCORE
m_4DTyjs,,2026-04-25,p_4drKzY,Ezequiel Piovi,Estudiantes,Talleres,VOL,,,,,,,,SIN_EVENTO_SOFASCORE,SIN_EVENTO_SOFASCORE
m_4DTyjs,,2026-04-25,p_0UPCHl,Fabricio Pérez,Estudiantes,Talleres,VOL,,,,,,,,SIN_EVENTO_SOFASCORE,SIN_EVENTO_SOFASCORE
m_4DTyjs,,2026-04-25,p_2z0L2z,Facundo Farías,Estudiantes,Talleres,VOL,,,,,,,,SIN_EVENTO_SOFASCORE,SIN_EVENTO_SOFASCORE
m_4DTyjs,,2026-04-25,p_43Wo3u,Fernando Muslera,Estudiantes,Talleres,ARQ,,,,,,,,SIN_EVENTO_SOFASCORE,SIN_EVENTO_SOFASCORE
m_4DTyjs,,2026-04-25,p_1E7ljC,Gabriel Neves,Estudiantes,Talleres,VOL,,,,,,,,SIN_EVENTO_SOFASCORE,SIN_EVENTO_SOFASCORE
m_4DTyjs,,2026-04-25,p_4LoI3o,Gastón Benedetti,Estudiantes,Talleres,DEF,,,,,,,,SIN_EVENTO_SOFASCORE,SIN_EVENTO_SOFASCORE
m_4DTyjs,,2026-04-25,p_3BQAaS,Guido Carrillo,Estudiantes,Talleres,DEL,,,,,,,,SIN_EVENTO_SOFASCORE,SIN_EVENTO_SOFASCORE
m_4DTyjs,,2026-04-25,p_10iCWI,Leandro González Pírez,Estudiantes,Talleres,DEF,,,,,,,,SIN_EVENTO_SOFASCORE,SIN_EVENTO_SOFASCORE
m_4DTyjs,,2026-04-25,p_0TKEkA,Mikel Amondarain,Estudiantes,Talleres,VOL,,,,,,,,SIN_EVENTO_SOFASCORE,SIN_EVENTO_SOFASCORE
m_4DTyjs,,2026-04-25,p_3UfnVk,Tiago Palacios,Estudiantes,Talleres,VOL,,,,,,,,SIN_EVENTO_SOFASCORE,SIN_EVENTO_SOFASCORE
m_4DTyjs,,2026-04-25,p_1TPSrY,Tomás Palacios,Estudiantes,Talleres,DEF,,,,,,,,SIN_EVENTO_SOFASCORE,SIN_EVENTO_SOFASCORE
m_4DTyjs,,2026-04-25,p_3WvG1h,Alex Vigo,Talleres,Estudiantes,DEF,,,,,,,,SIN_EVENTO_SOFASCORE,SIN_EVENTO_SOFASCORE
m_4DTyjs,,2026-04-25,p_0rvVb2,Alexandro Maidana,Talleres,Estudiantes,DEF,,,,,,,,SIN_EVENTO_SOFASCORE,SIN_EVENTO_SOFASCORE
m_4DTyjs,,2026-04-25,p_3tsAcU,Diego Valoyes,Talleres,Estudiantes,DEL,,,,,,,,SIN_EVENTO_SOFASCORE,SIN_EVENTO_SOFASCORE
m_4DTyjs,,2026-04-25,p_3weO8u,Franco Cristaldo,Talleres,Estudiantes,VOL,,,,,,,,SIN_EVENTO_SOFASCORE,SIN_EVENTO_SOFASCORE
m_4DTyjs,,2026-04-25,p_209otm,Giovanni Baroni,Talleres,Estudiantes,VOL,,,,,,,,SIN_EVENTO_SOFASCORE,SIN_EVENTO_SOFASCORE
m_4DTyjs,,2026-04-25,p_1u6e88,Guido Herrera,Talleres,Estudiantes,ARQ,,,,,,,,SIN_EVENTO_SOFASCORE,SIN_EVENTO_SOFASCORE
m_4DTyjs,,2026-04-25,p_3JOBGM,José Luis Palomino,Talleres,Estudiantes,DEF,,,,,,,,SIN_EVENTO_SOFASCORE,SIN_EVENTO_SOFASCORE
m_4DTyjs,,2026-04-25,p_0tQtiw,Juan Sforza,Talleres,Estudiantes,VOL,,,,,,,,SIN_EVENTO_SOFASCORE,SIN_EVENTO_SOFASCORE
m_4DTyjs,,2026-04-25,p_4D08FT,Mateo Caceres,Talleres,Estudiantes,VOL,,,,,,,,SIN_EVENTO_SOFASCORE,SIN_EVENTO_SOFASCORE
m_4DTyjs,,2026-04-25,p_43mFql,Matías Catalán,Talleres,Estudiantes,DEF,,,,,,,,SIN_EVENTO_SOFASCORE,SIN_EVENTO_SOFASCORE
m_4DTyjs,,2026-04-25,p_0zKhoP,Matías Galarza,Talleres,Estudiantes,VOL,,,,,,,,SIN_EVENTO_SOFASCORE,SIN_EVENTO_SOFASCORE
m_4DTyjs,,2026-04-25,p_3GiPCr,Rick,Talleres,Estudiantes,DEL,,,,,,,,SIN_EVENTO_SOFASCORE,SIN_EVENTO_SOFASCORE
m_4DTyjs,,2026-04-25,p_4bqyr6,Ronaldo Martínez,Talleres,Estudiantes,DEL,,,,,,,,SIN_EVENTO_SOFASCORE,SIN_EVENTO_SOFASCORE
m_4DTyjs,,2026-04-25,p_0V59vw,Santiago Fernández,Talleres,Estudiantes,DEF,,,,,,,,SIN_EVENTO_SOFASCORE,SIN_EVENTO_SOFASCORE
m_4DTyjs,,2026-04-25,p_1baCzH,Valentín Depietri,Talleres,Estudiantes,DEL,,,,,,,,SIN_EVENTO_SOFASCORE,SIN_EVENTO_SOFASCORE
m_4DTyjs,,2026-04-25,p_2mFTYm,Valentín Dávila,Talleres,Estudiantes,DEL,,,,,,,,SIN_EVENTO_SOFASCORE,SIN_EVENTO_SOFASCORE
m_3Xoqfp,,2026-04-26,p_4Mszzs,Adrián Spörle,Belgrano,Gimnasia LP,DEF,,,,,,,,SIN_EVENTO_SOFASCORE,SIN_EVENTO_SOFASCORE
m_3Xoqfp,,2026-04-26,p_43D8up,Adrián Sánchez,Belgrano,Gimnasia LP,VOL,,,,,,,,SIN_EVENTO_SOFASCORE,SIN_EVENTO_SOFASCORE
m_3Xoqfp,,2026-04-26,p_1EMq3A,Alcides Benítez,Belgrano,Gimnasia LP,DEF,,,,,,,,SIN_EVENTO_SOFASCORE,SIN_EVENTO_SOFASCORE
m_3Xoqfp,,2026-04-26,p_28SEJq,Alexis Maldonado,Belgrano,Gimnasia LP,DEF,,,,,,,,SIN_EVENTO_SOFASCORE,SIN_EVENTO_SOFASCORE
m_3Xoqfp,,2026-04-26,p_4OBdka,Federico Ricca,Belgrano,Gimnasia LP,DEF,,,,,,,,SIN_EVENTO_SOFASCORE,SIN_EVENTO_SOFASCORE
m_3Xoqfp,,2026-04-26,p_4g8d1N,Franco Vázquez,Belgrano,Gimnasia LP,VOL,,,,,,,,SIN_EVENTO_SOFASCORE,SIN_EVENTO_SOFASCORE
m_3Xoqfp,,2026-04-26,p_22qheS,Jeremías Lucco,Belgrano,Gimnasia LP,DEL,,,,,,,,SIN_EVENTO_SOFASCORE,SIN_EVENTO_SOFASCORE
m_3Xoqfp,,2026-04-26,p_1aur1M,Julián Mavilla,Belgrano,Gimnasia LP,VOL,,,,,,,,SIN_EVENTO_SOFASCORE,SIN_EVENTO_SOFASCORE
m_3Xoqfp,,2026-04-26,p_1lrNAx,Lautaro Gutierrez,Belgrano,Gimnasia LP,VOL,,,,,,,,SIN_EVENTO_SOFASCORE,SIN_EVENTO_SOFASCORE
m_3Xoqfp,,2026-04-26,p_1x6fIA,Lisandro López,Belgrano,Gimnasia LP,DEF,,,,,,,,SIN_EVENTO_SOFASCORE,SIN_EVENTO_SOFASCORE
m_3Xoqfp,,2026-04-26,p_3MmYTU,Lucas Passerini,Belgrano,Gimnasia LP,DEL,,,,,,,,SIN_EVENTO_SOFASCORE,SIN_EVENTO_SOFASCORE
m_3Xoqfp,,2026-04-26,p_3v2tAE,Lucas Zelarayán,Belgrano,Gimnasia LP,VOL,,,,,,,,SIN_EVENTO_SOFASCORE,SIN_EVENTO_SOFASCORE
m_3Xoqfp,,2026-04-26,p_09kVaG,Nicolás Fernández,Belgrano,Gimnasia LP,DEL,,,,,,,,SIN_EVENTO_SOFASCORE,SIN_EVENTO_SOFASCORE
m_3Xoqfp,,2026-04-26,p_0FN6nM,Ramiro Hernandes,Belgrano,Gimnasia LP,VOL,,,,,,,,SIN_EVENTO_SOFASCORE,SIN_EVENTO_SOFASCORE
m_3Xoqfp,,2026-04-26,p_0ujJJG,Thiago Cardozo,Belgrano,Gimnasia LP,ARQ,,,,,,,,SIN_EVENTO_SOFASCORE,SIN_EVENTO_SOFASCORE
m_3Xoqfp,,2026-04-26,p_36GYxJ,Álvaro Ocampo,Belgrano,Gimnasia LP,DEF,,,,,,,,SIN_EVENTO_SOFASCORE,SIN_EVENTO_SOFASCORE
m_3Xoqfp,,2026-04-26,p_4bCUcN,Agustín Auzmendi,Gimnasia LP,Belgrano,DEL,,,,,,,,SIN_EVENTO_SOFASCORE,SIN_EVENTO_SOFASCORE
m_3Xoqfp,,2026-04-26,p_1bUOsk,Alexis Steimbach,Gimnasia LP,Belgrano,DEF,,,,,,,,SIN_EVENTO_SOFASCORE,SIN_EVENTO_SOFASCORE
m_3Xoqfp,,2026-04-26,p_0AsvjF,Augusto Max,Gimnasia LP,Belgrano,VOL,,,,,,,,SIN_EVENTO_SOFASCORE,SIN_EVENTO_SOFASCORE
m_3Xoqfp,,2026-04-26,p_40ubcR,Enzo Martínez,Gimnasia LP,Belgrano,DEF,,,,,,,,SIN_EVENTO_SOFASCORE,SIN_EVENTO_SOFASCORE
m_3Xoqfp,,2026-04-26,p_1OBnRG,Franco Torres,Gimnasia LP,Belgrano,DEL,,,,,,,,SIN_EVENTO_SOFASCORE,SIN_EVENTO_SOFASCORE
m_3Xoqfp,,2026-04-26,p_3mGP60,Germán Conti,Gimnasia LP,Belgrano,DEF,,,,,,,,SIN_EVENTO_SOFASCORE,SIN_EVENTO_SOFASCORE
m_3Xoqfp,,2026-04-26,p_15wJtA,Ignacio Fernández,Gimnasia LP,Belgrano,VOL,,,,,,,,SIN_EVENTO_SOFASCORE,SIN_EVENTO_SOFASCORE
m_3Xoqfp,,2026-04-26,p_2PDOYX,Ignacio Miramón,Gimnasia LP,Belgrano,VOL,,,,,,,,SIN_EVENTO_SOFASCORE,SIN_EVENTO_SOFASCORE
m_3Xoqfp,,2026-04-26,p_1zT5yZ,Juan Cortazzo,Gimnasia LP,Belgrano,DEF,,,,,,,,SIN_EVENTO_SOFASCORE,SIN_EVENTO_SOFASCORE
m_3Xoqfp,,2026-04-26,p_2h5dHt,Manuel Panaro,Gimnasia LP,Belgrano,VOL,,,,,,,,SIN_EVENTO_SOFASCORE,SIN_EVENTO_SOFASCORE
m_3Xoqfp,,2026-04-26,p_042eAN,Marcelo Torres,Gimnasia LP,Belgrano,DEL,,,,,,,,SIN_EVENTO_SOFASCORE,SIN_EVENTO_SOFASCORE
m_3Xoqfp,,2026-04-26,p_21agZ1,Mateo Seoane,Gimnasia LP,Belgrano,VOL,,,,,,,,SIN_EVENTO_SOFASCORE,SIN_EVENTO_SOFASCORE
m_3Xoqfp,,2026-04-26,p_1CvIxl,Nelson Insfrán,Gimnasia LP,Belgrano,ARQ,,,,,,,,SIN_EVENTO_SOFASCORE,SIN_EVENTO_SOFASCORE
m_3Xoqfp,,2026-04-26,p_0naJM3,Nicolás Barros Schelotto,Gimnasia LP,Belgrano,VOL,,,,,,,,SIN_EVENTO_SOFASCORE,SIN_EVENTO_SOFASCORE
m_3Xoqfp,,2026-04-26,p_2ZvpgZ,Pedro Silva Torrejón,Gimnasia LP,Belgrano,DEF,,,,,,,,SIN_EVENTO_SOFASCORE,SIN_EVENTO_SOFASCORE
m_1qQfO1,,2026-04-26,p_3foBen,César Rigamonti,Gimnasia Mendoza,Independiente Rivadavia,ARQ,,,,,,,,SIN_EVENTO_SOFASCORE,SIN_EVENTO_SOFASCORE
m_1qQfO1,,2026-04-26,p_4LMFQ0,Diego Mondino,Gimnasia Mendoza,Independiente Rivadavia,DEF,,,,,,,,SIN_EVENTO_SOFASCORE,SIN_EVENTO_SOFASCORE
m_1qQfO1,,2026-04-26,p_1Iyu97,Esteban Fernández,Gimnasia Mendoza,Independiente Rivadavia,VOL,,,,,,,,SIN_EVENTO_SOFASCORE,SIN_EVENTO_SOFASCORE
m_1qQfO1,,2026-04-26,p_2UZfm9,Ezequiel Muñoz,Gimnasia Mendoza,Independiente Rivadavia,DEF,,,,,,,,SIN_EVENTO_SOFASCORE,SIN_EVENTO_SOFASCORE
m_1qQfO1,,2026-04-26,p_2ykUpy,Facundo Lencioni,Gimnasia Mendoza,Independiente Rivadavia,VOL,,,,,,,,SIN_EVENTO_SOFASCORE,SIN_EVENTO_SOFASCORE
m_1qQfO1,,2026-04-26,p_1iogLn,Fermín Antonini,Gimnasia Mendoza,Independiente Rivadavia,VOL,,,,,,,,SIN_EVENTO_SOFASCORE,SIN_EVENTO_SOFASCORE
m_1qQfO1,,2026-04-26,p_38u8in,Franco Saavedra,Gimnasia Mendoza,Independiente Rivadavia,DEF,,,,,,,,SIN_EVENTO_SOFASCORE,SIN_EVENTO_SOFASCORE
m_1qQfO1,,2026-04-26,p_3yIku6,Ismael Cortéz,Gimnasia Mendoza,Independiente Rivadavia,DEF,,,,,,,,SIN_EVENTO_SOFASCORE,SIN_EVENTO_SOFASCORE
m_1qQfO1,,2026-04-26,p_3oqT7Z,Luciano Paredes,Gimnasia Mendoza,Independiente Rivadavia,DEF,,,,,,,,SIN_EVENTO_SOFASCORE,SIN_EVENTO_SOFASCORE
m_1qQfO1,,2026-04-26,p_1oAIvS,Matías Recalde,Gimnasia Mendoza,Independiente Rivadavia,DEF,,,,,,,,SIN_EVENTO_SOFASCORE,SIN_EVENTO_SOFASCORE
m_1qQfO1,,2026-04-26,p_2rHsQv,Nahuel Barboza,Gimnasia Mendoza,Independiente Rivadavia,VOL,,,,,,,,SIN_EVENTO_SOFASCORE,SIN_EVENTO_SOFASCORE
m_1qQfO1,,2026-04-26,p_0ybyPC,Ulises Sánchez,Gimnasia Mendoza,Independiente Rivadavia,VOL,,,,,,,,SIN_EVENTO_SOFASCORE,SIN_EVENTO_SOFASCORE
m_3kUgTn,,2026-04-26,p_0kjymf,Agustín Massaccesi,Instituto,Newell's Old Boys,DEF,,,,,,,,SIN_EVENTO_SOFASCORE,SIN_EVENTO_SOFASCORE
m_3kUgTn,,2026-04-26,p_39c8jY,Diego Sosa,Instituto,Newell's Old Boys,DEF,,,,,,,,SIN_EVENTO_SOFASCORE,SIN_EVENTO_SOFASCORE
m_3kUgTn,,2026-04-26,p_0afatN,Gastón Lodico,Instituto,Newell's Old Boys,VOL,,,,,,,,SIN_EVENTO_SOFASCORE,SIN_EVENTO_SOFASCORE
m_3kUgTn,,2026-04-26,p_3I0XnJ,Giuliano Cerato,Instituto,Newell's Old Boys,VOL,,,,,,,,SIN_EVENTO_SOFASCORE,SIN_EVENTO_SOFASCORE
m_3kUgTn,,2026-04-26,p_287xJj,Gustavo Abregú,Instituto,Newell's Old Boys,VOL,,,,,,,,SIN_EVENTO_SOFASCORE,SIN_EVENTO_SOFASCORE
m_3kUgTn,,2026-04-26,p_4T6aUk,Ignacio Méndez,Instituto,Newell's Old Boys,VOL,,,,,,,,SIN_EVENTO_SOFASCORE,SIN_EVENTO_SOFASCORE
m_3kUgTn,,2026-04-26,p_28dMyW,Jeremías Lázaro,Instituto,Newell's Old Boys,VOL,,,,,,,,SIN_EVENTO_SOFASCORE,SIN_EVENTO_SOFASCORE
m_3kUgTn,,2026-04-26,p_2AQDyY,Jhon Córdoba,Instituto,Newell's Old Boys,VOL,,,,,,,,SIN_EVENTO_SOFASCORE,SIN_EVENTO_SOFASCORE
m_3kUgTn,,2026-04-26,p_1xKto7,Jonathan Galván,Instituto,Newell's Old Boys,DEF,,,,,,,,SIN_EVENTO_SOFASCORE,SIN_EVENTO_SOFASCORE
m_3kUgTn,,2026-04-26,p_1JEoJq,Jonás Acevedo,Instituto,Newell's Old Boys,VOL,,,,,,,,SIN_EVENTO_SOFASCORE,SIN_EVENTO_SOFASCORE
m_3kUgTn,,2026-04-26,p_3x6Yqh,Leonel Mosevich,Instituto,Newell's Old Boys,DEF,,,,,,,,SIN_EVENTO_SOFASCORE,SIN_EVENTO_SOFASCORE
m_3kUgTn,,2026-04-26,p_4UkieF,Manuel Roffo,Instituto,Newell's Old Boys,ARQ,,,,,,,,SIN_EVENTO_SOFASCORE,SIN_EVENTO_SOFASCORE
m_3JhiqO,,2026-04-27,p_3uAxFO,Augusto Solari,Unión,Vélez Sarsfield,VOL,,,,,,,,SIN_EVENTO_SOFASCORE,SIN_EVENTO_SOFASCORE
m_3JhiqO,,2026-04-27,p_43YxGe,Brahian Cuello,Unión,Vélez Sarsfield,VOL,,,,,,,,SIN_EVENTO_SOFASCORE,SIN_EVENTO_SOFASCORE
m_3JhiqO,,2026-04-27,p_2msaJ0,Bruno Pittón,Unión,Vélez Sarsfield,DEF,,,,,,,,SIN_EVENTO_SOFASCORE,SIN_EVENTO_SOFASCORE
m_3JhiqO,,2026-04-27,p_3c6pcI,Juan Pablo Ludueña,Unión,Vélez Sarsfield,DEF,,,,,,,,SIN_EVENTO_SOFASCORE,SIN_EVENTO_SOFASCORE
m_3JhiqO,,2026-04-27,p_1h4yOi,Julián Palacios,Unión,Vélez Sarsfield,VOL,,,,,,,,SIN_EVENTO_SOFASCORE,SIN_EVENTO_SOFASCORE
m_3JhiqO,,2026-04-27,p_1A84Jv,Lautaro Vargas,Unión,Vélez Sarsfield,DEF,,,,,,,,SIN_EVENTO_SOFASCORE,SIN_EVENTO_SOFASCORE
m_3JhiqO,,2026-04-27,p_2jiARu,Maizon Rodríguez,Unión,Vélez Sarsfield,DEF,,,,,,,,SIN_EVENTO_SOFASCORE,SIN_EVENTO_SOFASCORE
m_3JhiqO,,2026-04-27,p_2vkqTj,Mateo Del Blanco,Unión,Vélez Sarsfield,DEF,,,,,,,,SIN_EVENTO_SOFASCORE,SIN_EVENTO_SOFASCORE
m_3JhiqO,,2026-04-27,p_0yyPLQ,Matías Mansilla,Unión,Vélez Sarsfield,ARQ,,,,,,,,SIN_EVENTO_SOFASCORE,SIN_EVENTO_SOFASCORE
m_3JhiqO,,2026-04-27,p_3yJs62,Mauro Pittón,Unión,Vélez Sarsfield,VOL,,,,,,,,SIN_EVENTO_SOFASCORE,SIN_EVENTO_SOFASCORE
m_3JhiqO,,2026-04-27,p_3H1rr8,Nicolás Palavecino,Unión,Vélez Sarsfield,VOL,,,,,,,,SIN_EVENTO_SOFASCORE,SIN_EVENTO_SOFASCORE
m_3JhiqO,,2026-04-27,p_038W5d,Rafael Profini,Unión,Vélez Sarsfield,VOL,,,,,,,,SIN_EVENTO_SOFASCORE,SIN_EVENTO_SOFASCORE
m_3crdvk,,2026-05-02,p_0vreM8,Agustín Quiroga,Central Córdoba de Santiago,Boca Juniors,DEF,,,,,,,,SIN_EVENTO_SOFASCORE,SIN_EVENTO_SOFASCORE
m_3crdvk,,2026-05-02,p_43Olsv,Alan Aguerre,Central Córdoba de Santiago,Boca Juniors,ARQ,,,,,,,,SIN_EVENTO_SOFASCORE,SIN_EVENTO_SOFASCORE
m_3crdvk,,2026-05-02,p_2StpFV,Alejandro Maciel,Central Córdoba de Santiago,Boca Juniors,DEF,,,,,,,,SIN_EVENTO_SOFASCORE,SIN_EVENTO_SOFASCORE
m_3crdvk,,2026-05-02,p_0ciPTe,Diego Barrera,Central Córdoba de Santiago,Boca Juniors,VOL,,,,,,,,SIN_EVENTO_SOFASCORE,SIN_EVENTO_SOFASCORE
m_3crdvk,,2026-05-02,p_1K6Fr9,Fernando Martínez,Central Córdoba de Santiago,Boca Juniors,DEF,,,,,,,,SIN_EVENTO_SOFASCORE,SIN_EVENTO_SOFASCORE
m_3crdvk,,2026-05-02,p_444jRY,Horacio Tijanovich,Central Córdoba de Santiago,Boca Juniors,VOL,,,,,,,,SIN_EVENTO_SOFASCORE,SIN_EVENTO_SOFASCORE
m_3crdvk,,2026-05-02,p_0veUmD,Lucas González,Central Córdoba de Santiago,Boca Juniors,VOL,,,,,,,,SIN_EVENTO_SOFASCORE,SIN_EVENTO_SOFASCORE
m_3crdvk,,2026-05-02,p_2nfEM8,Marco Iacobellis,Central Córdoba de Santiago,Boca Juniors,VOL,,,,,,,,SIN_EVENTO_SOFASCORE,SIN_EVENTO_SOFASCORE
m_3crdvk,,2026-05-02,p_3XD5Nu,Matías Vera,Central Córdoba de Santiago,Boca Juniors,VOL,,,,,,,,SIN_EVENTO_SOFASCORE,SIN_EVENTO_SOFASCORE
m_3crdvk,,2026-05-02,p_3cMYiv,Santiago Moyano,Central Córdoba de Santiago,Boca Juniors,DEF,,,,,,,,SIN_EVENTO_SOFASCORE,SIN_EVENTO_SOFASCORE
m_3crdvk,,2026-05-02,p_0VScM6,Tiago Cravero,Central Córdoba de Santiago,Boca Juniors,VOL,,,,,,,,SIN_EVENTO_SOFASCORE,SIN_EVENTO_SOFASCORE
m_3crdvk,,2026-05-02,p_4Pokti,Yuri Casermeiro,Central Córdoba de Santiago,Boca Juniors,DEF,,,,,,,,SIN_EVENTO_SOFASCORE,SIN_EVENTO_SOFASCORE
m_3CZXTq,,2026-05-02,p_477cm1,Iván Marcone,Independiente,San Lorenzo,VOL,,,,,,,,SIN_EVENTO_SOFASCORE,SIN_EVENTO_SOFASCORE
m_3CZXTq,,2026-05-02,p_1HqLta,Juan Fedorco,Independiente,San Lorenzo,DEF,,,,,,,,SIN_EVENTO_SOFASCORE,SIN_EVENTO_SOFASCORE
m_3CZXTq,,2026-05-02,p_3zzhTk,Kevin Lomónaco,Independiente,San Lorenzo,DEF,,,,,,,,SIN_EVENTO_SOFASCORE,SIN_EVENTO_SOFASCORE
m_3CZXTq,,2026-05-02,p_2GcFwZ,Lautaro Millán,Independiente,San Lorenzo,VOL,,,,,,,,SIN_EVENTO_SOFASCORE,SIN_EVENTO_SOFASCORE
m_3CZXTq,,2026-05-02,p_4eK1TZ,Mateo Pérez Curci,Independiente,San Lorenzo,VOL,,,,,,,,SIN_EVENTO_SOFASCORE,SIN_EVENTO_SOFASCORE
m_3CZXTq,,2026-05-02,p_41uo5Q,Milton Valenzuela,Independiente,San Lorenzo,DEF,,,,,,,,SIN_EVENTO_SOFASCORE,SIN_EVENTO_SOFASCORE
m_3CZXTq,,2026-05-02,p_0sEghq,Nicolas Freire,Independiente,San Lorenzo,DEF,,,,,,,,SIN_EVENTO_SOFASCORE,SIN_EVENTO_SOFASCORE
m_3CZXTq,,2026-05-02,p_4L0APC,Rodrigo Fernández,Independiente,San Lorenzo,VOL,,,,,,,,SIN_EVENTO_SOFASCORE,SIN_EVENTO_SOFASCORE
m_3CZXTq,,2026-05-02,p_3KLwFI,Rodrigo Rey,Independiente,San Lorenzo,ARQ,,,,,,,,SIN_EVENTO_SOFASCORE,SIN_EVENTO_SOFASCORE
m_3CZXTq,,2026-05-02,p_4RoV0i,Santiago Arias,Independiente,San Lorenzo,DEF,,,,,,,,SIN_EVENTO_SOFASCORE,SIN_EVENTO_SOFASCORE
m_3CZXTq,,2026-05-02,p_2c9Jkj,Santiago Gabriel Montiel,Independiente,San Lorenzo,VOL,,,,,,,,SIN_EVENTO_SOFASCORE,SIN_EVENTO_SOFASCORE
m_3CZXTq,,2026-05-02,p_4UoYBc,Sebastián Valdéz,Independiente,San Lorenzo,DEF,,,,,,,,SIN_EVENTO_SOFASCORE,SIN_EVENTO_SOFASCORE
m_1XEoaS,,2026-05-02,p_3xub3o,Agustín Cardozo,Lanús,Deportivo Riestra,VOL,,,,,,,,SIN_EVENTO_SOFASCORE,SIN_EVENTO_SOFASCORE
m_1XEoaS,,2026-05-02,p_0pxwpN,Carlos Izquierdoz,Lanús,Deportivo Riestra,DEF,,,,,,,,SIN_EVENTO_SOFASCORE,SIN_EVENTO_SOFASCORE
m_1XEoaS,,2026-05-02,p_1Dr7TL,Eduardo Salvio,Lanús,Deportivo Riestra,VOL,,,,,,,,SIN_EVENTO_SOFASCORE,SIN_EVENTO_SOFASCORE
m_1XEoaS,,2026-05-02,p_2ITZER,Facundo Sánchez,Lanús,Deportivo Riestra,VOL,,,,,,,,SIN_EVENTO_SOFASCORE,SIN_EVENTO_SOFASCORE
m_1XEoaS,,2026-05-02,p_4NdBtx,Felipe Peña Biafore,Lanús,Deportivo Riestra,VOL,,,,,,,,SIN_EVENTO_SOFASCORE,SIN_EVENTO_SOFASCORE
m_1XEoaS,,2026-05-02,p_3QfGtH,Franco Petroli,Lanús,Deportivo Riestra,ARQ,,,,,,,,SIN_EVENTO_SOFASCORE,SIN_EVENTO_SOFASCORE
m_1XEoaS,,2026-05-02,p_1va0ir,Gonzalo Pérez,Lanús,Deportivo Riestra,DEF,,,,,,,,SIN_EVENTO_SOFASCORE,SIN_EVENTO_SOFASCORE
m_1XEoaS,,2026-05-02,p_0MwF8F,Lucas Besozzi,Lanús,Deportivo Riestra,VOL,,,,,,,,SIN_EVENTO_SOFASCORE,SIN_EVENTO_SOFASCORE
m_1XEoaS,,2026-05-02,p_32gEeN,Marcelino Moreno,Lanús,Deportivo Riestra,VOL,,,,,,,,SIN_EVENTO_SOFASCORE,SIN_EVENTO_SOFASCORE
m_1XEoaS,,2026-05-02,p_1R1UR4,Matías Sepúlveda,Lanús,Deportivo Riestra,VOL,,,,,,,,SIN_EVENTO_SOFASCORE,SIN_EVENTO_SOFASCORE
m_1XEoaS,,2026-05-02,p_2waho1,Nicolás Morgantini,Lanús,Deportivo Riestra,DEF,,,,,,,,SIN_EVENTO_SOFASCORE,SIN_EVENTO_SOFASCORE
m_1XEoaS,,2026-05-02,p_3bNsap,Ramiro Carrera,Lanús,Deportivo Riestra,VOL,,,,,,,,SIN_EVENTO_SOFASCORE,SIN_EVENTO_SOFASCORE
m_1XEoaS,,2026-05-02,p_37cT31,Ronaldo Dejesús,Lanús,Deportivo Riestra,DEF,,,,,,,,SIN_EVENTO_SOFASCORE,SIN_EVENTO_SOFASCORE
m_3C4rqD,,2026-05-02,p_3WvG1h,Alex Vigo,Talleres,Unión,DEF,,,,,,,,SIN_EVENTO_SOFASCORE,SIN_EVENTO_SOFASCORE
m_3C4rqD,,2026-05-02,p_0rvVb2,Alexandro Maidana,Talleres,Unión,DEF,,,,,,,,SIN_EVENTO_SOFASCORE,SIN_EVENTO_SOFASCORE
m_3C4rqD,,2026-05-02,p_23S3AO,Augusto Schott,Talleres,Unión,DEF,,,,,,,,SIN_EVENTO_SOFASCORE,SIN_EVENTO_SOFASCORE
m_3C4rqD,,2026-05-02,p_3weO8u,Franco Cristaldo,Talleres,Unión,VOL,,,,,,,,SIN_EVENTO_SOFASCORE,SIN_EVENTO_SOFASCORE
m_3C4rqD,,2026-05-02,p_209otm,Giovanni Baroni,Talleres,Unión,VOL,,,,,,,,SIN_EVENTO_SOFASCORE,SIN_EVENTO_SOFASCORE
m_3C4rqD,,2026-05-02,p_1u6e88,Guido Herrera,Talleres,Unión,ARQ,,,,,,,,SIN_EVENTO_SOFASCORE,SIN_EVENTO_SOFASCORE
m_3C4rqD,,2026-05-02,p_3JOBGM,José Luis Palomino,Talleres,Unión,DEF,,,,,,,,SIN_EVENTO_SOFASCORE,SIN_EVENTO_SOFASCORE
m_3C4rqD,,2026-05-02,p_4D08FT,Mateo Caceres,Talleres,Unión,VOL,,,,,,,,SIN_EVENTO_SOFASCORE,SIN_EVENTO_SOFASCORE
m_3C4rqD,,2026-05-02,p_43mFql,Matías Catalán,Talleres,Unión,DEF,,,,,,,,SIN_EVENTO_SOFASCORE,SIN_EVENTO_SOFASCORE
m_3C4rqD,,2026-05-02,p_0zKhoP,Matías Galarza,Talleres,Unión,VOL,,,,,,,,SIN_EVENTO_SOFASCORE,SIN_EVENTO_SOFASCORE
m_3C4rqD,,2026-05-02,p_3GiPCr,Rick,Talleres,Unión,DEL,,,,,,,,SIN_EVENTO_SOFASCORE,SIN_EVENTO_SOFASCORE
m_3C4rqD,,2026-05-02,p_4JpOk4,Rodrigo Guth,Talleres,Unión,DEF,,,,,,,,SIN_EVENTO_SOFASCORE,SIN_EVENTO_SOFASCORE
m_3C4rqD,,2026-05-02,p_4bqyr6,Ronaldo Martínez,Talleres,Unión,DEL,,,,,,,,SIN_EVENTO_SOFASCORE,SIN_EVENTO_SOFASCORE
m_3C4rqD,,2026-05-02,p_2lzqTc,Ulises Ortegoza,Talleres,Unión,VOL,,,,,,,,SIN_EVENTO_SOFASCORE,SIN_EVENTO_SOFASCORE
m_3C4rqD,,2026-05-02,p_1baCzH,Valentín Depietri,Talleres,Unión,DEL,,,,,,,,SIN_EVENTO_SOFASCORE,SIN_EVENTO_SOFASCORE
m_3C4rqD,,2026-05-02,p_2mFTYm,Valentín Dávila,Talleres,Unión,DEL,,,,,,,,SIN_EVENTO_SOFASCORE,SIN_EVENTO_SOFASCORE
m_3C4rqD,,2026-05-02,p_3rOLlc,Agustín Colazo,Unión,Talleres,DEL,,,,,,,,SIN_EVENTO_SOFASCORE,SIN_EVENTO_SOFASCORE
m_3C4rqD,,2026-05-02,p_43YxGe,Brahian Cuello,Unión,Talleres,VOL,,,,,,,,SIN_EVENTO_SOFASCORE,SIN_EVENTO_SOFASCORE
m_3C4rqD,,2026-05-02,p_3woyik,Cristian Alberto Tarragona,Unión,Talleres,DEL,,,,,,,,SIN_EVENTO_SOFASCORE,SIN_EVENTO_SOFASCORE
m_3C4rqD,,2026-05-02,p_3c6pcI,Juan Pablo Ludueña,Unión,Talleres,DEF,,,,,,,,SIN_EVENTO_SOFASCORE,SIN_EVENTO_SOFASCORE
m_3C4rqD,,2026-05-02,p_1h4yOi,Julián Palacios,Unión,Talleres,VOL,,,,,,,,SIN_EVENTO_SOFASCORE,SIN_EVENTO_SOFASCORE
m_3C4rqD,,2026-05-02,p_1A84Jv,Lautaro Vargas,Unión,Talleres,DEF,,,,,,,,SIN_EVENTO_SOFASCORE,SIN_EVENTO_SOFASCORE
m_3C4rqD,,2026-05-02,p_0ZgxsX,Lucas Menossi,Unión,Talleres,VOL,,,,,,,,SIN_EVENTO_SOFASCORE,SIN_EVENTO_SOFASCORE
m_3C4rqD,,2026-05-02,p_2jiARu,Maizon Rodríguez,Unión,Talleres,DEF,,,,,,,,SIN_EVENTO_SOFASCORE,SIN_EVENTO_SOFASCORE
m_3C4rqD,,2026-05-02,p_3ybBVT,Marcelo Estigarribia,Unión,Talleres,DEL,,,,,,,,SIN_EVENTO_SOFASCORE,SIN_EVENTO_SOFASCORE
m_3C4rqD,,2026-05-02,p_2vkqTj,Mateo Del Blanco,Unión,Talleres,DEF,,,,,,,,SIN_EVENTO_SOFASCORE,SIN_EVENTO_SOFASCORE
m_3C4rqD,,2026-05-02,p_0yyPLQ,Matías Mansilla,Unión,Talleres,ARQ,,,,,,,,SIN_EVENTO_SOFASCORE,SIN_EVENTO_SOFASCORE
m_3C4rqD,,2026-05-02,p_3yJs62,Mauro Pittón,Unión,Talleres,VOL,,,,,,,,SIN_EVENTO_SOFASCORE,SIN_EVENTO_SOFASCORE
m_3C4rqD,,2026-05-02,p_038W5d,Rafael Profini,Unión,Talleres,VOL,,,,,,,,SIN_EVENTO_SOFASCORE,SIN_EVENTO_SOFASCORE
m_3C4rqD,,2026-05-02,p_30zDYy,Tomás González,Unión,Talleres,DEL,,,,,,,,SIN_EVENTO_SOFASCORE,SIN_EVENTO_SOFASCORE
m_2RNEop,,2026-05-03,p_4Mszzs,Adrián Spörle,Belgrano,Sarmiento,DEF,,,,,,,,SIN_EVENTO_SOFASCORE,SIN_EVENTO_SOFASCORE
m_2RNEop,,2026-05-03,p_43D8up,Adrián Sánchez,Belgrano,Sarmiento,VOL,,,,,,,,SIN_EVENTO_SOFASCORE,SIN_EVENTO_SOFASCORE
m_2RNEop,,2026-05-03,p_3nfcvs,Agustín Falcón,Belgrano,Sarmiento,DEF,,,,,,,,SIN_EVENTO_SOFASCORE,SIN_EVENTO_SOFASCORE
m_2RNEop,,2026-05-03,p_1EMq3A,Alcides Benítez,Belgrano,Sarmiento,DEF,,,,,,,,SIN_EVENTO_SOFASCORE,SIN_EVENTO_SOFASCORE
m_2RNEop,,2026-05-03,p_28SEJq,Alexis Maldonado,Belgrano,Sarmiento,DEF,,,,,,,,SIN_EVENTO_SOFASCORE,SIN_EVENTO_SOFASCORE
m_2RNEop,,2026-05-03,p_49U5oJ,Emiliano Ariel Rigoni,Belgrano,Sarmiento,VOL,,,,,,,,SIN_EVENTO_SOFASCORE,SIN_EVENTO_SOFASCORE
m_2RNEop,,2026-05-03,p_3Boqdn,Francisco González Metilli,Belgrano,Sarmiento,VOL,,,,,,,,SIN_EVENTO_SOFASCORE,SIN_EVENTO_SOFASCORE
m_2RNEop,,2026-05-03,p_4g8d1N,Franco Vázquez,Belgrano,Sarmiento,VOL,,,,,,,,SIN_EVENTO_SOFASCORE,SIN_EVENTO_SOFASCORE
m_2RNEop,,2026-05-03,p_1x6fIA,Lisandro López,Belgrano,Sarmiento,DEF,,,,,,,,SIN_EVENTO_SOFASCORE,SIN_EVENTO_SOFASCORE
m_2RNEop,,2026-05-03,p_3v2tAE,Lucas Zelarayán,Belgrano,Sarmiento,VOL,,,,,,,,SIN_EVENTO_SOFASCORE,SIN_EVENTO_SOFASCORE
m_2RNEop,,2026-05-03,p_0FN6nM,Ramiro Hernandes,Belgrano,Sarmiento,VOL,,,,,,,,SIN_EVENTO_SOFASCORE,SIN_EVENTO_SOFASCORE
m_2RNEop,,2026-05-03,p_2PNnZ9,Santiago Longo,Belgrano,Sarmiento,VOL,,,,,,,,SIN_EVENTO_SOFASCORE,SIN_EVENTO_SOFASCORE
m_2RNEop,,2026-05-03,p_0ujJJG,Thiago Cardozo,Belgrano,Sarmiento,ARQ,,,,,,,,SIN_EVENTO_SOFASCORE,SIN_EVENTO_SOFASCORE
m_3MBuhd,,2026-05-03,p_4FAIfZ,Alexis Castro,Estudiantes,Club Atlético Platense,VOL,,,,,,,,SIN_EVENTO_SOFASCORE,SIN_EVENTO_SOFASCORE
m_3MBuhd,,2026-05-03,p_3NKnXO,Brian Aguirre,Estudiantes,Club Atlético Platense,VOL,,,,,,,,SIN_EVENTO_SOFASCORE,SIN_EVENTO_SOFASCORE
m_3MBuhd,,2026-05-03,p_375sV8,Eros Mancuso,Estudiantes,Club Atlético Platense,DEF,,,,,,,,SIN_EVENTO_SOFASCORE,SIN_EVENTO_SOFASCORE
m_3MBuhd,,2026-05-03,p_4drKzY,Ezequiel Piovi,Estudiantes,Club Atlético Platense,VOL,,,,,,,,SIN_EVENTO_SOFASCORE,SIN_EVENTO_SOFASCORE
m_3MBuhd,,2026-05-03,p_0wvzBl,Fabricio Iacovich,Estudiantes,Club Atlético Platense,ARQ,,,,,,,,SIN_EVENTO_SOFASCORE,SIN_EVENTO_SOFASCORE
m_3MBuhd,,2026-05-03,p_0UPCHl,Fabricio Pérez,Estudiantes,Club Atlético Platense,VOL,,,,,,,,SIN_EVENTO_SOFASCORE,SIN_EVENTO_SOFASCORE
m_3MBuhd,,2026-05-03,p_1E7ljC,Gabriel Neves,Estudiantes,Club Atlético Platense,VOL,,,,,,,,SIN_EVENTO_SOFASCORE,SIN_EVENTO_SOFASCORE
m_3MBuhd,,2026-05-03,p_0v7y0D,Joaquín Pereyra,Estudiantes,Club Atlético Platense,DEF,,,,,,,,SIN_EVENTO_SOFASCORE,SIN_EVENTO_SOFASCORE
m_3MBuhd,,2026-05-03,p_3j26Fw,José Sosa,Estudiantes,Club Atlético Platense,VOL,,,,,,,,SIN_EVENTO_SOFASCORE,SIN_EVENTO_SOFASCORE
m_3MBuhd,,2026-05-03,p_0TKEkA,Mikel Amondarain,Estudiantes,Club Atlético Platense,VOL,,,,,,,,SIN_EVENTO_SOFASCORE,SIN_EVENTO_SOFASCORE
m_3MBuhd,,2026-05-03,p_3zPSfN,Ramiro Funes Mori,Estudiantes,Club Atlético Platense,DEF,,,,,,,,SIN_EVENTO_SOFASCORE,SIN_EVENTO_SOFASCORE
m_3MBuhd,,2026-05-03,p_2ffBRo,Santiago Núñez,Estudiantes,Club Atlético Platense,DEF,,,,,,,,SIN_EVENTO_SOFASCORE,SIN_EVENTO_SOFASCORE
m_3MBuhd,,2026-05-03,p_3UfnVk,Tiago Palacios,Estudiantes,Club Atlético Platense,VOL,,,,,,,,SIN_EVENTO_SOFASCORE,SIN_EVENTO_SOFASCORE
m_1fmUw8,,2026-05-03,p_1bUOsk,Alexis Steimbach,Gimnasia LP,Argentinos Juniors,DEF,,,,,,,,SIN_EVENTO_SOFASCORE,SIN_EVENTO_SOFASCORE
m_1fmUw8,,2026-05-03,p_3mGP60,Germán Conti,Gimnasia LP,Argentinos Juniors,DEF,,,,,,,,SIN_EVENTO_SOFASCORE,SIN_EVENTO_SOFASCORE
m_1fmUw8,,2026-05-03,p_15wJtA,Ignacio Fernández,Gimnasia LP,Argentinos Juniors,VOL,,,,,,,,SIN_EVENTO_SOFASCORE,SIN_EVENTO_SOFASCORE
m_1fmUw8,,2026-05-03,p_2PDOYX,Ignacio Miramón,Gimnasia LP,Argentinos Juniors,VOL,,,,,,,,SIN_EVENTO_SOFASCORE,SIN_EVENTO_SOFASCORE
m_1fmUw8,,2026-05-03,p_0VZwYw,Lucas Nahuel Castro,Gimnasia LP,Argentinos Juniors,VOL,,,,,,,,SIN_EVENTO_SOFASCORE,SIN_EVENTO_SOFASCORE
m_1fmUw8,,2026-05-03,p_2h5dHt,Manuel Panaro,Gimnasia LP,Argentinos Juniors,VOL,,,,,,,,SIN_EVENTO_SOFASCORE,SIN_EVENTO_SOFASCORE
m_1fmUw8,,2026-05-03,p_21agZ1,Mateo Seoane,Gimnasia LP,Argentinos Juniors,VOL,,,,,,,,SIN_EVENTO_SOFASCORE,SIN_EVENTO_SOFASCORE
m_1fmUw8,,2026-05-03,p_1CvIxl,Nelson Insfrán,Gimnasia LP,Argentinos Juniors,ARQ,,,,,,,,SIN_EVENTO_SOFASCORE,SIN_EVENTO_SOFASCORE
m_1fmUw8,,2026-05-03,p_0naJM3,Nicolás Barros Schelotto,Gimnasia LP,Argentinos Juniors,VOL,,,,,,,,SIN_EVENTO_SOFASCORE,SIN_EVENTO_SOFASCORE
m_1fmUw8,,2026-05-03,p_3AOI3O,Pablo Aguiar,Gimnasia LP,Argentinos Juniors,VOL,,,,,,,,SIN_EVENTO_SOFASCORE,SIN_EVENTO_SOFASCORE
m_1fmUw8,,2026-05-03,p_2ZvpgZ,Pedro Silva Torrejón,Gimnasia LP,Argentinos Juniors,DEF,,,,,,,,SIN_EVENTO_SOFASCORE,SIN_EVENTO_SOFASCORE
m_1fmUw8,,2026-05-03,p_0URNSN,Renzo Giampaoli,Gimnasia LP,Argentinos Juniors,DEF,,,,,,,,SIN_EVENTO_SOFASCORE,SIN_EVENTO_SOFASCORE
m_019qHk,,2026-05-04,p_1VlIuF,Brian Andrada,Gimnasia Mendoza,Defensa y Justicia,VOL,,,,,,,,SIN_EVENTO_SOFASCORE,SIN_EVENTO_SOFASCORE
m_019qHk,,2026-05-04,p_3foBen,César Rigamonti,Gimnasia Mendoza,Defensa y Justicia,ARQ,,,,,,,,SIN_EVENTO_SOFASCORE,SIN_EVENTO_SOFASCORE
m_019qHk,,2026-05-04,p_4LMFQ0,Diego Mondino,Gimnasia Mendoza,Defensa y Justicia,DEF,,,,,,,,SIN_EVENTO_SOFASCORE,SIN_EVENTO_SOFASCORE
m_019qHk,,2026-05-04,p_1Iyu97,Esteban Fernández,Gimnasia Mendoza,Defensa y Justicia,VOL,,,,,,,,SIN_EVENTO_SOFASCORE,SIN_EVENTO_SOFASCORE
m_019qHk,,2026-05-04,p_2UZfm9,Ezequiel Muñoz,Gimnasia Mendoza,Defensa y Justicia,DEF,,,,,,,,SIN_EVENTO_SOFASCORE,SIN_EVENTO_SOFASCORE
m_019qHk,,2026-05-04,p_2ykUpy,Facundo Lencioni,Gimnasia Mendoza,Defensa y Justicia,VOL,,,,,,,,SIN_EVENTO_SOFASCORE,SIN_EVENTO_SOFASCORE
m_019qHk,,2026-05-04,p_1iogLn,Fermín Antonini,Gimnasia Mendoza,Defensa y Justicia,VOL,,,,,,,,SIN_EVENTO_SOFASCORE,SIN_EVENTO_SOFASCORE
m_019qHk,,2026-05-04,p_40BXYc,Julián Ceballos,Gimnasia Mendoza,Defensa y Justicia,VOL,,,,,,,,SIN_EVENTO_SOFASCORE,SIN_EVENTO_SOFASCORE
m_019qHk,,2026-05-04,p_1HKdTo,Lautaro Carrera,Gimnasia Mendoza,Defensa y Justicia,DEF,,,,,,,,SIN_EVENTO_SOFASCORE,SIN_EVENTO_SOFASCORE
m_019qHk,,2026-05-04,p_3oqT7Z,Luciano Paredes,Gimnasia Mendoza,Defensa y Justicia,DEF,,,,,,,,SIN_EVENTO_SOFASCORE,SIN_EVENTO_SOFASCORE
m_019qHk,,2026-05-04,p_1oAIvS,Matías Recalde,Gimnasia Mendoza,Defensa y Justicia,DEF,,,,,,,,SIN_EVENTO_SOFASCORE,SIN_EVENTO_SOFASCORE
m_1qqpJe,,2026-05-05,p_0kjymf,Agustín Massaccesi,Instituto,Estudiantes de Río Cuarto,DEF,,,,,,,,SIN_EVENTO_SOFASCORE,SIN_EVENTO_SOFASCORE
m_1qqpJe,,2026-05-05,p_39c8jY,Diego Sosa,Instituto,Estudiantes de Río Cuarto,DEF,,,,,,,,SIN_EVENTO_SOFASCORE,SIN_EVENTO_SOFASCORE
m_1qqpJe,,2026-05-05,p_1qCu0J,Fernando Alarcón,Instituto,Estudiantes de Río Cuarto,DEF,,,,,,,,SIN_EVENTO_SOFASCORE,SIN_EVENTO_SOFASCORE
m_1qqpJe,,2026-05-05,p_0afatN,Gastón Lodico,Instituto,Estudiantes de Río Cuarto,VOL,,,,,,,,SIN_EVENTO_SOFASCORE,SIN_EVENTO_SOFASCORE
m_1qqpJe,,2026-05-05,p_3I0XnJ,Giuliano Cerato,Instituto,Estudiantes de Río Cuarto,VOL,,,,,,,,SIN_EVENTO_SOFASCORE,SIN_EVENTO_SOFASCORE
m_1qqpJe,,2026-05-05,p_287xJj,Gustavo Abregú,Instituto,Estudiantes de Río Cuarto,VOL,,,,,,,,SIN_EVENTO_SOFASCORE,SIN_EVENTO_SOFASCORE
m_1qqpJe,,2026-05-05,p_4T6aUk,Ignacio Méndez,Instituto,Estudiantes de Río Cuarto,VOL,,,,,,,,SIN_EVENTO_SOFASCORE,SIN_EVENTO_SOFASCORE
m_1qqpJe,,2026-05-05,p_28dMyW,Jeremías Lázaro,Instituto,Estudiantes de Río Cuarto,VOL,,,,,,,,SIN_EVENTO_SOFASCORE,SIN_EVENTO_SOFASCORE
m_1qqpJe,,2026-05-05,p_2AQDyY,Jhon Córdoba,Instituto,Estudiantes de Río Cuarto,VOL,,,,,,,,SIN_EVENTO_SOFASCORE,SIN_EVENTO_SOFASCORE
m_1qqpJe,,2026-05-05,p_1xKto7,Jonathan Galván,Instituto,Estudiantes de Río Cuarto,DEF,,,,,,,,SIN_EVENTO_SOFASCORE,SIN_EVENTO_SOFASCORE
m_1qqpJe,,2026-05-05,p_1JEoJq,Jonás Acevedo,Instituto,Estudiantes de Río Cuarto,VOL,,,,,,,,SIN_EVENTO_SOFASCORE,SIN_EVENTO_SOFASCORE
m_1qqpJe,,2026-05-05,p_3x6Yqh,Leonel Mosevich,Instituto,Estudiantes de Río Cuarto,DEF,,,,,,,,SIN_EVENTO_SOFASCORE,SIN_EVENTO_SOFASCORE
m_1qqpJe,,2026-05-05,p_4UkieF,Manuel Roffo,Instituto,Estudiantes de Río Cuarto,ARQ,,,,,,,,SIN_EVENTO_SOFASCORE,SIN_EVENTO_SOFASCORE
m_3c05ZH,,2026-05-09,p_4Mszzs,Adrián Spörle,Belgrano,Talleres,DEF,,,,,,,,SIN_EVENTO_SOFASCORE,SIN_EVENTO_SOFASCORE
m_3c05ZH,,2026-05-09,p_43D8up,Adrián Sánchez,Belgrano,Talleres,VOL,,,,,,,,SIN_EVENTO_SOFASCORE,SIN_EVENTO_SOFASCORE
m_3c05ZH,,2026-05-09,p_3nfcvs,Agustín Falcón,Belgrano,Talleres,DEF,,,,,,,,SIN_EVENTO_SOFASCORE,SIN_EVENTO_SOFASCORE
m_3c05ZH,,2026-05-09,p_1EMq3A,Alcides Benítez,Belgrano,Talleres,DEF,,,,,,,,SIN_EVENTO_SOFASCORE,SIN_EVENTO_SOFASCORE
m_3c05ZH,,2026-05-09,p_28SEJq,Alexis Maldonado,Belgrano,Talleres,DEF,,,,,,,,SIN_EVENTO_SOFASCORE,SIN_EVENTO_SOFASCORE
m_3c05ZH,,2026-05-09,p_49U5oJ,Emiliano Ariel Rigoni,Belgrano,Talleres,VOL,,,,,,,,SIN_EVENTO_SOFASCORE,SIN_EVENTO_SOFASCORE
m_3c05ZH,,2026-05-09,p_3Boqdn,Francisco González Metilli,Belgrano,Talleres,VOL,,,,,,,,SIN_EVENTO_SOFASCORE,SIN_EVENTO_SOFASCORE
m_3c05ZH,,2026-05-09,p_4g8d1N,Franco Vázquez,Belgrano,Talleres,VOL,,,,,,,,SIN_EVENTO_SOFASCORE,SIN_EVENTO_SOFASCORE
m_3c05ZH,,2026-05-09,p_1hr765,Juan Velázquez,Belgrano,Talleres,VOL,,,,,,,,SIN_EVENTO_SOFASCORE,SIN_EVENTO_SOFASCORE
m_3c05ZH,,2026-05-09,p_3u6zLG,Leonardo Morales,Belgrano,Talleres,DEF,,,,,,,,SIN_EVENTO_SOFASCORE,SIN_EVENTO_SOFASCORE
m_3c05ZH,,2026-05-09,p_1x6fIA,Lisandro López,Belgrano,Talleres,DEF,,,,,,,,SIN_EVENTO_SOFASCORE,SIN_EVENTO_SOFASCORE
m_3c05ZH,,2026-05-09,p_3MmYTU,Lucas Passerini,Belgrano,Talleres,DEL,,,,,,,,SIN_EVENTO_SOFASCORE,SIN_EVENTO_SOFASCORE
m_3c05ZH,,2026-05-09,p_3v2tAE,Lucas Zelarayán,Belgrano,Talleres,VOL,,,,,,,,SIN_EVENTO_SOFASCORE,SIN_EVENTO_SOFASCORE
m_3c05ZH,,2026-05-09,p_2PNnZ9,Santiago Longo,Belgrano,Talleres,VOL,,,,,,,,SIN_EVENTO_SOFASCORE,SIN_EVENTO_SOFASCORE
m_3c05ZH,,2026-05-09,p_0ujJJG,Thiago Cardozo,Belgrano,Talleres,ARQ,,,,,,,,SIN_EVENTO_SOFASCORE,SIN_EVENTO_SOFASCORE
m_3c05ZH,,2026-05-09,p_0rvVb2,Alexandro Maidana,Talleres,Belgrano,DEF,,,,,,,,SIN_EVENTO_SOFASCORE,SIN_EVENTO_SOFASCORE
m_3c05ZH,,2026-05-09,p_23S3AO,Augusto Schott,Talleres,Belgrano,DEF,,,,,,,,SIN_EVENTO_SOFASCORE,SIN_EVENTO_SOFASCORE
m_3c05ZH,,2026-05-09,p_3tsAcU,Diego Valoyes,Talleres,Belgrano,DEL,,,,,,,,SIN_EVENTO_SOFASCORE,SIN_EVENTO_SOFASCORE
m_3c05ZH,,2026-05-09,p_3weO8u,Franco Cristaldo,Talleres,Belgrano,VOL,,,,,,,,SIN_EVENTO_SOFASCORE,SIN_EVENTO_SOFASCORE
m_3c05ZH,,2026-05-09,p_209otm,Giovanni Baroni,Talleres,Belgrano,VOL,,,,,,,,SIN_EVENTO_SOFASCORE,SIN_EVENTO_SOFASCORE
m_3c05ZH,,2026-05-09,p_1u6e88,Guido Herrera,Talleres,Belgrano,ARQ,,,,,,,,SIN_EVENTO_SOFASCORE,SIN_EVENTO_SOFASCORE
m_3c05ZH,,2026-05-09,p_0tQtiw,Juan Sforza,Talleres,Belgrano,VOL,,,,,,,,SIN_EVENTO_SOFASCORE,SIN_EVENTO_SOFASCORE
m_3c05ZH,,2026-05-09,p_4D08FT,Mateo Caceres,Talleres,Belgrano,VOL,,,,,,,,SIN_EVENTO_SOFASCORE,SIN_EVENTO_SOFASCORE
m_3c05ZH,,2026-05-09,p_43mFql,Matías Catalán,Talleres,Belgrano,DEF,,,,,,,,SIN_EVENTO_SOFASCORE,SIN_EVENTO_SOFASCORE
m_3c05ZH,,2026-05-09,p_0zKhoP,Matías Galarza,Talleres,Belgrano,VOL,,,,,,,,SIN_EVENTO_SOFASCORE,SIN_EVENTO_SOFASCORE
m_3c05ZH,,2026-05-09,p_3GiPCr,Rick,Talleres,Belgrano,DEL,,,,,,,,SIN_EVENTO_SOFASCORE,SIN_EVENTO_SOFASCORE
m_3c05ZH,,2026-05-09,p_4bqyr6,Ronaldo Martínez,Talleres,Belgrano,DEL,,,,,,,,SIN_EVENTO_SOFASCORE,SIN_EVENTO_SOFASCORE
m_3c05ZH,,2026-05-09,p_0V59vw,Santiago Fernández,Talleres,Belgrano,DEF,,,,,,,,SIN_EVENTO_SOFASCORE,SIN_EVENTO_SOFASCORE
m_3c05ZH,,2026-05-09,p_2lzqTc,Ulises Ortegoza,Talleres,Belgrano,VOL,,,,,,,,SIN_EVENTO_SOFASCORE,SIN_EVENTO_SOFASCORE
m_3c05ZH,,2026-05-09,p_1baCzH,Valentín Depietri,Talleres,Belgrano,DEL,,,,,,,,SIN_EVENTO_SOFASCORE,SIN_EVENTO_SOFASCORE
m_3c05ZH,,2026-05-09,p_2mFTYm,Valentín Dávila,Talleres,Belgrano,DEL,,,,,,,,SIN_EVENTO_SOFASCORE,SIN_EVENTO_SOFASCORE
m_3vjLig,,2026-05-10,p_4FAIfZ,Alexis Castro,Estudiantes,Racing Club,VOL,,,,,,,,SIN_EVENTO_SOFASCORE,SIN_EVENTO_SOFASCORE
m_3vjLig,,2026-05-10,p_3NKnXO,Brian Aguirre,Estudiantes,Racing Club,VOL,,,,,,,,SIN_EVENTO_SOFASCORE,SIN_EVENTO_SOFASCORE
m_3vjLig,,2026-05-10,p_375sV8,Eros Mancuso,Estudiantes,Racing Club,DEF,,,,,,,,SIN_EVENTO_SOFASCORE,SIN_EVENTO_SOFASCORE
m_3vjLig,,2026-05-10,p_4drKzY,Ezequiel Piovi,Estudiantes,Racing Club,VOL,,,,,,,,SIN_EVENTO_SOFASCORE,SIN_EVENTO_SOFASCORE
m_3vjLig,,2026-05-10,p_2z0L2z,Facundo Farías,Estudiantes,Racing Club,VOL,,,,,,,,SIN_EVENTO_SOFASCORE,SIN_EVENTO_SOFASCORE
m_3vjLig,,2026-05-10,p_43Wo3u,Fernando Muslera,Estudiantes,Racing Club,ARQ,,,,,,,,SIN_EVENTO_SOFASCORE,SIN_EVENTO_SOFASCORE
m_3vjLig,,2026-05-10,p_1E7ljC,Gabriel Neves,Estudiantes,Racing Club,VOL,,,,,,,,SIN_EVENTO_SOFASCORE,SIN_EVENTO_SOFASCORE
m_3vjLig,,2026-05-10,p_3j26Fw,José Sosa,Estudiantes,Racing Club,VOL,,,,,,,,SIN_EVENTO_SOFASCORE,SIN_EVENTO_SOFASCORE
m_3vjLig,,2026-05-10,p_10iCWI,Leandro González Pírez,Estudiantes,Racing Club,DEF,,,,,,,,SIN_EVENTO_SOFASCORE,SIN_EVENTO_SOFASCORE
m_3vjLig,,2026-05-10,p_0TKEkA,Mikel Amondarain,Estudiantes,Racing Club,VOL,,,,,,,,SIN_EVENTO_SOFASCORE,SIN_EVENTO_SOFASCORE
m_3vjLig,,2026-05-10,p_2ffBRo,Santiago Núñez,Estudiantes,Racing Club,DEF,,,,,,,,SIN_EVENTO_SOFASCORE,SIN_EVENTO_SOFASCORE
m_3vjLig,,2026-05-10,p_1TPSrY,Tomás Palacios,Estudiantes,Racing Club,DEF,,,,,,,,SIN_EVENTO_SOFASCORE,SIN_EVENTO_SOFASCORE
m_2dZtBq,,2026-05-10,p_2ralsZ,Facundo Zabala,Independiente,Rosario Central,DEF,,,,,,,,SIN_EVENTO_SOFASCORE,SIN_EVENTO_SOFASCORE
m_2dZtBq,,2026-05-10,p_47bCwf,Ignacio Malcorra,Independiente,Rosario Central,VOL,,,,,,,,SIN_EVENTO_SOFASCORE,SIN_EVENTO_SOFASCORE
m_2dZtBq,,2026-05-10,p_477cm1,Iván Marcone,Independiente,Rosario Central,VOL,,,,,,,,SIN_EVENTO_SOFASCORE,SIN_EVENTO_SOFASCORE
m_2dZtBq,,2026-05-10,p_1HqLta,Juan Fedorco,Independiente,Rosario Central,DEF,,,,,,,,SIN_EVENTO_SOFASCORE,SIN_EVENTO_SOFASCORE
m_2dZtBq,,2026-05-10,p_3zzhTk,Kevin Lomónaco,Independiente,Rosario Central,DEF,,,,,,,,SIN_EVENTO_SOFASCORE,SIN_EVENTO_SOFASCORE
m_2dZtBq,,2026-05-10,p_2GcFwZ,Lautaro Millán,Independiente,Rosario Central,VOL,,,,,,,,SIN_EVENTO_SOFASCORE,SIN_EVENTO_SOFASCORE
m_2dZtBq,,2026-05-10,p_4eK1TZ,Mateo Pérez Curci,Independiente,Rosario Central,VOL,,,,,,,,SIN_EVENTO_SOFASCORE,SIN_EVENTO_SOFASCORE
m_2dZtBq,,2026-05-10,p_41uo5Q,Milton Valenzuela,Independiente,Rosario Central,DEF,,,,,,,,SIN_EVENTO_SOFASCORE,SIN_EVENTO_SOFASCORE
m_2dZtBq,,2026-05-10,p_3KLwFI,Rodrigo Rey,Independiente,Rosario Central,ARQ,,,,,,,,SIN_EVENTO_SOFASCORE,SIN_EVENTO_SOFASCORE
m_2dZtBq,,2026-05-10,p_4RoV0i,Santiago Arias,Independiente,Rosario Central,DEF,,,,,,,,SIN_EVENTO_SOFASCORE,SIN_EVENTO_SOFASCORE
m_2dZtBq,,2026-05-10,p_2c9Jkj,Santiago Gabriel Montiel,Independiente,Rosario Central,VOL,,,,,,,,SIN_EVENTO_SOFASCORE,SIN_EVENTO_SOFASCORE
m_2dZtBq,,2026-05-10,p_4UoYBc,Sebastián Valdéz,Independiente,Rosario Central,DEF,,,,,,,,SIN_EVENTO_SOFASCORE,SIN_EVENTO_SOFASCORE
m_2t96qK,,2026-05-10,p_3xub3o,Agustín Cardozo,Lanús,Argentinos Juniors,VOL,,,,,,,,SIN_EVENTO_SOFASCORE,SIN_EVENTO_SOFASCORE
m_2t96qK,,2026-05-10,p_3dgI1a,Agustín Medina,Lanús,Argentinos Juniors,VOL,,,,,,,,SIN_EVENTO_SOFASCORE,SIN_EVENTO_SOFASCORE
m_2t96qK,,2026-05-10,p_0pxwpN,Carlos Izquierdoz,Lanús,Argentinos Juniors,DEF,,,,,,,,SIN_EVENTO_SOFASCORE,SIN_EVENTO_SOFASCORE
m_2t96qK,,2026-05-10,p_1Dr7TL,Eduardo Salvio,Lanús,Argentinos Juniors,VOL,,,,,,,,SIN_EVENTO_SOFASCORE,SIN_EVENTO_SOFASCORE
m_2t96qK,,2026-05-10,p_4NdBtx,Felipe Peña Biafore,Lanús,Argentinos Juniors,VOL,,,,,,,,SIN_EVENTO_SOFASCORE,SIN_EVENTO_SOFASCORE
m_2t96qK,,2026-05-10,p_2YLj3q,José Canale,Lanús,Argentinos Juniors,DEF,,,,,,,,SIN_EVENTO_SOFASCORE,SIN_EVENTO_SOFASCORE
m_2t96qK,,2026-05-10,p_0MwF8F,Lucas Besozzi,Lanús,Argentinos Juniors,VOL,,,,,,,,SIN_EVENTO_SOFASCORE,SIN_EVENTO_SOFASCORE
m_2t96qK,,2026-05-10,p_32gEeN,Marcelino Moreno,Lanús,Argentinos Juniors,VOL,,,,,,,,SIN_EVENTO_SOFASCORE,SIN_EVENTO_SOFASCORE
m_2t96qK,,2026-05-10,p_1R1UR4,Matías Sepúlveda,Lanús,Argentinos Juniors,VOL,,,,,,,,SIN_EVENTO_SOFASCORE,SIN_EVENTO_SOFASCORE
m_2t96qK,,2026-05-10,p_4W6aiW,Nahuel Losada,Lanús,Argentinos Juniors,ARQ,,,,,,,,SIN_EVENTO_SOFASCORE,SIN_EVENTO_SOFASCORE
m_2t96qK,,2026-05-10,p_3bNsap,Ramiro Carrera,Lanús,Argentinos Juniors,VOL,,,,,,,,SIN_EVENTO_SOFASCORE,SIN_EVENTO_SOFASCORE
m_2t96qK,,2026-05-10,p_0YK7Rt,Sasha Marcich,Lanús,Argentinos Juniors,DEF,,,,,,,,SIN_EVENTO_SOFASCORE,SIN_EVENTO_SOFASCORE
m_2t96qK,,2026-05-10,p_1Zygll,Tomás Ezequiel Guidara,Lanús,Argentinos Juniors,DEF,,,,,,,,SIN_EVENTO_SOFASCORE,SIN_EVENTO_SOFASCORE
m_3h25YQ,,2026-05-10,p_3uAxFO,Augusto Solari,Unión,Independiente Rivadavia,VOL,,,,,,,,SIN_EVENTO_SOFASCORE,SIN_EVENTO_SOFASCORE
m_3h25YQ,,2026-05-10,p_43YxGe,Brahian Cuello,Unión,Independiente Rivadavia,VOL,,,,,,,,SIN_EVENTO_SOFASCORE,SIN_EVENTO_SOFASCORE
m_3h25YQ,,2026-05-10,p_1f3gtx,Claudio Corvalan,Unión,Independiente Rivadavia,DEF,,,,,,,,SIN_EVENTO_SOFASCORE,SIN_EVENTO_SOFASCORE
m_3h25YQ,,2026-05-10,p_3c6pcI,Juan Pablo Ludueña,Unión,Independiente Rivadavia,DEF,,,,,,,,SIN_EVENTO_SOFASCORE,SIN_EVENTO_SOFASCORE
m_3h25YQ,,2026-05-10,p_1h4yOi,Julián Palacios,Unión,Independiente Rivadavia,VOL,,,,,,,,SIN_EVENTO_SOFASCORE,SIN_EVENTO_SOFASCORE
m_3h25YQ,,2026-05-10,p_1A84Jv,Lautaro Vargas,Unión,Independiente Rivadavia,DEF,,,,,,,,SIN_EVENTO_SOFASCORE,SIN_EVENTO_SOFASCORE
m_3h25YQ,,2026-05-10,p_0ZgxsX,Lucas Menossi,Unión,Independiente Rivadavia,VOL,,,,,,,,SIN_EVENTO_SOFASCORE,SIN_EVENTO_SOFASCORE
m_3h25YQ,,2026-05-10,p_2jiARu,Maizon Rodríguez,Unión,Independiente Rivadavia,DEF,,,,,,,,SIN_EVENTO_SOFASCORE,SIN_EVENTO_SOFASCORE
m_3h25YQ,,2026-05-10,p_2vkqTj,Mateo Del Blanco,Unión,Independiente Rivadavia,DEF,,,,,,,,SIN_EVENTO_SOFASCORE,SIN_EVENTO_SOFASCORE
m_3h25YQ,,2026-05-10,p_0yyPLQ,Matías Mansilla,Unión,Independiente Rivadavia,ARQ,,,,,,,,SIN_EVENTO_SOFASCORE,SIN_EVENTO_SOFASCORE
m_3h25YQ,,2026-05-10,p_3yJs62,Mauro Pittón,Unión,Independiente Rivadavia,VOL,,,,,,,,SIN_EVENTO_SOFASCORE,SIN_EVENTO_SOFASCORE
m_3h25YQ,,2026-05-10,p_038W5d,Rafael Profini,Unión,Independiente Rivadavia,VOL,,,,,,,,SIN_EVENTO_SOFASCORE,SIN_EVENTO_SOFASCORE
m_4Cpvon,,2026-05-11,p_1bUOsk,Alexis Steimbach,Gimnasia LP,Vélez Sarsfield,DEF,,,,,,,,SIN_EVENTO_SOFASCORE,SIN_EVENTO_SOFASCORE
m_4Cpvon,,2026-05-11,p_0AsvjF,Augusto Max,Gimnasia LP,Vélez Sarsfield,VOL,,,,,,,,SIN_EVENTO_SOFASCORE,SIN_EVENTO_SOFASCORE
m_4Cpvon,,2026-05-11,p_0xdX07,Bautista Barros Schelotto,Gimnasia LP,Vélez Sarsfield,DEF,,,,,,,,SIN_EVENTO_SOFASCORE,SIN_EVENTO_SOFASCORE
m_4Cpvon,,2026-05-11,p_40ubcR,Enzo Martínez,Gimnasia LP,Vélez Sarsfield,DEF,,,,,,,,SIN_EVENTO_SOFASCORE,SIN_EVENTO_SOFASCORE
m_4Cpvon,,2026-05-11,p_3mGP60,Germán Conti,Gimnasia LP,Vélez Sarsfield,DEF,,,,,,,,SIN_EVENTO_SOFASCORE,SIN_EVENTO_SOFASCORE
m_4Cpvon,,2026-05-11,p_1tL0oC,Gonzalo Errecalde,Gimnasia LP,Vélez Sarsfield,DEF,,,,,,,,SIN_EVENTO_SOFASCORE,SIN_EVENTO_SOFASCORE
m_4Cpvon,,2026-05-11,p_15wJtA,Ignacio Fernández,Gimnasia LP,Vélez Sarsfield,VOL,,,,,,,,SIN_EVENTO_SOFASCORE,SIN_EVENTO_SOFASCORE
m_4Cpvon,,2026-05-11,p_2PDOYX,Ignacio Miramón,Gimnasia LP,Vélez Sarsfield,VOL,,,,,,,,SIN_EVENTO_SOFASCORE,SIN_EVENTO_SOFASCORE
m_4Cpvon,,2026-05-11,p_2h5dHt,Manuel Panaro,Gimnasia LP,Vélez Sarsfield,VOL,,,,,,,,SIN_EVENTO_SOFASCORE,SIN_EVENTO_SOFASCORE
m_4Cpvon,,2026-05-11,p_21agZ1,Mateo Seoane,Gimnasia LP,Vélez Sarsfield,VOL,,,,,,,,SIN_EVENTO_SOFASCORE,SIN_EVENTO_SOFASCORE
m_4Cpvon,,2026-05-11,p_3BlplQ,Matías Melluso,Gimnasia LP,Vélez Sarsfield,DEF,,,,,,,,SIN_EVENTO_SOFASCORE,SIN_EVENTO_SOFASCORE
m_4Cpvon,,2026-05-11,p_1CvIxl,Nelson Insfrán,Gimnasia LP,Vélez Sarsfield,ARQ,,,,,,,,SIN_EVENTO_SOFASCORE,SIN_EVENTO_SOFASCORE
m_4Cpvon,,2026-05-11,p_2ZvpgZ,Pedro Silva Torrejón,Gimnasia LP,Vélez Sarsfield,DEF,,,,,,,,SIN_EVENTO_SOFASCORE,SIN_EVENTO_SOFASCORE
m_4Cpvon,,2026-05-11,p_0URNSN,Renzo Giampaoli,Gimnasia LP,Vélez Sarsfield,DEF,,,,,,,,SIN_EVENTO_SOFASCORE,SIN_EVENTO_SOFASCORE
m_0yhLBE,,2026-05-12,p_4Mszzs,Adrián Spörle,Belgrano,Unión,DEF,,,,,,,,SIN_EVENTO_SOFASCORE,SIN_EVENTO_SOFASCORE
m_0yhLBE,,2026-05-12,p_43D8up,Adrián Sánchez,Belgrano,Unión,VOL,,,,,,,,SIN_EVENTO_SOFASCORE,SIN_EVENTO_SOFASCORE
m_0yhLBE,,2026-05-12,p_3nfcvs,Agustín Falcón,Belgrano,Unión,DEF,,,,,,,,SIN_EVENTO_SOFASCORE,SIN_EVENTO_SOFASCORE
m_0yhLBE,,2026-05-12,p_28SEJq,Alexis Maldonado,Belgrano,Unión,DEF,,,,,,,,SIN_EVENTO_SOFASCORE,SIN_EVENTO_SOFASCORE
m_0yhLBE,,2026-05-12,p_49U5oJ,Emiliano Ariel Rigoni,Belgrano,Unión,VOL,,,,,,,,SIN_EVENTO_SOFASCORE,SIN_EVENTO_SOFASCORE
m_0yhLBE,,2026-05-12,p_3Boqdn,Francisco González Metilli,Belgrano,Unión,VOL,,,,,,,,SIN_EVENTO_SOFASCORE,SIN_EVENTO_SOFASCORE
m_0yhLBE,,2026-05-12,p_4g8d1N,Franco Vázquez,Belgrano,Unión,VOL,,,,,,,,SIN_EVENTO_SOFASCORE,SIN_EVENTO_SOFASCORE
m_0yhLBE,,2026-05-12,p_1lrNAx,Lautaro Gutierrez,Belgrano,Unión,VOL,,,,,,,,SIN_EVENTO_SOFASCORE,SIN_EVENTO_SOFASCORE
m_0yhLBE,,2026-05-12,p_3u6zLG,Leonardo Morales,Belgrano,Unión,DEF,,,,,,,,SIN_EVENTO_SOFASCORE,SIN_EVENTO_SOFASCORE
m_0yhLBE,,2026-05-12,p_1x6fIA,Lisandro López,Belgrano,Unión,DEF,,,,,,,,SIN_EVENTO_SOFASCORE,SIN_EVENTO_SOFASCORE
m_0yhLBE,,2026-05-12,p_3v2tAE,Lucas Zelarayán,Belgrano,Unión,VOL,,,,,,,,SIN_EVENTO_SOFASCORE,SIN_EVENTO_SOFASCORE
m_0yhLBE,,2026-05-12,p_09kVaG,Nicolás Fernández,Belgrano,Unión,DEL,,,,,,,,SIN_EVENTO_SOFASCORE,SIN_EVENTO_SOFASCORE
m_0yhLBE,,2026-05-12,p_0FN6nM,Ramiro Hernandes,Belgrano,Unión,VOL,,,,,,,,SIN_EVENTO_SOFASCORE,SIN_EVENTO_SOFASCORE
m_0yhLBE,,2026-05-12,p_2PNnZ9,Santiago Longo,Belgrano,Unión,VOL,,,,,,,,SIN_EVENTO_SOFASCORE,SIN_EVENTO_SOFASCORE
m_0yhLBE,,2026-05-12,p_0ujJJG,Thiago Cardozo,Belgrano,Unión,ARQ,,,,,,,,SIN_EVENTO_SOFASCORE,SIN_EVENTO_SOFASCORE
m_0yhLBE,,2026-05-12,p_36GYxJ,Álvaro Ocampo,Belgrano,Unión,DEF,,,,,,,,SIN_EVENTO_SOFASCORE,SIN_EVENTO_SOFASCORE
m_0yhLBE,,2026-05-12,p_3uAxFO,Augusto Solari,Unión,Belgrano,VOL,,,,,,,,SIN_EVENTO_SOFASCORE,SIN_EVENTO_SOFASCORE
m_0yhLBE,,2026-05-12,p_43YxGe,Brahian Cuello,Unión,Belgrano,VOL,,,,,,,,SIN_EVENTO_SOFASCORE,SIN_EVENTO_SOFASCORE
m_0yhLBE,,2026-05-12,p_3woyik,Cristian Alberto Tarragona,Unión,Belgrano,DEL,,,,,,,,SIN_EVENTO_SOFASCORE,SIN_EVENTO_SOFASCORE
m_0yhLBE,,2026-05-12,p_07Ga56,Diego Diaz,Unión,Belgrano,DEL,,,,,,,,SIN_EVENTO_SOFASCORE,SIN_EVENTO_SOFASCORE
m_0yhLBE,,2026-05-12,p_2zeYkR,Franco Fragapane,Unión,Belgrano,VOL,,,,,,,,SIN_EVENTO_SOFASCORE,SIN_EVENTO_SOFASCORE
m_0yhLBE,,2026-05-12,p_3c6pcI,Juan Pablo Ludueña,Unión,Belgrano,DEF,,,,,,,,SIN_EVENTO_SOFASCORE,SIN_EVENTO_SOFASCORE
m_0yhLBE,,2026-05-12,p_1h4yOi,Julián Palacios,Unión,Belgrano,VOL,,,,,,,,SIN_EVENTO_SOFASCORE,SIN_EVENTO_SOFASCORE
m_0yhLBE,,2026-05-12,p_1A84Jv,Lautaro Vargas,Unión,Belgrano,DEF,,,,,,,,SIN_EVENTO_SOFASCORE,SIN_EVENTO_SOFASCORE
m_0yhLBE,,2026-05-12,p_0ZgxsX,Lucas Menossi,Unión,Belgrano,VOL,,,,,,,,SIN_EVENTO_SOFASCORE,SIN_EVENTO_SOFASCORE
m_0yhLBE,,2026-05-12,p_2jiARu,Maizon Rodríguez,Unión,Belgrano,DEF,,,,,,,,SIN_EVENTO_SOFASCORE,SIN_EVENTO_SOFASCORE
m_0yhLBE,,2026-05-12,p_3ybBVT,Marcelo Estigarribia,Unión,Belgrano,DEL,,,,,,,,SIN_EVENTO_SOFASCORE,SIN_EVENTO_SOFASCORE
m_0yhLBE,,2026-05-12,p_2vkqTj,Mateo Del Blanco,Unión,Belgrano,DEF,,,,,,,,SIN_EVENTO_SOFASCORE,SIN_EVENTO_SOFASCORE
m_0yhLBE,,2026-05-12,p_0yyPLQ,Matías Mansilla,Unión,Belgrano,ARQ,,,,,,,,SIN_EVENTO_SOFASCORE,SIN_EVENTO_SOFASCORE
m_0yhLBE,,2026-05-12,p_3yJs62,Mauro Pittón,Unión,Belgrano,VOL,,,,,,,,SIN_EVENTO_SOFASCORE,SIN_EVENTO_SOFASCORE
m_0yhLBE,,2026-05-12,p_038W5d,Rafael Profini,Unión,Belgrano,VOL,,,,,,,,SIN_EVENTO_SOFASCORE,SIN_EVENTO_SOFASCORE
m_0yhLBE,,2026-05-12,p_30zDYy,Tomás González,Unión,Belgrano,DEL,,,,,,,,SIN_EVENTO_SOFASCORE,SIN_EVENTO_SOFASCORE
m_3ar3G9,,2026-05-14,p_1bUOsk,Alexis Steimbach,Gimnasia LP,River Plate,DEF,,,,,,,,SIN_EVENTO_SOFASCORE,SIN_EVENTO_SOFASCORE
m_3ar3G9,,2026-05-14,p_0AsvjF,Augusto Max,Gimnasia LP,River Plate,VOL,,,,,,,,SIN_EVENTO_SOFASCORE,SIN_EVENTO_SOFASCORE
m_3ar3G9,,2026-05-14,p_3mGP60,Germán Conti,Gimnasia LP,River Plate,DEF,,,,,,,,SIN_EVENTO_SOFASCORE,SIN_EVENTO_SOFASCORE
m_3ar3G9,,2026-05-14,p_15wJtA,Ignacio Fernández,Gimnasia LP,River Plate,VOL,,,,,,,,SIN_EVENTO_SOFASCORE,SIN_EVENTO_SOFASCORE
m_3ar3G9,,2026-05-14,p_2PDOYX,Ignacio Miramón,Gimnasia LP,River Plate,VOL,,,,,,,,SIN_EVENTO_SOFASCORE,SIN_EVENTO_SOFASCORE
m_3ar3G9,,2026-05-14,p_3s2VQn,Juan Pérez,Gimnasia LP,River Plate,VOL,,,,,,,,SIN_EVENTO_SOFASCORE,SIN_EVENTO_SOFASCORE
m_3ar3G9,,2026-05-14,p_2h5dHt,Manuel Panaro,Gimnasia LP,River Plate,VOL,,,,,,,,SIN_EVENTO_SOFASCORE,SIN_EVENTO_SOFASCORE
m_3ar3G9,,2026-05-14,p_3BlplQ,Matías Melluso,Gimnasia LP,River Plate,DEF,,,,,,,,SIN_EVENTO_SOFASCORE,SIN_EVENTO_SOFASCORE
m_3ar3G9,,2026-05-14,p_1CvIxl,Nelson Insfrán,Gimnasia LP,River Plate,ARQ,,,,,,,,SIN_EVENTO_SOFASCORE,SIN_EVENTO_SOFASCORE
m_3ar3G9,,2026-05-14,p_0naJM3,Nicolás Barros Schelotto,Gimnasia LP,River Plate,VOL,,,,,,,,SIN_EVENTO_SOFASCORE,SIN_EVENTO_SOFASCORE
m_3ar3G9,,2026-05-14,p_2ZvpgZ,Pedro Silva Torrejón,Gimnasia LP,River Plate,DEF,,,,,,,,SIN_EVENTO_SOFASCORE,SIN_EVENTO_SOFASCORE
m_3ar3G9,,2026-05-14,p_0URNSN,Renzo Giampaoli,Gimnasia LP,River Plate,DEF,,,,,,,,SIN_EVENTO_SOFASCORE,SIN_EVENTO_SOFASCORE
m_0JyeiC,,2026-05-17,p_4Mszzs,Adrián Spörle,Belgrano,Argentinos Juniors,DEF,,,,,,,,SIN_EVENTO_SOFASCORE,SIN_EVENTO_SOFASCORE
m_0JyeiC,,2026-05-17,p_43D8up,Adrián Sánchez,Belgrano,Argentinos Juniors,VOL,,,,,,,,SIN_EVENTO_SOFASCORE,SIN_EVENTO_SOFASCORE
m_0JyeiC,,2026-05-17,p_3nfcvs,Agustín Falcón,Belgrano,Argentinos Juniors,DEF,,,,,,,,SIN_EVENTO_SOFASCORE,SIN_EVENTO_SOFASCORE
m_0JyeiC,,2026-05-17,p_28SEJq,Alexis Maldonado,Belgrano,Argentinos Juniors,DEF,,,,,,,,SIN_EVENTO_SOFASCORE,SIN_EVENTO_SOFASCORE
m_0JyeiC,,2026-05-17,p_49U5oJ,Emiliano Ariel Rigoni,Belgrano,Argentinos Juniors,VOL,,,,,,,,SIN_EVENTO_SOFASCORE,SIN_EVENTO_SOFASCORE
m_0JyeiC,,2026-05-17,p_4OBdka,Federico Ricca,Belgrano,Argentinos Juniors,DEF,,,,,,,,SIN_EVENTO_SOFASCORE,SIN_EVENTO_SOFASCORE
m_0JyeiC,,2026-05-17,p_3Boqdn,Francisco González Metilli,Belgrano,Argentinos Juniors,VOL,,,,,,,,SIN_EVENTO_SOFASCORE,SIN_EVENTO_SOFASCORE
m_0JyeiC,,2026-05-17,p_4g8d1N,Franco Vázquez,Belgrano,Argentinos Juniors,VOL,,,,,,,,SIN_EVENTO_SOFASCORE,SIN_EVENTO_SOFASCORE
m_0JyeiC,,2026-05-17,p_1lrNAx,Lautaro Gutierrez,Belgrano,Argentinos Juniors,VOL,,,,,,,,SIN_EVENTO_SOFASCORE,SIN_EVENTO_SOFASCORE
m_0JyeiC,,2026-05-17,p_3u6zLG,Leonardo Morales,Belgrano,Argentinos Juniors,DEF,,,,,,,,SIN_EVENTO_SOFASCORE,SIN_EVENTO_SOFASCORE
m_0JyeiC,,2026-05-17,p_1x6fIA,Lisandro López,Belgrano,Argentinos Juniors,DEF,,,,,,,,SIN_EVENTO_SOFASCORE,SIN_EVENTO_SOFASCORE
m_0JyeiC,,2026-05-17,p_3v2tAE,Lucas Zelarayán,Belgrano,Argentinos Juniors,VOL,,,,,,,,SIN_EVENTO_SOFASCORE,SIN_EVENTO_SOFASCORE
m_0JyeiC,,2026-05-17,p_0FN6nM,Ramiro Hernandes,Belgrano,Argentinos Juniors,VOL,,,,,,,,SIN_EVENTO_SOFASCORE,SIN_EVENTO_SOFASCORE
m_0JyeiC,,2026-05-17,p_2PNnZ9,Santiago Longo,Belgrano,Argentinos Juniors,VOL,,,,,,,,SIN_EVENTO_SOFASCORE,SIN_EVENTO_SOFASCORE
m_0JyeiC,,2026-05-17,p_0ujJJG,Thiago Cardozo,Belgrano,Argentinos Juniors,ARQ,,,,,,,,SIN_EVENTO_SOFASCORE,SIN_EVENTO_SOFASCORE
m_25ZLbm,,2026-05-24,p_4Mszzs,Adrián Spörle,Belgrano,River Plate,DEF,,,,,,,,SIN_EVENTO_SOFASCORE,SIN_EVENTO_SOFASCORE
m_25ZLbm,,2026-05-24,p_43D8up,Adrián Sánchez,Belgrano,River Plate,VOL,,,,,,,,SIN_EVENTO_SOFASCORE,SIN_EVENTO_SOFASCORE
m_25ZLbm,,2026-05-24,p_3nfcvs,Agustín Falcón,Belgrano,River Plate,DEF,,,,,,,,SIN_EVENTO_SOFASCORE,SIN_EVENTO_SOFASCORE
m_25ZLbm,,2026-05-24,p_28SEJq,Alexis Maldonado,Belgrano,River Plate,DEF,,,,,,,,SIN_EVENTO_SOFASCORE,SIN_EVENTO_SOFASCORE
m_25ZLbm,,2026-05-24,p_49U5oJ,Emiliano Ariel Rigoni,Belgrano,River Plate,VOL,,,,,,,,SIN_EVENTO_SOFASCORE,SIN_EVENTO_SOFASCORE
m_25ZLbm,,2026-05-24,p_4OBdka,Federico Ricca,Belgrano,River Plate,DEF,,,,,,,,SIN_EVENTO_SOFASCORE,SIN_EVENTO_SOFASCORE
m_25ZLbm,,2026-05-24,p_4g8d1N,Franco Vázquez,Belgrano,River Plate,VOL,,,,,,,,SIN_EVENTO_SOFASCORE,SIN_EVENTO_SOFASCORE
m_25ZLbm,,2026-05-24,p_1hr765,Juan Velázquez,Belgrano,River Plate,VOL,,,,,,,,SIN_EVENTO_SOFASCORE,SIN_EVENTO_SOFASCORE
m_25ZLbm,,2026-05-24,p_3u6zLG,Leonardo Morales,Belgrano,River Plate,DEF,,,,,,,,SIN_EVENTO_SOFASCORE,SIN_EVENTO_SOFASCORE
m_25ZLbm,,2026-05-24,p_3v2tAE,Lucas Zelarayán,Belgrano,River Plate,VOL,,,,,,,,SIN_EVENTO_SOFASCORE,SIN_EVENTO_SOFASCORE
m_25ZLbm,,2026-05-24,p_0FN6nM,Ramiro Hernandes,Belgrano,River Plate,VOL,,,,,,,,SIN_EVENTO_SOFASCORE,SIN_EVENTO_SOFASCORE
m_25ZLbm,,2026-05-24,p_2PNnZ9,Santiago Longo,Belgrano,River Plate,VOL,,,,,,,,SIN_EVENTO_SOFASCORE,SIN_EVENTO_SOFASCORE
m_25ZLbm,,2026-05-24,p_0ujJJG,Thiago Cardozo,Belgrano,River Plate,ARQ,,,,,,,,SIN_EVENTO_SOFASCORE,SIN_EVENTO_SOFASCORE
m_25ZLbm,,2026-05-24,p_36GYxJ,Álvaro Ocampo,Belgrano,River Plate,DEF,,,,,,,,SIN_EVENTO_SOFASCORE,SIN_EVENTO_SOFASCORE
m_3h9ajC,,2026-07-23,p_4Mszzs,Adrián Spörle,Belgrano,Rosario Central,DEF,,,,,,,,SIN_EVENTO_SOFASCORE,SIN_EVENTO_SOFASCORE
m_3h9ajC,,2026-07-23,p_43D8up,Adrián Sánchez,Belgrano,Rosario Central,VOL,,,,,,,,SIN_EVENTO_SOFASCORE,SIN_EVENTO_SOFASCORE
m_3h9ajC,,2026-07-23,p_28SEJq,Alexis Maldonado,Belgrano,Rosario Central,DEF,,,,,,,,SIN_EVENTO_SOFASCORE,SIN_EVENTO_SOFASCORE
m_3h9ajC,,2026-07-23,p_49U5oJ,Emiliano Ariel Rigoni,Belgrano,Rosario Central,VOL,,,,,,,,SIN_EVENTO_SOFASCORE,SIN_EVENTO_SOFASCORE
m_3h9ajC,,2026-07-23,p_3Boqdn,Francisco González Metilli,Belgrano,Rosario Central,VOL,,,,,,,,SIN_EVENTO_SOFASCORE,SIN_EVENTO_SOFASCORE
m_3h9ajC,,2026-07-23,p_4g8d1N,Franco Vázquez,Belgrano,Rosario Central,VOL,,,,,,,,SIN_EVENTO_SOFASCORE,SIN_EVENTO_SOFASCORE
m_3h9ajC,,2026-07-23,p_1hr765,Juan Velázquez,Belgrano,Rosario Central,VOL,,,,,,,,SIN_EVENTO_SOFASCORE,SIN_EVENTO_SOFASCORE
m_3h9ajC,,2026-07-23,p_3u6zLG,Leonardo Morales,Belgrano,Rosario Central,DEF,,,,,,,,SIN_EVENTO_SOFASCORE,SIN_EVENTO_SOFASCORE
m_3h9ajC,,2026-07-23,p_1x6fIA,Lisandro López,Belgrano,Rosario Central,DEF,,,,,,,,SIN_EVENTO_SOFASCORE,SIN_EVENTO_SOFASCORE
m_3h9ajC,,2026-07-23,p_3v2tAE,Lucas Zelarayán,Belgrano,Rosario Central,VOL,,,,,,,,SIN_EVENTO_SOFASCORE,SIN_EVENTO_SOFASCORE
m_3h9ajC,,2026-07-23,p_1bLNCG,Manuel Vicentini,Belgrano,Rosario Central,ARQ,,,,,,,,SIN_EVENTO_SOFASCORE,SIN_EVENTO_SOFASCORE
m_3h9ajC,,2026-07-23,p_0FN6nM,Ramiro Hernandes,Belgrano,Rosario Central,VOL,,,,,,,,SIN_EVENTO_SOFASCORE,SIN_EVENTO_SOFASCORE
m_3h9ajC,,2026-07-23,p_2PNnZ9,Santiago Longo,Belgrano,Rosario Central,VOL,,,,,,,,SIN_EVENTO_SOFASCORE,SIN_EVENTO_SOFASCORE
m_3B1MqQ,,2026-07-24,p_43Olsv,Alan Aguerre,Central Córdoba de Santiago,Gimnasia Mendoza,ARQ,,,,,,,,SIN_EVENTO_SOFASCORE,SIN_EVENTO_SOFASCORE
m_3B1MqQ,,2026-07-24,p_1j4h24,Alan Daian Laprida,Central Córdoba de Santiago,Gimnasia Mendoza,VOL,,,,,,,,SIN_EVENTO_SOFASCORE,SIN_EVENTO_SOFASCORE
m_3B1MqQ,,2026-07-24,p_2StpFV,Alejandro Maciel,Central Córdoba de Santiago,Gimnasia Mendoza,DEF,,,,,,,,SIN_EVENTO_SOFASCORE,SIN_EVENTO_SOFASCORE
m_3B1MqQ,,2026-07-24,p_0ciPTe,Diego Barrera,Central Córdoba de Santiago,Gimnasia Mendoza,VOL,,,,,,,,SIN_EVENTO_SOFASCORE,SIN_EVENTO_SOFASCORE
m_3B1MqQ,,2026-07-24,p_0RVLhG,Ezequiel Naya,Central Córdoba de Santiago,Gimnasia Mendoza,DEL,,,,,,,,SIN_EVENTO_SOFASCORE,SIN_EVENTO_SOFASCORE
m_3B1MqQ,,2026-07-24,p_1KfXQ1,Facundo Mansilla Zahir,Central Córdoba de Santiago,Gimnasia Mendoza,DEF,,,,,,,,SIN_EVENTO_SOFASCORE,SIN_EVENTO_SOFASCORE
m_3B1MqQ,,2026-07-24,p_1K6Fr9,Fernando Martínez,Central Córdoba de Santiago,Gimnasia Mendoza,DEF,,,,,,,,SIN_EVENTO_SOFASCORE,SIN_EVENTO_SOFASCORE
m_3B1MqQ,,2026-07-24,p_3lI7ex,Javier Vallejos,Central Córdoba de Santiago,Gimnasia Mendoza,DEF,,,,,,,,SIN_EVENTO_SOFASCORE,SIN_EVENTO_SOFASCORE
m_3B1MqQ,,2026-07-24,p_3DBOMn,José Gómez,Central Córdoba de Santiago,Gimnasia Mendoza,DEF,,,,,,,,SIN_EVENTO_SOFASCORE,SIN_EVENTO_SOFASCORE
m_3B1MqQ,,2026-07-24,p_4beE3s,Leonardo Marchi,Central Córdoba de Santiago,Gimnasia Mendoza,DEF,,,,,,,,SIN_EVENTO_SOFASCORE,SIN_EVENTO_SOFASCORE
m_3B1MqQ,,2026-07-24,p_0veUmD,Lucas González,Central Córdoba de Santiago,Gimnasia Mendoza,VOL,,,,,,,,SIN_EVENTO_SOFASCORE,SIN_EVENTO_SOFASCORE
m_3B1MqQ,,2026-07-24,p_42f4P8,Martín Cuitiño,Central Córdoba de Santiago,Gimnasia Mendoza,DEF,,,,,,,,SIN_EVENTO_SOFASCORE,SIN_EVENTO_SOFASCORE
m_3B1MqQ,,2026-07-24,p_3XD5Nu,Matías Vera,Central Córdoba de Santiago,Gimnasia Mendoza,VOL,,,,,,,,SIN_EVENTO_SOFASCORE,SIN_EVENTO_SOFASCORE
m_3B1MqQ,,2026-07-24,p_3FGnhe,Michael Santos,Central Córdoba de Santiago,Gimnasia Mendoza,DEL,,,,,,,,SIN_EVENTO_SOFASCORE,SIN_EVENTO_SOFASCORE
m_3B1MqQ,,2026-07-24,p_3cMYiv,Santiago Moyano,Central Córdoba de Santiago,Gimnasia Mendoza,DEF,,,,,,,,SIN_EVENTO_SOFASCORE,SIN_EVENTO_SOFASCORE
m_3B1MqQ,,2026-07-24,p_0VScM6,Tiago Cravero,Central Córdoba de Santiago,Gimnasia Mendoza,VOL,,,,,,,,SIN_EVENTO_SOFASCORE,SIN_EVENTO_SOFASCORE
m_1P4GDL,,2026-07-24,p_1bUOsk,Alexis Steimbach,Gimnasia LP,Racing Club,DEF,,,,,,,,SIN_EVENTO_SOFASCORE,SIN_EVENTO_SOFASCORE
m_1P4GDL,,2026-07-24,p_0xdX07,Bautista Barros Schelotto,Gimnasia LP,Racing Club,DEF,,,,,,,,SIN_EVENTO_SOFASCORE,SIN_EVENTO_SOFASCORE
m_1P4GDL,,2026-07-24,p_1tL0oC,Gonzalo Errecalde,Gimnasia LP,Racing Club,DEF,,,,,,,,SIN_EVENTO_SOFASCORE,SIN_EVENTO_SOFASCORE
m_1P4GDL,,2026-07-24,p_15wJtA,Ignacio Fernández,Gimnasia LP,Racing Club,VOL,,,,,,,,SIN_EVENTO_SOFASCORE,SIN_EVENTO_SOFASCORE
m_1P4GDL,,2026-07-24,p_2PDOYX,Ignacio Miramón,Gimnasia LP,Racing Club,VOL,,,,,,,,SIN_EVENTO_SOFASCORE,SIN_EVENTO_SOFASCORE
m_1P4GDL,,2026-07-24,p_1zT5yZ,Juan Cortazzo,Gimnasia LP,Racing Club,DEF,,,,,,,,SIN_EVENTO_SOFASCORE,SIN_EVENTO_SOFASCORE
m_1P4GDL,,2026-07-24,p_3s2VQn,Juan Pérez,Gimnasia LP,Racing Club,VOL,,,,,,,,SIN_EVENTO_SOFASCORE,SIN_EVENTO_SOFASCORE
m_1P4GDL,,2026-07-24,p_2h5dHt,Manuel Panaro,Gimnasia LP,Racing Club,VOL,,,,,,,,SIN_EVENTO_SOFASCORE,SIN_EVENTO_SOFASCORE
m_1P4GDL,,2026-07-24,p_21agZ1,Mateo Seoane,Gimnasia LP,Racing Club,VOL,,,,,,,,SIN_EVENTO_SOFASCORE,SIN_EVENTO_SOFASCORE
m_1P4GDL,,2026-07-24,p_1CvIxl,Nelson Insfrán,Gimnasia LP,Racing Club,ARQ,,,,,,,,SIN_EVENTO_SOFASCORE,SIN_EVENTO_SOFASCORE
m_1P4GDL,,2026-07-24,p_2ZvpgZ,Pedro Silva Torrejón,Gimnasia LP,Racing Club,DEF,,,,,,,,SIN_EVENTO_SOFASCORE,SIN_EVENTO_SOFASCORE
m_1P4GDL,,2026-07-24,p_0URNSN,Renzo Giampaoli,Gimnasia LP,Racing Club,DEF,,,,,,,,SIN_EVENTO_SOFASCORE,SIN_EVENTO_SOFASCORE
m_3B1MqQ,,2026-07-24,p_1mCr0i,Agustín Módica,Gimnasia Mendoza,Central Córdoba de Santiago,DEL,,,,,,,,SIN_EVENTO_SOFASCORE,SIN_EVENTO_SOFASCORE
m_3B1MqQ,,2026-07-24,p_0EQwZX,Blas Armoa,Gimnasia Mendoza,Central Córdoba de Santiago,DEL,,,,,,,,SIN_EVENTO_SOFASCORE,SIN_EVENTO_SOFASCORE
m_3B1MqQ,,2026-07-24,p_3foBen,César Rigamonti,Gimnasia Mendoza,Central Córdoba de Santiago,ARQ,,,,,,,,SIN_EVENTO_SOFASCORE,SIN_EVENTO_SOFASCORE
m_3B1MqQ,,2026-07-24,p_4LMFQ0,Diego Mondino,Gimnasia Mendoza,Central Córdoba de Santiago,DEF,,,,,,,,SIN_EVENTO_SOFASCORE,SIN_EVENTO_SOFASCORE
m_3B1MqQ,,2026-07-24,p_1Iyu97,Esteban Fernández,Gimnasia Mendoza,Central Córdoba de Santiago,VOL,,,,,,,,SIN_EVENTO_SOFASCORE,SIN_EVENTO_SOFASCORE
m_3B1MqQ,,2026-07-24,p_2UZfm9,Ezequiel Muñoz,Gimnasia Mendoza,Central Córdoba de Santiago,DEF,,,,,,,,SIN_EVENTO_SOFASCORE,SIN_EVENTO_SOFASCORE
m_3B1MqQ,,2026-07-24,p_2ykUpy,Facundo Lencioni,Gimnasia Mendoza,Central Córdoba de Santiago,VOL,,,,,,,,SIN_EVENTO_SOFASCORE,SIN_EVENTO_SOFASCORE
m_3B1MqQ,,2026-07-24,p_1iogLn,Fermín Antonini,Gimnasia Mendoza,Central Córdoba de Santiago,VOL,,,,,,,,SIN_EVENTO_SOFASCORE,SIN_EVENTO_SOFASCORE
m_3B1MqQ,,2026-07-24,p_3oSsFv,Ignacio Sabatini,Gimnasia Mendoza,Central Córdoba de Santiago,DEL,,,,,,,,SIN_EVENTO_SOFASCORE,SIN_EVENTO_SOFASCORE
m_3B1MqQ,,2026-07-24,p_40BXYc,Julián Ceballos,Gimnasia Mendoza,Central Córdoba de Santiago,VOL,,,,,,,,SIN_EVENTO_SOFASCORE,SIN_EVENTO_SOFASCORE
m_3B1MqQ,,2026-07-24,p_1HKdTo,Lautaro Carrera,Gimnasia Mendoza,Central Córdoba de Santiago,DEF,,,,,,,,SIN_EVENTO_SOFASCORE,SIN_EVENTO_SOFASCORE
m_3B1MqQ,,2026-07-24,p_4HrltX,Luciano Cingolani,Gimnasia Mendoza,Central Córdoba de Santiago,DEL,,,,,,,,SIN_EVENTO_SOFASCORE,SIN_EVENTO_SOFASCORE
m_3B1MqQ,,2026-07-24,p_3oqT7Z,Luciano Paredes,Gimnasia Mendoza,Central Córdoba de Santiago,DEF,,,,,,,,SIN_EVENTO_SOFASCORE,SIN_EVENTO_SOFASCORE
m_3B1MqQ,,2026-07-24,p_1oAIvS,Matías Recalde,Gimnasia Mendoza,Central Córdoba de Santiago,DEF,,,,,,,,SIN_EVENTO_SOFASCORE,SIN_EVENTO_SOFASCORE
m_3B1MqQ,,2026-07-24,p_2rHsQv,Nahuel Barboza,Gimnasia Mendoza,Central Córdoba de Santiago,VOL,,,,,,,,SIN_EVENTO_SOFASCORE,SIN_EVENTO_SOFASCORE
m_3B1MqQ,,2026-07-24,p_3guJ6P,Valentino Simoni,Gimnasia Mendoza,Central Córdoba de Santiago,DEL,,,,,,,,SIN_EVENTO_SOFASCORE,SIN_EVENTO_SOFASCORE
m_0xmq9N,,2026-07-24,p_39c8jY,Diego Sosa,Instituto,Vélez Sarsfield,DEF,,,,,,,,SIN_EVENTO_SOFASCORE,SIN_EVENTO_SOFASCORE
m_0xmq9N,,2026-07-24,p_1qCu0J,Fernando Alarcón,Instituto,Vélez Sarsfield,DEF,,,,,,,,SIN_EVENTO_SOFASCORE,SIN_EVENTO_SOFASCORE
m_0xmq9N,,2026-07-24,p_3I0XnJ,Giuliano Cerato,Instituto,Vélez Sarsfield,VOL,,,,,,,,SIN_EVENTO_SOFASCORE,SIN_EVENTO_SOFASCORE
m_0xmq9N,,2026-07-24,p_287xJj,Gustavo Abregú,Instituto,Vélez Sarsfield,VOL,,,,,,,,SIN_EVENTO_SOFASCORE,SIN_EVENTO_SOFASCORE
m_0xmq9N,,2026-07-24,p_4T6aUk,Ignacio Méndez,Instituto,Vélez Sarsfield,VOL,,,,,,,,SIN_EVENTO_SOFASCORE,SIN_EVENTO_SOFASCORE
m_0xmq9N,,2026-07-24,p_28dMyW,Jeremías Lázaro,Instituto,Vélez Sarsfield,VOL,,,,,,,,SIN_EVENTO_SOFASCORE,SIN_EVENTO_SOFASCORE
m_0xmq9N,,2026-07-24,p_2AQDyY,Jhon Córdoba,Instituto,Vélez Sarsfield,VOL,,,,,,,,SIN_EVENTO_SOFASCORE,SIN_EVENTO_SOFASCORE
m_0xmq9N,,2026-07-24,p_1xKto7,Jonathan Galván,Instituto,Vélez Sarsfield,DEF,,,,,,,,SIN_EVENTO_SOFASCORE,SIN_EVENTO_SOFASCORE
m_0xmq9N,,2026-07-24,p_3x6Yqh,Leonel Mosevich,Instituto,Vélez Sarsfield,DEF,,,,,,,,SIN_EVENTO_SOFASCORE,SIN_EVENTO_SOFASCORE
m_0xmq9N,,2026-07-24,p_3lQo2d,Marcos Ledesma,Instituto,Vélez Sarsfield,ARQ,,,,,,,,SIN_EVENTO_SOFASCORE,SIN_EVENTO_SOFASCORE
m_0xmq9N,,2026-07-24,p_0s5hPU,Matías Gallardo,Instituto,Vélez Sarsfield,VOL,,,,,,,,SIN_EVENTO_SOFASCORE,SIN_EVENTO_SOFASCORE
m_4P8SSz,,2026-07-25,p_23S3AO,Augusto Schott,Talleres,Newell's Old Boys,DEF,,,,,,,,SIN_EVENTO_SOFASCORE,SIN_EVENTO_SOFASCORE
m_4P8SSz,,2026-07-25,p_2HsKZ1,Ezequiel Unsain,Talleres,Newell's Old Boys,ARQ,,,,,,,,SIN_EVENTO_SOFASCORE,SIN_EVENTO_SOFASCORE
m_4P8SSz,,2026-07-25,p_3mEDPS,Federico Fattori,Talleres,Newell's Old Boys,VOL,,,,,,,,SIN_EVENTO_SOFASCORE,SIN_EVENTO_SOFASCORE
m_4P8SSz,,2026-07-25,p_3weO8u,Franco Cristaldo,Talleres,Newell's Old Boys,VOL,,,,,,,,SIN_EVENTO_SOFASCORE,SIN_EVENTO_SOFASCORE
m_4P8SSz,,2026-07-25,p_2usscp,Gabriel Báez,Talleres,Newell's Old Boys,DEF,,,,,,,,SIN_EVENTO_SOFASCORE,SIN_EVENTO_SOFASCORE
m_4P8SSz,,2026-07-25,p_209otm,Giovanni Baroni,Talleres,Newell's Old Boys,VOL,,,,,,,,SIN_EVENTO_SOFASCORE,SIN_EVENTO_SOFASCORE
m_4P8SSz,,2026-07-25,p_0zKhoP,Matías Galarza,Talleres,Newell's Old Boys,VOL,,,,,,,,SIN_EVENTO_SOFASCORE,SIN_EVENTO_SOFASCORE
m_4P8SSz,,2026-07-25,p_3mV8zU,Román Riquelme,Talleres,Newell's Old Boys,DEF,,,,,,,,SIN_EVENTO_SOFASCORE,SIN_EVENTO_SOFASCORE
m_4P8SSz,,2026-07-25,p_0V59vw,Santiago Fernández,Talleres,Newell's Old Boys,DEF,,,,,,,,SIN_EVENTO_SOFASCORE,SIN_EVENTO_SOFASCORE
m_4P8SSz,,2026-07-25,p_4PWmyN,Timoteo Chamorro,Talleres,Newell's Old Boys,DEF,,,,,,,,SIN_EVENTO_SOFASCORE,SIN_EVENTO_SOFASCORE
m_4P8SSz,,2026-07-25,p_2nrS5l,Valentín Fascendini,Talleres,Newell's Old Boys,DEF,,,,,,,,SIN_EVENTO_SOFASCORE,SIN_EVENTO_SOFASCORE
m_3A4OqU,,2026-07-25,p_43YxGe,Brahian Cuello,Unión,Club Atlético Platense,VOL,,,,,,,,SIN_EVENTO_SOFASCORE,SIN_EVENTO_SOFASCORE
m_3A4OqU,,2026-07-25,p_2msaJ0,Bruno Pittón,Unión,Club Atlético Platense,DEF,,,,,,,,SIN_EVENTO_SOFASCORE,SIN_EVENTO_SOFASCORE
m_3A4OqU,,2026-07-25,p_0CHQCV,Emilio Giaccone,Unión,Club Atlético Platense,VOL,,,,,,,,SIN_EVENTO_SOFASCORE,SIN_EVENTO_SOFASCORE
m_3A4OqU,,2026-07-25,p_3c6pcI,Juan Pablo Ludueña,Unión,Club Atlético Platense,DEF,,,,,,,,SIN_EVENTO_SOFASCORE,SIN_EVENTO_SOFASCORE
m_3A4OqU,,2026-07-25,p_1h4yOi,Julián Palacios,Unión,Club Atlético Platense,VOL,,,,,,,,SIN_EVENTO_SOFASCORE,SIN_EVENTO_SOFASCORE
m_3A4OqU,,2026-07-25,p_1A84Jv,Lautaro Vargas,Unión,Club Atlético Platense,DEF,,,,,,,,SIN_EVENTO_SOFASCORE,SIN_EVENTO_SOFASCORE
m_3A4OqU,,2026-07-25,p_2P4QLN,Lucas Ayala,Unión,Club Atlético Platense,DEF,,,,,,,,SIN_EVENTO_SOFASCORE,SIN_EVENTO_SOFASCORE
m_3A4OqU,,2026-07-25,p_0ZgxsX,Lucas Menossi,Unión,Club Atlético Platense,VOL,,,,,,,,SIN_EVENTO_SOFASCORE,SIN_EVENTO_SOFASCORE
m_3A4OqU,,2026-07-25,p_3rkznN,Mateo Peresutti,Unión,Club Atlético Platense,VOL,,,,,,,,SIN_EVENTO_SOFASCORE,SIN_EVENTO_SOFASCORE
m_3A4OqU,,2026-07-25,p_0yyPLQ,Matías Mansilla,Unión,Club Atlético Platense,ARQ,,,,,,,,SIN_EVENTO_SOFASCORE,SIN_EVENTO_SOFASCORE
m_3A4OqU,,2026-07-25,p_11jmli,Misael Aguirre,Unión,Club Atlético Platense,VOL,,,,,,,,SIN_EVENTO_SOFASCORE,SIN_EVENTO_SOFASCORE
m_3A4OqU,,2026-07-25,p_0sXQtM,Santino Vera,Unión,Club Atlético Platense,VOL,,,,,,,,SIN_EVENTO_SOFASCORE,SIN_EVENTO_SOFASCORE
m_3A4OqU,,2026-07-25,p_2fE7Zw,Tomas Fagioli,Unión,Club Atlético Platense,DEF,,,,,,,,SIN_EVENTO_SOFASCORE,SIN_EVENTO_SOFASCORE
m_0smnBS,,2026-07-26,p_4FAIfZ,Alexis Castro,Estudiantes,Independiente,VOL,,,,,,,,SIN_EVENTO_SOFASCORE,SIN_EVENTO_SOFASCORE
m_0smnBS,,2026-07-26,p_3NKnXO,Brian Aguirre,Estudiantes,Independiente,VOL,,,,,,,,SIN_EVENTO_SOFASCORE,SIN_EVENTO_SOFASCORE
m_0smnBS,,2026-07-26,p_1SE1Bg,Edwuin Cetré,Estudiantes,Independiente,DEL,,,,,,,,SIN_EVENTO_SOFASCORE,SIN_EVENTO_SOFASCORE
m_0smnBS,,2026-07-26,p_2DQVsu,Eric Meza,Estudiantes,Independiente,DEF,,,,,,,,SIN_EVENTO_SOFASCORE,SIN_EVENTO_SOFASCORE
m_0smnBS,,2026-07-26,p_4drKzY,Ezequiel Piovi,Estudiantes,Independiente,VOL,,,,,,,,SIN_EVENTO_SOFASCORE,SIN_EVENTO_SOFASCORE
m_0smnBS,,2026-07-26,p_0UPCHl,Fabricio Pérez,Estudiantes,Independiente,VOL,,,,,,,,SIN_EVENTO_SOFASCORE,SIN_EVENTO_SOFASCORE
m_0smnBS,,2026-07-26,p_43Wo3u,Fernando Muslera,Estudiantes,Independiente,ARQ,,,,,,,,SIN_EVENTO_SOFASCORE,SIN_EVENTO_SOFASCORE
m_0smnBS,,2026-07-26,p_3BQAaS,Guido Carrillo,Estudiantes,Independiente,DEL,,,,,,,,SIN_EVENTO_SOFASCORE,SIN_EVENTO_SOFASCORE
m_0smnBS,,2026-07-26,p_0mUgM6,Joaquín Tobio Burgos,Estudiantes,Independiente,DEL,,,,,,,,SIN_EVENTO_SOFASCORE,SIN_EVENTO_SOFASCORE
m_0smnBS,,2026-07-26,p_3j26Fw,José Sosa,Estudiantes,Independiente,VOL,,,,,,,,SIN_EVENTO_SOFASCORE,SIN_EVENTO_SOFASCORE
m_0smnBS,,2026-07-26,p_0dtSF3,Lucas Alario,Estudiantes,Independiente,DEL,,,,,,,,SIN_EVENTO_SOFASCORE,SIN_EVENTO_SOFASCORE
m_0smnBS,,2026-07-26,p_0TKEkA,Mikel Amondarain,Estudiantes,Independiente,VOL,,,,,,,,SIN_EVENTO_SOFASCORE,SIN_EVENTO_SOFASCORE
m_0smnBS,,2026-07-26,p_3zPSfN,Ramiro Funes Mori,Estudiantes,Independiente,DEF,,,,,,,,SIN_EVENTO_SOFASCORE,SIN_EVENTO_SOFASCORE
m_0smnBS,,2026-07-26,p_2ffBRo,Santiago Núñez,Estudiantes,Independiente,DEF,,,,,,,,SIN_EVENTO_SOFASCORE,SIN_EVENTO_SOFASCORE
m_0smnBS,,2026-07-26,p_3UfnVk,Tiago Palacios,Estudiantes,Independiente,VOL,,,,,,,,SIN_EVENTO_SOFASCORE,SIN_EVENTO_SOFASCORE
m_0smnBS,,2026-07-26,p_1TPSrY,Tomás Palacios,Estudiantes,Independiente,DEF,,,,,,,,SIN_EVENTO_SOFASCORE,SIN_EVENTO_SOFASCORE
m_0smnBS,,2026-07-26,p_4QT6ls,David Martínez,Independiente,Estudiantes,VOL,,,,,,,,SIN_EVENTO_SOFASCORE,SIN_EVENTO_SOFASCORE
m_0smnBS,,2026-07-26,p_2ralsZ,Facundo Zabala,Independiente,Estudiantes,DEF,,,,,,,,SIN_EVENTO_SOFASCORE,SIN_EVENTO_SOFASCORE
m_0smnBS,,2026-07-26,p_44fmOo,Gabriel Ávalos,Independiente,Estudiantes,DEL,,,,,,,,SIN_EVENTO_SOFASCORE,SIN_EVENTO_SOFASCORE
m_0smnBS,,2026-07-26,p_477cm1,Iván Marcone,Independiente,Estudiantes,VOL,,,,,,,,SIN_EVENTO_SOFASCORE,SIN_EVENTO_SOFASCORE
m_0smnBS,,2026-07-26,p_1HqLta,Juan Fedorco,Independiente,Estudiantes,DEF,,,,,,,,SIN_EVENTO_SOFASCORE,SIN_EVENTO_SOFASCORE
m_0smnBS,,2026-07-26,p_3zzhTk,Kevin Lomónaco,Independiente,Estudiantes,DEF,,,,,,,,SIN_EVENTO_SOFASCORE,SIN_EVENTO_SOFASCORE
m_0smnBS,,2026-07-26,p_2Y5BPH,Leonardo Godoy,Independiente,Estudiantes,DEF,,,,,,,,SIN_EVENTO_SOFASCORE,SIN_EVENTO_SOFASCORE
m_0smnBS,,2026-07-26,p_4eK1TZ,Mateo Pérez Curci,Independiente,Estudiantes,VOL,,,,,,,,SIN_EVENTO_SOFASCORE,SIN_EVENTO_SOFASCORE
m_0smnBS,,2026-07-26,p_2l6eDm,Matías Abaldo,Independiente,Estudiantes,DEL,,,,,,,,SIN_EVENTO_SOFASCORE,SIN_EVENTO_SOFASCORE
m_0smnBS,,2026-07-26,p_3neIIb,Maximiliano Gutiérrez,Independiente,Estudiantes,DEL,,,,,,,,SIN_EVENTO_SOFASCORE,SIN_EVENTO_SOFASCORE
m_0smnBS,,2026-07-26,p_2BSeTF,Maximiliano Meza,Independiente,Estudiantes,VOL,,,,,,,,SIN_EVENTO_SOFASCORE,SIN_EVENTO_SOFASCORE
m_0smnBS,,2026-07-26,p_3KLwFI,Rodrigo Rey,Independiente,Estudiantes,ARQ,,,,,,,,SIN_EVENTO_SOFASCORE,SIN_EVENTO_SOFASCORE
m_0smnBS,,2026-07-26,p_4RoV0i,Santiago Arias,Independiente,Estudiantes,DEF,,,,,,,,SIN_EVENTO_SOFASCORE,SIN_EVENTO_SOFASCORE
m_0smnBS,,2026-07-26,p_2c9Jkj,Santiago Gabriel Montiel,Independiente,Estudiantes,VOL,,,,,,,,SIN_EVENTO_SOFASCORE,SIN_EVENTO_SOFASCORE
m_0smnBS,,2026-07-26,p_4UoYBc,Sebastián Valdéz,Independiente,Estudiantes,DEF,,,,,,,,SIN_EVENTO_SOFASCORE,SIN_EVENTO_SOFASCORE
m_1aviF3,,2026-07-26,p_3xub3o,Agustín Cardozo,Lanús,San Lorenzo,VOL,,,,,,,,SIN_EVENTO_SOFASCORE,SIN_EVENTO_SOFASCORE
m_1aviF3,,2026-07-26,p_3dgI1a,Agustín Medina,Lanús,San Lorenzo,VOL,,,,,,,,SIN_EVENTO_SOFASCORE,SIN_EVENTO_SOFASCORE
m_1aviF3,,2026-07-26,p_1Dr7TL,Eduardo Salvio,Lanús,San Lorenzo,VOL,,,,,,,,SIN_EVENTO_SOFASCORE,SIN_EVENTO_SOFASCORE
m_1aviF3,,2026-07-26,p_4NdBtx,Felipe Peña Biafore,Lanús,San Lorenzo,VOL,,,,,,,,SIN_EVENTO_SOFASCORE,SIN_EVENTO_SOFASCORE
m_1aviF3,,2026-07-26,p_45uQz6,Franco Watson,Lanús,San Lorenzo,VOL,,,,,,,,SIN_EVENTO_SOFASCORE,SIN_EVENTO_SOFASCORE
m_1aviF3,,2026-07-26,p_1va0ir,Gonzalo Pérez,Lanús,San Lorenzo,DEF,,,,,,,,SIN_EVENTO_SOFASCORE,SIN_EVENTO_SOFASCORE
m_1aviF3,,2026-07-26,p_2YLj3q,José Canale,Lanús,San Lorenzo,DEF,,,,,,,,SIN_EVENTO_SOFASCORE,SIN_EVENTO_SOFASCORE
m_1aviF3,,2026-07-26,p_0MwF8F,Lucas Besozzi,Lanús,San Lorenzo,VOL,,,,,,,,SIN_EVENTO_SOFASCORE,SIN_EVENTO_SOFASCORE
m_1aviF3,,2026-07-26,p_1R1UR4,Matías Sepúlveda,Lanús,San Lorenzo,VOL,,,,,,,,SIN_EVENTO_SOFASCORE,SIN_EVENTO_SOFASCORE
m_1aviF3,,2026-07-26,p_4W6aiW,Nahuel Losada,Lanús,San Lorenzo,ARQ,,,,,,,,SIN_EVENTO_SOFASCORE,SIN_EVENTO_SOFASCORE
m_1aviF3,,2026-07-26,p_3bNsap,Ramiro Carrera,Lanús,San Lorenzo,VOL,,,,,,,,SIN_EVENTO_SOFASCORE,SIN_EVENTO_SOFASCORE
m_1aviF3,,2026-07-26,p_37cT31,Ronaldo Dejesús,Lanús,San Lorenzo,DEF,,,,,,,,SIN_EVENTO_SOFASCORE,SIN_EVENTO_SOFASCORE
m_1aviF3,,2026-07-26,p_0YK7Rt,Sasha Marcich,Lanús,San Lorenzo,DEF,,,,,,,,SIN_EVENTO_SOFASCORE,SIN_EVENTO_SOFASCORE
m_0SpGk1,,2026-07-28,p_3foBen,César Rigamonti,Gimnasia Mendoza,San Lorenzo,ARQ,,,,,,,,SIN_EVENTO_SOFASCORE,SIN_EVENTO_SOFASCORE
m_0SpGk1,,2026-07-28,p_4LMFQ0,Diego Mondino,Gimnasia Mendoza,San Lorenzo,DEF,,,,,,,,SIN_EVENTO_SOFASCORE,SIN_EVENTO_SOFASCORE
m_0SpGk1,,2026-07-28,p_1Iyu97,Esteban Fernández,Gimnasia Mendoza,San Lorenzo,VOL,,,,,,,,SIN_EVENTO_SOFASCORE,SIN_EVENTO_SOFASCORE
m_0SpGk1,,2026-07-28,p_2UZfm9,Ezequiel Muñoz,Gimnasia Mendoza,San Lorenzo,DEF,,,,,,,,SIN_EVENTO_SOFASCORE,SIN_EVENTO_SOFASCORE
m_0SpGk1,,2026-07-28,p_2ykUpy,Facundo Lencioni,Gimnasia Mendoza,San Lorenzo,VOL,,,,,,,,SIN_EVENTO_SOFASCORE,SIN_EVENTO_SOFASCORE
m_0SpGk1,,2026-07-28,p_1iogLn,Fermín Antonini,Gimnasia Mendoza,San Lorenzo,VOL,,,,,,,,SIN_EVENTO_SOFASCORE,SIN_EVENTO_SOFASCORE
m_0SpGk1,,2026-07-28,p_2twD0T,Juan Franco,Gimnasia Mendoza,San Lorenzo,DEF,,,,,,,,SIN_EVENTO_SOFASCORE,SIN_EVENTO_SOFASCORE
m_0SpGk1,,2026-07-28,p_40BXYc,Julián Ceballos,Gimnasia Mendoza,San Lorenzo,VOL,,,,,,,,SIN_EVENTO_SOFASCORE,SIN_EVENTO_SOFASCORE
m_0SpGk1,,2026-07-28,p_1HKdTo,Lautaro Carrera,Gimnasia Mendoza,San Lorenzo,DEF,,,,,,,,SIN_EVENTO_SOFASCORE,SIN_EVENTO_SOFASCORE
m_0SpGk1,,2026-07-28,p_1oAIvS,Matías Recalde,Gimnasia Mendoza,San Lorenzo,DEF,,,,,,,,SIN_EVENTO_SOFASCORE,SIN_EVENTO_SOFASCORE
m_0SpGk1,,2026-07-28,p_0ybyPC,Ulises Sánchez,Gimnasia Mendoza,San Lorenzo,VOL,,,,,,,,SIN_EVENTO_SOFASCORE,SIN_EVENTO_SOFASCORE
m_19jhYQ,,2026-07-29,p_1bUOsk,Alexis Steimbach,Gimnasia LP,River Plate,DEF,,,,,,,,SIN_EVENTO_SOFASCORE,SIN_EVENTO_SOFASCORE
m_19jhYQ,,2026-07-29,p_0AsvjF,Augusto Max,Gimnasia LP,River Plate,VOL,,,,,,,,SIN_EVENTO_SOFASCORE,SIN_EVENTO_SOFASCORE
m_19jhYQ,,2026-07-29,p_0xdX07,Bautista Barros Schelotto,Gimnasia LP,River Plate,DEF,,,,,,,,SIN_EVENTO_SOFASCORE,SIN_EVENTO_SOFASCORE
m_19jhYQ,,2026-07-29,p_40ubcR,Enzo Martínez,Gimnasia LP,River Plate,DEF,,,,,,,,SIN_EVENTO_SOFASCORE,SIN_EVENTO_SOFASCORE
m_19jhYQ,,2026-07-29,p_15wJtA,Ignacio Fernández,Gimnasia LP,River Plate,VOL,,,,,,,,SIN_EVENTO_SOFASCORE,SIN_EVENTO_SOFASCORE
m_19jhYQ,,2026-07-29,p_2PDOYX,Ignacio Miramón,Gimnasia LP,River Plate,VOL,,,,,,,,SIN_EVENTO_SOFASCORE,SIN_EVENTO_SOFASCORE
m_19jhYQ,,2026-07-29,p_1zT5yZ,Juan Cortazzo,Gimnasia LP,River Plate,DEF,,,,,,,,SIN_EVENTO_SOFASCORE,SIN_EVENTO_SOFASCORE
m_19jhYQ,,2026-07-29,p_21agZ1,Mateo Seoane,Gimnasia LP,River Plate,VOL,,,,,,,,SIN_EVENTO_SOFASCORE,SIN_EVENTO_SOFASCORE
m_19jhYQ,,2026-07-29,p_1CvIxl,Nelson Insfrán,Gimnasia LP,River Plate,ARQ,,,,,,,,SIN_EVENTO_SOFASCORE,SIN_EVENTO_SOFASCORE
m_19jhYQ,,2026-07-29,p_0naJM3,Nicolás Barros Schelotto,Gimnasia LP,River Plate,VOL,,,,,,,,SIN_EVENTO_SOFASCORE,SIN_EVENTO_SOFASCORE
m_19jhYQ,,2026-07-29,p_2ZvpgZ,Pedro Silva Torrejón,Gimnasia LP,River Plate,DEF,,,,,,,,SIN_EVENTO_SOFASCORE,SIN_EVENTO_SOFASCORE
m_19jhYQ,,2026-07-29,p_0URNSN,Renzo Giampaoli,Gimnasia LP,River Plate,DEF,,,,,,,,SIN_EVENTO_SOFASCORE,SIN_EVENTO_SOFASCORE
m_1WfN4f,,2026-07-30,p_39c8jY,Diego Sosa,Instituto,Club Atlético Platense,DEF,,,,,,,,SIN_EVENTO_SOFASCORE,SIN_EVENTO_SOFASCORE
m_1WfN4f,,2026-07-30,p_1qCu0J,Fernando Alarcón,Instituto,Club Atlético Platense,DEF,,,,,,,,SIN_EVENTO_SOFASCORE,SIN_EVENTO_SOFASCORE
m_1WfN4f,,2026-07-30,p_3I0XnJ,Giuliano Cerato,Instituto,Club Atlético Platense,VOL,,,,,,,,SIN_EVENTO_SOFASCORE,SIN_EVENTO_SOFASCORE
m_1WfN4f,,2026-07-30,p_287xJj,Gustavo Abregú,Instituto,Club Atlético Platense,VOL,,,,,,,,SIN_EVENTO_SOFASCORE,SIN_EVENTO_SOFASCORE
m_1WfN4f,,2026-07-30,p_28dMyW,Jeremías Lázaro,Instituto,Club Atlético Platense,VOL,,,,,,,,SIN_EVENTO_SOFASCORE,SIN_EVENTO_SOFASCORE
m_1WfN4f,,2026-07-30,p_2AQDyY,Jhon Córdoba,Instituto,Club Atlético Platense,VOL,,,,,,,,SIN_EVENTO_SOFASCORE,SIN_EVENTO_SOFASCORE
m_1WfN4f,,2026-07-30,p_1xKto7,Jonathan Galván,Instituto,Club Atlético Platense,DEF,,,,,,,,SIN_EVENTO_SOFASCORE,SIN_EVENTO_SOFASCORE
m_1WfN4f,,2026-07-30,p_3x6Yqh,Leonel Mosevich,Instituto,Club Atlético Platense,DEF,,,,,,,,SIN_EVENTO_SOFASCORE,SIN_EVENTO_SOFASCORE
m_1WfN4f,,2026-07-30,p_3lQo2d,Marcos Ledesma,Instituto,Club Atlético Platense,ARQ,,,,,,,,SIN_EVENTO_SOFASCORE,SIN_EVENTO_SOFASCORE
m_1WfN4f,,2026-07-30,p_0s5hPU,Matías Gallardo,Instituto,Club Atlético Platense,VOL,,,,,,,,SIN_EVENTO_SOFASCORE,SIN_EVENTO_SOFASCORE
m_0OoV9x,,2026-07-30,p_3WvG1h,Alex Vigo,Talleres,Vélez Sarsfield,DEF,,,,,,,,SIN_EVENTO_SOFASCORE,SIN_EVENTO_SOFASCORE
m_0OoV9x,,2026-07-30,p_23S3AO,Augusto Schott,Talleres,Vélez Sarsfield,DEF,,,,,,,,SIN_EVENTO_SOFASCORE,SIN_EVENTO_SOFASCORE
m_0OoV9x,,2026-07-30,p_2HsKZ1,Ezequiel Unsain,Talleres,Vélez Sarsfield,ARQ,,,,,,,,SIN_EVENTO_SOFASCORE,SIN_EVENTO_SOFASCORE
m_0OoV9x,,2026-07-30,p_3mEDPS,Federico Fattori,Talleres,Vélez Sarsfield,VOL,,,,,,,,SIN_EVENTO_SOFASCORE,SIN_EVENTO_SOFASCORE
m_0OoV9x,,2026-07-30,p_3weO8u,Franco Cristaldo,Talleres,Vélez Sarsfield,VOL,,,,,,,,SIN_EVENTO_SOFASCORE,SIN_EVENTO_SOFASCORE
m_0OoV9x,,2026-07-30,p_2usscp,Gabriel Báez,Talleres,Vélez Sarsfield,DEF,,,,,,,,SIN_EVENTO_SOFASCORE,SIN_EVENTO_SOFASCORE
m_0OoV9x,,2026-07-30,p_0zKhoP,Matías Galarza,Talleres,Vélez Sarsfield,VOL,,,,,,,,SIN_EVENTO_SOFASCORE,SIN_EVENTO_SOFASCORE
m_0OoV9x,,2026-07-30,p_0V59vw,Santiago Fernández,Talleres,Vélez Sarsfield,DEF,,,,,,,,SIN_EVENTO_SOFASCORE,SIN_EVENTO_SOFASCORE
m_0OoV9x,,2026-07-30,p_4PWmyN,Timoteo Chamorro,Talleres,Vélez Sarsfield,DEF,,,,,,,,SIN_EVENTO_SOFASCORE,SIN_EVENTO_SOFASCORE
m_0OoV9x,,2026-07-30,p_2nrS5l,Valentín Fascendini,Talleres,Vélez Sarsfield,DEF,,,,,,,,SIN_EVENTO_SOFASCORE,SIN_EVENTO_SOFASCORE
m_4Qe3bh,,2026-07-31,p_2StpFV,Alejandro Maciel,Central Córdoba de Santiago,Atlético Tucumán,DEF,,,,,,,,SIN_EVENTO_SOFASCORE,SIN_EVENTO_SOFASCORE
m_4Qe3bh,,2026-07-31,p_0ciPTe,Diego Barrera,Central Córdoba de Santiago,Atlético Tucumán,VOL,,,,,,,,SIN_EVENTO_SOFASCORE,SIN_EVENTO_SOFASCORE
m_4Qe3bh,,2026-07-31,p_1KfXQ1,Facundo Mansilla Zahir,Central Córdoba de Santiago,Atlético Tucumán,DEF,,,,,,,,SIN_EVENTO_SOFASCORE,SIN_EVENTO_SOFASCORE
m_4Qe3bh,,2026-07-31,p_1Xc1ly,Federico Rodríguez,Central Córdoba de Santiago,Atlético Tucumán,VOL,,,,,,,,SIN_EVENTO_SOFASCORE,SIN_EVENTO_SOFASCORE
m_4Qe3bh,,2026-07-31,p_1K6Fr9,Fernando Martínez,Central Córdoba de Santiago,Atlético Tucumán,DEF,,,,,,,,SIN_EVENTO_SOFASCORE,SIN_EVENTO_SOFASCORE
m_4Qe3bh,,2026-07-31,p_444jRY,Horacio Tijanovich,Central Córdoba de Santiago,Atlético Tucumán,VOL,,,,,,,,SIN_EVENTO_SOFASCORE,SIN_EVENTO_SOFASCORE
m_4Qe3bh,,2026-07-31,p_3lI7ex,Javier Vallejos,Central Córdoba de Santiago,Atlético Tucumán,DEF,,,,,,,,SIN_EVENTO_SOFASCORE,SIN_EVENTO_SOFASCORE
m_4Qe3bh,,2026-07-31,p_3DBOMn,José Gómez,Central Córdoba de Santiago,Atlético Tucumán,DEF,,,,,,,,SIN_EVENTO_SOFASCORE,SIN_EVENTO_SOFASCORE
m_4Qe3bh,,2026-07-31,p_0veUmD,Lucas González,Central Córdoba de Santiago,Atlético Tucumán,VOL,,,,,,,,SIN_EVENTO_SOFASCORE,SIN_EVENTO_SOFASCORE
m_4Qe3bh,,2026-07-31,p_2nfEM8,Marco Iacobellis,Central Córdoba de Santiago,Atlético Tucumán,VOL,,,,,,,,SIN_EVENTO_SOFASCORE,SIN_EVENTO_SOFASCORE
m_4Qe3bh,,2026-07-31,p_3XD5Nu,Matías Vera,Central Córdoba de Santiago,Atlético Tucumán,VOL,,,,,,,,SIN_EVENTO_SOFASCORE,SIN_EVENTO_SOFASCORE
m_4Qe3bh,,2026-07-31,p_3cMYiv,Santiago Moyano,Central Córdoba de Santiago,Atlético Tucumán,DEF,,,,,,,,SIN_EVENTO_SOFASCORE,SIN_EVENTO_SOFASCORE
m_4Qe3bh,,2026-07-31,p_0VScM6,Tiago Cravero,Central Córdoba de Santiago,Atlético Tucumán,VOL,,,,,,,,SIN_EVENTO_SOFASCORE,SIN_EVENTO_SOFASCORE
m_2tup6z,,2026-07-31,p_4QT6ls,David Martínez,Independiente,Newell's Old Boys,VOL,,,,,,,,SIN_EVENTO_SOFASCORE,SIN_EVENTO_SOFASCORE
m_2tup6z,,2026-07-31,p_2ralsZ,Facundo Zabala,Independiente,Newell's Old Boys,DEF,,,,,,,,SIN_EVENTO_SOFASCORE,SIN_EVENTO_SOFASCORE
m_2tup6z,,2026-07-31,p_477cm1,Iván Marcone,Independiente,Newell's Old Boys,VOL,,,,,,,,SIN_EVENTO_SOFASCORE,SIN_EVENTO_SOFASCORE
m_2tup6z,,2026-07-31,p_1HqLta,Juan Fedorco,Independiente,Newell's Old Boys,DEF,,,,,,,,SIN_EVENTO_SOFASCORE,SIN_EVENTO_SOFASCORE
m_2tup6z,,2026-07-31,p_3zzhTk,Kevin Lomónaco,Independiente,Newell's Old Boys,DEF,,,,,,,,SIN_EVENTO_SOFASCORE,SIN_EVENTO_SOFASCORE
m_2tup6z,,2026-07-31,p_2Y5BPH,Leonardo Godoy,Independiente,Newell's Old Boys,DEF,,,,,,,,SIN_EVENTO_SOFASCORE,SIN_EVENTO_SOFASCORE
m_2tup6z,,2026-07-31,p_1vDFZe,Luciano Cabral,Independiente,Newell's Old Boys,VOL,,,,,,,,SIN_EVENTO_SOFASCORE,SIN_EVENTO_SOFASCORE
m_2tup6z,,2026-07-31,p_4eK1TZ,Mateo Pérez Curci,Independiente,Newell's Old Boys,VOL,,,,,,,,SIN_EVENTO_SOFASCORE,SIN_EVENTO_SOFASCORE
m_2tup6z,,2026-07-31,p_2BSeTF,Maximiliano Meza,Independiente,Newell's Old Boys,VOL,,,,,,,,SIN_EVENTO_SOFASCORE,SIN_EVENTO_SOFASCORE
m_2tup6z,,2026-07-31,p_3KLwFI,Rodrigo Rey,Independiente,Newell's Old Boys,ARQ,,,,,,,,SIN_EVENTO_SOFASCORE,SIN_EVENTO_SOFASCORE
m_2tup6z,,2026-07-31,p_4RoV0i,Santiago Arias,Independiente,Newell's Old Boys,DEF,,,,,,,,SIN_EVENTO_SOFASCORE,SIN_EVENTO_SOFASCORE
m_2tup6z,,2026-07-31,p_2c9Jkj,Santiago Gabriel Montiel,Independiente,Newell's Old Boys,VOL,,,,,,,,SIN_EVENTO_SOFASCORE,SIN_EVENTO_SOFASCORE
m_2tup6z,,2026-07-31,p_4UoYBc,Sebastián Valdéz,Independiente,Newell's Old Boys,DEF,,,,,,,,SIN_EVENTO_SOFASCORE,SIN_EVENTO_SOFASCORE
m_1cKmol,,2026-08-01,p_4Mszzs,Adrián Spörle,Belgrano,Argentinos Juniors,DEF,,,,,,,,SIN_EVENTO_SOFASCORE,SIN_EVENTO_SOFASCORE
m_1cKmol,,2026-08-01,p_43D8up,Adrián Sánchez,Belgrano,Argentinos Juniors,VOL,,,,,,,,SIN_EVENTO_SOFASCORE,SIN_EVENTO_SOFASCORE
m_1cKmol,,2026-08-01,p_1EMq3A,Alcides Benítez,Belgrano,Argentinos Juniors,DEF,,,,,,,,SIN_EVENTO_SOFASCORE,SIN_EVENTO_SOFASCORE
m_1cKmol,,2026-08-01,p_28SEJq,Alexis Maldonado,Belgrano,Argentinos Juniors,DEF,,,,,,,,SIN_EVENTO_SOFASCORE,SIN_EVENTO_SOFASCORE
m_1cKmol,,2026-08-01,p_49U5oJ,Emiliano Ariel Rigoni,Belgrano,Argentinos Juniors,VOL,,,,,,,,SIN_EVENTO_SOFASCORE,SIN_EVENTO_SOFASCORE
m_1cKmol,,2026-08-01,p_4g8d1N,Franco Vázquez,Belgrano,Argentinos Juniors,VOL,,,,,,,,SIN_EVENTO_SOFASCORE,SIN_EVENTO_SOFASCORE
m_1cKmol,,2026-08-01,p_1lrNAx,Lautaro Gutierrez,Belgrano,Argentinos Juniors,VOL,,,,,,,,SIN_EVENTO_SOFASCORE,SIN_EVENTO_SOFASCORE
m_1cKmol,,2026-08-01,p_3u6zLG,Leonardo Morales,Belgrano,Argentinos Juniors,DEF,,,,,,,,SIN_EVENTO_SOFASCORE,SIN_EVENTO_SOFASCORE
m_1cKmol,,2026-08-01,p_1x6fIA,Lisandro López,Belgrano,Argentinos Juniors,DEF,,,,,,,,SIN_EVENTO_SOFASCORE,SIN_EVENTO_SOFASCORE
m_1cKmol,,2026-08-01,p_3v2tAE,Lucas Zelarayán,Belgrano,Argentinos Juniors,VOL,,,,,,,,SIN_EVENTO_SOFASCORE,SIN_EVENTO_SOFASCORE
m_1cKmol,,2026-08-01,p_0FN6nM,Ramiro Hernandes,Belgrano,Argentinos Juniors,VOL,,,,,,,,SIN_EVENTO_SOFASCORE,SIN_EVENTO_SOFASCORE
m_1cKmol,,2026-08-01,p_2PNnZ9,Santiago Longo,Belgrano,Argentinos Juniors,VOL,,,,,,,,SIN_EVENTO_SOFASCORE,SIN_EVENTO_SOFASCORE
m_1cKmol,,2026-08-01,p_0ujJJG,Thiago Cardozo,Belgrano,Argentinos Juniors,ARQ,,,,,,,,SIN_EVENTO_SOFASCORE,SIN_EVENTO_SOFASCORE
m_2xdOyu,,2026-08-01,p_4FAIfZ,Alexis Castro,Estudiantes,Defensa y Justicia,VOL,,,,,,,,SIN_EVENTO_SOFASCORE,SIN_EVENTO_SOFASCORE
m_2xdOyu,,2026-08-01,p_3NKnXO,Brian Aguirre,Estudiantes,Defensa y Justicia,VOL,,,,,,,,SIN_EVENTO_SOFASCORE,SIN_EVENTO_SOFASCORE
m_2xdOyu,,2026-08-01,p_2DQVsu,Eric Meza,Estudiantes,Defensa y Justicia,DEF,,,,,,,,SIN_EVENTO_SOFASCORE,SIN_EVENTO_SOFASCORE
m_2xdOyu,,2026-08-01,p_4drKzY,Ezequiel Piovi,Estudiantes,Defensa y Justicia,VOL,,,,,,,,SIN_EVENTO_SOFASCORE,SIN_EVENTO_SOFASCORE
m_2xdOyu,,2026-08-01,p_0UPCHl,Fabricio Pérez,Estudiantes,Defensa y Justicia,VOL,,,,,,,,SIN_EVENTO_SOFASCORE,SIN_EVENTO_SOFASCORE
m_2xdOyu,,2026-08-01,p_43Wo3u,Fernando Muslera,Estudiantes,Defensa y Justicia,ARQ,,,,,,,,SIN_EVENTO_SOFASCORE,SIN_EVENTO_SOFASCORE
m_2xdOyu,,2026-08-01,p_1E7ljC,Gabriel Neves,Estudiantes,Defensa y Justicia,VOL,,,,,,,,SIN_EVENTO_SOFASCORE,SIN_EVENTO_SOFASCORE
m_2xdOyu,,2026-08-01,p_4LoI3o,Gastón Benedetti,Estudiantes,Defensa y Justicia,DEF,,,,,,,,SIN_EVENTO_SOFASCORE,SIN_EVENTO_SOFASCORE
m_2xdOyu,,2026-08-01,p_3j26Fw,José Sosa,Estudiantes,Defensa y Justicia,VOL,,,,,,,,SIN_EVENTO_SOFASCORE,SIN_EVENTO_SOFASCORE
m_2xdOyu,,2026-08-01,p_3zPSfN,Ramiro Funes Mori,Estudiantes,Defensa y Justicia,DEF,,,,,,,,SIN_EVENTO_SOFASCORE,SIN_EVENTO_SOFASCORE
m_2xdOyu,,2026-08-01,p_2ffBRo,Santiago Núñez,Estudiantes,Defensa y Justicia,DEF,,,,,,,,SIN_EVENTO_SOFASCORE,SIN_EVENTO_SOFASCORE
m_2xdOyu,,2026-08-01,p_3UfnVk,Tiago Palacios,Estudiantes,Defensa y Justicia,VOL,,,,,,,,SIN_EVENTO_SOFASCORE,SIN_EVENTO_SOFASCORE
m_2xdOyu,,2026-08-01,p_1TPSrY,Tomás Palacios,Estudiantes,Defensa y Justicia,DEF,,,,,,,,SIN_EVENTO_SOFASCORE,SIN_EVENTO_SOFASCORE
m_2WYe7B,,2026-08-01,p_1mCr0i,Agustín Módica,Gimnasia Mendoza,Unión,DEL,,,,,,,,SIN_EVENTO_SOFASCORE,SIN_EVENTO_SOFASCORE
m_2WYe7B,,2026-08-01,p_3foBen,César Rigamonti,Gimnasia Mendoza,Unión,ARQ,,,,,,,,SIN_EVENTO_SOFASCORE,SIN_EVENTO_SOFASCORE
m_2WYe7B,,2026-08-01,p_1Iyu97,Esteban Fernández,Gimnasia Mendoza,Unión,VOL,,,,,,,,SIN_EVENTO_SOFASCORE,SIN_EVENTO_SOFASCORE
m_2WYe7B,,2026-08-01,p_2UZfm9,Ezequiel Muñoz,Gimnasia Mendoza,Unión,DEF,,,,,,,,SIN_EVENTO_SOFASCORE,SIN_EVENTO_SOFASCORE
m_2WYe7B,,2026-08-01,p_2ykUpy,Facundo Lencioni,Gimnasia Mendoza,Unión,VOL,,,,,,,,SIN_EVENTO_SOFASCORE,SIN_EVENTO_SOFASCORE
m_2WYe7B,,2026-08-01,p_1iogLn,Fermín Antonini,Gimnasia Mendoza,Unión,VOL,,,,,,,,SIN_EVENTO_SOFASCORE,SIN_EVENTO_SOFASCORE
m_2WYe7B,,2026-08-01,p_2F6lf3,Germán Guiffrey,Gimnasia Mendoza,Unión,DEF,,,,,,,,SIN_EVENTO_SOFASCORE,SIN_EVENTO_SOFASCORE
m_2WYe7B,,2026-08-01,p_3oSsFv,Ignacio Sabatini,Gimnasia Mendoza,Unión,DEL,,,,,,,,SIN_EVENTO_SOFASCORE,SIN_EVENTO_SOFASCORE
m_2WYe7B,,2026-08-01,p_2twD0T,Juan Franco,Gimnasia Mendoza,Unión,DEF,,,,,,,,SIN_EVENTO_SOFASCORE,SIN_EVENTO_SOFASCORE
m_2WYe7B,,2026-08-01,p_40BXYc,Julián Ceballos,Gimnasia Mendoza,Unión,VOL,,,,,,,,SIN_EVENTO_SOFASCORE,SIN_EVENTO_SOFASCORE
m_2WYe7B,,2026-08-01,p_1HKdTo,Lautaro Carrera,Gimnasia Mendoza,Unión,DEF,,,,,,,,SIN_EVENTO_SOFASCORE,SIN_EVENTO_SOFASCORE
m_2WYe7B,,2026-08-01,p_4HrltX,Luciano Cingolani,Gimnasia Mendoza,Unión,DEL,,,,,,,,SIN_EVENTO_SOFASCORE,SIN_EVENTO_SOFASCORE
m_2WYe7B,,2026-08-01,p_3oqT7Z,Luciano Paredes,Gimnasia Mendoza,Unión,DEF,,,,,,,,SIN_EVENTO_SOFASCORE,SIN_EVENTO_SOFASCORE
m_2WYe7B,,2026-08-01,p_1oAIvS,Matías Recalde,Gimnasia Mendoza,Unión,DEF,,,,,,,,SIN_EVENTO_SOFASCORE,SIN_EVENTO_SOFASCORE
m_2WYe7B,,2026-08-01,p_2rHsQv,Nahuel Barboza,Gimnasia Mendoza,Unión,VOL,,,,,,,,SIN_EVENTO_SOFASCORE,SIN_EVENTO_SOFASCORE
m_2WYe7B,,2026-08-01,p_4WHbBz,Santiago Rodríguez,Gimnasia Mendoza,Unión,DEL,,,,,,,,SIN_EVENTO_SOFASCORE,SIN_EVENTO_SOFASCORE
m_2WYe7B,,2026-08-01,p_43YxGe,Brahian Cuello,Unión,Gimnasia Mendoza,VOL,,,,,,,,SIN_EVENTO_SOFASCORE,SIN_EVENTO_SOFASCORE
m_2WYe7B,,2026-08-01,p_2msaJ0,Bruno Pittón,Unión,Gimnasia Mendoza,DEF,,,,,,,,SIN_EVENTO_SOFASCORE,SIN_EVENTO_SOFASCORE
m_2WYe7B,,2026-08-01,p_3woyik,Cristian Alberto Tarragona,Unión,Gimnasia Mendoza,DEL,,,,,,,,SIN_EVENTO_SOFASCORE,SIN_EVENTO_SOFASCORE
m_2WYe7B,,2026-08-01,p_1NZkbt,Eric Ramírez,Unión,Gimnasia Mendoza,VOL,,,,,,,,SIN_EVENTO_SOFASCORE,SIN_EVENTO_SOFASCORE
m_2WYe7B,,2026-08-01,p_47bCwf,Ignacio Malcorra,Unión,Gimnasia Mendoza,VOL,,,,,,,,SIN_EVENTO_SOFASCORE,SIN_EVENTO_SOFASCORE
m_2WYe7B,,2026-08-01,p_3BCNLl,Joaquín Mosqueira,Unión,Gimnasia Mendoza,VOL,,,,,,,,SIN_EVENTO_SOFASCORE,SIN_EVENTO_SOFASCORE
m_2WYe7B,,2026-08-01,p_3c6pcI,Juan Pablo Ludueña,Unión,Gimnasia Mendoza,DEF,,,,,,,,SIN_EVENTO_SOFASCORE,SIN_EVENTO_SOFASCORE
m_2WYe7B,,2026-08-01,p_4P8OoY,Juan Pintado,Unión,Gimnasia Mendoza,DEF,,,,,,,,SIN_EVENTO_SOFASCORE,SIN_EVENTO_SOFASCORE
m_2WYe7B,,2026-08-01,p_1h4yOi,Julián Palacios,Unión,Gimnasia Mendoza,VOL,,,,,,,,SIN_EVENTO_SOFASCORE,SIN_EVENTO_SOFASCORE
m_2WYe7B,,2026-08-01,p_1A84Jv,Lautaro Vargas,Unión,Gimnasia Mendoza,DEF,,,,,,,,SIN_EVENTO_SOFASCORE,SIN_EVENTO_SOFASCORE
m_2WYe7B,,2026-08-01,p_2P4QLN,Lucas Ayala,Unión,Gimnasia Mendoza,DEF,,,,,,,,SIN_EVENTO_SOFASCORE,SIN_EVENTO_SOFASCORE
m_2WYe7B,,2026-08-01,p_0ZgxsX,Lucas Menossi,Unión,Gimnasia Mendoza,VOL,,,,,,,,SIN_EVENTO_SOFASCORE,SIN_EVENTO_SOFASCORE
m_2WYe7B,,2026-08-01,p_3ybBVT,Marcelo Estigarribia,Unión,Gimnasia Mendoza,DEL,,,,,,,,SIN_EVENTO_SOFASCORE,SIN_EVENTO_SOFASCORE
m_2WYe7B,,2026-08-01,p_0yyPLQ,Matías Mansilla,Unión,Gimnasia Mendoza,ARQ,,,,,,,,SIN_EVENTO_SOFASCORE,SIN_EVENTO_SOFASCORE
m_2WYe7B,,2026-08-01,p_11jmli,Misael Aguirre,Unión,Gimnasia Mendoza,VOL,,,,,,,,SIN_EVENTO_SOFASCORE,SIN_EVENTO_SOFASCORE
m_2WYe7B,,2026-08-01,p_2fE7Zw,Tomas Fagioli,Unión,Gimnasia Mendoza,DEF,,,,,,,,SIN_EVENTO_SOFASCORE,SIN_EVENTO_SOFASCORE
m_2GNnDW,,2026-08-02,p_1bUOsk,Alexis Steimbach,Gimnasia LP,Aldosivi,DEF,,,,,,,,SIN_EVENTO_SOFASCORE,SIN_EVENTO_SOFASCORE
m_2GNnDW,,2026-08-02,p_0AsvjF,Augusto Max,Gimnasia LP,Aldosivi,VOL,,,,,,,,SIN_EVENTO_SOFASCORE,SIN_EVENTO_SOFASCORE
m_2GNnDW,,2026-08-02,p_0xdX07,Bautista Barros Schelotto,Gimnasia LP,Aldosivi,DEF,,,,,,,,SIN_EVENTO_SOFASCORE,SIN_EVENTO_SOFASCORE
m_2GNnDW,,2026-08-02,p_40ubcR,Enzo Martínez,Gimnasia LP,Aldosivi,DEF,,,,,,,,SIN_EVENTO_SOFASCORE,SIN_EVENTO_SOFASCORE
m_2GNnDW,,2026-08-02,p_15wJtA,Ignacio Fernández,Gimnasia LP,Aldosivi,VOL,,,,,,,,SIN_EVENTO_SOFASCORE,SIN_EVENTO_SOFASCORE
m_2GNnDW,,2026-08-02,p_2PDOYX,Ignacio Miramón,Gimnasia LP,Aldosivi,VOL,,,,,,,,SIN_EVENTO_SOFASCORE,SIN_EVENTO_SOFASCORE
m_2GNnDW,,2026-08-02,p_1zT5yZ,Juan Cortazzo,Gimnasia LP,Aldosivi,DEF,,,,,,,,SIN_EVENTO_SOFASCORE,SIN_EVENTO_SOFASCORE
m_2GNnDW,,2026-08-02,p_1jWnXm,Lucas Lamella,Gimnasia LP,Aldosivi,DEF,,,,,,,,SIN_EVENTO_SOFASCORE,SIN_EVENTO_SOFASCORE
m_2GNnDW,,2026-08-02,p_21agZ1,Mateo Seoane,Gimnasia LP,Aldosivi,VOL,,,,,,,,SIN_EVENTO_SOFASCORE,SIN_EVENTO_SOFASCORE
m_2GNnDW,,2026-08-02,p_1CvIxl,Nelson Insfrán,Gimnasia LP,Aldosivi,ARQ,,,,,,,,SIN_EVENTO_SOFASCORE,SIN_EVENTO_SOFASCORE
m_2GNnDW,,2026-08-02,p_0naJM3,Nicolás Barros Schelotto,Gimnasia LP,Aldosivi,VOL,,,,,,,,SIN_EVENTO_SOFASCORE,SIN_EVENTO_SOFASCORE
m_2GNnDW,,2026-08-02,p_2ZvpgZ,Pedro Silva Torrejón,Gimnasia LP,Aldosivi,DEF,,,,,,,,SIN_EVENTO_SOFASCORE,SIN_EVENTO_SOFASCORE
m_2EBOtR,,2026-08-03,p_0kjymf,Agustín Massaccesi,Instituto,Lanús,DEF,,,,,,,,SIN_EVENTO_SOFASCORE,SIN_EVENTO_SOFASCORE
m_2EBOtR,,2026-08-03,p_0t17ZI,Alex Luna,Instituto,Lanús,DEL,,,,,,,,SIN_EVENTO_SOFASCORE,SIN_EVENTO_SOFASCORE
m_2EBOtR,,2026-08-03,p_39c8jY,Diego Sosa,Instituto,Lanús,DEF,,,,,,,,SIN_EVENTO_SOFASCORE,SIN_EVENTO_SOFASCORE
m_2EBOtR,,2026-08-03,p_1qCu0J,Fernando Alarcón,Instituto,Lanús,DEF,,,,,,,,SIN_EVENTO_SOFASCORE,SIN_EVENTO_SOFASCORE
m_2EBOtR,,2026-08-03,p_0afatN,Gastón Lodico,Instituto,Lanús,VOL,,,,,,,,SIN_EVENTO_SOFASCORE,SIN_EVENTO_SOFASCORE
m_2EBOtR,,2026-08-03,p_3I0XnJ,Giuliano Cerato,Instituto,Lanús,VOL,,,,,,,,SIN_EVENTO_SOFASCORE,SIN_EVENTO_SOFASCORE
m_2EBOtR,,2026-08-03,p_287xJj,Gustavo Abregú,Instituto,Lanús,VOL,,,,,,,,SIN_EVENTO_SOFASCORE,SIN_EVENTO_SOFASCORE
m_2EBOtR,,2026-08-03,p_28dMyW,Jeremías Lázaro,Instituto,Lanús,VOL,,,,,,,,SIN_EVENTO_SOFASCORE,SIN_EVENTO_SOFASCORE
m_2EBOtR,,2026-08-03,p_2AQDyY,Jhon Córdoba,Instituto,Lanús,VOL,,,,,,,,SIN_EVENTO_SOFASCORE,SIN_EVENTO_SOFASCORE
m_2EBOtR,,2026-08-03,p_1xKto7,Jonathan Galván,Instituto,Lanús,DEF,,,,,,,,SIN_EVENTO_SOFASCORE,SIN_EVENTO_SOFASCORE
m_2EBOtR,,2026-08-03,p_3x6Yqh,Leonel Mosevich,Instituto,Lanús,DEF,,,,,,,,SIN_EVENTO_SOFASCORE,SIN_EVENTO_SOFASCORE
m_2EBOtR,,2026-08-03,p_3lQo2d,Marcos Ledesma,Instituto,Lanús,ARQ,,,,,,,,SIN_EVENTO_SOFASCORE,SIN_EVENTO_SOFASCORE
m_2EBOtR,,2026-08-03,p_3PzK4u,Matías Fonseca,Instituto,Lanús,DEL,,,,,,,,SIN_EVENTO_SOFASCORE,SIN_EVENTO_SOFASCORE
m_2EBOtR,,2026-08-03,p_0s5hPU,Matías Gallardo,Instituto,Lanús,VOL,,,,,,,,SIN_EVENTO_SOFASCORE,SIN_EVENTO_SOFASCORE
m_2EBOtR,,2026-08-03,p_4Dwu6c,Matías Tissera,Instituto,Lanús,DEL,,,,,,,,SIN_EVENTO_SOFASCORE,SIN_EVENTO_SOFASCORE
m_2EBOtR,,2026-08-03,p_0Gnu2O,Nicolás Guerra,Instituto,Lanús,DEL,,,,,,,,SIN_EVENTO_SOFASCORE,SIN_EVENTO_SOFASCORE
m_2EBOtR,,2026-08-03,p_3xub3o,Agustín Cardozo,Lanús,Instituto,VOL,,,,,,,,SIN_EVENTO_SOFASCORE,SIN_EVENTO_SOFASCORE
m_2EBOtR,,2026-08-03,p_3dgI1a,Agustín Medina,Lanús,Instituto,VOL,,,,,,,,SIN_EVENTO_SOFASCORE,SIN_EVENTO_SOFASCORE
m_2EBOtR,,2026-08-03,p_0nbgqX,Allan Wlk,Lanús,Instituto,DEL,,,,,,,,SIN_EVENTO_SOFASCORE,SIN_EVENTO_SOFASCORE
m_2EBOtR,,2026-08-03,p_0pxwpN,Carlos Izquierdoz,Lanús,Instituto,DEF,,,,,,,,SIN_EVENTO_SOFASCORE,SIN_EVENTO_SOFASCORE
m_2EBOtR,,2026-08-03,p_1pyxN1,Dylan Aquino,Lanús,Instituto,DEL,,,,,,,,SIN_EVENTO_SOFASCORE,SIN_EVENTO_SOFASCORE
m_2EBOtR,,2026-08-03,p_4NdBtx,Felipe Peña Biafore,Lanús,Instituto,VOL,,,,,,,,SIN_EVENTO_SOFASCORE,SIN_EVENTO_SOFASCORE
m_2EBOtR,,2026-08-03,p_45uQz6,Franco Watson,Lanús,Instituto,VOL,,,,,,,,SIN_EVENTO_SOFASCORE,SIN_EVENTO_SOFASCORE
m_2EBOtR,,2026-08-03,p_2YLj3q,José Canale,Lanús,Instituto,DEF,,,,,,,,SIN_EVENTO_SOFASCORE,SIN_EVENTO_SOFASCORE
m_2EBOtR,,2026-08-03,p_0MwF8F,Lucas Besozzi,Lanús,Instituto,VOL,,,,,,,,SIN_EVENTO_SOFASCORE,SIN_EVENTO_SOFASCORE
m_2EBOtR,,2026-08-03,p_1R1UR4,Matías Sepúlveda,Lanús,Instituto,VOL,,,,,,,,SIN_EVENTO_SOFASCORE,SIN_EVENTO_SOFASCORE
m_2EBOtR,,2026-08-03,p_4W6aiW,Nahuel Losada,Lanús,Instituto,ARQ,,,,,,,,SIN_EVENTO_SOFASCORE,SIN_EVENTO_SOFASCORE
m_2EBOtR,,2026-08-03,p_3bNsap,Ramiro Carrera,Lanús,Instituto,VOL,,,,,,,,SIN_EVENTO_SOFASCORE,SIN_EVENTO_SOFASCORE
m_2EBOtR,,2026-08-03,p_37cT31,Ronaldo Dejesús,Lanús,Instituto,DEF,,,,,,,,SIN_EVENTO_SOFASCORE,SIN_EVENTO_SOFASCORE
m_2EBOtR,,2026-08-03,p_0YK7Rt,Sasha Marcich,Lanús,Instituto,DEF,,,,,,,,SIN_EVENTO_SOFASCORE,SIN_EVENTO_SOFASCORE
m_2EBOtR,,2026-08-03,p_1Zygll,Tomás Ezequiel Guidara,Lanús,Instituto,DEF,,,,,,,,SIN_EVENTO_SOFASCORE,SIN_EVENTO_SOFASCORE
m_2EBOtR,,2026-08-03,p_105dCk,Yoshan Valois,Lanús,Instituto,DEL,,,,,,,,SIN_EVENTO_SOFASCORE,SIN_EVENTO_SOFASCORE
m_3lE8VM,,2026-08-04,p_2StpFV,Alejandro Maciel,Central Córdoba de Santiago,San Lorenzo,DEF,,,,,,,,SIN_EVENTO_SOFASCORE,SIN_EVENTO_SOFASCORE
m_3lE8VM,,2026-08-04,p_0ciPTe,Diego Barrera,Central Córdoba de Santiago,San Lorenzo,VOL,,,,,,,,SIN_EVENTO_SOFASCORE,SIN_EVENTO_SOFASCORE
m_3lE8VM,,2026-08-04,p_1KfXQ1,Facundo Mansilla Zahir,Central Córdoba de Santiago,San Lorenzo,DEF,,,,,,,,SIN_EVENTO_SOFASCORE,SIN_EVENTO_SOFASCORE
m_3lE8VM,,2026-08-04,p_1K6Fr9,Fernando Martínez,Central Córdoba de Santiago,San Lorenzo,DEF,,,,,,,,SIN_EVENTO_SOFASCORE,SIN_EVENTO_SOFASCORE
m_3lE8VM,,2026-08-04,p_444jRY,Horacio Tijanovich,Central Córdoba de Santiago,San Lorenzo,VOL,,,,,,,,SIN_EVENTO_SOFASCORE,SIN_EVENTO_SOFASCORE
m_3lE8VM,,2026-08-04,p_3lI7ex,Javier Vallejos,Central Córdoba de Santiago,San Lorenzo,DEF,,,,,,,,SIN_EVENTO_SOFASCORE,SIN_EVENTO_SOFASCORE
m_3lE8VM,,2026-08-04,p_1PTJbZ,Juan Cardozo,Central Córdoba de Santiago,San Lorenzo,VOL,,,,,,,,SIN_EVENTO_SOFASCORE,SIN_EVENTO_SOFASCORE
m_3lE8VM,,2026-08-04,p_4beE3s,Leonardo Marchi,Central Córdoba de Santiago,San Lorenzo,DEF,,,,,,,,SIN_EVENTO_SOFASCORE,SIN_EVENTO_SOFASCORE
m_3lE8VM,,2026-08-04,p_0veUmD,Lucas González,Central Córdoba de Santiago,San Lorenzo,VOL,,,,,,,,SIN_EVENTO_SOFASCORE,SIN_EVENTO_SOFASCORE
m_3lE8VM,,2026-08-04,p_2nfEM8,Marco Iacobellis,Central Córdoba de Santiago,San Lorenzo,VOL,,,,,,,,SIN_EVENTO_SOFASCORE,SIN_EVENTO_SOFASCORE
m_3lE8VM,,2026-08-04,p_3XD5Nu,Matías Vera,Central Córdoba de Santiago,San Lorenzo,VOL,,,,,,,,SIN_EVENTO_SOFASCORE,SIN_EVENTO_SOFASCORE
m_3lE8VM,,2026-08-04,p_3cMYiv,Santiago Moyano,Central Córdoba de Santiago,San Lorenzo,DEF,,,,,,,,SIN_EVENTO_SOFASCORE,SIN_EVENTO_SOFASCORE
m_3lE8VM,,2026-08-04,p_0VScM6,Tiago Cravero,Central Córdoba de Santiago,San Lorenzo,VOL,,,,,,,,SIN_EVENTO_SOFASCORE,SIN_EVENTO_SOFASCORE
m_3lE8VM,,2026-08-04,p_4Pokti,Yuri Casermeiro,Central Córdoba de Santiago,San Lorenzo,DEF,,,,,,,,SIN_EVENTO_SOFASCORE,SIN_EVENTO_SOFASCORE
m_26MC0h,,2026-08-05,p_4FAIfZ,Alexis Castro,Estudiantes,Boca Juniors,VOL,,,,,,,,SIN_EVENTO_SOFASCORE,SIN_EVENTO_SOFASCORE
m_26MC0h,,2026-08-05,p_3NKnXO,Brian Aguirre,Estudiantes,Boca Juniors,VOL,,,,,,,,SIN_EVENTO_SOFASCORE,SIN_EVENTO_SOFASCORE
m_26MC0h,,2026-08-05,p_2DQVsu,Eric Meza,Estudiantes,Boca Juniors,DEF,,,,,,,,SIN_EVENTO_SOFASCORE,SIN_EVENTO_SOFASCORE
m_26MC0h,,2026-08-05,p_4drKzY,Ezequiel Piovi,Estudiantes,Boca Juniors,VOL,,,,,,,,SIN_EVENTO_SOFASCORE,SIN_EVENTO_SOFASCORE
m_26MC0h,,2026-08-05,p_0wvzBl,Fabricio Iacovich,Estudiantes,Boca Juniors,ARQ,,,,,,,,SIN_EVENTO_SOFASCORE,SIN_EVENTO_SOFASCORE
m_26MC0h,,2026-08-05,p_0UPCHl,Fabricio Pérez,Estudiantes,Boca Juniors,VOL,,,,,,,,SIN_EVENTO_SOFASCORE,SIN_EVENTO_SOFASCORE
m_26MC0h,,2026-08-05,p_2z0L2z,Facundo Farías,Estudiantes,Boca Juniors,VOL,,,,,,,,SIN_EVENTO_SOFASCORE,SIN_EVENTO_SOFASCORE
m_26MC0h,,2026-08-05,p_1E7ljC,Gabriel Neves,Estudiantes,Boca Juniors,VOL,,,,,,,,SIN_EVENTO_SOFASCORE,SIN_EVENTO_SOFASCORE
m_26MC0h,,2026-08-05,p_4LoI3o,Gastón Benedetti,Estudiantes,Boca Juniors,DEF,,,,,,,,SIN_EVENTO_SOFASCORE,SIN_EVENTO_SOFASCORE
m_26MC0h,,2026-08-05,p_2ffBRo,Santiago Núñez,Estudiantes,Boca Juniors,DEF,,,,,,,,SIN_EVENTO_SOFASCORE,SIN_EVENTO_SOFASCORE
m_26MC0h,,2026-08-05,p_3UfnVk,Tiago Palacios,Estudiantes,Boca Juniors,VOL,,,,,,,,SIN_EVENTO_SOFASCORE,SIN_EVENTO_SOFASCORE
m_26MC0h,,2026-08-05,p_1TPSrY,Tomás Palacios,Estudiantes,Boca Juniors,DEF,,,,,,,,SIN_EVENTO_SOFASCORE,SIN_EVENTO_SOFASCORE
m_147hOq,,2026-08-06,p_4Mszzs,Adrián Spörle,Belgrano,Tigre,DEF,,,,,,,,SIN_EVENTO_SOFASCORE,SIN_EVENTO_SOFASCORE
m_147hOq,,2026-08-06,p_43D8up,Adrián Sánchez,Belgrano,Tigre,VOL,,,,,,,,SIN_EVENTO_SOFASCORE,SIN_EVENTO_SOFASCORE
m_147hOq,,2026-08-06,p_28SEJq,Alexis Maldonado,Belgrano,Tigre,DEF,,,,,,,,SIN_EVENTO_SOFASCORE,SIN_EVENTO_SOFASCORE
m_147hOq,,2026-08-06,p_49U5oJ,Emiliano Ariel Rigoni,Belgrano,Tigre,VOL,,,,,,,,SIN_EVENTO_SOFASCORE,SIN_EVENTO_SOFASCORE
m_147hOq,,2026-08-06,p_3Boqdn,Francisco González Metilli,Belgrano,Tigre,VOL,,,,,,,,SIN_EVENTO_SOFASCORE,SIN_EVENTO_SOFASCORE
m_147hOq,,2026-08-06,p_3u6zLG,Leonardo Morales,Belgrano,Tigre,DEF,,,,,,,,SIN_EVENTO_SOFASCORE,SIN_EVENTO_SOFASCORE
m_147hOq,,2026-08-06,p_1x6fIA,Lisandro López,Belgrano,Tigre,DEF,,,,,,,,SIN_EVENTO_SOFASCORE,SIN_EVENTO_SOFASCORE
m_147hOq,,2026-08-06,p_3v2tAE,Lucas Zelarayán,Belgrano,Tigre,VOL,,,,,,,,SIN_EVENTO_SOFASCORE,SIN_EVENTO_SOFASCORE
m_147hOq,,2026-08-06,p_0FN6nM,Ramiro Hernandes,Belgrano,Tigre,VOL,,,,,,,,SIN_EVENTO_SOFASCORE,SIN_EVENTO_SOFASCORE
m_147hOq,,2026-08-06,p_2PNnZ9,Santiago Longo,Belgrano,Tigre,VOL,,,,,,,,SIN_EVENTO_SOFASCORE,SIN_EVENTO_SOFASCORE
m_147hOq,,2026-08-06,p_0ujJJG,Thiago Cardozo,Belgrano,Tigre,ARQ,,,,,,,,SIN_EVENTO_SOFASCORE,SIN_EVENTO_SOFASCORE
m_1wAs6k,,2026-08-06,p_3xub3o,Agustín Cardozo,Lanús,Unión,VOL,,,,,,,,SIN_EVENTO_SOFASCORE,SIN_EVENTO_SOFASCORE
m_1wAs6k,,2026-08-06,p_3dgI1a,Agustín Medina,Lanús,Unión,VOL,,,,,,,,SIN_EVENTO_SOFASCORE,SIN_EVENTO_SOFASCORE
m_1wAs6k,,2026-08-06,p_0nbgqX,Allan Wlk,Lanús,Unión,DEL,,,,,,,,SIN_EVENTO_SOFASCORE,SIN_EVENTO_SOFASCORE
m_1wAs6k,,2026-08-06,p_0pxwpN,Carlos Izquierdoz,Lanús,Unión,DEF,,,,,,,,SIN_EVENTO_SOFASCORE,SIN_EVENTO_SOFASCORE
m_1wAs6k,,2026-08-06,p_1pyxN1,Dylan Aquino,Lanús,Unión,DEL,,,,,,,,SIN_EVENTO_SOFASCORE,SIN_EVENTO_SOFASCORE
m_1wAs6k,,2026-08-06,p_1Dr7TL,Eduardo Salvio,Lanús,Unión,VOL,,,,,,,,SIN_EVENTO_SOFASCORE,SIN_EVENTO_SOFASCORE
m_1wAs6k,,2026-08-06,p_4NdBtx,Felipe Peña Biafore,Lanús,Unión,VOL,,,,,,,,SIN_EVENTO_SOFASCORE,SIN_EVENTO_SOFASCORE
m_1wAs6k,,2026-08-06,p_1va0ir,Gonzalo Pérez,Lanús,Unión,DEF,,,,,,,,SIN_EVENTO_SOFASCORE,SIN_EVENTO_SOFASCORE
m_1wAs6k,,2026-08-06,p_0MwF8F,Lucas Besozzi,Lanús,Unión,VOL,,,,,,,,SIN_EVENTO_SOFASCORE,SIN_EVENTO_SOFASCORE
m_1wAs6k,,2026-08-06,p_1R1UR4,Matías Sepúlveda,Lanús,Unión,VOL,,,,,,,,SIN_EVENTO_SOFASCORE,SIN_EVENTO_SOFASCORE
m_1wAs6k,,2026-08-06,p_4W6aiW,Nahuel Losada,Lanús,Unión,ARQ,,,,,,,,SIN_EVENTO_SOFASCORE,SIN_EVENTO_SOFASCORE
m_1wAs6k,,2026-08-06,p_3bNsap,Ramiro Carrera,Lanús,Unión,VOL,,,,,,,,SIN_EVENTO_SOFASCORE,SIN_EVENTO_SOFASCORE
m_1wAs6k,,2026-08-06,p_37cT31,Ronaldo Dejesús,Lanús,Unión,DEF,,,,,,,,SIN_EVENTO_SOFASCORE,SIN_EVENTO_SOFASCORE
m_1wAs6k,,2026-08-06,p_0YK7Rt,Sasha Marcich,Lanús,Unión,DEF,,,,,,,,SIN_EVENTO_SOFASCORE,SIN_EVENTO_SOFASCORE
m_1wAs6k,,2026-08-06,p_0jBQTV,Walter Bou,Lanús,Unión,DEL,,,,,,,,SIN_EVENTO_SOFASCORE,SIN_EVENTO_SOFASCORE
m_1wAs6k,,2026-08-06,p_105dCk,Yoshan Valois,Lanús,Unión,DEL,,,,,,,,SIN_EVENTO_SOFASCORE,SIN_EVENTO_SOFASCORE
m_1wAs6k,,2026-08-06,p_2msaJ0,Bruno Pittón,Unión,Lanús,DEF,,,,,,,,SIN_EVENTO_SOFASCORE,SIN_EVENTO_SOFASCORE
m_1wAs6k,,2026-08-06,p_3woyik,Cristian Alberto Tarragona,Unión,Lanús,DEL,,,,,,,,SIN_EVENTO_SOFASCORE,SIN_EVENTO_SOFASCORE
m_1wAs6k,,2026-08-06,p_0CHQCV,Emilio Giaccone,Unión,Lanús,VOL,,,,,,,,SIN_EVENTO_SOFASCORE,SIN_EVENTO_SOFASCORE
m_1wAs6k,,2026-08-06,p_47bCwf,Ignacio Malcorra,Unión,Lanús,VOL,,,,,,,,SIN_EVENTO_SOFASCORE,SIN_EVENTO_SOFASCORE
m_1wAs6k,,2026-08-06,p_3BCNLl,Joaquín Mosqueira,Unión,Lanús,VOL,,,,,,,,SIN_EVENTO_SOFASCORE,SIN_EVENTO_SOFASCORE
m_1wAs6k,,2026-08-06,p_3c6pcI,Juan Pablo Ludueña,Unión,Lanús,DEF,,,,,,,,SIN_EVENTO_SOFASCORE,SIN_EVENTO_SOFASCORE
m_1wAs6k,,2026-08-06,p_4P8OoY,Juan Pintado,Unión,Lanús,DEF,,,,,,,,SIN_EVENTO_SOFASCORE,SIN_EVENTO_SOFASCORE
m_1wAs6k,,2026-08-06,p_1h4yOi,Julián Palacios,Unión,Lanús,VOL,,,,,,,,SIN_EVENTO_SOFASCORE,SIN_EVENTO_SOFASCORE
m_1wAs6k,,2026-08-06,p_1A84Jv,Lautaro Vargas,Unión,Lanús,DEF,,,,,,,,SIN_EVENTO_SOFASCORE,SIN_EVENTO_SOFASCORE
m_1wAs6k,,2026-08-06,p_2P4QLN,Lucas Ayala,Unión,Lanús,DEF,,,,,,,,SIN_EVENTO_SOFASCORE,SIN_EVENTO_SOFASCORE
m_1wAs6k,,2026-08-06,p_0ZgxsX,Lucas Menossi,Unión,Lanús,VOL,,,,,,,,SIN_EVENTO_SOFASCORE,SIN_EVENTO_SOFASCORE
m_1wAs6k,,2026-08-06,p_2jiARu,Maizon Rodríguez,Unión,Lanús,DEF,,,,,,,,SIN_EVENTO_SOFASCORE,SIN_EVENTO_SOFASCORE
m_1wAs6k,,2026-08-06,p_3ybBVT,Marcelo Estigarribia,Unión,Lanús,DEL,,,,,,,,SIN_EVENTO_SOFASCORE,SIN_EVENTO_SOFASCORE
m_1wAs6k,,2026-08-06,p_0yyPLQ,Matías Mansilla,Unión,Lanús,ARQ,,,,,,,,SIN_EVENTO_SOFASCORE,SIN_EVENTO_SOFASCORE
m_1wAs6k,,2026-08-06,p_2N5L7Q,Mauro Luna Diale,Unión,Lanús,VOL,,,,,,,,SIN_EVENTO_SOFASCORE,SIN_EVENTO_SOFASCORE
m_1wAs6k,,2026-08-06,p_11jmli,Misael Aguirre,Unión,Lanús,VOL,,,,,,,,SIN_EVENTO_SOFASCORE,SIN_EVENTO_SOFASCORE
m_3xPV3E,,2026-08-08,p_4FAIfZ,Alexis Castro,Estudiantes,Deportivo Riestra,VOL,,,,,,,,SIN_EVENTO_SOFASCORE,SIN_EVENTO_SOFASCORE
m_3xPV3E,,2026-08-08,p_3NKnXO,Brian Aguirre,Estudiantes,Deportivo Riestra,VOL,,,,,,,,SIN_EVENTO_SOFASCORE,SIN_EVENTO_SOFASCORE
m_3xPV3E,,2026-08-08,p_375sV8,Eros Mancuso,Estudiantes,Deportivo Riestra,DEF,,,,,,,,SIN_EVENTO_SOFASCORE,SIN_EVENTO_SOFASCORE
m_3xPV3E,,2026-08-08,p_0wvzBl,Fabricio Iacovich,Estudiantes,Deportivo Riestra,ARQ,,,,,,,,SIN_EVENTO_SOFASCORE,SIN_EVENTO_SOFASCORE
m_3xPV3E,,2026-08-08,p_0UPCHl,Fabricio Pérez,Estudiantes,Deportivo Riestra,VOL,,,,,,,,SIN_EVENTO_SOFASCORE,SIN_EVENTO_SOFASCORE
m_3xPV3E,,2026-08-08,p_2z0L2z,Facundo Farías,Estudiantes,Deportivo Riestra,VOL,,,,,,,,SIN_EVENTO_SOFASCORE,SIN_EVENTO_SOFASCORE
m_3xPV3E,,2026-08-08,p_1E7ljC,Gabriel Neves,Estudiantes,Deportivo Riestra,VOL,,,,,,,,SIN_EVENTO_SOFASCORE,SIN_EVENTO_SOFASCORE
m_3xPV3E,,2026-08-08,p_0v7y0D,Joaquín Pereyra,Estudiantes,Deportivo Riestra,DEF,,,,,,,,SIN_EVENTO_SOFASCORE,SIN_EVENTO_SOFASCORE
m_3xPV3E,,2026-08-08,p_3j26Fw,José Sosa,Estudiantes,Deportivo Riestra,VOL,,,,,,,,SIN_EVENTO_SOFASCORE,SIN_EVENTO_SOFASCORE
m_3xPV3E,,2026-08-08,p_3zPSfN,Ramiro Funes Mori,Estudiantes,Deportivo Riestra,DEF,,,,,,,,SIN_EVENTO_SOFASCORE,SIN_EVENTO_SOFASCORE
m_3xPV3E,,2026-08-08,p_2ffBRo,Santiago Núñez,Estudiantes,Deportivo Riestra,DEF,,,,,,,,SIN_EVENTO_SOFASCORE,SIN_EVENTO_SOFASCORE
m_3xPV3E,,2026-08-08,p_3UfnVk,Tiago Palacios,Estudiantes,Deportivo Riestra,VOL,,,,,,,,SIN_EVENTO_SOFASCORE,SIN_EVENTO_SOFASCORE
m_3xPV3E,,2026-08-08,p_0aKkyA,Valente Pierani,Estudiantes,Deportivo Riestra,DEF,,,,,,,,SIN_EVENTO_SOFASCORE,SIN_EVENTO_SOFASCORE
m_4AhgSS,,2026-08-09,p_1bUOsk,Alexis Steimbach,Gimnasia LP,Barracas Central,DEF,,,,,,,,SIN_EVENTO_SOFASCORE,SIN_EVENTO_SOFASCORE
m_4AhgSS,,2026-08-09,p_0AsvjF,Augusto Max,Gimnasia LP,Barracas Central,VOL,,,,,,,,SIN_EVENTO_SOFASCORE,SIN_EVENTO_SOFASCORE
m_4AhgSS,,2026-08-09,p_0xdX07,Bautista Barros Schelotto,Gimnasia LP,Barracas Central,DEF,,,,,,,,SIN_EVENTO_SOFASCORE,SIN_EVENTO_SOFASCORE
m_4AhgSS,,2026-08-09,p_40ubcR,Enzo Martínez,Gimnasia LP,Barracas Central,DEF,,,,,,,,SIN_EVENTO_SOFASCORE,SIN_EVENTO_SOFASCORE
m_4AhgSS,,2026-08-09,p_15wJtA,Ignacio Fernández,Gimnasia LP,Barracas Central,VOL,,,,,,,,SIN_EVENTO_SOFASCORE,SIN_EVENTO_SOFASCORE
m_4AhgSS,,2026-08-09,p_2PDOYX,Ignacio Miramón,Gimnasia LP,Barracas Central,VOL,,,,,,,,SIN_EVENTO_SOFASCORE,SIN_EVENTO_SOFASCORE
m_4AhgSS,,2026-08-09,p_1zT5yZ,Juan Cortazzo,Gimnasia LP,Barracas Central,DEF,,,,,,,,SIN_EVENTO_SOFASCORE,SIN_EVENTO_SOFASCORE
m_4AhgSS,,2026-08-09,p_2h5dHt,Manuel Panaro,Gimnasia LP,Barracas Central,VOL,,,,,,,,SIN_EVENTO_SOFASCORE,SIN_EVENTO_SOFASCORE
m_4AhgSS,,2026-08-09,p_21agZ1,Mateo Seoane,Gimnasia LP,Barracas Central,VOL,,,,,,,,SIN_EVENTO_SOFASCORE,SIN_EVENTO_SOFASCORE
m_4AhgSS,,2026-08-09,p_1CvIxl,Nelson Insfrán,Gimnasia LP,Barracas Central,ARQ,,,,,,,,SIN_EVENTO_SOFASCORE,SIN_EVENTO_SOFASCORE
m_4AhgSS,,2026-08-09,p_0naJM3,Nicolás Barros Schelotto,Gimnasia LP,Barracas Central,VOL,,,,,,,,SIN_EVENTO_SOFASCORE,SIN_EVENTO_SOFASCORE
m_4AhgSS,,2026-08-09,p_2ZvpgZ,Pedro Silva Torrejón,Gimnasia LP,Barracas Central,DEF,,,,,,,,SIN_EVENTO_SOFASCORE,SIN_EVENTO_SOFASCORE
m_3JpYQD,,2026-08-09,p_1mCr0i,Agustín Módica,Gimnasia Mendoza,Instituto,DEL,,,,,,,,SIN_EVENTO_SOFASCORE,SIN_EVENTO_SOFASCORE
m_3JpYQD,,2026-08-09,p_3foBen,César Rigamonti,Gimnasia Mendoza,Instituto,ARQ,,,,,,,,SIN_EVENTO_SOFASCORE,SIN_EVENTO_SOFASCORE
m_3JpYQD,,2026-08-09,p_2UZfm9,Ezequiel Muñoz,Gimnasia Mendoza,Instituto,DEF,,,,,,,,SIN_EVENTO_SOFASCORE,SIN_EVENTO_SOFASCORE
m_3JpYQD,,2026-08-09,p_2ykUpy,Facundo Lencioni,Gimnasia Mendoza,Instituto,VOL,,,,,,,,SIN_EVENTO_SOFASCORE,SIN_EVENTO_SOFASCORE
m_3JpYQD,,2026-08-09,p_1iogLn,Fermín Antonini,Gimnasia Mendoza,Instituto,VOL,,,,,,,,SIN_EVENTO_SOFASCORE,SIN_EVENTO_SOFASCORE
m_3JpYQD,,2026-08-09,p_2F6lf3,Germán Guiffrey,Gimnasia Mendoza,Instituto,DEF,,,,,,,,SIN_EVENTO_SOFASCORE,SIN_EVENTO_SOFASCORE
m_3JpYQD,,2026-08-09,p_1aIsbS,Gerónimo Patritti,Gimnasia Mendoza,Instituto,DEF,,,,,,,,SIN_EVENTO_SOFASCORE,SIN_EVENTO_SOFASCORE
m_3JpYQD,,2026-08-09,p_3oSsFv,Ignacio Sabatini,Gimnasia Mendoza,Instituto,DEL,,,,,,,,SIN_EVENTO_SOFASCORE,SIN_EVENTO_SOFASCORE
m_3JpYQD,,2026-08-09,p_2twD0T,Juan Franco,Gimnasia Mendoza,Instituto,DEF,,,,,,,,SIN_EVENTO_SOFASCORE,SIN_EVENTO_SOFASCORE
m_3JpYQD,,2026-08-09,p_40BXYc,Julián Ceballos,Gimnasia Mendoza,Instituto,VOL,,,,,,,,SIN_EVENTO_SOFASCORE,SIN_EVENTO_SOFASCORE
m_3JpYQD,,2026-08-09,p_1HKdTo,Lautaro Carrera,Gimnasia Mendoza,Instituto,DEF,,,,,,,,SIN_EVENTO_SOFASCORE,SIN_EVENTO_SOFASCORE
m_3JpYQD,,2026-08-09,p_4HrltX,Luciano Cingolani,Gimnasia Mendoza,Instituto,DEL,,,,,,,,SIN_EVENTO_SOFASCORE,SIN_EVENTO_SOFASCORE
m_3JpYQD,,2026-08-09,p_3oqT7Z,Luciano Paredes,Gimnasia Mendoza,Instituto,DEF,,,,,,,,SIN_EVENTO_SOFASCORE,SIN_EVENTO_SOFASCORE
m_3JpYQD,,2026-08-09,p_1oAIvS,Matías Recalde,Gimnasia Mendoza,Instituto,DEF,,,,,,,,SIN_EVENTO_SOFASCORE,SIN_EVENTO_SOFASCORE
m_3JpYQD,,2026-08-09,p_3QDyns,Nicolás Romano,Gimnasia Mendoza,Instituto,VOL,,,,,,,,SIN_EVENTO_SOFASCORE,SIN_EVENTO_SOFASCORE
m_3JpYQD,,2026-08-09,p_4OJPBH,Tomás O'Connor,Gimnasia Mendoza,Instituto,VOL,,,,,,,,SIN_EVENTO_SOFASCORE,SIN_EVENTO_SOFASCORE
m_11WoiN,,2026-08-09,p_2ralsZ,Facundo Zabala,Independiente,Club Atlético Platense,DEF,,,,,,,,SIN_EVENTO_SOFASCORE,SIN_EVENTO_SOFASCORE
m_11WoiN,,2026-08-09,p_477cm1,Iván Marcone,Independiente,Club Atlético Platense,VOL,,,,,,,,SIN_EVENTO_SOFASCORE,SIN_EVENTO_SOFASCORE
m_11WoiN,,2026-08-09,p_1HqLta,Juan Fedorco,Independiente,Club Atlético Platense,DEF,,,,,,,,SIN_EVENTO_SOFASCORE,SIN_EVENTO_SOFASCORE
m_11WoiN,,2026-08-09,p_3zzhTk,Kevin Lomónaco,Independiente,Club Atlético Platense,DEF,,,,,,,,SIN_EVENTO_SOFASCORE,SIN_EVENTO_SOFASCORE
m_11WoiN,,2026-08-09,p_2GcFwZ,Lautaro Millán,Independiente,Club Atlético Platense,VOL,,,,,,,,SIN_EVENTO_SOFASCORE,SIN_EVENTO_SOFASCORE
m_11WoiN,,2026-08-09,p_1vDFZe,Luciano Cabral,Independiente,Club Atlético Platense,VOL,,,,,,,,SIN_EVENTO_SOFASCORE,SIN_EVENTO_SOFASCORE
m_11WoiN,,2026-08-09,p_4eK1TZ,Mateo Pérez Curci,Independiente,Club Atlético Platense,VOL,,,,,,,,SIN_EVENTO_SOFASCORE,SIN_EVENTO_SOFASCORE
m_11WoiN,,2026-08-09,p_2BSeTF,Maximiliano Meza,Independiente,Club Atlético Platense,VOL,,,,,,,,SIN_EVENTO_SOFASCORE,SIN_EVENTO_SOFASCORE
m_11WoiN,,2026-08-09,p_3KLwFI,Rodrigo Rey,Independiente,Club Atlético Platense,ARQ,,,,,,,,SIN_EVENTO_SOFASCORE,SIN_EVENTO_SOFASCORE
m_11WoiN,,2026-08-09,p_4RoV0i,Santiago Arias,Independiente,Club Atlético Platense,DEF,,,,,,,,SIN_EVENTO_SOFASCORE,SIN_EVENTO_SOFASCORE
m_11WoiN,,2026-08-09,p_2c9Jkj,Santiago Gabriel Montiel,Independiente,Club Atlético Platense,VOL,,,,,,,,SIN_EVENTO_SOFASCORE,SIN_EVENTO_SOFASCORE
m_3JpYQD,,2026-08-09,p_0kjymf,Agustín Massaccesi,Instituto,Gimnasia Mendoza,DEF,,,,,,,,SIN_EVENTO_SOFASCORE,SIN_EVENTO_SOFASCORE
m_3JpYQD,,2026-08-09,p_0t17ZI,Alex Luna,Instituto,Gimnasia Mendoza,DEL,,,,,,,,SIN_EVENTO_SOFASCORE,SIN_EVENTO_SOFASCORE
m_3JpYQD,,2026-08-09,p_39c8jY,Diego Sosa,Instituto,Gimnasia Mendoza,DEF,,,,,,,,SIN_EVENTO_SOFASCORE,SIN_EVENTO_SOFASCORE
m_3JpYQD,,2026-08-09,p_12xt1i,Facundo Suárez,Instituto,Gimnasia Mendoza,DEL,,,,,,,,SIN_EVENTO_SOFASCORE,SIN_EVENTO_SOFASCORE
m_3JpYQD,,2026-08-09,p_1qCu0J,Fernando Alarcón,Instituto,Gimnasia Mendoza,DEF,,,,,,,,SIN_EVENTO_SOFASCORE,SIN_EVENTO_SOFASCORE
m_3JpYQD,,2026-08-09,p_3I0XnJ,Giuliano Cerato,Instituto,Gimnasia Mendoza,VOL,,,,,,,,SIN_EVENTO_SOFASCORE,SIN_EVENTO_SOFASCORE
m_3JpYQD,,2026-08-09,p_287xJj,Gustavo Abregú,Instituto,Gimnasia Mendoza,VOL,,,,,,,,SIN_EVENTO_SOFASCORE,SIN_EVENTO_SOFASCORE
m_3JpYQD,,2026-08-09,p_28dMyW,Jeremías Lázaro,Instituto,Gimnasia Mendoza,VOL,,,,,,,,SIN_EVENTO_SOFASCORE,SIN_EVENTO_SOFASCORE
m_3JpYQD,,2026-08-09,p_2AQDyY,Jhon Córdoba,Instituto,Gimnasia Mendoza,VOL,,,,,,,,SIN_EVENTO_SOFASCORE,SIN_EVENTO_SOFASCORE
m_3JpYQD,,2026-08-09,p_1xKto7,Jonathan Galván,Instituto,Gimnasia Mendoza,DEF,,,,,,,,SIN_EVENTO_SOFASCORE,SIN_EVENTO_SOFASCORE
m_3JpYQD,,2026-08-09,p_3x6Yqh,Leonel Mosevich,Instituto,Gimnasia Mendoza,DEF,,,,,,,,SIN_EVENTO_SOFASCORE,SIN_EVENTO_SOFASCORE
m_3JpYQD,,2026-08-09,p_3lQo2d,Marcos Ledesma,Instituto,Gimnasia Mendoza,ARQ,,,,,,,,SIN_EVENTO_SOFASCORE,SIN_EVENTO_SOFASCORE
m_3JpYQD,,2026-08-09,p_3PzK4u,Matías Fonseca,Instituto,Gimnasia Mendoza,DEL,,,,,,,,SIN_EVENTO_SOFASCORE,SIN_EVENTO_SOFASCORE
m_3JpYQD,,2026-08-09,p_0s5hPU,Matías Gallardo,Instituto,Gimnasia Mendoza,VOL,,,,,,,,SIN_EVENTO_SOFASCORE,SIN_EVENTO_SOFASCORE
m_3JpYQD,,2026-08-09,p_4Dwu6c,Matías Tissera,Instituto,Gimnasia Mendoza,DEL,,,,,,,,SIN_EVENTO_SOFASCORE,SIN_EVENTO_SOFASCORE
m_2ckNSG,,2026-08-10,p_4Mszzs,Adrián Spörle,Belgrano,Banfield,DEF,,,,,,,,SIN_EVENTO_SOFASCORE,SIN_EVENTO_SOFASCORE
m_2ckNSG,,2026-08-10,p_28SEJq,Alexis Maldonado,Belgrano,Banfield,DEF,,,,,,,,SIN_EVENTO_SOFASCORE,SIN_EVENTO_SOFASCORE
m_2ckNSG,,2026-08-10,p_49U5oJ,Emiliano Ariel Rigoni,Belgrano,Banfield,VOL,,,,,,,,SIN_EVENTO_SOFASCORE,SIN_EVENTO_SOFASCORE
m_2ckNSG,,2026-08-10,p_3Boqdn,Francisco González Metilli,Belgrano,Banfield,VOL,,,,,,,,SIN_EVENTO_SOFASCORE,SIN_EVENTO_SOFASCORE
m_2ckNSG,,2026-08-10,p_1nfVbw,Gonzalo Zelarayán,Belgrano,Banfield,VOL,,,,,,,,SIN_EVENTO_SOFASCORE,SIN_EVENTO_SOFASCORE
m_2ckNSG,,2026-08-10,p_1hr765,Juan Velázquez,Belgrano,Banfield,VOL,,,,,,,,SIN_EVENTO_SOFASCORE,SIN_EVENTO_SOFASCORE
m_2ckNSG,,2026-08-10,p_1lrNAx,Lautaro Gutierrez,Belgrano,Banfield,VOL,,,,,,,,SIN_EVENTO_SOFASCORE,SIN_EVENTO_SOFASCORE
m_2ckNSG,,2026-08-10,p_3u6zLG,Leonardo Morales,Belgrano,Banfield,DEF,,,,,,,,SIN_EVENTO_SOFASCORE,SIN_EVENTO_SOFASCORE
m_2ckNSG,,2026-08-10,p_1x6fIA,Lisandro López,Belgrano,Banfield,DEF,,,,,,,,SIN_EVENTO_SOFASCORE,SIN_EVENTO_SOFASCORE
m_2ckNSG,,2026-08-10,p_3v2tAE,Lucas Zelarayán,Belgrano,Banfield,VOL,,,,,,,,SIN_EVENTO_SOFASCORE,SIN_EVENTO_SOFASCORE
m_2ckNSG,,2026-08-10,p_4fDTFL,Luciano Bonomo,Belgrano,Banfield,REVISAR,,,,,,,,SIN_EVENTO_SOFASCORE,SIN_EVENTO_SOFASCORE
m_2ckNSG,,2026-08-10,p_2fH8iH,Marcos Ortiz,Belgrano,Banfield,VOL,,,,,,,,SIN_EVENTO_SOFASCORE,SIN_EVENTO_SOFASCORE
m_2ckNSG,,2026-08-10,p_0FN6nM,Ramiro Hernandes,Belgrano,Banfield,VOL,,,,,,,,SIN_EVENTO_SOFASCORE,SIN_EVENTO_SOFASCORE
m_2ckNSG,,2026-08-10,p_0ujJJG,Thiago Cardozo,Belgrano,Banfield,ARQ,,,,,,,,SIN_EVENTO_SOFASCORE,SIN_EVENTO_SOFASCORE
m_23LFB9,,2026-08-11,p_43Olsv,Alan Aguerre,Central Córdoba de Santiago,Unión,ARQ,,,,,,,,SIN_EVENTO_SOFASCORE,SIN_EVENTO_SOFASCORE
m_23LFB9,,2026-08-11,p_2StpFV,Alejandro Maciel,Central Córdoba de Santiago,Unión,DEF,,,,,,,,SIN_EVENTO_SOFASCORE,SIN_EVENTO_SOFASCORE
m_23LFB9,,2026-08-11,p_16mEjs,Darío Cáceres,Central Córdoba de Santiago,Unión,DEF,,,,,,,,SIN_EVENTO_SOFASCORE,SIN_EVENTO_SOFASCORE
m_23LFB9,,2026-08-11,p_0ciPTe,Diego Barrera,Central Córdoba de Santiago,Unión,VOL,,,,,,,,SIN_EVENTO_SOFASCORE,SIN_EVENTO_SOFASCORE
m_23LFB9,,2026-08-11,p_0RVLhG,Ezequiel Naya,Central Córdoba de Santiago,Unión,DEL,,,,,,,,SIN_EVENTO_SOFASCORE,SIN_EVENTO_SOFASCORE
m_23LFB9,,2026-08-11,p_1KfXQ1,Facundo Mansilla Zahir,Central Córdoba de Santiago,Unión,DEF,,,,,,,,SIN_EVENTO_SOFASCORE,SIN_EVENTO_SOFASCORE
m_23LFB9,,2026-08-11,p_1K6Fr9,Fernando Martínez,Central Córdoba de Santiago,Unión,DEF,,,,,,,,SIN_EVENTO_SOFASCORE,SIN_EVENTO_SOFASCORE
m_23LFB9,,2026-08-11,p_444jRY,Horacio Tijanovich,Central Córdoba de Santiago,Unión,VOL,,,,,,,,SIN_EVENTO_SOFASCORE,SIN_EVENTO_SOFASCORE
m_23LFB9,,2026-08-11,p_4aWnwm,Leonardo Sequeira,Central Córdoba de Santiago,Unión,DEL,,,,,,,,SIN_EVENTO_SOFASCORE,SIN_EVENTO_SOFASCORE
m_23LFB9,,2026-08-11,p_0veUmD,Lucas González,Central Córdoba de Santiago,Unión,VOL,,,,,,,,SIN_EVENTO_SOFASCORE,SIN_EVENTO_SOFASCORE
m_23LFB9,,2026-08-11,p_2nfEM8,Marco Iacobellis,Central Córdoba de Santiago,Unión,VOL,,,,,,,,SIN_EVENTO_SOFASCORE,SIN_EVENTO_SOFASCORE
m_23LFB9,,2026-08-11,p_3XD5Nu,Matías Vera,Central Córdoba de Santiago,Unión,VOL,,,,,,,,SIN_EVENTO_SOFASCORE,SIN_EVENTO_SOFASCORE
m_23LFB9,,2026-08-11,p_3FGnhe,Michael Santos,Central Córdoba de Santiago,Unión,DEL,,,,,,,,SIN_EVENTO_SOFASCORE,SIN_EVENTO_SOFASCORE
m_23LFB9,,2026-08-11,p_3cMYiv,Santiago Moyano,Central Córdoba de Santiago,Unión,DEF,,,,,,,,SIN_EVENTO_SOFASCORE,SIN_EVENTO_SOFASCORE
m_23LFB9,,2026-08-11,p_0VScM6,Tiago Cravero,Central Córdoba de Santiago,Unión,VOL,,,,,,,,SIN_EVENTO_SOFASCORE,SIN_EVENTO_SOFASCORE
m_23LFB9,,2026-08-11,p_4Pokti,Yuri Casermeiro,Central Córdoba de Santiago,Unión,DEF,,,,,,,,SIN_EVENTO_SOFASCORE,SIN_EVENTO_SOFASCORE
m_23LFB9,,2026-08-11,p_2msaJ0,Bruno Pittón,Unión,Central Córdoba de Santiago,DEF,,,,,,,,SIN_EVENTO_SOFASCORE,SIN_EVENTO_SOFASCORE
m_23LFB9,,2026-08-11,p_3woyik,Cristian Alberto Tarragona,Unión,Central Córdoba de Santiago,DEL,,,,,,,,SIN_EVENTO_SOFASCORE,SIN_EVENTO_SOFASCORE
m_23LFB9,,2026-08-11,p_1NZkbt,Eric Ramírez,Unión,Central Córdoba de Santiago,VOL,,,,,,,,SIN_EVENTO_SOFASCORE,SIN_EVENTO_SOFASCORE
m_23LFB9,,2026-08-11,p_47bCwf,Ignacio Malcorra,Unión,Central Córdoba de Santiago,VOL,,,,,,,,SIN_EVENTO_SOFASCORE,SIN_EVENTO_SOFASCORE
m_23LFB9,,2026-08-11,p_3BCNLl,Joaquín Mosqueira,Unión,Central Córdoba de Santiago,VOL,,,,,,,,SIN_EVENTO_SOFASCORE,SIN_EVENTO_SOFASCORE
m_23LFB9,,2026-08-11,p_3c6pcI,Juan Pablo Ludueña,Unión,Central Córdoba de Santiago,DEF,,,,,,,,SIN_EVENTO_SOFASCORE,SIN_EVENTO_SOFASCORE
m_23LFB9,,2026-08-11,p_4P8OoY,Juan Pintado,Unión,Central Córdoba de Santiago,DEF,,,,,,,,SIN_EVENTO_SOFASCORE,SIN_EVENTO_SOFASCORE
m_23LFB9,,2026-08-11,p_1h4yOi,Julián Palacios,Unión,Central Córdoba de Santiago,VOL,,,,,,,,SIN_EVENTO_SOFASCORE,SIN_EVENTO_SOFASCORE
m_23LFB9,,2026-08-11,p_1A84Jv,Lautaro Vargas,Unión,Central Córdoba de Santiago,DEF,,,,,,,,SIN_EVENTO_SOFASCORE,SIN_EVENTO_SOFASCORE
m_23LFB9,,2026-08-11,p_0ZgxsX,Lucas Menossi,Unión,Central Córdoba de Santiago,VOL,,,,,,,,SIN_EVENTO_SOFASCORE,SIN_EVENTO_SOFASCORE
m_23LFB9,,2026-08-11,p_2jiARu,Maizon Rodríguez,Unión,Central Córdoba de Santiago,DEF,,,,,,,,SIN_EVENTO_SOFASCORE,SIN_EVENTO_SOFASCORE
m_23LFB9,,2026-08-11,p_3ybBVT,Marcelo Estigarribia,Unión,Central Córdoba de Santiago,DEL,,,,,,,,SIN_EVENTO_SOFASCORE,SIN_EVENTO_SOFASCORE
m_23LFB9,,2026-08-11,p_0yyPLQ,Matías Mansilla,Unión,Central Córdoba de Santiago,ARQ,,,,,,,,SIN_EVENTO_SOFASCORE,SIN_EVENTO_SOFASCORE
m_23LFB9,,2026-08-11,p_2N5L7Q,Mauro Luna Diale,Unión,Central Córdoba de Santiago,VOL,,,,,,,,SIN_EVENTO_SOFASCORE,SIN_EVENTO_SOFASCORE
m_23LFB9,,2026-08-11,p_11jmli,Misael Aguirre,Unión,Central Córdoba de Santiago,VOL,,,,,,,,SIN_EVENTO_SOFASCORE,SIN_EVENTO_SOFASCORE
m_4f6yGZ,,2026-08-12,p_3xub3o,Agustín Cardozo,Lanús,Talleres,VOL,,,,,,,,SIN_EVENTO_SOFASCORE,SIN_EVENTO_SOFASCORE
m_4f6yGZ,,2026-08-12,p_0nbgqX,Allan Wlk,Lanús,Talleres,DEL,,,,,,,,SIN_EVENTO_SOFASCORE,SIN_EVENTO_SOFASCORE
m_4f6yGZ,,2026-08-12,p_0pxwpN,Carlos Izquierdoz,Lanús,Talleres,DEF,,,,,,,,SIN_EVENTO_SOFASCORE,SIN_EVENTO_SOFASCORE
m_4f6yGZ,,2026-08-12,p_1pyxN1,Dylan Aquino,Lanús,Talleres,DEL,,,,,,,,SIN_EVENTO_SOFASCORE,SIN_EVENTO_SOFASCORE
m_4f6yGZ,,2026-08-12,p_1Dr7TL,Eduardo Salvio,Lanús,Talleres,VOL,,,,,,,,SIN_EVENTO_SOFASCORE,SIN_EVENTO_SOFASCORE
m_4f6yGZ,,2026-08-12,p_4NdBtx,Felipe Peña Biafore,Lanús,Talleres,VOL,,,,,,,,SIN_EVENTO_SOFASCORE,SIN_EVENTO_SOFASCORE
m_4f6yGZ,,2026-08-12,p_45uQz6,Franco Watson,Lanús,Talleres,VOL,,,,,,,,SIN_EVENTO_SOFASCORE,SIN_EVENTO_SOFASCORE
m_4f6yGZ,,2026-08-12,p_1va0ir,Gonzalo Pérez,Lanús,Talleres,DEF,,,,,,,,SIN_EVENTO_SOFASCORE,SIN_EVENTO_SOFASCORE
m_4f6yGZ,,2026-08-12,p_0MwF8F,Lucas Besozzi,Lanús,Talleres,VOL,,,,,,,,SIN_EVENTO_SOFASCORE,SIN_EVENTO_SOFASCORE
m_4f6yGZ,,2026-08-12,p_1R1UR4,Matías Sepúlveda,Lanús,Talleres,VOL,,,,,,,,SIN_EVENTO_SOFASCORE,SIN_EVENTO_SOFASCORE
m_4f6yGZ,,2026-08-12,p_4W6aiW,Nahuel Losada,Lanús,Talleres,ARQ,,,,,,,,SIN_EVENTO_SOFASCORE,SIN_EVENTO_SOFASCORE
m_4f6yGZ,,2026-08-12,p_3bNsap,Ramiro Carrera,Lanús,Talleres,VOL,,,,,,,,SIN_EVENTO_SOFASCORE,SIN_EVENTO_SOFASCORE
m_4f6yGZ,,2026-08-12,p_37cT31,Ronaldo Dejesús,Lanús,Talleres,DEF,,,,,,,,SIN_EVENTO_SOFASCORE,SIN_EVENTO_SOFASCORE
m_4f6yGZ,,2026-08-12,p_0YK7Rt,Sasha Marcich,Lanús,Talleres,DEF,,,,,,,,SIN_EVENTO_SOFASCORE,SIN_EVENTO_SOFASCORE
m_4f6yGZ,,2026-08-12,p_1Zygll,Tomás Ezequiel Guidara,Lanús,Talleres,DEF,,,,,,,,SIN_EVENTO_SOFASCORE,SIN_EVENTO_SOFASCORE
m_4f6yGZ,,2026-08-12,p_105dCk,Yoshan Valois,Lanús,Talleres,DEL,,,,,,,,SIN_EVENTO_SOFASCORE,SIN_EVENTO_SOFASCORE
m_4f6yGZ,,2026-08-12,p_0rvVb2,Alexandro Maidana,Talleres,Lanús,DEF,,,,,,,,SIN_EVENTO_SOFASCORE,SIN_EVENTO_SOFASCORE
m_4f6yGZ,,2026-08-12,p_23S3AO,Augusto Schott,Talleres,Lanús,DEF,,,,,,,,SIN_EVENTO_SOFASCORE,SIN_EVENTO_SOFASCORE
m_4f6yGZ,,2026-08-12,p_2HsKZ1,Ezequiel Unsain,Talleres,Lanús,ARQ,,,,,,,,SIN_EVENTO_SOFASCORE,SIN_EVENTO_SOFASCORE
m_4f6yGZ,,2026-08-12,p_3mEDPS,Federico Fattori,Talleres,Lanús,VOL,,,,,,,,SIN_EVENTO_SOFASCORE,SIN_EVENTO_SOFASCORE
m_4f6yGZ,,2026-08-12,p_3weO8u,Franco Cristaldo,Talleres,Lanús,VOL,,,,,,,,SIN_EVENTO_SOFASCORE,SIN_EVENTO_SOFASCORE
m_4f6yGZ,,2026-08-12,p_209otm,Giovanni Baroni,Talleres,Lanús,VOL,,,,,,,,SIN_EVENTO_SOFASCORE,SIN_EVENTO_SOFASCORE
m_4f6yGZ,,2026-08-12,p_0zKhoP,Matías Galarza,Talleres,Lanús,VOL,,,,,,,,SIN_EVENTO_SOFASCORE,SIN_EVENTO_SOFASCORE
m_4f6yGZ,,2026-08-12,p_3GiPCr,Rick,Talleres,Lanús,DEL,,,,,,,,SIN_EVENTO_SOFASCORE,SIN_EVENTO_SOFASCORE
m_4f6yGZ,,2026-08-12,p_3mV8zU,Román Riquelme,Talleres,Lanús,DEF,,,,,,,,SIN_EVENTO_SOFASCORE,SIN_EVENTO_SOFASCORE
m_4f6yGZ,,2026-08-12,p_4bqyr6,Ronaldo Martínez,Talleres,Lanús,DEL,,,,,,,,SIN_EVENTO_SOFASCORE,SIN_EVENTO_SOFASCORE
m_4f6yGZ,,2026-08-12,p_0V59vw,Santiago Fernández,Talleres,Lanús,DEF,,,,,,,,SIN_EVENTO_SOFASCORE,SIN_EVENTO_SOFASCORE
m_4f6yGZ,,2026-08-12,p_4PWmyN,Timoteo Chamorro,Talleres,Lanús,DEF,,,,,,,,SIN_EVENTO_SOFASCORE,SIN_EVENTO_SOFASCORE
m_4f6yGZ,,2026-08-12,p_1baCzH,Valentín Depietri,Talleres,Lanús,DEL,,,,,,,,SIN_EVENTO_SOFASCORE,SIN_EVENTO_SOFASCORE
m_4f6yGZ,,2026-08-12,p_2mFTYm,Valentín Dávila,Talleres,Lanús,DEL,,,,,,,,SIN_EVENTO_SOFASCORE,SIN_EVENTO_SOFASCORE
m_2rJ3SG,,2026-08-15,p_4Mszzs,Adrián Spörle,Belgrano,Independiente Rivadavia,DEF,,,,,,,,SIN_EVENTO_SOFASCORE,SIN_EVENTO_SOFASCORE
m_2rJ3SG,,2026-08-15,p_43D8up,Adrián Sánchez,Belgrano,Independiente Rivadavia,VOL,,,,,,,,SIN_EVENTO_SOFASCORE,SIN_EVENTO_SOFASCORE
m_2rJ3SG,,2026-08-15,p_3nfcvs,Agustín Falcón,Belgrano,Independiente Rivadavia,DEF,,,,,,,,SIN_EVENTO_SOFASCORE,SIN_EVENTO_SOFASCORE
m_2rJ3SG,,2026-08-15,p_28SEJq,Alexis Maldonado,Belgrano,Independiente Rivadavia,DEF,,,,,,,,SIN_EVENTO_SOFASCORE,SIN_EVENTO_SOFASCORE
m_2rJ3SG,,2026-08-15,p_49U5oJ,Emiliano Ariel Rigoni,Belgrano,Independiente Rivadavia,VOL,,,,,,,,SIN_EVENTO_SOFASCORE,SIN_EVENTO_SOFASCORE
m_2rJ3SG,,2026-08-15,p_3Boqdn,Francisco González Metilli,Belgrano,Independiente Rivadavia,VOL,,,,,,,,SIN_EVENTO_SOFASCORE,SIN_EVENTO_SOFASCORE
m_2rJ3SG,,2026-08-15,p_4g8d1N,Franco Vázquez,Belgrano,Independiente Rivadavia,VOL,,,,,,,,SIN_EVENTO_SOFASCORE,SIN_EVENTO_SOFASCORE
m_2rJ3SG,,2026-08-15,p_1hr765,Juan Velázquez,Belgrano,Independiente Rivadavia,VOL,,,,,,,,SIN_EVENTO_SOFASCORE,SIN_EVENTO_SOFASCORE
m_2rJ3SG,,2026-08-15,p_3u6zLG,Leonardo Morales,Belgrano,Independiente Rivadavia,DEF,,,,,,,,SIN_EVENTO_SOFASCORE,SIN_EVENTO_SOFASCORE
m_2rJ3SG,,2026-08-15,p_1x6fIA,Lisandro López,Belgrano,Independiente Rivadavia,DEF,,,,,,,,SIN_EVENTO_SOFASCORE,SIN_EVENTO_SOFASCORE
m_2rJ3SG,,2026-08-15,p_0FN6nM,Ramiro Hernandes,Belgrano,Independiente Rivadavia,VOL,,,,,,,,SIN_EVENTO_SOFASCORE,SIN_EVENTO_SOFASCORE
m_2rJ3SG,,2026-08-15,p_2PNnZ9,Santiago Longo,Belgrano,Independiente Rivadavia,VOL,,,,,,,,SIN_EVENTO_SOFASCORE,SIN_EVENTO_SOFASCORE
m_2rJ3SG,,2026-08-15,p_0ujJJG,Thiago Cardozo,Belgrano,Independiente Rivadavia,ARQ,,,,,,,,SIN_EVENTO_SOFASCORE,SIN_EVENTO_SOFASCORE
m_3spPk4,,2026-08-15,p_1eezYL,Adolfo Gaich,Estudiantes,Gimnasia LP,DEL,,,,,,,,SIN_EVENTO_SOFASCORE,SIN_EVENTO_SOFASCORE
m_3spPk4,,2026-08-15,p_4FAIfZ,Alexis Castro,Estudiantes,Gimnasia LP,VOL,,,,,,,,SIN_EVENTO_SOFASCORE,SIN_EVENTO_SOFASCORE
m_3spPk4,,2026-08-15,p_0lXOYJ,Baltasar Rodríguez,Estudiantes,Gimnasia LP,VOL,,,,,,,,SIN_EVENTO_SOFASCORE,SIN_EVENTO_SOFASCORE
m_3spPk4,,2026-08-15,p_1SE1Bg,Edwuin Cetré,Estudiantes,Gimnasia LP,DEL,,,,,,,,SIN_EVENTO_SOFASCORE,SIN_EVENTO_SOFASCORE
m_3spPk4,,2026-08-15,p_2DQVsu,Eric Meza,Estudiantes,Gimnasia LP,DEF,,,,,,,,SIN_EVENTO_SOFASCORE,SIN_EVENTO_SOFASCORE
m_3spPk4,,2026-08-15,p_375sV8,Eros Mancuso,Estudiantes,Gimnasia LP,DEF,,,,,,,,SIN_EVENTO_SOFASCORE,SIN_EVENTO_SOFASCORE
m_3spPk4,,2026-08-15,p_4drKzY,Ezequiel Piovi,Estudiantes,Gimnasia LP,VOL,,,,,,,,SIN_EVENTO_SOFASCORE,SIN_EVENTO_SOFASCORE
m_3spPk4,,2026-08-15,p_43Wo3u,Fernando Muslera,Estudiantes,Gimnasia LP,ARQ,,,,,,,,SIN_EVENTO_SOFASCORE,SIN_EVENTO_SOFASCORE
m_3spPk4,,2026-08-15,p_4LoI3o,Gastón Benedetti,Estudiantes,Gimnasia LP,DEF,,,,,,,,SIN_EVENTO_SOFASCORE,SIN_EVENTO_SOFASCORE
m_3spPk4,,2026-08-15,p_3BQAaS,Guido Carrillo,Estudiantes,Gimnasia LP,DEL,,,,,,,,SIN_EVENTO_SOFASCORE,SIN_EVENTO_SOFASCORE
m_3spPk4,,2026-08-15,p_4JGs42,Joaquín Correa,Estudiantes,Gimnasia LP,VOL,,,,,,,,SIN_EVENTO_SOFASCORE,SIN_EVENTO_SOFASCORE
m_3spPk4,,2026-08-15,p_0mUgM6,Joaquín Tobio Burgos,Estudiantes,Gimnasia LP,DEL,,,,,,,,SIN_EVENTO_SOFASCORE,SIN_EVENTO_SOFASCORE
m_3spPk4,,2026-08-15,p_3j26Fw,José Sosa,Estudiantes,Gimnasia LP,VOL,,,,,,,,SIN_EVENTO_SOFASCORE,SIN_EVENTO_SOFASCORE
m_3spPk4,,2026-08-15,p_2ffBRo,Santiago Núñez,Estudiantes,Gimnasia LP,DEF,,,,,,,,SIN_EVENTO_SOFASCORE,SIN_EVENTO_SOFASCORE
m_3spPk4,,2026-08-15,p_3UfnVk,Tiago Palacios,Estudiantes,Gimnasia LP,VOL,,,,,,,,SIN_EVENTO_SOFASCORE,SIN_EVENTO_SOFASCORE
m_3spPk4,,2026-08-15,p_1TPSrY,Tomás Palacios,Estudiantes,Gimnasia LP,DEF,,,,,,,,SIN_EVENTO_SOFASCORE,SIN_EVENTO_SOFASCORE
m_3spPk4,,2026-08-15,p_4bCUcN,Agustín Auzmendi,Gimnasia LP,Estudiantes,DEL,,,,,,,,SIN_EVENTO_SOFASCORE,SIN_EVENTO_SOFASCORE
m_3spPk4,,2026-08-15,p_1bUOsk,Alexis Steimbach,Gimnasia LP,Estudiantes,DEF,,,,,,,,SIN_EVENTO_SOFASCORE,SIN_EVENTO_SOFASCORE
m_3spPk4,,2026-08-15,p_0AsvjF,Augusto Max,Gimnasia LP,Estudiantes,VOL,,,,,,,,SIN_EVENTO_SOFASCORE,SIN_EVENTO_SOFASCORE
m_3spPk4,,2026-08-15,p_0xdX07,Bautista Barros Schelotto,Gimnasia LP,Estudiantes,DEF,,,,,,,,SIN_EVENTO_SOFASCORE,SIN_EVENTO_SOFASCORE
m_3spPk4,,2026-08-15,p_40ubcR,Enzo Martínez,Gimnasia LP,Estudiantes,DEF,,,,,,,,SIN_EVENTO_SOFASCORE,SIN_EVENTO_SOFASCORE
m_3spPk4,,2026-08-15,p_3mGP60,Germán Conti,Gimnasia LP,Estudiantes,DEF,,,,,,,,SIN_EVENTO_SOFASCORE,SIN_EVENTO_SOFASCORE
m_3spPk4,,2026-08-15,p_15wJtA,Ignacio Fernández,Gimnasia LP,Estudiantes,VOL,,,,,,,,SIN_EVENTO_SOFASCORE,SIN_EVENTO_SOFASCORE
m_3spPk4,,2026-08-15,p_2PDOYX,Ignacio Miramón,Gimnasia LP,Estudiantes,VOL,,,,,,,,SIN_EVENTO_SOFASCORE,SIN_EVENTO_SOFASCORE
m_3spPk4,,2026-08-15,p_1zT5yZ,Juan Cortazzo,Gimnasia LP,Estudiantes,DEF,,,,,,,,SIN_EVENTO_SOFASCORE,SIN_EVENTO_SOFASCORE
m_3spPk4,,2026-08-15,p_2h5dHt,Manuel Panaro,Gimnasia LP,Estudiantes,VOL,,,,,,,,SIN_EVENTO_SOFASCORE,SIN_EVENTO_SOFASCORE
m_3spPk4,,2026-08-15,p_21agZ1,Mateo Seoane,Gimnasia LP,Estudiantes,VOL,,,,,,,,SIN_EVENTO_SOFASCORE,SIN_EVENTO_SOFASCORE
m_3spPk4,,2026-08-15,p_3BlplQ,Matías Melluso,Gimnasia LP,Estudiantes,DEF,,,,,,,,SIN_EVENTO_SOFASCORE,SIN_EVENTO_SOFASCORE
m_3spPk4,,2026-08-15,p_1CvIxl,Nelson Insfrán,Gimnasia LP,Estudiantes,ARQ,,,,,,,,SIN_EVENTO_SOFASCORE,SIN_EVENTO_SOFASCORE
m_3spPk4,,2026-08-15,p_2ZvpgZ,Pedro Silva Torrejón,Gimnasia LP,Estudiantes,DEF,,,,,,,,SIN_EVENTO_SOFASCORE,SIN_EVENTO_SOFASCORE
m_0CvxlD,,2026-08-15,p_2msaJ0,Bruno Pittón,Unión,San Lorenzo,DEF,,,,,,,,SIN_EVENTO_SOFASCORE,SIN_EVENTO_SOFASCORE
m_0CvxlD,,2026-08-15,p_0CHQCV,Emilio Giaccone,Unión,San Lorenzo,VOL,,,,,,,,SIN_EVENTO_SOFASCORE,SIN_EVENTO_SOFASCORE
m_0CvxlD,,2026-08-15,p_1NZkbt,Eric Ramírez,Unión,San Lorenzo,VOL,,,,,,,,SIN_EVENTO_SOFASCORE,SIN_EVENTO_SOFASCORE
m_0CvxlD,,2026-08-15,p_47bCwf,Ignacio Malcorra,Unión,San Lorenzo,VOL,,,,,,,,SIN_EVENTO_SOFASCORE,SIN_EVENTO_SOFASCORE
m_0CvxlD,,2026-08-15,p_3BCNLl,Joaquín Mosqueira,Unión,San Lorenzo,VOL,,,,,,,,SIN_EVENTO_SOFASCORE,SIN_EVENTO_SOFASCORE
m_0CvxlD,,2026-08-15,p_3c6pcI,Juan Pablo Ludueña,Unión,San Lorenzo,DEF,,,,,,,,SIN_EVENTO_SOFASCORE,SIN_EVENTO_SOFASCORE
m_0CvxlD,,2026-08-15,p_4P8OoY,Juan Pintado,Unión,San Lorenzo,DEF,,,,,,,,SIN_EVENTO_SOFASCORE,SIN_EVENTO_SOFASCORE
m_0CvxlD,,2026-08-15,p_1h4yOi,Julián Palacios,Unión,San Lorenzo,VOL,,,,,,,,SIN_EVENTO_SOFASCORE,SIN_EVENTO_SOFASCORE
m_0CvxlD,,2026-08-15,p_1A84Jv,Lautaro Vargas,Unión,San Lorenzo,DEF,,,,,,,,SIN_EVENTO_SOFASCORE,SIN_EVENTO_SOFASCORE
m_0CvxlD,,2026-08-15,p_0ZgxsX,Lucas Menossi,Unión,San Lorenzo,VOL,,,,,,,,SIN_EVENTO_SOFASCORE,SIN_EVENTO_SOFASCORE
m_0CvxlD,,2026-08-15,p_2jiARu,Maizon Rodríguez,Unión,San Lorenzo,DEF,,,,,,,,SIN_EVENTO_SOFASCORE,SIN_EVENTO_SOFASCORE
m_0CvxlD,,2026-08-15,p_0yyPLQ,Matías Mansilla,Unión,San Lorenzo,ARQ,,,,,,,,SIN_EVENTO_SOFASCORE,SIN_EVENTO_SOFASCORE
m_0CvxlD,,2026-08-15,p_2N5L7Q,Mauro Luna Diale,Unión,San Lorenzo,VOL,,,,,,,,SIN_EVENTO_SOFASCORE,SIN_EVENTO_SOFASCORE
m_0CvxlD,,2026-08-15,p_11jmli,Misael Aguirre,Unión,San Lorenzo,VOL,,,,,,,,SIN_EVENTO_SOFASCORE,SIN_EVENTO_SOFASCORE
m_4XvVEn,,2026-08-16,p_43Olsv,Alan Aguerre,Central Córdoba de Santiago,Instituto,ARQ,,,,,,,,SIN_EVENTO_SOFASCORE,SIN_EVENTO_SOFASCORE
m_4XvVEn,,2026-08-16,p_2StpFV,Alejandro Maciel,Central Córdoba de Santiago,Instituto,DEF,,,,,,,,SIN_EVENTO_SOFASCORE,SIN_EVENTO_SOFASCORE
m_4XvVEn,,2026-08-16,p_16mEjs,Darío Cáceres,Central Córdoba de Santiago,Instituto,DEF,,,,,,,,SIN_EVENTO_SOFASCORE,SIN_EVENTO_SOFASCORE
m_4XvVEn,,2026-08-16,p_0ciPTe,Diego Barrera,Central Córdoba de Santiago,Instituto,VOL,,,,,,,,SIN_EVENTO_SOFASCORE,SIN_EVENTO_SOFASCORE
m_4XvVEn,,2026-08-16,p_1K6Fr9,Fernando Martínez,Central Córdoba de Santiago,Instituto,DEF,,,,,,,,SIN_EVENTO_SOFASCORE,SIN_EVENTO_SOFASCORE
m_4XvVEn,,2026-08-16,p_444jRY,Horacio Tijanovich,Central Córdoba de Santiago,Instituto,VOL,,,,,,,,SIN_EVENTO_SOFASCORE,SIN_EVENTO_SOFASCORE
m_4XvVEn,,2026-08-16,p_4ax8kI,Joaquín Flores,Central Córdoba de Santiago,Instituto,DEL,,,,,,,,SIN_EVENTO_SOFASCORE,SIN_EVENTO_SOFASCORE
m_4XvVEn,,2026-08-16,p_4aWnwm,Leonardo Sequeira,Central Córdoba de Santiago,Instituto,DEL,,,,,,,,SIN_EVENTO_SOFASCORE,SIN_EVENTO_SOFASCORE
m_4XvVEn,,2026-08-16,p_0veUmD,Lucas González,Central Córdoba de Santiago,Instituto,VOL,,,,,,,,SIN_EVENTO_SOFASCORE,SIN_EVENTO_SOFASCORE
m_4XvVEn,,2026-08-16,p_2nfEM8,Marco Iacobellis,Central Córdoba de Santiago,Instituto,VOL,,,,,,,,SIN_EVENTO_SOFASCORE,SIN_EVENTO_SOFASCORE
m_4XvVEn,,2026-08-16,p_3XD5Nu,Matías Vera,Central Córdoba de Santiago,Instituto,VOL,,,,,,,,SIN_EVENTO_SOFASCORE,SIN_EVENTO_SOFASCORE
m_4XvVEn,,2026-08-16,p_3FGnhe,Michael Santos,Central Córdoba de Santiago,Instituto,DEL,,,,,,,,SIN_EVENTO_SOFASCORE,SIN_EVENTO_SOFASCORE
m_4XvVEn,,2026-08-16,p_3cMYiv,Santiago Moyano,Central Córdoba de Santiago,Instituto,DEF,,,,,,,,SIN_EVENTO_SOFASCORE,SIN_EVENTO_SOFASCORE
m_4XvVEn,,2026-08-16,p_4Pokti,Yuri Casermeiro,Central Córdoba de Santiago,Instituto,DEF,,,,,,,,SIN_EVENTO_SOFASCORE,SIN_EVENTO_SOFASCORE
m_4XvVEn,,2026-08-16,p_0kjymf,Agustín Massaccesi,Instituto,Central Córdoba de Santiago,DEF,,,,,,,,SIN_EVENTO_SOFASCORE,SIN_EVENTO_SOFASCORE
m_4XvVEn,,2026-08-16,p_0t17ZI,Alex Luna,Instituto,Central Córdoba de Santiago,DEL,,,,,,,,SIN_EVENTO_SOFASCORE,SIN_EVENTO_SOFASCORE
m_4XvVEn,,2026-08-16,p_39c8jY,Diego Sosa,Instituto,Central Córdoba de Santiago,DEF,,,,,,,,SIN_EVENTO_SOFASCORE,SIN_EVENTO_SOFASCORE
m_4XvVEn,,2026-08-16,p_12xt1i,Facundo Suárez,Instituto,Central Córdoba de Santiago,DEL,,,,,,,,SIN_EVENTO_SOFASCORE,SIN_EVENTO_SOFASCORE
m_4XvVEn,,2026-08-16,p_1qCu0J,Fernando Alarcón,Instituto,Central Córdoba de Santiago,DEF,,,,,,,,SIN_EVENTO_SOFASCORE,SIN_EVENTO_SOFASCORE
m_4XvVEn,,2026-08-16,p_3I0XnJ,Giuliano Cerato,Instituto,Central Córdoba de Santiago,VOL,,,,,,,,SIN_EVENTO_SOFASCORE,SIN_EVENTO_SOFASCORE
m_4XvVEn,,2026-08-16,p_287xJj,Gustavo Abregú,Instituto,Central Córdoba de Santiago,VOL,,,,,,,,SIN_EVENTO_SOFASCORE,SIN_EVENTO_SOFASCORE
m_4XvVEn,,2026-08-16,p_28dMyW,Jeremías Lázaro,Instituto,Central Córdoba de Santiago,VOL,,,,,,,,SIN_EVENTO_SOFASCORE,SIN_EVENTO_SOFASCORE
m_4XvVEn,,2026-08-16,p_2AQDyY,Jhon Córdoba,Instituto,Central Córdoba de Santiago,VOL,,,,,,,,SIN_EVENTO_SOFASCORE,SIN_EVENTO_SOFASCORE
m_4XvVEn,,2026-08-16,p_1xKto7,Jonathan Galván,Instituto,Central Córdoba de Santiago,DEF,,,,,,,,SIN_EVENTO_SOFASCORE,SIN_EVENTO_SOFASCORE
m_4XvVEn,,2026-08-16,p_1JEoJq,Jonás Acevedo,Instituto,Central Córdoba de Santiago,VOL,,,,,,,,SIN_EVENTO_SOFASCORE,SIN_EVENTO_SOFASCORE
m_4XvVEn,,2026-08-16,p_3x6Yqh,Leonel Mosevich,Instituto,Central Córdoba de Santiago,DEF,,,,,,,,SIN_EVENTO_SOFASCORE,SIN_EVENTO_SOFASCORE
m_4XvVEn,,2026-08-16,p_3lQo2d,Marcos Ledesma,Instituto,Central Córdoba de Santiago,ARQ,,,,,,,,SIN_EVENTO_SOFASCORE,SIN_EVENTO_SOFASCORE
m_4XvVEn,,2026-08-16,p_0s5hPU,Matías Gallardo,Instituto,Central Córdoba de Santiago,VOL,,,,,,,,SIN_EVENTO_SOFASCORE,SIN_EVENTO_SOFASCORE
m_4XvVEn,,2026-08-16,p_4Dwu6c,Matías Tissera,Instituto,Central Córdoba de Santiago,DEL,,,,,,,,SIN_EVENTO_SOFASCORE,SIN_EVENTO_SOFASCORE
m_1E7Dux,,2026-08-17,p_4QT6ls,David Martínez,Independiente,Lanús,VOL,,,,,,,,SIN_EVENTO_SOFASCORE,SIN_EVENTO_SOFASCORE
m_1E7Dux,,2026-08-17,p_1Tat7C,Facundo Cruz,Independiente,Lanús,VOL,,,,,,,,SIN_EVENTO_SOFASCORE,SIN_EVENTO_SOFASCORE
m_1E7Dux,,2026-08-17,p_2ralsZ,Facundo Zabala,Independiente,Lanús,DEF,,,,,,,,SIN_EVENTO_SOFASCORE,SIN_EVENTO_SOFASCORE
m_1E7Dux,,2026-08-17,p_44fmOo,Gabriel Ávalos,Independiente,Lanús,DEL,,,,,,,,SIN_EVENTO_SOFASCORE,SIN_EVENTO_SOFASCORE
m_1E7Dux,,2026-08-17,p_477cm1,Iván Marcone,Independiente,Lanús,VOL,,,,,,,,SIN_EVENTO_SOFASCORE,SIN_EVENTO_SOFASCORE
m_1E7Dux,,2026-08-17,p_3BqvxS,Josias Palais,Independiente,Lanús,VOL,,,,,,,,SIN_EVENTO_SOFASCORE,SIN_EVENTO_SOFASCORE
m_1E7Dux,,2026-08-17,p_1OwbCC,Juan Miguel Arrayago,Independiente,Lanús,DEF,,,,,,,,SIN_EVENTO_SOFASCORE,SIN_EVENTO_SOFASCORE
m_1E7Dux,,2026-08-17,p_3zzhTk,Kevin Lomónaco,Independiente,Lanús,DEF,,,,,,,,SIN_EVENTO_SOFASCORE,SIN_EVENTO_SOFASCORE
m_1E7Dux,,2026-08-17,p_2GcFwZ,Lautaro Millán,Independiente,Lanús,VOL,,,,,,,,SIN_EVENTO_SOFASCORE,SIN_EVENTO_SOFASCORE
m_1E7Dux,,2026-08-17,p_4eK1TZ,Mateo Pérez Curci,Independiente,Lanús,VOL,,,,,,,,SIN_EVENTO_SOFASCORE,SIN_EVENTO_SOFASCORE
m_1E7Dux,,2026-08-17,p_2l6eDm,Matías Abaldo,Independiente,Lanús,DEL,,,,,,,,SIN_EVENTO_SOFASCORE,SIN_EVENTO_SOFASCORE
m_1E7Dux,,2026-08-17,p_3neIIb,Maximiliano Gutiérrez,Independiente,Lanús,DEL,,,,,,,,SIN_EVENTO_SOFASCORE,SIN_EVENTO_SOFASCORE
m_1E7Dux,,2026-08-17,p_2BSeTF,Maximiliano Meza,Independiente,Lanús,VOL,,,,,,,,SIN_EVENTO_SOFASCORE,SIN_EVENTO_SOFASCORE
m_1E7Dux,,2026-08-17,p_3KLwFI,Rodrigo Rey,Independiente,Lanús,ARQ,,,,,,,,SIN_EVENTO_SOFASCORE,SIN_EVENTO_SOFASCORE
m_1E7Dux,,2026-08-17,p_4RoV0i,Santiago Arias,Independiente,Lanús,DEF,,,,,,,,SIN_EVENTO_SOFASCORE,SIN_EVENTO_SOFASCORE
m_1E7Dux,,2026-08-17,p_2c9Jkj,Santiago Gabriel Montiel,Independiente,Lanús,VOL,,,,,,,,SIN_EVENTO_SOFASCORE,SIN_EVENTO_SOFASCORE
m_1E7Dux,,2026-08-17,p_3xub3o,Agustín Cardozo,Lanús,Independiente,VOL,,,,,,,,SIN_EVENTO_SOFASCORE,SIN_EVENTO_SOFASCORE
m_1E7Dux,,2026-08-17,p_0nbgqX,Allan Wlk,Lanús,Independiente,DEL,,,,,,,,SIN_EVENTO_SOFASCORE,SIN_EVENTO_SOFASCORE
m_1E7Dux,,2026-08-17,p_4MmWJY,Benjamín Acosta,Lanús,Independiente,VOL,,,,,,,,SIN_EVENTO_SOFASCORE,SIN_EVENTO_SOFASCORE
m_1E7Dux,,2026-08-17,p_0pxwpN,Carlos Izquierdoz,Lanús,Independiente,DEF,,,,,,,,SIN_EVENTO_SOFASCORE,SIN_EVENTO_SOFASCORE
m_1E7Dux,,2026-08-17,p_1pyxN1,Dylan Aquino,Lanús,Independiente,DEL,,,,,,,,SIN_EVENTO_SOFASCORE,SIN_EVENTO_SOFASCORE
m_1E7Dux,,2026-08-17,p_1Dr7TL,Eduardo Salvio,Lanús,Independiente,VOL,,,,,,,,SIN_EVENTO_SOFASCORE,SIN_EVENTO_SOFASCORE
m_1E7Dux,,2026-08-17,p_4NdBtx,Felipe Peña Biafore,Lanús,Independiente,VOL,,,,,,,,SIN_EVENTO_SOFASCORE,SIN_EVENTO_SOFASCORE
m_1E7Dux,,2026-08-17,p_0MwF8F,Lucas Besozzi,Lanús,Independiente,VOL,,,,,,,,SIN_EVENTO_SOFASCORE,SIN_EVENTO_SOFASCORE
m_1E7Dux,,2026-08-17,p_1R1UR4,Matías Sepúlveda,Lanús,Independiente,VOL,,,,,,,,SIN_EVENTO_SOFASCORE,SIN_EVENTO_SOFASCORE
m_1E7Dux,,2026-08-17,p_4W6aiW,Nahuel Losada,Lanús,Independiente,ARQ,,,,,,,,SIN_EVENTO_SOFASCORE,SIN_EVENTO_SOFASCORE
m_1E7Dux,,2026-08-17,p_2waho1,Nicolás Morgantini,Lanús,Independiente,DEF,,,,,,,,SIN_EVENTO_SOFASCORE,SIN_EVENTO_SOFASCORE
m_1E7Dux,,2026-08-17,p_3bNsap,Ramiro Carrera,Lanús,Independiente,VOL,,,,,,,,SIN_EVENTO_SOFASCORE,SIN_EVENTO_SOFASCORE
m_1E7Dux,,2026-08-17,p_37cT31,Ronaldo Dejesús,Lanús,Independiente,DEF,,,,,,,,SIN_EVENTO_SOFASCORE,SIN_EVENTO_SOFASCORE
m_1E7Dux,,2026-08-17,p_0YK7Rt,Sasha Marcich,Lanús,Independiente,DEF,,,,,,,,SIN_EVENTO_SOFASCORE,SIN_EVENTO_SOFASCORE
m_1E7Dux,,2026-08-17,p_1Zygll,Tomás Ezequiel Guidara,Lanús,Independiente,DEF,,,,,,,,SIN_EVENTO_SOFASCORE,SIN_EVENTO_SOFASCORE
m_1E7Dux,,2026-08-17,p_105dCk,Yoshan Valois,Lanús,Independiente,DEL,,,,,,,,SIN_EVENTO_SOFASCORE,SIN_EVENTO_SOFASCORE
m_15Akee,,2026-08-18,p_1mCr0i,Agustín Módica,Gimnasia Mendoza,Talleres,DEL,,,,,,,,SIN_EVENTO_SOFASCORE,SIN_EVENTO_SOFASCORE
m_15Akee,,2026-08-18,p_3foBen,César Rigamonti,Gimnasia Mendoza,Talleres,ARQ,,,,,,,,SIN_EVENTO_SOFASCORE,SIN_EVENTO_SOFASCORE
m_15Akee,,2026-08-18,p_4LMFQ0,Diego Mondino,Gimnasia Mendoza,Talleres,DEF,,,,,,,,SIN_EVENTO_SOFASCORE,SIN_EVENTO_SOFASCORE
m_15Akee,,2026-08-18,p_1Iyu97,Esteban Fernández,Gimnasia Mendoza,Talleres,VOL,,,,,,,,SIN_EVENTO_SOFASCORE,SIN_EVENTO_SOFASCORE
m_15Akee,,2026-08-18,p_2UZfm9,Ezequiel Muñoz,Gimnasia Mendoza,Talleres,DEF,,,,,,,,SIN_EVENTO_SOFASCORE,SIN_EVENTO_SOFASCORE
m_15Akee,,2026-08-18,p_2ykUpy,Facundo Lencioni,Gimnasia Mendoza,Talleres,VOL,,,,,,,,SIN_EVENTO_SOFASCORE,SIN_EVENTO_SOFASCORE
m_15Akee,,2026-08-18,p_1iogLn,Fermín Antonini,Gimnasia Mendoza,Talleres,VOL,,,,,,,,SIN_EVENTO_SOFASCORE,SIN_EVENTO_SOFASCORE
m_15Akee,,2026-08-18,p_3oSsFv,Ignacio Sabatini,Gimnasia Mendoza,Talleres,DEL,,,,,,,,SIN_EVENTO_SOFASCORE,SIN_EVENTO_SOFASCORE
m_15Akee,,2026-08-18,p_2twD0T,Juan Franco,Gimnasia Mendoza,Talleres,DEF,,,,,,,,SIN_EVENTO_SOFASCORE,SIN_EVENTO_SOFASCORE
m_15Akee,,2026-08-18,p_4HrltX,Luciano Cingolani,Gimnasia Mendoza,Talleres,DEL,,,,,,,,SIN_EVENTO_SOFASCORE,SIN_EVENTO_SOFASCORE
m_15Akee,,2026-08-18,p_3oqT7Z,Luciano Paredes,Gimnasia Mendoza,Talleres,DEF,,,,,,,,SIN_EVENTO_SOFASCORE,SIN_EVENTO_SOFASCORE
m_15Akee,,2026-08-18,p_1oAIvS,Matías Recalde,Gimnasia Mendoza,Talleres,DEF,,,,,,,,SIN_EVENTO_SOFASCORE,SIN_EVENTO_SOFASCORE
m_15Akee,,2026-08-18,p_3gSMfS,Matías Vargas,Gimnasia Mendoza,Talleres,VOL,,,,,,,,SIN_EVENTO_SOFASCORE,SIN_EVENTO_SOFASCORE
m_15Akee,,2026-08-18,p_2rHsQv,Nahuel Barboza,Gimnasia Mendoza,Talleres,VOL,,,,,,,,SIN_EVENTO_SOFASCORE,SIN_EVENTO_SOFASCORE
m_15Akee,,2026-08-18,p_4OJPBH,Tomás O'Connor,Gimnasia Mendoza,Talleres,VOL,,,,,,,,SIN_EVENTO_SOFASCORE,SIN_EVENTO_SOFASCORE
m_15Akee,,2026-08-18,p_0ybyPC,Ulises Sánchez,Gimnasia Mendoza,Talleres,VOL,,,,,,,,SIN_EVENTO_SOFASCORE,SIN_EVENTO_SOFASCORE
m_15Akee,,2026-08-18,p_0rvVb2,Alexandro Maidana,Talleres,Gimnasia Mendoza,DEF,,,,,,,,SIN_EVENTO_SOFASCORE,SIN_EVENTO_SOFASCORE
m_15Akee,,2026-08-18,p_23S3AO,Augusto Schott,Talleres,Gimnasia Mendoza,DEF,,,,,,,,SIN_EVENTO_SOFASCORE,SIN_EVENTO_SOFASCORE
m_15Akee,,2026-08-18,p_1GQOph,Bruno Trey,Talleres,Gimnasia Mendoza,VOL,,,,,,,,SIN_EVENTO_SOFASCORE,SIN_EVENTO_SOFASCORE
m_15Akee,,2026-08-18,p_05SKXO,Emiliano Chiavassa,Talleres,Gimnasia Mendoza,DEL,,,,,,,,SIN_EVENTO_SOFASCORE,SIN_EVENTO_SOFASCORE
m_15Akee,,2026-08-18,p_2HsKZ1,Ezequiel Unsain,Talleres,Gimnasia Mendoza,ARQ,,,,,,,,SIN_EVENTO_SOFASCORE,SIN_EVENTO_SOFASCORE
m_15Akee,,2026-08-18,p_3mEDPS,Federico Fattori,Talleres,Gimnasia Mendoza,VOL,,,,,,,,SIN_EVENTO_SOFASCORE,SIN_EVENTO_SOFASCORE
m_15Akee,,2026-08-18,p_3weO8u,Franco Cristaldo,Talleres,Gimnasia Mendoza,VOL,,,,,,,,SIN_EVENTO_SOFASCORE,SIN_EVENTO_SOFASCORE
m_15Akee,,2026-08-18,p_2usscp,Gabriel Báez,Talleres,Gimnasia Mendoza,DEF,,,,,,,,SIN_EVENTO_SOFASCORE,SIN_EVENTO_SOFASCORE
m_15Akee,,2026-08-18,p_0zKhoP,Matías Galarza,Talleres,Gimnasia Mendoza,VOL,,,,,,,,SIN_EVENTO_SOFASCORE,SIN_EVENTO_SOFASCORE
m_15Akee,,2026-08-18,p_3GiPCr,Rick,Talleres,Gimnasia Mendoza,DEL,,,,,,,,SIN_EVENTO_SOFASCORE,SIN_EVENTO_SOFASCORE
m_15Akee,,2026-08-18,p_3mV8zU,Román Riquelme,Talleres,Gimnasia Mendoza,DEF,,,,,,,,SIN_EVENTO_SOFASCORE,SIN_EVENTO_SOFASCORE
m_15Akee,,2026-08-18,p_0V59vw,Santiago Fernández,Talleres,Gimnasia Mendoza,DEF,,,,,,,,SIN_EVENTO_SOFASCORE,SIN_EVENTO_SOFASCORE
m_15Akee,,2026-08-18,p_4PWmyN,Timoteo Chamorro,Talleres,Gimnasia Mendoza,DEF,,,,,,,,SIN_EVENTO_SOFASCORE,SIN_EVENTO_SOFASCORE
m_15Akee,,2026-08-18,p_1baCzH,Valentín Depietri,Talleres,Gimnasia Mendoza,DEL,,,,,,,,SIN_EVENTO_SOFASCORE,SIN_EVENTO_SOFASCORE
m_15Akee,,2026-08-18,p_2mFTYm,Valentín Dávila,Talleres,Gimnasia Mendoza,DEL,,,,,,,,SIN_EVENTO_SOFASCORE,SIN_EVENTO_SOFASCORE
m_15Akee,,2026-08-18,p_2nrS5l,Valentín Fascendini,Talleres,Gimnasia Mendoza,DEF,,,,,,,,SIN_EVENTO_SOFASCORE,SIN_EVENTO_SOFASCORE
m_4g29p2,,2026-08-21,p_43YxGe,Brahian Cuello,Unión,Aldosivi,VOL,,,,,,,,SIN_EVENTO_SOFASCORE,SIN_EVENTO_SOFASCORE
m_4g29p2,,2026-08-21,p_0CHQCV,Emilio Giaccone,Unión,Aldosivi,VOL,,,,,,,,SIN_EVENTO_SOFASCORE,SIN_EVENTO_SOFASCORE
m_4g29p2,,2026-08-21,p_1NZkbt,Eric Ramírez,Unión,Aldosivi,VOL,,,,,,,,SIN_EVENTO_SOFASCORE,SIN_EVENTO_SOFASCORE
m_4g29p2,,2026-08-21,p_3c6pcI,Juan Pablo Ludueña,Unión,Aldosivi,DEF,,,,,,,,SIN_EVENTO_SOFASCORE,SIN_EVENTO_SOFASCORE
m_4g29p2,,2026-08-21,p_4P8OoY,Juan Pintado,Unión,Aldosivi,DEF,,,,,,,,SIN_EVENTO_SOFASCORE,SIN_EVENTO_SOFASCORE
m_4g29p2,,2026-08-21,p_1h4yOi,Julián Palacios,Unión,Aldosivi,VOL,,,,,,,,SIN_EVENTO_SOFASCORE,SIN_EVENTO_SOFASCORE
m_4g29p2,,2026-08-21,p_2P4QLN,Lucas Ayala,Unión,Aldosivi,DEF,,,,,,,,SIN_EVENTO_SOFASCORE,SIN_EVENTO_SOFASCORE
m_4g29p2,,2026-08-21,p_0ZgxsX,Lucas Menossi,Unión,Aldosivi,VOL,,,,,,,,SIN_EVENTO_SOFASCORE,SIN_EVENTO_SOFASCORE
m_4g29p2,,2026-08-21,p_2jiARu,Maizon Rodríguez,Unión,Aldosivi,DEF,,,,,,,,SIN_EVENTO_SOFASCORE,SIN_EVENTO_SOFASCORE
m_4g29p2,,2026-08-21,p_0yyPLQ,Matías Mansilla,Unión,Aldosivi,ARQ,,,,,,,,SIN_EVENTO_SOFASCORE,SIN_EVENTO_SOFASCORE
m_4g29p2,,2026-08-21,p_0vA7J1,Matías Rocha,Unión,Aldosivi,DEF,,,,,,,,SIN_EVENTO_SOFASCORE,SIN_EVENTO_SOFASCORE
m_4g29p2,,2026-08-21,p_2N5L7Q,Mauro Luna Diale,Unión,Aldosivi,VOL,,,,,,,,SIN_EVENTO_SOFASCORE,SIN_EVENTO_SOFASCORE
m_4FtNTS,,2026-08-22,p_4bCUcN,Agustín Auzmendi,Gimnasia LP,Gimnasia Mendoza,DEL,,,,,,,,SIN_EVENTO_SOFASCORE,SIN_EVENTO_SOFASCORE
m_4FtNTS,,2026-08-22,p_3rOLlc,Agustín Colazo,Gimnasia LP,Gimnasia Mendoza,DEL,,,,,,,,SIN_EVENTO_SOFASCORE,SIN_EVENTO_SOFASCORE
m_4FtNTS,,2026-08-22,p_0AsvjF,Augusto Max,Gimnasia LP,Gimnasia Mendoza,VOL,,,,,,,,SIN_EVENTO_SOFASCORE,SIN_EVENTO_SOFASCORE
m_4FtNTS,,2026-08-22,p_0xdX07,Bautista Barros Schelotto,Gimnasia LP,Gimnasia Mendoza,DEF,,,,,,,,SIN_EVENTO_SOFASCORE,SIN_EVENTO_SOFASCORE
m_4FtNTS,,2026-08-22,p_40ubcR,Enzo Martínez,Gimnasia LP,Gimnasia Mendoza,DEF,,,,,,,,SIN_EVENTO_SOFASCORE,SIN_EVENTO_SOFASCORE
m_4FtNTS,,2026-08-22,p_1OBnRG,Franco Torres,Gimnasia LP,Gimnasia Mendoza,DEL,,,,,,,,SIN_EVENTO_SOFASCORE,SIN_EVENTO_SOFASCORE
m_4FtNTS,,2026-08-22,p_15wJtA,Ignacio Fernández,Gimnasia LP,Gimnasia Mendoza,VOL,,,,,,,,SIN_EVENTO_SOFASCORE,SIN_EVENTO_SOFASCORE
m_4FtNTS,,2026-08-22,p_2PDOYX,Ignacio Miramón,Gimnasia LP,Gimnasia Mendoza,VOL,,,,,,,,SIN_EVENTO_SOFASCORE,SIN_EVENTO_SOFASCORE
m_4FtNTS,,2026-08-22,p_1zT5yZ,Juan Cortazzo,Gimnasia LP,Gimnasia Mendoza,DEF,,,,,,,,SIN_EVENTO_SOFASCORE,SIN_EVENTO_SOFASCORE
m_4FtNTS,,2026-08-22,p_32Pavy,Lucas Janson,Gimnasia LP,Gimnasia Mendoza,DEL,,,,,,,,SIN_EVENTO_SOFASCORE,SIN_EVENTO_SOFASCORE
m_4FtNTS,,2026-08-22,p_3Dg55W,Maximiliano Zalazar,Gimnasia LP,Gimnasia Mendoza,DEL,,,,,,,,SIN_EVENTO_SOFASCORE,SIN_EVENTO_SOFASCORE
m_4FtNTS,,2026-08-22,p_1CvIxl,Nelson Insfrán,Gimnasia LP,Gimnasia Mendoza,ARQ,,,,,,,,SIN_EVENTO_SOFASCORE,SIN_EVENTO_SOFASCORE
m_4FtNTS,,2026-08-22,p_0naJM3,Nicolás Barros Schelotto,Gimnasia LP,Gimnasia Mendoza,VOL,,,,,,,,SIN_EVENTO_SOFASCORE,SIN_EVENTO_SOFASCORE
m_4FtNTS,,2026-08-22,p_2ZvpgZ,Pedro Silva Torrejón,Gimnasia LP,Gimnasia Mendoza,DEF,,,,,,,,SIN_EVENTO_SOFASCORE,SIN_EVENTO_SOFASCORE
m_4FtNTS,,2026-08-22,p_0URNSN,Renzo Giampaoli,Gimnasia LP,Gimnasia Mendoza,DEF,,,,,,,,SIN_EVENTO_SOFASCORE,SIN_EVENTO_SOFASCORE
m_4FtNTS,,2026-08-22,p_1mCr0i,Agustín Módica,Gimnasia Mendoza,Gimnasia LP,DEL,,,,,,,,SIN_EVENTO_SOFASCORE,SIN_EVENTO_SOFASCORE
m_4FtNTS,,2026-08-22,p_1VlIuF,Brian Andrada,Gimnasia Mendoza,Gimnasia LP,VOL,,,,,,,,SIN_EVENTO_SOFASCORE,SIN_EVENTO_SOFASCORE
m_4FtNTS,,2026-08-22,p_3foBen,César Rigamonti,Gimnasia Mendoza,Gimnasia LP,ARQ,,,,,,,,SIN_EVENTO_SOFASCORE,SIN_EVENTO_SOFASCORE
m_4FtNTS,,2026-08-22,p_4LMFQ0,Diego Mondino,Gimnasia Mendoza,Gimnasia LP,DEF,,,,,,,,SIN_EVENTO_SOFASCORE,SIN_EVENTO_SOFASCORE
m_4FtNTS,,2026-08-22,p_1Iyu97,Esteban Fernández,Gimnasia Mendoza,Gimnasia LP,VOL,,,,,,,,SIN_EVENTO_SOFASCORE,SIN_EVENTO_SOFASCORE
m_4FtNTS,,2026-08-22,p_2UZfm9,Ezequiel Muñoz,Gimnasia Mendoza,Gimnasia LP,DEF,,,,,,,,SIN_EVENTO_SOFASCORE,SIN_EVENTO_SOFASCORE
m_4FtNTS,,2026-08-22,p_2ykUpy,Facundo Lencioni,Gimnasia Mendoza,Gimnasia LP,VOL,,,,,,,,SIN_EVENTO_SOFASCORE,SIN_EVENTO_SOFASCORE
m_4FtNTS,,2026-08-22,p_1iogLn,Fermín Antonini,Gimnasia Mendoza,Gimnasia LP,VOL,,,,,,,,SIN_EVENTO_SOFASCORE,SIN_EVENTO_SOFASCORE
m_4FtNTS,,2026-08-22,p_2F6lf3,Germán Guiffrey,Gimnasia Mendoza,Gimnasia LP,DEF,,,,,,,,SIN_EVENTO_SOFASCORE,SIN_EVENTO_SOFASCORE
m_4FtNTS,,2026-08-22,p_1HKdTo,Lautaro Carrera,Gimnasia Mendoza,Gimnasia LP,DEF,,,,,,,,SIN_EVENTO_SOFASCORE,SIN_EVENTO_SOFASCORE
m_4FtNTS,,2026-08-22,p_4HrltX,Luciano Cingolani,Gimnasia Mendoza,Gimnasia LP,DEL,,,,,,,,SIN_EVENTO_SOFASCORE,SIN_EVENTO_SOFASCORE
m_4FtNTS,,2026-08-22,p_3oqT7Z,Luciano Paredes,Gimnasia Mendoza,Gimnasia LP,DEF,,,,,,,,SIN_EVENTO_SOFASCORE,SIN_EVENTO_SOFASCORE
m_4FtNTS,,2026-08-22,p_1oAIvS,Matías Recalde,Gimnasia Mendoza,Gimnasia LP,DEF,,,,,,,,SIN_EVENTO_SOFASCORE,SIN_EVENTO_SOFASCORE
m_4FtNTS,,2026-08-22,p_2rHsQv,Nahuel Barboza,Gimnasia Mendoza,Gimnasia LP,VOL,,,,,,,,SIN_EVENTO_SOFASCORE,SIN_EVENTO_SOFASCORE
m_4FtNTS,,2026-08-22,p_4OJPBH,Tomás O'Connor,Gimnasia Mendoza,Gimnasia LP,VOL,,,,,,,,SIN_EVENTO_SOFASCORE,SIN_EVENTO_SOFASCORE
m_4FtNTS,,2026-08-22,p_0ybyPC,Ulises Sánchez,Gimnasia Mendoza,Gimnasia LP,VOL,,,,,,,,SIN_EVENTO_SOFASCORE,SIN_EVENTO_SOFASCORE
m_2IoMcO,,2026-08-22,p_2ralsZ,Facundo Zabala,Independiente,Independiente Rivadavia,DEF,,,,,,,,SIN_EVENTO_SOFASCORE,SIN_EVENTO_SOFASCORE
m_2IoMcO,,2026-08-22,p_477cm1,Iván Marcone,Independiente,Independiente Rivadavia,VOL,,,,,,,,SIN_EVENTO_SOFASCORE,SIN_EVENTO_SOFASCORE
m_2IoMcO,,2026-08-22,p_3BqvxS,Josias Palais,Independiente,Independiente Rivadavia,VOL,,,,,,,,SIN_EVENTO_SOFASCORE,SIN_EVENTO_SOFASCORE
m_2IoMcO,,2026-08-22,p_1OwbCC,Juan Miguel Arrayago,Independiente,Independiente Rivadavia,DEF,,,,,,,,SIN_EVENTO_SOFASCORE,SIN_EVENTO_SOFASCORE
m_2IoMcO,,2026-08-22,p_3zzhTk,Kevin Lomónaco,Independiente,Independiente Rivadavia,DEF,,,,,,,,SIN_EVENTO_SOFASCORE,SIN_EVENTO_SOFASCORE
m_2IoMcO,,2026-08-22,p_2GcFwZ,Lautaro Millán,Independiente,Independiente Rivadavia,VOL,,,,,,,,SIN_EVENTO_SOFASCORE,SIN_EVENTO_SOFASCORE
m_2IoMcO,,2026-08-22,p_2Y5BPH,Leonardo Godoy,Independiente,Independiente Rivadavia,DEF,,,,,,,,SIN_EVENTO_SOFASCORE,SIN_EVENTO_SOFASCORE
m_2IoMcO,,2026-08-22,p_1vDFZe,Luciano Cabral,Independiente,Independiente Rivadavia,VOL,,,,,,,,SIN_EVENTO_SOFASCORE,SIN_EVENTO_SOFASCORE
m_2IoMcO,,2026-08-22,p_4eK1TZ,Mateo Pérez Curci,Independiente,Independiente Rivadavia,VOL,,,,,,,,SIN_EVENTO_SOFASCORE,SIN_EVENTO_SOFASCORE
m_2IoMcO,,2026-08-22,p_2BSeTF,Maximiliano Meza,Independiente,Independiente Rivadavia,VOL,,,,,,,,SIN_EVENTO_SOFASCORE,SIN_EVENTO_SOFASCORE
m_2IoMcO,,2026-08-22,p_3KLwFI,Rodrigo Rey,Independiente,Independiente Rivadavia,ARQ,,,,,,,,SIN_EVENTO_SOFASCORE,SIN_EVENTO_SOFASCORE
m_2IoMcO,,2026-08-22,p_4RoV0i,Santiago Arias,Independiente,Independiente Rivadavia,DEF,,,,,,,,SIN_EVENTO_SOFASCORE,SIN_EVENTO_SOFASCORE
m_2IoMcO,,2026-08-22,p_2c9Jkj,Santiago Gabriel Montiel,Independiente,Independiente Rivadavia,VOL,,,,,,,,SIN_EVENTO_SOFASCORE,SIN_EVENTO_SOFASCORE
m_4Vv4zW,,2026-08-22,p_39c8jY,Diego Sosa,Instituto,Atlético Tucumán,DEF,,,,,,,,SIN_EVENTO_SOFASCORE,SIN_EVENTO_SOFASCORE
m_4Vv4zW,,2026-08-22,p_1qCu0J,Fernando Alarcón,Instituto,Atlético Tucumán,DEF,,,,,,,,SIN_EVENTO_SOFASCORE,SIN_EVENTO_SOFASCORE
m_4Vv4zW,,2026-08-22,p_3I0XnJ,Giuliano Cerato,Instituto,Atlético Tucumán,VOL,,,,,,,,SIN_EVENTO_SOFASCORE,SIN_EVENTO_SOFASCORE
m_4Vv4zW,,2026-08-22,p_287xJj,Gustavo Abregú,Instituto,Atlético Tucumán,VOL,,,,,,,,SIN_EVENTO_SOFASCORE,SIN_EVENTO_SOFASCORE
m_4Vv4zW,,2026-08-22,p_4T6aUk,Ignacio Méndez,Instituto,Atlético Tucumán,VOL,,,,,,,,SIN_EVENTO_SOFASCORE,SIN_EVENTO_SOFASCORE
m_4Vv4zW,,2026-08-22,p_28dMyW,Jeremías Lázaro,Instituto,Atlético Tucumán,VOL,,,,,,,,SIN_EVENTO_SOFASCORE,SIN_EVENTO_SOFASCORE
m_4Vv4zW,,2026-08-22,p_2AQDyY,Jhon Córdoba,Instituto,Atlético Tucumán,VOL,,,,,,,,SIN_EVENTO_SOFASCORE,SIN_EVENTO_SOFASCORE
m_4Vv4zW,,2026-08-22,p_1xKto7,Jonathan Galván,Instituto,Atlético Tucumán,DEF,,,,,,,,SIN_EVENTO_SOFASCORE,SIN_EVENTO_SOFASCORE
m_4Vv4zW,,2026-08-22,p_1JEoJq,Jonás Acevedo,Instituto,Atlético Tucumán,VOL,,,,,,,,SIN_EVENTO_SOFASCORE,SIN_EVENTO_SOFASCORE
m_4Vv4zW,,2026-08-22,p_3x6Yqh,Leonel Mosevich,Instituto,Atlético Tucumán,DEF,,,,,,,,SIN_EVENTO_SOFASCORE,SIN_EVENTO_SOFASCORE
m_4Vv4zW,,2026-08-22,p_3lQo2d,Marcos Ledesma,Instituto,Atlético Tucumán,ARQ,,,,,,,,SIN_EVENTO_SOFASCORE,SIN_EVENTO_SOFASCORE
m_4Vv4zW,,2026-08-22,p_0s5hPU,Matías Gallardo,Instituto,Atlético Tucumán,VOL,,,,,,,,SIN_EVENTO_SOFASCORE,SIN_EVENTO_SOFASCORE
m_4Llsds,,2026-08-23,p_4Mszzs,Adrián Spörle,Belgrano,Defensa y Justicia,DEF,,,,,,,,SIN_EVENTO_SOFASCORE,SIN_EVENTO_SOFASCORE
m_4Llsds,,2026-08-23,p_43D8up,Adrián Sánchez,Belgrano,Defensa y Justicia,VOL,,,,,,,,SIN_EVENTO_SOFASCORE,SIN_EVENTO_SOFASCORE
m_4Llsds,,2026-08-23,p_3nfcvs,Agustín Falcón,Belgrano,Defensa y Justicia,DEF,,,,,,,,SIN_EVENTO_SOFASCORE,SIN_EVENTO_SOFASCORE
m_4Llsds,,2026-08-23,p_1EMq3A,Alcides Benítez,Belgrano,Defensa y Justicia,DEF,,,,,,,,SIN_EVENTO_SOFASCORE,SIN_EVENTO_SOFASCORE
m_4Llsds,,2026-08-23,p_49U5oJ,Emiliano Ariel Rigoni,Belgrano,Defensa y Justicia,VOL,,,,,,,,SIN_EVENTO_SOFASCORE,SIN_EVENTO_SOFASCORE
m_4Llsds,,2026-08-23,p_3Boqdn,Francisco González Metilli,Belgrano,Defensa y Justicia,VOL,,,,,,,,SIN_EVENTO_SOFASCORE,SIN_EVENTO_SOFASCORE
m_4Llsds,,2026-08-23,p_4g8d1N,Franco Vázquez,Belgrano,Defensa y Justicia,VOL,,,,,,,,SIN_EVENTO_SOFASCORE,SIN_EVENTO_SOFASCORE
m_4Llsds,,2026-08-23,p_1hr765,Juan Velázquez,Belgrano,Defensa y Justicia,VOL,,,,,,,,SIN_EVENTO_SOFASCORE,SIN_EVENTO_SOFASCORE
m_4Llsds,,2026-08-23,p_1lrNAx,Lautaro Gutierrez,Belgrano,Defensa y Justicia,VOL,,,,,,,,SIN_EVENTO_SOFASCORE,SIN_EVENTO_SOFASCORE
m_4Llsds,,2026-08-23,p_3u6zLG,Leonardo Morales,Belgrano,Defensa y Justicia,DEF,,,,,,,,SIN_EVENTO_SOFASCORE,SIN_EVENTO_SOFASCORE
m_4Llsds,,2026-08-23,p_1x6fIA,Lisandro López,Belgrano,Defensa y Justicia,DEF,,,,,,,,SIN_EVENTO_SOFASCORE,SIN_EVENTO_SOFASCORE
m_4Llsds,,2026-08-23,p_0FN6nM,Ramiro Hernandes,Belgrano,Defensa y Justicia,VOL,,,,,,,,SIN_EVENTO_SOFASCORE,SIN_EVENTO_SOFASCORE
m_4Llsds,,2026-08-23,p_0ujJJG,Thiago Cardozo,Belgrano,Defensa y Justicia,ARQ,,,,,,,,SIN_EVENTO_SOFASCORE,SIN_EVENTO_SOFASCORE
m_3xzvfD,,2026-08-23,p_4FAIfZ,Alexis Castro,Estudiantes,Sarmiento,VOL,,,,,,,,SIN_EVENTO_SOFASCORE,SIN_EVENTO_SOFASCORE
m_3xzvfD,,2026-08-23,p_3NKnXO,Brian Aguirre,Estudiantes,Sarmiento,VOL,,,,,,,,SIN_EVENTO_SOFASCORE,SIN_EVENTO_SOFASCORE
m_3xzvfD,,2026-08-23,p_2DQVsu,Eric Meza,Estudiantes,Sarmiento,DEF,,,,,,,,SIN_EVENTO_SOFASCORE,SIN_EVENTO_SOFASCORE
m_3xzvfD,,2026-08-23,p_375sV8,Eros Mancuso,Estudiantes,Sarmiento,DEF,,,,,,,,SIN_EVENTO_SOFASCORE,SIN_EVENTO_SOFASCORE
m_3xzvfD,,2026-08-23,p_4drKzY,Ezequiel Piovi,Estudiantes,Sarmiento,VOL,,,,,,,,SIN_EVENTO_SOFASCORE,SIN_EVENTO_SOFASCORE
m_3xzvfD,,2026-08-23,p_0UPCHl,Fabricio Pérez,Estudiantes,Sarmiento,VOL,,,,,,,,SIN_EVENTO_SOFASCORE,SIN_EVENTO_SOFASCORE
m_3xzvfD,,2026-08-23,p_43Wo3u,Fernando Muslera,Estudiantes,Sarmiento,ARQ,,,,,,,,SIN_EVENTO_SOFASCORE,SIN_EVENTO_SOFASCORE
m_3xzvfD,,2026-08-23,p_4JGs42,Joaquín Correa,Estudiantes,Sarmiento,VOL,,,,,,,,SIN_EVENTO_SOFASCORE,SIN_EVENTO_SOFASCORE
m_3xzvfD,,2026-08-23,p_0v7y0D,Joaquín Pereyra,Estudiantes,Sarmiento,DEF,,,,,,,,SIN_EVENTO_SOFASCORE,SIN_EVENTO_SOFASCORE
m_3xzvfD,,2026-08-23,p_3j26Fw,José Sosa,Estudiantes,Sarmiento,VOL,,,,,,,,SIN_EVENTO_SOFASCORE,SIN_EVENTO_SOFASCORE
m_3xzvfD,,2026-08-23,p_1TPSrY,Tomás Palacios,Estudiantes,Sarmiento,DEF,,,,,,,,SIN_EVENTO_SOFASCORE,SIN_EVENTO_SOFASCORE
m_3xzvfD,,2026-08-23,p_0aKkyA,Valente Pierani,Estudiantes,Sarmiento,DEF,,,,,,,,SIN_EVENTO_SOFASCORE,SIN_EVENTO_SOFASCORE
m_2k3hTY,,2026-08-24,p_43Olsv,Alan Aguerre,Central Córdoba de Santiago,Tigre,ARQ,,,,,,,,SIN_EVENTO_SOFASCORE,SIN_EVENTO_SOFASCORE
m_2k3hTY,,2026-08-24,p_1j4h24,Alan Daian Laprida,Central Córdoba de Santiago,Tigre,VOL,,,,,,,,SIN_EVENTO_SOFASCORE,SIN_EVENTO_SOFASCORE
m_2k3hTY,,2026-08-24,p_2StpFV,Alejandro Maciel,Central Córdoba de Santiago,Tigre,DEF,,,,,,,,SIN_EVENTO_SOFASCORE,SIN_EVENTO_SOFASCORE
m_2k3hTY,,2026-08-24,p_16mEjs,Darío Cáceres,Central Córdoba de Santiago,Tigre,DEF,,,,,,,,SIN_EVENTO_SOFASCORE,SIN_EVENTO_SOFASCORE
m_2k3hTY,,2026-08-24,p_0ciPTe,Diego Barrera,Central Córdoba de Santiago,Tigre,VOL,,,,,,,,SIN_EVENTO_SOFASCORE,SIN_EVENTO_SOFASCORE
m_2k3hTY,,2026-08-24,p_1K6Fr9,Fernando Martínez,Central Córdoba de Santiago,Tigre,DEF,,,,,,,,SIN_EVENTO_SOFASCORE,SIN_EVENTO_SOFASCORE
m_2k3hTY,,2026-08-24,p_444jRY,Horacio Tijanovich,Central Córdoba de Santiago,Tigre,VOL,,,,,,,,SIN_EVENTO_SOFASCORE,SIN_EVENTO_SOFASCORE
m_2k3hTY,,2026-08-24,p_0veUmD,Lucas González,Central Córdoba de Santiago,Tigre,VOL,,,,,,,,SIN_EVENTO_SOFASCORE,SIN_EVENTO_SOFASCORE
m_2k3hTY,,2026-08-24,p_2nfEM8,Marco Iacobellis,Central Córdoba de Santiago,Tigre,VOL,,,,,,,,SIN_EVENTO_SOFASCORE,SIN_EVENTO_SOFASCORE
m_2k3hTY,,2026-08-24,p_3XD5Nu,Matías Vera,Central Córdoba de Santiago,Tigre,VOL,,,,,,,,SIN_EVENTO_SOFASCORE,SIN_EVENTO_SOFASCORE
m_2k3hTY,,2026-08-24,p_3cMYiv,Santiago Moyano,Central Córdoba de Santiago,Tigre,DEF,,,,,,,,SIN_EVENTO_SOFASCORE,SIN_EVENTO_SOFASCORE
m_2k3hTY,,2026-08-24,p_0VScM6,Tiago Cravero,Central Córdoba de Santiago,Tigre,VOL,,,,,,,,SIN_EVENTO_SOFASCORE,SIN_EVENTO_SOFASCORE
m_38XAFZ,,2026-08-25,p_3dgI1a,Agustín Medina,Lanús,Argentinos Juniors,VOL,,,,,,,,SIN_EVENTO_SOFASCORE,SIN_EVENTO_SOFASCORE
m_38XAFZ,,2026-08-25,p_0pxwpN,Carlos Izquierdoz,Lanús,Argentinos Juniors,DEF,,,,,,,,SIN_EVENTO_SOFASCORE,SIN_EVENTO_SOFASCORE
m_38XAFZ,,2026-08-25,p_1Dr7TL,Eduardo Salvio,Lanús,Argentinos Juniors,VOL,,,,,,,,SIN_EVENTO_SOFASCORE,SIN_EVENTO_SOFASCORE
m_38XAFZ,,2026-08-25,p_4NdBtx,Felipe Peña Biafore,Lanús,Argentinos Juniors,VOL,,,,,,,,SIN_EVENTO_SOFASCORE,SIN_EVENTO_SOFASCORE
m_38XAFZ,,2026-08-25,p_45uQz6,Franco Watson,Lanús,Argentinos Juniors,VOL,,,,,,,,SIN_EVENTO_SOFASCORE,SIN_EVENTO_SOFASCORE
m_38XAFZ,,2026-08-25,p_1va0ir,Gonzalo Pérez,Lanús,Argentinos Juniors,DEF,,,,,,,,SIN_EVENTO_SOFASCORE,SIN_EVENTO_SOFASCORE
m_38XAFZ,,2026-08-25,p_0MwF8F,Lucas Besozzi,Lanús,Argentinos Juniors,VOL,,,,,,,,SIN_EVENTO_SOFASCORE,SIN_EVENTO_SOFASCORE
m_38XAFZ,,2026-08-25,p_1R1UR4,Matías Sepúlveda,Lanús,Argentinos Juniors,VOL,,,,,,,,SIN_EVENTO_SOFASCORE,SIN_EVENTO_SOFASCORE
m_38XAFZ,,2026-08-25,p_4W6aiW,Nahuel Losada,Lanús,Argentinos Juniors,ARQ,,,,,,,,SIN_EVENTO_SOFASCORE,SIN_EVENTO_SOFASCORE
m_38XAFZ,,2026-08-25,p_37cT31,Ronaldo Dejesús,Lanús,Argentinos Juniors,DEF,,,,,,,,SIN_EVENTO_SOFASCORE,SIN_EVENTO_SOFASCORE
m_38XAFZ,,2026-08-25,p_0YK7Rt,Sasha Marcich,Lanús,Argentinos Juniors,DEF,,,,,,,,SIN_EVENTO_SOFASCORE,SIN_EVENTO_SOFASCORE
m_38XAFZ,,2026-08-25,p_2GJUhU,Thiago Laplace,Lanús,Argentinos Juniors,VOL,,,,,,,,SIN_EVENTO_SOFASCORE,SIN_EVENTO_SOFASCORE
m_38XAFZ,,2026-08-25,p_1Zygll,Tomás Ezequiel Guidara,Lanús,Argentinos Juniors,DEF,,,,,,,,SIN_EVENTO_SOFASCORE,SIN_EVENTO_SOFASCORE
m_2LhyO1,,2026-08-25,p_0rvVb2,Alexandro Maidana,Talleres,Rosario Central,DEF,,,,,,,,SIN_EVENTO_SOFASCORE,SIN_EVENTO_SOFASCORE
m_2LhyO1,,2026-08-25,p_23S3AO,Augusto Schott,Talleres,Rosario Central,DEF,,,,,,,,SIN_EVENTO_SOFASCORE,SIN_EVENTO_SOFASCORE
m_2LhyO1,,2026-08-25,p_2HsKZ1,Ezequiel Unsain,Talleres,Rosario Central,ARQ,,,,,,,,SIN_EVENTO_SOFASCORE,SIN_EVENTO_SOFASCORE
m_2LhyO1,,2026-08-25,p_3mEDPS,Federico Fattori,Talleres,Rosario Central,VOL,,,,,,,,SIN_EVENTO_SOFASCORE,SIN_EVENTO_SOFASCORE
m_2LhyO1,,2026-08-25,p_3weO8u,Franco Cristaldo,Talleres,Rosario Central,VOL,,,,,,,,SIN_EVENTO_SOFASCORE,SIN_EVENTO_SOFASCORE
m_2LhyO1,,2026-08-25,p_2usscp,Gabriel Báez,Talleres,Rosario Central,DEF,,,,,,,,SIN_EVENTO_SOFASCORE,SIN_EVENTO_SOFASCORE
m_2LhyO1,,2026-08-25,p_0zKhoP,Matías Galarza,Talleres,Rosario Central,VOL,,,,,,,,SIN_EVENTO_SOFASCORE,SIN_EVENTO_SOFASCORE
m_2LhyO1,,2026-08-25,p_0V59vw,Santiago Fernández,Talleres,Rosario Central,DEF,,,,,,,,SIN_EVENTO_SOFASCORE,SIN_EVENTO_SOFASCORE
m_2LhyO1,,2026-08-25,p_4PWmyN,Timoteo Chamorro,Talleres,Rosario Central,DEF,,,,,,,,SIN_EVENTO_SOFASCORE,SIN_EVENTO_SOFASCORE
m_2LhyO1,,2026-08-25,p_2nrS5l,Valentín Fascendini,Talleres,Rosario Central,DEF,,,,,,,,SIN_EVENTO_SOFASCORE,SIN_EVENTO_SOFASCORE
m_1bDP6c,,2026-08-28,p_43YxGe,Brahian Cuello,Unión,Sarmiento,VOL,,,,,,,,SIN_EVENTO_SOFASCORE,SIN_EVENTO_SOFASCORE
m_1bDP6c,,2026-08-28,p_0CHQCV,Emilio Giaccone,Unión,Sarmiento,VOL,,,,,,,,SIN_EVENTO_SOFASCORE,SIN_EVENTO_SOFASCORE
m_1bDP6c,,2026-08-28,p_1NZkbt,Eric Ramírez,Unión,Sarmiento,VOL,,,,,,,,SIN_EVENTO_SOFASCORE,SIN_EVENTO_SOFASCORE
m_1bDP6c,,2026-08-28,p_47bCwf,Ignacio Malcorra,Unión,Sarmiento,VOL,,,,,,,,SIN_EVENTO_SOFASCORE,SIN_EVENTO_SOFASCORE
m_1bDP6c,,2026-08-28,p_3c6pcI,Juan Pablo Ludueña,Unión,Sarmiento,DEF,,,,,,,,SIN_EVENTO_SOFASCORE,SIN_EVENTO_SOFASCORE
m_1bDP6c,,2026-08-28,p_4P8OoY,Juan Pintado,Unión,Sarmiento,DEF,,,,,,,,SIN_EVENTO_SOFASCORE,SIN_EVENTO_SOFASCORE
m_1bDP6c,,2026-08-28,p_2P4QLN,Lucas Ayala,Unión,Sarmiento,DEF,,,,,,,,SIN_EVENTO_SOFASCORE,SIN_EVENTO_SOFASCORE
m_1bDP6c,,2026-08-28,p_0ZgxsX,Lucas Menossi,Unión,Sarmiento,VOL,,,,,,,,SIN_EVENTO_SOFASCORE,SIN_EVENTO_SOFASCORE
m_1bDP6c,,2026-08-28,p_2jiARu,Maizon Rodríguez,Unión,Sarmiento,DEF,,,,,,,,SIN_EVENTO_SOFASCORE,SIN_EVENTO_SOFASCORE
m_1bDP6c,,2026-08-28,p_3rkznN,Mateo Peresutti,Unión,Sarmiento,VOL,,,,,,,,SIN_EVENTO_SOFASCORE,SIN_EVENTO_SOFASCORE
m_1bDP6c,,2026-08-28,p_0yyPLQ,Matías Mansilla,Unión,Sarmiento,ARQ,,,,,,,,SIN_EVENTO_SOFASCORE,SIN_EVENTO_SOFASCORE
m_1bDP6c,,2026-08-28,p_2N5L7Q,Mauro Luna Diale,Unión,Sarmiento,VOL,,,,,,,,SIN_EVENTO_SOFASCORE,SIN_EVENTO_SOFASCORE
m_1bDP6c,,2026-08-28,p_11jmli,Misael Aguirre,Unión,Sarmiento,VOL,,,,,,,,SIN_EVENTO_SOFASCORE,SIN_EVENTO_SOFASCORE
m_4bNncf,,2026-08-29,p_0AsvjF,Augusto Max,Gimnasia LP,Rosario Central,VOL,,,,,,,,SIN_EVENTO_SOFASCORE,SIN_EVENTO_SOFASCORE
m_4bNncf,,2026-08-29,p_0xdX07,Bautista Barros Schelotto,Gimnasia LP,Rosario Central,DEF,,,,,,,,SIN_EVENTO_SOFASCORE,SIN_EVENTO_SOFASCORE
m_4bNncf,,2026-08-29,p_40ubcR,Enzo Martínez,Gimnasia LP,Rosario Central,DEF,,,,,,,,SIN_EVENTO_SOFASCORE,SIN_EVENTO_SOFASCORE
m_4bNncf,,2026-08-29,p_3mGP60,Germán Conti,Gimnasia LP,Rosario Central,DEF,,,,,,,,SIN_EVENTO_SOFASCORE,SIN_EVENTO_SOFASCORE
m_4bNncf,,2026-08-29,p_15wJtA,Ignacio Fernández,Gimnasia LP,Rosario Central,VOL,,,,,,,,SIN_EVENTO_SOFASCORE,SIN_EVENTO_SOFASCORE
m_4bNncf,,2026-08-29,p_2PDOYX,Ignacio Miramón,Gimnasia LP,Rosario Central,VOL,,,,,,,,SIN_EVENTO_SOFASCORE,SIN_EVENTO_SOFASCORE
m_4bNncf,,2026-08-29,p_2h5dHt,Manuel Panaro,Gimnasia LP,Rosario Central,VOL,,,,,,,,SIN_EVENTO_SOFASCORE,SIN_EVENTO_SOFASCORE
m_4bNncf,,2026-08-29,p_21agZ1,Mateo Seoane,Gimnasia LP,Rosario Central,VOL,,,,,,,,SIN_EVENTO_SOFASCORE,SIN_EVENTO_SOFASCORE
m_4bNncf,,2026-08-29,p_1CvIxl,Nelson Insfrán,Gimnasia LP,Rosario Central,ARQ,,,,,,,,SIN_EVENTO_SOFASCORE,SIN_EVENTO_SOFASCORE
m_4bNncf,,2026-08-29,p_2ZvpgZ,Pedro Silva Torrejón,Gimnasia LP,Rosario Central,DEF,,,,,,,,SIN_EVENTO_SOFASCORE,SIN_EVENTO_SOFASCORE
m_4bNncf,,2026-08-29,p_0URNSN,Renzo Giampaoli,Gimnasia LP,Rosario Central,DEF,,,,,,,,SIN_EVENTO_SOFASCORE,SIN_EVENTO_SOFASCORE
m_0rmcr6,,2026-08-29,p_3xub3o,Agustín Cardozo,Lanús,Boca Juniors,VOL,,,,,,,,SIN_EVENTO_SOFASCORE,SIN_EVENTO_SOFASCORE
m_0rmcr6,,2026-08-29,p_3dgI1a,Agustín Medina,Lanús,Boca Juniors,VOL,,,,,,,,SIN_EVENTO_SOFASCORE,SIN_EVENTO_SOFASCORE
m_0rmcr6,,2026-08-29,p_4MmWJY,Benjamín Acosta,Lanús,Boca Juniors,VOL,,,,,,,,SIN_EVENTO_SOFASCORE,SIN_EVENTO_SOFASCORE
m_0rmcr6,,2026-08-29,p_0pxwpN,Carlos Izquierdoz,Lanús,Boca Juniors,DEF,,,,,,,,SIN_EVENTO_SOFASCORE,SIN_EVENTO_SOFASCORE
m_0rmcr6,,2026-08-29,p_1Dr7TL,Eduardo Salvio,Lanús,Boca Juniors,VOL,,,,,,,,SIN_EVENTO_SOFASCORE,SIN_EVENTO_SOFASCORE
m_0rmcr6,,2026-08-29,p_4NdBtx,Felipe Peña Biafore,Lanús,Boca Juniors,VOL,,,,,,,,SIN_EVENTO_SOFASCORE,SIN_EVENTO_SOFASCORE
m_0rmcr6,,2026-08-29,p_45uQz6,Franco Watson,Lanús,Boca Juniors,VOL,,,,,,,,SIN_EVENTO_SOFASCORE,SIN_EVENTO_SOFASCORE
m_0rmcr6,,2026-08-29,p_2YLj3q,José Canale,Lanús,Boca Juniors,DEF,,,,,,,,SIN_EVENTO_SOFASCORE,SIN_EVENTO_SOFASCORE
m_0rmcr6,,2026-08-29,p_0MwF8F,Lucas Besozzi,Lanús,Boca Juniors,VOL,,,,,,,,SIN_EVENTO_SOFASCORE,SIN_EVENTO_SOFASCORE
m_0rmcr6,,2026-08-29,p_1R1UR4,Matías Sepúlveda,Lanús,Boca Juniors,VOL,,,,,,,,SIN_EVENTO_SOFASCORE,SIN_EVENTO_SOFASCORE
m_0rmcr6,,2026-08-29,p_4W6aiW,Nahuel Losada,Lanús,Boca Juniors,ARQ,,,,,,,,SIN_EVENTO_SOFASCORE,SIN_EVENTO_SOFASCORE
m_0rmcr6,,2026-08-29,p_0YK7Rt,Sasha Marcich,Lanús,Boca Juniors,DEF,,,,,,,,SIN_EVENTO_SOFASCORE,SIN_EVENTO_SOFASCORE
m_0rmcr6,,2026-08-29,p_1Zygll,Tomás Ezequiel Guidara,Lanús,Boca Juniors,DEF,,,,,,,,SIN_EVENTO_SOFASCORE,SIN_EVENTO_SOFASCORE
m_02m9E0,,2026-08-30,p_4Mszzs,Adrián Spörle,Belgrano,Atlético Tucumán,DEF,,,,,,,,SIN_EVENTO_SOFASCORE,SIN_EVENTO_SOFASCORE
m_02m9E0,,2026-08-30,p_43D8up,Adrián Sánchez,Belgrano,Atlético Tucumán,VOL,,,,,,,,SIN_EVENTO_SOFASCORE,SIN_EVENTO_SOFASCORE
m_02m9E0,,2026-08-30,p_1EMq3A,Alcides Benítez,Belgrano,Atlético Tucumán,DEF,,,,,,,,SIN_EVENTO_SOFASCORE,SIN_EVENTO_SOFASCORE
m_02m9E0,,2026-08-30,p_49U5oJ,Emiliano Ariel Rigoni,Belgrano,Atlético Tucumán,VOL,,,,,,,,SIN_EVENTO_SOFASCORE,SIN_EVENTO_SOFASCORE
m_02m9E0,,2026-08-30,p_3Boqdn,Francisco González Metilli,Belgrano,Atlético Tucumán,VOL,,,,,,,,SIN_EVENTO_SOFASCORE,SIN_EVENTO_SOFASCORE
m_02m9E0,,2026-08-30,p_4g8d1N,Franco Vázquez,Belgrano,Atlético Tucumán,VOL,,,,,,,,SIN_EVENTO_SOFASCORE,SIN_EVENTO_SOFASCORE
m_02m9E0,,2026-08-30,p_1hr765,Juan Velázquez,Belgrano,Atlético Tucumán,VOL,,,,,,,,SIN_EVENTO_SOFASCORE,SIN_EVENTO_SOFASCORE
m_02m9E0,,2026-08-30,p_3u6zLG,Leonardo Morales,Belgrano,Atlético Tucumán,DEF,,,,,,,,SIN_EVENTO_SOFASCORE,SIN_EVENTO_SOFASCORE
m_02m9E0,,2026-08-30,p_1x6fIA,Lisandro López,Belgrano,Atlético Tucumán,DEF,,,,,,,,SIN_EVENTO_SOFASCORE,SIN_EVENTO_SOFASCORE
m_02m9E0,,2026-08-30,p_0FN6nM,Ramiro Hernandes,Belgrano,Atlético Tucumán,VOL,,,,,,,,SIN_EVENTO_SOFASCORE,SIN_EVENTO_SOFASCORE
m_02m9E0,,2026-08-30,p_0ujJJG,Thiago Cardozo,Belgrano,Atlético Tucumán,ARQ,,,,,,,,SIN_EVENTO_SOFASCORE,SIN_EVENTO_SOFASCORE
m_38lyOU,,2026-08-30,p_43Olsv,Alan Aguerre,Central Córdoba de Santiago,Talleres,ARQ,,,,,,,,SIN_EVENTO_SOFASCORE,SIN_EVENTO_SOFASCORE
m_38lyOU,,2026-08-30,p_2StpFV,Alejandro Maciel,Central Córdoba de Santiago,Talleres,DEF,,,,,,,,SIN_EVENTO_SOFASCORE,SIN_EVENTO_SOFASCORE
m_38lyOU,,2026-08-30,p_16mEjs,Darío Cáceres,Central Córdoba de Santiago,Talleres,DEF,,,,,,,,SIN_EVENTO_SOFASCORE,SIN_EVENTO_SOFASCORE
m_38lyOU,,2026-08-30,p_0ciPTe,Diego Barrera,Central Córdoba de Santiago,Talleres,VOL,,,,,,,,SIN_EVENTO_SOFASCORE,SIN_EVENTO_SOFASCORE
m_38lyOU,,2026-08-30,p_0RVLhG,Ezequiel Naya,Central Córdoba de Santiago,Talleres,DEL,,,,,,,,SIN_EVENTO_SOFASCORE,SIN_EVENTO_SOFASCORE
m_38lyOU,,2026-08-30,p_1KfXQ1,Facundo Mansilla Zahir,Central Córdoba de Santiago,Talleres,DEF,,,,,,,,SIN_EVENTO_SOFASCORE,SIN_EVENTO_SOFASCORE
m_38lyOU,,2026-08-30,p_1K6Fr9,Fernando Martínez,Central Córdoba de Santiago,Talleres,DEF,,,,,,,,SIN_EVENTO_SOFASCORE,SIN_EVENTO_SOFASCORE
m_38lyOU,,2026-08-30,p_4ax8kI,Joaquín Flores,Central Córdoba de Santiago,Talleres,DEL,,,,,,,,SIN_EVENTO_SOFASCORE,SIN_EVENTO_SOFASCORE
m_38lyOU,,2026-08-30,p_3DBOMn,José Gómez,Central Córdoba de Santiago,Talleres,DEF,,,,,,,,SIN_EVENTO_SOFASCORE,SIN_EVENTO_SOFASCORE
m_38lyOU,,2026-08-30,p_0veUmD,Lucas González,Central Córdoba de Santiago,Talleres,VOL,,,,,,,,SIN_EVENTO_SOFASCORE,SIN_EVENTO_SOFASCORE
m_38lyOU,,2026-08-30,p_2nfEM8,Marco Iacobellis,Central Córdoba de Santiago,Talleres,VOL,,,,,,,,SIN_EVENTO_SOFASCORE,SIN_EVENTO_SOFASCORE
m_38lyOU,,2026-08-30,p_3XD5Nu,Matías Vera,Central Córdoba de Santiago,Talleres,VOL,,,,,,,,SIN_EVENTO_SOFASCORE,SIN_EVENTO_SOFASCORE
m_38lyOU,,2026-08-30,p_3cMYiv,Santiago Moyano,Central Córdoba de Santiago,Talleres,DEF,,,,,,,,SIN_EVENTO_SOFASCORE,SIN_EVENTO_SOFASCORE
m_14q45G,,2026-08-30,p_1mCr0i,Agustín Módica,Gimnasia Mendoza,Independiente,DEL,,,,,,,,SIN_EVENTO_SOFASCORE,SIN_EVENTO_SOFASCORE
m_14q45G,,2026-08-30,p_1VlIuF,Brian Andrada,Gimnasia Mendoza,Independiente,VOL,,,,,,,,SIN_EVENTO_SOFASCORE,SIN_EVENTO_SOFASCORE
m_14q45G,,2026-08-30,p_3foBen,César Rigamonti,Gimnasia Mendoza,Independiente,ARQ,,,,,,,,SIN_EVENTO_SOFASCORE,SIN_EVENTO_SOFASCORE
m_14q45G,,2026-08-30,p_4LMFQ0,Diego Mondino,Gimnasia Mendoza,Independiente,DEF,,,,,,,,SIN_EVENTO_SOFASCORE,SIN_EVENTO_SOFASCORE
m_14q45G,,2026-08-30,p_1Iyu97,Esteban Fernández,Gimnasia Mendoza,Independiente,VOL,,,,,,,,SIN_EVENTO_SOFASCORE,SIN_EVENTO_SOFASCORE
m_14q45G,,2026-08-30,p_2UZfm9,Ezequiel Muñoz,Gimnasia Mendoza,Independiente,DEF,,,,,,,,SIN_EVENTO_SOFASCORE,SIN_EVENTO_SOFASCORE
m_14q45G,,2026-08-30,p_2ykUpy,Facundo Lencioni,Gimnasia Mendoza,Independiente,VOL,,,,,,,,SIN_EVENTO_SOFASCORE,SIN_EVENTO_SOFASCORE
m_14q45G,,2026-08-30,p_1iogLn,Fermín Antonini,Gimnasia Mendoza,Independiente,VOL,,,,,,,,SIN_EVENTO_SOFASCORE,SIN_EVENTO_SOFASCORE
m_14q45G,,2026-08-30,p_3oSsFv,Ignacio Sabatini,Gimnasia Mendoza,Independiente,DEL,,,,,,,,SIN_EVENTO_SOFASCORE,SIN_EVENTO_SOFASCORE
m_14q45G,,2026-08-30,p_4HrltX,Luciano Cingolani,Gimnasia Mendoza,Independiente,DEL,,,,,,,,SIN_EVENTO_SOFASCORE,SIN_EVENTO_SOFASCORE
m_14q45G,,2026-08-30,p_3oqT7Z,Luciano Paredes,Gimnasia Mendoza,Independiente,DEF,,,,,,,,SIN_EVENTO_SOFASCORE,SIN_EVENTO_SOFASCORE
m_14q45G,,2026-08-30,p_1oAIvS,Matías Recalde,Gimnasia Mendoza,Independiente,DEF,,,,,,,,SIN_EVENTO_SOFASCORE,SIN_EVENTO_SOFASCORE
m_14q45G,,2026-08-30,p_3gSMfS,Matías Vargas,Gimnasia Mendoza,Independiente,VOL,,,,,,,,SIN_EVENTO_SOFASCORE,SIN_EVENTO_SOFASCORE
m_14q45G,,2026-08-30,p_2rHsQv,Nahuel Barboza,Gimnasia Mendoza,Independiente,VOL,,,,,,,,SIN_EVENTO_SOFASCORE,SIN_EVENTO_SOFASCORE
m_14q45G,,2026-08-30,p_4WHbBz,Santiago Rodríguez,Gimnasia Mendoza,Independiente,DEL,,,,,,,,SIN_EVENTO_SOFASCORE,SIN_EVENTO_SOFASCORE
m_14q45G,,2026-08-30,p_4OJPBH,Tomás O'Connor,Gimnasia Mendoza,Independiente,VOL,,,,,,,,SIN_EVENTO_SOFASCORE,SIN_EVENTO_SOFASCORE
m_14q45G,,2026-08-30,p_1GfCUr,Ezequiel Ávila,Independiente,Gimnasia Mendoza,DEL,,,,,,,,SIN_EVENTO_SOFASCORE,SIN_EVENTO_SOFASCORE
m_14q45G,,2026-08-30,p_2ralsZ,Facundo Zabala,Independiente,Gimnasia Mendoza,DEF,,,,,,,,SIN_EVENTO_SOFASCORE,SIN_EVENTO_SOFASCORE
m_14q45G,,2026-08-30,p_0nB8to,Felipe Tempone,Independiente,Gimnasia Mendoza,DEL,,,,,,,,SIN_EVENTO_SOFASCORE,SIN_EVENTO_SOFASCORE
m_14q45G,,2026-08-30,p_477cm1,Iván Marcone,Independiente,Gimnasia Mendoza,VOL,,,,,,,,SIN_EVENTO_SOFASCORE,SIN_EVENTO_SOFASCORE
m_14q45G,,2026-08-30,p_3BqvxS,Josias Palais,Independiente,Gimnasia Mendoza,VOL,,,,,,,,SIN_EVENTO_SOFASCORE,SIN_EVENTO_SOFASCORE
m_14q45G,,2026-08-30,p_1HqLta,Juan Fedorco,Independiente,Gimnasia Mendoza,DEF,,,,,,,,SIN_EVENTO_SOFASCORE,SIN_EVENTO_SOFASCORE
m_14q45G,,2026-08-30,p_1OwbCC,Juan Miguel Arrayago,Independiente,Gimnasia Mendoza,DEF,,,,,,,,SIN_EVENTO_SOFASCORE,SIN_EVENTO_SOFASCORE
m_14q45G,,2026-08-30,p_3zzhTk,Kevin Lomónaco,Independiente,Gimnasia Mendoza,DEF,,,,,,,,SIN_EVENTO_SOFASCORE,SIN_EVENTO_SOFASCORE
m_14q45G,,2026-08-30,p_2GcFwZ,Lautaro Millán,Independiente,Gimnasia Mendoza,VOL,,,,,,,,SIN_EVENTO_SOFASCORE,SIN_EVENTO_SOFASCORE
m_14q45G,,2026-08-30,p_2Y5BPH,Leonardo Godoy,Independiente,Gimnasia Mendoza,DEF,,,,,,,,SIN_EVENTO_SOFASCORE,SIN_EVENTO_SOFASCORE
m_14q45G,,2026-08-30,p_2l6eDm,Matías Abaldo,Independiente,Gimnasia Mendoza,DEL,,,,,,,,SIN_EVENTO_SOFASCORE,SIN_EVENTO_SOFASCORE
m_14q45G,,2026-08-30,p_3neIIb,Maximiliano Gutiérrez,Independiente,Gimnasia Mendoza,DEL,,,,,,,,SIN_EVENTO_SOFASCORE,SIN_EVENTO_SOFASCORE
m_14q45G,,2026-08-30,p_2BSeTF,Maximiliano Meza,Independiente,Gimnasia Mendoza,VOL,,,,,,,,SIN_EVENTO_SOFASCORE,SIN_EVENTO_SOFASCORE
m_14q45G,,2026-08-30,p_0HtrYt,Ramiro Martino,Independiente,Gimnasia Mendoza,DEF,,,,,,,,SIN_EVENTO_SOFASCORE,SIN_EVENTO_SOFASCORE
m_14q45G,,2026-08-30,p_3KLwFI,Rodrigo Rey,Independiente,Gimnasia Mendoza,ARQ,,,,,,,,SIN_EVENTO_SOFASCORE,SIN_EVENTO_SOFASCORE
m_14q45G,,2026-08-30,p_2c9Jkj,Santiago Gabriel Montiel,Independiente,Gimnasia Mendoza,VOL,,,,,,,,SIN_EVENTO_SOFASCORE,SIN_EVENTO_SOFASCORE
m_38lyOU,,2026-08-30,p_14TOcz,Agustín Álvarez,Talleres,Central Córdoba de Santiago,DEL,,,,,,,,SIN_EVENTO_SOFASCORE,SIN_EVENTO_SOFASCORE
m_38lyOU,,2026-08-30,p_23S3AO,Augusto Schott,Talleres,Central Córdoba de Santiago,DEF,,,,,,,,SIN_EVENTO_SOFASCORE,SIN_EVENTO_SOFASCORE
m_38lyOU,,2026-08-30,p_05SKXO,Emiliano Chiavassa,Talleres,Central Córdoba de Santiago,DEL,,,,,,,,SIN_EVENTO_SOFASCORE,SIN_EVENTO_SOFASCORE
m_38lyOU,,2026-08-30,p_2HsKZ1,Ezequiel Unsain,Talleres,Central Córdoba de Santiago,ARQ,,,,,,,,SIN_EVENTO_SOFASCORE,SIN_EVENTO_SOFASCORE
m_38lyOU,,2026-08-30,p_3weO8u,Franco Cristaldo,Talleres,Central Córdoba de Santiago,VOL,,,,,,,,SIN_EVENTO_SOFASCORE,SIN_EVENTO_SOFASCORE
m_38lyOU,,2026-08-30,p_2usscp,Gabriel Báez,Talleres,Central Córdoba de Santiago,DEF,,,,,,,,SIN_EVENTO_SOFASCORE,SIN_EVENTO_SOFASCORE
m_38lyOU,,2026-08-30,p_209otm,Giovanni Baroni,Talleres,Central Córdoba de Santiago,VOL,,,,,,,,SIN_EVENTO_SOFASCORE,SIN_EVENTO_SOFASCORE
m_38lyOU,,2026-08-30,p_0tQtiw,Juan Sforza,Talleres,Central Córdoba de Santiago,VOL,,,,,,,,SIN_EVENTO_SOFASCORE,SIN_EVENTO_SOFASCORE
m_38lyOU,,2026-08-30,p_2l1GSH,Lautaro Ortíz,Talleres,Central Córdoba de Santiago,VOL,,,,,,,,SIN_EVENTO_SOFASCORE,SIN_EVENTO_SOFASCORE
m_38lyOU,,2026-08-30,p_43mFql,Matías Catalán,Talleres,Central Córdoba de Santiago,DEF,,,,,,,,SIN_EVENTO_SOFASCORE,SIN_EVENTO_SOFASCORE
m_38lyOU,,2026-08-30,p_0zKhoP,Matías Galarza,Talleres,Central Córdoba de Santiago,VOL,,,,,,,,SIN_EVENTO_SOFASCORE,SIN_EVENTO_SOFASCORE
m_38lyOU,,2026-08-30,p_3GiPCr,Rick,Talleres,Central Córdoba de Santiago,DEL,,,,,,,,SIN_EVENTO_SOFASCORE,SIN_EVENTO_SOFASCORE
m_38lyOU,,2026-08-30,p_4PWmyN,Timoteo Chamorro,Talleres,Central Córdoba de Santiago,DEF,,,,,,,,SIN_EVENTO_SOFASCORE,SIN_EVENTO_SOFASCORE
m_38lyOU,,2026-08-30,p_1baCzH,Valentín Depietri,Talleres,Central Córdoba de Santiago,DEL,,,,,,,,SIN_EVENTO_SOFASCORE,SIN_EVENTO_SOFASCORE
m_38lyOU,,2026-08-30,p_2mFTYm,Valentín Dávila,Talleres,Central Córdoba de Santiago,DEL,,,,,,,,SIN_EVENTO_SOFASCORE,SIN_EVENTO_SOFASCORE
m_38lyOU,,2026-08-30,p_2nrS5l,Valentín Fascendini,Talleres,Central Córdoba de Santiago,DEF,,,,,,,,SIN_EVENTO_SOFASCORE,SIN_EVENTO_SOFASCORE
m_23XA3J,,2026-08-31,p_4FAIfZ,Alexis Castro,Estudiantes,Newell's Old Boys,VOL,,,,,,,,SIN_EVENTO_SOFASCORE,SIN_EVENTO_SOFASCORE
m_23XA3J,,2026-08-31,p_0lXOYJ,Baltasar Rodríguez,Estudiantes,Newell's Old Boys,VOL,,,,,,,,SIN_EVENTO_SOFASCORE,SIN_EVENTO_SOFASCORE
m_23XA3J,,2026-08-31,p_3NKnXO,Brian Aguirre,Estudiantes,Newell's Old Boys,VOL,,,,,,,,SIN_EVENTO_SOFASCORE,SIN_EVENTO_SOFASCORE
m_23XA3J,,2026-08-31,p_2DQVsu,Eric Meza,Estudiantes,Newell's Old Boys,DEF,,,,,,,,SIN_EVENTO_SOFASCORE,SIN_EVENTO_SOFASCORE
m_23XA3J,,2026-08-31,p_375sV8,Eros Mancuso,Estudiantes,Newell's Old Boys,DEF,,,,,,,,SIN_EVENTO_SOFASCORE,SIN_EVENTO_SOFASCORE
m_23XA3J,,2026-08-31,p_4drKzY,Ezequiel Piovi,Estudiantes,Newell's Old Boys,VOL,,,,,,,,SIN_EVENTO_SOFASCORE,SIN_EVENTO_SOFASCORE
m_23XA3J,,2026-08-31,p_43Wo3u,Fernando Muslera,Estudiantes,Newell's Old Boys,ARQ,,,,,,,,SIN_EVENTO_SOFASCORE,SIN_EVENTO_SOFASCORE
m_23XA3J,,2026-08-31,p_1E7ljC,Gabriel Neves,Estudiantes,Newell's Old Boys,VOL,,,,,,,,SIN_EVENTO_SOFASCORE,SIN_EVENTO_SOFASCORE
m_23XA3J,,2026-08-31,p_4LoI3o,Gastón Benedetti,Estudiantes,Newell's Old Boys,DEF,,,,,,,,SIN_EVENTO_SOFASCORE,SIN_EVENTO_SOFASCORE
m_23XA3J,,2026-08-31,p_4JGs42,Joaquín Correa,Estudiantes,Newell's Old Boys,VOL,,,,,,,,SIN_EVENTO_SOFASCORE,SIN_EVENTO_SOFASCORE
m_23XA3J,,2026-08-31,p_10iCWI,Leandro González Pírez,Estudiantes,Newell's Old Boys,DEF,,,,,,,,SIN_EVENTO_SOFASCORE,SIN_EVENTO_SOFASCORE
m_23XA3J,,2026-08-31,p_2ffBRo,Santiago Núñez,Estudiantes,Newell's Old Boys,DEF,,,,,,,,SIN_EVENTO_SOFASCORE,SIN_EVENTO_SOFASCORE
m_1YGhXX,,2026-09-01,p_0kjymf,Agustín Massaccesi,Instituto,San Lorenzo,DEF,,,,,,,,SIN_EVENTO_SOFASCORE,SIN_EVENTO_SOFASCORE
m_1YGhXX,,2026-09-01,p_39c8jY,Diego Sosa,Instituto,San Lorenzo,DEF,,,,,,,,SIN_EVENTO_SOFASCORE,SIN_EVENTO_SOFASCORE
m_1YGhXX,,2026-09-01,p_1qCu0J,Fernando Alarcón,Instituto,San Lorenzo,DEF,,,,,,,,SIN_EVENTO_SOFASCORE,SIN_EVENTO_SOFASCORE
m_1YGhXX,,2026-09-01,p_3I0XnJ,Giuliano Cerato,Instituto,San Lorenzo,VOL,,,,,,,,SIN_EVENTO_SOFASCORE,SIN_EVENTO_SOFASCORE
m_1YGhXX,,2026-09-01,p_287xJj,Gustavo Abregú,Instituto,San Lorenzo,VOL,,,,,,,,SIN_EVENTO_SOFASCORE,SIN_EVENTO_SOFASCORE
m_1YGhXX,,2026-09-01,p_4T6aUk,Ignacio Méndez,Instituto,San Lorenzo,VOL,,,,,,,,SIN_EVENTO_SOFASCORE,SIN_EVENTO_SOFASCORE
m_1YGhXX,,2026-09-01,p_28dMyW,Jeremías Lázaro,Instituto,San Lorenzo,VOL,,,,,,,,SIN_EVENTO_SOFASCORE,SIN_EVENTO_SOFASCORE
m_1YGhXX,,2026-09-01,p_2AQDyY,Jhon Córdoba,Instituto,San Lorenzo,VOL,,,,,,,,SIN_EVENTO_SOFASCORE,SIN_EVENTO_SOFASCORE
m_1YGhXX,,2026-09-01,p_1xKto7,Jonathan Galván,Instituto,San Lorenzo,DEF,,,,,,,,SIN_EVENTO_SOFASCORE,SIN_EVENTO_SOFASCORE
m_1YGhXX,,2026-09-01,p_1JEoJq,Jonás Acevedo,Instituto,San Lorenzo,VOL,,,,,,,,SIN_EVENTO_SOFASCORE,SIN_EVENTO_SOFASCORE
m_1YGhXX,,2026-09-01,p_3x6Yqh,Leonel Mosevich,Instituto,San Lorenzo,DEF,,,,,,,,SIN_EVENTO_SOFASCORE,SIN_EVENTO_SOFASCORE
m_1YGhXX,,2026-09-01,p_3lQo2d,Marcos Ledesma,Instituto,San Lorenzo,ARQ,,,,,,,,SIN_EVENTO_SOFASCORE,SIN_EVENTO_SOFASCORE
m_1YGhXX,,2026-09-01,p_0s5hPU,Matías Gallardo,Instituto,San Lorenzo,VOL,,,,,,,,SIN_EVENTO_SOFASCORE,SIN_EVENTO_SOFASCORE
m_1hvbqC,,2026-09-04,p_4Mszzs,Adrián Spörle,Belgrano,Huracán,DEF,,,,,,,,SIN_EVENTO_SOFASCORE,SIN_EVENTO_SOFASCORE
m_1hvbqC,,2026-09-04,p_43D8up,Adrián Sánchez,Belgrano,Huracán,VOL,,,,,,,,SIN_EVENTO_SOFASCORE,SIN_EVENTO_SOFASCORE
m_1hvbqC,,2026-09-04,p_1EMq3A,Alcides Benítez,Belgrano,Huracán,DEF,,,,,,,,SIN_EVENTO_SOFASCORE,SIN_EVENTO_SOFASCORE
m_1hvbqC,,2026-09-04,p_49U5oJ,Emiliano Ariel Rigoni,Belgrano,Huracán,VOL,,,,,,,,SIN_EVENTO_SOFASCORE,SIN_EVENTO_SOFASCORE
m_1hvbqC,,2026-09-04,p_3Boqdn,Francisco González Metilli,Belgrano,Huracán,VOL,,,,,,,,SIN_EVENTO_SOFASCORE,SIN_EVENTO_SOFASCORE
m_1hvbqC,,2026-09-04,p_4g8d1N,Franco Vázquez,Belgrano,Huracán,VOL,,,,,,,,SIN_EVENTO_SOFASCORE,SIN_EVENTO_SOFASCORE
m_1hvbqC,,2026-09-04,p_1hr765,Juan Velázquez,Belgrano,Huracán,VOL,,,,,,,,SIN_EVENTO_SOFASCORE,SIN_EVENTO_SOFASCORE
m_1hvbqC,,2026-09-04,p_3u6zLG,Leonardo Morales,Belgrano,Huracán,DEF,,,,,,,,SIN_EVENTO_SOFASCORE,SIN_EVENTO_SOFASCORE
m_1hvbqC,,2026-09-04,p_1x6fIA,Lisandro López,Belgrano,Huracán,DEF,,,,,,,,SIN_EVENTO_SOFASCORE,SIN_EVENTO_SOFASCORE
m_1hvbqC,,2026-09-04,p_3v2tAE,Lucas Zelarayán,Belgrano,Huracán,VOL,,,,,,,,SIN_EVENTO_SOFASCORE,SIN_EVENTO_SOFASCORE
m_1hvbqC,,2026-09-04,p_0FN6nM,Ramiro Hernandes,Belgrano,Huracán,VOL,,,,,,,,SIN_EVENTO_SOFASCORE,SIN_EVENTO_SOFASCORE
m_1hvbqC,,2026-09-04,p_2PNnZ9,Santiago Longo,Belgrano,Huracán,VOL,,,,,,,,SIN_EVENTO_SOFASCORE,SIN_EVENTO_SOFASCORE
m_1hvbqC,,2026-09-04,p_0ujJJG,Thiago Cardozo,Belgrano,Huracán,ARQ,,,,,,,,SIN_EVENTO_SOFASCORE,SIN_EVENTO_SOFASCORE
m_2MnXyo,,2026-09-05,p_1bUOsk,Alexis Steimbach,Gimnasia LP,Tigre,DEF,,,,,,,,SIN_EVENTO_SOFASCORE,SIN_EVENTO_SOFASCORE
m_2MnXyo,,2026-09-05,p_0xdX07,Bautista Barros Schelotto,Gimnasia LP,Tigre,DEF,,,,,,,,SIN_EVENTO_SOFASCORE,SIN_EVENTO_SOFASCORE
m_2MnXyo,,2026-09-05,p_40ubcR,Enzo Martínez,Gimnasia LP,Tigre,DEF,,,,,,,,SIN_EVENTO_SOFASCORE,SIN_EVENTO_SOFASCORE
m_2MnXyo,,2026-09-05,p_3mGP60,Germán Conti,Gimnasia LP,Tigre,DEF,,,,,,,,SIN_EVENTO_SOFASCORE,SIN_EVENTO_SOFASCORE
m_2MnXyo,,2026-09-05,p_15wJtA,Ignacio Fernández,Gimnasia LP,Tigre,VOL,,,,,,,,SIN_EVENTO_SOFASCORE,SIN_EVENTO_SOFASCORE
m_2MnXyo,,2026-09-05,p_2PDOYX,Ignacio Miramón,Gimnasia LP,Tigre,VOL,,,,,,,,SIN_EVENTO_SOFASCORE,SIN_EVENTO_SOFASCORE
m_2MnXyo,,2026-09-05,p_21agZ1,Mateo Seoane,Gimnasia LP,Tigre,VOL,,,,,,,,SIN_EVENTO_SOFASCORE,SIN_EVENTO_SOFASCORE
m_2MnXyo,,2026-09-05,p_3BlplQ,Matías Melluso,Gimnasia LP,Tigre,DEF,,,,,,,,SIN_EVENTO_SOFASCORE,SIN_EVENTO_SOFASCORE
m_2MnXyo,,2026-09-05,p_1CvIxl,Nelson Insfrán,Gimnasia LP,Tigre,ARQ,,,,,,,,SIN_EVENTO_SOFASCORE,SIN_EVENTO_SOFASCORE
m_2MnXyo,,2026-09-05,p_2ZvpgZ,Pedro Silva Torrejón,Gimnasia LP,Tigre,DEF,,,,,,,,SIN_EVENTO_SOFASCORE,SIN_EVENTO_SOFASCORE
m_4BLbJI,,2026-09-05,p_1VlIuF,Brian Andrada,Gimnasia Mendoza,Boca Juniors,VOL,,,,,,,,SIN_EVENTO_SOFASCORE,SIN_EVENTO_SOFASCORE
m_4BLbJI,,2026-09-05,p_3foBen,César Rigamonti,Gimnasia Mendoza,Boca Juniors,ARQ,,,,,,,,SIN_EVENTO_SOFASCORE,SIN_EVENTO_SOFASCORE
m_4BLbJI,,2026-09-05,p_4LMFQ0,Diego Mondino,Gimnasia Mendoza,Boca Juniors,DEF,,,,,,,,SIN_EVENTO_SOFASCORE,SIN_EVENTO_SOFASCORE
m_4BLbJI,,2026-09-05,p_1Iyu97,Esteban Fernández,Gimnasia Mendoza,Boca Juniors,VOL,,,,,,,,SIN_EVENTO_SOFASCORE,SIN_EVENTO_SOFASCORE
m_4BLbJI,,2026-09-05,p_2UZfm9,Ezequiel Muñoz,Gimnasia Mendoza,Boca Juniors,DEF,,,,,,,,SIN_EVENTO_SOFASCORE,SIN_EVENTO_SOFASCORE
m_4BLbJI,,2026-09-05,p_2ykUpy,Facundo Lencioni,Gimnasia Mendoza,Boca Juniors,VOL,,,,,,,,SIN_EVENTO_SOFASCORE,SIN_EVENTO_SOFASCORE
m_4BLbJI,,2026-09-05,p_1iogLn,Fermín Antonini,Gimnasia Mendoza,Boca Juniors,VOL,,,,,,,,SIN_EVENTO_SOFASCORE,SIN_EVENTO_SOFASCORE
m_4BLbJI,,2026-09-05,p_3yIku6,Ismael Cortéz,Gimnasia Mendoza,Boca Juniors,DEF,,,,,,,,SIN_EVENTO_SOFASCORE,SIN_EVENTO_SOFASCORE
m_4BLbJI,,2026-09-05,p_3oqT7Z,Luciano Paredes,Gimnasia Mendoza,Boca Juniors,DEF,,,,,,,,SIN_EVENTO_SOFASCORE,SIN_EVENTO_SOFASCORE
m_4BLbJI,,2026-09-05,p_1oAIvS,Matías Recalde,Gimnasia Mendoza,Boca Juniors,DEF,,,,,,,,SIN_EVENTO_SOFASCORE,SIN_EVENTO_SOFASCORE
m_4BLbJI,,2026-09-05,p_3gSMfS,Matías Vargas,Gimnasia Mendoza,Boca Juniors,VOL,,,,,,,,SIN_EVENTO_SOFASCORE,SIN_EVENTO_SOFASCORE
m_4BLbJI,,2026-09-05,p_2rHsQv,Nahuel Barboza,Gimnasia Mendoza,Boca Juniors,VOL,,,,,,,,SIN_EVENTO_SOFASCORE,SIN_EVENTO_SOFASCORE
m_4BLbJI,,2026-09-05,p_4OJPBH,Tomás O'Connor,Gimnasia Mendoza,Boca Juniors,VOL,,,,,,,,SIN_EVENTO_SOFASCORE,SIN_EVENTO_SOFASCORE
m_2ImO5V,,2026-09-05,p_23S3AO,Augusto Schott,Talleres,San Lorenzo,DEF,,,,,,,,SIN_EVENTO_SOFASCORE,SIN_EVENTO_SOFASCORE
m_2ImO5V,,2026-09-05,p_2HsKZ1,Ezequiel Unsain,Talleres,San Lorenzo,ARQ,,,,,,,,SIN_EVENTO_SOFASCORE,SIN_EVENTO_SOFASCORE
m_2ImO5V,,2026-09-05,p_3weO8u,Franco Cristaldo,Talleres,San Lorenzo,VOL,,,,,,,,SIN_EVENTO_SOFASCORE,SIN_EVENTO_SOFASCORE
m_2ImO5V,,2026-09-05,p_2usscp,Gabriel Báez,Talleres,San Lorenzo,DEF,,,,,,,,SIN_EVENTO_SOFASCORE,SIN_EVENTO_SOFASCORE
m_2ImO5V,,2026-09-05,p_209otm,Giovanni Baroni,Talleres,San Lorenzo,VOL,,,,,,,,SIN_EVENTO_SOFASCORE,SIN_EVENTO_SOFASCORE
m_2ImO5V,,2026-09-05,p_0tQtiw,Juan Sforza,Talleres,San Lorenzo,VOL,,,,,,,,SIN_EVENTO_SOFASCORE,SIN_EVENTO_SOFASCORE
m_2ImO5V,,2026-09-05,p_43mFql,Matías Catalán,Talleres,San Lorenzo,DEF,,,,,,,,SIN_EVENTO_SOFASCORE,SIN_EVENTO_SOFASCORE
m_2ImO5V,,2026-09-05,p_0zKhoP,Matías Galarza,Talleres,San Lorenzo,VOL,,,,,,,,SIN_EVENTO_SOFASCORE,SIN_EVENTO_SOFASCORE
m_2ImO5V,,2026-09-05,p_2nrS5l,Valentín Fascendini,Talleres,San Lorenzo,DEF,,,,,,,,SIN_EVENTO_SOFASCORE,SIN_EVENTO_SOFASCORE
m_1W1wwo,,2026-09-06,p_43Olsv,Alan Aguerre,Central Córdoba de Santiago,Independiente,ARQ,,,,,,,,SIN_EVENTO_SOFASCORE,SIN_EVENTO_SOFASCORE
m_1W1wwo,,2026-09-06,p_1j4h24,Alan Daian Laprida,Central Córdoba de Santiago,Independiente,VOL,,,,,,,,SIN_EVENTO_SOFASCORE,SIN_EVENTO_SOFASCORE
m_1W1wwo,,2026-09-06,p_2StpFV,Alejandro Maciel,Central Córdoba de Santiago,Independiente,DEF,,,,,,,,SIN_EVENTO_SOFASCORE,SIN_EVENTO_SOFASCORE
m_1W1wwo,,2026-09-06,p_16mEjs,Darío Cáceres,Central Córdoba de Santiago,Independiente,DEF,,,,,,,,SIN_EVENTO_SOFASCORE,SIN_EVENTO_SOFASCORE
m_1W1wwo,,2026-09-06,p_0ciPTe,Diego Barrera,Central Córdoba de Santiago,Independiente,VOL,,,,,,,,SIN_EVENTO_SOFASCORE,SIN_EVENTO_SOFASCORE
m_1W1wwo,,2026-09-06,p_0RVLhG,Ezequiel Naya,Central Córdoba de Santiago,Independiente,DEL,,,,,,,,SIN_EVENTO_SOFASCORE,SIN_EVENTO_SOFASCORE
m_1W1wwo,,2026-09-06,p_1KfXQ1,Facundo Mansilla Zahir,Central Córdoba de Santiago,Independiente,DEF,,,,,,,,SIN_EVENTO_SOFASCORE,SIN_EVENTO_SOFASCORE
m_1W1wwo,,2026-09-06,p_1K6Fr9,Fernando Martínez,Central Córdoba de Santiago,Independiente,DEF,,,,,,,,SIN_EVENTO_SOFASCORE,SIN_EVENTO_SOFASCORE
m_1W1wwo,,2026-09-06,p_444jRY,Horacio Tijanovich,Central Córdoba de Santiago,Independiente,VOL,,,,,,,,SIN_EVENTO_SOFASCORE,SIN_EVENTO_SOFASCORE
m_1W1wwo,,2026-09-06,p_4aWnwm,Leonardo Sequeira,Central Córdoba de Santiago,Independiente,DEL,,,,,,,,SIN_EVENTO_SOFASCORE,SIN_EVENTO_SOFASCORE
m_1W1wwo,,2026-09-06,p_0veUmD,Lucas González,Central Córdoba de Santiago,Independiente,VOL,,,,,,,,SIN_EVENTO_SOFASCORE,SIN_EVENTO_SOFASCORE
m_1W1wwo,,2026-09-06,p_2nfEM8,Marco Iacobellis,Central Córdoba de Santiago,Independiente,VOL,,,,,,,,SIN_EVENTO_SOFASCORE,SIN_EVENTO_SOFASCORE
m_1W1wwo,,2026-09-06,p_3XD5Nu,Matías Vera,Central Córdoba de Santiago,Independiente,VOL,,,,,,,,SIN_EVENTO_SOFASCORE,SIN_EVENTO_SOFASCORE
m_1W1wwo,,2026-09-06,p_3cMYiv,Santiago Moyano,Central Córdoba de Santiago,Independiente,DEF,,,,,,,,SIN_EVENTO_SOFASCORE,SIN_EVENTO_SOFASCORE
m_3kXmim,,2026-09-06,p_4FAIfZ,Alexis Castro,Estudiantes,Vélez Sarsfield,VOL,,,,,,,,SIN_EVENTO_SOFASCORE,SIN_EVENTO_SOFASCORE
m_3kXmim,,2026-09-06,p_0lXOYJ,Baltasar Rodríguez,Estudiantes,Vélez Sarsfield,VOL,,,,,,,,SIN_EVENTO_SOFASCORE,SIN_EVENTO_SOFASCORE
m_3kXmim,,2026-09-06,p_3NKnXO,Brian Aguirre,Estudiantes,Vélez Sarsfield,VOL,,,,,,,,SIN_EVENTO_SOFASCORE,SIN_EVENTO_SOFASCORE
m_3kXmim,,2026-09-06,p_2DQVsu,Eric Meza,Estudiantes,Vélez Sarsfield,DEF,,,,,,,,SIN_EVENTO_SOFASCORE,SIN_EVENTO_SOFASCORE
m_3kXmim,,2026-09-06,p_4drKzY,Ezequiel Piovi,Estudiantes,Vélez Sarsfield,VOL,,,,,,,,SIN_EVENTO_SOFASCORE,SIN_EVENTO_SOFASCORE
m_3kXmim,,2026-09-06,p_43Wo3u,Fernando Muslera,Estudiantes,Vélez Sarsfield,ARQ,,,,,,,,SIN_EVENTO_SOFASCORE,SIN_EVENTO_SOFASCORE
m_3kXmim,,2026-09-06,p_1E7ljC,Gabriel Neves,Estudiantes,Vélez Sarsfield,VOL,,,,,,,,SIN_EVENTO_SOFASCORE,SIN_EVENTO_SOFASCORE
m_3kXmim,,2026-09-06,p_4LoI3o,Gastón Benedetti,Estudiantes,Vélez Sarsfield,DEF,,,,,,,,SIN_EVENTO_SOFASCORE,SIN_EVENTO_SOFASCORE
m_3kXmim,,2026-09-06,p_4JGs42,Joaquín Correa,Estudiantes,Vélez Sarsfield,VOL,,,,,,,,SIN_EVENTO_SOFASCORE,SIN_EVENTO_SOFASCORE
m_3kXmim,,2026-09-06,p_10iCWI,Leandro González Pírez,Estudiantes,Vélez Sarsfield,DEF,,,,,,,,SIN_EVENTO_SOFASCORE,SIN_EVENTO_SOFASCORE
m_3kXmim,,2026-09-06,p_2ffBRo,Santiago Núñez,Estudiantes,Vélez Sarsfield,DEF,,,,,,,,SIN_EVENTO_SOFASCORE,SIN_EVENTO_SOFASCORE
m_3kXmim,,2026-09-06,p_1TPSrY,Tomás Palacios,Estudiantes,Vélez Sarsfield,DEF,,,,,,,,SIN_EVENTO_SOFASCORE,SIN_EVENTO_SOFASCORE
m_1W1wwo,,2026-09-06,p_4QT6ls,David Martínez,Independiente,Central Córdoba de Santiago,VOL,,,,,,,,SIN_EVENTO_SOFASCORE,SIN_EVENTO_SOFASCORE
m_1W1wwo,,2026-09-06,p_2ralsZ,Facundo Zabala,Independiente,Central Córdoba de Santiago,DEF,,,,,,,,SIN_EVENTO_SOFASCORE,SIN_EVENTO_SOFASCORE
m_1W1wwo,,2026-09-06,p_0nB8to,Felipe Tempone,Independiente,Central Córdoba de Santiago,DEL,,,,,,,,SIN_EVENTO_SOFASCORE,SIN_EVENTO_SOFASCORE
m_1W1wwo,,2026-09-06,p_4KU2ay,Franco Calderón,Independiente,Central Córdoba de Santiago,DEF,,,,,,,,SIN_EVENTO_SOFASCORE,SIN_EVENTO_SOFASCORE
m_1W1wwo,,2026-09-06,p_477cm1,Iván Marcone,Independiente,Central Córdoba de Santiago,VOL,,,,,,,,SIN_EVENTO_SOFASCORE,SIN_EVENTO_SOFASCORE
m_1W1wwo,,2026-09-06,p_3BqvxS,Josias Palais,Independiente,Central Córdoba de Santiago,VOL,,,,,,,,SIN_EVENTO_SOFASCORE,SIN_EVENTO_SOFASCORE
m_1W1wwo,,2026-09-06,p_1HqLta,Juan Fedorco,Independiente,Central Córdoba de Santiago,DEF,,,,,,,,SIN_EVENTO_SOFASCORE,SIN_EVENTO_SOFASCORE
m_1W1wwo,,2026-09-06,p_1OwbCC,Juan Miguel Arrayago,Independiente,Central Córdoba de Santiago,DEF,,,,,,,,SIN_EVENTO_SOFASCORE,SIN_EVENTO_SOFASCORE
m_1W1wwo,,2026-09-06,p_2Y5BPH,Leonardo Godoy,Independiente,Central Córdoba de Santiago,DEF,,,,,,,,SIN_EVENTO_SOFASCORE,SIN_EVENTO_SOFASCORE
m_1W1wwo,,2026-09-06,p_1vDFZe,Luciano Cabral,Independiente,Central Córdoba de Santiago,VOL,,,,,,,,SIN_EVENTO_SOFASCORE,SIN_EVENTO_SOFASCORE
m_1W1wwo,,2026-09-06,p_4eK1TZ,Mateo Pérez Curci,Independiente,Central Córdoba de Santiago,VOL,,,,,,,,SIN_EVENTO_SOFASCORE,SIN_EVENTO_SOFASCORE
m_1W1wwo,,2026-09-06,p_2l6eDm,Matías Abaldo,Independiente,Central Córdoba de Santiago,DEL,,,,,,,,SIN_EVENTO_SOFASCORE,SIN_EVENTO_SOFASCORE
m_1W1wwo,,2026-09-06,p_2BSeTF,Maximiliano Meza,Independiente,Central Córdoba de Santiago,VOL,,,,,,,,SIN_EVENTO_SOFASCORE,SIN_EVENTO_SOFASCORE
m_1W1wwo,,2026-09-06,p_0HtrYt,Ramiro Martino,Independiente,Central Córdoba de Santiago,DEF,,,,,,,,SIN_EVENTO_SOFASCORE,SIN_EVENTO_SOFASCORE
m_1W1wwo,,2026-09-06,p_3KLwFI,Rodrigo Rey,Independiente,Central Córdoba de Santiago,ARQ,,,,,,,,SIN_EVENTO_SOFASCORE,SIN_EVENTO_SOFASCORE
m_1W1wwo,,2026-09-06,p_2c9Jkj,Santiago Gabriel Montiel,Independiente,Central Córdoba de Santiago,VOL,,,,,,,,SIN_EVENTO_SOFASCORE,SIN_EVENTO_SOFASCORE
m_0NaY2x,,2026-09-06,p_3xub3o,Agustín Cardozo,Lanús,Defensa y Justicia,VOL,,,,,,,,SIN_EVENTO_SOFASCORE,SIN_EVENTO_SOFASCORE
m_0NaY2x,,2026-09-06,p_3dgI1a,Agustín Medina,Lanús,Defensa y Justicia,VOL,,,,,,,,SIN_EVENTO_SOFASCORE,SIN_EVENTO_SOFASCORE
m_0NaY2x,,2026-09-06,p_0pxwpN,Carlos Izquierdoz,Lanús,Defensa y Justicia,DEF,,,,,,,,SIN_EVENTO_SOFASCORE,SIN_EVENTO_SOFASCORE
m_0NaY2x,,2026-09-06,p_1Dr7TL,Eduardo Salvio,Lanús,Defensa y Justicia,VOL,,,,,,,,SIN_EVENTO_SOFASCORE,SIN_EVENTO_SOFASCORE
m_0NaY2x,,2026-09-06,p_4NdBtx,Felipe Peña Biafore,Lanús,Defensa y Justicia,VOL,,,,,,,,SIN_EVENTO_SOFASCORE,SIN_EVENTO_SOFASCORE
m_0NaY2x,,2026-09-06,p_45uQz6,Franco Watson,Lanús,Defensa y Justicia,VOL,,,,,,,,SIN_EVENTO_SOFASCORE,SIN_EVENTO_SOFASCORE
m_0NaY2x,,2026-09-06,p_2YLj3q,José Canale,Lanús,Defensa y Justicia,DEF,,,,,,,,SIN_EVENTO_SOFASCORE,SIN_EVENTO_SOFASCORE
m_0NaY2x,,2026-09-06,p_0MwF8F,Lucas Besozzi,Lanús,Defensa y Justicia,VOL,,,,,,,,SIN_EVENTO_SOFASCORE,SIN_EVENTO_SOFASCORE
m_0NaY2x,,2026-09-06,p_1R1UR4,Matías Sepúlveda,Lanús,Defensa y Justicia,VOL,,,,,,,,SIN_EVENTO_SOFASCORE,SIN_EVENTO_SOFASCORE
m_0NaY2x,,2026-09-06,p_4W6aiW,Nahuel Losada,Lanús,Defensa y Justicia,ARQ,,,,,,,,SIN_EVENTO_SOFASCORE,SIN_EVENTO_SOFASCORE
m_0NaY2x,,2026-09-06,p_3bNsap,Ramiro Carrera,Lanús,Defensa y Justicia,VOL,,,,,,,,SIN_EVENTO_SOFASCORE,SIN_EVENTO_SOFASCORE
m_0NaY2x,,2026-09-06,p_0YK7Rt,Sasha Marcich,Lanús,Defensa y Justicia,DEF,,,,,,,,SIN_EVENTO_SOFASCORE,SIN_EVENTO_SOFASCORE
m_0NaY2x,,2026-09-06,p_1Zygll,Tomás Ezequiel Guidara,Lanús,Defensa y Justicia,DEF,,,,,,,,SIN_EVENTO_SOFASCORE,SIN_EVENTO_SOFASCORE
m_0rPnpL,,2026-09-08,p_0t17ZI,Alex Luna,Instituto,Unión,DEL,,,,,,,,SIN_EVENTO_SOFASCORE,SIN_EVENTO_SOFASCORE
m_0rPnpL,,2026-09-08,p_39c8jY,Diego Sosa,Instituto,Unión,DEF,,,,,,,,SIN_EVENTO_SOFASCORE,SIN_EVENTO_SOFASCORE
m_0rPnpL,,2026-09-08,p_12xt1i,Facundo Suárez,Instituto,Unión,DEL,,,,,,,,SIN_EVENTO_SOFASCORE,SIN_EVENTO_SOFASCORE
m_0rPnpL,,2026-09-08,p_1qCu0J,Fernando Alarcón,Instituto,Unión,DEF,,,,,,,,SIN_EVENTO_SOFASCORE,SIN_EVENTO_SOFASCORE
m_0rPnpL,,2026-09-08,p_3I0XnJ,Giuliano Cerato,Instituto,Unión,VOL,,,,,,,,SIN_EVENTO_SOFASCORE,SIN_EVENTO_SOFASCORE
m_0rPnpL,,2026-09-08,p_287xJj,Gustavo Abregú,Instituto,Unión,VOL,,,,,,,,SIN_EVENTO_SOFASCORE,SIN_EVENTO_SOFASCORE
m_0rPnpL,,2026-09-08,p_2YgDN7,Hernán de la Fuente,Instituto,Unión,DEF,,,,,,,,SIN_EVENTO_SOFASCORE,SIN_EVENTO_SOFASCORE
m_0rPnpL,,2026-09-08,p_4T6aUk,Ignacio Méndez,Instituto,Unión,VOL,,,,,,,,SIN_EVENTO_SOFASCORE,SIN_EVENTO_SOFASCORE
m_0rPnpL,,2026-09-08,p_28dMyW,Jeremías Lázaro,Instituto,Unión,VOL,,,,,,,,SIN_EVENTO_SOFASCORE,SIN_EVENTO_SOFASCORE
m_0rPnpL,,2026-09-08,p_2AQDyY,Jhon Córdoba,Instituto,Unión,VOL,,,,,,,,SIN_EVENTO_SOFASCORE,SIN_EVENTO_SOFASCORE
m_0rPnpL,,2026-09-08,p_1xKto7,Jonathan Galván,Instituto,Unión,DEF,,,,,,,,SIN_EVENTO_SOFASCORE,SIN_EVENTO_SOFASCORE
m_0rPnpL,,2026-09-08,p_3x6Yqh,Leonel Mosevich,Instituto,Unión,DEF,,,,,,,,SIN_EVENTO_SOFASCORE,SIN_EVENTO_SOFASCORE
m_0rPnpL,,2026-09-08,p_3lQo2d,Marcos Ledesma,Instituto,Unión,ARQ,,,,,,,,SIN_EVENTO_SOFASCORE,SIN_EVENTO_SOFASCORE
m_0rPnpL,,2026-09-08,p_0s5hPU,Matías Gallardo,Instituto,Unión,VOL,,,,,,,,SIN_EVENTO_SOFASCORE,SIN_EVENTO_SOFASCORE
m_0rPnpL,,2026-09-08,p_4Dwu6c,Matías Tissera,Instituto,Unión,DEL,,,,,,,,SIN_EVENTO_SOFASCORE,SIN_EVENTO_SOFASCORE
m_0rPnpL,,2026-09-08,p_0Gnu2O,Nicolás Guerra,Instituto,Unión,DEL,,,,,,,,SIN_EVENTO_SOFASCORE,SIN_EVENTO_SOFASCORE
m_0rPnpL,,2026-09-08,p_43YxGe,Brahian Cuello,Unión,Instituto,VOL,,,,,,,,SIN_EVENTO_SOFASCORE,SIN_EVENTO_SOFASCORE
m_0rPnpL,,2026-09-08,p_3woyik,Cristian Alberto Tarragona,Unión,Instituto,DEL,,,,,,,,SIN_EVENTO_SOFASCORE,SIN_EVENTO_SOFASCORE
m_0rPnpL,,2026-09-08,p_0CHQCV,Emilio Giaccone,Unión,Instituto,VOL,,,,,,,,SIN_EVENTO_SOFASCORE,SIN_EVENTO_SOFASCORE
m_0rPnpL,,2026-09-08,p_1NZkbt,Eric Ramírez,Unión,Instituto,VOL,,,,,,,,SIN_EVENTO_SOFASCORE,SIN_EVENTO_SOFASCORE
m_0rPnpL,,2026-09-08,p_47bCwf,Ignacio Malcorra,Unión,Instituto,VOL,,,,,,,,SIN_EVENTO_SOFASCORE,SIN_EVENTO_SOFASCORE
m_0rPnpL,,2026-09-08,p_3BCNLl,Joaquín Mosqueira,Unión,Instituto,VOL,,,,,,,,SIN_EVENTO_SOFASCORE,SIN_EVENTO_SOFASCORE
m_0rPnpL,,2026-09-08,p_3c6pcI,Juan Pablo Ludueña,Unión,Instituto,DEF,,,,,,,,SIN_EVENTO_SOFASCORE,SIN_EVENTO_SOFASCORE
m_0rPnpL,,2026-09-08,p_4P8OoY,Juan Pintado,Unión,Instituto,DEF,,,,,,,,SIN_EVENTO_SOFASCORE,SIN_EVENTO_SOFASCORE
m_0rPnpL,,2026-09-08,p_2P4QLN,Lucas Ayala,Unión,Instituto,DEF,,,,,,,,SIN_EVENTO_SOFASCORE,SIN_EVENTO_SOFASCORE
m_0rPnpL,,2026-09-08,p_0ZgxsX,Lucas Menossi,Unión,Instituto,VOL,,,,,,,,SIN_EVENTO_SOFASCORE,SIN_EVENTO_SOFASCORE
m_0rPnpL,,2026-09-08,p_3ybBVT,Marcelo Estigarribia,Unión,Instituto,DEL,,,,,,,,SIN_EVENTO_SOFASCORE,SIN_EVENTO_SOFASCORE
m_0rPnpL,,2026-09-08,p_3rkznN,Mateo Peresutti,Unión,Instituto,VOL,,,,,,,,SIN_EVENTO_SOFASCORE,SIN_EVENTO_SOFASCORE
m_0rPnpL,,2026-09-08,p_0yyPLQ,Matías Mansilla,Unión,Instituto,ARQ,,,,,,,,SIN_EVENTO_SOFASCORE,SIN_EVENTO_SOFASCORE
m_0rPnpL,,2026-09-08,p_11jmli,Misael Aguirre,Unión,Instituto,VOL,,,,,,,,SIN_EVENTO_SOFASCORE,SIN_EVENTO_SOFASCORE
m_0rPnpL,,2026-09-08,p_4aqigz,Nazareno Fazzi,Unión,Instituto,DEF,,,,,,,,SIN_EVENTO_SOFASCORE,SIN_EVENTO_SOFASCORE
m_0rPnpL,,2026-09-08,p_2fE7Zw,Tomas Fagioli,Unión,Instituto,DEF,,,,,,,,SIN_EVENTO_SOFASCORE,SIN_EVENTO_SOFASCORE
m_0v5efb,,2026-09-11,p_1VlIuF,Brian Andrada,Gimnasia Mendoza,Defensa y Justicia,VOL,,,,,,,,SIN_EVENTO_SOFASCORE,SIN_EVENTO_SOFASCORE
m_0v5efb,,2026-09-11,p_3foBen,César Rigamonti,Gimnasia Mendoza,Defensa y Justicia,ARQ,,,,,,,,SIN_EVENTO_SOFASCORE,SIN_EVENTO_SOFASCORE
m_0v5efb,,2026-09-11,p_4LMFQ0,Diego Mondino,Gimnasia Mendoza,Defensa y Justicia,DEF,,,,,,,,SIN_EVENTO_SOFASCORE,SIN_EVENTO_SOFASCORE
m_0v5efb,,2026-09-11,p_1Iyu97,Esteban Fernández,Gimnasia Mendoza,Defensa y Justicia,VOL,,,,,,,,SIN_EVENTO_SOFASCORE,SIN_EVENTO_SOFASCORE
m_0v5efb,,2026-09-11,p_2UZfm9,Ezequiel Muñoz,Gimnasia Mendoza,Defensa y Justicia,DEF,,,,,,,,SIN_EVENTO_SOFASCORE,SIN_EVENTO_SOFASCORE
m_0v5efb,,2026-09-11,p_2ykUpy,Facundo Lencioni,Gimnasia Mendoza,Defensa y Justicia,VOL,,,,,,,,SIN_EVENTO_SOFASCORE,SIN_EVENTO_SOFASCORE
m_0v5efb,,2026-09-11,p_1iogLn,Fermín Antonini,Gimnasia Mendoza,Defensa y Justicia,VOL,,,,,,,,SIN_EVENTO_SOFASCORE,SIN_EVENTO_SOFASCORE
m_0v5efb,,2026-09-11,p_3oqT7Z,Luciano Paredes,Gimnasia Mendoza,Defensa y Justicia,DEF,,,,,,,,SIN_EVENTO_SOFASCORE,SIN_EVENTO_SOFASCORE
m_0v5efb,,2026-09-11,p_1oAIvS,Matías Recalde,Gimnasia Mendoza,Defensa y Justicia,DEF,,,,,,,,SIN_EVENTO_SOFASCORE,SIN_EVENTO_SOFASCORE
m_0v5efb,,2026-09-11,p_3gSMfS,Matías Vargas,Gimnasia Mendoza,Defensa y Justicia,VOL,,,,,,,,SIN_EVENTO_SOFASCORE,SIN_EVENTO_SOFASCORE
m_0v5efb,,2026-09-11,p_2rHsQv,Nahuel Barboza,Gimnasia Mendoza,Defensa y Justicia,VOL,,,,,,,,SIN_EVENTO_SOFASCORE,SIN_EVENTO_SOFASCORE
m_0v5efb,,2026-09-11,p_0ybyPC,Ulises Sánchez,Gimnasia Mendoza,Defensa y Justicia,VOL,,,,,,,,SIN_EVENTO_SOFASCORE,SIN_EVENTO_SOFASCORE
m_2HZGss,,2026-09-12,p_43Olsv,Alan Aguerre,Central Córdoba de Santiago,Boca Juniors,ARQ,,,,,,,,SIN_EVENTO_SOFASCORE,SIN_EVENTO_SOFASCORE
m_2HZGss,,2026-09-12,p_2StpFV,Alejandro Maciel,Central Córdoba de Santiago,Boca Juniors,DEF,,,,,,,,SIN_EVENTO_SOFASCORE,SIN_EVENTO_SOFASCORE
m_2HZGss,,2026-09-12,p_16mEjs,Darío Cáceres,Central Córdoba de Santiago,Boca Juniors,DEF,,,,,,,,SIN_EVENTO_SOFASCORE,SIN_EVENTO_SOFASCORE
m_2HZGss,,2026-09-12,p_0ciPTe,Diego Barrera,Central Córdoba de Santiago,Boca Juniors,VOL,,,,,,,,SIN_EVENTO_SOFASCORE,SIN_EVENTO_SOFASCORE
m_2HZGss,,2026-09-12,p_1KfXQ1,Facundo Mansilla Zahir,Central Córdoba de Santiago,Boca Juniors,DEF,,,,,,,,SIN_EVENTO_SOFASCORE,SIN_EVENTO_SOFASCORE
m_2HZGss,,2026-09-12,p_1K6Fr9,Fernando Martínez,Central Córdoba de Santiago,Boca Juniors,DEF,,,,,,,,SIN_EVENTO_SOFASCORE,SIN_EVENTO_SOFASCORE
m_2HZGss,,2026-09-12,p_444jRY,Horacio Tijanovich,Central Córdoba de Santiago,Boca Juniors,VOL,,,,,,,,SIN_EVENTO_SOFASCORE,SIN_EVENTO_SOFASCORE
m_2HZGss,,2026-09-12,p_4beE3s,Leonardo Marchi,Central Córdoba de Santiago,Boca Juniors,DEF,,,,,,,,SIN_EVENTO_SOFASCORE,SIN_EVENTO_SOFASCORE
m_2HZGss,,2026-09-12,p_0veUmD,Lucas González,Central Córdoba de Santiago,Boca Juniors,VOL,,,,,,,,SIN_EVENTO_SOFASCORE,SIN_EVENTO_SOFASCORE
m_2HZGss,,2026-09-12,p_2nfEM8,Marco Iacobellis,Central Córdoba de Santiago,Boca Juniors,VOL,,,,,,,,SIN_EVENTO_SOFASCORE,SIN_EVENTO_SOFASCORE
m_2HZGss,,2026-09-12,p_42f4P8,Martín Cuitiño,Central Córdoba de Santiago,Boca Juniors,DEF,,,,,,,,SIN_EVENTO_SOFASCORE,SIN_EVENTO_SOFASCORE
m_2HZGss,,2026-09-12,p_3XD5Nu,Matías Vera,Central Córdoba de Santiago,Boca Juniors,VOL,,,,,,,,SIN_EVENTO_SOFASCORE,SIN_EVENTO_SOFASCORE
m_2HZGss,,2026-09-12,p_3cMYiv,Santiago Moyano,Central Córdoba de Santiago,Boca Juniors,DEF,,,,,,,,SIN_EVENTO_SOFASCORE,SIN_EVENTO_SOFASCORE
m_2iSmoq,,2026-09-12,p_4FAIfZ,Alexis Castro,Estudiantes,Club Atlético Platense,VOL,,,,,,,,SIN_EVENTO_SOFASCORE,SIN_EVENTO_SOFASCORE
m_2iSmoq,,2026-09-12,p_2DQVsu,Eric Meza,Estudiantes,Club Atlético Platense,DEF,,,,,,,,SIN_EVENTO_SOFASCORE,SIN_EVENTO_SOFASCORE
m_2iSmoq,,2026-09-12,p_0wvzBl,Fabricio Iacovich,Estudiantes,Club Atlético Platense,ARQ,,,,,,,,SIN_EVENTO_SOFASCORE,SIN_EVENTO_SOFASCORE
m_2iSmoq,,2026-09-12,p_0UPCHl,Fabricio Pérez,Estudiantes,Club Atlético Platense,VOL,,,,,,,,SIN_EVENTO_SOFASCORE,SIN_EVENTO_SOFASCORE
m_2iSmoq,,2026-09-12,p_1E7ljC,Gabriel Neves,Estudiantes,Club Atlético Platense,VOL,,,,,,,,SIN_EVENTO_SOFASCORE,SIN_EVENTO_SOFASCORE
m_2iSmoq,,2026-09-12,p_4LoI3o,Gastón Benedetti,Estudiantes,Club Atlético Platense,DEF,,,,,,,,SIN_EVENTO_SOFASCORE,SIN_EVENTO_SOFASCORE
m_2iSmoq,,2026-09-12,p_444eWh,Jalil Elías,Estudiantes,Club Atlético Platense,VOL,,,,,,,,SIN_EVENTO_SOFASCORE,SIN_EVENTO_SOFASCORE
m_2iSmoq,,2026-09-12,p_4JGs42,Joaquín Correa,Estudiantes,Club Atlético Platense,VOL,,,,,,,,SIN_EVENTO_SOFASCORE,SIN_EVENTO_SOFASCORE
m_2iSmoq,,2026-09-12,p_3j26Fw,José Sosa,Estudiantes,Club Atlético Platense,VOL,,,,,,,,SIN_EVENTO_SOFASCORE,SIN_EVENTO_SOFASCORE
m_2iSmoq,,2026-09-12,p_10iCWI,Leandro González Pírez,Estudiantes,Club Atlético Platense,DEF,,,,,,,,SIN_EVENTO_SOFASCORE,SIN_EVENTO_SOFASCORE
m_2iSmoq,,2026-09-12,p_2ffBRo,Santiago Núñez,Estudiantes,Club Atlético Platense,DEF,,,,,,,,SIN_EVENTO_SOFASCORE,SIN_EVENTO_SOFASCORE
m_2iSmoq,,2026-09-12,p_0aKkyA,Valente Pierani,Estudiantes,Club Atlético Platense,DEF,,,,,,,,SIN_EVENTO_SOFASCORE,SIN_EVENTO_SOFASCORE
m_36N9w7,,2026-09-12,p_14TOcz,Agustín Álvarez,Talleres,Unión,DEL,,,,,,,,SIN_EVENTO_SOFASCORE,SIN_EVENTO_SOFASCORE
m_36N9w7,,2026-09-12,p_23S3AO,Augusto Schott,Talleres,Unión,DEF,,,,,,,,SIN_EVENTO_SOFASCORE,SIN_EVENTO_SOFASCORE
m_36N9w7,,2026-09-12,p_3tsAcU,Diego Valoyes,Talleres,Unión,DEL,,,,,,,,SIN_EVENTO_SOFASCORE,SIN_EVENTO_SOFASCORE
m_36N9w7,,2026-09-12,p_05SKXO,Emiliano Chiavassa,Talleres,Unión,DEL,,,,,,,,SIN_EVENTO_SOFASCORE,SIN_EVENTO_SOFASCORE
m_36N9w7,,2026-09-12,p_2HsKZ1,Ezequiel Unsain,Talleres,Unión,ARQ,,,,,,,,SIN_EVENTO_SOFASCORE,SIN_EVENTO_SOFASCORE
m_36N9w7,,2026-09-12,p_3mEDPS,Federico Fattori,Talleres,Unión,VOL,,,,,,,,SIN_EVENTO_SOFASCORE,SIN_EVENTO_SOFASCORE
m_36N9w7,,2026-09-12,p_3weO8u,Franco Cristaldo,Talleres,Unión,VOL,,,,,,,,SIN_EVENTO_SOFASCORE,SIN_EVENTO_SOFASCORE
m_36N9w7,,2026-09-12,p_2usscp,Gabriel Báez,Talleres,Unión,DEF,,,,,,,,SIN_EVENTO_SOFASCORE,SIN_EVENTO_SOFASCORE
m_36N9w7,,2026-09-12,p_209otm,Giovanni Baroni,Talleres,Unión,VOL,,,,,,,,SIN_EVENTO_SOFASCORE,SIN_EVENTO_SOFASCORE
m_36N9w7,,2026-09-12,p_0tQtiw,Juan Sforza,Talleres,Unión,VOL,,,,,,,,SIN_EVENTO_SOFASCORE,SIN_EVENTO_SOFASCORE
m_36N9w7,,2026-09-12,p_2l1GSH,Lautaro Ortíz,Talleres,Unión,VOL,,,,,,,,SIN_EVENTO_SOFASCORE,SIN_EVENTO_SOFASCORE
m_36N9w7,,2026-09-12,p_43mFql,Matías Catalán,Talleres,Unión,DEF,,,,,,,,SIN_EVENTO_SOFASCORE,SIN_EVENTO_SOFASCORE
m_36N9w7,,2026-09-12,p_3GiPCr,Rick,Talleres,Unión,DEL,,,,,,,,SIN_EVENTO_SOFASCORE,SIN_EVENTO_SOFASCORE
m_36N9w7,,2026-09-12,p_3mV8zU,Román Riquelme,Talleres,Unión,DEF,,,,,,,,SIN_EVENTO_SOFASCORE,SIN_EVENTO_SOFASCORE
m_36N9w7,,2026-09-12,p_1baCzH,Valentín Depietri,Talleres,Unión,DEL,,,,,,,,SIN_EVENTO_SOFASCORE,SIN_EVENTO_SOFASCORE
m_36N9w7,,2026-09-12,p_2mFTYm,Valentín Dávila,Talleres,Unión,DEL,,,,,,,,SIN_EVENTO_SOFASCORE,SIN_EVENTO_SOFASCORE
m_36N9w7,,2026-09-12,p_43YxGe,Brahian Cuello,Unión,Talleres,VOL,,,,,,,,SIN_EVENTO_SOFASCORE,SIN_EVENTO_SOFASCORE
m_36N9w7,,2026-09-12,p_2msaJ0,Bruno Pittón,Unión,Talleres,DEF,,,,,,,,SIN_EVENTO_SOFASCORE,SIN_EVENTO_SOFASCORE
m_36N9w7,,2026-09-12,p_0CHQCV,Emilio Giaccone,Unión,Talleres,VOL,,,,,,,,SIN_EVENTO_SOFASCORE,SIN_EVENTO_SOFASCORE
m_36N9w7,,2026-09-12,p_1NZkbt,Eric Ramírez,Unión,Talleres,VOL,,,,,,,,SIN_EVENTO_SOFASCORE,SIN_EVENTO_SOFASCORE
m_36N9w7,,2026-09-12,p_47bCwf,Ignacio Malcorra,Unión,Talleres,VOL,,,,,,,,SIN_EVENTO_SOFASCORE,SIN_EVENTO_SOFASCORE
m_36N9w7,,2026-09-12,p_3c6pcI,Juan Pablo Ludueña,Unión,Talleres,DEF,,,,,,,,SIN_EVENTO_SOFASCORE,SIN_EVENTO_SOFASCORE
m_36N9w7,,2026-09-12,p_4P8OoY,Juan Pintado,Unión,Talleres,DEF,,,,,,,,SIN_EVENTO_SOFASCORE,SIN_EVENTO_SOFASCORE
m_36N9w7,,2026-09-12,p_1h4yOi,Julián Palacios,Unión,Talleres,VOL,,,,,,,,SIN_EVENTO_SOFASCORE,SIN_EVENTO_SOFASCORE
m_36N9w7,,2026-09-12,p_2P4QLN,Lucas Ayala,Unión,Talleres,DEF,,,,,,,,SIN_EVENTO_SOFASCORE,SIN_EVENTO_SOFASCORE
m_36N9w7,,2026-09-12,p_0ZgxsX,Lucas Menossi,Unión,Talleres,VOL,,,,,,,,SIN_EVENTO_SOFASCORE,SIN_EVENTO_SOFASCORE
m_36N9w7,,2026-09-12,p_3ybBVT,Marcelo Estigarribia,Unión,Talleres,DEL,,,,,,,,SIN_EVENTO_SOFASCORE,SIN_EVENTO_SOFASCORE
m_36N9w7,,2026-09-12,p_0yyPLQ,Matías Mansilla,Unión,Talleres,ARQ,,,,,,,,SIN_EVENTO_SOFASCORE,SIN_EVENTO_SOFASCORE
m_36N9w7,,2026-09-12,p_2N5L7Q,Mauro Luna Diale,Unión,Talleres,VOL,,,,,,,,SIN_EVENTO_SOFASCORE,SIN_EVENTO_SOFASCORE
m_36N9w7,,2026-09-12,p_11jmli,Misael Aguirre,Unión,Talleres,VOL,,,,,,,,SIN_EVENTO_SOFASCORE,SIN_EVENTO_SOFASCORE
m_36N9w7,,2026-09-12,p_2fE7Zw,Tomas Fagioli,Unión,Talleres,DEF,,,,,,,,SIN_EVENTO_SOFASCORE,SIN_EVENTO_SOFASCORE
m_36N9w7,,2026-09-12,p_2yQG0l,Valentín Cerrudo,Unión,Talleres,DEL,,,,,,,,SIN_EVENTO_SOFASCORE,SIN_EVENTO_SOFASCORE
m_0ZigWJ,,2026-09-13,p_4Mszzs,Adrián Spörle,Belgrano,Sarmiento,DEF,,,,,,,,SIN_EVENTO_SOFASCORE,SIN_EVENTO_SOFASCORE
m_0ZigWJ,,2026-09-13,p_1EMq3A,Alcides Benítez,Belgrano,Sarmiento,DEF,,,,,,,,SIN_EVENTO_SOFASCORE,SIN_EVENTO_SOFASCORE
m_0ZigWJ,,2026-09-13,p_49U5oJ,Emiliano Ariel Rigoni,Belgrano,Sarmiento,VOL,,,,,,,,SIN_EVENTO_SOFASCORE,SIN_EVENTO_SOFASCORE
m_0ZigWJ,,2026-09-13,p_4OBdka,Federico Ricca,Belgrano,Sarmiento,DEF,,,,,,,,SIN_EVENTO_SOFASCORE,SIN_EVENTO_SOFASCORE
m_0ZigWJ,,2026-09-13,p_3Boqdn,Francisco González Metilli,Belgrano,Sarmiento,VOL,,,,,,,,SIN_EVENTO_SOFASCORE,SIN_EVENTO_SOFASCORE
m_0ZigWJ,,2026-09-13,p_4g8d1N,Franco Vázquez,Belgrano,Sarmiento,VOL,,,,,,,,SIN_EVENTO_SOFASCORE,SIN_EVENTO_SOFASCORE
m_0ZigWJ,,2026-09-13,p_1lrNAx,Lautaro Gutierrez,Belgrano,Sarmiento,VOL,,,,,,,,SIN_EVENTO_SOFASCORE,SIN_EVENTO_SOFASCORE
m_0ZigWJ,,2026-09-13,p_3u6zLG,Leonardo Morales,Belgrano,Sarmiento,DEF,,,,,,,,SIN_EVENTO_SOFASCORE,SIN_EVENTO_SOFASCORE
m_0ZigWJ,,2026-09-13,p_1x6fIA,Lisandro López,Belgrano,Sarmiento,DEF,,,,,,,,SIN_EVENTO_SOFASCORE,SIN_EVENTO_SOFASCORE
m_0ZigWJ,,2026-09-13,p_3v2tAE,Lucas Zelarayán,Belgrano,Sarmiento,VOL,,,,,,,,SIN_EVENTO_SOFASCORE,SIN_EVENTO_SOFASCORE
m_0ZigWJ,,2026-09-13,p_0FN6nM,Ramiro Hernandes,Belgrano,Sarmiento,VOL,,,,,,,,SIN_EVENTO_SOFASCORE,SIN_EVENTO_SOFASCORE
m_0ZigWJ,,2026-09-13,p_2PNnZ9,Santiago Longo,Belgrano,Sarmiento,VOL,,,,,,,,SIN_EVENTO_SOFASCORE,SIN_EVENTO_SOFASCORE
m_0ZigWJ,,2026-09-13,p_0ujJJG,Thiago Cardozo,Belgrano,Sarmiento,ARQ,,,,,,,,SIN_EVENTO_SOFASCORE,SIN_EVENTO_SOFASCORE
m_2tVeMD,,2026-09-13,p_1bUOsk,Alexis Steimbach,Gimnasia LP,Argentinos Juniors,DEF,,,,,,,,SIN_EVENTO_SOFASCORE,SIN_EVENTO_SOFASCORE
m_2tVeMD,,2026-09-13,p_0xdX07,Bautista Barros Schelotto,Gimnasia LP,Argentinos Juniors,DEF,,,,,,,,SIN_EVENTO_SOFASCORE,SIN_EVENTO_SOFASCORE
m_2tVeMD,,2026-09-13,p_40ubcR,Enzo Martínez,Gimnasia LP,Argentinos Juniors,DEF,,,,,,,,SIN_EVENTO_SOFASCORE,SIN_EVENTO_SOFASCORE
m_2tVeMD,,2026-09-13,p_3mGP60,Germán Conti,Gimnasia LP,Argentinos Juniors,DEF,,,,,,,,SIN_EVENTO_SOFASCORE,SIN_EVENTO_SOFASCORE
m_2tVeMD,,2026-09-13,p_15wJtA,Ignacio Fernández,Gimnasia LP,Argentinos Juniors,VOL,,,,,,,,SIN_EVENTO_SOFASCORE,SIN_EVENTO_SOFASCORE
m_2tVeMD,,2026-09-13,p_2PDOYX,Ignacio Miramón,Gimnasia LP,Argentinos Juniors,VOL,,,,,,,,SIN_EVENTO_SOFASCORE,SIN_EVENTO_SOFASCORE
m_2tVeMD,,2026-09-13,p_21agZ1,Mateo Seoane,Gimnasia LP,Argentinos Juniors,VOL,,,,,,,,SIN_EVENTO_SOFASCORE,SIN_EVENTO_SOFASCORE
m_2tVeMD,,2026-09-13,p_1CvIxl,Nelson Insfrán,Gimnasia LP,Argentinos Juniors,ARQ,,,,,,,,SIN_EVENTO_SOFASCORE,SIN_EVENTO_SOFASCORE
m_2tVeMD,,2026-09-13,p_2ZvpgZ,Pedro Silva Torrejón,Gimnasia LP,Argentinos Juniors,DEF,,,,,,,,SIN_EVENTO_SOFASCORE,SIN_EVENTO_SOFASCORE
m_2tVeMD,,2026-09-13,p_0URNSN,Renzo Giampaoli,Gimnasia LP,Argentinos Juniors,DEF,,,,,,,,SIN_EVENTO_SOFASCORE,SIN_EVENTO_SOFASCORE
m_0XqwtQ,,2026-09-13,p_4QT6ls,David Martínez,Independiente,San Lorenzo,VOL,,,,,,,,SIN_EVENTO_SOFASCORE,SIN_EVENTO_SOFASCORE
m_0XqwtQ,,2026-09-13,p_2ralsZ,Facundo Zabala,Independiente,San Lorenzo,DEF,,,,,,,,SIN_EVENTO_SOFASCORE,SIN_EVENTO_SOFASCORE
m_0XqwtQ,,2026-09-13,p_477cm1,Iván Marcone,Independiente,San Lorenzo,VOL,,,,,,,,SIN_EVENTO_SOFASCORE,SIN_EVENTO_SOFASCORE
m_0XqwtQ,,2026-09-13,p_3BqvxS,Josias Palais,Independiente,San Lorenzo,VOL,,,,,,,,SIN_EVENTO_SOFASCORE,SIN_EVENTO_SOFASCORE
m_0XqwtQ,,2026-09-13,p_1HqLta,Juan Fedorco,Independiente,San Lorenzo,DEF,,,,,,,,SIN_EVENTO_SOFASCORE,SIN_EVENTO_SOFASCORE
m_0XqwtQ,,2026-09-13,p_1OwbCC,Juan Miguel Arrayago,Independiente,San Lorenzo,DEF,,,,,,,,SIN_EVENTO_SOFASCORE,SIN_EVENTO_SOFASCORE
m_0XqwtQ,,2026-09-13,p_2GcFwZ,Lautaro Millán,Independiente,San Lorenzo,VOL,,,,,,,,SIN_EVENTO_SOFASCORE,SIN_EVENTO_SOFASCORE
m_0XqwtQ,,2026-09-13,p_2Y5BPH,Leonardo Godoy,Independiente,San Lorenzo,DEF,,,,,,,,SIN_EVENTO_SOFASCORE,SIN_EVENTO_SOFASCORE
m_0XqwtQ,,2026-09-13,p_4eK1TZ,Mateo Pérez Curci,Independiente,San Lorenzo,VOL,,,,,,,,SIN_EVENTO_SOFASCORE,SIN_EVENTO_SOFASCORE
m_0XqwtQ,,2026-09-13,p_2BSeTF,Maximiliano Meza,Independiente,San Lorenzo,VOL,,,,,,,,SIN_EVENTO_SOFASCORE,SIN_EVENTO_SOFASCORE
m_0XqwtQ,,2026-09-13,p_3KLwFI,Rodrigo Rey,Independiente,San Lorenzo,ARQ,,,,,,,,SIN_EVENTO_SOFASCORE,SIN_EVENTO_SOFASCORE
m_0XqwtQ,,2026-09-13,p_2c9Jkj,Santiago Gabriel Montiel,Independiente,San Lorenzo,VOL,,,,,,,,SIN_EVENTO_SOFASCORE,SIN_EVENTO_SOFASCORE
m_0AnTKr,,2026-09-14,p_3xub3o,Agustín Cardozo,Lanús,Deportivo Riestra,VOL,,,,,,,,SIN_EVENTO_SOFASCORE,SIN_EVENTO_SOFASCORE
m_2vy6Yj,,2026-09-14,p_3xub3o,Agustín Cardozo,Lanús,Deportivo Riestra,VOL,,,,,,,,SIN_EVENTO_SOFASCORE,SIN_EVENTO_SOFASCORE
m_0AnTKr,,2026-09-14,p_3dgI1a,Agustín Medina,Lanús,Deportivo Riestra,VOL,,,,,,,,SIN_EVENTO_SOFASCORE,SIN_EVENTO_SOFASCORE
m_2vy6Yj,,2026-09-14,p_3dgI1a,Agustín Medina,Lanús,Deportivo Riestra,VOL,,,,,,,,SIN_EVENTO_SOFASCORE,SIN_EVENTO_SOFASCORE
m_0AnTKr,,2026-09-14,p_0pxwpN,Carlos Izquierdoz,Lanús,Deportivo Riestra,DEF,,,,,,,,SIN_EVENTO_SOFASCORE,SIN_EVENTO_SOFASCORE
m_2vy6Yj,,2026-09-14,p_0pxwpN,Carlos Izquierdoz,Lanús,Deportivo Riestra,DEF,,,,,,,,SIN_EVENTO_SOFASCORE,SIN_EVENTO_SOFASCORE
m_0AnTKr,,2026-09-14,p_1Dr7TL,Eduardo Salvio,Lanús,Deportivo Riestra,VOL,,,,,,,,SIN_EVENTO_SOFASCORE,SIN_EVENTO_SOFASCORE
m_2vy6Yj,,2026-09-14,p_1Dr7TL,Eduardo Salvio,Lanús,Deportivo Riestra,VOL,,,,,,,,SIN_EVENTO_SOFASCORE,SIN_EVENTO_SOFASCORE
m_0AnTKr,,2026-09-14,p_4NdBtx,Felipe Peña Biafore,Lanús,Deportivo Riestra,VOL,,,,,,,,SIN_EVENTO_SOFASCORE,SIN_EVENTO_SOFASCORE
m_2vy6Yj,,2026-09-14,p_4NdBtx,Felipe Peña Biafore,Lanús,Deportivo Riestra,VOL,,,,,,,,SIN_EVENTO_SOFASCORE,SIN_EVENTO_SOFASCORE
m_0AnTKr,,2026-09-14,p_45uQz6,Franco Watson,Lanús,Deportivo Riestra,VOL,,,,,,,,SIN_EVENTO_SOFASCORE,SIN_EVENTO_SOFASCORE
m_2vy6Yj,,2026-09-14,p_45uQz6,Franco Watson,Lanús,Deportivo Riestra,VOL,,,,,,,,SIN_EVENTO_SOFASCORE,SIN_EVENTO_SOFASCORE
m_0AnTKr,,2026-09-14,p_1va0ir,Gonzalo Pérez,Lanús,Deportivo Riestra,DEF,,,,,,,,SIN_EVENTO_SOFASCORE,SIN_EVENTO_SOFASCORE
m_2vy6Yj,,2026-09-14,p_1va0ir,Gonzalo Pérez,Lanús,Deportivo Riestra,DEF,,,,,,,,SIN_EVENTO_SOFASCORE,SIN_EVENTO_SOFASCORE
m_0AnTKr,,2026-09-14,p_2YLj3q,José Canale,Lanús,Deportivo Riestra,DEF,,,,,,,,SIN_EVENTO_SOFASCORE,SIN_EVENTO_SOFASCORE
m_2vy6Yj,,2026-09-14,p_2YLj3q,José Canale,Lanús,Deportivo Riestra,DEF,,,,,,,,SIN_EVENTO_SOFASCORE,SIN_EVENTO_SOFASCORE
m_0AnTKr,,2026-09-14,p_0MwF8F,Lucas Besozzi,Lanús,Deportivo Riestra,VOL,,,,,,,,SIN_EVENTO_SOFASCORE,SIN_EVENTO_SOFASCORE
m_2vy6Yj,,2026-09-14,p_0MwF8F,Lucas Besozzi,Lanús,Deportivo Riestra,VOL,,,,,,,,SIN_EVENTO_SOFASCORE,SIN_EVENTO_SOFASCORE
m_0AnTKr,,2026-09-14,p_1R1UR4,Matías Sepúlveda,Lanús,Deportivo Riestra,VOL,,,,,,,,SIN_EVENTO_SOFASCORE,SIN_EVENTO_SOFASCORE
m_2vy6Yj,,2026-09-14,p_1R1UR4,Matías Sepúlveda,Lanús,Deportivo Riestra,VOL,,,,,,,,SIN_EVENTO_SOFASCORE,SIN_EVENTO_SOFASCORE
m_0AnTKr,,2026-09-14,p_4W6aiW,Nahuel Losada,Lanús,Deportivo Riestra,ARQ,,,,,,,,SIN_EVENTO_SOFASCORE,SIN_EVENTO_SOFASCORE
m_2vy6Yj,,2026-09-14,p_4W6aiW,Nahuel Losada,Lanús,Deportivo Riestra,ARQ,,,,,,,,SIN_EVENTO_SOFASCORE,SIN_EVENTO_SOFASCORE
m_0AnTKr,,2026-09-14,p_37cT31,Ronaldo Dejesús,Lanús,Deportivo Riestra,DEF,,,,,,,,SIN_EVENTO_SOFASCORE,SIN_EVENTO_SOFASCORE
m_2vy6Yj,,2026-09-14,p_37cT31,Ronaldo Dejesús,Lanús,Deportivo Riestra,DEF,,,,,,,,SIN_EVENTO_SOFASCORE,SIN_EVENTO_SOFASCORE
m_0AnTKr,,2026-09-14,p_0YK7Rt,Sasha Marcich,Lanús,Deportivo Riestra,DEF,,,,,,,,SIN_EVENTO_SOFASCORE,SIN_EVENTO_SOFASCORE
m_2vy6Yj,,2026-09-14,p_0YK7Rt,Sasha Marcich,Lanús,Deportivo Riestra,DEF,,,,,,,,SIN_EVENTO_SOFASCORE,SIN_EVENTO_SOFASCORE
m_1qj0Vv,,2026-09-15,p_0kjymf,Agustín Massaccesi,Instituto,Estudiantes de Río Cuarto,DEF,,,,,,,,SIN_EVENTO_SOFASCORE,SIN_EVENTO_SOFASCORE
m_47lc7V,,2026-09-15,p_0kjymf,Agustín Massaccesi,Instituto,Estudiantes de Río Cuarto,DEF,,,,,,,,SIN_EVENTO_SOFASCORE,SIN_EVENTO_SOFASCORE
m_1qj0Vv,,2026-09-15,p_39c8jY,Diego Sosa,Instituto,Estudiantes de Río Cuarto,DEF,,,,,,,,SIN_EVENTO_SOFASCORE,SIN_EVENTO_SOFASCORE
m_47lc7V,,2026-09-15,p_39c8jY,Diego Sosa,Instituto,Estudiantes de Río Cuarto,DEF,,,,,,,,SIN_EVENTO_SOFASCORE,SIN_EVENTO_SOFASCORE
m_1qj0Vv,,2026-09-15,p_1qCu0J,Fernando Alarcón,Instituto,Estudiantes de Río Cuarto,DEF,,,,,,,,SIN_EVENTO_SOFASCORE,SIN_EVENTO_SOFASCORE
m_47lc7V,,2026-09-15,p_1qCu0J,Fernando Alarcón,Instituto,Estudiantes de Río Cuarto,DEF,,,,,,,,SIN_EVENTO_SOFASCORE,SIN_EVENTO_SOFASCORE
m_1qj0Vv,,2026-09-15,p_3I0XnJ,Giuliano Cerato,Instituto,Estudiantes de Río Cuarto,VOL,,,,,,,,SIN_EVENTO_SOFASCORE,SIN_EVENTO_SOFASCORE
m_47lc7V,,2026-09-15,p_3I0XnJ,Giuliano Cerato,Instituto,Estudiantes de Río Cuarto,VOL,,,,,,,,SIN_EVENTO_SOFASCORE,SIN_EVENTO_SOFASCORE
m_1qj0Vv,,2026-09-15,p_287xJj,Gustavo Abregú,Instituto,Estudiantes de Río Cuarto,VOL,,,,,,,,SIN_EVENTO_SOFASCORE,SIN_EVENTO_SOFASCORE
m_47lc7V,,2026-09-15,p_287xJj,Gustavo Abregú,Instituto,Estudiantes de Río Cuarto,VOL,,,,,,,,SIN_EVENTO_SOFASCORE,SIN_EVENTO_SOFASCORE
m_1qj0Vv,,2026-09-15,p_4T6aUk,Ignacio Méndez,Instituto,Estudiantes de Río Cuarto,VOL,,,,,,,,SIN_EVENTO_SOFASCORE,SIN_EVENTO_SOFASCORE
m_47lc7V,,2026-09-15,p_4T6aUk,Ignacio Méndez,Instituto,Estudiantes de Río Cuarto,VOL,,,,,,,,SIN_EVENTO_SOFASCORE,SIN_EVENTO_SOFASCORE
m_1qj0Vv,,2026-09-15,p_28dMyW,Jeremías Lázaro,Instituto,Estudiantes de Río Cuarto,VOL,,,,,,,,SIN_EVENTO_SOFASCORE,SIN_EVENTO_SOFASCORE
m_47lc7V,,2026-09-15,p_28dMyW,Jeremías Lázaro,Instituto,Estudiantes de Río Cuarto,VOL,,,,,,,,SIN_EVENTO_SOFASCORE,SIN_EVENTO_SOFASCORE
m_1qj0Vv,,2026-09-15,p_2AQDyY,Jhon Córdoba,Instituto,Estudiantes de Río Cuarto,VOL,,,,,,,,SIN_EVENTO_SOFASCORE,SIN_EVENTO_SOFASCORE
m_47lc7V,,2026-09-15,p_2AQDyY,Jhon Córdoba,Instituto,Estudiantes de Río Cuarto,VOL,,,,,,,,SIN_EVENTO_SOFASCORE,SIN_EVENTO_SOFASCORE
m_1qj0Vv,,2026-09-15,p_1xKto7,Jonathan Galván,Instituto,Estudiantes de Río Cuarto,DEF,,,,,,,,SIN_EVENTO_SOFASCORE,SIN_EVENTO_SOFASCORE
m_47lc7V,,2026-09-15,p_1xKto7,Jonathan Galván,Instituto,Estudiantes de Río Cuarto,DEF,,,,,,,,SIN_EVENTO_SOFASCORE,SIN_EVENTO_SOFASCORE
m_1qj0Vv,,2026-09-15,p_1JEoJq,Jonás Acevedo,Instituto,Estudiantes de Río Cuarto,VOL,,,,,,,,SIN_EVENTO_SOFASCORE,SIN_EVENTO_SOFASCORE
m_47lc7V,,2026-09-15,p_1JEoJq,Jonás Acevedo,Instituto,Estudiantes de Río Cuarto,VOL,,,,,,,,SIN_EVENTO_SOFASCORE,SIN_EVENTO_SOFASCORE
m_1qj0Vv,,2026-09-15,p_3x6Yqh,Leonel Mosevich,Instituto,Estudiantes de Río Cuarto,DEF,,,,,,,,SIN_EVENTO_SOFASCORE,SIN_EVENTO_SOFASCORE
m_47lc7V,,2026-09-15,p_3x6Yqh,Leonel Mosevich,Instituto,Estudiantes de Río Cuarto,DEF,,,,,,,,SIN_EVENTO_SOFASCORE,SIN_EVENTO_SOFASCORE
m_1qj0Vv,,2026-09-15,p_3lQo2d,Marcos Ledesma,Instituto,Estudiantes de Río Cuarto,ARQ,,,,,,,,SIN_EVENTO_SOFASCORE,SIN_EVENTO_SOFASCORE
m_47lc7V,,2026-09-15,p_3lQo2d,Marcos Ledesma,Instituto,Estudiantes de Río Cuarto,ARQ,,,,,,,,SIN_EVENTO_SOFASCORE,SIN_EVENTO_SOFASCORE
